t_consume_ns,t_rx_ns,src,dst,seq,t_gen_ns,outcome
18000000,17723779,1,2,0,10000000,applied
36000000,34613074,0,1,0,0,applied
42000000,41066119,0,2,0,0,applied
44000000,42123080,1,0,0,10000000,applied
44000000,43045710,2,0,0,20000000,applied
66000000,65941982,2,1,0,20000000,applied
110000000,109940171,0,2,1,100000000,applied
144000000,143350443,1,0,1,110000000,applied
144000000,143579969,0,1,1,100000000,applied
146000000,145683563,1,2,1,110000000,applied
148000000,146403384,2,1,1,120000000,applied
162000000,161259261,2,0,1,120000000,applied
210000000,208467255,0,2,2,200000000,applied
218000000,217903239,1,2,2,210000000,applied
234000000,232237498,0,1,2,200000000,applied
234000000,232595382,2,0,2,220000000,applied
246000000,245390108,1,0,2,210000000,applied
252000000,250987943,2,1,2,220000000,applied
304000000,302363372,0,2,3,300000000,applied
342000000,341127604,0,1,3,300000000,applied
344000000,343270483,1,0,3,310000000,applied
346000000,345186627,1,2,3,310000000,applied
348000000,347803809,2,0,3,320000000,applied
366000000,364428326,2,1,3,320000000,applied
410000000,408641402,0,2,4,400000000,applied
414000000,413221922,0,1,4,400000000,applied
436000000,435316403,1,0,4,410000000,applied
446000000,444044464,1,2,4,410000000,applied
464000000,462148925,2,0,4,420000000,applied
466000000,464175510,2,1,4,420000000,applied
506000000,505164105,0,1,5,500000000,applied
508000000,507239544,0,2,5,500000000,applied
522000000,521827059,1,2,5,510000000,applied
526000000,524400344,2,0,5,520000000,applied
552000000,550343980,1,0,5,510000000,applied
570000000,568726127,2,1,5,520000000,applied
614000000,613963943,1,2,6,610000000,applied
626000000,625511710,1,0,6,610000000,applied
628000000,627733837,0,1,6,600000000,applied
634000000,632882841,2,0,6,620000000,applied
642000000,641843798,0,2,6,600000000,applied
652000000,651418478,2,1,6,620000000,applied
716000000,714143915,1,0,7,710000000,applied
724000000,722867041,2,0,7,720000000,applied
728000000,726955026,0,1,7,700000000,applied
728000000,727980657,1,2,7,710000000,applied
732000000,730854133,0,2,7,700000000,applied
772000000,770318866,2,1,7,720000000,applied
802000000,800897017,0,2,8,800000000,applied
818000000,816064915,0,1,8,800000000,applied
846000000,845744893,2,1,8,820000000,applied
854000000,853780532,2,0,8,820000000,applied
856000000,854837714,1,0,8,810000000,applied
862000000,860312046,1,2,8,810000000,applied
916000000,915286686,0,1,9,900000000,applied
916000000,915415566,1,0,9,910000000,applied
916000000,915832866,1,2,9,910000000,applied
934000000,932826202,0,2,9,900000000,applied
938000000,937965479,2,1,9,920000000,applied
944000000,943468960,2,0,9,920000000,applied
1012000000,1010489072,0,1,10,1000000000,applied
1036000000,1034792661,0,2,10,1000000000,applied
1038000000,1036684926,1,0,10,1010000000,applied
1040000000,1039526105,1,2,10,1010000000,applied
1056000000,1055431655,2,0,10,1020000000,applied
1066000000,1065740061,2,1,10,1020000000,applied
1116000000,1114850033,0,1,11,1100000000,applied
1120000000,1118433321,0,2,11,1100000000,applied
1124000000,1122382556,2,0,11,1120000000,applied
1136000000,1134799470,2,1,11,1120000000,applied
1142000000,1141350096,1,2,11,1110000000,applied
1152000000,1151391623,1,0,11,1110000000,applied
1202000000,1200473733,0,1,12,1200000000,applied
1218000000,1216363745,1,2,12,1210000000,applied
1240000000,1239169162,2,1,12,1220000000,applied
1244000000,1242104825,0,2,12,1200000000,applied
1252000000,1250743252,1,0,12,1210000000,applied
1266000000,1265265424,2,0,12,1220000000,applied
1316000000,1314652661,0,1,13,1300000000,applied
1326000000,1324037806,0,2,13,1300000000,applied
1342000000,1340322904,1,2,13,1310000000,applied
1348000000,1346626747,1,0,13,1310000000,applied
1352000000,1351513624,2,1,13,1320000000,applied
1360000000,1358617395,2,0,13,1320000000,applied
1402000000,1401151022,0,1,14,1400000000,applied
1414000000,1412786081,0,2,14,1400000000,applied
1426000000,1425462592,1,0,14,1410000000,applied
1432000000,1430675582,2,1,14,1420000000,applied
1436000000,1434074530,2,0,14,1420000000,applied
1458000000,1456594632,1,2,14,1410000000,applied
1522000000,1521033761,2,1,15,1520000000,applied
1522000000,1521480661,0,1,15,1500000000,applied
1524000000,1522089419,1,0,15,1510000000,applied
1524000000,1522166608,0,2,15,1500000000,applied
1530000000,1529835183,1,2,15,1510000000,applied
1550000000,1548732622,2,0,15,1520000000,applied
1618000000,1617046281,1,2,16,1610000000,applied
1618000000,1617326932,1,0,16,1610000000,applied
1624000000,1622418176,0,2,16,1600000000,applied
1626000000,1625495494,0,1,16,1600000000,applied
1632000000,1630299138,2,0,16,1620000000,applied
1662000000,1660742801,2,1,16,1620000000,applied
1704000000,1703335360,0,1,17,1700000000,applied
1706000000,1705777246,0,2,17,1700000000,applied
1724000000,1723797966,1,2,17,1710000000,applied
1726000000,1725942151,2,0,17,1720000000,applied
1748000000,1746585287,1,0,17,1710000000,applied
1758000000,1756372846,2,1,17,1720000000,applied
1806000000,1804258784,0,2,18,1800000000,applied
1828000000,1827280110,0,1,18,1800000000,applied
1846000000,1844570357,2,0,18,1820000000,applied
1856000000,1855296814,1,0,18,1810000000,applied
1862000000,1860162246,1,2,18,1810000000,applied
1870000000,1869361135,2,1,18,1820000000,applied
1922000000,1920396788,0,1,19,1900000000,applied
1924000000,1922053536,2,0,19,1920000000,applied
1928000000,1927854549,0,2,19,1900000000,applied
1946000000,1944826945,1,2,19,1910000000,applied
1948000000,1947397507,1,0,19,1910000000,applied
1962000000,1961423976,2,1,19,1920000000,applied
2020000000,2019250971,0,1,20,2000000000,applied
2024000000,2022459498,1,2,20,2010000000,applied
2032000000,2030592711,2,1,20,2020000000,applied
2034000000,2033155814,0,2,20,2000000000,applied
2034000000,2033940883,1,0,20,2010000000,applied
2036000000,2034336105,2,0,20,2020000000,applied
2114000000,2113900074,0,1,21,2100000000,applied
2116000000,2115259947,1,2,21,2110000000,applied
2124000000,2123057767,0,2,21,2100000000,applied
2156000000,2155645159,1,0,21,2110000000,applied
2160000000,2158027547,2,1,21,2120000000,applied
2162000000,2160681492,2,0,21,2120000000,applied
2216000000,2214622110,0,2,22,2200000000,applied
2224000000,2223635499,2,1,22,2220000000,applied
2230000000,2228581289,1,0,22,2210000000,applied
2242000000,2240980211,0,1,22,2200000000,applied
2252000000,2251769360,1,2,22,2210000000,applied
2270000000,2268474613,2,0,22,2220000000,applied
2314000000,2312285014,0,1,23,2300000000,applied
2322000000,2320886722,0,2,23,2300000000,applied
2346000000,2344621761,2,0,23,2320000000,applied
2350000000,2349307072,2,1,23,2320000000,applied
2360000000,2359389530,1,2,23,2310000000,applied
2362000000,2360307178,1,0,23,2310000000,applied
2406000000,2404962808,0,1,24,2400000000,applied
2436000000,2434340420,0,2,24,2400000000,applied
2442000000,2440634391,1,0,24,2410000000,applied
2442000000,2441832385,2,1,24,2420000000,applied
2450000000,2449123603,1,2,24,2410000000,applied
2470000000,2468570124,2,0,24,2420000000,applied
2518000000,2516277509,1,0,25,2510000000,applied
2520000000,2519578360,0,1,25,2500000000,applied
2524000000,2523770503,1,2,25,2510000000,applied
2540000000,2539343068,2,0,25,2520000000,applied
2542000000,2540542473,0,2,25,2500000000,applied
2556000000,2554140913,2,1,25,2520000000,applied
2614000000,2613121410,1,2,26,2610000000,applied
2620000000,2619485661,0,2,26,2600000000,applied
2634000000,2632394998,1,0,26,2610000000,applied
2636000000,2634512605,2,1,26,2620000000,applied
2642000000,2641027400,2,0,26,2620000000,applied
2648000000,2647620730,0,1,26,2600000000,applied
2726000000,2724060418,2,0,27,2720000000,applied
2732000000,2730416768,0,1,27,2700000000,applied
2732000000,2731233236,0,2,27,2700000000,applied
2734000000,2733592951,1,2,27,2710000000,applied
2736000000,2735149033,1,0,27,2710000000,applied
2750000000,2749880279,2,1,27,2720000000,applied
2804000000,2802858111,0,2,28,2800000000,applied
2830000000,2828914570,0,1,28,2800000000,applied
2854000000,2852103842,1,0,28,2810000000,applied
2856000000,2854805535,2,0,28,2820000000,applied
2856000000,2855591243,1,2,28,2810000000,applied
2862000000,2860715342,2,1,28,2820000000,applied
2924000000,2923739466,1,2,29,2910000000,applied
2928000000,2926179216,0,2,29,2900000000,applied
2928000000,2927137166,0,1,29,2900000000,applied
2932000000,2931441570,2,0,29,2920000000,applied
2954000000,2952095488,2,1,29,2920000000,applied
2956000000,2954741404,1,0,29,2910000000,applied
3008000000,3006794678,0,2,30,3000000000,applied
3020000000,3019465312,1,0,30,3010000000,applied
3026000000,3024758047,0,1,30,3000000000,applied
3028000000,3026823288,2,1,30,3020000000,applied
3034000000,3032436585,1,2,30,3010000000,applied
3060000000,3059830541,2,0,30,3020000000,applied
3128000000,3127643978,1,2,31,3110000000,applied
3130000000,3129761384,2,1,31,3120000000,applied
3132000000,3131631563,0,1,31,3100000000,applied
3140000000,3138982598,0,2,31,3100000000,applied
3150000000,3149019800,2,0,31,3120000000,applied
3150000000,3149500287,1,0,31,3110000000,applied
3214000000,3213455890,0,1,32,3200000000,applied
3230000000,3229830882,0,2,32,3200000000,applied
3244000000,3243161294,2,1,32,3220000000,applied
3246000000,3244800642,2,0,32,3220000000,applied
3256000000,3255603378,1,2,32,3210000000,applied
3260000000,3258882324,1,0,32,3210000000,applied
3302000000,3301976474,0,2,33,3300000000,applied
3322000000,3320788071,1,2,33,3310000000,applied
3336000000,3334131805,2,1,33,3320000000,applied
3348000000,3347250152,0,1,33,3300000000,applied
3354000000,3353006669,2,0,33,3320000000,applied
3356000000,3355918100,1,0,33,3310000000,applied
3402000000,3401313175,0,2,34,3400000000,applied
3432000000,3430529791,1,2,34,3410000000,applied
3442000000,3440359270,2,0,34,3420000000,applied
3444000000,3442616155,0,1,34,3400000000,applied
3448000000,3447813314,1,0,34,3410000000,applied
3462000000,3460926813,2,1,34,3420000000,applied
3528000000,3526843026,0,1,35,3500000000,applied
3544000000,3543708010,2,0,35,3520000000,applied
3546000000,3544406566,1,0,35,3510000000,applied
3546000000,3544673753,0,2,35,3500000000,applied
3560000000,3558943517,1,2,35,3510000000,applied
3560000000,3559554371,2,1,35,3520000000,applied
3602000000,3601901494,0,2,36,3600000000,applied
3614000000,3613657341,1,0,36,3610000000,applied
3626000000,3624102853,2,1,36,3620000000,applied
3636000000,3635126932,0,1,36,3600000000,applied
3642000000,3640154526,1,2,36,3610000000,applied
3656000000,3654569109,2,0,36,3620000000,applied
3726000000,3725484905,2,1,37,3720000000,applied
3736000000,3734342099,1,0,37,3710000000,applied
3744000000,3743500579,0,2,37,3700000000,applied
3746000000,3744563242,0,1,37,3700000000,applied
3746000000,3745954781,2,0,37,3720000000,applied
3748000000,3747912402,1,2,37,3710000000,applied
3818000000,3817613422,0,2,38,3800000000,applied
3832000000,3831800823,0,1,38,3800000000,applied
3840000000,3838806767,2,0,38,3820000000,applied
3842000000,3841587262,2,1,38,3820000000,applied
3854000000,3852148762,1,0,38,3810000000,applied
3860000000,3859109651,1,2,38,3810000000,applied
3904000000,3902736620,0,2,39,3900000000,applied
3914000000,3912976594,0,1,39,3900000000,applied
3928000000,3926468129,2,1,39,3920000000,applied
3934000000,3933114117,1,0,39,3910000000,applied
3936000000,3935639495,1,2,39,3910000000,applied
3970000000,3968845875,2,0,39,3920000000,applied
4016000000,4015282750,0,2,40,4000000000,applied
4026000000,4024288989,0,1,40,4000000000,applied
4026000000,4024403684,1,2,40,4010000000,applied
4034000000,4032254185,2,0,40,4020000000,applied
4048000000,4047184883,1,0,40,4010000000,applied
4050000000,4048689489,2,1,40,4020000000,applied
4106000000,4104926996,0,2,41,4100000000,applied
4108000000,4107579073,0,1,41,4100000000,applied
4122000000,4121028320,1,0,41,4110000000,applied
4128000000,4127691960,2,0,41,4120000000,applied
4130000000,4128409107,2,1,41,4120000000,applied
4144000000,4143379884,1,2,41,4110000000,applied
4208000000,4206813676,0,1,42,4200000000,applied
4224000000,4223547975,1,0,42,4210000000,applied
4230000000,4229418411,2,1,42,4220000000,applied
4246000000,4245596336,0,2,42,4200000000,applied
4258000000,4256343352,1,2,42,4210000000,applied
4270000000,4269056474,2,0,42,4220000000,applied
4312000000,4311265218,0,2,43,4300000000,applied
4328000000,4326766586,0,1,43,4300000000,applied
4346000000,4344101693,2,0,43,4320000000,applied
4354000000,4353788568,1,2,43,4310000000,applied
4358000000,4356292419,2,1,43,4320000000,applied
4358000000,4356439835,1,0,43,4310000000,applied
4408000000,4406523165,0,1,44,4400000000,applied
4414000000,4413691450,0,2,44,4400000000,applied
4440000000,4438273190,2,0,44,4420000000,applied
4454000000,4452354159,1,2,44,4410000000,applied
4460000000,4458660457,1,0,44,4410000000,applied
4468000000,4466388446,2,1,44,4420000000,applied
4516000000,4515702974,0,1,45,4500000000,applied
4520000000,4518460173,0,2,45,4500000000,applied
4526000000,4524302009,2,1,45,4520000000,applied
4544000000,4543162923,1,0,45,4510000000,applied
4550000000,4549007071,1,2,45,4510000000,applied
4560000000,4559232042,2,0,45,4520000000,applied
4624000000,4622517313,0,1,46,4600000000,applied
4632000000,4631962280,1,2,46,4610000000,applied
4642000000,4641284787,0,2,46,4600000000,applied
4644000000,4642247503,2,1,46,4620000000,applied
4648000000,4647383962,2,0,46,4620000000,applied
4660000000,4658581373,1,0,46,4610000000,applied
4716000000,4714601606,0,1,47,4700000000,applied
4726000000,4725503235,2,0,47,4720000000,applied
4736000000,4734011948,0,2,47,4700000000,applied
4738000000,4737638428,2,1,47,4720000000,applied
4746000000,4744964102,1,0,47,4710000000,applied
4750000000,4749270341,1,2,47,4710000000,applied
4814000000,4813908710,1,2,48,4810000000,applied
4820000000,4818364088,0,2,48,4800000000,applied
4820000000,4819475103,1,0,48,4810000000,applied
4842000000,4841613520,0,1,48,4800000000,applied
4862000000,4861837931,2,1,48,4820000000,applied
4868000000,4867419033,2,0,48,4820000000,applied
4912000000,4911575335,0,1,49,4900000000,applied
4920000000,4918688698,1,2,49,4910000000,applied
4924000000,4923344131,1,0,49,4910000000,applied
4940000000,4938765789,2,0,49,4920000000,applied
4940000000,4938939457,0,2,49,4900000000,applied
4946000000,4944818556,2,1,49,4920000000,applied
5016000000,5014811159,0,1,50,5000000000,applied
5024000000,5023246284,1,2,50,5010000000,applied
5034000000,5033361006,0,2,50,5000000000,applied
5054000000,5052014708,2,1,50,5020000000,applied
5054000000,5053924533,1,0,50,5010000000,applied
5058000000,5057024876,2,0,50,5020000000,applied
5116000000,5114421107,1,2,51,5110000000,applied
5124000000,5123515525,0,2,51,5100000000,applied
5130000000,5129879040,2,0,51,5120000000,applied
5140000000,5138239558,0,1,51,5100000000,applied
5146000000,5144550283,2,1,51,5120000000,applied
5158000000,5156795747,1,0,51,5110000000,applied
5232000000,5231849163,0,2,52,5200000000,applied
5238000000,5236193614,2,0,52,5220000000,applied
5244000000,5242250770,0,1,52,5200000000,applied
5250000000,5249441724,2,1,52,5220000000,applied
5256000000,5255448119,1,0,52,5210000000,applied
5260000000,5258382984,1,2,52,5210000000,applied
5314000000,5313822124,0,1,53,5300000000,applied
5318000000,5317001319,1,2,53,5310000000,applied
5324000000,5323141975,1,0,53,5310000000,applied
5344000000,5342120039,0,2,53,5300000000,applied
5364000000,5363438034,2,1,53,5320000000,applied
5368000000,5367656815,2,0,53,5320000000,applied
5406000000,5405155421,0,2,54,5400000000,applied
5412000000,5410903394,0,1,54,5400000000,applied
5424000000,5423351494,2,0,54,5420000000,applied
5430000000,5429776200,1,0,54,5410000000,applied
5442000000,5440142740,1,2,54,5410000000,applied
5450000000,5448186168,2,1,54,5420000000,applied
5512000000,5511921110,1,0,55,5510000000,applied
5520000000,5519189616,1,2,55,5510000000,applied
5526000000,5525562409,2,1,55,5520000000,applied
5532000000,5530518436,0,1,55,5500000000,applied
5548000000,5547070298,2,0,55,5520000000,applied
5550000000,5549066964,0,2,55,5500000000,applied
5630000000,5629952892,1,2,56,5610000000,applied
5642000000,5641820277,0,1,56,5600000000,applied
5650000000,5648014255,0,2,56,5600000000,applied
5654000000,5652164277,1,0,56,5610000000,applied
5656000000,5655632347,2,0,56,5620000000,applied
5666000000,5664755858,2,1,56,5620000000,applied
5712000000,5710434787,0,2,57,5700000000,applied
5726000000,5724815009,1,2,57,5710000000,applied
5728000000,5727461539,0,1,57,5700000000,applied
5746000000,5745328275,2,0,57,5720000000,applied
5748000000,5747553394,1,0,57,5710000000,applied
5750000000,5748001548,2,1,57,5720000000,applied
5804000000,5802772903,0,2,58,5800000000,applied
5814000000,5813356303,1,2,58,5810000000,applied
5822000000,5821332665,1,0,58,5810000000,applied
5832000000,5831509886,2,0,58,5820000000,applied
5834000000,5832720560,0,1,58,5800000000,applied
5834000000,5833594570,2,1,58,5820000000,applied
5934000000,5932225684,1,0,59,5910000000,applied
5942000000,5940961745,0,1,59,5900000000,applied
5946000000,5945167914,2,0,59,5920000000,applied
5946000000,5945782710,1,2,59,5910000000,applied
5950000000,5948006769,0,2,59,5900000000,applied
5952000000,5951707234,2,1,59,5920000000,applied
6008000000,6007872443,0,1,60,6000000000,applied
6016000000,6015179954,1,2,60,6010000000,applied
6024000000,6023376635,2,1,60,6020000000,applied
6028000000,6026537247,1,0,60,6010000000,applied
6044000000,6043813570,0,2,60,6000000000,applied
6050000000,6049890450,2,0,60,6020000000,applied
6112000000,6111835615,1,0,61,6110000000,applied
6114000000,6113347693,1,2,61,6110000000,applied
6122000000,6120932632,2,1,61,6120000000,applied
6124000000,6122405880,0,1,61,6100000000,applied
6124000000,6122726472,2,0,61,6120000000,applied
6142000000,6141568097,0,2,61,6100000000,applied
6228000000,6226874835,1,2,62,6210000000,applied
6236000000,6234651842,0,2,62,6200000000,applied
6240000000,6238944737,0,1,62,6200000000,applied
6252000000,6251061191,2,1,62,6220000000,applied
6252000000,6251350108,2,0,62,6220000000,applied
6254000000,6252464512,1,0,62,6210000000,applied
6330000000,6328027411,0,1,63,6300000000,applied
6334000000,6333069571,2,1,63,6320000000,applied
6344000000,6342103501,1,2,63,6310000000,applied
6348000000,6346952408,0,2,63,6300000000,applied
6348000000,6347794257,2,0,63,6320000000,applied
6356000000,6354302849,1,0,63,6310000000,applied
6412000000,6410480255,1,0,64,6410000000,applied
6426000000,6425505058,1,2,64,6410000000,applied
6428000000,6426993308,0,2,64,6400000000,applied
6438000000,6436411524,0,1,64,6400000000,applied
6454000000,6452299775,2,1,64,6420000000,applied
6470000000,6469595519,2,0,64,6420000000,applied
6518000000,6517832972,0,2,65,6500000000,applied
6526000000,6524779122,1,2,65,6510000000,applied
6530000000,6528161150,0,1,65,6500000000,applied
6550000000,6549121436,1,0,65,6510000000,applied
6564000000,6562010514,2,1,65,6520000000,applied
6568000000,6567084486,2,0,65,6520000000,applied
6618000000,6617387487,1,0,66,6610000000,applied
6624000000,6622766560,1,2,66,6610000000,applied
6630000000,6628890756,0,2,66,6600000000,applied
6638000000,6636238158,0,1,66,6600000000,applied
6642000000,6640565619,2,1,66,6620000000,applied
6646000000,6644569038,2,0,66,6620000000,applied
6718000000,6717483426,0,1,67,6700000000,applied
6728000000,6727547866,0,2,67,6700000000,applied
6750000000,6748552343,2,1,67,6720000000,applied
6750000000,6748609749,2,0,67,6720000000,applied
6754000000,6752097103,1,2,67,6710000000,applied
6758000000,6756959326,1,0,67,6710000000,applied
6812000000,6810945208,0,2,68,6800000000,applied
6830000000,6829123576,1,2,68,6810000000,applied
6836000000,6834871850,0,1,68,6800000000,applied
6844000000,6843142123,2,0,68,6820000000,applied
6850000000,6848612855,1,0,68,6810000000,applied
6868000000,6866883206,2,1,68,6820000000,applied
6902000000,6901028429,0,1,69,6900000000,applied
6912000000,6911036076,0,2,69,6900000000,applied
6940000000,6938692766,2,1,69,6920000000,applied
6944000000,6943328223,1,2,69,6910000000,applied
6956000000,6954098598,2,0,69,6920000000,applied
6958000000,6956300050,1,0,69,6910000000,applied
7008000000,7007411519,0,1,70,7000000000,applied
7026000000,7025386480,0,2,70,7000000000,applied
7030000000,7028129506,2,0,70,7020000000,applied
7034000000,7033088403,1,0,70,7010000000,applied
7042000000,7041144617,1,2,70,7010000000,applied
7048000000,7047865047,2,1,70,7020000000,applied
7112000000,7111158950,1,0,71,7110000000,applied
7120000000,7118021757,1,2,71,7110000000,applied
7132000000,7130642464,0,2,71,7100000000,applied
7148000000,7146301788,0,1,71,7100000000,applied
7158000000,7156083819,2,1,71,7120000000,applied
7166000000,7164210068,2,0,71,7120000000,applied
7208000000,7207142127,0,2,72,7200000000,applied
7226000000,7224010565,0,1,72,7200000000,applied
7232000000,7230235063,2,0,72,7220000000,applied
7244000000,7242677931,1,0,72,7210000000,applied
7244000000,7243825004,2,1,72,7220000000,applied
7252000000,7251218633,1,2,72,7210000000,applied
7322000000,7321807391,1,2,73,7310000000,applied
7332000000,7330310752,0,1,73,7300000000,applied
7336000000,7335380857,0,2,73,7300000000,applied
7350000000,7348310579,2,0,73,7320000000,applied
7356000000,7355032749,1,0,73,7310000000,applied
7364000000,7363238267,2,1,73,7320000000,applied
7414000000,7412962252,1,0,74,7410000000,applied
7438000000,7437524868,0,1,74,7400000000,applied
7440000000,7438550720,0,2,74,7400000000,applied
7442000000,7441831991,2,1,74,7420000000,applied
7454000000,7453380060,2,0,74,7420000000,applied
7460000000,7459705658,1,2,74,7410000000,applied
7518000000,7516846848,0,1,75,7500000000,applied
7524000000,7522532082,1,0,75,7510000000,applied
7528000000,7526707461,0,2,75,7500000000,applied
7536000000,7535806775,1,2,75,7510000000,applied
7566000000,7564926404,2,0,75,7520000000,applied
7568000000,7566979159,2,1,75,7520000000,applied
7620000000,7618233719,0,1,76,7600000000,applied
7620000000,7618374448,0,2,76,7600000000,applied
7624000000,7623037896,1,2,76,7610000000,applied
7630000000,7628060828,1,0,76,7610000000,applied
7650000000,7649796503,2,1,76,7620000000,applied
7652000000,7651853035,2,0,76,7620000000,applied
7706000000,7705041015,0,1,77,7700000000,applied
7726000000,7725589162,2,0,77,7720000000,applied
7736000000,7735434137,1,2,77,7710000000,applied
7742000000,7741167350,1,0,77,7710000000,applied
7746000000,7744845589,0,2,77,7700000000,applied
7764000000,7763988051,2,1,77,7720000000,applied
7810000000,7809245513,0,2,78,7800000000,applied
7814000000,7812724643,1,0,78,7810000000,applied
7830000000,7829649026,0,1,78,7800000000,applied
7850000000,7848305012,1,2,78,7810000000,applied
7858000000,7857232367,2,0,78,7820000000,applied
7868000000,7866828284,2,1,78,7820000000,applied
7920000000,7919338740,0,1,79,7900000000,applied
7924000000,7922699688,1,0,79,7910000000,applied
7924000000,7922837714,2,1,79,7920000000,applied
7926000000,7925268551,0,2,79,7900000000,applied
7946000000,7945352743,1,2,79,7910000000,applied
7956000000,7955055194,2,0,79,7920000000,applied
8004000000,8002946773,0,2,80,8000000000,applied
8008000000,8006135482,0,1,80,8000000000,applied
8016000000,8014380668,1,2,80,8010000000,applied
8024000000,8022403026,1,0,80,8010000000,applied
8044000000,8043574998,2,0,80,8020000000,applied
8064000000,8063621422,2,1,80,8020000000,applied
8106000000,8104360525,0,2,81,8100000000,applied
8122000000,8120255748,1,2,81,8110000000,applied
8124000000,8122929600,1,0,81,8110000000,applied
8130000000,8129121964,0,1,81,8100000000,applied
8158000000,8157903896,2,0,81,8120000000,applied
8166000000,8165625208,2,1,81,8120000000,applied
8214000000,8212556080,1,2,82,8210000000,applied
8222000000,8221317196,1,0,82,8210000000,applied
8236000000,8235207540,2,0,82,8220000000,applied
8240000000,8239945639,0,1,82,8200000000,applied
8248000000,8246639706,0,2,82,8200000000,applied
8266000000,8265737009,2,1,82,8220000000,applied
8322000000,8320668792,1,2,83,8310000000,applied
8324000000,8323161895,1,0,83,8310000000,applied
8326000000,8324141907,2,0,83,8320000000,applied
8336000000,8335418021,0,1,83,8300000000,applied
8336000000,8335469628,0,2,83,8300000000,applied
8370000000,8368672214,2,1,83,8320000000,applied
8412000000,8410959756,1,2,84,8410000000,applied
8428000000,8427175596,0,1,84,8400000000,applied
8440000000,8438251105,1,0,84,8410000000,applied
8450000000,8449873607,0,2,84,8400000000,applied
8460000000,8459165502,2,1,84,8420000000,applied
8462000000,8460675629,2,0,84,8420000000,applied
8522000000,8521837898,1,0,85,8510000000,applied
8536000000,8534374674,2,1,85,8520000000,applied
8544000000,8542310301,2,0,85,8520000000,applied
8544000000,8543798076,0,1,85,8500000000,applied
8546000000,8545062625,0,2,85,8500000000,applied
8554000000,8552085908,1,2,85,8510000000,applied
8620000000,8618126730,1,0,86,8610000000,applied
8622000000,8620333410,0,2,86,8600000000,applied
8644000000,8643777430,0,1,86,8600000000,applied
8646000000,8645010343,2,0,86,8620000000,applied
8660000000,8659303340,1,2,86,8610000000,applied
8666000000,8665836109,2,1,86,8620000000,applied
8712000000,8711508801,0,2,87,8700000000,applied
8724000000,8722340525,1,2,87,8710000000,applied
8728000000,8727396765,2,0,87,8720000000,applied
8732000000,8730396608,1,0,87,8710000000,applied
8750000000,8749556489,0,1,87,8700000000,applied
8760000000,8758699165,2,1,87,8720000000,applied
8818000000,8816859771,1,0,88,8810000000,applied
8824000000,8822543470,0,1,88,8800000000,applied
8828000000,8826813544,0,2,88,8800000000,applied
8836000000,8834598468,2,1,88,8820000000,applied
8856000000,8855415812,2,0,88,8820000000,applied
8860000000,8859225753,1,2,88,8810000000,applied
8924000000,8922934212,2,0,89,8920000000,applied
8932000000,8930614998,1,2,89,8910000000,applied
8938000000,8936208720,0,1,89,8900000000,applied
8942000000,8941928994,0,2,89,8900000000,applied
8948000000,8947214612,1,0,89,8910000000,applied
8970000000,8968492966,2,1,89,8920000000,applied
9008000000,9006703023,0,1,90,9000000000,applied
9010000000,9009730622,0,2,90,9000000000,applied
9036000000,9035475236,2,1,90,9020000000,applied
9046000000,9045507069,2,0,90,9020000000,applied
9054000000,9052187804,1,0,90,9010000000,applied
9056000000,9054264299,1,2,90,9010000000,applied
9124000000,9122918652,0,2,91,9100000000,applied
9134000000,9132312344,2,1,91,9120000000,applied
9134000000,9132963989,2,0,91,9120000000,applied
9142000000,9140764236,1,0,91,9110000000,applied
9142000000,9140924428,1,2,91,9110000000,applied
9142000000,9141511454,0,1,91,9100000000,applied
9206000000,9205931663,0,2,92,9200000000,applied
9218000000,9217393233,1,2,92,9210000000,applied
9228000000,9226910950,0,1,92,9200000000,applied
9232000000,9231635218,1,0,92,9210000000,applied
9246000000,9244249206,2,0,92,9220000000,applied
9248000000,9247054761,2,1,92,9220000000,applied
9308000000,9306451224,0,1,93,9300000000,applied
9318000000,9317694430,1,2,93,9310000000,applied
9320000000,9318500800,0,2,93,9300000000,applied
9326000000,9324891693,2,1,93,9320000000,applied
9334000000,9332423188,1,0,93,9310000000,applied
9356000000,9355282918,2,0,93,9320000000,applied
9406000000,9405623752,0,2,94,9400000000,applied
9418000000,9416829993,1,2,94,9410000000,applied
9424000000,9422679630,0,1,94,9400000000,applied
9432000000,9430050197,2,0,94,9420000000,applied
9442000000,9441460831,2,1,94,9420000000,applied
9460000000,9459766059,1,0,94,9410000000,applied
9524000000,9522203571,2,1,95,9520000000,applied
9524000000,9523623040,2,0,95,9520000000,applied
9534000000,9533896273,1,2,95,9510000000,applied
9540000000,9538502713,0,2,95,9500000000,applied
9550000000,9548937001,1,0,95,9510000000,applied
9552000000,9550159336,0,1,95,9500000000,applied
9606000000,9604021849,0,2,96,9600000000,applied
9618000000,9617617546,1,0,96,9610000000,applied
9630000000,9628532321,1,2,96,9610000000,applied
9638000000,9637889926,2,0,96,9620000000,applied
9646000000,9645881090,0,1,96,9600000000,applied
9670000000,9668888999,2,1,96,9620000000,applied
9708000000,9707883122,0,2,97,9700000000,applied
9718000000,9716704563,0,1,97,9700000000,applied
9734000000,9733740800,1,2,97,9710000000,applied
9748000000,9746398345,1,0,97,9710000000,applied
9752000000,9750331135,2,0,97,9720000000,applied
9766000000,9765719449,2,1,97,9720000000,applied
9824000000,9822116824,0,2,98,9800000000,applied
9834000000,9833230493,2,1,98,9820000000,applied
9842000000,9840412798,2,0,98,9820000000,applied
9842000000,9840856203,0,1,98,9800000000,applied
9844000000,9842577235,1,2,98,9810000000,applied
9852000000,9851270936,1,0,98,9810000000,applied
9922000000,9921862041,1,2,99,9910000000,applied
9930000000,9929090878,0,1,99,9900000000,applied
9946000000,9944030204,2,1,99,9920000000,applied
9946000000,9945650700,0,2,99,9900000000,applied
9950000000,9949198407,2,0,99,9920000000,applied
9956000000,9954509479,1,0,99,9910000000,applied
10004000000,10002779873,0,1,100,10000000000,applied
10016000000,10014536727,1,0,100,10010000000,applied
10034000000,10032617090,1,2,100,10010000000,applied
10038000000,10037377899,2,0,100,10020000000,applied
10046000000,10044524442,0,2,100,10000000000,applied
10046000000,10045359690,2,1,100,10020000000,applied
10128000000,10126744401,0,1,101,10100000000,applied
10136000000,10134940872,0,2,101,10100000000,applied
10148000000,10147127192,2,0,101,10120000000,applied
10150000000,10148529381,1,0,101,10110000000,applied
10160000000,10159816601,1,2,101,10110000000,applied
10164000000,10163982009,2,1,101,10120000000,applied
10204000000,10202803098,0,1,102,10200000000,applied
10220000000,10219206103,0,2,102,10200000000,applied
10232000000,10230273796,1,2,102,10210000000,applied
10242000000,10241916049,1,0,102,10210000000,applied
10254000000,10252510452,2,0,102,10220000000,applied
10256000000,10254227076,2,1,102,10220000000,applied
10320000000,10319155888,0,1,103,10300000000,applied
10336000000,10334106202,1,2,103,10310000000,applied
10340000000,10339267679,2,0,103,10320000000,applied
10346000000,10345055200,0,2,103,10300000000,applied
10362000000,10360403255,1,0,103,10310000000,applied
10364000000,10362695310,2,1,103,10320000000,applied
10406000000,10404478770,0,2,104,10400000000,applied
10418000000,10417044576,0,1,104,10400000000,applied
10422000000,10420462277,1,2,104,10410000000,applied
10422000000,10421915431,1,0,104,10410000000,applied
10466000000,10465630057,2,1,104,10420000000,applied
10472000000,10470314615,2,0,104,10420000000,applied
10530000000,10528605057,1,2,105,10510000000,applied
10534000000,10532313237,2,1,105,10520000000,applied
10544000000,10543447000,0,1,105,10500000000,applied
10548000000,10547902078,0,2,105,10500000000,applied
10554000000,10553061273,1,0,105,10510000000,applied
10558000000,10557498588,2,0,105,10520000000,applied
10614000000,10612245226,0,2,106,10600000000,applied
10614000000,10613537241,0,1,106,10600000000,applied
10618000000,10616068668,1,2,106,10610000000,applied
10636000000,10634842093,1,0,106,10610000000,applied
10640000000,10639489992,2,0,106,10620000000,applied
10664000000,10663073189,2,1,106,10620000000,applied
10722000000,10720220166,1,2,107,10710000000,applied
10728000000,10726865765,0,1,107,10700000000,applied
10732000000,10730492793,0,2,107,10700000000,applied
10744000000,10743409990,2,1,107,10720000000,applied
10760000000,10759409582,1,0,107,10710000000,applied
10766000000,10765838276,2,0,107,10720000000,applied
10812000000,10810701718,0,2,108,10800000000,applied
10814000000,10813626169,1,2,108,10810000000,applied
10838000000,10837774710,1,0,108,10810000000,applied
10842000000,10841218254,0,1,108,10800000000,applied
10850000000,10849754825,2,1,108,10820000000,applied
10852000000,10850852948,2,0,108,10820000000,applied
10932000000,10931219322,0,2,109,10900000000,applied
10938000000,10937825206,2,0,109,10920000000,applied
10942000000,10940070869,0,1,109,10900000000,applied
10958000000,10957811320,1,2,109,10910000000,applied
10960000000,10959025678,1,0,109,10910000000,applied
10962000000,10960950827,2,1,109,10920000000,applied
11018000000,11016274094,0,2,110,11000000000,applied
11022000000,11021870324,0,1,110,11000000000,applied
11038000000,11036395582,1,2,110,11010000000,applied
11038000000,11037201011,2,1,110,11020000000,applied
11046000000,11044179549,1,0,110,11010000000,applied
11064000000,11062029207,2,0,110,11020000000,applied
11120000000,11119797181,1,2,111,11110000000,applied
11128000000,11127643933,2,0,111,11120000000,applied
11132000000,11130648997,0,1,111,11100000000,applied
11138000000,11136687607,1,0,111,11110000000,applied
11140000000,11139003236,2,1,111,11120000000,applied
11150000000,11148114819,0,2,111,11100000000,applied
11218000000,11216379672,1,0,112,11210000000,applied
11224000000,11223219477,0,1,112,11200000000,applied
11230000000,11228052418,0,2,112,11200000000,applied
11240000000,11239209703,2,0,112,11220000000,applied
11248000000,11247965580,1,2,112,11210000000,applied
11266000000,11264944207,2,1,112,11220000000,applied
11316000000,11315048700,1,2,113,11310000000,applied
11332000000,11331895987,0,2,113,11300000000,applied
11334000000,11332268577,0,1,113,11300000000,applied
11334000000,11333891775,2,0,113,11320000000,applied
11350000000,11349983160,1,0,113,11310000000,applied
11366000000,11364797667,2,1,113,11320000000,applied
11416000000,11415400714,1,0,114,11410000000,applied
11430000000,11429945764,2,0,114,11420000000,applied
11432000000,11431158572,0,2,114,11400000000,applied
11440000000,11438538859,1,2,114,11410000000,applied
11448000000,11446466460,0,1,114,11400000000,applied
11454000000,11452435348,2,1,114,11420000000,applied
11522000000,11521134647,1,0,115,11510000000,applied
11524000000,11522076935,0,1,115,11500000000,applied
11526000000,11524718997,1,2,115,11510000000,applied
11526000000,11524987288,2,0,115,11520000000,applied
11528000000,11527301502,2,1,115,11520000000,applied
11544000000,11542508624,0,2,115,11500000000,applied
11616000000,11614342129,0,2,116,11600000000,applied
11622000000,11620766307,2,0,116,11620000000,applied
11624000000,11622939206,0,1,116,11600000000,applied
11626000000,11625645020,1,2,116,11610000000,applied
11630000000,11628986900,1,0,116,11610000000,applied
11660000000,11659518260,2,1,116,11620000000,applied
11728000000,11727578722,1,0,117,11710000000,applied
11730000000,11729561095,0,2,117,11700000000,applied
11734000000,11732446462,0,1,117,11700000000,applied
11740000000,11738286616,2,1,117,11720000000,applied
11746000000,11744051180,1,2,117,11710000000,applied
11748000000,11746792235,2,0,117,11720000000,applied
11808000000,11807716757,0,2,118,11800000000,applied
11816000000,11815377862,0,1,118,11800000000,applied
11824000000,11823972127,2,1,118,11820000000,applied
11844000000,11842353843,1,2,118,11810000000,applied
11846000000,11844321552,1,0,118,11810000000,applied
11856000000,11854779621,2,0,118,11820000000,applied
11904000000,11902073662,0,1,119,11900000000,applied
11908000000,11907471815,0,2,119,11900000000,applied
11918000000,11916510100,1,2,119,11910000000,applied
11922000000,11921623197,1,0,119,11910000000,applied
11948000000,11946055529,2,1,119,11920000000,applied
11966000000,11965310540,2,0,119,11920000000,applied
12014000000,12013056717,0,1,120,12000000000,applied
12034000000,12033518274,2,1,120,12020000000,applied
12040000000,12039001673,0,2,120,12000000000,applied
12044000000,12043168660,1,2,120,12010000000,applied
12052000000,12050365565,1,0,120,12010000000,applied
12058000000,12057174853,2,0,120,12020000000,applied
12104000000,12103364995,0,2,121,12100000000,applied
12112000000,12110677163,1,2,121,12110000000,applied
12124000000,12123560876,2,1,121,12120000000,applied
12142000000,12141982769,2,0,121,12120000000,applied
12146000000,12145982955,0,1,121,12100000000,applied
12154000000,12152347036,1,0,121,12110000000,applied
12222000000,12221461079,2,1,122,12220000000,applied
12224000000,12222936597,0,2,122,12200000000,applied
12224000000,12223032532,0,1,122,12200000000,applied
12230000000,12228730598,1,0,122,12210000000,applied
12236000000,12234696161,1,2,122,12210000000,applied
12250000000,12248194255,2,0,122,12220000000,applied
12308000000,12306614319,0,2,123,12300000000,applied
12328000000,12327916745,2,1,123,12320000000,applied
12336000000,12335939445,0,1,123,12300000000,applied
12346000000,12345479632,1,2,123,12310000000,applied
12354000000,12352054393,1,0,123,12310000000,applied
12362000000,12361859574,2,0,123,12320000000,applied
12420000000,12418106672,0,2,124,12400000000,applied
12428000000,12426465679,0,1,124,12400000000,applied
12430000000,12428283714,1,2,124,12410000000,applied
12436000000,12434266089,2,1,124,12420000000,applied
12436000000,12435149421,2,0,124,12420000000,applied
12454000000,12452243273,1,0,124,12410000000,applied
12510000000,12508471344,0,1,125,12500000000,applied
12522000000,12520861038,2,1,125,12520000000,applied
12530000000,12528323978,1,0,125,12510000000,applied
12540000000,12539511735,0,2,125,12500000000,applied
12550000000,12548641723,2,0,125,12520000000,applied
12562000000,12560254188,1,2,125,12510000000,applied
12628000000,12627605125,0,1,126,12600000000,applied
12630000000,12629310684,2,1,126,12620000000,applied
12632000000,12630377102,0,2,126,12600000000,applied
12644000000,12642850217,1,0,126,12610000000,applied
12654000000,12652716652,1,2,126,12610000000,applied
12656000000,12655553614,2,0,126,12620000000,applied
12702000000,12701403876,0,2,127,12700000000,applied
12722000000,12721092523,0,1,127,12700000000,applied
12740000000,12739754021,2,0,127,12720000000,applied
12750000000,12748079435,1,0,127,12710000000,applied
12756000000,12754954537,1,2,127,12710000000,applied
12768000000,12767625772,2,1,127,12720000000,applied
12812000000,12811471704,1,0,128,12810000000,applied
12814000000,12813501923,1,2,128,12810000000,applied
12824000000,12823625921,0,2,128,12800000000,applied
12842000000,12841640236,0,1,128,12800000000,applied
12844000000,12843949092,2,1,128,12820000000,applied
12862000000,12860578510,2,0,128,12820000000,applied
12912000000,12910082816,0,2,129,12900000000,applied
12912000000,12910802716,0,1,129,12900000000,applied
12936000000,12935190700,1,2,129,12910000000,applied
12940000000,12938647591,1,0,129,12910000000,applied
12946000000,12945894886,2,0,129,12920000000,applied
12960000000,12959113690,2,1,129,12920000000,applied
13016000000,13014232304,0,1,130,13000000000,applied
13020000000,13019375043,0,2,130,13000000000,applied
13030000000,13028897966,2,0,130,13020000000,applied
13044000000,13042831142,1,0,130,13010000000,applied
13052000000,13051665007,2,1,130,13020000000,applied
13060000000,13059778747,1,2,130,13010000000,applied
13112000000,13110156820,0,1,131,13100000000,applied
13118000000,13116054020,0,2,131,13100000000,applied
13126000000,13124790346,1,0,131,13110000000,applied
13132000000,13131507017,2,1,131,13120000000,applied
13134000000,13133812397,1,2,131,13110000000,applied
13160000000,13158333078,2,0,131,13120000000,applied
13224000000,13222060889,1,0,132,13210000000,applied
13224000000,13222832822,0,1,132,13200000000,applied
13236000000,13235037858,1,2,132,13210000000,applied
13244000000,13242188027,0,2,132,13200000000,applied
13252000000,13250415169,2,1,132,13220000000,applied
13262000000,13261538630,2,0,132,13220000000,applied
13302000000,13301826665,0,2,133,13300000000,applied
13324000000,13323208497,0,1,133,13300000000,applied
13328000000,13327801293,1,2,133,13310000000,applied
13346000000,13345606815,1,0,133,13310000000,applied
13354000000,13353470032,2,0,133,13320000000,applied
13368000000,13367969494,2,1,133,13320000000,applied
13420000000,13419043890,1,0,134,13410000000,applied
13420000000,13419758510,0,1,134,13400000000,applied
13422000000,13420941913,2,0,134,13420000000,applied
13424000000,13423042423,0,2,134,13400000000,applied
13428000000,13426629284,1,2,134,13410000000,applied
13452000000,13451294667,2,1,134,13420000000,applied
13524000000,13523173717,2,0,135,13520000000,applied
13538000000,13536856493,0,1,135,13500000000,applied
13550000000,13548258945,1,2,135,13510000000,applied
13550000000,13549767217,0,2,135,13500000000,applied
13554000000,13552466397,1,0,135,13510000000,applied
13562000000,13561841058,2,1,135,13520000000,applied
13602000000,13601524834,0,1,136,13600000000,applied
13614000000,13613410553,1,2,136,13610000000,applied
13624000000,13623310699,0,2,136,13600000000,applied
13638000000,13636676904,2,0,136,13620000000,applied
13644000000,13642942611,1,0,136,13610000000,applied
13662000000,13661986399,2,1,136,13620000000,applied
13708000000,13707520000,0,1,137,13700000000,applied
13722000000,13721939665,1,2,137,13710000000,applied
13734000000,13732410707,0,2,137,13700000000,applied
13746000000,13745476198,2,1,137,13720000000,applied
13754000000,13752926467,1,0,137,13710000000,applied
13758000000,13756642872,2,0,137,13720000000,applied
13802000000,13801107931,0,2,138,13800000000,applied
13834000000,13832783212,2,1,138,13820000000,applied
13836000000,13834222155,2,0,138,13820000000,applied
13838000000,13837830687,0,1,138,13800000000,applied
13854000000,13852310411,1,0,138,13810000000,applied
13854000000,13853231095,1,2,138,13810000000,applied
13920000000,13918664214,1,0,139,13910000000,applied
13940000000,13939597921,2,1,139,13920000000,applied
13944000000,13943437792,0,2,139,13900000000,applied
13946000000,13944266534,0,1,139,13900000000,applied
13954000000,13953583861,1,2,139,13910000000,applied
13970000000,13969779189,2,0,139,13920000000,applied
14022000000,14021832403,1,2,140,14010000000,applied
14024000000,14022490662,0,1,140,14000000000,applied
14026000000,14024549430,0,2,140,14000000000,applied
14032000000,14031555807,2,0,140,14020000000,applied
14038000000,14036406467,2,1,140,14020000000,applied
14050000000,14048978949,1,0,140,14010000000,applied
14108000000,14107994702,0,2,141,14100000000,applied
14116000000,14114263109,0,1,141,14100000000,applied
14142000000,14140768368,1,2,141,14110000000,applied
14146000000,14144365932,1,0,141,14110000000,applied
14156000000,14154293782,2,0,141,14120000000,applied
14164000000,14162508177,2,1,141,14120000000,applied
14226000000,14224087626,0,2,142,14200000000,applied
14226000000,14224683094,2,0,142,14220000000,applied
14230000000,14228297581,0,1,142,14200000000,applied
14254000000,14252339297,1,2,142,14210000000,applied
14258000000,14257356127,2,1,142,14220000000,applied
14260000000,14258269815,1,0,142,14210000000,applied
14316000000,14315195754,1,2,143,14310000000,applied
14324000000,14322557328,0,2,143,14300000000,applied
14348000000,14347836215,2,0,143,14320000000,applied
14350000000,14348739402,0,1,143,14300000000,applied
14358000000,14356827660,1,0,143,14310000000,applied
14364000000,14363963480,2,1,143,14320000000,applied
14412000000,14410754186,0,1,144,14400000000,applied
14412000000,14411135642,1,0,144,14410000000,applied
14424000000,14422129092,2,1,144,14420000000,applied
14434000000,14432216637,0,2,144,14400000000,applied
14434000000,14432795600,1,2,144,14410000000,applied
14462000000,14461453068,2,0,144,14420000000,applied
14506000000,14504164717,0,1,145,14500000000,applied
14524000000,14522230297,0,2,145,14500000000,applied
14532000000,14531314011,1,2,145,14510000000,applied
14542000000,14541510025,2,1,145,14520000000,applied
14544000000,14542177691,2,0,145,14520000000,applied
14558000000,14557178893,1,0,145,14510000000,applied
14612000000,14611227519,0,2,146,14600000000,applied
14626000000,14624649018,0,1,146,14600000000,applied
14634000000,14633386096,1,2,146,14610000000,applied
14636000000,14635177457,2,0,146,14620000000,applied
14636000000,14635607601,2,1,146,14620000000,applied
14638000000,14636333856,1,0,146,14610000000,applied
14718000000,14716861047,0,1,147,14700000000,applied
14736000000,14735675431,0,2,147,14700000000,applied
14738000000,14736263675,2,0,147,14720000000,applied
14748000000,14747915324,1,2,147,14710000000,applied
14760000000,14759189011,1,0,147,14710000000,applied
14764000000,14762986627,2,1,147,14720000000,applied
14826000000,14824047057,1,2,148,14810000000,applied
14832000000,14831840184,2,1,148,14820000000,applied
14834000000,14833422969,0,2,148,14800000000,applied
14838000000,14837840517,0,1,148,14800000000,applied
14846000000,14845422093,1,0,148,14810000000,applied
14860000000,14858487414,2,0,148,14820000000,applied
14934000000,14933429714,0,2,149,14900000000,applied
14936000000,14935078846,0,1,149,14900000000,applied
14940000000,14938806073,2,1,149,14920000000,applied
14942000000,14941285266,1,0,149,14910000000,applied
14948000000,14946291940,2,0,149,14920000000,applied
14958000000,14956048120,1,2,149,14910000000,applied
15010000000,15009066054,0,2,150,15000000000,applied
15034000000,15033623290,2,0,150,15020000000,applied
15036000000,15035812138,2,1,150,15020000000,applied
15046000000,15044478327,0,1,150,15000000000,applied
15054000000,15052615966,1,0,150,15010000000,applied
15060000000,15059418281,1,2,150,15010000000,applied
15120000000,15119578817,1,0,151,15110000000,applied
15126000000,15125303160,0,1,151,15100000000,applied
15132000000,15131590083,0,2,151,15100000000,applied
15136000000,15134932225,2,0,151,15120000000,applied
15138000000,15136244969,2,1,151,15120000000,applied
15138000000,15136844068,1,2,151,15110000000,applied
15202000000,15200943188,0,1,152,15200000000,applied
15208000000,15206324403,0,2,152,15200000000,applied
15234000000,15232127836,2,0,152,15220000000,applied
15238000000,15236378955,1,0,152,15210000000,applied
15250000000,15249764864,1,2,152,15210000000,applied
15252000000,15251151407,2,1,152,15220000000,applied
15322000000,15320375924,0,1,153,15300000000,applied
15342000000,15341895297,2,0,153,15320000000,applied
15348000000,15346951557,0,2,153,15300000000,applied
15350000000,15348805837,1,0,153,15310000000,applied
15352000000,15350963731,1,2,153,15310000000,applied
15354000000,15352411938,2,1,153,15320000000,applied
15414000000,15412813361,1,2,154,15410000000,applied
15416000000,15414467394,0,2,154,15400000000,applied
15438000000,15436516572,1,0,154,15410000000,applied
15442000000,15441197869,0,1,154,15400000000,applied
15464000000,15463936517,2,1,154,15420000000,applied
15470000000,15468828560,2,0,154,15420000000,applied
15518000000,15516756011,0,1,155,15500000000,applied
15522000000,15520037802,1,0,155,15510000000,applied
15526000000,15524258292,1,2,155,15510000000,applied
15530000000,15529059722,2,0,155,15520000000,applied
15536000000,15534758843,0,2,155,15500000000,applied
15544000000,15542768907,2,1,155,15520000000,applied
15610000000,15608490103,0,1,156,15600000000,applied
15612000000,15611333207,1,0,156,15610000000,applied
15630000000,15629885148,2,0,156,15620000000,applied
15632000000,15631535806,2,1,156,15620000000,applied
15650000000,15649834499,0,2,156,15600000000,applied
15662000000,15660054753,1,2,156,15610000000,applied
15726000000,15724327129,1,0,157,15710000000,applied
15728000000,15726510953,0,1,157,15700000000,applied
15734000000,15732121289,0,2,157,15700000000,applied
15736000000,15735949315,2,1,157,15720000000,applied
15752000000,15751931166,1,2,157,15710000000,applied
15762000000,15760490547,2,0,157,15720000000,applied
15806000000,15804218421,0,1,158,15800000000,applied
15828000000,15827242210,1,0,158,15810000000,applied
15848000000,15846097485,0,2,158,15800000000,applied
15848000000,15846188513,2,1,158,15820000000,applied
15848000000,15846216820,2,0,158,15820000000,applied
15848000000,15847047437,1,2,158,15810000000,applied
15922000000,15920057850,1,0,159,15910000000,applied
15924000000,15923859650,2,1,159,15920000000,applied
15930000000,15928104748,0,1,159,15900000000,applied
15940000000,15938082091,0,2,159,15900000000,applied
15942000000,15941656459,2,0,159,15920000000,applied
15952000000,15950410315,1,2,159,15910000000,applied
16006000000,16005236932,0,1,160,16000000000,applied
16034000000,16033662252,1,0,160,16010000000,applied
16040000000,16038524883,0,2,160,16000000000,applied
16052000000,16050029101,1,2,160,16010000000,applied
16054000000,16052154434,2,1,160,16020000000,applied
16068000000,16067378722,2,0,160,16020000000,applied
16126000000,16125722040,0,2,161,16100000000,applied
16126000000,16125796028,2,1,161,16120000000,applied
16140000000,16138495106,1,0,161,16110000000,applied
16148000000,16146222461,1,2,161,16110000000,applied
16148000000,16146319990,0,1,161,16100000000,applied
16168000000,16167317855,2,0,161,16120000000,applied
16214000000,16212898041,0,2,162,16200000000,applied
16224000000,16222688569,0,1,162,16200000000,applied
16240000000,16239259155,1,2,162,16210000000,applied
16244000000,16243528803,1,0,162,16210000000,applied
16252000000,16251436219,2,1,162,16220000000,applied
16268000000,16266180739,2,0,162,16220000000,applied
16328000000,16326238117,2,0,163,16320000000,applied
16330000000,16328293943,0,2,163,16300000000,applied
16332000000,16331383544,1,2,163,16310000000,applied
16340000000,16339136722,2,1,163,16320000000,applied
16342000000,16341451461,0,1,163,16300000000,applied
16352000000,16350477105,1,0,163,16310000000,applied
16414000000,16413183000,1,0,164,16410000000,applied
16424000000,16423811368,0,2,164,16400000000,applied
16430000000,16429475694,1,2,164,16410000000,applied
16442000000,16440074184,0,1,164,16400000000,applied
16442000000,16440339689,2,1,164,16420000000,applied
16458000000,16456674545,2,0,164,16420000000,applied
16524000000,16522432759,0,1,165,16500000000,applied
16528000000,16526029948,2,0,165,16520000000,applied
16528000000,16526513584,1,0,165,16510000000,applied
16534000000,16533064225,1,2,165,16510000000,applied
16548000000,16546044230,0,2,165,16500000000,applied
16558000000,16557173684,2,1,165,16520000000,applied
16640000000,16638143376,1,0,166,16610000000,applied
16642000000,16640562879,2,1,166,16620000000,applied
16642000000,16641538144,1,2,166,16610000000,applied
16648000000,16646271223,0,1,166,16600000000,applied
16648000000,16647292733,0,2,166,16600000000,applied
16660000000,16658312735,2,0,166,16620000000,applied
16722000000,16721399597,0,1,167,16700000000,applied
16728000000,16727548673,1,0,167,16710000000,applied
16736000000,16735530897,2,1,167,16720000000,applied
16740000000,16739926394,1,2,167,16710000000,applied
16752000000,16750160797,0,2,167,16700000000,applied
16754000000,16752607902,2,0,167,16720000000,applied
16810000000,16809347334,0,1,168,16800000000,applied
16836000000,16835232264,1,2,168,16810000000,applied
16838000000,16836409599,2,1,168,16820000000,applied
16842000000,16840514640,0,2,168,16800000000,applied
16852000000,16850312338,1,0,168,16810000000,applied
16856000000,16855887200,2,0,168,16820000000,applied
16926000000,16925512652,2,0,169,16920000000,applied
16938000000,16936601681,1,2,169,16910000000,applied
16944000000,16942902630,2,1,169,16920000000,applied
16948000000,16947357433,0,1,169,16900000000,applied
16948000000,16947931905,0,2,169,16900000000,applied
16950000000,16949227700,1,0,169,16910000000,applied
17022000000,17021227135,2,0,170,17020000000,applied
17030000000,17028826031,1,0,170,17010000000,applied
17036000000,17035841075,0,1,170,17000000000,applied
17042000000,17040220489,1,2,170,17010000000,applied
17042000000,17041992085,0,2,170,17000000000,applied
17070000000,17068730965,2,1,170,17020000000,applied
17102000000,17101119859,0,2,171,17100000000,applied
17118000000,17117644482,0,1,171,17100000000,applied
17122000000,17120614260,1,0,171,17110000000,applied
17132000000,17131308104,2,1,171,17120000000,applied
17142000000,17140221994,1,2,171,17110000000,applied
17162000000,17160614656,2,0,171,17120000000,applied
17206000000,17204149509,0,1,172,17200000000,applied
17226000000,17224345905,1,2,172,17210000000,applied
17226000000,17225599216,0,2,172,17200000000,applied
17228000000,17227675000,2,1,172,17220000000,applied
17244000000,17243012012,1,0,172,17210000000,applied
17254000000,17253880306,2,0,172,17220000000,applied
17310000000,17308196286,0,2,173,17300000000,applied
17314000000,17312390188,1,0,173,17310000000,applied
17326000000,17325908025,0,1,173,17300000000,applied
17342000000,17340560353,2,1,173,17320000000,applied
17354000000,17352008888,1,2,173,17310000000,applied
17360000000,17359080677,2,0,173,17320000000,applied
17404000000,17402105284,0,1,174,17400000000,applied
17420000000,17419099504,1,0,174,17410000000,applied
17434000000,17432588442,0,2,174,17400000000,applied
17442000000,17441607912,1,2,174,17410000000,applied
17468000000,17467187171,2,0,174,17420000000,applied
17468000000,17467509363,2,1,174,17420000000,applied
17522000000,17520836779,1,0,175,17510000000,applied
17532000000,17530750759,2,0,175,17520000000,applied
17532000000,17531906563,0,1,175,17500000000,applied
17540000000,17538402627,0,2,175,17500000000,applied
17546000000,17544108437,1,2,175,17510000000,applied
17568000000,17566881091,2,1,175,17520000000,applied
17642000000,17641238738,2,0,176,17620000000,applied
17644000000,17643541137,2,1,176,17620000000,applied
17648000000,17646554943,0,2,176,17600000000,applied
17650000000,17648246880,0,1,176,17600000000,applied
17650000000,17648521495,1,2,176,17610000000,applied
17658000000,17657304276,1,0,176,17610000000,applied
17710000000,17709695138,0,1,177,17700000000,applied
17722000000,17720475834,2,0,177,17720000000,applied
17726000000,17725733681,1,2,177,17710000000,applied
17746000000,17745009841,0,2,177,17700000000,applied
17748000000,17747735614,1,0,177,17710000000,applied
17768000000,17767176653,2,1,177,17720000000,applied
17822000000,17820538676,1,0,178,17810000000,applied
17824000000,17823486223,2,1,178,17820000000,applied
17830000000,17829712970,0,2,178,17800000000,applied
17832000000,17831647977,0,1,178,17800000000,applied
17836000000,17834180584,2,0,178,17820000000,applied
17836000000,17834692341,1,2,178,17810000000,applied
17918000000,17917915865,1,2,179,17910000000,applied
17922000000,17920343310,0,2,179,17900000000,applied
17924000000,17922652926,1,0,179,17910000000,applied
17928000000,17927786556,2,1,179,17920000000,applied
17948000000,17947256736,0,1,179,17900000000,applied
17956000000,17954024462,2,0,179,17920000000,applied
18006000000,18004089469,0,2,180,18000000000,applied
18014000000,18013827254,1,0,180,18010000000,applied
18034000000,18032418755,2,0,180,18020000000,applied
18034000000,18033703518,0,1,180,18000000000,applied
18044000000,18042402522,2,1,180,18020000000,applied
18056000000,18054752503,1,2,180,18010000000,applied
18106000000,18104598720,0,1,181,18100000000,applied
18114000000,18112848401,1,0,181,18110000000,applied
18116000000,18115972368,1,2,181,18110000000,applied
18144000000,18143634277,0,2,181,18100000000,applied
18146000000,18144334519,2,0,181,18120000000,applied
18164000000,18163560164,2,1,181,18120000000,applied
18210000000,18209945806,0,1,182,18200000000,applied
18216000000,18214312299,1,0,182,18210000000,applied
18226000000,18225273971,2,0,182,18220000000,applied
18228000000,18227841906,2,1,182,18220000000,applied
18234000000,18233515055,1,2,182,18210000000,applied
18238000000,18236732007,0,2,182,18200000000,applied
18320000000,18318834108,0,1,183,18300000000,applied
18324000000,18322705444,0,2,183,18300000000,applied
18332000000,18331185639,1,0,183,18310000000,applied
18342000000,18340116483,2,0,183,18320000000,applied
18344000000,18342212689,1,2,183,18310000000,applied
18346000000,18344644117,2,1,183,18320000000,applied
18412000000,18410383253,0,1,184,18400000000,applied
18424000000,18422602312,2,0,184,18420000000,applied
18424000000,18423626536,2,1,184,18420000000,applied
18426000000,18425591148,1,0,184,18410000000,applied
18432000000,18431435921,1,2,184,18410000000,applied
18438000000,18436963187,0,2,184,18400000000,applied
18520000000,18518336284,1,0,185,18510000000,applied
18542000000,18540044676,0,2,185,18500000000,applied
18542000000,18541383534,2,0,185,18520000000,applied
18544000000,18542180946,0,1,185,18500000000,applied
18552000000,18550952379,1,2,185,18510000000,applied
18564000000,18562330631,2,1,185,18520000000,applied
18604000000,18603211696,0,2,186,18600000000,applied
18628000000,18626353751,2,0,186,18620000000,applied
18630000000,18628461864,1,0,186,18610000000,applied
18634000000,18633869770,2,1,186,18620000000,applied
18646000000,18645547126,0,1,186,18600000000,applied
18650000000,18648526381,1,2,186,18610000000,applied
18712000000,18710161594,0,2,187,18700000000,applied
18712000000,18711271040,0,1,187,18700000000,applied
18740000000,18738284642,1,0,187,18710000000,applied
18740000000,18739495711,2,1,187,18720000000,applied
18756000000,18754659954,1,2,187,18710000000,applied
18764000000,18762874804,2,0,187,18720000000,applied
18802000000,18800507059,0,1,188,18800000000,applied
18822000000,18820466356,2,1,188,18820000000,applied
18828000000,18827666465,0,2,188,18800000000,applied
18832000000,18830408935,1,0,188,18810000000,applied
18842000000,18840541240,2,0,188,18820000000,applied
18858000000,18856580842,1,2,188,18810000000,applied
18920000000,18919813493,1,0,189,18910000000,applied
18922000000,18920896214,0,2,189,18900000000,applied
18952000000,18950233893,2,1,189,18920000000,applied
18952000000,18950257219,0,1,189,18900000000,applied
18960000000,18958075003,1,2,189,18910000000,applied
18970000000,18968887650,2,0,189,18920000000,applied
19004000000,19002013866,0,1,190,19000000000,applied
19032000000,19031605292,1,0,190,19010000000,applied
19042000000,19041348446,1,2,190,19010000000,applied
19046000000,19045153609,2,1,190,19020000000,applied
19050000000,19049153793,0,2,190,19000000000,applied
19058000000,19057770164,2,0,190,19020000000,applied
19104000000,19102721473,0,2,191,19100000000,applied
19106000000,19104462546,0,1,191,19100000000,applied
19118000000,19117394378,1,2,191,19110000000,applied
19130000000,19128174801,2,1,191,19120000000,applied
19162000000,19160347737,1,0,191,19110000000,applied
19164000000,19162841051,2,0,191,19120000000,applied
19230000000,19228546403,1,0,192,19210000000,applied
19232000000,19231222662,1,2,192,19210000000,applied
19236000000,19234763557,0,2,192,19200000000,applied
19236000000,19235228974,2,0,192,19220000000,applied
19236000000,19235894902,0,1,192,19200000000,applied
19252000000,19250357343,2,1,192,19220000000,applied
19308000000,19306632580,0,1,193,19300000000,applied
19320000000,19319255196,1,2,193,19310000000,applied
19328000000,19326640946,0,2,193,19300000000,applied
19334000000,19332888570,1,0,193,19310000000,applied
19350000000,19349869368,2,0,193,19320000000,applied
19354000000,19353670246,2,1,193,19320000000,applied
19420000000,19418404695,0,1,194,19400000000,applied
19424000000,19423696207,1,0,194,19410000000,applied
19430000000,19428279078,2,0,194,19420000000,applied
19436000000,19434039903,2,1,194,19420000000,applied
19450000000,19448284326,0,2,194,19400000000,applied
19450000000,19448337733,1,2,194,19410000000,applied
19514000000,19513140822,0,2,195,19500000000,applied
19520000000,19519653966,0,1,195,19500000000,applied
19522000000,19520606259,1,2,195,19510000000,applied
19546000000,19545007315,2,0,195,19520000000,applied
19546000000,19545524526,2,1,195,19520000000,applied
19552000000,19550997814,1,0,195,19510000000,applied
19618000000,19617265440,0,2,196,19600000000,applied
19630000000,19629660142,0,1,196,19600000000,applied
19632000000,19631130252,1,2,196,19610000000,applied
19634000000,19633400687,1,0,196,19610000000,applied
19636000000,19635227203,2,1,196,19620000000,applied
19666000000,19665743841,2,0,196,19620000000,applied
19712000000,19710440514,1,2,197,19710000000,applied
19722000000,19720799609,0,2,197,19700000000,applied
19724000000,19722691965,1,0,197,19710000000,applied
19740000000,19738658033,0,1,197,19700000000,applied
19740000000,19738817108,2,1,197,19720000000,applied
19754000000,19752498735,2,0,197,19720000000,applied
19826000000,19824973775,2,0,198,19820000000,applied
19832000000,19830884394,2,1,198,19820000000,applied
19834000000,19832905959,0,2,198,19800000000,applied
19840000000,19839376180,0,1,198,19800000000,applied
19844000000,19842923809,1,0,198,19810000000,applied
19854000000,19852616230,1,2,198,19810000000,applied
19918000000,19916482901,0,1,199,19900000000,applied
19926000000,19925856929,2,0,199,19920000000,applied
19940000000,19938144212,0,2,199,19900000000,applied
19942000000,19941664944,1,0,199,19910000000,applied
19954000000,19953331394,1,2,199,19910000000,applied
19960000000,19958457636,2,1,199,19920000000,applied
20006000000,20004686196,0,1,200,20000000000,applied
20016000000,20014058671,1,0,200,20010000000,applied
20016000000,20014167958,0,2,200,20000000000,applied
20032000000,20030703537,2,0,200,20020000000,applied
20038000000,20037297588,2,1,200,20020000000,applied
20050000000,20048164496,1,2,200,20010000000,applied
20124000000,20122498609,1,0,201,20110000000,applied
20126000000,20124259405,0,2,201,20100000000,applied
20130000000,20128175186,2,0,201,20120000000,applied
20130000000,20129407671,0,1,201,20100000000,applied
20138000000,20136642461,2,1,201,20120000000,applied
20138000000,20136755759,1,2,201,20110000000,applied
20232000000,20230722463,0,1,202,20200000000,applied
20242000000,20241617641,0,2,202,20200000000,applied
20244000000,20243692080,1,0,202,20210000000,applied
20250000000,20248129430,2,0,202,20220000000,applied
20258000000,20256119974,1,2,202,20210000000,applied
20258000000,20257133545,2,1,202,20220000000,applied
20316000000,20314994268,0,2,203,20300000000,applied
20318000000,20316651500,1,2,203,20310000000,applied
20322000000,20320069298,1,0,203,20310000000,applied
20334000000,20332625678,0,1,203,20300000000,applied
20356000000,20355161252,2,0,203,20320000000,applied
20362000000,20361350602,2,1,203,20320000000,applied
20404000000,20402615232,0,2,204,20400000000,applied
20410000000,20408998024,0,1,204,20400000000,applied
20418000000,20416414098,1,2,204,20410000000,applied
20444000000,20443511112,1,0,204,20410000000,applied
20456000000,20455700804,2,1,204,20420000000,applied
20468000000,20467533513,2,0,204,20420000000,applied
20506000000,20505846842,0,2,205,20500000000,applied
20526000000,20525446391,0,1,205,20500000000,applied
20530000000,20529540058,2,0,205,20520000000,applied
20532000000,20531712226,1,2,205,20510000000,applied
20534000000,20532459686,2,1,205,20520000000,applied
20552000000,20550856379,1,0,205,20510000000,applied
20608000000,20607094013,0,2,206,20600000000,applied
20624000000,20623326171,0,1,206,20600000000,applied
20636000000,20634590584,1,0,206,20610000000,applied
20638000000,20636211065,2,1,206,20620000000,applied
20656000000,20655939075,1,2,206,20610000000,applied
20666000000,20664800865,2,0,206,20620000000,applied
20718000000,20716755841,0,1,207,20700000000,applied
20724000000,20723088606,0,2,207,20700000000,applied
20724000000,20723500205,1,0,207,20710000000,applied
20724000000,20723998844,2,1,207,20720000000,applied
20730000000,20728177089,2,0,207,20720000000,applied
20750000000,20748080932,1,2,207,20710000000,applied
20826000000,20824565113,1,0,208,20810000000,applied
20836000000,20834356581,0,2,208,20800000000,applied
20844000000,20842246142,1,2,208,20810000000,applied
20850000000,20849236025,0,1,208,20800000000,applied
20858000000,20857654785,2,0,208,20820000000,applied
20868000000,20867067360,2,1,208,20820000000,applied
20924000000,20923088306,2,1,209,20920000000,applied
20926000000,20925204789,0,1,209,20900000000,applied
20932000000,20931725132,0,2,209,20900000000,applied
20936000000,20935509803,1,2,209,20910000000,applied
20940000000,20938140402,2,0,209,20920000000,applied
20942000000,20940616624,1,0,209,20910000000,applied
21012000000,21011507993,1,2,210,21010000000,applied
21012000000,21011599832,0,1,210,21000000000,applied
21032000000,21031719935,1,0,210,21010000000,applied
21050000000,21049765523,0,2,210,21000000000,applied
21052000000,21051590808,2,1,210,21020000000,applied
21068000000,21067387535,2,0,210,21020000000,applied
21104000000,21103661953,0,1,211,21100000000,applied
21116000000,21114111922,1,2,211,21110000000,applied
21120000000,21119674014,0,2,211,21100000000,applied
21132000000,21131399472,2,1,211,21120000000,applied
21148000000,21147305896,2,0,211,21120000000,applied
21156000000,21155403139,1,0,211,21110000000,applied
21202000000,21201592313,0,1,212,21200000000,applied
21232000000,21230856788,0,2,212,21200000000,applied
21246000000,21244972688,2,0,212,21220000000,applied
21250000000,21249868894,1,2,212,21210000000,applied
21252000000,21251543504,2,1,212,21220000000,applied
21254000000,21253247938,1,0,212,21210000000,applied
21322000000,21320718494,2,1,213,21320000000,applied
21332000000,21331599410,0,1,213,21300000000,applied
21334000000,21333571952,0,2,213,21300000000,applied
21354000000,21353953496,1,2,213,21310000000,applied
21356000000,21355268128,2,0,213,21320000000,applied
21356000000,21355590689,1,0,213,21310000000,applied
21418000000,21416734723,1,0,214,21410000000,applied
21420000000,21419342816,1,2,214,21410000000,applied
21422000000,21420782540,2,0,214,21420000000,applied
21426000000,21425037586,0,1,214,21400000000,applied
21442000000,21440132891,0,2,214,21400000000,applied
21450000000,21449591598,2,1,214,21420000000,applied
21526000000,21524633995,2,0,215,21520000000,applied
21534000000,21532182138,0,1,215,21500000000,applied
21534000000,21532840413,0,2,215,21500000000,applied
21544000000,21542003207,1,0,215,21510000000,applied
21546000000,21544827116,1,2,215,21510000000,applied
21558000000,21557553106,2,1,215,21520000000,applied
21622000000,21620521932,1,0,216,21610000000,applied
21634000000,21633016310,0,2,216,21600000000,applied
21636000000,21635138407,2,1,216,21620000000,applied
21646000000,21644399058,1,2,216,21610000000,applied
21650000000,21648577474,0,1,216,21600000000,applied
21670000000,21668611696,2,0,216,21620000000,applied
21710000000,21708203209,0,1,217,21700000000,applied
21712000000,21711554920,1,0,217,21710000000,applied
21718000000,21717118319,0,2,217,21700000000,applied
21752000000,21751808433,1,2,217,21710000000,applied
21768000000,21767122654,2,1,217,21720000000,applied
21772000000,21770212914,2,0,217,21720000000,applied
21820000000,21819237670,0,1,218,21800000000,applied
21846000000,21844256495,1,0,218,21810000000,applied
21848000000,21846009069,0,2,218,21800000000,applied
21848000000,21847233870,1,2,218,21810000000,applied
21850000000,21848086165,2,0,218,21820000000,applied
21864000000,21863970498,2,1,218,21820000000,applied
21918000000,21917431455,0,2,219,21900000000,applied
21920000000,21919035703,1,0,219,21910000000,applied
21920000000,21919998020,1,2,219,21910000000,applied
21938000000,21937678759,2,0,219,21920000000,applied
21944000000,21942992302,0,1,219,21900000000,applied
21948000000,21946464171,2,1,219,21920000000,applied
22018000000,22016816719,1,0,220,22010000000,applied
22020000000,22018495475,1,2,220,22010000000,applied
22032000000,22031975056,2,1,220,22020000000,applied
22040000000,22039057332,0,1,220,22000000000,applied
22042000000,22041831806,0,2,220,22000000000,applied
22056000000,22055421004,2,0,220,22020000000,applied
22126000000,22124750954,0,1,221,22100000000,applied
22142000000,22140284392,0,2,221,22100000000,applied
22150000000,22149468787,1,0,221,22110000000,applied
22152000000,22150174438,1,2,221,22110000000,applied
22160000000,22158341133,2,0,221,22120000000,applied
22164000000,22162159735,2,1,221,22120000000,applied
22202000000,22200998544,0,1,222,22200000000,applied
22208000000,22206289615,0,2,222,22200000000,applied
22212000000,22211454058,1,0,222,22210000000,applied
22220000000,22218732054,1,2,222,22210000000,applied
22230000000,22229388188,2,0,222,22220000000,applied
22232000000,22230702184,2,1,222,22220000000,applied
22318000000,22317902866,0,1,223,22300000000,applied
22322000000,22320921970,2,0,223,22320000000,applied
22338000000,22337524782,0,2,223,22300000000,applied
22340000000,22338197228,1,0,223,22310000000,applied
22342000000,22341497967,1,2,223,22310000000,applied
22352000000,22350574241,2,1,223,22320000000,applied
22410000000,22409071973,0,1,224,22400000000,applied
22418000000,22417836236,1,2,224,22410000000,applied
22434000000,22432682409,2,0,224,22420000000,applied
22434000000,22433561237,0,2,224,22400000000,applied
22440000000,22438924503,1,0,224,22410000000,applied
22468000000,22466881738,2,1,224,22420000000,applied
22518000000,22517984878,0,1,225,22500000000,applied
22528000000,22527499976,1,0,225,22510000000,applied
22540000000,22539549416,1,2,225,22510000000,applied
22548000000,22546420791,0,2,225,22500000000,applied
22560000000,22558005391,2,0,225,22520000000,applied
22562000000,22560959965,2,1,225,22520000000,applied
22602000000,22600748839,0,2,226,22600000000,applied
22626000000,22625644949,1,0,226,22610000000,applied
22648000000,22646360922,2,0,226,22620000000,applied
22648000000,22647679581,0,1,226,22600000000,applied
22650000000,22648923876,1,2,226,22610000000,applied
22652000000,22651135271,2,1,226,22620000000,applied
22718000000,22717645504,1,0,227,22710000000,applied
22722000000,22721592420,2,0,227,22720000000,applied
22734000000,22732924422,0,2,227,22700000000,applied
22740000000,22739658576,1,2,227,22710000000,applied
22742000000,22741628079,0,1,227,22700000000,applied
22748000000,22747813447,2,1,227,22720000000,applied
22806000000,22805761595,0,2,228,22800000000,applied
22816000000,22814116915,0,1,228,22800000000,applied
22840000000,22838478401,2,1,228,22820000000,applied
22840000000,22838828977,2,0,228,22820000000,applied
22854000000,22852053212,1,2,228,22810000000,applied
22860000000,22859437065,1,0,228,22810000000,applied
22904000000,22902106388,0,1,229,22900000000,applied
22926000000,22925148044,0,2,229,22900000000,applied
22936000000,22934630138,1,2,229,22910000000,applied
22940000000,22938418192,2,1,229,22920000000,applied
22942000000,22940955041,1,0,229,22910000000,applied
22958000000,22957987304,2,0,229,22920000000,applied
23022000000,23021325667,2,0,230,23020000000,applied
23024000000,23022087677,0,2,230,23000000000,applied
23028000000,23026484196,2,1,230,23020000000,applied
23044000000,23042234377,0,1,230,23000000000,applied
23048000000,23046822963,1,2,230,23010000000,applied
23060000000,23059650406,1,0,230,23010000000,applied
23108000000,23106754854,0,1,231,23100000000,applied
23120000000,23118317182,1,0,231,23110000000,applied
23128000000,23127000449,1,2,231,23110000000,applied
23134000000,23133597582,0,2,231,23100000000,applied
23142000000,23141387034,2,1,231,23120000000,applied
23152000000,23150773883,2,0,231,23120000000,applied
23218000000,23217084263,1,2,232,23210000000,applied
23222000000,23220890304,1,0,232,23210000000,applied
23230000000,23229276201,0,2,232,23200000000,applied
23244000000,23243505942,2,0,232,23220000000,applied
23246000000,23245489899,0,1,232,23200000000,applied
23260000000,23258343590,2,1,232,23220000000,applied
23308000000,23307295207,0,2,233,23300000000,applied
23320000000,23319150749,1,2,233,23310000000,applied
23338000000,23336641864,0,1,233,23300000000,applied
23348000000,23346348886,2,1,233,23320000000,applied
23348000000,23346454395,1,0,233,23310000000,applied
23358000000,23356778679,2,0,233,23320000000,applied
23402000000,23401219836,0,2,234,23400000000,applied
23412000000,23411653717,0,1,234,23400000000,applied
23424000000,23423728661,1,2,234,23410000000,applied
23426000000,23424521629,1,0,234,23410000000,applied
23434000000,23432045703,2,0,234,23420000000,applied
23470000000,23469564500,2,1,234,23420000000,applied
23508000000,23506983232,0,2,235,23500000000,applied
23522000000,23521518415,1,0,235,23510000000,applied
23532000000,23531429184,2,0,235,23520000000,applied
23542000000,23541295383,2,1,235,23520000000,applied
23550000000,23548234459,0,1,235,23500000000,applied
23552000000,23550985023,1,2,235,23510000000,applied
23618000000,23617725343,1,0,236,23610000000,applied
23624000000,23623398832,2,1,236,23620000000,applied
23630000000,23629228617,1,2,236,23610000000,applied
23634000000,23632776990,0,2,236,23600000000,applied
23638000000,23636180519,0,1,236,23600000000,applied
23664000000,23663835284,2,0,236,23620000000,applied
23706000000,23705987897,0,1,237,23700000000,applied
23720000000,23719912343,0,2,237,23700000000,applied
23740000000,23738821493,2,1,237,23720000000,applied
23742000000,23741540607,2,0,237,23720000000,applied
23742000000,23741612024,1,2,237,23710000000,applied
23744000000,23742879094,1,0,237,23710000000,applied
23804000000,23802305143,0,2,238,23800000000,applied
23816000000,23814757610,1,2,238,23810000000,applied
23824000000,23822110119,1,0,238,23810000000,applied
23838000000,23836834465,0,1,238,23800000000,applied
23838000000,23837057629,2,1,238,23820000000,applied
23842000000,23841664453,2,0,238,23820000000,applied
23914000000,23913232577,0,1,239,23900000000,applied
23926000000,23924152072,1,0,239,23910000000,applied
23936000000,23935350776,2,1,239,23920000000,applied
23948000000,23946008860,1,2,239,23910000000,applied
23952000000,23950046308,0,2,239,23900000000,applied
23966000000,23965989095,2,0,239,23920000000,applied
24012000000,24010258677,0,1,240,24000000000,applied
24020000000,24018222191,1,2,240,24010000000,applied
24024000000,24022163018,1,0,240,24010000000,applied
24024000000,24022899757,0,2,240,24000000000,applied
24058000000,24056845676,2,1,240,24020000000,applied
24066000000,24065816775,2,0,240,24020000000,applied
24132000000,24130570981,1,0,241,24110000000,applied
24134000000,24133183880,0,1,241,24100000000,applied
24136000000,24135951737,0,2,241,24100000000,applied
24150000000,24148707677,2,1,241,24120000000,applied
24154000000,24152010843,2,0,241,24120000000,applied
24160000000,24158155450,1,2,241,24110000000,applied
24224000000,24222873481,0,2,242,24200000000,applied
24232000000,24230474647,0,1,242,24200000000,applied
24232000000,24231119561,1,0,242,24210000000,applied
24246000000,24244818957,2,1,242,24220000000,applied
24252000000,24250774136,1,2,242,24210000000,applied
24266000000,24265642768,2,0,242,24220000000,applied
24312000000,24311829312,1,2,243,24310000000,applied
24324000000,24323199348,2,1,243,24320000000,applied
24346000000,24345244244,1,0,243,24310000000,applied
24348000000,24346225925,0,1,243,24300000000,applied
24350000000,24348675236,0,2,243,24300000000,applied
24350000000,24349962767,2,0,243,24320000000,applied
24414000000,24413952188,0,2,244,24400000000,applied
24418000000,24416436516,1,0,244,24410000000,applied
24422000000,24421004261,1,2,244,24410000000,applied
24432000000,24430487261,2,0,244,24420000000,applied
24436000000,24435138246,0,1,244,24400000000,applied
24470000000,24469471984,2,1,244,24420000000,applied
24506000000,24505594348,0,1,245,24500000000,applied
24512000000,24511719042,1,2,245,24510000000,applied
24544000000,24542072297,1,0,245,24510000000,applied
24550000000,24548465693,0,2,245,24500000000,applied
24554000000,24552927482,2,0,245,24520000000,applied
24560000000,24558087619,2,1,245,24520000000,applied
24628000000,24627973546,0,1,246,24600000000,applied
24636000000,24634227288,2,1,246,24620000000,applied
24640000000,24638863263,1,2,246,24610000000,applied
24642000000,24640023808,1,0,246,24610000000,applied
24648000000,24646046821,2,0,246,24620000000,applied
24648000000,24647487961,0,2,246,24600000000,applied
24708000000,24707024373,0,2,247,24700000000,applied
24722000000,24720474580,2,1,247,24720000000,applied
24728000000,24726291545,1,2,247,24710000000,applied
24730000000,24728334765,2,0,247,24720000000,applied
24732000000,24730758997,1,0,247,24710000000,applied
24738000000,24737265723,0,1,247,24700000000,applied
24836000000,24834430668,0,1,248,24800000000,applied
24842000000,24840077583,0,2,248,24800000000,applied
24844000000,24842783205,1,2,248,24810000000,applied
24854000000,24852084570,2,1,248,24820000000,applied
24854000000,24853248887,1,0,248,24810000000,applied
24864000000,24862168718,2,0,248,24820000000,applied
24928000000,24927337196,1,0,249,24910000000,applied
24934000000,24933813804,0,1,249,24900000000,applied
24936000000,24934942045,1,2,249,24910000000,applied
24938000000,24936124441,0,2,249,24900000000,applied
24944000000,24943216123,2,0,249,24920000000,applied
24964000000,24962685948,2,1,249,24920000000,applied
25022000000,25021540818,0,1,250,25000000000,applied
25024000000,25022752392,1,2,250,25010000000,applied
25030000000,25028165805,0,2,250,25000000000,applied
25046000000,25044751494,2,0,250,25020000000,applied
25054000000,25053151599,2,1,250,25020000000,applied
25060000000,25059810034,1,0,250,25010000000,applied
25104000000,25103400606,0,1,251,25100000000,applied
25114000000,25112002626,0,2,251,25100000000,applied
25124000000,25122185927,1,2,251,25110000000,applied
25156000000,25154991283,1,0,251,25110000000,applied
25164000000,25162805853,2,1,251,25120000000,applied
25168000000,25166398902,2,0,251,25120000000,applied
25212000000,25211297177,1,0,252,25210000000,applied
25212000000,25211764288,0,1,252,25200000000,applied
25214000000,25213427666,0,2,252,25200000000,applied
25218000000,25217346880,1,2,252,25210000000,applied
25240000000,25239907342,2,0,252,25220000000,applied
25250000000,25248738396,2,1,252,25220000000,applied
25310000000,25309387760,0,2,253,25300000000,applied
25320000000,25319888140,0,1,253,25300000000,applied
25338000000,25337772714,2,1,253,25320000000,applied
25346000000,25344770056,1,2,253,25310000000,applied
25356000000,25354584491,1,0,253,25310000000,applied
25368000000,25366905551,2,0,253,25320000000,applied
25414000000,25412991248,0,2,254,25400000000,applied
25444000000,25442257054,1,0,254,25410000000,applied
25444000000,25442612112,1,2,254,25410000000,applied
25446000000,25444052059,0,1,254,25400000000,applied
25454000000,25453890460,2,1,254,25420000000,applied
25458000000,25456124428,2,0,254,25420000000,applied
25522000000,25520847609,1,2,255,25510000000,applied
25528000000,25526553321,1,0,255,25510000000,applied
25532000000,25531945330,0,1,255,25500000000,applied
25534000000,25533014693,2,0,255,25520000000,applied
25546000000,25545301792,0,2,255,25500000000,applied
25546000000,25545482094,2,1,255,25520000000,applied
25636000000,25635301250,1,0,256,25610000000,applied
25638000000,25636097058,2,1,256,25620000000,applied
25642000000,25640365329,0,2,256,25600000000,applied
25646000000,25645056541,0,1,256,25600000000,applied
25654000000,25653157059,1,2,256,25610000000,applied
25668000000,25666641967,2,0,256,25620000000,applied
25718000000,25717541512,0,2,257,25700000000,applied
25724000000,25722945906,1,2,257,25710000000,applied
25728000000,25727916189,2,1,257,25720000000,applied
25742000000,25740179021,0,1,257,25700000000,applied
25752000000,25751778143,1,0,257,25710000000,applied
25770000000,25768500458,2,0,257,25720000000,applied
25808000000,25807446896,0,1,258,25800000000,applied
25816000000,25815263319,0,2,258,25800000000,applied
25828000000,25827566706,1,0,258,25810000000,applied
25834000000,25833451181,2,0,258,25820000000,applied
25850000000,25848387314,1,2,258,25810000000,applied
25864000000,25863671154,2,1,258,25820000000,applied
25924000000,25922764269,2,0,259,25920000000,applied
25926000000,25924322232,0,1,259,25900000000,applied
25928000000,25926652445,2,1,259,25920000000,applied
25934000000,25932374418,0,2,259,25900000000,applied
25934000000,25932691546,1,2,259,25910000000,applied
25960000000,25959219586,1,0,259,25910000000,applied
26008000000,26006860254,0,2,260,26000000000,applied
26026000000,26024200711,1,0,260,26010000000,applied
26032000000,26031596062,2,0,260,26020000000,applied
26036000000,26034949708,1,2,260,26010000000,applied
26040000000,26039545814,0,1,260,26000000000,applied
26044000000,26042125148,2,1,260,26020000000,applied
26110000000,26108502774,0,2,261,26100000000,applied
26118000000,26116308131,1,0,261,26110000000,applied
26118000000,26116803960,0,1,261,26100000000,applied
26122000000,26121031472,1,2,261,26110000000,applied
26152000000,26151864116,2,1,261,26120000000,applied
26154000000,26152237685,2,0,261,26120000000,applied
26202000000,26201083079,0,2,262,26200000000,applied
26216000000,26214334793,1,2,262,26210000000,applied
26228000000,26227626138,0,1,262,26200000000,applied
26230000000,26229897149,1,0,262,26210000000,applied
26260000000,26258163497,2,1,262,26220000000,applied
26262000000,26261172811,2,0,262,26220000000,applied
26324000000,26322208190,2,1,263,26320000000,applied
26328000000,26326100096,1,0,263,26310000000,applied
26332000000,26331084685,0,2,263,26300000000,applied
26338000000,26336742206,0,1,263,26300000000,applied
26340000000,26338128759,2,0,263,26320000000,applied
26346000000,26344719114,1,2,263,26310000000,applied
26418000000,26416678863,1,0,264,26410000000,applied
26428000000,26427492252,1,2,264,26410000000,applied
26430000000,26429596367,0,2,264,26400000000,applied
26434000000,26432239297,0,1,264,26400000000,applied
26448000000,26447976353,2,1,264,26420000000,applied
26454000000,26453916223,2,0,264,26420000000,applied
26508000000,26507813558,0,2,265,26500000000,applied
26512000000,26510089502,0,1,265,26500000000,applied
26526000000,26525601599,2,1,265,26520000000,applied
26550000000,26548832495,1,0,265,26510000000,applied
26562000000,26560067734,2,0,265,26520000000,applied
26562000000,26560223580,1,2,265,26510000000,applied
26618000000,26617646667,0,1,266,26600000000,applied
26630000000,26629139773,0,2,266,26600000000,applied
26648000000,26646597182,1,0,266,26610000000,applied
26650000000,26649259215,2,1,266,26620000000,applied
26652000000,26650152501,1,2,266,26610000000,applied
26656000000,26654778461,2,0,266,26620000000,applied
26724000000,26722325851,0,2,267,26700000000,applied
26734000000,26733096858,0,1,267,26700000000,applied
26738000000,26736103853,1,0,267,26710000000,applied
26750000000,26748274894,1,2,267,26710000000,applied
26752000000,26750202042,2,1,267,26720000000,applied
26770000000,26768572908,2,0,267,26720000000,applied
26820000000,26818050797,0,2,268,26800000000,applied
26822000000,26820789927,0,1,268,26800000000,applied
26824000000,26823478097,2,1,268,26820000000,applied
26832000000,26830416257,1,0,268,26810000000,applied
26846000000,26845626327,2,0,268,26820000000,applied
26860000000,26858031446,1,2,268,26810000000,applied
26924000000,26922590028,0,2,269,26900000000,applied
26930000000,26929893113,0,1,269,26900000000,applied
26944000000,26942598563,1,0,269,26910000000,applied
26946000000,26945366714,2,1,269,26920000000,applied
26950000000,26949870726,2,0,269,26920000000,applied
26960000000,26959060438,1,2,269,26910000000,applied
27012000000,27010920056,0,2,270,27000000000,applied
27016000000,27014185240,1,0,270,27010000000,applied
27024000000,27023559352,1,2,270,27010000000,applied
27042000000,27041326407,2,0,270,27020000000,applied
27048000000,27046368244,0,1,270,27000000000,applied
27054000000,27052695008,2,1,270,27020000000,applied
27124000000,27123817004,0,2,271,27100000000,applied
27126000000,27124407146,2,0,271,27120000000,applied
27132000000,27130593142,1,0,271,27110000000,applied
27134000000,27132744213,2,1,271,27120000000,applied
27138000000,27136908622,0,1,271,27100000000,applied
27140000000,27138341924,1,2,271,27110000000,applied
27218000000,27217304981,1,0,272,27210000000,applied
27238000000,27237731490,2,0,272,27220000000,applied
27242000000,27241028449,0,2,272,27200000000,applied
27246000000,27244843082,0,1,272,27200000000,applied
27256000000,27255090387,1,2,272,27210000000,applied
27266000000,27264937126,2,1,272,27220000000,applied
27322000000,27321964252,0,2,273,27300000000,applied
27332000000,27330392590,1,0,273,27310000000,applied
27332000000,27331364458,0,1,273,27300000000,applied
27334000000,27333027949,1,2,273,27310000000,applied
27340000000,27338237345,2,0,273,27320000000,applied
27346000000,27344848715,2,1,273,27320000000,applied
27424000000,27423917791,0,1,274,27400000000,applied
27444000000,27442179862,1,2,274,27410000000,applied
27448000000,27446355882,0,2,274,27400000000,applied
27448000000,27446549102,1,0,274,27410000000,applied
27456000000,27454182483,2,1,274,27420000000,applied
27470000000,27468761878,2,0,274,27420000000,applied
27534000000,27533038813,1,2,275,27510000000,applied
27534000000,27533987790,2,1,275,27520000000,applied
27536000000,27534930884,0,1,275,27500000000,applied
27542000000,27540795389,2,0,275,27520000000,applied
27542000000,27541327974,1,0,275,27510000000,applied
27546000000,27545841658,0,2,275,27500000000,applied
27634000000,27632050234,0,1,276,27600000000,applied
27636000000,27635971614,0,2,276,27600000000,applied
27650000000,27648567367,1,2,276,27610000000,applied
27652000000,27651411839,2,1,276,27620000000,applied
27656000000,27655627014,2,0,276,27620000000,applied
27658000000,27656333816,1,0,276,27610000000,applied
27710000000,27708461885,0,2,277,27700000000,applied
27712000000,27710704678,1,0,277,27710000000,applied
27738000000,27737213266,2,0,277,27720000000,applied
27744000000,27742824656,1,2,277,27710000000,applied
27750000000,27748226656,0,1,277,27700000000,applied
27760000000,27759347836,2,1,277,27720000000,applied
27828000000,27827669005,0,1,278,27800000000,applied
27836000000,27835094031,0,2,278,27800000000,applied
27844000000,27843697477,1,2,278,27810000000,applied
27848000000,27846102763,2,1,278,27820000000,applied
27848000000,27847978903,1,0,278,27810000000,applied
27856000000,27855787491,2,0,278,27820000000,applied
27908000000,27906913658,0,2,279,27900000000,applied
27922000000,27921713109,1,0,279,27910000000,applied
27934000000,27933239335,0,1,279,27900000000,applied
27934000000,27933376143,2,0,279,27920000000,applied
27934000000,27933752140,1,2,279,27910000000,applied
27966000000,27965040332,2,1,279,27920000000,applied
28004000000,28002564073,0,1,280,28000000000,applied
28012000000,28010826549,1,0,280,28010000000,applied
28026000000,28024371359,1,2,280,28010000000,applied
28026000000,28025642736,2,1,280,28020000000,applied
28036000000,28035900187,2,0,280,28020000000,applied
28050000000,28048295404,0,2,280,28000000000,applied
28106000000,28105593229,0,1,281,28100000000,applied
28122000000,28121759358,1,2,281,28110000000,applied
28128000000,28126194543,0,2,281,28100000000,applied
28148000000,28146846996,2,1,281,28120000000,applied
28148000000,28146877315,2,0,281,28120000000,applied
28158000000,28157973424,1,0,281,28110000000,applied
28206000000,28204676688,0,2,282,28200000000,applied
28216000000,28214986235,1,0,282,28210000000,applied
28218000000,28216769759,0,1,282,28200000000,applied
28226000000,28225404184,1,2,282,28210000000,applied
28244000000,28243400123,2,0,282,28220000000,applied
28252000000,28250933819,2,1,282,28220000000,applied
28308000000,28306022016,0,1,283,28300000000,applied
28314000000,28313427199,1,0,283,28310000000,applied
28318000000,28316159401,0,2,283,28300000000,applied
28330000000,28328218838,2,1,283,28320000000,applied
28330000000,28328883376,2,0,283,28320000000,applied
28344000000,28343396360,1,2,283,28310000000,applied
28416000000,28415580509,0,1,284,28400000000,applied
28418000000,28417180324,0,2,284,28400000000,applied
28434000000,28433922423,1,0,284,28410000000,applied
28438000000,28437441261,2,1,284,28420000000,applied
28444000000,28443183460,2,0,284,28420000000,applied
28446000000,28444246398,1,2,284,28410000000,applied
28508000000,28506939297,0,1,285,28500000000,applied
28516000000,28515037455,1,2,285,28510000000,applied
28524000000,28523450975,0,2,285,28500000000,applied
28538000000,28536545355,1,0,285,28510000000,applied
28546000000,28545405216,2,0,285,28520000000,applied
28570000000,28568408577,2,1,285,28520000000,applied
28618000000,28617851178,0,1,286,28600000000,applied
28622000000,28621231151,0,2,286,28600000000,applied
28636000000,28635160462,1,2,286,28610000000,applied
28654000000,28652333883,2,1,286,28620000000,applied
28658000000,28657862722,1,0,286,28610000000,applied
28670000000,28669853222,2,0,286,28620000000,applied
28724000000,28722941336,2,1,287,28720000000,applied
28726000000,28724202531,2,0,287,28720000000,applied
28732000000,28731461365,0,2,287,28700000000,applied
28734000000,28732076248,1,0,287,28710000000,applied
28742000000,28740772261,0,1,287,28700000000,applied
28758000000,28757551538,1,2,287,28710000000,applied
28816000000,28814400943,0,2,288,28800000000,applied
28828000000,28827588960,2,0,288,28820000000,applied
28842000000,28840355476,0,1,288,28800000000,applied
28852000000,28850413700,2,1,288,28820000000,applied
28854000000,28853166570,1,0,288,28810000000,applied
28856000000,28855882756,1,2,288,28810000000,applied
28902000000,28901912288,0,1,289,28900000000,applied
28924000000,28923619366,1,0,289,28910000000,applied
28928000000,28927462229,0,2,289,28900000000,applied
28936000000,28934828317,2,0,289,28920000000,applied
28940000000,28938852735,1,2,289,28910000000,applied
28964000000,28962691158,2,1,289,28920000000,applied
29038000000,29036007825,2,1,290,29020000000,applied
29038000000,29037110711,1,2,290,29010000000,applied
29042000000,29041767612,0,1,290,29000000000,applied
29046000000,29044062845,1,0,290,29010000000,applied
29046000000,29045656625,0,2,290,29000000000,applied
29064000000,29063953070,2,0,290,29020000000,applied
29114000000,29112320144,0,1,291,29100000000,applied
29114000000,29113019704,1,2,291,29110000000,applied
29122000000,29120950227,2,1,291,29120000000,applied
29134000000,29132924533,0,2,291,29100000000,applied
29134000000,29133526352,2,0,291,29120000000,applied
29154000000,29153447123,1,0,291,29110000000,applied
29204000000,29202192728,0,1,292,29200000000,applied
29224000000,29223821683,2,1,292,29220000000,applied
29232000000,29230828602,1,0,292,29210000000,applied
29236000000,29235869600,1,2,292,29210000000,applied
29238000000,29237158058,0,2,292,29200000000,applied
29248000000,29246394328,2,0,292,29220000000,applied
29316000000,29315898169,1,0,293,29310000000,applied
29322000000,29321831663,0,2,293,29300000000,applied
29324000000,29322055948,2,0,293,29320000000,applied
29340000000,29338041114,1,2,293,29310000000,applied
29340000000,29339620867,0,1,293,29300000000,applied
29370000000,29369061282,2,1,293,29320000000,applied
29416000000,29414155300,0,2,294,29400000000,applied
29420000000,29418044024,0,1,294,29400000000,applied
29426000000,29424952304,1,2,294,29410000000,applied
29430000000,29429404040,1,0,294,29410000000,applied
29458000000,29456732899,2,1,294,29420000000,applied
29466000000,29465426278,2,0,294,29420000000,applied
29528000000,29527213385,0,1,295,29500000000,applied
29534000000,29532434808,0,2,295,29500000000,applied
29536000000,29534363205,2,1,295,29520000000,applied
29540000000,29538313400,1,2,295,29510000000,applied
29552000000,29550173784,1,0,295,29510000000,applied
29568000000,29567453472,2,0,295,29520000000,applied
29606000000,29604163178,0,2,296,29600000000,applied
29628000000,29626111326,0,1,296,29600000000,applied
29628000000,29627748141,2,1,296,29620000000,applied
29636000000,29635938518,1,2,296,29610000000,applied
29638000000,29637959777,1,0,296,29610000000,applied
29662000000,29661250303,2,0,296,29620000000,applied
29712000000,29711111106,1,2,297,29710000000,applied
29716000000,29714003817,1,0,297,29710000000,applied
29716000000,29714633241,0,1,297,29700000000,applied
29724000000,29722836849,0,2,297,29700000000,applied
29760000000,29759436897,2,0,297,29720000000,applied
29772000000,29770010825,2,1,297,29720000000,applied
29818000000,29817552352,0,2,298,29800000000,applied
29824000000,29823945864,1,2,298,29810000000,applied
29826000000,29824107581,2,1,298,29820000000,applied
29830000000,29828553113,0,1,298,29800000000,applied
29840000000,29838980381,1,0,298,29810000000,applied
29854000000,29852054364,2,0,298,29820000000,applied
29918000000,29916772101,0,2,299,29900000000,applied
29924000000,29922957867,2,0,299,29920000000,applied
29926000000,29925199645,1,2,299,29910000000,applied
29932000000,29931075252,0,1,299,29900000000,applied
29940000000,29939264651,1,0,299,29910000000,applied
29964000000,29962309271,2,1,299,29920000000,applied
30016000000,30015641563,0,2,300,30000000000,applied
30030000000,30028161345,2,0,300,30020000000,applied
30032000000,30031221811,1,2,300,30010000000,applied
30034000000,30032975434,0,1,300,30000000000,applied
30054000000,30053848898,2,1,300,30020000000,applied
30058000000,30056597727,1,0,300,30010000000,applied
30120000000,30118099494,0,2,301,30100000000,applied
30134000000,30132309164,1,2,301,30110000000,applied
30144000000,30143381636,0,1,301,30100000000,applied
30150000000,30149718459,2,1,301,30120000000,applied
30156000000,30154120377,2,0,301,30120000000,applied
30158000000,30156330750,1,0,301,30110000000,applied
30230000000,30229003084,0,1,302,30200000000,applied
30234000000,30232311457,1,0,302,30210000000,applied
30236000000,30234335438,1,2,302,30210000000,applied
30252000000,30250137673,0,2,302,30200000000,applied
30252000000,30251639232,2,1,302,30220000000,applied
30258000000,30256286907,2,0,302,30220000000,applied
30316000000,30314745435,0,2,303,30300000000,applied
30318000000,30317254801,1,2,303,30310000000,applied
30324000000,30323110518,2,1,303,30320000000,applied
30342000000,30341207202,0,1,303,30300000000,applied
30346000000,30345361423,1,0,303,30310000000,applied
30360000000,30359841283,2,0,303,30320000000,applied
30402000000,30401338478,0,1,304,30400000000,applied
30428000000,30426834396,0,2,304,30400000000,applied
30432000000,30430667436,2,0,304,30420000000,applied
30434000000,30432690730,2,1,304,30420000000,applied
30436000000,30434542161,1,0,304,30410000000,applied
30448000000,30446262461,1,2,304,30410000000,applied
30528000000,30527614543,0,1,305,30500000000,applied
30534000000,30533235952,1,2,305,30510000000,applied
30546000000,30544354059,2,0,305,30520000000,applied
30552000000,30550069974,0,2,305,30500000000,applied
30558000000,30556356756,1,0,305,30510000000,applied
30568000000,30566726133,2,1,305,30520000000,applied
30616000000,30614106534,1,2,306,30610000000,applied
30618000000,30616035707,0,2,306,30600000000,applied
30630000000,30629119215,0,1,306,30600000000,applied
30638000000,30636187393,1,0,306,30610000000,applied
30660000000,30658641924,2,1,306,30620000000,applied
30662000000,30661266486,2,0,306,30620000000,applied
30718000000,30717613284,0,1,307,30700000000,applied
30724000000,30723551789,1,2,307,30710000000,applied
30730000000,30728418886,2,1,307,30720000000,applied
30746000000,30744657646,0,2,307,30700000000,applied
30754000000,30753355091,1,0,307,30710000000,applied
30768000000,30766782599,2,0,307,30720000000,applied
30836000000,30834054922,2,0,308,30820000000,applied
30836000000,30835535636,1,0,308,30810000000,applied
30848000000,30846267711,0,1,308,30800000000,applied
30848000000,30846924249,0,2,308,30800000000,applied
30856000000,30855281629,2,1,308,30820000000,applied
30856000000,30855539778,1,2,308,30810000000,applied
30912000000,30910253834,0,1,309,30900000000,applied
30922000000,30921999090,2,0,309,30920000000,applied
30926000000,30925228566,2,1,309,30920000000,applied
30932000000,30930896927,1,0,309,30910000000,applied
30942000000,30940230148,0,2,309,30900000000,applied
30954000000,30952618802,1,2,309,30910000000,applied
31020000000,31019980761,1,0,310,31010000000,applied
31024000000,31023549681,0,2,310,31000000000,applied
31032000000,31030107535,1,2,310,31010000000,applied
31040000000,31039235288,0,1,310,31000000000,applied
31042000000,31040029294,2,1,310,31020000000,applied
31066000000,31065877860,2,0,310,31020000000,applied
31116000000,31115246996,0,1,311,31100000000,applied
31122000000,31121550356,2,1,311,31120000000,applied
31124000000,31122346434,1,0,311,31110000000,applied
31126000000,31124502481,2,0,311,31120000000,applied
31126000000,31125920497,0,2,311,31100000000,applied
31132000000,31131517716,1,2,311,31110000000,applied
31222000000,31221016600,1,0,312,31210000000,applied
31232000000,31230111415,2,1,312,31220000000,applied
31232000000,31231627722,0,1,312,31200000000,applied
31242000000,31241919123,0,2,312,31200000000,applied
31244000000,31243935926,1,2,312,31210000000,applied
31256000000,31254438659,2,0,312,31220000000,applied
31316000000,31314155225,1,2,313,31310000000,applied
31322000000,31321061972,0,2,313,31300000000,applied
31332000000,31331002387,2,1,313,31320000000,applied
31334000000,31333317117,2,0,313,31320000000,applied
31344000000,31342313302,1,0,313,31310000000,applied
31350000000,31348311313,0,1,313,31300000000,applied
31426000000,31425478500,0,2,314,31400000000,applied
31436000000,31434287710,2,1,314,31420000000,applied
31448000000,31447823992,0,1,314,31400000000,applied
31456000000,31455081259,2,0,314,31420000000,applied
31456000000,31455985102,1,0,314,31410000000,applied
31460000000,31459019000,1,2,314,31410000000,applied
31516000000,31515430500,0,2,315,31500000000,applied
31524000000,31522503898,2,1,315,31520000000,applied
31526000000,31525660201,0,1,315,31500000000,applied
31530000000,31529184798,1,0,315,31510000000,applied
31540000000,31539351634,1,2,315,31510000000,applied
31564000000,31563769914,2,0,315,31520000000,applied
31616000000,31614290948,0,1,316,31600000000,applied
31616000000,31614426194,0,2,316,31600000000,applied
31624000000,31622854254,1,2,316,31610000000,applied
31644000000,31642447680,2,1,316,31620000000,applied
31646000000,31645169843,1,0,316,31610000000,applied
31658000000,31656239771,2,0,316,31620000000,applied
31704000000,31702441267,0,2,317,31700000000,applied
31714000000,31712222788,0,1,317,31700000000,applied
31728000000,31727816557,1,2,317,31710000000,applied
31736000000,31735891581,1,0,317,31710000000,applied
31744000000,31743105328,2,1,317,31720000000,applied
31764000000,31762428426,2,0,317,31720000000,applied
31816000000,31814342175,1,2,318,31810000000,applied
31828000000,31827782106,1,0,318,31810000000,applied
31836000000,31835549393,0,2,318,31800000000,applied
31840000000,31838078700,2,0,318,31820000000,applied
31840000000,31839014340,0,1,318,31800000000,applied
31852000000,31850008664,2,1,318,31820000000,applied
31912000000,31911250750,1,2,319,31910000000,applied
31918000000,31916296079,0,1,319,31900000000,applied
31924000000,31922294933,2,1,319,31920000000,applied
31928000000,31926160666,0,2,319,31900000000,applied
31948000000,31947741562,2,0,319,31920000000,applied
31954000000,31953450179,1,0,319,31910000000,applied
32002000000,32001556759,0,2,320,32000000000,applied
32002000000,32001918978,0,1,320,32000000000,applied
32028000000,32027712756,2,0,320,32020000000,applied
32038000000,32036299481,1,0,320,32010000000,applied
32038000000,32036337961,2,1,320,32020000000,applied
32044000000,32043808965,1,2,320,32010000000,applied
32108000000,32107320640,0,1,321,32100000000,applied
32126000000,32124001556,1,2,321,32110000000,applied
32126000000,32124721749,1,0,321,32110000000,applied
32140000000,32138323570,0,2,321,32100000000,applied
32142000000,32141079993,2,0,321,32120000000,applied
32158000000,32156578287,2,1,321,32120000000,applied
32208000000,32206235024,0,2,322,32200000000,applied
32212000000,32210920018,0,1,322,32200000000,applied
32218000000,32217180945,1,0,322,32210000000,applied
32224000000,32222431123,1,2,322,32210000000,applied
32226000000,32224923471,2,1,322,32220000000,applied
32248000000,32246476529,2,0,322,32220000000,applied
32320000000,32319209784,1,0,323,32310000000,applied
32326000000,32324500742,1,2,323,32310000000,applied
32338000000,32337640080,0,2,323,32300000000,applied
32344000000,32343388276,0,1,323,32300000000,applied
32354000000,32352485053,2,1,323,32320000000,applied
32364000000,32363057870,2,0,323,32320000000,applied
32420000000,32418085714,0,2,324,32400000000,applied
32424000000,32423314747,1,0,324,32410000000,applied
32430000000,32429548370,0,1,324,32400000000,applied
32444000000,32443636303,2,1,324,32420000000,applied
32448000000,32446564067,1,2,324,32410000000,applied
32448000000,32447164941,2,0,324,32420000000,applied
32512000000,32510001229,0,2,325,32500000000,applied
32512000000,32511636211,1,2,325,32510000000,applied
32514000000,32513084869,0,1,325,32500000000,applied
32528000000,32526120052,2,1,325,32520000000,applied
32528000000,32526368528,2,0,325,32520000000,applied
32552000000,32551290802,1,0,325,32510000000,applied
32608000000,32606178797,0,1,326,32600000000,applied
32612000000,32610859432,0,2,326,32600000000,applied
32626000000,32624497814,1,2,326,32610000000,applied
32648000000,32647539203,1,0,326,32610000000,applied
32666000000,32665377364,2,0,326,32620000000,applied
32668000000,32667308703,2,1,326,32620000000,applied
32718000000,32717694120,0,1,327,32700000000,applied
32724000000,32722745521,2,1,327,32720000000,applied
32724000000,32723281952,1,2,327,32710000000,applied
32728000000,32726116798,2,0,327,32720000000,applied
32732000000,32730844890,0,2,327,32700000000,applied
32746000000,32745990903,1,0,327,32710000000,applied
32820000000,32818165496,1,2,328,32810000000,applied
32836000000,32835828823,0,1,328,32800000000,applied
32838000000,32836103958,0,2,328,32800000000,applied
32848000000,32847469532,1,0,328,32810000000,applied
32852000000,32850043988,2,0,328,32820000000,applied
32856000000,32854180026,2,1,328,32820000000,applied
32928000000,32926518498,0,2,329,32900000000,applied
32930000000,32928402329,0,1,329,32900000000,applied
32936000000,32934650286,2,1,329,32920000000,applied
32940000000,32939280341,1,0,329,32910000000,applied
32946000000,32944660839,1,2,329,32910000000,applied
32964000000,32962639255,2,0,329,32920000000,applied
33004000000,33003612152,0,1,330,33000000000,applied
33018000000,33017581856,1,0,330,33010000000,applied
33026000000,33024476999,1,2,330,33010000000,applied
33046000000,33044033391,0,2,330,33000000000,applied
33050000000,33048360795,2,0,330,33020000000,applied
33050000000,33049781637,2,1,330,33020000000,applied
33104000000,33103233272,0,1,331,33100000000,applied
33118000000,33117519546,1,0,331,33110000000,applied
33126000000,33125757936,0,2,331,33100000000,applied
33134000000,33132497094,2,0,331,33120000000,applied
33160000000,33158319957,1,2,331,33110000000,applied
33164000000,33163262000,2,1,331,33120000000,applied
33220000000,33218518093,1,0,332,33210000000,applied
33238000000,33236573181,1,2,332,33210000000,applied
33238000000,33237892872,2,0,332,33220000000,applied
33242000000,33241897190,0,1,332,33200000000,applied
33246000000,33245863054,0,2,332,33200000000,applied
33256000000,33254617634,2,1,332,33220000000,applied
33302000000,33301005867,0,2,333,33300000000,applied
33330000000,33328421681,1,2,333,33310000000,applied
33332000000,33331961598,0,1,333,33300000000,applied
33340000000,33339880654,2,1,333,33320000000,applied
33342000000,33341387445,1,0,333,33310000000,applied
33362000000,33361210408,2,0,333,33320000000,applied
33410000000,33408362269,0,1,334,33400000000,applied
33420000000,33418609490,0,2,334,33400000000,applied
33432000000,33430064464,1,2,334,33410000000,applied
33442000000,33440827436,2,0,334,33420000000,applied
33446000000,33444998208,1,0,334,33410000000,applied
33468000000,33467213944,2,1,334,33420000000,applied
33522000000,33520017406,0,2,335,33500000000,applied
33522000000,33520323469,1,2,335,33510000000,applied
33526000000,33524239443,0,1,335,33500000000,applied
33536000000,33535572884,1,0,335,33510000000,applied
33556000000,33555821463,2,1,335,33520000000,applied
33558000000,33557952326,2,0,335,33520000000,applied
33618000000,33616228914,0,1,336,33600000000,applied
33618000000,33616708802,0,2,336,33600000000,applied
33618000000,33617829636,1,0,336,33610000000,applied
33626000000,33624973272,2,1,336,33620000000,applied
33632000000,33630657931,2,0,336,33620000000,applied
33642000000,33640192313,1,2,336,33610000000,applied
33742000000,33740274353,1,0,337,33710000000,applied
33746000000,33745016704,0,1,337,33700000000,applied
33750000000,33749140483,0,2,337,33700000000,applied
33752000000,33750646499,1,2,337,33710000000,applied
33754000000,33752708184,2,1,337,33720000000,applied
33754000000,33752973112,2,0,337,33720000000,applied
33820000000,33819107452,1,2,338,33810000000,applied
33822000000,33821039121,0,2,338,33800000000,applied
33826000000,33824461246,1,0,338,33810000000,applied
33838000000,33837562964,2,1,338,33820000000,applied
33842000000,33840527922,0,1,338,33800000000,applied
33848000000,33847551157,2,0,338,33820000000,applied
33902000000,33900660845,0,1,339,33900000000,applied
33918000000,33916324400,1,2,339,33910000000,applied
33922000000,33920255821,1,0,339,33910000000,applied
33930000000,33928906703,2,0,339,33920000000,applied
33936000000,33935262369,0,2,339,33900000000,applied
33948000000,33947268617,2,1,339,33920000000,applied
34006000000,34004730255,0,1,340,34000000000,applied
34020000000,34018690938,1,2,340,34010000000,applied
34024000000,34022130685,0,2,340,34000000000,applied
34034000000,34032044103,1,0,340,34010000000,applied
34042000000,34041100669,2,0,340,34020000000,applied
34068000000,34067367674,2,1,340,34020000000,applied
34102000000,34100436402,0,2,341,34100000000,applied
34136000000,34135996306,0,1,341,34100000000,applied
34142000000,34140022657,2,0,341,34120000000,applied
34148000000,34146764523,1,2,341,34110000000,applied
34156000000,34155057141,1,0,341,34110000000,applied
34166000000,34165616544,2,1,341,34120000000,applied
34236000000,34235897836,1,0,342,34210000000,applied
34244000000,34242097906,2,0,342,34220000000,applied
34248000000,34246275013,2,1,342,34220000000,applied
34250000000,34248388849,0,2,342,34200000000,applied
34250000000,34249486527,0,1,342,34200000000,applied
34254000000,34253974311,1,2,342,34210000000,applied
34332000000,34331161366,0,1,343,34300000000,applied
34334000000,34333826909,2,0,343,34320000000,applied
34342000000,34341346531,0,2,343,34300000000,applied
34346000000,34344705467,1,0,343,34310000000,applied
34348000000,34346860906,2,1,343,34320000000,applied
34354000000,34353871580,1,2,343,34310000000,applied
34420000000,34418773092,1,0,344,34410000000,applied
34420000000,34419110979,0,2,344,34400000000,applied
34426000000,34425403341,0,1,344,34400000000,applied
34434000000,34432669838,2,1,344,34420000000,applied
34438000000,34436532251,1,2,344,34410000000,applied
34464000000,34462189524,2,0,344,34420000000,applied
34508000000,34506831384,0,2,345,34500000000,applied
34528000000,34527782535,0,1,345,34500000000,applied
34542000000,34541123849,1,0,345,34510000000,applied
34544000000,34543758838,2,0,345,34520000000,applied
34554000000,34553417071,1,2,345,34510000000,applied
34560000000,34559575825,2,1,345,34520000000,applied
34630000000,34629556467,0,2,346,34600000000,applied
34632000000,34631621783,1,2,346,34610000000,applied
34634000000,34633765394,1,0,346,34610000000,applied
34636000000,34635064721,0,1,346,34600000000,applied
34646000000,34645271740,2,1,346,34620000000,applied
34658000000,34656194499,2,0,346,34620000000,applied
34726000000,34724053103,1,0,347,34710000000,applied
34726000000,34725309660,2,0,347,34720000000,applied
34740000000,34738468025,0,1,347,34700000000,applied
34740000000,34739448381,0,2,347,34700000000,applied
34752000000,34750573645,2,1,347,34720000000,applied
34756000000,34755291347,1,2,347,34710000000,applied
34808000000,34807805099,0,1,348,34800000000,applied
34816000000,34814587006,0,2,348,34800000000,applied
34824000000,34822865719,2,0,348,34820000000,applied
34830000000,34828330876,1,0,348,34810000000,applied
34840000000,34838262861,1,2,348,34810000000,applied
34852000000,34850823478,2,1,348,34820000000,applied
34930000000,34929568886,0,2,349,34900000000,applied
34938000000,34937108456,0,1,349,34900000000,applied
34940000000,34938248673,2,1,349,34920000000,applied
34956000000,34955892807,1,0,349,34910000000,applied
34958000000,34957160803,1,2,349,34910000000,applied
34970000000,34968237285,2,0,349,34920000000,applied
35004000000,35002247315,0,2,350,35000000000,applied
35016000000,35015797452,1,0,350,35010000000,applied
35032000000,35030427852,0,1,350,35000000000,applied
35036000000,35034953770,1,2,350,35010000000,applied
35056000000,35054492256,2,0,350,35020000000,applied
35060000000,35058701926,2,1,350,35020000000,applied
35112000000,35110541650,0,2,351,35100000000,applied
35122000000,35120599884,2,1,351,35120000000,applied
35122000000,35121130807,1,2,351,35110000000,applied
35126000000,35124367132,2,0,351,35120000000,applied
35132000000,35130578470,0,1,351,35100000000,applied
35148000000,35147455316,1,0,351,35110000000,applied
35202000000,35201590572,0,1,352,35200000000,applied
35236000000,35235138757,1,2,352,35210000000,applied
35246000000,35245744527,2,1,352,35220000000,applied
35248000000,35247429946,0,2,352,35200000000,applied
35250000000,35248898912,1,0,352,35210000000,applied
35254000000,35253185098,2,0,352,35220000000,applied
35308000000,35306089417,0,2,353,35300000000,applied
35314000000,35312055235,1,2,353,35310000000,applied
35316000000,35314184837,0,1,353,35300000000,applied
35336000000,35334017185,2,0,353,35320000000,applied
35350000000,35348067251,2,1,353,35320000000,applied
35350000000,35348463877,1,0,353,35310000000,applied
35414000000,35412461718,1,2,354,35410000000,applied
35420000000,35418727377,0,2,354,35400000000,applied
35432000000,35430444851,0,1,354,35400000000,applied
35438000000,35436818380,1,0,354,35410000000,applied
35454000000,35453702406,2,1,354,35420000000,applied
35456000000,35455791228,2,0,354,35420000000,applied
35502000000,35501088687,0,2,355,35500000000,applied
35530000000,35528964963,1,0,355,35510000000,applied
35538000000,35536466319,1,2,355,35510000000,applied
35544000000,35542144752,0,1,355,35500000000,applied
35544000000,35543473247,2,0,355,35520000000,applied
35564000000,35562220936,2,1,355,35520000000,applied
35622000000,35620485264,2,1,356,35620000000,applied
35640000000,35638677591,0,1,356,35600000000,applied
35646000000,35644616267,0,2,356,35600000000,applied
35646000000,35645533729,2,0,356,35620000000,applied
35650000000,35648592516,1,2,356,35610000000,applied
35658000000,35656011041,1,0,356,35610000000,applied
35716000000,35714873878,0,2,357,35700000000,applied
35726000000,35725555045,2,1,357,35720000000,applied
35726000000,35725735980,0,1,357,35700000000,applied
35728000000,35726196062,2,0,357,35720000000,applied
35742000000,35740603896,1,0,357,35710000000,applied
35758000000,35757972871,1,2,357,35710000000,applied
35810000000,35809261113,0,2,358,35800000000,applied
35834000000,35833741622,0,1,358,35800000000,applied
35834000000,35833888672,2,1,358,35820000000,applied
35840000000,35838480875,1,2,358,35810000000,applied
35842000000,35841587900,1,0,358,35810000000,applied
35864000000,35862062926,2,0,358,35820000000,applied
35916000000,35915912775,1,0,359,35910000000,applied
35932000000,35931888315,1,2,359,35910000000,applied
35936000000,35935632343,0,2,359,35900000000,applied
35944000000,35943146494,2,0,359,35920000000,applied
35948000000,35946133277,0,1,359,35900000000,applied
35950000000,35948929346,2,1,359,35920000000,applied
36016000000,36015506688,0,2,360,36000000000,applied
36036000000,36035140407,1,2,360,36010000000,applied
36040000000,36038103457,0,1,360,36000000000,applied
36046000000,36045151411,1,0,360,36010000000,applied
36056000000,36054427117,2,1,360,36020000000,applied
36064000000,36063449471,2,0,360,36020000000,applied
36120000000,36119823813,0,1,361,36100000000,applied
36132000000,36130734832,1,2,361,36110000000,applied
36142000000,36140321353,2,0,361,36120000000,applied
36146000000,36144097002,0,2,361,36100000000,applied
36150000000,36148572307,1,0,361,36110000000,applied
36154000000,36152428543,2,1,361,36120000000,applied
36210000000,36209231320,0,2,362,36200000000,applied
36216000000,36215540765,1,2,362,36210000000,applied
36228000000,36227696846,2,1,362,36220000000,applied
36240000000,36238492952,0,1,362,36200000000,applied
36246000000,36245323388,1,0,362,36210000000,applied
36268000000,36267143572,2,0,362,36220000000,applied
36318000000,36317454919,0,2,363,36300000000,applied
36320000000,36318744660,0,1,363,36300000000,applied
36338000000,36337091757,1,2,363,36310000000,applied
36342000000,36341659023,1,0,363,36310000000,applied
36348000000,36347712388,2,0,363,36320000000,applied
36352000000,36350755454,2,1,363,36320000000,applied
36412000000,36411095767,1,0,364,36410000000,applied
36424000000,36423940111,2,0,364,36420000000,applied
36428000000,36427221698,1,2,364,36410000000,applied
36436000000,36434685132,0,1,364,36400000000,applied
36438000000,36437592409,0,2,364,36400000000,applied
36466000000,36465228717,2,1,364,36420000000,applied
36530000000,36528654978,0,2,365,36500000000,applied
36532000000,36531877251,1,0,365,36510000000,applied
36542000000,36541577537,0,1,365,36500000000,applied
36554000000,36552756823,1,2,365,36510000000,applied
36566000000,36564815954,2,0,365,36520000000,applied
36570000000,36568882235,2,1,365,36520000000,applied
36618000000,36616484804,0,2,366,36600000000,applied
36634000000,36632597771,0,1,366,36600000000,applied
36636000000,36635554318,1,2,366,36610000000,applied
36654000000,36652053169,2,1,366,36620000000,applied
36658000000,36656417451,1,0,366,36610000000,applied
36658000000,36656539493,2,0,366,36620000000,applied
36702000000,36701332291,0,2,367,36700000000,applied
36716000000,36714652597,1,0,367,36710000000,applied
36728000000,36726137612,2,0,367,36720000000,applied
36742000000,36740831243,2,1,367,36720000000,applied
36746000000,36745823957,0,1,367,36700000000,applied
36750000000,36749714818,1,2,367,36710000000,applied
36812000000,36811353159,1,2,368,36810000000,applied
36826000000,36824756979,1,0,368,36810000000,applied
36842000000,36841403028,2,0,368,36820000000,applied
36844000000,36842311546,2,1,368,36820000000,applied
36844000000,36842529762,0,1,368,36800000000,applied
36848000000,36847072945,0,2,368,36800000000,applied
36912000000,36910579971,1,2,369,36910000000,applied
36912000000,36911651939,1,0,369,36910000000,applied
36922000000,36921576038,0,1,369,36900000000,applied
36934000000,36933591406,2,0,369,36920000000,applied
36940000000,36939372930,0,2,369,36900000000,applied
36970000000,36969847698,2,1,369,36920000000,applied
37004000000,37002770622,0,1,370,37000000000,applied
37012000000,37011507487,0,2,370,37000000000,applied
37012000000,37011740510,1,2,370,37010000000,applied
37050000000,37049881159,1,0,370,37010000000,applied
37066000000,37064001017,2,1,370,37020000000,applied
37070000000,37069944150,2,0,370,37020000000,applied
37132000000,37130517476,0,1,371,37100000000,applied
37136000000,37134999495,1,2,371,37110000000,applied
37138000000,37137736656,0,2,371,37100000000,applied
37144000000,37143494182,2,1,371,37120000000,applied
37154000000,37153721691,2,0,371,37120000000,applied
37156000000,37155970298,1,0,371,37110000000,applied
37214000000,37213876384,0,1,372,37200000000,applied
37224000000,37223938189,2,1,372,37220000000,applied
37226000000,37225303396,0,2,372,37200000000,applied
37232000000,37231100795,1,0,372,37210000000,applied
37242000000,37241150149,1,2,372,37210000000,applied
37264000000,37262412746,2,0,372,37220000000,applied
37316000000,37315963216,0,2,373,37300000000,applied
37328000000,37327115723,0,1,373,37300000000,applied
37342000000,37341371958,1,0,373,37310000000,applied
37344000000,37342899759,2,1,373,37320000000,applied
37350000000,37349558688,1,2,373,37310000000,applied
37360000000,37359259938,2,0,373,37320000000,applied
37418000000,37417593875,0,2,374,37400000000,applied
37422000000,37420050096,0,1,374,37400000000,applied
37424000000,37423083860,1,0,374,37410000000,applied
37452000000,37451124818,1,2,374,37410000000,applied
37460000000,37459281751,2,1,374,37420000000,applied
37470000000,37469434392,2,0,374,37420000000,applied
37504000000,37503508091,0,2,375,37500000000,applied
37512000000,37511041124,1,0,375,37510000000,applied
37516000000,37514487852,0,1,375,37500000000,applied
37546000000,37544884170,2,0,375,37520000000,applied
37560000000,37558440222,2,1,375,37520000000,applied
37560000000,37558957380,1,2,375,37510000000,applied
37608000000,37607962358,0,1,376,37600000000,applied
37618000000,37617776396,1,0,376,37610000000,applied
37630000000,37629994049,1,2,376,37610000000,applied
37636000000,37635164591,2,1,376,37620000000,applied
37646000000,37645836456,0,2,376,37600000000,applied
37660000000,37659685227,2,0,376,37620000000,applied
37716000000,37715296185,1,2,377,37710000000,applied
37720000000,37718853732,0,2,377,37700000000,applied
37728000000,37726362632,1,0,377,37710000000,applied
37746000000,37744747764,0,1,377,37700000000,applied
37764000000,37762214207,2,0,377,37720000000,applied
37768000000,37766476909,2,1,377,37720000000,applied
37802000000,37800929873,0,1,378,37800000000,applied
37806000000,37804181148,0,2,378,37800000000,applied
37822000000,37821088979,2,0,378,37820000000,applied
37830000000,37828017719,1,2,378,37810000000,applied
37848000000,37847954441,1,0,378,37810000000,applied
37868000000,37866735704,2,1,378,37820000000,applied
37916000000,37915134046,1,2,379,37910000000,applied
37926000000,37924225701,0,1,379,37900000000,applied
37928000000,37927466154,2,0,379,37920000000,applied
37938000000,37936700309,1,0,379,37910000000,applied
37938000000,37937701631,0,2,379,37900000000,applied
37962000000,37961081673,2,1,379,37920000000,applied
38002000000,38001973420,0,1,380,38000000000,applied
38018000000,38016545952,0,2,380,38000000000,applied
38022000000,38021212768,2,1,380,38020000000,applied
38026000000,38024161473,1,2,380,38010000000,applied
38030000000,38029098577,1,0,380,38010000000,applied
38058000000,38056468340,2,0,380,38020000000,applied
38114000000,38112976122,0,1,381,38100000000,applied
38122000000,38121411435,0,2,381,38100000000,applied
38124000000,38123460983,1,2,381,38110000000,applied
38134000000,38133601991,2,1,381,38120000000,applied
38150000000,38148107185,1,0,381,38110000000,applied
38168000000,38167994228,2,0,381,38120000000,applied
38208000000,38207317793,0,1,382,38200000000,applied
38228000000,38227368886,2,0,382,38220000000,applied
38242000000,38241421610,2,1,382,38220000000,applied
38248000000,38247785852,1,0,382,38210000000,applied
38248000000,38247957514,0,2,382,38200000000,applied
38254000000,38252449730,1,2,382,38210000000,applied
38318000000,38316352779,0,1,383,38300000000,applied
38326000000,38325563351,0,2,383,38300000000,applied
38334000000,38333387465,1,0,383,38310000000,applied
38346000000,38344727220,1,2,383,38310000000,applied
38360000000,38359970150,2,1,383,38320000000,applied
38366000000,38365670488,2,0,383,38320000000,applied
38406000000,38404064284,0,1,384,38400000000,applied
38426000000,38425318291,1,2,384,38410000000,applied
38430000000,38429509997,2,0,384,38420000000,applied
38438000000,38437510769,0,2,384,38400000000,applied
38456000000,38454397971,2,1,384,38420000000,applied
38456000000,38454521891,1,0,384,38410000000,applied
38508000000,38506156233,0,1,385,38500000000,applied
38526000000,38524987312,1,0,385,38510000000,applied
38534000000,38533998243,2,0,385,38520000000,applied
38540000000,38538150988,1,2,385,38510000000,applied
38550000000,38548486931,0,2,385,38500000000,applied
38556000000,38555713621,2,1,385,38520000000,applied
38618000000,38617611387,0,1,386,38600000000,applied
38628000000,38626554801,0,2,386,38600000000,applied
38640000000,38639117412,1,0,386,38610000000,applied
38652000000,38651335567,2,1,386,38620000000,applied
38652000000,38651342351,1,2,386,38610000000,applied
38672000000,38670018804,2,0,386,38620000000,applied
38712000000,38711315864,1,2,387,38710000000,applied
38712000000,38711867929,1,0,387,38710000000,applied
38720000000,38719049662,0,1,387,38700000000,applied
38732000000,38730280816,2,1,387,38720000000,applied
38732000000,38730593565,0,2,387,38700000000,applied
38764000000,38763001035,2,0,387,38720000000,applied
38808000000,38807113070,0,2,388,38800000000,applied
38822000000,38821546904,0,1,388,38800000000,applied
38830000000,38828077289,1,0,388,38810000000,applied
38840000000,38838059864,1,2,388,38810000000,applied
38856000000,38854726972,2,0,388,38820000000,applied
38856000000,38855094123,2,1,388,38820000000,applied
38920000000,38919012323,0,2,389,38900000000,applied
38942000000,38940390233,1,0,389,38910000000,applied
38942000000,38941016769,1,2,389,38910000000,applied
38942000000,38941347110,0,1,389,38900000000,applied
38956000000,38955561885,2,1,389,38920000000,applied
38958000000,38957444533,2,0,389,38920000000,applied
39006000000,39004304665,0,2,390,39000000000,applied
39028000000,39027265107,2,1,390,39020000000,applied
39028000000,39027714661,2,0,390,39020000000,applied
39030000000,39029432045,1,0,390,39010000000,applied
39032000000,39031429007,0,1,390,39000000000,applied
39056000000,39055593660,1,2,390,39010000000,applied
39122000000,39121509404,0,1,391,39100000000,applied
39124000000,39123093456,1,2,391,39110000000,applied
39128000000,39127401524,2,0,391,39120000000,applied
39134000000,39132068986,0,2,391,39100000000,applied
39150000000,39149423421,1,0,391,39110000000,applied
39158000000,39156493667,2,1,391,39120000000,applied
39202000000,39201917390,0,1,392,39200000000,applied
39220000000,39219891750,1,2,392,39210000000,applied
39222000000,39220626199,0,2,392,39200000000,applied
39222000000,39221276128,1,0,392,39210000000,applied
39226000000,39224647824,2,1,392,39220000000,applied
39268000000,39267960906,2,0,392,39220000000,applied
39304000000,39303080793,0,1,393,39300000000,applied
39316000000,39314970507,1,0,393,39310000000,applied
39318000000,39316290009,0,2,393,39300000000,applied
39324000000,39323171610,2,1,393,39320000000,applied
39330000000,39329830644,2,0,393,39320000000,applied
39330000000,39329998720,1,2,393,39310000000,applied
39424000000,39422393408,2,1,394,39420000000,applied
39426000000,39424497322,1,2,394,39410000000,applied
39432000000,39430074417,0,2,394,39400000000,applied
39432000000,39431707539,2,0,394,39420000000,applied
39434000000,39432736418,0,1,394,39400000000,applied
39442000000,39441504208,1,0,394,39410000000,applied
39526000000,39524565719,2,1,395,39520000000,applied
39528000000,39527366335,0,2,395,39500000000,applied
39534000000,39533970529,1,2,395,39510000000,applied
39546000000,39544591344,0,1,395,39500000000,applied
39552000000,39551171665,1,0,395,39510000000,applied
39568000000,39567236201,2,0,395,39520000000,applied
39618000000,39616630554,1,2,396,39610000000,applied
39618000000,39617108817,0,2,396,39600000000,applied
39624000000,39623018405,0,1,396,39600000000,applied
39644000000,39642398714,1,0,396,39610000000,applied
39648000000,39647326929,2,1,396,39620000000,applied
39650000000,39648377302,2,0,396,39620000000,applied
39708000000,39706278297,0,2,397,39700000000,applied
39718000000,39717960784,1,2,397,39710000000,applied
39720000000,39719749427,0,1,397,39700000000,applied
39742000000,39740292650,1,0,397,39710000000,applied
39766000000,39765235926,2,1,397,39720000000,applied
39770000000,39769019076,2,0,397,39720000000,applied
39802000000,39801277842,0,1,398,39800000000,applied
39828000000,39827235084,2,0,398,39820000000,applied
39840000000,39838848199,0,2,398,39800000000,applied
39844000000,39842511510,1,2,398,39810000000,applied
39852000000,39851938456,2,1,398,39820000000,applied
39854000000,39853495126,1,0,398,39810000000,applied
39918000000,39917767661,1,0,399,39910000000,applied
39922000000,39921261793,2,0,399,39920000000,applied
39924000000,39923504951,0,1,399,39900000000,applied
39936000000,39935606811,2,1,399,39920000000,applied
39938000000,39937472044,1,2,399,39910000000,applied
39946000000,39944849980,0,2,399,39900000000,applied
40014000000,40012958870,0,1,400,40000000000,applied
40024000000,40022063854,1,2,400,40010000000,applied
40026000000,40025816579,2,1,400,40020000000,applied
40028000000,40026462113,0,2,400,40000000000,applied
40058000000,40057431230,1,0,400,40010000000,applied
40070000000,40069170884,2,0,400,40020000000,applied
40114000000,40112696633,1,2,401,40110000000,applied
40122000000,40120656254,0,1,401,40100000000,applied
40122000000,40121831365,0,2,401,40100000000,applied
40126000000,40125685425,1,0,401,40110000000,applied
40146000000,40145865881,2,1,401,40120000000,applied
40148000000,40147787834,2,0,401,40120000000,applied
40222000000,40221074421,0,1,402,40200000000,applied
40240000000,40239820204,2,1,402,40220000000,applied
40242000000,40241088700,1,2,402,40210000000,applied
40244000000,40242937189,0,2,402,40200000000,applied
40254000000,40253947479,1,0,402,40210000000,applied
40260000000,40259586548,2,0,402,40220000000,applied
40306000000,40304267309,0,1,403,40300000000,applied
40310000000,40309766197,0,2,403,40300000000,applied
40342000000,40341597804,1,2,403,40310000000,applied
40348000000,40346127611,2,0,403,40320000000,applied
40356000000,40355103737,2,1,403,40320000000,applied
40360000000,40359561264,1,0,403,40310000000,applied
40402000000,40401282063,0,1,404,40400000000,applied
40428000000,40426985076,0,2,404,40400000000,applied
40428000000,40427775774,2,0,404,40420000000,applied
40442000000,40440482952,1,2,404,40410000000,applied
40446000000,40445464990,1,0,404,40410000000,applied
40468000000,40466953552,2,1,404,40420000000,applied
40522000000,40521953583,0,2,405,40500000000,applied
40540000000,40539663086,2,0,405,40520000000,applied
40544000000,40542035935,0,1,405,40500000000,applied
40546000000,40544277999,2,1,405,40520000000,applied
40550000000,40549371745,1,0,405,40510000000,applied
40550000000,40549624495,1,2,405,40510000000,applied
40624000000,40622676291,1,0,406,40610000000,applied
40630000000,40628969182,0,2,406,40600000000,applied
40642000000,40641891668,2,1,406,40620000000,applied
40648000000,40646773391,1,2,406,40610000000,applied
40648000000,40647601235,0,1,406,40600000000,applied
40650000000,40648235788,2,0,406,40620000000,applied
40730000000,40728369236,1,2,407,40710000000,applied
40730000000,40729050253,0,1,407,40700000000,applied
40740000000,40739392491,0,2,407,40700000000,applied
40742000000,40740506258,1,0,407,40710000000,applied
40746000000,40745669406,2,1,407,40720000000,applied
40768000000,40766433397,2,0,407,40720000000,applied
40804000000,40803066982,0,1,408,40800000000,applied
40828000000,40826559400,2,1,408,40820000000,applied
40838000000,40836281503,0,2,408,40800000000,applied
40846000000,40845423097,1,0,408,40810000000,applied
40852000000,40850349831,2,0,408,40820000000,applied
40856000000,40855632269,1,2,408,40810000000,applied
40902000000,40901549861,0,2,409,40900000000,applied
40926000000,40925384477,0,1,409,40900000000,applied
40938000000,40937737699,1,2,409,40910000000,applied
40940000000,40938049884,2,0,409,40920000000,applied
40958000000,40956654738,2,1,409,40920000000,applied
40958000000,40956990244,1,0,409,40910000000,applied
41014000000,41012479211,0,1,410,41000000000,applied
41016000000,41014165764,1,0,410,41010000000,applied
41030000000,41028220099,2,1,410,41020000000,applied
41032000000,41030916262,0,2,410,41000000000,applied
41050000000,41049858380,1,2,410,41010000000,applied
41070000000,41068179493,2,0,410,41020000000,applied
41112000000,41111843600,0,1,411,41100000000,applied
41142000000,41140468292,1,2,411,41110000000,applied
41146000000,41145899163,0,2,411,41100000000,applied
41150000000,41149672499,2,1,411,41120000000,applied
41150000000,41149918981,2,0,411,41120000000,applied
41162000000,41160249997,1,0,411,41110000000,applied
41222000000,41221135652,2,0,412,41220000000,applied
41226000000,41224099504,1,0,412,41210000000,applied
41226000000,41225058492,0,2,412,41200000000,applied
41230000000,41228761037,1,2,412,41210000000,applied
41230000000,41229961863,0,1,412,41200000000,applied
41254000000,41253896072,2,1,412,41220000000,applied
41332000000,41330305581,1,0,413,41310000000,applied
41332000000,41330445612,0,2,413,41300000000,applied
41334000000,41333560634,0,1,413,41300000000,applied
41348000000,41346256221,1,2,413,41310000000,applied
41350000000,41348565882,2,1,413,41320000000,applied
41366000000,41365927194,2,0,413,41320000000,applied
41422000000,41420027832,1,2,414,41410000000,applied
41430000000,41428777829,0,1,414,41400000000,applied
41434000000,41433190526,0,2,414,41400000000,applied
41442000000,41441728227,2,0,414,41420000000,applied
41444000000,41442026240,2,1,414,41420000000,applied
41446000000,41445772981,1,0,414,41410000000,applied
41510000000,41509602882,0,2,415,41500000000,applied
41538000000,41536241140,2,1,415,41520000000,applied
41542000000,41540160607,1,0,415,41510000000,applied
41542000000,41541515057,0,1,415,41500000000,applied
41546000000,41544448277,2,0,415,41520000000,applied
41552000000,41551000073,1,2,415,41510000000,applied
41616000000,41614710279,0,1,416,41600000000,applied
41646000000,41645623354,1,0,416,41610000000,applied
41650000000,41649139547,0,2,416,41600000000,applied
41652000000,41651196341,1,2,416,41610000000,applied
41668000000,41667760679,2,1,416,41620000000,applied
41668000000,41667963235,2,0,416,41620000000,applied
41720000000,41719265559,0,1,417,41700000000,applied
41722000000,41720100884,1,0,417,41710000000,applied
41732000000,41731068015,2,1,417,41720000000,applied
41736000000,41734570458,0,2,417,41700000000,applied
41744000000,41742098248,1,2,417,41710000000,applied
41770000000,41769589976,2,0,417,41720000000,applied
41812000000,41810900731,1,0,418,41810000000,applied
41834000000,41833202008,2,1,418,41820000000,applied
41838000000,41837834499,1,2,418,41810000000,applied
41850000000,41848367718,0,2,418,41800000000,applied
41850000000,41849802020,0,1,418,41800000000,applied
41858000000,41856349458,2,0,418,41820000000,applied
41922000000,41921004741,1,0,419,41910000000,applied
41922000000,41921616730,0,1,419,41900000000,applied
41926000000,41925061083,0,2,419,41900000000,applied
41934000000,41932240966,2,0,419,41920000000,applied
41952000000,41950011561,2,1,419,41920000000,applied
41954000000,41953484421,1,2,419,41910000000,applied
42024000000,42023441143,1,0,420,42010000000,applied
42030000000,42029347539,0,1,420,42000000000,applied
42036000000,42035509324,2,0,420,42020000000,applied
42042000000,42040298810,1,2,420,42010000000,applied
42050000000,42048915491,0,2,420,42000000000,applied
42060000000,42058831451,2,1,420,42020000000,applied
42116000000,42114880777,0,1,421,42100000000,applied
42126000000,42124002043,2,0,421,42120000000,applied
42138000000,42137970320,1,2,421,42110000000,applied
42142000000,42141593308,0,2,421,42100000000,applied
42152000000,42151535413,1,0,421,42110000000,applied
42160000000,42159178444,2,1,421,42120000000,applied
42206000000,42204879306,0,1,422,42200000000,applied
42216000000,42215124460,1,2,422,42210000000,applied
42228000000,42226208316,2,1,422,42220000000,applied
42230000000,42229720010,2,0,422,42220000000,applied
42238000000,42237890404,0,2,422,42200000000,applied
42240000000,42238643912,1,0,422,42210000000,applied
42322000000,42320490431,1,0,423,42310000000,applied
42340000000,42339582901,2,1,423,42320000000,applied
42342000000,42340669255,1,2,423,42310000000,applied
42342000000,42341877394,2,0,423,42320000000,applied
42346000000,42344773079,0,2,423,42300000000,applied
42350000000,42348383197,0,1,423,42300000000,applied
42416000000,42414802901,1,0,424,42410000000,applied
42434000000,42433075833,0,1,424,42400000000,applied
42448000000,42447235487,0,2,424,42400000000,applied
42462000000,42460255412,1,2,424,42410000000,applied
42466000000,42464501836,2,0,424,42420000000,applied
42472000000,42470369926,2,1,424,42420000000,applied
42506000000,42504919343,0,2,425,42500000000,applied
42516000000,42515931820,1,0,425,42510000000,applied
42524000000,42522743080,1,2,425,42510000000,applied
42528000000,42526661736,0,1,425,42500000000,applied
42536000000,42535881638,2,0,425,42520000000,applied
42542000000,42540924897,2,1,425,42520000000,applied
42602000000,42601322305,0,1,426,42600000000,applied
42606000000,42604248005,0,2,426,42600000000,applied
42622000000,42620976397,2,0,426,42620000000,applied
42626000000,42625517765,1,2,426,42610000000,applied
42646000000,42644007513,2,1,426,42620000000,applied
42654000000,42652329375,1,0,426,42610000000,applied
42712000000,42710387940,0,1,427,42700000000,applied
42722000000,42721931816,2,1,427,42720000000,applied
42738000000,42736495483,0,2,427,42700000000,applied
42744000000,42743885507,1,2,427,42710000000,applied
42752000000,42750080169,1,0,427,42710000000,applied
42752000000,42751206063,2,0,427,42720000000,applied
42808000000,42807943146,0,1,428,42800000000,applied
42820000000,42819868594,1,0,428,42810000000,applied
42832000000,42830010489,2,1,428,42820000000,applied
42842000000,42841281240,2,0,428,42820000000,applied
42848000000,42846043928,0,2,428,42800000000,applied
42852000000,42850589596,1,2,428,42810000000,applied
42920000000,42918509376,1,2,429,42910000000,applied
42922000000,42920669731,1,0,429,42910000000,applied
42926000000,42924845983,2,1,429,42920000000,applied
42926000000,42925984460,0,2,429,42900000000,applied
42944000000,42942742015,0,1,429,42900000000,applied
42966000000,42965734646,2,0,429,42920000000,applied
43010000000,43009602446,0,2,430,43000000000,applied
43040000000,43038123366,0,1,430,43000000000,applied
43048000000,43047321733,1,0,430,43010000000,applied
43052000000,43050313669,1,2,430,43010000000,applied
43052000000,43051443659,2,1,430,43020000000,applied
43060000000,43058671139,2,0,430,43020000000,applied
43102000000,43100809014,0,1,431,43100000000,applied
43116000000,43114308847,1,0,431,43110000000,applied
43120000000,43118783371,1,2,431,43110000000,applied
43140000000,43138411892,2,1,431,43120000000,applied
43152000000,43150272013,0,2,431,43100000000,applied
43160000000,43158216198,2,0,431,43120000000,applied
43204000000,43203275856,0,2,432,43200000000,applied
43226000000,43225728222,0,1,432,43200000000,applied
43236000000,43234450157,1,0,432,43210000000,applied
43244000000,43243342362,1,2,432,43210000000,applied
43256000000,43254579045,2,0,432,43220000000,applied
43268000000,43267674988,2,1,432,43220000000,applied
43322000000,43320871332,2,1,433,43320000000,applied
43324000000,43323382375,0,1,433,43300000000,applied
43334000000,43332906075,2,0,433,43320000000,applied
43334000000,43333413324,0,2,433,43300000000,applied
43342000000,43340306577,1,0,433,43310000000,applied
43350000000,43348854205,1,2,433,43310000000,applied
43414000000,43412130137,1,0,434,43410000000,applied
43418000000,43417347207,0,1,434,43400000000,applied
43422000000,43421886972,1,2,434,43410000000,applied
43444000000,43443806434,0,2,434,43400000000,applied
43452000000,43450918143,2,1,434,43420000000,applied
43472000000,43470097062,2,0,434,43420000000,applied
43514000000,43513418302,1,2,435,43510000000,applied
43524000000,43523372485,1,0,435,43510000000,applied
43528000000,43526595830,0,2,435,43500000000,applied
43550000000,43548916928,0,1,435,43500000000,applied
43550000000,43549505429,2,1,435,43520000000,applied
43556000000,43554453534,2,0,435,43520000000,applied
43626000000,43625999381,0,1,436,43600000000,applied
43628000000,43627629964,1,0,436,43610000000,applied
43630000000,43628913909,0,2,436,43600000000,applied
43630000000,43629594651,2,1,436,43620000000,applied
43634000000,43633652833,2,0,436,43620000000,applied
43652000000,43650219497,1,2,436,43610000000,applied
43722000000,43720070719,0,1,437,43700000000,applied
43724000000,43723984828,2,1,437,43720000000,applied
43732000000,43730159090,1,0,437,43710000000,applied
43738000000,43736639862,2,0,437,43720000000,applied
43740000000,43738395835,1,2,437,43710000000,applied
43740000000,43739927730,0,2,437,43700000000,applied
43828000000,43826709533,2,1,438,43820000000,applied
43834000000,43833976068,0,1,438,43800000000,applied
43844000000,43842061572,2,0,438,43820000000,applied
43846000000,43845843369,0,2,438,43800000000,applied
43860000000,43859644967,1,2,438,43810000000,applied
43862000000,43860175030,1,0,438,43810000000,applied
43902000000,43901993548,0,1,439,43900000000,applied
43906000000,43904448402,0,2,439,43900000000,applied
43932000000,43931796574,2,0,439,43920000000,applied
43934000000,43933575252,1,0,439,43910000000,applied
43956000000,43954139270,1,2,439,43910000000,applied
43958000000,43956982691,2,1,439,43920000000,applied
44014000000,44012176681,0,2,440,44000000000,applied
44022000000,44021449921,1,0,440,44010000000,applied
44036000000,44035615499,0,1,440,44000000000,applied
44040000000,44039035166,2,1,440,44020000000,applied
44048000000,44047955810,2,0,440,44020000000,applied
44056000000,44055901446,1,2,440,44010000000,applied
44114000000,44112275688,0,2,441,44100000000,applied
44124000000,44123857781,1,0,441,44110000000,applied
44128000000,44126958797,0,1,441,44100000000,applied
44130000000,44128403314,2,1,441,44120000000,applied
44142000000,44141382445,1,2,441,44110000000,applied
44154000000,44152711083,2,0,441,44120000000,applied
44202000000,44200741923,0,1,442,44200000000,applied
44214000000,44212962064,0,2,442,44200000000,applied
44242000000,44241660314,1,2,442,44210000000,applied
44246000000,44244154871,2,1,442,44220000000,applied
44248000000,44246886203,1,0,442,44210000000,applied
44256000000,44254611937,2,0,442,44220000000,applied
44312000000,44310169068,0,1,443,44300000000,applied
44324000000,44322270619,1,2,443,44310000000,applied
44328000000,44327885691,2,0,443,44320000000,applied
44330000000,44329830440,0,2,443,44300000000,applied
44352000000,44350867861,1,0,443,44310000000,applied
44362000000,44360052022,2,1,443,44320000000,applied
44416000000,44414964354,1,0,444,44410000000,applied
44426000000,44424446968,0,1,444,44400000000,applied
44434000000,44432610067,2,0,444,44420000000,applied
44436000000,44434266792,2,1,444,44420000000,applied
44440000000,44439136018,0,2,444,44400000000,applied
44452000000,44451059132,1,2,444,44410000000,applied
44506000000,44505008320,0,2,445,44500000000,applied
44520000000,44519634623,1,2,445,44510000000,applied
44534000000,44532920199,2,0,445,44520000000,applied
44534000000,44533465344,0,1,445,44500000000,applied
44534000000,44533588560,1,0,445,44510000000,applied
44550000000,44549868769,2,1,445,44520000000,applied
44616000000,44614102367,0,2,446,44600000000,applied
44622000000,44620546842,2,0,446,44620000000,applied
44624000000,44622835718,1,2,446,44610000000,applied
44634000000,44632519920,1,0,446,44610000000,applied
44642000000,44641825972,2,1,446,44620000000,applied
44652000000,44650358896,0,1,446,44600000000,applied
44704000000,44702069835,0,2,447,44700000000,applied
44724000000,44723113644,1,2,447,44710000000,applied
44730000000,44728064975,0,1,447,44700000000,applied
44754000000,44753734698,2,0,447,44720000000,applied
44758000000,44756694179,2,1,447,44720000000,applied
44760000000,44759900657,1,0,447,44710000000,applied
44812000000,44810226361,0,1,448,44800000000,applied
44814000000,44813890592,0,2,448,44800000000,applied
44820000000,44818037690,1,0,448,44810000000,applied
44824000000,44822867626,2,1,448,44820000000,applied
44842000000,44840318706,1,2,448,44810000000,applied
44842000000,44840593738,2,0,448,44820000000,applied
44910000000,44908077706,0,1,449,44900000000,applied
44924000000,44922614948,0,2,449,44900000000,applied
44936000000,44935608818,2,0,449,44920000000,applied
44938000000,44936797099,2,1,449,44920000000,applied
44954000000,44952750501,1,2,449,44910000000,applied
44962000000,44960105082,1,0,449,44910000000,applied
45020000000,45019032620,0,1,450,45000000000,applied
45038000000,45037618066,0,2,450,45000000000,applied
45040000000,45039397919,1,2,450,45010000000,applied
45060000000,45059802741,1,0,450,45010000000,applied
45062000000,45060893496,2,0,450,45020000000,applied
45070000000,45068009425,2,1,450,45020000000,applied
45122000000,45120210762,1,2,451,45110000000,applied
45122000000,45121132018,0,1,451,45100000000,applied
45124000000,45122808407,1,0,451,45110000000,applied
45132000000,45130794046,0,2,451,45100000000,applied
45142000000,45141911119,2,0,451,45120000000,applied
45144000000,45143125031,2,1,451,45120000000,applied
45210000000,45209932776,0,2,452,45200000000,applied
45214000000,45212003948,1,2,452,45210000000,applied
45238000000,45237520644,1,0,452,45210000000,applied
45240000000,45238494447,2,0,452,45220000000,applied
45240000000,45239431995,2,1,452,45220000000,applied
45246000000,45244640536,0,1,452,45200000000,applied
45322000000,45321450760,2,1,453,45320000000,applied
45324000000,45323245975,2,0,453,45320000000,applied
45340000000,45338501158,0,1,453,45300000000,applied
45340000000,45339132919,0,2,453,45300000000,applied
45342000000,45341809290,1,0,453,45310000000,applied
45348000000,45346048668,1,2,453,45310000000,applied
45416000000,45414415858,1,2,454,45410000000,applied
45424000000,45422068894,1,0,454,45410000000,applied
45426000000,45424057928,0,2,454,45400000000,applied
45438000000,45436227012,2,1,454,45420000000,applied
45444000000,45442592701,0,1,454,45400000000,applied
45456000000,45454969009,2,0,454,45420000000,applied
45524000000,45523809992,1,0,455,45510000000,applied
45530000000,45529160909,0,2,455,45500000000,applied
45532000000,45530383401,1,2,455,45510000000,applied
45532000000,45530450902,0,1,455,45500000000,applied
45552000000,45550716494,2,0,455,45520000000,applied
45554000000,45553852594,2,1,455,45520000000,applied
45608000000,45607933418,0,1,456,45600000000,applied
45626000000,45625253011,1,0,456,45610000000,applied
45628000000,45626983477,0,2,456,45600000000,applied
45636000000,45635252869,2,1,456,45620000000,applied
45650000000,45648849242,1,2,456,45610000000,applied
45656000000,45654162623,2,0,456,45620000000,applied
45728000000,45727001232,0,1,457,45700000000,applied
45734000000,45733829641,0,2,457,45700000000,applied
45738000000,45737596004,1,2,457,45710000000,applied
45752000000,45750711944,2,0,457,45720000000,applied
45752000000,45750828594,2,1,457,45720000000,applied
45756000000,45754754853,1,0,457,45710000000,applied
45826000000,45825601863,1,0,458,45810000000,applied
45830000000,45829371352,0,1,458,45800000000,applied
45834000000,45833992955,0,2,458,45800000000,applied
45848000000,45846848220,1,2,458,45810000000,applied
45870000000,45869471704,2,0,458,45820000000,applied
45870000000,45869587588,2,1,458,45820000000,applied
45918000000,45916213866,0,2,459,45900000000,applied
45918000000,45916436063,1,0,459,45910000000,applied
45926000000,45925094370,1,2,459,45910000000,applied
45930000000,45929724895,2,1,459,45920000000,applied
45936000000,45934348573,2,0,459,45920000000,applied
45940000000,45938961754,0,1,459,45900000000,applied
46022000000,46020989332,1,2,460,46010000000,applied
46034000000,46032212278,0,2,460,46000000000,applied
46038000000,46037976531,2,1,460,46020000000,applied
46042000000,46040103878,0,1,460,46000000000,applied
46044000000,46042000931,1,0,460,46010000000,applied
46056000000,46055696024,2,0,460,46020000000,applied
46114000000,46113323430,1,2,461,46110000000,applied
46138000000,46137856275,0,1,461,46100000000,applied
46146000000,46144539974,1,0,461,46110000000,applied
46150000000,46149625632,0,2,461,46100000000,applied
46164000000,46162667847,2,1,461,46120000000,applied
46168000000,46166691889,2,0,461,46120000000,applied
46226000000,46224702489,1,0,462,46210000000,applied
46228000000,46226145125,2,1,462,46220000000,applied
46234000000,46232253364,0,2,462,46200000000,applied
46236000000,46235753695,2,0,462,46220000000,applied
46240000000,46239737030,0,1,462,46200000000,applied
46250000000,46248533647,1,2,462,46210000000,applied
46332000000,46330322739,0,1,463,46300000000,applied
46334000000,46333959660,0,2,463,46300000000,applied
46336000000,46334385034,2,0,463,46320000000,applied
46338000000,46336741359,1,2,463,46310000000,applied
46344000000,46343571287,2,1,463,46320000000,applied
46346000000,46345630524,1,0,463,46310000000,applied
46416000000,46414947269,1,2,464,46410000000,applied
46424000000,46422218345,2,0,464,46420000000,applied
46430000000,46429882906,0,2,464,46400000000,applied
46442000000,46440208583,0,1,464,46400000000,applied
46456000000,46455138770,1,0,464,46410000000,applied
46460000000,46459031985,2,1,464,46420000000,applied
46510000000,46509632693,0,2,465,46500000000,applied
46524000000,46522814379,2,1,465,46520000000,applied
46538000000,46537735314,1,0,465,46510000000,applied
46542000000,46541753904,0,1,465,46500000000,applied
46544000000,46542156485,2,0,465,46520000000,applied
46548000000,46547373930,1,2,465,46510000000,applied
46614000000,46612437780,1,0,466,46610000000,applied
46614000000,46613110403,0,1,466,46600000000,applied
46620000000,46618749353,1,2,466,46610000000,applied
46626000000,46624626143,2,1,466,46620000000,applied
46626000000,46625070019,0,2,466,46600000000,applied
46648000000,46646554008,2,0,466,46620000000,applied
46726000000,46724743961,0,2,467,46700000000,applied
46732000000,46731570715,2,1,467,46720000000,applied
46740000000,46738735099,1,0,467,46710000000,applied
46742000000,46741190971,0,1,467,46700000000,applied
46744000000,46742702931,2,0,467,46720000000,applied
46746000000,46744608167,1,2,467,46710000000,applied
46820000000,46819974049,1,0,468,46810000000,applied
46842000000,46841475896,2,0,468,46820000000,applied
46846000000,46845647035,0,1,468,46800000000,applied
46850000000,46849549221,0,2,468,46800000000,applied
46850000000,46849768959,2,1,468,46820000000,applied
46858000000,46856060575,1,2,468,46810000000,applied
46914000000,46912209393,0,1,469,46900000000,applied
46914000000,46912855536,1,0,469,46910000000,applied
46924000000,46922460162,0,2,469,46900000000,applied
46932000000,46930166531,2,1,469,46920000000,applied
46936000000,46934105094,2,0,469,46920000000,applied
46940000000,46939290838,1,2,469,46910000000,applied
47018000000,47016637505,0,2,470,47000000000,applied
47028000000,47027358788,1,0,470,47010000000,applied
47040000000,47038466505,0,1,470,47000000000,applied
47042000000,47040381814,1,2,470,47010000000,applied
47068000000,47066050785,2,0,470,47020000000,applied
47072000000,47070187948,2,1,470,47020000000,applied
47108000000,47107804239,0,1,471,47100000000,applied
47122000000,47120762841,0,2,471,47100000000,applied
47142000000,47140897224,1,0,471,47110000000,applied
47144000000,47142710444,2,1,471,47120000000,applied
47152000000,47151670562,2,0,471,47120000000,applied
47160000000,47158929689,1,2,471,47110000000,applied
47202000000,47201996715,0,1,472,47200000000,applied
47206000000,47204209342,0,2,472,47200000000,applied
47242000000,47241964732,1,2,472,47210000000,applied
47246000000,47245088700,1,0,472,47210000000,applied
47258000000,47256082948,2,1,472,47220000000,applied
47258000000,47256186010,2,0,472,47220000000,applied
47314000000,47312771706,1,2,473,47310000000,applied
47314000000,47312921250,0,2,473,47300000000,applied
47334000000,47333559601,2,1,473,47320000000,applied
47340000000,47339709206,2,0,473,47320000000,applied
47342000000,47340180821,0,1,473,47300000000,applied
47358000000,47356599185,1,0,473,47310000000,applied
47418000000,47416819636,0,1,474,47400000000,applied
47418000000,47416855634,0,2,474,47400000000,applied
47436000000,47435019822,1,0,474,47410000000,applied
47440000000,47438516664,1,2,474,47410000000,applied
47452000000,47450628624,2,0,474,47420000000,applied
47464000000,47462132900,2,1,474,47420000000,applied
47502000000,47501237634,0,2,475,47500000000,applied
47518000000,47517363457,1,2,475,47510000000,applied
47540000000,47539775686,0,1,475,47500000000,applied
47546000000,47544529211,2,1,475,47520000000,applied
47552000000,47550666284,2,0,475,47520000000,applied
47556000000,47555255329,1,0,475,47510000000,applied
47608000000,47606205880,0,2,476,47600000000,applied
47614000000,47612286180,1,2,476,47610000000,applied
47624000000,47622341735,1,0,476,47610000000,applied
47630000000,47629180409,0,1,476,47600000000,applied
47652000000,47651856608,2,1,476,47620000000,applied
47666000000,47664527294,2,0,476,47620000000,applied
47706000000,47704485279,0,1,477,47700000000,applied
47714000000,47713736556,0,2,477,47700000000,applied
47722000000,47721426395,1,2,477,47710000000,applied
47740000000,47738030152,2,0,477,47720000000,applied
47760000000,47758562714,1,0,477,47710000000,applied
47762000000,47761320981,2,1,477,47720000000,applied
47812000000,47811257033,1,2,478,47810000000,applied
47832000000,47830060180,2,0,478,47820000000,applied
47832000000,47830290972,0,1,478,47800000000,applied
47846000000,47844842565,0,2,478,47800000000,applied
47848000000,47846426676,2,1,478,47820000000,applied
47854000000,47852296365,1,0,478,47810000000,applied
47902000000,47900728299,0,1,479,47900000000,applied
47914000000,47912850360,1,0,479,47910000000,applied
47918000000,47916203977,0,2,479,47900000000,applied
47922000000,47921156236,1,2,479,47910000000,applied
47932000000,47930667038,2,0,479,47920000000,applied
47968000000,47966073204,2,1,479,47920000000,applied
48018000000,48016027211,1,2,480,48010000000,applied
48020000000,48019781890,0,2,480,48000000000,applied
48022000000,48020339566,0,1,480,48000000000,applied
48024000000,48023166265,2,1,480,48020000000,applied
48026000000,48024674746,2,0,480,48020000000,applied
48034000000,48032538645,1,0,480,48010000000,applied
48110000000,48109771656,0,2,481,48100000000,applied
48118000000,48116885515,0,1,481,48100000000,applied
48142000000,48141066379,1,0,481,48110000000,applied
48144000000,48142131300,1,2,481,48110000000,applied
48150000000,48148912772,2,0,481,48120000000,applied
48170000000,48168917100,2,1,481,48120000000,applied
48228000000,48226425010,0,1,482,48200000000,applied
48228000000,48227039569,1,2,482,48210000000,applied
48230000000,48228990523,1,0,482,48210000000,applied
48236000000,48234182373,0,2,482,48200000000,applied
48256000000,48255449165,2,1,482,48220000000,applied
48272000000,48270160768,2,0,482,48220000000,applied
48304000000,48302895419,0,2,483,48300000000,applied
48322000000,48321107945,1,0,483,48310000000,applied
48330000000,48329122807,0,1,483,48300000000,applied
48334000000,48332807077,1,2,483,48310000000,applied
48352000000,48350712248,2,1,483,48320000000,applied
48354000000,48352855659,2,0,483,48320000000,applied
48416000000,48415789316,0,2,484,48400000000,applied
48424000000,48422725488,1,2,484,48410000000,applied
48424000000,48423377511,2,0,484,48420000000,applied
48430000000,48428425283,2,1,484,48420000000,applied
48436000000,48434748508,1,0,484,48410000000,applied
48436000000,48434889327,0,1,484,48400000000,applied
48504000000,48502284252,0,1,485,48500000000,applied
48518000000,48517007039,0,2,485,48500000000,applied
48544000000,48543713666,1,2,485,48510000000,applied
48546000000,48545226812,1,0,485,48510000000,applied
48550000000,48549895466,2,1,485,48520000000,applied
48554000000,48552193829,2,0,485,48520000000,applied
48606000000,48605617687,0,1,486,48600000000,applied
48612000000,48611017419,0,2,486,48600000000,applied
48614000000,48612791200,1,0,486,48610000000,applied
48630000000,48628887241,2,0,486,48620000000,applied
48648000000,48646031551,2,1,486,48620000000,applied
48662000000,48660285913,1,2,486,48610000000,applied
48710000000,48708659621,0,2,487,48700000000,applied
48726000000,48724929042,0,1,487,48700000000,applied
48730000000,48729678327,1,0,487,48710000000,applied
48736000000,48735094125,1,2,487,48710000000,applied
48742000000,48741679704,2,1,487,48720000000,applied
48746000000,48745346153,2,0,487,48720000000,applied
48818000000,48817814832,0,1,488,48800000000,applied
48822000000,48821327329,0,2,488,48800000000,applied
48826000000,48825693288,1,0,488,48810000000,applied
48830000000,48829816052,2,0,488,48820000000,applied
48842000000,48841617883,1,2,488,48810000000,applied
48848000000,48847309333,2,1,488,48820000000,applied
48906000000,48904001175,0,1,489,48900000000,applied
48912000000,48911236015,0,2,489,48900000000,applied
48920000000,48919777180,1,0,489,48910000000,applied
48944000000,48942083995,2,0,489,48920000000,applied
48944000000,48943272860,2,1,489,48920000000,applied
48944000000,48943398539,1,2,489,48910000000,applied
49026000000,49025978752,0,1,490,49000000000,applied
49038000000,49036358276,2,1,490,49020000000,applied
49040000000,49039746528,1,0,490,49010000000,applied
49048000000,49046564534,1,2,490,49010000000,applied
49050000000,49049941093,0,2,490,49000000000,applied
49054000000,49053303757,2,0,490,49020000000,applied
49124000000,49123633950,1,0,491,49110000000,applied
49142000000,49141903973,0,2,491,49100000000,applied
49146000000,49144468631,0,1,491,49100000000,applied
49148000000,49146774515,1,2,491,49110000000,applied
49152000000,49150320162,2,0,491,49120000000,applied
49158000000,49157941270,2,1,491,49120000000,applied
49224000000,49222624441,0,1,492,49200000000,applied
49238000000,49237358429,1,0,492,49210000000,applied
49250000000,49248563822,0,2,492,49200000000,applied
49252000000,49250322033,2,0,492,49220000000,applied
49254000000,49253913517,1,2,492,49210000000,applied
49262000000,49261020453,2,1,492,49220000000,applied
49322000000,49321906206,1,2,493,49310000000,applied
49328000000,49326126672,0,1,493,49300000000,applied
49344000000,49342168694,2,1,493,49320000000,applied
49344000000,49342788972,1,0,493,49310000000,applied
49346000000,49344124665,0,2,493,49300000000,applied
49346000000,49344990529,2,0,493,49320000000,applied
49422000000,49420700257,0,1,494,49400000000,applied
49434000000,49433739814,2,1,494,49420000000,applied
49434000000,49433998965,1,0,494,49410000000,applied
49440000000,49438719709,2,0,494,49420000000,applied
49444000000,49443815535,0,2,494,49400000000,applied
49446000000,49445127710,1,2,494,49410000000,applied
49514000000,49512361819,0,1,495,49500000000,applied
49532000000,49530482131,2,1,495,49520000000,applied
49534000000,49533421489,0,2,495,49500000000,applied
49538000000,49536548120,1,0,495,49510000000,applied
49548000000,49547512814,2,0,495,49520000000,applied
49554000000,49552413808,1,2,495,49510000000,applied
49618000000,49616085352,0,1,496,49600000000,applied
49622000000,49621106334,1,2,496,49610000000,applied
49628000000,49626619895,1,0,496,49610000000,applied
49634000000,49633725270,2,1,496,49620000000,applied
49642000000,49640087092,2,0,496,49620000000,applied
49646000000,49644735960,0,2,496,49600000000,applied
49712000000,49711872716,1,2,497,49710000000,applied
49714000000,49713691484,0,2,497,49700000000,applied
49726000000,49724375281,1,0,497,49710000000,applied
49732000000,49731981831,0,1,497,49700000000,applied
49750000000,49749409853,2,1,497,49720000000,applied
49768000000,49767983522,2,0,497,49720000000,applied
49810000000,49809872924,0,1,498,49800000000,applied
49814000000,49813971034,0,2,498,49800000000,applied
49842000000,49840057710,1,0,498,49810000000,applied
49842000000,49841266190,1,2,498,49810000000,applied
49844000000,49843393747,2,0,498,49820000000,applied
49852000000,49851287253,2,1,498,49820000000,applied
49910000000,49908274886,0,1,499,49900000000,applied
49930000000,49929186601,1,2,499,49910000000,applied
49932000000,49931028183,0,2,499,49900000000,applied
49944000000,49942570488,2,1,499,49920000000,applied
49948000000,49947788488,2,0,499,49920000000,applied
49954000000,49952543157,1,0,499,49910000000,applied
50014000000,50013213369,1,0,500,50010000000,applied
50026000000,50025526362,2,0,500,50020000000,applied
50034000000,50033970289,0,1,500,50000000000,applied
50038000000,50037068508,1,2,500,50010000000,applied
50042000000,50040898042,0,2,500,50000000000,applied
50058000000,50056246383,2,1,500,50020000000,applied
50114000000,50112209727,1,0,501,50110000000,applied
50126000000,50125439278,2,0,501,50120000000,applied
50136000000,50134733489,1,2,501,50110000000,applied
50136000000,50134826093,0,2,501,50100000000,applied
50140000000,50138749509,0,1,501,50100000000,applied
50162000000,50160941196,2,1,501,50120000000,applied
50226000000,50224861556,1,2,502,50210000000,applied
50236000000,50234310350,1,0,502,50210000000,applied
50240000000,50239307104,0,1,502,50200000000,applied
50244000000,50242001290,0,2,502,50200000000,applied
50268000000,50267193580,2,1,502,50220000000,applied
50270000000,50268429337,2,0,502,50220000000,applied
50308000000,50306433475,0,1,503,50300000000,applied
50322000000,50321265941,1,2,503,50310000000,applied
50326000000,50324107574,1,0,503,50310000000,applied
50328000000,50327656203,0,2,503,50300000000,applied
50332000000,50330689314,2,0,503,50320000000,applied
50338000000,50337432817,2,1,503,50320000000,applied
50412000000,50410163066,0,1,504,50400000000,applied
50424000000,50423806661,2,0,504,50420000000,applied
50430000000,50429648442,0,2,504,50400000000,applied
50432000000,50431781115,1,0,504,50410000000,applied
50442000000,50441342362,2,1,504,50420000000,applied
50450000000,50448234616,1,2,504,50410000000,applied
50524000000,50522181492,0,1,505,50500000000,applied
50528000000,50527489272,2,1,505,50520000000,applied
50530000000,50529756814,1,2,505,50510000000,applied
50536000000,50534025022,0,2,505,50500000000,applied
50544000000,50543250225,1,0,505,50510000000,applied
50544000000,50543587932,2,0,505,50520000000,applied
50612000000,50610172461,0,1,506,50600000000,applied
50614000000,50613556406,1,0,506,50610000000,applied
50626000000,50624748159,2,0,506,50620000000,applied
50642000000,50640248422,0,2,506,50600000000,applied
50644000000,50642474537,1,2,506,50610000000,applied
50662000000,50660250860,2,1,506,50620000000,applied
50702000000,50700572109,0,1,507,50700000000,applied
50716000000,50715597157,0,2,507,50700000000,applied
50730000000,50729901340,2,1,507,50720000000,applied
50740000000,50739285634,1,2,507,50710000000,applied
50742000000,50740306472,2,0,507,50720000000,applied
50750000000,50748113131,1,0,507,50710000000,applied
50810000000,50808839007,0,1,508,50800000000,applied
50812000000,50810562423,1,2,508,50810000000,applied
50814000000,50813179127,0,2,508,50800000000,applied
50824000000,50822879968,2,1,508,50820000000,applied
50850000000,50848364153,2,0,508,50820000000,applied
50858000000,50857393701,1,0,508,50810000000,applied
50918000000,50916720103,1,0,509,50910000000,applied
50920000000,50919670849,0,2,509,50900000000,applied
50926000000,50925206314,2,1,509,50920000000,applied
50926000000,50925833659,2,0,509,50920000000,applied
50934000000,50933823326,1,2,509,50910000000,applied
50946000000,50944103317,0,1,509,50900000000,applied
51010000000,51009385589,0,2,510,51000000000,applied
51012000000,51010533283,1,2,510,51010000000,applied
51022000000,51020659129,0,1,510,51000000000,applied
51022000000,51021025891,2,0,510,51020000000,applied
51040000000,51038935557,1,0,510,51010000000,applied
51062000000,51061761149,2,1,510,51020000000,applied
51124000000,51122730765,0,2,511,51100000000,applied
51128000000,51127778174,1,0,511,51110000000,applied
51130000000,51128139916,2,0,511,51120000000,applied
51132000000,51130711560,1,2,511,51110000000,applied
51138000000,51136977684,0,1,511,51100000000,applied
51156000000,51154826571,2,1,511,51120000000,applied
51212000000,51210120729,0,2,512,51200000000,applied
51234000000,51233464929,1,2,512,51210000000,applied
51238000000,51237122825,2,1,512,51220000000,applied
51238000000,51237410220,1,0,512,51210000000,applied
51248000000,51246540578,2,0,512,51220000000,applied
51250000000,51249167923,0,1,512,51200000000,applied
51302000000,51301129691,0,1,513,51300000000,applied
51314000000,51312283213,0,2,513,51300000000,applied
51330000000,51329265697,1,0,513,51310000000,applied
51342000000,51341361769,1,2,513,51310000000,applied
51344000000,51343985360,2,1,513,51320000000,applied
51352000000,51350200698,2,0,513,51320000000,applied
51414000000,51413084622,1,2,514,51410000000,applied
51420000000,51419793756,0,2,514,51400000000,applied
51452000000,51450236057,0,1,514,51400000000,applied
51456000000,51455916705,2,1,514,51420000000,applied
51460000000,51458857691,1,0,514,51410000000,applied
51464000000,51463429578,2,0,514,51420000000,applied
51510000000,51508561241,0,2,515,51500000000,applied
51516000000,51514253156,1,0,515,51510000000,applied
51538000000,51536958396,0,1,515,51500000000,applied
51542000000,51540547390,2,1,515,51520000000,applied
51546000000,51545185320,2,0,515,51520000000,applied
51556000000,51555203140,1,2,515,51510000000,applied
51642000000,51641476276,1,2,516,51610000000,applied
51644000000,51643626869,0,1,516,51600000000,applied
51646000000,51644911140,2,1,516,51620000000,applied
51646000000,51645729337,0,2,516,51600000000,applied
51654000000,51652490281,1,0,516,51610000000,applied
51654000000,51652943075,2,0,516,51620000000,applied
51720000000,51719695363,0,1,517,51700000000,applied
51726000000,51724473686,0,2,517,51700000000,applied
51732000000,51730220801,2,1,517,51720000000,applied
51750000000,51748976855,1,2,517,51710000000,applied
51754000000,51752158192,2,0,517,51720000000,applied
51758000000,51756991504,1,0,517,51710000000,applied
51834000000,51832105861,2,0,518,51820000000,applied
51834000000,51833988189,0,1,518,51800000000,applied
51836000000,51834387457,1,0,518,51810000000,applied
51840000000,51839483994,1,2,518,51810000000,applied
51842000000,51840192972,0,2,518,51800000000,applied
51844000000,51842581743,2,1,518,51820000000,applied
51910000000,51908923160,0,1,519,51900000000,applied
51924000000,51923222838,0,2,519,51900000000,applied
51924000000,51923231576,1,2,519,51910000000,applied
51928000000,51927118817,2,0,519,51920000000,applied
51938000000,51936587920,2,1,519,51920000000,applied
51954000000,51953039887,1,0,519,51910000000,applied
52024000000,52023278553,0,1,520,52000000000,applied
52028000000,52026470509,1,0,520,52010000000,applied
52034000000,52033961729,1,2,520,52010000000,applied
52040000000,52038620420,2,0,520,52020000000,applied
52042000000,52040236585,2,1,520,52020000000,applied
52044000000,52042742211,0,2,520,52000000000,applied
52112000000,52111882055,1,0,521,52110000000,applied
52116000000,52115676573,0,1,521,52100000000,applied
52124000000,52122679770,0,2,521,52100000000,applied
52126000000,52125135393,2,1,521,52120000000,applied
52132000000,52131685410,2,0,521,52120000000,applied
52156000000,52154261190,1,2,521,52110000000,applied
52208000000,52206868111,0,1,522,52200000000,applied
52224000000,52222836856,2,0,522,52220000000,applied
52228000000,52227178117,1,0,522,52210000000,applied
52232000000,52230521421,2,1,522,52220000000,applied
52244000000,52243064623,0,2,522,52200000000,applied
52262000000,52260016081,1,2,522,52210000000,applied
52316000000,52314517652,0,2,523,52300000000,applied
52332000000,52330699496,1,0,523,52310000000,applied
52346000000,52345022424,0,1,523,52300000000,applied
52350000000,52349445137,2,0,523,52320000000,applied
52360000000,52359102865,1,2,523,52310000000,applied
52364000000,52363519133,2,1,523,52320000000,applied
52414000000,52413937075,1,2,524,52410000000,applied
52424000000,52422003356,2,1,524,52420000000,applied
52426000000,52425393198,0,2,524,52400000000,applied
52434000000,52432400822,0,1,524,52400000000,applied
52440000000,52438983610,1,0,524,52410000000,applied
52454000000,52453281645,2,0,524,52420000000,applied
52502000000,52500919686,0,2,525,52500000000,applied
52522000000,52520221255,0,1,525,52500000000,applied
52542000000,52541785052,1,2,525,52510000000,applied
52542000000,52541809333,1,0,525,52510000000,applied
52562000000,52561185200,2,1,525,52520000000,applied
52564000000,52562774308,2,0,525,52520000000,applied
52608000000,52606150878,0,1,526,52600000000,applied
52636000000,52634617445,1,0,526,52610000000,applied
52636000000,52635394658,0,2,526,52600000000,applied
52640000000,52639419541,2,0,526,52620000000,applied
52654000000,52653618971,1,2,526,52610000000,applied
52666000000,52664572807,2,1,526,52620000000,applied
52718000000,52717095117,1,2,527,52710000000,applied
52722000000,52720155357,1,0,527,52710000000,applied
52726000000,52725960541,0,1,527,52700000000,applied
52730000000,52728455936,2,0,527,52720000000,applied
52742000000,52740616249,0,2,527,52700000000,applied
52756000000,52755845634,2,1,527,52720000000,applied
52824000000,52822435750,2,0,528,52820000000,applied
52826000000,52825497821,0,1,528,52800000000,applied
52828000000,52826828083,2,1,528,52820000000,applied
52840000000,52838336457,0,2,528,52800000000,applied
52854000000,52852479791,1,0,528,52810000000,applied
52858000000,52856788531,1,2,528,52810000000,applied
52932000000,52931378209,0,1,529,52900000000,applied
52936000000,52935074738,1,2,529,52910000000,applied
52942000000,52941574289,0,2,529,52900000000,applied
52946000000,52945860889,2,0,529,52920000000,applied
52950000000,52949686808,1,0,529,52910000000,applied
52962000000,52960994195,2,1,529,52920000000,applied
53004000000,53002347061,0,2,530,53000000000,applied
53012000000,53011976689,1,0,530,53010000000,applied
53022000000,53021671886,2,0,530,53020000000,applied
53026000000,53024129310,2,1,530,53020000000,applied
53044000000,53042123944,0,1,530,53000000000,applied
53054000000,53052954056,1,2,530,53010000000,applied
53104000000,53103229461,0,2,531,53100000000,applied
53126000000,53125899094,2,1,531,53120000000,applied
53128000000,53126244242,1,0,531,53110000000,applied
53132000000,53131541694,1,2,531,53110000000,applied
53134000000,53133186793,0,1,531,53100000000,applied
53142000000,53141790893,2,0,531,53120000000,applied
53208000000,53207797404,0,1,532,53200000000,applied
53210000000,53208338903,0,2,532,53200000000,applied
53222000000,53220209736,1,2,532,53210000000,applied
53242000000,53240902748,1,0,532,53210000000,applied
53246000000,53244308847,2,1,532,53220000000,applied
53266000000,53265008322,2,0,532,53220000000,applied
53322000000,53320297651,1,2,533,53310000000,applied
53340000000,53338499616,0,2,533,53300000000,applied
53344000000,53343601006,0,1,533,53300000000,applied
53352000000,53350304232,1,0,533,53310000000,applied
53358000000,53357434132,2,0,533,53320000000,applied
53366000000,53364261781,2,1,533,53320000000,applied
53414000000,53412962420,1,0,534,53410000000,applied
53420000000,53418072237,0,1,534,53400000000,applied
53432000000,53431495824,0,2,534,53400000000,applied
53444000000,53442702075,1,2,534,53410000000,applied
53444000000,53443704570,2,1,534,53420000000,applied
53468000000,53466033651,2,0,534,53420000000,applied
53508000000,53507772008,0,2,535,53500000000,applied
53516000000,53515662263,1,2,535,53510000000,applied
53530000000,53528951358,2,1,535,53520000000,applied
53534000000,53533817464,0,1,535,53500000000,applied
53536000000,53535869428,2,0,535,53520000000,applied
53560000000,53559527652,1,0,535,53510000000,applied
53614000000,53613909187,0,1,536,53600000000,applied
53618000000,53617797625,1,2,536,53610000000,applied
53628000000,53627774113,0,2,536,53600000000,applied
53630000000,53628780233,1,0,536,53610000000,applied
53656000000,53655998622,2,0,536,53620000000,applied
53664000000,53663599422,2,1,536,53620000000,applied
53704000000,53702423614,0,1,537,53700000000,applied
53726000000,53725041955,2,1,537,53720000000,applied
53728000000,53726979237,0,2,537,53700000000,applied
53736000000,53734963957,1,2,537,53710000000,applied
53736000000,53735004769,1,0,537,53710000000,applied
53770000000,53769032921,2,0,537,53720000000,applied
53818000000,53816282740,1,2,538,53810000000,applied
53840000000,53838243685,0,2,538,53800000000,applied
53846000000,53844116363,0,1,538,53800000000,applied
53854000000,53853455301,2,1,538,53820000000,applied
53860000000,53859747021,1,0,538,53810000000,applied
53868000000,53867176409,2,0,538,53820000000,applied
53914000000,53912666734,0,2,539,53900000000,applied
53924000000,53923872981,2,0,539,53920000000,applied
53926000000,53924999675,1,0,539,53910000000,applied
53928000000,53926582870,0,1,539,53900000000,applied
53944000000,53942327103,2,1,539,53920000000,applied
53954000000,53953004626,1,2,539,53910000000,applied
54004000000,54003427253,0,1,540,54000000000,applied
54034000000,54033800429,1,0,540,54010000000,applied
54042000000,54041817511,1,2,540,54010000000,applied
54044000000,54043841808,0,2,540,54000000000,applied
54066000000,54065386056,2,0,540,54020000000,applied
54068000000,54066263647,2,1,540,54020000000,applied
54118000000,54116026100,0,2,541,54100000000,applied
54124000000,54123306595,1,2,541,54110000000,applied
54130000000,54128590845,0,1,541,54100000000,applied
54132000000,54130336869,2,1,541,54120000000,applied
54134000000,54133506418,2,0,541,54120000000,applied
54146000000,54144143298,1,0,541,54110000000,applied
54202000000,54200860543,0,1,542,54200000000,applied
54216000000,54215233813,0,2,542,54200000000,applied
54226000000,54224295413,2,0,542,54220000000,applied
54234000000,54233827133,1,0,542,54210000000,applied
54260000000,54259518107,1,2,542,54210000000,applied
54266000000,54264406987,2,1,542,54220000000,applied
54322000000,54321411088,2,1,543,54320000000,applied
54324000000,54322347895,0,2,543,54300000000,applied
54326000000,54325450594,1,0,543,54310000000,applied
54338000000,54337947031,1,2,543,54310000000,applied
54344000000,54343754762,0,1,543,54300000000,applied
54354000000,54352969369,2,0,543,54320000000,applied
54404000000,54402627525,0,1,544,54400000000,applied
54430000000,54429760641,1,0,544,54410000000,applied
54436000000,54434023803,1,2,544,54410000000,applied
54442000000,54440563215,0,2,544,54400000000,applied
54452000000,54450324715,2,1,544,54420000000,applied
54472000000,54470155979,2,0,544,54420000000,applied
54510000000,54508129999,0,1,545,54500000000,applied
54512000000,54510418645,0,2,545,54500000000,applied
54520000000,54519032191,1,0,545,54510000000,applied
54540000000,54538882912,2,0,545,54520000000,applied
54550000000,54549628609,2,1,545,54520000000,applied
54556000000,54555035615,1,2,545,54510000000,applied
54608000000,54606565088,0,2,546,54600000000,applied
54612000000,54610970781,1,2,546,54610000000,applied
54616000000,54615309481,1,0,546,54610000000,applied
54626000000,54624483036,2,0,546,54620000000,applied
54638000000,54636344186,0,1,546,54600000000,applied
54670000000,54668499225,2,1,546,54620000000,applied
54718000000,54717228015,0,2,547,54700000000,applied
54718000000,54717368942,0,1,547,54700000000,applied
54722000000,54721112086,1,0,547,54710000000,applied
54726000000,54724459280,1,2,547,54710000000,applied
54748000000,54747472385,2,0,547,54720000000,applied
54752000000,54750396008,2,1,547,54720000000,applied
54822000000,54820351730,0,2,548,54800000000,applied
54832000000,54831413966,2,1,548,54820000000,applied
54842000000,54840261446,1,2,548,54810000000,applied
54848000000,54847976004,0,1,548,54800000000,applied
54850000000,54849956903,1,0,548,54810000000,applied
54854000000,54853187371,2,0,548,54820000000,applied
54916000000,54914535420,0,1,549,54900000000,applied
54916000000,54915912600,1,2,549,54910000000,applied
54928000000,54927977265,0,2,549,54900000000,applied
54930000000,54929232328,2,1,549,54920000000,applied
54954000000,54953287216,2,0,549,54920000000,applied
54956000000,54955236556,1,0,549,54910000000,applied
55018000000,55017010512,0,1,550,55000000000,applied
55018000000,55017173730,1,2,550,55010000000,applied
55026000000,55024991769,1,0,550,55010000000,applied
55026000000,55025352081,2,1,550,55020000000,applied
55042000000,55041607299,0,2,550,55000000000,applied
55052000000,55051898913,2,0,550,55020000000,applied
55106000000,55104354570,0,1,551,55100000000,applied
55128000000,55127256009,1,2,551,55110000000,applied
55128000000,55127592398,2,0,551,55120000000,applied
55130000000,55129023171,0,2,551,55100000000,applied
55138000000,55136586571,1,0,551,55110000000,applied
55170000000,55169142691,2,1,551,55120000000,applied
55220000000,55219656670,0,1,552,55200000000,applied
55222000000,55220672279,2,1,552,55220000000,applied
55232000000,55231712341,1,2,552,55210000000,applied
55244000000,55242200091,1,0,552,55210000000,applied
55246000000,55244401778,0,2,552,55200000000,applied
55266000000,55264068473,2,0,552,55220000000,applied
55306000000,55304989119,0,1,553,55300000000,applied
55314000000,55313502719,1,2,553,55310000000,applied
55320000000,55318693412,0,2,553,55300000000,applied
55346000000,55344327355,1,0,553,55310000000,applied
55352000000,55351387385,2,1,553,55320000000,applied
55366000000,55365090414,2,0,553,55320000000,applied
55412000000,55411116737,0,1,554,55400000000,applied
55420000000,55418906818,1,0,554,55410000000,applied
55430000000,55429311506,0,2,554,55400000000,applied
55432000000,55431220414,2,1,554,55420000000,applied
55438000000,55437332398,1,2,554,55410000000,applied
55462000000,55460935339,2,0,554,55420000000,applied
55512000000,55511430696,1,0,555,55510000000,applied
55520000000,55518537930,0,2,555,55500000000,applied
55542000000,55541595033,0,1,555,55500000000,applied
55548000000,55546973168,2,0,555,55520000000,applied
55550000000,55548655167,1,2,555,55510000000,applied
55558000000,55556258093,2,1,555,55520000000,applied
55616000000,55614582896,0,1,556,55600000000,applied
55624000000,55622998992,2,1,556,55620000000,applied
55626000000,55625751098,0,2,556,55600000000,applied
55630000000,55628520515,2,0,556,55620000000,applied
55640000000,55639080475,1,2,556,55610000000,applied
55650000000,55648202055,1,0,556,55610000000,applied
55712000000,55711178857,1,2,557,55710000000,applied
55718000000,55716869370,0,1,557,55700000000,applied
55736000000,55735390574,0,2,557,55700000000,applied
55742000000,55740965711,1,0,557,55710000000,applied
55744000000,55743175106,2,0,557,55720000000,applied
55768000000,55766118636,2,1,557,55720000000,applied
55806000000,55804722601,0,1,558,55800000000,applied
55826000000,55824773137,1,0,558,55810000000,applied
55830000000,55828884515,0,2,558,55800000000,applied
55832000000,55831328923,2,0,558,55820000000,applied
55844000000,55842205867,2,1,558,55820000000,applied
55860000000,55858678076,1,2,558,55810000000,applied
55926000000,55924126140,0,1,559,55900000000,applied
55926000000,55924799092,1,0,559,55910000000,applied
55928000000,55926473290,1,2,559,55910000000,applied
55928000000,55927604362,0,2,559,55900000000,applied
55930000000,55928726436,2,0,559,55920000000,applied
55960000000,55959930572,2,1,559,55920000000,applied
56010000000,56008397055,0,2,560,56000000000,applied
56020000000,56019679054,1,0,560,56010000000,applied
56022000000,56021950213,2,0,560,56020000000,applied
56032000000,56030654301,1,2,560,56010000000,applied
56046000000,56044211786,0,1,560,56000000000,applied
56068000000,56066667854,2,1,560,56020000000,applied
56120000000,56119031374,1,2,561,56110000000,applied
56120000000,56119361128,0,1,561,56100000000,applied
56122000000,56121997822,2,1,561,56120000000,applied
56132000000,56131061079,0,2,561,56100000000,applied
56150000000,56148555626,1,0,561,56110000000,applied
56162000000,56160795352,2,0,561,56120000000,applied
56214000000,56213068640,1,2,562,56210000000,applied
56228000000,56226495773,0,1,562,56200000000,applied
56240000000,56238691893,0,2,562,56200000000,applied
56244000000,56242134878,2,1,562,56220000000,applied
56248000000,56247212191,1,0,562,56210000000,applied
56258000000,56257870693,2,0,562,56220000000,applied
56308000000,56307320968,0,2,563,56300000000,applied
56332000000,56330462599,2,1,563,56320000000,applied
56332000000,56331250048,0,1,563,56300000000,applied
56334000000,56332682442,1,0,563,56310000000,applied
56336000000,56334919880,1,2,563,56310000000,applied
56340000000,56338385025,2,0,563,56320000000,applied
56416000000,56415455343,0,1,564,56400000000,applied
56424000000,56423360359,1,0,564,56410000000,applied
56428000000,56426633422,2,1,564,56420000000,applied
56440000000,56438980194,0,2,564,56400000000,applied
56442000000,56441874450,2,0,564,56420000000,applied
56458000000,56457024931,1,2,564,56410000000,applied
56512000000,56510476209,0,2,565,56500000000,applied
56518000000,56517164889,0,1,565,56500000000,applied
56534000000,56533976354,2,0,565,56520000000,applied
56548000000,56547684831,1,0,565,56510000000,applied
56548000000,56547736777,2,1,565,56520000000,applied
56554000000,56552944824,1,2,565,56510000000,applied
56602000000,56601046657,0,2,566,56600000000,applied
56602000000,56601688500,0,1,566,56600000000,applied
56616000000,56614162849,1,0,566,56610000000,applied
56630000000,56629546471,1,2,566,56610000000,applied
56642000000,56640359336,2,1,566,56620000000,applied
56648000000,56646569971,2,0,566,56620000000,applied
56728000000,56727723038,2,0,567,56720000000,applied
56734000000,56733731110,0,2,567,56700000000,applied
56738000000,56737658433,1,0,567,56710000000,applied
56746000000,56745569184,0,1,567,56700000000,applied
56750000000,56749673362,1,2,567,56710000000,applied
56754000000,56753724603,2,1,567,56720000000,applied
56812000000,56810004729,0,1,568,56800000000,applied
56828000000,56826731288,1,0,568,56810000000,applied
56832000000,56830532878,2,0,568,56820000000,applied
56836000000,56835047304,2,1,568,56820000000,applied
56838000000,56836546456,0,2,568,56800000000,applied
56854000000,56852177032,1,2,568,56810000000,applied
56910000000,56908959791,0,2,569,56900000000,applied
56932000000,56930952346,2,0,569,56920000000,applied
56932000000,56931839677,1,2,569,56910000000,applied
56940000000,56939916811,2,1,569,56920000000,applied
56942000000,56940203212,0,1,569,56900000000,applied
56950000000,56948863485,1,0,569,56910000000,applied
57022000000,57021889234,0,2,570,57000000000,applied
57030000000,57028560408,2,1,570,57020000000,applied
57032000000,57031153799,1,2,570,57010000000,applied
57042000000,57040691029,0,1,570,57000000000,applied
57054000000,57052288441,2,0,570,57020000000,applied
57054000000,57053172814,1,0,570,57010000000,applied
57110000000,57109844490,0,1,571,57100000000,applied
57114000000,57112775302,1,2,571,57110000000,applied
57124000000,57122131668,2,0,571,57120000000,applied
57128000000,57126453390,1,0,571,57110000000,applied
57146000000,57145461763,0,2,571,57100000000,applied
57158000000,57157809479,2,1,571,57120000000,applied
57202000000,57201824169,0,1,572,57200000000,applied
57214000000,57213358216,1,0,572,57210000000,applied
57218000000,57217881803,1,2,572,57210000000,applied
57250000000,57248488005,0,2,572,57200000000,applied
57250000000,57249797322,2,1,572,57220000000,applied
57252000000,57251628537,2,0,572,57220000000,applied
57314000000,57313589138,0,1,573,57300000000,applied
57326000000,57324662115,1,0,573,57310000000,applied
57326000000,57324712522,1,2,573,57310000000,applied
57344000000,57342957803,0,2,573,57300000000,applied
57364000000,57362674358,2,0,573,57320000000,applied
57368000000,57367356896,2,1,573,57320000000,applied
57404000000,57402103741,0,1,574,57400000000,applied
57422000000,57421233596,0,2,574,57400000000,applied
57424000000,57422302625,2,0,574,57420000000,applied
57424000000,57423438704,2,1,574,57420000000,applied
57438000000,57436211868,1,0,574,57410000000,applied
57442000000,57440502862,1,2,574,57410000000,applied
57526000000,57525981642,0,2,575,57500000000,applied
57530000000,57528306454,0,1,575,57500000000,applied
57532000000,57530706895,1,0,575,57510000000,applied
57534000000,57533992629,2,0,575,57520000000,applied
57550000000,57548209068,2,1,575,57520000000,applied
57558000000,57556878529,1,2,575,57510000000,applied
57602000000,57601809669,0,2,576,57600000000,applied
57628000000,57626375068,0,1,576,57600000000,applied
57628000000,57626708243,2,1,576,57620000000,applied
57630000000,57628315927,1,0,576,57610000000,applied
57646000000,57644246108,1,2,576,57610000000,applied
57654000000,57653492201,2,0,576,57620000000,applied
57708000000,57707312609,0,2,577,57700000000,applied
57728000000,57727504862,2,1,577,57720000000,applied
57742000000,57741426861,1,2,577,57710000000,applied
57746000000,57745889821,0,1,577,57700000000,applied
57754000000,57753756134,1,0,577,57710000000,applied
57770000000,57769100405,2,0,577,57720000000,applied
57806000000,57805773761,0,2,578,57800000000,applied
57834000000,57833909879,0,1,578,57800000000,applied
57838000000,57836283441,1,2,578,57810000000,applied
57846000000,57845432538,2,0,578,57820000000,applied
57852000000,57851794781,2,1,578,57820000000,applied
57854000000,57852696109,1,0,578,57810000000,applied
57912000000,57910697500,1,0,579,57910000000,applied
57912000000,57911079323,0,1,579,57900000000,applied
57918000000,57916776713,0,2,579,57900000000,applied
57924000000,57923804740,1,2,579,57910000000,applied
57936000000,57935311310,2,1,579,57920000000,applied
57968000000,57966900943,2,0,579,57920000000,applied
58012000000,58010144987,0,1,580,58000000000,applied
58028000000,58026384902,1,2,580,58010000000,applied
58044000000,58042527407,1,0,580,58010000000,applied
58046000000,58044227016,0,2,580,58000000000,applied
58058000000,58057541516,2,1,580,58020000000,applied
58062000000,58061186751,2,0,580,58020000000,applied
58124000000,58122240432,1,0,581,58110000000,applied
58126000000,58124344280,1,2,581,58110000000,applied
58128000000,58126709013,0,1,581,58100000000,applied
58134000000,58133175178,2,1,581,58120000000,applied
58142000000,58141126148,0,2,581,58100000000,applied
58150000000,58148527785,2,0,581,58120000000,applied
58216000000,58214303131,1,2,582,58210000000,applied
58230000000,58229294568,0,2,582,58200000000,applied
58232000000,58231154710,0,1,582,58200000000,applied
58234000000,58232825582,2,1,582,58220000000,applied
58250000000,58248542850,1,0,582,58210000000,applied
58264000000,58263801626,2,0,582,58220000000,applied
58316000000,58315322973,0,2,583,58300000000,applied
58328000000,58326246270,1,0,583,58310000000,applied
58340000000,58338790617,0,1,583,58300000000,applied
58340000000,58339664325,1,2,583,58310000000,applied
58342000000,58340996364,2,1,583,58320000000,applied
58370000000,58368661704,2,0,583,58320000000,applied
58416000000,58415001831,1,0,584,58410000000,applied
58418000000,58417933439,0,1,584,58400000000,applied
58434000000,58432562715,1,2,584,58410000000,applied
58436000000,58435657740,2,0,584,58420000000,applied
58438000000,58437104211,0,2,584,58400000000,applied
58466000000,58465404517,2,1,584,58420000000,applied
58518000000,58517974855,1,2,585,58510000000,applied
58528000000,58527899160,0,2,585,58500000000,applied
58550000000,58548742396,0,1,585,58500000000,applied
58556000000,58555782127,1,0,585,58510000000,applied
58566000000,58564216710,2,1,585,58520000000,applied
58572000000,58570168967,2,0,585,58520000000,applied
58610000000,58608827557,0,2,586,58600000000,applied
58624000000,58623511954,1,2,586,58610000000,applied
58626000000,58625122789,2,0,586,58620000000,applied
58632000000,58630884744,1,0,586,58610000000,applied
58646000000,58644032367,0,1,586,58600000000,applied
58666000000,58665205053,2,1,586,58620000000,applied
58702000000,58701908066,0,1,587,58700000000,applied
58736000000,58735189938,1,2,587,58710000000,applied
58738000000,58737571494,2,1,587,58720000000,applied
58748000000,58747440335,0,2,587,58700000000,applied
58748000000,58747453958,2,0,587,58720000000,applied
58754000000,58753415868,1,0,587,58710000000,applied
58804000000,58802373384,0,2,588,58800000000,applied
58812000000,58811108521,0,1,588,58800000000,applied
58820000000,58818402402,1,2,588,58810000000,applied
58858000000,58857683155,1,0,588,58810000000,applied
58860000000,58858428057,2,0,588,58820000000,applied
58868000000,58866679612,2,1,588,58820000000,applied
58916000000,58914902827,0,2,589,58900000000,applied
58924000000,58922026073,0,1,589,58900000000,applied
58924000000,58923401871,2,1,589,58920000000,applied
58928000000,58926096591,1,0,589,58910000000,applied
58954000000,58952658050,1,2,589,58910000000,applied
58960000000,58958302244,2,0,589,58920000000,applied
59008000000,59006575956,0,2,590,59000000000,applied
59026000000,59024550107,0,1,590,59000000000,applied
59032000000,59030305996,1,0,590,59010000000,applied
59048000000,59047473872,2,0,590,59020000000,applied
59056000000,59054472517,1,2,590,59010000000,applied
59066000000,59064933882,2,1,590,59020000000,applied
59116000000,59115070530,0,2,591,59100000000,applied
59124000000,59123315008,0,1,591,59100000000,applied
59128000000,59127601164,1,0,591,59110000000,applied
59130000000,59128383079,1,2,591,59110000000,applied
59164000000,59162332480,2,1,591,59120000000,applied
59168000000,59167094239,2,0,591,59120000000,applied
59208000000,59206002961,0,2,592,59200000000,applied
59234000000,59233689890,2,0,592,59220000000,applied
59240000000,59239406172,1,2,592,59210000000,applied
59244000000,59243468806,1,0,592,59210000000,applied
59250000000,59249284713,0,1,592,59200000000,applied
59272000000,59270047393,2,1,592,59220000000,applied
59306000000,59304438606,0,2,593,59300000000,applied
59314000000,59312246094,1,2,593,59310000000,applied
59334000000,59332693193,0,1,593,59300000000,applied
59338000000,59336371363,1,0,593,59310000000,applied
59354000000,59353476996,2,0,593,59320000000,applied
59356000000,59355292784,2,1,593,59320000000,applied
59412000000,59410986046,0,2,594,59400000000,applied
59416000000,59415274811,1,2,594,59410000000,applied
59420000000,59419955208,1,0,594,59410000000,applied
59440000000,59439788000,0,1,594,59400000000,applied
59442000000,59440129641,2,1,594,59420000000,applied
59444000000,59443198536,2,0,594,59420000000,applied
59522000000,59520796241,0,2,595,59500000000,applied
59524000000,59523600755,1,2,595,59510000000,applied
59530000000,59529256062,1,0,595,59510000000,applied
59536000000,59534214890,2,1,595,59520000000,applied
59542000000,59541952844,0,1,595,59500000000,applied
59552000000,59551945824,2,0,595,59520000000,applied
59612000000,59610390153,0,2,596,59600000000,applied
59626000000,59624281980,2,0,596,59620000000,applied
59632000000,59630318607,2,1,596,59620000000,applied
59644000000,59642262067,0,1,596,59600000000,applied
59646000000,59645631122,1,2,596,59610000000,applied
59652000000,59651223337,1,0,596,59610000000,applied
59714000000,59712140443,0,2,597,59700000000,applied
59734000000,59733118419,0,1,597,59700000000,applied
59740000000,59739354843,1,0,597,59710000000,applied
59750000000,59749338432,1,2,597,59710000000,applied
59750000000,59749725881,2,0,597,59720000000,applied
59758000000,59756043081,2,1,597,59720000000,applied
59802000000,59801619291,0,1,598,59800000000,applied
59814000000,59813753393,1,0,598,59810000000,applied
59822000000,59820501312,1,2,598,59810000000,applied
59836000000,59834065604,0,2,598,59800000000,applied
59838000000,59836511157,2,1,598,59820000000,applied
59864000000,59862400388,2,0,598,59820000000,applied
59904000000,59903326242,0,2,599,59900000000,applied
59914000000,59912642192,0,1,599,59900000000,applied
59932000000,59931148310,2,0,599,59920000000,applied
59936000000,59935643917,1,0,599,59910000000,applied
59948000000,59947765911,2,1,599,59920000000,applied
59954000000,59952781436,1,2,599,59910000000,applied
