t,id,x,y,theta,v,omega,gap_err,belief_err
0.0,0,3.00000,-2.50000,0.00000,0.00000,0.00000,0.00000,
0.0,1,2.00000,-2.50000,0.00000,0.00000,0.00000,0.00000,
0.0,2,1.00000,-2.50000,0.00000,0.00000,0.00000,0.00000,
0.02,0,3.00253,-2.50003,-0.00728,0.12497,-1.18294,0.00000,
0.02,1,2.00000,-2.50000,0.00000,0.00000,0.00003,0.00253,0.00253
0.02,2,1.00000,-2.50000,0.00000,0.00000,-0.00000,0.00000,
0.04,0,3.00505,-2.50074,-0.02857,0.14771,-1.15619,0.00000,
0.04,1,2.00000,-2.50000,0.00000,-0.00000,-0.00000,0.00505,0.00510
0.04,2,1.00000,-2.50000,0.00000,0.00000,-0.00000,0.00000,
0.06,0,3.00956,-2.50137,-0.03977,0.32252,0.04178,0.00000,
0.06,1,2.00000,-2.50000,0.00000,-0.00000,-0.00002,0.00956,0.00966
0.06,2,1.00000,-2.50000,0.00000,0.00000,-0.00000,0.00000,
0.08,0,3.01768,-2.50174,-0.03347,0.45142,0.34436,0.00000,
0.08,1,2.00000,-2.50000,-0.00000,0.00000,-0.00001,0.01768,0.01776
0.08,2,1.00000,-2.50000,-0.00000,-0.00000,-0.00000,0.00000,
0.1,0,3.02741,-2.50212,-0.03382,0.48811,-0.15035,0.00000,
0.1,1,2.00000,-2.50000,-0.00000,0.00000,0.00000,0.02741,0.02749
0.1,2,1.00000,-2.50000,-0.00000,-0.00000,-0.00000,0.00000,
0.12,0,3.03751,-2.50246,-0.03514,0.52835,0.02697,0.00000,
0.12,1,2.00454,-2.50000,-0.00011,0.25323,-0.00896,0.03298,0.01011
0.12,2,1.00000,-2.50000,0.00000,-0.00000,0.00000,0.00454,
0.14,0,3.04817,-2.50280,-0.03323,0.53033,0.11916,0.00000,
0.14,1,2.00865,-2.50000,-0.00029,0.19364,-0.00906,0.03953,0.02078
0.14,2,1.00000,-2.50000,0.00000,-0.00000,0.00000,0.00865,
0.16,0,3.05858,-2.50313,-0.03123,0.51280,0.07916,0.00000,
0.16,1,2.01223,-2.50000,-0.00046,0.17192,-0.00784,0.04635,0.03118
0.16,2,1.00000,-2.50000,0.00000,-0.00000,0.00000,0.01223,
0.18,0,3.06874,-2.50344,-0.02995,0.50712,0.05794,0.00000,
0.18,1,2.01791,-2.49999,-0.00053,0.38989,-0.00278,0.05083,0.04135
0.18,2,1.00000,-2.50000,0.00000,0.00000,0.00000,0.01791,
0.2,0,3.07775,-2.50374,-0.02893,0.45035,0.06131,0.00000,
0.2,1,2.02690,-2.49998,-0.00060,0.44016,-0.00405,0.05085,0.05037
0.2,2,1.00000,-2.50000,0.00000,-0.00000,0.00000,0.02690,
0.22,0,3.08700,-2.50402,-0.02753,0.47018,0.07170,0.00000,
0.22,1,2.03726,-2.49999,-0.00103,0.52879,-0.02679,0.04975,0.00926
0.22,2,1.00000,-2.50000,0.00000,0.00000,0.00000,0.03726,
0.24,0,3.09612,-2.50428,-0.02611,0.44772,0.07019,0.00000,
0.24,1,2.04762,-2.49999,-0.00136,0.49110,-0.00730,0.04851,0.01838
0.24,2,1.00000,-2.50000,0.00000,-0.00000,-0.00000,0.04762,
0.26,0,3.10598,-2.50454,-0.02495,0.52014,0.05259,0.00000,
0.26,1,2.05627,-2.50000,-0.00140,0.33415,-0.00173,0.04972,0.02824
0.26,2,1.00000,-2.50000,0.00000,-0.00000,-0.00000,0.05627,
0.28,0,3.11648,-2.50480,-0.02388,0.52140,0.05519,0.00000,
0.28,1,2.06273,-2.50001,-0.00146,0.33342,-0.00339,0.05376,0.03875
0.28,2,1.00000,-2.50000,0.00000,-0.00000,-0.00000,0.06273,
0.3,0,3.12667,-2.50504,-0.02275,0.50053,0.05695,0.00000,
0.3,1,2.06972,-2.50003,-0.00154,0.36133,-0.00442,0.05696,0.04894
0.3,2,1.00000,-2.50000,0.00000,-0.00000,-0.00000,0.06972,
0.32,0,3.13658,-2.50527,-0.02163,0.49436,0.05422,0.00000,
0.32,1,2.07657,-2.50004,-0.00181,0.28091,-0.01808,0.06003,0.00991
0.32,2,1.00146,-2.50000,-0.00000,0.21775,-0.00012,0.07511,0.00298
0.34,0,3.14651,-2.50548,-0.02058,0.49876,0.05160,0.00000,
0.34,1,2.08269,-2.50005,-0.00206,0.35233,-0.00781,0.06383,0.01984
0.34,2,1.00505,-2.50000,-0.00000,0.13487,-0.00012,0.07764,0.00910
0.36,0,3.15652,-2.50569,-0.01957,0.50179,0.05006,0.00000,
0.36,1,2.09113,-2.50007,-0.00217,0.46466,-0.00456,0.06541,0.02986
0.36,2,1.00729,-2.50000,-0.00001,0.11579,-0.00011,0.08384,0.01753
0.38,0,3.16656,-2.50589,-0.01858,0.50134,0.04857,0.00000,
0.38,1,2.10092,-2.50010,-0.00226,0.49883,-0.00495,0.06565,0.03989
0.38,2,1.01164,-2.50000,-0.00001,0.30844,-0.00006,0.08928,0.02733
0.4,0,3.17657,-2.50607,-0.01763,0.50034,0.04690,0.00000,
0.4,1,2.11071,-2.50012,-0.00236,0.47385,-0.00533,0.06588,0.04991
0.4,2,1.01879,-2.50000,-0.00001,0.39779,-0.00002,0.09192,0.03711
0.42,0,3.18657,-2.50625,-0.01671,0.50019,0.04529,0.00000,
0.42,1,2.12335,-2.50014,-0.00239,0.66476,0.03810,0.06324,0.01000
0.42,2,1.02786,-2.50000,-0.00001,0.55670,-0.00047,0.09549,0.00685
0.44,0,3.19658,-2.50642,-0.01582,0.50045,0.04378,0.00000,
0.44,1,2.13644,-2.50019,-0.00137,0.62708,0.07747,0.06015,0.02001
0.44,2,1.03849,-2.50000,-0.00002,0.51207,-0.00045,0.09795,0.01995
0.46,0,3.20590,-2.50657,-0.01500,0.47159,0.04288,0.00000,
0.46,1,2.14790,-2.50022,-0.00042,0.52450,0.01022,0.05802,0.02934
0.46,2,1.04816,-2.50000,-0.00003,0.45586,-0.00043,0.09974,0.03140
0.48,0,3.21543,-2.50672,-0.01414,0.47894,0.04209,0.00000,
0.48,1,2.15536,-2.50023,-0.00056,0.34630,-0.01068,0.06010,0.03887
0.48,2,1.05847,-2.50000,-0.00003,0.58179,-0.00015,0.09689,0.03886
0.5,0,3.22501,-2.50685,-0.01334,0.47789,0.03889,0.00000,
0.5,1,2.16246,-2.50023,-0.00076,0.37259,-0.00942,0.06257,0.04844
0.5,2,1.07121,-2.50000,-0.00003,0.66044,-0.00005,0.09124,0.04596
0.52,0,3.23433,-2.50698,-0.01254,0.48369,0.03829,0.00000,
0.52,1,2.17231,-2.50024,-0.00106,0.50814,-0.01618,0.06205,0.00933
0.52,2,1.08359,-2.50000,-0.00004,0.50523,-0.00090,0.08871,0.00526
0.54,0,3.24446,-2.50710,-0.01181,0.51669,0.03560,0.00000,
0.54,1,2.18295,-2.50026,-0.00136,0.53199,-0.01490,0.06153,0.01945
0.54,2,1.09200,-2.50000,-0.00006,0.32499,-0.00124,0.09095,0.01590
0.56,0,3.25474,-2.50723,-0.01110,0.50847,0.03569,0.00000,
0.56,1,2.19305,-2.50026,-0.00160,0.47737,-0.00992,0.06171,0.02973
0.56,2,1.09843,-2.50000,-0.00009,0.29080,-0.00128,0.09462,0.02601
0.58,0,3.26476,-2.50734,-0.01039,0.49651,0.03486,0.00000,
0.58,1,2.20189,-2.50028,-0.00179,0.36972,-0.01057,0.06290,0.03976
0.58,2,1.10284,-2.50000,-0.00011,0.21329,-0.00137,0.09905,0.03484
0.6,0,3.27466,-2.50744,-0.00971,0.49559,0.03344,0.00000,
0.6,1,2.20906,-2.50029,-0.00200,0.37904,-0.00997,0.06563,0.04966
0.6,2,1.10710,-2.50001,-0.00013,0.24971,-0.00036,0.10197,0.04201
0.62,0,3.28461,-2.50754,-0.00905,0.49883,0.03226,0.00000,
0.62,1,2.21620,-2.50030,-0.00223,0.33219,-0.01220,0.06844,0.00995
0.62,2,1.11329,-2.50001,-0.00013,0.34410,-0.00016,0.10291,0.04915
0.64,0,3.29460,-2.50763,-0.00842,0.50000,0.03127,0.00000,
0.64,1,2.22326,-2.50032,-0.00245,0.38768,-0.00905,0.07137,0.01994
0.64,2,1.12017,-2.50001,-0.00014,0.34410,-0.00016,0.10309,0.05621
0.66,0,3.30460,-2.50771,-0.00780,0.49938,0.03027,0.00000,
0.66,1,2.23139,-2.50035,-0.00260,0.42574,-0.00738,0.07323,0.02994
0.66,2,1.12722,-2.50001,-0.00014,0.37834,-0.00015,0.10417,0.06435
0.68,0,3.31458,-2.50779,-0.00721,0.49886,0.02926,0.00000,
0.68,1,2.24106,-2.50037,-0.00277,0.50772,-0.00889,0.07354,0.03992
0.68,2,1.13546,-2.50002,-0.00014,0.44947,-0.00019,0.10560,0.07401
0.7,0,3.32456,-2.50786,-0.00664,0.49891,0.02830,0.00000,
0.7,1,2.25094,-2.50040,-0.00295,0.47380,-0.00870,0.07364,0.04989
0.7,2,1.14447,-2.50002,-0.00015,0.48281,-0.00019,0.10646,0.08389
0.72,0,3.33454,-2.50793,-0.00608,0.49907,0.02737,0.00000,
0.72,1,2.26368,-2.50043,-0.00310,0.66699,-0.00619,0.07088,0.00998
0.72,2,1.15443,-2.50002,-0.00015,0.49434,-0.00018,0.10925,0.09663
0.74,0,3.34452,-2.50799,-0.00554,0.49910,0.02648,0.00000,
0.74,1,2.27673,-2.50045,-0.00322,0.60131,-0.00439,0.06781,0.01996
0.74,2,1.16388,-2.50002,-0.00015,0.45531,-0.00015,0.11285,0.10969
0.76,0,3.35420,-2.50804,-0.00503,0.46324,0.02472,0.00000,
0.76,1,2.28823,-2.50048,-0.00335,0.47607,-0.01069,0.06600,0.02965
0.76,2,1.17275,-2.50002,-0.00016,0.43773,-0.00013,0.11548,0.12118
0.78,0,3.36359,-2.50809,-0.00453,0.47434,0.02541,0.00000,
0.78,1,2.29592,-2.50051,-0.00361,0.37603,-0.01321,0.06770,0.03904
0.78,2,1.18150,-2.50002,-0.00016,0.43865,-0.00013,0.11442,0.12887
0.8,0,3.37313,-2.50814,-0.00403,0.47786,0.02387,0.00000,
0.8,1,2.30363,-2.50058,-0.00405,0.39982,-0.02193,0.06953,0.04858
0.8,2,1.19027,-2.50002,-0.00016,0.43643,-0.00013,0.11337,0.13659
0.82,0,3.38248,-2.50817,-0.00356,0.45696,0.02382,0.00000,
0.82,1,2.31395,-2.50060,-0.00421,0.52777,0.00295,0.06855,0.00934
0.82,2,1.19846,-2.50002,-0.00016,0.40037,-0.00014,0.11549,0.14690
0.84,0,3.39226,-2.50821,-0.00311,0.50916,0.02192,0.00000,
0.84,1,2.32499,-2.50065,-0.00345,0.55125,0.05493,0.06729,0.01913
0.84,2,1.20652,-2.50003,-0.00017,0.40404,-0.00010,0.11847,0.15795
0.86,0,3.40255,-2.50824,-0.00268,0.51310,0.02155,0.00000,
0.86,1,2.33538,-2.50071,-0.00271,0.48820,0.01031,0.06720,0.02942
0.86,2,1.21455,-2.50003,-0.00017,0.39801,-0.00011,0.12083,0.16834
0.88,0,3.41266,-2.50827,-0.00225,0.49889,0.02113,0.00000,
0.88,1,2.34367,-2.50074,-0.00296,0.36382,-0.01989,0.06901,0.03952
0.88,2,1.22241,-2.50003,-0.00017,0.38898,-0.00011,0.12126,0.17662
0.9,0,3.42256,-2.50829,-0.00183,0.49378,0.02038,0.00000,
0.9,1,2.35139,-2.50076,-0.00326,0.40347,-0.01038,0.07119,0.04942
0.9,2,1.23011,-2.50003,-0.00017,0.38253,-0.00011,0.12128,0.18435
0.92,0,3.43246,-2.50831,-0.00143,0.49652,0.01966,0.00000,
0.92,1,2.35857,-2.50080,-0.00721,0.32575,-0.36407,0.07392,0.00990
0.92,2,1.23809,-2.50003,-0.00021,0.44834,-0.00621,0.12047,0.00323
0.94,0,3.44242,-2.50832,-0.00105,0.49878,0.01906,0.00000,
0.94,1,2.36549,-2.50112,-0.01661,0.37265,-0.43655,0.07696,0.01986
0.94,2,1.24736,-2.50003,-0.00034,0.44658,-0.00437,0.11813,0.01015
0.96,0,3.45240,-2.50833,-0.00067,0.49860,0.01847,0.00000,
0.96,1,2.37358,-2.50126,-0.01958,0.41369,0.05399,0.07884,0.02984
0.96,2,1.25539,-2.50004,-0.00036,0.36922,0.00041,0.11819,0.01825
0.98,0,3.46236,-2.50834,-0.00031,0.49789,0.01788,0.00000,
0.98,1,2.38301,-2.50137,-0.01730,0.49906,0.10517,0.07937,0.03980
0.98,2,1.26247,-2.50004,-0.00035,0.35049,0.00015,0.12055,0.02768
1.0,0,3.47231,-2.50834,0.00004,0.49775,0.01730,0.00000,
1.0,1,2.39282,-2.50151,-0.01629,0.47307,0.01299,0.07952,0.04976
1.0,2,1.26962,-2.50004,-0.00036,0.36400,-0.00088,0.12319,0.03748
1.02,0,3.48227,-2.50834,0.00038,0.49792,0.01676,0.00000,
1.02,1,2.40520,-2.50165,-0.01606,0.64613,0.01728,0.07709,0.00996
1.02,2,1.27797,-2.50004,-0.00039,0.51888,-0.00349,0.12723,0.00662
1.04,0,3.49223,-2.50834,0.00071,0.49801,0.01623,0.00000,
1.04,1,2.41769,-2.50180,-0.01565,0.59879,0.02426,0.07456,0.01992
1.04,2,1.28828,-2.50005,-0.00046,0.48954,-0.00333,0.12941,0.01911
1.06,0,3.50219,-2.50833,0.00103,0.49798,0.01572,0.00000,
1.06,1,2.42917,-2.50195,-0.01526,0.54513,0.01497,0.07304,0.02988
1.06,2,1.29647,-2.50005,-0.00052,0.38943,-0.00274,0.13271,0.03060
1.08,0,3.51215,-2.50832,0.00134,0.49795,0.01522,0.00000,
1.08,1,2.43702,-2.50209,-0.01527,0.37113,0.00294,0.07514,0.03984
1.08,2,1.30548,-2.50010,-0.00199,0.47395,-0.07873,0.13155,0.03845
1.1,0,3.52211,-2.50831,0.00164,0.49795,0.01474,0.00000,
1.1,1,2.44459,-2.50225,-0.01534,0.39105,-0.00276,0.07754,0.04979
1.1,2,1.31685,-2.50011,-0.00264,0.62073,0.00534,0.12774,0.04601
1.12,0,3.53207,-2.50829,0.00193,0.49796,0.01428,0.00000,
1.12,1,2.45233,-2.50236,-0.01506,0.39417,0.02657,0.07976,0.05975
1.12,2,1.32846,-2.50011,-0.00175,0.59034,0.08348,0.12387,0.05375
1.14,0,3.54195,-2.50827,0.00221,0.45995,0.01483,0.00000,
1.14,1,2.46131,-2.50249,-0.01457,0.47491,0.02102,0.08066,0.06964
1.14,2,1.34045,-2.50019,-0.00119,0.60800,-0.00950,0.12086,0.06273
1.16,0,3.55126,-2.50825,0.00249,0.47046,0.01353,0.00000,
1.16,1,2.47064,-2.50262,-0.01422,0.45058,0.01630,0.08064,0.07894
1.16,2,1.35268,-2.50021,-0.00159,0.61037,-0.01840,0.11796,0.07206
1.18,0,3.56075,-2.50823,0.00275,0.47680,0.01261,0.00000,
1.18,1,2.47921,-2.50274,-0.01388,0.41519,0.01699,0.08155,0.08844
1.18,2,1.36420,-2.50022,-0.00174,0.55478,0.00057,0.11502,0.08064
1.2,0,3.57018,-2.50820,0.00300,0.44277,0.01176,0.00000,
1.2,1,2.48741,-2.50286,-0.01354,0.40927,0.01732,0.08278,0.09786
1.2,2,1.37534,-2.50023,-0.00165,0.55880,0.00481,0.11207,0.08884
1.22,0,3.57973,-2.50817,0.00324,0.50197,0.01233,0.00000,
1.22,1,2.49550,-2.50297,-0.01322,0.37842,0.01290,0.08425,0.10741
1.22,2,1.38653,-2.50025,-0.00164,0.64067,-0.00693,0.10897,0.00398
1.24,0,3.58998,-2.50814,0.00348,0.51447,0.01197,0.00000,
1.24,1,2.50316,-2.50307,-0.01292,0.38667,0.01640,0.08683,0.11767
1.24,2,1.40003,-2.50027,-0.00181,0.67541,-0.00834,0.10313,0.01165
1.26,0,3.60013,-2.50810,0.00372,0.50060,0.01141,0.00000,
1.26,1,2.51088,-2.50317,-0.01259,0.38374,0.01603,0.08926,0.12782
1.26,2,1.41203,-2.50028,-0.00194,0.53534,-0.00519,0.09886,0.01937
1.28,0,3.61004,-2.50807,0.00394,0.49307,0.01105,0.00000,
1.28,1,2.51845,-2.50327,-0.01228,0.37415,0.01451,0.09159,0.13772
1.28,2,1.42056,-2.50029,-0.00202,0.32444,-0.00463,0.09789,0.02694
1.3,0,3.61991,-2.50803,0.00416,0.49504,0.01075,0.00000,
1.3,1,2.52557,-2.50336,-0.01203,0.34106,0.01224,0.09435,0.14760
1.3,2,1.42728,-2.50031,-0.00188,0.34543,-0.00496,0.09829,0.03406
1.32,0,3.62985,-2.50799,0.00437,0.49779,0.01044,0.00000,
1.32,1,2.53247,-2.50344,-0.01175,0.34742,0.01467,0.09739,0.15753
1.32,2,1.43462,-2.50032,-0.00213,0.38142,-0.01160,0.09786,0.04096
1.34,0,3.63981,-2.50794,0.00458,0.49797,0.01012,0.00000,
1.34,1,2.53940,-2.50353,-0.01146,0.34390,0.01370,0.10042,0.16749
1.34,2,1.44201,-2.50033,-0.00222,0.35421,0.00096,0.09739,0.04788
1.36,0,3.64976,-2.50790,0.00477,0.49722,0.00981,0.00000,
1.36,1,2.54618,-2.50360,-0.01120,0.33550,0.01258,0.10359,0.17745
1.36,2,1.45000,-2.50035,-0.00218,0.42406,0.00152,0.09618,0.05467
1.38,0,3.65970,-2.50785,0.00497,0.49696,0.00952,0.00000,
1.38,1,2.55282,-2.50368,-0.01095,0.32935,0.01227,0.10689,0.18739
1.38,2,1.45845,-2.50037,-0.00218,0.41183,-0.00094,0.09438,0.06131
1.4,0,3.66964,-2.50780,0.00515,0.49711,0.00923,0.00000,
1.4,1,2.55933,-2.50375,-0.01071,0.31347,0.01297,0.11031,0.19733
1.4,2,1.46633,-2.50038,-0.00220,0.38232,-0.00103,0.09301,0.06782
1.42,0,3.67958,-2.50775,0.00534,0.49723,0.00896,0.00000,
1.42,1,2.56580,-2.50382,-0.01047,0.32987,0.01139,0.11379,0.20727
1.42,2,1.47352,-2.50040,-0.00226,0.30926,-0.00816,0.09229,0.00327
1.44,0,3.68953,-2.50770,0.00551,0.49721,0.00869,0.00000,
1.44,1,2.57241,-2.50389,-0.01025,0.32829,0.01093,0.11713,0.21722
1.44,2,1.47994,-2.50042,-0.00241,0.33345,-0.00476,0.09248,0.00989
1.46,0,3.69947,-2.50764,0.00568,0.49718,0.00844,0.00000,
1.46,1,2.57886,-2.50395,-0.01003,0.31762,0.01080,0.12062,0.22716
1.46,2,1.48678,-2.50043,-0.00244,0.34458,0.00005,0.09208,0.01633
1.48,0,3.70942,-2.50759,0.00585,0.49717,0.00819,0.00000,
1.48,1,2.58513,-2.50402,-0.00982,0.31088,0.01044,0.12429,0.23710
1.48,2,1.49357,-2.50045,-0.00244,0.33345,-0.00066,0.09157,0.02260
1.5,0,3.71936,-2.50753,0.00601,0.49718,0.00795,0.00000,
1.5,1,2.59131,-2.50408,-0.00961,0.30757,0.01003,0.12806,0.24705
1.5,2,1.50010,-2.50046,-0.00247,0.32253,-0.00168,0.09121,0.02878
1.52,0,3.72930,-2.50747,0.00617,0.49718,0.00772,0.00000,
1.52,1,2.59742,-2.50414,-0.00942,0.30374,0.00968,0.13189,0.25699
1.52,2,1.50683,-2.50048,-0.00251,0.38044,-0.00398,0.09060,0.00305
1.54,0,3.73925,-2.50741,0.00632,0.49718,0.00749,0.00000,
1.54,1,2.60324,-2.50419,-0.00924,0.27535,0.00787,0.13601,0.26693
1.54,2,1.51522,-2.50050,-0.00259,0.43262,-0.00312,0.08802,0.00887
1.56,0,3.74919,-2.50734,0.00647,0.49718,0.00728,0.00000,
1.56,1,2.60881,-2.50425,-0.00906,0.28068,0.00953,0.14038,0.27688
1.56,2,1.52318,-2.50052,-0.00263,0.36432,-0.00111,0.08564,0.01444
1.58,0,3.75913,-2.50728,0.00661,0.49718,0.00707,0.00000,
1.58,1,2.61441,-2.50430,-0.00888,0.27789,0.00905,0.14473,0.28682
1.58,2,1.52992,-2.50054,-0.00265,0.32489,-0.00114,0.08449,0.02004
1.6,0,3.76908,-2.50721,0.00675,0.49718,0.00687,0.00000,
1.6,1,2.61989,-2.50435,-0.00870,0.27106,0.00828,0.14919,0.29676
1.6,2,1.53614,-2.50056,-0.00268,0.25578,-0.00338,0.08375,0.02552
1.62,0,3.77902,-2.50715,0.00688,0.49718,0.00667,0.00000,
1.62,1,2.62500,-2.50439,-0.00856,0.24776,0.00722,0.15402,0.30671
1.62,2,1.54081,-2.50057,-0.00275,0.18066,-0.00354,0.08419,0.00247
1.64,0,3.78841,-2.50708,0.00704,0.46629,0.00709,0.00000,
1.64,1,2.63002,-2.50444,-0.00840,0.25200,0.00833,0.15839,0.31610
1.64,2,1.54412,-2.50058,-0.00280,0.18641,-0.00202,0.08590,0.00748
1.66,0,3.79784,-2.50701,0.00716,0.47525,0.00552,0.00000,
1.66,1,2.63502,-2.50448,-0.00824,0.24812,0.00776,0.16282,0.32553
1.66,2,1.54883,-2.50060,-0.00283,0.26877,-0.00096,0.08620,0.01249
1.68,0,3.80736,-2.50694,0.00727,0.47544,0.00580,0.00000,
1.68,1,2.63992,-2.50452,-0.00809,0.24197,0.00717,0.16745,0.33505
1.68,2,1.55435,-2.50061,-0.00285,0.25424,-0.00073,0.08558,0.01738
1.7,0,3.81671,-2.50687,0.00738,0.49267,0.00619,0.00000,
1.7,1,2.64471,-2.50456,-0.00795,0.23794,0.00698,0.17200,0.34439
1.7,2,1.55954,-2.50063,-0.00287,0.28468,-0.00160,0.08518,0.02217
1.72,0,3.82689,-2.50680,0.00751,0.51494,0.00635,0.00000,
1.72,1,2.65251,-2.50460,-0.00746,0.36853,0.03790,0.17438,0.01019
1.72,2,1.56625,-2.50064,-0.00289,0.33959,0.00170,0.08627,0.00399
1.74,0,3.83708,-2.50672,0.00762,0.50284,0.00556,0.00000,
1.74,1,2.65988,-2.50463,-0.00671,0.36853,0.03772,0.17720,0.02037
1.74,2,1.57304,-2.50066,-0.00286,0.33959,0.00168,0.08685,0.01136
1.76,0,3.84701,-2.50665,0.00773,0.49294,0.00532,0.00000,
1.76,1,2.66720,-2.50461,-0.00506,0.40659,0.11007,0.17981,0.03030
1.76,2,1.57971,-2.50068,-0.00283,0.37446,0.00035,0.08749,0.01867
1.78,0,3.85686,-2.50657,0.00784,0.49374,0.00531,0.00000,
1.78,1,2.67810,-2.50465,-0.00390,0.62585,0.01315,0.17876,0.04016
1.78,2,1.58903,-2.50070,-0.00287,0.51217,-0.00297,0.08908,0.02958
1.8,0,3.86677,-2.50649,0.00794,0.49685,0.00519,0.00000,
1.8,1,2.69076,-2.50470,-0.00411,0.61243,-0.01668,0.17601,0.05007
1.8,2,1.59911,-2.50073,-0.00292,0.48134,-0.00240,0.09166,0.04224
1.82,0,3.87672,-2.50641,0.00805,0.49748,0.00503,0.00000,
1.82,1,2.70613,-2.50475,-0.00421,0.78144,0.00414,0.17059,0.00995
1.82,2,1.60808,-2.50075,-0.00296,0.42803,-0.00147,0.09806,0.05761
1.84,0,3.88666,-2.50633,0.00814,0.49675,0.00489,0.00000,
1.84,1,2.72149,-2.50482,-0.00416,0.72771,-0.00673,0.16518,0.01989
1.84,2,1.61571,-2.50078,-0.00300,0.36697,-0.00218,0.10578,0.07296
1.86,0,3.89659,-2.50625,0.00824,0.49636,0.00477,0.00000,
1.86,1,2.73534,-2.50489,-0.00442,0.60664,-0.01033,0.16126,0.02982
1.86,2,1.62342,-2.50080,-0.00303,0.39695,-0.00093,0.11193,0.08681
1.88,0,3.90652,-2.50617,0.00833,0.49647,0.00465,0.00000,
1.88,1,2.74459,-2.50495,-0.00471,0.44210,-0.01509,0.16193,0.03975
1.88,2,1.63138,-2.50083,-0.00305,0.39447,-0.00113,0.11322,0.09607
1.9,0,3.91645,-2.50609,0.00843,0.49661,0.00453,0.00000,
1.9,1,2.75348,-2.50501,-0.00499,0.45224,-0.00835,0.16297,0.04968
1.9,2,1.63909,-2.50085,-0.00308,0.37836,-0.00137,0.11440,0.10496
1.92,0,3.92638,-2.50601,0.00852,0.49662,0.00441,0.00000,
1.92,1,2.76593,-2.50506,-0.00484,0.68332,0.01429,0.16046,0.00993
1.92,2,1.64646,-2.50087,-0.00310,0.36970,-0.00121,0.11947,0.11740
1.94,0,3.93631,-2.50592,0.00860,0.49658,0.00430,0.00000,
1.94,1,2.77959,-2.50511,-0.00455,0.68332,0.01433,0.15672,0.01986
1.94,2,1.65403,-2.50090,-0.00313,0.38230,-0.00131,0.12557,0.13107
1.96,0,3.94624,-2.50584,0.00869,0.49656,0.00420,0.00000,
1.96,1,2.79221,-2.50521,-0.00444,0.61102,-0.01451,0.15404,0.02980
1.96,2,1.66161,-2.50092,-0.00315,0.37399,-0.00119,0.13061,0.14369
1.98,0,3.95618,-2.50575,0.00877,0.49657,0.00409,0.00000,
1.98,1,2.80266,-2.50528,-0.00478,0.41341,-0.01117,0.15352,0.03973
1.98,2,1.66895,-2.50094,-0.00317,0.36253,-0.00111,0.13371,0.15414
2.0,0,3.96611,-2.50566,0.00885,0.49658,0.00399,0.00000,
2.0,1,2.81107,-2.50533,-0.00445,0.42410,0.01771,0.15504,0.04966
2.0,2,1.67613,-2.50097,-0.00320,0.35686,-0.00109,0.13495,0.16255
2.02,0,3.97604,-2.50557,0.00893,0.49658,0.00390,0.00000,
2.02,1,2.81970,-2.50539,-0.00422,0.41418,0.00835,0.15634,0.05959
2.02,2,1.68454,-2.50099,-0.00321,0.58717,0.00095,0.13516,0.00427
2.04,0,3.98597,-2.50549,0.00901,0.49658,0.00381,0.00000,
2.04,1,2.82963,-2.50544,-0.00413,0.54451,0.00313,0.15634,0.06952
2.04,2,1.69564,-2.50101,-0.00314,0.52354,0.00426,0.13400,0.01420
2.06,0,3.99590,-2.50540,0.00908,0.49658,0.00372,0.00000,
2.06,1,2.84060,-2.50549,-0.00402,0.53549,0.00749,0.15530,0.07945
2.06,2,1.70610,-2.50103,-0.00306,0.52162,0.00294,0.13450,0.02517
2.08,0,4.00583,-2.50531,0.00916,0.49658,0.00364,0.00000,
2.08,1,2.85074,-2.50554,-0.00386,0.48699,0.00816,0.15509,0.08938
2.08,2,1.71634,-2.50106,-0.00307,0.50302,-0.00252,0.13441,0.03531
2.1,0,4.01576,-2.50521,0.00923,0.49658,0.00356,0.00000,
2.1,1,2.86027,-2.50557,-0.00371,0.47303,0.00681,0.15549,0.09932
2.1,2,1.72520,-2.50109,-0.00315,0.43000,-0.00346,0.13508,0.04484
2.12,0,4.02569,-2.50512,0.00930,0.49658,0.00348,0.00000,
2.12,1,2.86977,-2.50561,-0.00358,0.47677,0.00640,0.15592,0.10925
2.12,2,1.73405,-2.50112,-0.00319,0.45001,-0.00093,0.13573,0.05434
2.14,0,4.03562,-2.50503,0.00937,0.49658,0.00340,0.00000,
2.14,1,2.87928,-2.50564,-0.00345,0.47334,0.00645,0.15634,0.11918
2.14,2,1.74304,-2.50115,-0.00320,0.44573,-0.00111,0.13625,0.06385
2.16,0,4.04556,-2.50494,0.00943,0.49658,0.00333,0.00000,
2.16,1,2.88780,-2.50567,-0.00334,0.40568,0.00550,0.15776,0.12911
2.16,2,1.75180,-2.50118,-0.00323,0.43148,-0.00160,0.13601,0.07237
2.18,0,4.05549,-2.50484,0.00950,0.49658,0.00326,0.00000,
2.18,1,2.89611,-2.50570,-0.00322,0.42154,0.00665,0.15938,0.13904
2.18,2,1.76032,-2.50120,-0.00326,0.42286,-0.00152,0.13580,0.08068
2.2,0,4.06542,-2.50475,0.00956,0.49658,0.00320,0.00000,
2.2,1,2.90452,-2.50573,-0.00309,0.41705,0.00590,0.16089,0.14897
2.2,2,1.76872,-2.50123,-0.00329,0.41833,-0.00135,0.13581,0.08909
2.22,0,4.07535,-2.50465,0.00963,0.49658,0.00313,0.00000,
2.22,1,2.91262,-2.50576,-0.00297,0.42277,0.00534,0.16273,0.15891
2.22,2,1.77695,-2.50126,-0.00332,0.41287,-0.00122,0.13568,0.09719
2.24,0,4.08485,-2.50456,0.00972,0.46339,0.00457,0.00000,
2.24,1,2.92125,-2.50578,-0.00287,0.43145,0.00520,0.16361,0.16841
2.24,2,1.78535,-2.50129,-0.00334,0.42240,-0.00142,0.13590,0.10582
2.26,0,4.09424,-2.50447,0.00978,0.47365,0.00194,0.00000,
2.26,1,2.92968,-2.50581,-0.00276,0.41239,0.00531,0.16457,0.17780
2.26,2,1.79370,-2.50131,-0.00337,0.41174,-0.00128,0.13598,0.11425
2.28,0,4.10375,-2.50437,0.00982,0.47534,0.00241,0.00000,
2.28,1,2.93776,-2.50583,-0.00266,0.39961,0.00513,0.16599,0.18730
2.28,2,1.80180,-2.50134,-0.00340,0.40014,-0.00118,0.13597,0.12233
2.3,0,4.11305,-2.50428,0.00985,0.48717,0.00299,0.00000,
2.3,1,2.94571,-2.50585,-0.00256,0.39624,0.00489,0.16734,0.19661
2.3,2,1.80943,-2.50137,-0.00343,0.33534,-0.00291,0.13629,0.13028
2.32,0,4.12318,-2.50418,0.00992,0.51452,0.00371,0.00000,
2.32,1,2.95360,-2.50587,-0.00246,0.39265,0.00473,0.16958,0.20674
2.32,2,1.81635,-2.50139,-0.00346,0.35488,-0.00086,0.13726,0.13817
2.34,0,4.13338,-2.50408,0.00999,0.50385,0.00276,0.00000,
2.34,1,2.96132,-2.50589,-0.00237,0.35422,0.00394,0.17206,0.21694
2.34,2,1.82352,-2.50142,-0.00347,0.35783,-0.00061,0.13781,0.14589
2.36,0,4.14332,-2.50398,0.01004,0.49286,0.00252,0.00000,
2.36,1,2.96846,-2.50591,-0.00229,0.35983,0.00450,0.17486,0.22688
2.36,2,1.83055,-2.50144,-0.00349,0.34637,-0.00104,0.13791,0.15303
2.38,0,4.15316,-2.50388,0.01009,0.49293,0.00267,0.00000,
2.38,1,2.97568,-2.50592,-0.00220,0.36017,0.00441,0.17749,0.23672
2.38,2,1.83729,-2.50147,-0.00351,0.35248,-0.00114,0.13840,0.16025
2.4,0,4.16306,-2.50378,0.01014,0.49616,0.00268,0.00000,
2.4,1,2.98280,-2.50594,-0.00211,0.35233,0.00407,0.18026,0.24662
2.4,2,1.84451,-2.50149,-0.00353,0.36187,-0.00113,0.13830,0.16737
2.42,0,4.17300,-2.50368,0.01020,0.49704,0.00261,0.00000,
2.42,1,2.98976,-2.50595,-0.00203,0.34482,0.00393,0.18324,0.25656
2.42,2,1.85184,-2.50152,-0.00353,0.33008,0.00301,0.13793,0.00346
2.44,0,4.18293,-2.50358,0.01025,0.49633,0.00257,0.00000,
2.44,1,2.99644,-2.50597,-0.00196,0.31359,0.00348,0.18650,0.26649
2.44,2,1.85743,-2.50154,-0.00346,0.29373,0.00250,0.13902,0.01014
2.46,0,4.19285,-2.50348,0.01030,0.49588,0.00255,0.00000,
2.46,1,3.00279,-2.50598,-0.00188,0.32031,0.00382,0.19006,0.27641
2.46,2,1.86461,-2.50156,-0.00346,0.40765,-0.00144,0.13819,0.01649
2.48,0,4.20230,-2.50339,0.01090,0.34968,0.27794,0.00000,
2.48,1,3.00919,-2.50599,-0.00181,0.31817,0.00365,0.19311,0.28586
2.48,2,1.87318,-2.50159,-0.00349,0.42994,-0.00160,0.13601,0.02289
2.5,0,4.20657,-2.50371,0.02423,0.14903,0.60275,0.00000,
2.5,1,3.01547,-2.50600,-0.00174,0.31034,0.00342,0.19111,0.29013
2.5,2,1.88122,-2.50162,-0.00351,0.39045,-0.00052,0.13425,0.02917
2.52,0,4.20840,-2.50436,0.03457,0.06256,0.47889,0.00000,
2.52,1,3.02164,-2.50601,-0.00119,0.30727,0.03635,0.18676,0.00195
2.52,2,1.88922,-2.50165,-0.00353,0.40536,-0.00091,0.13243,0.03534
2.54,0,4.20957,-2.50509,0.04410,0.03858,0.49513,0.00000,
2.54,1,3.02772,-2.50602,-0.00074,0.30146,0.00945,0.18184,0.00330
2.54,2,1.89729,-2.50168,-0.00354,0.39931,-0.00086,0.13044,0.04143
2.56,0,4.21060,-2.50519,0.05658,0.02265,1.29726,0.00000,
2.56,1,3.03369,-2.50603,-0.00071,0.29603,-0.00095,0.17691,0.00430
2.56,2,1.90514,-2.50170,-0.00356,0.38712,-0.00075,0.12856,0.04739
2.58,0,4.21108,-2.50432,0.09079,0.03980,1.83203,0.00000,
2.58,1,3.03956,-2.50603,-0.00068,0.29178,0.00455,0.17151,0.00455
2.58,2,1.91261,-2.50173,-0.00358,0.32152,-0.00268,0.12696,0.05327
2.6,0,4.21190,-2.50322,0.12776,0.06841,1.86962,0.00000,
2.6,1,3.04530,-2.50603,-0.00055,0.28369,0.00675,0.16660,0.00535
2.6,2,1.91924,-2.50176,-0.00361,0.34017,-0.00058,0.12607,0.05900
2.62,0,4.21448,-2.50252,0.16348,0.18597,1.80264,0.00000,
2.62,1,3.05111,-2.50604,-0.00043,0.29359,0.00531,0.16338,0.00800
2.62,2,1.92614,-2.50178,-0.00362,0.34529,-0.00018,0.12498,0.06481
2.64,0,4.21905,-2.50165,0.20143,0.26477,1.96085,0.00000,
2.64,1,3.05694,-2.50604,-0.00034,0.28819,0.00458,0.16212,0.01264
2.64,2,1.93294,-2.50181,-0.00362,0.33471,-0.00063,0.12401,0.07064
2.66,0,4.22460,-2.50049,0.24103,0.27927,1.95652,0.00000,
2.66,1,3.06260,-2.50604,-0.00024,0.27947,0.00467,0.16201,0.01831
2.66,2,1.93941,-2.50183,-0.00363,0.33630,-0.00072,0.12320,0.07630
2.68,0,4.23043,-2.49905,0.27993,0.31177,1.93057,0.00000,
2.68,1,3.06813,-2.50604,-0.00015,0.27482,0.00463,0.16232,0.02431
2.68,2,1.94635,-2.50186,-0.00365,0.34920,-0.00079,0.12179,0.08183
2.7,0,4.23651,-2.49732,0.31826,0.31704,1.90924,0.00000,
2.7,1,3.07360,-2.50604,-0.00006,0.27191,0.00441,0.16294,0.03061
2.7,2,1.95319,-2.50188,-0.00366,0.33504,-0.00055,0.12041,0.08730
2.72,0,4.24256,-2.49535,0.35646,0.32007,1.91350,0.00000,
2.72,1,3.08210,-2.50604,0.00082,0.47896,0.05814,0.16051,0.00637
2.72,2,1.96065,-2.50190,-0.00365,0.40060,0.00651,0.12146,0.00479
2.74,0,4.24866,-2.49310,0.39486,0.32985,1.92391,0.00000,
2.74,1,3.08996,-2.50604,0.00198,0.35050,0.05946,0.15877,0.01286
2.74,2,1.96798,-2.50193,-0.00348,0.36639,0.00839,0.12199,0.01265
2.76,0,4.25489,-2.49054,0.43338,0.34222,1.92678,0.00000,
2.76,1,3.09728,-2.50619,0.00165,0.39116,-0.06278,0.15772,0.01959
2.76,2,1.97537,-2.50190,-0.00282,0.42538,0.03289,0.12192,0.01997
2.78,0,4.26114,-2.48766,0.47150,0.35692,1.91855,0.00000,
2.78,1,3.10484,-2.50620,0.00088,0.35790,-0.00860,0.15645,0.02646
2.78,2,1.98572,-2.50195,-0.00262,0.56246,-0.00425,0.11913,0.02753
2.8,0,4.26776,-2.48431,0.51011,0.37871,1.93370,0.00000,
2.8,1,3.11236,-2.50615,0.00121,0.38259,0.02840,0.15560,0.03385
2.8,2,1.99674,-2.50200,-0.00277,0.52665,-0.00627,0.11563,0.03505
2.82,0,4.27440,-2.48059,0.54818,0.39410,1.92611,0.00000,
2.82,1,3.11953,-2.50612,0.00168,0.36162,0.01750,0.15515,0.04142
2.82,2,2.00608,-2.50204,-0.00282,0.35202,0.00160,0.11346,0.00346
2.84,0,4.28130,-2.47641,0.58686,0.40828,1.93420,0.00000,
2.84,1,3.12746,-2.50610,0.00192,0.41248,0.00951,0.15422,0.04943
2.84,2,2.01304,-2.50207,-0.00279,0.31221,0.00051,0.11443,0.01139
2.86,0,4.28817,-2.47189,0.62544,0.41282,1.92481,0.00000,
2.86,1,3.13558,-2.50608,0.00212,0.39448,0.01121,0.15309,0.05758
2.86,2,2.01666,-2.50211,-0.00285,0.13134,-0.00413,0.11893,0.01951
2.88,0,4.29486,-2.46705,0.66317,0.42650,1.91974,0.00000,
2.88,1,3.14317,-2.50607,0.00237,0.36979,0.01255,0.15236,0.06574
2.88,2,2.01980,-2.50213,-0.00291,0.20998,-0.00084,0.12337,0.02710
2.9,0,4.30177,-2.46169,0.70188,0.44331,1.93977,0.00000,
2.9,1,3.15042,-2.50605,0.00261,0.33338,0.01261,0.15221,0.07436
2.9,2,2.02473,-2.50214,-0.00290,0.28063,0.00151,0.12570,0.03435
2.92,0,4.30862,-2.45595,0.74056,0.44843,1.92782,0.00000,
2.92,1,3.15931,-2.50603,-0.00697,0.47162,-0.73561,0.15040,0.00893
2.92,2,2.03082,-2.50215,-0.00288,0.30470,0.00118,0.12849,0.00472
2.94,0,4.31529,-2.44990,0.77902,0.45190,1.92120,0.00000,
2.94,1,3.16761,-2.50603,-0.02172,0.35554,-0.77391,0.14905,0.01794
2.94,2,2.03935,-2.50215,-0.00290,0.37655,-0.00240,0.12827,0.01303
2.96,0,4.32180,-2.44354,0.81746,0.45740,1.92257,0.00000,
2.96,1,3.17601,-2.50623,-0.03013,0.48250,-0.02846,0.14750,0.02703
2.96,2,2.04688,-2.50219,-0.00346,0.40445,-0.05853,0.12914,0.02142
2.98,0,4.32807,-2.43682,0.85491,0.47259,1.92039,0.00000,
2.98,1,3.18659,-2.50651,-0.02525,0.54698,0.33074,0.14360,0.03619
2.98,2,2.05630,-2.50222,-0.00425,0.49454,-0.01539,0.13030,0.03200
3.0,0,4.33442,-2.42956,0.89253,0.48710,1.71105,0.00000,
3.0,1,3.19694,-2.50677,-0.02015,0.48065,0.18340,0.14010,0.04580
3.0,2,2.06673,-2.50226,-0.00417,0.52735,0.01194,0.13022,0.04236
3.02,0,4.34053,-2.42205,0.91969,0.47816,1.13750,0.00000,
3.02,1,3.20803,-2.50699,-0.03908,0.55942,-1.43170,0.13568,0.00968
3.02,2,2.07693,-2.50229,-0.00399,0.49227,0.00497,0.13112,0.05345
3.04,0,4.34622,-2.41462,0.94152,0.46021,1.11538,0.00000,
3.04,1,3.21897,-2.50727,-0.06161,0.49965,-0.48439,0.13105,0.01904
3.04,2,2.08646,-2.50233,-0.00397,0.46863,-0.00116,0.13251,0.06439
3.06,0,4.35162,-2.40722,0.96495,0.45914,1.19716,0.00000,
3.06,1,3.22944,-2.50782,-0.05674,0.55196,0.60300,0.12668,0.02819
3.06,2,2.09580,-2.50237,-0.00399,0.46699,0.00022,0.13365,0.07487
3.08,0,4.35691,-2.39960,0.98837,0.46812,1.13486,0.00000,
3.08,1,3.24039,-2.50848,-0.04588,0.47839,0.40339,0.12182,0.03747
3.08,2,2.10492,-2.50241,-0.00397,0.39626,-0.00094,0.13549,0.08584
3.1,0,4.36211,-2.39174,1.01015,0.47224,1.05941,0.00000,
3.1,1,3.24998,-2.50899,-0.04030,0.48191,0.20563,0.11830,0.04687
3.1,2,2.11304,-2.50244,-0.00396,0.41448,0.00142,0.13696,0.09544
3.12,0,4.36714,-2.38375,1.03095,0.47173,1.02675,0.00000,
3.12,1,3.26091,-2.50941,-0.02850,0.57752,0.73004,0.11335,0.00944
3.12,2,2.12280,-2.50248,-0.00402,0.67011,-0.01845,0.13814,0.00573
3.14,0,4.37200,-2.37567,1.05116,0.47189,0.99562,0.00000,
3.14,1,3.27150,-2.50974,-0.01799,0.52176,0.32194,0.10864,0.01887
3.14,2,2.13457,-2.50251,-0.00078,0.55497,0.16436,0.13695,0.01633
3.16,0,4.37671,-2.36747,1.07064,0.47343,0.95656,0.00000,
3.16,1,3.28200,-2.50997,-0.01416,0.52113,0.15514,0.10395,0.02833
3.16,2,2.14568,-2.50261,0.00228,0.55863,0.11920,0.13634,0.02682
3.18,0,4.38126,-2.35915,1.08936,0.47494,0.91940,0.00000,
3.18,1,3.29219,-2.51012,-0.01015,0.50008,0.24263,0.09949,0.03781
3.18,2,2.15703,-2.50294,0.00255,0.53545,-0.04462,0.13518,0.03701
3.2,0,4.38567,-2.35072,1.10737,0.47597,0.88581,0.00000,
3.2,1,3.30037,-2.51022,-0.00507,0.41340,0.25288,0.09696,0.04731
3.2,2,2.16729,-2.50294,0.00162,0.52614,-0.04114,0.13310,0.04519
3.22,0,4.38994,-2.34220,1.12473,0.47682,0.85287,0.00000,
3.22,1,3.31035,-2.51026,0.00079,0.49739,0.11562,0.09259,0.00953
3.22,2,2.17764,-2.50285,0.00099,0.53097,-0.02075,0.13273,0.05517
3.24,0,4.39406,-2.33359,1.14143,0.47768,0.82078,0.00000,
3.24,1,3.31959,-2.51027,0.00495,0.48487,0.40201,0.08890,0.01907
3.24,2,2.18867,-2.50278,0.00072,0.55730,-0.01186,0.13094,0.06442
3.26,0,4.39804,-2.32489,1.15750,0.47854,0.78961,0.00000,
3.26,1,3.32984,-2.51019,0.01394,0.52439,0.40610,0.08416,0.02864
3.26,2,2.19959,-2.50275,0.00045,0.53315,-0.01473,0.13028,0.07466
3.28,0,4.40189,-2.31612,1.17296,0.47932,0.75950,0.00000,
3.28,1,3.33897,-2.51005,0.02055,0.44667,0.26657,0.08047,0.03821
3.28,2,2.20999,-2.50274,0.00015,0.51226,-0.01415,0.12901,0.08379
3.3,0,4.40561,-2.30728,1.18783,0.48002,0.73057,0.00000,
3.3,1,3.34791,-2.50987,0.02536,0.44618,0.23807,0.07693,0.04780
3.3,2,2.22016,-2.50274,-0.00011,0.50703,-0.01280,0.12778,0.09273
3.32,0,4.40921,-2.29837,1.20214,0.48067,0.70277,0.00000,
3.32,1,3.35675,-2.50964,0.03036,0.43735,0.25775,0.07346,0.05740
3.32,2,2.23038,-2.50274,-0.00036,0.52394,-0.01189,0.12639,0.00439
3.34,0,4.41267,-2.28939,1.21590,0.48129,0.67629,0.00000,
3.34,1,3.36538,-2.50938,0.03551,0.42831,0.25491,0.07015,0.06701
3.34,2,2.24088,-2.50274,-0.00060,0.51734,-0.01186,0.12452,0.01304
3.36,0,4.41602,-2.28036,1.22914,0.48190,0.65108,0.00000,
3.36,1,3.37387,-2.50907,0.04049,0.42205,0.24360,0.06695,0.07663
3.36,2,2.25081,-2.50275,-0.00084,0.44878,-0.01230,0.12308,0.02153
3.38,0,4.41926,-2.27127,1.24190,0.48248,0.62683,0.00000,
3.38,1,3.38225,-2.50874,0.04526,0.41653,0.23487,0.06385,0.08625
3.38,2,2.25979,-2.50276,-0.00106,0.45239,-0.01053,0.12247,0.02991
3.4,0,4.42237,-2.26214,1.25418,0.48299,0.60386,0.00000,
3.4,1,3.39050,-2.50836,0.04987,0.41042,0.22746,0.06084,0.09589
3.4,2,2.26893,-2.50277,-0.00127,0.45849,-0.01082,0.12159,0.03818
3.42,0,4.42538,-2.25295,1.26601,0.48344,0.58168,0.00000,
3.42,1,3.39863,-2.50796,0.05434,0.40410,0.21973,0.05795,0.10552
3.42,2,2.27834,-2.50278,-0.00136,0.50960,0.01178,0.12030,0.00405
3.44,0,4.42829,-2.24372,1.27741,0.48385,0.56021,0.00000,
3.44,1,3.40663,-2.50752,0.05865,0.39799,0.21209,0.05516,0.11517
3.44,2,2.28871,-2.50279,-0.00109,0.50165,0.00643,0.11793,0.01207
3.46,0,4.43109,-2.23446,1.28838,0.48424,0.53957,0.00000,
3.46,1,3.41451,-2.50706,0.06281,0.39209,0.20487,0.05249,0.12482
3.46,2,2.29796,-2.50280,-0.00119,0.43469,-0.01176,0.11656,0.01996
3.48,0,4.43379,-2.22515,1.29895,0.48460,0.51972,0.00000,
3.48,1,3.42183,-2.50658,0.06707,0.36305,0.20283,0.05036,0.13447
3.48,2,2.30639,-2.50281,-0.00144,0.41845,-0.01062,0.11545,0.02730
3.5,0,4.43639,-2.21581,1.30914,0.48494,0.50060,0.00000,
3.5,1,3.42913,-2.50608,0.07087,0.36631,0.18342,0.04825,0.14413
3.5,2,2.31487,-2.50283,-0.00160,0.42820,-0.00627,0.11427,0.03461
3.52,0,4.43890,-2.20644,1.31895,0.48525,0.48220,0.00000,
3.52,1,3.43638,-2.50557,0.07450,0.35956,0.18080,0.04620,0.15379
3.52,2,2.32349,-2.50284,-0.00155,0.43608,0.02452,0.11289,0.00361
3.54,0,4.44132,-2.19704,1.32840,0.48553,0.46450,0.00000,
3.54,1,3.44345,-2.50504,0.07809,0.35128,0.17824,0.04432,0.16345
3.54,2,2.33215,-2.50285,-0.00101,0.42622,0.01670,0.11130,0.01071
3.56,0,4.44364,-2.18770,1.33785,0.48551,0.46269,0.00000,
3.56,1,3.45039,-2.50450,0.08159,0.34589,0.17199,0.04254,0.17301
3.56,2,2.34010,-2.50286,-0.00098,0.38094,-0.00670,0.11030,0.01767
3.58,0,4.44595,-2.17801,1.34651,0.50460,0.41662,0.00000,
3.58,1,3.45724,-2.50394,0.08496,0.34154,0.16544,0.04104,0.18292
3.58,2,2.34777,-2.50287,-0.00115,0.38572,-0.00692,0.10947,0.02454
3.6,0,4.44819,-2.16818,1.35475,0.50236,0.41033,0.00000,
3.6,1,3.46399,-2.50336,0.08820,0.33660,0.15975,0.03971,0.19295
3.6,2,2.35547,-2.50288,-0.00123,0.38339,-0.00251,0.10852,0.03132
3.62,0,4.45033,-2.15843,1.36288,0.49642,0.40191,0.00000,
3.62,1,3.47064,-2.50277,0.09134,0.33133,0.15435,0.03844,0.20287
3.62,2,2.36329,-2.50289,-0.00108,0.41936,0.03260,0.10735,0.00332
3.64,0,4.45237,-2.14873,1.37074,0.49568,0.38537,0.00000,
3.64,1,3.47719,-2.50218,0.09437,0.32627,0.14899,0.03726,0.21271
3.64,2,2.37182,-2.50289,-0.00038,0.41443,0.02346,0.10536,0.00989
3.66,0,4.45435,-2.13900,1.37827,0.49739,0.36954,0.00000,
3.66,1,3.48357,-2.50157,0.09735,0.29477,0.17246,0.03627,0.22258
3.66,2,2.37953,-2.50290,-0.00028,0.36438,-0.00602,0.10405,0.01631
3.68,0,4.45625,-2.12922,1.38551,0.49824,0.35601,0.00000,
3.68,1,3.48950,-2.50097,0.10037,0.30067,0.13605,0.03576,0.23247
3.68,2,2.38661,-2.50290,-0.00042,0.35128,-0.00466,0.10290,0.02227
3.7,0,4.45809,-2.11943,1.39249,0.49814,0.34296,0.00000,
3.7,1,3.49550,-2.50036,0.10294,0.30016,0.12618,0.03522,0.24236
3.7,2,2.39370,-2.50290,-0.00044,0.35775,0.00187,0.10180,0.02829
3.72,0,4.45985,-2.10963,1.39920,0.49802,0.33002,0.00000,
3.72,1,3.50139,-2.49975,0.10549,0.29318,0.12829,0.03481,0.25225
3.72,2,2.40086,-2.50291,-0.00039,0.35656,0.00168,0.10054,0.03422
3.74,0,4.46151,-2.10047,1.40520,0.47018,0.32176,0.00000,
3.74,1,3.50715,-2.49913,0.10804,0.28714,0.12551,0.03428,0.26149
3.74,2,2.40791,-2.50291,-0.00038,0.34838,0.00021,0.09925,0.04002
3.76,0,4.46309,-2.09111,1.41171,0.47721,0.31878,0.00000,
3.76,1,3.51282,-2.49852,0.11048,0.28328,0.11994,0.03393,0.27091
3.76,2,2.41479,-2.50291,-0.00037,0.34143,0.00020,0.09803,0.04572
3.78,0,4.46461,-2.08168,1.41775,0.47639,0.29015,0.00000,
3.78,1,3.51841,-2.49790,0.11283,0.27958,0.11539,0.03370,0.28038
3.78,2,2.42157,-2.50291,-0.00037,0.33683,0.00051,0.09685,0.05134
3.8,0,4.46605,-2.07250,1.42386,0.47617,0.29223,0.00000,
3.8,1,3.52392,-2.49728,0.11510,0.27534,0.11159,0.03346,0.28959
3.8,2,2.42782,-2.50292,-0.00036,0.31271,0.00049,0.09612,0.05689
3.82,0,4.46752,-2.06259,1.42919,0.51319,0.25591,0.00000,
3.82,1,3.53229,-2.49653,0.10930,0.45638,-0.63063,0.03100,0.01002
3.82,2,2.43524,-2.50292,-0.00011,0.50493,0.05461,0.09707,0.00455
3.84,0,4.46897,-2.05245,1.43433,0.50765,0.25949,0.00000,
3.84,1,3.54027,-2.49574,0.10070,0.37430,-0.27519,0.02907,0.02026
3.84,2,2.44556,-2.50299,-0.00028,0.45247,0.03305,0.09473,0.01257
3.86,0,4.47033,-2.04254,1.43951,0.49540,0.25589,0.00000,
3.86,1,3.54794,-2.49502,0.10467,0.40450,0.62004,0.02739,0.03027
3.86,2,2.45478,-2.50294,0.00402,0.47654,0.24222,0.09319,0.02028
3.88,0,4.47162,-2.03275,1.44450,0.49373,0.24389,0.00000,
3.88,1,3.55464,-2.49426,0.12145,0.34448,0.73295,0.02656,0.04014
3.88,2,2.46383,-2.50295,0.00628,0.38353,0.02647,0.09085,0.02702
3.9,0,4.47287,-2.02292,1.44925,0.49691,0.23349,0.00000,
3.9,1,3.56184,-2.49342,0.13269,0.37120,0.50423,0.02535,0.05005
3.9,2,2.47178,-2.50293,0.00582,0.40778,-0.03863,0.09010,0.03426
3.92,0,4.47407,-2.01304,1.45383,0.49834,0.22529,0.00000,
3.92,1,3.56873,-2.49247,0.14335,0.34964,0.58761,0.02445,0.06000
3.92,2,2.47889,-2.50289,0.00557,0.20745,0.02417,0.08989,0.00334
3.94,0,4.47524,-2.00314,1.45825,0.49787,0.21713,0.00000,
3.94,1,3.57663,-2.49129,0.15619,0.42428,0.64480,0.02264,0.06997
3.94,2,2.48227,-2.50287,0.00304,0.16198,-0.15833,0.09442,0.01133
3.96,0,4.47635,-1.99325,1.46250,0.49739,0.20888,0.00000,
3.96,1,3.58493,-2.48998,0.16828,0.40799,0.57585,0.02048,0.07992
3.96,2,2.48552,-2.50284,-0.00154,0.17131,-0.19963,0.09948,0.01973
3.98,0,4.47743,-1.98336,1.46659,0.49744,0.20099,0.00000,
3.98,1,3.59261,-2.48868,0.17945,0.37747,0.54826,0.01895,0.08986
3.98,2,2.48997,-2.50279,-0.00160,0.23977,0.09916,0.10273,0.02752
4.0,0,4.47846,-1.97347,1.47053,0.49765,0.19348,0.00000,
4.0,1,3.59956,-2.48737,0.19106,0.32083,0.62878,0.01812,0.09981
4.0,2,2.49526,-2.50277,-0.00132,0.28899,-0.13347,0.10441,0.03459
4.02,0,4.47946,-1.96356,1.47432,0.49774,0.18626,0.00000,
4.02,1,3.60610,-2.48605,0.20194,0.34290,0.49068,0.01772,0.10976
4.02,2,2.50212,-2.50261,-0.00124,0.46594,0.12640,0.10411,0.00340
4.04,0,4.48042,-1.95365,1.47796,0.49775,0.17928,0.00000,
4.04,1,3.61286,-2.48466,0.21143,0.34260,0.47452,0.01717,0.11971
4.04,2,2.51197,-2.50257,0.00110,0.48742,0.05849,0.10103,0.01029
4.06,0,4.48134,-1.94389,1.48137,0.46073,0.14652,0.00000,
4.06,1,3.61943,-2.48325,0.22108,0.33057,0.48544,0.01676,0.12952
4.06,2,2.52137,-2.50262,0.00089,0.44287,-0.02790,0.09823,0.01701
4.08,0,4.48220,-1.93460,1.48461,0.47155,0.17195,0.00000,
4.08,1,3.62579,-2.48182,0.23065,0.32340,0.47059,0.01631,0.13884
4.08,2,2.52840,-2.50263,0.00075,0.24830,0.00687,0.09758,0.02353
4.1,0,4.48303,-1.92513,1.48802,0.47685,0.16521,0.00000,
4.1,1,3.63205,-2.48035,0.23983,0.32034,0.45008,0.01609,0.14835
4.1,2,2.53349,-2.50261,0.00128,0.26601,0.02548,0.09879,0.02996
4.12,0,4.48382,-1.91574,1.49124,0.44291,0.17872,0.00000,
4.12,1,3.63971,-2.47858,0.24425,0.42856,0.11107,0.01455,0.00942
4.12,2,2.53941,-2.50261,0.00203,0.25759,0.08175,0.10056,0.00417
4.14,0,4.48458,-1.90622,1.49433,0.50156,0.14048,0.00000,
4.14,1,3.64788,-2.47647,0.25188,0.43169,0.66402,0.01254,0.01897
4.14,2,2.54312,-2.50257,0.00467,0.17846,0.24225,0.10507,0.01262
4.16,0,4.48536,-1.89601,1.49707,0.51409,0.13692,0.00000,
4.16,1,3.65619,-2.47433,0.26786,0.42235,0.80877,0.01093,0.02922
4.16,2,2.54819,-2.50256,0.00633,0.31594,-0.01628,0.10836,0.02120
4.18,0,4.48611,-1.88590,1.49984,0.50042,0.13869,0.00000,
4.18,1,3.66414,-2.47218,0.28214,0.40345,0.64008,0.00964,0.03936
4.18,2,2.55586,-2.50255,0.00569,0.41805,-0.01635,0.10869,0.02943
4.2,0,4.48681,-1.87601,1.50256,0.49298,0.13345,0.00000,
4.2,1,3.67152,-2.47002,0.29475,0.34495,0.69282,0.00873,0.04926
4.2,2,2.56486,-2.50251,0.00611,0.44078,0.04312,0.10714,0.03712
4.22,0,4.48749,-1.86616,1.50516,0.49494,0.12703,0.00000,
4.22,1,3.68073,-2.46731,0.31356,0.52951,0.87509,0.00610,0.00987
4.22,2,2.57352,-2.50246,0.00704,0.42267,0.04150,0.10776,0.04671
4.24,0,4.48814,-1.85625,1.50764,0.49767,0.12230,0.00000,
4.24,1,3.68979,-2.46455,0.32900,0.43300,0.66792,0.00368,0.01981
4.24,2,2.58171,-2.50240,0.00768,0.40086,0.02661,0.10873,0.05619
4.26,0,4.48877,-1.84631,1.51004,0.49788,0.11804,0.00000,
4.26,1,3.69844,-2.46152,0.34223,0.46676,0.63739,0.00155,0.02976
4.26,2,2.58895,-2.50234,0.00825,0.31395,0.03170,0.11024,0.06533
4.28,0,4.48937,-1.83638,1.51235,0.49715,0.11363,0.00000,
4.28,1,3.70559,-2.45874,0.35667,0.35836,0.69534,0.00082,0.03971
4.28,2,2.59560,-2.50228,0.00882,0.34623,0.02704,0.11085,0.07298
4.3,0,4.48995,-1.82646,1.51458,0.49691,0.10930,0.00000,
4.3,1,3.71229,-2.45614,0.36851,0.36041,0.53343,0.00062,0.04965
4.3,2,2.60262,-2.50222,0.00934,0.34953,0.02534,0.11063,0.08014
4.32,0,4.49051,-1.81654,1.51672,0.49707,0.10522,0.00000,
4.32,1,3.72092,-2.45274,0.38572,0.46672,0.74561,0.00148,0.00994
4.32,2,2.60916,-2.50216,0.00982,0.33990,0.02458,0.11285,0.08938
4.34,0,4.49105,-1.80661,1.51878,0.49720,0.10130,0.00000,
4.34,1,3.72872,-2.44913,0.39621,0.43283,0.54369,0.00302,0.01988
4.34,2,2.61655,-2.50208,0.01034,0.38172,0.02598,0.11343,0.09792
4.36,0,4.49156,-1.79668,1.52076,0.49720,0.09751,0.00000,
4.36,1,3.73660,-2.44567,0.40809,0.38570,0.68050,0.00443,0.02983
4.36,2,2.62402,-2.50201,0.01084,0.36247,0.02416,0.11400,0.10648
4.38,0,4.49206,-1.78675,1.52267,0.49718,0.09387,0.00000,
4.38,1,3.74301,-2.44276,0.42115,0.35523,0.56640,0.00429,0.03977
4.38,2,2.63100,-2.50193,0.01130,0.34081,0.02283,0.11358,0.11349
4.4,0,4.49254,-1.77681,1.52451,0.49718,0.09036,0.00000,
4.4,1,3.74955,-2.43983,0.43154,0.35858,0.50597,0.00420,0.04971
4.4,2,2.63749,-2.50185,0.01178,0.28473,0.02799,0.11379,0.12063
4.42,0,4.49300,-1.76688,1.52628,0.49720,0.08698,0.00000,
4.42,1,3.75732,-2.43610,0.44560,0.44810,0.53098,0.00548,0.00994
4.42,2,2.64441,-2.50176,0.01016,0.44762,-0.66761,0.11484,0.00443
4.44,0,4.49344,-1.75695,1.52799,0.49721,0.08373,0.00000,
4.44,1,3.76538,-2.43240,0.45501,0.42213,0.44240,0.00687,0.01989
4.44,2,2.65317,-2.50158,-0.00587,0.37591,-0.80092,0.11436,0.01330
4.46,0,4.49387,-1.74701,1.52963,0.49722,0.08060,0.00000,
4.46,1,3.77303,-2.42865,0.46578,0.42534,0.59051,0.00791,0.02983
4.46,2,2.66076,-2.50147,-0.01618,0.42204,-0.10340,0.11466,0.02182
4.48,0,4.49428,-1.73707,1.53120,0.49722,0.07759,0.00000,
4.48,1,3.78013,-2.42498,0.47809,0.35049,0.63956,0.00843,0.03978
4.48,2,2.67023,-2.50159,-0.01158,0.50170,0.35464,0.11255,0.02981
4.5,0,4.49467,-1.72714,1.53272,0.49723,0.07469,0.00000,
4.5,1,3.78637,-2.42169,0.48901,0.35529,0.49590,0.00799,0.04972
4.5,2,2.68024,-2.50171,-0.00595,0.48947,0.19469,0.10902,0.03686
4.52,0,4.49505,-1.71749,1.53411,0.46177,0.06397,0.00000,
4.52,1,3.79449,-2.41734,0.50412,0.49736,0.73465,0.00977,0.00965
4.52,2,2.68963,-2.50177,-0.00349,0.45556,0.09287,0.10809,0.04607
4.54,0,4.49540,-1.70814,1.53551,0.47277,0.07282,0.00000,
4.54,1,3.80208,-2.41302,0.51364,0.43954,0.51683,0.01129,0.01901
4.54,2,2.69812,-2.50181,-0.00142,0.41634,0.11872,0.10753,0.05479
4.56,0,4.49574,-1.69864,1.53692,0.47623,0.06789,0.00000,
4.56,1,3.80986,-2.40855,0.52556,0.44613,0.60834,0.01288,0.02852
4.56,2,2.70661,-2.50182,0.00121,0.42927,0.13547,0.10718,0.06375
4.58,0,4.49605,-1.68937,1.53831,0.46921,0.06706,0.00000,
4.58,1,3.81626,-2.40479,0.53756,0.34821,0.54650,0.01311,0.03780
4.58,2,2.71517,-2.50181,0.00380,0.42498,0.12325,0.10535,0.07117
4.6,0,4.49638,-1.67943,1.53952,0.51228,0.05767,0.00000,
4.6,1,3.82222,-2.40122,0.54739,0.34665,0.46904,0.01234,0.04774
4.6,2,2.72354,-2.50178,0.00616,0.41307,0.11507,0.10327,0.07811
4.62,0,4.49670,-1.66917,1.54067,0.50898,0.05863,0.00000,
4.62,1,3.83015,-2.39633,0.55790,0.46191,0.23190,0.01357,0.01026
4.62,2,2.73212,-2.50174,0.01022,0.45249,0.53144,0.10308,0.00492
4.64,0,4.49700,-1.65916,1.54185,0.49543,0.05808,0.00000,
4.64,1,3.83725,-2.39136,0.56051,0.43441,0.16205,0.01441,0.02028
4.64,2,2.74118,-2.50162,0.02318,0.46022,0.50186,0.10161,0.01359
4.66,0,4.49729,-1.64930,1.54298,0.49264,0.05532,0.00000,
4.66,1,3.84452,-2.38644,0.56699,0.43542,0.47260,0.01538,0.03014
4.66,2,2.75021,-2.50144,0.02758,0.47127,0.06695,0.10033,0.02236
4.68,0,4.49756,-1.63942,1.54406,0.49583,0.05291,0.00000,
4.68,1,3.85086,-2.38242,0.57839,0.34617,0.57479,0.01498,0.04003
4.68,2,2.76035,-2.50117,0.02858,0.50991,0.07439,0.09696,0.02987
4.7,0,4.49783,-1.62948,1.54510,0.49753,0.05106,0.00000,
4.7,1,3.85673,-2.37865,0.58905,0.35123,0.50468,0.01397,0.04997
4.7,2,2.77072,-2.50087,0.03109,0.51667,0.15477,0.09286,0.03684
4.72,0,4.49808,-1.61954,1.54610,0.49708,0.04924,0.00000,
4.72,1,3.86341,-2.37393,0.60254,0.40726,0.45475,0.01414,0.00995
4.72,2,2.78077,-2.50055,0.03421,0.49083,0.14790,0.09002,0.04502
4.74,0,4.49833,-1.60961,1.54706,0.49645,0.04737,0.00000,
4.74,1,3.87012,-2.36913,0.61033,0.41042,0.40477,0.01434,0.01988
4.74,2,2.79038,-2.50022,0.03689,0.47603,0.12598,0.08766,0.05326
4.76,0,4.49856,-1.59968,1.54799,0.49642,0.04559,0.00000,
4.76,1,3.87668,-2.36446,0.61976,0.39612,0.51772,0.01429,0.02981
4.76,2,2.79923,-2.49987,0.03958,0.40774,0.14215,0.08592,0.06131
4.78,0,4.49879,-1.58976,1.54888,0.49659,0.04389,0.00000,
4.78,1,3.88302,-2.35990,0.63045,0.38773,0.53221,0.01395,0.03974
4.78,2,2.80765,-2.49953,0.04211,0.43085,0.11613,0.08440,0.06913
4.8,0,4.49901,-1.57983,1.54974,0.49665,0.04226,0.00000,
4.8,1,3.88886,-2.35566,0.64061,0.34685,0.48221,0.01298,0.04967
4.8,2,2.81629,-2.49916,0.04434,0.42967,0.11004,0.08212,0.07634
4.82,0,4.49922,-1.56989,1.55057,0.49662,0.04068,0.00000,
4.82,1,3.89446,-2.35150,0.65003,0.34951,0.46603,0.01174,0.05961
4.82,2,2.82401,-2.49884,0.04286,0.31605,-0.86370,0.08054,0.00349
4.84,0,4.49942,-1.55996,1.55137,0.49660,0.03916,0.00000,
4.84,1,3.90000,-2.34730,0.65923,0.34583,0.45432,0.01046,0.06954
4.84,2,2.82998,-2.49870,0.02278,0.31296,-0.81121,0.08068,0.01045
4.86,0,4.49961,-1.55003,1.55213,0.49660,0.03770,0.00000,
4.86,1,3.90541,-2.34311,0.66815,0.33862,0.43969,0.00902,0.07947
4.86,2,2.83647,-2.49850,0.01221,0.34150,-0.08584,0.08017,0.01729
4.88,0,4.49980,-1.54010,1.55287,0.49661,0.03630,0.00000,
4.88,1,3.91068,-2.33896,0.67680,0.33284,0.42641,0.00741,0.08940
4.88,2,2.84276,-2.49843,0.01825,0.32978,0.45847,0.07975,0.02400
4.9,0,4.49997,-1.53017,1.55358,0.49662,0.03495,0.00000,
4.9,1,3.91583,-2.33482,0.68518,0.32851,0.41248,0.00567,0.09933
4.9,2,2.84946,-2.49838,0.02615,0.31996,0.30357,0.07884,0.03060
4.92,0,4.50015,-1.52024,1.55427,0.49662,0.03364,0.00000,
4.92,1,3.92201,-2.32979,0.67471,0.41048,-0.93792,0.00521,0.00993
4.92,2,2.85585,-2.49826,0.03058,0.34797,0.18402,0.07939,0.03857
4.94,0,4.50031,-1.51031,1.55493,0.49662,0.03239,0.00000,
4.94,1,3.92813,-2.32506,0.65852,0.35676,-0.54568,0.00441,0.01986
4.94,2,2.86310,-2.49806,0.03440,0.36380,0.20547,0.07899,0.04631
4.96,0,4.50047,-1.50038,1.55556,0.49662,0.03118,0.00000,
4.96,1,3.93425,-2.32042,0.66131,0.40684,0.65412,0.00348,0.02980
4.96,2,2.87011,-2.49782,0.03876,0.33861,0.22185,0.07883,0.05399
4.98,0,4.50062,-1.49045,1.55617,0.49662,0.03002,0.00000,
4.98,1,3.94050,-2.31565,0.67703,0.36925,0.74150,0.00266,0.03973
4.98,2,2.87668,-2.49756,0.04307,0.32407,0.20778,0.07926,0.06185
5.0,0,4.50076,-1.48052,1.55676,0.49662,0.02890,0.00000,
5.0,1,3.94627,-2.31110,0.68978,0.36465,0.55763,0.00133,0.04966
5.0,2,2.88314,-2.49728,0.04707,0.32347,0.19529,0.07931,0.06920
5.02,0,4.50090,-1.47059,1.55733,0.49662,0.02783,0.00000,
5.02,1,3.95357,-2.30509,0.70171,0.48974,0.43584,0.00201,0.00993
5.02,2,2.88996,-2.49699,0.04868,0.45802,-0.58544,0.08078,0.00504
5.04,0,4.50104,-1.46065,1.55787,0.49662,0.02679,0.00000,
5.04,1,3.96041,-2.29912,0.70850,0.46050,0.48645,0.00235,0.01986
5.04,2,2.89883,-2.49670,0.03713,0.39285,-0.50467,0.07982,0.01412
5.06,0,4.50116,-1.45072,1.55840,0.49662,0.02579,0.00000,
5.06,1,3.96732,-2.29310,0.72091,0.44904,0.66021,0.00271,0.02980
5.06,2,2.90624,-2.49649,0.03360,0.37957,-0.14466,0.08040,0.02328
5.08,0,4.50129,-1.44079,1.55890,0.49662,0.02483,0.00000,
5.08,1,3.97295,-2.28837,0.73197,0.35151,0.53548,0.00124,0.03973
5.08,2,2.91419,-2.49632,0.03468,0.38970,0.23506,0.07899,0.03063
5.1,0,4.50141,-1.43108,1.55937,0.46026,0.02099,0.00000,
5.1,1,3.97822,-2.28371,0.74272,0.35283,0.53514,0.00035,0.04944
5.1,2,2.92258,-2.49612,0.03867,0.43090,0.15273,0.07680,0.03767
5.12,0,4.50152,-1.42176,1.55983,0.47133,0.02402,0.00000,
5.12,1,3.98393,-2.27845,0.75964,0.39446,0.85414,0.00091,0.00933
5.12,2,2.93010,-2.49586,0.04425,0.22210,0.49015,0.07602,0.00402
5.14,0,4.50162,-1.41227,1.56030,0.47570,0.02267,0.00000,
5.14,1,3.98949,-2.27297,0.77202,0.40534,0.57634,0.00154,0.01882
5.14,2,2.93422,-2.49557,0.04910,0.23823,0.28300,0.07849,0.01182
5.16,0,4.50172,-1.40300,1.56076,0.46890,0.02224,0.00000,
5.16,1,3.99528,-2.26731,0.78268,0.39745,0.50300,0.00176,0.02809
5.16,2,2.94048,-2.49524,0.05574,0.36453,0.33846,0.07915,0.01992
5.18,0,4.50182,-1.39306,1.56116,0.51198,0.01924,0.00000,
5.18,1,4.00072,-2.26190,0.79243,0.37386,0.48207,0.00299,0.03803
5.18,2,2.94840,-2.49484,0.06187,0.40220,0.28647,0.07779,0.02759
5.2,0,4.50192,-1.38281,1.56155,0.50851,0.01952,0.00000,
5.2,1,4.00557,-2.25709,0.80121,0.31440,0.42282,0.00535,0.04828
5.2,2,2.95560,-2.49442,0.06738,0.36142,0.28059,0.07646,0.03442
5.22,0,4.50201,-1.37280,1.56194,0.49491,0.01931,0.00000,
5.22,1,4.01006,-2.25255,0.81081,0.32304,0.50193,0.00796,0.05829
5.22,2,2.96276,-2.49396,0.07459,0.27639,0.54790,0.07476,0.00321
5.24,0,4.50210,-1.36295,1.56231,0.49214,0.01841,0.00000,
5.24,1,4.01454,-2.24786,0.82040,0.32375,0.45352,0.01034,0.06814
5.24,2,2.96644,-2.49378,0.08621,0.12485,0.66757,0.07657,0.00970
5.26,0,4.50218,-1.35307,1.56267,0.49536,0.01761,0.00000,
5.26,1,4.01882,-2.24326,0.82837,0.30347,0.33104,0.01295,0.07801
5.26,2,2.96869,-2.49370,0.10096,0.12988,0.56765,0.07959,0.01599
5.28,0,4.50226,-1.34314,1.56302,0.49706,0.01700,0.00000,
5.28,1,4.02322,-2.23846,0.83656,0.33865,0.45076,0.01542,0.08794
5.28,2,2.97270,-2.49334,0.10617,0.24083,0.09128,0.08099,0.02250
5.3,0,4.50234,-1.33321,1.56335,0.49659,0.01639,0.00000,
5.3,1,4.02776,-2.23341,0.84545,0.33543,0.42635,0.01764,0.09788
5.3,2,2.97780,-2.49281,0.10760,0.30137,0.04923,0.08153,0.02929
5.32,0,4.50241,-1.32328,1.56367,0.49596,0.01577,0.00000,
5.32,1,4.03246,-2.22844,0.85948,0.32352,0.71378,0.01988,0.00992
5.32,2,2.98490,-2.49213,0.10849,0.47816,0.30074,0.08024,0.00326
5.34,0,4.50248,-1.31336,1.56398,0.49593,0.01518,0.00000,
5.34,1,4.03669,-2.22328,0.87454,0.34951,0.73999,0.02221,0.01984
5.34,2,2.99439,-2.49105,0.11477,0.46012,0.24498,0.07615,0.00992
5.36,0,4.50255,-1.30344,1.56428,0.49610,0.01462,0.00000,
5.36,1,4.04159,-2.21743,0.88536,0.39355,0.39352,0.02364,0.02976
5.36,2,3.00316,-2.49009,0.12026,0.41519,0.27708,0.07363,0.01756
5.38,0,4.50262,-1.29352,1.56456,0.49616,0.01408,0.00000,
5.38,1,4.04687,-2.21109,0.89232,0.43623,0.36254,0.02451,0.03969
5.38,2,3.00947,-2.48916,0.12706,0.24284,0.37412,0.07403,0.02581
5.4,0,4.50268,-1.28360,1.56484,0.49612,0.01355,0.00000,
5.4,1,4.05240,-2.20431,0.90039,0.42929,0.42916,0.02492,0.04961
5.4,2,3.01455,-2.48830,0.13449,0.27232,0.33981,0.07600,0.03455
5.42,0,4.50274,-1.27368,1.56511,0.49610,0.01305,0.00000,
5.42,1,4.05924,-2.19538,0.91226,0.61216,0.57899,0.02285,0.00992
5.42,2,3.02126,-2.48748,0.13898,0.43715,-0.05487,0.07830,0.00610
5.44,0,4.50279,-1.26375,1.56536,0.49610,0.01256,0.00000,
5.44,1,4.06608,-2.18652,0.92441,0.53298,0.53331,0.02089,0.01984
5.44,2,3.02997,-2.48666,0.13788,0.43717,-0.05515,0.07870,0.01729
5.46,0,4.50285,-1.25383,1.56561,0.49611,0.01210,0.00000,
5.46,1,4.07209,-2.17842,0.93200,0.47695,0.30840,0.02001,0.02977
5.46,2,3.03843,-2.48584,0.13644,0.37830,-0.13501,0.07840,0.02738
5.48,0,4.50290,-1.24391,1.56584,0.49611,0.01165,0.00000,
5.48,1,4.07678,-2.17262,0.93549,0.34918,0.23554,0.02180,0.03969
5.48,2,3.04682,-2.48467,0.13840,0.51002,0.29736,0.07620,0.03484
5.5,0,4.50295,-1.23399,1.56607,0.49611,0.01122,0.00000,
5.5,1,4.08105,-2.16702,0.94202,0.35929,0.39381,0.02399,0.04961
5.5,2,3.05659,-2.48320,0.14709,0.52962,0.38653,0.07214,0.04188
5.52,0,4.50300,-1.22407,1.56629,0.49611,0.01080,0.00000,
5.52,1,4.08537,-2.16107,0.95022,0.37142,0.39996,0.02586,0.05953
5.52,2,3.06635,-2.48162,0.15357,0.44458,0.41168,0.06825,0.00370
5.54,0,4.50304,-1.21414,1.56650,0.49611,0.01040,0.00000,
5.54,1,4.08957,-2.15517,0.95757,0.37516,0.35065,0.02785,0.06945
5.54,2,3.07504,-2.48019,0.16171,0.43082,0.38339,0.06532,0.01095
5.56,0,4.50308,-1.20422,1.56671,0.49611,0.01001,0.00000,
5.56,1,4.09407,-2.14877,0.96448,0.39612,0.34396,0.02930,0.07938
5.56,2,3.08307,-2.47887,0.16787,0.38821,0.25846,0.06353,0.01878
5.58,0,4.50312,-1.19430,1.56690,0.49611,0.00964,0.00000,
5.58,1,4.09849,-2.14240,0.97133,0.37812,0.33956,0.03083,0.08930
5.58,2,3.08925,-2.47766,0.17455,0.29160,0.31640,0.06346,0.02653
5.6,0,4.50316,-1.18438,1.56709,0.49611,0.00928,0.00000,
5.6,1,4.10265,-2.13631,0.97799,0.36266,0.32698,0.03276,0.09922
5.6,2,3.09542,-2.47649,0.17946,0.32719,0.21868,0.06313,0.03390
5.62,0,4.50320,-1.17446,1.56727,0.49611,0.00894,0.00000,
5.62,1,4.10716,-2.12992,0.97726,0.38322,-0.28817,0.03429,0.00992
5.62,2,3.10273,-2.47522,0.18456,0.46256,0.15738,0.06213,0.00384
5.64,0,4.50323,-1.16453,1.56745,0.49611,0.00861,0.00000,
5.64,1,4.11159,-2.12345,0.97187,0.43862,-0.43521,0.03581,0.01984
5.64,2,3.11204,-2.47387,0.18398,0.43685,-0.08916,0.05920,0.01168
5.66,0,4.50327,-1.15461,1.56762,0.49611,0.00829,0.00000,
5.66,1,4.11792,-2.11455,0.95578,0.55120,-0.53580,0.03439,0.02977
5.66,2,3.12032,-2.47239,0.18212,0.41434,-0.02226,0.05984,0.02260
5.68,0,4.50330,-1.14469,1.56778,0.49611,0.00798,0.00000,
5.68,1,4.12413,-2.10607,0.95205,0.51910,-0.02019,0.03345,0.03969
5.68,2,3.12831,-2.47085,0.18636,0.35272,0.46285,0.06053,0.03311
5.7,0,4.50333,-1.13477,1.56794,0.49611,0.00768,0.00000,
5.7,1,4.12979,-2.09830,0.95800,0.44884,0.52137,0.03341,0.04961
5.7,2,3.13462,-2.46945,0.19538,0.33520,0.32992,0.06213,0.04272
5.72,0,4.50336,-1.12484,1.56809,0.49611,0.00740,0.00000,
5.72,1,4.13574,-2.08940,0.96819,0.57136,0.45229,0.03223,0.00992
5.72,2,3.14263,-2.46797,0.20177,0.57217,0.53085,0.06282,0.00570
5.74,0,4.50338,-1.11492,1.56823,0.49611,0.00712,0.00000,
5.74,1,4.14214,-2.08011,0.97841,0.54263,0.61450,0.03058,0.01984
5.74,2,3.15243,-2.46609,0.20665,0.46936,0.18463,0.06231,0.01697
5.76,0,4.50341,-1.10500,1.56837,0.49611,0.00686,0.00000,
5.76,1,4.14748,-2.07225,0.98977,0.44132,0.50280,0.03066,0.02977
5.76,2,3.16162,-2.46420,0.21035,0.47008,0.19073,0.06092,0.02648
5.78,0,4.50343,-1.09508,1.56851,0.49611,0.00661,0.00000,
5.78,1,4.15204,-2.06547,0.99741,0.34574,0.18274,0.03205,0.03969
5.78,2,3.17098,-2.46215,0.21468,0.51127,0.28228,0.05823,0.03465
5.8,0,4.50346,-1.08516,1.56863,0.49611,0.00636,0.00000,
5.8,1,4.15610,-2.05953,1.00494,0.37278,0.49590,0.03443,0.04961
5.8,2,3.18034,-2.45997,0.22280,0.48716,0.36140,0.05474,0.04185
5.82,0,4.50348,-1.07523,1.56876,0.49611,0.00613,0.00000,
5.82,1,4.16023,-2.05310,1.01506,0.38442,0.47540,0.03636,0.05953
5.82,2,3.18970,-2.45775,0.22994,0.52680,0.55667,0.05151,0.00384
5.84,0,4.50350,-1.06531,1.56888,0.49611,0.00590,0.00000,
5.84,1,4.16414,-2.04686,1.02378,0.37358,0.40329,0.03855,0.06946
5.84,2,3.20010,-2.45535,0.23765,0.49436,0.30735,0.04702,0.01121
5.86,0,4.50352,-1.05606,1.56899,0.46774,0.00576,0.00000,
5.86,1,4.16832,-2.04001,1.03118,0.41354,0.36099,0.03948,0.07871
5.86,2,3.20900,-2.45320,0.24319,0.44141,0.30250,0.04452,0.01924
5.88,0,4.50353,-1.04661,1.56911,0.47494,0.00561,0.00000,
5.88,1,4.17251,-2.03302,1.03859,0.39771,0.37793,0.04047,0.08816
5.88,2,3.21566,-2.45131,0.25208,0.25193,0.59420,0.04428,0.02738
5.9,0,4.50355,-1.03727,1.56921,0.44799,0.00566,0.00000,
5.9,1,4.17642,-2.02638,1.04614,0.37689,0.37300,0.04181,0.09750
5.9,2,3.22049,-2.44965,0.26344,0.26008,0.49956,0.04544,0.03508
5.92,0,4.50356,-1.02763,1.56932,0.50449,0.00488,0.00000,
5.92,1,4.18146,-2.01691,1.05790,0.59084,0.55065,0.04040,0.00964
5.92,2,3.22591,-2.44815,0.26985,0.29739,0.20905,0.04836,0.04580
5.94,0,4.50358,-1.01738,1.56941,0.51223,0.00479,0.00000,
5.94,1,4.18680,-2.00700,1.06967,0.50971,0.65190,0.03908,0.01989
5.94,2,3.23149,-2.44662,0.27261,0.32716,0.20144,0.05162,0.05706
5.96,0,4.50359,-1.00729,1.56951,0.49782,0.00474,0.00000,
5.96,1,4.19153,-1.99837,1.07835,0.44804,0.22263,0.03905,0.02998
5.96,2,3.23834,-2.44473,0.27807,0.36174,0.30070,0.05252,0.06689
5.98,0,4.50361,-0.99742,1.56960,0.49154,0.00455,0.00000,
5.98,1,4.19538,-1.99249,1.07857,0.32976,-0.01824,0.04171,0.03985
5.98,2,3.24497,-2.44285,0.28374,0.32774,0.26079,0.05171,0.07391
6.0,0,4.50362,-0.98757,1.56969,0.49401,0.00436,0.00000,
6.0,1,4.19888,-1.98687,1.08006,0.33440,0.21965,0.04473,0.04970
6.0,2,3.25099,-2.44110,0.28850,0.30625,0.22570,0.05110,0.08052
6.02,0,4.50363,-0.97766,1.56978,0.49653,0.00420,0.00000,
6.02,1,4.20212,-1.98085,1.08736,0.34667,0.43365,0.04752,0.05961
6.02,2,3.25758,-2.43914,0.29649,0.44471,0.84892,0.04985,0.00345
6.04,0,4.50364,-0.96773,1.56986,0.49651,0.00405,0.00000,
6.04,1,4.20527,-1.97484,1.09625,0.35294,0.40003,0.05038,0.06954
6.04,2,3.26634,-2.43658,0.31144,0.40759,0.52027,0.04632,0.01024
6.06,0,4.50365,-0.95780,1.56994,0.49576,0.00390,0.00000,
6.06,1,4.20864,-1.96826,1.10299,0.37425,0.30820,0.05264,0.07947
6.06,2,3.27372,-2.43426,0.31804,0.37396,0.23085,0.04462,0.01763
6.08,0,4.50366,-0.94789,1.57001,0.49557,0.00375,0.00000,
6.08,1,4.21193,-1.96174,1.10920,0.35577,0.31833,0.05498,0.08938
6.08,2,3.27985,-2.43211,0.32352,0.24906,0.40993,0.04404,0.02493
6.1,0,4.50366,-0.93798,1.57009,0.49573,0.00361,0.00000,
6.1,1,4.21501,-1.95554,1.11568,0.34058,0.32348,0.05771,0.09929
6.1,2,3.28482,-2.43027,0.32912,0.27880,0.20839,0.04433,0.03185
6.12,0,4.50367,-0.92806,1.57016,0.49583,0.00348,0.00000,
6.12,1,4.21856,-1.94804,1.13202,0.42719,1.11583,0.05908,0.00992
6.12,2,3.29023,-2.42838,0.33318,0.28782,0.21777,0.04524,0.04015
6.14,0,4.50368,-0.91815,1.57023,0.49581,0.00335,0.00000,
6.14,1,4.22218,-1.94037,1.14835,0.43338,0.50075,0.06027,0.01983
6.14,2,3.29533,-2.42659,0.33722,0.26495,0.19818,0.04664,0.04862
6.16,0,4.50368,-0.90823,1.57029,0.49578,0.00323,0.00000,
6.16,1,4.22604,-1.93188,1.15252,0.48055,0.10429,0.06063,0.02975
6.16,2,3.30090,-2.42462,0.34232,0.31191,0.27461,0.04817,0.05795
6.18,0,4.50369,-0.89832,1.57036,0.49577,0.00311,0.00000,
6.18,1,4.22988,-1.92325,1.15612,0.45970,0.26212,0.06088,0.03966
6.18,2,3.30675,-2.42253,0.34746,0.30288,0.23692,0.04950,0.06738
6.2,0,4.50369,-0.88840,1.57042,0.49578,0.00299,0.00000,
6.2,1,4.23345,-1.91511,1.16248,0.43531,0.33560,0.06168,0.04958
6.2,2,3.31221,-2.42055,0.35185,0.28240,0.21044,0.05079,0.07627
6.22,0,4.50370,-0.87848,1.57048,0.49579,0.00288,0.00000,
6.22,1,4.23786,-1.90402,1.17143,0.65562,0.44736,0.05943,0.00992
6.22,2,3.31744,-2.41864,0.35602,0.27676,0.20865,0.05452,0.08818
6.24,0,4.50370,-0.86857,1.57053,0.49578,0.00278,0.00000,
6.24,1,4.24253,-1.89326,1.18476,0.57580,0.69181,0.05745,0.01983
6.24,2,3.32263,-2.41671,0.36017,0.27714,0.20538,0.05840,0.09990
6.26,0,4.50370,-0.85865,1.57059,0.49578,0.00267,0.00000,
6.26,1,4.24689,-1.88305,1.19491,0.52742,0.30868,0.05609,0.02975
6.26,2,3.32775,-2.41477,0.36430,0.25471,0.24998,0.06186,0.11101
6.28,0,4.50370,-0.84874,1.57064,0.49578,0.00258,0.00000,
6.28,1,4.25031,-1.87581,1.19530,0.38019,0.13531,0.05787,0.03966
6.28,2,3.33236,-2.41297,0.36885,0.24134,0.20375,0.06356,0.11901
6.3,0,4.50371,-0.83882,1.57069,0.49578,0.00248,0.00000,
6.3,1,4.25332,-1.86852,1.20138,0.40408,0.36634,0.05970,0.04958
6.3,2,3.33691,-2.41119,0.37212,0.24450,0.15042,0.06504,0.12689
6.32,0,4.50371,-0.82891,1.57074,0.49578,0.00239,0.00000,
6.32,1,4.25687,-1.85908,1.21231,0.47157,0.72234,0.05934,0.00992
6.32,2,3.34142,-2.40943,0.37533,0.23942,0.16989,0.06815,0.13695
6.34,0,4.50371,-0.81899,1.57078,0.49578,0.00230,0.00000,
6.34,1,4.26046,-1.85051,1.22629,0.47329,0.58781,0.05981,0.01983
6.34,2,3.34581,-2.40770,0.37882,0.23359,0.17476,0.07101,0.14624
6.36,0,4.50371,-0.80907,1.57083,0.49578,0.00222,0.00000,
6.36,1,4.26398,-1.84144,1.23260,0.49084,0.13882,0.05983,0.02975
6.36,2,3.35011,-2.40599,0.38220,0.23014,0.16362,0.07418,0.15596
6.38,0,4.50371,-0.79916,1.57087,0.49578,0.00213,0.00000,
6.38,1,4.26700,-1.83374,1.23254,0.41142,0.14085,0.06131,0.03966
6.38,2,3.35436,-2.40428,0.38537,0.22735,0.15534,0.07631,0.16422
6.4,0,4.50371,-0.78924,1.57092,0.49578,0.00206,0.00000,
6.4,1,4.26976,-1.82589,1.23781,0.41746,0.30456,0.06271,0.04958
6.4,2,3.35854,-2.40259,0.38843,0.22404,0.15077,0.07839,0.17252
6.42,0,4.50371,-0.77933,1.57096,0.49578,0.00198,0.00000,
6.42,1,4.27302,-1.81542,1.24798,0.57807,0.61617,0.06147,0.00992
6.42,2,3.36399,-2.40053,0.39177,0.44038,0.14756,0.08106,0.00578
6.44,0,4.50370,-0.76941,1.57099,0.49578,0.00191,0.00000,
6.44,1,4.27641,-1.80490,1.26194,0.53895,0.74118,0.06014,0.01983
6.44,2,3.37135,-2.39760,0.39117,0.39169,-0.04647,0.08186,0.01683
6.46,0,4.50370,-0.75950,1.57103,0.49578,0.00184,0.00000,
6.46,1,4.27973,-1.79511,1.27382,0.52580,0.28078,0.05956,0.02975
6.46,2,3.37796,-2.39474,0.38859,0.33504,-0.16955,0.08294,0.02717
6.48,0,4.50370,-0.74958,1.57107,0.49578,0.00177,0.00000,
6.48,1,4.28275,-1.78718,1.27173,0.39341,-0.07417,0.06087,0.03966
6.48,2,3.38527,-2.39135,0.39281,0.47835,0.45400,0.08189,0.03565
6.5,0,4.50370,-0.73966,1.57110,0.49578,0.00170,0.00000,
6.5,1,4.28530,-1.77947,1.27478,0.41257,0.26959,0.06249,0.04958
6.5,2,3.39533,-2.38711,0.40301,0.57598,0.47742,0.07763,0.04377
6.52,0,4.50369,-0.72975,1.57114,0.49578,0.00164,0.00000,
6.52,1,4.28821,-1.76965,1.28270,0.51070,0.45799,0.06199,0.00992
6.52,2,3.40605,-2.38255,0.41314,0.61316,0.75489,0.07418,0.00514
6.54,0,4.50369,-0.71983,1.57117,0.49578,0.00158,0.00000,
6.54,1,4.29114,-1.76020,1.29287,0.45242,0.65230,0.06186,0.01983
6.54,2,3.41694,-2.37767,0.42720,0.59179,0.59342,0.07028,0.01503
6.56,0,4.50369,-0.70992,1.57120,0.49578,0.00152,0.00000,
6.56,1,4.29378,-1.75111,1.30121,0.45749,0.11100,0.06214,0.02975
6.56,2,3.42737,-2.37292,0.43584,0.55345,0.33010,0.06645,0.02450
6.58,0,4.50368,-0.70000,1.57123,0.49578,0.00147,0.00000,
6.58,1,4.29634,-1.74393,1.29827,0.37259,-0.18341,0.06432,0.03966
6.58,2,3.43665,-2.36852,0.44268,0.46690,0.39683,0.06263,0.03212
6.6,0,4.50368,-0.69009,1.57126,0.49578,0.00141,0.00000,
6.6,1,4.29862,-1.73668,1.29701,0.38916,0.08002,0.06649,0.04958
6.6,2,3.44517,-2.36440,0.44956,0.47969,0.31835,0.05944,0.03972
6.62,0,4.50367,-0.68017,1.57129,0.49578,0.00136,0.00000,
6.62,1,4.30082,-1.72696,1.30757,0.53250,0.67849,0.06627,0.00992
6.62,2,3.45418,-2.36000,0.45790,0.54910,0.68303,0.05713,0.00533
6.64,0,4.50367,-0.67026,1.57131,0.49578,0.00131,0.00000,
6.64,1,4.30313,-1.71733,1.32257,0.48697,0.68339,0.06611,0.01983
6.64,2,3.46424,-2.35501,0.47189,0.54490,0.57400,0.05374,0.01524
6.66,0,4.50366,-0.66034,1.57134,0.49578,0.00126,0.00000,
6.66,1,4.30593,-1.70781,1.33098,0.50093,0.18178,0.06597,0.02975
6.66,2,3.47305,-2.35050,0.47873,0.47958,0.27092,0.05202,0.02516
6.68,0,4.50366,-0.65042,1.57136,0.49578,0.00122,0.00000,
6.68,1,4.30835,-1.69904,1.32912,0.39577,-0.19638,0.06665,0.03966
6.68,2,3.48159,-2.34608,0.48469,0.48239,0.32632,0.04986,0.03425
6.7,0,4.50365,-0.64051,1.57139,0.49578,0.00117,0.00000,
6.7,1,4.31039,-1.69114,1.32952,0.41537,0.16036,0.06826,0.04958
6.7,2,3.49013,-2.34158,0.49153,0.48130,0.34376,0.04685,0.04241
6.72,0,4.50365,-0.63059,1.57141,0.49578,0.00113,0.00000,
6.72,1,4.31230,-1.68333,1.33391,0.39346,0.22431,0.06998,0.05949
6.72,2,3.49745,-2.33759,0.49543,0.30231,-0.28479,0.04501,0.00388
6.74,0,4.50364,-0.62068,1.57143,0.49578,0.00109,0.00000,
6.74,1,4.31432,-1.67502,1.33616,0.44524,0.05134,0.07120,0.06941
6.74,2,3.50167,-2.33476,0.48866,0.22090,-0.27744,0.04674,0.01243
6.76,0,4.50364,-0.61076,1.57145,0.49578,0.00105,0.00000,
6.76,1,4.31637,-1.66642,1.33715,0.43270,0.06492,0.07214,0.07933
6.76,2,3.50457,-2.33235,0.48420,0.15201,-0.17506,0.05000,0.02127
6.78,0,4.50363,-0.60085,1.57147,0.49578,0.00101,0.00000,
6.78,1,4.31831,-1.65829,1.33891,0.40800,0.09972,0.07356,0.08924
6.78,2,3.50707,-2.33019,0.49047,0.17754,0.76278,0.05336,0.02963
6.8,0,4.50362,-0.59154,1.57150,0.46629,0.00102,0.00000,
6.8,1,4.32016,-1.65045,1.34088,0.40061,0.09372,0.07468,0.09855
6.8,2,3.51099,-2.32789,0.50303,0.24273,0.31397,0.05531,0.03769
6.82,0,4.50362,-0.58211,1.57151,0.47436,0.00086,0.00000,
6.82,1,4.32203,-1.64367,1.34548,0.30561,0.24222,0.07698,0.00943
6.82,2,3.51549,-2.32540,0.50558,0.25784,0.10003,0.05606,0.04471
6.84,0,4.50361,-0.57272,1.57153,0.44091,0.00069,0.00000,
6.84,1,4.32382,-1.63883,1.34595,0.18619,-0.38434,0.08116,0.01882
6.84,2,3.52035,-2.32273,0.50864,0.30881,0.23925,0.05512,0.04984
6.86,0,4.50360,-0.56325,1.57155,0.50981,0.00093,0.00000,
6.86,1,4.32536,-1.63419,1.33930,0.31622,-0.09649,0.08567,0.02829
6.86,2,3.52628,-2.31940,0.51472,0.35531,0.31912,0.05263,0.05472
6.88,0,4.50359,-0.55271,1.57157,0.53100,0.00090,0.00000,
6.88,1,4.32694,-1.62849,1.34482,0.26366,0.45045,0.09019,0.03884
6.88,2,3.53286,-2.31566,0.52220,0.38482,0.38518,0.05013,0.06064
6.9,0,4.50359,-0.54228,1.57158,0.51150,0.00079,0.00000,
6.9,1,4.32866,-1.62287,1.34643,0.33258,-0.23453,0.09465,0.04926
6.9,2,3.53932,-2.31194,0.52934,0.35960,0.33007,0.04780,0.06651
6.92,0,4.50358,-0.53221,1.57160,0.49985,0.00076,0.00000,
6.92,1,4.33052,-1.61482,1.35187,0.44115,0.55347,0.09635,0.01007
6.92,2,3.54532,-2.30844,0.53550,0.34064,0.29695,0.04769,0.07477
6.94,0,4.50357,-0.52220,1.57161,0.50232,0.00075,0.00000,
6.94,1,4.33247,-1.60569,1.35993,0.50601,0.20170,0.09691,0.02008
6.94,2,3.55115,-2.30498,0.54139,0.33902,0.29329,0.04856,0.08410
6.96,0,4.50356,-0.51268,1.57163,0.47425,0.00080,0.00000,
6.96,1,4.33463,-1.59546,1.36113,0.52982,0.00388,0.09588,0.02960
6.96,2,3.55667,-2.30163,0.54761,0.30332,0.31830,0.05067,0.09454
6.98,0,4.50355,-0.50307,1.57164,0.48407,0.00061,0.00000,
6.98,1,4.33680,-1.58519,1.36178,0.51385,0.07431,0.09490,0.03921
6.98,2,3.56187,-2.29845,0.55322,0.30582,0.25975,0.05321,0.10503
7.0,0,4.50355,-0.49338,1.57166,0.48333,0.00063,0.00000,
7.0,1,4.33886,-1.57546,1.36401,0.48655,0.12643,0.09453,0.04890
7.0,2,3.56705,-2.29525,0.55831,0.30167,0.25478,0.05537,0.11497
7.02,0,4.50354,-0.48376,1.57167,0.48004,0.00065,0.00000,
7.02,1,4.34123,-1.56408,1.36810,0.62775,0.21903,0.09245,0.00963
7.02,2,3.57210,-2.29209,0.56345,0.29506,0.25685,0.05904,0.12658
7.04,0,4.50353,-0.47428,1.57168,0.47869,0.00059,0.00000,
7.04,1,4.34358,-1.55282,1.37168,0.52423,0.14316,0.09034,0.01910
7.04,2,3.57704,-2.28897,0.56850,0.29018,0.24840,0.06277,0.13808
7.06,0,4.50352,-0.46442,1.57169,0.50103,0.00063,0.00000,
7.06,1,4.34559,-1.54299,1.37342,0.48999,0.06601,0.09008,0.02897
7.06,2,3.58186,-2.28589,0.57314,0.28142,0.20817,0.06544,0.14811
7.08,0,4.50351,-0.45450,1.57170,0.50157,0.00056,0.00000,
7.08,1,4.34744,-1.53508,1.37232,0.37010,-0.11484,0.09179,0.03888
7.08,2,3.58670,-2.28276,0.57776,0.29185,0.24190,0.06666,0.15624
7.1,0,4.50350,-0.44430,1.57172,0.51307,0.00058,0.00000,
7.1,1,4.34917,-1.52759,1.37052,0.40099,-0.00067,0.09423,0.04908
7.1,2,3.59157,-2.27959,0.58250,0.28769,0.22866,0.06745,0.16392
7.12,0,4.50349,-0.43409,1.57173,0.50772,0.00053,0.00000,
7.12,1,4.35077,-1.52019,1.37139,0.34191,-0.09555,0.09679,0.01021
7.12,2,3.59629,-2.27648,0.58686,0.27906,0.21139,0.06827,0.17149
7.14,0,4.50348,-0.42400,1.57174,0.50284,0.00050,0.00000,
7.14,1,4.35239,-1.51332,1.36879,0.41198,-0.09039,0.09975,0.02031
7.14,2,3.60089,-2.27342,0.59100,0.27408,0.20476,0.06888,0.17855
7.16,0,4.50347,-0.41394,1.57175,0.50305,0.00049,0.00000,
7.16,1,4.35444,-1.50378,1.36996,0.50938,0.19221,0.09998,0.03036
7.16,2,3.60541,-2.27038,0.59505,0.27113,0.19960,0.07178,0.18831
7.18,0,4.50346,-0.40386,1.57176,0.50453,0.00048,0.00000,
7.18,1,4.35665,-1.49315,1.37344,0.54952,0.14684,0.09913,0.04044
7.18,2,3.60987,-2.26736,0.59896,0.26751,0.19244,0.07568,0.19916
7.2,0,4.50345,-0.39434,1.57177,0.47293,0.00054,0.00000,
7.2,1,4.35873,-1.48281,1.37585,0.50586,0.10786,0.09804,0.04996
7.2,2,3.61425,-2.26437,0.60273,0.26323,0.18517,0.07940,0.20971
7.22,0,4.50345,-0.38477,1.57178,0.48192,0.00034,0.00000,
7.22,1,4.36088,-1.47195,1.37958,0.57623,0.21412,0.09649,0.00957
7.22,2,3.61954,-2.26082,0.60884,0.41486,0.89857,0.08254,0.00574
7.24,0,4.50344,-0.37512,1.57179,0.48200,0.00039,0.00000,
7.24,1,4.36296,-1.46123,1.38303,0.51321,0.13330,0.09516,0.01922
7.24,2,3.62647,-2.25625,0.62678,0.41459,0.89814,0.08373,0.01666
7.26,0,4.50343,-0.36551,1.57179,0.47918,0.00042,0.00000,
7.26,1,4.36476,-1.45176,1.38518,0.46589,0.09915,0.09506,0.02883
7.26,2,3.63255,-2.25166,0.64102,0.37710,0.66973,0.08443,0.02630
7.28,0,4.50342,-0.35602,1.57180,0.48720,0.00041,0.00000,
7.28,1,4.36645,-1.44338,1.38618,0.38001,0.00208,0.09595,0.03832
7.28,2,3.64025,-2.24565,0.65445,0.56464,0.53805,0.08214,0.03485
7.3,0,4.50341,-0.34618,1.57181,0.49325,0.00033,0.00000,
7.3,1,4.36805,-1.43546,1.38802,0.42080,0.14523,0.09765,0.04816
7.3,2,3.64964,-2.23848,0.66149,0.58679,0.26011,0.07748,0.04293
7.32,0,4.50340,-0.33603,1.57182,0.51441,0.00041,0.00000,
7.32,1,4.36961,-1.42727,1.39134,0.38472,0.20604,0.09940,0.05831
7.32,2,3.65800,-2.23200,0.66692,0.45119,0.30258,0.07424,0.00408
7.34,0,4.50339,-0.32577,1.57182,0.50968,0.00036,0.00000,
7.34,1,4.37116,-1.41895,1.39401,0.45798,0.07377,0.10114,0.06857
7.34,2,3.66495,-2.22650,0.67297,0.40157,0.30271,0.07279,0.01254
7.36,0,4.50338,-0.31567,1.57183,0.50214,0.00033,0.00000,
7.36,1,4.37280,-1.40977,1.39528,0.46048,0.07250,0.10187,0.07867
7.36,2,3.67070,-2.22196,0.67902,0.36546,0.30425,0.07359,0.02186
7.38,0,4.50337,-0.30564,1.57184,0.50142,0.00032,0.00000,
7.38,1,4.37434,-1.40107,1.39712,0.42713,0.10355,0.10300,0.08870
7.38,2,3.67538,-2.21810,0.68739,0.21592,1.09995,0.07521,0.03070
7.4,0,4.50335,-0.29559,1.57184,0.50343,0.00032,0.00000,
7.4,1,4.37578,-1.39285,1.39920,0.41354,0.10055,0.10464,0.09875
7.4,2,3.67913,-2.21497,0.70089,0.24032,0.41977,0.07760,0.03905
7.42,0,4.50334,-0.28551,1.57185,0.50419,0.00030,0.00000,
7.42,1,4.37726,-1.38356,1.40821,0.48443,0.68124,0.10526,0.01008
7.42,2,3.68370,-2.21090,0.70798,0.33671,0.37671,0.07959,0.04845
7.44,0,4.50333,-0.27601,1.57186,0.47197,0.00038,0.00000,
7.44,1,4.37880,-1.37388,1.41679,0.49192,0.17191,0.10492,0.01959
7.44,2,3.68890,-2.20647,0.71218,0.37150,0.18654,0.08128,0.05825
7.46,0,4.50332,-0.26645,1.57186,0.48093,0.00017,0.00000,
7.46,1,4.38029,-1.36457,1.41742,0.48140,-0.02376,0.10499,0.02914
7.46,2,3.69507,-2.20110,0.71750,0.42492,0.30817,0.08134,0.06768
7.48,0,4.50331,-0.25682,1.57187,0.48121,0.00024,0.00000,
7.48,1,4.38188,-1.35442,1.41746,0.52744,0.04526,0.10430,0.03877
7.48,2,3.70131,-2.19563,0.72364,0.40043,0.29397,0.08204,0.07795
7.5,0,4.50330,-0.24727,1.57187,0.45989,0.00012,0.00000,
7.5,1,4.38347,-1.34418,1.41918,0.50540,0.10373,0.10344,0.04833
7.5,2,3.70706,-2.19054,0.72910,0.37396,0.25922,0.08345,0.08832
7.52,0,4.50329,-0.23770,1.57188,0.49152,0.00029,0.00000,
7.52,1,4.38494,-1.33450,1.42111,0.47965,0.08600,0.10316,0.05789
7.52,2,3.71256,-2.18563,0.73414,0.35013,0.24266,0.08468,0.09811
7.54,0,4.50328,-0.22785,1.57188,0.50263,0.00024,0.00000,
7.54,1,4.38635,-1.32558,1.42203,0.40847,-0.00136,0.10394,0.06775
7.54,2,3.71753,-2.18116,0.73888,0.33679,0.24107,0.08598,0.10713
7.56,0,4.50327,-0.21761,1.57189,0.51470,0.00027,0.00000,
7.56,1,4.38767,-1.31723,1.42314,0.43316,0.09092,0.10569,0.07799
7.56,2,3.72254,-2.17661,0.74373,0.33834,0.24003,0.08671,0.11559
7.58,0,4.50326,-0.20739,1.57189,0.50629,0.00022,0.00000,
7.58,1,4.38898,-1.30860,1.42506,0.43501,0.08889,0.10712,0.08820
7.58,2,3.72748,-2.17208,0.74838,0.33170,0.22681,0.08774,0.12432
7.6,0,4.50325,-0.19735,1.57190,0.50039,0.00020,0.00000,
7.6,1,4.39022,-1.30031,1.42674,0.40529,0.08617,0.10874,0.09825
7.6,2,3.73228,-2.16762,0.75282,0.32438,0.21868,0.08863,0.13270
7.62,0,4.50324,-0.18734,1.57190,0.50121,0.00021,0.00000,
7.62,1,4.39145,-1.29184,1.42797,0.44087,0.05125,0.11015,0.10826
7.62,2,3.73730,-2.16304,0.76003,0.34631,0.78220,0.08944,0.00437
7.64,0,4.50323,-0.17729,1.57190,0.50316,0.00020,0.00000,
7.64,1,4.39270,-1.28312,1.42906,0.43485,0.05974,0.11134,0.11831
7.64,2,3.74235,-2.15828,0.77521,0.33201,0.62555,0.09035,0.01317
7.66,0,4.50322,-0.16722,1.57191,0.50346,0.00019,0.00000,
7.66,1,4.39390,-1.27473,1.43034,0.41602,0.06504,0.11289,0.12837
7.66,2,3.74708,-2.15325,0.78393,0.38252,0.29603,0.09095,0.02165
7.68,0,4.50320,-0.15753,1.57192,0.46762,0.00042,0.00000,
7.68,1,4.39505,-1.26660,1.43160,0.40754,0.06072,0.11433,0.13807
7.68,2,3.75313,-2.14723,0.78845,0.45023,0.21614,0.08975,0.02986
7.7,0,4.50319,-0.14805,1.57192,0.47844,0.00008,0.00000,
7.7,1,4.39618,-1.25856,1.43277,0.40468,0.05702,0.11565,0.14754
7.7,2,3.75946,-2.14090,0.79357,0.43677,0.28750,0.08809,0.03798
7.72,0,4.50318,-0.13844,1.57192,0.48121,0.00011,0.00000,
7.72,1,4.39745,-1.24856,1.43932,0.53044,0.48130,0.11514,0.00961
7.72,2,3.76559,-2.13478,0.80068,0.39835,0.55304,0.08841,0.00526
7.74,0,4.50317,-0.12884,1.57192,0.47858,0.00018,0.00000,
7.74,1,4.39878,-1.23826,1.44525,0.50308,0.11670,0.11432,0.01921
7.74,2,3.77103,-2.12935,0.80847,0.38687,0.41820,0.09001,0.01565
7.76,0,4.50316,-0.11946,1.57192,0.49105,0.00017,0.00000,
7.76,1,4.39999,-1.22878,1.44548,0.47043,-0.02273,0.11411,0.02859
7.76,2,3.77675,-2.12318,0.81784,0.45789,0.40710,0.09014,0.02520
7.78,0,4.50315,-0.10924,1.57193,0.51899,0.00024,0.00000,
7.78,1,4.40119,-1.21928,1.44568,0.48340,0.04614,0.11472,0.03881
7.78,2,3.78347,-2.11607,0.82387,0.50212,0.24077,0.08895,0.03477
7.8,0,4.50314,-0.09894,1.57193,0.50883,0.00014,0.00000,
7.8,1,4.40239,-1.20971,1.44712,0.47886,0.08064,0.11533,0.04911
7.8,2,3.79013,-2.10895,0.82835,0.49100,0.24167,0.08788,0.04442
7.82,0,4.50313,-0.08890,1.57194,0.49780,0.00012,0.00000,
7.82,1,4.40359,-1.20125,1.45030,0.37058,0.14701,0.11679,0.01004
7.82,2,3.79627,-2.10244,0.83501,0.32370,0.49590,0.08673,0.00373
7.84,0,4.50312,-0.07896,1.57194,0.49771,0.00013,0.00000,
7.84,1,4.40469,-1.19374,1.45337,0.38077,0.11584,0.11911,0.01998
7.84,2,3.80017,-2.09836,0.84036,0.21850,0.19400,0.08802,0.01132
7.86,0,4.50310,-0.06897,1.57194,0.50091,0.00013,0.00000,
7.86,1,4.40582,-1.18526,1.45458,0.48341,0.04532,0.12052,0.02997
7.86,2,3.80265,-2.09606,0.84364,0.15515,0.15592,0.09241,0.01987
7.88,0,4.50309,-0.05894,1.57194,0.50182,0.00013,0.00000,
7.88,1,4.40705,-1.17581,1.45611,0.46245,0.10590,0.12099,0.04000
7.88,2,3.80550,-2.09335,0.84433,0.25500,0.03430,0.09716,0.02941
7.9,0,4.50308,-0.04891,1.57195,0.50114,0.00012,0.00000,
7.9,1,4.40834,-1.16544,1.45733,0.55265,0.03617,0.12054,0.05003
7.9,2,3.80931,-2.08892,0.84676,0.34514,0.12131,0.10075,0.03986
7.92,0,4.50307,-0.03889,1.57195,0.50068,0.00012,0.00000,
7.92,1,4.40971,-1.15155,1.46009,0.69959,0.26104,0.11657,0.01002
7.92,2,3.81381,-2.08369,0.84912,0.33949,0.11202,0.10634,0.05380
7.94,0,4.50306,-0.02956,1.57196,0.47172,0.00013,0.00000,
7.94,1,4.41125,-1.13821,1.46521,0.65119,0.23794,0.11244,0.01935
7.94,2,3.81866,-2.07819,0.85261,0.40822,0.24387,0.11119,0.06723
7.96,0,4.50305,-0.02003,1.57196,0.47929,-0.00000,0.00000,
7.96,1,4.41253,-1.12678,1.46707,0.44541,-0.06790,0.11045,0.02888
7.96,2,3.82431,-2.07169,0.85831,0.43461,0.29579,0.11303,0.07873
7.98,0,4.50304,-0.01045,1.57196,0.47829,0.00009,0.00000,
7.98,1,4.41366,-1.11850,1.46543,0.42157,-0.09253,0.11165,0.03846
7.98,2,3.82976,-2.06535,0.86387,0.40237,0.26065,0.11241,0.08709
8.0,0,4.50302,-0.00113,1.57196,0.47781,0.00005,0.00000,
8.0,1,4.41469,-1.10974,1.46466,0.45782,0.02124,0.11212,0.04778
8.0,2,3.83479,-2.05947,0.86872,0.36135,0.20476,0.11277,0.09591
8.02,0,4.50301,0.00894,1.57196,0.51616,0.00020,0.00000,
8.02,1,4.41584,-1.09868,1.46737,0.55687,0.21558,0.11104,0.01007
8.02,2,3.83989,-2.05358,0.87365,0.45151,0.45097,0.11515,0.00580
8.04,0,4.50300,0.01924,1.57196,0.51038,0.00010,0.00000,
8.04,1,4.41709,-1.08730,1.47206,0.56972,0.21849,0.10987,0.02037
8.04,2,3.84587,-2.04681,0.88260,0.45276,0.47010,0.11667,0.01725
8.06,0,4.50299,0.02930,1.57196,0.49753,0.00006,0.00000,
8.06,1,4.41821,-1.07642,1.47429,0.52473,0.03002,0.10897,0.03042
8.06,2,3.85104,-2.03990,0.89394,0.44880,0.86057,0.11802,0.02818
8.08,0,4.50298,0.03921,1.57197,0.49565,0.00008,0.00000,
8.08,1,4.41917,-1.06746,1.47385,0.44497,0.00784,0.10983,0.04034
8.08,2,3.85702,-2.03229,0.90542,0.53956,0.20464,0.11666,0.03720
8.1,0,4.50297,0.04916,1.57197,0.49888,0.00009,0.00000,
8.1,1,4.42008,-1.05837,1.47477,0.46309,0.06148,0.11063,0.05028
8.1,2,3.86421,-2.02311,0.90720,0.60072,0.09657,0.11342,0.04632
8.12,0,4.50295,0.05916,1.57197,0.50033,0.00008,0.00000,
8.12,1,4.42099,-1.05032,1.47607,0.35457,0.01228,0.11250,0.01000
8.12,2,3.87143,-2.01382,0.91111,0.57132,0.26669,0.10921,0.05443
8.14,0,4.50294,0.06916,1.57197,0.49978,0.00007,0.00000,
8.14,1,4.42193,-1.04422,1.47330,0.26377,-0.32605,0.11632,0.02000
8.14,2,3.87819,-2.00509,0.91694,0.54026,0.28873,0.10405,0.06059
8.16,0,4.50293,0.07915,1.57197,0.49921,0.00007,0.00000,
8.16,1,4.42277,-1.03737,1.47007,0.36851,0.03339,0.11939,0.02999
8.16,2,3.88470,-1.99658,0.92218,0.53498,0.24155,0.09982,0.06749
8.18,0,4.50292,0.08913,1.57197,0.49921,0.00007,0.00000,
8.18,1,4.42362,-1.03043,1.47266,0.34206,0.14581,0.12236,0.03997
8.18,2,3.89117,-1.98806,0.92678,0.53396,0.22566,0.09570,0.07449
8.2,0,4.50291,0.09912,1.57197,0.49938,0.00007,0.00000,
8.2,1,4.42461,-1.02315,1.47241,0.40885,-0.12923,0.12499,0.04996
8.2,2,3.89753,-1.97958,0.93130,0.52626,0.22660,0.09205,0.08183
8.22,0,4.50290,0.10910,1.57198,0.49943,0.00006,0.00000,
8.22,1,4.42557,-1.01045,1.47373,0.67485,0.39852,0.12222,0.00999
8.22,2,3.90423,-1.97039,0.93790,0.66771,0.70349,0.09237,0.00711
8.24,0,4.50288,0.11841,1.57198,0.47058,0.00008,0.00000,
8.24,1,4.42653,-0.99698,1.48171,0.67496,0.39978,0.11800,0.01930
8.24,2,3.91218,-1.95947,0.94963,0.67741,0.51853,0.09130,0.02061
8.26,0,4.50287,0.12792,1.57198,0.47789,-0.00005,0.00000,
8.26,1,4.42783,-0.98407,1.49061,0.60228,0.42213,0.11452,0.02881
8.26,2,3.91976,-1.94906,0.95826,0.66637,0.28253,0.09056,0.03358
8.28,0,4.50286,0.13748,1.57198,0.47688,0.00005,0.00000,
8.28,1,4.42890,-0.97387,1.49379,0.40354,0.00446,0.11381,0.03836
8.28,2,3.92754,-1.93789,0.96177,0.67966,0.14489,0.08660,0.04384
8.3,0,4.50285,0.14684,1.57198,0.47478,-0.00003,0.00000,
8.3,1,4.42959,-0.96558,1.49562,0.42695,0.16619,0.11483,0.04772
8.3,2,3.93462,-1.92794,0.96362,0.59184,0.17456,0.08218,0.05216
8.32,0,4.50284,0.15684,1.57198,0.51374,0.00015,0.00000,
8.32,1,4.43024,-0.95696,1.49807,0.40696,0.08136,0.11617,0.05772
8.32,2,3.94111,-1.91864,0.96924,0.55321,0.28235,0.07892,0.00428
8.34,0,4.50283,0.16712,1.57198,0.51045,0.00007,0.00000,
8.34,1,4.43097,-0.94781,1.49822,0.50324,-0.03297,0.11724,0.06801
8.34,2,3.94734,-1.90955,0.97330,0.53290,0.16103,0.07650,0.01347
8.36,0,4.50281,0.17719,1.57198,0.49810,0.00003,0.00000,
8.36,1,4.43175,-0.93760,1.49772,0.50413,-0.00771,0.11705,0.07807
8.36,2,3.95247,-1.90219,0.97585,0.42009,0.24789,0.07710,0.02371
8.38,0,4.50280,0.18711,1.57199,0.49563,0.00004,0.00000,
8.38,1,4.43245,-0.92801,1.49793,0.46259,0.01853,0.11734,0.08799
8.38,2,3.95702,-1.89550,0.98210,0.39981,0.32113,0.07799,0.03332
8.4,0,4.50279,0.19705,1.57199,0.49855,0.00005,0.00000,
8.4,1,4.43311,-0.91900,1.49826,0.44740,0.01249,0.11823,0.09793
8.4,2,3.96151,-1.88879,0.98771,0.40707,0.24654,0.07837,0.04235
8.42,0,4.50278,0.20704,1.57199,0.50008,0.00004,0.00000,
8.42,1,4.43374,-0.91088,1.49799,0.39314,-0.01237,0.12006,0.10793
8.42,2,3.96600,-1.88198,0.99225,0.40691,0.22092,0.07787,0.05049
8.44,0,4.50277,0.21704,1.57199,0.49965,0.00004,0.00000,
8.44,1,4.43436,-0.90278,1.49819,0.41370,0.02056,0.12190,0.11792
8.44,2,3.97040,-1.87524,0.99675,0.39777,0.22797,0.07747,0.05862
8.46,0,4.50275,0.22703,1.57199,0.49909,0.00004,0.00000,
8.46,1,4.43497,-0.89456,1.49856,0.40701,0.01373,0.12364,0.12791
8.46,2,3.97467,-1.86864,1.00129,0.38964,0.22435,0.07736,0.06686
8.48,0,4.50274,0.23701,1.57199,0.49906,0.00004,0.00000,
8.48,1,4.43554,-0.88678,1.49883,0.38408,0.01330,0.12579,0.13789
8.48,2,3.97880,-1.86225,1.00530,0.36374,0.16344,0.07711,0.07467
8.5,0,4.50273,0.24699,1.57199,0.49921,0.00004,0.00000,
8.5,1,4.43612,-0.87870,1.49893,0.41611,0.00159,0.12766,0.14787
8.5,2,3.98273,-1.85613,1.00939,0.36403,0.22578,0.07746,0.08277
8.52,0,4.50272,0.25697,1.57199,0.49927,0.00004,0.00000,
8.52,1,4.43671,-0.87044,1.49900,0.40793,0.00638,0.12935,0.15786
8.52,2,3.98660,-1.84999,1.01380,0.36052,0.20937,0.07802,0.09105
8.54,0,4.50271,0.26696,1.57199,0.49923,0.00003,0.00000,
8.54,1,4.43728,-0.86251,1.49917,0.39022,0.00874,0.13136,0.16784
8.54,2,3.99037,-1.84394,1.01770,0.35360,0.18660,0.07839,0.09900
8.56,0,4.50270,0.27651,1.57200,0.46561,0.00022,0.00000,
8.56,1,4.43784,-0.85482,1.49933,0.38299,0.00743,0.13319,0.17739
8.56,2,3.99405,-1.83798,1.02137,0.34736,0.18250,0.07868,0.10671
8.58,0,4.50268,0.28595,1.57200,0.47601,-0.00009,0.00000,
8.58,1,4.43838,-0.84721,1.49947,0.38043,0.00659,0.13498,0.18683
8.58,2,3.99765,-1.83210,1.02500,0.34245,0.17997,0.07901,0.11434
8.6,0,4.50267,0.29550,1.57200,0.47776,-0.00002,0.00000,
8.6,1,4.43891,-0.84017,1.49930,0.32387,-0.01884,0.13746,0.19638
8.6,2,4.00118,-1.82629,1.02853,0.33767,0.17336,0.07891,0.12140
8.62,0,4.50266,0.30480,1.57199,0.47052,-0.00007,0.00000,
8.62,1,4.43942,-0.83078,1.48782,0.50054,-0.85623,0.13734,0.00930
8.62,2,4.00505,-1.81956,1.03454,0.51086,0.76233,0.07999,0.00501
8.64,0,4.50265,0.31477,1.57200,0.51361,0.00015,0.00000,
8.64,1,4.43993,-0.82221,1.47542,0.40349,-0.43142,0.13871,0.01927
8.64,2,4.01006,-1.81072,1.04668,0.46990,0.58330,0.07793,0.01359
8.66,0,4.50264,0.32506,1.57200,0.51051,0.00005,0.00000,
8.66,1,4.44063,-0.81368,1.46985,0.46871,-0.05691,0.14043,0.02956
8.66,2,4.01476,-1.80298,1.05824,0.45701,0.50661,0.07707,0.02215
8.68,0,4.50262,0.33511,1.57200,0.49701,-0.00000,0.00000,
8.68,1,4.44167,-0.80371,1.47222,0.50474,0.18131,0.14046,0.03961
8.68,2,4.01942,-1.79494,1.06300,0.42252,-0.06667,0.07741,0.03216
8.7,0,4.50261,0.34500,1.57200,0.49416,0.00002,0.00000,
8.7,1,4.44273,-0.79357,1.47559,0.50528,0.13493,0.14014,0.04950
8.7,2,4.02382,-1.78736,1.06425,0.44620,0.18045,0.07847,0.04236
8.72,0,4.50260,0.35492,1.57200,0.49732,0.00003,0.00000,
8.72,1,4.44375,-0.78201,1.45213,0.59261,-1.73205,0.13846,0.00992
8.72,2,4.02815,-1.77960,1.06914,0.43911,0.25571,0.08069,0.05396
8.74,0,4.50259,0.36489,1.57200,0.49903,0.00002,0.00000,
8.74,1,4.44478,-0.77114,1.42307,0.52353,-1.25639,0.13750,0.01989
8.74,2,4.03224,-1.77223,1.07477,0.43321,0.21411,0.08276,0.06488
8.76,0,4.50258,0.37487,1.57200,0.49858,0.00002,0.00000,
8.76,1,4.44625,-0.76077,1.41231,0.49505,0.06212,0.13703,0.02986
8.76,2,4.03657,-1.76427,1.07753,0.46089,0.11586,0.08390,0.07534
8.78,0,4.50257,0.38483,1.57200,0.49795,0.00002,0.00000,
8.78,1,4.44783,-0.75194,1.41683,0.45311,0.20710,0.13808,0.03983
8.78,2,4.04086,-1.75629,1.08036,0.44282,0.16645,0.08368,0.08429
8.8,0,4.50255,0.39479,1.57200,0.49791,0.00002,0.00000,
8.8,1,4.44940,-0.74271,1.41993,0.47979,0.15102,0.13874,0.04979
8.8,2,4.04493,-1.74868,1.08396,0.42432,0.18197,0.08424,0.09363
8.82,0,4.50254,0.40475,1.57200,0.49808,0.00002,0.00000,
8.82,1,4.45082,-0.73329,1.42383,0.45760,0.25172,0.13921,0.05975
8.82,2,4.04903,-1.74097,1.08579,0.44119,-0.41008,0.08483,0.00469
8.84,0,4.50253,0.41471,1.57200,0.49814,0.00002,0.00000,
8.84,1,4.45223,-0.72367,1.42831,0.50193,0.20312,0.13949,0.06971
8.84,2,4.05319,-1.73343,1.07547,0.43080,-0.51629,0.08574,0.01441
8.86,0,4.50252,0.42467,1.57200,0.49811,0.00002,0.00000,
8.86,1,4.45364,-0.71376,1.43215,0.49347,0.18862,0.13948,0.07967
8.86,2,4.05691,-1.72682,1.06721,0.36864,-0.06506,0.08798,0.02442
8.88,0,4.50251,0.43464,1.57200,0.49808,0.00002,0.00000,
8.88,1,4.45497,-0.70424,1.43595,0.47070,0.19087,0.13987,0.08963
8.88,2,4.06051,-1.72023,1.07439,0.37208,0.57919,0.08988,0.03403
8.9,0,4.50249,0.44460,1.57200,0.49809,0.00002,0.00000,
8.9,1,4.45622,-0.69504,1.43973,0.46141,0.18615,0.14057,0.09959
8.9,2,4.06466,-1.71257,1.08141,0.46490,0.12519,0.09027,0.04332
8.92,0,4.50248,0.45456,1.57200,0.49809,0.00002,0.00000,
8.92,1,4.45742,-0.68529,1.44733,0.46677,0.48244,0.14074,0.00996
8.92,2,4.06946,-1.70335,1.08463,0.59689,0.47082,0.08948,0.00474
8.94,0,4.50247,0.46390,1.57201,0.46827,0.00007,0.00000,
8.94,1,4.45858,-0.67568,1.45398,0.50734,0.19444,0.14043,0.01931
8.94,2,4.07484,-1.69269,1.09406,0.59697,0.47131,0.08700,0.01442
8.96,0,4.50246,0.47337,1.57201,0.47645,-0.00011,0.00000,
8.96,1,4.45980,-0.66517,1.45624,0.53831,0.09078,0.13934,0.02878
8.96,2,4.08017,-1.68257,1.10441,0.55195,0.46829,0.08592,0.02500
8.98,0,4.50245,0.48291,1.57200,0.47600,-0.00001,0.00000,
8.98,1,4.46101,-0.65460,1.45867,0.52206,0.15006,0.13827,0.03831
8.98,2,4.08499,-1.67375,1.10693,0.43981,-0.05040,0.08630,0.03564
9.0,0,4.50243,0.49226,1.57200,0.49320,0.00007,0.00000,
9.0,1,4.46214,-0.64452,1.46214,0.51343,0.16645,0.13750,0.04767
9.0,2,4.08912,-1.66591,1.10955,0.44550,0.25411,0.08738,0.04578
9.02,0,4.50242,0.50246,1.57200,0.51555,0.00011,0.00000,
9.02,1,4.46337,-0.63129,1.46660,0.67097,0.33915,0.13442,0.01020
9.02,2,4.09312,-1.65794,1.11519,0.44464,0.26507,0.09137,0.05907
9.04,0,4.50241,0.51266,1.57201,0.50355,-0.00000,0.00000,
9.04,1,4.46467,-0.61794,1.47338,0.67019,0.34271,0.13123,0.02040
9.04,2,4.09699,-1.65005,1.11950,0.43498,0.18329,0.09565,0.07248
9.06,0,4.50240,0.52260,1.57200,0.49366,-0.00001,0.00000,
9.06,1,4.46600,-0.60533,1.47895,0.55225,0.15437,0.12852,0.03034
9.06,2,4.10072,-1.64238,1.12325,0.41799,0.21264,0.09950,0.08516
9.08,0,4.50239,0.53247,1.57200,0.49442,0.00001,0.00000,
9.08,1,4.46703,-0.59594,1.48072,0.47249,0.09903,0.12897,0.04021
9.08,2,4.10443,-1.63467,1.12697,0.43278,0.17240,0.10020,0.09460
9.1,0,4.50237,0.54240,1.57201,0.49753,0.00001,0.00000,
9.1,1,4.46791,-0.58637,1.48311,0.48472,0.12946,0.12930,0.05013
9.1,2,4.10813,-1.62688,1.13041,0.42757,0.17369,0.10095,0.10421
9.12,0,4.50236,0.55236,1.57201,0.49816,0.00001,0.00000,
9.12,1,4.46876,-0.57676,1.48561,0.47852,0.11786,0.12962,0.06010
9.12,2,4.11172,-1.61927,1.13391,0.41513,0.17519,0.10196,0.11386
9.14,0,4.50235,0.56232,1.57201,0.49743,0.00001,0.00000,
9.14,1,4.46955,-0.56745,1.48789,0.45507,0.11526,0.13024,0.07005
9.14,2,4.11519,-1.61183,1.13734,0.40756,0.16778,0.10286,0.12320
9.16,0,4.50234,0.57226,1.57201,0.49704,0.00001,0.00000,
9.16,1,4.47033,-0.55815,1.49002,0.47340,0.10259,0.13086,0.08000
9.16,2,4.11859,-1.60448,1.14061,0.40300,0.16047,0.10387,0.13253
9.18,0,4.50233,0.58220,1.57201,0.49715,0.00001,0.00000,
9.18,1,4.47109,-0.54874,1.49206,0.46825,0.10254,0.13137,0.08994
9.18,2,4.12193,-1.59721,1.14377,0.39761,0.15539,0.10508,0.14198
9.2,0,4.50231,0.59215,1.57201,0.49729,0.00001,0.00000,
9.2,1,4.47181,-0.53956,1.49411,0.45406,0.10116,0.13211,0.09988
9.2,2,4.12510,-1.59053,1.14552,0.35001,0.08757,0.10669,0.15118
9.22,0,4.50230,0.60209,1.57201,0.49730,0.00001,0.00000,
9.22,1,4.47250,-0.52988,1.49886,0.46099,0.30843,0.13236,0.00995
9.22,2,4.12809,-1.58408,1.14896,0.35854,0.20389,0.10903,0.16088
9.24,0,4.50229,0.61204,1.57201,0.49726,0.00001,0.00000,
9.24,1,4.47316,-0.52040,1.50297,0.49615,0.10989,0.13281,0.01989
9.24,2,4.13103,-1.57756,1.15256,0.35472,0.15300,0.11115,0.17038
9.26,0,4.50228,0.62198,1.57201,0.49725,0.00001,0.00000,
9.26,1,4.47385,-0.51013,1.50406,0.50573,0.05006,0.13247,0.02984
9.26,2,4.13387,-1.57118,1.15518,0.34523,0.12160,0.11419,0.18067
9.28,0,4.50227,0.63193,1.57201,0.49726,0.00001,0.00000,
9.28,1,4.47455,-0.49973,1.50532,0.52735,0.07746,0.13200,0.03978
9.28,2,4.13660,-1.56500,1.15794,0.33680,0.14361,0.11758,0.19109
9.3,0,4.50225,0.64187,1.57201,0.49726,0.00001,0.00000,
9.3,1,4.47523,-0.48932,1.50707,0.51355,0.09088,0.13152,0.04973
9.3,2,4.13937,-1.55869,1.16045,0.34726,0.11735,0.12087,0.20151
9.32,0,4.50224,0.65182,1.57201,0.49726,0.00001,0.00000,
9.32,1,4.47589,-0.47599,1.51060,0.72123,0.26549,0.12811,0.00995
9.32,2,4.14212,-1.55238,1.16280,0.34046,0.11942,0.12695,0.21485
9.34,0,4.50223,0.66176,1.57201,0.49726,0.00001,0.00000,
9.34,1,4.47657,-0.46259,1.51654,0.66665,0.31264,0.12464,0.01989
9.34,2,4.14477,-1.54623,1.16521,0.33047,0.12010,0.13330,0.22826
9.36,0,4.50222,0.67171,1.57201,0.49726,0.00001,0.00000,
9.36,1,4.47736,-0.44994,1.52163,0.59320,0.14126,0.12193,0.02984
9.36,2,4.14735,-1.54022,1.16756,0.32518,0.11466,0.13912,0.24093
9.38,0,4.50221,0.68165,1.57201,0.49726,0.00001,0.00000,
9.38,1,4.47791,-0.44062,1.52226,0.42065,0.00997,0.12254,0.03978
9.38,2,4.14989,-1.53427,1.16979,0.32168,0.10963,0.14178,0.25026
9.4,0,4.50219,0.69137,1.57201,0.46078,0.00035,0.00000,
9.4,1,4.47837,-0.43170,1.52306,0.46511,0.06056,0.12333,0.04950
9.4,2,4.15238,-1.52839,1.17195,0.31717,0.10614,0.14411,0.25919
9.42,0,4.50218,0.70071,1.57201,0.47188,-0.00007,0.00000,
9.42,1,4.47880,-0.42258,1.52450,0.42151,0.08641,0.12354,0.05884
9.42,2,4.15513,-1.52163,1.17556,0.43845,0.47407,0.14572,0.00442
9.44,0,4.50217,0.71021,1.57201,0.47628,-0.00008,0.00000,
9.44,1,4.47926,-0.41301,1.52566,0.51343,0.04072,0.12346,0.06834
9.44,2,4.15838,-1.51354,1.18490,0.42108,0.50309,0.14635,0.01401
9.46,0,4.50216,0.71950,1.57201,0.46252,-0.00016,0.00000,
9.46,1,4.47972,-0.40269,1.52641,0.50731,0.04035,0.12242,0.07763
9.46,2,4.16142,-1.50573,1.19714,0.47541,0.49860,0.14804,0.02434
9.48,0,4.50215,0.72936,1.57201,0.51053,0.00013,0.00000,
9.48,1,4.48015,-0.39297,1.52733,0.47075,0.04881,0.12255,0.08749
9.48,2,4.16542,-1.49569,1.20175,0.57067,0.08029,0.14675,0.03406
9.5,0,4.50213,0.73963,1.57201,0.51050,0.00004,0.00000,
9.5,1,4.48055,-0.38460,1.52804,0.39986,0.03634,0.12444,0.09776
9.5,2,4.16951,-1.48527,1.20325,0.53892,0.11148,0.14378,0.04244
9.52,0,4.50212,0.74968,1.57201,0.49641,-0.00003,0.00000,
9.52,1,4.48092,-0.37550,1.53031,0.45168,0.15569,0.12538,0.01005
9.52,2,4.17344,-1.47492,1.20734,0.64632,0.33166,0.14161,0.00453
9.54,0,4.50211,0.75955,1.57201,0.49250,-0.00001,0.00000,
9.54,1,4.48129,-0.36624,1.53248,0.44783,0.07348,0.12598,0.01991
9.54,2,4.17814,-1.46226,1.21383,0.64521,0.26650,0.13718,0.01379
9.56,0,4.50210,0.76943,1.57201,0.49554,0.00001,0.00000,
9.56,1,4.48169,-0.35641,1.53343,0.54723,0.02766,0.12602,0.02979
9.56,2,4.18210,-1.45178,1.21859,0.51897,0.17340,0.13560,0.02363
9.58,0,4.50209,0.77936,1.57201,0.49752,0.00000,0.00000,
9.58,1,4.48211,-0.34507,1.53394,0.56518,0.02895,0.12461,0.03973
9.58,2,4.18563,-1.44228,1.22122,0.50565,0.12559,0.13656,0.03498
9.6,0,4.50207,0.78931,1.57201,0.49718,-0.00000,0.00000,
9.6,1,4.48250,-0.33428,1.53465,0.51866,0.03891,0.12376,0.04968
9.6,2,4.18889,-1.43470,1.21916,0.39922,-0.10750,0.13892,0.04577
9.62,0,4.50206,0.79925,1.57201,0.49651,0.00000,0.00000,
9.62,1,4.48290,-0.32141,1.53584,0.67734,0.07469,0.12083,0.00994
9.62,2,4.19217,-1.42606,1.21826,0.55900,-0.09093,0.14227,0.00687
9.64,0,4.50205,0.80918,1.57201,0.49642,0.00000,0.00000,
9.64,1,4.48336,-0.30794,1.53737,0.64517,0.09105,0.11728,0.01986
9.64,2,4.19570,-1.41671,1.21744,0.47743,-0.16645,0.14547,0.02035
9.66,0,4.50204,0.81911,1.57201,0.49659,0.00000,0.00000,
9.66,1,4.48375,-0.29627,1.53868,0.54037,0.03942,0.11553,0.02979
9.66,2,4.19932,-1.40752,1.21485,0.54262,-0.02301,0.14708,0.03202
9.68,0,4.50203,0.82904,1.57201,0.49667,0.00000,0.00000,
9.68,1,4.48409,-0.28767,1.53865,0.38817,-0.03202,0.11686,0.03973
9.68,2,4.20392,-1.39517,1.21819,0.74072,0.27246,0.14238,0.04063
9.7,0,4.50201,0.83897,1.57201,0.49664,0.00000,0.00000,
9.7,1,4.48440,-0.27972,1.53828,0.41757,0.00675,0.11883,0.04966
9.7,2,4.20903,-1.38152,1.22492,0.70973,0.31218,0.13569,0.04859
9.72,0,4.50200,0.84891,1.57201,0.49661,0.00000,0.00000,
9.72,1,4.48469,-0.27088,1.53896,0.43811,0.05183,0.11992,0.05959
9.72,2,4.21377,-1.36847,1.22875,0.67654,0.13442,0.13053,0.05744
9.74,0,4.50199,0.85884,1.57201,0.49661,0.00000,0.00000,
9.74,1,4.48500,-0.26184,1.53992,0.48663,0.03461,0.12081,0.06952
9.74,2,4.21819,-1.35609,1.23163,0.64566,0.16539,0.12630,0.06648
9.76,0,4.50198,0.86877,1.57201,0.49662,0.00000,0.00000,
9.76,1,4.48531,-0.25193,1.54045,0.49137,0.02378,0.12082,0.07946
9.76,2,4.22226,-1.34539,1.23309,0.57898,0.19756,0.12465,0.07640
9.78,0,4.50197,0.87870,1.57201,0.49662,0.00000,0.00000,
9.78,1,4.48559,-0.24249,1.54097,0.45699,0.02873,0.12131,0.08939
9.78,2,4.22625,-1.33425,1.23817,0.59748,0.25350,0.12214,0.08584
9.8,0,4.50195,0.88863,1.57201,0.49662,0.00000,0.00000,
9.8,1,4.48586,-0.23356,1.54157,0.44196,0.02986,0.12231,0.09932
9.8,2,4.23014,-1.32304,1.24227,0.58648,0.16814,0.11909,0.09477
9.82,0,4.50194,0.89857,1.57201,0.49662,0.00000,0.00000,
9.82,1,4.48611,-0.22420,1.54322,0.44035,0.10873,0.12288,0.00993
9.82,2,4.23387,-1.31214,1.24531,0.56817,0.14979,0.11680,0.10414
9.84,0,4.50193,0.90850,1.57201,0.49662,0.00000,0.00000,
9.84,1,4.48635,-0.21502,1.54461,0.48515,0.03358,0.12363,0.01986
9.84,2,4.23745,-1.30157,1.24893,0.56538,0.16698,0.11469,0.11332
9.86,0,4.50192,0.91843,1.57201,0.49662,0.00000,0.00000,
9.86,1,4.48662,-0.20482,1.54486,0.52207,0.00685,0.12335,0.02980
9.86,2,4.24108,-1.29071,1.25195,0.57381,0.14560,0.11331,0.12353
9.88,0,4.50191,0.92836,1.57201,0.49662,0.00000,0.00000,
9.88,1,4.48688,-0.19450,1.54516,0.50626,0.02282,0.12296,0.03973
9.88,2,4.24463,-1.27995,1.25493,0.55864,0.15224,0.11216,0.13385
9.9,0,4.50189,0.93830,1.57201,0.49662,0.00000,0.00000,
9.9,1,4.48714,-0.18471,1.54573,0.49307,0.02802,0.12310,0.04966
9.9,2,4.24805,-1.26950,1.25798,0.54416,0.15114,0.11082,0.14364
9.92,0,4.50188,0.94823,1.57201,0.49662,0.00000,0.00000,
9.92,1,4.48738,-0.17479,1.54623,0.49644,0.02286,0.12311,0.05959
9.92,2,4.25137,-1.25922,1.26093,0.53693,0.14395,0.10982,0.15357
9.94,0,4.50187,0.95816,1.57201,0.49662,0.00000,0.00000,
9.94,1,4.48763,-0.16497,1.54667,0.48563,0.02160,0.12322,0.06953
9.94,2,4.25454,-1.24965,1.26285,0.50363,0.13816,0.10944,0.16339
9.96,0,4.50186,0.96809,1.57201,0.49662,0.00000,0.00000,
9.96,1,4.48786,-0.15539,1.54711,0.47455,0.02180,0.12357,0.07946
9.96,2,4.25763,-1.24001,1.26611,0.50552,0.16415,0.10879,0.17297
9.98,0,4.50185,0.97803,1.57201,0.49662,0.00000,0.00000,
9.98,1,4.48808,-0.14627,1.54748,0.43284,0.01584,0.12438,0.08939
9.98,2,4.26065,-1.23046,1.26901,0.49604,0.13008,0.10779,0.18209
10.0,0,4.50183,0.98747,1.57201,0.46460,0.00014,0.00000,
10.0,1,4.48829,-0.13751,1.54788,0.44169,0.02237,0.12506,0.09883
10.0,2,4.26356,-1.22111,1.27145,0.48512,0.11947,0.10665,0.19085
10.02,0,4.50182,0.99688,1.57201,0.47426,-0.00012,0.00000,
10.02,1,4.48850,-0.12971,1.54898,0.33723,0.06878,0.12667,0.00941
10.02,2,4.26636,-1.21223,1.27324,0.44869,0.08200,0.10508,0.19865
10.04,0,4.50181,1.00638,1.57201,0.47516,-0.00004,0.00000,
10.04,1,4.48870,-0.12417,1.55195,0.23670,0.15842,0.13063,0.01892
10.04,2,4.26905,-1.20360,1.27580,0.45410,0.14759,0.10155,0.20420
10.06,0,4.50180,1.01572,1.57201,0.49241,0.00005,0.00000,
10.06,1,4.48891,-0.11800,1.55086,0.35219,-0.12563,0.13380,0.02826
10.06,2,4.27169,-1.19495,1.27855,0.44927,0.12381,0.09863,0.21037
10.08,0,4.50179,1.02590,1.57201,0.51450,0.00010,0.00000,
10.08,1,4.48910,-0.11112,1.54919,0.34199,-0.07012,0.13709,0.03844
10.08,2,4.27425,-1.18645,1.28076,0.43899,0.10438,0.09659,0.21725
10.1,0,4.50177,1.03608,1.57201,0.50233,-0.00001,0.00000,
10.1,1,4.48932,-0.10414,1.54762,0.37287,-0.08297,0.14029,0.04861
10.1,2,4.27673,-1.17813,1.28285,0.43107,0.10542,0.09483,0.22424
10.12,0,4.50176,1.04600,1.57201,0.49246,-0.00003,0.00000,
10.12,1,4.48954,-0.09544,1.54707,0.47950,0.01723,0.14150,0.05853
10.12,2,4.27925,-1.16942,1.28834,0.50386,0.74472,0.09437,0.00462
10.14,0,4.50175,1.05584,1.57201,0.49328,-0.00000,0.00000,
10.14,1,4.48976,-0.08554,1.54786,0.49279,0.04456,0.14145,0.06838
10.14,2,4.28224,-1.15919,1.30264,0.53000,0.54338,0.09352,0.01453
10.16,0,4.50174,1.06574,1.57201,0.49640,0.00000,0.00000,
10.16,1,4.48996,-0.07610,1.54855,0.45544,0.02527,0.14190,0.07828
10.16,2,4.28506,-1.14927,1.30713,0.49255,0.03819,0.09256,0.02397
10.18,0,4.50173,1.07568,1.57201,0.49702,-0.00000,0.00000,
10.18,1,4.49015,-0.06723,1.54894,0.43822,0.01831,0.14297,0.08822
10.18,2,4.28746,-1.14032,1.30753,0.44566,0.05730,0.09207,0.03284
10.2,0,4.50171,1.08562,1.57201,0.49628,-0.00000,0.00000,
10.2,1,4.49034,-0.05846,1.54934,0.43907,0.02169,0.14414,0.09815
10.2,2,4.28955,-1.13323,1.30777,0.37633,0.14144,0.09336,0.04161
10.22,0,4.50170,1.09554,1.57201,0.49589,-0.00000,0.00000,
10.22,1,4.49056,-0.04749,1.55058,0.58185,0.08323,0.14308,0.00992
10.22,2,4.29179,-1.12470,1.31234,0.54587,0.22801,0.09539,0.00576
10.24,0,4.50169,1.10545,1.57201,0.49600,-0.00000,0.00000,
10.24,1,4.49079,-0.03666,1.55188,0.54798,0.03797,0.14217,0.01984
10.24,2,4.29434,-1.11471,1.31614,0.48793,0.22983,0.09580,0.01659
10.26,0,4.50168,1.11538,1.57201,0.49614,-0.00000,0.00000,
10.26,1,4.49101,-0.02512,1.55212,0.58695,0.00201,0.14055,0.02976
10.26,2,4.29716,-1.10406,1.31872,0.58498,0.08765,0.09621,0.02813
10.28,0,4.50167,1.12530,1.57201,0.49615,-0.00000,0.00000,
10.28,1,4.49123,-0.01405,1.55219,0.47975,-0.00384,0.13940,0.03968
10.28,2,4.30008,-1.09276,1.32085,0.57047,0.13085,0.09551,0.03920
10.3,0,4.50165,1.13522,1.57201,0.49611,-0.00000,0.00000,
10.3,1,4.49142,-0.00441,1.55237,0.48695,0.01957,0.13968,0.04961
10.3,2,4.30278,-1.08217,1.32382,0.52988,0.15419,0.09414,0.04885
10.32,0,4.50164,1.14514,1.57201,0.49610,-0.00000,0.00000,
10.32,1,4.49160,0.00540,1.55285,0.49130,0.02374,0.13979,0.05953
10.32,2,4.30532,-1.07229,1.32632,0.44737,-0.00495,0.09367,0.05866
10.34,0,4.50163,1.15507,1.57201,0.49611,-0.00000,0.00000,
10.34,1,4.49178,0.01513,1.55325,0.48104,0.01725,0.13998,0.06945
10.34,2,4.30769,-1.06338,1.32811,0.47310,0.15533,0.09411,0.06839
10.36,0,4.50162,1.16499,1.57201,0.49611,-0.00000,0.00000,
10.36,1,4.49195,0.02461,1.55357,0.46943,0.01575,0.14042,0.07937
10.36,2,4.31003,-1.05406,1.33156,0.48183,0.16439,0.09390,0.07787
10.38,0,4.50161,1.17491,1.57201,0.49611,-0.00000,0.00000,
10.38,1,4.49210,0.03381,1.55391,0.46231,0.01721,0.14114,0.08930
10.38,2,4.31230,-1.04484,1.33432,0.46746,0.11973,0.09354,0.08708
10.4,0,4.50159,1.18483,1.57201,0.49611,-0.00000,0.00000,
10.4,1,4.49226,0.04325,1.55423,0.47540,0.01562,0.14162,0.09922
10.4,2,4.31443,-1.03607,1.33710,0.46277,0.11947,0.09387,0.09652
10.42,0,4.50158,1.19476,1.57201,0.49611,-0.00000,0.00000,
10.42,1,4.49242,0.05304,1.55513,0.45019,0.06004,0.14175,0.00992
10.42,2,4.31665,-1.02676,1.33914,0.48370,0.09930,0.09401,0.10631
10.44,0,4.50157,1.20468,1.57201,0.49611,-0.00000,0.00000,
10.44,1,4.49256,0.06236,1.55590,0.49333,0.01862,0.14236,0.01984
10.44,2,4.31884,-1.01750,1.34129,0.46691,0.11416,0.09374,0.11563
10.46,0,4.50156,1.21460,1.57201,0.49611,-0.00000,0.00000,
10.46,1,4.49271,0.07282,1.55604,0.53829,0.00426,0.14181,0.02977
10.46,2,4.32091,-1.00860,1.34361,0.45005,0.11428,0.09498,0.12609
10.48,0,4.50155,1.22452,1.57201,0.49611,-0.00000,0.00000,
10.48,1,4.49286,0.08329,1.55626,0.53452,0.01348,0.14127,0.03969
10.48,2,4.32291,-1.00022,1.34523,0.38398,0.00361,0.09676,0.13656
10.5,0,4.50153,1.23444,1.57201,0.49611,-0.00000,0.00000,
10.5,1,4.49302,0.09417,1.55655,0.54371,0.01436,0.14031,0.04961
10.5,2,4.32476,-0.99255,1.34686,0.40359,0.12921,0.09967,0.14744
10.52,0,4.50152,1.24437,1.57201,0.49611,-0.00000,0.00000,
10.52,1,4.49318,0.10863,1.55700,0.79994,0.02683,0.13577,0.00992
10.52,2,4.32670,-0.98342,1.35050,0.58044,0.42372,0.10467,0.00792
10.54,0,4.50151,1.25429,1.57201,0.49611,-0.00000,0.00000,
10.54,1,4.49334,0.12263,1.55778,0.68443,0.03106,0.13169,0.01984
10.54,2,4.32889,-0.97336,1.36396,0.49426,0.71802,0.10825,0.02192
10.56,0,4.50150,1.26421,1.57201,0.49611,-0.00000,0.00000,
10.56,1,4.49348,0.13476,1.55767,0.45350,-0.02876,0.12948,0.02977
10.56,2,4.33134,-0.96317,1.37191,0.58714,0.06905,0.10983,0.03405
10.58,0,4.50149,1.27413,1.57201,0.49611,-0.00000,0.00000,
10.58,1,4.49364,0.14325,1.55697,0.42530,-0.03968,0.13091,0.03969
10.58,2,4.33424,-0.94941,1.37105,0.77407,-0.01798,0.10423,0.04255
10.6,0,4.50147,1.28406,1.57201,0.49611,-0.00000,0.00000,
10.6,1,4.49386,0.15188,1.55624,0.41478,-0.00961,0.13220,0.04961
10.6,2,4.33748,-0.93346,1.37254,0.84386,0.11071,0.09655,0.05118
10.62,0,4.50146,1.29398,1.57201,0.49611,-0.00000,0.00000,
10.62,1,4.49399,0.16108,1.55663,0.51496,0.02893,0.13292,0.05953
10.62,2,4.34064,-0.91871,1.37587,0.60333,0.25599,0.09063,0.00493
10.64,0,4.50145,1.30390,1.57201,0.49611,-0.00000,0.00000,
10.64,1,4.49412,0.17174,1.55710,0.52873,0.01680,0.13219,0.06946
10.64,2,4.34361,-0.90849,1.37822,0.38259,-0.16016,0.09067,0.01559
10.66,0,4.50144,1.31382,1.57201,0.49611,-0.00000,0.00000,
10.66,1,4.49425,0.18178,1.55733,0.48101,0.00977,0.13206,0.07938
10.66,2,4.34654,-0.90215,1.37347,0.33813,-0.24652,0.09395,0.02564
10.68,0,4.50143,1.32374,1.57201,0.49611,-0.00000,0.00000,
10.68,1,4.49437,0.19112,1.55755,0.46092,0.01285,0.13265,0.08930
10.68,2,4.34908,-0.89570,1.36853,0.34682,-0.22576,0.09649,0.03498
10.7,0,4.50141,1.33367,1.57201,0.49611,-0.00000,0.00000,
10.7,1,4.49449,0.20036,1.55783,0.46367,0.01407,0.13333,0.09922
10.7,2,4.35083,-0.88866,1.36844,0.35177,0.21819,0.09845,0.04422
10.72,0,4.50140,1.34359,1.57201,0.49611,-0.00000,0.00000,
10.72,1,4.49461,0.21013,1.55858,0.45899,0.04901,0.13347,0.00992
10.72,2,4.35243,-0.88055,1.37394,0.40438,0.34753,0.09992,0.00469
10.74,0,4.50139,1.35329,1.57201,0.45984,0.00034,0.00000,
10.74,1,4.49472,0.21909,1.55918,0.47031,0.01541,0.13422,0.01962
10.74,2,4.35384,-0.87338,1.37905,0.37970,0.18574,0.10152,0.01364
10.76,0,4.50138,1.36261,1.57201,0.47088,-0.00008,0.00000,
10.76,1,4.49484,0.22914,1.55932,0.51892,0.00460,0.13348,0.02894
10.76,2,4.35550,-0.86476,1.38156,0.48316,0.09455,0.10274,0.02370
10.78,0,4.50137,1.37209,1.57201,0.47524,-0.00009,0.00000,
10.78,1,4.49495,0.23932,1.55949,0.47019,0.01428,0.13278,0.03842
10.78,2,4.35742,-0.85491,1.38355,0.50223,0.11154,0.10284,0.03388
10.8,0,4.50135,1.38135,1.57201,0.46842,-0.00012,0.00000,
10.8,1,4.49506,0.24921,1.55975,0.51095,0.01174,0.13215,0.04768
10.8,2,4.35922,-0.84560,1.38673,0.49347,0.12418,0.10321,0.04377
10.82,0,4.50134,1.39128,1.57201,0.51175,0.00013,0.00000,
10.82,1,4.49520,0.26113,1.56008,0.63529,0.01844,0.13016,0.00993
10.82,2,4.36114,-0.83448,1.38966,0.71251,0.30152,0.10379,0.00618
10.84,0,4.50133,1.40153,1.57201,0.50826,0.00002,0.00000,
10.84,1,4.49533,0.27367,1.56034,0.59556,0.00938,0.12787,0.02018
10.84,2,4.36335,-0.82035,1.39828,0.65011,0.54912,0.10196,0.01872
10.86,0,4.50132,1.41153,1.57201,0.49458,-0.00003,0.00000,
10.86,1,4.49545,0.28460,1.56051,0.51444,0.00889,0.12694,0.03018
10.86,2,4.36574,-0.80747,1.40763,0.65977,0.32349,0.09975,0.02965
10.88,0,4.50131,1.42137,1.57201,0.49180,-0.00001,0.00000,
10.88,1,4.49555,0.29319,1.56057,0.41066,0.00424,0.12820,0.04003
10.88,2,4.36792,-0.79615,1.40867,0.52952,-0.03286,0.09679,0.03824
10.9,0,4.50129,1.43124,1.57201,0.49503,0.00000,0.00000,
10.9,1,4.49564,0.30200,1.56078,0.45995,0.01309,0.12926,0.04990
10.9,2,4.36973,-0.78543,1.40956,0.55242,0.09948,0.09469,0.04705
10.92,0,4.50128,1.44117,1.57201,0.49674,-0.00000,0.00000,
10.92,1,4.49574,0.31127,1.56103,0.45921,0.01104,0.12991,0.05982
10.92,2,4.37146,-0.77503,1.41231,0.48607,0.19943,0.09338,0.00462
10.94,0,4.50127,1.45110,1.57201,0.49627,-0.00001,0.00000,
10.94,1,4.49582,0.31993,1.56125,0.44566,0.00912,0.13118,0.06975
10.94,2,4.37315,-0.76545,1.41629,0.48611,0.19148,0.09229,0.01329
10.96,0,4.50126,1.46102,1.57201,0.49564,-0.00000,0.00000,
10.96,1,4.49591,0.32934,1.56140,0.48007,0.00742,0.13169,0.07967
10.96,2,4.37470,-0.75586,1.41879,0.48470,0.07427,0.09195,0.02270
10.98,0,4.50125,1.47093,1.57201,0.49560,-0.00000,0.00000,
10.98,1,4.49600,0.33876,1.56156,0.46002,0.00872,0.13218,0.08958
10.98,2,4.37611,-0.74743,1.41897,0.42438,0.04316,0.09279,0.03212
11.0,0,4.50123,1.48084,1.57201,0.49578,-0.00000,0.00000,
11.0,1,4.49609,0.34770,1.56174,0.43872,0.00877,0.13315,0.09950
11.0,2,4.37746,-0.73889,1.42077,0.43524,0.10901,0.09305,0.04106
11.02,0,4.50122,1.49076,1.57201,0.49584,-0.00000,0.00000,
11.02,1,4.49618,0.35854,1.56226,0.57170,0.03557,0.13223,0.00992
11.02,2,4.37879,-0.72971,1.42346,0.50327,0.24680,0.09456,0.00566
11.04,0,4.50121,1.50067,1.57201,0.49580,-0.00000,0.00000,
11.04,1,4.49627,0.36972,1.56272,0.54032,0.01130,0.13097,0.01983
11.04,2,4.38022,-0.72017,1.42942,0.51828,0.19335,0.09604,0.01684
11.06,0,4.50120,1.51059,1.57201,0.49577,-0.00000,0.00000,
11.06,1,4.49635,0.38007,1.56280,0.50344,0.00141,0.13053,0.02975
11.06,2,4.38176,-0.70954,1.43102,0.53636,0.03725,0.09562,0.02719
11.08,0,4.50119,1.52051,1.57201,0.49578,-0.00000,0.00000,
11.08,1,4.49643,0.38993,1.56289,0.49706,0.00687,0.13059,0.03966
11.08,2,4.38335,-0.69844,1.43144,0.56861,0.03159,0.09422,0.03705
11.1,0,4.50117,1.53042,1.57201,0.49578,-0.00000,0.00000,
11.1,1,4.49651,0.40015,1.56305,0.51742,0.00825,0.13028,0.04958
11.1,2,4.38489,-0.68741,1.43260,0.54294,0.07439,0.09328,0.04728
11.12,0,4.50116,1.54034,1.57201,0.49579,-0.00000,0.00000,
11.12,1,4.49659,0.41041,1.56320,0.50595,0.00714,0.12994,0.05950
11.12,2,4.38635,-0.67697,1.43390,0.53767,0.06260,0.09295,0.00509
11.14,0,4.50115,1.55025,1.57201,0.49578,-0.00000,0.00000,
11.14,1,4.49667,0.42033,1.56333,0.48943,0.00653,0.12993,0.06941
11.14,2,4.38794,-0.66597,1.43385,0.54734,-0.00200,0.09172,0.01502
11.16,0,4.50114,1.56017,1.57201,0.49578,-0.00000,0.00000,
11.16,1,4.49674,0.42980,1.56345,0.41037,0.00185,0.13038,0.07933
11.16,2,4.38931,-0.65611,1.43523,0.47544,0.10491,0.09121,0.02449
11.18,0,4.50113,1.57008,1.57201,0.49578,-0.00000,0.00000,
11.18,1,4.49681,0.43823,1.56354,0.43215,0.00682,0.13186,0.08924
11.18,2,4.39064,-0.64620,1.43691,0.51490,0.06825,0.08961,0.03292
11.2,0,4.50111,1.58000,1.57201,0.49578,-0.00000,0.00000,
11.2,1,4.49687,0.44700,1.56369,0.43952,0.00725,0.13301,0.09916
11.2,2,4.39200,-0.63598,1.43815,0.51032,0.06144,0.08804,0.04169
11.22,0,4.50110,1.58992,1.57201,0.49578,-0.00000,0.00000,
11.22,1,4.49693,0.45546,1.56383,0.42339,0.00635,0.13446,0.10907
11.22,2,4.39329,-0.62716,1.43976,0.28494,0.11804,0.08757,0.00413
11.24,0,4.50109,1.59983,1.57201,0.49578,-0.00000,0.00000,
11.24,1,4.49700,0.46432,1.56394,0.45139,0.00485,0.13552,0.11899
11.24,2,4.39446,-0.62320,1.44197,0.19352,0.10356,0.09234,0.01299
11.26,0,4.50108,1.60975,1.57201,0.49578,-0.00000,0.00000,
11.26,1,4.49706,0.47324,1.56404,0.43771,0.00542,0.13652,0.12891
11.26,2,4.39562,-0.62072,1.44246,0.11154,-0.06152,0.09865,0.02191
11.28,0,4.50107,1.61966,1.57201,0.49578,-0.00000,0.00000,
11.28,1,4.49711,0.48177,1.56415,0.41973,0.00554,0.13789,0.13882
11.28,2,4.39649,-0.61746,1.43842,0.23390,-0.11839,0.10383,0.03045
11.3,0,4.50105,1.62958,1.57201,0.49578,-0.00000,0.00000,
11.3,1,4.49717,0.49009,1.56426,0.41357,0.00520,0.13950,0.14874
11.3,2,4.39728,-0.61225,1.44102,0.28019,0.27578,0.10685,0.03876
11.32,0,4.50104,1.63949,1.57201,0.49578,-0.00000,0.00000,
11.32,1,4.49723,0.50195,1.56464,0.63926,0.02774,0.13755,0.00992
11.32,2,4.39807,-0.60713,1.45097,0.17380,1.37069,0.11351,0.00656
11.34,0,4.50103,1.64941,1.57201,0.49578,-0.00000,0.00000,
11.34,1,4.49730,0.51346,1.56527,0.56930,0.03073,0.13596,0.01983
11.34,2,4.39872,-0.60285,1.47411,0.36981,1.24653,0.12066,0.01807
11.36,0,4.50102,1.65932,1.57201,0.49578,-0.00000,0.00000,
11.36,1,4.49739,0.52480,1.56561,0.56298,0.00403,0.13454,0.02975
11.36,2,4.39983,-0.59230,1.48691,0.57426,0.26803,0.12135,0.02941
11.38,0,4.50101,1.66924,1.57201,0.49578,-0.00000,0.00000,
11.38,1,4.49744,0.53417,1.56553,0.45770,-0.00313,0.13508,0.03966
11.38,2,4.40109,-0.58229,1.49442,0.49407,0.39170,0.12061,0.03878
11.4,0,4.50099,1.67916,1.57201,0.49578,-0.00000,0.00000,
11.4,1,4.49748,0.54368,1.56556,0.48598,0.00468,0.13548,0.04958
11.4,2,4.40186,-0.57210,1.50193,0.53935,0.23640,0.11987,0.04829
11.42,0,4.50098,1.68907,1.57201,0.49578,-0.00000,0.00000,
11.42,1,4.49752,0.55301,1.56568,0.44527,0.00703,0.13607,0.05949
11.42,2,4.40269,-0.56055,1.50216,0.60168,-0.11331,0.11759,0.05762
11.44,0,4.50097,1.69899,1.57201,0.49578,-0.00000,0.00000,
11.44,1,4.49757,0.56300,1.56577,0.52971,0.00272,0.13599,0.06941
11.44,2,4.40356,-0.54857,1.49971,0.59151,-0.09539,0.11554,0.06761
11.46,0,4.50096,1.70890,1.57201,0.49578,-0.00000,0.00000,
11.46,1,4.49762,0.57358,1.56582,0.51821,0.00296,0.13532,0.07933
11.46,2,4.40441,-0.53711,1.49873,0.56204,-0.02133,0.11460,0.07820
11.48,0,4.50095,1.71882,1.57201,0.49578,-0.00000,0.00000,
11.48,1,4.49767,0.58317,1.56587,0.41313,0.00029,0.13565,0.08924
11.48,2,4.40520,-0.52679,1.49803,0.52200,-0.02582,0.11380,0.08778
11.5,0,4.50093,1.72873,1.57201,0.49578,-0.00000,0.00000,
11.5,1,4.49771,0.59160,1.56592,0.43137,0.00364,0.13714,0.09916
11.5,2,4.40598,-0.51626,1.49748,0.53022,-0.03117,0.11165,0.09622
11.52,0,4.50092,1.73865,1.57201,0.49578,-0.00000,0.00000,
11.52,1,4.49776,0.60049,1.56616,0.40649,0.01661,0.13817,0.00992
11.52,2,4.40676,-0.50576,1.49679,0.52137,-0.03624,0.10999,0.10510
11.54,0,4.50091,1.74857,1.57201,0.49578,-0.00000,0.00000,
11.54,1,4.49779,0.60912,1.56637,0.46622,0.00456,0.13945,0.01983
11.54,2,4.40752,-0.49551,1.49608,0.50834,-0.03427,0.10831,0.11374
11.56,0,4.50090,1.75848,1.57201,0.49578,-0.00000,0.00000,
11.56,1,4.49784,0.61875,1.56642,0.52996,0.00170,0.13973,0.02975
11.56,2,4.40827,-0.48547,1.49542,0.50001,-0.03202,0.10785,0.12337
11.58,0,4.50089,1.76840,1.57201,0.49578,-0.00000,0.00000,
11.58,1,4.49789,0.62990,1.56647,0.54277,0.00330,0.13850,0.03966
11.58,2,4.40902,-0.47557,1.49479,0.49391,-0.03116,0.10903,0.13451
11.6,0,4.50087,1.77831,1.57201,0.49578,-0.00000,0.00000,
11.6,1,4.49793,0.64071,1.56653,0.53385,0.00336,0.13761,0.04958
11.6,2,4.40976,-0.46579,1.49418,0.48692,-0.03039,0.11001,0.14533
11.62,0,4.50086,1.78823,1.57201,0.49578,-0.00000,0.00000,
11.62,1,4.49798,0.65477,1.56667,0.72511,0.01024,0.13346,0.00992
11.62,2,4.41050,-0.45522,1.49424,0.57084,0.16514,0.11344,0.00763
11.64,0,4.50085,1.79814,1.57201,0.49578,-0.00000,0.00000,
11.64,1,4.49803,0.66880,1.56689,0.70127,0.01119,0.12935,0.01983
11.64,2,4.41125,-0.44419,1.49351,0.55710,-0.01819,0.11637,0.02165
11.66,0,4.50084,1.80806,1.57201,0.49578,-0.00000,0.00000,
11.66,1,4.49808,0.68172,1.56702,0.52438,0.00094,0.12634,0.02975
11.66,2,4.41211,-0.43237,1.49420,0.65085,0.03177,0.11740,0.03457
11.68,0,4.50083,1.81775,1.57201,0.45956,0.00034,0.00000,
11.68,1,4.49812,0.69134,1.56704,0.48245,0.00255,0.12642,0.03944
11.68,2,4.41328,-0.41736,1.49388,0.78026,-0.01549,0.11194,0.04420
11.7,0,4.50081,1.82707,1.57201,0.47059,-0.00008,0.00000,
11.7,1,4.49816,0.70110,1.56711,0.49068,0.00331,0.12597,0.04875
11.7,2,4.41461,-0.40147,1.49145,0.81640,-0.21573,0.10573,0.05395
11.72,0,4.50080,1.83654,1.57201,0.47494,-0.00009,0.00000,
11.72,1,4.49819,0.71087,1.56717,0.48455,0.00241,0.12568,0.05823
11.72,2,4.41585,-0.38649,1.48916,0.65538,0.05835,0.10044,0.00487
11.74,0,4.50079,1.84580,1.57201,0.47490,-0.00007,0.00000,
11.74,1,4.49823,0.72042,1.56721,0.47236,0.00211,0.12538,0.06749
11.74,2,4.41687,-0.37625,1.49132,0.36339,0.02550,0.09968,0.01442
11.76,0,4.50078,1.85580,1.57201,0.51281,0.00013,0.00000,
11.76,1,4.49826,0.72977,1.56725,0.46387,0.00223,0.12604,0.07749
11.76,2,4.41787,-0.36904,1.49185,0.36338,0.02589,0.10174,0.02377
11.78,0,4.50077,1.86603,1.57201,0.50633,0.00001,0.00000,
11.78,1,4.49830,0.73898,1.56730,0.45810,0.00221,0.12706,0.08772
11.78,2,4.41895,-0.36169,1.49161,0.38836,-0.06121,0.10352,0.03298
11.8,0,4.50075,1.87600,1.57201,0.49341,-0.00003,0.00000,
11.8,1,4.49833,0.74807,1.56734,0.45184,0.00210,0.12793,0.09769
11.8,2,4.41971,-0.35366,1.49096,0.40777,0.01334,0.10453,0.04208
11.82,0,4.50074,1.88584,1.57201,0.49171,-0.00001,0.00000,
11.82,1,4.49836,0.75729,1.56751,0.41946,0.01175,0.12855,0.00983
11.82,2,4.42046,-0.34413,1.49123,0.51274,0.00922,0.10417,0.05129
11.84,0,4.50073,1.89571,1.57201,0.49503,0.00000,0.00000,
11.84,1,4.49838,0.76612,1.56766,0.47451,0.00304,0.12959,0.01970
11.84,2,4.42123,-0.33405,1.49133,0.48750,0.00430,0.10287,0.06012
11.86,0,4.50072,1.90563,1.57201,0.49644,-0.00000,0.00000,
11.86,1,4.49841,0.77629,1.56767,0.52562,-0.00000,0.12934,0.02962
11.86,2,4.42194,-0.32485,1.49146,0.44495,0.00877,0.10379,0.07029
11.88,0,4.50071,1.91555,1.57201,0.49586,-0.00001,0.00000,
11.88,1,4.49845,0.78670,1.56769,0.50933,0.00184,0.12886,0.03955
11.88,2,4.42262,-0.31610,1.49168,0.43806,0.01227,0.10540,0.08070
11.9,0,4.50069,1.92546,1.57201,0.49529,-0.00000,0.00000,
11.9,1,4.49848,0.79648,1.56774,0.48920,0.00252,0.12899,0.04946
11.9,2,4.42332,-0.30731,1.49193,0.44195,0.01154,0.10635,0.09048
11.92,0,4.50068,1.93537,1.57201,0.49530,-0.00000,0.00000,
11.92,1,4.49851,0.80936,1.56784,0.67023,0.00712,0.12601,0.00991
11.92,2,4.42400,-0.29789,1.49242,0.60850,0.17932,0.10976,0.00677
11.94,0,4.50067,1.94527,1.57201,0.49547,-0.00000,0.00000,
11.94,1,4.49854,0.82276,1.56799,0.67023,0.00712,0.12251,0.01981
11.94,2,4.42475,-0.28614,1.49592,0.54635,0.16806,0.11135,0.02017
11.96,0,4.50066,1.95518,1.57201,0.49551,-0.00000,0.00000,
11.96,1,4.49857,0.83500,1.56808,0.55707,0.00040,0.12018,0.02972
11.96,2,4.42559,-0.27505,1.50323,0.57251,0.27852,0.11244,0.03241
11.98,0,4.50065,1.96509,1.57201,0.49548,-0.00000,0.00000,
11.98,1,4.49860,0.84402,1.56804,0.45132,-0.00025,0.12107,0.03963
11.98,2,4.42653,-0.26361,1.50427,0.57549,0.12878,0.10997,0.04143
12.0,0,4.50063,1.97500,1.57201,0.49545,-0.00000,0.00000,
12.0,1,4.49862,0.85339,1.56808,0.47792,0.00278,0.12162,0.04954
12.0,2,4.42745,-0.25213,1.50756,0.54160,0.11985,0.10781,0.05080
12.02,0,4.50062,1.98491,1.57201,0.49546,-0.00000,0.00000,
12.02,1,4.49865,0.86292,1.56813,0.47148,0.00203,0.12199,0.05945
12.02,2,4.42832,-0.24080,1.50862,0.64557,0.04400,0.10596,0.00475
12.04,0,4.50061,1.99482,1.57201,0.49547,-0.00000,0.00000,
12.04,1,4.49867,0.87191,1.56817,0.47144,0.00131,0.12291,0.06936
12.04,2,4.42924,-0.22769,1.51273,0.64788,0.25717,0.10179,0.01374
12.06,0,4.50060,2.00473,1.57201,0.49547,-0.00000,0.00000,
12.06,1,4.49870,0.88178,1.56819,0.49997,0.00106,0.12295,0.07927
12.06,2,4.43000,-0.21590,1.51604,0.53751,0.04704,0.09983,0.02361
12.08,0,4.50059,2.01464,1.57201,0.49546,-0.00000,0.00000,
12.08,1,4.49873,0.89155,1.56822,0.47583,0.00148,0.12309,0.08918
12.08,2,4.43056,-0.20783,1.51516,0.39802,-0.04200,0.10149,0.03338
12.1,0,4.50057,2.02455,1.57201,0.49546,-0.00000,0.00000,
12.1,1,4.49875,0.90033,1.56824,0.38972,0.00022,0.12422,0.09909
12.1,2,4.43107,-0.19941,1.51466,0.43667,-0.01030,0.10182,0.04215
12.12,0,4.50056,2.03446,1.57201,0.49546,-0.00000,0.00000,
12.12,1,4.49877,0.90836,1.56826,0.41261,0.00167,0.12610,0.10900
12.12,2,4.43155,-0.19114,1.51483,0.41824,0.01084,0.10155,0.05019
12.14,0,4.50055,2.04437,1.57201,0.49546,-0.00000,0.00000,
12.14,1,4.49879,0.91673,1.56829,0.41838,0.00159,0.12764,0.11891
12.14,2,4.43209,-0.18166,1.51456,0.50164,-0.02653,0.10041,0.05855
12.16,0,4.50054,2.05428,1.57201,0.49546,-0.00000,0.00000,
12.16,1,4.49881,0.92493,1.56832,0.38981,0.00148,0.12935,0.12882
12.16,2,4.43264,-0.17180,1.51404,0.47776,-0.02154,0.09873,0.06676
12.18,0,4.50053,2.06419,1.57201,0.49546,-0.00000,0.00000,
12.18,1,4.49883,0.93288,1.56835,0.41540,0.00107,0.13131,0.13873
12.18,2,4.43316,-0.16292,1.51360,0.37329,-0.05196,0.09777,0.07471
12.2,0,4.50051,2.07410,1.57201,0.49546,-0.00000,0.00000,
12.2,1,4.49885,0.94132,1.56837,0.42124,0.00107,0.13277,0.14863
12.2,2,4.43363,-0.15576,1.51281,0.37452,-0.01463,0.09902,0.08315
12.22,0,4.50050,2.08400,1.57201,0.49546,-0.00000,0.00000,
12.22,1,4.49887,0.94955,1.56839,0.40286,0.00118,0.13445,0.15854
12.22,2,4.43411,-0.14724,1.51314,0.53449,0.06428,0.09871,0.00407
12.24,0,4.50049,2.09391,1.57201,0.49546,-0.00000,0.00000,
12.24,1,4.49889,0.95746,1.56841,0.39120,0.00113,0.13645,0.16845
12.24,2,4.43466,-0.13753,1.51407,0.47403,0.02510,0.09687,0.01198
12.26,0,4.50048,2.10382,1.57201,0.49546,-0.00000,0.00000,
12.26,1,4.49891,0.96525,1.56844,0.38795,0.00106,0.13858,0.17836
12.26,2,4.43508,-0.12808,1.51437,0.46902,-0.00237,0.09519,0.01976
12.28,0,4.50047,2.11373,1.57201,0.49546,-0.00000,0.00000,
12.28,1,4.49893,0.97235,1.56845,0.33329,0.00034,0.14138,0.18827
12.28,2,4.43552,-0.12070,1.51313,0.35266,-0.05458,0.09489,0.02686
12.3,0,4.50045,2.12364,1.57201,0.49546,-0.00000,0.00000,
12.3,1,4.49895,0.97921,1.56847,0.34855,0.00135,0.14443,0.19818
12.3,2,4.43603,-0.11339,1.51301,0.34937,0.03168,0.09441,0.03372
12.32,0,4.50044,2.13355,1.57201,0.49546,-0.00000,0.00000,
12.32,1,4.49896,0.98758,1.56859,0.40560,0.00870,0.14597,0.00991
12.32,2,4.43654,-0.10510,1.51366,0.55425,0.03592,0.09446,0.00406
12.34,0,4.50043,2.14346,1.57201,0.49546,-0.00000,0.00000,
12.34,1,4.49896,0.99446,1.56893,0.32485,0.05578,0.14900,0.01982
12.34,2,4.43708,-0.09398,1.51508,0.55336,0.07757,0.09019,0.01093
12.36,0,4.50042,2.15337,1.57201,0.49546,-0.00000,0.00000,
12.36,1,4.49896,1.00274,1.57043,0.49752,0.05439,0.15063,0.02973
12.36,2,4.43757,-0.08382,1.51628,0.49284,0.01702,0.08829,0.01922
12.38,0,4.50041,2.16328,1.57201,0.49546,-0.00000,0.00000,
12.38,1,4.49898,1.01384,1.57066,0.57471,-0.01404,0.14944,0.03964
12.38,2,4.43806,-0.07562,1.51543,0.33624,-0.07170,0.09116,0.03032
12.4,0,4.50039,2.17319,1.57201,0.49546,-0.00000,0.00000,
12.4,1,4.49899,1.02481,1.57031,0.53856,-0.01302,0.14838,0.04955
12.4,2,4.43853,-0.06861,1.51407,0.36305,-0.07192,0.09509,0.04128
12.42,0,4.50038,2.18310,1.57201,0.49546,-0.00000,0.00000,
12.42,1,4.49901,1.03817,1.57018,0.69711,-0.00425,0.14493,0.00991
12.42,2,4.43897,-0.05969,1.51385,0.64095,0.13862,0.09950,0.00697
12.44,0,4.50037,2.19301,1.57201,0.49546,-0.00000,0.00000,
12.44,1,4.49903,1.05211,1.57013,0.69573,0.00905,0.14090,0.01982
12.44,2,4.43941,-0.04875,1.51765,0.51432,0.20857,0.10247,0.02091
12.46,0,4.50036,2.20243,1.57237,0.33947,0.18333,0.00000,
12.46,1,4.49907,1.06498,1.57078,0.60093,0.02668,0.13745,0.02924
12.46,2,4.43993,-0.03844,1.52140,0.52373,0.10072,0.10501,0.03378
12.48,0,4.50060,2.20577,1.57999,0.10843,0.28641,0.00000,
12.48,1,4.49906,1.07452,1.57105,0.43150,0.00566,0.13126,0.03258
12.48,2,4.44071,-0.02718,1.51987,0.61584,-0.13873,0.10324,0.04332
12.5,0,4.50101,2.20730,1.58494,0.06412,0.23529,0.00000,
12.5,1,4.49901,1.08359,1.57199,0.46813,0.08354,0.12371,0.03412
12.5,2,4.44136,-0.01397,1.51790,0.67737,-0.05104,0.09907,0.05239
12.52,0,4.50147,2.20828,1.58952,0.01706,0.22909,0.00000,
12.52,1,4.49898,1.08953,1.57464,0.25795,0.17140,0.11875,0.00108
12.52,2,4.44201,-0.00216,1.51793,0.40656,0.08907,0.09318,0.00258
12.54,0,4.50133,2.20788,1.60514,-0.11393,2.19392,0.00000,
12.54,1,4.49889,1.09351,1.57633,0.11904,0.00751,0.11438,0.00067
12.54,2,4.44266,0.00384,1.51765,0.19642,-0.07845,0.09112,0.00656
12.56,0,4.50079,2.20658,1.65543,0.02294,2.44599,0.00000,
12.56,1,4.49887,1.09571,1.57552,0.12293,-0.05488,0.11088,0.00075
12.56,2,4.44330,0.00666,1.51552,0.13122,-0.11289,0.09046,0.00876
12.58,0,4.49977,2.20768,1.69293,0.08603,1.57012,0.00000,
12.58,1,4.49886,1.09819,1.57480,0.10714,-0.01893,0.10950,0.00131
12.58,2,4.44391,0.00856,1.51304,0.04652,-0.21312,0.09101,0.01124
12.6,0,4.49838,2.20994,1.72839,0.13907,1.63576,0.00000,
12.6,1,4.49885,1.10073,1.57464,0.16598,-0.00352,0.10921,0.00373
12.6,2,4.44471,0.00985,1.50349,0.10985,-0.53072,0.09222,0.01378
12.62,0,4.49752,2.21347,1.76139,0.21497,1.72670,0.00000,
12.62,1,4.49884,1.10297,1.57470,0.06407,0.00490,0.11050,0.00363
12.62,2,4.44511,0.01253,1.49942,0.18022,0.03915,0.09176,0.01602
12.64,0,4.49659,2.21824,1.79850,0.25985,1.94292,0.00000,
12.64,1,4.49883,1.10420,1.57479,0.05190,0.00302,0.11404,0.00849
12.64,2,4.44550,0.01708,1.50451,0.23843,0.32571,0.08843,0.01725
12.66,0,4.49539,2.22350,1.83806,0.27484,1.98088,0.00000,
12.66,1,4.49881,1.10613,1.57476,0.15448,-0.00543,0.11737,0.01388
12.66,2,4.44616,0.02217,1.50709,0.27343,-0.02908,0.08524,0.01918
12.68,0,4.49396,2.22871,1.87686,0.28142,1.92487,0.00000,
12.68,1,4.49878,1.10946,1.57456,0.16286,-0.01156,0.11927,0.01928
12.68,2,4.44663,0.02794,1.50571,0.29719,-0.05439,0.08277,0.02251
12.7,0,4.49215,2.23448,1.91533,0.31460,1.92107,0.00000,
12.7,1,4.49876,1.11368,1.57435,0.25746,-0.00844,0.12083,0.02532
12.7,2,4.44695,0.03372,1.50563,0.26511,0.02070,0.08120,0.02673
12.72,0,4.49003,2.24044,1.95346,0.32214,1.90769,0.00000,
12.72,1,4.49874,1.11905,1.57423,0.26143,-0.00509,0.12142,0.03162
12.72,2,4.44725,0.03997,1.50664,0.44411,0.08879,0.08031,0.00268
12.74,0,4.48754,2.24665,1.99190,0.34223,1.92882,0.00000,
12.74,1,4.49872,1.12380,1.57413,0.21909,-0.00551,0.12291,0.03827
12.74,2,4.44766,0.04936,1.50826,0.40609,0.08358,0.07565,0.00742
12.76,0,4.48475,2.25292,2.03015,0.34774,1.90639,0.00000,
12.76,1,4.49871,1.12798,1.57401,0.20623,-0.00604,0.12503,0.04509
12.76,2,4.44819,0.05688,1.50928,0.37218,0.02351,0.07229,0.01161
12.78,0,4.48154,2.25944,2.06865,0.37285,1.93287,0.00000,
12.78,1,4.49870,1.13174,1.57390,0.16431,-0.00501,0.12782,0.05228
12.78,2,4.44864,0.06316,1.50908,0.21744,-0.05645,0.06976,0.01537
12.8,0,4.47795,2.26612,2.10728,0.38301,1.92823,0.00000,
12.8,1,4.49869,1.13532,1.57379,0.18657,-0.00583,0.13099,0.05977
12.8,2,4.44902,0.06730,1.50822,0.22215,-0.06066,0.06917,0.01894
12.82,0,4.47405,2.27270,2.14543,0.37956,1.87372,0.00000,
12.82,1,4.49866,1.14218,1.57619,0.34366,0.19011,0.13079,0.00765
12.82,2,4.44934,0.07238,1.50804,0.25613,0.13340,0.07094,0.00375
12.84,0,4.46974,2.27937,2.18366,0.40906,1.93263,0.00000,
12.84,1,4.49862,1.14780,1.58006,0.26629,0.23415,0.13194,0.01559
12.84,2,4.44957,0.07641,1.51308,0.22119,0.27008,0.07252,0.00937
12.86,0,4.46497,2.28622,2.22241,0.42214,1.93540,0.00000,
12.86,1,4.49851,1.15446,1.58405,0.40083,0.10815,0.13226,0.02393
12.86,2,4.44995,0.08279,1.51562,0.36619,0.02840,0.07277,0.01604
12.88,0,4.45984,2.29301,2.26099,0.42675,1.92431,0.00000,
12.88,1,4.49841,1.16351,1.58427,0.47248,-0.03531,0.13015,0.03242
12.88,2,4.45040,0.09066,1.51553,0.42399,-0.01773,0.07393,0.02509
12.9,0,4.45439,2.29959,2.29858,0.44035,1.91806,0.00000,
12.9,1,4.49831,1.17264,1.58373,0.43625,-0.00886,0.12780,0.04093
12.9,2,4.45084,0.09898,1.51549,0.39969,0.01244,0.07471,0.03422
12.92,0,4.44842,2.30634,2.33732,0.45675,1.94189,0.00000,
12.92,1,4.49824,1.18046,1.58549,0.33094,-0.00528,0.12698,0.00902
12.92,2,4.45125,0.10752,1.51613,0.55050,0.06271,0.07397,0.00340
12.94,0,4.44206,2.31299,2.37602,0.46151,1.92842,0.00000,
12.94,1,4.49807,1.18751,1.58693,0.39453,0.13198,0.12688,0.01821
12.94,2,4.45178,0.11893,1.51764,0.52923,0.09305,0.06959,0.01045
12.96,0,4.43542,2.31944,2.41448,0.46442,1.92051,0.00000,
12.96,1,4.49795,1.19606,1.58899,0.46500,0.06219,0.12512,0.02747
12.96,2,4.45234,0.12880,1.52010,0.45484,0.09253,0.06823,0.01900
12.98,0,4.42849,2.32561,2.45217,0.46480,1.85165,0.00000,
12.98,1,4.49782,1.20543,1.58967,0.43286,0.02007,0.12232,0.03672
12.98,2,4.45276,0.13621,1.52039,0.26205,-0.04826,0.07017,0.02837
13.0,0,4.42110,2.33171,2.48700,0.48747,1.50260,0.00000,
13.0,1,4.49766,1.21436,1.59025,0.47982,0.04066,0.11997,0.04627
13.0,2,4.45318,0.14125,1.51846,0.26138,-0.09421,0.07403,0.03730
13.02,0,4.41341,2.33765,2.51155,0.47993,1.08950,0.00000,
13.02,1,4.49747,1.22420,1.59119,0.48992,0.04811,0.11662,0.05593
13.02,2,4.45352,0.14706,1.51791,0.31429,0.02332,0.07803,0.04714
13.04,0,4.40582,2.34320,2.53352,0.46429,1.13768,0.00000,
13.04,1,4.49728,1.23365,1.59208,0.45862,0.04064,0.11331,0.06528
13.04,2,4.45384,0.15316,1.51907,0.33842,0.05177,0.08137,0.05660
13.06,0,4.39821,2.34851,2.55695,0.46534,1.17637,0.00000,
13.06,1,4.49709,1.24189,1.59298,0.38318,0.04593,0.11103,0.07449
13.06,2,4.45422,0.16065,1.51952,0.38598,0.00593,0.08209,0.06484
13.08,0,4.39039,2.35371,2.57971,0.47329,1.09948,0.00000,
13.08,1,4.49691,1.24983,1.59374,0.40708,0.03363,0.10901,0.08382
13.08,2,4.45459,0.16801,1.51962,0.34977,0.00867,0.08265,0.07278
13.1,0,4.38235,2.35879,2.60093,0.47613,1.03766,0.00000,
13.1,1,4.49672,1.25802,1.59440,0.40757,0.03353,0.10669,0.09325
13.1,2,4.45493,0.17466,1.51991,0.32380,0.01834,0.08417,0.08097
13.12,0,4.37419,2.36370,2.62134,0.47572,1.00762,0.00000,
13.12,1,4.49653,1.26602,1.59509,0.39350,0.03491,0.10448,0.10268
13.12,2,4.45526,0.18153,1.52079,0.34878,0.13369,0.08527,0.00396
13.14,0,4.36594,2.36844,2.64114,0.47629,0.97371,0.00000,
13.14,1,4.49634,1.27365,1.59574,0.39624,0.03409,0.10253,0.11209
13.14,2,4.45556,0.18794,1.52387,0.33038,0.10909,0.08647,0.01159
13.16,0,4.35757,2.37302,2.66018,0.47783,0.93443,0.00000,
13.16,1,4.49614,1.28181,1.59643,0.41132,0.03397,0.09998,0.12152
13.16,2,4.45589,0.19535,1.52453,0.39987,-0.00999,0.08721,0.01976
13.18,0,4.34948,2.37738,2.67760,0.45297,0.88572,0.00000,
13.18,1,4.49593,1.28987,1.59708,0.39487,0.03129,0.09732,0.13061
13.18,2,4.45627,0.20356,1.52428,0.41025,-0.00277,0.08704,0.02783
13.2,0,4.34133,2.38151,2.69575,0.45958,0.89895,0.00000,
13.2,1,4.49573,1.29760,1.59769,0.38096,0.02994,0.09485,0.13962
13.2,2,4.45663,0.21148,1.52455,0.38468,0.02285,0.08682,0.03555
13.22,0,4.33301,2.38551,2.71290,0.46205,0.82523,0.00000,
13.22,1,4.49560,1.30621,1.61785,0.43397,1.52339,0.09147,0.00923
13.22,2,4.45698,0.21898,1.52501,0.37079,0.02112,0.08791,0.04417
13.24,0,4.32465,2.38934,2.72899,0.44756,0.81290,0.00000,
13.24,1,4.49516,1.31466,1.64093,0.42308,0.62674,0.08812,0.01843
13.24,2,4.45732,0.22637,1.52536,0.36965,0.01470,0.08895,0.05263
13.26,0,4.31620,2.39306,2.74506,0.48218,0.77414,0.00000,
13.26,1,4.49465,1.32343,1.64276,0.44997,-0.14261,0.08442,0.02766
13.26,2,4.45765,0.23374,1.52564,0.36724,0.01426,0.09032,0.06140
13.28,0,4.30710,2.39688,2.76000,0.49687,0.72849,0.00000,
13.28,1,4.49406,1.33244,1.64141,0.44831,0.05075,0.08074,0.03753
13.28,2,4.45798,0.24101,1.52594,0.36090,0.01502,0.09203,0.07043
13.3,0,4.29796,2.40055,2.77431,0.48827,0.70701,0.00000,
13.3,1,4.49346,1.34121,1.64470,0.43315,0.21572,0.07723,0.04737
13.3,2,4.45830,0.24815,1.52623,0.35440,0.01451,0.09363,0.07922
13.32,0,4.28891,2.40403,2.78822,0.48249,0.68505,0.00000,
13.32,1,4.49262,1.35246,1.65275,0.59821,0.26655,0.07112,0.00969
13.32,2,4.45862,0.25517,1.52651,0.34912,0.01373,0.09782,0.09049
13.34,0,4.27985,2.40737,2.80163,0.48380,0.65808,0.00000,
13.34,1,4.49172,1.36424,1.65796,0.55050,0.22635,0.06443,0.01934
13.34,2,4.45892,0.26209,1.52678,0.34419,0.01324,0.10264,0.10231
13.36,0,4.27070,2.41061,2.81450,0.48633,0.63208,0.00000,
13.36,1,4.49078,1.37502,1.66183,0.53711,0.17809,0.05872,0.02905
13.36,2,4.45922,0.26891,1.52704,0.33904,0.01285,0.10656,0.11311
13.38,0,4.26148,2.41374,2.82688,0.48722,0.60835,0.00000,
13.38,1,4.48983,1.38309,1.66730,0.39357,0.27480,0.05564,0.03879
13.38,2,4.45952,0.27563,1.52729,0.33384,0.01240,0.10788,0.12123
13.4,0,4.25221,2.41676,2.83879,0.48725,0.58590,0.00000,
13.4,1,4.48892,1.39114,1.67255,0.41537,0.21969,0.05258,0.04853
13.4,2,4.45981,0.28224,1.52754,0.32879,0.01196,0.10928,0.12931
13.42,0,4.24291,2.41966,2.85027,0.48745,0.56392,0.00000,
13.42,1,4.48785,1.40112,1.68542,0.50619,0.75985,0.04758,0.00975
13.42,2,4.46009,0.28947,1.52821,0.44831,0.18262,0.11200,0.00532
13.44,0,4.23357,2.42247,2.86131,0.48790,0.54272,0.00000,
13.44,1,4.48666,1.41112,1.69562,0.51500,0.29147,0.04253,0.01950
13.44,2,4.46037,0.29819,1.53279,0.40715,0.20706,0.11325,0.01538
13.46,0,4.22419,2.42517,2.87194,0.48835,0.52241,0.00000,
13.46,1,4.48543,1.42102,1.69858,0.47982,0.10401,0.03757,0.02926
13.46,2,4.46068,0.30712,1.53459,0.52533,-0.00444,0.11418,0.02536
13.48,0,4.21477,2.42777,2.88218,0.48869,0.50288,0.00000,
13.48,1,4.48426,1.42937,1.70234,0.36071,0.26158,0.03413,0.03903
13.48,2,4.46112,0.31858,1.53401,0.58511,-0.01927,0.11103,0.03379
13.5,0,4.20532,2.43028,2.89203,0.48899,0.48407,0.00000,
13.5,1,4.48318,1.43688,1.70664,0.39390,0.18650,0.03153,0.04881
13.5,2,4.46154,0.32972,1.53426,0.52939,0.03237,0.10737,0.04137
13.52,0,4.19584,2.43269,2.90151,0.48927,0.46598,0.00000,
13.52,1,4.48174,1.44661,1.71997,0.51222,0.80978,0.02670,0.00978
13.52,2,4.46191,0.33982,1.53497,0.49313,0.03251,0.10697,0.05120
13.54,0,4.18633,2.43502,2.91064,0.48955,0.44897,0.00000,
13.54,1,4.48019,1.45571,1.73023,0.45732,0.37256,0.02245,0.01957
13.54,2,4.46226,0.34950,1.53542,0.45559,0.00886,0.10636,0.06044
13.56,0,4.17680,2.43726,2.91943,0.48981,0.43217,0.00000,
13.56,1,4.47867,1.46469,1.73547,0.45311,0.19446,0.01835,0.02936
13.56,2,4.46260,0.35881,1.53574,0.47307,0.02143,0.10599,0.06954
13.58,0,4.16724,2.43942,2.92789,0.49004,0.41555,0.00000,
13.58,1,4.47725,1.47164,1.74175,0.34791,0.32540,0.01623,0.03916
13.58,2,4.46294,0.36829,1.53622,0.47174,0.02398,0.10344,0.07662
13.6,0,4.15766,2.44150,2.93603,0.49025,0.39961,0.00000,
13.6,1,4.47591,1.47874,1.74737,0.37166,0.23068,0.01400,0.04896
13.6,2,4.46326,0.37757,1.53665,0.45817,0.02007,0.10124,0.08384
13.62,0,4.14806,2.44350,2.94385,0.49044,0.38436,0.00000,
13.62,1,4.47429,1.48721,1.75863,0.44221,0.45382,0.01041,0.00981
13.62,2,4.46356,0.38683,1.53792,0.54303,0.19105,0.10043,0.00438
13.64,0,4.13844,2.44543,2.95138,0.49062,0.36969,0.00000,
13.64,1,4.47266,1.49623,1.76376,0.45800,0.21365,0.00632,0.01962
13.64,2,4.46393,0.39811,1.54202,0.50307,0.16909,0.09815,0.01354
13.66,0,4.12880,2.44729,2.95861,0.49079,0.35556,0.00000,
13.66,1,4.47096,1.50487,1.76825,0.42461,0.23819,0.00261,0.02943
13.66,2,4.46430,0.40789,1.54282,0.49901,-0.04372,0.09700,0.02235
13.68,0,4.11915,2.44907,2.96557,0.49095,0.34197,0.00000,
13.68,1,4.46929,1.51276,1.77371,0.34756,0.38567,0.00036,0.03925
13.68,2,4.46461,0.41741,1.54207,0.38679,-0.02901,0.09536,0.03041
13.7,0,4.10948,2.45079,2.97227,0.49109,0.32891,0.00000,
13.7,1,4.46775,1.51937,1.78017,0.35482,0.23462,0.00205,0.04907
13.7,2,4.46487,0.42537,1.54255,0.40957,0.05583,0.09401,0.03720
13.72,0,4.09979,2.45245,2.97871,0.49122,0.31634,0.00000,
13.72,1,4.46578,1.52819,1.79399,0.47140,0.79361,0.00592,0.00982
13.72,2,4.46512,0.43371,1.54375,0.41938,0.05335,0.09448,0.04623
13.74,0,4.09010,2.45404,2.98490,0.49134,0.30425,0.00000,
13.74,1,4.46379,1.53653,1.80391,0.43728,0.39871,0.00931,0.01965
13.74,2,4.46535,0.44198,1.54455,0.40690,0.03158,0.09455,0.05480
13.76,0,4.08039,2.45557,2.99086,0.49146,0.29263,0.00000,
13.76,1,4.46172,1.54506,1.81099,0.43570,0.30072,0.01286,0.02948
13.76,2,4.46556,0.44983,1.54519,0.40737,0.03064,0.09524,0.06358
13.78,0,4.07067,2.45705,2.99659,0.49156,0.28145,0.00000,
13.78,1,4.45983,1.55155,1.81966,0.30438,0.44585,0.01441,0.03931
13.78,2,4.46578,0.45822,1.54582,0.42242,0.03262,0.09334,0.07032
13.8,0,4.06094,2.45847,3.00210,0.49166,0.27070,0.00000,
13.8,1,4.45811,1.55760,1.82684,0.32682,0.26382,0.01546,0.04914
13.8,2,4.46598,0.46650,1.54648,0.40571,0.03325,0.09113,0.07660
13.82,0,4.05120,2.45984,3.00740,0.49175,0.26036,0.00000,
13.82,1,4.45602,1.56510,1.83715,0.39802,0.33493,0.01794,0.00983
13.82,2,4.46618,0.47444,1.54713,0.39159,0.03147,0.09071,0.08438
13.84,0,4.04146,2.46115,3.01249,0.49183,0.25041,0.00000,
13.84,1,4.45386,1.57301,1.84100,0.40869,0.18983,0.02078,0.01967
13.84,2,4.46636,0.48221,1.54774,0.38744,0.02998,0.09087,0.09258
13.86,0,4.03170,2.46242,3.01740,0.49191,0.24084,0.00000,
13.86,1,4.45169,1.58065,1.84601,0.38724,0.29360,0.02332,0.02951
13.86,2,4.46654,0.48993,1.54833,0.38427,0.02910,0.09083,0.10051
13.88,0,4.02194,2.46364,3.02211,0.49198,0.23164,0.00000,
13.88,1,4.44959,1.58795,1.85224,0.37577,0.31269,0.02546,0.03935
13.88,2,4.46671,0.49701,1.54884,0.35737,0.02831,0.09107,0.10810
13.9,0,4.01217,2.46481,3.02665,0.49204,0.22280,0.00000,
13.9,1,4.44750,1.59514,1.85822,0.37416,0.28710,0.02746,0.04919
13.9,2,4.46687,0.50419,1.54943,0.35806,0.02882,0.09113,0.11558
13.92,0,4.00239,2.46594,3.03101,0.49210,0.21428,0.00000,
13.92,1,4.44482,1.60411,1.87395,0.51192,0.95809,0.03124,0.00984
13.92,2,4.46702,0.51127,1.54997,0.35035,0.02607,0.09307,0.12493
13.94,0,3.99261,2.46703,3.03520,0.49216,0.20610,0.00000,
13.94,1,4.44206,1.61315,1.88715,0.42518,0.37796,0.03505,0.01968
13.94,2,4.46716,0.51818,1.55048,0.34278,0.02490,0.09525,0.13437
13.96,0,3.98282,2.46807,3.03924,0.49221,0.19823,0.00000,
13.96,1,4.43977,1.62032,1.89148,0.34983,0.17449,0.03694,0.02953
13.96,2,4.46730,0.52487,1.55095,0.31078,0.02007,0.09580,0.14189
13.98,0,3.97303,2.46908,3.04312,0.49226,0.19065,0.00000,
13.98,1,4.43773,1.62617,1.89756,0.29668,0.34651,0.03748,0.03937
13.98,2,4.46743,0.53116,1.55141,0.31756,0.02442,0.09541,0.14806
14.0,0,3.96333,2.47004,3.04697,0.48848,0.19026,0.00000,
14.0,1,4.43563,1.63220,1.90344,0.33299,0.26571,0.03821,0.04911
14.0,2,4.46756,0.53752,1.55190,0.31639,0.02381,0.09515,0.15443
14.02,0,3.95332,2.47099,3.05053,0.51116,0.17129,0.00000,
14.02,1,4.43285,1.63985,1.91793,0.40123,0.73907,0.04045,0.01006
14.02,2,4.46766,0.54470,1.55436,0.45356,0.49010,0.09571,0.00428
14.04,0,3.94312,2.47192,3.05391,0.51026,0.16774,0.00000,
14.04,1,4.42992,1.64710,1.92718,0.39122,0.37157,0.04225,0.02030
14.04,2,4.46772,0.55341,1.56535,0.42068,0.45157,0.09435,0.01210
14.06,0,3.93303,2.47281,3.05723,0.50340,0.16403,0.00000,
14.06,1,4.42714,1.65428,1.93336,0.37852,0.27876,0.04389,0.03043
14.06,2,4.46772,0.56189,1.57234,0.43080,0.18428,0.09314,0.01979
14.08,0,3.92303,2.47365,3.06044,0.50180,0.15729,0.00000,
14.08,1,4.42464,1.66047,1.94042,0.31076,0.35744,0.04455,0.04047
14.08,2,4.46769,0.57068,1.57305,0.44334,-0.02739,0.09065,0.02647
14.1,0,3.91301,2.47447,3.06351,0.50339,0.15073,0.00000,
14.1,1,4.42228,1.66641,1.94628,0.32482,0.26402,0.04485,0.05052
14.1,2,4.46767,0.57948,1.57297,0.43510,0.03076,0.08788,0.03286
14.12,0,3.90353,2.47524,3.06622,0.47262,0.14150,0.00000,
14.12,1,4.41894,1.67487,1.95819,0.47788,0.49811,0.04804,0.00951
14.12,2,4.46765,0.58804,1.57425,0.42308,0.07898,0.08793,0.04196
14.14,0,3.89399,2.47597,3.06918,0.48161,0.14762,0.00000,
14.14,1,4.41538,1.68237,1.96298,0.40331,0.20088,0.05045,0.01908
14.14,2,4.46762,0.59588,1.57575,0.39212,0.06583,0.08774,0.05024
14.16,0,3.88437,2.47668,3.07198,0.48160,0.13368,0.00000,
14.16,1,4.41210,1.68971,1.96832,0.39839,0.32374,0.05247,0.02872
14.16,2,4.46758,0.60380,1.57687,0.39679,0.05040,0.08733,0.05828
14.18,0,3.87480,2.47735,3.07456,0.47875,0.12668,0.00000,
14.18,1,4.40945,1.69539,1.97738,0.30273,0.39356,0.05273,0.03832
14.18,2,4.46753,0.61166,1.57787,0.38944,0.05092,0.08528,0.06454
14.2,0,3.86534,2.47798,3.07717,0.48670,0.12397,0.00000,
14.2,1,4.40693,1.70110,1.98349,0.31695,0.27031,0.05297,0.04780
14.2,2,4.46748,0.61917,1.57893,0.35114,0.05476,0.08363,0.07078
14.22,0,3.85553,2.47862,3.07962,0.49274,0.12337,0.00000,
14.22,1,4.40406,1.70730,1.99646,0.34561,0.63155,0.05353,0.00983
14.22,2,4.46742,0.62625,1.57997,0.35733,0.04996,0.08290,0.07761
14.24,0,3.84541,2.47925,3.08194,0.51383,0.11166,0.00000,
14.24,1,4.40114,1.71396,2.00441,0.37084,0.26775,0.05422,0.01997
14.24,2,4.46735,0.63341,1.58093,0.35610,0.04690,0.08258,0.08488
14.26,0,3.83518,2.47986,3.08414,0.50917,0.10955,0.00000,
14.26,1,4.39808,1.72056,2.00968,0.35468,0.29560,0.05481,0.03022
14.26,2,4.46728,0.64044,1.58185,0.34791,0.04590,0.08234,0.09215
14.28,0,3.82510,2.48044,3.08631,0.50170,0.10702,0.00000,
14.28,1,4.39513,1.72679,2.01659,0.33829,0.37248,0.05506,0.04031
14.28,2,4.46720,0.64732,1.58276,0.34091,0.04480,0.08187,0.09904
14.3,0,3.81510,2.48099,3.08840,0.50099,0.10260,0.00000,
14.3,1,4.39222,1.73284,2.02400,0.33526,0.35914,0.05512,0.05033
14.3,2,4.46712,0.65401,1.58363,0.33132,0.04257,0.08143,0.10575
14.32,0,3.80507,2.48152,3.09040,0.50300,0.09835,0.00000,
14.32,1,4.38954,1.73823,2.03151,0.30245,0.32745,0.05443,0.06037
14.32,2,4.46704,0.66063,1.58742,0.31054,0.57266,0.08038,0.00301
14.34,0,3.79501,2.48204,3.09233,0.50377,0.09467,0.00000,
14.34,1,4.38683,1.74367,2.03751,0.30380,0.29139,0.05373,0.07044
14.34,2,4.46693,0.66664,1.59918,0.30415,0.39841,0.08001,0.00909
14.36,0,3.78546,2.48253,3.09404,0.47047,0.08693,0.00000,
14.36,1,4.38412,1.74903,2.04345,0.29670,0.30204,0.05321,0.08000
14.36,2,4.46676,0.67300,1.60171,0.32740,-0.02168,0.07920,0.01510
14.38,0,3.77595,2.48299,3.09588,0.48010,0.09289,0.00000,
14.38,1,4.38146,1.75425,2.04949,0.29014,0.29893,0.05252,0.08953
14.38,2,4.46656,0.67958,1.60123,0.32689,0.01528,0.07803,0.02095
14.4,0,3.76633,2.48343,3.09765,0.48113,0.08434,0.00000,
14.4,1,4.37881,1.75936,2.05532,0.28625,0.28523,0.05163,0.09916
14.4,2,4.46636,0.68598,1.60270,0.31446,0.10532,0.07695,0.02671
14.42,0,3.75675,2.48386,3.09927,0.47837,0.07940,0.00000,
14.42,1,4.37616,1.76439,2.06089,0.28270,0.27386,0.05063,0.10875
14.42,2,4.46615,0.69182,1.60586,0.34248,0.25313,0.07634,0.00283
14.44,0,3.74733,2.48426,3.10096,0.49649,0.07695,0.00000,
14.44,1,4.37352,1.76934,2.06627,0.27849,0.26495,0.04962,0.11817
14.44,2,4.46588,0.69912,1.61047,0.33959,0.16172,0.07420,0.00844
14.46,0,3.73707,2.48467,3.10242,0.51925,0.07162,0.00000,
14.46,1,4.37089,1.77420,2.07147,0.27414,0.25592,0.04789,0.12844
14.46,2,4.46565,0.70515,1.61214,0.31202,0.05257,0.07324,0.01396
14.48,0,3.72680,2.48508,3.10386,0.50755,0.07221,0.00000,
14.48,1,4.36828,1.77897,2.07649,0.27003,0.24675,0.04602,0.13871
14.48,2,4.46538,0.71169,1.61335,0.33290,0.07359,0.07168,0.01940
14.5,0,3.71679,2.48545,3.10529,0.49762,0.07013,0.00000,
14.5,1,4.36569,1.78365,2.08133,0.26606,0.23801,0.04418,0.14874
14.5,2,4.46510,0.71790,1.61519,0.24503,0.12166,0.07038,0.02476
14.52,0,3.70685,2.48581,3.10665,0.49830,0.06681,0.00000,
14.52,1,4.36203,1.79084,2.07908,0.42005,-0.24874,0.04488,0.00995
14.52,2,4.46484,0.72403,1.61755,0.44292,0.18179,0.07175,0.00438
14.54,0,3.69685,2.48616,3.10796,0.50139,0.06412,0.00000,
14.54,1,4.35798,1.79786,2.07412,0.40791,-0.20378,0.04562,0.01995
14.54,2,4.46453,0.73257,1.61790,0.36756,0.10370,0.07061,0.01248
14.56,0,3.68682,2.48650,3.10921,0.50205,0.06181,0.00000,
14.56,1,4.35396,1.80472,2.07509,0.40168,0.40310,0.04611,0.02999
14.56,2,4.46412,0.74059,1.62175,0.45863,0.19465,0.06981,0.02042
14.58,0,3.67679,2.48683,3.11042,0.50134,0.05949,0.00000,
14.58,1,4.35043,1.81125,2.08800,0.31868,0.71001,0.04596,0.04002
14.58,2,4.46362,0.75036,1.62430,0.49329,0.08069,0.06691,0.02785
14.6,0,3.66721,2.48713,3.11150,0.46708,0.05323,0.00000,
14.6,1,4.34737,1.81682,2.09945,0.31789,0.47049,0.04504,0.04961
14.6,2,4.46314,0.75813,1.62663,0.37714,0.09586,0.06500,0.03420
14.62,0,3.65775,2.48743,3.11265,0.47766,0.05832,0.00000,
14.62,1,4.34421,1.82233,2.10801,0.31663,0.41948,0.04418,0.05908
14.62,2,4.46271,0.76471,1.62361,0.21081,-0.81149,0.06424,0.00317
14.64,0,3.64816,2.48771,3.11376,0.47958,0.05327,0.00000,
14.64,1,4.34102,1.82773,2.11668,0.31073,0.44318,0.04312,0.06866
14.64,2,4.46230,0.76877,1.60777,0.16464,-0.67726,0.06588,0.00944
14.66,0,3.63875,2.48797,3.11483,0.45173,0.05707,0.00000,
14.66,1,4.33785,1.83291,2.12484,0.31522,0.44058,0.04196,0.07807
14.66,2,4.46202,0.77202,1.60412,0.20979,0.15794,0.06814,0.01552
14.68,0,3.62905,2.48823,3.11583,0.50749,0.04655,0.00000,
14.68,1,4.33443,1.83842,2.13387,0.32580,0.44414,0.04093,0.08778
14.68,2,4.46183,0.77649,1.60938,0.21765,0.15646,0.06954,0.02200
14.7,0,3.61874,2.48850,3.11674,0.51580,0.04565,0.00000,
14.7,1,4.33102,1.84382,2.14228,0.31297,0.40268,0.03930,0.09809
14.7,2,4.46154,0.78097,1.61008,0.23943,0.16412,0.07084,0.02838
14.72,0,3.60858,2.48875,3.11766,0.50177,0.04574,0.00000,
14.72,1,4.32696,1.85048,2.13302,0.39848,-0.84067,0.03904,0.01016
14.72,2,4.46123,0.78704,1.61488,0.35564,0.27072,0.07189,0.00399
14.74,0,3.59864,2.48899,3.11856,0.49543,0.04390,0.00000,
14.74,1,4.32297,1.85695,2.12064,0.38846,-0.15978,0.03869,0.02011
14.74,2,4.46096,0.79397,1.61982,0.34719,0.20163,0.07190,0.01159
14.76,0,3.58871,2.48921,3.11941,0.49778,0.04185,0.00000,
14.76,1,4.31866,1.86393,2.13125,0.41778,0.88727,0.03885,0.03004
14.76,2,4.46061,0.80165,1.62294,0.39198,0.12810,0.07173,0.01979
14.78,0,3.57873,2.48944,3.12023,0.50028,0.04028,0.00000,
14.78,1,4.31446,1.87074,2.14826,0.34635,0.75357,0.03870,0.04002
14.78,2,4.46019,0.80979,1.62556,0.42422,0.14175,0.07091,0.02779
14.8,0,3.56872,2.48965,3.12102,0.50029,0.03882,0.00000,
14.8,1,4.31080,1.87650,2.16031,0.33850,0.50710,0.03738,0.05003
14.8,2,4.45973,0.81818,1.62855,0.41002,0.15133,0.06875,0.03461
14.82,0,3.55873,2.48986,3.12178,0.49956,0.03734,0.00000,
14.82,1,4.30614,1.88342,2.17707,0.44847,0.91651,0.03751,0.01000
14.82,2,4.45925,0.82727,1.63248,0.60318,0.31469,0.06719,0.00447
14.84,0,3.54874,2.49005,3.12251,0.49936,0.03589,0.00000,
14.84,1,4.30157,1.88993,2.18817,0.39125,0.47878,0.03724,0.01999
14.84,2,4.45871,0.83972,1.63690,0.55696,0.23461,0.06190,0.01243
14.86,0,3.53875,2.49024,3.12322,0.49952,0.03452,0.00000,
14.86,1,4.29695,1.89641,2.19897,0.39838,0.56932,0.03694,0.02997
14.86,2,4.45797,0.85017,1.64102,0.51121,0.15028,0.05856,0.02039
14.88,0,3.52899,2.49043,3.12386,0.46280,0.02859,0.00000,
14.88,1,4.29253,1.90251,2.21001,0.34336,0.52018,0.03634,0.03974
14.88,2,4.45722,0.85774,1.64484,0.30203,0.19459,0.05767,0.02792
14.9,0,3.51961,2.49060,3.12449,0.47397,0.03350,0.00000,
14.9,1,4.28850,1.90798,2.22009,0.33866,0.49849,0.03531,0.04912
14.9,2,4.45650,0.86381,1.64877,0.31448,0.19080,0.05760,0.03471
14.92,0,3.51007,2.49076,3.12515,0.47841,0.03159,0.00000,
14.92,1,4.28371,1.91423,2.23758,0.42126,0.99747,0.03516,0.00954
14.92,2,4.45590,0.87061,1.65299,0.35527,0.32532,0.05774,0.00416
14.94,0,3.50062,2.49092,3.12577,0.44397,0.03402,0.00000,
14.94,1,4.27879,1.92052,2.25260,0.37131,0.54186,0.03517,0.01899
14.94,2,4.45523,0.87858,1.65930,0.43989,0.25306,0.05678,0.01215
14.96,0,3.49105,2.49107,3.12636,0.50293,0.02709,0.00000,
14.96,1,4.27452,1.92584,2.26115,0.32356,0.39719,0.03392,0.02856
14.96,2,4.45452,0.88718,1.66256,0.40424,0.11019,0.05414,0.01897
14.98,0,3.48077,2.49123,3.12689,0.51563,0.02633,0.00000,
14.98,1,4.27045,1.93079,2.26990,0.32265,0.47363,0.03166,0.03884
14.98,2,4.45384,0.89493,1.66487,0.37948,0.12935,0.05196,0.02537
15.0,0,3.47061,2.49138,3.12742,0.50189,0.02655,0.00000,
15.0,1,4.26622,1.93581,2.27970,0.33186,0.48962,0.02961,0.04901
15.0,2,4.45314,0.90240,1.66773,0.37386,0.14853,0.05018,0.03194
15.02,0,3.46067,2.49152,3.12794,0.49433,0.02554,0.00000,
15.02,1,4.26035,1.94252,2.27812,0.48305,-0.32874,0.03001,0.00993
15.02,2,4.45243,0.90945,1.67172,0.29996,0.30421,0.05077,0.00482
15.04,0,3.45077,2.49165,3.12844,0.49626,0.02431,0.00000,
15.04,1,4.25436,1.94950,2.27199,0.41350,-0.25441,0.03063,0.01983
15.04,2,4.45174,0.91529,1.67618,0.30492,0.25676,0.05288,0.01402
15.06,0,3.44082,2.49178,3.12891,0.49900,0.02339,0.00000,
15.06,1,4.24943,1.95565,2.27106,0.39236,0.23568,0.02980,0.02979
15.06,2,4.45096,0.92232,1.68060,0.39402,0.17274,0.05279,0.02190
15.08,0,3.43083,2.49191,3.12937,0.49920,0.02255,0.00000,
15.08,1,4.24531,1.96064,2.27887,0.29142,0.48371,0.02757,0.03978
15.08,2,4.45008,0.93039,1.68321,0.37801,0.09092,0.05040,0.02837
15.1,0,3.42086,2.49203,3.12981,0.49845,0.02169,0.00000,
15.1,1,4.24158,1.96520,2.28887,0.29919,0.47557,0.02473,0.04975
15.1,2,4.44916,0.93864,1.68573,0.43465,0.15147,0.04734,0.03426
15.12,0,3.41089,2.49215,3.13024,0.49819,0.02085,0.00000,
15.12,1,4.23606,1.97117,2.30023,0.41319,0.31773,0.02413,0.00997
15.12,2,4.44817,0.94723,1.68890,0.42367,0.15483,0.04568,0.04239
15.14,0,3.40093,2.49226,3.13064,0.49834,0.02006,0.00000,
15.14,1,4.23037,1.97717,2.30661,0.41143,0.33241,0.02363,0.01993
15.14,2,4.44721,0.95535,1.69175,0.39813,0.13403,0.04458,0.05064
15.16,0,3.39096,2.49237,3.13104,0.49845,0.01929,0.00000,
15.16,1,4.22524,1.98308,2.31362,0.38787,0.42694,0.02256,0.02990
15.16,2,4.44627,0.96314,1.69433,0.39021,0.12684,0.04362,0.05847
15.18,0,3.38099,2.49248,3.13142,0.49844,0.01856,0.00000,
15.18,1,4.22021,1.98857,2.32394,0.35021,0.54005,0.02112,0.03987
15.18,2,4.44530,0.97088,1.69686,0.38970,0.12601,0.04229,0.06591
15.2,0,3.37102,2.49258,3.13178,0.49841,0.01785,0.00000,
15.2,1,4.21537,1.99370,2.33529,0.35300,0.56174,0.01928,0.04984
15.2,2,4.44433,0.97851,1.69943,0.35411,0.16426,0.04069,0.07296
15.22,0,3.36106,2.49268,3.13213,0.49840,0.01717,0.00000,
15.22,1,4.20860,2.00054,2.34869,0.52557,0.58928,0.01993,0.00997
15.22,2,4.44344,0.98546,1.70414,0.34600,0.49390,0.04189,0.00523
15.24,0,3.35152,2.49277,3.13244,0.46494,0.01531,0.00000,
15.24,1,4.20194,2.00712,2.35857,0.44865,0.43960,0.02067,0.01950
15.24,2,4.44251,0.99226,1.71142,0.35853,0.27502,0.04298,0.01459
15.26,0,3.34210,2.49286,3.13277,0.47530,0.01688,0.00000,
15.26,1,4.19564,2.01317,2.36729,0.42379,0.45409,0.02090,0.02893
15.26,2,4.44144,0.99972,1.71445,0.38347,0.07429,0.04284,0.02333
15.28,0,3.33256,2.49294,3.13309,0.47702,0.01541,0.00000,
15.28,1,4.19069,2.01824,2.37523,0.31628,0.41309,0.01932,0.03847
15.28,2,4.44015,1.00866,1.71695,0.48659,0.16420,0.03994,0.03041
15.3,0,3.32327,2.49302,3.13341,0.47644,0.01504,0.00000,
15.3,1,4.18611,2.02278,2.38550,0.32849,0.55476,0.01734,0.04776
15.3,2,4.43878,1.01809,1.72050,0.45836,0.17510,0.03597,0.03686
15.32,0,3.31323,2.49311,3.13368,0.51444,0.01323,0.00000,
15.32,1,4.18022,2.02821,2.40038,0.40142,0.63859,0.01624,0.01004
15.32,2,4.43754,1.02604,1.72546,0.27207,0.43234,0.03468,0.00423
15.34,0,3.30297,2.49319,3.13395,0.50838,0.01349,0.00000,
15.34,1,4.17437,2.03341,2.41015,0.39605,0.48868,0.01474,0.02030
15.34,2,4.43688,1.02964,1.73369,0.10876,0.43407,0.03753,0.01204
15.36,0,3.29295,2.49326,3.13422,0.49555,0.01328,0.00000,
15.36,1,4.16842,2.03869,2.41995,0.39645,0.48214,0.01355,0.03031
15.36,2,4.43672,1.03070,1.74193,0.02211,0.36400,0.04309,0.02000
15.38,0,3.28308,2.49334,3.13448,0.49376,0.01262,0.00000,
15.38,1,4.16327,2.04343,2.42788,0.31552,0.38191,0.01149,0.04019
15.38,2,4.43671,1.03216,1.74036,0.14877,-0.32097,0.04758,0.02700
15.4,0,3.27317,2.49341,3.13472,0.49702,0.01208,0.00000,
15.4,1,4.15853,2.04766,2.43730,0.32081,0.50722,0.00877,0.05010
15.4,2,4.43612,1.03610,1.73577,0.23831,-0.10987,0.04896,0.03336
15.42,0,3.26321,2.49347,3.13496,0.49844,0.01165,0.00000,
15.42,1,4.15364,2.05186,2.44691,0.32163,0.44602,0.00607,0.06006
15.42,2,4.43545,1.04052,1.73301,0.22370,-0.14828,0.04987,0.00322
15.44,0,3.25324,2.49354,3.13519,0.49788,0.01122,0.00000,
15.44,1,4.14883,2.05585,2.45431,0.33046,0.38954,0.00318,0.07002
15.44,2,4.43515,1.04519,1.72889,0.24750,-0.18726,0.05043,0.00947
15.46,0,3.24329,2.49360,3.13541,0.49731,0.01079,0.00000,
15.46,1,4.14343,2.06028,2.46283,0.35517,0.43585,0.00100,0.07997
15.46,2,4.43437,1.05081,1.72988,0.30989,0.22868,0.05056,0.01646
15.48,0,3.23335,2.49367,3.13562,0.49732,0.01037,0.00000,
15.48,1,4.13803,2.06463,2.47118,0.33686,0.39898,0.00126,0.08992
15.48,2,4.43328,1.05713,1.73589,0.32035,0.30345,0.04987,0.02339
15.5,0,3.22340,2.49373,3.13582,0.49749,0.00998,0.00000,
15.5,1,4.13291,2.06869,2.47882,0.32078,0.37204,0.00392,0.09987
15.5,2,4.43221,1.06321,1.74094,0.29927,0.21298,0.04908,0.02992
15.52,0,3.21345,2.49378,3.13602,0.49753,0.00960,0.00000,
15.52,1,4.12799,2.07281,2.49165,0.29907,0.64526,0.00678,0.00995
15.52,2,4.43119,1.06896,1.74481,0.28802,0.18913,0.04864,0.03634
15.54,0,3.20350,2.49384,3.13621,0.49750,0.00923,0.00000,
15.54,1,4.12298,2.07646,2.50612,0.31085,0.62885,0.00978,0.01990
15.54,2,4.43018,1.07462,1.74873,0.28770,0.20077,0.04788,0.04253
15.56,0,3.19355,2.49389,3.13639,0.49747,0.00888,0.00000,
15.56,1,4.11799,2.08025,2.51373,0.34314,0.38773,0.01277,0.02985
15.56,2,4.42916,1.08027,1.75273,0.28621,0.19708,0.04727,0.04879
15.58,0,3.18360,2.49394,3.13656,0.49748,0.00854,0.00000,
15.58,1,4.11254,2.08425,2.52166,0.35118,0.40463,0.01527,0.03980
15.58,2,4.42813,1.08585,1.75655,0.28123,0.18576,0.04709,0.05555
15.6,0,3.17365,2.49399,3.13673,0.49748,0.00822,0.00000,
15.6,1,4.10627,2.08880,2.52655,0.40569,0.19296,0.01684,0.04975
15.6,2,4.42714,1.09096,1.76074,0.23963,0.21976,0.04816,0.06329
15.62,0,3.16370,2.49404,3.13689,0.49749,0.00790,0.00000,
15.62,1,4.09743,2.09485,2.53251,0.55285,0.28147,0.01549,0.00995
15.62,2,4.42612,1.09698,1.76511,0.41768,0.46399,0.05061,0.00569
15.64,0,3.15375,2.49409,3.13704,0.49748,0.00760,0.00000,
15.64,1,4.08911,2.10062,2.53947,0.49665,0.36223,0.01474,0.01990
15.64,2,4.42493,1.10426,1.77458,0.31210,0.42073,0.05143,0.01582
15.66,0,3.14380,2.49413,3.13719,0.49748,0.00731,0.00000,
15.66,1,4.08170,2.10588,2.54582,0.37035,0.15825,0.01509,0.02985
15.66,2,4.42341,1.11126,1.78759,0.43202,0.63622,0.05168,0.02490
15.68,0,3.13441,2.49418,3.13732,0.46654,0.00682,0.00000,
15.68,1,4.07619,2.11014,2.55037,0.34578,0.30586,0.01707,0.03924
15.68,2,4.42126,1.12115,1.79457,0.54291,0.14694,0.04745,0.03186
15.7,0,3.12497,2.49422,3.13747,0.47552,0.00720,0.00000,
15.7,1,4.07030,2.11416,2.55795,0.36579,0.41309,0.01887,0.04869
15.7,2,4.41893,1.13154,1.79631,0.49741,0.07349,0.04263,0.03899
15.72,0,3.11544,2.49426,3.13760,0.47571,0.00649,0.00000,
15.72,1,4.06265,2.11899,2.57012,0.46127,0.66490,0.01883,0.00952
15.72,2,4.41676,1.14103,1.79942,0.48078,0.21019,0.04010,0.04803
15.74,0,3.10609,2.49430,3.13774,0.49288,0.00605,0.00000,
15.74,1,4.05471,2.12406,2.58037,0.46600,0.43681,0.01830,0.01887
15.74,2,4.41458,1.15036,1.80388,0.47882,0.21547,0.03807,0.05745
15.76,0,3.09591,2.49433,3.13785,0.51508,0.00569,0.00000,
15.76,1,4.04724,2.12873,2.58745,0.41907,0.31441,0.01917,0.02906
15.76,2,4.41237,1.15965,1.80774,0.47530,0.17760,0.03559,0.06625
15.78,0,3.08572,2.49437,3.13797,0.50302,0.00583,0.00000,
15.78,1,4.04041,2.13296,2.59380,0.37296,0.26709,0.02081,0.03925
15.78,2,4.41021,1.16814,1.81240,0.41230,0.23814,0.03326,0.07428
15.8,0,3.07578,2.49441,3.13808,0.49315,0.00565,0.00000,
15.8,1,4.03467,2.13669,2.59933,0.34983,0.39073,0.02344,0.04918
15.8,2,4.40814,1.17630,1.81562,0.42633,0.12489,0.03045,0.08112
15.82,0,3.06592,2.49444,3.13819,0.49394,0.00536,0.00000,
15.82,1,4.02734,2.14103,2.59368,0.43757,-0.48850,0.02432,0.00986
15.82,2,4.40630,1.18366,1.82187,0.25549,0.78458,0.02964,0.00438
15.84,0,3.05601,2.49448,3.13830,0.49704,0.00515,0.00000,
15.84,1,4.01920,2.14552,2.59901,0.42064,0.45904,0.02446,0.01978
15.84,2,4.40494,1.18829,1.83342,0.23644,0.54995,0.03203,0.01367
15.86,0,3.04606,2.49451,3.13840,0.49767,0.00497,0.00000,
15.86,1,4.01235,2.14969,2.59923,0.40090,-0.21829,0.02598,0.02973
15.86,2,4.40345,1.19311,1.84227,0.30743,0.23764,0.03344,0.02168
15.88,0,3.03611,2.49454,3.13850,0.49694,0.00478,0.00000,
15.88,1,4.00707,2.15309,2.59329,0.27423,-0.31204,0.02925,0.03967
15.88,2,4.40159,1.19936,1.84364,0.30626,-0.04529,0.03211,0.02796
15.9,0,3.02618,2.49457,3.13859,0.49655,0.00459,0.00000,
15.9,1,4.00252,2.15622,2.58837,0.28610,-0.07342,0.03331,0.04961
15.9,2,4.39974,1.20568,1.84000,0.35166,-0.22219,0.03020,0.03348
15.92,0,3.01625,2.49460,3.13868,0.49666,0.00442,0.00000,
15.92,1,3.99700,2.15963,2.59398,0.35326,0.50314,0.03639,0.05954
15.92,2,4.39771,1.21289,1.84048,0.38683,0.21762,0.02804,0.03996
15.94,0,3.00631,2.49463,3.13877,0.49680,0.00425,0.00000,
15.94,1,3.99089,2.16326,2.60471,0.37049,0.50589,0.03885,0.06947
15.94,2,4.39562,1.22031,1.84649,0.37909,0.30691,0.02614,0.04707
15.96,0,2.99637,2.49466,3.13885,0.49681,0.00409,0.00000,
15.96,1,3.98399,2.16731,2.61309,0.41025,0.36476,0.04045,0.07941
15.96,2,4.39360,1.22740,1.85152,0.36120,0.20772,0.02529,0.05507
15.98,0,2.98644,2.49469,3.13893,0.49677,0.00393,0.00000,
15.98,1,3.97711,2.17132,2.62010,0.38429,0.35272,0.04211,0.08935
15.98,2,4.39168,1.23370,1.85650,0.29203,0.29570,0.02518,0.06303
16.0,0,2.97650,2.49471,3.13901,0.49676,0.00378,0.00000,
16.0,1,3.97069,2.17500,2.62734,0.36189,0.36595,0.04433,0.09928
16.0,2,4.38988,1.23954,1.86027,0.31479,0.13615,0.02509,0.07043
16.02,0,2.96657,2.49474,3.13908,0.49677,0.00364,0.00000,
16.02,1,3.96443,2.17854,2.63455,0.35977,0.35343,0.04676,0.10922
16.02,2,4.38811,1.24545,1.86660,0.28438,0.79111,0.02478,0.00359
16.04,0,2.95663,2.49476,3.13915,0.49677,0.00350,0.00000,
16.04,1,3.95813,2.18204,2.64143,0.35995,0.33658,0.04918,0.11915
16.04,2,4.38652,1.25055,1.88287,0.28004,0.60521,0.02528,0.01080
16.06,0,2.94670,2.49479,3.13922,0.49677,0.00337,0.00000,
16.06,1,3.95185,2.18547,2.64803,0.35456,0.32545,0.05167,0.12909
16.06,2,4.38466,1.25627,1.88830,0.30385,0.05902,0.02505,0.01795
16.08,0,2.93676,2.49481,3.13929,0.49677,0.00324,0.00000,
16.08,1,3.94568,2.18879,2.65443,0.34768,0.31536,0.05431,0.13902
16.08,2,4.38262,1.26246,1.89011,0.33418,0.15496,0.02421,0.02496
16.1,0,2.92683,2.49483,3.13935,0.49677,0.00312,0.00000,
16.1,1,3.94008,2.19189,2.65935,0.30781,0.27198,0.05757,0.14896
16.1,2,4.38057,1.26867,1.89453,0.31812,0.25095,0.02292,0.03136
16.12,0,2.91689,2.49486,3.13941,0.49677,0.00300,0.00000,
16.12,1,3.93317,2.19538,2.67715,0.39541,1.14557,0.05948,0.00994
16.12,2,4.37861,1.27451,1.89933,0.30149,0.22218,0.02294,0.03910
16.14,0,2.90696,2.49488,3.13947,0.49677,0.00288,0.00000,
16.14,1,3.92630,2.19887,2.69529,0.37755,0.68126,0.06145,0.01987
16.14,2,4.37668,1.28017,1.90338,0.29823,0.19166,0.02316,0.04680
16.16,0,2.89702,2.49490,3.13953,0.49677,0.00277,0.00000,
16.16,1,3.91844,2.20269,2.70478,0.46431,0.48213,0.06239,0.02981
16.16,2,4.37480,1.28546,1.90797,0.26182,0.24951,0.02449,0.05554
16.18,0,2.88709,2.49492,3.13958,0.49677,0.00267,0.00000,
16.18,1,3.90983,2.20663,2.71307,0.47447,0.33733,0.06260,0.03974
16.18,2,4.37299,1.29050,1.91161,0.27094,0.14917,0.02655,0.06498
16.2,0,2.87715,2.49494,3.13963,0.49677,0.00257,0.00000,
16.2,1,3.90174,2.21042,2.71760,0.40592,0.12578,0.06336,0.04968
16.2,2,4.37118,1.29558,1.91466,0.26657,0.16298,0.02826,0.07392
16.22,0,2.86736,2.49496,3.13968,0.45958,0.00189,0.00000,
16.22,1,3.89437,2.21387,2.72277,0.40930,0.33649,0.06478,0.05946
16.22,2,4.36942,1.30074,1.92020,0.23562,0.66132,0.02931,0.00408
16.24,0,2.85806,2.49498,3.13972,0.47048,0.00249,0.00000,
16.24,1,3.88687,2.21723,2.72952,0.41064,0.31355,0.06564,0.06877
16.24,2,4.36783,1.30492,1.93030,0.22918,0.54255,0.03133,0.01230
16.26,0,2.84857,2.49500,3.13977,0.47582,0.00241,0.00000,
16.26,1,3.87942,2.22050,2.73503,0.40265,0.25308,0.06677,0.07825
16.26,2,4.36582,1.31000,1.93925,0.31460,0.30954,0.03228,0.02043
16.28,0,2.83925,2.49501,3.13982,0.45524,0.00253,0.00000,
16.28,1,3.87212,2.22365,2.73999,0.39365,0.24923,0.06792,0.08757
16.28,2,4.36345,1.31621,1.94213,0.36729,0.14252,0.03192,0.02838
16.3,0,2.82950,2.49503,3.13987,0.50779,0.00193,0.00000,
16.3,1,3.86494,2.22670,2.74504,0.38784,0.25301,0.06964,0.09733
16.3,2,4.36077,1.32317,1.94563,0.37470,0.21391,0.03064,0.03619
16.32,0,2.81923,2.49505,3.13990,0.51186,0.00196,0.00000,
16.32,1,3.85779,2.22975,2.75490,0.36045,0.50215,0.07191,0.01027
16.32,2,4.35799,1.33026,1.95267,0.38996,0.61052,0.02922,0.00364
16.34,0,2.80916,2.49507,3.13994,0.49759,0.00200,0.00000,
16.34,1,3.85071,2.23252,2.76431,0.41207,0.37663,0.07414,0.02034
16.34,2,4.35513,1.33739,1.96453,0.37201,0.44661,0.02747,0.01124
16.36,0,2.79928,2.49508,3.13998,0.49242,0.00190,0.00000,
16.36,1,3.84250,2.23585,2.77046,0.48470,0.20254,0.07495,0.03022
16.36,2,4.35243,1.34389,1.96970,0.31938,0.21020,0.02743,0.02010
16.38,0,2.78941,2.49510,3.14002,0.49517,0.00181,0.00000,
16.38,1,3.83330,2.23952,2.77448,0.50193,0.19704,0.07473,0.04009
16.38,2,4.35001,1.34939,1.97356,0.30524,0.16180,0.02923,0.03000
16.4,0,2.77947,2.49511,3.14006,0.49744,0.00174,0.00000,
16.4,1,3.82416,2.24305,2.77890,0.47541,0.24121,0.07467,0.05003
16.4,2,4.34756,1.35511,1.97715,0.31339,0.19969,0.03072,0.03980
16.42,0,2.76952,2.49513,3.14009,0.49726,0.00168,0.00000,
16.42,1,3.81283,2.24717,2.78714,0.62555,0.56606,0.07237,0.00995
16.42,2,4.34510,1.36082,1.98140,0.30760,0.21524,0.03389,0.05185
16.44,0,2.75959,2.49514,3.14012,0.49655,0.00162,0.00000,
16.44,1,3.80153,2.25168,2.79889,0.59954,0.56547,0.07001,0.01989
16.44,2,4.34268,1.36637,1.98555,0.29902,0.19994,0.03760,0.06402
16.46,0,2.74966,2.49516,3.14015,0.49641,0.00155,0.00000,
16.46,1,3.79109,2.25552,2.80615,0.51819,0.20221,0.06864,0.02981
16.46,2,4.34030,1.37179,1.98941,0.29417,0.18859,0.04049,0.07515
16.48,0,2.73973,2.49517,3.14018,0.49657,0.00149,0.00000,
16.48,1,3.78355,2.25855,2.80587,0.39898,0.12174,0.07030,0.03974
16.48,2,4.33792,1.37713,1.99312,0.29087,0.18370,0.04126,0.08327
16.5,0,2.72980,2.49519,3.14021,0.49666,0.00144,0.00000,
16.5,1,3.77569,2.26137,2.81120,0.42874,0.31608,0.07171,0.04968
16.5,2,4.33555,1.38240,1.99674,0.28682,0.17818,0.04213,0.09161
16.52,0,2.71986,2.49520,3.14024,0.49664,0.00138,0.00000,
16.52,1,3.76757,2.26418,2.81660,0.42614,0.22008,0.07287,0.05961
16.52,2,4.33320,1.38758,2.00023,0.28225,0.17146,0.04325,0.10020
16.54,0,2.70993,2.49521,3.14027,0.49661,0.00133,0.00000,
16.54,1,3.75983,2.26681,2.82089,0.41211,0.18615,0.07446,0.06954
16.54,2,4.33087,1.39267,2.00359,0.27788,0.16514,0.04413,0.10837
16.56,0,2.70000,2.49523,3.14029,0.49660,0.00128,0.00000,
16.56,1,3.75174,2.26950,2.82410,0.43215,0.15901,0.07569,0.07947
16.56,2,4.32856,1.39767,2.00682,0.27377,0.15936,0.04538,0.11689
16.58,0,2.69007,2.49524,3.14032,0.49661,0.00123,0.00000,
16.58,1,3.74363,2.27217,2.82759,0.41932,0.18555,0.07692,0.08941
16.58,2,4.32634,1.40238,2.01034,0.25530,0.16169,0.04694,0.12542
16.6,0,2.68013,2.49525,3.14034,0.49662,0.00118,0.00000,
16.6,1,3.73583,2.27470,2.83134,0.40431,0.18463,0.07849,0.09934
16.6,2,4.32416,1.40700,2.01314,0.25516,0.13207,0.04835,0.13362
16.62,0,2.67020,2.49526,3.14037,0.49661,0.00114,0.00000,
16.62,1,3.72837,2.27714,2.83956,0.35271,0.43033,0.08042,0.00993
16.62,2,4.32199,1.41157,2.01586,0.25076,0.13981,0.04957,0.14145
16.64,0,2.66027,2.49528,3.14039,0.49661,0.00110,0.00000,
16.64,1,3.72116,2.27929,2.84779,0.41502,0.32579,0.08266,0.01986
16.64,2,4.31986,1.41605,2.01868,0.24580,0.14051,0.05053,0.14897
16.66,0,2.65034,2.49529,3.14041,0.49661,0.00105,0.00000,
16.66,1,3.71232,2.28200,2.85170,0.48773,0.12687,0.08319,0.02980
16.66,2,4.31775,1.42044,2.02142,0.24207,0.13303,0.05301,0.15820
16.68,0,2.64041,2.49530,3.14043,0.49661,0.00101,0.00000,
16.68,1,3.70303,2.28481,2.85430,0.47405,0.15062,0.08328,0.03973
16.68,2,4.31566,1.42477,2.02401,0.23878,0.12703,0.05592,0.16789
16.7,0,2.63047,2.49531,3.14045,0.49661,0.00097,0.00000,
16.7,1,3.69431,2.28740,2.85782,0.44250,0.18785,0.08396,0.04966
16.7,2,4.31358,1.42903,2.02650,0.23526,0.12299,0.05845,0.17698
16.72,0,2.62054,2.49532,3.14047,0.49661,0.00094,0.00000,
16.72,1,3.68593,2.28985,2.86148,0.43407,0.17482,0.08503,0.05959
16.72,2,4.31153,1.43322,2.02892,0.23164,0.11885,0.06075,0.18569
16.74,0,2.61061,2.49533,3.14049,0.49661,0.00090,0.00000,
16.74,1,3.67758,2.29225,2.86478,0.43457,0.15870,0.08613,0.06953
16.74,2,4.30950,1.43734,2.03124,0.22812,0.11446,0.06311,0.19437
16.76,0,2.60068,2.49535,3.14051,0.49661,0.00087,0.00000,
16.76,1,3.66926,2.29461,2.86790,0.42972,0.15458,0.08728,0.07946
16.76,2,4.30757,1.44119,2.03383,0.21295,0.11192,0.06572,0.20300
16.78,0,2.59074,2.49536,3.14052,0.49661,0.00083,0.00000,
16.78,1,3.66107,2.29691,2.87096,0.42147,0.15171,0.08857,0.08939
16.78,2,4.30567,1.44500,2.03577,0.21241,0.09285,0.06829,0.21149
16.8,0,2.58081,2.49537,3.14054,0.49661,0.00080,0.00000,
16.8,1,3.65303,2.29914,2.87394,0.41436,0.14636,0.09003,0.09932
16.8,2,4.30378,1.44876,2.03771,0.20853,0.10126,0.07080,0.21983
16.82,0,2.57088,2.49538,3.14056,0.49661,0.00077,0.00000,
16.82,1,3.64510,2.30132,2.87680,0.40854,0.14089,0.09161,0.10925
16.82,2,4.30192,1.45245,2.03976,0.20448,0.10123,0.07331,0.22804
16.84,0,2.56162,2.49539,3.14057,0.46817,0.00074,0.00000,
16.84,1,3.63728,2.30344,2.87957,0.40271,0.13618,0.09265,0.11852
16.84,2,4.30009,1.45606,2.04172,0.20146,0.09511,0.07581,0.23613
16.86,0,2.55216,2.49540,3.14058,0.47539,0.00081,0.00000,
16.86,1,3.62956,2.30551,2.88224,0.39659,0.13170,0.09401,0.12798
16.86,2,4.29828,1.45963,2.04357,0.19870,0.09083,0.07828,0.24410
16.88,0,2.54281,2.49541,3.14060,0.44857,0.00092,0.00000,
16.88,1,3.62213,2.30751,2.88447,0.33639,0.01354,0.09555,0.13733
16.88,2,4.29648,1.46314,2.04535,0.19574,0.08806,0.08061,0.25179
16.9,0,2.53316,2.49542,3.14061,0.50478,0.00056,0.00000,
16.9,1,3.61551,2.30935,2.88636,0.35051,0.14663,0.09822,0.14698
16.9,2,4.29471,1.46659,2.04708,0.19272,0.08505,0.08239,0.25865
16.92,0,2.52290,2.49543,3.14062,0.51247,0.00058,0.00000,
16.92,1,3.60616,2.31161,2.89353,0.48105,0.40414,0.09874,0.01025
16.92,2,4.29248,1.47116,2.05090,0.37546,0.67350,0.08508,0.00510
16.94,0,2.51281,2.49544,3.14064,0.49813,0.00063,0.00000,
16.94,1,3.59766,2.31400,2.90261,0.44405,0.44682,0.09992,0.02035
16.94,2,4.28927,1.47782,2.06380,0.33887,0.45710,0.08513,0.01392
16.96,0,2.50294,2.49545,3.14065,0.49189,0.00060,0.00000,
16.96,1,3.58840,2.31630,2.90800,0.50419,0.13253,0.10014,0.03022
16.96,2,4.28629,1.48328,2.06537,0.31521,0.09795,0.08673,0.02347
16.98,0,2.49308,2.49545,3.14066,0.49435,0.00056,0.00000,
16.98,1,3.57835,2.31872,2.90953,0.51707,0.07207,0.09957,0.04008
16.98,2,4.28238,1.49027,2.07243,0.47431,0.48790,0.08719,0.03380
17.0,0,2.48316,2.49546,3.14067,0.49686,0.00054,0.00000,
17.0,1,3.56854,2.32105,2.91170,0.49241,0.13704,0.09931,0.05000
17.0,2,4.27732,1.49936,2.08185,0.53380,0.42113,0.08515,0.04388
17.02,0,2.47322,2.49547,3.14068,0.49683,0.00053,0.00000,
17.02,1,3.55996,2.32320,2.91343,0.42210,0.09884,0.10031,0.05994
17.02,2,4.27273,1.50743,2.09099,0.31764,0.64437,0.08329,0.00419
17.04,0,2.46329,2.49548,3.14069,0.49609,0.00051,0.00000,
17.04,1,3.55153,2.32521,2.91643,0.44052,0.16590,0.10148,0.06987
17.04,2,4.26979,1.51211,2.09920,0.21515,0.36985,0.08491,0.01286
17.06,0,2.45337,2.49549,3.14070,0.49590,0.00049,0.00000,
17.06,1,3.54294,2.32720,2.91937,0.43782,0.12764,0.10249,0.07978
17.06,2,4.26791,1.51506,2.10643,0.16877,0.36107,0.08865,0.02167
17.08,0,2.44345,2.49550,3.14071,0.49606,0.00047,0.00000,
17.08,1,3.53471,2.32908,2.92211,0.43280,0.11348,0.10387,0.08970
17.08,2,4.26586,1.51836,2.11341,0.24971,0.31635,0.09172,0.03012
17.1,0,2.43353,2.49551,3.14072,0.49616,0.00045,0.00000,
17.1,1,3.52599,2.33103,2.92403,0.45072,0.09387,0.10477,0.09963
17.1,2,4.26281,1.52319,2.11533,0.31410,-0.05863,0.09339,0.03905
17.12,0,2.42361,2.49552,3.14073,0.49614,0.00043,0.00000,
17.12,1,3.51770,2.33291,2.92927,0.37589,0.23078,0.10610,0.00992
17.12,2,4.25932,1.52917,2.10723,0.37156,-0.69078,0.09362,0.00383
17.14,0,2.41369,2.49553,3.14074,0.49611,0.00042,0.00000,
17.14,1,3.51001,2.33459,2.93320,0.42894,0.14901,0.10808,0.01985
17.14,2,4.25546,1.53572,2.09780,0.37784,-0.16019,0.09265,0.01169
17.16,0,2.40376,2.49553,3.14075,0.49610,0.00040,0.00000,
17.16,1,3.50064,2.33661,2.93538,0.50847,0.09426,0.10833,0.02977
17.16,2,4.25107,1.54305,2.10569,0.46485,0.71079,0.09219,0.02128
17.18,0,2.39384,2.49554,3.14075,0.49611,0.00039,0.00000,
17.18,1,3.49068,2.33873,2.93750,0.49967,0.11798,0.10799,0.03969
17.18,2,4.24624,1.55117,2.11916,0.46675,0.55765,0.09138,0.03146
17.2,0,2.38392,2.49555,3.14076,0.49611,0.00037,0.00000,
17.2,1,3.48133,2.34068,2.94025,0.47554,0.12420,0.10829,0.04961
17.2,2,4.24170,1.55859,2.12796,0.41248,0.37049,0.09079,0.04101
17.22,0,2.37400,2.49556,3.14077,0.49611,0.00036,0.00000,
17.22,1,3.47201,2.34259,2.94247,0.47513,0.10544,0.10862,0.05953
17.22,2,4.23759,1.56515,2.13519,0.38333,0.35456,0.09111,0.05053
17.24,0,2.36407,2.49557,3.14078,0.49611,0.00034,0.00000,
17.24,1,3.46277,2.34445,2.94460,0.46750,0.10743,0.10904,0.06946
17.24,2,4.23348,1.57163,2.14254,0.38457,0.37662,0.09144,0.05995
17.26,0,2.35415,2.49558,3.14078,0.49611,0.00033,0.00000,
17.26,1,3.45370,2.34626,2.94675,0.45838,0.10715,0.10964,0.07938
17.26,2,4.22933,1.57807,2.15006,0.38054,0.37073,0.09166,0.06920
17.28,0,2.34423,2.49558,3.14079,0.49611,0.00032,0.00000,
17.28,1,3.44479,2.34802,2.94885,0.45128,0.10248,0.11040,0.08930
17.28,2,4.22521,1.58437,2.15729,0.37308,0.35434,0.09189,0.07829
17.3,0,2.33431,2.49559,3.14080,0.49611,0.00031,0.00000,
17.3,1,3.43626,2.34972,2.95046,0.41362,0.06116,0.11156,0.09922
17.3,2,4.22112,1.59053,2.16423,0.36674,0.34236,0.09196,0.08698
17.32,0,2.32439,2.49560,3.14080,0.49611,0.00029,0.00000,
17.32,1,3.42795,2.35130,2.95549,0.39443,0.27480,0.11296,0.00992
17.32,2,4.21672,1.59711,2.16507,0.44372,-1.04784,0.09130,0.00398
17.34,0,2.31446,2.49561,3.14081,0.49611,0.00028,0.00000,
17.34,1,3.41967,2.35278,2.95968,0.45560,0.13221,0.11439,0.01984
17.34,2,4.21182,1.60448,2.14423,0.42799,-0.99421,0.08971,0.01239
17.36,0,2.30454,2.49561,3.14081,0.49611,0.00027,0.00000,
17.36,1,3.41006,2.35457,2.96130,0.50383,0.06528,0.11448,0.02977
17.36,2,4.20761,1.61130,2.13357,0.41226,0.01800,0.09020,0.02217
17.38,0,2.29462,2.49562,3.14082,0.49611,0.00026,0.00000,
17.38,1,3.40060,2.35635,2.96359,0.47535,0.13518,0.11471,0.03969
17.38,2,4.20304,1.61858,2.14470,0.40738,0.79106,0.09005,0.03179
17.4,0,2.28470,2.49563,3.14082,0.49611,0.00025,0.00000,
17.4,1,3.39068,2.35815,2.96557,0.51713,0.08191,0.11449,0.04961
17.4,2,4.19859,1.62552,2.15835,0.41323,0.54983,0.09063,0.04188
17.42,0,2.27477,2.49564,3.14083,0.49611,0.00024,0.00000,
17.42,1,3.38063,2.35994,2.96725,0.49983,0.08972,0.11415,0.05953
17.42,2,4.19400,1.63259,2.16856,0.39402,0.69522,0.09116,0.00505
17.44,0,2.26485,2.49565,3.14083,0.49611,0.00023,0.00000,
17.44,1,3.37106,2.36163,2.96915,0.47616,0.09735,0.11430,0.06946
17.44,2,4.18972,1.63896,2.17992,0.39063,0.63555,0.09200,0.01476
17.46,0,2.25493,2.49565,3.14084,0.49611,0.00022,0.00000,
17.46,1,3.36272,2.36319,2.97004,0.41524,0.06638,0.11568,0.07938
17.46,2,4.18474,1.64598,2.19193,0.46597,0.52101,0.09093,0.02325
17.48,0,2.24501,2.49566,3.14084,0.49611,0.00022,0.00000,
17.48,1,3.35430,2.36470,2.97216,0.43445,0.11882,0.11700,0.08930
17.48,2,4.17918,1.65374,2.19972,0.46821,0.25708,0.08898,0.03181
17.5,0,2.23509,2.49567,3.14085,0.49611,0.00021,0.00000,
17.5,1,3.34577,2.36618,2.97426,0.42829,0.09042,0.11821,0.09922
17.5,2,4.17329,1.66177,2.20795,0.51193,0.50060,0.08672,0.04046
17.52,0,2.22516,2.49568,3.14085,0.49611,0.00020,0.00000,
17.52,1,3.33766,2.36756,2.97615,0.41117,0.08876,0.11985,0.10914
17.52,2,4.16793,1.66902,2.21899,0.31032,0.51482,0.08503,0.00402
17.54,0,2.21524,2.49568,3.14085,0.49611,0.00019,0.00000,
17.54,1,3.32918,2.36898,2.97756,0.43916,0.06537,0.12112,0.11907
17.54,2,4.16447,1.67335,2.22654,0.21683,0.33230,0.08702,0.01262
17.56,0,2.20532,2.49569,3.14086,0.49611,0.00018,0.00000,
17.56,1,3.32060,2.37040,2.97897,0.42762,0.07544,0.12229,0.12899
17.56,2,4.16241,1.67608,2.23273,0.16107,0.30359,0.09121,0.02132
17.58,0,2.19582,2.49570,3.14086,0.46299,0.00007,0.00000,
17.58,1,3.31236,2.37175,2.98053,0.41022,0.07765,0.12340,0.13848
17.58,2,4.16021,1.67932,2.23565,0.24784,0.10438,0.09467,0.02967
17.6,0,2.18644,2.49570,3.14086,0.47323,0.00024,0.00000,
17.6,1,3.30435,2.37305,2.98203,0.40370,0.07238,0.12461,0.14787
17.6,2,4.15654,1.68379,2.23708,0.31288,-0.02683,0.09604,0.03778
17.62,0,2.17695,2.49571,3.14087,0.47491,0.00019,0.00000,
17.62,1,3.29427,2.37454,2.98910,0.54047,0.51443,0.12388,0.00950
17.62,2,4.15217,1.68925,2.23426,0.35377,-0.17038,0.09800,0.00535
17.64,0,2.16765,2.49572,3.14087,0.48681,0.00015,0.00000,
17.64,1,3.28392,2.37611,2.99568,0.47834,0.17945,0.12266,0.01879
17.64,2,4.14680,1.69605,2.24733,0.46844,0.98928,0.09865,0.01582
17.66,0,2.15752,2.49573,3.14087,0.51430,0.00008,0.00000,
17.66,1,3.27419,2.37756,2.99632,0.50249,-0.02177,0.12290,0.02892
17.66,2,4.14123,1.70307,2.25739,0.45295,0.10881,0.09849,0.02566
17.68,0,2.14733,2.49573,3.14088,0.50358,0.00015,0.00000,
17.68,1,3.26419,2.37903,2.99663,0.50322,0.05695,0.12294,0.03912
17.68,2,4.13483,1.71103,2.25973,0.54597,0.23991,0.09738,0.03576
17.7,0,2.13739,2.49574,3.14088,0.49254,0.00016,0.00000,
17.7,1,3.25440,2.38046,2.99838,0.48766,0.09803,0.12293,0.04905
17.7,2,4.12841,1.71880,2.26757,0.49776,0.46852,0.09622,0.04566
17.72,0,2.12756,2.49575,3.14088,0.49260,0.00014,0.00000,
17.72,1,3.24488,2.38183,3.00015,0.47655,0.07842,0.12311,0.05889
17.72,2,4.12201,1.72643,2.27907,0.52189,0.80020,0.09495,0.00478
17.74,0,2.11767,2.49575,3.14089,0.49585,0.00013,0.00000,
17.74,1,3.23645,2.38313,3.00067,0.41699,0.04157,0.12444,0.06877
17.74,2,4.11513,1.73445,2.29434,0.51744,0.61641,0.09218,0.01331
17.76,0,2.10774,2.49576,3.14089,0.49673,0.00013,0.00000,
17.76,1,3.22799,2.38438,3.00225,0.43310,0.09406,0.12577,0.07871
17.76,2,4.10870,1.74172,2.30215,0.47801,0.33451,0.09026,0.02186
17.78,0,2.09781,2.49577,3.14089,0.49603,0.00012,0.00000,
17.78,1,3.21946,2.38559,3.00395,0.42590,0.07343,0.12705,0.08863
17.78,2,4.10228,1.74887,2.30966,0.48213,0.40828,0.08847,0.03047
17.8,0,2.08789,2.49577,3.14089,0.49557,0.00012,0.00000,
17.8,1,3.21139,2.38672,3.00562,0.42832,0.06102,0.12877,0.09855
17.8,2,4.09581,1.75597,2.31806,0.47677,0.41765,0.08631,0.03863
17.82,0,2.07798,2.49578,3.14090,0.49566,0.00011,0.00000,
17.82,1,3.20249,2.38794,3.00656,0.45482,0.04595,0.12967,0.10846
17.82,2,4.08958,1.76273,2.32715,0.47128,0.61544,0.08527,0.00454
17.84,0,2.06807,2.49579,3.14090,0.49581,0.00011,0.00000,
17.84,1,3.19369,2.38914,3.00765,0.43252,0.06090,0.13067,0.11838
17.84,2,4.08295,1.76978,2.33974,0.47619,0.54584,0.08369,0.01343
17.86,0,2.05815,2.49580,3.14090,0.49583,0.00010,0.00000,
17.86,1,3.18535,2.39026,3.00891,0.41366,0.06201,0.13213,0.12829
17.86,2,4.07683,1.77614,2.34729,0.41830,0.27101,0.08253,0.02184
17.88,0,2.04823,2.49580,3.14090,0.49579,0.00010,0.00000,
17.88,1,3.17815,2.39131,3.00932,0.36423,0.04464,0.13474,0.13821
17.88,2,4.07073,1.78235,2.35390,0.44741,0.37426,0.08052,0.02912
17.9,0,2.03832,2.49581,3.14090,0.49577,0.00010,0.00000,
17.9,1,3.17073,2.39233,3.01070,0.37946,0.07563,0.13713,0.14812
17.9,2,4.06438,1.78873,2.36165,0.44810,0.38386,0.07840,0.03661
17.92,0,2.02840,2.49582,3.14091,0.49578,0.00009,0.00000,
17.92,1,3.15977,2.39340,3.01567,0.56051,0.33488,0.13599,0.00992
17.92,2,4.05730,1.79563,2.37021,0.61524,0.63599,0.07837,0.00592
17.94,0,2.01849,2.49582,3.14091,0.49579,0.00009,0.00000,
17.94,1,3.14882,2.39450,3.02262,0.51844,0.38473,0.13487,0.01983
17.94,2,4.04823,1.80438,2.37899,0.61048,0.40432,0.07572,0.01692
17.96,0,2.00857,2.49583,3.14091,0.49579,0.00009,0.00000,
17.96,1,3.13861,2.39567,3.02932,0.52127,0.21085,0.13447,0.02975
17.96,2,4.03981,1.81241,2.38533,0.60105,0.31344,0.07347,0.02719
17.98,0,1.99866,2.49584,3.14091,0.49579,0.00008,0.00000,
17.98,1,3.12873,2.39689,3.02943,0.46673,-0.08361,0.13440,0.03966
17.98,2,4.03098,1.82068,2.39183,0.55504,0.27935,0.07055,0.03715
18.0,0,1.98874,2.49584,3.14091,0.49579,0.00008,0.00000,
18.0,1,3.11903,2.39803,3.02914,0.49711,0.04336,0.13452,0.04958
18.0,2,4.02337,1.82788,2.39735,0.51800,0.32209,0.06906,0.04691
18.02,0,1.97882,2.49585,3.14091,0.49579,0.00008,0.00000,
18.02,1,3.10687,2.39915,3.03427,0.61609,0.40605,0.13218,0.00992
18.02,2,4.01582,1.83487,2.40445,0.51205,0.36302,0.06987,0.05913
18.04,0,1.96891,2.49586,3.14092,0.49579,0.00007,0.00000,
18.04,1,3.09460,2.40031,3.04237,0.61582,0.40218,0.12974,0.01983
18.04,2,4.00829,1.84172,2.41131,0.50593,0.32295,0.07092,0.07145
18.06,0,1.95899,2.49586,3.14092,0.49579,0.00007,0.00000,
18.06,1,3.08284,2.40178,3.04906,0.57605,0.18332,0.12778,0.02975
18.06,2,4.00087,1.84837,2.41722,0.51325,0.30431,0.07193,0.08329
18.08,0,1.94908,2.49587,3.14092,0.49579,0.00007,0.00000,
18.08,1,3.07288,2.40286,3.04877,0.46000,-0.07388,0.12764,0.03966
18.08,2,3.99303,1.85530,2.42349,0.52426,0.31512,0.07075,0.09332
18.1,0,1.93916,2.49588,3.14092,0.49579,0.00007,0.00000,
18.1,1,3.06342,2.40372,3.04825,0.48461,0.01316,0.12802,0.04958
18.1,2,3.98528,1.86207,2.42963,0.50517,0.29815,0.06921,0.10282
18.12,0,1.92925,2.49588,3.14092,0.49579,0.00006,0.00000,
18.12,1,3.05375,2.40458,3.04884,0.48142,0.03148,0.12821,0.05949
18.12,2,3.97796,1.86843,2.43895,0.45067,0.92129,0.06846,0.00484
18.14,0,1.91933,2.49589,3.14092,0.49579,0.00006,0.00000,
18.14,1,3.04453,2.40543,3.04943,0.45545,0.02549,0.12883,0.06941
18.14,2,3.97177,1.87394,2.45623,0.40931,0.66517,0.06877,0.01409
18.16,0,1.90941,2.49590,3.14092,0.49579,0.00006,0.00000,
18.16,1,3.03501,2.40631,3.04961,0.49039,0.00296,0.12915,0.07933
18.16,2,3.96509,1.87950,2.46420,0.45121,0.23895,0.06892,0.02366
18.18,0,1.89950,2.49590,3.14092,0.49579,0.00006,0.00000,
18.18,1,3.02530,2.40721,3.04975,0.48043,0.01146,0.12929,0.08924
18.18,2,3.95804,1.88519,2.46853,0.44837,0.24267,0.06888,0.03341
18.2,0,1.88958,2.49591,3.14093,0.49579,0.00005,0.00000,
18.2,1,3.01596,2.40807,3.05005,0.46031,0.01593,0.12980,0.09916
18.2,2,3.95121,1.89064,2.47438,0.42772,0.32083,0.06884,0.04279
18.22,0,1.87967,2.49592,3.14093,0.49579,0.00005,0.00000,
18.22,1,3.00643,2.40889,3.05364,0.44544,0.26478,0.13012,0.00992
18.22,2,3.94459,1.89585,2.48080,0.41820,0.31188,0.06927,0.05236
18.24,0,1.86975,2.49592,3.14093,0.49579,0.00005,0.00000,
18.24,1,2.99738,2.40967,3.05649,0.45712,0.02329,0.13093,0.01983
18.24,2,3.93801,1.90097,2.48671,0.41566,0.28437,0.06937,0.06144
18.26,0,1.85984,2.49593,3.14093,0.49579,0.00005,0.00000,
18.26,1,2.98756,2.41051,3.05604,0.51301,-0.02967,0.13095,0.02975
18.26,2,3.93150,1.90597,2.49229,0.41016,0.27562,0.07032,0.07130
18.28,0,1.84992,2.49594,3.14093,0.49579,0.00005,0.00000,
18.28,1,2.97736,2.41137,3.05594,0.50343,0.01529,0.13060,0.03966
18.28,2,3.92487,1.91100,2.49771,0.41778,0.26776,0.07152,0.08153
18.3,0,1.84000,2.49594,3.14093,0.49579,0.00004,0.00000,
18.3,1,2.96789,2.41219,3.05675,0.49557,0.02801,0.13099,0.04958
18.3,2,3.91825,1.91597,2.50298,0.40881,0.25933,0.07211,0.09104
18.32,0,1.83009,2.49595,3.14093,0.49579,0.00004,0.00000,
18.32,1,2.95756,2.41307,3.05697,0.52589,0.00459,0.13051,0.05949
18.32,2,3.91179,1.92077,2.50806,0.39817,0.25019,0.07374,0.10141
18.34,0,1.82017,2.49596,3.14093,0.49579,0.00004,0.00000,
18.34,1,2.94729,2.41394,3.05713,0.50251,0.01237,0.13010,0.06941
18.34,2,3.90543,1.92544,2.51297,0.39229,0.24158,0.07548,0.11171
18.36,0,1.81026,2.49596,3.14093,0.49579,0.00004,0.00000,
18.36,1,2.93762,2.41477,3.05738,0.44229,-0.01339,0.13029,0.07933
18.36,2,3.89923,1.92998,2.51741,0.34821,0.13333,0.07690,0.12141
18.38,0,1.80034,2.49597,3.14093,0.49579,0.00004,0.00000,
18.38,1,2.92931,2.41554,3.05716,0.42877,0.01464,0.13183,0.08924
18.38,2,3.89362,1.93412,2.52146,0.35020,0.24757,0.07780,0.12976
18.4,0,1.79043,2.49598,3.14093,0.49579,0.00004,0.00000,
18.4,1,2.92057,2.41630,3.05771,0.44220,0.02847,0.13295,0.09916
18.4,2,3.88793,1.93821,2.52650,0.34967,0.23964,0.07905,0.13853
18.42,0,1.78051,2.49598,3.14094,0.49579,0.00004,0.00000,
18.42,1,2.91189,2.41704,3.05814,0.41428,0.02505,0.13413,0.10907
18.42,2,3.88199,1.94250,2.52984,0.38302,-0.21767,0.07995,0.00431
18.44,0,1.77059,2.49599,3.14094,0.49579,0.00003,0.00000,
18.44,1,2.90348,2.41775,3.05849,0.44033,0.00684,0.13559,0.11899
18.44,2,3.87602,1.94694,2.52322,0.37525,-0.28740,0.08050,0.01275
18.46,0,1.76068,2.49600,3.14094,0.49579,0.00003,0.00000,
18.46,1,2.89458,2.41849,3.05860,0.44561,0.00794,0.13654,0.12890
18.46,2,3.86916,1.95180,2.51737,0.48921,-0.29765,0.08056,0.02168
18.48,0,1.75076,2.49600,3.14094,0.49579,0.00003,0.00000,
18.48,1,2.88590,2.41921,3.05884,0.42623,0.01386,0.13773,0.13882
18.48,2,3.86027,1.95810,2.51159,0.56835,-0.32791,0.07797,0.03039
18.5,0,1.74085,2.49601,3.14094,0.49579,0.00003,0.00000,
18.5,1,2.87756,2.41990,3.05912,0.41415,0.01322,0.13926,0.14874
18.5,2,3.85161,1.96444,2.51114,0.51227,0.14915,0.07528,0.03876
18.52,0,1.73136,2.49601,3.14094,0.46271,-0.00007,0.00000,
18.52,1,2.86935,2.42058,3.05936,0.41075,0.01141,0.14049,0.15822
18.52,2,3.84374,1.97015,2.51944,0.50984,0.66805,0.07346,0.00411
18.54,0,1.72198,2.49602,3.14094,0.47293,0.00009,0.00000,
18.54,1,2.86151,2.42125,3.05935,0.34718,-0.03060,0.14198,0.16760
18.54,2,3.83605,1.97588,2.53069,0.45383,0.50668,0.07149,0.01198
18.56,0,1.71249,2.49603,3.14094,0.47461,0.00005,0.00000,
18.56,1,2.85440,2.42188,3.05932,0.36446,0.01775,0.14431,0.17709
18.56,2,3.82913,1.98082,2.53929,0.40435,0.36800,0.06988,0.01911
18.58,0,1.70330,2.49603,3.14094,0.48846,0.00003,0.00000,
18.58,1,2.84708,2.42250,3.05978,0.36639,0.02138,0.14614,0.18629
18.58,2,3.82317,1.98510,2.54492,0.35195,0.29153,0.06961,0.02646
18.6,0,1.69292,2.49604,3.14094,0.53176,-0.00006,0.00000,
18.6,1,2.84001,2.42308,3.06014,0.33652,0.02252,0.14940,0.19666
18.6,2,3.81725,1.98919,2.55199,0.36507,0.37718,0.06924,0.03356
18.62,0,1.68239,2.49605,3.14094,0.51798,0.00002,0.00000,
18.62,1,2.83072,2.42365,3.06464,0.48225,0.34659,0.15061,0.01053
18.62,2,3.81116,1.99327,2.55913,0.36499,0.33408,0.07074,0.04286
18.64,0,1.67224,2.49605,3.14094,0.50144,0.00004,0.00000,
18.64,1,2.82132,2.42434,3.06894,0.49744,-0.00706,0.15132,0.02068
18.64,2,3.80528,1.99715,2.56564,0.34631,0.32505,0.07269,0.05228
18.66,0,1.66224,2.49606,3.14094,0.50087,0.00002,0.00000,
18.66,1,2.81045,2.42516,3.06698,0.57427,-0.09379,0.15040,0.03068
18.66,2,3.79909,2.00118,2.57169,0.38220,0.29261,0.07571,0.06318
18.68,0,1.65254,2.49607,3.14094,0.46977,-0.00012,0.00000,
18.68,1,2.79854,2.42603,3.06643,0.59967,0.02313,0.14813,0.04038
18.68,2,3.79268,2.00529,2.57753,0.37465,0.29232,0.07950,0.07513
18.7,0,1.64300,2.49607,3.14094,0.48238,0.00008,0.00000,
18.7,1,2.78697,2.42689,3.06734,0.56206,0.04842,0.14606,0.04992
18.7,2,3.78652,2.00919,2.58334,0.35662,0.28698,0.08332,0.08673
18.72,0,1.63331,2.49608,3.14094,0.48425,0.00006,0.00000,
18.72,1,2.77606,2.42770,3.06803,0.53899,0.02357,0.14479,0.05961
18.72,2,3.77961,2.01335,2.58628,0.48562,-0.67172,0.08572,0.00542
18.74,0,1.62366,2.49609,3.14094,0.48084,0.00001,0.00000,
18.74,1,2.76535,2.42848,3.06839,0.53701,0.01670,0.14368,0.06926
18.74,2,3.77117,2.01817,2.57296,0.48364,-0.65009,0.08630,0.01616
18.76,0,1.61416,2.49609,3.14094,0.46791,0.00008,0.00000,
18.76,1,2.75596,2.42924,3.06821,0.47847,0.01653,0.14376,0.07876
18.76,2,3.76384,2.02311,2.56705,0.39983,0.06101,0.08662,0.02557
18.78,0,1.60444,2.49610,3.14094,0.49739,-0.00000,0.00000,
18.78,1,2.74624,2.42997,3.06888,0.49090,0.03749,0.14371,0.08848
18.78,2,3.75614,2.02825,2.57259,0.52652,0.38231,0.08687,0.03533
18.8,0,1.59452,2.49610,3.14094,0.49333,0.00006,0.00000,
18.8,1,2.73680,2.43068,3.06963,0.44803,0.04408,0.14415,0.09840
18.8,2,3.74698,2.03415,2.57996,0.54184,0.36790,0.08522,0.04479
18.82,0,1.58441,2.49611,3.14094,0.51222,-0.00001,0.00000,
18.82,1,2.72821,2.43132,3.07104,0.38281,-0.00284,0.14564,0.01012
18.82,2,3.73884,2.03942,2.58434,0.37044,-0.26789,0.08395,0.00388
18.84,0,1.57416,2.49612,3.14094,0.50990,0.00001,0.00000,
18.84,1,2.72072,2.43190,3.07058,0.37514,-0.05700,0.14835,0.02036
18.84,2,3.73301,2.04356,2.57893,0.30630,-0.28733,0.08422,0.01140
18.86,0,1.56404,2.49612,3.14095,0.50370,0.00002,0.00000,
18.86,1,2.71236,2.43261,3.06462,0.45884,-0.28883,0.15007,0.03048
18.86,2,3.72885,2.04665,2.57340,0.25356,-0.27474,0.08730,0.01979
18.88,0,1.55399,2.49613,3.14095,0.50265,0.00002,0.00000,
18.88,1,2.70318,2.43332,3.06321,0.48287,0.05997,0.15091,0.04053
18.88,2,3.72297,2.05073,2.55655,0.47154,-1.19353,0.08920,0.02899
18.9,0,1.54392,2.49614,3.14095,0.50417,0.00001,0.00000,
18.9,1,2.69252,2.43416,3.06495,0.53725,0.09573,0.15027,0.05060
18.9,2,3.71597,2.05552,2.55044,0.40938,0.03965,0.09125,0.03969
18.92,0,1.53420,2.49614,3.14094,0.46931,-0.00012,0.00000,
18.92,1,2.68260,2.43503,3.06755,0.47366,0.13908,0.15003,0.00972
18.92,2,3.70954,2.06007,2.54537,0.29046,-1.06441,0.09326,0.00474
18.94,0,1.52469,2.49615,3.14094,0.48018,0.00007,0.00000,
18.94,1,2.67330,2.43581,3.06992,0.40917,0.03505,0.15020,0.01923
18.94,2,3.70405,2.06391,2.52182,0.30505,-0.44487,0.09579,0.01407
18.96,0,1.51504,2.49616,3.14095,0.48265,0.00005,0.00000,
18.96,1,2.66398,2.43657,3.07041,0.50811,0.02231,0.15048,0.02888
18.96,2,3.69894,2.06760,2.50516,0.31269,-0.82782,0.09877,0.02343
18.98,0,1.50541,2.49616,3.14095,0.47991,0.00000,0.00000,
18.98,1,2.65425,2.43736,3.07150,0.49039,0.06653,0.15034,0.03850
18.98,2,3.69336,2.07140,2.48210,0.37808,-1.45666,0.10167,0.03319
19.0,0,1.49595,2.49617,3.14095,0.47774,0.00003,0.00000,
19.0,1,2.64377,2.43815,3.07058,0.53583,-0.01399,0.14929,0.04796
19.0,2,3.68697,2.07608,2.46720,0.39943,-0.04916,0.10424,0.04369
19.02,0,1.48615,2.49618,3.14095,0.48135,0.00009,0.00000,
19.02,1,2.63094,2.43905,3.07204,0.69313,0.10373,0.14622,0.00981
19.02,2,3.67997,2.08132,2.47116,0.45171,0.10680,0.10835,0.00686
19.04,0,1.47614,2.49618,3.14095,0.51159,-0.00001,0.00000,
19.04,1,2.61835,2.43996,3.07389,0.59699,0.05947,0.14359,0.01981
19.04,2,3.67095,2.08793,2.49278,0.56856,0.94753,0.10992,0.01949
19.06,0,1.46586,2.49619,3.14095,0.51238,-0.00000,0.00000,
19.06,1,2.60712,2.44075,3.07440,0.50242,-0.01384,0.14260,0.03009
19.06,2,3.66194,2.09509,2.50461,0.60492,0.39223,0.11001,0.03074
19.08,0,1.45571,2.49619,3.14095,0.50372,0.00002,0.00000,
19.08,1,2.59838,2.44149,3.07328,0.44504,-0.09064,0.14397,0.04024
19.08,2,3.65186,2.10255,2.51364,0.63462,0.55609,0.10666,0.03951
19.1,0,1.44568,2.49620,3.14095,0.50107,0.00002,0.00000,
19.1,1,2.58911,2.44217,3.07229,0.47889,0.00593,0.14470,0.05027
19.1,2,3.64167,2.10984,2.52681,0.61664,0.70063,0.10378,0.04881
19.12,0,1.43564,2.49621,3.14095,0.50286,0.00001,0.00000,
19.12,1,2.58057,2.44281,3.07246,0.37138,-0.14484,0.14618,0.01004
19.12,2,3.63212,2.11652,2.54207,0.56467,1.05814,0.10100,0.00376
19.14,0,1.42557,2.49621,3.14095,0.50414,0.00001,0.00000,
19.14,1,2.57275,2.44358,3.06786,0.43195,-0.23820,0.14839,0.02011
19.14,2,3.62299,2.12286,2.56272,0.51399,0.85304,0.09811,0.01162
19.16,0,1.41586,2.49622,3.14095,0.46849,-0.00012,0.00000,
19.16,1,2.56314,2.44434,3.06664,0.47966,0.08680,0.14846,0.02982
19.16,2,3.61606,2.12820,2.57306,0.42266,0.46187,0.09936,0.02126
19.18,0,1.40636,2.49623,3.14095,0.47915,0.00007,0.00000,
19.18,1,2.55227,2.44517,3.06888,0.57844,0.10054,0.14704,0.03932
19.18,2,3.60932,2.13274,2.58314,0.39182,0.53817,0.10226,0.03217
19.2,0,1.39674,2.49623,3.14095,0.48180,0.00004,0.00000,
19.2,1,2.54086,2.44601,3.07025,0.55473,0.04850,0.14523,0.04894
19.2,2,3.60297,2.13675,2.59411,0.37590,0.55111,0.10622,0.04360
19.22,0,1.38713,2.49624,3.14095,0.47918,-0.00000,0.00000,
19.22,1,2.53031,2.44678,3.07111,0.51244,0.04420,0.14425,0.05855
19.22,2,3.59627,2.14085,2.60497,0.40232,0.53004,0.10899,0.05419
19.24,0,1.37766,2.49625,3.14095,0.48356,0.00001,0.00000,
19.24,1,2.52023,2.44749,3.07210,0.50319,0.05280,0.14361,0.06802
19.24,2,3.58938,2.14495,2.61521,0.39596,0.50004,0.11113,0.06429
19.26,0,1.36787,2.49625,3.14095,0.49219,0.00004,0.00000,
19.26,1,2.51032,2.44819,3.07307,0.46602,0.02950,0.14346,0.07781
19.26,2,3.58268,2.14885,2.62502,0.38070,0.48343,0.11336,0.07422
19.28,0,1.35772,2.49626,3.14095,0.51448,-0.00002,0.00000,
19.28,1,2.50091,2.44886,3.07393,0.47565,0.05221,0.14417,0.08796
19.28,2,3.57614,2.15256,2.63453,0.37372,0.46876,0.11531,0.08365
19.3,0,1.34746,2.49626,3.14095,0.50929,0.00000,0.00000,
19.3,1,2.49143,2.44951,3.07500,0.47272,0.05172,0.14492,0.09821
19.3,2,3.56963,2.15618,2.64373,0.37091,0.45283,0.11739,0.09316
19.32,0,1.33738,2.49627,3.14095,0.50130,0.00002,0.00000,
19.32,1,2.48134,2.45013,3.07832,0.48164,0.22540,0.14489,0.01009
19.32,2,3.56316,2.15970,2.65262,0.36639,0.43705,0.12013,0.10327
19.34,0,1.32737,2.49628,3.14095,0.50058,0.00001,0.00000,
19.34,1,2.47151,2.45073,3.08113,0.51032,0.06097,0.14505,0.02010
19.34,2,3.55674,2.16311,2.66119,0.36043,0.42198,0.12270,0.11311
19.36,0,1.31733,2.49628,3.14095,0.50272,0.00001,0.00000,
19.36,1,2.46095,2.45137,3.08141,0.53774,0.00174,0.14450,0.03013
19.36,2,3.55041,2.16641,2.66947,0.35480,0.40737,0.12611,0.12369
19.38,0,1.30727,2.49629,3.14095,0.50352,0.00001,0.00000,
19.38,1,2.45060,2.45201,3.08204,0.54396,0.03755,0.14419,0.04020
19.38,2,3.54451,2.16953,2.67634,0.31096,0.31415,0.12979,0.13406
19.4,0,1.29735,2.49630,3.14095,0.46491,-0.00020,0.00000,
19.4,1,2.43932,2.45269,3.08283,0.56932,0.04085,0.14279,0.05011
19.4,2,3.53890,2.17243,2.68441,0.31923,0.43848,0.13473,0.14537
19.42,0,1.28794,2.49630,3.14095,0.47572,0.00004,0.00000,
19.42,1,2.42826,2.45334,3.08364,0.53870,0.04012,0.14112,0.05952
19.42,2,3.53318,2.17526,2.69264,0.31710,0.37875,0.13937,0.15644
19.44,0,1.27835,2.49631,3.14095,0.48130,0.00006,0.00000,
19.44,1,2.41884,2.45394,3.08391,0.45674,0.01936,0.14127,0.06911
19.44,2,3.52755,2.17797,2.69964,0.30862,0.33598,0.14254,0.16588
19.46,0,1.26874,2.49632,3.14095,0.47947,0.00000,0.00000,
19.46,1,2.40947,2.45450,3.08470,0.47742,0.04845,0.14149,0.07873
19.46,2,3.52204,2.18058,2.70634,0.30239,0.33615,0.14579,0.17527
19.48,0,1.25940,2.49632,3.14095,0.47282,0.00006,0.00000,
19.48,1,2.39994,2.45505,3.08561,0.47362,0.04008,0.14129,0.08807
19.48,2,3.51663,2.18310,2.71327,0.30269,0.33341,0.14933,0.18481
19.5,0,1.24938,2.49633,3.14095,0.51623,-0.00005,0.00000,
19.5,1,2.39085,2.45556,3.08641,0.45517,0.03704,0.14220,0.09809
19.5,2,3.51106,2.18565,2.71962,0.30632,0.30948,0.15227,0.19391
19.52,0,1.23903,2.49634,3.14095,0.51340,-0.00000,0.00000,
19.52,1,2.38044,2.45609,3.08905,0.52016,0.18714,0.14212,0.01035
19.52,2,3.50431,2.18844,2.72687,0.50452,0.52359,0.15530,0.00522
19.54,0,1.22892,2.49634,3.14095,0.49989,0.00002,0.00000,
19.54,1,2.37001,2.45663,3.09155,0.53917,0.05618,0.14178,0.02045
19.54,2,3.49512,2.19184,2.73826,0.45543,0.67038,0.15584,0.01566
19.56,0,1.21898,2.49635,3.14095,0.49695,0.00001,0.00000,
19.56,1,2.35901,2.45719,3.09178,0.55839,-0.00207,0.14071,0.03040
19.56,2,3.48688,2.19509,2.75190,0.40736,0.70836,0.15792,0.02667
19.58,0,1.20900,2.49635,3.14095,0.50009,0.00000,0.00000,
19.58,1,2.34769,2.45775,3.09197,0.56503,0.02273,0.13934,0.04037
19.58,2,3.47818,2.19863,2.76142,0.50782,0.18572,0.15980,0.03800
19.6,0,1.19898,2.49636,3.14095,0.50182,0.00001,0.00000,
19.6,1,2.33666,2.45830,3.09263,0.54144,0.03720,0.13832,0.05040
19.6,2,3.46867,2.20269,2.76326,0.54805,0.22684,0.16052,0.04905
19.62,0,1.18894,2.49637,3.14095,0.50138,0.00001,0.00000,
19.62,1,2.32299,2.45888,3.09382,0.75080,0.06356,0.13467,0.01003
19.62,2,3.45832,2.20688,2.77074,0.58847,0.32948,0.16296,0.00741
19.64,0,1.17892,2.49637,3.14095,0.50075,0.00001,0.00000,
19.64,1,2.30956,2.45953,3.09497,0.62286,0.03968,0.13123,0.02005
19.64,2,3.44690,2.21113,2.78163,0.63316,0.77567,0.16415,0.02087
19.66,0,1.16941,2.49638,3.14095,0.46803,-0.00007,0.00000,
19.66,1,2.29800,2.46007,3.09543,0.55143,0.01761,0.12917,0.02956
19.66,2,3.43448,2.21563,2.79722,0.74249,0.49840,0.16247,0.03244
19.68,0,1.15993,2.49639,3.14095,0.47808,0.00007,0.00000,
19.68,1,2.28941,2.46059,3.09450,0.39735,-0.08008,0.13004,0.03905
19.68,2,3.41934,2.22119,2.80186,0.80939,0.19769,0.15502,0.04104
19.7,0,1.15034,2.49639,3.14095,0.47911,0.00003,0.00000,
19.7,1,2.28114,2.46109,3.09325,0.43873,-0.01963,0.13135,0.04863
19.7,2,3.40382,2.22683,2.80555,0.82776,0.21424,0.14685,0.04932
19.72,0,1.14098,2.49640,3.14095,0.45802,0.00011,0.00000,
19.72,1,2.27019,2.46157,3.09460,0.56306,0.11904,0.12975,0.00936
19.72,2,3.38909,2.23208,2.81145,0.67489,0.40142,0.14219,0.00569
19.74,0,1.13117,2.49640,3.14095,0.51039,-0.00005,0.00000,
19.74,1,2.25895,2.46209,3.09698,0.56289,0.11892,0.12829,0.01917
19.74,2,3.37865,2.23610,2.81726,0.43091,-0.02744,0.14229,0.01695
19.76,0,1.12085,2.49641,3.14095,0.51458,-0.00002,0.00000,
19.76,1,2.24792,2.46262,3.09850,0.53870,0.03436,0.12757,0.02949
19.76,2,3.37169,2.23979,2.81455,0.38802,-0.15356,0.14565,0.02799
19.78,0,1.11072,2.49642,3.14095,0.50040,0.00002,0.00000,
19.78,1,2.23840,2.46306,3.09852,0.45062,0.00136,0.12817,0.03962
19.78,2,3.36432,2.24339,2.80821,0.43116,-0.40484,0.14714,0.03752
19.8,0,1.10079,2.49642,3.14095,0.49522,0.00001,0.00000,
19.8,1,2.22914,2.46346,3.09897,0.47201,0.03433,0.12884,0.04955
19.8,2,3.35548,2.24680,2.80768,0.47813,0.39732,0.14699,0.04679
19.82,0,1.09086,2.49643,3.14095,0.49793,0.00000,0.00000,
19.82,1,2.21968,2.46387,3.09965,0.47089,0.03000,0.12929,0.05948
19.82,2,3.34476,2.25053,2.81702,0.62835,0.44502,0.14513,0.05626
19.84,0,1.08087,2.49644,3.14095,0.50020,0.00000,0.00000,
19.84,1,2.21043,2.46426,3.10014,0.45624,0.02166,0.13002,0.06947
19.84,2,3.33288,2.25442,2.82539,0.61068,0.33697,0.14189,0.06552
19.86,0,1.07087,2.49644,3.14095,0.50003,0.00001,0.00000,
19.86,1,2.20144,2.46463,3.10057,0.44616,0.02170,0.13102,0.07948
19.86,2,3.32175,2.25805,2.83043,0.56767,0.21168,0.13920,0.07452
19.88,0,1.06088,2.49645,3.14095,0.49932,0.00001,0.00000,
19.88,1,2.19266,2.46499,3.10105,0.44671,0.02289,0.13222,0.08947
19.88,2,3.31113,2.26147,2.83478,0.55435,0.23210,0.13683,0.08330
19.9,0,1.05089,2.49646,3.14095,0.49917,0.00000,0.00000,
19.9,1,2.18361,2.46536,3.10147,0.45361,0.02031,0.13314,0.09945
19.9,2,3.30055,2.26482,2.83971,0.55531,0.25191,0.13480,0.09236
19.92,0,1.04091,2.49646,3.14095,0.49934,0.00000,0.00000,
19.92,1,2.17468,2.46572,3.10188,0.44020,0.02060,0.13419,0.10944
19.92,2,3.28998,2.26811,2.84464,0.55020,0.23905,0.13268,0.10130
19.94,0,1.03092,2.49647,3.14095,0.49943,0.00000,0.00000,
19.94,1,2.16602,2.46606,3.10229,0.42842,0.02032,0.13551,0.11942
19.94,2,3.28012,2.27123,2.84840,0.51019,0.21612,0.13101,0.10996
19.96,0,1.02143,2.49648,3.14095,0.46698,-0.00007,0.00000,
19.96,1,2.15753,2.46640,3.10269,0.42306,0.01942,0.13649,0.12891
19.96,2,3.27033,2.27422,2.85330,0.51214,0.24912,0.12927,0.11847
19.98,0,1.01197,2.49648,3.14095,0.47674,0.00007,0.00000,
19.98,1,2.14989,2.46672,3.10285,0.36594,0.00935,0.13831,0.13837
19.98,2,3.26058,2.27712,2.85789,0.50447,0.21273,0.12675,0.12611
20.0,0,1.00241,2.49649,3.14095,0.47768,0.00003,0.00000,
20.0,1,2.14238,2.46702,3.10325,0.38148,0.02466,0.14034,0.14793
20.0,2,3.25101,2.27992,2.86193,0.49365,0.19770,0.12431,0.13363
20.02,0,0.99300,2.49649,3.14095,0.47774,0.00001,0.00000,
20.02,1,2.13214,2.46734,3.10523,0.49931,0.15675,0.13951,0.00941
20.02,2,3.24161,2.28262,2.86589,0.48559,0.19848,0.12475,0.14387
20.04,0,0.98326,2.49650,3.14095,0.50726,-0.00004,0.00000,
20.04,1,2.12244,2.46769,3.10843,0.48588,0.15109,0.13955,0.01915
20.04,2,3.23260,2.28522,2.86932,0.44816,0.14605,0.12505,0.15358
20.06,0,0.97297,2.49651,3.14095,0.51405,-0.00002,0.00000,
20.06,1,2.11238,2.46814,3.10954,0.52122,-0.00644,0.13976,0.02944
20.06,2,3.22391,2.28769,2.87311,0.45370,0.21064,0.12608,0.16364
20.08,0,0.96283,2.49651,3.14095,0.50101,0.00001,0.00000,
20.08,1,2.10291,2.46847,3.10893,0.47784,-0.01683,0.14042,0.03958
20.08,2,3.21519,2.29010,2.87717,0.44970,0.18964,0.12649,0.17312
20.1,0,0.95289,2.49652,3.14095,0.49538,0.00001,0.00000,
20.1,1,2.09322,2.46876,3.10910,0.48437,0.02279,0.14067,0.04952
20.1,2,3.20662,2.29242,2.88067,0.43952,0.16753,0.12727,0.18281
20.12,0,0.94297,2.49653,3.14095,0.49763,0.00000,0.00000,
20.12,1,2.08490,2.46906,3.10852,0.36217,-0.10736,0.14226,0.00993
20.12,2,3.19822,2.29467,2.88399,0.43135,0.16577,0.12689,0.19114
20.14,0,0.93299,2.49653,3.14095,0.49990,0.00000,0.00000,
20.14,1,2.07746,2.46954,3.10468,0.39640,-0.31565,0.14480,0.01991
20.14,2,3.18994,2.29685,2.88730,0.42564,0.16425,0.12580,0.19859
20.16,0,0.92299,2.49654,3.14095,0.49987,0.00000,0.00000,
20.16,1,2.06845,2.46998,3.10073,0.52184,-0.05749,0.14577,0.02991
20.16,2,3.18176,2.29898,2.89052,0.41988,0.15812,0.12636,0.20761
20.18,0,0.91300,2.49654,3.14095,0.49920,0.00000,0.00000,
20.18,1,2.05738,2.47041,3.10179,0.57358,0.09267,0.14468,0.03990
20.18,2,3.17369,2.30105,2.89361,0.41346,0.15196,0.12909,0.21869
20.2,0,0.90301,2.49655,3.14095,0.49902,0.00000,0.00000,
20.2,1,2.04618,2.47082,3.10323,0.53982,0.04642,0.14346,0.04988
20.2,2,3.16574,2.30306,2.89660,0.40705,0.14702,0.13206,0.22989
20.22,0,0.89303,2.49656,3.14095,0.49917,0.00000,0.00000,
20.22,1,2.03244,2.47121,3.10440,0.74058,0.06553,0.13968,0.00998
20.22,2,3.15653,2.30514,2.90073,0.63290,0.53505,0.13630,0.00741
20.24,0,0.88305,2.49656,3.14095,0.49926,0.00000,0.00000,
20.24,1,2.01847,2.47159,3.10598,0.68400,0.07105,0.13570,0.01997
20.24,2,3.14521,2.30759,2.91295,0.56548,0.64385,0.13861,0.02137
20.26,0,0.87306,2.49657,3.14095,0.49925,0.00000,0.00000,
20.26,1,2.00556,2.47198,3.10640,0.60462,0.00041,0.13276,0.02995
20.26,2,3.13417,2.31035,2.91998,0.57896,-0.05623,0.14013,0.03430
20.28,0,0.86330,2.49658,3.14095,0.46243,-0.00018,0.00000,
20.28,1,1.99572,2.47238,3.10609,0.45999,-0.00298,0.13267,0.03971
20.28,2,3.12130,2.31333,2.92011,0.71788,0.24916,0.13677,0.04414
20.3,0,0.85393,2.49658,3.14095,0.47361,0.00004,0.00000,
20.3,1,1.98609,2.47275,3.10666,0.49652,0.04411,0.13241,0.04908
20.3,2,3.10616,2.31662,2.92615,0.80675,0.26344,0.13089,0.05377
20.32,0,0.84439,2.49659,3.14095,0.47808,0.00005,0.00000,
20.32,1,1.97388,2.47318,3.10769,0.66145,0.04683,0.12973,0.00954
20.32,2,3.09102,2.31987,2.93010,0.68985,0.20400,0.12760,0.00655
20.34,0,0.83501,2.49660,3.14095,0.45044,0.00014,0.00000,
20.34,1,1.96222,2.47362,3.10867,0.57928,0.02907,0.12745,0.01893
20.34,2,3.07910,2.32241,2.93384,0.54010,0.08176,0.12707,0.01822
20.36,0,0.82532,2.49660,3.14095,0.50630,-0.00005,0.00000,
20.36,1,1.95088,2.47401,3.10901,0.55336,0.01454,0.12578,0.02861
20.36,2,3.06962,2.32480,2.93147,0.50116,-0.25990,0.12864,0.02957
20.38,0,0.81504,2.49661,3.14095,0.51435,-0.00003,0.00000,
20.38,1,1.94252,2.47437,3.10850,0.39950,-0.03381,0.12770,0.03890
20.38,2,3.05915,2.32718,2.92840,0.56698,0.02227,0.12629,0.03794
20.4,0,0.80490,2.49661,3.14095,0.50022,0.00002,0.00000,
20.4,1,1.93427,2.47472,3.10803,0.42930,0.00249,0.12958,0.04903
20.4,2,3.04816,2.32957,2.93297,0.54612,0.35237,0.12331,0.04620
20.42,0,0.79499,2.49662,3.14095,0.49393,0.00001,0.00000,
20.42,1,1.92656,2.47499,3.10924,0.31751,0.00997,0.13178,0.00991
20.42,2,3.03688,2.33208,2.93844,0.58198,0.30553,0.11948,0.00328
20.44,0,0.78509,2.49663,3.14095,0.49631,0.00000,0.00000,
20.44,1,1.91963,2.47511,3.11165,0.39411,0.12669,0.13474,0.01981
20.44,2,3.02562,2.33454,2.94289,0.50889,0.08201,0.11489,0.01021
20.46,0,0.77513,2.49663,3.14095,0.49882,0.00000,0.00000,
20.46,1,1.91016,2.47544,3.11224,0.53234,-0.01290,0.13523,0.02977
20.46,2,3.01720,2.33665,2.94256,0.42621,0.01378,0.11571,0.01968
20.48,0,0.76515,2.49664,3.14095,0.49881,0.00000,0.00000,
20.48,1,1.89893,2.47582,3.11207,0.54640,0.01219,0.13397,0.03975
20.48,2,3.00908,2.33839,2.94469,0.40590,0.16533,0.11863,0.03092
20.5,0,0.75518,2.49665,3.14095,0.49808,0.00000,0.00000,
20.5,1,1.88779,2.47618,3.11253,0.55646,0.02836,0.13279,0.04972
20.5,2,3.00127,2.33995,2.94823,0.39429,0.16962,0.12179,0.04207
20.52,0,0.74522,2.49665,3.14095,0.49788,0.00000,0.00000,
20.52,1,1.87323,2.47653,3.11338,0.80306,0.03636,0.12819,0.00996
20.52,2,2.99211,2.34152,2.95203,0.64586,0.38198,0.12700,0.00795
20.54,0,0.73527,2.49666,3.14095,0.49804,0.00000,0.00000,
20.54,1,1.85887,2.47691,3.11431,0.67495,0.15623,0.12377,0.01992
20.54,2,2.97948,2.34329,2.96329,0.55339,0.71497,0.12855,0.02232
20.56,0,0.72530,2.49667,3.14095,0.49814,0.00000,0.00000,
20.56,1,1.84688,2.47728,3.11714,0.46343,0.08166,0.12175,0.02988
20.56,2,2.96873,2.34515,2.97655,0.56714,0.42359,0.12960,0.03430
20.58,0,0.71534,2.49667,3.14095,0.49812,0.00000,0.00000,
20.58,1,1.83829,2.47761,3.11853,0.43083,0.06381,0.12311,0.03984
20.58,2,2.95626,2.34764,2.97467,0.70108,-0.29721,0.12550,0.04291
20.6,0,0.70538,2.49668,3.14095,0.49809,0.00000,0.00000,
20.6,1,1.82934,2.47789,3.11899,0.46458,-0.00114,0.12411,0.04980
20.6,2,2.94113,2.35017,2.97166,0.80230,0.00862,0.11911,0.05186
20.62,0,0.69542,2.49668,3.14095,0.49808,0.00000,0.00000,
20.62,1,1.81638,2.47810,3.11961,0.65982,0.10696,0.12112,0.00996
20.62,2,2.92555,2.35277,2.97493,0.76698,0.27875,0.11623,0.00705
20.64,0,0.68546,2.49669,3.14095,0.49809,0.00000,0.00000,
20.64,1,1.80318,2.47832,3.12175,0.65982,0.10730,0.11788,0.01992
20.64,2,2.90978,2.35538,2.97899,0.81840,0.13106,0.11341,0.02025
20.66,0,0.67593,2.49670,3.14095,0.46465,-0.00010,0.00000,
20.66,1,1.79100,2.47863,3.12253,0.59943,-0.03973,0.11522,0.02945
20.66,2,2.89385,2.35798,2.98072,0.77204,0.07259,0.10943,0.03244
20.68,0,0.66651,2.49670,3.14095,0.47500,0.00006,0.00000,
20.68,1,1.78131,2.47890,3.12122,0.39279,-0.05364,0.11495,0.03887
20.68,2,2.88079,2.36028,2.98145,0.61334,0.07035,0.10586,0.04213
20.7,0,0.65698,2.49671,3.14095,0.47672,0.00003,0.00000,
20.7,1,1.77339,2.47915,3.12065,0.40313,-0.03404,0.11655,0.04840
20.7,2,2.86870,2.36235,2.98373,0.61712,0.12953,0.10153,0.05006
20.72,0,0.64769,2.49672,3.14095,0.47615,0.00003,0.00000,
20.72,1,1.76498,2.47935,3.12039,0.40760,0.01100,0.11742,0.05769
20.72,2,2.85733,2.36423,2.98655,0.48797,0.21298,0.09841,0.00425
20.74,0,0.63766,2.49672,3.14095,0.51427,-0.00006,0.00000,
20.74,1,1.75603,2.47955,3.12076,0.49678,0.01597,0.11851,0.06772
20.74,2,2.85000,2.36576,2.98929,0.32809,0.08070,0.09987,0.01320
20.76,0,0.62740,2.49673,3.14095,0.50820,-0.00000,0.00000,
20.76,1,1.74581,2.47976,3.12098,0.50584,0.00747,0.11854,0.07798
20.76,2,2.84331,2.36719,2.98981,0.36562,0.00111,0.10325,0.02342
20.78,0,0.61739,2.49673,3.14095,0.49532,0.00002,0.00000,
20.78,1,1.73619,2.47996,3.12112,0.46145,0.00773,0.11893,0.08799
20.78,2,2.83547,2.36843,2.99074,0.41393,0.08769,0.10492,0.03305
20.8,0,0.60752,2.49674,3.14095,0.49352,0.00000,0.00000,
20.8,1,1.72722,2.48015,3.12129,0.44339,0.00918,0.11983,0.09786
20.8,2,2.82767,2.36962,2.99362,0.40043,0.14801,0.10599,0.04202
20.82,0,0.59761,2.49675,3.14095,0.49679,-0.00000,0.00000,
20.82,1,1.71808,2.48032,3.12216,0.42032,0.06039,0.12059,0.00991
20.82,2,2.81902,2.37090,2.99552,0.45302,0.06833,0.10636,0.05116
20.84,0,0.58766,2.49675,3.14095,0.49822,0.00000,0.00000,
20.84,1,1.70966,2.48048,3.12282,0.41342,0.00793,0.12212,0.01986
20.84,2,2.81024,2.37219,2.99691,0.42970,0.07718,0.10590,0.05958
20.86,0,0.57770,2.49676,3.14095,0.49766,0.00000,0.00000,
20.86,1,1.70046,2.48066,3.12285,0.48752,0.00123,0.12288,0.02982
20.86,2,2.80207,2.37338,2.99865,0.40310,0.09114,0.10682,0.06879
20.88,0,0.56775,2.49677,3.14095,0.49709,0.00000,0.00000,
20.88,1,1.69117,2.48084,3.12304,0.47086,0.01160,0.12353,0.03977
20.88,2,2.79423,2.37452,3.00034,0.36602,0.04452,0.10817,0.07808
20.9,0,0.55781,2.49677,3.14095,0.49709,0.00000,0.00000,
20.9,1,1.68087,2.48104,3.12318,0.53362,0.00538,0.12317,0.04971
20.9,2,2.78733,2.37558,3.00131,0.35943,0.08276,0.11147,0.08838
20.92,0,0.54786,2.49678,3.14095,0.49726,0.00000,0.00000,
20.92,1,1.66725,2.48124,3.12362,0.70276,0.03239,0.11949,0.00994
20.92,2,2.77855,2.37666,3.00393,0.65175,0.30750,0.11622,0.00709
20.94,0,0.53792,2.49679,3.14095,0.49731,0.00000,0.00000,
20.94,1,1.65335,2.48144,3.12429,0.65387,0.03804,0.11553,0.01989
20.94,2,2.76729,2.37777,3.01235,0.50942,0.49567,0.11876,0.02099
20.96,0,0.52797,2.49679,3.14095,0.49727,0.00000,0.00000,
20.96,1,1.64070,2.48164,3.12465,0.55938,-0.00211,0.11283,0.02984
20.96,2,2.75716,2.37889,3.02222,0.50949,0.49663,0.12118,0.03365
20.98,0,0.51803,2.49680,3.14095,0.49725,0.00000,0.00000,
20.98,1,1.63170,2.48182,3.12437,0.44136,-0.01123,0.11377,0.03978
20.98,2,2.74600,2.38048,3.02467,0.63742,-0.14004,0.11890,0.04265
21.0,0,0.50808,2.49680,3.14095,0.49725,0.00000,0.00000,
21.0,1,1.62271,2.48202,3.12412,0.45857,-0.00509,0.11473,0.04973
21.0,2,2.73188,2.38220,3.02194,0.74666,-0.05354,0.11365,0.05164
21.02,0,0.49814,2.49681,3.14095,0.49726,0.00000,0.00000,
21.02,1,1.61341,2.48217,3.12422,0.46621,0.01042,0.11537,0.05967
21.02,2,2.71577,2.38411,3.02231,0.83967,0.06360,0.10670,0.06093
21.04,0,0.48819,2.49682,3.14095,0.49726,0.00000,0.00000,
21.04,1,1.60429,2.48232,3.12444,0.44361,0.01070,0.11619,0.06962
21.04,2,2.69955,2.38601,3.02382,0.76905,0.07300,0.09948,0.07006
21.06,0,0.47825,2.49682,3.14095,0.49726,0.00000,0.00000,
21.06,1,1.59522,2.48247,3.12459,0.45913,0.00553,0.11707,0.07956
21.06,2,2.68569,2.38763,3.02501,0.65210,0.04925,0.09459,0.07913
21.08,0,0.46830,2.49683,3.14095,0.49726,0.00000,0.00000,
21.08,1,1.58617,2.48262,3.12471,0.45020,0.00672,0.11796,0.08951
21.08,2,2.67384,2.38911,3.02512,0.51064,-0.07431,0.09168,0.08818
21.1,0,0.45836,2.49684,3.14095,0.49726,0.00000,0.00000,
21.1,1,1.57705,2.48278,3.12483,0.45738,0.00611,0.11878,0.09945
21.1,2,2.66354,2.39055,3.02212,0.52899,-0.13568,0.09040,0.09731
21.12,0,0.44841,2.49684,3.14095,0.49726,0.00000,0.00000,
21.12,1,1.56761,2.48293,3.12554,0.43353,0.05041,0.11929,0.00995
21.12,2,2.65278,2.39191,3.02224,0.59117,0.17748,0.08897,0.00446
21.14,0,0.43914,2.49685,3.14095,0.46872,-0.00001,0.00000,
21.14,1,1.55861,2.48306,3.12614,0.47814,0.01054,0.11955,0.01922
21.14,2,2.64066,2.39338,3.02643,0.58335,0.17997,0.08576,0.01346
21.16,0,0.42967,2.49686,3.14095,0.47597,0.00006,0.00000,
21.16,1,1.54844,2.48322,3.12612,0.52323,-0.00344,0.11886,0.02869
21.16,2,2.62938,2.39485,3.02996,0.54351,0.13581,0.08454,0.02363
21.18,0,0.42026,2.49686,3.14095,0.44233,0.00018,0.00000,
21.18,1,1.53807,2.48338,3.12615,0.50890,0.00521,0.11790,0.03810
21.18,2,2.61972,2.39598,3.03088,0.38279,-0.06701,0.08517,0.03400
21.2,0,0.41071,2.49687,3.14095,0.50156,-0.00005,0.00000,
21.2,1,1.52819,2.48353,3.12630,0.48453,0.00825,0.11756,0.04765
21.2,2,2.61235,2.39698,3.02989,0.38506,-0.06295,0.08761,0.04389
21.22,0,0.40046,2.49687,3.14095,0.51392,-0.00004,0.00000,
21.22,1,1.51512,2.48368,3.12716,0.65999,0.11127,0.11474,0.01025
21.22,2,2.60328,2.39795,3.03014,0.56607,0.24515,0.09153,0.00706
21.24,0,0.39033,2.49688,3.14095,0.49999,0.00001,0.00000,
21.24,1,1.50192,2.48383,3.12938,0.66000,0.11167,0.11167,0.02038
21.24,2,2.59368,2.39899,3.03902,0.46516,0.46901,0.09505,0.02026
21.26,0,0.38043,2.49689,3.14095,0.49249,0.00001,0.00000,
21.26,1,1.48924,2.48414,3.13248,0.59552,0.12431,0.10888,0.03028
21.26,2,2.58392,2.40018,3.04444,0.54030,0.02514,0.09790,0.03295
21.28,0,0.37057,2.49689,3.14095,0.49449,0.00000,0.00000,
21.28,1,1.47930,2.48425,3.13321,0.39165,-0.00783,0.10880,0.04014
21.28,2,2.57187,2.40140,3.04284,0.63005,-0.07543,0.09571,0.04289
21.3,0,0.36065,2.49690,3.14095,0.49723,0.00000,0.00000,
21.3,1,1.47097,2.48429,3.13289,0.44017,-0.01624,0.11039,0.05006
21.3,2,2.55891,2.40268,3.04260,0.65275,0.03916,0.09100,0.05122
21.32,0,0.35070,2.49691,3.14095,0.49741,0.00000,0.00000,
21.32,1,1.46205,2.48435,3.13266,0.41608,-0.00598,0.11142,0.06001
21.32,2,2.54650,2.40395,3.04437,0.57978,0.20626,0.08743,0.00440
21.34,0,0.34076,2.49691,3.14095,0.49666,0.00000,0.00000,
21.34,1,1.45279,2.48442,3.13254,0.49014,-0.00638,0.11210,0.06995
21.34,2,2.53573,2.40510,3.04873,0.43139,0.11316,0.08585,0.01366
21.36,0,0.33083,2.49692,3.14095,0.49640,0.00000,0.00000,
21.36,1,1.44296,2.48450,3.13241,0.48269,-0.00597,0.11220,0.07988
21.36,2,2.52776,2.40620,3.05038,0.40316,0.06837,0.08762,0.02349
21.38,0,0.32090,2.49692,3.14095,0.49655,0.00000,0.00000,
21.38,1,1.43367,2.48459,3.13230,0.45147,-0.00553,0.11284,0.08981
21.38,2,2.51961,2.40713,3.05107,0.41522,0.01898,0.08870,0.03278
21.4,0,0.31097,2.49693,3.14095,0.49666,0.00000,0.00000,
21.4,1,1.42480,2.48467,3.13219,0.44061,-0.00552,0.11390,0.09974
21.4,2,2.51153,2.40786,3.05165,0.41083,0.03446,0.08944,0.04165
21.42,0,0.30103,2.49694,3.14095,0.49665,0.00000,0.00000,
21.42,1,1.41568,2.48475,3.13240,0.41955,0.01944,0.11472,0.00993
21.42,2,2.50191,2.40861,3.05269,0.61787,0.11688,0.08889,0.00430
21.44,0,0.29110,2.49694,3.14095,0.49661,0.00000,0.00000,
21.44,1,1.40684,2.48483,3.13258,0.47399,-0.00160,0.11581,0.01987
21.44,2,2.48957,2.40937,3.05621,0.60081,0.19008,0.08536,0.01314
21.46,0,0.28117,2.49695,3.14095,0.49661,0.00000,0.00000,
21.46,1,1.39673,2.48492,3.13242,0.52111,-0.00921,0.11562,0.02980
21.46,2,2.47792,2.41013,3.06011,0.54974,0.18261,0.08378,0.02326
21.48,0,0.27124,2.49696,3.14095,0.49662,0.00000,0.00000,
21.48,1,1.38642,2.48501,3.13229,0.50436,-0.00445,0.11525,0.03973
21.48,2,2.46786,2.41098,3.06098,0.38372,-0.08451,0.08397,0.03357
21.5,0,0.26130,2.49696,3.14095,0.49662,0.00000,0.00000,
21.5,1,1.37664,2.48510,3.13223,0.47906,-0.00257,0.11540,0.04966
21.5,2,2.46055,2.41178,3.05936,0.37554,-0.09451,0.08639,0.04335
21.52,0,0.25137,2.49697,3.14095,0.49662,0.00000,0.00000,
21.52,1,1.36356,2.48519,3.13233,0.67873,0.01307,0.11225,0.00993
21.52,2,2.45166,2.41250,3.05919,0.56321,0.23178,0.09053,0.00716
21.54,0,0.24144,2.49698,3.14095,0.49662,0.00000,0.00000,
21.54,1,1.35047,2.48529,3.13264,0.65464,0.01521,0.10909,0.01986
21.54,2,2.44209,2.41321,3.06773,0.46232,0.44899,0.09400,0.02025
21.56,0,0.23151,2.49698,3.14095,0.49662,0.00000,0.00000,
21.56,1,1.33809,2.48539,3.13280,0.58503,-0.00030,0.10664,0.02980
21.56,2,2.43225,2.41416,3.07142,0.54443,-0.07604,0.09647,0.03264
21.58,0,0.22157,2.49699,3.14095,0.49662,0.00000,0.00000,
21.58,1,1.32864,2.48549,3.13258,0.40593,-0.01318,0.10712,0.03973
21.58,2,2.42024,2.41507,3.06862,0.62743,-0.11207,0.09387,0.04209
21.6,0,0.21164,2.49699,3.14095,0.49662,0.00000,0.00000,
21.6,1,1.32003,2.48558,3.13248,0.44933,-0.00066,0.10845,0.04966
21.6,2,2.40737,2.41599,3.06796,0.63837,0.02546,0.08956,0.05069
21.62,0,0.20171,2.49700,3.14095,0.49662,0.00000,0.00000,
21.62,1,1.31088,2.48566,3.13248,0.45815,-0.00105,0.10922,0.05959
21.62,2,2.39461,2.41691,3.06867,0.63481,0.03192,0.08591,0.05985
21.64,0,0.19178,2.49701,3.14095,0.49662,0.00000,0.00000,
21.64,1,1.30220,2.48574,3.13246,0.46738,-0.00390,0.11048,0.06953
21.64,2,2.38220,2.41781,3.06905,0.61173,0.01041,0.08213,0.06853
21.66,0,0.18184,2.49701,3.14095,0.49662,0.00000,0.00000,
21.66,1,1.29234,2.48584,3.13235,0.49869,-0.00517,0.11056,0.07946
21.66,2,2.37093,2.41867,3.06876,0.51802,-0.03022,0.08068,0.07838
21.68,0,0.17191,2.49702,3.14095,0.49662,0.00000,0.00000,
21.68,1,1.28269,2.48593,3.13227,0.46691,-0.00309,0.11083,0.08939
21.68,2,2.36029,2.41949,3.06889,0.54593,0.02801,0.07965,0.08804
21.7,0,0.16198,2.49703,3.14095,0.49662,0.00000,0.00000,
21.7,1,1.27436,2.48601,3.13216,0.38550,-0.00636,0.11243,0.09932
21.7,2,2.34932,2.42030,3.06949,0.54810,0.02410,0.07697,0.09637
21.72,0,0.15234,2.49703,3.14095,0.46121,-0.00015,0.00000,
21.72,1,1.26639,2.48609,3.13210,0.40826,-0.00140,0.11410,0.10896
21.72,2,2.33879,2.42108,3.06999,0.54110,0.01224,0.07437,0.10434
21.74,0,0.14299,2.49704,3.14095,0.47221,0.00005,0.00000,
21.74,1,1.25816,2.48617,3.13207,0.40964,-0.00189,0.11522,0.11831
21.74,2,2.32766,2.42188,3.07005,0.56263,0.00191,0.07142,0.11256
21.76,0,0.13349,2.49704,3.14095,0.47565,0.00004,0.00000,
21.76,1,1.25012,2.48624,3.13202,0.39600,-0.00292,0.11667,0.12781
21.76,2,2.31664,2.42267,3.07020,0.54129,0.01154,0.06842,0.12061
21.78,0,0.12423,2.49705,3.14096,0.47536,0.00003,0.00000,
21.78,1,1.24248,2.48632,3.13198,0.38373,-0.00210,0.11830,0.13708
21.78,2,2.30608,2.42343,3.07046,0.52215,0.01355,0.06545,0.12825
21.8,0,0.11421,2.49706,3.14095,0.51332,-0.00007,0.00000,
21.8,1,1.23442,2.48639,3.13192,0.41224,-0.00311,0.12026,0.14709
21.8,2,2.29574,2.42416,3.07071,0.51629,0.01105,0.06314,0.13631
21.82,0,0.10397,2.49706,3.14095,0.50699,-0.00001,0.00000,
21.82,1,1.22260,2.48647,3.13139,0.59479,-0.07872,0.11868,0.01024
21.82,2,2.28663,2.42487,3.07040,0.45554,0.00080,0.06581,0.14813
21.84,0,0.09399,2.49707,3.14095,0.49410,0.00002,0.00000,
21.84,1,1.21107,2.48655,3.12986,0.57639,-0.07770,0.11714,0.02022
21.84,2,2.27733,2.42555,3.07078,0.47045,0.02525,0.06800,0.15965
21.86,0,0.08414,2.49708,3.14095,0.49237,0.00000,0.00000,
21.86,1,1.19962,2.48645,3.12848,0.56475,-0.04487,0.11553,0.03007
21.86,2,2.26822,2.42621,3.07128,0.44284,0.02605,0.07029,0.17111
21.88,0,0.07426,2.49708,3.14095,0.49566,-0.00000,0.00000,
21.88,1,1.18976,2.48654,3.12802,0.47443,-0.00314,0.11555,0.03995
21.88,2,2.25888,2.42688,3.07146,0.48195,0.00094,0.07078,0.18097
21.9,0,0.06432,2.49709,3.14095,0.49708,0.00000,0.00000,
21.9,1,1.18009,2.48672,3.12836,0.48927,0.02471,0.11581,0.04989
21.9,2,2.24930,2.42755,3.07152,0.47304,0.00629,0.07085,0.19064
21.92,0,0.05439,2.49710,3.14095,0.49651,0.00000,0.00000,
21.92,1,1.16778,2.48691,3.12884,0.62322,0.02741,0.11344,0.00994
21.92,2,2.23869,2.42820,3.07254,0.70791,0.19887,0.07252,0.00655
21.94,0,0.04447,2.49710,3.14095,0.49594,0.00000,0.00000,
21.94,1,1.15534,2.48707,3.12928,0.61572,0.00241,0.11092,0.01986
21.94,2,2.22525,2.42884,3.07799,0.66932,0.27457,0.07150,0.01899
21.96,0,0.03455,2.49711,3.14095,0.49595,0.00000,0.00000,
21.96,1,1.14378,2.48720,3.12902,0.54442,-0.01211,0.10928,0.02978
21.96,2,2.21239,2.42957,3.08281,0.61595,0.11511,0.07017,0.03055
21.98,0,0.02463,2.49711,3.14095,0.49612,0.00000,0.00000,
21.98,1,1.13446,2.48733,3.12883,0.41165,-0.00818,0.10988,0.03970
21.98,2,2.20003,2.43055,3.08152,0.54285,-0.16300,0.06708,0.03987
22.0,0,0.01470,2.49712,3.14095,0.49616,0.00000,0.00000,
22.0,1,1.12570,2.48746,3.12893,0.45820,0.01263,0.11104,0.04962
22.0,2,2.19024,2.43126,3.07980,0.50250,0.04173,0.06602,0.04863
22.02,0,0.00478,2.49713,3.14095,0.49612,0.00000,0.00000,
22.02,1,1.11636,2.48758,3.12920,0.46676,0.01122,0.11163,0.05954
22.02,2,2.18016,2.43187,3.08186,0.47303,0.11799,0.06525,0.05797
22.04,0,-0.00514,2.49713,3.14095,0.49610,0.00000,0.00000,
22.04,1,1.10745,2.48770,3.12938,0.44306,0.00693,0.11263,0.06947
22.04,2,2.16965,2.43255,3.08282,0.57319,-0.00428,0.06363,0.06688
22.06,0,-0.01506,2.49714,3.14095,0.49610,0.00000,0.00000,
22.06,1,1.09822,2.48781,3.12948,0.47024,0.00470,0.11332,0.07939
22.06,2,2.15798,2.43326,3.08246,0.57824,-0.01342,0.06117,0.07612
22.08,0,-0.02499,2.49715,3.14095,0.49611,0.00000,0.00000,
22.08,1,1.08891,2.48792,3.12959,0.45780,0.00643,0.11393,0.08931
22.08,2,2.14692,2.43392,3.08253,0.53473,0.01397,0.05939,0.08543
22.1,0,-0.03491,2.49715,3.14095,0.49611,0.00000,0.00000,
22.1,1,1.07996,2.48803,3.12973,0.43993,0.00670,0.11491,0.09923
22.1,2,2.13650,2.43454,3.08285,0.51642,0.01483,0.05789,0.09437
22.12,0,-0.04483,2.49716,3.14095,0.49611,0.00000,0.00000,
22.12,1,1.07126,2.48813,3.12985,0.43309,0.00608,0.11612,0.10916
22.12,2,2.12690,2.43513,3.08285,0.48896,0.00836,0.05697,0.10308
22.14,0,-0.05475,2.49717,3.14095,0.49611,0.00000,0.00000,
22.14,1,1.06263,2.48823,3.12997,0.42979,0.00576,0.11742,0.11908
22.14,2,2.11702,2.43572,3.08311,0.49600,0.01410,0.05570,0.11171
22.16,0,-0.06467,2.49717,3.14095,0.49611,0.00000,0.00000,
22.16,1,1.05466,2.48833,3.13003,0.36576,0.00119,0.11937,0.12900
22.16,2,2.10782,2.43628,3.08314,0.45757,0.00738,0.05445,0.11968
22.18,0,-0.07460,2.49718,3.14095,0.49611,0.00000,0.00000,
22.18,1,1.04714,2.48842,3.13013,0.38302,0.00716,0.12177,0.13892
22.18,2,2.09870,2.43682,3.08339,0.45543,0.01363,0.05283,0.12720
22.2,0,-0.08452,2.49718,3.14095,0.49611,0.00000,0.00000,
22.2,1,1.03946,2.48851,3.13028,0.38157,0.00639,0.12401,0.14884
22.2,2,2.08969,2.43735,3.08362,0.44711,0.00914,0.05148,0.13488
22.22,0,-0.09444,2.49719,3.14095,0.49611,0.00000,0.00000,
22.22,1,1.03213,2.48860,3.13040,0.37216,0.00529,0.12660,0.15877
22.22,2,2.08113,2.43785,3.08442,0.50360,0.12581,0.05023,0.00363
22.24,0,-0.10436,2.49720,3.14095,0.49611,0.00000,0.00000,
22.24,1,1.02437,2.48869,3.13049,0.39367,0.00395,0.12877,0.16869
22.24,2,2.07078,2.43833,3.08366,0.51374,-0.07856,0.04762,0.01139
22.26,0,-0.11429,2.49720,3.14095,0.49611,0.00000,0.00000,
22.26,1,1.01662,2.48877,3.13057,0.38028,0.00477,0.13093,0.17861
22.26,2,2.06173,2.43876,3.08161,0.39065,-0.06298,0.04631,0.01914
22.28,0,-0.12421,2.49721,3.14095,0.49611,0.00000,0.00000,
22.28,1,1.00919,2.48885,3.13067,0.36524,0.00489,0.13343,0.18853
22.28,2,2.05531,2.43917,3.08155,0.23694,0.00215,0.04729,0.02657
22.3,0,-0.13413,2.49722,3.14095,0.49611,0.00000,0.00000,
22.3,1,1.00196,2.48893,3.13077,0.36041,0.00451,0.13612,0.19846
22.3,2,2.05094,2.43955,3.08158,0.24907,0.01237,0.05014,0.03381
22.32,0,-0.14405,2.49722,3.14095,0.49611,0.00000,0.00000,
22.32,1,0.99477,2.48901,3.13085,0.35786,0.00429,0.13885,0.20838
22.32,2,2.04442,2.43993,3.08235,0.44371,0.08093,0.05079,0.00359
22.34,0,-0.15397,2.49723,3.14095,0.49611,0.00000,0.00000,
22.34,1,0.98767,2.48909,3.13094,0.35274,0.00419,0.14167,0.21830
22.34,2,2.03691,2.44032,3.08474,0.36763,0.12415,0.05037,0.01069
22.36,0,-0.16390,2.49723,3.14095,0.49611,0.00000,0.00000,
22.36,1,0.98085,2.48916,3.13100,0.29247,-0.00115,0.14477,0.22822
22.36,2,2.02973,2.44065,3.08693,0.34496,0.07315,0.05000,0.01751
22.38,0,-0.17382,2.49724,3.14095,0.49611,0.00000,0.00000,
22.38,1,0.97483,2.48923,3.13104,0.30845,0.00434,0.14868,0.23814
22.38,2,2.02253,2.44103,3.08722,0.34093,-0.02731,0.04881,0.02353
22.4,0,-0.18374,2.49725,3.14095,0.49611,0.00000,0.00000,
22.4,1,0.96859,2.48930,3.13115,0.31232,0.00508,0.15236,0.24807
22.4,2,2.01680,2.44142,3.08649,0.29315,-0.00414,0.04931,0.02977
22.42,0,-0.19366,2.49725,3.14095,0.49611,0.00000,0.00000,
22.42,1,0.95993,2.48937,3.13192,0.40144,0.06555,0.15362,0.00992
22.42,2,2.00985,2.44180,3.08716,0.45038,0.07476,0.05100,0.00433
22.44,0,-0.20359,2.49726,3.14095,0.49611,0.00000,0.00000,
22.44,1,0.95189,2.48947,3.13312,0.40757,0.03089,0.15550,0.01984
22.44,2,2.00195,2.44224,3.08835,0.38218,0.05078,0.05112,0.01238
22.46,0,-0.21351,2.49727,3.14095,0.49611,0.00000,0.00000,
22.46,1,0.94263,2.48958,3.13278,0.51357,-0.03254,0.15617,0.02977
22.46,2,1.99407,2.44255,3.09016,0.41440,0.09630,0.05249,0.02163
22.48,0,-0.22276,2.49727,3.14095,0.46774,-0.00001,0.00000,
22.48,1,0.93197,2.48967,3.13239,0.55048,-0.00599,0.15475,0.03902
22.48,2,1.98527,2.44300,3.09116,0.45438,0.01528,0.05434,0.03230
22.5,0,-0.23221,2.49728,3.14095,0.47494,0.00006,0.00000,
22.5,1,0.92061,2.48976,3.13249,0.56791,0.00967,0.15284,0.04847
22.5,2,1.97624,2.44349,3.09116,0.44492,-0.00202,0.05665,0.04366
22.52,0,-0.24155,2.49728,3.14095,0.44799,0.00015,0.00000,
22.52,1,0.90963,2.48985,3.13266,0.53249,0.00637,0.15120,0.05781
22.52,2,1.96760,2.44394,3.09127,0.42450,0.01212,0.05897,0.05464
22.54,0,-0.25119,2.49729,3.14096,0.50449,-0.00006,0.00000,
22.54,1,0.89948,2.48994,3.13273,0.43610,-0.00281,0.15070,0.06745
22.54,2,1.95929,2.44438,3.09153,0.38300,-0.00133,0.06079,0.06479
22.56,0,-0.26144,2.49730,3.14095,0.51223,-0.00003,0.00000,
22.56,1,0.89050,2.49003,3.13275,0.46239,0.00451,0.15197,0.07770
22.56,2,1.95203,2.44478,3.09150,0.37370,0.01034,0.06249,0.07376
22.58,0,-0.27153,2.49730,3.14095,0.49782,0.00002,0.00000,
22.58,1,0.88106,2.49011,3.13287,0.47460,0.00610,0.15262,0.08779
22.58,2,1.94443,2.44517,3.09182,0.38212,0.01652,0.06432,0.08320
22.6,0,-0.28140,2.49731,3.14095,0.49154,0.00001,0.00000,
22.6,1,0.87185,2.49019,3.13298,0.43680,0.00587,0.15327,0.09766
22.6,2,1.93705,2.44554,3.09214,0.35666,0.01653,0.06614,0.09242
22.62,0,-0.29125,2.49732,3.14095,0.49401,-0.00000,0.00000,
22.62,1,0.86260,2.49027,3.13306,0.47830,0.00297,0.15387,0.10751
22.62,2,1.92952,2.44592,3.09270,0.31743,0.09115,0.06784,0.00473
22.64,0,-0.30116,2.49732,3.14095,0.49654,-0.00000,0.00000,
22.64,1,0.85301,2.49036,3.13312,0.47488,0.00348,0.15419,0.11742
22.64,2,1.92400,2.44630,3.09272,0.27712,-0.02616,0.07189,0.01432
22.66,0,-0.31109,2.49733,3.14095,0.49651,0.00000,0.00000,
22.66,1,0.84374,2.49043,3.13320,0.45404,0.00397,0.15486,0.12735
22.66,2,1.91740,2.44671,3.09179,0.36222,-0.04308,0.07455,0.02358
22.68,0,-0.32102,2.49734,3.14095,0.49576,0.00000,0.00000,
22.68,1,0.83480,2.49051,3.13328,0.44381,0.00372,0.15583,0.13727
22.68,2,1.90912,2.44713,3.09177,0.43920,0.02660,0.07520,0.03253
22.7,0,-0.33093,2.49734,3.14095,0.49557,0.00000,0.00000,
22.7,1,0.82596,2.49058,3.13335,0.44062,0.00346,0.15691,0.14719
22.7,2,1.90091,2.44754,3.09267,0.40928,0.04130,0.07581,0.04137
22.72,0,-0.34084,2.49735,3.14095,0.49573,0.00000,0.00000,
22.72,1,0.81466,2.49066,3.13370,0.60742,0.02441,0.15552,0.00991
22.72,2,1.89100,2.44797,3.09338,0.64123,0.08442,0.07719,0.00607
22.74,0,-0.35076,2.49735,3.14095,0.49583,0.00000,0.00000,
22.74,1,0.80351,2.49073,3.13414,0.53392,0.01415,0.15428,0.01983
22.74,2,1.87851,2.44843,3.09495,0.60411,0.07699,0.07584,0.01723
22.76,0,-0.36067,2.49736,3.14095,0.49581,0.00000,0.00000,
22.76,1,0.79150,2.49083,3.13414,0.63194,-0.00517,0.15219,0.02975
22.76,2,1.86653,2.44887,3.09609,0.58938,0.02579,0.07584,0.02923
22.78,0,-0.37059,2.49737,3.14095,0.49578,0.00000,0.00000,
22.78,1,0.78063,2.49093,3.13404,0.53520,0.00176,0.15124,0.03966
22.78,2,1.85514,2.44938,3.09616,0.55547,-0.00304,0.07531,0.04010
22.8,0,-0.38051,2.49737,3.14095,0.49577,0.00000,0.00000,
22.8,1,0.77011,2.49101,3.13417,0.51881,0.00756,0.15063,0.04958
22.8,2,1.84559,2.44987,3.09582,0.48521,0.00523,0.07626,0.05062
22.82,0,-0.39042,2.49738,3.14095,0.49578,0.00000,0.00000,
22.82,1,0.75615,2.49109,3.13438,0.76956,0.01203,0.14659,0.00992
22.82,2,1.83434,2.45035,3.09647,0.73530,0.07845,0.07896,0.00766
22.84,0,-0.40034,2.49739,3.14095,0.49579,0.00000,0.00000,
22.84,1,0.74306,2.49117,3.13458,0.63072,0.01050,0.14342,0.01983
22.84,2,1.82097,2.45083,3.09860,0.61982,0.12766,0.07866,0.02074
22.86,0,-0.41025,2.49739,3.14095,0.49579,0.00000,0.00000,
22.86,1,0.73203,2.49126,3.13462,0.41011,-0.00869,0.14230,0.02975
22.86,2,1.80851,2.45132,3.10088,0.63342,0.07515,0.07722,0.03178
22.88,0,-0.42017,2.49740,3.14095,0.49578,0.00000,0.00000,
22.88,1,0.72383,2.49134,3.13445,0.41011,-0.00866,0.14401,0.03966
22.88,2,1.79545,2.45185,3.10119,0.66634,-0.01676,0.07234,0.03998
22.9,0,-0.43008,2.49741,3.14095,0.49578,0.00000,0.00000,
22.9,1,0.71519,2.49142,3.13440,0.45572,0.00265,0.14529,0.04958
22.9,2,1.78295,2.45238,3.10064,0.62264,-0.01164,0.06847,0.04862
22.92,0,-0.44000,2.49741,3.14095,0.49578,0.00000,0.00000,
22.92,1,0.70358,2.49150,3.13462,0.63218,0.01197,0.14360,0.00992
22.92,2,1.77108,2.45287,3.10092,0.51986,0.03916,0.06819,0.00632
22.94,0,-0.44991,2.49742,3.14095,0.49578,0.00000,0.00000,
22.94,1,0.69100,2.49158,3.13486,0.60304,0.01368,0.14093,0.01983
22.94,2,1.76235,2.45326,3.10133,0.40581,0.00141,0.07204,0.01891
22.96,0,-0.45983,2.49742,3.14095,0.49578,0.00000,0.00000,
22.96,1,0.68010,2.49165,3.13517,0.55511,0.00926,0.13995,0.02975
22.96,2,1.75363,2.45364,3.10073,0.46456,0.01242,0.07420,0.02981
22.98,0,-0.46975,2.49743,3.14095,0.49578,0.00000,0.00000,
22.98,1,0.67127,2.49171,3.13510,0.40303,-0.00745,0.14103,0.03966
22.98,2,1.74399,2.45404,3.10157,0.48315,0.05363,0.07338,0.03863
23.0,0,-0.47966,2.49744,3.14095,0.49578,0.00000,0.00000,
23.0,1,0.66317,2.49181,3.13484,0.41316,-0.02543,0.14285,0.04958
23.0,2,1.73281,2.45451,3.10201,0.59879,0.00140,0.07029,0.04673
23.02,0,-0.48958,2.49744,3.14095,0.49578,0.00000,0.00000,
23.02,1,0.65466,2.49187,3.13448,0.41101,-0.00490,0.14425,0.05949
23.02,2,1.72116,2.45498,3.10203,0.56641,0.00468,0.06714,0.05525
23.04,0,-0.49949,2.49745,3.14095,0.49578,0.00000,0.00000,
23.04,1,0.64485,2.49193,3.13458,0.53545,0.00911,0.14436,0.06941
23.04,2,1.70969,2.45543,3.10211,0.57383,0.00488,0.06547,0.06506
23.06,0,-0.50941,2.49746,3.14095,0.49578,0.00000,0.00000,
23.06,1,0.63411,2.49199,3.13473,0.52286,0.00471,0.14353,0.07933
23.06,2,1.69899,2.45588,3.10204,0.47621,-0.01628,0.06549,0.07580
23.08,0,-0.51932,2.49746,3.14095,0.49578,0.00000,0.00000,
23.08,1,0.62421,2.49205,3.13478,0.47564,0.00223,0.14355,0.08924
23.08,2,1.68930,2.45629,3.10209,0.49409,0.01393,0.06568,0.08570
23.1,0,-0.52924,2.49747,3.14095,0.49578,0.00000,0.00000,
23.1,1,0.61489,2.49212,3.13484,0.46323,0.00341,0.14414,0.09916
23.1,2,1.67933,2.45669,3.10240,0.49875,0.01325,0.06503,0.09502
23.12,0,-0.53916,2.49747,3.14095,0.49578,0.00000,0.00000,
23.12,1,0.60558,2.49218,3.13491,0.46701,0.00384,0.14475,0.10907
23.12,2,1.67043,2.45708,3.10280,0.31495,0.04644,0.06542,0.00466
23.14,0,-0.54907,2.49748,3.14095,0.49578,0.00000,0.00000,
23.14,1,0.59699,2.49224,3.13495,0.40290,0.00122,0.14608,0.11899
23.14,2,1.66583,2.45737,3.10355,0.16215,0.00671,0.06940,0.01325
23.16,0,-0.55899,2.49749,3.14095,0.49578,0.00000,0.00000,
23.16,1,0.58874,2.49230,3.13502,0.41889,0.00435,0.14774,0.12890
23.16,2,1.66352,2.45765,3.10329,0.11115,-0.04077,0.07534,0.02151
23.18,0,-0.56890,2.49749,3.14095,0.49578,0.00000,0.00000,
23.18,1,0.58038,2.49236,3.13510,0.41461,0.00368,0.14929,0.13882
23.18,2,1.65948,2.45791,3.10170,0.29856,-0.05977,0.07965,0.02987
23.2,0,-0.57882,2.49750,3.14095,0.49578,0.00000,0.00000,
23.2,1,0.57244,2.49241,3.13518,0.41784,0.00294,0.15127,0.14874
23.2,2,1.65298,2.45818,3.10181,0.35060,0.03089,0.08108,0.03781
23.22,0,-0.58873,2.49751,3.14095,0.49578,0.00000,0.00000,
23.22,1,0.56059,2.49246,3.13549,0.59792,0.02515,0.14933,0.00992
23.22,2,1.64595,2.45848,3.10234,0.35651,0.00931,0.08590,0.04966
23.24,0,-0.59865,2.49751,3.14095,0.49578,0.00000,0.00000,
23.24,1,0.54863,2.49252,3.13599,0.59792,0.02521,0.14729,0.01983
23.24,2,1.63841,2.45879,3.10236,0.41712,-0.00177,0.09031,0.06162
23.26,0,-0.60857,2.49752,3.14095,0.49578,0.00000,0.00000,
23.26,1,0.53692,2.49259,3.13628,0.57018,0.00540,0.14549,0.02975
23.26,2,1.62958,2.45912,3.10246,0.44753,0.01057,0.09317,0.07333
23.28,0,-0.61848,2.49753,3.14095,0.49578,0.00000,0.00000,
23.28,1,0.52587,2.49265,3.13628,0.54185,-0.00175,0.14436,0.03966
23.28,2,1.62095,2.45945,3.10275,0.41601,0.01596,0.09559,0.08438
23.3,0,-0.62840,2.49753,3.14095,0.49578,0.00000,0.00000,
23.3,1,0.51646,2.49271,3.13623,0.47924,0.00119,0.14487,0.04958
23.3,2,1.61291,2.45976,3.10305,0.39517,0.01385,0.09695,0.09379
23.32,0,-0.63831,2.49754,3.14095,0.49578,0.00000,0.00000,
23.32,1,0.50659,2.49277,3.13630,0.50034,0.00409,0.14491,0.05949
23.32,2,1.60425,2.46007,3.10364,0.50516,0.08806,0.09815,0.00499
23.34,0,-0.64823,2.49754,3.14095,0.49578,0.00000,0.00000,
23.34,1,0.49666,2.49282,3.13636,0.49005,0.00214,0.14490,0.06941
23.34,2,1.59385,2.46044,3.10573,0.51739,0.07744,0.09766,0.01491
23.36,0,-0.65814,2.49755,3.14095,0.49578,0.00000,0.00000,
23.36,1,0.48705,2.49287,3.13640,0.47343,0.00135,0.14521,0.07933
23.36,2,1.58407,2.46079,3.10635,0.49942,-0.00512,0.09749,0.02452
23.38,0,-0.66806,2.49756,3.14095,0.49578,0.00000,0.00000,
23.38,1,0.47777,2.49292,3.13643,0.45537,0.00215,0.14583,0.08924
23.38,2,1.57402,2.46115,3.10613,0.50034,-0.00526,0.09672,0.03381
23.4,0,-0.67798,2.49756,3.14095,0.49578,0.00000,0.00000,
23.4,1,0.46838,2.49297,3.13647,0.47707,0.00163,0.14637,0.09916
23.4,2,1.56421,2.46150,3.10628,0.48317,0.01556,0.09628,0.04319
23.42,0,-0.68722,2.49757,3.14095,0.46746,-0.00001,0.00000,
23.42,1,0.45847,2.49302,3.13667,0.45918,0.01440,0.14570,0.00925
23.42,2,1.55340,2.46183,3.10675,0.70673,0.04100,0.09538,0.00471
23.44,0,-0.69667,2.49758,3.14095,0.47464,0.00006,0.00000,
23.44,1,0.44899,2.49306,3.13684,0.49962,0.00286,0.14567,0.01869
23.44,2,1.53908,2.46217,3.10978,0.63679,0.18911,0.09053,0.01419
23.46,0,-0.70596,2.49758,3.14096,0.45484,0.00012,0.00000,
23.46,1,0.43844,2.49311,3.13683,0.54144,-0.00117,0.14441,0.02799
23.46,2,1.52650,2.46266,3.11402,0.61205,0.20674,0.08849,0.02474
23.48,0,-0.71571,2.49759,3.14096,0.50729,-0.00007,0.00000,
23.48,1,0.42776,2.49316,3.13683,0.54103,0.00113,0.14348,0.03774
23.48,2,1.51689,2.46305,3.11594,0.38396,0.05921,0.08954,0.03542
23.5,0,-0.72596,2.49759,3.14095,0.51068,-0.00003,0.00000,
23.5,1,0.41706,2.49321,3.13687,0.52701,0.00205,0.14303,0.04798
23.5,2,1.50913,2.46329,3.11751,0.39501,0.05782,0.09248,0.04612
23.52,0,-0.73601,2.49760,3.14095,0.49624,0.00002,0.00000,
23.52,1,0.40285,2.49326,3.13698,0.76761,0.00719,0.13887,0.01005
23.52,2,1.50104,2.46352,3.11772,0.38476,-0.01309,0.09859,0.06033
23.54,0,-0.74586,2.49761,3.14095,0.49123,0.00001,0.00000,
23.54,1,0.38846,2.49331,3.13717,0.71128,0.00960,0.13433,0.01990
23.54,2,1.49219,2.46375,3.11723,0.47621,-0.02395,0.10412,0.07472
23.56,0,-0.75571,2.49761,3.14095,0.49406,-0.00000,0.00000,
23.56,1,0.37472,2.49336,3.13734,0.65434,0.00474,0.13044,0.02975
23.56,2,1.48274,2.46399,3.11697,0.47111,-0.00698,0.10841,0.08846
23.58,0,-0.76562,2.49762,3.14095,0.49632,0.00000,0.00000,
23.58,1,0.36457,2.49341,3.13729,0.43267,-0.00390,0.13020,0.03966
23.58,2,1.47350,2.46422,3.11686,0.45263,-0.00571,0.10931,0.09862
23.6,0,-0.77555,2.49763,3.14095,0.49611,0.00000,0.00000,
23.6,1,0.35560,2.49347,3.13717,0.45577,-0.01349,0.13116,0.04959
23.6,2,1.46466,2.46443,3.11672,0.43502,-0.00801,0.10944,0.10758
23.62,0,-0.78546,2.49763,3.14095,0.49539,0.00000,0.00000,
23.62,1,0.34461,2.49353,3.13847,0.54716,0.16565,0.13008,0.00991
23.62,2,1.45521,2.46465,3.11674,0.48236,0.04612,0.11098,0.00558
23.64,0,-0.79537,2.49764,3.14095,0.49526,0.00000,0.00000,
23.64,1,0.33366,2.49362,-3.14147,0.54799,0.15231,0.12904,0.01982
23.64,2,1.44595,2.46487,3.11357,0.46387,-0.16742,0.11266,0.01653
23.66,0,-0.80528,2.49764,3.14095,0.49543,0.00000,0.00000,
23.66,1,0.32275,2.49390,-3.13990,0.50319,0.01240,0.12804,0.02973
23.66,2,1.43627,2.46538,3.10903,0.51373,-0.19021,0.11388,0.02743
23.68,0,-0.81519,2.49765,3.14095,0.49552,0.00000,0.00000,
23.68,1,0.31382,2.49391,-3.14015,0.45764,-0.02575,0.12901,0.03964
23.68,2,1.42530,2.46574,3.10787,0.56752,0.03037,0.11183,0.03637
23.7,0,-0.82510,2.49766,3.14095,0.49549,0.00000,0.00000,
23.7,1,0.30479,2.49383,-3.14070,0.46007,-0.02141,0.12989,0.04955
23.7,2,1.41427,2.46607,3.10908,0.55751,0.05221,0.10983,0.04540
23.72,0,-0.83500,2.49766,3.14095,0.49546,0.00000,0.00000,
23.72,1,0.29218,2.49376,-3.14043,0.64067,0.02934,0.12720,0.00991
23.72,2,1.40284,2.46641,3.10952,0.57466,0.00329,0.11099,0.05800
23.74,0,-0.84491,2.49767,3.14095,0.49545,0.00000,0.00000,
23.74,1,0.27969,2.49372,-3.14005,0.59808,-0.01730,0.12461,0.01982
23.74,2,1.39158,2.46675,3.10952,0.55239,0.00356,0.11222,0.07050
23.76,0,-0.85482,2.49768,3.14095,0.49546,0.00000,0.00000,
23.76,1,0.26783,2.49389,-3.14062,0.58141,-0.02692,0.12265,0.02973
23.76,2,1.38076,2.46710,3.10974,0.53437,0.01535,0.11325,0.08236
23.78,0,-0.86473,2.49768,3.14095,0.49547,0.00000,0.00000,
23.78,1,0.25855,2.49387,-3.14092,0.46146,-0.00914,0.12329,0.03964
23.78,2,1.37083,2.46743,3.10989,0.45762,0.00059,0.11259,0.09164
23.8,0,-0.87464,2.49769,3.14095,0.49547,0.00000,0.00000,
23.8,1,0.24902,2.49380,-3.14111,0.48527,-0.01009,0.12367,0.04955
23.8,2,1.36139,2.46775,3.11012,0.48269,0.01770,0.11267,0.10117
23.82,0,-0.88455,2.49770,3.14095,0.49546,0.00000,0.00000,
23.82,1,0.23934,2.49375,-3.14134,0.47886,-0.01164,0.12390,0.05946
23.82,2,1.35124,2.46808,3.11066,0.54686,0.05366,0.11219,0.00482
23.84,0,-0.89446,2.49770,3.14095,0.49546,0.00000,0.00000,
23.84,1,0.22995,2.49374,-3.14154,0.46233,-0.00832,0.12442,0.06936
23.84,2,1.34032,2.46843,3.11107,0.55319,-0.01106,0.11065,0.01421
23.86,0,-0.90437,2.49771,3.14095,0.49546,0.00000,0.00000,
23.86,1,0.22091,2.49374,3.14150,0.45628,-0.00694,0.12529,0.07927
23.86,2,1.32940,2.46869,3.11085,0.53639,-0.00002,0.10877,0.02325
23.88,0,-0.91428,2.49771,3.14095,0.49546,0.00000,0.00000,
23.88,1,0.21162,2.49374,3.14136,0.46754,-0.00738,0.12590,0.08918
23.88,2,1.32015,2.46900,3.11078,0.45598,0.01072,0.10881,0.03254
23.9,0,-0.92419,2.49772,3.14095,0.49546,0.00000,0.00000,
23.9,1,0.20237,2.49375,3.14121,0.45583,-0.00744,0.12657,0.09909
23.9,2,1.31083,2.46931,3.11124,0.47194,0.02674,0.10873,0.04179
23.92,0,-0.93410,2.49773,3.14095,0.49546,0.00000,0.00000,
23.92,1,0.19296,2.49375,3.14108,0.43398,-0.00593,0.12707,0.00991
23.92,2,1.30143,2.46961,3.11168,0.46590,0.01696,0.10874,0.05120
23.94,0,-0.94401,2.49773,3.14095,0.49546,0.00000,0.00000,
23.94,1,0.18392,2.49375,3.14096,0.48054,-0.00589,0.12793,0.01982
23.94,2,1.29228,2.46989,3.11195,0.45198,0.01216,0.10861,0.06024
23.96,0,-0.95392,2.49774,3.14095,0.49546,0.00000,0.00000,
23.96,1,0.17371,2.49376,3.14084,0.52510,-0.00608,0.12763,0.02973
23.96,2,1.28334,2.47015,3.11221,0.44358,0.01360,0.10989,0.07045
23.98,0,-0.96383,2.49775,3.14095,0.49546,0.00000,0.00000,
23.98,1,0.16350,2.49377,3.14072,0.49229,-0.00579,0.12733,0.03964
23.98,2,1.27453,2.47041,3.11249,0.43868,0.01417,0.11128,0.08066
24.0,0,-0.97373,2.49775,3.14095,0.49546,0.00000,0.00000,
24.0,1,0.15326,2.49378,3.14060,0.52175,-0.00580,0.12700,0.04955
24.0,2,1.26582,2.47066,3.11276,0.43286,0.01334,0.11280,0.09090
24.02,0,-0.98364,2.49776,3.14095,0.49546,0.00000,0.00000,
24.02,1,0.13915,2.49379,3.14051,0.77754,-0.00401,0.12280,0.00991
24.02,2,1.25724,2.47091,3.11302,0.42594,0.01266,0.11833,0.10501
24.04,0,-0.99355,2.49777,3.14095,0.49546,0.00000,0.00000,
24.04,1,0.12558,2.49380,3.14046,0.66273,-0.00282,0.11914,0.01982
24.04,2,1.24880,2.47115,3.11327,0.41923,0.01230,0.12346,0.11858
24.06,0,-1.00346,2.49777,3.14095,0.49546,0.00000,0.00000,
24.06,1,0.11383,2.49381,3.14037,0.44109,-0.00584,0.11730,0.02973
24.06,2,1.24049,2.47139,3.11351,0.41298,0.01194,0.12688,0.13033
24.08,0,-1.01337,2.49778,3.14095,0.49546,0.00000,0.00000,
24.08,1,0.10557,2.49382,3.14025,0.41312,-0.00606,0.11895,0.03964
24.08,2,1.23243,2.47162,3.11372,0.37445,0.00382,0.12708,0.13859
24.1,0,-1.02328,2.49778,3.14095,0.49546,0.00000,0.00000,
24.1,1,0.09708,2.49384,3.14016,0.42077,-0.00395,0.12037,0.04955
24.1,2,1.22488,2.47184,3.11389,0.38125,0.01232,0.12801,0.14708
24.12,0,-1.03319,2.49779,3.14096,0.49546,0.00000,0.00000,
24.12,1,0.08510,2.49385,3.14011,0.67550,-0.00201,0.11830,0.00991
24.12,2,1.21724,2.47205,3.11416,0.38037,0.01266,0.13235,0.15906
24.14,0,-1.04310,2.49780,3.14096,0.49546,0.00000,0.00000,
24.14,1,0.07251,2.49387,3.14008,0.62154,-0.00126,0.11562,0.01982
24.14,2,1.20973,2.47226,3.11438,0.37162,0.01018,0.13742,0.17165
24.16,0,-1.05301,2.49780,3.14096,0.49546,0.00000,0.00000,
24.16,1,0.06097,2.49388,3.14006,0.57083,-0.00199,0.11399,0.02973
24.16,2,1.20239,2.47246,3.11457,0.36398,0.00965,0.14162,0.18319
24.18,0,-1.06292,2.49781,3.14096,0.49546,0.00000,0.00000,
24.18,1,0.05121,2.49389,3.13997,0.40602,-0.00645,0.11414,0.03964
24.18,2,1.19517,2.47265,3.11477,0.35904,0.00979,0.14416,0.19295
24.2,0,-1.07283,2.49782,3.14096,0.49546,0.00000,0.00000,
24.2,1,0.04259,2.49391,3.13986,0.45145,-0.00432,0.11543,0.04955
24.2,2,1.18804,2.47284,3.11496,0.35433,0.00951,0.14565,0.20157
24.22,0,-1.08274,2.49782,3.14096,0.49546,0.00000,0.00000,
24.22,1,0.03094,2.49392,3.13983,0.57703,-0.00032,0.11369,0.00991
24.22,2,1.18102,2.47303,3.11515,0.34895,0.00908,0.15026,0.21322
24.24,0,-1.09265,2.49783,3.14096,0.49546,0.00000,0.00000,
24.24,1,0.01971,2.49394,3.13983,0.53369,0.00045,0.11236,0.01982
24.24,2,1.17410,2.47321,3.11533,0.34348,0.00875,0.15458,0.22445
24.26,0,-1.10256,2.49783,3.14096,0.49546,0.00000,0.00000,
24.26,1,0.00900,2.49396,3.13981,0.53725,-0.00236,0.11156,0.02973
24.26,2,1.16751,2.47339,3.11545,0.31267,0.00379,0.15869,0.23516
24.28,0,-1.11246,2.49784,3.14096,0.49546,0.00000,0.00000,
24.28,1,-0.00020,2.49398,3.13972,0.43822,-0.00494,0.11227,0.03964
24.28,2,1.16118,2.47356,3.11560,0.31858,0.00978,0.16156,0.24436
24.3,0,-1.12237,2.49785,3.14096,0.49546,0.00000,0.00000,
24.3,1,-0.00933,2.49399,3.13964,0.46741,-0.00334,0.11305,0.04955
24.3,2,1.15483,2.47373,3.11580,0.31558,0.00909,0.16434,0.25349
24.32,0,-1.13228,2.49785,3.14096,0.49546,0.00000,0.00000,
24.32,1,-0.02131,2.49401,3.13962,0.58755,0.00112,0.11098,0.00991
24.32,2,1.14710,2.47389,3.11612,0.55564,0.07366,0.16858,0.00615
24.34,0,-1.14219,2.49786,3.14096,0.49546,0.00000,0.00000,
24.34,1,-0.03306,2.49403,3.13964,0.58755,0.00112,0.10914,0.01982
24.34,2,1.13723,2.47409,3.11810,0.43121,0.11311,0.17046,0.01790
24.36,0,-1.15210,2.49787,3.14096,0.49546,0.00000,0.00000,
24.36,1,-0.04465,2.49405,3.13965,0.56198,-0.00132,0.10746,0.02973
24.36,2,1.12854,2.47422,3.12084,0.45015,0.22971,0.17336,0.02948
24.38,0,-1.16201,2.49787,3.14096,0.49546,0.00000,0.00000,
24.38,1,-0.05392,2.49407,3.13958,0.43132,-0.00346,0.10810,0.03964
24.38,2,1.11718,2.47437,3.12516,0.67696,0.13168,0.17126,0.03875
24.4,0,-1.17192,2.49788,3.14096,0.49546,0.00000,0.00000,
24.4,1,-0.06280,2.49409,3.13952,0.45345,-0.00272,0.10912,0.04955
24.4,2,1.10246,2.47466,3.12578,0.78966,-0.02512,0.16543,0.04764
24.42,0,-1.18183,2.49789,3.14096,0.49546,0.00000,0.00000,
24.42,1,-0.07426,2.49411,3.13951,0.60210,-0.00005,0.10758,0.00991
24.42,2,1.08650,2.47495,3.12520,0.78846,-0.01234,0.16092,0.00602
24.44,0,-1.19174,2.49789,3.14096,0.49546,0.00000,0.00000,
24.44,1,-0.08585,2.49413,3.13951,0.51886,0.00159,0.10590,0.01982
24.44,2,1.07130,2.47520,3.12522,0.72733,0.00733,0.15731,0.01761
24.46,0,-1.20165,2.49790,3.14096,0.49546,0.00000,0.00000,
24.46,1,-0.09624,2.49411,3.13969,0.48552,0.01080,0.10541,0.02973
24.46,2,1.05929,2.47543,3.12505,0.55474,-0.01495,0.15568,0.02800
24.48,0,-1.21156,2.49790,3.14096,0.49546,0.00000,0.00000,
24.48,1,-0.10419,2.49414,3.13936,0.40536,-0.08986,0.10737,0.03964
24.48,2,1.04809,2.47569,3.12464,0.57221,-0.02219,0.15242,0.03595
24.5,0,-1.22147,2.49791,3.14096,0.49546,0.00000,0.00000,
24.5,1,-0.11263,2.49424,3.13640,0.41466,-0.11563,0.10885,0.04955
24.5,2,1.03631,2.47589,3.12443,0.59748,-0.00123,0.14908,0.04439
24.52,0,-1.23138,2.49792,3.14096,0.49546,0.00000,0.00000,
24.52,1,-0.12242,2.49428,3.13965,0.51065,0.26707,0.10896,0.00991
24.52,2,1.02523,2.47607,3.12455,0.46503,0.01141,0.14780,0.00511
24.54,0,-1.24129,2.49792,3.14096,0.49546,0.00000,0.00000,
24.54,1,-0.13274,2.49460,-3.13962,0.52304,0.11938,0.10855,0.01982
24.54,2,1.01640,2.47622,3.12472,0.46742,0.00458,0.14929,0.01543
24.56,0,-1.25119,2.49793,3.14096,0.49546,0.00000,0.00000,
24.56,1,-0.14320,2.49485,-3.13917,0.51744,-0.04012,0.10800,0.02973
24.56,2,1.00707,2.47638,3.12463,0.51503,-0.00110,0.15042,0.02589
24.58,0,-1.26110,2.49794,3.14096,0.49546,0.00000,0.00000,
24.58,1,-0.15332,2.49479,-3.14029,0.49759,-0.05165,0.10779,0.03964
24.58,2,0.99629,2.47657,3.12470,0.52202,0.00799,0.14975,0.03601
24.6,0,-1.27072,2.49794,3.14095,0.46024,-0.00015,0.00000,
24.6,1,-0.16285,2.49472,-3.14087,0.45226,-0.01415,0.10788,0.04925
24.6,2,0.98598,2.47676,3.12485,0.55363,0.00146,0.14897,0.04554
24.62,0,-1.28005,2.49795,3.14095,0.47118,0.00005,0.00000,
24.62,1,-0.17365,2.49467,-3.14085,0.58459,0.00633,0.10641,0.00933
24.62,2,0.97444,2.47696,3.12492,0.52118,0.01999,0.14823,0.00576
24.64,0,-1.28953,2.49795,3.14095,0.47459,0.00004,0.00000,
24.64,1,-0.18456,2.49464,-3.14088,0.47834,-0.00778,0.10497,0.01881
24.64,2,0.96458,2.47713,3.12556,0.50661,0.05147,0.14927,0.01667
24.66,0,-1.29879,2.49796,3.14096,0.48076,0.00001,0.00000,
24.66,1,-0.19389,2.49463,-3.14108,0.46458,-0.01009,0.10491,0.02807
24.66,2,0.95477,2.47729,3.12616,0.52560,0.01052,0.14879,0.02600
24.68,0,-1.30886,2.49797,3.14095,0.51345,-0.00006,0.00000,
24.68,1,-0.20329,2.49463,-3.14125,0.47400,-0.00715,0.10557,0.03813
24.68,2,0.94370,2.47748,3.12611,0.53951,-0.00478,0.14711,0.03540
24.7,0,-1.31906,2.49797,3.14095,0.50457,-0.00000,0.00000,
24.7,1,-0.21214,2.49463,-3.14138,0.40669,-0.00647,0.10692,0.04834
24.7,2,0.93310,2.47767,3.12611,0.57802,-0.00081,0.14536,0.04425
24.72,0,-1.32900,2.49798,3.14095,0.49250,0.00002,0.00000,
24.72,1,-0.22057,2.49463,-3.14153,0.40979,-0.00776,0.10843,0.00994
24.72,2,0.92191,2.47787,3.12129,0.43964,-0.93130,0.14261,0.00410
24.74,0,-1.33883,2.49799,3.14095,0.49175,0.00000,0.00000,
24.74,1,-0.22925,2.49463,3.14152,0.46052,-0.00586,0.10958,0.01977
24.74,2,0.91491,2.47807,3.10215,0.25846,-0.98443,0.14428,0.01278
24.76,0,-1.34870,2.49799,3.14095,0.49508,-0.00000,0.00000,
24.76,1,-0.23845,2.49463,3.14140,0.50487,-0.00615,0.11026,0.02964
24.76,2,0.90980,2.47828,3.08245,0.23083,-1.00318,0.14837,0.02197
24.78,0,-1.35862,2.49800,3.14095,0.49621,0.00000,0.00000,
24.78,1,-0.24931,2.49463,3.14128,0.55272,-0.00598,0.10931,0.03956
24.78,2,0.90609,2.47884,3.06168,0.20859,-0.87170,0.15551,0.03284
24.8,0,-1.36854,2.49800,3.14095,0.49556,0.00000,0.00000,
24.8,1,-0.25993,2.49463,3.14117,0.50902,-0.00582,0.10861,0.04948
24.8,2,0.90096,2.47931,3.05708,0.29847,0.17947,0.16100,0.04346
24.82,0,-1.37844,2.49801,3.14095,0.49504,0.00000,0.00000,
24.82,1,-0.27304,2.49464,3.14107,0.72414,-0.00450,0.10541,0.00990
24.82,2,0.89328,2.47972,3.05899,0.39861,0.02297,0.16642,0.05657
24.84,0,-1.38835,2.49802,3.14095,0.49509,0.00000,0.00000,
24.84,1,-0.28573,2.49464,3.14098,0.61645,-0.00445,0.10262,0.01981
24.84,2,0.88581,2.48041,3.05846,0.37992,-0.08357,0.17162,0.06925
24.86,0,-1.39825,2.49802,3.14095,0.49526,0.00000,0.00000,
24.86,1,-0.29664,2.49465,3.14088,0.40884,-0.00579,0.10162,0.02971
24.86,2,0.87690,2.48116,3.05853,0.48652,0.09674,0.17362,0.08016
24.88,0,-1.40815,2.49803,3.14095,0.49529,0.00000,0.00000,
24.88,1,-0.30427,2.49466,3.14076,0.38139,-0.00598,0.10389,0.03961
24.88,2,0.86712,2.48194,3.06182,0.48050,0.18883,0.17146,0.08779
24.9,0,-1.41806,2.49804,3.14095,0.49525,0.00000,0.00000,
24.9,1,-0.31219,2.49467,3.14066,0.41608,-0.00419,0.10588,0.04952
24.9,2,0.85846,2.48264,3.06512,0.41863,0.15346,0.17071,0.09571
24.92,0,-1.42796,2.49804,3.14095,0.49523,0.00000,0.00000,
24.92,1,-0.32046,2.49468,3.14058,0.44751,-0.00406,0.10751,0.05942
24.92,2,0.85046,2.48327,3.06828,0.34946,0.24831,0.17098,0.00419
24.94,0,-1.43787,2.49805,3.14095,0.49524,0.00000,0.00000,
24.94,1,-0.33030,2.49469,3.14050,0.50655,-0.00457,0.10758,0.06933
24.94,2,0.84365,2.48389,3.07097,0.35354,0.12727,0.17400,0.01403
24.96,0,-1.44777,2.49806,3.14095,0.49524,0.00000,0.00000,
24.96,1,-0.34007,2.49470,3.14040,0.46807,-0.00453,0.10771,0.07923
24.96,2,0.83555,2.48449,3.07330,0.44895,0.11184,0.17566,0.02380
24.98,0,-1.45768,2.49806,3.14095,0.49524,0.00000,0.00000,
24.98,1,-0.34902,2.49471,3.14032,0.43651,-0.00417,0.10866,0.08914
24.98,2,0.82637,2.48513,3.07577,0.42837,0.15330,0.17543,0.03275
25.0,0,-1.46758,2.49807,3.14096,0.49524,0.00000,0.00000,
25.0,1,-0.35771,2.49472,3.14024,0.43501,-0.00398,0.10988,0.09904
25.0,2,0.81707,2.48578,3.07844,0.49946,0.11221,0.17481,0.04144
25.02,0,-1.47749,2.49807,3.14096,0.49524,0.00000,0.00000,
25.02,1,-0.36690,2.49473,3.14020,0.42956,-0.00042,0.11060,0.00990
25.02,2,0.80701,2.48642,3.08054,0.49591,0.10470,0.17394,0.05063
25.04,0,-1.48739,2.49808,3.14096,0.49524,0.00000,0.00000,
25.04,1,-0.37551,2.49474,3.14016,0.44189,-0.00317,0.11189,0.01981
25.04,2,0.79751,2.48700,3.08271,0.46115,0.11092,0.17305,0.05924
25.06,0,-1.49730,2.49809,3.14096,0.49524,0.00000,0.00000,
25.06,1,-0.38503,2.49476,3.14009,0.49428,-0.00384,0.11227,0.02971
25.06,2,0.78932,2.48753,3.08459,0.39119,0.09403,0.17438,0.06876
25.08,0,-1.50720,2.49809,3.14096,0.49524,0.00000,0.00000,
25.08,1,-0.39482,2.49477,3.14002,0.46288,-0.00296,0.11238,0.03962
25.08,2,0.78122,2.48801,3.08674,0.41531,0.11239,0.17607,0.07855
25.1,0,-1.51711,2.49810,3.14096,0.49524,0.00000,0.00000,
25.1,1,-0.40408,2.49478,3.13996,0.49105,-0.00305,0.11303,0.04952
25.1,2,0.77291,2.48848,3.08888,0.41311,0.10090,0.17701,0.08781
25.12,0,-1.52701,2.49811,3.14096,0.49524,0.00000,0.00000,
25.12,1,-0.41417,2.49480,3.13990,0.50511,-0.00315,0.11285,0.05943
25.12,2,0.76398,2.48891,3.09121,0.45682,0.22187,0.17816,0.00507
25.14,0,-1.53692,2.49811,3.14096,0.49524,0.00000,0.00000,
25.14,1,-0.42400,2.49482,3.13984,0.47885,-0.00292,0.11292,0.06933
25.14,2,0.75576,2.48934,3.09225,0.40689,0.05415,0.17978,0.01490
25.16,0,-1.54682,2.49812,3.14096,0.49524,0.00000,0.00000,
25.16,1,-0.43336,2.49483,3.13978,0.46213,-0.00278,0.11347,0.07924
25.16,2,0.74775,2.48981,3.09281,0.43209,-0.00450,0.18112,0.02426
25.18,0,-1.55673,2.49812,3.14096,0.49524,0.00000,0.00000,
25.18,1,-0.44140,2.49485,3.13971,0.41014,-0.00288,0.11533,0.08914
25.18,2,0.73683,2.49038,3.09336,0.61670,0.06670,0.17824,0.03230
25.2,0,-1.56663,2.49813,3.14096,0.49524,0.00000,0.00000,
25.2,1,-0.44982,2.49487,3.13967,0.42491,-0.00226,0.11682,0.09905
25.2,2,0.72430,2.49099,3.09531,0.61282,0.11130,0.17412,0.04071
25.22,0,-1.57654,2.49814,3.14096,0.49524,0.00000,0.00000,
25.22,1,-0.45838,2.49488,3.13967,0.38225,0.00147,0.11816,0.00990
25.22,2,0.71322,2.49152,3.09757,0.49210,0.10458,0.17161,0.00396
25.24,0,-1.58644,2.49814,3.14096,0.49524,0.00000,0.00000,
25.24,1,-0.46633,2.49490,3.13967,0.45013,-0.00168,0.12012,0.01981
25.24,2,0.70458,2.49193,3.09909,0.35002,0.03662,0.17091,0.01191
25.26,0,-1.59635,2.49815,3.14096,0.49524,0.00000,0.00000,
25.26,1,-0.47612,2.49491,3.13962,0.52789,-0.00267,0.12024,0.02971
25.26,2,0.69729,2.49235,3.09891,0.37337,-0.02565,0.17341,0.02170
25.28,0,-1.60625,2.49816,3.14096,0.49524,0.00000,0.00000,
25.28,1,-0.48692,2.49494,3.13958,0.53901,-0.00210,0.11934,0.03962
25.28,2,0.68893,2.49273,3.09924,0.45559,0.06309,0.17586,0.03250
25.3,0,-1.61616,2.49816,3.14096,0.49524,0.00000,0.00000,
25.3,1,-0.49755,2.49496,3.13954,0.51990,-0.00191,0.11861,0.04952
25.3,2,0.67986,2.49312,3.10135,0.50662,0.10633,0.17740,0.04313
25.32,0,-1.62606,2.49817,3.14096,0.49524,0.00000,0.00000,
25.32,1,-0.50764,2.49498,3.13950,0.49494,-0.00185,0.11842,0.05943
25.32,2,0.66884,2.49355,3.10339,0.53382,0.14403,0.17649,0.00499
25.34,0,-1.63597,2.49818,3.14096,0.49524,0.00000,0.00000,
25.34,1,-0.51653,2.49500,3.13945,0.42536,-0.00250,0.11944,0.06933
25.34,2,0.65851,2.49391,3.10522,0.53019,0.03687,0.17504,0.01387
25.36,0,-1.64587,2.49818,3.14096,0.49524,0.00000,0.00000,
25.36,1,-0.52534,2.49502,3.13941,0.44939,-0.00135,0.12054,0.07924
25.36,2,0.64728,2.49432,3.10593,0.58253,0.04968,0.17262,0.02268
25.38,0,-1.65578,2.49819,3.14096,0.49524,0.00000,0.00000,
25.38,1,-0.53432,2.49504,3.13938,0.44537,-0.00147,0.12146,0.08914
25.38,2,0.63557,2.49476,3.10735,0.58089,0.08214,0.16989,0.03167
25.4,0,-1.66568,2.49819,3.14096,0.49524,0.00000,0.00000,
25.4,1,-0.54306,2.49506,3.13935,0.42972,-0.00167,0.12263,0.09905
25.4,2,0.62424,2.49515,3.10897,0.55521,0.07640,0.16730,0.04040
25.42,0,-1.67559,2.49820,3.14096,0.49524,0.00000,0.00000,
25.42,1,-0.55189,2.49508,3.13939,0.41344,0.00364,0.12370,0.00990
25.42,2,0.61332,2.49551,3.11037,0.54189,0.06622,0.16521,0.04923
25.44,0,-1.68549,2.49821,3.14096,0.49524,0.00000,0.00000,
25.44,1,-0.56090,2.49509,3.13942,0.48724,-0.00090,0.12460,0.01981
25.44,2,0.60253,2.49585,3.11166,0.53798,0.06451,0.16343,0.05824
25.46,0,-1.69540,2.49821,3.14096,0.49524,0.00000,0.00000,
25.46,1,-0.57094,2.49512,3.13938,0.52069,-0.00208,0.12446,0.02971
25.46,2,0.59184,2.49617,3.11295,0.53209,0.06412,0.16278,0.06828
25.48,0,-1.70530,2.49822,3.14096,0.49524,0.00000,0.00000,
25.48,1,-0.58174,2.49514,3.13934,0.54237,-0.00149,0.12356,0.03962
25.48,2,0.58129,2.49647,3.11421,0.52319,0.06195,0.16304,0.07909
25.5,0,-1.71520,2.49823,3.14096,0.49524,0.00000,0.00000,
25.5,1,-0.59226,2.49516,3.13932,0.51013,-0.00100,0.12295,0.04952
25.5,2,0.57117,2.49675,3.11538,0.47541,0.05231,0.16343,0.08960
25.52,0,-1.72511,2.49823,3.14096,0.49524,0.00000,0.00000,
25.52,1,-0.60596,2.49518,3.13943,0.73339,0.02729,0.11916,0.00990
25.52,2,0.56083,2.49701,3.11670,0.51878,0.11795,0.16679,0.00752
25.54,0,-1.73501,2.49824,3.14096,0.49524,0.00000,0.00000,
25.54,1,-0.61928,2.49517,3.14000,0.65984,0.02933,0.11574,0.01981
25.54,2,0.55046,2.49727,3.11905,0.51878,0.11757,0.16974,0.02085
25.56,0,-1.74492,2.49824,3.14096,0.49524,0.00000,0.00000,
25.56,1,-0.63109,2.49525,3.14086,0.44380,0.03985,0.11384,0.02971
25.56,2,0.53981,2.49737,3.12262,0.53920,0.18166,0.17090,0.03265
25.58,0,-1.75482,2.49825,3.14096,0.49524,0.00000,0.00000,
25.58,1,-0.63945,2.49525,-3.14152,0.42143,0.04118,0.11537,0.03962
25.58,2,0.52586,2.49755,3.12422,0.79921,0.00861,0.16531,0.04102
25.6,0,-1.76473,2.49826,3.14096,0.49524,0.00000,0.00000,
25.6,1,-0.64780,2.49525,-3.14127,0.39096,-0.00883,0.11694,0.04952
25.6,2,0.50956,2.49786,3.12424,0.82379,0.01302,0.15736,0.04936
25.62,0,-1.77463,2.49826,3.14096,0.49524,0.00000,0.00000,
25.62,1,-0.65945,2.49525,3.13851,0.63327,-0.27127,0.11519,0.00990
25.62,2,0.49271,2.49817,3.12496,0.84498,0.05116,0.15216,0.06101
25.64,0,-1.78454,2.49827,3.14096,0.49524,0.00000,0.00000,
25.64,1,-0.67127,2.49509,3.13461,0.59024,-0.16689,0.11328,0.01981
25.64,2,0.47610,2.49846,3.12602,0.81789,0.04913,0.14737,0.07283
25.66,0,-1.79444,2.49828,3.14096,0.49524,0.00000,0.00000,
25.66,1,-0.68260,2.49497,3.13268,0.55761,-0.01626,0.11185,0.02971
25.66,2,0.46061,2.49870,3.12686,0.72876,0.03761,0.14321,0.08416
25.68,0,-1.80435,2.49828,3.14096,0.49524,0.00000,0.00000,
25.68,1,-0.69213,2.49509,3.13315,0.39927,0.02428,0.11222,0.03962
25.68,2,0.44817,2.49890,3.12742,0.61002,0.03070,0.14031,0.09370
25.7,0,-1.81425,2.49829,3.14096,0.49524,0.00000,0.00000,
25.7,1,-0.70043,2.49528,3.13211,0.43005,-0.08480,0.11383,0.04952
25.7,2,0.43573,2.49909,3.12815,0.62950,0.04072,0.13616,0.10199
25.72,0,-1.82416,2.49830,3.14096,0.49524,0.00000,0.00000,
25.72,1,-0.71160,2.49541,3.13352,0.56702,0.19141,0.11256,0.00990
25.72,2,0.42258,2.49927,3.12892,0.73175,0.03257,0.13418,0.00572
25.74,0,-1.83406,2.49830,3.14096,0.49524,0.00000,0.00000,
25.74,1,-0.72293,2.49557,3.13737,0.56635,0.19312,0.11113,0.01981
25.74,2,0.40786,2.49946,3.12953,0.66377,0.03803,0.13080,0.01706
25.76,0,-1.84397,2.49831,3.14096,0.49524,0.00000,0.00000,
25.76,1,-0.73348,2.49599,3.13821,0.54029,-0.08130,0.11048,0.02971
25.76,2,0.39452,2.49963,3.13022,0.66472,0.03270,0.12801,0.02762
25.78,0,-1.85387,2.49831,3.14096,0.49524,0.00000,0.00000,
25.78,1,-0.74271,2.49613,3.13673,0.45725,-0.03730,0.11117,0.03962
25.78,2,0.38253,2.49978,3.13077,0.51626,0.02205,0.12524,0.03684
25.8,0,-1.86378,2.49832,3.14096,0.49524,0.00000,0.00000,
25.8,1,-0.75214,2.49611,3.13671,0.47648,0.01840,0.11164,0.04952
25.8,2,0.37215,2.49992,3.13122,0.52773,0.02383,0.12430,0.04627
25.82,0,-1.87368,2.49833,3.14096,0.49524,0.00000,0.00000,
25.82,1,-0.76438,2.49608,3.13833,0.62058,0.15859,0.10930,0.00990
25.82,2,0.36092,2.50004,3.13181,0.55186,0.04033,0.12531,0.00635
25.84,0,-1.88359,2.49833,3.14096,0.49524,0.00000,0.00000,
25.84,1,-0.77679,2.49606,3.14155,0.61860,0.17696,0.10680,0.01981
25.84,2,0.34975,2.50016,3.13267,0.62920,0.03737,0.12654,0.01876
25.86,0,-1.89349,2.49834,3.14096,0.49524,0.00000,0.00000,
25.86,1,-0.78846,2.49640,-3.13691,0.55949,0.19376,0.10503,0.02971
25.86,2,0.33615,2.50029,3.13332,0.69970,0.03185,0.12462,0.03043
25.88,0,-1.90340,2.49835,3.14096,0.49524,0.00000,0.00000,
25.88,1,-0.79765,2.49642,-3.13505,0.41748,0.05271,0.10575,0.03962
25.88,2,0.32232,2.50038,3.13375,0.68076,0.01877,0.11998,0.03962
25.9,0,-1.91330,2.49835,3.14096,0.49524,0.00000,0.00000,
25.9,1,-0.80620,2.49615,-3.13311,0.43845,0.08305,0.10710,0.04952
25.9,2,0.30900,2.50050,3.13421,0.65558,0.02664,0.11521,0.04817
25.92,0,-1.92321,2.49836,3.14096,0.49524,0.00000,0.00000,
25.92,1,-0.81800,2.49598,-3.13405,0.60395,-0.16053,0.10521,0.00990
25.92,2,0.29603,2.50060,3.13477,0.64506,0.02711,0.11403,0.05996
25.94,0,-1.93311,2.49836,3.14096,0.49524,0.00000,0.00000,
25.94,1,-0.83007,2.49580,-3.13726,0.60393,-0.16116,0.10304,0.01981
25.94,2,0.28447,2.50069,3.13523,0.56470,0.02308,0.11456,0.07204
25.96,0,-1.94302,2.49837,3.14096,0.49524,0.00000,0.00000,
25.96,1,-0.84138,2.49550,-3.14011,0.55889,-0.07228,0.10164,0.02971
25.96,2,0.27287,2.50077,3.13571,0.58820,0.02387,0.11426,0.08335
25.98,0,-1.95292,2.49838,3.14096,0.49524,0.00000,0.00000,
25.98,1,-0.85058,2.49541,-3.14044,0.41987,0.00262,0.10234,0.03962
25.98,2,0.26138,2.50084,3.13617,0.53066,0.02486,0.11198,0.09255
26.0,0,-1.96283,2.49838,3.14096,0.49524,0.00000,0.00000,
26.0,1,-0.85925,2.49547,-3.14154,0.44288,-0.07554,0.10358,0.04952
26.0,2,0.24976,2.50091,3.13660,0.61358,0.01962,0.10903,0.10122
26.02,0,-1.97273,2.49839,3.14096,0.49524,0.00000,0.00000,
26.02,1,-0.86810,2.49549,3.14083,0.41504,-0.00921,0.10464,0.05943
26.02,2,0.23724,2.50097,3.13705,0.72034,0.03316,0.10535,0.00438
26.04,0,-1.98263,2.49840,3.14096,0.49524,0.00000,0.00000,
26.04,1,-0.87696,2.49549,3.14099,0.47309,0.01102,0.10568,0.06933
26.04,2,0.22283,2.50103,3.13772,0.72034,0.03320,0.09980,0.01324
26.06,0,-1.99254,2.49840,3.14096,0.49524,0.00000,0.00000,
26.06,1,-0.88657,2.49549,3.14105,0.47672,-0.00388,0.10597,0.07924
26.06,2,0.20992,2.50109,3.13826,0.55920,0.02250,0.09651,0.02285
26.08,0,-2.00244,2.49841,3.14096,0.49524,0.00000,0.00000,
26.08,1,-0.89578,2.49549,3.14090,0.44713,-0.00805,0.10667,0.08914
26.08,2,0.20127,2.50113,3.13860,0.30479,0.01313,0.09706,0.03206
26.1,0,-2.01235,2.49841,3.14096,0.49524,0.00000,0.00000,
26.1,1,-0.90454,2.49550,3.14077,0.43346,-0.00452,0.10782,0.09905
26.1,2,0.19486,2.50117,3.13888,0.33036,0.01387,0.09941,0.04082
26.12,0,-2.02225,2.49842,3.14096,0.49524,0.00000,0.00000,
26.12,1,-0.91370,2.49551,3.14072,0.42928,-0.00182,0.10856,0.00990
26.12,2,0.18757,2.50119,3.13918,0.39149,0.01558,0.10128,0.04998
26.14,0,-2.03173,2.49843,3.14095,0.46225,-0.00010,0.00000,
26.14,1,-0.92220,2.49551,3.14067,0.44521,-0.00339,0.10954,0.01938
26.14,2,0.17989,2.50121,3.13952,0.39853,0.01709,0.10210,0.05848
26.16,0,-2.04110,2.49843,3.14095,0.47245,0.00006,0.00000,
26.16,1,-0.93177,2.49552,3.14059,0.49566,-0.00388,0.10933,0.02875
26.16,2,0.17108,2.50123,3.13983,0.45694,0.01496,0.10286,0.06805
26.18,0,-2.05058,2.49844,3.14095,0.47411,0.00003,0.00000,
26.18,1,-0.94156,2.49553,3.14052,0.46224,-0.00328,0.10902,0.03823
26.18,2,0.16220,2.50125,3.14013,0.42702,0.01478,0.10377,0.07784
26.2,0,-2.05990,2.49845,3.14096,0.49157,-0.00003,0.00000,
26.2,1,-0.95086,2.49554,3.14045,0.48180,-0.00330,0.10904,0.04755
26.2,2,0.15403,2.50126,3.14042,0.39757,0.01456,0.10490,0.08714
26.22,0,-2.07006,2.49845,3.14095,0.51367,-0.00005,0.00000,
26.22,1,-0.96062,2.49555,3.14039,0.48692,-0.00330,0.10945,0.05771
26.22,2,0.14614,2.50127,3.14071,0.39454,0.01400,0.10677,0.09690
26.24,0,-2.08022,2.49846,3.14095,0.50131,0.00001,0.00000,
26.24,1,-0.97016,2.49556,3.14032,0.46798,-0.00313,0.11007,0.06787
26.24,2,0.13822,2.50128,3.14098,0.39591,0.01349,0.10840,0.10644
26.26,0,-2.09006,2.49846,3.14096,0.50210,0.00000,0.00000,
26.26,1,-0.97936,2.49558,3.14026,0.45532,-0.00300,0.11071,0.07771
26.26,2,0.13136,2.50128,3.14125,0.34822,0.01322,0.11073,0.11564
26.28,0,-2.10025,2.49847,3.14096,0.51267,-0.00002,0.00000,
26.28,1,-0.98841,2.49559,3.14020,0.45097,-0.00292,0.11185,0.08790
26.28,2,0.12428,2.50128,3.14150,0.35539,0.01253,0.11271,0.12469
26.3,0,-2.11048,2.49848,3.14096,0.50945,0.00000,0.00000,
26.3,1,-0.99738,2.49560,3.14015,0.44626,-0.00283,0.11310,0.09813
26.3,2,0.11726,2.50128,-3.14144,0.34617,0.01185,0.11466,0.13366
26.32,0,-2.12062,2.49848,3.14096,0.50545,0.00001,0.00000,
26.32,1,-1.00660,2.49561,3.14014,0.44452,0.00118,0.11403,0.01014
26.32,2,0.11060,2.50128,-3.14121,0.33875,0.01160,0.11721,0.14288
26.34,0,-2.13049,2.49849,3.14095,0.46731,-0.00019,0.00000,
26.34,1,-1.01584,2.49563,3.14013,0.48291,-0.00184,0.11465,0.02001
26.34,2,0.10352,2.50128,-3.14098,0.36002,0.01137,0.11938,0.15212
26.36,0,-2.13998,2.49850,3.14095,0.47992,0.00004,0.00000,
26.36,1,-1.02579,2.49564,3.14007,0.48428,-0.00291,0.11419,0.02949
26.36,2,0.09642,2.50128,-3.14075,0.34815,0.01094,0.12223,0.16207
26.38,0,-2.14965,2.49850,3.14095,0.48500,0.00005,0.00000,
26.38,1,-1.03565,2.49566,3.14002,0.52616,-0.00243,0.11400,0.03917
26.38,2,0.08963,2.50127,-3.14054,0.33400,0.01052,0.12530,0.17193
26.4,0,-2.15933,2.49851,3.14095,0.48249,-0.00000,0.00000,
26.4,1,-1.04639,2.49567,3.13998,0.53387,-0.00214,0.11294,0.04884
26.4,2,0.08301,2.50126,-3.14033,0.32940,0.01016,0.12942,0.18268
26.42,0,-2.16895,2.49852,3.14095,0.48016,-0.00001,0.00000,
26.42,1,-1.05671,2.49569,3.13994,0.50099,-0.00207,0.11224,0.05846
26.42,2,0.07521,2.50126,-3.14015,0.51574,0.00330,0.13193,0.00507
26.44,0,-2.17845,2.49852,3.14096,0.48615,0.00001,0.00000,
26.44,1,-1.06629,2.49571,3.13989,0.41183,-0.00324,0.11217,0.06797
26.44,2,0.06514,2.50124,-3.13996,0.43970,0.02539,0.13144,0.01465
26.46,0,-2.18841,2.49853,3.14095,0.50281,-0.00002,0.00000,
26.46,1,-1.07478,2.49572,3.13984,0.43734,-0.00194,0.11363,0.07792
26.46,2,0.05568,2.50128,-3.14135,0.51485,-0.08683,0.13047,0.02314
26.48,0,-2.19833,2.49853,3.14096,0.50362,0.00000,0.00000,
26.48,1,-1.08369,2.49574,3.13981,0.44803,-0.00158,0.11464,0.08785
26.48,2,0.04458,2.50125,3.14117,0.57364,0.00886,0.12829,0.03206
26.5,0,-2.20854,2.49854,3.14095,0.51308,-0.00002,0.00000,
26.5,1,-1.09249,2.49575,3.13977,0.41773,-0.00154,0.11606,0.09806
26.5,2,0.03327,2.50124,-3.14146,0.55217,0.03018,0.12577,0.04085
26.52,0,-2.21876,2.49855,3.14095,0.50769,0.00000,0.00000,
26.52,1,-1.10340,2.49577,3.13977,0.58902,-0.00007,0.11536,0.01021
26.52,2,0.02247,2.50123,-3.14104,0.54694,0.01067,0.12588,0.00589
26.54,0,-2.22885,2.49855,3.14095,0.50340,0.00001,0.00000,
26.54,1,-1.11468,2.49578,3.13977,0.53460,0.00041,0.11417,0.02031
26.54,2,0.01175,2.50123,-3.14099,0.54252,0.00126,0.12645,0.01718
26.56,0,-2.23892,2.49856,3.14095,0.50378,0.00000,0.00000,
26.56,1,-1.12606,2.49580,3.13975,0.54225,-0.00276,0.11287,0.03038
26.56,2,0.00053,2.50122,-3.14088,0.57340,0.00904,0.12660,0.02855
26.58,0,-2.24886,2.49857,3.14095,0.46656,-0.00021,0.00000,
26.58,1,-1.13559,2.49582,3.13969,0.48129,-0.00215,0.11327,0.04031
26.58,2,-0.01078,2.50121,-3.14068,0.59377,0.01024,0.12483,0.03809
26.6,0,-2.25831,2.49857,3.14095,0.47805,0.00003,0.00000,
26.6,1,-1.14531,2.49584,3.13967,0.48618,-0.00064,0.11301,0.04977
26.6,2,-0.02283,2.50120,-3.14049,0.59923,0.00852,0.12249,0.04780
26.62,0,-2.26795,2.49858,3.14095,0.48340,0.00006,0.00000,
26.62,1,-1.15620,2.49586,3.13967,0.54848,0.00105,0.11176,0.00964
26.62,2,-0.03448,2.50119,-3.14033,0.56780,0.00795,0.12173,0.05869
26.64,0,-2.27760,2.49859,3.14095,0.48129,-0.00000,0.00000,
26.64,1,-1.16766,2.49588,3.13966,0.57028,-0.00150,0.10994,0.01929
26.64,2,-0.04561,2.50118,-3.14017,0.55113,0.00802,0.12206,0.07015
26.66,0,-2.28716,2.49859,3.14095,0.46052,0.00008,0.00000,
26.66,1,-1.17846,2.49591,3.13963,0.51505,-0.00155,0.10870,0.02885
26.66,2,-0.05659,2.50116,-3.14001,0.54812,0.00784,0.12188,0.08096
26.68,0,-2.29669,2.49860,3.14096,0.50281,-0.00002,0.00000,
26.68,1,-1.18796,2.49592,3.13960,0.38362,-0.00290,0.10874,0.03838
26.68,2,-0.06751,2.50114,-3.13986,0.54316,0.00753,0.12046,0.09045
26.7,0,-2.30703,2.49860,3.14095,0.52054,-0.00004,0.00000,
26.7,1,-1.19606,2.49594,3.13957,0.42598,-0.00077,0.11097,0.04872
26.7,2,-0.07732,2.50112,-3.13969,0.46810,0.00804,0.11875,0.09855
26.72,0,-2.31731,2.49861,3.14095,0.50750,0.00001,0.00000,
26.72,1,-1.20483,2.49596,3.13958,0.42691,0.00101,0.11248,0.01028
26.72,2,-0.08692,2.50111,-3.13955,0.48689,0.00666,0.11793,0.10732
26.74,0,-2.32734,2.49862,3.14095,0.49867,0.00001,0.00000,
26.74,1,-1.21343,2.49598,3.13960,0.47932,0.00024,0.11392,0.02031
26.74,2,-0.09648,2.50109,-3.13942,0.45573,0.00601,0.11696,0.11592
26.76,0,-2.33732,2.49862,3.14095,0.50003,0.00000,0.00000,
26.76,1,-1.22435,2.49600,3.13958,0.57452,-0.00115,0.11297,0.03029
26.76,2,-0.10617,2.50106,-3.13929,0.50152,0.00664,0.11819,0.12684
26.78,0,-2.34736,2.49863,3.14095,0.50299,0.00000,0.00000,
26.78,1,-1.23532,2.49602,3.13956,0.54667,-0.00091,0.11204,0.04033
26.78,2,-0.11620,2.50104,-3.13916,0.49526,0.00646,0.11913,0.13781
26.8,0,-2.35742,2.49864,3.14095,0.50341,0.00000,0.00000,
26.8,1,-1.24620,2.49604,3.13955,0.53729,-0.00090,0.11123,0.05040
26.8,2,-0.12584,2.50102,-3.13904,0.47231,0.00610,0.12037,0.14869
26.82,0,-2.36680,2.49864,3.14095,0.47338,-0.00000,0.00000,
26.82,1,-1.25960,2.49607,3.13955,0.73110,0.00069,0.10720,0.00937
26.82,2,-0.13515,2.50099,-3.13892,0.46224,0.00589,0.12446,0.16209
26.84,0,-2.37636,2.49865,3.14095,0.48055,0.00006,0.00000,
26.84,1,-1.27286,2.49609,3.13955,0.58794,-0.00061,0.10350,0.01893
26.84,2,-0.14437,2.50097,-3.13880,0.45940,0.00573,0.12851,0.17536
26.86,0,-2.38597,2.49865,3.14095,0.47966,0.00001,0.00000,
26.86,1,-1.28323,2.49611,3.13953,0.48322,-0.00086,0.10274,0.02854
26.86,2,-0.15350,2.50094,-3.13869,0.45404,0.00555,0.12974,0.18573
26.88,0,-2.39542,2.49866,3.14095,0.47297,0.00003,0.00000,
26.88,1,-1.29134,2.49613,3.13950,0.41190,-0.00123,0.10407,0.03799
26.88,2,-0.16203,2.50092,-3.13857,0.41708,0.00576,0.12932,0.19384
26.9,0,-2.40509,2.49867,3.14096,0.48563,0.00004,0.00000,
26.9,1,-1.30032,2.49615,3.13949,0.46957,0.00012,0.10478,0.04767
26.9,2,-0.17044,2.50089,-3.13847,0.42194,0.00487,0.12988,0.20281
26.92,0,-2.41519,2.49867,3.14096,0.51440,-0.00003,0.00000,
26.92,1,-1.30951,2.49617,3.13949,0.41899,0.00046,0.10568,0.05776
26.92,2,-0.17883,2.50087,-3.13837,0.41573,0.00481,0.13069,0.21200
26.94,0,-2.42546,2.49868,3.14095,0.51030,-0.00001,0.00000,
26.94,1,-1.31863,2.49619,3.13949,0.49189,-0.00089,0.10683,0.06804
26.94,2,-0.18703,2.50084,-3.13827,0.40600,0.00484,0.13161,0.22113
26.96,0,-2.43555,2.49869,3.14095,0.50071,0.00001,0.00000,
26.96,1,-1.32866,2.49621,3.13947,0.49661,-0.00077,0.10690,0.07813
26.96,2,-0.19507,2.50081,-3.13818,0.39920,0.00469,0.13359,0.23115
26.98,0,-2.44554,2.49869,3.14095,0.49923,0.00001,0.00000,
26.98,1,-1.33821,2.49623,3.13946,0.46279,-0.00040,0.10733,0.08811
26.98,2,-0.20260,2.50079,-3.13808,0.36907,0.00487,0.13562,0.24071
27.0,0,-2.45555,2.49870,3.14095,0.50163,0.00000,0.00000,
27.0,1,-1.34642,2.49625,3.13944,0.39039,-0.00100,0.10913,0.09812
27.0,2,-0.21005,2.50076,-3.13799,0.37383,0.00402,0.13638,0.24892
27.02,0,-2.46560,2.49871,3.14096,0.50272,0.00000,0.00000,
27.02,1,-1.35461,2.49626,3.13953,0.38812,0.01912,0.11099,0.01005
27.02,2,-0.21747,2.50073,-3.13791,0.36766,0.00403,0.13714,0.25710
27.04,0,-2.47565,2.49871,3.14096,0.50232,0.00000,0.00000,
27.04,1,-1.36315,2.49627,3.14006,0.46378,0.01840,0.11250,0.02010
27.04,2,-0.22473,2.50071,-3.13783,0.35884,0.00408,0.13844,0.26565
27.06,0,-2.48554,2.49872,3.14095,0.46382,-0.00021,0.00000,
27.06,1,-1.37253,2.49630,3.14014,0.50201,-0.00470,0.11301,0.02999
27.06,2,-0.23183,2.50068,-3.13775,0.35300,0.00392,0.14070,0.27502
27.08,0,-2.49493,2.49872,3.14095,0.47493,0.00003,0.00000,
27.08,1,-1.38308,2.49632,3.14001,0.52093,-0.00517,0.11185,0.03938
27.08,2,-0.23884,2.50065,-3.13767,0.34859,0.00376,0.14425,0.28558
27.1,0,-2.50451,2.49873,3.14095,0.48059,0.00006,0.00000,
27.1,1,-1.39350,2.49634,3.13997,0.51491,-0.00068,0.11101,0.04896
27.1,2,-0.24574,2.50063,-3.13760,0.33173,0.00327,0.14777,0.29600
27.12,0,-2.51410,2.49874,3.14095,0.47869,0.00000,0.00000,
27.12,1,-1.40603,2.49636,3.13998,0.65314,0.00116,0.10807,0.00960
27.12,2,-0.25256,2.50060,-3.13753,0.34753,0.00360,0.15348,0.30853
27.14,0,-2.52344,2.49874,3.14096,0.47854,0.00003,0.00000,
27.14,1,-1.41823,2.49638,3.13998,0.59353,-0.00140,0.10520,0.01893
27.14,2,-0.25952,2.50057,-3.13746,0.34578,0.00348,0.15872,0.32073
27.16,0,-2.53352,2.49875,3.14096,0.51703,-0.00005,0.00000,
27.16,1,-1.42838,2.49639,3.13993,0.39777,-0.00412,0.10514,0.02901
27.16,2,-0.26632,2.50054,-3.13739,0.33496,0.00327,0.16206,0.33087
27.18,0,-2.54384,2.49876,3.14095,0.51130,-0.00000,0.00000,
27.18,1,-1.43636,2.49644,3.13976,0.40510,-0.01807,0.10748,0.03933
27.18,2,-0.27293,2.50051,-3.13733,0.32794,0.00315,0.16343,0.33885
27.2,0,-2.55391,2.49876,3.14095,0.49842,0.00002,0.00000,
27.2,1,-1.44487,2.49645,3.13944,0.44011,-0.00930,0.10905,0.04940
27.2,2,-0.27945,2.50049,-3.13726,0.32434,0.00307,0.16542,0.34736
27.22,0,-2.56384,2.49877,3.14096,0.49651,0.00001,0.00000,
27.22,1,-1.45224,2.49645,3.13892,0.28923,-0.09398,0.11161,0.00993
27.22,2,-0.28513,2.50046,-3.13718,0.28335,0.00339,0.16712,0.35473
27.24,0,-2.57381,2.49878,3.14096,0.49975,0.00000,0.00000,
27.24,1,-1.45816,2.49655,3.13609,0.31946,-0.24765,0.11565,0.01990
27.24,2,-0.29092,2.50043,-3.13713,0.29194,0.00219,0.16724,0.36065
27.26,0,-2.58382,2.49878,3.14096,0.50120,0.00000,0.00000,
27.26,1,-1.46623,2.49666,3.13243,0.47057,-0.07805,0.11759,0.02991
27.26,2,-0.29669,2.50041,-3.13708,0.28460,0.00255,0.16955,0.36873
27.28,0,-2.59384,2.49879,3.14096,0.50066,0.00000,0.00000,
27.28,1,-1.47578,2.49673,3.13271,0.50906,0.05275,0.11806,0.03993
27.28,2,-0.30228,2.50038,-3.13703,0.27589,0.00274,0.17350,0.37827
27.3,0,-2.60385,2.49879,3.14096,0.50008,0.00000,0.00000,
27.3,1,-1.48663,2.49681,3.13357,0.54814,0.02712,0.11722,0.04994
27.3,2,-0.30768,2.50036,-3.13698,0.28381,0.00264,0.17895,0.38912
27.32,0,-2.61385,2.49880,3.14096,0.50008,0.00000,0.00000,
27.32,1,-1.50082,2.49691,3.13391,0.71940,0.01848,0.11303,0.01000
27.32,2,-0.31350,2.50033,-3.13693,0.29169,0.00262,0.18732,0.40332
27.34,0,-2.62335,2.49881,3.14095,0.46768,-0.00007,0.00000,
27.34,1,-1.51433,2.49700,3.13435,0.67360,0.02165,0.10902,0.01950
27.34,2,-0.31920,2.50030,-3.13688,0.27833,0.00235,0.19514,0.41683
27.36,0,-2.63283,2.49881,3.14095,0.47757,0.00007,0.00000,
27.36,1,-1.52598,2.49708,3.13458,0.45552,0.00238,0.10684,0.02898
27.36,2,-0.32465,2.50028,-3.13683,0.26903,0.00224,0.20134,0.42848
27.38,0,-2.64240,2.49882,3.14095,0.47850,0.00002,0.00000,
27.38,1,-1.53512,2.49715,3.13470,0.46007,0.00998,0.10728,0.03855
27.38,2,-0.33000,2.50025,-3.13679,0.26680,0.00221,0.20512,0.43761
27.4,0,-2.65173,2.49883,3.14096,0.46434,0.00008,0.00000,
27.4,1,-1.54437,2.49721,3.13495,0.46283,0.01274,0.10736,0.04788
27.4,2,-0.33531,2.50023,-3.13675,0.26459,0.00214,0.20906,0.44687
27.42,0,-2.66162,2.49883,3.14096,0.51243,-0.00006,0.00000,
27.42,1,-1.55464,2.49727,3.13523,0.57034,0.01232,0.10698,0.00989
27.42,2,-0.34213,2.50020,-3.13675,0.53703,-0.01940,0.21252,0.00551
27.44,0,-2.67193,2.49884,3.14095,0.51282,-0.00001,0.00000,
27.44,1,-1.56577,2.49735,3.13544,0.54552,0.00891,0.10617,0.02021
27.44,2,-0.35212,2.50018,-3.13718,0.42476,-0.02480,0.21366,0.01664
27.46,0,-2.68203,2.49884,3.14096,0.49883,0.00002,0.00000,
27.46,1,-1.57602,2.49741,3.13562,0.48760,0.00914,0.10601,0.03030
27.46,2,-0.36021,2.50013,-3.13754,0.41168,0.01968,0.21582,0.02689
27.48,0,-2.69194,2.49885,3.14096,0.49482,0.00001,0.00000,
27.48,1,-1.58548,2.49747,3.13581,0.46732,0.00966,0.10647,0.04022
27.48,2,-0.36946,2.50005,-3.13645,0.50346,0.04808,0.21601,0.03635
27.5,0,-2.70187,2.49886,3.14096,0.49780,0.00000,0.00000,
27.5,1,-1.59406,2.49752,3.13596,0.37786,0.00576,0.10781,0.05014
27.5,2,-0.38075,2.50000,-3.13623,0.55291,-0.01529,0.21331,0.04493
27.52,0,-2.71185,2.49886,3.14096,0.49980,0.00000,0.00000,
27.52,1,-1.60236,2.49757,3.13616,0.41271,0.01059,0.10949,0.00998
27.52,2,-0.39199,2.49993,-3.13549,0.56758,0.10374,0.21037,0.00413
27.54,0,-2.72185,2.49887,3.14096,0.49948,0.00000,0.00000,
27.54,1,-1.61048,2.49762,3.13637,0.39399,0.01163,0.11137,0.01998
27.54,2,-0.40329,2.49980,-3.13497,0.56407,-0.02528,0.20719,0.01225
27.56,0,-2.73183,2.49888,3.14096,0.49881,0.00000,0.00000,
27.56,1,-1.62036,2.49767,3.13655,0.55229,0.00758,0.11147,0.02996
27.56,2,-0.41411,2.49973,-3.13570,0.47770,-0.02966,0.20625,0.02213
27.58,0,-2.74180,2.49888,3.14096,0.49871,0.00000,0.00000,
27.58,1,-1.63151,2.49772,3.13669,0.54267,0.00729,0.11029,0.03993
27.58,2,-0.42389,2.49967,-3.13601,0.49939,-0.00552,0.20763,0.03328
27.6,0,-2.75178,2.49889,3.14096,0.49888,0.00000,0.00000,
27.6,1,-1.64170,2.49777,3.13685,0.48583,0.00809,0.11008,0.04991
27.6,2,-0.43398,2.49961,-3.13606,0.50412,-0.00315,0.20773,0.04347
27.62,0,-2.76176,2.49890,3.14096,0.49896,0.00000,0.00000,
27.62,1,-1.65118,2.49782,3.13701,0.47085,0.00786,0.11057,0.05989
27.62,2,-0.44372,2.49956,-3.13619,0.47175,-0.00928,0.20746,0.05295
27.64,0,-2.77173,2.49890,3.14096,0.49893,0.00000,0.00000,
27.64,1,-1.66037,2.49786,3.13715,0.44138,0.00639,0.11137,0.06987
27.64,2,-0.45368,2.49951,-3.13637,0.51305,-0.00799,0.20669,0.06214
27.66,0,-2.78135,2.49891,3.14095,0.46419,-0.00012,0.00000,
27.66,1,-1.66935,2.49790,3.13730,0.45353,0.00756,0.11199,0.07948
27.66,2,-0.46392,2.49945,-3.13651,0.50525,-0.00690,0.20543,0.07113
27.68,0,-2.79076,2.49891,3.14095,0.47503,0.00006,0.00000,
27.68,1,-1.67838,2.49794,3.13744,0.44733,0.00711,0.11237,0.08889
27.68,2,-0.47377,2.49940,-3.13665,0.48322,-0.00688,0.20461,0.08015
27.7,0,-2.80030,2.49892,3.14096,0.47764,0.00004,0.00000,
27.7,1,-1.68719,2.49798,3.13758,0.43488,0.00655,0.11311,0.09843
27.7,2,-0.48331,2.49936,-3.13679,0.47356,-0.00683,0.20388,0.08896
27.72,0,-2.80961,2.49893,3.14096,0.46357,0.00008,0.00000,
27.72,1,-1.69521,2.49801,3.13782,0.34159,0.01469,0.11440,0.00931
27.72,2,-0.49226,2.49931,-3.13691,0.43968,-0.00611,0.20295,0.09698
27.74,0,-2.81949,2.49893,3.14096,0.51156,-0.00006,0.00000,
27.74,1,-1.70114,2.49803,3.13654,0.29500,-0.29136,0.11836,0.01919
27.74,2,-0.50115,2.49927,-3.13704,0.44683,-0.00679,0.19998,0.10291
27.76,0,-2.82978,2.49894,3.14096,0.51177,-0.00001,0.00000,
27.76,1,-1.70795,2.49802,3.13480,0.39037,0.05256,0.12183,0.02948
27.76,2,-0.51003,2.49923,-3.13717,0.43932,-0.00614,0.19793,0.10973
27.78,0,-2.83986,2.49895,3.14096,0.49775,0.00002,0.00000,
27.78,1,-1.71539,2.49802,3.13654,0.37976,0.08702,0.12447,0.03956
27.78,2,-0.51869,2.49919,-3.13729,0.42827,-0.00574,0.19670,0.11716
27.8,0,-2.84975,2.49895,3.14096,0.49379,0.00001,0.00000,
27.8,1,-1.72322,2.49810,3.13718,0.41863,-0.03695,0.12654,0.04945
27.8,2,-0.52717,2.49915,-3.13740,0.42124,-0.00567,0.19605,0.12499
27.82,0,-2.85966,2.49896,3.14096,0.49679,0.00000,0.00000,
27.82,1,-1.73095,2.49817,3.13752,0.26873,0.05239,0.12870,0.00991
27.82,2,-0.53569,2.49912,-3.13756,0.49116,-0.01915,0.19526,0.00325
27.84,0,-2.86962,2.49896,3.14096,0.49878,0.00000,0.00000,
27.84,1,-1.73630,2.49825,-3.14138,0.28400,0.14840,0.13332,0.01987
27.84,2,-0.54553,2.49908,-3.13804,0.45255,-0.02167,0.19077,0.00859
27.86,0,-2.87959,2.49897,3.14096,0.49846,0.00000,0.00000,
27.86,1,-1.74365,2.49832,3.14106,0.44121,-0.11232,0.13594,0.02984
27.86,2,-0.55545,2.49904,-3.13828,0.53691,-0.00405,0.18821,0.01595
27.88,0,-2.88955,2.49898,3.14096,0.49778,0.00000,0.00000,
27.88,1,-1.75264,2.49835,3.13942,0.48348,-0.04862,0.13692,0.03980
27.88,2,-0.56640,2.49901,-3.13830,0.54205,-0.00144,0.18624,0.02493
27.9,0,-2.89951,2.49898,3.14096,0.49769,0.00000,0.00000,
27.9,1,-1.76257,2.49833,3.13631,0.50066,-0.09658,0.13694,0.04976
27.9,2,-0.57681,2.49897,-3.13838,0.50369,-0.00533,0.18576,0.03487
27.92,0,-2.90946,2.49899,3.14096,0.49787,0.00000,0.00000,
27.92,1,-1.77263,2.49836,3.13626,0.50271,0.04839,0.13683,0.05971
27.92,2,-0.58753,2.49894,-3.13853,0.61956,-0.01344,0.18510,0.00503
27.94,0,-2.91942,2.49900,3.14096,0.49794,0.00000,0.00000,
27.94,1,-1.78259,2.49842,3.13723,0.49243,0.03401,0.13684,0.06967
27.94,2,-0.60028,2.49890,-3.13882,0.59607,-0.01260,0.18231,0.01499
27.96,0,-2.92938,2.49900,3.14096,0.49791,0.00000,0.00000,
27.96,1,-1.79231,2.49847,3.13749,0.48177,0.00095,0.13707,0.07963
27.96,2,-0.61236,2.49887,-3.13896,0.62213,-0.00310,0.17995,0.02471
27.98,0,-2.93934,2.49901,3.14096,0.49788,0.00000,0.00000,
27.98,1,-1.80187,2.49851,3.13748,0.47496,0.00216,0.13747,0.08959
27.98,2,-0.62480,2.49883,-3.13900,0.61492,-0.00278,0.17706,0.03427
28.0,0,-2.94930,2.49902,3.14096,0.49788,0.00000,0.00000,
28.0,1,-1.81108,2.49855,3.13760,0.43286,0.00793,0.13822,0.09955
28.0,2,-0.63530,2.49880,-3.13904,0.52512,-0.00359,0.17577,0.04348
28.02,0,-2.95925,2.49902,3.14096,0.49789,0.00000,0.00000,
28.02,1,-1.81982,2.49859,3.13778,0.44063,0.00889,0.13943,0.10950
28.02,2,-0.64577,2.49878,-3.13916,0.50180,-0.00852,0.17405,0.00439
28.04,0,-2.96921,2.49903,3.14096,0.49789,0.00000,0.00000,
28.04,1,-1.82863,2.49862,3.13794,0.43845,0.00699,0.14058,0.11946
28.04,2,-0.65557,2.49875,-3.13932,0.49215,-0.00654,0.17306,0.01320
28.06,0,-2.97874,2.49903,3.14095,0.46447,-0.00010,0.00000,
28.06,1,-1.83729,2.49865,3.13807,0.42813,0.00646,0.14145,0.12899
28.06,2,-0.66567,2.49873,-3.13941,0.51322,-0.00344,0.17162,0.02186
28.08,0,-2.98815,2.49904,3.14095,0.47481,0.00007,0.00000,
28.08,1,-1.84575,2.49868,3.13820,0.41961,0.00662,0.14240,0.13840
28.08,2,-0.67594,2.49871,-3.13948,0.51063,-0.00376,0.16981,0.03033
28.1,0,-2.99768,2.49905,3.14096,0.47653,0.00003,0.00000,
28.1,1,-1.85408,2.49871,3.13833,0.41403,0.00649,0.14360,0.14793
28.1,2,-0.68599,2.49869,-3.13956,0.49533,-0.00430,0.16809,0.03865
28.12,0,-3.00696,2.49905,3.14096,0.47597,0.00003,0.00000,
28.12,1,-1.86507,2.49874,3.13856,0.60204,0.01343,0.14189,0.00928
28.12,2,-0.69696,2.49867,-3.13967,0.69097,-0.00904,0.16811,0.00592
28.14,0,-3.01699,2.49906,3.14096,0.51417,-0.00006,0.00000,
28.14,1,-1.87610,2.49878,3.13878,0.53139,0.00876,0.14089,0.01931
28.14,2,-0.71040,2.49865,-3.13989,0.67119,-0.01123,0.16570,0.01694
28.16,0,-3.02725,2.49907,3.14096,0.50808,-0.00000,0.00000,
28.16,1,-1.88717,2.49881,3.13889,0.56165,0.00341,0.14008,0.02957
28.16,2,-0.72308,2.49863,-3.14011,0.62511,-0.00922,0.16409,0.02801
28.18,0,-3.03726,2.49907,3.14096,0.49518,0.00002,0.00000,
28.18,1,-1.89812,2.49884,3.13896,0.49649,0.00319,0.13913,0.03958
28.18,2,-0.73546,2.49860,-3.14021,0.54410,-0.00133,0.16266,0.03897
28.2,0,-3.04712,2.49908,3.14096,0.49338,0.00001,0.00000,
28.2,1,-1.90732,2.49887,3.13903,0.46590,0.00461,0.13981,0.04944
28.2,2,-0.74662,2.49858,-3.14024,0.57010,-0.00253,0.16070,0.04816
28.22,0,-3.05703,2.49908,3.14096,0.49665,0.00000,0.00000,
28.22,1,-1.91615,2.49890,3.13917,0.41727,0.00818,0.14087,0.00990
28.22,2,-0.75814,2.49857,-3.14031,0.57533,-0.00365,0.15802,0.05700
28.24,0,-3.06698,2.49909,3.14096,0.49809,0.00000,0.00000,
28.24,1,-1.92489,2.49892,3.13931,0.46976,0.00500,0.14209,0.01986
28.24,2,-0.76947,2.49855,-3.14037,0.55866,-0.00308,0.15542,0.06574
28.26,0,-3.07694,2.49910,3.14096,0.49753,0.00000,0.00000,
28.26,1,-1.93504,2.49894,3.13938,0.52687,0.00330,0.14190,0.02981
28.26,2,-0.78047,2.49854,-3.14043,0.54431,-0.00271,0.15457,0.07588
28.28,0,-3.08688,2.49910,3.14096,0.49695,0.00000,0.00000,
28.28,1,-1.94515,2.49896,3.13946,0.51153,0.00425,0.14173,0.03976
28.28,2,-0.79127,2.49853,-3.14049,0.53734,-0.00275,0.15388,0.08599
28.3,0,-3.09682,2.49911,3.14096,0.49696,0.00000,0.00000,
28.3,1,-1.95592,2.49899,3.13955,0.54802,0.00408,0.14090,0.04970
28.3,2,-0.80196,2.49851,-3.14054,0.53122,-0.00273,0.15396,0.09676
28.32,0,-3.10676,2.49912,3.14096,0.49713,0.00000,0.00000,
28.32,1,-1.97057,2.49901,3.13964,0.77201,0.00576,0.13619,0.00994
28.32,2,-0.81374,2.49850,-3.14061,0.74394,-0.00680,0.15682,0.00798
28.34,0,-3.11670,2.49912,3.14096,0.49717,0.00000,0.00000,
28.34,1,-1.98492,2.49903,3.13978,0.71517,0.00679,0.13178,0.01988
28.34,2,-0.82844,2.49849,-3.14078,0.72626,-0.00850,0.15648,0.02233
28.36,0,-3.12665,2.49913,3.14096,0.49713,0.00000,0.00000,
28.36,1,-1.99832,2.49905,3.13987,0.61689,0.00287,0.12833,0.02983
28.36,2,-0.84237,2.49848,-3.14095,0.67919,-0.00810,0.15594,0.03573
28.38,0,-3.13659,2.49913,3.14096,0.49711,0.00000,0.00000,
28.38,1,-2.00738,2.49907,3.13989,0.40238,0.00039,0.12921,0.03977
28.38,2,-0.85702,2.49846,-3.14104,0.78073,-0.00233,0.15036,0.04479
28.4,0,-3.14653,2.49914,3.14096,0.49712,0.00000,0.00000,
28.4,1,-2.01551,2.49909,3.13990,0.41786,0.00145,0.13103,0.04971
28.4,2,-0.87249,2.49845,-3.14107,0.78360,-0.00168,0.14302,0.05292
28.42,0,-3.15647,2.49915,3.14096,0.49712,0.00000,0.00000,
28.42,1,-2.02702,2.49911,3.13995,0.62471,0.00302,0.12946,0.00994
28.42,2,-0.88825,2.49844,-3.14112,0.78479,-0.00257,0.13877,0.06443
28.44,0,-3.16642,2.49915,3.14096,0.49712,0.00000,0.00000,
28.44,1,-2.03878,2.49912,3.14003,0.57625,0.00375,0.12764,0.01988
28.44,2,-0.90345,2.49843,-3.14117,0.78599,-0.00237,0.13533,0.07619
28.46,0,-3.17636,2.49916,3.14096,0.49712,0.00000,0.00000,
28.46,1,-2.04970,2.49914,3.14011,0.55070,0.00327,0.12666,0.02983
28.46,2,-0.91971,2.49843,-3.14121,0.82574,-0.00190,0.12999,0.08711
28.48,0,-3.18630,2.49917,3.14096,0.49712,0.00000,0.00000,
28.48,1,-2.05913,2.49916,3.14014,0.44387,0.00162,0.12717,0.03977
28.48,2,-0.93614,2.49842,-3.14125,0.81090,-0.00193,0.12299,0.09654
28.5,0,-3.19624,2.49917,3.14096,0.49712,0.00000,0.00000,
28.5,1,-2.06852,2.49917,3.14019,0.48301,0.00345,0.12772,0.04971
28.5,2,-0.95130,2.49842,-3.14129,0.70893,-0.00198,0.11723,0.10594
28.52,0,-3.20619,2.49918,3.14096,0.49712,0.00000,0.00000,
28.52,1,-2.08024,2.49918,3.14028,0.57125,0.00509,0.12594,0.00994
28.52,2,-0.96268,2.49841,-3.14132,0.55623,-0.00159,0.11756,0.00583
28.54,0,-3.21613,2.49919,3.14096,0.49712,0.00000,0.00000,
28.54,1,-2.09167,2.49920,3.14038,0.57125,0.00508,0.12446,0.01988
28.54,2,-0.97409,2.49841,-3.14135,0.58953,-0.00174,0.11758,0.01725
28.56,0,-3.22552,2.49919,3.14096,0.46624,-0.00005,0.00000,
28.56,1,-2.10298,2.49921,3.14046,0.55513,0.00267,0.12254,0.02927
28.56,2,-0.98592,2.49840,-3.14139,0.62235,-0.00200,0.11706,0.02856
28.58,0,-3.23495,2.49920,3.14096,0.47520,0.00007,0.00000,
28.58,1,-2.11254,2.49922,3.14050,0.46949,0.00176,0.12242,0.03871
28.58,2,-0.99868,2.49840,-3.14143,0.64792,-0.00197,0.11386,0.03812
28.6,0,-3.24447,2.49920,3.14096,0.47538,0.00002,0.00000,
28.6,1,-2.12210,2.49923,3.14054,0.48353,0.00249,0.12237,0.04823
28.6,2,-1.01164,2.49840,-3.14147,0.63965,-0.00184,0.11046,0.04769
28.62,0,-3.25381,2.49921,3.14096,0.49263,-0.00003,0.00000,
28.62,1,-2.13175,2.49924,3.14059,0.47852,0.00247,0.12206,0.05757
28.62,2,-1.02408,2.49840,-3.14151,0.60916,-0.00178,0.10766,0.05733
28.64,0,-3.26400,2.49922,3.14096,0.51492,-0.00005,0.00000,
28.64,1,-2.14112,2.49925,3.14064,0.45216,0.00229,0.12288,0.06775
28.64,2,-1.03609,2.49840,-3.14154,0.59583,-0.00173,0.10502,0.06670
28.66,0,-3.27418,2.49922,3.14096,0.50281,0.00001,0.00000,
28.66,1,-2.15040,2.49926,3.14068,0.47195,0.00205,0.12379,0.07794
28.66,2,-1.04691,2.49840,-3.14158,0.51928,-0.00173,0.10349,0.07598
28.68,0,-3.28411,2.49923,3.14096,0.49291,0.00001,0.00000,
28.68,1,-2.15984,2.49927,3.14072,0.46889,0.00203,0.12427,0.08787
28.68,2,-1.05760,2.49840,3.14158,0.54370,-0.00165,0.10224,0.08543
28.7,0,-3.29397,2.49924,3.14096,0.49370,0.00000,0.00000,
28.7,1,-2.16906,2.49928,3.14076,0.45456,0.00200,0.12490,0.09772
28.7,2,-1.06834,2.49840,3.14154,0.50093,-0.00155,0.10072,0.09465
28.72,0,-3.30388,2.49924,3.14096,0.49682,0.00000,0.00000,
28.72,1,-2.17826,2.49928,3.14082,0.41695,0.00295,0.12562,0.00991
28.72,2,-1.07894,2.49840,3.14151,0.56402,-0.00149,0.09932,0.10385
28.74,0,-3.31382,2.49925,3.14096,0.49745,0.00000,0.00000,
28.74,1,-2.18707,2.49929,3.14086,0.47527,0.00167,0.12676,0.01986
28.74,2,-1.09042,2.49840,3.14148,0.57059,-0.00147,0.09664,0.11266
28.76,0,-3.32377,2.49925,3.14096,0.49671,0.00000,0.00000,
28.76,1,-2.19729,2.49930,3.14089,0.52895,0.00132,0.12647,0.02980
28.76,2,-1.10148,2.49840,3.14146,0.53773,-0.00144,0.09582,0.12288
28.78,0,-3.33369,2.49926,3.14096,0.49632,0.00000,0.00000,
28.78,1,-2.20776,2.49930,3.14092,0.51213,0.00155,0.12593,0.03973
28.78,2,-1.11105,2.49840,3.14143,0.45524,-0.00147,0.09671,0.13335
28.8,0,-3.34362,2.49927,3.14096,0.49643,0.00000,0.00000,
28.8,1,-2.21768,2.49931,3.14095,0.48476,0.00159,0.12595,0.04966
28.8,2,-1.12046,2.49840,3.14140,0.48098,-0.00131,0.09722,0.14326
28.82,0,-3.35355,2.49927,3.14096,0.49657,0.00000,0.00000,
28.82,1,-2.22726,2.49932,3.14098,0.47685,0.00148,0.12629,0.05959
28.82,2,-1.13030,2.49840,3.14137,0.51535,-0.00146,0.09695,0.00477
28.84,0,-3.36348,2.49928,3.14096,0.49658,0.00000,0.00000,
28.84,1,-2.23678,2.49932,3.14101,0.47544,0.00141,0.12670,0.06952
28.84,2,-1.14029,2.49841,3.14134,0.51965,-0.00138,0.09649,0.01430
28.86,0,-3.37342,2.49929,3.14096,0.49654,0.00000,0.00000,
28.86,1,-2.24623,2.49933,3.14104,0.46942,0.00137,0.12718,0.07945
28.86,2,-1.15083,2.49841,3.14132,0.52126,-0.00120,0.09540,0.02375
28.88,0,-3.38335,2.49929,3.14096,0.49653,0.00000,0.00000,
28.88,1,-2.25553,2.49933,3.14106,0.46082,0.00133,0.12782,0.08938
28.88,2,-1.16087,2.49841,3.14129,0.48689,-0.00114,0.09466,0.03304
28.9,0,-3.39328,2.49930,3.14096,0.49654,0.00000,0.00000,
28.9,1,-2.26466,2.49934,3.14109,0.45329,0.00129,0.12862,0.09931
28.9,2,-1.16952,2.49841,3.14127,0.41151,-0.00125,0.09514,0.04217
28.92,0,-3.40321,2.49930,3.14096,0.49654,0.00000,0.00000,
28.92,1,-2.27431,2.49934,3.14112,0.45619,0.00159,0.12890,0.00993
28.92,2,-1.17933,2.49842,3.14125,0.66885,-0.00086,0.09498,0.00465
28.94,0,-3.41314,2.49931,3.14096,0.49654,0.00000,0.00000,
28.94,1,-2.28372,2.49935,3.14115,0.49222,0.00103,0.12942,0.01986
28.94,2,-1.19159,2.49842,3.14123,0.54044,-0.00043,0.09213,0.01406
28.96,0,-3.42307,2.49932,3.14096,0.49654,0.00000,0.00000,
28.96,1,-2.29401,2.49935,3.14116,0.52482,0.00088,0.12906,0.02979
28.96,2,-1.20238,2.49842,3.14123,0.53742,-0.00054,0.09162,0.02435
28.98,0,-3.43300,2.49932,3.14096,0.49654,0.00000,0.00000,
28.98,1,-2.30440,2.49936,3.14118,0.51075,0.00098,0.12860,0.03972
28.98,2,-1.21160,2.49843,3.14120,0.38423,-0.00139,0.09280,0.03474
29.0,0,-3.44293,2.49933,3.14096,0.49654,0.00000,0.00000,
29.0,1,-2.31436,2.49936,3.14120,0.49005,0.00099,0.12857,0.04965
29.0,2,-1.21976,2.49843,3.14118,0.42686,-0.00100,0.09461,0.04471
29.02,0,-3.45286,2.49934,3.14096,0.49654,0.00000,0.00000,
29.02,1,-2.32406,2.49936,3.14122,0.48237,0.00093,0.12880,0.05958
29.02,2,-1.22891,2.49843,3.14117,0.51027,-0.00035,0.09515,0.00483
29.04,0,-3.46279,2.49934,3.14096,0.49654,0.00000,0.00000,
29.04,1,-2.33368,2.49937,3.14124,0.47894,0.00089,0.12912,0.06952
29.04,2,-1.23912,2.49844,3.14116,0.51027,-0.00035,0.09456,0.01444
29.06,0,-3.47272,2.49935,3.14096,0.49654,0.00000,0.00000,
29.06,1,-2.34319,2.49937,3.14126,0.47245,0.00086,0.12953,0.07945
29.06,2,-1.24929,2.49844,3.14115,0.50426,-0.00054,0.09390,0.02396
29.08,0,-3.48265,2.49936,3.14096,0.49654,0.00000,0.00000,
29.08,1,-2.35255,2.49937,3.14127,0.46431,0.00084,0.13011,0.08938
29.08,2,-1.25916,2.49844,3.14114,0.48478,-0.00093,0.09339,0.03332
29.1,0,-3.49258,2.49936,3.14096,0.49654,0.00000,0.00000,
29.1,1,-2.36175,2.49938,3.14129,0.45694,0.00081,0.13083,0.09931
29.1,2,-1.26829,2.49845,3.14112,0.44195,-0.00100,0.09346,0.04252
29.12,0,-3.50252,2.49937,3.14096,0.49654,0.00000,0.00000,
29.12,1,-2.37082,2.49938,3.14131,0.45029,0.00078,0.13170,0.10924
29.12,2,-1.27726,2.49845,3.14110,0.45256,-0.00077,0.09356,0.05158
29.14,0,-3.51245,2.49937,3.14096,0.49654,0.00000,0.00000,
29.14,1,-2.37975,2.49938,3.14132,0.44366,0.00075,0.13270,0.11917
29.14,2,-1.28630,2.49846,3.14108,0.44910,-0.00075,0.09345,0.06052
29.16,0,-3.52238,2.49938,3.14096,0.49654,0.00000,0.00000,
29.16,1,-2.38799,2.49938,3.14134,0.41151,0.00073,0.13439,0.12910
29.16,2,-1.29477,2.49846,3.14107,0.40865,-0.00084,0.09322,0.06876
29.18,0,-3.53164,2.49939,3.14096,0.46811,-0.00000,0.00000,
29.18,1,-2.39627,2.49939,3.14135,0.41459,0.00073,0.13536,0.13836
29.18,2,-1.30299,2.49847,3.14105,0.41262,-0.00068,0.09328,0.07704
29.2,0,-3.54110,2.49939,3.14096,0.47532,0.00006,0.00000,
29.2,1,-2.40449,2.49939,3.14136,0.40667,0.00067,0.13661,0.14782
29.2,2,-1.31121,2.49847,3.14104,0.40814,-0.00067,0.09328,0.08526
29.22,0,-3.55044,2.49940,3.14096,0.44849,0.00015,0.00000,
29.22,1,-2.41502,2.49939,3.14137,0.56777,-0.00021,0.13542,0.00935
29.22,2,-1.32022,2.49848,3.14103,0.54832,0.00018,0.09480,0.00560
29.24,0,-3.56009,2.49940,3.14096,0.50474,-0.00006,0.00000,
29.24,1,-2.42546,2.49939,3.14137,0.53503,0.00026,0.13463,0.01900
29.24,2,-1.33080,2.49848,3.14104,0.53112,0.00070,0.09467,0.01604
29.26,0,-3.57035,2.49941,3.14096,0.51243,-0.00003,0.00000,
29.26,1,-2.43653,2.49940,3.14138,0.55570,0.00057,0.13381,0.02925
29.26,2,-1.34131,2.49849,3.14105,0.52220,-0.00028,0.09522,0.02711
29.28,0,-3.58044,2.49942,3.14096,0.49808,0.00002,0.00000,
29.28,1,-2.44733,2.49940,3.14139,0.52517,0.00049,0.13311,0.03934
29.28,2,-1.35199,2.49849,3.14103,0.53844,-0.00090,0.09535,0.03791
29.3,0,-3.59031,2.49942,3.14096,0.49183,0.00001,0.00000,
29.3,1,-2.45651,2.49940,3.14139,0.44428,0.00035,0.13380,0.04922
29.3,2,-1.36265,2.49850,3.14102,0.52644,-0.00068,0.09386,0.04710
29.32,0,-3.60017,2.49943,3.14096,0.49430,0.00000,0.00000,
29.32,1,-2.46498,2.49940,3.14140,0.39981,0.00045,0.13519,0.00986
29.32,2,-1.37100,2.49850,3.14101,0.24956,0.00021,0.09398,0.00400
29.34,0,-3.61009,2.49944,3.14096,0.49681,0.00000,0.00000,
29.34,1,-2.47329,2.49940,3.14141,0.44685,0.00034,0.13680,0.01978
29.34,2,-1.37540,2.49851,3.14101,0.16740,-0.00026,0.09789,0.01231
29.36,0,-3.62003,2.49944,3.14096,0.49678,0.00000,0.00000,
29.36,1,-2.48311,2.49941,3.14142,0.51594,0.00029,0.13692,0.02971
29.36,2,-1.37797,2.49851,3.14100,0.09839,-0.00065,0.10514,0.02212
29.38,0,-3.62995,2.49945,3.14096,0.49604,0.00000,0.00000,
29.38,1,-2.49319,2.49941,3.14142,0.51669,0.00033,0.13676,0.03964
29.38,2,-1.38009,2.49855,3.13981,0.17687,-0.08887,0.11310,0.03220
29.4,0,-3.63987,2.49946,3.14096,0.49585,0.00000,0.00000,
29.4,1,-2.50369,2.49941,3.14143,0.52325,0.00031,0.13618,0.04956
29.4,2,-1.38458,2.49856,3.13873,0.25563,-0.02566,0.11912,0.04271
29.42,0,-3.64979,2.49946,3.14096,0.49601,0.00000,0.00000,
29.42,1,-2.51388,2.49941,3.14144,0.49764,0.00031,0.13591,0.05948
29.42,2,-1.38969,2.49856,3.13822,0.25563,-0.02534,0.12419,0.00503
29.44,0,-3.65971,2.49947,3.14096,0.49611,0.00000,0.00000,
29.44,1,-2.52365,2.49941,3.14144,0.48292,0.00030,0.13607,0.06940
29.44,2,-1.39584,2.49860,3.12326,0.39103,-0.55949,0.12781,0.01479
29.46,0,-3.66963,2.49947,3.14096,0.49609,0.00000,0.00000,
29.46,1,-2.53326,2.49941,3.14145,0.47966,0.00029,0.13637,0.07932
29.46,2,-1.40454,2.49869,3.13504,0.46093,0.57885,0.12872,0.02441
29.48,0,-3.67955,2.49948,3.14096,0.49606,0.00000,0.00000,
29.48,1,-2.54281,2.49942,3.14145,0.47522,0.00028,0.13674,0.08924
29.48,2,-1.41399,2.49901,3.13727,0.49563,-0.21763,0.12883,0.03396
29.5,0,-3.68947,2.49949,3.14096,0.49605,0.00000,0.00000,
29.5,1,-2.55223,2.49942,3.14146,0.46733,0.00027,0.13724,0.09916
29.5,2,-1.42385,2.49906,3.13651,0.52087,0.10194,0.12838,0.04338
29.52,0,-3.69940,2.49949,3.14096,0.49606,0.00000,0.00000,
29.52,1,-2.56155,2.49942,3.14146,0.44827,-0.00028,0.13784,0.00992
29.52,2,-1.43444,2.49900,3.13853,0.46998,0.06221,0.12711,0.05270
29.54,0,-3.70932,2.49950,3.14096,0.49606,0.00000,0.00000,
29.54,1,-2.57090,2.49942,3.14146,0.49062,0.00009,0.13842,0.01984
29.54,2,-1.44393,2.49897,3.13872,0.47723,-0.01890,0.12697,0.06205
29.56,0,-3.71924,2.49951,3.14096,0.49606,0.00000,0.00000,
29.56,1,-2.58107,2.49942,3.14146,0.49622,0.00028,0.13817,0.02976
29.56,2,-1.45345,2.49896,3.13834,0.47351,-0.00949,0.12761,0.07221
29.58,0,-3.72916,2.49951,3.14096,0.49606,0.00000,0.00000,
29.58,1,-2.59117,2.49942,3.14147,0.53886,0.00015,0.13799,0.03968
29.58,2,-1.46261,2.49898,3.13842,0.45246,0.01110,0.12856,0.08231
29.6,0,-3.73908,2.49952,3.14096,0.49606,0.00000,0.00000,
29.6,1,-2.60216,2.49942,3.14147,0.54621,0.00010,0.13692,0.04961
29.6,2,-1.47215,2.49901,3.13863,0.48942,0.00861,0.13002,0.09331
29.62,0,-3.74900,2.49952,3.14096,0.49606,0.00000,0.00000,
29.62,1,-2.61272,2.49942,3.14147,0.51253,0.00014,0.13628,0.05953
29.62,2,-1.48187,2.49904,3.13875,0.47804,0.00429,0.13085,0.10386
29.64,0,-3.75892,2.49953,3.14096,0.49606,0.00000,0.00000,
29.64,1,-2.62266,2.49943,3.14147,0.45553,0.00010,0.13626,0.06945
29.64,2,-1.49118,2.49907,3.13883,0.45712,0.00449,0.13148,0.11381
29.66,0,-3.76884,2.49954,3.14096,0.49606,0.00000,0.00000,
29.66,1,-2.63130,2.49943,3.14147,0.44484,0.00013,0.13754,0.07937
29.66,2,-1.50022,2.49909,3.13893,0.44915,0.00521,0.13109,0.12245
29.68,0,-3.77877,2.49954,3.14096,0.49606,0.00000,0.00000,
29.68,1,-2.64040,2.49943,3.14148,0.45842,0.00014,0.13836,0.08929
29.68,2,-1.50835,2.49912,3.13902,0.39043,0.00440,0.13205,0.13155
29.7,0,-3.78869,2.49955,3.14096,0.49606,0.00000,0.00000,
29.7,1,-2.64936,2.49943,3.14148,0.41639,0.00015,0.13933,0.09921
29.7,2,-1.51639,2.49914,3.13912,0.40810,0.00508,0.13297,0.14051
29.72,0,-3.79861,2.49956,3.14096,0.49606,0.00000,0.00000,
29.72,1,-2.65901,2.49943,3.14147,0.48453,-0.00055,0.13960,0.00992
29.72,2,-1.52452,2.49916,3.13922,0.40226,0.00454,0.13449,0.15015
29.74,0,-3.80853,2.49956,3.14096,0.49606,0.00000,0.00000,
29.74,1,-2.66895,2.49943,3.14147,0.52541,-0.00009,0.13957,0.01984
29.74,2,-1.53228,2.49918,3.13931,0.40213,0.00421,0.13668,0.16010
29.76,0,-3.81845,2.49957,3.14096,0.49606,0.00000,0.00000,
29.76,1,-2.67971,2.49943,3.14147,0.55509,0.00015,0.13874,0.02976
29.76,2,-1.54055,2.49920,3.13939,0.41563,0.00403,0.13916,0.17085
29.78,0,-3.82837,2.49957,3.14096,0.49606,0.00000,0.00000,
29.78,1,-2.69076,2.49943,3.14147,0.54333,0.00006,0.13761,0.03968
29.78,2,-1.54869,2.49921,3.13947,0.39868,0.00410,0.14207,0.18191
29.8,0,-3.83829,2.49958,3.14096,0.49606,0.00000,0.00000,
29.8,1,-2.70130,2.49944,3.14147,0.51541,0.00001,0.13699,0.04961
29.8,2,-1.55649,2.49923,3.13955,0.38508,0.00397,0.14481,0.19245
29.82,0,-3.84821,2.49959,3.14096,0.49606,0.00000,0.00000,
29.82,1,-2.71521,2.49944,3.14147,0.74484,-0.00013,0.13300,0.00992
29.82,2,-1.56414,2.49925,3.13963,0.38120,0.00379,0.15107,0.20636
29.84,0,-3.85814,2.49959,3.14096,0.49606,0.00000,0.00000,
29.84,1,-2.72908,2.49944,3.14147,0.68833,-0.00008,0.12906,0.01984
29.84,2,-1.57174,2.49926,3.13970,0.37803,0.00366,0.15734,0.22022
29.86,0,-3.86806,2.49960,3.14096,0.49606,0.00000,0.00000,
29.86,1,-2.74194,2.49944,3.14147,0.59691,-0.00011,0.12612,0.02976
29.86,2,-1.57924,2.49927,3.13977,0.37219,0.00355,0.16270,0.23308
29.88,0,-3.87798,2.49961,3.14096,0.49606,0.00000,0.00000,
29.88,1,-2.75090,2.49944,3.14146,0.43090,-0.00016,0.12708,0.03968
29.88,2,-1.58575,2.49929,3.13983,0.32410,0.00328,0.16515,0.24204
29.9,0,-3.88790,2.49961,3.14096,0.49606,0.00000,0.00000,
29.9,1,-2.75973,2.49944,3.14146,0.45574,-0.00002,0.12817,0.04961
29.9,2,-1.59237,2.49930,3.13990,0.33433,0.00355,0.16735,0.25087
29.92,0,-3.89782,2.49962,3.14096,0.49606,0.00000,0.00000,
29.92,1,-2.76905,2.49944,3.14146,0.45203,0.00007,0.12877,0.05953
29.92,2,-1.59900,2.49931,3.13997,0.32703,0.00318,0.17005,0.26019
29.94,0,-3.90745,2.49963,3.14096,0.46075,-0.00015,0.00000,
29.94,1,-2.77828,2.49944,3.14146,0.49496,0.00000,0.12917,0.06916
29.94,2,-1.60528,2.49932,3.14003,0.31931,0.00307,0.17300,0.26942
29.96,0,-3.91679,2.49963,3.14096,0.47172,0.00006,0.00000,
29.96,1,-2.78841,2.49945,3.14146,0.50422,-0.00002,0.12837,0.07850
29.96,2,-1.61195,2.49933,3.14009,0.33935,0.00288,0.17646,0.27956
29.98,0,-3.92628,2.49964,3.14096,0.47514,0.00004,0.00000,
29.98,1,-2.79815,2.49945,3.14146,0.47234,0.00000,0.12812,0.08798
29.98,2,-1.61864,2.49934,3.14015,0.32814,0.00288,0.17951,0.28930
30.0,0,-3.93553,2.49964,3.14096,0.47487,0.00004,0.00000,
30.0,1,-2.80738,2.49945,3.14146,0.45620,0.00001,0.12815,0.09724
30.0,2,-1.62505,2.49935,3.14021,0.31479,0.00280,0.18234,0.29853
30.02,0,-3.94554,2.49965,3.14096,0.51306,-0.00006,0.00000,
30.02,1,-2.81613,2.49945,3.14146,0.42218,-0.00002,0.12941,0.10725
30.02,2,-1.63261,2.49936,3.14027,0.52639,0.00615,0.18352,0.00420
30.04,0,-3.95578,2.49966,3.14096,0.50670,-0.00000,0.00000,
30.04,1,-2.82472,2.49945,3.14146,0.43295,0.00001,0.13106,0.11748
30.04,2,-1.64254,2.49937,3.14044,0.48406,0.00872,0.18218,0.01278
30.06,0,-3.96575,2.49966,3.14096,0.49373,0.00002,0.00000,
30.06,1,-2.83334,2.49945,3.14146,0.42760,0.00001,0.13241,0.12746
30.06,2,-1.65193,2.49940,3.14022,0.47979,-0.03607,0.18141,0.02140
30.08,0,-3.97559,2.49967,3.14096,0.49199,0.00001,0.00000,
30.08,1,-2.84170,2.49945,3.14146,0.38305,-0.00004,0.13390,0.13730
30.08,2,-1.66292,2.49941,3.13970,0.55107,-0.01312,0.17877,0.02976
30.1,0,-3.98547,2.49967,3.14096,0.49530,0.00000,0.00000,
30.1,1,-2.84940,2.49945,3.14146,0.38803,0.00000,0.13607,0.14717
30.1,2,-1.67410,2.49942,3.13973,0.55290,0.00912,0.17529,0.03746
30.12,0,-3.99539,2.49968,3.14096,0.49673,0.00000,0.00000,
30.12,1,-2.86039,2.49945,3.14145,0.56879,-0.00057,0.13501,0.00993
30.12,2,-1.68585,2.49943,3.13993,0.69674,0.01128,0.17454,0.00600
30.14,0,-4.00532,2.49969,3.14096,0.49615,0.00000,0.00000,
30.14,1,-2.87096,2.49946,3.14144,0.52675,-0.00052,0.13436,0.01986
30.14,2,-1.70011,2.49945,3.14011,0.66215,0.00726,0.17084,0.01658
30.16,0,-4.01524,2.49969,3.14096,0.49558,0.00000,0.00000,
30.16,1,-2.88158,2.49946,3.14144,0.53513,-0.00018,0.13366,0.02977
30.16,2,-1.71333,2.49947,3.14023,0.65763,0.00415,0.16825,0.02720
30.18,0,-4.02515,2.49970,3.14096,0.49559,0.00000,0.00000,
30.18,1,-2.89228,2.49946,3.14143,0.53283,-0.00005,0.13286,0.03968
30.18,2,-1.72634,2.49949,3.14028,0.64380,0.00218,0.16595,0.03790
30.2,0,-4.03506,2.49971,3.14096,0.49576,0.00000,0.00000,
30.2,1,-2.90258,2.49946,3.14143,0.44476,-0.00020,0.13248,0.04960
30.2,2,-1.73774,2.49951,3.14032,0.55434,0.00243,0.16483,0.04820
30.22,0,-4.04498,2.49971,3.14096,0.49580,0.00000,0.00000,
30.22,1,-2.91164,2.49946,3.14143,0.46317,-0.00009,0.13334,0.05951
30.22,2,-1.74799,2.49953,3.14038,0.37155,0.00366,0.16365,0.00459
30.24,0,-4.05490,2.49972,3.14096,0.49576,0.00000,0.00000,
30.24,1,-2.92105,2.49946,3.14143,0.47209,-0.00005,0.13384,0.06943
30.24,2,-1.75427,2.49954,3.14044,0.23742,0.00187,0.16678,0.01399
30.26,0,-4.06481,2.49973,3.14096,0.49574,0.00000,0.00000,
30.26,1,-2.93023,2.49946,3.14143,0.43620,-0.00004,0.13458,0.07934
30.26,2,-1.75965,2.49956,3.14048,0.33215,0.00189,0.17058,0.02317
30.28,0,-4.07472,2.49973,3.14096,0.49575,0.00000,0.00000,
30.28,1,-2.93948,2.49947,3.14143,0.47856,-0.00009,0.13524,0.08926
30.28,2,-1.76753,2.49957,3.14052,0.40131,0.00307,0.17195,0.03242
30.3,0,-4.08464,2.49974,3.14096,0.49575,0.00000,0.00000,
30.3,1,-2.94908,2.49947,3.14142,0.47481,-0.00008,0.13556,0.09917
30.3,2,-1.77569,2.49958,3.14059,0.40816,0.00319,0.17338,0.04202
30.32,0,-4.09456,2.49974,3.14096,0.49575,0.00000,0.00000,
30.32,1,-2.95833,2.49947,3.14142,0.45367,-0.00006,0.13622,0.10909
30.32,2,-1.78450,2.49959,3.14065,0.40614,0.00520,0.17383,0.00457
30.34,0,-4.10447,2.49975,3.14096,0.49575,0.00000,0.00000,
30.34,1,-2.96727,2.49947,3.14142,0.44348,-0.00006,0.13720,0.11900
30.34,2,-1.79110,2.49960,3.14075,0.28222,0.00348,0.17617,0.01351
30.36,0,-4.11439,2.49976,3.14096,0.49575,0.00000,0.00000,
30.36,1,-2.97604,2.49947,3.14142,0.40443,-0.00012,0.13835,0.12892
30.36,2,-1.79683,2.49960,3.14082,0.30606,0.00303,0.17921,0.02228
30.38,0,-4.12430,2.49976,3.14096,0.49575,0.00000,0.00000,
30.38,1,-2.98368,2.49947,3.14142,0.39174,-0.00006,0.14062,0.13883
30.38,2,-1.80465,2.49961,3.14086,0.43709,0.00185,0.17903,0.02992
30.4,0,-4.13422,2.49977,3.14096,0.49575,0.00000,0.00000,
30.4,1,-2.99164,2.49947,3.14142,0.39917,-0.00003,0.14257,0.14875
30.4,2,-1.81384,2.49961,3.14090,0.49105,0.00187,0.17780,0.03788
30.42,0,-4.14413,2.49978,3.14096,0.49575,0.00000,0.00000,
30.42,1,-2.99937,2.49948,3.14142,0.35508,-0.00000,0.14476,0.15866
30.42,2,-1.82337,2.49962,3.14094,0.43316,0.00144,0.17600,0.00376
30.44,0,-4.15405,2.49978,3.14096,0.49575,0.00000,0.00000,
30.44,1,-3.00719,2.49948,3.14142,0.41431,-0.00007,0.14686,0.16858
30.44,2,-1.83187,2.49962,3.14096,0.44378,0.00135,0.17532,0.01158
30.46,0,-4.16396,2.49979,3.14096,0.49575,0.00000,0.00000,
30.46,1,-3.01557,2.49948,3.14141,0.41507,-0.00006,0.14839,0.17849
30.46,2,-1.84150,2.49963,3.14099,0.50554,0.00158,0.17407,0.01996
30.48,0,-4.17388,2.49979,3.14096,0.49575,0.00000,0.00000,
30.48,1,-3.02360,2.49948,3.14141,0.39078,-0.00005,0.15027,0.18841
30.48,2,-1.85114,2.49964,3.14102,0.47446,0.00156,0.17247,0.02799
30.5,0,-4.18379,2.49980,3.14096,0.49575,0.00000,0.00000,
30.5,1,-3.03127,2.49948,3.14141,0.37981,-0.00005,0.15252,0.19832
30.5,2,-1.86048,2.49964,3.14105,0.45996,0.00152,0.17079,0.03566
30.52,0,-4.19371,2.49981,3.14096,0.49575,0.00000,0.00000,
30.52,1,-3.04029,2.49948,3.14141,0.43148,-0.00045,0.15341,0.00992
30.52,2,-1.86994,2.49965,3.14109,0.46892,0.00234,0.17035,0.00431
30.54,0,-4.20273,2.49985,-3.14068,0.28943,0.51740,0.00000,
30.54,1,-3.04900,2.49948,3.14140,0.44920,-0.00034,0.15374,0.01894
30.54,2,-1.87860,2.49965,3.14114,0.43944,0.00197,0.17040,0.01302
30.56,0,-4.20606,2.50035,-3.12918,0.10688,0.45223,0.00000,
30.56,1,-3.05881,2.49949,3.14140,0.52078,-0.00008,0.14724,0.02227
30.56,2,-1.88798,2.49965,3.14117,0.51838,0.00113,0.17083,0.02283
30.58,0,-4.20777,2.50111,-3.12075,0.08051,0.41444,0.00000,
30.58,1,-3.06917,2.49949,3.14139,0.53140,-0.00009,0.13860,0.02402
30.58,2,-1.89894,2.49966,3.14119,0.55913,0.00103,0.17023,0.03319
30.6,0,-4.20899,2.50154,-3.11129,0.07210,0.65569,0.00000,
30.6,1,-3.08011,2.49949,3.14139,0.54789,-0.00020,0.12889,0.02526
30.6,2,-1.91011,2.49966,3.14121,0.54870,0.00114,0.16999,0.04413
30.62,0,-4.20915,2.50122,-3.07506,-0.04995,2.89893,0.00000,
30.62,1,-3.08663,2.49949,3.14124,0.26224,-0.01119,0.12253,0.00036
30.62,2,-1.92070,2.49967,3.14123,0.51574,0.00116,0.16592,0.05065
30.64,0,-4.20974,2.50099,-3.01948,0.10033,2.32371,0.00000,
30.64,1,-3.08915,2.49950,3.14100,0.05096,-0.01240,0.12059,0.00093
30.64,2,-1.93086,2.49967,3.14125,0.50428,0.00109,0.15829,0.05317
30.66,0,-4.21193,2.50020,-2.97837,0.12668,1.93329,0.00000,
30.66,1,-3.08917,2.49949,3.14082,-0.03099,-0.00578,0.12276,0.00323
30.66,2,-1.94085,2.49967,3.14127,0.46294,0.00094,0.14832,0.05319
30.68,0,-4.21488,2.49889,-2.93858,0.17507,1.89920,0.00000,
30.68,1,-3.08839,2.49953,3.14028,-0.01021,-0.05283,0.12649,0.00646
30.68,2,-1.95021,2.49968,3.14129,0.47213,0.00104,0.13818,0.05241
30.7,0,-4.21916,2.49790,-2.90259,0.25370,1.78782,0.00000,
30.7,1,-3.08913,2.49954,3.13958,0.06071,-0.01449,0.13003,0.01080
30.7,2,-1.95967,2.49968,3.14131,0.47170,0.00101,0.12946,0.05315
30.72,0,-4.22449,2.49665,-2.86553,0.27982,1.90757,0.00000,
30.72,1,-3.09249,2.49955,3.13998,0.18303,0.03247,0.13200,0.00547
30.72,2,-1.96878,2.49968,3.14133,0.42643,0.00087,0.12371,0.05651
30.74,0,-4.23013,2.49508,-2.82651,0.29733,1.95526,0.00000,
30.74,1,-3.09615,2.49956,3.14063,0.18303,0.03267,0.13399,0.01133
30.74,2,-1.97735,2.49969,3.14135,0.43084,0.00093,0.11880,0.06017
30.76,0,-4.23614,2.49314,-2.78746,0.32642,1.94069,0.00000,
30.76,1,-3.09989,2.49966,3.14065,0.20688,-0.02965,0.13627,0.01763
30.76,2,-1.98597,2.49969,3.14137,0.42924,0.00090,0.11392,0.06391
30.78,0,-4.24230,2.49086,-2.74924,0.34026,1.91437,0.00000,
30.78,1,-3.10594,2.49970,3.14019,0.38276,-0.00814,0.13640,0.02419
30.78,2,-1.99446,2.49969,3.14139,0.42019,0.00085,0.11148,0.06996
30.8,0,-4.24877,2.48821,-2.71085,0.35456,1.92200,0.00000,
30.8,1,-3.11405,2.49972,3.14032,0.39690,0.01308,0.13478,0.03115
30.8,2,-2.00259,2.49969,3.14140,0.40902,0.00084,0.11146,0.07807
30.82,0,-4.25521,2.48527,-2.67269,0.35433,1.89583,0.00000,
30.82,1,-3.12211,2.49974,-3.14094,0.35645,0.14408,0.13319,0.00708
30.82,2,-2.01117,2.49969,3.14142,0.43816,0.00079,0.11094,0.08613
30.84,0,-4.26182,2.48193,-2.63427,0.38145,1.93342,0.00000,
30.84,1,-3.12927,2.49972,-3.13921,0.37629,0.03133,0.13270,0.01449
30.84,2,-2.01983,2.49969,3.14144,0.42539,0.00077,0.10943,0.09329
30.86,0,-4.26864,2.47817,-2.59559,0.39338,1.93088,0.00000,
30.86,1,-3.13735,2.49969,-3.13925,0.42067,-0.01125,0.13149,0.02226
30.86,2,-2.02813,2.49970,3.14145,0.40745,0.00075,0.10923,0.10138
30.88,0,-4.27544,2.47409,-2.55707,0.39874,1.92305,0.00000,
30.88,1,-3.14577,2.49967,-3.13923,0.41523,0.01319,0.12995,0.03018
30.88,2,-2.03600,2.49970,3.14147,0.33957,0.00067,0.10977,0.10980
30.9,0,-4.28207,2.46970,-2.51926,0.40703,1.90246,0.00000,
30.9,1,-3.15384,2.49965,-3.13882,0.39417,0.02230,0.12863,0.03810
30.9,2,-2.04301,2.49970,3.14148,0.36047,0.00071,0.11082,0.11786
30.92,0,-4.28893,2.46481,-2.48067,0.43018,1.93995,0.00000,
30.92,1,-3.16160,2.49963,-3.13843,0.38552,0.01646,0.12787,0.04649
30.92,2,-2.05033,2.49970,3.14149,0.36620,0.00068,0.11128,0.12563
30.94,0,-4.29583,2.45949,-2.44194,0.43779,1.93133,0.00000,
30.94,1,-3.16890,2.49961,-3.13813,0.35925,0.01417,0.12764,0.05513
30.94,2,-2.05754,2.49970,3.14151,0.35470,0.00063,0.11136,0.13292
30.96,0,-4.30253,2.45388,-2.40379,0.42985,1.83753,0.00000,
30.96,1,-3.17617,2.49958,-3.13785,0.36501,0.01392,0.12729,0.06379
30.96,2,-2.06433,2.49970,3.14152,0.35819,0.00062,0.11184,0.14019
30.98,0,-4.30914,2.44787,-2.36590,0.45826,1.92926,0.00000,
30.98,1,-3.18341,2.49955,-3.13757,0.35824,0.01393,0.12692,0.07261
30.98,2,-2.07186,2.49970,3.14153,0.38231,0.00060,0.11154,0.14743
31.0,0,-4.31583,2.44136,-2.32708,0.47106,1.94154,0.00000,
31.0,1,-3.19047,2.49953,-3.13730,0.34920,0.01346,0.12686,0.08180
31.0,2,-2.07933,2.49970,3.14154,0.36345,0.00059,0.11114,0.15449
31.02,0,-4.32235,2.43450,-2.28842,0.47407,1.92572,0.00000,
31.02,1,-3.19958,2.49934,3.13255,0.44535,-1.19219,0.12464,0.00946
31.02,2,-2.08639,2.49970,3.14156,0.34701,0.00057,0.11319,0.16361
31.04,0,-4.32864,2.42737,-2.25109,0.47610,1.69884,0.00000,
31.04,1,-3.20814,2.49917,3.10907,0.42097,-1.09363,0.12280,0.01897
31.04,2,-2.09291,2.49970,3.14157,0.29272,0.00054,0.11523,0.17216
31.06,0,-4.33460,2.42006,-2.22425,0.46154,1.07447,0.00000,
31.06,1,-3.21616,2.49953,3.09588,0.42993,-0.14448,0.12127,0.02840
31.06,2,-2.09900,2.49970,3.14158,0.31256,0.00053,0.11716,0.18018
31.08,0,-4.34026,2.41267,-2.20251,0.46729,1.14166,0.00000,
31.08,1,-3.22582,2.49989,3.10172,0.51590,0.46028,0.11786,0.03768
31.08,2,-2.10528,2.49970,3.14159,0.31264,0.00050,0.12053,0.18984
31.1,0,-4.34582,2.40510,-2.17861,0.47176,1.20940,0.00000,
31.1,1,-3.23623,2.50024,3.10895,0.51408,0.24642,0.11366,0.04706
31.1,2,-2.11142,2.49970,-3.14159,0.30142,0.00048,0.12482,0.20026
31.12,0,-4.35125,2.39732,-2.15521,0.47594,1.12863,0.00000,
31.12,1,-3.24867,2.50053,3.11949,0.66955,0.61971,0.10740,0.00949
31.12,2,-2.11860,2.49970,-3.14158,0.51208,0.00045,0.13007,0.00665
31.14,0,-4.35652,2.38938,-2.13349,0.47676,1.06010,0.00000,
31.14,1,-3.26070,2.50081,3.12814,0.52262,0.27753,0.10147,0.01902
31.14,2,-2.12810,2.49970,-3.14157,0.46915,0.00044,0.13260,0.01869
31.16,0,-4.36162,2.38132,-2.11263,0.47664,1.03087,0.00000,
31.16,1,-3.27056,2.50098,3.13159,0.48095,0.13812,0.09760,0.02855
31.16,2,-2.13654,2.49970,-3.14156,0.42120,0.00036,0.13402,0.02855
31.18,0,-4.36653,2.37327,-2.09282,0.45052,0.89211,0.00000,
31.18,1,-3.27923,2.50111,3.13485,0.39613,0.18983,0.09479,0.03798
31.18,2,-2.14655,2.49970,-3.14157,0.57805,-0.00114,0.13269,0.03722
31.2,0,-4.37115,2.36546,-2.07359,0.45658,0.99294,0.00000,
31.2,1,-3.28770,2.50120,3.13896,0.44132,0.21199,0.09192,0.04705
31.2,2,-2.15909,2.49970,3.14158,0.66443,-0.00163,0.12861,0.04569
31.22,0,-4.37561,2.35741,-2.05422,0.46187,0.93508,0.00000,
31.22,1,-3.29656,2.50123,-3.14015,0.42207,0.19435,0.08860,0.05623
31.22,2,-2.17197,2.49970,3.14152,0.69097,-0.00872,0.12459,0.00440
31.24,0,-4.37993,2.34923,-2.03628,0.46231,0.87335,0.00000,
31.24,1,-3.30505,2.50122,-3.13645,0.45226,0.17726,0.08557,0.06546
31.24,2,-2.18644,2.49973,-3.14006,0.71949,0.14056,0.11861,0.01289
31.26,0,-4.38408,2.34098,-2.01908,0.46144,0.85175,0.00000,
31.26,1,-3.31433,2.50117,-3.13295,0.46343,0.17529,0.08167,0.07466
31.26,2,-2.19927,2.49979,-3.13672,0.56066,0.10528,0.11506,0.02217
31.28,0,-4.38803,2.33278,-2.00208,0.46176,0.84243,0.00000,
31.28,1,-3.32332,2.50109,-3.12944,0.43732,0.17432,0.07793,0.08373
31.28,2,-2.20815,2.49975,-3.13649,0.31921,-0.02857,0.11517,0.03116
31.3,0,-4.39209,2.32400,-1.98582,0.49591,0.78922,0.00000,
31.3,1,-3.33187,2.50099,-3.12602,0.42224,0.16797,0.07489,0.09337
31.3,2,-2.21481,2.49972,-3.13663,0.34036,-0.01857,0.11706,0.03971
31.32,0,-4.39611,2.31490,-1.97049,0.49487,0.75232,0.00000,
31.32,1,-3.34227,2.50092,-3.13783,0.54350,-1.04618,0.07013,0.00995
31.32,2,-2.22231,2.49970,-3.13727,0.40459,-0.03007,0.11995,0.05011
31.34,0,-4.39992,2.30588,-1.95567,0.48592,0.73138,0.00000,
31.34,1,-3.35260,2.50086,3.13700,0.48704,0.20578,0.06531,0.01974
31.34,2,-2.23039,2.49966,-3.13768,0.43130,-0.01185,0.12221,0.06045
31.36,0,-4.40355,2.29690,-1.94131,0.48435,0.70628,0.00000,
31.36,1,-3.36182,2.50088,-3.13484,0.44881,0.64368,0.06151,0.02942
31.36,2,-2.23941,2.49962,-3.13783,0.45737,-0.00710,0.12241,0.06967
31.38,0,-4.40707,2.28784,-1.92750,0.48696,0.67817,0.00000,
31.38,1,-3.37081,2.50082,-3.12524,0.45245,0.34251,0.05792,0.03914
31.38,2,-2.24852,2.49958,-3.13801,0.44659,-0.01062,0.12229,0.07866
31.4,0,-4.41048,2.27870,-1.91422,0.48873,0.65207,0.00000,
31.4,1,-3.37990,2.50067,-3.11984,0.45398,0.25320,0.05422,0.04889
31.4,2,-2.25715,2.49955,-3.13824,0.42113,-0.01138,0.12275,0.08775
31.42,0,-4.41378,2.26949,-1.90145,0.48909,0.62796,0.00000,
31.42,1,-3.39031,2.50041,-3.10427,0.55240,0.97758,0.04919,0.00978
31.42,2,-2.26681,2.49952,-3.13846,0.65577,-0.01087,0.12351,0.00548
31.44,0,-4.41695,2.26023,-1.88914,0.48921,0.60515,0.00000,
31.44,1,-3.40056,2.50004,-3.09067,0.46849,0.41049,0.04430,0.01956
31.44,2,-2.27982,2.49950,-3.13870,0.58531,-0.01389,0.12074,0.01573
31.46,0,-4.42002,2.25094,-1.87729,0.48961,0.58288,0.00000,
31.46,1,-3.40973,2.49959,-3.08557,0.45430,0.21237,0.04044,0.02935
31.46,2,-2.29152,2.49947,-3.13897,0.58345,-0.01099,0.11821,0.02491
31.48,0,-4.42297,2.24160,-1.86587,0.49013,0.56134,0.00000,
31.48,1,-3.41829,2.49910,-3.07990,0.38696,0.35429,0.03715,0.03915
31.48,2,-2.30228,2.49945,-3.13909,0.45021,-0.00294,0.11601,0.03349
31.5,0,-4.42582,2.23221,-1.85487,0.49055,0.54068,0.00000,
31.5,1,-3.42629,2.49859,-3.07290,0.41094,0.33672,0.03442,0.04895
31.5,2,-2.31164,2.49942,-3.13919,0.48442,-0.00702,0.11465,0.04150
31.52,0,-4.42857,2.22279,-1.84427,0.49090,0.52080,0.00000,
31.52,1,-3.43644,2.49783,-3.05678,0.55317,0.95446,0.02955,0.00982
31.52,2,-2.32153,2.49940,-3.13935,0.49593,-0.00811,0.11491,0.05167
31.54,0,-4.43118,2.21373,-1.83464,0.46072,0.48020,0.00000,
31.54,1,-3.44619,2.49700,-3.04366,0.46797,0.41989,0.02492,0.01925
31.54,2,-2.33115,2.49938,-3.13951,0.50194,-0.00674,0.11504,0.06145
31.56,0,-4.43365,2.20474,-1.82454,0.46958,0.50782,0.00000,
31.56,1,-3.45550,2.49613,-3.03818,0.46245,0.23165,0.02062,0.02856
31.56,2,-2.34128,2.49936,-3.13963,0.49383,-0.00637,0.11423,0.07080
31.58,0,-4.43603,2.19562,-1.81482,0.47167,0.46589,0.00000,
31.58,1,-3.46362,2.49522,-3.03181,0.33119,0.41464,0.01752,0.03799
31.58,2,-2.35126,2.49934,-3.13976,0.49994,-0.00639,0.11236,0.07896
31.6,0,-4.43828,2.18669,-1.80512,0.46577,0.47921,0.00000,
31.6,1,-3.47047,2.49433,-3.02365,0.35734,0.39130,0.01553,0.04720
31.6,2,-2.36115,2.49932,-3.13989,0.48846,-0.00629,0.10933,0.08586
31.62,0,-4.44058,2.17713,-1.79657,0.50556,0.40195,0.00000,
31.62,1,-3.47780,2.49343,-3.00694,0.35121,0.94594,0.01340,0.00983
31.62,2,-2.37070,2.49930,-3.14001,0.43728,-0.00555,0.10712,0.09324
31.64,0,-4.44285,2.16726,-1.78854,0.50273,0.40582,0.00000,
31.64,1,-3.48521,2.49243,-2.99423,0.41805,0.39093,0.01134,0.01996
31.64,2,-2.37893,2.49929,-3.14012,0.42183,-0.00592,0.10630,0.10070
31.66,0,-4.44499,2.15758,-1.78038,0.49065,0.40546,0.00000,
31.66,1,-3.49383,2.49115,-2.98926,0.43371,0.21150,0.00796,0.02987
31.66,2,-2.38753,2.49927,-3.14024,0.43273,-0.00583,0.10632,0.10940
31.68,0,-4.44702,2.14802,-1.77246,0.48845,0.38730,0.00000,
31.68,1,-3.50197,2.48988,-2.98395,0.39438,0.31424,0.00498,0.03964
31.68,2,-2.39609,2.49926,-3.14035,0.42174,-0.00530,0.10593,0.11762
31.7,0,-4.44898,2.13842,-1.76492,0.49153,0.36982,0.00000,
31.7,1,-3.50946,2.48868,-2.97705,0.34613,0.40147,0.00269,0.04944
31.7,2,-2.40421,2.49925,-3.14046,0.41736,-0.00518,0.10530,0.12519
31.72,0,-4.45089,2.12875,-1.75767,0.49318,0.35662,0.00000,
31.72,1,-3.51563,2.48753,-2.96917,0.32716,0.30863,0.00172,0.05929
31.72,2,-2.41286,2.49924,-3.14056,0.43728,-0.00501,0.10283,0.13144
31.74,0,-4.45272,2.11906,-1.75068,0.49290,0.34389,0.00000,
31.74,1,-3.52229,2.48634,-2.96399,0.34233,0.24593,0.00029,0.06915
31.74,2,-2.42146,2.49923,-3.14066,0.42138,-0.00492,0.10091,0.13819
31.76,0,-4.45448,2.10937,-1.74394,0.49250,0.33084,0.00000,
31.76,1,-3.52863,2.48518,-2.95920,0.31596,0.24648,0.00079,0.07900
31.76,2,-2.42969,2.49923,-3.14075,0.40569,-0.00475,0.09903,0.14462
31.78,0,-4.45618,2.09966,-1.73746,0.49261,0.31828,0.00000,
31.78,1,-3.53555,2.48389,-2.95346,0.37097,0.29978,0.00241,0.08885
31.78,2,-2.43774,2.49922,-3.14085,0.40079,-0.00457,0.09792,0.15164
31.8,0,-4.45781,2.08994,-1.73123,0.49288,0.30638,0.00000,
31.8,1,-3.54280,2.48251,-2.94774,0.35983,0.27058,0.00433,0.09869
31.8,2,-2.44520,2.49921,-3.14093,0.34270,-0.00426,0.09772,0.15899
31.82,0,-4.45939,2.08021,-1.72523,0.49305,0.29493,0.00000,
31.82,1,-3.54958,2.48118,-2.94261,0.33572,0.24897,0.00575,0.10855
31.82,2,-2.45251,2.49920,-3.13967,0.40608,0.23955,0.09721,0.00339
31.84,0,-4.46090,2.07047,-1.71945,0.49312,0.28387,0.00000,
31.84,1,-3.55606,2.47988,-2.93769,0.32919,0.24424,0.00685,0.11840
31.84,2,-2.46070,2.49918,-3.13471,0.36842,0.16373,0.09553,0.01001
31.86,0,-4.46236,2.06071,-1.71389,0.49320,0.27322,0.00000,
31.86,1,-3.56201,2.47858,-2.93205,0.28895,0.28156,0.00740,0.12826
31.86,2,-2.46834,2.49914,-3.13393,0.39876,-0.02940,0.09387,0.01610
31.88,0,-4.46377,2.05095,-1.70854,0.49329,0.26298,0.00000,
31.88,1,-3.56782,2.47732,-2.92755,0.30166,0.19795,0.00778,0.13811
31.88,2,-2.47634,2.49908,-3.13455,0.39488,-0.01309,0.09170,0.02205
31.9,0,-4.46513,2.04117,-1.70339,0.49338,0.25312,0.00000,
31.9,1,-3.57368,2.47603,-2.92356,0.29600,0.20642,0.00814,0.14797
31.9,2,-2.48394,2.49903,-3.13427,0.34199,0.03157,0.08998,0.02804
31.92,0,-4.46643,2.03139,-1.69843,0.49346,0.24364,0.00000,
31.92,1,-3.58214,2.47435,-2.92342,0.44044,-0.08296,0.01097,0.00987
31.92,2,-2.49032,2.49897,-3.13366,0.32727,0.02396,0.09210,0.03667
31.94,0,-4.46769,2.02160,-1.69366,0.49353,0.23451,0.00000,
31.94,1,-3.59028,2.47248,-2.92466,0.41599,-0.06490,0.01352,0.01974
31.94,2,-2.49702,2.49892,-3.13332,0.33774,0.01321,0.09358,0.04502
31.96,0,-4.46890,2.01181,-1.68907,0.49360,0.22572,0.00000,
31.96,1,-3.59828,2.47073,-2.92180,0.40442,0.37253,0.01584,0.02961
31.96,2,-2.50370,2.49887,-3.13305,0.32970,0.01459,0.09495,0.05321
31.98,0,-4.47006,2.00200,-1.68465,0.49366,0.21727,0.00000,
31.98,1,-3.60525,2.46903,-2.90947,0.33762,0.65520,0.01714,0.03948
31.98,2,-2.51017,2.49881,-3.13273,0.31951,0.01638,0.09548,0.06038
32.0,0,-4.47118,1.99219,-1.68039,0.49372,0.20913,0.00000,
32.0,1,-3.61207,2.46734,-2.89919,0.35864,0.42707,0.01825,0.04936
32.0,2,-2.51650,2.49876,-3.13241,0.31468,0.01551,0.09602,0.06740
32.02,0,-4.47226,1.98238,-1.67630,0.49377,0.20129,0.00000,
32.02,1,-3.62054,2.46515,-2.88155,0.43278,0.92860,0.02097,0.00988
32.02,2,-2.52276,2.49870,-3.13212,0.31149,0.01447,0.09829,0.07615
32.04,0,-4.47330,1.97255,-1.67235,0.49382,0.19376,0.00000,
32.04,1,-3.62885,2.46282,-2.86797,0.42953,0.55809,0.02354,0.01975
32.04,2,-2.52895,2.49864,-3.13183,0.30707,0.01401,0.10048,0.08476
32.06,0,-4.47430,1.96273,-1.66856,0.49387,0.18650,0.00000,
32.06,1,-3.63680,2.46054,-2.85886,0.40027,0.40848,0.02571,0.02963
32.06,2,-2.53503,2.49858,-3.13156,0.30203,0.01362,0.10242,0.09302
32.08,0,-4.47527,1.95290,-1.66491,0.49391,0.17952,0.00000,
32.08,1,-3.64359,2.45844,-2.84909,0.32209,0.52998,0.02672,0.03951
32.08,2,-2.54102,2.49852,-3.13129,0.29733,0.01313,0.10330,0.10011
32.1,0,-4.47620,1.94306,-1.66139,0.49395,0.17279,0.00000,
32.1,1,-3.64999,2.45644,-2.84004,0.34475,0.41260,0.02729,0.04938
32.1,2,-2.54692,2.49846,-3.13103,0.29295,0.01264,0.10388,0.10681
32.12,0,-4.47709,1.93322,-1.65801,0.49399,0.16632,0.00000,
32.12,1,-3.65845,2.45376,-2.82218,0.48677,1.05710,0.02988,0.00988
32.12,2,-2.55359,2.49840,-3.13030,0.35393,0.16748,0.10576,0.00482
32.14,0,-4.47795,1.92338,-1.65475,0.49402,0.16010,0.00000,
32.14,1,-3.66641,2.45109,-2.80853,0.42340,0.50483,0.03197,0.01976
32.14,2,-2.56033,2.49834,-3.13021,0.32083,0.00298,0.10709,0.01321
32.16,0,-4.47878,1.91354,-1.65161,0.49405,0.15411,0.00000,
32.16,1,-3.67458,2.44825,-2.79988,0.42916,0.40858,0.03426,0.02964
32.16,2,-2.56698,2.49823,-3.12856,0.40134,0.12415,0.10873,0.02186
32.18,0,-4.47958,1.90369,-1.64860,0.49408,0.14834,0.00000,
32.18,1,-3.68104,2.44575,-2.78966,0.32330,0.48128,0.03486,0.03952
32.18,2,-2.57644,2.49811,-3.12665,0.50755,0.06423,0.10583,0.02878
32.2,0,-4.48035,1.89383,-1.64569,0.49411,0.14279,0.00000,
32.2,1,-3.68715,2.44341,-2.78134,0.32994,0.38320,0.03501,0.04940
32.2,2,-2.58630,2.49798,-3.12578,0.48647,0.03811,0.10220,0.03532
32.22,0,-4.48109,1.88398,-1.64289,0.49413,0.13744,0.00000,
32.22,1,-3.69504,2.44033,-2.76517,0.42877,0.78406,0.03699,0.00988
32.22,2,-2.59567,2.49783,-3.12491,0.45453,0.04873,0.10087,0.04379
32.24,0,-4.48180,1.87412,-1.64020,0.49415,0.13230,0.00000,
32.24,1,-3.70234,2.43705,-2.75492,0.39917,0.44686,0.03852,0.01977
32.24,2,-2.60456,2.49768,-3.12388,0.43999,0.05147,0.09945,0.05177
32.26,0,-4.48248,1.86426,-1.63761,0.49418,0.12735,0.00000,
32.26,1,-3.70961,2.43398,-2.74634,0.38919,0.42489,0.03984,0.02965
32.26,2,-2.61335,2.49753,-3.12290,0.43943,0.04693,0.09810,0.05965
32.28,0,-4.48314,1.85440,-1.63512,0.49419,0.12259,0.00000,
32.28,1,-3.71580,2.43126,-2.73639,0.30484,0.50715,0.04001,0.03953
32.28,2,-2.62155,2.49737,-3.12192,0.41042,0.04570,0.09625,0.06641
32.3,0,-4.48378,1.84454,-1.63271,0.49421,0.11800,0.00000,
32.3,1,-3.72155,2.42874,-2.72798,0.31989,0.37784,0.03965,0.04942
32.3,2,-2.62980,2.49720,-3.12106,0.41243,0.04134,0.09390,0.07269
32.32,0,-4.48439,1.83467,-1.63040,0.49423,0.11359,0.00000,
32.32,1,-3.72882,2.42529,-2.71450,0.39177,0.47013,0.04099,0.00988
32.32,2,-2.63822,2.49704,-3.12644,0.43987,-1.45800,0.09297,0.00419
32.34,0,-4.48498,1.82481,-1.62818,0.49425,0.10934,0.00000,
32.34,1,-3.73556,2.42158,-2.70679,0.38312,0.37764,0.04200,0.01977
32.34,2,-2.64742,2.49688,3.12371,0.45783,-1.61952,0.09074,0.01188
32.36,0,-4.48554,1.81494,-1.62604,0.49426,0.10525,0.00000,
32.36,1,-3.74237,2.41822,-2.69899,0.37586,0.41087,0.04278,0.02965
32.36,2,-2.65559,2.49697,3.10963,0.42146,0.08719,0.08963,0.01947
32.38,0,-4.48609,1.80507,-1.62398,0.49427,0.10131,0.00000,
32.38,1,-3.74886,2.41509,-2.68987,0.32676,0.51064,0.04312,0.03954
32.38,2,-2.66495,2.49720,3.11953,0.49068,0.56695,0.08702,0.02668
32.4,0,-4.48662,1.79519,-1.62199,0.49429,0.09753,0.00000,
32.4,1,-3.75478,2.41218,-2.68083,0.33243,0.41561,0.04279,0.04943
32.4,2,-2.67422,2.49742,3.12700,0.44137,0.22228,0.08392,0.03328
32.42,0,-4.48712,1.78532,-1.62008,0.49430,0.09388,0.00000,
32.42,1,-3.76264,2.40826,-2.66554,0.47967,0.80510,0.04453,0.00989
32.42,2,-2.68344,2.49756,3.13040,0.58213,0.09108,0.08289,0.00477
32.44,0,-4.48761,1.77545,-1.61824,0.49431,0.09037,0.00000,
32.44,1,-3.77032,2.40445,-2.65319,0.39339,0.45209,0.04599,0.01977
32.44,2,-2.69469,2.49761,3.12862,0.49085,-0.13587,0.07965,0.01335
32.46,0,-4.48808,1.76557,-1.61647,0.49432,0.08699,0.00000,
32.46,1,-3.77729,2.40071,-2.64428,0.39338,0.43702,0.04679,0.02966
32.46,2,-2.70466,2.49770,3.12908,0.50738,0.16963,0.07701,0.02126
32.48,0,-4.48853,1.75570,-1.61477,0.49433,0.08374,0.00000,
32.48,1,-3.78329,2.39737,-2.63512,0.32285,0.43033,0.04653,0.03954
32.48,2,-2.71391,2.49784,3.13404,0.35615,0.25885,0.07409,0.02811
32.5,0,-4.48896,1.74582,-1.61313,0.49434,0.08061,0.00000,
32.5,1,-3.78895,2.39420,-2.62718,0.32585,0.38477,0.04584,0.04943
32.5,2,-2.72118,2.49796,3.13840,0.36950,0.19278,0.07280,0.03460
32.52,0,-4.48938,1.73594,-1.61155,0.49434,0.07760,0.00000,
32.52,1,-3.79644,2.38994,-2.61370,0.46673,0.66435,0.04717,0.00989
32.52,2,-2.72960,2.49797,-3.14025,0.53420,0.35964,0.07229,0.00465
32.54,0,-4.48978,1.72606,-1.61003,0.49435,0.07470,0.00000,
32.54,1,-3.80357,2.38588,-2.60462,0.38442,0.37165,0.04803,0.01977
32.54,2,-2.73967,2.49790,-3.13501,0.50037,0.19710,0.06978,0.01285
32.56,0,-4.49017,1.71618,-1.60857,0.49436,0.07191,0.00000,
32.56,1,-3.81033,2.38181,-2.59550,0.39717,0.48570,0.04856,0.02966
32.56,2,-2.74961,2.49779,-3.13136,0.48679,0.15664,0.06705,0.02074
32.58,0,-4.49055,1.70630,-1.60716,0.49436,0.06922,0.00000,
32.58,1,-3.81615,2.37823,-2.58594,0.32625,0.42693,0.04800,0.03955
32.58,2,-2.75888,2.49767,-3.12826,0.44673,0.16553,0.06399,0.02757
32.6,0,-4.49091,1.69642,-1.60580,0.49437,0.06664,0.00000,
32.6,1,-3.82167,2.37480,-2.57816,0.32457,0.37532,0.04707,0.04944
32.6,2,-2.76627,2.49756,-3.12466,0.36351,0.17520,0.06252,0.03407
32.62,0,-4.49125,1.68654,-1.60450,0.49438,0.06415,0.00000,
32.62,1,-3.82897,2.37012,-2.56545,0.47138,0.61173,0.04821,0.00989
32.62,2,-2.77477,2.49741,-3.12009,0.54913,0.36234,0.06186,0.00469
32.64,0,-4.49158,1.67666,-1.60324,0.49438,0.06175,0.00000,
32.64,1,-3.83601,2.36566,-2.55679,0.39166,0.38801,0.04895,0.01978
32.64,2,-2.78501,2.49718,-3.11624,0.47414,0.13178,0.05920,0.01303
32.66,0,-4.49191,1.66678,-1.60203,0.49439,0.05945,0.00000,
32.66,1,-3.84250,2.36133,-2.54756,0.38536,0.48213,0.04914,0.02966
32.66,2,-2.79446,2.49681,-3.11364,0.47002,0.13333,0.05676,0.02082
32.68,0,-4.49221,1.65689,-1.60087,0.49439,0.05723,0.00000,
32.68,1,-3.84807,2.35756,-2.53829,0.30141,0.42782,0.04824,0.03955
32.68,2,-2.80253,2.49652,-3.11011,0.33910,0.20015,0.05473,0.02755
32.7,0,-4.49251,1.64701,-1.59974,0.49439,0.05509,0.00000,
32.7,1,-3.85309,2.35411,-2.53055,0.30745,0.37129,0.04666,0.04944
32.7,2,-2.80974,2.49630,-3.10639,0.37648,0.17789,0.05299,0.03364
32.72,0,-4.49280,1.63713,-1.59867,0.49440,0.05304,0.00000,
32.72,1,-3.85815,2.35058,-2.52308,0.30773,0.37565,0.04512,0.05933
32.72,2,-2.81706,2.49606,-3.10294,0.35091,0.16744,0.05120,0.03981
32.74,0,-4.49307,1.62724,-1.59763,0.49440,0.05106,0.00000,
32.74,1,-3.86298,2.34711,-2.51679,0.30863,0.34998,0.04332,0.06921
32.74,2,-2.82505,2.49576,-3.09953,0.42625,0.17079,0.04852,0.04575
32.76,0,-4.49334,1.61736,-1.59663,0.49440,0.04915,0.00000,
32.76,1,-3.86825,2.34330,-2.50880,0.33115,0.40857,0.04202,0.07910
32.76,2,-2.83353,2.49540,-3.09618,0.41374,0.16441,0.04583,0.05225
32.78,0,-4.49359,1.60747,-1.59566,0.49441,0.04732,0.00000,
32.78,1,-3.87348,2.33946,-2.50121,0.31675,0.35349,0.04066,0.08899
32.78,2,-2.84143,2.49505,-3.09296,0.38256,0.15809,0.04372,0.05874
32.8,0,-4.49384,1.59759,-1.59474,0.49441,0.04555,0.00000,
32.8,1,-3.87842,2.33578,-2.49453,0.30221,0.32512,0.03892,0.09888
32.8,2,-2.84895,2.49468,-3.08986,0.37443,0.15328,0.04166,0.06489
32.82,0,-4.49408,1.58770,-1.59384,0.49441,0.04385,0.00000,
32.82,1,-3.88425,2.33133,-2.50620,0.37991,-1.02462,0.03830,0.00989
32.82,2,-2.85644,2.49429,-3.08684,0.37584,0.14841,0.04065,0.07222
32.84,0,-4.49430,1.57782,-1.59299,0.49441,0.04222,0.00000,
32.84,1,-3.89016,2.32695,-2.52396,0.33992,-0.52159,0.03761,0.01978
32.84,2,-2.86343,2.49389,-3.08374,0.35027,0.14569,0.04021,0.07957
32.86,0,-4.49452,1.56793,-1.59216,0.49442,0.04064,0.00000,
32.86,1,-3.89595,2.32277,-2.51838,0.38047,0.80803,0.03663,0.02966
32.86,2,-2.87045,2.49348,-3.08100,0.35094,0.13219,0.03960,0.08671
32.88,0,-4.49473,1.55804,-1.59136,0.49442,0.03913,0.00000,
32.88,1,-3.90206,2.31838,-2.50138,0.35747,0.72301,0.03595,0.03955
32.88,2,-2.87727,2.49306,-3.07830,0.31607,0.14901,0.03957,0.09423
32.9,0,-4.49494,1.54816,-1.59060,0.49442,0.03767,0.00000,
32.9,1,-3.90771,2.31421,-2.49049,0.34482,0.43906,0.03476,0.04944
32.9,2,-2.88362,2.49264,-3.07559,0.31987,0.12583,0.03952,0.10125
32.92,0,-4.49513,1.53827,-1.58986,0.49442,0.03626,0.00000,
32.92,1,-3.91495,2.30859,-2.47852,0.49764,0.55043,0.03563,0.00989
32.92,2,-2.89000,2.49222,-3.07318,0.31874,0.11892,0.04127,0.11041
32.94,0,-4.49532,1.52838,-1.58915,0.49442,0.03491,0.00000,
32.94,1,-3.92206,2.30322,-2.46834,0.39468,0.41776,0.03615,0.01978
32.94,2,-2.89629,2.49179,-3.07080,0.31194,0.11880,0.04296,0.11932
32.96,0,-4.49550,1.51850,-1.58846,0.49442,0.03361,0.00000,
32.96,1,-3.92813,2.29832,-2.45770,0.38770,0.57299,0.03562,0.02967
32.96,2,-2.90244,2.49135,-3.06845,0.30578,0.11571,0.04370,0.12711
32.98,0,-4.49568,1.50861,-1.58781,0.49443,0.03236,0.00000,
32.98,1,-3.93348,2.29399,-2.44740,0.31209,0.46249,0.03414,0.03955
32.98,2,-2.90847,2.49091,-3.06620,0.29050,0.10460,0.04376,0.13398
33.0,0,-4.49585,1.49872,-1.58717,0.49443,0.03115,0.00000,
33.0,1,-3.93837,2.28997,-2.43824,0.31981,0.46109,0.03209,0.04944
33.0,2,-2.91445,2.49046,-3.06406,0.30616,0.10833,0.04336,0.14030
33.02,0,-4.49601,1.48884,-1.58656,0.49443,0.02999,0.00000,
33.02,1,-3.94487,2.28437,-2.42769,0.43545,0.33477,0.03220,0.00989
33.02,2,-2.92125,2.48998,-3.05875,0.38149,0.84615,0.04406,0.00457
33.04,0,-4.49616,1.47895,-1.58597,0.49443,0.02887,0.00000,
33.04,1,-3.95077,2.27899,-2.42283,0.40085,0.30572,0.03175,0.01978
33.04,2,-2.92891,2.48943,-3.03860,0.39027,0.72693,0.04330,0.01256
33.06,0,-4.49631,1.46906,-1.58541,0.49443,0.02780,0.00000,
33.06,1,-3.95681,2.27359,-2.41400,0.38438,0.48993,0.03132,0.02967
33.06,2,-2.93718,2.48862,-3.03330,0.41819,-0.00103,0.04205,0.02066
33.08,0,-4.49646,1.45917,-1.58486,0.49443,0.02676,0.00000,
33.08,1,-3.96185,2.26924,-2.40471,0.32606,0.49059,0.02942,0.03955
33.08,2,-2.94568,2.48766,-3.03324,0.42806,0.07336,0.03937,0.02731
33.1,0,-4.49660,1.44929,-1.58434,0.49443,0.02577,0.00000,
33.1,1,-3.96673,2.26488,-2.39478,0.32824,0.48523,0.02739,0.04944
33.1,2,-2.95399,2.48673,-3.02983,0.40899,0.22278,0.03675,0.03386
33.12,0,-4.49673,1.43940,-1.58384,0.49443,0.02481,0.00000,
33.12,1,-3.97155,2.26046,-2.38563,0.32545,0.43639,0.02534,0.05933
33.12,2,-2.96147,2.48583,-3.02683,0.32406,-0.50577,0.03492,0.00327
33.14,0,-4.49686,1.42951,-1.58335,0.49443,0.02388,0.00000,
33.14,1,-3.97613,2.25612,-2.37837,0.32174,0.37614,0.02305,0.06922
33.14,2,-2.96672,2.48491,-3.04201,0.19416,-0.66697,0.03501,0.00957
33.16,0,-4.49699,1.41962,-1.58288,0.49443,0.02299,0.00000,
33.16,1,-3.98102,2.25142,-2.36941,0.34656,0.47152,0.02117,0.07911
33.16,2,-2.97004,2.48394,-3.05471,0.15437,-0.62225,0.03737,0.01636
33.18,0,-4.49710,1.40974,-1.58243,0.49444,0.02214,0.00000,
33.18,1,-3.98592,2.24665,-2.36051,0.33516,0.41624,0.01932,0.08900
33.18,2,-2.97139,2.48302,-3.06305,-0.01131,0.37246,0.04171,0.02319
33.2,0,-4.49722,1.39985,-1.58200,0.49444,0.02131,0.00000,
33.2,1,-3.99055,2.24206,-2.35270,0.32015,0.37744,0.01713,0.09889
33.2,2,-2.97315,2.48266,-3.05835,0.12437,0.38129,0.04547,0.02972
33.22,0,-4.49733,1.38996,-1.58158,0.49444,0.02052,0.00000,
33.22,1,-3.99502,2.23756,-2.34522,0.31546,0.37241,0.01474,0.10878
33.22,2,-2.97637,2.48230,-3.05053,0.18035,0.45201,0.04764,0.03605
33.24,0,-4.49744,1.38007,-1.58118,0.49444,0.01976,0.00000,
33.24,1,-3.99940,2.23309,-2.33790,0.29671,0.33111,0.01224,0.11866
33.24,2,-2.98010,2.48207,-3.04304,0.20219,0.20181,0.04927,0.04231
33.26,0,-4.49754,1.37018,-1.58079,0.49444,0.01902,0.00000,
33.26,1,-4.00335,2.22907,-2.33124,0.28207,0.36101,0.00909,0.12855
33.26,2,-2.98489,2.48182,-3.04189,0.27167,0.05671,0.04935,0.04795
33.28,0,-4.49764,1.36029,-1.58042,0.49444,0.01831,0.00000,
33.28,1,-4.00724,2.22499,-2.32400,0.28080,0.35195,0.00592,0.13844
33.28,2,-2.99067,2.48121,-3.03868,0.29477,0.23774,0.04837,0.05358
33.3,0,-4.49773,1.35041,-1.58006,0.49444,0.01763,0.00000,
33.3,1,-4.01105,2.22094,-2.31734,0.27583,0.31994,0.00266,0.14833
33.3,2,-2.99627,2.48057,-3.03336,0.27929,0.27010,0.04747,0.05914
33.32,0,-4.49783,1.34052,-1.57971,0.49444,0.01698,0.00000,
33.32,1,-4.01476,2.21693,-2.31108,0.27058,0.30931,0.00073,0.15822
33.32,2,-3.00174,2.47994,-3.02840,0.27157,0.22864,0.04661,0.06459
33.34,0,-4.49791,1.33063,-1.57938,0.49444,0.01635,0.00000,
33.34,1,-4.01838,2.21297,-2.30495,0.26660,0.30369,0.00423,0.16811
33.34,2,-3.00707,2.47932,-3.02409,0.26626,0.20951,0.04580,0.06995
33.36,0,-4.49800,1.32074,-1.57906,0.49444,0.01574,0.00000,
33.36,1,-4.02192,2.20905,-2.29904,0.25674,0.26678,0.00784,0.17800
33.36,2,-3.01232,2.47870,-3.01993,0.26319,0.20771,0.04498,0.07523
33.38,0,-4.49808,1.31085,-1.57875,0.49444,0.01515,0.00000,
33.38,1,-4.02541,2.20513,-2.29343,0.26600,0.28743,0.01151,0.18788
33.38,2,-3.01751,2.47806,-3.01582,0.25981,0.20239,0.04419,0.08047
33.4,0,-4.49816,1.30096,-1.57846,0.49444,0.01459,0.00000,
33.4,1,-4.02892,2.20114,-2.28775,0.26418,0.27798,0.01514,0.19777
33.4,2,-3.02262,2.47742,-3.01187,0.25574,0.19389,0.04354,0.08578
33.42,0,-4.49823,1.29108,-1.57817,0.49444,0.01405,0.00000,
33.42,1,-4.03277,2.19634,-2.27463,0.29260,0.81390,0.01792,0.00989
33.42,2,-3.02737,2.47678,-3.00772,0.21469,0.22498,0.04378,0.09191
33.44,0,-4.49831,1.28119,-1.57790,0.49444,0.01353,0.00000,
33.44,1,-4.03674,2.19174,-2.26244,0.30446,0.36830,0.02086,0.01978
33.44,2,-3.03178,2.47617,-3.00404,0.22699,0.16187,0.04444,0.09798
33.46,0,-4.49838,1.27130,-1.57763,0.49444,0.01302,0.00000,
33.46,1,-4.04158,2.18523,-2.25100,0.42482,0.49999,0.02173,0.02967
33.46,2,-3.03628,2.47554,-3.00085,0.22512,0.16281,0.04638,0.10603
33.48,0,-4.49845,1.26141,-1.57738,0.49444,0.01254,0.00000,
33.48,1,-4.04629,2.17906,-2.24909,0.38176,0.04896,0.02300,0.03956
33.48,2,-3.04065,2.47492,-2.99750,0.21737,0.16927,0.04826,0.11376
33.5,0,-4.49851,1.25152,-1.57713,0.49444,0.01207,0.00000,
33.5,1,-4.05046,2.17415,-2.24750,0.31353,0.25174,0.02567,0.04944
33.5,2,-3.04489,2.47431,-2.99418,0.21292,0.16230,0.04941,0.12019
33.52,0,-4.49857,1.24163,-1.57689,0.49444,0.01162,0.00000,
33.52,1,-4.05474,2.16891,-2.23821,0.35399,0.54406,0.02802,0.05933
33.52,2,-3.04899,2.47370,-2.99115,0.20623,0.14545,0.05092,0.12695
33.54,0,-4.49863,1.23174,-1.57667,0.49444,0.01119,0.00000,
33.54,1,-4.05892,2.16352,-2.22959,0.36353,0.38751,0.03032,0.06922
33.54,2,-3.05332,2.47304,-2.98810,0.22494,0.15459,0.05215,0.13375
33.56,0,-4.49869,1.22186,-1.57645,0.49444,0.01078,0.00000,
33.56,1,-4.06392,2.15704,-2.22177,0.42912,0.38871,0.03131,0.07911
33.56,2,-3.05773,2.47236,-2.98509,0.21911,0.14593,0.05444,0.14191
33.58,0,-4.49875,1.21197,-1.57624,0.49444,0.01038,0.00000,
33.58,1,-4.06900,2.15038,-2.21418,0.40341,0.36996,0.03214,0.08900
33.58,2,-3.06194,2.47169,-2.98228,0.20893,0.13737,0.05708,0.15026
33.6,0,-4.49880,1.20208,-1.57603,0.49444,0.00999,0.00000,
33.6,1,-4.07362,2.14423,-2.20698,0.37289,0.35391,0.03365,0.09889
33.6,2,-3.06601,2.47104,-2.97958,0.20537,0.13295,0.05928,0.15793
33.62,0,-4.49885,1.19219,-1.57584,0.49444,0.00962,0.00000,
33.62,1,-4.07830,2.13837,-2.20863,0.36890,-0.30453,0.03544,0.00989
33.62,2,-3.07006,2.47038,-2.97697,0.20426,0.12889,0.06150,0.16542
33.64,0,-4.49890,1.18230,-1.57565,0.49444,0.00926,0.00000,
33.64,1,-4.08288,2.13252,-2.21415,0.38196,-0.16534,0.03730,0.01978
33.64,2,-3.07406,2.46971,-2.97444,0.20164,0.12414,0.06368,0.17284
33.66,0,-4.49895,1.17241,-1.57547,0.49444,0.00892,0.00000,
33.66,1,-4.08737,2.12619,-2.21233,0.42708,0.05192,0.03879,0.02967
33.66,2,-3.07800,2.46905,-2.97201,0.19810,0.11945,0.06601,0.18056
33.68,0,-4.49900,1.16252,-1.57529,0.49444,0.00859,0.00000,
33.68,1,-4.09233,2.11949,-2.20769,0.42428,0.37431,0.03980,0.03956
33.68,2,-3.08187,2.46838,-2.96967,0.19490,0.11510,0.06899,0.18887
33.7,0,-4.49904,1.15263,-1.57512,0.49444,0.00827,0.00000,
33.7,1,-4.09766,2.11238,-2.19818,0.44849,0.51795,0.04030,0.04944
33.7,2,-3.08526,2.46779,-2.96701,0.16884,0.11553,0.07297,0.19774
33.72,0,-4.49908,1.14275,-1.57496,0.49444,0.00796,0.00000,
33.72,1,-4.10282,2.10537,-2.18826,0.42222,0.46369,0.04099,0.05933
33.72,2,-3.08984,2.46714,-2.96237,0.33715,0.98237,0.07565,0.00428
33.74,0,-4.49913,1.13286,-1.57481,0.49444,0.00767,0.00000,
33.74,1,-4.10759,2.09870,-2.17974,0.40325,0.40454,0.04218,0.06922
33.74,2,-3.09600,2.46640,-2.93995,0.26656,1.06573,0.07635,0.01248
33.76,0,-4.49916,1.12297,-1.57466,0.49444,0.00738,0.00000,
33.76,1,-4.11201,2.09256,-2.17286,0.36044,0.34379,0.04403,0.07911
33.76,2,-3.10088,2.46534,-2.91475,0.27556,1.38289,0.07766,0.02005
33.78,0,-4.49920,1.11308,-1.57451,0.49444,0.00711,0.00000,
33.78,1,-4.11619,2.08656,-2.16452,0.36882,0.44291,0.04612,0.08900
33.78,2,-3.10797,2.46367,-2.89881,0.43100,0.28231,0.07644,0.02736
33.8,0,-4.49924,1.10319,-1.57437,0.49444,0.00685,0.00000,
33.8,1,-4.12032,2.08047,-2.15620,0.36602,0.38594,0.04816,0.09889
33.8,2,-3.11692,2.46153,-2.89853,0.46162,-0.03972,0.07333,0.03472
33.82,0,-4.49928,1.09330,-1.57424,0.49444,0.00659,0.00000,
33.82,1,-4.12477,2.07405,-2.15661,0.38006,-0.29238,0.04982,0.00989
33.82,2,-3.12526,2.45951,-2.89512,0.39029,0.49714,0.07126,0.00381
33.84,0,-4.49931,1.08341,-1.57411,0.49444,0.00635,0.00000,
33.84,1,-4.12907,2.06784,-2.16095,0.38436,-0.09493,0.05175,0.01978
33.84,2,-3.13244,2.45771,-2.88388,0.36911,0.46141,0.07017,0.01136
33.86,0,-4.49934,1.07352,-1.57398,0.49444,0.00611,0.00000,
33.86,1,-4.13423,2.06046,-2.16316,0.46836,0.20106,0.05230,0.02967
33.86,2,-3.13981,2.45576,-2.87825,0.36646,0.23424,0.07012,0.02037
33.88,0,-4.49937,1.06364,-1.57386,0.49444,0.00589,0.00000,
33.88,1,-4.13950,2.05242,-2.15443,0.48635,0.55140,0.05224,0.03956
33.88,2,-3.14705,2.45376,-2.87481,0.37924,0.15722,0.07053,0.02998
33.9,0,-4.49940,1.05375,-1.57375,0.49444,0.00567,0.00000,
33.9,1,-4.14468,2.04456,-2.14354,0.45545,0.50629,0.05239,0.04944
33.9,2,-3.15429,2.45177,-2.87118,0.37058,0.20234,0.07084,0.03940
33.92,0,-4.49943,1.04386,-1.57364,0.49444,0.00546,0.00000,
33.92,1,-4.15099,2.03439,-2.13149,0.65257,0.57968,0.05003,0.00989
33.92,2,-3.16130,2.44982,-2.86696,0.35919,0.21054,0.07335,0.05135
33.94,0,-4.49946,1.03397,-1.57353,0.49444,0.00526,0.00000,
33.94,1,-4.15757,2.02387,-2.11965,0.55784,0.58421,0.04728,0.01978
33.94,2,-3.16815,2.44789,-2.86294,0.35368,0.19356,0.07645,0.06376
33.96,0,-4.49949,1.02408,-1.57343,0.49444,0.00506,0.00000,
33.96,1,-4.16289,2.01513,-2.11069,0.47877,0.36995,0.04665,0.02967
33.96,2,-3.17491,2.44596,-2.85919,0.35005,0.18395,0.07783,0.07399
33.98,0,-4.49951,1.01419,-1.57333,0.49444,0.00487,0.00000,
33.98,1,-4.16710,2.00892,-2.10721,0.35418,0.19283,0.04880,0.03956
33.98,2,-3.18159,2.44402,-2.85555,0.34511,0.17978,0.07729,0.08148
34.0,0,-4.49954,1.00430,-1.57323,0.49444,0.00469,0.00000,
34.0,1,-4.17101,2.00282,-2.10254,0.37482,0.31396,0.05117,0.04944
34.0,2,-3.18815,2.44209,-2.85202,0.33951,0.17418,0.07656,0.08873
34.02,0,-4.49956,0.99441,-1.57314,0.49444,0.00452,0.00000,
34.02,1,-4.17495,1.99612,-2.09454,0.39523,0.44023,0.05299,0.05933
34.02,2,-3.19446,2.44018,-2.84824,0.31180,0.21770,0.07636,0.09650
34.04,0,-4.49959,0.98452,-1.57305,0.49444,0.00435,0.00000,
34.04,1,-4.17881,1.98942,-2.08546,0.40486,0.41786,0.05485,0.06922
34.04,2,-3.20047,2.43834,-2.84487,0.31607,0.14184,0.07642,0.10422
34.06,0,-4.49961,0.97464,-1.57297,0.49444,0.00419,0.00000,
34.06,1,-4.18292,1.98213,-2.07794,0.42001,0.35642,0.05610,0.07911
34.06,2,-3.20649,2.43649,-2.84209,0.31291,0.14291,0.07697,0.11257
34.08,0,-4.49963,0.96475,-1.57288,0.49444,0.00404,0.00000,
34.08,1,-4.18689,1.97499,-2.07081,0.39812,0.36041,0.05754,0.08900
34.08,2,-3.21240,2.43467,-2.83909,0.30576,0.15319,0.07747,0.12074
34.1,0,-4.49965,0.95486,-1.57281,0.49444,0.00389,0.00000,
34.1,1,-4.19062,1.96817,-2.06359,0.38343,0.35818,0.05938,0.09889
34.1,2,-3.21817,2.43286,-2.83608,0.30029,0.14718,0.07777,0.12849
34.12,0,-4.49967,0.94497,-1.57273,0.49444,0.00374,0.00000,
34.12,1,-4.19420,1.96207,-2.05115,0.31321,0.64200,0.06199,0.00989
34.12,2,-3.22413,2.43092,-2.83654,0.31584,-0.81608,0.07742,0.00316
34.14,0,-4.49969,0.93508,-1.57266,0.49444,0.00361,0.00000,
34.14,1,-4.19726,1.95662,-2.03758,0.28294,0.61438,0.06537,0.01978
34.14,2,-3.23027,2.42901,-2.85293,0.30654,-0.54188,0.07620,0.00941
34.16,0,-4.49971,0.92519,-1.57259,0.49444,0.00347,0.00000,
34.16,1,-4.20002,1.95153,-2.03027,0.32687,0.17868,0.06920,0.02967
34.16,2,-3.23609,2.42730,-2.85120,0.30882,0.48301,0.07495,0.01521
34.18,0,-4.49973,0.91530,-1.57252,0.49444,0.00334,0.00000,
34.18,1,-4.20319,1.94567,-2.02362,0.34935,0.51501,0.07219,0.03956
34.18,2,-3.24222,2.42540,-2.84024,0.32883,0.48572,0.07406,0.02187
34.2,0,-4.49974,0.90541,-1.57245,0.49444,0.00322,0.00000,
34.2,1,-4.20649,1.93899,-2.01290,0.37956,0.60014,0.07438,0.04944
34.2,2,-3.24839,2.42345,-2.83355,0.31531,0.23236,0.07362,0.02931
34.22,0,-4.49976,0.89552,-1.57239,0.49444,0.00310,0.00000,
34.22,1,-4.21087,1.92909,-2.00445,0.57236,0.21306,0.07318,0.00989
34.22,2,-3.25467,2.42144,-2.82861,0.33718,0.27162,0.07551,0.04011
34.24,0,-4.49977,0.88564,-1.57233,0.49444,0.00299,0.00000,
34.24,1,-4.21536,1.91961,-1.99729,0.51756,0.34125,0.07238,0.01978
34.24,2,-3.26104,2.41938,-2.82277,0.32958,0.29799,0.07726,0.05060
34.26,0,-4.49979,0.87575,-1.57227,0.49444,0.00288,0.00000,
34.26,1,-4.21960,1.91037,-1.99109,0.50027,0.29779,0.07189,0.02967
34.26,2,-3.26715,2.41736,-2.81701,0.31655,0.27712,0.07898,0.06076
34.28,0,-4.49980,0.86586,-1.57221,0.49444,0.00277,0.00000,
34.28,1,-4.22334,1.90324,-1.98914,0.38443,0.14632,0.07359,0.03956
34.28,2,-3.27309,2.41536,-2.81169,0.31119,0.25908,0.07947,0.06881
34.3,0,-4.49982,0.85597,-1.57216,0.49444,0.00267,0.00000,
34.3,1,-4.22670,1.89613,-1.98462,0.40460,0.29269,0.07542,0.04944
34.3,2,-3.27867,2.41340,-2.80591,0.27096,0.32925,0.07997,0.07667
34.32,0,-4.49983,0.84608,-1.57211,0.49444,0.00257,0.00000,
34.32,1,-4.23085,1.88586,-1.97292,0.55457,0.84753,0.07400,0.00989
34.32,2,-3.28516,2.41126,-2.80007,0.48168,0.38221,0.08184,0.00591
34.34,0,-4.49985,0.83619,-1.57206,0.49444,0.00247,0.00000,
34.34,1,-4.23509,1.87561,-1.95597,0.55489,0.84298,0.07260,0.01978
34.34,2,-3.29369,2.40848,-2.79469,0.38191,0.03824,0.08175,0.01700
34.36,0,-4.49986,0.82630,-1.57201,0.49444,0.00238,0.00000,
34.36,1,-4.23956,1.86589,-1.94039,0.52116,0.61267,0.07168,0.02967
34.36,2,-3.30049,2.40566,-2.79459,0.40371,0.13337,0.08314,0.02769
34.38,0,-4.49987,0.81641,-1.57196,0.49444,0.00230,0.00000,
34.38,1,-4.24355,1.85722,-1.93802,0.40181,-0.15687,0.07190,0.03956
34.38,2,-3.30988,2.40215,-2.78835,0.57096,0.40215,0.08105,0.03723
34.4,0,-4.49988,0.80653,-1.57192,0.49444,0.00221,0.00000,
34.4,1,-4.24682,1.84956,-1.93643,0.42656,0.23003,0.07329,0.04944
34.4,2,-3.32109,2.39798,-2.78064,0.59691,0.35137,0.07599,0.04556
34.42,0,-4.49989,0.79664,-1.57187,0.49444,0.00213,0.00000,
34.42,1,-4.24984,1.84178,-1.92992,0.38589,0.43103,0.07464,0.05933
34.42,2,-3.33168,2.39394,-2.77292,0.60838,0.62084,0.07141,0.00407
34.44,0,-4.49990,0.78675,-1.57183,0.49444,0.00205,0.00000,
34.44,1,-4.25284,1.83395,-1.92423,0.44038,0.18989,0.07595,0.06922
34.44,2,-3.34334,2.38963,-2.76363,0.62038,0.46888,0.06582,0.01246
34.46,0,-4.49991,0.77686,-1.57179,0.49444,0.00197,0.00000,
34.46,1,-4.25592,1.82563,-1.92089,0.43829,0.17504,0.07678,0.07911
34.46,2,-3.35374,2.38575,-2.75394,0.50280,0.44038,0.06192,0.02133
34.48,0,-4.49992,0.76697,-1.57175,0.49444,0.00190,0.00000,
34.48,1,-4.25884,1.81765,-1.91683,0.41443,0.22000,0.07799,0.08900
34.48,2,-3.36143,2.38246,-2.74460,0.33744,0.51923,0.06035,0.02982
34.5,0,-4.49993,0.75708,-1.57172,0.49444,0.00183,0.00000,
34.5,1,-4.26160,1.80999,-1.91242,0.40421,0.21561,0.07954,0.09889
34.5,2,-3.36760,2.37959,-2.73574,0.34625,0.37227,0.06004,0.03797
34.52,0,-4.49994,0.74719,-1.57168,0.49444,0.00176,0.00000,
34.52,1,-4.26431,1.80250,-1.90424,0.36565,0.38993,0.08130,0.00989
34.52,2,-3.37418,2.37673,-2.73012,0.36682,0.23488,0.05927,0.04593
34.54,0,-4.49995,0.73730,-1.57164,0.49444,0.00170,0.00000,
34.54,1,-4.26683,1.79510,-1.89705,0.42885,0.28384,0.08318,0.01978
34.54,2,-3.38092,2.37382,-2.72533,0.36325,0.25420,0.05819,0.05375
34.56,0,-4.49996,0.72741,-1.57161,0.49444,0.00164,0.00000,
34.56,1,-4.26979,1.78671,-1.89373,0.46603,0.16760,0.08401,0.02967
34.56,2,-3.38728,2.37100,-2.72084,0.36466,0.27274,0.05840,0.06264
34.58,0,-4.49997,0.71753,-1.57158,0.49444,0.00158,0.00000,
34.58,1,-4.27280,1.77789,-1.88966,0.45755,0.22483,0.08442,0.03956
34.58,2,-3.39424,2.36788,-2.71485,0.38593,0.29707,0.05828,0.07196
34.6,0,-4.49997,0.70764,-1.57155,0.49444,0.00152,0.00000,
34.6,1,-4.27557,1.76968,-1.88407,0.45346,0.21022,0.08549,0.04944
34.6,2,-3.40111,2.36476,-2.70947,0.36802,0.24744,0.05774,0.08063
34.62,0,-4.49998,0.69775,-1.57152,0.49444,0.00146,0.00000,
34.62,1,-4.27907,1.75785,-1.87716,0.61979,0.55376,0.08287,0.00989
34.62,2,-3.40872,2.36139,-2.70347,0.51576,0.67199,0.05913,0.00661
34.64,0,-4.49999,0.68786,-1.57149,0.49444,0.00141,0.00000,
34.64,1,-4.28280,1.74603,-1.86609,0.61911,0.55228,0.08023,0.01978
34.64,2,-3.41809,2.35737,-2.69061,0.47383,0.49411,0.05900,0.01900
34.66,0,-4.50000,0.67797,-1.57146,0.49444,0.00136,0.00000,
34.66,1,-4.28643,1.73495,-1.85620,0.55536,0.31857,0.07834,0.02967
34.66,2,-3.42690,2.35297,-2.68053,0.56516,0.53195,0.05866,0.03066
34.68,0,-4.50000,0.66808,-1.57144,0.49444,0.00131,0.00000,
34.68,1,-4.28939,1.72661,-1.85616,0.38548,-0.02840,0.07928,0.03956
34.68,2,-3.43813,2.34733,-2.67240,0.65394,0.29854,0.05353,0.03950
34.7,0,-4.50001,0.65819,-1.57141,0.49444,0.00126,0.00000,
34.7,1,-4.29185,1.71898,-1.85367,0.40831,0.15153,0.08101,0.04944
34.7,2,-3.44946,2.34159,-2.66744,0.61008,0.24091,0.04750,0.04753
34.72,0,-4.50001,0.64830,-1.57139,0.49444,0.00121,0.00000,
34.72,1,-4.29464,1.70874,-1.84497,0.50108,0.72195,0.08015,0.00989
34.72,2,-3.45906,2.33663,-2.65963,0.44456,0.63426,0.04520,0.00543
34.74,0,-4.50002,0.63841,-1.57136,0.49444,0.00117,0.00000,
34.74,1,-4.29762,1.69922,-1.83520,0.51677,0.24912,0.07995,0.01978
34.74,2,-3.46647,2.33257,-2.64776,0.40326,0.62124,0.04496,0.01541
34.76,0,-4.50003,0.62853,-1.57134,0.49444,0.00113,0.00000,
34.76,1,-4.30066,1.68920,-1.83274,0.51956,0.06133,0.07925,0.02967
34.76,2,-3.47426,2.32829,-2.63916,0.47705,0.28094,0.04469,0.02588
34.78,0,-4.50003,0.61864,-1.57132,0.49444,0.00108,0.00000,
34.78,1,-4.30311,1.68071,-1.83340,0.41596,0.03635,0.08017,0.03956
34.78,2,-3.48253,2.32365,-2.63652,0.44867,-0.03225,0.04246,0.03472
34.8,0,-4.50004,0.60875,-1.57130,0.49444,0.00104,0.00000,
34.8,1,-4.30530,1.67249,-1.83005,0.43095,0.22494,0.08142,0.04944
34.8,2,-3.49134,2.31863,-2.63238,0.54043,0.35360,0.03924,0.04322
34.82,0,-4.50004,0.59886,-1.57128,0.49444,0.00101,0.00000,
34.82,1,-4.30745,1.66429,-1.82571,0.40580,0.22175,0.08270,0.05933
34.82,2,-3.50064,2.31343,-2.62769,0.53915,-0.49536,0.03553,0.00416
34.84,0,-4.50005,0.58897,-1.57126,0.49444,0.00097,0.00000,
34.84,1,-4.30963,1.65597,-1.82290,0.44427,0.09863,0.08386,0.06922
34.84,2,-3.51011,2.30827,-2.63760,0.53920,-0.49584,0.03185,0.01276
34.86,0,-4.50005,0.57908,-1.57124,0.49444,0.00093,0.00000,
34.86,1,-4.31185,1.64737,-1.82089,0.43834,0.11314,0.08474,0.07911
34.86,2,-3.51858,2.30332,-2.65268,0.42907,-0.38358,0.02934,0.02164
34.88,0,-4.50006,0.56919,-1.57122,0.49444,0.00090,0.00000,
34.88,1,-4.31396,1.63910,-1.81833,0.41863,0.13530,0.08597,0.08900
34.88,2,-3.52448,2.30010,-2.64865,0.31652,0.48682,0.02966,0.03018
34.9,0,-4.50006,0.55930,-1.57120,0.49444,0.00087,0.00000,
34.9,1,-4.31598,1.63109,-1.81568,0.40999,0.12725,0.08748,0.09889
34.9,2,-3.53013,2.29707,-2.63793,0.32652,0.49533,0.03010,0.03844
34.92,0,-4.50006,0.54941,-1.57118,0.49444,0.00083,0.00000,
34.92,1,-4.31792,1.62317,-1.80887,0.36846,0.39177,0.08910,0.00989
34.92,2,-3.53588,2.29381,-2.62997,0.37751,0.54021,0.03021,0.00375
34.94,0,-4.50007,0.53953,-1.57117,0.49444,0.00080,0.00000,
34.94,1,-4.31966,1.61551,-1.80248,0.43107,0.20853,0.09100,0.01978
34.94,2,-3.54298,2.28985,-2.62028,0.38811,0.29457,0.02858,0.01161
34.96,0,-4.50007,0.52964,-1.57115,0.49444,0.00077,0.00000,
34.96,1,-4.32186,1.60631,-1.80031,0.49433,0.06750,0.09132,0.02967
34.96,2,-3.54973,2.28599,-2.61430,0.39289,0.35349,0.02866,0.02107
34.98,0,-4.50007,0.51975,-1.57114,0.49444,0.00075,0.00000,
34.98,1,-4.32411,1.59678,-1.79858,0.47804,0.11151,0.09131,0.03956
34.98,2,-3.55638,2.28210,-2.60649,0.35868,0.42046,0.02911,0.03086
35.0,0,-4.50008,0.50986,-1.57112,0.49444,0.00072,0.00000,
35.0,1,-4.32620,1.58781,-1.79596,0.44884,0.13793,0.09188,0.04944
35.0,2,-3.56189,2.27878,-2.59851,0.31986,0.34787,0.03035,0.04007
35.02,0,-4.50008,0.49997,-1.57111,0.49444,0.00069,0.00000,
35.02,1,-4.32818,1.57917,-1.79334,0.44133,0.12253,0.09280,0.05933
35.02,2,-3.56739,2.27545,-2.59204,0.32202,0.31756,0.03132,0.04894
35.04,0,-4.50008,0.49008,-1.57109,0.49444,0.00067,0.00000,
35.04,1,-4.33013,1.57056,-1.79104,0.44113,0.11106,0.09376,0.06922
35.04,2,-3.57284,2.27211,-2.58558,0.31734,0.32682,0.03231,0.05776
35.06,0,-4.50009,0.48019,-1.57108,0.49444,0.00064,0.00000,
35.06,1,-4.33205,1.56199,-1.78884,0.43577,0.10957,0.09478,0.07911
35.06,2,-3.57817,2.26880,-2.57907,0.31055,0.32251,0.03339,0.06654
35.08,0,-4.50009,0.47030,-1.57107,0.49444,0.00062,0.00000,
35.08,1,-4.33391,1.55357,-1.78667,0.42752,0.10760,0.09594,0.08900
35.08,2,-3.58332,2.26554,-2.57311,0.30613,0.29681,0.03454,0.07516
35.1,0,-4.50009,0.46041,-1.57106,0.49444,0.00060,0.00000,
35.1,1,-4.33573,1.54530,-1.78456,0.42044,0.10351,0.09727,0.09889
35.1,2,-3.58858,2.26218,-2.56689,0.31365,0.31289,0.03545,0.08363
35.12,0,-4.50010,0.45053,-1.57104,0.49444,0.00057,0.00000,
35.12,1,-4.33750,1.53715,-1.78253,0.41451,0.09963,0.09872,0.10878
35.12,2,-3.59448,2.25852,-2.56490,0.41979,-0.42371,0.03559,0.00416
35.14,0,-4.50010,0.44064,-1.57103,0.49444,0.00055,0.00000,
35.14,1,-4.33922,1.52911,-1.78058,0.40854,0.09637,0.10029,0.11867
35.14,2,-3.60169,2.25410,-2.57222,0.41646,-0.30888,0.03420,0.01238
35.16,0,-4.50010,0.43075,-1.57102,0.49444,0.00053,0.00000,
35.16,1,-4.34091,1.52118,-1.77869,0.40232,0.09320,0.10199,0.12856
35.16,2,-3.60854,2.24950,-2.57289,0.42513,0.34746,0.03287,0.02048
35.18,0,-4.50010,0.42086,-1.57101,0.49444,0.00051,0.00000,
35.18,1,-4.34254,1.51366,-1.77733,0.34102,0.00499,0.10410,0.13844
35.18,2,-3.61563,2.24499,-2.56165,0.41104,0.60841,0.03114,0.02818
35.2,0,-4.50010,0.41097,-1.57100,0.49444,0.00049,0.00000,
35.2,1,-4.34405,1.50683,-1.77592,0.35672,0.11009,0.10692,0.14833
35.2,2,-3.62131,2.24139,-2.55095,0.32361,0.43470,0.03050,0.03517
35.22,0,-4.50011,0.40108,-1.57099,0.49444,0.00048,0.00000,
35.22,1,-4.34553,1.49980,-1.77365,0.35857,0.10378,0.10954,0.15822
35.22,2,-3.62641,2.23803,-2.54230,0.25495,0.60262,0.03059,0.00360
35.24,0,-4.50011,0.39119,-1.57098,0.49444,0.00046,0.00000,
35.24,1,-4.34696,1.49291,-1.77188,0.33480,0.09653,0.11231,0.16811
35.24,2,-3.63034,2.23536,-2.53002,0.25115,0.52519,0.03187,0.01063
35.26,0,-4.50011,0.38130,-1.57097,0.49444,0.00044,0.00000,
35.26,1,-4.34833,1.48621,-1.77016,0.35792,0.06758,0.11528,0.17800
35.26,2,-3.63505,2.23203,-2.52216,0.31335,0.31939,0.03200,0.01747
35.28,0,-4.50011,0.37141,-1.57097,0.49444,0.00043,0.00000,
35.28,1,-4.34978,1.47908,-1.76886,0.36290,0.06793,0.11782,0.18789
35.28,2,-3.64027,2.22830,-2.51589,0.31881,0.32797,0.03186,0.02475
35.3,0,-4.50011,0.36153,-1.57096,0.49444,0.00041,0.00000,
35.3,1,-4.35117,1.47213,-1.76740,0.34678,0.07591,0.12055,0.19778
35.3,2,-3.64513,2.22476,-2.50997,0.30379,0.34238,0.03197,0.03184
35.32,0,-4.50012,0.35164,-1.57095,0.49444,0.00040,0.00000,
35.32,1,-4.35268,1.46264,-1.77973,0.46892,-0.96216,0.12074,0.00989
35.32,2,-3.65021,2.22103,-2.50222,0.32004,0.39170,0.03374,0.04144
35.34,0,-4.50012,0.34175,-1.57094,0.49444,0.00038,0.00000,
35.34,1,-4.35422,1.45372,-1.79827,0.43227,-0.88401,0.12150,0.01978
35.34,2,-3.65528,2.21726,-2.49506,0.31040,0.32936,0.03514,0.05049
35.36,0,-4.50012,0.33186,-1.57093,0.49444,0.00037,0.00000,
35.36,1,-4.35612,1.44484,-1.80773,0.48308,0.00587,0.12226,0.02967
35.36,2,-3.66012,2.21361,-2.48884,0.29856,0.30342,0.03702,0.05956
35.38,0,-4.50012,0.32197,-1.57093,0.49444,0.00035,0.00000,
35.38,1,-4.35850,1.43487,-1.80090,0.52743,0.45309,0.12187,0.03956
35.38,2,-3.66482,2.21001,-2.48278,0.29429,0.30323,0.04021,0.06981
35.4,0,-4.50012,0.31208,-1.57092,0.49444,0.00034,0.00000,
35.4,1,-4.36090,1.42468,-1.79385,0.51378,0.25120,0.12128,0.04944
35.4,2,-3.66906,2.20675,-2.47684,0.26373,0.29143,0.04416,0.08027
35.42,0,-4.50012,0.30219,-1.57091,0.49444,0.00033,0.00000,
35.42,1,-4.36355,1.41128,-1.78824,0.75271,0.32676,0.11746,0.00989
35.42,2,-3.67322,2.20349,-2.47111,0.26433,0.28174,0.05078,0.09393
35.44,0,-4.50012,0.29230,-1.57091,0.49444,0.00032,0.00000,
35.44,1,-4.36645,1.39794,-1.77850,0.66084,0.56426,0.11369,0.01978
35.44,2,-3.67734,2.20023,-2.46560,0.25988,0.27048,0.05761,0.10758
35.46,0,-4.50012,0.28241,-1.57090,0.49444,0.00030,0.00000,
35.46,1,-4.36909,1.38583,-1.77024,0.57751,0.23382,0.11117,0.02967
35.46,2,-3.68134,2.19702,-2.46030,0.25452,0.26153,0.06349,0.11997
35.48,0,-4.50013,0.27253,-1.57089,0.49444,0.00029,0.00000,
35.48,1,-4.37118,1.37707,-1.76993,0.42424,0.04494,0.11205,0.03956
35.48,2,-3.68526,2.19384,-2.45516,0.25061,0.25314,0.06658,0.12898
35.5,0,-4.50013,0.26264,-1.57089,0.49444,0.00028,0.00000,
35.5,1,-4.37305,1.36867,-1.76880,0.44000,0.09813,0.11331,0.04944
35.5,2,-3.68911,2.19069,-2.45019,0.24731,0.24413,0.06933,0.13758
35.52,0,-4.50013,0.25275,-1.57088,0.49444,0.00027,0.00000,
35.52,1,-4.37511,1.35671,-1.76248,0.60494,0.56062,0.11102,0.00989
35.52,2,-3.69390,2.18674,-2.44592,0.43782,0.09725,0.07378,0.00654
35.54,0,-4.50013,0.24286,-1.57088,0.49444,0.00026,0.00000,
35.54,1,-4.37731,1.34550,-1.75009,0.57088,0.60785,0.10946,0.01978
35.54,2,-3.70060,2.18110,-2.44394,0.43782,0.09768,0.07525,0.01797
35.56,0,-4.50013,0.23297,-1.57087,0.49444,0.00025,0.00000,
35.56,1,-4.37977,1.33426,-1.74078,0.57004,0.29325,0.10785,0.02967
35.56,2,-3.70665,2.17584,-2.44311,0.37869,0.01362,0.07766,0.02947
35.58,0,-4.50013,0.22308,-1.57087,0.49444,0.00024,0.00000,
35.58,1,-4.38173,1.32521,-1.73973,0.41766,0.02012,0.10847,0.03956
35.58,2,-3.71281,2.17080,-2.44430,0.44909,-0.04233,0.07818,0.03872
35.6,0,-4.50013,0.21319,-1.57086,0.49444,0.00024,0.00000,
35.6,1,-4.38323,1.31675,-1.73757,0.42083,0.18601,0.10973,0.04944
35.6,2,-3.72126,2.16375,-2.44000,0.61369,0.40264,0.07499,0.04731
35.62,0,-4.50013,0.20330,-1.57086,0.49444,0.00023,0.00000,
35.62,1,-4.38467,1.30650,-1.72764,0.54329,0.59439,0.10922,0.00989
35.62,2,-3.73080,2.15562,-2.43075,0.61706,0.45883,0.07170,0.05765
35.64,0,-4.50013,0.19341,-1.57085,0.49444,0.00022,0.00000,
35.64,1,-4.38639,1.29620,-1.71898,0.52368,0.22638,0.10863,0.01978
35.64,2,-3.73966,2.14795,-2.42259,0.56228,0.36979,0.06945,0.06810
35.66,0,-4.50013,0.18353,-1.57085,0.49444,0.00021,0.00000,
35.66,1,-4.38809,1.28545,-1.71815,0.54922,-0.03348,0.10761,0.02967
35.66,2,-3.74790,2.14071,-2.41555,0.54342,0.34781,0.06832,0.07897
35.68,0,-4.50013,0.17364,-1.57085,0.49444,0.00020,0.00000,
35.68,1,-4.38963,1.27535,-1.71889,0.45462,-0.05720,0.10724,0.03956
35.68,2,-3.75605,2.13346,-2.40852,0.54778,0.35240,0.06666,0.08919
35.7,0,-4.50013,0.16375,-1.57084,0.49444,0.00020,0.00000,
35.7,1,-4.39101,1.26627,-1.71795,0.46417,0.11676,0.10791,0.04944
35.7,2,-3.76387,2.12643,-2.40168,0.51824,0.33786,0.06451,0.09837
35.72,0,-4.50013,0.15386,-1.57084,0.49444,0.00019,0.00000,
35.72,1,-4.39250,1.25357,-1.71396,0.69885,0.22258,0.10497,0.00989
35.72,2,-3.77171,2.11940,-2.39309,0.50459,0.65335,0.06538,0.00699
35.74,0,-4.50013,0.14397,-1.57083,0.49444,0.00018,0.00000,
35.74,1,-4.39408,1.24182,-1.70667,0.57318,0.37102,0.10296,0.01978
35.74,2,-3.77903,2.11274,-2.38236,0.50030,0.59413,0.06619,0.01884
35.76,0,-4.50013,0.13408,-1.57083,0.49444,0.00017,0.00000,
35.76,1,-4.39569,1.23111,-1.70301,0.43767,-0.03424,0.10199,0.02967
35.76,2,-3.78661,2.10536,-2.37035,0.55938,0.50239,0.06550,0.02968
35.78,0,-4.50013,0.12419,-1.57083,0.49444,0.00017,0.00000,
35.78,1,-4.39704,1.22280,-1.70348,0.42965,0.01258,0.10344,0.03956
35.78,2,-3.79491,2.09736,-2.36291,0.57022,0.27436,0.06180,0.03809
35.8,0,-4.50013,0.11430,-1.57082,0.49444,0.00016,0.00000,
35.8,1,-4.39825,1.21411,-1.70249,0.44597,0.07685,0.10451,0.04944
35.8,2,-3.80340,2.08906,-2.35652,0.60338,0.36070,0.05801,0.04687
35.82,0,-4.50014,0.10442,-1.57082,0.49444,0.00016,0.00000,
35.82,1,-4.39950,1.20272,-1.69842,0.58611,0.27979,0.10291,0.00989
35.82,2,-3.81181,2.08070,-2.34703,0.57353,0.71757,0.05652,0.00592
35.84,0,-4.50014,0.09453,-1.57082,0.49444,0.00015,0.00000,
35.84,1,-4.40076,1.19107,-1.69282,0.58617,0.27980,0.10103,0.01978
35.84,2,-3.81966,2.07271,-2.33296,0.55634,0.56552,0.05592,0.01764
35.86,0,-4.50014,0.08464,-1.57081,0.49444,0.00015,0.00000,
35.86,1,-4.40202,1.17999,-1.68831,0.55621,0.11165,0.09974,0.02967
35.86,2,-3.82739,2.06464,-2.32530,0.56013,0.28410,0.05489,0.02879
35.88,0,-4.50014,0.07475,-1.57081,0.49444,0.00014,0.00000,
35.88,1,-4.40328,1.17085,-1.68940,0.42175,-0.07067,0.10037,0.03956
35.88,2,-3.83482,2.05677,-2.32003,0.52705,0.28080,0.05262,0.03802
35.9,0,-4.50014,0.06486,-1.57081,0.49444,0.00013,0.00000,
35.9,1,-4.40441,1.16214,-1.68881,0.44909,0.08999,0.10145,0.04944
35.9,2,-3.84196,2.04911,-2.31338,0.52105,0.36001,0.05027,0.04679
35.92,0,-4.50014,0.05497,-1.57081,0.49444,0.00013,0.00000,
35.92,1,-4.40548,1.15347,-1.68658,0.41478,0.12178,0.10257,0.05933
35.92,2,-3.84863,2.04188,-2.30632,0.42917,0.34097,0.04850,0.00423
35.94,0,-4.50014,0.04508,-1.57080,0.49444,0.00013,0.00000,
35.94,1,-4.40655,1.14444,-1.68535,0.47712,0.02849,0.10334,0.06922
35.94,2,-3.85445,2.03557,-2.29950,0.42913,0.34102,0.04830,0.01332
35.96,0,-4.50014,0.03519,-1.57080,0.49444,0.00012,0.00000,
35.96,1,-4.40764,1.13496,-1.68481,0.46898,0.03472,0.10365,0.07911
35.96,2,-3.85940,2.03049,-2.29423,0.31035,0.21805,0.05002,0.02286
35.98,0,-4.50014,0.02530,-1.57080,0.49444,0.00012,0.00000,
35.98,1,-4.40867,1.12596,-1.68387,0.44131,0.05331,0.10445,0.08900
35.98,2,-3.86485,2.02510,-2.30280,0.39584,-0.39575,0.05080,0.03192
36.0,0,-4.50014,0.01542,-1.57080,0.49444,0.00011,0.00000,
36.0,1,-4.40965,1.11733,-1.68282,0.43152,0.05040,0.10562,0.09889
36.0,2,-3.87007,2.01958,-2.30282,0.39944,0.29834,0.05129,0.04061
36.02,0,-4.50014,0.00553,-1.57079,0.49444,0.00011,0.00000,
36.02,1,-4.41060,1.10839,-1.67803,0.41644,0.33736,0.10649,0.00989
36.02,2,-3.87564,2.01276,-2.29334,0.52513,0.04864,0.05075,0.00426
36.04,0,-4.50014,-0.00436,-1.57079,0.49444,0.00010,0.00000,
36.04,1,-4.41148,1.10026,-1.67420,0.40202,0.11738,0.10817,0.01978
36.04,2,-3.88231,2.00554,-2.29142,0.47739,0.17474,0.04859,0.01244
36.06,0,-4.50014,-0.01425,-1.57079,0.49444,0.00010,0.00000,
36.06,1,-4.41236,1.09165,-1.67085,0.45593,0.13951,0.10938,0.02967
36.06,2,-3.88832,1.99822,-2.28761,0.46157,0.23278,0.04713,0.02109
36.08,0,-4.50014,-0.02414,-1.57079,0.49444,0.00010,0.00000,
36.08,1,-4.41329,1.08282,-1.66906,0.44252,0.05942,0.11036,0.03956
36.08,2,-3.89406,1.99157,-2.28092,0.42346,0.40395,0.04663,0.02997
36.1,0,-4.50014,-0.03403,-1.57079,0.49444,0.00009,0.00000,
36.1,1,-4.41429,1.07297,-1.66874,0.52037,0.00281,0.11033,0.04944
36.1,2,-3.89895,1.98615,-2.27407,0.36212,0.38875,0.04856,0.03987
36.12,0,-4.50014,-0.04392,-1.57078,0.49444,0.00009,0.00000,
36.12,1,-4.41532,1.05972,-1.66588,0.69042,0.26799,0.10689,0.00989
36.12,2,-3.90379,1.98055,-2.26599,0.37533,0.39293,0.05337,0.05316
36.14,0,-4.50014,-0.05381,-1.57078,0.49444,0.00009,0.00000,
36.14,1,-4.41639,1.04620,-1.66040,0.64276,0.27928,0.10319,0.01978
36.14,2,-3.90862,1.97481,-2.25883,0.37227,0.33252,0.05837,0.06672
36.16,0,-4.50014,-0.06370,-1.57078,0.49444,0.00008,0.00000,
36.16,1,-4.41760,1.03391,-1.65726,0.54287,0.01390,0.10071,0.02967
36.16,2,-3.91324,1.96919,-2.25251,0.34610,0.28990,0.06261,0.07907
36.18,0,-4.50014,-0.07358,-1.57078,0.49444,0.00008,0.00000,
36.18,1,-4.41858,1.02519,-1.65823,0.43645,-0.00958,0.10180,0.03956
36.18,2,-3.91780,1.96356,-2.24627,0.37336,0.32542,0.06364,0.08784
36.2,0,-4.50014,-0.08347,-1.57078,0.49444,0.00008,0.00000,
36.2,1,-4.41943,1.01635,-1.65865,0.45125,-0.00817,0.10278,0.04944
36.2,2,-3.92250,1.95770,-2.23980,0.37375,0.31592,0.06446,0.09672
36.22,0,-4.50014,-0.09336,-1.57078,0.49444,0.00007,0.00000,
36.22,1,-4.42025,1.00413,-1.65593,0.60522,0.29498,0.10040,0.00989
36.22,2,-3.92704,1.95195,-2.23373,0.35959,0.29509,0.06846,0.10896
36.24,0,-4.50014,-0.10325,-1.57077,0.49444,0.00007,0.00000,
36.24,1,-4.42109,0.99276,-1.64950,0.56867,0.32006,0.09886,0.01978
36.24,2,-3.93140,1.94637,-2.22796,0.35099,0.28432,0.07199,0.12036
36.26,0,-4.50013,-0.11314,-1.57077,0.49444,0.00007,0.00000,
36.26,1,-4.42227,0.98178,-1.64473,0.46630,0.09707,0.09768,0.02967
36.26,2,-3.93567,1.94084,-2.22235,0.34778,0.27673,0.07545,0.13141
36.28,0,-4.50013,-0.12303,-1.57077,0.49444,0.00007,0.00000,
36.28,1,-4.42310,0.97358,-1.64426,0.42187,0.00073,0.09931,0.03956
36.28,2,-3.93971,1.93563,-2.21760,0.30955,0.21650,0.07666,0.13964
36.3,0,-4.50013,-0.13292,-1.57077,0.49444,0.00006,0.00000,
36.3,1,-4.42368,0.96530,-1.64429,0.40275,0.01239,0.10087,0.04944
36.3,2,-3.94349,1.93070,-2.21222,0.31155,0.29028,0.07823,0.14795
36.32,0,-4.50013,-0.14281,-1.57077,0.49444,0.00006,0.00000,
36.32,1,-4.42426,0.95372,-1.63971,0.58802,0.37033,0.09914,0.00989
36.32,2,-3.94786,1.92473,-2.20505,0.48209,0.66725,0.08158,0.00613
36.34,0,-4.50013,-0.15270,-1.57077,0.49444,0.00006,0.00000,
36.34,1,-4.42508,0.94221,-1.63240,0.54839,0.33932,0.09747,0.01978
36.34,2,-3.95299,1.91732,-2.19236,0.40351,0.58268,0.08338,0.01767
36.36,0,-4.50013,-0.16258,-1.57077,0.49444,0.00006,0.00000,
36.36,1,-4.42599,0.93117,-1.62988,0.54916,-0.03932,0.09627,0.02967
36.36,2,-3.95751,1.91059,-2.18085,0.41516,0.53437,0.08569,0.02874
36.38,0,-4.50013,-0.17247,-1.57077,0.49444,0.00006,0.00000,
36.38,1,-4.42662,0.92229,-1.63238,0.40368,-0.10399,0.09723,0.03956
36.38,2,-3.96307,1.90251,-2.17358,0.55616,0.25970,0.08429,0.03764
36.4,0,-4.50013,-0.18236,-1.57077,0.49444,0.00005,0.00000,
36.4,1,-4.42710,0.91391,-1.63216,0.43311,0.05760,0.09870,0.04944
36.4,2,-3.96972,1.89287,-2.16782,0.60873,0.28770,0.08054,0.04604
36.42,0,-4.50013,-0.19225,-1.57076,0.49444,0.00005,0.00000,
36.42,1,-4.42763,0.90545,-1.63135,0.41708,0.01538,0.10009,0.05933
36.42,2,-3.97652,1.88274,-2.16076,0.65861,0.61255,0.07639,0.00410
36.44,0,-4.50013,-0.20214,-1.57076,0.49444,0.00005,0.00000,
36.44,1,-4.42820,0.89632,-1.63187,0.47740,-0.04335,0.10081,0.06922
36.44,2,-3.98368,1.87152,-2.15001,0.66405,0.55618,0.07174,0.01324
36.46,0,-4.50013,-0.21203,-1.57076,0.49444,0.00005,0.00000,
36.46,1,-4.42879,0.88689,-1.63258,0.46103,-0.02442,0.10123,0.07911
36.46,2,-3.99070,1.86117,-2.13529,0.56962,0.72943,0.06824,0.02269
36.48,0,-4.50013,-0.22192,-1.57076,0.49444,0.00005,0.00000,
36.48,1,-4.42934,0.87802,-1.63288,0.43271,-0.01125,0.10222,0.08900
36.48,2,-3.99576,1.85338,-2.12729,0.35559,0.07700,0.06738,0.03157
36.5,0,-4.50013,-0.23181,-1.57076,0.49444,0.00004,0.00000,
36.5,1,-4.42987,0.86950,-1.63313,0.42535,-0.01459,0.10354,0.09889
36.5,2,-3.99953,1.84763,-2.12440,0.35530,0.26044,0.06861,0.04012
36.52,0,-4.50013,-0.24170,-1.57076,0.49444,0.00004,0.00000,
36.52,1,-4.43038,0.86058,-1.63112,0.41522,0.16156,0.10448,0.00989
36.52,2,-4.00342,1.84132,-2.11824,0.37921,0.30928,0.06965,0.04905
36.54,0,-4.50013,-0.25158,-1.57076,0.49444,0.00004,0.00000,
36.54,1,-4.43088,0.85189,-1.62947,0.46374,0.00837,0.10564,0.01978
36.54,2,-4.00728,1.83502,-2.11230,0.36243,0.28925,0.07051,0.05776
36.56,0,-4.50013,-0.26147,-1.57076,0.49444,0.00004,0.00000,
36.56,1,-4.43145,0.84206,-1.63018,0.50530,-0.04729,0.10567,0.02967
36.56,2,-4.01128,1.82840,-2.10785,0.39862,0.19448,0.07211,0.06760
36.58,0,-4.50013,-0.27136,-1.57076,0.49444,0.00004,0.00000,
36.58,1,-4.43204,0.83209,-1.63077,0.48960,-0.01302,0.10555,0.03956
36.58,2,-4.01532,1.82162,-2.10377,0.38765,0.21784,0.07369,0.07759
36.6,0,-4.50013,-0.28125,-1.57076,0.49444,0.00004,0.00000,
36.6,1,-4.43261,0.82259,-1.63083,0.46635,-0.00005,0.10591,0.04944
36.6,2,-4.01915,1.81513,-2.09922,0.36875,0.23016,0.07522,0.08710
36.62,0,-4.50013,-0.29114,-1.57076,0.49444,0.00004,0.00000,
36.62,1,-4.43316,0.81338,-1.63090,0.45911,-0.00702,0.10655,0.05933
36.62,2,-4.02298,1.80868,-2.09274,0.34176,0.67057,0.07650,0.00460
36.64,0,-4.50013,-0.30103,-1.57075,0.49444,0.00003,0.00000,
36.64,1,-4.43371,0.80424,-1.63109,0.45691,-0.00974,0.10726,0.06922
36.64,2,-4.02635,1.80298,-2.08221,0.33704,0.56588,0.07862,0.01376
36.66,0,-4.50013,-0.31092,-1.57075,0.49444,0.00003,0.00000,
36.66,1,-4.43426,0.79518,-1.63126,0.45087,-0.00795,0.10805,0.07911
36.66,2,-4.02988,1.79651,-2.07253,0.39180,0.28367,0.07991,0.02284
36.68,0,-4.50013,-0.32081,-1.57075,0.49444,0.00003,0.00000,
36.68,1,-4.43480,0.78626,-1.63141,0.44282,-0.00700,0.10900,0.08900
36.68,2,-4.03406,1.78910,-2.06841,0.43931,0.17568,0.07995,0.03177
36.7,0,-4.50013,-0.33070,-1.57075,0.49444,0.00003,0.00000,
36.7,1,-4.43533,0.77750,-1.63155,0.43569,-0.00707,0.11009,0.09889
36.7,2,-4.03814,1.78180,-2.06339,0.39672,0.34253,0.07998,0.04054
36.72,0,-4.50013,-0.34058,-1.57075,0.49444,0.00003,0.00000,
36.72,1,-4.43584,0.76848,-1.62946,0.41684,0.16309,0.11092,0.00989
36.72,2,-4.04257,1.77343,-2.05773,0.60817,0.35848,0.07916,0.00428
36.74,0,-4.50013,-0.35047,-1.57075,0.49444,0.00003,0.00000,
36.74,1,-4.43633,0.75976,-1.62773,0.46602,0.01451,0.11206,0.01978
36.74,2,-4.04815,1.76262,-2.05008,0.56270,0.50069,0.07537,0.01301
36.76,0,-4.50013,-0.36036,-1.57075,0.49444,0.00003,0.00000,
36.76,1,-4.43689,0.74985,-1.62828,0.51063,-0.03857,0.11201,0.02967
36.76,2,-4.05346,1.75282,-2.04085,0.54218,0.36091,0.07376,0.02293
36.78,0,-4.50013,-0.37025,-1.57075,0.49444,0.00003,0.00000,
36.78,1,-4.43746,0.73976,-1.62871,0.49517,-0.00556,0.11178,0.03956
36.78,2,-4.05790,1.74472,-2.03857,0.39102,-0.01250,0.07425,0.03304
36.8,0,-4.50013,-0.38014,-1.57075,0.49444,0.00003,0.00000,
36.8,1,-4.43802,0.73016,-1.62863,0.47098,0.00665,0.11204,0.04944
36.8,2,-4.06159,1.73775,-2.03525,0.39947,0.26868,0.07561,0.04265
36.82,0,-4.50012,-0.39003,-1.57075,0.49444,0.00003,0.00000,
36.82,1,-4.43856,0.71759,-1.62689,0.66272,0.19506,0.10932,0.00989
36.82,2,-4.06558,1.72970,-2.02909,0.51127,0.42630,0.07865,0.00676
36.84,0,-4.50012,-0.39992,-1.57075,0.49444,0.00002,0.00000,
36.84,1,-4.43911,0.70469,-1.62280,0.61358,0.22330,0.10629,0.01978
36.84,2,-4.07000,1.72087,-2.01999,0.44707,0.54576,0.08114,0.01967
36.86,0,-4.50012,-0.40981,-1.57075,0.49444,0.00002,0.00000,
36.86,1,-4.43984,0.69275,-1.61940,0.57495,0.07229,0.10420,0.02967
36.86,2,-4.07396,1.71251,-2.00347,0.50196,0.91256,0.08342,0.03163
36.88,0,-4.50012,-0.41970,-1.57075,0.49444,0.00002,0.00000,
36.88,1,-4.44038,0.68366,-1.61995,0.40874,-0.04271,0.10497,0.03956
36.88,2,-4.07883,1.70204,-1.99334,0.62892,0.17675,0.08065,0.04073
36.9,0,-4.50012,-0.42958,-1.57075,0.49444,0.00002,0.00000,
36.9,1,-4.44082,0.67503,-1.62023,0.44920,-0.00090,0.10620,0.04944
36.9,2,-4.08419,1.69035,-1.99288,0.63628,-0.00120,0.07614,0.04937
36.92,0,-4.50012,-0.43947,-1.57075,0.49444,0.00002,0.00000,
36.92,1,-4.44126,0.66334,-1.61937,0.55153,0.08925,0.10438,0.00989
36.92,2,-4.08922,1.67925,-1.99125,0.58854,0.14882,0.07518,0.06107
36.94,0,-4.50012,-0.44936,-1.57075,0.49444,0.00002,0.00000,
36.94,1,-4.44170,0.65265,-1.61744,0.53508,0.09713,0.10356,0.01978
36.94,2,-4.09393,1.66876,-1.98764,0.56982,0.18404,0.07397,0.07177
36.96,0,-4.50012,-0.45925,-1.57075,0.49444,0.00002,0.00000,
36.96,1,-4.44220,0.64208,-1.61658,0.48499,-0.02210,0.10286,0.02967
36.96,2,-4.09856,1.65832,-1.98440,0.57156,0.14343,0.07277,0.08235
36.98,0,-4.50012,-0.46914,-1.57075,0.49444,0.00002,0.00000,
36.98,1,-4.44266,0.63353,-1.61759,0.44014,-0.03701,0.10417,0.03956
36.98,2,-4.10314,1.64788,-1.98176,0.56755,0.12812,0.06966,0.09091
37.0,0,-4.50012,-0.47903,-1.57075,0.49444,0.00002,0.00000,
37.0,1,-4.44310,0.62447,-1.61793,0.45914,-0.00609,0.10497,0.04944
37.0,2,-4.10750,1.63818,-1.98022,0.53193,0.14518,0.06782,0.09999
37.02,0,-4.50012,-0.48892,-1.57075,0.49444,0.00002,0.00000,
37.02,1,-4.44354,0.61303,-1.61710,0.60543,0.05516,0.10340,0.00989
37.02,2,-4.11201,1.62754,-1.97477,0.69816,0.53193,0.06731,0.00605
37.04,0,-4.50012,-0.49881,-1.57074,0.49444,0.00002,0.00000,
37.04,1,-4.44398,0.60148,-1.61575,0.53828,0.08417,0.10172,0.01978
37.04,2,-4.11753,1.61448,-1.96454,0.64496,0.69584,0.06430,0.01761
37.06,0,-4.50012,-0.50870,-1.57074,0.49444,0.00002,0.00000,
37.06,1,-4.44439,0.59074,-1.61473,0.53667,0.00868,0.10084,0.02967
37.06,2,-4.12241,1.60335,-1.95281,0.60048,0.31302,0.06257,0.02837
37.08,0,-4.50012,-0.51858,-1.57074,0.49444,0.00002,0.00000,
37.08,1,-4.44484,0.58219,-1.61586,0.40975,-0.05690,0.10217,0.03956
37.08,2,-4.12674,1.59383,-1.95427,0.46385,-0.24425,0.06047,0.03692
37.1,0,-4.50012,-0.52847,-1.57074,0.49444,0.00002,0.00000,
37.1,1,-4.44527,0.57352,-1.61631,0.44864,-0.00256,0.10336,0.04944
37.1,2,-4.13067,1.58540,-1.95796,0.47116,-0.06554,0.05965,0.04561
37.12,0,-4.50012,-0.53836,-1.57074,0.49444,0.00001,0.00000,
37.12,1,-4.44571,0.56275,-1.61789,0.54045,-0.14316,0.10245,0.00989
37.12,2,-4.13450,1.57608,-1.95461,0.56071,0.40607,0.06004,0.00540
37.14,0,-4.50012,-0.54825,-1.57074,0.49444,0.00001,0.00000,
37.14,1,-4.44604,0.55195,-1.62072,0.53934,-0.14221,0.10153,0.01978
37.14,2,-4.13880,1.56573,-1.94447,0.57174,0.36867,0.05932,0.01621
37.16,0,-4.50012,-0.55814,-1.57074,0.49444,0.00001,0.00000,
37.16,1,-4.44620,0.54159,-1.62286,0.52691,-0.04859,0.10105,0.02967
37.16,2,-4.14299,1.55517,-1.94159,0.55261,0.04018,0.05796,0.02657
37.18,0,-4.50012,-0.56803,-1.57074,0.49444,0.00001,0.00000,
37.18,1,-4.44672,0.53248,-1.62369,0.45234,-0.01028,0.10181,0.03956
37.18,2,-4.14682,1.54535,-1.94029,0.50992,0.11085,0.05633,0.03569
37.2,0,-4.50012,-0.57792,-1.57074,0.49444,0.00001,0.00000,
37.2,1,-4.44735,0.52324,-1.62323,0.46539,0.03698,0.10242,0.04944
37.2,2,-4.15044,1.53606,-1.93740,0.46523,0.06567,0.05544,0.04494
37.22,0,-4.50011,-0.58781,-1.57074,0.49444,0.00001,0.00000,
37.22,1,-4.44795,0.51128,-1.62171,0.62800,0.09704,0.10033,0.00989
37.22,2,-4.15391,1.52750,-1.93476,0.47038,0.33663,0.05790,0.00628
37.24,0,-4.50011,-0.59770,-1.57074,0.49444,0.00001,0.00000,
37.24,1,-4.44853,0.49929,-1.61951,0.56071,0.12346,0.09820,0.01978
37.24,2,-4.15729,1.51863,-1.92781,0.48595,0.34359,0.06013,0.01829
37.26,0,-4.50011,-0.60758,-1.57074,0.49444,0.00001,0.00000,
37.26,1,-4.44888,0.48822,-1.61832,0.54600,0.00245,0.09700,0.02967
37.26,2,-4.16083,1.50931,-1.92215,0.48339,0.33171,0.06095,0.02937
37.28,0,-4.50011,-0.61747,-1.57074,0.49444,0.00001,0.00000,
37.28,1,-4.44935,0.48025,-1.62032,0.37958,-0.16553,0.09890,0.03956
37.28,2,-4.16477,1.49890,-1.91897,0.59803,0.07033,0.05765,0.03734
37.3,0,-4.50011,-0.62736,-1.57074,0.49444,0.00001,0.00000,
37.3,1,-4.44991,0.47232,-1.62400,0.41493,-0.11642,0.10083,0.04944
37.3,2,-4.16887,1.48765,-1.91744,0.58508,0.10403,0.05350,0.04529
37.32,0,-4.50011,-0.63725,-1.57074,0.49444,0.00001,0.00000,
37.32,1,-4.45038,0.46200,-1.62005,0.55528,0.34021,0.10037,0.00989
37.32,2,-4.17266,1.47714,-1.91468,0.53977,0.15481,0.05245,0.05563
37.34,0,-4.50011,-0.64714,-1.57074,0.49444,0.00001,0.00000,
37.34,1,-4.45095,0.45116,-1.61340,0.49738,0.28115,0.09940,0.01978
37.34,2,-4.17619,1.46763,-1.91287,0.46369,0.00450,0.05295,0.06648
37.36,0,-4.50011,-0.65703,-1.57074,0.49444,0.00001,0.00000,
37.36,1,-4.45180,0.44093,-1.61367,0.53490,-0.16272,0.09902,0.02967
37.36,2,-4.17950,1.45867,-1.91046,0.48906,0.18359,0.05354,0.07674
37.38,0,-4.50011,-0.66692,-1.57074,0.49444,0.00001,0.00000,
37.38,1,-4.45234,0.43194,-1.61682,0.41633,-0.08329,0.09990,0.03956
37.38,2,-4.18282,1.44937,-1.90686,0.49252,0.15714,0.05253,0.08575
37.4,0,-4.50011,-0.67681,-1.57074,0.49444,0.00001,0.00000,
37.4,1,-4.45266,0.42326,-1.61655,0.44376,0.05541,0.10109,0.04944
37.4,2,-4.18603,1.44023,-1.90433,0.47693,0.11014,0.05134,0.09443
37.42,0,-4.50011,-0.68669,-1.57074,0.49444,0.00001,0.00000,
37.42,1,-4.45300,0.41491,-1.61555,0.44875,0.01975,0.10261,0.05933
37.42,2,-4.18910,1.43145,-1.90144,0.48342,0.10374,0.05024,0.10279
37.44,0,-4.50011,-0.69658,-1.57074,0.49444,0.00001,0.00000,
37.44,1,-4.45344,0.40506,-1.61576,0.50908,-0.02155,0.10263,0.06922
37.44,2,-4.19231,1.42212,-1.89961,0.49398,0.09425,0.05005,0.11265
37.46,0,-4.50011,-0.70647,-1.57074,0.49444,0.00001,0.00000,
37.46,1,-4.45388,0.39519,-1.61602,0.47551,-0.00379,0.10263,0.07911
37.46,2,-4.19543,1.41296,-1.89748,0.47449,0.11485,0.05007,0.12253
37.48,0,-4.50011,-0.71636,-1.57074,0.49444,0.00001,0.00000,
37.48,1,-4.45430,0.38656,-1.61618,0.38049,-0.02175,0.10387,0.08900
37.48,2,-4.19842,1.40414,-1.89517,0.46009,0.11286,0.04926,0.13117
37.5,0,-4.50011,-0.72625,-1.57074,0.49444,0.00001,0.00000,
37.5,1,-4.45468,0.37871,-1.61630,0.40403,0.00460,0.10590,0.09889
37.5,2,-4.20127,1.39600,-1.89421,0.40182,0.01223,0.04837,0.13902
37.52,0,-4.50011,-0.73614,-1.57074,0.49444,0.00001,0.00000,
37.52,1,-4.45506,0.37051,-1.61616,0.41122,0.00592,0.10757,0.10878
37.52,2,-4.20379,1.38919,-1.88982,0.24146,0.54796,0.04920,0.00412
37.54,0,-4.50011,-0.74603,-1.57074,0.49444,0.00001,0.00000,
37.54,1,-4.45543,0.36243,-1.61611,0.39837,-0.00023,0.10936,0.11867
37.54,2,-4.20548,1.38558,-1.88448,0.14399,-0.02239,0.05324,0.01221
37.56,0,-4.50011,-0.75592,-1.57074,0.49444,0.00001,0.00000,
37.56,1,-4.45578,0.35460,-1.61613,0.38712,-0.00073,0.11141,0.12856
37.56,2,-4.20682,1.38268,-1.88615,0.20714,0.14035,0.05779,0.02004
37.58,0,-4.50010,-0.76581,-1.57074,0.49444,0.00001,0.00000,
37.58,1,-4.45613,0.34698,-1.61609,0.38961,0.00030,0.11366,0.13844
37.58,2,-4.20849,1.37781,-1.87968,0.26524,0.46019,0.06015,0.02767
37.6,0,-4.50010,-0.77569,-1.57074,0.49444,0.00001,0.00000,
37.6,1,-4.45649,0.33911,-1.61610,0.39423,-0.00068,0.11565,0.14833
37.6,2,-4.21016,1.37252,-1.86795,0.27823,0.62588,0.06237,0.03556
37.62,0,-4.50010,-0.78558,-1.57074,0.49444,0.00001,0.00000,
37.62,1,-4.45684,0.32859,-1.61509,0.55659,0.02763,0.11502,0.00989
37.62,2,-4.21204,1.36552,-1.85860,0.56017,0.19691,0.06543,0.00554
37.64,0,-4.50010,-0.79547,-1.57074,0.49444,0.00001,0.00000,
37.64,1,-4.45719,0.31781,-1.61434,0.50022,0.05704,0.11411,0.01978
37.64,2,-4.21498,1.35422,-1.85431,0.53874,0.34477,0.06434,0.01634
37.66,0,-4.50010,-0.80536,-1.57074,0.49444,0.00001,0.00000,
37.66,1,-4.45762,0.30690,-1.61380,0.57142,0.00438,0.11307,0.02967
37.66,2,-4.21793,1.34386,-1.84742,0.53818,0.33636,0.06430,0.02726
37.68,0,-4.50010,-0.81525,-1.57074,0.49444,0.00001,0.00000,
37.68,1,-4.45808,0.29751,-1.61440,0.46767,-0.01184,0.11355,0.03956
37.68,2,-4.22074,1.33380,-1.84309,0.53015,0.08448,0.06312,0.03666
37.7,0,-4.50010,-0.82514,-1.57074,0.49444,0.00001,0.00000,
37.7,1,-4.45852,0.28807,-1.61418,0.47239,0.02275,0.11399,0.04944
37.7,2,-4.22347,1.32506,-1.84489,0.44968,-0.01400,0.06329,0.04610
37.72,0,-4.50010,-0.83503,-1.57074,0.49444,0.00000,0.00000,
37.72,1,-4.45892,0.27876,-1.61379,0.45995,0.01331,0.11455,0.05933
37.72,2,-4.22596,1.31664,-1.84191,0.38733,0.30148,0.06371,0.00463
37.74,0,-4.50010,-0.84492,-1.57074,0.49444,0.00000,0.00000,
37.74,1,-4.45931,0.26980,-1.61360,0.45391,0.00502,0.11546,0.06922
37.74,2,-4.22795,1.30964,-1.83639,0.37354,0.19206,0.06527,0.01360
37.76,0,-4.50010,-0.85481,-1.57074,0.49444,0.00000,0.00000,
37.76,1,-4.45970,0.26070,-1.61348,0.45780,0.00725,0.11624,0.07911
37.76,2,-4.23010,1.30174,-1.83452,0.43484,0.04450,0.06606,0.02270
37.78,0,-4.50010,-0.86469,-1.57074,0.49444,0.00000,0.00000,
37.78,1,-4.46010,0.25140,-1.61335,0.46674,0.00664,0.11681,0.08900
37.78,2,-4.23241,1.29318,-1.83353,0.44139,0.06655,0.06637,0.03202
37.8,0,-4.50010,-0.87458,-1.57074,0.49444,0.00000,0.00000,
37.8,1,-4.46049,0.24222,-1.61320,0.45155,0.00761,0.11751,0.09889
37.8,2,-4.23464,1.28491,-1.83180,0.41705,0.09642,0.06687,0.04120
37.82,0,-4.50010,-0.88447,-1.57074,0.49444,0.00000,0.00000,
37.82,1,-4.46086,0.23336,-1.61305,0.43867,0.00745,0.11852,0.10878
37.82,2,-4.23688,1.27642,-1.82933,0.51642,0.19412,0.06684,0.00441
37.84,0,-4.50010,-0.89436,-1.57074,0.49444,0.00000,0.00000,
37.84,1,-4.46123,0.22534,-1.61314,0.37627,-0.00696,0.12038,0.11867
37.84,2,-4.23964,1.26622,-1.82479,0.52767,0.15320,0.06420,0.01243
37.86,0,-4.50010,-0.90425,-1.57074,0.49444,0.00000,0.00000,
37.86,1,-4.46157,0.21759,-1.61300,0.39590,0.01367,0.12250,0.12856
37.86,2,-4.24215,1.25672,-1.82340,0.45619,0.03674,0.06205,0.02019
37.88,0,-4.50010,-0.91414,-1.57074,0.49444,0.00000,0.00000,
37.88,1,-4.46191,0.20967,-1.61274,0.39280,0.01027,0.12446,0.13844
37.88,2,-4.24430,1.24845,-1.82234,0.41363,0.07327,0.06132,0.02811
37.9,0,-4.50010,-0.92403,-1.57074,0.49444,0.00000,0.00000,
37.9,1,-4.46223,0.20213,-1.61254,0.37123,0.00948,0.12680,0.14833
37.9,2,-4.24631,1.24119,-1.82205,0.31883,-0.07533,0.06125,0.03566
37.92,0,-4.50010,-0.93392,-1.57074,0.49444,0.00000,0.00000,
37.92,1,-4.46255,0.19143,-1.61182,0.56833,-0.00645,0.12598,0.00989
37.92,2,-4.24831,1.23363,-1.82140,0.51394,0.17242,0.06399,0.00572
37.94,0,-4.50009,-0.94381,-1.57074,0.49444,0.00000,0.00000,
37.94,1,-4.46286,0.18032,-1.61170,0.51114,0.06690,0.12474,0.01978
37.94,2,-4.25054,1.22484,-1.81522,0.39017,0.39148,0.06588,0.01684
37.96,0,-4.50009,-0.95369,-1.57074,0.49444,0.00000,0.00000,
37.96,1,-4.46310,0.16966,-1.60848,0.55059,0.14259,0.12396,0.02967
37.96,2,-4.25291,1.21624,-1.81469,0.51159,-0.13933,0.06748,0.02750
37.98,0,-4.50009,-0.96358,-1.57074,0.49444,0.00000,0.00000,
37.98,1,-4.46349,0.16009,-1.60767,0.45788,-0.01095,0.12427,0.03956
37.98,2,-4.25563,1.20531,-1.81598,0.58422,0.02935,0.06568,0.03707
38.0,0,-4.50009,-0.97347,-1.57074,0.49444,0.00000,0.00000,
38.0,1,-4.46388,0.15064,-1.60798,0.48015,-0.00830,0.12470,0.04944
38.0,2,-4.25836,1.19425,-1.81389,0.54988,0.13411,0.06365,0.04653
38.02,0,-4.50009,-0.98336,-1.57074,0.49444,0.00000,0.00000,
38.02,1,-4.46426,0.13841,-1.60725,0.61393,0.06595,0.12235,0.00989
38.02,2,-4.26085,1.18462,-1.81268,0.45247,0.00373,0.06579,0.05877
38.04,0,-4.50009,-0.99325,-1.57074,0.49444,0.00000,0.00000,
38.04,1,-4.46464,0.12614,-1.60593,0.61394,0.06587,0.11995,0.01978
38.04,2,-4.26315,1.17564,-1.81117,0.47273,0.11483,0.06867,0.07105
38.06,0,-4.50009,-1.00314,-1.57074,0.49444,0.00000,0.00000,
38.06,1,-4.46501,0.11462,-1.60498,0.58464,0.01282,0.11831,0.02967
38.06,2,-4.26544,1.16638,-1.80891,0.47684,0.09937,0.07052,0.08257
38.08,0,-4.50009,-1.01303,-1.57074,0.49444,0.00000,0.00000,
38.08,1,-4.46538,0.10513,-1.60554,0.47431,-0.01756,0.11869,0.03956
38.08,2,-4.26764,1.15744,-1.80684,0.45364,0.10302,0.07073,0.09207
38.1,0,-4.50009,-1.02292,-1.57074,0.49444,0.00000,0.00000,
38.1,1,-4.46574,0.09546,-1.60547,0.48725,0.01515,0.11890,0.04944
38.1,2,-4.26987,1.14819,-1.80555,0.48687,0.04963,0.07080,0.10175
38.12,0,-4.50009,-1.03281,-1.57074,0.49444,0.00000,0.00000,
38.12,1,-4.46608,0.08582,-1.60517,0.47603,0.01071,0.11914,0.05933
38.12,2,-4.27220,1.13843,-1.80310,0.54392,0.30073,0.07032,0.00479
38.14,0,-4.50009,-1.04269,-1.57074,0.49444,0.00000,0.00000,
38.14,1,-4.46641,0.07647,-1.60506,0.46170,0.00264,0.11967,0.06922
38.14,2,-4.27472,1.12784,-1.79645,0.52474,0.26022,0.06870,0.01414
38.16,0,-4.50009,-1.05258,-1.57074,0.49444,0.00000,0.00000,
38.16,1,-4.46672,0.06733,-1.60501,0.45444,0.00324,0.12041,0.07911
38.16,2,-4.27696,1.11817,-1.79417,0.47368,0.03353,0.06783,0.02329
38.18,0,-4.50009,-1.06247,-1.57074,0.49444,0.00000,0.00000,
38.18,1,-4.46703,0.05830,-1.60493,0.44964,0.00486,0.12126,0.08900
38.18,2,-4.27900,1.10922,-1.79356,0.45300,0.05012,0.06761,0.03233
38.2,0,-4.50009,-1.07236,-1.57074,0.49444,0.00000,0.00000,
38.2,1,-4.46733,0.04938,-1.60483,0.44332,0.00460,0.12222,0.09889
38.2,2,-4.28093,1.10141,-1.79357,0.37791,0.01957,0.06842,0.04125
38.22,0,-4.50009,-1.08225,-1.57074,0.49444,0.00000,0.00000,
38.22,1,-4.46763,0.04060,-1.60475,0.43612,0.00407,0.12332,0.10878
38.22,2,-4.28277,1.09369,-1.79144,0.40816,0.14232,0.06920,0.05004
38.24,0,-4.50009,-1.09214,-1.57074,0.49444,0.00000,0.00000,
38.24,1,-4.46793,0.03196,-1.60467,0.42933,0.00395,0.12455,0.11867
38.24,2,-4.28457,1.08582,-1.78881,0.37543,0.15193,0.06970,0.05869
38.26,0,-4.50009,-1.10203,-1.57074,0.49444,0.00000,0.00000,
38.26,1,-4.46821,0.02344,-1.60459,0.42298,0.00390,0.12592,0.12856
38.26,2,-4.28631,1.07812,-1.78669,0.42887,0.04712,0.07025,0.06720
38.28,0,-4.50008,-1.11192,-1.57074,0.49444,0.00000,0.00000,
38.28,1,-4.46849,0.01554,-1.60462,0.39117,0.00150,0.12790,0.13844
38.28,2,-4.28821,1.06948,-1.78595,0.44102,0.04616,0.06925,0.07511
38.3,0,-4.50008,-1.12181,-1.57074,0.49444,0.00000,0.00000,
38.3,1,-4.46876,0.00766,-1.60451,0.39508,0.00680,0.12990,0.14833
38.3,2,-4.29002,1.06118,-1.78461,0.41078,0.07915,0.06858,0.08299
38.32,0,-4.50008,-1.13169,-1.57074,0.49444,0.00000,0.00000,
38.32,1,-4.46903,-0.00017,-1.60440,0.38810,0.00425,0.13195,0.15822
38.32,2,-4.29177,1.05312,-1.78210,0.44114,0.24129,0.06810,0.00390
38.34,0,-4.50008,-1.14158,-1.57074,0.49444,0.00000,0.00000,
38.34,1,-4.46929,-0.00783,-1.60433,0.37903,0.00283,0.13418,0.16811
38.34,2,-4.29364,1.04464,-1.77772,0.41536,0.16370,0.06703,0.01156
38.36,0,-4.50008,-1.15147,-1.57074,0.49444,0.00000,0.00000,
38.36,1,-4.46954,-0.01533,-1.60427,0.37304,0.00321,0.13655,0.17800
38.36,2,-4.29529,1.03693,-1.77562,0.37845,0.06813,0.06659,0.01907
38.38,0,-4.50008,-1.16136,-1.57074,0.49444,0.00000,0.00000,
38.38,1,-4.46979,-0.02274,-1.60420,0.36834,0.00340,0.13903,0.18789
38.38,2,-4.29680,1.02972,-1.77444,0.36360,0.06132,0.06658,0.02648
38.4,0,-4.50008,-1.17125,-1.57074,0.49444,0.00000,0.00000,
38.4,1,-4.47003,-0.03004,-1.60414,0.36303,0.00319,0.14160,0.19778
38.4,2,-4.29828,1.02259,-1.77301,0.36539,0.07842,0.06655,0.03379
38.42,0,-4.50008,-1.18114,-1.57074,0.49444,0.00000,0.00000,
38.42,1,-4.47027,-0.03724,-1.60408,0.35733,0.00301,0.14429,0.20767
38.42,2,-4.29979,1.01519,-1.77107,0.40959,0.14156,0.06615,0.00358
38.44,0,-4.50008,-1.19103,-1.57074,0.49444,0.00000,0.00000,
38.44,1,-4.47051,-0.04432,-1.60402,0.35184,0.00293,0.14709,0.21756
38.44,2,-4.30145,1.00700,-1.76824,0.40506,0.11763,0.06483,0.01067
38.46,0,-4.50008,-1.20092,-1.57074,0.49444,0.00000,0.00000,
38.46,1,-4.47073,-0.05081,-1.60405,0.32766,0.00268,0.15048,0.22744
38.46,2,-4.30292,0.99967,-1.76659,0.35186,0.06248,0.06379,0.01716
38.48,0,-4.50008,-1.21081,-1.57074,0.49444,0.00000,0.00000,
38.48,1,-4.47096,-0.05739,-1.60395,0.32873,0.00523,0.15379,0.23733
38.48,2,-4.30425,0.99304,-1.76549,0.31092,0.01677,0.06357,0.02375
38.5,0,-4.50008,-1.22069,-1.57074,0.49444,0.00000,0.00000,
38.5,1,-4.47117,-0.06388,-1.60387,0.32161,0.00289,0.15717,0.24722
38.5,2,-4.30549,0.98715,-1.76477,0.31305,0.08102,0.06402,0.03025
38.52,0,-4.50008,-1.23058,-1.57074,0.49444,0.00000,0.00000,
38.52,1,-4.47141,-0.07341,-1.60149,0.47474,0.22244,0.15753,0.00989
38.52,2,-4.30682,0.97974,-1.76234,0.51353,0.21570,0.06593,0.00508
38.54,0,-4.50008,-1.24047,-1.57074,0.49444,0.00000,0.00000,
38.54,1,-4.47171,-0.08200,-1.59692,0.43064,0.18884,0.15882,0.01978
38.54,2,-4.30845,0.97033,-1.75480,0.45781,0.41656,0.06491,0.01367
38.56,0,-4.50008,-1.25036,-1.57074,0.49444,0.00000,0.00000,
38.56,1,-4.47201,-0.09163,-1.59592,0.52909,-0.03516,0.15907,0.02967
38.56,2,-4.31016,0.96160,-1.74740,0.43768,0.21132,0.06560,0.02332
38.58,0,-4.50008,-1.26025,-1.57074,0.49444,0.00000,0.00000,
38.58,1,-4.47229,-0.10281,-1.59695,0.56757,-0.04078,0.15777,0.03956
38.58,2,-4.31195,0.95210,-1.74770,0.51048,-0.10344,0.06703,0.03450
38.6,0,-4.50007,-1.27014,-1.57074,0.49444,0.00000,0.00000,
38.6,1,-4.47256,-0.11385,-1.59719,0.53508,0.00746,0.15662,0.04944
38.6,2,-4.31367,0.94312,-1.75005,0.45017,-0.01563,0.06884,0.04554
38.62,0,-4.50007,-1.28003,-1.57074,0.49444,0.00000,0.00000,
38.62,1,-4.47283,-0.12422,-1.59693,0.50976,0.01206,0.15613,0.05933
38.62,2,-4.31530,0.93376,-1.75576,0.50523,-1.59368,0.06965,0.00513
38.64,0,-4.50007,-1.28992,-1.57074,0.49444,0.00000,0.00000,
38.64,1,-4.47310,-0.13436,-1.59681,0.50663,0.00176,0.15587,0.06922
38.64,2,-4.31702,0.92360,-1.78947,0.50008,-1.50728,0.06940,0.01527
38.66,0,-4.50007,-1.29981,-1.57074,0.49444,0.00000,0.00000,
38.66,1,-4.47336,-0.14448,-1.59680,0.50492,0.00046,0.15564,0.07911
38.66,2,-4.31894,0.91495,-1.80050,0.45428,0.17072,0.07062,0.02539
38.68,0,-4.50007,-1.30969,-1.57074,0.49444,0.00000,0.00000,
38.68,1,-4.47362,-0.15449,-1.59676,0.49693,0.00262,0.15551,0.08900
38.68,2,-4.32111,0.90524,-1.79125,0.52141,0.47687,0.07065,0.03541
38.7,0,-4.50007,-1.31958,-1.57074,0.49444,0.00000,0.00000,
38.7,1,-4.47387,-0.16365,-1.59680,0.46115,0.00268,0.15623,0.09889
38.7,2,-4.32328,0.89570,-1.78621,0.48125,0.13823,0.07001,0.04458
38.72,0,-4.50007,-1.32947,-1.57074,0.49444,0.00000,0.00000,
38.72,1,-4.47411,-0.17292,-1.59671,0.46320,0.00490,0.15685,0.10878
38.72,2,-4.32529,0.88678,-1.78472,0.43011,0.05064,0.07010,0.05384
38.74,0,-4.50007,-1.33936,-1.57074,0.49444,0.00000,0.00000,
38.74,1,-4.47435,-0.18209,-1.59664,0.45432,0.00235,0.15756,0.11867
38.74,2,-4.32715,0.87838,-1.78235,0.43173,0.16072,0.07064,0.06302
38.76,0,-4.50007,-1.34925,-1.57074,0.49444,0.00000,0.00000,
38.76,1,-4.47459,-0.19106,-1.59660,0.44429,0.00169,0.15847,0.12856
38.76,2,-4.32898,0.86994,-1.77904,0.43072,0.15590,0.07094,0.07199
38.78,0,-4.50007,-1.35914,-1.57074,0.49444,0.00000,0.00000,
38.78,1,-4.47481,-0.19986,-1.59656,0.43759,0.00214,0.15955,0.13844
38.78,2,-4.33075,0.86159,-1.77629,0.42252,0.12611,0.07119,0.08080
38.8,0,-4.50007,-1.36903,-1.57074,0.49444,0.00000,0.00000,
38.8,1,-4.47504,-0.20855,-1.59652,0.43194,0.00222,0.16075,0.14833
38.8,2,-4.33245,0.85341,-1.77384,0.41408,0.12232,0.07149,0.08949
38.82,0,-4.50007,-1.37892,-1.57074,0.49444,0.00000,0.00000,
38.82,1,-4.47528,-0.22080,-1.59568,0.68998,0.02795,0.15838,0.00989
38.82,2,-4.33417,0.84418,-1.77468,0.57939,-0.96517,0.07429,0.00679
38.84,0,-4.50007,-1.38881,-1.57074,0.49444,0.00000,0.00000,
38.84,1,-4.47558,-0.23271,-1.59467,0.58173,0.05138,0.15635,0.01978
38.84,2,-4.33599,0.83372,-1.79625,0.47814,-0.96492,0.07553,0.01870
38.86,0,-4.50007,-1.39869,-1.57074,0.49444,0.00000,0.00000,
38.86,1,-4.47586,-0.24433,-1.59416,0.57899,0.00439,0.15462,0.02967
38.86,2,-4.33807,0.82446,-1.81464,0.46709,-0.80448,0.07763,0.03032
38.88,0,-4.50007,-1.40858,-1.57074,0.49444,0.00000,0.00000,
38.88,1,-4.47612,-0.25460,-1.59444,0.49929,-0.01118,0.15423,0.03956
38.88,2,-4.34057,0.81525,-1.82039,0.46251,0.07058,0.07840,0.04059
38.9,0,-4.50007,-1.41847,-1.57074,0.49444,0.00000,0.00000,
38.9,1,-4.47637,-0.26482,-1.59440,0.51767,0.00971,0.15390,0.04944
38.9,2,-4.34311,0.80532,-1.81275,0.54268,0.47781,0.07840,0.05081
38.92,0,-4.50007,-1.42836,-1.57074,0.49444,0.00000,0.00000,
38.92,1,-4.47662,-0.27861,-1.59384,0.70198,0.04722,0.14999,0.00989
38.92,2,-4.34574,0.79508,-1.80394,0.54764,0.31327,0.08163,0.06460
38.94,0,-4.50006,-1.43825,-1.57074,0.49444,0.00000,0.00000,
38.94,1,-4.47687,-0.29173,-1.59269,0.65409,0.05771,0.14676,0.01978
38.94,2,-4.34841,0.78401,-1.80034,0.57289,0.13099,0.08338,0.07773
38.96,0,-4.50006,-1.44814,-1.57074,0.49444,0.00000,0.00000,
38.96,1,-4.47712,-0.30443,-1.59199,0.60830,0.00965,0.14394,0.02967
38.96,2,-4.35094,0.77317,-1.79710,0.54037,0.19711,0.08497,0.09043
38.98,0,-4.50006,-1.45803,-1.57074,0.49444,0.00000,0.00000,
38.98,1,-4.47736,-0.31368,-1.59229,0.45131,-0.00854,0.14457,0.03956
38.98,2,-4.35330,0.76292,-1.79268,0.51824,0.22853,0.08372,0.09968
39.0,0,-4.50006,-1.46792,-1.57074,0.49444,0.00000,0.00000,
39.0,1,-4.47758,-0.32309,-1.59222,0.48309,0.00917,0.14504,0.04944
39.0,2,-4.35557,0.75286,-1.78831,0.51528,0.20805,0.08285,0.10910
39.02,0,-4.50006,-1.47780,-1.57074,0.49444,0.00000,0.00000,
39.02,1,-4.47779,-0.33377,-1.59169,0.51889,0.03427,0.14425,0.00989
39.02,2,-4.35777,0.74331,-1.78515,0.44548,0.09825,0.08375,0.11978
39.04,0,-4.50006,-1.48769,-1.57074,0.49444,0.00000,0.00000,
39.04,1,-4.47801,-0.34422,-1.59111,0.53153,0.01645,0.14368,0.01978
39.04,2,-4.35980,0.73442,-1.78156,0.46357,0.22498,0.08510,0.13024
39.06,0,-4.50006,-1.49758,-1.57074,0.49444,0.00000,0.00000,
39.06,1,-4.47823,-0.35512,-1.59108,0.55220,-0.00564,0.14267,0.02967
39.06,2,-4.36177,0.72533,-1.77709,0.46361,0.20731,0.08671,0.14114
39.08,0,-4.50006,-1.50747,-1.57074,0.49444,0.00000,0.00000,
39.08,1,-4.47845,-0.36611,-1.59118,0.54363,-0.00228,0.14157,0.03956
39.08,2,-4.36363,0.71658,-1.77295,0.45325,0.18230,0.08876,0.15212
39.1,0,-4.50006,-1.51736,-1.57074,0.49444,0.00000,0.00000,
39.1,1,-4.47866,-0.37597,-1.59129,0.45887,-0.00542,0.14159,0.04944
39.1,2,-4.36553,0.70736,-1.76986,0.47694,0.14768,0.08923,0.16199
39.12,0,-4.50006,-1.52725,-1.57074,0.49444,0.00000,0.00000,
39.12,1,-4.47887,-0.38803,-1.59111,0.63624,0.01173,0.13941,0.00989
39.12,2,-4.36746,0.69672,-1.76534,0.71877,0.48323,0.09046,0.00636
39.14,0,-4.50006,-1.53714,-1.57074,0.49444,0.00000,0.00000,
39.14,1,-4.47907,-0.39910,-1.59066,0.56973,0.01202,0.13823,0.01978
39.14,2,-4.36953,0.68319,-1.75260,0.68124,0.64238,0.08782,0.01743
39.16,0,-4.50006,-1.54703,-1.57074,0.49444,0.00000,0.00000,
39.16,1,-4.47931,-0.41101,-1.59070,0.55826,-0.01574,0.13620,0.02967
39.16,2,-4.37166,0.67024,-1.73983,0.62934,0.52998,0.08660,0.02935
39.18,0,-4.50006,-1.55692,-1.57074,0.49444,0.00000,0.00000,
39.18,1,-4.47955,-0.42061,-1.59118,0.47715,-0.02034,0.13649,0.03956
39.18,2,-4.37420,0.65753,-1.73555,0.60750,-0.04131,0.08328,0.03895
39.2,0,-4.50006,-1.56680,-1.57074,0.49444,0.00000,0.00000,
39.2,1,-4.47976,-0.43025,-1.59130,0.48503,0.00458,0.13674,0.04944
39.2,2,-4.37625,0.64703,-1.73682,0.53854,0.06316,0.08224,0.04859
39.22,0,-4.50006,-1.57669,-1.57074,0.49444,0.00000,0.00000,
39.22,1,-4.47995,-0.44302,-1.59016,0.62984,0.14349,0.13385,0.00989
39.22,2,-4.37802,0.63629,-1.73354,0.54621,0.20368,0.08411,0.06136
39.24,0,-4.50006,-1.58658,-1.57074,0.49444,0.00000,0.00000,
39.24,1,-4.48015,-0.45562,-1.58731,0.62985,0.14409,0.13114,0.01978
39.24,2,-4.37972,0.62576,-1.72965,0.51962,0.18125,0.08603,0.07396
39.26,0,-4.50006,-1.59647,-1.57074,0.49444,0.00000,0.00000,
39.26,1,-4.48054,-0.46805,-1.58428,0.60332,0.12866,0.12859,0.02967
39.26,2,-4.38145,0.61500,-1.72717,0.55899,0.09703,0.08757,0.08639
39.28,0,-4.50005,-1.60636,-1.57074,0.49444,0.00000,0.00000,
39.28,1,-4.48077,-0.47792,-1.58320,0.45579,0.01628,0.12861,0.03956
39.28,2,-4.38319,0.60400,-1.72513,0.54940,0.11300,0.08631,0.09627
39.3,0,-4.50005,-1.61625,-1.57074,0.49444,0.00000,0.00000,
39.3,1,-4.48086,-0.48723,-1.58350,0.47301,-0.02896,0.12918,0.04944
39.3,2,-4.38484,0.59340,-1.72266,0.52689,0.12710,0.08489,0.10558
39.32,0,-4.50005,-1.62614,-1.57074,0.49444,0.00000,0.00000,
39.32,1,-4.48093,-0.49907,-1.58366,0.61541,-0.00059,0.12723,0.00989
39.32,2,-4.38641,0.58311,-1.72019,0.51697,0.11913,0.08629,0.11741
39.34,0,-4.50005,-1.63603,-1.57074,0.49444,0.00000,0.00000,
39.34,1,-4.48101,-0.51108,-1.58368,0.54788,-0.01138,0.12510,0.01978
39.34,2,-4.38790,0.57406,-1.71893,0.45750,0.09505,0.08913,0.12943
39.36,0,-4.50005,-1.64592,-1.57074,0.49444,0.00000,0.00000,
39.36,1,-4.48120,-0.52210,-1.58547,0.52411,-0.09667,0.12397,0.02967
39.36,2,-4.38932,0.56480,-1.71635,0.47280,0.13869,0.09078,0.14045
39.38,0,-4.50005,-1.65580,-1.57074,0.49444,0.00000,0.00000,
39.38,1,-4.48137,-0.53096,-1.58675,0.44330,-0.04246,0.12500,0.03956
39.38,2,-4.39069,0.55563,-1.71374,0.43263,0.14951,0.09037,0.14931
39.4,0,-4.50005,-1.66569,-1.57074,0.49444,0.00000,0.00000,
39.4,1,-4.48155,-0.53998,-1.58741,0.45965,-0.01579,0.12587,0.04944
39.4,2,-4.39201,0.54653,-1.71157,0.47717,0.08583,0.09019,0.15833
39.42,0,-4.50005,-1.67558,-1.57074,0.49444,0.00000,0.00000,
39.42,1,-4.48170,-0.55182,-1.58696,0.60696,0.03918,0.12391,0.00989
39.42,2,-4.39339,0.53569,-1.70871,0.71246,0.35730,0.09109,0.00613
39.44,0,-4.50005,-1.68547,-1.57074,0.49444,0.00000,0.00000,
39.44,1,-4.48185,-0.56396,-1.58618,0.60696,0.03932,0.12166,0.01978
39.44,2,-4.39483,0.52227,-1.69896,0.67167,0.49147,0.08970,0.01827
39.46,0,-4.50005,-1.69536,-1.57074,0.49444,0.00000,0.00000,
39.46,1,-4.48207,-0.57558,-1.58529,0.55258,0.03510,0.11992,0.02967
39.46,2,-4.39647,0.50940,-1.69054,0.64708,0.26542,0.08836,0.02989
39.48,0,-4.50005,-1.70525,-1.57074,0.49444,0.00000,0.00000,
39.48,1,-4.48223,-0.58484,-1.58524,0.43039,-0.01042,0.12055,0.03956
39.48,2,-4.39823,0.49652,-1.68889,0.64253,-0.01101,0.08462,0.03915
39.5,0,-4.50005,-1.71514,-1.57074,0.49444,0.00000,0.00000,
39.5,1,-4.48235,-0.59396,-1.58544,0.47097,-0.00725,0.12132,0.04944
39.5,2,-4.39966,0.48595,-1.69053,0.51540,-0.01148,0.08307,0.04827
39.52,0,-4.50005,-1.72503,-1.57074,0.49444,0.00000,0.00000,
39.52,1,-4.48247,-0.60520,-1.58263,0.56380,0.23414,0.11997,0.00989
39.52,2,-4.40096,0.47511,-1.68841,0.59769,0.19039,0.08338,0.00564
39.54,0,-4.50005,-1.73492,-1.57074,0.49444,0.00000,0.00000,
39.54,1,-4.48269,-0.61648,-1.57807,0.56440,0.21473,0.11857,0.01978
39.54,2,-4.40240,0.46343,-1.68433,0.61175,0.13489,0.08289,0.01692
39.56,0,-4.50005,-1.74480,-1.57074,0.49444,0.00000,0.00000,
39.56,1,-4.48312,-0.62751,-1.57521,0.53558,0.04146,0.11742,0.02967
39.56,2,-4.40381,0.45126,-1.68305,0.60021,0.03642,0.08167,0.02796
39.58,0,-4.50005,-1.75469,-1.57074,0.49444,0.00000,0.00000,
39.58,1,-4.48316,-0.63757,-1.57612,0.45114,-0.08238,0.11725,0.03956
39.58,2,-4.40511,0.43985,-1.68203,0.55530,0.06899,0.08024,0.03802
39.6,0,-4.50004,-1.76458,-1.57074,0.49444,0.00000,0.00000,
39.6,1,-4.48314,-0.64683,-1.57737,0.47310,-0.03887,0.11788,0.04944
39.6,2,-4.40632,0.42911,-1.68048,0.49693,0.04246,0.07868,0.04728
39.62,0,-4.50004,-1.77447,-1.57074,0.49444,0.00000,0.00000,
39.62,1,-4.48312,-0.65990,-1.57671,0.68760,0.10206,0.11470,0.00989
39.62,2,-4.40745,0.41972,-1.67960,0.48743,0.07804,0.08227,0.06034
39.64,0,-4.50004,-1.78436,-1.57074,0.49444,0.00000,0.00000,
39.64,1,-4.48315,-0.67199,-1.57457,0.59185,0.11717,0.11250,0.01978
39.64,2,-4.40856,0.40981,-1.67775,0.50190,0.09199,0.08437,0.07243
39.66,0,-4.50004,-1.79425,-1.57074,0.49444,0.00000,0.00000,
39.66,1,-4.48348,-0.68340,-1.57230,0.47806,0.08952,0.11097,0.02967
39.66,2,-4.40964,0.39997,-1.67617,0.48764,0.06930,0.08588,0.08385
39.68,0,-4.50004,-1.80414,-1.57074,0.49444,0.00000,0.00000,
39.68,1,-4.48350,-0.69127,-1.56983,0.39279,0.19052,0.11299,0.03956
39.68,2,-4.41063,0.39065,-1.67467,0.46898,0.07302,0.08438,0.09172
39.7,0,-4.50004,-1.81403,-1.57074,0.49444,0.00000,0.00000,
39.7,1,-4.48329,-0.69915,-1.56686,0.37335,0.05154,0.11501,0.04944
39.7,2,-4.41165,0.38088,-1.67346,0.50216,0.05660,0.08240,0.09959
39.72,0,-4.50004,-1.82392,-1.57074,0.49444,0.00000,0.00000,
39.72,1,-4.48324,-0.70815,-1.56790,0.50848,-0.09827,0.11589,0.05933
39.72,2,-4.41267,0.37098,-1.67227,0.48933,0.06247,0.08143,0.10859
39.74,0,-4.50004,-1.83380,-1.57074,0.49444,0.00000,0.00000,
39.74,1,-4.48323,-0.71856,-1.56950,0.51101,-0.05388,0.11537,0.06922
39.74,2,-4.41364,0.36148,-1.67099,0.46912,0.06367,0.08228,0.11900
39.76,0,-4.50004,-1.84369,-1.57074,0.49444,0.00000,0.00000,
39.76,1,-4.48323,-0.72819,-1.57012,0.45906,-0.02172,0.11563,0.07911
39.76,2,-4.41456,0.35272,-1.67015,0.39680,0.01189,0.08309,0.12863
39.78,0,-4.50004,-1.85358,-1.57074,0.49444,0.00000,0.00000,
39.78,1,-4.48323,-0.73711,-1.57063,0.44151,-0.03115,0.11660,0.08900
39.78,2,-4.41542,0.34457,-1.66919,0.41996,0.07026,0.08380,0.13755
39.8,0,-4.50004,-1.86347,-1.57074,0.49444,0.00000,0.00000,
39.8,1,-4.48323,-0.74599,-1.57134,0.44617,-0.03709,0.11761,0.09889
39.8,2,-4.41627,0.33614,-1.66773,0.42207,0.06759,0.08420,0.14643
39.82,0,-4.50004,-1.87336,-1.57074,0.49444,0.00000,0.00000,
39.82,1,-4.48323,-0.75491,-1.57206,0.44448,-0.03378,0.11858,0.10878
39.82,2,-4.41708,0.32738,-1.66567,0.53106,0.19346,0.08431,0.00446
39.84,0,-4.50004,-1.88325,-1.57074,0.49444,0.00000,0.00000,
39.84,1,-4.48324,-0.76309,-1.57271,0.41118,-0.03150,0.12028,0.11867
39.84,2,-4.41792,0.31646,-1.66210,0.53455,0.17962,0.08152,0.01264
39.86,0,-4.50004,-1.89314,-1.57074,0.49444,0.00000,0.00000,
39.86,1,-4.48326,-0.77133,-1.57332,0.41126,-0.02997,0.12193,0.12856
39.86,2,-4.41876,0.30622,-1.66001,0.48784,0.04826,0.07948,0.02088
39.88,0,-4.50004,-1.90303,-1.57074,0.49444,0.00000,0.00000,
39.88,1,-4.48328,-0.77948,-1.57391,0.40317,-0.02916,0.12368,0.13844
39.88,2,-4.41958,0.29706,-1.65941,0.44346,0.03217,0.07842,0.02902
39.9,0,-4.50004,-1.91292,-1.57074,0.49444,0.00000,0.00000,
39.9,1,-4.48330,-0.78744,-1.57449,0.39477,-0.02846,0.12560,0.14833
39.9,2,-4.42034,0.28981,-1.65951,0.33982,0.00423,0.07909,0.03699
39.92,0,-4.50004,-1.92280,-1.57074,0.49444,0.00000,0.00000,
39.92,1,-4.48334,-0.79891,-1.57495,0.64955,-0.05036,0.12402,0.00989
39.92,2,-4.42110,0.28274,-1.66055,0.37029,-0.03554,0.08344,0.04846
39.94,0,-4.50003,-1.93269,-1.57074,0.49444,0.00000,0.00000,
39.94,1,-4.48340,-0.81022,-1.57461,0.54063,0.06317,0.12259,0.01978
39.94,2,-4.42177,0.27543,-1.65968,0.33999,0.11574,0.08740,0.05977
39.96,0,-4.50003,-1.94258,-1.57074,0.49444,0.00000,0.00000,
39.96,1,-4.48346,-0.82119,-1.57445,0.55341,-0.03040,0.12151,0.02967
39.96,2,-4.42246,0.26761,-1.65774,0.43397,0.06645,0.09051,0.07074
39.98,0,-4.50003,-1.95247,-1.57074,0.49444,0.00000,0.00000,
39.98,1,-4.48350,-0.83022,-1.57533,0.44709,-0.04301,0.12237,0.03956
39.98,2,-4.42322,0.25882,-1.65680,0.43300,0.04046,0.09071,0.07977
40.0,0,-4.50003,-1.96236,-1.57074,0.49444,0.00000,0.00000,
40.0,1,-4.48355,-0.83935,-1.57593,0.46521,-0.02072,0.12313,0.04944
40.0,2,-4.42393,0.25064,-1.65587,0.39391,0.05253,0.09162,0.08890
40.02,0,-4.50003,-1.97225,-1.57074,0.49444,0.00000,0.00000,
40.02,1,-4.48359,-0.84873,-1.57627,0.46811,-0.01631,0.12364,0.05933
40.02,2,-4.42458,0.24333,-1.65502,0.29857,-0.00472,0.09366,0.09828
40.04,0,-4.50003,-1.98214,-1.57074,0.49444,0.00000,0.00000,
40.04,1,-4.48364,-0.85780,-1.57663,0.47042,-0.02066,0.12446,0.06922
40.04,2,-4.42518,0.23702,-1.65439,0.33328,0.05720,0.09638,0.10734
40.06,0,-4.50003,-1.99203,-1.57074,0.49444,0.00000,0.00000,
40.06,1,-4.48370,-0.86745,-1.57707,0.48400,-0.02142,0.12470,0.07911
40.06,2,-4.42578,0.23020,-1.65308,0.34420,0.06363,0.09917,0.11699
40.08,0,-4.50003,-2.00192,-1.57074,0.49444,0.00000,0.00000,
40.08,1,-4.48376,-0.87691,-1.57747,0.46308,-0.01931,0.12512,0.08900
40.08,2,-4.42633,0.22375,-1.65172,0.34490,0.05025,0.10216,0.12646
40.1,0,-4.50003,-2.01180,-1.57074,0.49444,0.00000,0.00000,
40.1,1,-4.48382,-0.88598,-1.57784,0.44770,-0.01829,0.12594,0.09889
40.1,2,-4.42693,0.21637,-1.65101,0.37824,0.03231,0.10382,0.13553
40.12,0,-4.50003,-2.02169,-1.57074,0.49444,0.00000,0.00000,
40.12,1,-4.48388,-0.89539,-1.57792,0.44052,0.00435,0.12641,0.00989
40.12,2,-4.42752,0.20771,-1.64945,0.59227,0.22135,0.10454,0.00450
40.14,0,-4.50003,-2.03158,-1.57074,0.49444,0.00000,0.00000,
40.14,1,-4.48394,-0.90457,-1.57800,0.48562,-0.01262,0.12712,0.01978
40.14,2,-4.42811,0.19646,-1.64536,0.54943,0.20511,0.10244,0.01368
40.16,0,-4.50003,-2.04147,-1.57074,0.49444,0.00000,0.00000,
40.16,1,-4.48402,-0.91482,-1.57836,0.52459,-0.01918,0.12677,0.02967
40.16,2,-4.42874,0.18577,-1.64134,0.51028,0.17122,0.10198,0.02392
40.18,0,-4.50003,-2.05136,-1.57074,0.49444,0.00000,0.00000,
40.18,1,-4.48409,-0.92519,-1.57870,0.50903,-0.01500,0.12628,0.03956
40.18,2,-4.42948,0.17563,-1.64034,0.42521,-0.06017,0.10218,0.03430
40.2,0,-4.50003,-2.06125,-1.57074,0.49444,0.00000,0.00000,
40.2,1,-4.48417,-0.93510,-1.57897,0.48624,-0.01307,0.12626,0.04944
40.2,2,-4.43015,0.16740,-1.64095,0.42745,0.02203,0.10382,0.04421
40.22,0,-4.50003,-2.07114,-1.57074,0.49444,0.00000,0.00000,
40.22,1,-4.48425,-0.94781,-1.57906,0.66399,0.00071,0.12344,0.00989
40.22,2,-4.43078,0.15875,-1.63977,0.41752,0.07955,0.10785,0.05692
40.24,0,-4.50003,-2.08103,-1.57074,0.49444,0.00000,0.00000,
40.24,1,-4.48433,-0.96074,-1.57901,0.63905,0.00269,0.12040,0.01978
40.24,2,-4.43138,0.15028,-1.63846,0.45497,0.03688,0.11228,0.06985
40.26,0,-4.50003,-2.09092,-1.57074,0.49444,0.00000,0.00000,
40.26,1,-4.48442,-0.97279,-1.57907,0.59524,-0.01024,0.11823,0.02967
40.26,2,-4.43202,0.14097,-1.63799,0.46524,0.02128,0.11499,0.08190
40.28,0,-4.50002,-2.10080,-1.57074,0.49444,0.00000,0.00000,
40.28,1,-4.48451,-0.98179,-1.57944,0.43831,-0.01528,0.11912,0.03956
40.28,2,-4.43262,0.13199,-1.63742,0.43645,0.03485,0.11499,0.09090
40.3,0,-4.50002,-2.11069,-1.57074,0.49444,0.00000,0.00000,
40.3,1,-4.48462,-0.99085,-1.58053,0.46252,-0.07447,0.11994,0.04944
40.3,2,-4.43319,0.12349,-1.63667,0.42110,0.03715,0.11553,0.09996
40.32,0,-4.50002,-2.12058,-1.57074,0.49444,0.00000,0.00000,
40.32,1,-4.48471,-1.00290,-1.57990,0.57437,0.12239,0.11778,0.00989
40.32,2,-4.43374,0.11511,-1.63598,0.41980,0.03287,0.11917,0.11201
40.34,0,-4.50002,-2.13047,-1.57074,0.49444,0.00000,0.00000,
40.34,1,-4.48484,-1.01407,-1.57752,0.55889,0.11153,0.11651,0.01978
40.34,2,-4.43429,0.10682,-1.63539,0.38268,0.01066,0.12203,0.12318
40.36,0,-4.50002,-2.14036,-1.57074,0.49444,0.00000,0.00000,
40.36,1,-4.48526,-1.02471,-1.57608,0.43091,0.04557,0.11575,0.02967
40.36,2,-4.43480,0.09963,-1.63513,0.36853,0.03080,0.12546,0.13382
40.38,0,-4.50002,-2.15025,-1.57074,0.49444,0.00000,0.00000,
40.38,1,-4.48534,-1.03312,-1.57551,0.43944,0.01224,0.11722,0.03956
40.38,2,-4.43530,0.09217,-1.63434,0.37478,0.03969,0.12640,0.14223
40.4,0,-4.50002,-2.16014,-1.57074,0.49444,0.00000,0.00000,
40.4,1,-4.48526,-1.04169,-1.57592,0.45748,-0.03435,0.11855,0.04944
40.4,2,-4.43577,0.08478,-1.63367,0.36480,0.02876,0.12756,0.15080
40.42,0,-4.50002,-2.17003,-1.57074,0.49444,0.00000,0.00000,
40.42,1,-4.48525,-1.05174,-1.57648,0.51932,-0.02159,0.11839,0.05933
40.42,2,-4.43622,0.07698,-1.63252,0.40276,0.17835,0.12979,0.00516
40.44,0,-4.50002,-2.17992,-1.57074,0.49444,0.00000,0.00000,
40.44,1,-4.48529,-1.06172,-1.57681,0.48218,-0.01416,0.11829,0.06922
40.44,2,-4.43667,0.06931,-1.63280,0.38440,-0.01388,0.13208,0.01515
40.46,0,-4.50002,-2.18980,-1.57074,0.49444,0.00000,0.00000,
40.46,1,-4.48535,-1.07125,-1.57711,0.47182,-0.01561,0.11865,0.07911
40.46,2,-4.43717,0.06167,-1.63340,0.43758,-0.03567,0.13395,0.02467
40.48,0,-4.50002,-2.19969,-1.57074,0.49444,0.00000,0.00000,
40.48,1,-4.48541,-1.08060,-1.57744,0.46485,-0.01646,0.11919,0.08900
40.48,2,-4.43786,0.05095,-1.63341,0.58919,0.03153,0.13255,0.03403
40.5,0,-4.50017,-2.20501,-1.56508,0.16407,0.22974,0.00000,
40.5,1,-4.48547,-1.08910,-1.57780,0.39782,-0.01849,0.11600,0.09431
40.5,2,-4.43859,0.03932,-1.63239,0.55953,0.05663,0.12939,0.04252
40.52,0,-4.50048,-2.20698,-1.56088,0.06110,0.19070,0.00000,
40.52,1,-4.48553,-1.09729,-1.57811,0.41681,-0.01376,0.10979,0.09629
40.52,2,-4.43924,0.02966,-1.63122,0.35626,0.07582,0.12789,0.00414
40.54,0,-4.50084,-2.20791,-1.55722,0.04259,0.18412,0.00000,
40.54,1,-4.48559,-1.10563,-1.57838,0.41377,-0.01339,0.10239,0.09722
40.54,2,-4.43972,0.02460,-1.63069,0.16652,-0.06826,0.13116,0.01248
40.56,0,-4.50102,-2.20793,-1.54850,-0.09292,1.45267,0.00000,
40.56,1,-4.48565,-1.11372,-1.57865,0.38528,-0.01297,0.09431,0.09724
40.56,2,-4.44019,0.02219,-1.63258,0.11485,-0.09841,0.13682,0.02058
40.58,0,-4.50111,-2.20571,-1.49703,-0.04743,2.89550,0.00000,
40.58,1,-4.48572,-1.12160,-1.57892,0.41245,-0.01391,0.08422,0.09503
40.58,2,-4.44058,0.01968,-1.63555,0.19659,-0.12622,0.14218,0.02846
40.6,0,-4.50027,-2.20642,-1.44899,0.06529,1.99841,0.00000,
40.6,1,-4.48578,-1.12999,-1.57919,0.41859,-0.01342,0.07652,0.09572
40.6,2,-4.44095,0.01450,-1.63527,0.28262,0.09614,0.14537,0.03685
40.62,0,-4.49857,-2.20766,-1.40943,0.09517,1.82259,0.00000,
40.62,1,-4.48585,-1.13817,-1.57945,0.39999,-0.01247,0.06956,0.09697
40.62,2,-4.44132,0.00886,-1.63335,0.28262,0.09638,0.14789,0.04502
40.64,0,-4.49677,-2.21017,-1.37162,0.17080,1.83657,0.00000,
40.64,1,-4.48592,-1.14602,-1.57969,0.38824,-0.01203,0.06421,0.09953
40.64,2,-4.44180,0.00311,-1.63214,0.30993,-0.01592,0.14997,0.05287
40.66,0,-4.49578,-2.21439,-1.33606,0.24956,1.79326,0.00000,
40.66,1,-4.48599,-1.15374,-1.57993,0.38510,-0.01173,0.06070,0.10379
40.66,2,-4.44231,-0.00417,-1.63266,0.42627,-0.01110,0.15040,0.06060
40.68,0,-4.49459,-2.21966,-1.29859,0.27935,1.93696,0.00000,
40.68,1,-4.48606,-1.16043,-1.58022,0.34059,-0.01197,0.05926,0.10910
40.68,2,-4.44285,-0.01332,-1.63216,0.45875,0.05297,0.14792,0.06729
40.7,0,-4.49313,-2.22504,-1.25934,0.28422,1.96941,0.00000,
40.7,1,-4.48612,-1.16738,-1.58042,0.34900,-0.00930,0.05768,0.11455
40.7,2,-4.44338,-0.02236,-1.63108,0.44057,0.05015,0.14581,0.07423
40.72,0,-4.49133,-2.23064,-1.22046,0.31126,1.93685,0.00000,
40.72,1,-4.48619,-1.17427,-1.58061,0.33963,-0.01003,0.05638,0.12026
40.72,2,-4.44388,-0.03083,-1.63020,0.41386,0.04042,0.14422,0.08112
40.74,0,-4.48915,-2.23664,-1.18220,0.32614,1.90205,0.00000,
40.74,1,-4.48625,-1.18074,-1.58080,0.33639,-0.00994,0.05590,0.12641
40.74,2,-4.44435,-0.03900,-1.62940,0.40821,0.03987,0.14251,0.08760
40.76,0,-4.48658,-2.24294,-1.14388,0.34797,1.92317,0.00000,
40.76,1,-4.48633,-1.18789,-1.58101,0.36529,-0.01070,0.05505,0.13292
40.76,2,-4.44483,-0.04673,-1.62880,0.34971,0.01497,0.14191,0.09474
40.78,0,-4.48370,-2.24927,-1.10574,0.35675,1.91543,0.00000,
40.78,1,-4.48640,-1.19505,-1.58121,0.34904,-0.00948,0.05423,0.13954
40.78,2,-4.44527,-0.05393,-1.62812,0.36857,0.04571,0.14186,0.10191
40.8,0,-4.48041,-2.25589,-1.06715,0.37726,1.93436,0.00000,
40.8,1,-4.48647,-1.20182,-1.58139,0.33190,-0.00889,0.05409,0.14651
40.8,2,-4.44571,-0.06132,-1.62719,0.36777,0.04335,0.14123,0.10868
40.82,0,-4.47674,-2.26260,-1.02853,0.38553,1.92709,0.00000,
40.82,1,-4.48654,-1.20840,-1.58157,0.32812,-0.00876,0.05425,0.15368
40.82,2,-4.44611,-0.06846,-1.62640,0.33216,0.04476,0.14066,0.11526
40.84,0,-4.47276,-2.26928,-0.99005,0.39150,1.92228,0.00000,
40.84,1,-4.48661,-1.21417,-1.58180,0.28914,-0.00963,0.05520,0.16091
40.84,2,-4.44651,-0.07553,-1.62568,0.36958,0.03109,0.13934,0.12103
40.86,0,-4.46847,-2.27583,-0.95214,0.39603,1.88695,0.00000,
40.86,1,-4.48668,-1.22009,-1.58195,0.29856,-0.00651,0.05589,0.16812
40.86,2,-4.44692,-0.08299,-1.62507,0.37142,0.03189,0.13779,0.12695
40.88,0,-4.46370,-2.28257,-0.91370,0.42367,1.93866,0.00000,
40.88,1,-4.48674,-1.22599,-1.58209,0.29045,-0.00735,0.05683,0.17567
40.88,2,-4.44731,-0.09022,-1.62440,0.35444,0.03352,0.13645,0.13285
40.9,0,-4.45847,-2.28940,-0.87493,0.43369,1.93416,0.00000,
40.9,1,-4.48681,-1.23169,-1.58224,0.28126,-0.00779,0.05809,0.18348
40.9,2,-4.44769,-0.09718,-1.62375,0.34501,0.03198,0.13518,0.13855
40.92,0,-4.45294,-2.29602,-0.83716,0.43673,1.88582,0.00000,
40.92,1,-4.48681,-1.23882,-1.57576,0.38049,0.35156,0.05775,0.00863
40.92,2,-4.44805,-0.10434,-1.62269,0.33856,0.12807,0.13514,0.00372
40.94,0,-4.44692,-2.30272,-0.79871,0.45834,1.93981,0.00000,
40.94,1,-4.48702,-1.24657,-1.57332,0.40222,-0.00702,0.05692,0.01763
40.94,2,-4.44833,-0.11028,-1.62036,0.31231,0.04775,0.13694,0.01147
40.96,0,-4.44048,-2.30939,-0.75992,0.46595,1.93429,0.00000,
40.96,1,-4.48702,-1.25530,-1.57369,0.44978,0.00472,0.05511,0.02689
40.96,2,-4.44867,-0.11767,-1.62032,0.41139,-0.00861,0.13828,0.02020
40.98,0,-4.43373,-2.31586,-0.72139,0.46869,1.92206,0.00000,
40.98,1,-4.48700,-1.26406,-1.57275,0.42324,0.07139,0.05315,0.03622
40.98,2,-4.44909,-0.12621,-1.62009,0.42680,0.02843,0.13848,0.02896
41.0,0,-4.42669,-2.32211,-0.68297,0.47258,1.92069,0.00000,
41.0,1,-4.48699,-1.27201,-1.57123,0.33457,0.07430,0.05183,0.04560
41.0,2,-4.44949,-0.13438,-1.61934,0.39327,0.03990,0.13825,0.03691
41.02,0,-4.41938,-2.32807,-0.65067,0.47275,1.31764,0.00000,
41.02,1,-4.48699,-1.27846,-1.56995,0.33841,0.05636,0.05178,0.05498
41.02,2,-4.44987,-0.14200,-1.61864,0.37643,0.03069,0.13707,0.04337
41.04,0,-4.41181,-2.33386,-0.62745,0.47614,1.10632,0.00000,
41.04,1,-4.48699,-1.28549,-1.56889,0.35589,0.05221,0.05106,0.06445
41.04,2,-4.45023,-0.14952,-1.61808,0.37706,0.02662,0.13656,0.05039
41.06,0,-4.40417,-2.33940,-0.60468,0.46906,1.16982,0.00000,
41.06,1,-4.48698,-1.29219,-1.56783,0.33975,0.05346,0.05049,0.07381
41.06,2,-4.45058,-0.15705,-1.61754,0.37567,0.02734,0.13572,0.05709
41.08,0,-4.39646,-2.34475,-0.58121,0.47026,1.15855,0.00000,
41.08,1,-4.48696,-1.29966,-1.56677,0.38942,0.05238,0.04899,0.08311
41.08,2,-4.45093,-0.16448,-1.61699,0.36886,0.02710,0.13575,0.06457
41.1,0,-4.38856,-2.34995,-0.55886,0.47484,1.08297,0.00000,
41.1,1,-4.48692,-1.30732,-1.56574,0.37170,0.05037,0.04726,0.09248
41.1,2,-4.45127,-0.17177,-1.61647,0.36183,0.02580,0.13611,0.07222
41.12,0,-4.38050,-2.35502,-0.53779,0.47659,1.03462,0.00000,
41.12,1,-4.48700,-1.31484,-1.55314,0.34868,0.85181,0.04562,0.00952
41.12,2,-4.45159,-0.17925,-1.61563,0.35313,0.09798,0.13614,0.00351
41.14,0,-4.37232,-2.35991,-0.51745,0.47701,1.00324,0.00000,
41.14,1,-4.48675,-1.32190,-1.53960,0.37233,0.41030,0.04430,0.01906
41.14,2,-4.45185,-0.18540,-1.61348,0.31881,0.08154,0.13704,0.01058
41.16,0,-4.36402,-2.36464,-0.49777,0.47806,0.96657,0.00000,
41.16,1,-4.48653,-1.33005,-1.53722,0.42936,-0.01704,0.04182,0.02861
41.16,2,-4.45215,-0.19293,-1.61284,0.42045,0.00442,0.13763,0.01872
41.18,0,-4.35604,-2.36912,-0.47977,0.45394,0.92870,0.00000,
41.18,1,-4.48629,-1.33869,-1.53697,0.42634,0.07095,0.03863,0.03775
41.18,2,-4.45251,-0.20172,-1.61277,0.44102,0.00993,0.13747,0.02736
41.2,0,-4.34794,-2.37339,-0.46096,0.46042,0.92450,0.00000,
41.2,1,-4.48603,-1.34693,-1.53431,0.40210,0.16173,0.03570,0.04689
41.2,2,-4.45286,-0.21011,-1.61234,0.39834,0.02958,0.13731,0.03561
41.22,0,-4.33968,-2.37751,-0.44332,0.46255,0.85021,0.00000,
41.22,1,-4.48568,-1.35604,-1.52204,0.48295,0.75497,0.03185,0.00924
41.22,2,-4.45320,-0.21876,-1.61147,0.47078,0.10492,0.13775,0.00479
41.24,0,-4.33133,-2.38148,-0.42674,0.46152,0.81765,0.00000,
41.24,1,-4.48525,-1.36498,-1.51286,0.45297,0.20148,0.02809,0.01848
41.24,2,-4.45359,-0.22858,-1.60925,0.51887,0.07443,0.13684,0.01373
41.26,0,-4.32304,-2.38527,-0.41020,0.47054,0.81209,0.00000,
41.26,1,-4.48474,-1.37389,-1.51158,0.43623,0.03407,0.02422,0.02759
41.26,2,-4.45400,-0.23897,-1.60869,0.52522,0.00114,0.13534,0.02266
41.28,0,-4.31408,-2.38918,-0.39459,0.49715,0.75671,0.00000,
41.28,1,-4.48425,-1.38155,-1.50954,0.36246,0.14014,0.02189,0.03736
41.28,2,-4.45440,-0.24942,-1.60870,0.51597,0.00653,0.13253,0.03034
41.3,0,-4.30493,-2.39300,-0.37983,0.49220,0.72683,0.00000,
41.3,1,-4.48378,-1.38897,-1.50638,0.37788,0.16438,0.01983,0.04727
41.3,2,-4.45478,-0.25949,-1.60835,0.49445,0.02331,0.12986,0.03777
41.32,0,-4.29588,-2.39661,-0.36551,0.48420,0.70688,0.00000,
41.32,1,-4.48328,-1.39652,-1.50324,0.37544,0.14896,0.01750,0.05701
41.32,2,-4.45514,-0.26859,-1.60764,0.36504,0.06543,0.12828,0.00377
41.34,0,-4.28685,-2.40006,-0.35165,0.48392,0.68055,0.00000,
41.34,1,-4.48279,-1.40388,-1.50040,0.36388,0.13857,0.01527,0.06667
41.34,2,-4.45543,-0.27311,-1.60678,0.19097,0.03333,0.13111,0.01115
41.36,0,-4.27774,-2.40341,-0.33834,0.48662,0.65320,0.00000,
41.36,1,-4.48228,-1.41105,-1.49764,0.35634,0.13746,0.01322,0.07636
41.36,2,-4.45573,-0.27723,-1.60677,0.24841,-0.04006,0.13413,0.01834
41.38,0,-4.26854,-2.40665,-0.32556,0.48804,0.62794,0.00000,
41.38,1,-4.48176,-1.41811,-1.49492,0.35241,0.13440,0.01127,0.08609
41.38,2,-4.45599,-0.28384,-1.60721,0.36518,0.00928,0.13457,0.02542
41.4,0,-4.25929,-2.40977,-0.31326,0.48821,0.60479,0.00000,
41.4,1,-4.48123,-1.42510,-1.49229,0.34799,0.12902,0.00938,0.09583
41.4,2,-4.45627,-0.29136,-1.60648,0.43047,0.03640,0.13401,0.03242
41.42,0,-4.25000,-2.41278,-0.30141,0.48833,0.58230,0.00000,
41.42,1,-4.48066,-1.43372,-1.50384,0.44762,-0.99629,0.00586,0.00977
41.42,2,-4.45661,-0.30025,-1.60518,0.41589,-0.07381,0.13373,0.00449
41.44,0,-4.24067,-2.41568,-0.29001,0.48876,0.56039,0.00000,
41.44,1,-4.48012,-1.44213,-1.51098,0.39765,0.23302,0.00256,0.01954
41.44,2,-4.45703,-0.30850,-1.60908,0.43214,-0.15205,0.13387,0.01292
41.46,0,-4.23129,-2.41848,-0.27903,0.48924,0.53937,0.00000,
41.46,1,-4.47963,-1.44965,-1.50005,0.37104,0.60145,0.00015,0.02932
41.46,2,-4.45742,-0.31780,-1.60951,0.48611,0.06339,0.13207,0.02045
41.48,0,-4.22188,-2.42117,-0.26847,0.48963,0.51920,0.00000,
41.48,1,-4.47907,-1.45732,-1.49116,0.39283,0.31519,0.00242,0.03910
41.48,2,-4.45780,-0.32744,-1.60771,0.50431,0.07394,0.13008,0.02814
41.5,0,-4.21244,-2.42377,-0.25830,0.48994,0.49978,0.00000,
41.5,1,-4.47844,-1.46515,-1.48614,0.38961,0.23819,0.00516,0.04890
41.5,2,-4.45817,-0.33756,-1.60686,0.49937,0.02371,0.12778,0.03600
41.52,0,-4.20296,-2.42628,-0.24851,0.49024,0.48108,0.00000,
41.52,1,-4.47779,-1.47276,-1.48079,0.37566,0.29164,0.00767,0.05869
41.52,2,-4.45851,-0.34694,-1.60620,0.41937,0.06852,0.12599,0.00378
41.54,0,-4.19345,-2.42869,-0.23909,0.49052,0.46315,0.00000,
41.54,1,-4.47713,-1.48015,-1.47478,0.36831,0.29815,0.00995,0.06850
41.54,2,-4.45879,-0.35369,-1.60508,0.30818,0.03777,0.12661,0.01120
41.56,0,-4.18392,-2.43101,-0.23001,0.49080,0.44626,0.00000,
41.56,1,-4.47642,-1.48745,-1.46908,0.36509,0.27457,0.01214,0.07830
41.56,2,-4.45906,-0.36091,-1.60437,0.39728,0.03339,0.12668,0.01853
41.58,0,-4.17436,-2.43325,-0.22127,0.49106,0.42944,0.00000,
41.58,1,-4.47569,-1.49466,-1.46376,0.36050,0.26119,0.01423,0.08811
41.58,2,-4.45935,-0.36861,-1.60354,0.37301,0.04859,0.12617,0.02579
41.6,0,-4.16477,-2.43541,-0.21286,0.49128,0.41290,0.00000,
41.6,1,-4.47492,-1.50177,-1.45860,0.35458,0.25511,0.01620,0.09793
41.6,2,-4.45965,-0.37724,-1.60286,0.46150,0.02569,0.12464,0.03293
41.62,0,-4.15517,-2.43748,-0.20478,0.49149,0.39709,0.00000,
41.62,1,-4.47399,-1.50899,-1.46323,0.35142,-0.53342,0.01830,0.00983
41.62,2,-4.45994,-0.38636,-1.60236,0.44195,0.02730,0.12272,0.04021
41.64,0,-4.14554,-2.43948,-0.19701,0.49168,0.38194,0.00000,
41.64,1,-4.47340,-1.51516,-1.46609,0.28808,0.25989,0.01926,0.01966
41.64,2,-4.46021,-0.39475,-1.60176,0.40519,0.03114,0.12049,0.04641
41.66,0,-4.13590,-2.44141,-0.18953,0.49186,0.36736,0.00000,
41.66,1,-4.47268,-1.52155,-1.45561,0.34320,0.61521,0.02043,0.02949
41.66,2,-4.46046,-0.40273,-1.60114,0.39765,0.02985,0.11889,0.05284
41.68,0,-4.12623,-2.44326,-0.18234,0.49202,0.35332,0.00000,
41.68,1,-4.47188,-1.52803,-1.44514,0.34556,0.45722,0.02168,0.03933
41.68,2,-4.46069,-0.40996,-1.60073,0.34934,0.02125,0.11812,0.05937
41.7,0,-4.11655,-2.44504,-0.17542,0.49217,0.33982,0.00000,
41.7,1,-4.47088,-1.53576,-1.43694,0.40746,0.38154,0.02412,0.04917
41.7,2,-4.46092,-0.41717,-1.60015,0.36643,0.03185,0.11863,0.06716
41.72,0,-4.10686,-2.44676,-0.16877,0.49231,0.32684,0.00000,
41.72,1,-4.46956,-1.54506,-1.41905,0.49212,1.04605,0.02809,0.00985
41.72,2,-4.46114,-0.42580,-1.59902,0.60082,0.14702,0.11930,0.00483
41.74,0,-4.09715,-2.44842,-0.16237,0.49244,0.31435,0.00000,
41.74,1,-4.46819,-1.55459,-1.40355,0.45281,0.51101,0.03222,0.01969
41.74,2,-4.46136,-0.43691,-1.59743,0.53300,0.07372,0.11769,0.01445
41.76,0,-4.08743,-2.45001,-0.15621,0.49256,0.30234,0.00000,
41.76,1,-4.46685,-1.56267,-1.39670,0.38102,0.28943,0.03494,0.02954
41.76,2,-4.46157,-0.44752,-1.59595,0.50933,0.07931,0.11515,0.02264
41.78,0,-4.07770,-2.45154,-0.15029,0.49267,0.29079,0.00000,
41.78,1,-4.46558,-1.56897,-1.38825,0.26202,0.54273,0.03596,0.03939
41.78,2,-4.46181,-0.45755,-1.59486,0.46433,0.01632,0.11143,0.02907
41.8,0,-4.06796,-2.45302,-0.14460,0.49278,0.27968,0.00000,
41.8,1,-4.46438,-1.57456,-1.37773,0.30310,0.49330,0.03624,0.04925
41.8,2,-4.46204,-0.46640,-1.59463,0.46587,0.02447,0.10816,0.03478
41.82,0,-4.05820,-2.45444,-0.13912,0.49287,0.26900,0.00000,
41.82,1,-4.46315,-1.58068,-1.36976,0.29336,0.30611,0.03697,0.05910
41.82,2,-4.46227,-0.47565,-1.59383,0.46836,-0.04120,0.10503,0.00312
41.84,0,-4.04844,-2.45580,-0.13386,0.49296,0.25873,0.00000,
41.84,1,-4.46188,-1.58674,-1.36369,0.35413,0.35598,0.03761,0.06896
41.84,2,-4.46247,-0.48468,-1.59455,0.43232,-0.02544,0.10206,0.00931
41.86,0,-4.03867,-2.45712,-0.12879,0.49304,0.24884,0.00000,
41.86,1,-4.46032,-1.59415,-1.35610,0.38162,0.38057,0.03953,0.07882
41.86,2,-4.46259,-0.49305,-1.59445,0.40179,0.03721,0.10110,0.01688
41.88,0,-4.02889,-2.45839,-0.12392,0.49312,0.23934,0.00000,
41.88,1,-4.45877,-1.60123,-1.34887,0.34517,0.34534,0.04109,0.08868
41.88,2,-4.46278,-0.50036,-1.59338,0.28635,0.04520,0.10089,0.02413
41.9,0,-4.01910,-2.45961,-0.11923,0.49318,0.23020,0.00000,
41.9,1,-4.45732,-1.60770,-1.34221,0.32496,0.32651,0.04199,0.09854
41.9,2,-4.46296,-0.50572,-1.59257,0.28958,0.04342,0.10200,0.03076
41.92,0,-4.00931,-2.46078,-0.11473,0.49325,0.22141,0.00000,
41.92,1,-4.45573,-1.61371,-1.34342,0.31592,-0.34140,0.04250,0.00986
41.92,2,-4.46312,-0.51230,-1.59113,0.37606,0.14208,0.10144,0.00313
41.94,0,-3.99950,-2.46191,-0.11039,0.49331,0.21295,0.00000,
41.94,1,-4.45451,-1.61974,-1.34569,0.30657,0.20591,0.04278,0.01973
41.94,2,-4.46329,-0.51968,-1.58907,0.37097,0.06777,0.10010,0.00928
41.96,0,-3.98970,-2.46299,-0.10622,0.49336,0.20482,0.00000,
41.96,1,-4.45304,-1.62600,-1.33505,0.33359,0.67919,0.04331,0.02960
41.96,2,-4.46338,-0.52704,-1.58802,0.36425,0.04268,0.09901,0.01570
41.98,0,-3.97989,-2.46404,-0.10221,0.49341,0.19699,0.00000,
41.98,1,-4.45139,-1.63261,-1.32250,0.34229,0.54591,0.04418,0.03946
41.98,2,-4.46352,-0.53420,-1.58719,0.35409,0.04457,0.09847,0.02252
42.0,0,-3.97007,-2.46505,-0.09836,0.49346,0.18947,0.00000,
42.0,1,-4.44974,-1.63903,-1.31330,0.31340,0.40296,0.04480,0.04933
42.0,2,-4.46365,-0.54028,-1.58631,0.30930,0.04868,0.09883,0.02914
42.02,0,-3.96025,-2.46602,-0.09465,0.49350,0.18224,0.00000,
42.02,1,-4.44804,-1.64542,-1.30456,0.34197,0.46136,0.04537,0.05920
42.02,2,-4.46376,-0.54661,-1.58532,0.31922,0.04797,0.09892,0.03576
42.04,0,-3.95042,-2.46695,-0.09108,0.49355,0.17528,0.00000,
42.04,1,-4.44623,-1.65205,-1.29527,0.34102,0.45797,0.04612,0.06907
42.04,2,-4.46385,-0.55292,-1.58443,0.31134,0.04207,0.09927,0.04263
42.06,0,-3.94059,-2.46785,-0.08765,0.49358,0.16858,0.00000,
42.06,1,-4.44442,-1.65847,-1.28645,0.32715,0.42787,0.04661,0.07894
42.06,2,-4.46393,-0.55904,-1.58361,0.30169,0.04036,0.09960,0.04929
42.08,0,-3.93076,-2.46871,-0.08435,0.49362,0.16215,0.00000,
42.08,1,-4.44261,-1.66465,-1.27810,0.31953,0.41036,0.04684,0.08881
42.08,2,-4.46401,-0.56501,-1.58281,0.29719,0.04003,0.09985,0.05573
42.1,0,-3.92092,-2.46954,-0.08117,0.49365,0.15595,0.00000,
42.1,1,-4.44078,-1.67074,-1.27002,0.31698,0.39965,0.04693,0.09868
42.1,2,-4.46408,-0.57092,-1.58202,0.29419,0.03875,0.10007,0.06209
42.12,0,-3.91108,-2.47034,-0.07812,0.49368,0.15000,0.00000,
42.12,1,-4.43868,-1.67706,-1.27372,0.32259,-0.52427,0.04729,0.00987
42.12,2,-4.46415,-0.57676,-1.58126,0.28999,0.03715,0.10059,0.06873
42.14,0,-3.90123,-2.47111,-0.07518,0.49371,0.14427,0.00000,
42.14,1,-4.43701,-1.68296,-1.27635,0.28720,0.35536,0.04698,0.01975
42.14,2,-4.46421,-0.58251,-1.58053,0.28523,0.03578,0.10079,0.07487
42.16,0,-3.89139,-2.47186,-0.07236,0.49373,0.13876,0.00000,
42.16,1,-4.43525,-1.68858,-1.26251,0.31648,0.78545,0.04642,0.02962
42.16,2,-4.46426,-0.58817,-1.57983,0.28080,0.03455,0.10079,0.08074
42.18,0,-3.88154,-2.47257,-0.06964,0.49375,0.13347,0.00000,
42.18,1,-4.43321,-1.69485,-1.24890,0.33348,0.57482,0.04649,0.03950
42.18,2,-4.46431,-0.59374,-1.57916,0.27666,0.03333,0.10156,0.08734
42.2,0,-3.87169,-2.47326,-0.06703,0.49378,0.12837,0.00000,
42.2,1,-4.43121,-1.70075,-1.23962,0.32187,0.46730,0.04615,0.04937
42.2,2,-4.46436,-0.59909,-1.57851,0.22854,0.02983,0.10216,0.09356
42.22,0,-3.86183,-2.47392,-0.06452,0.49380,0.12347,0.00000,
42.22,1,-4.42893,-1.70732,-1.22914,0.35834,0.54522,0.04644,0.05925
42.22,2,-4.46440,-0.60382,-1.57790,0.24285,0.03102,0.10407,0.10050
42.24,0,-3.85198,-2.47456,-0.06210,0.49381,0.11876,0.00000,
42.24,1,-4.42657,-1.71395,-1.21855,0.34204,0.51046,0.04675,0.06912
42.24,2,-4.46444,-0.60872,-1.57728,0.24462,0.03023,0.10588,0.10752
42.26,0,-3.84212,-2.47517,-0.05977,0.49383,0.11422,0.00000,
42.26,1,-4.42430,-1.72015,-1.20878,0.32304,0.47428,0.04659,0.07900
42.26,2,-4.46447,-0.61351,-1.57670,0.22654,0.02899,0.10737,0.11411
42.28,0,-3.83226,-2.47576,-0.05754,0.49385,0.10986,0.00000,
42.28,1,-4.42203,-1.72614,-1.19945,0.31897,0.46195,0.04618,0.08887
42.28,2,-4.46449,-0.61812,-1.57613,0.24821,0.02743,0.10883,0.12049
42.3,0,-3.82240,-2.47633,-0.05539,0.49386,0.10567,0.00000,
42.3,1,-4.41981,-1.73175,-1.18972,0.28302,0.49670,0.04538,0.09875
42.3,2,-4.46452,-0.62326,-1.57559,0.25733,0.02647,0.10940,0.12651
42.32,0,-3.81254,-2.47687,-0.05332,0.49388,0.10163,0.00000,
42.32,1,-4.41728,-1.73759,-1.19425,0.32046,-0.58905,0.04488,0.00988
42.32,2,-4.46454,-0.62903,-1.57330,0.35229,0.44217,0.10956,0.00320
42.34,0,-3.80267,-2.47740,-0.05133,0.49389,0.09775,0.00000,
42.34,1,-4.41522,-1.74317,-1.19796,0.28607,0.28873,0.04380,0.01976
42.34,2,-4.46455,-0.63597,-1.56272,0.36806,0.33234,0.10829,0.00914
42.36,0,-3.79281,-2.47791,-0.04941,0.49390,0.09402,0.00000,
42.36,1,-4.41304,-1.74857,-1.18444,0.31164,0.84510,0.04260,0.02963
42.36,2,-4.46453,-0.64336,-1.56161,0.37058,-0.07376,0.10641,0.01497
42.38,0,-3.78294,-2.47839,-0.04757,0.49391,0.09043,0.00000,
42.38,1,-4.41038,-1.75485,-1.16901,0.35431,0.65546,0.04229,0.03951
42.38,2,-4.46447,-0.65074,-1.56246,0.36424,0.01504,0.10543,0.02178
42.4,0,-3.77308,-2.47886,-0.04580,0.49392,0.08698,0.00000,
42.4,1,-4.40754,-1.76143,-1.15784,0.35445,0.50897,0.04227,0.04939
42.4,2,-4.46440,-0.65786,-1.56101,0.34953,0.09896,0.10504,0.02895
42.42,0,-3.76321,-2.47932,-0.04410,0.49393,0.08366,0.00000,
42.42,1,-4.40385,-1.76959,-1.14033,0.46046,0.81354,0.04390,0.00988
42.42,2,-4.46433,-0.66622,-1.55871,0.60980,0.18311,0.10503,0.00475
42.44,0,-3.75334,-2.47975,-0.04246,0.49394,0.08047,0.00000,
42.44,1,-4.40011,-1.77777,-1.12582,0.42554,0.63005,0.04548,0.01976
42.44,2,-4.46426,-0.67802,-1.55883,0.52840,-0.01384,0.10161,0.01374
42.46,0,-3.74347,-2.48017,-0.04089,0.49395,0.07740,0.00000,
42.46,1,-4.39674,-1.78479,-1.11476,0.36605,0.51931,0.04589,0.02964
42.46,2,-4.46407,-0.68859,-1.55905,0.52678,-0.00521,0.09827,0.02153
42.48,0,-3.73360,-2.48058,-0.03937,0.49395,0.07444,0.00000,
42.48,1,-4.39380,-1.79069,-1.10361,0.28287,0.60536,0.04512,0.03951
42.48,2,-4.46388,-0.69891,-1.55820,0.50545,0.08508,0.09403,0.02812
42.5,0,-3.72373,-2.48096,-0.03791,0.49396,0.07160,0.00000,
42.5,1,-4.39110,-1.79599,-1.09263,0.30913,0.51759,0.04367,0.04939
42.5,2,-4.46379,-0.70711,-1.55621,0.41321,0.09279,0.09130,0.03407
42.52,0,-3.71385,-2.48134,-0.03651,0.49397,0.06887,0.00000,
42.52,1,-4.38822,-1.80159,-1.08245,0.31480,0.50678,0.04249,0.05927
42.52,2,-4.46371,-0.71568,-1.55421,0.49615,0.00184,0.08853,0.00316
42.54,0,-3.70398,-2.48170,-0.03516,0.49397,0.06624,0.00000,
42.54,1,-4.38541,-1.80682,-1.07353,0.30084,0.45209,0.04093,0.06915
42.54,2,-4.46361,-0.72532,-1.55423,0.43152,-0.00229,0.08432,0.00909
42.56,0,-3.69411,-2.48205,-0.03387,0.49398,0.06371,0.00000,
42.56,1,-4.38225,-1.81260,-1.06309,0.34370,0.54036,0.03995,0.07903
42.56,2,-4.46341,-0.73357,-1.55269,0.41607,0.12490,0.08208,0.01569
42.58,0,-3.68423,-2.48238,-0.03262,0.49398,0.06128,0.00000,
42.58,1,-4.37894,-1.81854,-1.05290,0.33139,0.48057,0.03911,0.08891
42.58,2,-4.46324,-0.73986,-1.54968,0.25315,0.14373,0.08196,0.02248
42.6,0,-3.67436,-2.48270,-0.03142,0.49399,0.05894,0.00000,
42.6,1,-4.37578,-1.82409,-1.04376,0.31113,0.44443,0.03783,0.09879
42.6,2,-4.46309,-0.74504,-1.54710,0.27012,0.10508,0.08258,0.02886
42.62,0,-3.66448,-2.48301,-0.03027,0.49399,0.05669,0.00000,
42.62,1,-4.37269,-1.82940,-1.03496,0.30598,0.43786,0.03627,0.10867
42.62,2,-4.46293,-0.75121,-1.54441,0.36373,0.24798,0.08196,0.00306
42.64,0,-3.65461,-2.48331,-0.02916,0.49399,0.05453,0.00000,
42.64,1,-4.36969,-1.83446,-1.02611,0.27320,0.44643,0.03442,0.11855
42.64,2,-4.46273,-0.75857,-1.54142,0.37750,0.04170,0.07990,0.00895
42.66,0,-3.64473,-2.48360,-0.02809,0.49400,0.05245,0.00000,
42.66,1,-4.36684,-1.83917,-1.01779,0.27616,0.39879,0.03215,0.12843
42.66,2,-4.46246,-0.76595,-1.54039,0.35771,0.07665,0.07747,0.01445
42.68,0,-3.63486,-2.48388,-0.02706,0.49400,0.05045,0.00000,
42.68,1,-4.36395,-1.84385,-1.00998,0.27308,0.38674,0.02984,0.13831
42.68,2,-4.46224,-0.77284,-1.53830,0.33679,0.11814,0.07551,0.01995
42.7,0,-3.62498,-2.48415,-0.02607,0.49400,0.04852,0.00000,
42.7,1,-4.36109,-1.84842,-1.00231,0.26709,0.38008,0.02738,0.14819
42.7,2,-4.46204,-0.77803,-1.53556,0.26280,0.11745,0.07514,0.02535
42.72,0,-3.61510,-2.48440,-0.02512,0.49401,0.04667,0.00000,
42.72,1,-4.35709,-1.85532,-1.00429,0.41045,-0.27934,0.02723,0.00988
42.72,2,-4.46182,-0.78434,-1.53300,0.38545,0.24037,0.07609,0.00429
42.74,0,-3.60523,-2.48465,-0.02421,0.49401,0.04489,0.00000,
42.74,1,-4.35289,-1.86184,-1.01020,0.38831,-0.25639,0.02691,0.01976
42.74,2,-4.46156,-0.79125,-1.52874,0.32942,0.12178,0.07610,0.01204
42.76,0,-3.59535,-2.48489,-0.02333,0.49401,0.04318,0.00000,
42.76,1,-4.34840,-1.86834,-1.01063,0.39949,0.27976,0.02675,0.02964
42.76,2,-4.46118,-0.79835,-1.52538,0.39045,0.16590,0.07592,0.01993
42.78,0,-3.58547,-2.48512,-0.02249,0.49401,0.04153,0.00000,
42.78,1,-4.34428,-1.87495,-0.99751,0.34532,0.78621,0.02630,0.03952
42.78,2,-4.46079,-0.80684,-1.52289,0.44173,0.09647,0.07444,0.02772
42.8,0,-3.57559,-2.48534,-0.02167,0.49402,0.03995,0.00000,
42.8,1,-4.34073,-1.88079,-0.98197,0.34000,0.71136,0.02485,0.04940
42.8,2,-4.46038,-0.81555,-1.52113,0.42490,0.08896,0.07194,0.03456
42.82,0,-3.56572,-2.48556,-0.02089,0.49402,0.03842,0.00000,
42.82,1,-4.33708,-1.88647,-0.97022,0.33433,0.52112,0.02332,0.05928
42.82,2,-4.46001,-0.82269,-1.51815,0.20971,0.28220,0.07086,0.00336
42.84,0,-3.55584,-2.48576,-0.02014,0.49402,0.03696,0.00000,
42.84,1,-4.33338,-1.89192,-0.95995,0.32609,0.52302,0.02163,0.06916
42.84,2,-4.45985,-0.82493,-1.51471,0.04897,0.14178,0.07446,0.00995
42.86,0,-3.54596,-2.48596,-0.01941,0.49402,0.03555,0.00000,
42.86,1,-4.32969,-1.89718,-0.94938,0.31328,0.50005,0.01975,0.07904
42.86,2,-4.45993,-0.82500,-1.51238,-0.02675,0.10481,0.08007,0.01638
42.88,0,-3.53608,-2.48615,-0.01872,0.49402,0.03419,0.00000,
42.88,1,-4.32592,-1.90242,-0.93884,0.32770,0.53600,0.01786,0.08892
42.88,2,-4.46011,-0.82496,-1.51284,0.07710,-0.11537,0.08577,0.02282
42.9,0,-3.52620,-2.48634,-0.01805,0.49403,0.03289,0.00000,
42.9,1,-4.32205,-1.90770,-0.92840,0.32535,0.50678,0.01603,0.09880
42.9,2,-4.46001,-0.82809,-1.51392,0.19907,-0.00184,0.08839,0.02937
42.92,0,-3.51632,-2.48652,-0.01741,0.49403,0.03163,0.00000,
42.92,1,-4.31736,-1.91394,-0.93705,0.40039,-0.85073,0.01537,0.00988
42.92,2,-4.45989,-0.83184,-1.51678,0.18543,-0.14345,0.09145,0.00400
42.94,0,-3.50644,-2.48669,-0.01679,0.49403,0.03043,0.00000,
42.94,1,-4.31314,-1.91997,-0.95095,0.34109,-0.49032,0.01413,0.01976
42.94,2,-4.46002,-0.83589,-1.52869,0.29347,-1.73772,0.09398,0.01136
42.96,0,-3.49657,-2.48686,-0.01619,0.49403,0.02927,0.00000,
42.96,1,-4.30929,-1.92560,-0.94792,0.35553,0.66582,0.01231,0.02964
42.96,2,-4.46067,-0.84250,-1.52984,0.34374,0.10614,0.09362,0.01818
42.98,0,-3.48669,-2.48702,-0.01562,0.49403,0.02815,0.00000,
42.98,1,-4.30526,-1.93122,-0.93159,0.34787,0.84464,0.01057,0.03952
42.98,2,-4.46095,-0.84966,-1.52914,0.37265,0.04009,0.09271,0.02510
43.0,0,-3.47681,-2.48717,-0.01507,0.49403,0.02708,0.00000,
43.0,1,-4.30101,-1.93696,-0.91669,0.35963,0.65153,0.00902,0.04940
43.0,2,-4.46069,-0.85744,-1.52663,0.39775,0.18710,0.09126,0.03224
43.02,0,-3.46693,-2.48732,-0.01454,0.49403,0.02604,0.00000,
43.02,1,-4.29540,-1.94417,-0.90362,0.45170,0.39551,0.00935,0.00988
43.02,2,-4.46031,-0.86532,-1.52246,0.38831,0.20760,0.09137,0.04136
43.04,0,-3.45705,-2.48746,-0.01403,0.49403,0.02505,0.00000,
43.04,1,-4.28980,-1.95079,-0.89688,0.43452,0.38924,0.00930,0.01976
43.04,2,-4.45991,-0.87290,-1.51869,0.37329,0.17330,0.09123,0.05002
43.06,0,-3.44717,-2.48760,-0.01354,0.49403,0.02410,0.00000,
43.06,1,-4.28442,-1.95738,-0.88610,0.41565,0.64946,0.00898,0.02964
43.06,2,-4.45951,-0.88028,-1.51539,0.36751,0.16176,0.09124,0.05852
43.08,0,-3.43729,-2.48773,-0.01306,0.49403,0.02318,0.00000,
43.08,1,-4.27993,-1.96304,-0.87353,0.34796,0.64431,0.00735,0.03952
43.08,2,-4.45911,-0.88759,-1.51216,0.36482,0.16149,0.09027,0.06575
43.1,0,-3.42741,-2.48786,-0.01261,0.49403,0.02229,0.00000,
43.1,1,-4.27545,-1.96846,-0.86071,0.35461,0.62343,0.00554,0.04940
43.1,2,-4.45868,-0.89482,-1.50897,0.35991,0.15694,0.08916,0.07277
43.12,0,-3.41753,-2.48799,-0.01217,0.49404,0.02144,0.00000,
43.12,1,-4.26913,-1.97571,-0.84606,0.52476,0.65014,0.00619,0.00988
43.12,2,-4.45824,-0.90194,-1.50591,0.35376,0.15027,0.09029,0.08237
43.14,0,-3.40765,-2.48811,-0.01175,0.49404,0.02062,0.00000,
43.14,1,-4.26285,-1.98244,-0.83713,0.45184,0.43912,0.00649,0.01976
43.14,2,-4.45779,-0.90894,-1.50296,0.34815,0.14480,0.09106,0.09155
43.16,0,-3.39777,-2.48822,-0.01135,0.49404,0.01984,0.00000,
43.16,1,-4.25674,-1.98900,-0.82638,0.43946,0.60078,0.00650,0.02964
43.16,2,-4.45732,-0.91583,-1.50012,0.34310,0.14004,0.09175,0.10049
43.18,0,-3.38789,-2.48834,-0.01096,0.49404,0.01908,0.00000,
43.18,1,-4.25198,-1.99440,-0.81579,0.34529,0.56933,0.00470,0.03952
43.18,2,-4.45685,-0.92226,-1.49716,0.31607,0.14206,0.09154,0.10768
43.2,0,-3.37801,-2.48844,-0.01059,0.49404,0.01835,0.00000,
43.2,1,-4.24725,-1.99950,-0.80378,0.35024,0.60037,0.00268,0.04940
43.2,2,-4.45637,-0.92862,-1.49457,0.31985,0.12347,0.09111,0.11462
43.22,0,-3.36813,-2.48855,-0.01023,0.49404,0.01765,0.00000,
43.22,1,-4.24240,-2.00458,-0.79247,0.35021,0.53516,0.00071,0.05928
43.22,2,-4.45586,-0.93561,-1.49678,0.40116,-1.03185,0.09007,0.00351
43.24,0,-3.35825,-2.48865,-0.00988,0.49404,0.01698,0.00000,
43.24,1,-4.23754,-2.00951,-0.78218,0.34225,0.50527,0.00137,0.06917
43.24,2,-4.45532,-0.94364,-1.52377,0.40579,-0.99351,0.08789,0.01043
43.26,0,-3.34837,-2.48875,-0.00955,0.49404,0.01633,0.00000,
43.26,1,-4.23275,-2.01422,-0.77337,0.35235,0.51877,0.00365,0.07905
43.26,2,-4.45491,-0.95106,-1.52489,0.36130,0.53839,0.08613,0.01715
43.28,0,-3.33849,-2.48884,-0.00923,0.49404,0.01571,0.00000,
43.28,1,-4.22755,-2.01929,-0.76241,0.36511,0.53970,0.00544,0.08893
43.28,2,-4.45455,-0.95854,-1.51211,0.38090,0.54525,0.08477,0.02441
43.3,0,-3.32861,-2.48893,-0.00892,0.49404,0.01511,0.00000,
43.3,1,-4.22238,-2.02422,-0.75240,0.34962,0.47150,0.00737,0.09881
43.3,2,-4.45412,-0.96609,-1.50526,0.37318,0.22011,0.08321,0.03155
43.32,0,-3.31873,-2.48902,-0.00863,0.49404,0.01454,0.00000,
43.32,1,-4.21739,-2.02890,-0.74332,0.33708,0.44608,0.00961,0.10869
43.32,2,-4.45364,-0.97337,-1.50128,0.35807,0.21594,0.08165,0.03839
43.34,0,-3.30885,-2.48911,-0.00834,0.49404,0.01398,0.00000,
43.34,1,-4.21267,-2.03330,-0.73498,0.30041,0.37986,0.01225,0.11857
43.34,2,-4.45315,-0.98026,-1.49602,0.29711,0.32912,0.08016,0.04485
43.36,0,-3.29897,-2.48919,-0.00807,0.49404,0.01345,0.00000,
43.36,1,-4.20821,-2.03739,-0.72632,0.30400,0.45730,0.01531,0.12845
43.36,2,-4.45266,-0.98639,-1.49018,0.31670,0.26085,0.07905,0.05089
43.38,0,-3.28908,-2.48927,-0.00781,0.49404,0.01294,0.00000,
43.38,1,-4.20368,-2.04144,-0.71748,0.30246,0.42083,0.01835,0.13833
43.38,2,-4.45214,-0.99279,-1.48541,0.32068,0.22868,0.07768,0.05696
43.4,0,-3.27920,-2.48935,-0.00755,0.49404,0.01244,0.00000,
43.4,1,-4.19918,-2.04537,-0.70951,0.29589,0.38569,0.02150,0.14821
43.4,2,-4.45160,-0.99907,-1.48082,0.31005,0.23175,0.07632,0.06294
43.42,0,-3.26932,-2.48942,-0.00731,0.49404,0.01197,0.00000,
43.42,1,-4.19399,-2.05004,-0.68882,0.35941,1.33954,0.02375,0.00988
43.42,2,-4.45105,-1.00514,-1.47617,0.30179,0.23053,0.07605,0.06991
43.44,0,-3.25944,-2.48949,-0.00707,0.49404,0.01151,0.00000,
43.44,1,-4.18863,-2.05408,-0.66821,0.33192,0.73725,0.02614,0.01976
43.44,2,-4.45049,-1.01106,-1.47173,0.30430,0.22173,0.07538,0.07659
43.46,0,-3.24956,-2.48956,-0.00685,0.49404,0.01107,0.00000,
43.46,1,-4.18234,-2.05891,-0.65678,0.44025,0.43742,0.02739,0.02964
43.46,2,-4.44988,-1.01715,-1.46740,0.30152,0.20850,0.07557,0.08449
43.48,0,-3.23968,-2.48963,-0.00663,0.49404,0.01065,0.00000,
43.48,1,-4.17518,-2.06448,-0.64922,0.44952,0.37169,0.02758,0.03952
43.48,2,-4.44925,-1.02326,-1.46323,0.30903,0.20755,0.07668,0.09353
43.5,0,-3.22980,-2.48970,-0.00642,0.49404,0.01025,0.00000,
43.5,1,-4.16837,-2.06967,-0.64111,0.41144,0.42980,0.02827,0.04940
43.5,2,-4.44859,-1.02933,-1.45917,0.30138,0.19885,0.07742,0.10208
43.52,0,-3.21992,-2.48976,-0.00622,0.49404,0.00986,0.00000,
43.52,1,-4.15940,-2.07609,-0.62944,0.60527,0.55233,0.02652,0.00988
43.52,2,-4.44793,-1.03522,-1.45529,0.29278,0.19034,0.08012,0.11305
43.54,0,-3.21004,-2.48982,-0.00603,0.49404,0.00948,0.00000,
43.54,1,-4.15026,-2.08279,-0.61741,0.52501,0.55011,0.02455,0.01976
43.54,2,-4.44726,-1.04099,-1.45155,0.28860,0.18390,0.08331,0.12434
43.56,0,-3.20016,-2.48988,-0.00584,0.49404,0.00912,0.00000,
43.56,1,-4.14199,-2.08864,-0.60847,0.46062,0.32124,0.02374,0.02964
43.56,2,-4.44659,-1.04646,-1.44766,0.24201,0.22735,0.08578,0.13444
43.58,0,-3.19028,-2.48994,-0.00567,0.49404,0.00877,0.00000,
43.58,1,-4.13600,-2.09329,-0.60492,0.36674,0.17325,0.02554,0.03952
43.58,2,-4.44594,-1.05142,-1.44398,0.25635,0.15732,0.08699,0.14202
43.6,0,-3.18040,-2.48999,-0.00549,0.49404,0.00844,0.00000,
43.6,1,-4.13008,-2.09765,-0.59997,0.37029,0.33450,0.02753,0.04940
43.6,2,-4.44528,-1.05653,-1.44098,0.25605,0.15142,0.08779,0.14936
43.62,0,-3.17052,-2.49005,-0.00533,0.49404,0.00812,0.00000,
43.62,1,-4.12145,-2.10324,-0.58876,0.52903,0.59874,0.02659,0.00988
43.62,2,-4.44456,-1.06282,-1.43754,0.42713,0.01443,0.08944,0.00558
43.64,0,-3.16064,-2.49010,-0.00517,0.49404,0.00781,0.00000,
43.64,1,-4.11279,-2.10887,-0.57671,0.51652,0.60303,0.02563,0.01976
43.64,2,-4.44346,-1.07039,-1.44119,0.36546,-0.23045,0.08986,0.01591
43.66,0,-3.15076,-2.49015,-0.00502,0.49404,0.00751,0.00000,
43.66,1,-4.10462,-2.11434,-0.56561,0.48534,0.44521,0.02523,0.02964
43.66,2,-4.44264,-1.07765,-1.44716,0.35042,-0.42056,0.09040,0.02573
43.68,0,-3.14088,-2.49020,-0.00487,0.49404,0.00722,0.00000,
43.68,1,-4.09756,-2.11914,-0.56065,0.38021,0.20092,0.02613,0.03952
43.68,2,-4.44195,-1.08525,-1.45512,0.44992,-0.09720,0.08974,0.03427
43.7,0,-3.13099,-2.49025,-0.00473,0.49404,0.00695,0.00000,
43.7,1,-4.09117,-2.12328,-0.55373,0.38278,0.42537,0.02791,0.04940
43.7,2,-4.44065,-1.09555,-1.44860,0.55449,0.54425,0.08553,0.04189
43.72,0,-3.12111,-2.49030,-0.00459,0.49404,0.00668,0.00000,
43.72,1,-4.08231,-2.12856,-0.54458,0.55116,0.37398,0.02701,0.00988
43.72,2,-4.43921,-1.10645,-1.43811,0.53432,0.45295,0.08262,0.05219
43.74,0,-3.11123,-2.49034,-0.00446,0.49404,0.00643,0.00000,
43.74,1,-4.07405,-2.13347,-0.53546,0.46776,0.48885,0.02683,0.01976
43.74,2,-4.43781,-1.11655,-1.43084,0.49305,0.31623,0.08002,0.06179
43.76,0,-3.10135,-2.49039,-0.00434,0.49404,0.00618,0.00000,
43.76,1,-4.06614,-2.13821,-0.52769,0.41249,0.20504,0.02705,0.02964
43.76,2,-4.43644,-1.12616,-1.42451,0.48316,0.32822,0.07767,0.07102
43.78,0,-3.09147,-2.49043,-0.00422,0.49404,0.00595,0.00000,
43.78,1,-4.05994,-2.14230,-0.52404,0.36674,0.26246,0.02914,0.03952
43.78,2,-4.43502,-1.13575,-1.41769,0.48594,0.34527,0.07416,0.07844
43.8,0,-3.08159,-2.49047,-0.00410,0.49404,0.00572,0.00000,
43.8,1,-4.05352,-2.14612,-0.51723,0.37964,0.37571,0.03113,0.04940
43.8,2,-4.43356,-1.14498,-1.41043,0.44981,0.36484,0.07085,0.08591
43.82,0,-3.07171,-2.49051,-0.00399,0.49404,0.00550,0.00000,
43.82,1,-4.04688,-2.14991,-0.51003,0.38192,0.33720,0.03294,0.05929
43.82,2,-4.43214,-1.15332,-1.41035,0.37067,-1.09891,0.06847,0.00383
43.84,0,-3.06183,-2.49055,-0.00388,0.49404,0.00529,0.00000,
43.84,1,-4.04041,-2.15354,-0.50330,0.36689,0.33509,0.03498,0.06917
43.84,2,-4.43083,-1.15956,-1.43555,0.23030,-1.07538,0.06790,0.01125
43.86,0,-3.05195,-2.49059,-0.00378,0.49404,0.00509,0.00000,
43.86,1,-4.03372,-2.15722,-0.49734,0.38902,0.28257,0.03683,0.07905
43.86,2,-4.42987,-1.16364,-1.45268,0.22070,-0.49471,0.06965,0.01888
43.88,0,-3.04207,-2.49063,-0.00368,0.49404,0.00490,0.00000,
43.88,1,-4.02693,-2.16091,-0.49163,0.38067,0.28990,0.03859,0.08893
43.88,2,-4.42908,-1.16898,-1.44744,0.30920,0.72640,0.07035,0.02660
43.9,0,-3.03219,-2.49066,-0.00358,0.49404,0.00471,0.00000,
43.9,1,-4.02037,-2.16442,-0.48581,0.36647,0.28920,0.04064,0.09881
43.9,2,-4.42820,-1.17501,-1.43254,0.35444,0.67383,0.07017,0.03405
43.92,0,-3.02231,-2.49070,-0.00349,0.49404,0.00453,0.00000,
43.92,1,-4.01461,-2.16778,-0.47477,0.29170,0.56900,0.04352,0.00988
43.92,2,-4.42709,-1.18290,-1.42203,0.41100,0.42630,0.06777,0.04071
43.94,0,-3.01243,-2.49073,-0.00340,0.49404,0.00436,0.00000,
43.94,1,-4.00940,-2.17066,-0.46248,0.31232,0.69798,0.04710,0.01976
43.94,2,-4.42598,-1.19047,-1.41416,0.37034,0.40673,0.06503,0.04666
43.96,0,-3.00254,-2.49077,-0.00331,0.49404,0.00419,0.00000,
43.96,1,-4.00402,-2.17336,-0.45488,0.34916,0.32745,0.05057,0.02964
43.96,2,-4.42484,-1.19775,-1.40537,0.36648,0.45376,0.06250,0.05268
43.98,0,-2.99266,-2.49080,-0.00323,0.49404,0.00403,0.00000,
43.98,1,-3.99769,-2.17665,-0.44592,0.37456,0.51319,0.05298,0.03952
43.98,2,-4.42365,-1.20486,-1.39635,0.33057,0.49600,0.06105,0.05981
44.0,0,-2.98278,-2.49083,-0.00315,0.49404,0.00388,0.00000,
44.0,1,-3.99063,-2.18006,-0.43630,0.39604,0.46032,0.05468,0.04940
44.0,2,-4.42251,-1.21066,-1.38654,0.30495,0.40438,0.06125,0.06764
44.02,0,-2.97290,-2.49086,-0.00308,0.49404,0.00373,0.00000,
44.02,1,-3.98046,-2.18456,-0.42822,0.57738,0.39423,0.05308,0.00988
44.02,2,-4.42133,-1.21774,-1.37788,0.40411,0.84072,0.06260,0.00605
44.04,0,-2.96302,-2.49089,-0.00300,0.49404,0.00359,0.00000,
44.04,1,-3.97042,-2.18922,-0.42066,0.53907,0.23145,0.05159,0.01976
44.04,2,-4.42026,-1.22521,-1.36183,0.33503,0.90673,0.06381,0.01712
44.06,0,-2.95314,-2.49092,-0.00293,0.49404,0.00345,0.00000,
44.06,1,-3.96121,-2.19331,-0.41776,0.47545,0.15104,0.05108,0.02964
44.06,2,-4.41905,-1.23191,-1.34049,0.35484,1.00339,0.06485,0.02720
44.08,0,-2.94326,-2.49095,-0.00287,0.49404,0.00332,0.00000,
44.08,1,-3.95380,-2.19691,-0.41599,0.35698,0.06297,0.05245,0.03952
44.08,2,-4.41712,-1.24051,-1.32796,0.51326,0.35753,0.06271,0.03543
44.1,0,-2.93338,-2.49098,-0.00280,0.49404,0.00320,0.00000,
44.1,1,-3.94714,-2.20013,-0.41201,0.37879,0.22869,0.05466,0.04940
44.1,2,-4.41453,-1.25128,-1.32272,0.56223,0.26382,0.05772,0.04283
44.12,0,-2.92350,-2.49101,-0.00274,0.49404,0.00307,0.00000,
44.12,1,-3.93999,-2.20332,-0.40708,0.39860,0.25234,0.05642,0.05929
44.12,2,-4.41193,-1.26112,-1.31473,0.50739,0.84173,0.05378,0.00396
44.14,0,-2.91362,-2.49103,-0.00268,0.49404,0.00296,0.00000,
44.14,1,-3.93289,-2.20641,-0.40128,0.37915,0.31664,0.05827,0.06917
44.14,2,-4.40932,-1.27108,-1.29609,0.50392,0.89106,0.04968,0.01170
44.16,0,-2.90374,-2.49106,-0.00262,0.49404,0.00284,0.00000,
44.16,1,-3.92540,-2.20960,-0.39679,0.42174,0.18047,0.05972,0.07905
44.16,2,-4.40693,-1.27882,-1.28153,0.33430,0.59313,0.04796,0.01985
44.18,0,-2.89386,-2.49109,-0.00256,0.49404,0.00274,0.00000,
44.18,1,-3.91768,-2.21284,-0.39307,0.41022,0.20142,0.06096,0.08893
44.18,2,-4.40489,-1.28499,-1.27445,0.32387,0.23255,0.04799,0.02822
44.2,0,-2.88398,-2.49111,-0.00251,0.49404,0.00263,0.00000,
44.2,1,-3.91033,-2.21588,-0.38873,0.38897,0.22274,0.06262,0.09881
44.2,2,-4.40296,-1.29129,-1.26951,0.33384,0.28966,0.04764,0.03617
44.22,0,-2.87409,-2.49114,-0.00246,0.49404,0.00253,0.00000,
44.22,1,-3.90352,-2.21883,-0.37975,0.33517,0.44646,0.06483,0.00988
44.22,2,-4.40099,-1.29768,-1.26276,0.33313,0.35955,0.04690,0.04360
44.24,0,-2.86421,-2.49116,-0.00241,0.49404,0.00244,0.00000,
44.24,1,-3.89725,-2.22143,-0.37135,0.32352,0.23830,0.06767,0.01976
44.24,2,-4.39901,-1.30395,-1.25574,0.32501,0.33671,0.04572,0.05038
44.26,0,-2.85433,-2.49119,-0.00236,0.49404,0.00234,0.00000,
44.26,1,-3.89047,-2.22425,-0.36748,0.41298,0.21520,0.06997,0.02964
44.26,2,-4.39704,-1.30997,-1.24979,0.32864,0.30862,0.04524,0.05772
44.28,0,-2.84445,-2.49121,-0.00232,0.49404,0.00225,0.00000,
44.28,1,-3.88310,-2.22739,-0.36024,0.41528,0.39393,0.07163,0.03952
44.28,2,-4.39490,-1.31638,-1.24346,0.34030,0.31506,0.04493,0.06574
44.3,0,-2.83457,-2.49123,-0.00227,0.49404,0.00217,0.00000,
44.3,1,-3.87469,-2.23065,-0.35208,0.46083,0.40662,0.07227,0.04940
44.3,2,-4.39276,-1.32270,-1.23740,0.32655,0.29229,0.04535,0.07474
44.32,0,-2.82469,-2.49125,-0.00223,0.49404,0.00208,0.00000,
44.32,1,-3.86609,-2.23383,-0.34657,0.45284,0.17864,0.07274,0.05929
44.32,2,-4.39067,-1.32874,-1.23173,0.31526,0.27797,0.04612,0.08391
44.34,0,-2.81481,-2.49128,-0.00219,0.49404,0.00201,0.00000,
44.34,1,-3.85777,-2.23685,-0.34374,0.43462,0.14065,0.07355,0.06917
44.34,2,-4.38858,-1.33464,-1.22626,0.31206,0.27074,0.04677,0.09275
44.36,0,-2.80493,-2.49130,-0.00215,0.49404,0.00193,0.00000,
44.36,1,-3.84970,-2.23975,-0.34041,0.42613,0.18452,0.07462,0.07905
44.36,2,-4.38648,-1.34050,-1.22093,0.30958,0.26233,0.04728,0.10132
44.38,0,-2.79505,-2.49132,-0.00211,0.49404,0.00186,0.00000,
44.38,1,-3.84262,-2.24242,-0.33800,0.38303,0.19714,0.07673,0.08893
44.38,2,-4.38450,-1.34574,-1.21484,0.27411,0.26715,0.04770,0.10889
44.4,0,-2.78517,-2.49134,-0.00208,0.49404,0.00179,0.00000,
44.4,1,-3.83529,-2.24504,-0.33356,0.39105,0.21405,0.07862,0.09881
44.4,2,-4.38255,-1.35093,-1.21041,0.27823,0.20624,0.04829,0.11666
44.42,0,-2.77529,-2.49136,-0.00204,0.49404,0.00172,0.00000,
44.42,1,-3.82827,-2.24762,-0.32604,0.34017,0.38514,0.08083,0.00988
44.42,2,-4.38061,-1.35609,-1.20608,0.27213,0.22726,0.04877,0.12414
44.44,0,-2.76541,-2.49138,-0.00201,0.49404,0.00165,0.00000,
44.44,1,-3.82153,-2.25005,-0.31902,0.39240,0.26868,0.08334,0.01976
44.44,2,-4.37869,-1.36110,-1.20143,0.26532,0.23177,0.04913,0.13131
44.46,0,-2.75558,-2.49140,-0.00197,0.50485,0.00156,0.00000,
44.46,1,-3.81355,-2.25281,-0.31414,0.46927,0.17761,0.08454,0.02959
44.46,2,-4.37679,-1.36600,-1.19694,0.26149,0.21834,0.05056,0.13974
44.48,0,-2.74533,-2.49142,-0.00194,0.51464,0.00146,0.00000,
44.48,1,-3.80405,-2.25594,-0.31142,0.49502,0.16613,0.08459,0.03984
44.48,2,-4.37493,-1.37075,-1.19303,0.25369,0.18380,0.05331,0.14973
44.5,0,-2.73510,-2.49144,-0.00191,0.50823,0.00147,0.00000,
44.5,1,-3.79473,-2.25895,-0.30819,0.47916,0.16411,0.08484,0.05007
44.5,2,-4.37295,-1.37571,-1.18886,0.27360,0.21867,0.05568,0.15950
44.52,0,-2.72500,-2.49146,-0.00188,0.50357,0.00143,0.00000,
44.52,1,-3.78436,-2.26211,-0.32985,0.55491,-1.65953,0.08391,0.01010
44.52,2,-4.37068,-1.38185,-1.18368,0.44216,0.27052,0.05765,0.00554
44.54,0,-2.71492,-2.49148,-0.00186,0.50415,0.00136,0.00000,
44.54,1,-3.77421,-2.26543,-0.35790,0.48192,-0.72256,0.08314,0.02018
44.54,2,-4.36795,-1.38988,-1.17896,0.39192,0.20377,0.05789,0.01622
44.56,0,-2.70540,-2.49150,-0.00184,0.47352,0.00118,0.00000,
44.56,1,-3.76496,-2.26881,-0.35481,0.50383,0.63082,0.08271,0.02970
44.56,2,-4.36470,-1.39750,-1.16814,0.40502,0.64668,0.05776,0.02606
44.58,0,-2.69581,-2.49151,-0.00181,0.48316,0.00145,0.00000,
44.58,1,-3.75658,-2.27214,-0.34463,0.43647,0.43157,0.08322,0.03929
44.58,2,-4.36092,-1.40525,-1.15238,0.46935,0.73023,0.05675,0.03507
44.6,0,-2.68613,-2.49153,-0.00178,0.48309,0.00123,0.00000,
44.6,1,-3.74822,-2.27528,-0.33804,0.44995,0.24587,0.08388,0.04897
44.6,2,-4.35689,-1.41448,-1.14293,0.51793,0.30919,0.05425,0.04400
44.62,0,-2.67651,-2.49155,-0.00176,0.48004,0.00112,0.00000,
44.62,1,-3.73825,-2.27888,-0.33014,0.52987,0.57633,0.08284,0.00963
44.62,2,-4.35266,-1.42382,-1.14264,0.54143,-0.98573,0.05291,0.00550
44.64,0,-2.66703,-2.49157,-0.00173,0.47856,0.00119,0.00000,
44.64,1,-3.72814,-2.28250,-0.32224,0.52774,0.29253,0.08151,0.01910
44.64,2,-4.34818,-1.43398,-1.16478,0.55439,-1.09193,0.05092,0.01624
44.66,0,-2.65717,-2.49158,-0.00171,0.50084,0.00101,0.00000,
44.66,1,-3.71853,-2.28574,-0.31790,0.49127,0.19607,0.08114,0.02896
44.66,2,-4.34392,-1.44364,-1.17785,0.49107,-0.05628,0.04893,0.02638
44.68,0,-2.64725,-2.49160,-0.00169,0.50453,0.00104,0.00000,
44.68,1,-3.71086,-2.28862,-0.31641,0.37545,0.09941,0.08281,0.03888
44.68,2,-4.33991,-1.45303,-1.16566,0.49695,0.93055,0.04590,0.03456
44.7,0,-2.63702,-2.49162,-0.00167,0.51332,0.00094,0.00000,
44.7,1,-3.70367,-2.29120,-0.31367,0.39419,0.19532,0.08531,0.04911
44.7,2,-4.33607,-1.46179,-1.15002,0.48221,0.54619,0.04301,0.04221
44.72,0,-2.62682,-2.49163,-0.00165,0.50680,0.00096,0.00000,
44.72,1,-3.69685,-2.29370,-0.30834,0.32826,0.20836,0.08819,0.01020
44.72,2,-4.33216,-1.47053,-1.14255,0.47292,0.31151,0.03982,0.04947
44.74,0,-2.61674,-2.49165,-0.00163,0.50239,0.00094,0.00000,
44.74,1,-3.69061,-2.29617,-0.30623,0.33781,0.09417,0.09152,0.02028
44.74,2,-4.32832,-1.47897,-1.13555,0.45745,0.39255,0.03657,0.05618
44.76,0,-2.60669,-2.49167,-0.00161,0.50307,0.00089,0.00000,
44.76,1,-3.68224,-2.29898,-0.30284,0.52902,0.21272,0.09268,0.03033
44.76,2,-4.32450,-1.48718,-1.12714,0.45025,0.42767,0.03514,0.06500
44.78,0,-2.59661,-2.49168,-0.00160,0.50455,0.00085,0.00000,
44.78,1,-3.67158,-2.30228,-0.29794,0.55345,0.25881,0.09153,0.04041
44.78,2,-4.32065,-1.49528,-1.11887,0.44648,0.39884,0.03563,0.07616
44.8,0,-2.58709,-2.49170,-0.00159,0.47283,0.00071,0.00000,
44.8,1,-3.66170,-2.30527,-0.29287,0.48559,0.24554,0.09066,0.04993
44.8,2,-4.31679,-1.50321,-1.11106,0.41568,0.43674,0.03559,0.08647
44.82,0,-2.57752,-2.49172,-0.00157,0.48177,0.00096,0.00000,
44.82,1,-3.65277,-2.30795,-0.28814,0.45899,0.23066,0.09084,0.05950
44.82,2,-4.31316,-1.51048,-1.09922,0.38439,1.08279,0.03541,0.00460
44.84,0,-2.56787,-2.49173,-0.00155,0.48188,0.00079,0.00000,
44.84,1,-3.64390,-2.31057,-0.28360,0.46665,0.22435,0.09117,0.06915
44.84,2,-4.30968,-1.51725,-1.07757,0.38890,0.80895,0.03567,0.01385
44.86,0,-2.55827,-2.49175,-0.00154,0.47908,0.00070,0.00000,
44.86,1,-3.63595,-2.31306,-0.28053,0.42262,0.22422,0.09240,0.07875
44.86,2,-4.30586,-1.52435,-1.06887,0.41039,0.23803,0.03481,0.02218
44.88,0,-2.54886,-2.49176,-0.00152,0.49222,0.00071,0.00000,
44.88,1,-3.62774,-2.31547,-0.27542,0.42859,0.25363,0.09318,0.08815
44.88,2,-4.30194,-1.53149,-1.06398,0.40131,0.30250,0.03401,0.03074
44.9,0,-2.53862,-2.49178,-0.00151,0.52027,0.00056,0.00000,
44.9,1,-3.61961,-2.31778,-0.27096,0.41681,0.19954,0.09490,0.09840
44.9,2,-4.29812,-1.53835,-1.05643,0.38720,0.41546,0.03339,0.03919
44.92,0,-2.52830,-2.49179,-0.00149,0.51002,0.00065,0.00000,
44.92,1,-3.61179,-2.31997,-0.26665,0.42257,0.17974,0.09703,0.10872
44.92,2,-4.29456,-1.54468,-1.04651,0.30591,0.70750,0.03307,0.00415
44.94,0,-2.51824,-2.49181,-0.00148,0.49894,0.00066,0.00000,
44.94,1,-3.60347,-2.32225,-0.26325,0.43202,0.17312,0.09840,0.11878
44.94,2,-4.29196,-1.54931,-1.03261,0.24099,0.59357,0.03511,0.01278
44.96,0,-2.50828,-2.49182,-0.00147,0.49886,0.00061,0.00000,
44.96,1,-3.59530,-2.32445,-0.25959,0.41436,0.18790,0.09984,0.12874
44.96,2,-4.28906,-1.55421,-1.02378,0.31759,0.33417,0.03661,0.02124
44.98,0,-2.49826,-2.49184,-0.00146,0.50208,0.00058,0.00000,
44.98,1,-3.58745,-2.32654,-0.25587,0.40167,0.18207,0.10166,0.13876
44.98,2,-4.28565,-1.55967,-1.01901,0.29963,0.10376,0.03710,0.02936
45.0,0,-2.48820,-2.49185,-0.00145,0.50299,0.00056,0.00000,
45.0,1,-3.57972,-2.32856,-0.25236,0.39790,0.17136,0.10367,0.14881
45.0,2,-4.28205,-1.56532,-1.01396,0.37034,0.40630,0.03721,0.03735
45.02,0,-2.47838,-2.49186,-0.00144,0.46502,0.00014,0.00000,
45.02,1,-3.57205,-2.33053,-0.24900,0.39422,0.16544,0.10551,0.15864
45.02,2,-4.27766,-1.57230,-1.00380,0.49497,0.66926,0.03576,0.00395
45.04,0,-2.46896,-2.49188,-0.00143,0.47589,0.00062,0.00000,
45.04,1,-3.56539,-2.33235,-0.24676,0.34933,0.16687,0.10797,0.16806
45.04,2,-4.27220,-1.58036,-0.99408,0.45867,0.33640,0.03203,0.01086
45.06,0,-2.45938,-2.49189,-0.00142,0.48051,0.00060,0.00000,
45.06,1,-3.55852,-2.33411,-0.24296,0.35583,0.18742,0.11041,0.17764
45.06,2,-4.26741,-1.58751,-0.98738,0.40513,0.33442,0.02953,0.01795
45.08,0,-2.44979,-2.49191,-0.00141,0.47839,0.00046,0.00000,
45.08,1,-3.55169,-2.33582,-0.23968,0.34747,0.14676,0.11291,0.18723
45.08,2,-4.26371,-1.59297,-0.98037,0.29105,0.35207,0.02898,0.02499
45.1,0,-2.44044,-2.49192,-0.00139,0.48471,0.00049,0.00000,
45.1,1,-3.54519,-2.33741,-0.23656,0.33583,0.15268,0.11550,0.19658
45.1,2,-4.26032,-1.59788,-0.97363,0.30563,0.31998,0.02875,0.03168
45.12,0,-2.43029,-2.49193,-0.00139,0.51797,0.00033,0.00000,
45.12,1,-3.53834,-2.33907,-0.23391,0.35978,0.12555,0.11855,0.20673
45.12,2,-4.25695,-1.60286,-0.96603,0.27672,0.56306,0.02878,0.00358
45.14,0,-2.41999,-2.49195,-0.00138,0.50977,0.00042,0.00000,
45.14,1,-3.53141,-2.34072,-0.23132,0.35002,0.13344,0.12167,0.21703
45.14,2,-4.25400,-1.60714,-0.95522,0.26419,0.43595,0.02969,0.01070
45.16,0,-2.40994,-2.49196,-0.00137,0.49773,0.00044,0.00000,
45.16,1,-3.52477,-2.34228,-0.22863,0.33545,0.13389,0.12483,0.22708
45.16,2,-4.25061,-1.61192,-0.94855,0.30879,0.25340,0.02969,0.01753
45.18,0,-2.40001,-2.49198,-0.00136,0.49678,0.00040,0.00000,
45.18,1,-3.51830,-2.34379,-0.22603,0.33016,0.12662,0.12807,0.23701
45.18,2,-4.24686,-1.61711,-0.94346,0.32696,0.28906,0.02901,0.02417
45.2,0,-2.39004,-2.49199,-0.00135,0.50004,0.00038,0.00000,
45.2,1,-3.51189,-2.34526,-0.22356,0.32792,0.12113,0.13141,0.24698
45.2,2,-4.24306,-1.62235,-0.93706,0.31695,0.32550,0.02821,0.03075
45.22,0,-2.38002,-2.49200,-0.00135,0.50122,0.00037,0.00000,
45.22,1,-3.50322,-2.34701,-0.21483,0.45405,0.60787,0.13252,0.01002
45.22,2,-4.23931,-1.62754,-0.93004,0.29029,0.49660,0.02930,0.00453
45.24,0,-2.37000,-2.49202,-0.00134,0.50059,0.00036,0.00000,
45.24,1,-3.49466,-2.34867,-0.20340,0.41336,0.48549,0.13376,0.02004
45.24,2,-4.23601,-1.63200,-0.92306,0.28150,0.38420,0.03112,0.01325
45.26,0,-2.36000,-2.49203,-0.00133,0.50008,0.00034,0.00000,
45.26,1,-3.48468,-2.35079,-0.19990,0.56977,0.01600,0.13352,0.03004
45.26,2,-4.23206,-1.63704,-0.91465,0.35938,0.37364,0.03345,0.02345
45.28,0,-2.34999,-2.49204,-0.00133,0.50012,0.00033,0.00000,
45.28,1,-3.47333,-2.35316,-0.19930,0.56821,0.08390,0.13189,0.04004
45.28,2,-4.22735,-1.64324,-0.90862,0.40029,0.26115,0.03563,0.03505
45.3,0,-2.34061,-2.49206,-0.00132,0.47017,0.00026,0.00000,
45.3,1,-3.46282,-2.35531,-0.19631,0.51299,0.18199,0.13050,0.04942
45.3,2,-4.22260,-1.64939,-0.90359,0.36681,0.20527,0.03711,0.04578
45.32,0,-2.33110,-2.49207,-0.00132,0.47848,0.00044,0.00000,
45.32,1,-3.45108,-2.35764,-0.19139,0.64251,0.24962,0.12801,0.00951
45.32,2,-4.21742,-1.65596,-0.89808,0.54407,0.37384,0.03905,0.00635
45.34,0,-2.32153,-2.49208,-0.00131,0.47801,0.00031,0.00000,
45.34,1,-3.43925,-2.35994,-0.18763,0.55456,0.14306,0.12550,0.01908
45.34,2,-4.21088,-1.66414,-0.89531,0.49925,0.06869,0.03901,0.01840
45.36,0,-2.31222,-2.49209,-0.00130,0.47745,0.00034,0.00000,
45.36,1,-3.42929,-2.36184,-0.18516,0.48170,0.12003,0.12464,0.02840
45.36,2,-4.20442,-1.67182,-0.89349,0.50826,0.14853,0.03776,0.02854
45.38,0,-2.30216,-2.49211,-0.00130,0.51578,0.00015,0.00000,
45.38,1,-3.41984,-2.36361,-0.18258,0.48671,0.13627,0.12505,0.03846
45.38,2,-4.19779,-1.67987,-0.88838,0.52879,0.33010,0.03572,0.03815
45.4,0,-2.29186,-2.49212,-0.00129,0.50996,0.00025,0.00000,
45.4,1,-3.41128,-2.36532,-0.18099,0.44961,0.13072,0.12657,0.04875
45.4,2,-4.19115,-1.68807,-0.88132,0.52354,0.34966,0.03290,0.04688
45.42,0,-2.28182,-2.49213,-0.00129,0.49709,0.00028,0.00000,
45.42,1,-3.40271,-2.36706,-0.17373,0.41341,0.48768,0.12784,0.01004
45.42,2,-4.18491,-1.69556,-0.87690,0.46456,-0.34888,0.03091,0.00413
45.44,0,-2.27191,-2.49215,-0.00128,0.49522,0.00025,0.00000,
45.44,1,-3.39418,-2.36845,-0.16407,0.45932,0.36173,0.12906,0.01995
45.44,2,-4.17881,-1.70279,-0.88608,0.47317,-0.45828,0.02895,0.01276
45.46,0,-2.26197,-2.49216,-0.00128,0.49846,0.00023,0.00000,
45.46,1,-3.38479,-2.37006,-0.16019,0.51170,0.07941,0.12943,0.02989
45.46,2,-4.17286,-1.70980,-0.89394,0.43116,-0.01576,0.02810,0.02229
45.48,0,-2.25198,-2.49217,-0.00127,0.49991,0.00022,0.00000,
45.48,1,-3.37385,-2.37187,-0.15963,0.56773,0.03179,0.12830,0.03988
45.48,2,-4.16709,-1.71669,-0.87603,0.40208,1.02376,0.02884,0.03338
45.5,0,-2.24199,-2.49218,-0.00127,0.49936,0.00022,0.00000,
45.5,1,-3.36302,-2.37362,-0.15810,0.52713,0.10787,0.12728,0.04987
45.5,2,-4.16258,-1.72207,-0.86430,0.35317,0.39512,0.03142,0.04434
45.52,0,-2.23201,-2.49220,-0.00126,0.49879,0.00021,0.00000,
45.52,1,-3.35032,-2.37545,-0.15378,0.67783,0.27522,0.12439,0.00998
45.52,2,-4.15716,-1.72846,-0.85718,0.50859,0.49748,0.03420,0.00673
45.54,0,-2.22204,-2.49221,-0.00126,0.49879,0.00020,0.00000,
45.54,1,-3.33700,-2.37736,-0.14857,0.65492,0.21141,0.12086,0.01995
45.54,2,-4.15063,-1.73627,-0.84723,0.51038,0.50775,0.03585,0.02019
45.56,0,-2.21206,-2.49222,-0.00125,0.49896,0.00019,0.00000,
45.56,1,-3.32521,-2.37910,-0.14631,0.54923,0.05648,0.11888,0.02993
45.56,2,-4.14375,-1.74369,-0.83959,0.51638,0.21789,0.03622,0.03211
45.58,0,-2.20208,-2.49223,-0.00125,0.49900,0.00019,0.00000,
45.58,1,-3.31612,-2.38062,-0.14690,0.38982,-0.07849,0.11962,0.03991
45.58,2,-4.13586,-1.75247,-0.83304,0.62989,0.38972,0.03273,0.04132
45.6,0,-2.19210,-2.49225,-0.00125,0.49897,0.00018,0.00000,
45.6,1,-3.30817,-2.38205,-0.14977,0.42196,-0.12591,0.12150,0.04989
45.6,2,-4.12751,-1.76176,-0.82521,0.58456,0.36362,0.02766,0.04940
45.62,0,-2.18268,-2.49226,-0.00125,0.46780,0.00008,0.00000,
45.62,1,-3.29661,-2.38349,-0.14478,0.56722,0.58491,0.11923,0.00942
45.62,2,-4.11992,-1.77007,-0.81834,0.54696,0.33079,0.02671,0.06104
45.64,0,-2.17321,-2.49227,-0.00124,0.47685,0.00029,0.00000,
45.64,1,-3.28533,-2.38507,-0.13375,0.57444,0.47888,0.11727,0.01889
45.64,2,-4.11274,-1.77779,-0.81209,0.50761,0.29406,0.02635,0.07243
45.66,0,-2.16366,-2.49228,-0.00124,0.47706,0.00019,0.00000,
45.66,1,-3.27424,-2.38703,-0.12610,0.54916,0.25477,0.11555,0.02844
45.66,2,-4.10574,-1.78520,-0.80622,0.51144,0.29555,0.02645,0.08369
45.68,0,-2.15435,-2.49229,-0.00123,0.48280,0.00017,0.00000,
45.68,1,-3.26418,-2.38849,-0.12572,0.46243,-0.08419,0.11467,0.03775
45.68,2,-4.09867,-1.79258,-0.80033,0.50933,0.29132,0.02542,0.09386
45.7,0,-2.14424,-2.49231,-0.00123,0.51572,0.00003,0.00000,
45.7,1,-3.25473,-2.38964,-0.12584,0.48272,0.05503,0.11522,0.04786
45.7,2,-4.09165,-1.79981,-0.79462,0.49907,0.28093,0.02388,0.10337
45.72,0,-2.13398,-2.49232,-0.00123,0.50733,0.00014,0.00000,
45.72,1,-3.24384,-2.39077,-0.14874,0.54590,-1.67608,0.11449,0.01026
45.72,2,-4.08487,-1.80676,-0.78498,0.45917,1.01563,0.02392,0.00546
45.74,0,-2.12399,-2.49233,-0.00123,0.49534,0.00016,0.00000,
45.74,1,-3.23451,-2.39211,-0.17353,0.43354,-0.84133,0.11504,0.02026
45.74,2,-4.07846,-1.81317,-0.76429,0.46076,0.75289,0.02344,0.01489
45.76,0,-2.11410,-2.49234,-0.00122,0.49446,0.00014,0.00000,
45.76,1,-3.22524,-2.39371,-0.17603,0.51039,0.33947,0.11550,0.03014
45.76,2,-4.07160,-1.81974,-0.75707,0.48243,0.15379,0.02263,0.02429
45.78,0,-2.10418,-2.49236,-0.00122,0.49773,0.00012,0.00000,
45.78,1,-3.21570,-2.39544,-0.16850,0.49752,0.35409,0.11574,0.04006
45.78,2,-4.06463,-1.82631,-0.75388,0.47301,0.22037,0.02205,0.03398
45.8,0,-2.09421,-2.49237,-0.00122,0.49889,0.00012,0.00000,
45.8,1,-3.20580,-2.39716,-0.16381,0.49822,0.14777,0.11566,0.05004
45.8,2,-4.05786,-1.83266,-0.74786,0.45741,0.34200,0.02210,0.04403
45.82,0,-2.08423,-2.49238,-0.00122,0.49825,0.00012,0.00000,
45.82,1,-3.19647,-2.39874,-0.16109,0.47494,0.12553,0.11617,0.06001
45.82,2,-4.05205,-1.83817,-0.73984,0.26044,0.53879,0.02288,0.00466
45.84,0,-2.07428,-2.49239,-0.00121,0.49774,0.00011,0.00000,
45.84,1,-3.18677,-2.40033,-0.15857,0.49826,0.13547,0.11629,0.06997
45.84,2,-4.04942,-1.84100,-0.73379,0.14302,0.24001,0.02811,0.01449
45.86,0,-2.06432,-2.49240,-0.00121,0.49778,0.00011,0.00000,
45.86,1,-3.17704,-2.40189,-0.15564,0.48430,0.15144,0.11640,0.07992
45.86,2,-4.04777,-1.84310,-0.72911,0.10747,0.22747,0.03461,0.02434
45.88,0,-2.05436,-2.49242,-0.00121,0.49794,0.00011,0.00000,
45.88,1,-3.16768,-2.40336,-0.15267,0.46691,0.14417,0.11687,0.08988
45.88,2,-4.04691,-1.84455,-0.72641,0.10799,0.00228,0.04179,0.03381
45.9,0,-2.04440,-2.49243,-0.00121,0.49797,0.00010,0.00000,
45.9,1,-3.15854,-2.40477,-0.14989,0.46014,0.13496,0.11758,0.09984
45.9,2,-4.04430,-1.84695,-0.72520,0.22829,0.14168,0.04677,0.04306
45.92,0,-2.03445,-2.49244,-0.00121,0.49794,0.00010,0.00000,
45.92,1,-3.14948,-2.40614,-0.14724,0.45628,0.13092,0.11837,0.10980
45.92,2,-4.04042,-1.84983,-0.72138,0.24001,0.19471,0.05036,0.00457
45.94,0,-2.02449,-2.49245,-0.00120,0.49792,0.00009,0.00000,
45.94,1,-3.14097,-2.40746,-0.14519,0.38821,0.06430,0.11972,0.11976
45.94,2,-4.03667,-1.85314,-0.71994,0.25864,-0.04761,0.05335,0.01318
45.96,0,-2.01453,-2.49246,-0.00120,0.49792,0.00009,0.00000,
45.96,1,-3.13310,-2.40867,-0.14291,0.40567,0.14306,0.12171,0.12971
45.96,2,-4.03175,-1.85768,-0.71909,0.41842,0.15080,0.05411,0.02114
45.98,0,-2.00457,-2.49248,-0.00120,0.49793,0.00009,0.00000,
45.98,1,-3.12503,-2.40986,-0.14004,0.40630,0.13337,0.12351,0.13967
45.98,2,-4.02471,-1.86378,-0.71327,0.47527,0.36710,0.05243,0.02930
46.0,0,-1.99469,-2.49249,-0.00120,0.45991,-0.00034,0.00000,
46.0,1,-3.11729,-2.41096,-0.13742,0.39124,0.12132,0.12556,0.14955
46.0,2,-4.01791,-1.86958,-0.70585,0.41960,0.35326,0.05081,0.03711
46.02,0,-1.98538,-2.49250,-0.00120,0.47043,0.00010,0.00000,
46.02,1,-3.10868,-2.41207,-0.13041,0.41756,0.48050,0.12617,0.00931
46.02,2,-4.01184,-1.87471,-0.69942,0.38752,0.30155,0.05093,0.04580
46.04,0,-1.97589,-2.49251,-0.00120,0.47677,0.00018,0.00000,
46.04,1,-3.10013,-2.41316,-0.12395,0.46050,0.15961,0.12704,0.01880
46.04,2,-4.00588,-1.87971,-0.69354,0.39219,0.29112,0.05117,0.05442
46.06,0,-1.96647,-2.49252,-0.00119,0.44274,0.00040,0.00000,
46.06,1,-3.09049,-2.41437,-0.12264,0.51094,0.02703,0.12674,0.02822
46.06,2,-3.99991,-1.88470,-0.68799,0.35720,0.20587,0.05242,0.06413
46.08,0,-1.95691,-2.49253,-0.00119,0.50194,-0.00002,0.00000,
46.08,1,-3.08043,-2.41560,-0.12133,0.50870,0.09176,0.12615,0.03778
46.08,2,-3.99445,-1.88928,-0.68280,0.35593,0.29445,0.05472,0.07427
46.1,0,-1.94666,-2.49255,-0.00119,0.51444,-0.00000,0.00000,
46.1,1,-3.07048,-2.41681,-0.11914,0.49146,0.11576,0.12637,0.04803
46.1,2,-3.98896,-1.89377,-0.67687,0.35261,0.28527,0.05696,0.08428
46.12,0,-1.93651,-2.49256,-0.00119,0.50057,0.00009,0.00000,
46.12,1,-3.06095,-2.41795,-0.11693,0.47297,0.10405,0.12690,0.05817
46.12,2,-3.98345,-1.89831,-0.67003,0.32313,0.48560,0.05879,0.00476
46.14,0,-1.92661,-2.49257,-0.00119,0.49304,0.00008,0.00000,
46.14,1,-3.05248,-2.41902,-0.11567,0.40870,0.06507,0.12828,0.06808
46.14,2,-3.97869,-1.90234,-0.66282,0.31386,0.38349,0.06058,0.01329
46.16,0,-1.91673,-2.49258,-0.00119,0.49501,0.00006,0.00000,
46.16,1,-3.04411,-2.42004,-0.11368,0.42920,0.11497,0.12971,0.07796
46.16,2,-3.97333,-1.90641,-0.65457,0.37687,0.36410,0.06172,0.02172
46.18,0,-1.90680,-2.49259,-0.00119,0.49776,0.00006,0.00000,
46.18,1,-3.03560,-2.42103,-0.11151,0.42453,0.09802,0.13107,0.08789
46.18,2,-3.96622,-1.91191,-0.64833,0.48528,0.27900,0.06078,0.03029
46.2,0,-1.89684,-2.49261,-0.00119,0.49794,0.00006,0.00000,
46.2,1,-3.02732,-2.42196,-0.10976,0.41018,0.08260,0.13269,0.09785
46.2,2,-3.95869,-1.91767,-0.64279,0.45752,0.28020,0.05913,0.03862
46.22,0,-1.88689,-2.49262,-0.00118,0.49719,0.00006,0.00000,
46.22,1,-3.01603,-2.42287,-0.10297,0.57568,0.51305,0.13129,0.00995
46.22,2,-3.95164,-1.92299,-0.63720,0.43043,0.27851,0.06077,0.04994
46.24,0,-1.87695,-2.49263,-0.00118,0.49693,0.00005,0.00000,
46.24,1,-3.00467,-2.42378,-0.09274,0.53796,0.49667,0.12982,0.01989
46.24,2,-3.94483,-1.92805,-0.63175,0.42160,0.26644,0.06285,0.06134
46.26,0,-1.86701,-2.49264,-0.00118,0.49707,0.00005,0.00000,
46.26,1,-2.99353,-2.42518,-0.08821,0.57330,0.05404,0.12854,0.02983
46.26,2,-3.93827,-1.93291,-0.62712,0.37824,0.16593,0.06530,0.07256
46.28,0,-1.85706,-2.49265,-0.00118,0.49719,0.00005,0.00000,
46.28,1,-2.98250,-2.42628,-0.08891,0.47484,-0.11223,0.12739,0.03977
46.28,2,-3.93216,-1.93743,-0.62248,0.38211,0.27088,0.06809,0.08364
46.3,0,-1.84712,-2.49266,-0.00118,0.49718,0.00005,0.00000,
46.3,1,-2.97301,-2.42714,-0.08948,0.48184,0.04300,0.12779,0.04972
46.3,2,-3.92597,-1.94190,-0.61709,0.37985,0.25570,0.06939,0.09318
46.32,0,-1.83718,-2.49268,-0.00118,0.49714,0.00005,0.00000,
46.32,1,-2.95975,-2.42796,-0.08571,0.73088,0.28763,0.12444,0.00994
46.32,2,-3.91890,-1.94686,-0.61100,0.53392,0.60696,0.07305,0.00729
46.34,0,-1.82723,-2.49269,-0.00118,0.49714,0.00005,0.00000,
46.34,1,-2.94723,-2.42886,-0.07982,0.61536,0.19497,0.12181,0.01989
46.34,2,-3.91063,-1.95257,-0.59911,0.46150,0.57680,0.07471,0.01984
46.36,0,-1.81729,-2.49270,-0.00118,0.49715,0.00004,0.00000,
46.36,1,-2.93535,-2.43003,-0.07731,0.50292,0.02487,0.11981,0.02983
46.36,2,-3.90281,-1.95772,-0.58667,0.48841,0.68080,0.07659,0.03178
46.38,0,-1.80735,-2.49271,-0.00118,0.49715,0.00004,0.00000,
46.38,1,-2.92661,-2.43085,-0.07673,0.44448,0.08441,0.12098,0.03977
46.38,2,-3.89348,-1.96380,-0.57739,0.60993,0.27935,0.07376,0.04055
46.4,0,-1.79740,-2.49272,-0.00118,0.49715,0.00004,0.00000,
46.4,1,-2.91747,-2.43153,-0.07499,0.46695,0.06857,0.12173,0.04971
46.4,2,-3.88295,-1.97073,-0.57307,0.64542,0.16157,0.06981,0.04972
46.42,0,-1.78746,-2.49273,-0.00117,0.49715,0.00004,0.00000,
46.42,1,-2.90858,-2.43224,-0.07378,0.46719,0.03910,0.12275,0.05966
46.42,2,-3.87234,-1.97763,-0.56942,0.61536,0.21439,0.06560,0.05863
46.44,0,-1.77752,-2.49275,-0.00117,0.49715,0.00004,0.00000,
46.44,1,-2.89847,-2.43300,-0.07340,0.52250,0.01536,0.12254,0.06960
46.44,2,-3.86232,-1.98407,-0.56459,0.58364,0.25105,0.06328,0.06878
46.46,0,-1.76758,-2.49276,-0.00117,0.49715,0.00004,0.00000,
46.46,1,-2.88831,-2.43375,-0.07289,0.49260,0.03411,0.12228,0.07954
46.46,2,-3.85254,-1.99027,-0.55979,0.57799,0.22694,0.06133,0.07897
46.48,0,-1.75763,-2.49277,-0.00117,0.49715,0.00003,0.00000,
46.48,1,-2.87885,-2.43444,-0.07213,0.46293,0.03790,0.12274,0.08949
46.48,2,-3.84275,-1.99641,-0.55550,0.57651,0.20806,0.05876,0.08844
46.5,0,-1.74805,-2.49278,-0.00118,0.46271,-0.00020,0.00000,
46.5,1,-2.87085,-2.43508,-0.07193,0.40962,0.02871,0.12428,0.09907
46.5,2,-3.83381,-2.00215,-0.55292,0.51685,0.17146,0.05580,0.09647
46.52,0,-1.73867,-2.49279,-0.00117,0.47346,0.00014,0.00000,
46.52,1,-2.86315,-2.43570,-0.07222,0.35814,-0.07244,0.12592,0.00938
46.52,2,-3.82582,-2.00729,-0.54580,0.38759,0.80840,0.05369,0.00358
46.54,0,-1.72916,-2.49280,-0.00117,0.47602,0.00009,0.00000,
46.54,1,-2.85557,-2.43648,-0.07521,0.41441,-0.14250,0.12782,0.01889
46.54,2,-3.81941,-2.01136,-0.53177,0.36782,0.51604,0.05343,0.01120
46.56,0,-1.71989,-2.49281,-0.00117,0.47557,0.00009,0.00000,
46.56,1,-2.84657,-2.43717,-0.07566,0.44436,0.08156,0.12805,0.02816
46.56,2,-3.81467,-2.01446,-0.52943,0.27119,0.09526,0.05636,0.02023
46.58,0,-1.70987,-2.49283,-0.00117,0.51368,-0.00009,0.00000,
46.58,1,-2.83697,-2.43788,-0.07375,0.51322,0.07789,0.12844,0.03818
46.58,2,-3.80987,-2.01742,-0.52491,0.27110,0.29974,0.05986,0.02985
46.6,0,-1.69962,-2.49284,-0.00117,0.50748,0.00002,0.00000,
46.6,1,-2.82672,-2.43863,-0.07270,0.50299,0.03881,0.12841,0.04843
46.6,2,-3.80488,-2.02040,-0.51846,0.33484,0.26604,0.06382,0.04012
46.62,0,-1.68963,-2.49285,-0.00117,0.49457,0.00006,0.00000,
46.62,1,-2.81745,-2.43934,-0.07139,0.41282,-0.00654,0.12909,0.00999
46.62,2,-3.79828,-2.02420,-0.51311,0.38183,0.49478,0.06507,0.00417
46.64,0,-1.67977,-2.49286,-0.00117,0.49280,0.00003,0.00000,
46.64,1,-2.80881,-2.44007,-0.07184,0.47117,-0.01601,0.13027,0.01985
46.64,2,-3.79180,-2.02776,-0.50612,0.36191,0.32394,0.06596,0.01285
46.66,0,-1.66988,-2.49287,-0.00117,0.49609,0.00002,0.00000,
46.66,1,-2.79844,-2.44084,-0.07132,0.54685,0.05576,0.12976,0.02974
46.66,2,-3.78488,-2.03161,-0.50129,0.43101,0.16335,0.06796,0.02324
46.68,0,-1.65994,-2.49288,-0.00117,0.49751,0.00002,0.00000,
46.68,1,-2.78756,-2.44162,-0.07000,0.53452,0.06474,0.12879,0.03968
46.68,2,-3.77716,-2.03592,-0.49766,0.44686,0.19152,0.06953,0.03415
46.7,0,-1.64999,-2.49290,-0.00117,0.49695,0.00003,0.00000,
46.7,1,-2.77729,-2.44234,-0.06891,0.50131,0.04742,0.12843,0.04963
46.7,2,-3.76940,-2.04017,-0.49384,0.43397,0.19601,0.07053,0.04445
46.72,0,-1.64006,-2.49291,-0.00117,0.49637,0.00002,0.00000,
46.72,1,-2.76743,-2.44302,-0.06803,0.49107,0.04251,0.12848,0.05956
46.72,2,-3.76197,-2.04417,-0.48983,0.41366,0.20103,0.07154,0.05433
46.74,0,-1.63013,-2.49292,-0.00117,0.49638,0.00002,0.00000,
46.74,1,-2.75764,-2.44369,-0.06716,0.49077,0.04421,0.12858,0.06949
46.74,2,-3.75475,-2.04802,-0.48591,0.40713,0.19057,0.07275,0.06415
46.76,0,-1.62020,-2.49293,-0.00117,0.49655,0.00002,0.00000,
46.76,1,-2.74789,-2.44434,-0.06628,0.48535,0.04355,0.12873,0.07942
46.76,2,-3.74781,-2.05177,-0.48294,0.35976,0.05097,0.07422,0.07391
46.78,0,-1.61027,-2.49294,-0.00117,0.49660,0.00002,0.00000,
46.78,1,-2.73830,-2.44498,-0.06544,0.47626,0.04145,0.12905,0.08935
46.78,2,-3.74140,-2.05524,-0.47978,0.36795,0.21974,0.07615,0.08352
46.8,0,-1.60034,-2.49295,-0.00117,0.49656,0.00002,0.00000,
46.8,1,-2.72924,-2.44559,-0.06480,0.43536,0.02766,0.12990,0.09928
46.8,2,-3.73487,-2.05866,-0.47540,0.36695,0.19924,0.07750,0.09260
46.82,0,-1.59041,-2.49297,-0.00116,0.49653,0.00002,0.00000,
46.82,1,-2.72060,-2.44612,-0.06330,0.39533,0.00833,0.13117,0.00993
46.82,2,-3.72783,-2.06222,-0.47849,0.43793,-1.37179,0.07791,0.00401
46.84,0,-1.58048,-2.49298,-0.00116,0.49654,0.00002,0.00000,
46.84,1,-2.71203,-2.44663,-0.06345,0.47043,0.00423,0.13250,0.01986
46.84,2,-3.72011,-2.06609,-0.50529,0.39911,-1.16684,0.07751,0.01260
46.86,0,-1.57055,-2.49299,-0.00116,0.49655,0.00002,0.00000,
46.86,1,-2.70191,-2.44730,-0.06277,0.52347,0.05233,0.13228,0.02979
46.86,2,-3.71389,-2.06985,-0.52074,0.37341,-0.35877,0.08008,0.02274
46.88,0,-1.56062,-2.49300,-0.00116,0.49655,0.00002,0.00000,
46.88,1,-2.69196,-2.44796,-0.06136,0.51198,0.05921,0.13224,0.03972
46.88,2,-3.70746,-2.07369,-0.51947,0.35854,0.27791,0.08228,0.03271
46.9,0,-1.55069,-2.49301,-0.00116,0.49655,0.00002,0.00000,
46.9,1,-2.68131,-2.44863,-0.06058,0.53953,0.03017,0.13149,0.04965
46.9,2,-3.70136,-2.07741,-0.51378,0.36062,0.27201,0.08551,0.04339
46.92,0,-1.54075,-2.49302,-0.00116,0.49655,0.00002,0.00000,
46.92,1,-2.66719,-2.44931,-0.05874,0.72350,0.19237,0.12728,0.00993
46.92,2,-3.69384,-2.08155,-0.50657,0.55612,0.77033,0.09053,0.00763
46.94,0,-1.53082,-2.49304,-0.00116,0.49655,0.00002,0.00000,
46.94,1,-2.65324,-2.45003,-0.05455,0.69583,0.23259,0.12324,0.01986
46.94,2,-3.68471,-2.08604,-0.48845,0.48752,0.90909,0.09381,0.02160
46.96,0,-1.52089,-2.49305,-0.00116,0.49655,0.00001,0.00000,
46.96,1,-2.64031,-2.45080,-0.05096,0.59676,0.09207,0.12021,0.02979
46.96,2,-3.67578,-2.09064,-0.47377,0.53780,0.34246,0.09631,0.03456
46.98,0,-1.51096,-2.49306,-0.00116,0.49655,0.00001,0.00000,
46.98,1,-2.63139,-2.45138,-0.05082,0.43364,-0.01616,0.12121,0.03972
46.98,2,-3.66551,-2.09640,-0.47061,0.66177,0.28034,0.09334,0.04349
47.0,0,-1.50103,-2.49307,-0.00116,0.49655,0.00001,0.00000,
47.0,1,-2.62258,-2.45186,-0.05068,0.45285,0.02767,0.12230,0.04965
47.0,2,-3.65280,-2.10272,-0.45988,0.72491,0.52408,0.08778,0.05232
47.02,0,-1.49110,-2.49308,-0.00116,0.49655,0.00001,0.00000,
47.02,1,-2.61033,-2.45234,-0.04916,0.60129,0.12823,0.11997,0.00993
47.02,2,-3.64023,-2.10883,-0.45195,0.66730,0.41924,0.08567,0.00650
47.04,0,-1.48117,-2.49309,-0.00116,0.49655,0.00001,0.00000,
47.04,1,-2.59832,-2.45281,-0.04660,0.60130,0.12816,0.11787,0.01986
47.04,2,-3.62868,-2.11438,-0.44406,0.62911,0.33250,0.08452,0.01853
47.06,0,-1.47124,-2.49310,-0.00116,0.49655,0.00001,0.00000,
47.06,1,-2.58646,-2.45325,-0.04472,0.57573,0.04078,0.11593,0.02979
47.06,2,-3.61765,-2.11971,-0.43976,0.59918,0.16588,0.08379,0.03040
47.08,0,-1.46131,-2.49312,-0.00116,0.49655,0.00001,0.00000,
47.08,1,-2.57625,-2.45374,-0.04491,0.41972,-0.04538,0.11563,0.03972
47.08,2,-3.60668,-2.12494,-0.43498,0.61198,0.28046,0.08162,0.04062
47.1,0,-1.45138,-2.49313,-0.00116,0.49655,0.00001,0.00000,
47.1,1,-2.56755,-2.45419,-0.04501,0.45161,0.02321,0.11685,0.04965
47.1,2,-3.59564,-2.13009,-0.42943,0.60408,0.26179,0.07797,0.04933
47.12,0,-1.44200,-2.49314,-0.00116,0.46574,-0.00008,0.00000,
47.12,1,-2.55830,-2.45464,-0.04433,0.46634,0.03325,0.11696,0.05903
47.12,2,-3.58503,-2.13503,-0.42533,0.55520,0.13015,0.07533,0.05859
47.14,0,-1.43257,-2.49315,-0.00116,0.47467,0.00013,0.00000,
47.14,1,-2.54925,-2.45506,-0.04375,0.47292,0.01449,0.11732,0.06846
47.14,2,-3.57495,-2.13968,-0.42105,0.55610,0.26197,0.07310,0.06765
47.16,0,-1.42310,-2.49316,-0.00116,0.45551,0.00021,0.00000,
47.16,1,-2.53966,-2.45548,-0.04358,0.47765,0.00835,0.11719,0.07793
47.16,2,-3.56481,-2.14423,-0.41585,0.55388,0.24305,0.07136,0.07725
47.18,0,-1.41369,-2.49317,-0.00116,0.49704,-0.00007,0.00000,
47.18,1,-2.53036,-2.45589,-0.04333,0.45502,0.01545,0.11730,0.08735
47.18,2,-3.55478,-2.14867,-0.41148,0.54353,0.20415,0.06949,0.08656
47.2,0,-1.40347,-2.49318,-0.00116,0.51407,-0.00008,0.00000,
47.2,1,-2.52144,-2.45628,-0.04300,0.44203,0.01639,0.11857,0.09756
47.2,2,-3.54493,-2.15297,-0.40746,0.53288,0.20111,0.06749,0.09549
47.22,0,-1.39332,-2.49320,-0.00116,0.50079,0.00003,0.00000,
47.22,1,-2.51124,-2.45668,-0.04113,0.51319,0.13834,0.11851,0.01015
47.22,2,-3.53531,-2.15714,-0.40294,0.52568,0.22003,0.06698,0.10569
47.24,0,-1.38342,-2.49321,-0.00116,0.49210,0.00003,0.00000,
47.24,1,-2.50120,-2.45708,-0.03931,0.51102,0.03907,0.11836,0.02005
47.24,2,-3.52549,-2.16133,-0.39916,0.53663,0.17568,0.06613,0.11574
47.26,0,-1.37358,-2.49322,-0.00116,0.49357,0.00001,0.00000,
47.26,1,-2.49041,-2.45751,-0.03936,0.55233,-0.01676,0.11741,0.02990
47.26,2,-3.51571,-2.16546,-0.39559,0.52403,0.18309,0.06608,0.12654
47.28,0,-1.36367,-2.49323,-0.00116,0.49653,0.00001,0.00000,
47.28,1,-2.47952,-2.45793,-0.03945,0.53366,0.00840,0.11641,0.03980
47.28,2,-3.50619,-2.16944,-0.39187,0.50985,0.18570,0.06643,0.13744
47.3,0,-1.35373,-2.49324,-0.00116,0.49691,0.00001,0.00000,
47.3,1,-2.46915,-2.45834,-0.03910,0.50919,0.02042,0.11597,0.04974
47.3,2,-3.49692,-2.17329,-0.38847,0.47004,0.06527,0.06656,0.14781
47.32,0,-1.34380,-2.49325,-0.00116,0.49615,0.00001,0.00000,
47.32,1,-2.45625,-2.45879,-0.03834,0.71063,0.04178,0.11299,0.00993
47.32,2,-3.48870,-2.17686,-0.38649,0.45478,0.19879,0.07024,0.16072
47.34,0,-1.33388,-2.49326,-0.00116,0.49583,0.00001,0.00000,
47.34,1,-2.44355,-2.45928,-0.03766,0.56052,0.03066,0.11019,0.01985
47.34,2,-3.48020,-2.18036,-0.38196,0.46035,0.21659,0.07351,0.17343
47.36,0,-1.32396,-2.49328,-0.00116,0.49597,0.00001,0.00000,
47.36,1,-2.43280,-2.45970,-0.03737,0.52780,0.00722,0.10934,0.02977
47.36,2,-3.47176,-2.18377,-0.37840,0.44966,0.15141,0.07497,0.18419
47.38,0,-1.31404,-2.49329,-0.00116,0.49610,0.00001,0.00000,
47.38,1,-2.42475,-2.46011,-0.03825,0.38540,-0.05643,0.11120,0.03969
47.38,2,-3.46364,-2.18703,-0.37478,0.45141,0.14221,0.07418,0.19225
47.4,0,-1.30412,-2.49330,-0.00116,0.49609,0.00001,0.00000,
47.4,1,-2.41667,-2.46051,-0.03916,0.42793,-0.01411,0.11303,0.04961
47.4,2,-3.45503,-2.19042,-0.37231,0.46483,0.12386,0.07291,0.20034
47.42,0,-1.29420,-2.49331,-0.00116,0.49605,0.00001,0.00000,
47.42,1,-2.40791,-2.46086,-0.03872,0.41247,0.04909,0.11418,0.05953
47.42,2,-3.44654,-2.19374,-0.36955,0.44727,0.14768,0.07243,0.20911
47.44,0,-1.28428,-2.49332,-0.00116,0.49604,0.00001,0.00000,
47.44,1,-2.39868,-2.46122,-0.03808,0.48986,0.01791,0.11487,0.06945
47.44,2,-3.43836,-2.19690,-0.36657,0.43286,0.14638,0.07275,0.21834
47.46,0,-1.27436,-2.49333,-0.00116,0.49605,0.00001,0.00000,
47.46,1,-2.38889,-2.46159,-0.03787,0.48038,0.00862,0.11498,0.07937
47.46,2,-3.43034,-2.19998,-0.36377,0.42824,0.13551,0.07380,0.22814
47.48,0,-1.26444,-2.49335,-0.00116,0.49606,0.00001,0.00000,
47.48,1,-2.37967,-2.46194,-0.03764,0.44799,0.01469,0.11567,0.08929
47.48,2,-3.42302,-2.20291,-0.36254,0.37950,0.08646,0.07503,0.23737
47.5,0,-1.25452,-2.49336,-0.00116,0.49606,0.00001,0.00000,
47.5,1,-2.37086,-2.46227,-0.03732,0.43762,0.01617,0.11678,0.09921
47.5,2,-3.41582,-2.20570,-0.35934,0.38967,0.18398,0.07599,0.24618
47.52,0,-1.24459,-2.49337,-0.00116,0.49606,0.00001,0.00000,
47.52,1,-2.36164,-2.46259,-0.03568,0.43160,0.11580,0.11747,0.00992
47.52,2,-3.40793,-2.20860,-0.36081,0.47010,-1.01440,0.07668,0.00441
47.54,0,-1.23467,-2.49338,-0.00116,0.49606,0.00001,0.00000,
47.54,1,-2.35263,-2.46290,-0.03431,0.47816,0.02432,0.11837,0.01984
47.54,2,-3.39983,-2.21173,-0.38488,0.40493,-1.08886,0.07690,0.01343
47.56,0,-1.22475,-2.49339,-0.00116,0.49606,0.00001,0.00000,
47.56,1,-2.34253,-2.46324,-0.03434,0.51741,-0.00832,0.11819,0.02976
47.56,2,-3.39250,-2.21489,-0.39564,0.40871,0.07318,0.07894,0.02353
47.58,0,-1.21483,-2.49340,-0.00116,0.49606,0.00001,0.00000,
47.58,1,-2.33231,-2.46359,-0.03430,0.50160,0.01158,0.11788,0.03968
47.58,2,-3.38449,-2.21822,-0.38576,0.45185,0.62616,0.08041,0.03376
47.6,0,-1.20491,-2.49341,-0.00116,0.49606,0.00001,0.00000,
47.6,1,-2.32262,-2.46392,-0.03394,0.46573,0.02221,0.11809,0.04961
47.6,2,-3.37601,-2.22165,-0.37600,0.45531,0.35265,0.08089,0.04346
47.62,0,-1.19499,-2.49343,-0.00116,0.49606,0.00001,0.00000,
47.62,1,-2.30988,-2.46424,-0.03299,0.67103,0.06843,0.11527,0.00992
47.62,2,-3.36681,-2.22518,-0.36950,0.53441,0.61307,0.08362,0.00686
47.64,0,-1.18507,-2.49344,-0.00116,0.49606,0.00001,0.00000,
47.64,1,-2.29646,-2.46456,-0.03162,0.67103,0.06834,0.11177,0.01984
47.64,2,-3.35703,-2.22901,-0.35952,0.52568,0.51123,0.08641,0.02028
47.66,0,-1.17515,-2.49345,-0.00116,0.49606,0.00000,0.00000,
47.66,1,-2.28415,-2.46487,-0.03090,0.60764,0.00092,0.10937,0.02976
47.66,2,-3.34726,-2.23252,-0.34772,0.53253,0.57163,0.08821,0.03260
47.68,0,-1.16523,-2.49346,-0.00116,0.49606,0.00000,0.00000,
47.68,1,-2.27543,-2.46521,-0.03188,0.40548,-0.07277,0.11056,0.03968
47.68,2,-3.33531,-2.23691,-0.34212,0.69351,0.13281,0.08419,0.04133
47.7,0,-1.15530,-2.49347,-0.00116,0.49606,0.00000,0.00000,
47.7,1,-2.26722,-2.46557,-0.03317,0.42195,-0.03894,0.11227,0.04961
47.7,2,-3.32231,-2.24160,-0.33915,0.66951,0.20145,0.07859,0.04954
47.72,0,-1.14538,-2.49348,-0.00116,0.49606,0.00000,0.00000,
47.72,1,-2.25582,-2.46587,-0.03103,0.59744,0.24276,0.11078,0.00992
47.72,2,-3.31084,-2.24574,-0.33370,0.49521,0.24074,0.07774,0.00600
47.74,0,-1.13546,-2.49349,-0.00116,0.49606,0.00000,0.00000,
47.74,1,-2.24387,-2.46618,-0.02616,0.59745,0.24368,0.10875,0.01984
47.74,2,-3.30220,-2.24925,-0.32786,0.47057,0.30152,0.08033,0.01795
47.76,0,-1.12554,-2.49351,-0.00116,0.49606,0.00000,0.00000,
47.76,1,-2.23272,-2.46678,-0.02195,0.54452,0.09533,0.10750,0.02976
47.76,2,-3.29277,-2.25261,-0.32306,0.52688,0.21202,0.08147,0.02912
47.78,0,-1.11562,-2.49352,-0.00116,0.49606,0.00000,0.00000,
47.78,1,-2.22346,-2.46716,-0.02224,0.43351,-0.03653,0.10815,0.03968
47.78,2,-3.28269,-2.25605,-0.31800,0.50263,0.38136,0.08006,0.03839
47.8,0,-1.10570,-2.49353,-0.00116,0.49606,0.00000,0.00000,
47.8,1,-2.21453,-2.46724,-0.02097,0.45506,0.09022,0.10914,0.04961
47.8,2,-3.27231,-2.25954,-0.31242,0.57319,0.21378,0.07798,0.04731
47.82,0,-1.09578,-2.49354,-0.00116,0.49606,0.00000,0.00000,
47.82,1,-2.20256,-2.46737,-0.02071,0.60916,-0.06987,0.10709,0.00992
47.82,2,-3.26140,-2.26307,-0.30845,0.56414,0.20412,0.07837,0.05928
47.84,0,-1.08586,-2.49355,-0.00116,0.49606,0.00000,0.00000,
47.84,1,-2.19038,-2.46748,-0.02213,0.60834,-0.07913,0.10483,0.01984
47.84,2,-3.25100,-2.26639,-0.30402,0.53240,0.23107,0.07952,0.07146
47.86,0,-1.07594,-2.49356,-0.00116,0.49606,0.00000,0.00000,
47.86,1,-2.17900,-2.46747,-0.02442,0.56209,-0.09390,0.10337,0.02976
47.86,2,-3.24100,-2.26953,-0.29943,0.52073,0.22497,0.08029,0.08284
47.88,0,-1.06609,-2.49357,-0.00116,0.45836,-0.00040,0.00000,
47.88,1,-2.16974,-2.46768,-0.02572,0.42215,-0.03736,0.10395,0.03961
47.88,2,-3.23159,-2.27252,-0.29592,0.49060,0.20180,0.07964,0.09210
47.9,0,-1.05682,-2.49359,-0.00116,0.46881,0.00002,0.00000,
47.9,1,-2.16110,-2.46803,-0.02730,0.44190,-0.06955,0.10458,0.04888
47.9,2,-3.22214,-2.27544,-0.29133,0.49584,0.23362,0.07837,0.10074
47.92,0,-1.04736,-2.49360,-0.00116,0.47507,0.00010,0.00000,
47.92,1,-2.15050,-2.46835,-0.02722,0.52986,0.05527,0.10343,0.00946
47.92,2,-3.21204,-2.27837,-0.29361,0.57315,-1.34263,0.07841,0.00552
47.94,0,-1.03806,-2.49361,-0.00116,0.45477,0.00022,0.00000,
47.94,1,-2.13958,-2.46871,-0.02516,0.54183,0.09944,0.10180,0.01876
47.94,2,-3.20143,-2.28146,-0.32203,0.53108,-1.17171,0.07824,0.01644
47.96,0,-1.02831,-2.49362,-0.00116,0.50745,-0.00012,0.00000,
47.96,1,-2.12914,-2.46899,-0.02433,0.50518,-0.00306,0.10110,0.02851
47.96,2,-3.19199,-2.28459,-0.32733,0.48374,0.40643,0.07873,0.02688
47.98,0,-1.01805,-2.49363,-0.00116,0.51102,-0.00004,0.00000,
47.98,1,-2.12085,-2.46922,-0.02476,0.40463,-0.01093,0.10307,0.03876
47.98,2,-3.18265,-2.28768,-0.31470,0.50233,0.60679,0.07721,0.03517
48.0,0,-1.00800,-2.49364,-0.00116,0.49657,0.00003,0.00000,
48.0,1,-2.11238,-2.46943,-0.02465,0.43542,0.01274,0.10464,0.04882
48.0,2,-3.17294,-2.29081,-0.30664,0.51230,0.26197,0.07550,0.04365
48.02,0,-0.99814,-2.49365,-0.00116,0.49150,0.00002,0.00000,
48.02,1,-2.10456,-2.46965,-0.02398,0.35048,0.04124,0.10668,0.00986
48.02,2,-3.16330,-2.29386,-0.30239,0.49802,0.21403,0.07323,0.05147
48.04,0,-0.98828,-2.49367,-0.00116,0.49433,-0.00000,0.00000,
48.04,1,-2.09723,-2.46981,-0.02275,0.37746,0.06584,0.10921,0.01971
48.04,2,-3.15395,-2.29677,-0.29736,0.48414,0.27743,0.07079,0.05880
48.06,0,-0.97837,-2.49368,-0.00116,0.49659,0.00000,0.00000,
48.06,1,-2.08808,-2.47004,-0.02225,0.50763,-0.00247,0.10996,0.02963
48.06,2,-3.14476,-2.29959,-0.29170,0.47837,0.27790,0.07034,0.06796
48.08,0,-0.96844,-2.49369,-0.00116,0.49639,0.00001,0.00000,
48.08,1,-2.07750,-2.47029,-0.02248,0.53887,-0.01182,0.10931,0.03956
48.08,2,-3.13565,-2.30233,-0.28642,0.47349,0.25325,0.07139,0.07854
48.1,0,-0.95852,-2.49370,-0.00116,0.49567,0.00000,0.00000,
48.1,1,-2.06698,-2.47053,-0.02257,0.50929,0.00134,0.10870,0.04948
48.1,2,-3.12664,-2.30498,-0.28150,0.46628,0.24257,0.07251,0.08906
48.12,0,-0.94861,-2.49371,-0.00116,0.49553,0.00000,0.00000,
48.12,1,-2.05374,-2.47076,-0.02213,0.68801,0.03884,0.10537,0.00991
48.12,2,-3.11691,-2.30769,-0.27570,0.52571,0.55612,0.07560,0.00712
48.14,0,-0.93869,-2.49372,-0.00116,0.49571,0.00000,0.00000,
48.14,1,-2.04012,-2.47101,-0.02137,0.65264,0.03349,0.10166,0.01982
48.14,2,-3.10704,-2.31059,-0.26710,0.51406,0.43036,0.07891,0.02074
48.16,0,-0.92878,-2.49373,-0.00116,0.49579,0.00000,0.00000,
48.16,1,-2.02801,-2.47125,-0.02118,0.56194,-0.00547,0.09947,0.02974
48.16,2,-3.09721,-2.31322,-0.25749,0.53498,0.44528,0.08081,0.03285
48.18,0,-0.91886,-2.49375,-0.00116,0.49577,0.00000,0.00000,
48.18,1,-2.01975,-2.47148,-0.02179,0.36495,-0.03724,0.10112,0.03965
48.18,2,-3.08499,-2.31646,-0.25260,0.68474,0.14052,0.07646,0.04111
48.2,0,-0.90895,-2.49376,-0.00116,0.49574,0.00000,0.00000,
48.2,1,-2.01236,-2.47176,-0.02282,0.38322,-0.06858,0.10364,0.04957
48.2,2,-3.07181,-2.31991,-0.24966,0.66036,0.18015,0.07027,0.04851
48.22,0,-0.89903,-2.49377,-0.00116,0.49573,0.00000,0.00000,
48.22,1,-2.00421,-2.47196,-0.02354,0.39811,0.00010,0.10540,0.05948
48.22,2,-3.06081,-2.32294,-0.24420,0.41458,0.48324,0.06706,0.00415
48.24,0,-0.88912,-2.49378,-0.00116,0.49574,0.00000,0.00000,
48.24,1,-1.99549,-2.47216,-0.02323,0.48293,0.01594,0.10659,0.06940
48.24,2,-3.05576,-2.32536,-0.23846,0.20760,0.15158,0.07038,0.01287
48.26,0,-0.87920,-2.49379,-0.00116,0.49575,0.00000,0.00000,
48.26,1,-1.98560,-2.47237,-0.02305,0.48855,0.00391,0.10660,0.07931
48.26,2,-3.05218,-2.32769,-0.23546,0.16669,0.14220,0.07636,0.02277
48.28,0,-0.86929,-2.49380,-0.00116,0.49574,0.00000,0.00000,
48.28,1,-1.97631,-2.47258,-0.02301,0.44533,0.00220,0.10723,0.08923
48.28,2,-3.05011,-2.32962,-0.23396,0.13275,-0.10927,0.08327,0.03205
48.3,0,-0.85937,-2.49381,-0.00116,0.49574,0.00000,0.00000,
48.3,1,-1.96765,-2.47278,-0.02293,0.42876,0.00494,0.10847,0.09914
48.3,2,-3.04678,-2.33133,-0.23964,0.20910,-0.13394,0.08836,0.04072
48.32,0,-0.84946,-2.49383,-0.00116,0.49574,0.00000,0.00000,
48.32,1,-1.95850,-2.47297,-0.02200,0.43154,0.06813,0.10924,0.00991
48.32,2,-3.04125,-2.33267,-0.23264,0.38473,0.94171,0.09180,0.00440
48.34,0,-0.83954,-2.49384,-0.00116,0.49574,0.00000,0.00000,
48.34,1,-1.94949,-2.47317,-0.02121,0.47629,0.01187,0.11014,0.01983
48.34,2,-3.03321,-2.33404,-0.20988,0.41346,1.07620,0.09261,0.01341
48.36,0,-0.82963,-2.49385,-0.00116,0.49574,0.00000,0.00000,
48.36,1,-1.93948,-2.47338,-0.02130,0.51186,-0.00889,0.11004,0.02974
48.36,2,-3.02465,-2.33620,-0.19624,0.43562,0.41917,0.09380,0.02342
48.38,0,-0.81971,-2.49386,-0.00116,0.49574,0.00000,0.00000,
48.38,1,-1.92937,-2.47359,-0.02135,0.49603,0.00347,0.10984,0.03966
48.38,2,-3.01552,-2.33829,-0.19315,0.51601,-0.01362,0.09454,0.03354
48.4,0,-0.80980,-2.49387,-0.00116,0.49574,0.00000,0.00000,
48.4,1,-1.91971,-2.47380,-0.02121,0.47442,0.00805,0.11009,0.04957
48.4,2,-3.00569,-2.34022,-0.19391,0.48500,0.02378,0.09416,0.04320
48.42,0,-0.79988,-2.49388,-0.00116,0.49574,0.00000,0.00000,
48.42,1,-1.90651,-2.47400,-0.02073,0.74094,0.03751,0.10681,0.00991
48.42,2,-2.99599,-2.34198,-0.19163,0.57472,0.31633,0.09745,0.00732
48.44,0,-0.78997,-2.49389,-0.00116,0.49574,0.00000,0.00000,
48.44,1,-1.89389,-2.47422,-0.01955,0.60981,0.06325,0.10410,0.01983
48.44,2,-2.98483,-2.34384,-0.18565,0.52892,0.35307,0.09870,0.01994
48.46,0,-0.78005,-2.49391,-0.00116,0.49574,0.00000,0.00000,
48.46,1,-1.88280,-2.47444,-0.01872,0.41902,0.00700,0.10292,0.02974
48.46,2,-2.97356,-2.34589,-0.18097,0.65151,0.08887,0.09831,0.03104
48.48,0,-0.77014,-2.49392,-0.00116,0.49574,0.00000,0.00000,
48.48,1,-1.87469,-2.47463,-0.01875,0.42329,-0.00414,0.10472,0.03966
48.48,2,-2.95992,-2.34844,-0.18005,0.70019,0.05946,0.09254,0.03915
48.5,0,-0.76022,-2.49393,-0.00116,0.49574,0.00000,0.00000,
48.5,1,-1.86624,-2.47482,-0.01870,0.39275,0.01152,0.10618,0.04957
48.5,2,-2.94675,-2.35086,-0.17784,0.64102,0.14229,0.08760,0.04761
48.52,0,-0.75031,-2.49394,-0.00116,0.49574,0.00000,0.00000,
48.52,1,-1.85579,-2.47500,-0.01835,0.54467,0.01819,0.10565,0.00991
48.52,2,-2.93460,-2.35305,-0.17491,0.60595,0.14045,0.08567,0.05805
48.54,0,-0.74039,-2.49395,-0.00116,0.49574,0.00000,0.00000,
48.54,1,-1.84539,-2.47514,-0.01828,0.53748,-0.00737,0.10516,0.01983
48.54,2,-2.92386,-2.35510,-0.17371,0.53837,0.08026,0.08513,0.06846
48.56,0,-0.73048,-2.49396,-0.00115,0.49574,0.00000,0.00000,
48.56,1,-1.83447,-2.47536,-0.01843,0.50576,-0.00965,0.10415,0.02974
48.56,2,-2.91291,-2.35709,-0.17103,0.56656,0.15519,0.08490,0.07938
48.58,0,-0.72056,-2.49397,-0.00115,0.49574,0.00000,0.00000,
48.58,1,-1.82515,-2.47556,-0.01850,0.46771,0.00570,0.10474,0.03966
48.58,2,-2.90184,-2.35903,-0.16813,0.53662,0.15948,0.08297,0.08870
48.6,0,-0.71065,-2.49399,-0.00115,0.49574,0.00000,0.00000,
48.6,1,-1.81576,-2.47574,-0.01833,0.47042,0.00763,0.10526,0.04957
48.6,2,-2.89110,-2.36090,-0.16555,0.56649,0.09098,0.08146,0.09810
48.62,0,-0.70074,-2.49400,-0.00115,0.49574,0.00000,0.00000,
48.62,1,-1.80642,-2.47592,-0.01825,0.46244,0.00176,0.10584,0.05949
48.62,2,-2.88026,-2.36278,-0.16476,0.50717,-0.48183,0.07978,0.00465
48.64,0,-0.69082,-2.49401,-0.00115,0.49574,0.00000,0.00000,
48.64,1,-1.79729,-2.47608,-0.01823,0.45198,0.00102,0.10662,0.06940
48.64,2,-2.87029,-2.36464,-0.17432,0.50861,-0.46601,0.07876,0.01378
48.66,0,-0.68091,-2.49402,-0.00115,0.49574,0.00000,0.00000,
48.66,1,-1.78834,-2.47625,-0.01820,0.44473,0.00218,0.10758,0.07932
48.66,2,-2.86117,-2.36620,-0.18290,0.46517,-0.83157,0.07845,0.02273
48.68,0,-0.67099,-2.49403,-0.00115,0.49574,0.00000,0.00000,
48.68,1,-1.77951,-2.47641,-0.01815,0.43900,0.00230,0.10866,0.08923
48.68,2,-2.85166,-2.36794,-0.19355,0.46353,-0.24160,0.07762,0.03156
48.7,0,-0.66108,-2.49404,-0.00115,0.49574,0.00000,0.00000,
48.7,1,-1.77080,-2.47656,-0.01811,0.43270,0.00197,0.10986,0.09915
48.7,2,-2.84348,-2.36955,-0.19197,0.42891,0.07230,0.07800,0.04027
48.72,0,-0.65116,-2.49405,-0.00115,0.49574,0.00000,0.00000,
48.72,1,-1.76222,-2.47672,-0.01807,0.42595,0.00186,0.11120,0.10906
48.72,2,-2.83426,-2.37143,-0.19086,0.52606,0.13260,0.07719,0.00427
48.74,0,-0.64125,-2.49407,-0.00115,0.49574,0.00000,0.00000,
48.74,1,-1.75391,-2.47687,-0.01806,0.38627,-0.00332,0.11280,0.11898
48.74,2,-2.82412,-2.37347,-0.18723,0.48777,0.21184,0.07520,0.01259
48.76,0,-0.63133,-2.49408,-0.00115,0.49574,0.00000,0.00000,
48.76,1,-1.74612,-2.47702,-0.01805,0.39318,0.00256,0.11492,0.12889
48.76,2,-2.81526,-2.37519,-0.18269,0.42477,0.21818,0.07398,0.02038
48.78,0,-0.62142,-2.49409,-0.00115,0.49574,0.00000,0.00000,
48.78,1,-1.73824,-2.47716,-0.01799,0.39239,0.00306,0.11695,0.13881
48.78,2,-2.80811,-2.37664,-0.17974,0.36977,0.17157,0.07458,0.02826
48.8,0,-0.61150,-2.49410,-0.00115,0.49574,0.00000,0.00000,
48.8,1,-1.73049,-2.47730,-0.01794,0.38340,0.00160,0.11911,0.14872
48.8,2,-2.80062,-2.37803,-0.17602,0.38702,0.18640,0.07472,0.03601
48.82,0,-0.60159,-2.49411,-0.00115,0.49574,0.00000,0.00000,
48.82,1,-1.71948,-2.47745,-0.01736,0.57201,0.01826,0.11802,0.00991
48.82,2,-2.79304,-2.37939,-0.17255,0.38073,0.16286,0.07802,0.04702
48.84,0,-0.59167,-2.49412,-0.00115,0.49574,0.00000,0.00000,
48.84,1,-1.70883,-2.47761,-0.01687,0.53097,0.02510,0.11728,0.01983
48.84,2,-2.78577,-2.38066,-0.16910,0.38449,0.15072,0.08130,0.05767
48.86,0,-0.58218,-2.49413,-0.00116,0.46267,-0.00018,0.00000,
48.86,1,-1.69821,-2.47776,-0.01658,0.52951,0.00412,0.11615,0.02932
48.86,2,-2.77804,-2.38198,-0.16624,0.39255,0.14315,0.08406,0.06829
48.88,0,-0.57281,-2.49415,-0.00116,0.47290,0.00011,0.00000,
48.88,1,-1.68780,-2.47793,-0.01661,0.47844,-0.00849,0.11511,0.03869
48.88,2,-2.77046,-2.38325,-0.16328,0.37600,0.15028,0.08679,0.07870
48.9,0,-0.56332,-2.49416,-0.00116,0.47457,0.00005,0.00000,
48.9,1,-1.67881,-2.47809,-0.01672,0.45908,0.00280,0.11561,0.04818
48.9,2,-2.76319,-2.38445,-0.16031,0.36450,0.14581,0.08841,0.08769
48.92,0,-0.55399,-2.49417,-0.00115,0.49194,-0.00005,0.00000,
48.92,1,-1.66947,-2.47825,-0.01658,0.47016,0.00776,0.11559,0.05751
48.92,2,-2.75603,-2.38561,-0.15748,0.36123,0.13811,0.09050,0.09704
48.94,0,-0.54382,-2.49418,-0.00116,0.51392,-0.00010,0.00000,
48.94,1,-1.66017,-2.47841,-0.01647,0.45914,0.00348,0.11646,0.06768
48.94,2,-2.74893,-2.38674,-0.15478,0.35790,0.13320,0.09261,0.10634
48.96,0,-0.53366,-2.49419,-0.00116,0.50161,0.00001,0.00000,
48.96,1,-1.65122,-2.47856,-0.01641,0.43598,0.00360,0.11767,0.07784
48.96,2,-2.74191,-2.38783,-0.15216,0.35222,0.12923,0.09446,0.11529
48.98,0,-0.52376,-2.49420,-0.00116,0.49174,0.00003,0.00000,
48.98,1,-1.64226,-2.47871,-0.01635,0.45503,0.00237,0.11862,0.08775
48.98,2,-2.73528,-2.38888,-0.14993,0.29527,0.06864,0.09670,0.12425
49.0,0,-0.51392,-2.49421,-0.00116,0.49260,0.00000,0.00000,
49.0,1,-1.63318,-2.47885,-0.01630,0.45050,0.00282,0.11936,0.09758
49.0,2,-2.72928,-2.38984,-0.14773,0.31067,0.13539,0.09971,0.13333
49.02,0,-0.50403,-2.49423,-0.00116,0.49573,-0.00000,0.00000,
49.02,1,-1.62419,-2.47899,-0.01575,0.40099,0.03992,0.12026,0.00989
49.02,2,-2.72309,-2.39077,-0.14500,0.31233,0.12844,0.10243,0.14232
49.04,0,-0.49411,-2.49424,-0.00116,0.49634,0.00000,0.00000,
49.04,1,-1.61570,-2.47912,-0.01530,0.46103,0.00646,0.12170,0.01981
49.04,2,-2.71701,-2.39167,-0.14269,0.30268,0.10783,0.10477,0.15081
49.06,0,-0.48419,-2.49425,-0.00116,0.49560,0.00000,0.00000,
49.06,1,-1.60571,-2.47926,-0.01535,0.51953,-0.00444,0.12162,0.02973
49.06,2,-2.71129,-2.39250,-0.14032,0.29557,0.11449,0.10898,0.16081
49.08,0,-0.47428,-2.49426,-0.00116,0.49521,0.00000,0.00000,
49.08,1,-1.59564,-2.47942,-0.01533,0.50674,0.00368,0.12145,0.03964
49.08,2,-2.70501,-2.39338,-0.13832,0.32648,0.09462,0.11271,0.17088
49.1,0,-0.46438,-2.49427,-0.00116,0.49532,0.00000,0.00000,
49.1,1,-1.58530,-2.47957,-0.01525,0.51753,0.00365,0.12102,0.04955
49.1,2,-2.69864,-2.39427,-0.13639,0.31403,0.09949,0.11660,0.18122
49.12,0,-0.45447,-2.49428,-0.00116,0.49547,0.00000,0.00000,
49.12,1,-1.57131,-2.47973,-0.01497,0.74023,0.02291,0.11694,0.00991
49.12,2,-2.69262,-2.39510,-0.13438,0.29755,0.09961,0.12449,0.19520
49.14,0,-0.44456,-2.49429,-0.00116,0.49548,0.00000,0.00000,
49.14,1,-1.55756,-2.47989,-0.01437,0.68260,0.02903,0.11310,0.01982
49.14,2,-2.68678,-2.39589,-0.13244,0.29337,0.09431,0.13234,0.20896
49.16,0,-0.43465,-2.49431,-0.00116,0.49544,0.00000,0.00000,
49.16,1,-1.54490,-2.48005,-0.01411,0.58334,0.00039,0.11034,0.02973
49.16,2,-2.68138,-2.39664,-0.13097,0.25117,0.06170,0.13954,0.22163
49.18,0,-0.42474,-2.49432,-0.00116,0.49542,0.00000,0.00000,
49.18,1,-1.53633,-2.48020,-0.01446,0.38042,-0.02310,0.11168,0.03964
49.18,2,-2.67623,-2.39734,-0.12918,0.26465,0.10285,0.14291,0.23019
49.2,0,-0.41483,-2.49433,-0.00115,0.49543,0.00000,0.00000,
49.2,1,-1.52862,-2.48038,-0.01505,0.39961,-0.03320,0.11387,0.04954
49.2,2,-2.67099,-2.39803,-0.12721,0.26149,0.09062,0.14534,0.23791
49.22,0,-0.40492,-2.49434,-0.00115,0.49544,0.00000,0.00000,
49.22,1,-1.51751,-2.48053,-0.01350,0.58472,0.20196,0.11267,0.00991
49.22,2,-2.66591,-2.39869,-0.12557,0.25247,0.07768,0.15131,0.24901
49.24,0,-0.39502,-2.49435,-0.00115,0.49544,0.00000,0.00000,
49.24,1,-1.50582,-2.48068,-0.00944,0.58471,0.20281,0.11089,0.01982
49.24,2,-2.66096,-2.39931,-0.12403,0.24752,0.07698,0.15800,0.26071
49.26,0,-0.38511,-2.49436,-0.00115,0.49543,0.00000,0.00000,
49.26,1,-1.49500,-2.48108,-0.00712,0.53716,-0.03011,0.10997,0.02973
49.26,2,-2.65617,-2.39991,-0.12236,0.24680,0.08015,0.16401,0.27153
49.28,0,-0.37520,-2.49437,-0.00115,0.49543,0.00000,0.00000,
49.28,1,-1.48571,-2.48131,-0.00881,0.39738,-0.04732,0.11059,0.03963
49.28,2,-2.65106,-2.40054,-0.12092,0.26192,0.06824,0.16814,0.28082
49.3,0,-0.36529,-2.49439,-0.00115,0.49543,0.00000,0.00000,
49.3,1,-1.47744,-2.48129,-0.00670,0.42560,0.17178,0.11222,0.04954
49.3,2,-2.64594,-2.40116,-0.11955,0.25217,0.06955,0.17125,0.28910
49.32,0,-0.35538,-2.49440,-0.00115,0.49543,0.00000,0.00000,
49.32,1,-1.46695,-2.48127,-0.00971,0.52445,-0.37003,0.11165,0.00991
49.32,2,-2.64106,-2.40175,-0.11816,0.24180,0.06911,0.17680,0.29958
49.34,0,-0.34547,-2.49441,-0.00115,0.49543,0.00000,0.00000,
49.34,1,-1.45641,-2.48117,-0.01631,0.53369,-0.24934,0.11101,0.01982
49.34,2,-2.63630,-2.40231,-0.11681,0.23880,0.06583,0.18253,0.31012
49.36,0,-0.33556,-2.49442,-0.00115,0.49543,0.00000,0.00000,
49.36,1,-1.44558,-2.48075,-0.01904,0.54046,-0.04018,0.11010,0.02973
49.36,2,-2.63157,-2.40287,-0.11553,0.23726,0.06304,0.18855,0.32094
49.38,0,-0.32566,-2.49443,-0.00115,0.49543,0.00000,0.00000,
49.38,1,-1.43558,-2.48089,-0.01850,0.48081,0.05447,0.11001,0.03963
49.38,2,-2.62689,-2.40341,-0.11429,0.23384,0.06098,0.19383,0.33094
49.4,0,-0.31575,-2.49444,-0.00115,0.49543,0.00000,0.00000,
49.4,1,-1.42603,-2.48117,-0.01748,0.47666,0.03953,0.11036,0.04954
49.4,2,-2.62256,-2.40392,-0.11330,0.19428,0.03607,0.19902,0.34050
49.42,0,-0.30584,-2.49445,-0.00115,0.49543,0.00000,0.00000,
49.42,1,-1.41653,-2.48142,-0.01703,0.47329,0.01260,0.11077,0.05945
49.42,2,-2.61704,-2.40439,-0.11153,0.46134,0.35315,0.20298,0.00474
49.44,0,-0.29593,-2.49447,-0.00115,0.49543,0.00000,0.00000,
49.44,1,-1.40728,-2.48163,-0.01687,0.43072,0.00357,0.11142,0.06936
49.44,2,-2.60853,-2.40487,-0.10008,0.35305,0.64769,0.20370,0.01399
49.46,0,-0.28602,-2.49448,-0.00115,0.49543,0.00000,0.00000,
49.46,1,-1.39860,-2.48179,-0.01671,0.43695,0.01143,0.11266,0.07927
49.46,2,-2.60177,-2.40540,-0.08764,0.35283,0.44661,0.20559,0.02267
49.48,0,-0.27611,-2.49449,-0.00115,0.49543,0.00000,0.00000,
49.48,1,-1.38985,-2.48194,-0.01647,0.43608,0.01072,0.11381,0.08918
49.48,2,-2.59325,-2.40645,-0.08890,0.50493,-0.28254,0.20576,0.03142
49.5,0,-0.26620,-2.49450,-0.00115,0.49543,0.00000,0.00000,
49.5,1,-1.38123,-2.48209,-0.01629,0.42650,0.00832,0.11510,0.09909
49.5,2,-2.58224,-2.40745,-0.09225,0.60143,-0.04204,0.20332,0.04004
49.52,0,-0.25629,-2.49451,-0.00115,0.49543,0.00000,0.00000,
49.52,1,-1.37238,-2.48222,-0.01556,0.40689,0.05155,0.11616,0.00991
49.52,2,-2.56998,-2.40851,-0.09105,0.60524,0.10518,0.19987,0.04889
49.54,0,-0.24639,-2.49452,-0.00115,0.49543,0.00000,0.00000,
49.54,1,-1.36390,-2.48234,-0.01492,0.43532,0.01552,0.11758,0.01982
49.54,2,-2.55855,-2.40949,-0.08920,0.54983,0.07145,0.19687,0.05738
49.56,0,-0.23648,-2.49453,-0.00115,0.49543,0.00000,0.00000,
49.56,1,-1.35427,-2.48249,-0.01482,0.52418,0.00025,0.11786,0.02973
49.56,2,-2.54788,-2.41043,-0.08817,0.53065,0.04268,0.19578,0.06701
49.58,0,-0.22657,-2.49455,-0.00115,0.49543,0.00000,0.00000,
49.58,1,-1.34371,-2.48264,-0.01475,0.53538,0.00543,0.11720,0.03963
49.58,2,-2.53751,-2.41136,-0.08745,0.49458,0.02203,0.19593,0.07757
49.6,0,-0.21666,-2.49456,-0.00115,0.49543,0.00000,0.00000,
49.6,1,-1.33325,-2.48280,-0.01459,0.50833,0.00867,0.11666,0.04954
49.6,2,-2.52750,-2.41226,-0.08652,0.50796,0.06063,0.19632,0.08803
49.62,0,-0.20675,-2.49457,-0.00115,0.49543,0.00000,0.00000,
49.62,1,-1.31990,-2.48295,-0.01420,0.69579,0.02994,0.11321,0.00991
49.62,2,-2.51593,-2.41315,-0.08465,0.77449,0.20433,0.19807,0.00720
49.64,0,-0.19684,-2.49458,-0.00115,0.49543,0.00000,0.00000,
49.64,1,-1.30614,-2.48309,-0.01360,0.64738,0.03083,0.10935,0.01982
49.64,2,-2.50101,-2.41403,-0.07525,0.65176,0.54751,0.19687,0.02097
49.66,0,-0.18693,-2.49459,-0.00115,0.49543,0.00000,0.00000,
49.66,1,-1.29372,-2.48325,-0.01334,0.54638,-0.00314,0.10684,0.02973
49.66,2,-2.48756,-2.41509,-0.07037,0.70263,-0.10773,0.19578,0.03338
49.68,0,-0.17703,-2.49460,-0.00115,0.49543,0.00000,0.00000,
49.68,1,-1.28496,-2.48339,-0.01370,0.42950,-0.02432,0.10799,0.03963
49.68,2,-2.47338,-2.41624,-0.07359,0.64693,-0.10820,0.19032,0.04215
49.7,0,-0.16712,-2.49461,-0.00115,0.49543,0.00000,0.00000,
49.7,1,-1.27617,-2.48350,-0.01371,0.45063,0.01380,0.10911,0.04954
49.7,2,-2.45950,-2.41723,-0.07316,0.73136,0.08890,0.18518,0.05093
49.72,0,-0.15721,-2.49463,-0.00115,0.49543,0.00000,0.00000,
49.72,1,-1.26699,-2.48364,-0.01339,0.46107,0.01414,0.10984,0.05945
49.72,2,-2.44519,-2.41824,-0.07573,0.77595,-0.68728,0.18001,0.00461
49.74,0,-0.14730,-2.49464,-0.00115,0.49543,0.00000,0.00000,
49.74,1,-1.25789,-2.48377,-0.01321,0.44846,0.00558,0.11065,0.06936
49.74,2,-2.42912,-2.41926,-0.09682,0.83850,-1.48974,0.17300,0.01371
49.76,0,-0.13739,-2.49465,-0.00115,0.49543,0.00000,0.00000,
49.76,1,-1.24924,-2.48389,-0.01309,0.44426,0.00469,0.11191,0.07927
49.76,2,-2.41368,-2.42033,-0.11985,0.70077,-0.53853,0.16617,0.02236
49.78,0,-0.12748,-2.49466,-0.00115,0.49543,0.00000,0.00000,
49.78,1,-1.24004,-2.48401,-0.01300,0.46537,0.00488,0.11261,0.08918
49.78,2,-2.40319,-2.42170,-0.12199,0.44323,-0.02465,0.16482,0.03157
49.8,0,-0.11757,-2.49467,-0.00115,0.49543,0.00000,0.00000,
49.8,1,-1.23089,-2.48413,-0.01289,0.44865,0.00579,0.11337,0.09909
49.8,2,-2.39443,-2.42307,-0.12248,0.44324,-0.02439,0.16514,0.04072
49.82,0,-0.10766,-2.49468,-0.00115,0.49543,0.00000,0.00000,
49.82,1,-1.22170,-2.48424,-0.01235,0.42039,0.03767,0.11409,0.00991
49.82,2,-2.38623,-2.42440,-0.12300,0.40591,0.03173,0.16607,0.04991
49.84,0,-0.09776,-2.49469,-0.00115,0.49543,0.00000,0.00000,
49.84,1,-1.21291,-2.48434,-0.01191,0.46976,0.00821,0.11520,0.01982
49.84,2,-2.37816,-2.42550,-0.11948,0.42974,0.23970,0.16674,0.05870
49.86,0,-0.08785,-2.49471,-0.00115,0.49543,0.00000,0.00000,
49.86,1,-1.20288,-2.48446,-0.01190,0.51739,-0.00187,0.11508,0.02973
49.86,2,-2.36819,-2.42672,-0.11578,0.53610,0.13753,0.16674,0.06873
49.88,0,-0.07794,-2.49472,-0.00115,0.49543,0.00000,0.00000,
49.88,1,-1.19263,-2.48458,-0.01188,0.50225,0.00448,0.11474,0.03963
49.88,2,-2.35788,-2.42791,-0.11338,0.49965,0.11715,0.16662,0.07898
49.9,0,-0.06803,-2.49473,-0.00115,0.49543,0.00000,0.00000,
49.9,1,-1.18289,-2.48469,-0.01175,0.47712,0.00667,0.11490,0.04954
49.9,2,-2.34819,-2.42901,-0.11103,0.47850,0.12133,0.16663,0.08873
49.92,0,-0.05812,-2.49474,-0.00115,0.49543,0.00000,0.00000,
49.92,1,-1.16986,-2.48481,-0.01146,0.67526,0.02415,0.11178,0.00991
49.92,2,-2.33881,-2.43005,-0.10852,0.46851,0.12672,0.17023,0.10175
49.94,0,-0.04821,-2.49475,-0.00115,0.49543,0.00000,0.00000,
49.94,1,-1.15720,-2.48493,-0.01088,0.63119,0.02895,0.10903,0.01982
49.94,2,-2.32953,-2.43107,-0.10603,0.46493,0.12148,0.17357,0.11442
49.96,0,-0.03830,-2.49476,-0.00115,0.49543,0.00000,0.00000,
49.96,1,-1.14499,-2.48506,-0.01047,0.53946,0.00576,0.10673,0.02973
49.96,2,-2.32149,-2.43201,-0.10435,0.41059,0.11158,0.17770,0.12662
49.98,0,-0.02840,-2.49477,-0.00115,0.49543,0.00000,0.00000,
49.98,1,-1.13582,-2.48517,-0.01049,0.45705,0.00155,0.10747,0.03963
49.98,2,-2.31318,-2.43291,-0.10178,0.42086,0.13047,0.17851,0.13579
50.0,0,-0.01849,-2.49479,-0.00115,0.49543,0.00000,0.00000,
50.0,1,-1.12657,-2.48527,-0.01041,0.46583,0.00489,0.10812,0.04954
50.0,2,-2.30489,-2.43377,-0.09941,0.41070,0.10840,0.17945,0.14505
50.02,0,-0.00858,-2.49480,-0.00115,0.49543,0.00000,0.00000,
50.02,1,-1.11400,-2.48537,-0.01016,0.62639,0.02268,0.10546,0.00991
50.02,2,-2.29703,-2.43456,-0.09719,0.40134,0.10502,0.18413,0.15762
50.04,0,0.00133,-2.49481,-0.00115,0.49543,0.00000,0.00000,
50.04,1,-1.10187,-2.48547,-0.00966,0.60635,0.02459,0.10324,0.01982
50.04,2,-2.28870,-2.43537,-0.09526,0.42533,0.09408,0.18789,0.16975
50.06,0,0.01124,-2.49482,-0.00115,0.49543,0.00000,0.00000,
50.06,1,-1.09003,-2.48557,-0.00932,0.56684,0.00635,0.10131,0.02973
50.06,2,-2.28035,-2.43617,-0.09333,0.41167,0.09803,0.19134,0.18158
50.08,0,0.02100,-2.49483,-0.00116,0.45846,-0.00037,0.00000,
50.08,1,-1.08075,-2.48567,-0.00940,0.43127,-0.00392,0.10179,0.03949
50.08,2,-2.27235,-2.43692,-0.09138,0.39536,0.09645,0.19259,0.19086
50.1,0,0.03028,-2.49484,-0.00116,0.46932,0.00005,0.00000,
50.1,1,-1.07185,-2.48575,-0.00938,0.45514,0.00389,0.10217,0.04877
50.1,2,-2.26455,-2.43763,-0.08950,0.38989,0.09157,0.19367,0.19977
50.12,0,0.03974,-2.49485,-0.00116,0.47460,0.00009,0.00000,
50.12,1,-1.06096,-2.48585,-0.00919,0.56025,0.01256,0.10074,0.00946
50.12,2,-2.25699,-2.43833,-0.08785,0.32853,0.04281,0.19698,0.21066
50.14,0,0.04899,-2.49486,-0.00115,0.46808,0.00011,0.00000,
50.14,1,-1.04957,-2.48599,-0.00879,0.55331,0.03132,0.09860,0.01871
50.14,2,-2.25027,-2.43897,-0.08646,0.34564,0.08973,0.20162,0.22205
50.16,0,0.05892,-2.49488,-0.00115,0.51132,-0.00013,0.00000,
50.16,1,-1.03924,-2.48607,-0.00845,0.48921,0.00169,0.09820,0.02864
50.16,2,-2.24331,-2.43959,-0.08455,0.34918,0.09336,0.20496,0.23238
50.18,0,0.06916,-2.49489,-0.00116,0.50768,-0.00002,0.00000,
50.18,1,-1.03018,-2.48613,-0.00862,0.36812,-0.01768,0.09937,0.03887
50.18,2,-2.23648,-2.44018,-0.08284,0.32536,0.08671,0.20718,0.24144
50.2,0,0.07915,-2.49490,-0.00116,0.49398,0.00003,0.00000,
50.2,1,-1.02234,-2.48620,-0.00878,0.41371,0.00015,0.10152,0.04886
50.2,2,-2.22986,-2.44073,-0.08123,0.34820,0.07179,0.20837,0.24928
50.22,0,0.08898,-2.49491,-0.00115,0.49124,0.00001,0.00000,
50.22,1,-1.01439,-2.48627,-0.00861,0.37499,0.01097,0.10340,0.00983
50.22,2,-2.22280,-2.44131,-0.07983,0.35330,0.07103,0.20924,0.25723
50.24,0,0.09884,-2.49492,-0.00115,0.49449,-0.00000,0.00000,
50.24,1,-1.00658,-2.48631,-0.00795,0.39191,0.03550,0.10546,0.01969
50.24,2,-2.21592,-2.44186,-0.07838,0.33741,0.07311,0.21016,0.26504
50.26,0,0.10875,-2.49493,-0.00115,0.49619,0.00000,0.00000,
50.26,1,-0.99745,-2.48640,-0.00773,0.52313,-0.00677,0.10623,0.02960
50.26,2,-2.20932,-2.44238,-0.07694,0.32751,0.07026,0.21267,0.27417
50.28,0,0.11867,-2.49495,-0.00115,0.49571,0.00000,0.00000,
50.28,1,-0.98659,-2.48650,-0.00793,0.53693,-0.00746,0.10529,0.03952
50.28,2,-2.20282,-2.44288,-0.07557,0.32492,0.06680,0.21702,0.28503
50.3,0,0.12858,-2.49496,-0.00115,0.49508,0.00000,0.00000,
50.3,1,-0.97648,-2.48659,-0.00796,0.48071,0.00230,0.10509,0.04943
50.3,2,-2.19637,-2.44337,-0.07426,0.32184,0.06456,0.22066,0.29515
50.32,0,0.13848,-2.49497,-0.00115,0.49505,0.00000,0.00000,
50.32,1,-0.96718,-2.48666,-0.00791,0.45905,0.00179,0.10568,0.05933
50.32,2,-2.18852,-2.44384,-0.07397,0.56135,-0.50014,0.22209,0.00460
50.34,0,0.14838,-2.49498,-0.00115,0.49522,0.00000,0.00000,
50.34,1,-0.95795,-2.48673,-0.00790,0.46401,-0.00043,0.10636,0.06923
50.34,2,-2.17792,-2.44431,-0.08969,0.48581,-0.76005,0.22071,0.01383
50.36,0,0.15829,-2.49499,-0.00115,0.49528,0.00000,0.00000,
50.36,1,-0.94887,-2.48681,-0.00792,0.39451,-0.00537,0.10719,0.07914
50.36,2,-2.16898,-2.44509,-0.10779,0.45610,-1.02549,0.22082,0.02291
50.38,0,0.16819,-2.49500,-0.00115,0.49524,0.00000,0.00000,
50.38,1,-0.94081,-2.48688,-0.00796,0.41080,0.00054,0.10903,0.08904
50.38,2,-2.15985,-2.44646,-0.12493,0.42755,-0.50437,0.21971,0.03097
50.4,0,0.17810,-2.49501,-0.00115,0.49522,0.00000,0.00000,
50.4,1,-0.93252,-2.48694,-0.00793,0.41494,0.00149,0.11064,0.09895
50.4,2,-2.15055,-2.44766,-0.12367,0.52199,0.41016,0.21866,0.03926
50.42,0,0.18800,-2.49503,-0.00115,0.49522,0.00000,0.00000,
50.42,1,-0.92451,-2.48701,-0.00791,0.39433,0.00099,0.11254,0.10885
50.42,2,-2.14053,-2.44892,-0.11366,0.50812,0.57579,0.21661,0.00388
50.44,0,0.19790,-2.49504,-0.00115,0.49523,0.00000,0.00000,
50.44,1,-0.91620,-2.48707,-0.00791,0.42627,-0.00077,0.11414,0.11876
50.44,2,-2.13014,-2.45019,-0.10546,0.54332,0.21476,0.21450,0.01219
50.46,0,0.20781,-2.49505,-0.00115,0.49523,0.00000,0.00000,
50.46,1,-0.90774,-2.48714,-0.00792,0.41623,-0.00008,0.11558,0.12866
50.46,2,-2.11898,-2.45140,-0.10365,0.56831,0.05462,0.21177,0.02065
50.48,0,0.21771,-2.49506,-0.00115,0.49523,0.00000,0.00000,
50.48,1,-0.89963,-2.48721,-0.00792,0.39808,0.00031,0.11737,0.13857
50.48,2,-2.10829,-2.45254,-0.10218,0.51671,0.10692,0.20916,0.02876
50.5,0,0.22762,-2.49507,-0.00115,0.49523,0.00000,0.00000,
50.5,1,-0.89176,-2.48727,-0.00791,0.39119,0.00016,0.11941,0.14847
50.5,2,-2.09806,-2.45361,-0.09902,0.51230,0.17994,0.20677,0.03663
50.52,0,0.23752,-2.49508,-0.00115,0.49523,0.00000,0.00000,
50.52,1,-0.88046,-2.48733,-0.00760,0.59049,0.02746,0.11801,0.00990
50.52,2,-2.08794,-2.45463,-0.09564,0.50563,0.15407,0.20792,0.04794
50.54,0,0.24743,-2.49509,-0.00115,0.49523,0.00000,0.00000,
50.54,1,-0.86908,-2.48740,-0.00702,0.56813,0.02767,0.11653,0.01981
50.54,2,-2.07796,-2.45559,-0.09285,0.49684,0.13186,0.20930,0.05931
50.56,0,0.25733,-2.49511,-0.00115,0.49523,0.00000,0.00000,
50.56,1,-0.85810,-2.48749,-0.00675,0.54472,0.00168,0.11546,0.02971
50.56,2,-2.06816,-2.45650,-0.09022,0.48870,0.13237,0.21046,0.07029
50.58,0,0.26724,-2.49512,-0.00115,0.49523,0.00000,0.00000,
50.58,1,-0.84793,-2.48757,-0.00687,0.45235,-0.00914,0.11520,0.03962
50.58,2,-2.05851,-2.45738,-0.08757,0.48160,0.13209,0.21095,0.08046
50.6,0,0.27714,-2.49513,-0.00115,0.49523,0.00000,0.00000,
50.6,1,-0.83868,-2.48764,-0.00694,0.47264,0.00070,0.11584,0.04952
50.6,2,-2.04940,-2.45820,-0.08522,0.44342,0.11504,0.21108,0.08972
50.62,0,0.28705,-2.49514,-0.00115,0.49523,0.00000,0.00000,
50.62,1,-0.82913,-2.48771,-0.00689,0.47755,0.00203,0.11620,0.05943
50.62,2,-2.03933,-2.45898,-0.08211,0.64823,0.26601,0.21054,0.00478
50.64,0,0.29695,-2.49515,-0.00115,0.49523,0.00000,0.00000,
50.64,1,-0.81971,-2.48778,-0.00688,0.46408,-0.00032,0.11669,0.06933
50.64,2,-2.02686,-2.45981,-0.07704,0.55288,0.29936,0.20748,0.01420
50.66,0,0.30685,-2.49516,-0.00115,0.49523,0.00000,0.00000,
50.66,1,-0.81057,-2.48784,-0.00689,0.45217,-0.00065,0.11745,0.07924
50.66,2,-2.01573,-2.46060,-0.07146,0.57144,0.21957,0.20547,0.02334
50.68,0,0.31676,-2.49517,-0.00115,0.49523,0.00000,0.00000,
50.68,1,-0.80160,-2.48790,-0.00690,0.44633,-0.00013,0.11838,0.08914
50.68,2,-2.00476,-2.46144,-0.06950,0.53447,0.04225,0.20345,0.03231
50.7,0,0.32666,-2.49519,-0.00115,0.49523,0.00000,0.00000,
50.7,1,-0.79273,-2.48796,-0.00690,0.44124,-0.00003,0.11941,0.09905
50.7,2,-1.99370,-2.46226,-0.06815,0.56257,0.09220,0.20125,0.04118
50.72,0,0.33657,-2.49520,-0.00115,0.49523,0.00000,0.00000,
50.72,1,-0.78353,-2.48802,-0.00668,0.42573,0.01720,0.12012,0.00990
50.72,2,-1.98261,-2.46303,-0.06602,0.54654,0.10934,0.19934,0.05038
50.74,0,0.34647,-2.49521,-0.00115,0.49523,0.00000,0.00000,
50.74,1,-0.77465,-2.48808,-0.00649,0.47177,0.00190,0.12115,0.01981
50.74,2,-1.97216,-2.46373,-0.06383,0.52936,0.09745,0.19776,0.05926
50.76,0,0.35638,-2.49522,-0.00115,0.49523,0.00000,0.00000,
50.76,1,-0.76464,-2.48814,-0.00654,0.51437,-0.00358,0.12104,0.02971
50.76,2,-1.96117,-2.46443,-0.06217,0.55980,0.07813,0.19677,0.06927
50.78,0,0.36628,-2.49523,-0.00115,0.49523,0.00000,0.00000,
50.78,1,-0.75446,-2.48821,-0.00657,0.49935,-0.00020,0.12076,0.03962
50.78,2,-1.95013,-2.46512,-0.06054,0.54341,0.08474,0.19590,0.07945
50.8,0,0.37619,-2.49524,-0.00115,0.49523,0.00000,0.00000,
50.8,1,-0.74484,-2.48827,-0.00655,0.48206,0.00109,0.12105,0.04952
50.8,2,-1.93954,-2.46576,-0.05882,0.52248,0.08580,0.19491,0.08907
50.82,0,0.38609,-2.49525,-0.00115,0.49523,0.00000,0.00000,
50.82,1,-0.73510,-2.48834,-0.00654,0.48830,0.00005,0.12121,0.05943
50.82,2,-1.92982,-2.46637,-0.05717,0.48381,0.15772,0.19493,0.00488
50.84,0,0.39600,-2.49527,-0.00115,0.49523,0.00000,0.00000,
50.84,1,-0.72543,-2.48840,-0.00654,0.47856,0.00000,0.12144,0.06933
50.84,2,-1.92001,-2.46691,-0.05411,0.50829,0.13051,0.19478,0.01456
50.86,0,0.40590,-2.49528,-0.00115,0.49523,0.00000,0.00000,
50.86,1,-0.71599,-2.48846,-0.00654,0.46693,0.00022,0.12191,0.07924
50.86,2,-1.90973,-2.46749,-0.05206,0.56506,0.06828,0.19393,0.02400
50.88,0,0.41580,-2.49529,-0.00115,0.49523,0.00000,0.00000,
50.88,1,-0.70674,-2.48852,-0.00654,0.45987,0.00023,0.12256,0.08914
50.88,2,-1.89786,-2.46812,-0.05095,0.60467,0.05545,0.19130,0.03325
50.9,0,0.42571,-2.49530,-0.00115,0.49523,0.00000,0.00000,
50.9,1,-0.69760,-2.48858,-0.00653,0.45425,0.00017,0.12333,0.09905
50.9,2,-1.88582,-2.46874,-0.04972,0.59172,0.06747,0.18839,0.04239
50.92,0,0.43561,-2.49531,-0.00115,0.49523,0.00000,0.00000,
50.92,1,-0.68905,-2.48864,-0.00655,0.41851,-0.00056,0.12468,0.10895
50.92,2,-1.87440,-2.46931,-0.04831,0.55745,0.07072,0.18551,0.05094
50.94,0,0.44552,-2.49532,-0.00115,0.49523,0.00000,0.00000,
50.94,1,-0.68061,-2.48869,-0.00654,0.42361,0.00083,0.12615,0.11885
50.94,2,-1.86343,-2.46984,-0.04695,0.54572,0.06574,0.18297,0.05938
50.96,0,0.45542,-2.49533,-0.00115,0.49523,0.00000,0.00000,
50.96,1,-0.67219,-2.48875,-0.00653,0.41708,0.00039,0.12763,0.12876
50.96,2,-1.85288,-2.47035,-0.04579,0.50423,0.05096,0.18083,0.06779
50.98,0,0.46533,-2.49535,-0.00115,0.49523,0.00000,0.00000,
50.98,1,-0.66396,-2.48880,-0.00653,0.40720,0.00005,0.12931,0.13866
50.98,2,-1.84267,-2.47083,-0.04457,0.51500,0.06629,0.17884,0.07602
51.0,0,0.47523,-2.49536,-0.00115,0.49523,0.00000,0.00000,
51.0,1,-0.65590,-2.48886,-0.00652,0.40045,0.00013,0.13115,0.14857
51.0,2,-1.83241,-2.47129,-0.04327,0.51014,0.06169,0.17664,0.08409
51.02,0,0.48514,-2.49537,-0.00115,0.49523,0.00000,0.00000,
51.02,1,-0.64428,-2.48891,-0.00648,0.65754,-0.03048,0.12944,0.00990
51.02,2,-1.82285,-2.47173,-0.04225,0.46625,0.05155,0.17869,0.09570
51.04,0,0.49504,-2.49538,-0.00115,0.49523,0.00000,0.00000,
51.04,1,-0.63288,-2.48899,-0.00590,0.54140,0.06147,0.12794,0.01981
51.04,2,-1.81348,-2.47213,-0.04111,0.46984,0.05923,0.18072,0.10710
51.06,0,0.50495,-2.49539,-0.00115,0.49523,0.00000,0.00000,
51.06,1,-0.62187,-2.48906,-0.00542,0.55817,-0.00272,0.12683,0.02971
51.06,2,-1.80415,-2.47252,-0.03997,0.46398,0.05433,0.18239,0.11812
51.08,0,0.51485,-2.49540,-0.00115,0.49523,0.00000,0.00000,
51.08,1,-0.61274,-2.48914,-0.00600,0.45370,-0.05037,0.12760,0.03962
51.08,2,-1.79508,-2.47288,-0.03890,0.44693,0.05346,0.18246,0.12725
51.1,0,0.52475,-2.49541,-0.00115,0.49523,0.00000,0.00000,
51.1,1,-0.60345,-2.48920,-0.00634,0.47283,0.00623,0.12822,0.04952
51.1,2,-1.78593,-2.47324,-0.03790,0.46379,0.04824,0.18258,0.13654
51.12,0,0.53466,-2.49543,-0.00115,0.49523,0.00000,0.00000,
51.12,1,-0.59091,-2.48925,-0.00596,0.61475,0.02643,0.12558,0.00990
51.12,2,-1.77671,-2.47359,-0.03694,0.45607,0.04798,0.18591,0.14908
51.14,0,0.54456,-2.49544,-0.00115,0.49523,0.00000,0.00000,
51.14,1,-0.57861,-2.48930,-0.00543,0.61475,0.02649,0.12319,0.01981
51.14,2,-1.76776,-2.47392,-0.03599,0.44205,0.04716,0.18924,0.16138
51.16,0,0.55447,-2.49545,-0.00115,0.49523,0.00000,0.00000,
51.16,1,-0.56651,-2.48937,-0.00502,0.58430,0.01029,0.12100,0.02971
51.16,2,-1.75902,-2.47423,-0.03506,0.43443,0.04528,0.19260,0.17347
51.18,0,0.56437,-2.49546,-0.00115,0.49523,0.00000,0.00000,
51.18,1,-0.55673,-2.48943,-0.00503,0.44093,-0.00265,0.12112,0.03962
51.18,2,-1.75038,-2.47453,-0.03418,0.42985,0.04358,0.19374,0.18326
51.2,0,0.57428,-2.49547,-0.00115,0.49523,0.00000,0.00000,
51.2,1,-0.54763,-2.48948,-0.00505,0.46606,-0.00001,0.12192,0.04952
51.2,2,-1.74185,-2.47483,-0.03332,0.42398,0.04219,0.19431,0.19236
51.22,0,0.58418,-2.49548,-0.00115,0.49523,0.00000,0.00000,
51.22,1,-0.53843,-2.48954,-0.00504,0.44955,0.00060,0.12263,0.05943
51.22,2,-1.73265,-2.47511,-0.03222,0.46353,0.12142,0.19430,0.00450
51.24,0,0.59409,-2.49549,-0.00115,0.49523,0.00000,0.00000,
51.24,1,-0.52890,-2.48959,-0.00506,0.48995,-0.00162,0.12300,0.06933
51.24,2,-1.72379,-2.47539,-0.03406,0.44333,-0.09162,0.19497,0.01403
51.26,0,0.60399,-2.49551,-0.00115,0.49523,0.00000,0.00000,
51.26,1,-0.51918,-2.48963,-0.00509,0.47744,-0.00134,0.12319,0.07924
51.26,2,-1.71454,-2.47591,-0.03711,0.49365,-0.13185,0.19543,0.02375
51.28,0,0.61390,-2.49552,-0.00115,0.49523,0.00000,0.00000,
51.28,1,-0.50990,-2.48968,-0.00511,0.45530,-0.00081,0.12381,0.08914
51.28,2,-1.70390,-2.47631,-0.03745,0.55337,0.06241,0.19408,0.03304
51.3,0,0.62380,-2.49553,-0.00115,0.49523,0.00000,0.00000,
51.3,1,-0.50090,-2.48973,-0.00512,0.44746,-0.00081,0.12471,0.09905
51.3,2,-1.69309,-2.47669,-0.03559,0.55898,0.08355,0.19226,0.04204
51.32,0,0.63370,-2.49554,-0.00115,0.49523,0.00000,0.00000,
51.32,1,-0.49147,-2.48977,-0.00497,0.44157,0.01212,0.12519,0.00990
51.32,2,-1.68178,-2.47707,-0.03442,0.56167,0.04333,0.19038,0.05147
51.34,0,0.64361,-2.49555,-0.00115,0.49523,0.00000,0.00000,
51.34,1,-0.48228,-2.48982,-0.00484,0.48525,0.00074,0.12591,0.01981
51.34,2,-1.67086,-2.47744,-0.03362,0.53417,0.04147,0.18864,0.06065
51.36,0,0.65351,-2.49556,-0.00115,0.49523,0.00000,0.00000,
51.36,1,-0.47206,-2.48986,-0.00489,0.52353,-0.00339,0.12558,0.02971
51.36,2,-1.66037,-2.47779,-0.03270,0.51977,0.04887,0.18838,0.07088
51.38,0,0.66342,-2.49557,-0.00115,0.49523,0.00000,0.00000,
51.38,1,-0.46170,-2.48991,-0.00494,0.50827,-0.00084,0.12513,0.03962
51.38,2,-1.65002,-2.47813,-0.03172,0.51652,0.04754,0.18838,0.08124
51.4,0,0.67332,-2.49559,-0.00115,0.49523,0.00000,0.00000,
51.4,1,-0.45180,-2.48996,-0.00494,0.48575,0.00011,0.12514,0.04952
51.4,2,-1.64040,-2.47845,-0.03097,0.44279,0.03098,0.18866,0.09113
51.42,0,0.68323,-2.49560,-0.00115,0.49523,0.00000,0.00000,
51.42,1,-0.44219,-2.49001,-0.00494,0.47819,-0.00041,0.12543,0.05943
51.42,2,-1.63131,-2.47875,-0.03013,0.46295,0.04812,0.18918,0.10074
51.44,0,0.69313,-2.49561,-0.00115,0.49523,0.00000,0.00000,
51.44,1,-0.43265,-2.49006,-0.00495,0.47538,-0.00061,0.12580,0.06933
51.44,2,-1.62207,-2.47904,-0.02917,0.44260,0.04863,0.18947,0.11028
51.46,0,0.70304,-2.49562,-0.00115,0.49523,0.00000,0.00000,
51.46,1,-0.42321,-2.49011,-0.00496,0.46903,-0.00048,0.12626,0.07924
51.46,2,-1.61309,-2.47930,-0.02827,0.48035,0.03675,0.18993,0.11972
51.48,0,0.71294,-2.49563,-0.00115,0.49523,0.00000,0.00000,
51.48,1,-0.41392,-2.49015,-0.00497,0.46079,-0.00042,0.12688,0.08914
51.48,2,-1.60322,-2.47958,-0.02759,0.49291,0.03457,0.18935,0.12901
51.5,0,0.72285,-2.49564,-0.00115,0.49523,0.00000,0.00000,
51.5,1,-0.40479,-2.49020,-0.00498,0.45341,-0.00043,0.12765,0.09905
51.5,2,-1.59368,-2.47985,-0.02685,0.46409,0.03815,0.18893,0.13815
51.52,0,0.73275,-2.49565,-0.00115,0.49523,0.00000,0.00000,
51.52,1,-0.39579,-2.49024,-0.00499,0.44686,-0.00042,0.12856,0.10895
51.52,2,-1.58375,-2.48010,-0.02587,0.57717,0.08873,0.18800,0.00448
51.54,0,0.74265,-2.49567,-0.00115,0.49523,0.00000,0.00000,
51.54,1,-0.38693,-2.49029,-0.00500,0.44030,-0.00040,0.12960,0.11885
51.54,2,-1.57177,-2.48039,-0.02396,0.59312,0.07441,0.18488,0.01335
51.56,0,0.75256,-2.49568,-0.00115,0.49523,0.00000,0.00000,
51.56,1,-0.37859,-2.49033,-0.00502,0.40385,-0.00113,0.13116,0.12876
51.56,2,-1.56079,-2.48066,-0.02311,0.52994,0.02309,0.18224,0.02168
51.58,0,0.76246,-2.49569,-0.00115,0.49523,0.00000,0.00000,
51.58,1,-0.37043,-2.49037,-0.00503,0.40992,0.00010,0.13291,0.13866
51.58,2,-1.54995,-2.48091,-0.02276,0.54980,0.01992,0.17956,0.02984
51.6,0,0.77237,-2.49570,-0.00115,0.49523,0.00000,0.00000,
51.6,1,-0.36228,-2.49041,-0.00503,0.40462,-0.00014,0.13466,0.14857
51.6,2,-1.53898,-2.48116,-0.02221,0.54454,0.03215,0.17674,0.03800
51.62,0,0.78227,-2.49571,-0.00115,0.49523,0.00000,0.00000,
51.62,1,-0.35429,-2.49045,-0.00503,0.39488,-0.00042,0.13658,0.15847
51.62,2,-1.52881,-2.48140,-0.02164,0.45379,0.02162,0.17456,0.00397
51.64,0,0.79218,-2.49572,-0.00115,0.49523,0.00000,0.00000,
51.64,1,-0.34648,-2.49049,-0.00504,0.38800,-0.00037,0.13867,0.16838
51.64,2,-1.51953,-2.48161,-0.02106,0.47413,0.03239,0.17309,0.01178
51.66,0,0.80153,-2.49573,-0.00116,0.46462,-0.00009,0.00000,
51.66,1,-0.33883,-2.49053,-0.00505,0.35211,-0.00176,0.14038,0.17773
51.66,2,-1.50995,-2.48182,-0.02044,0.47869,0.02932,0.17115,0.01943
51.68,0,0.81093,-2.49574,-0.00116,0.47348,0.00012,0.00000,
51.68,1,-0.33173,-2.49057,-0.00507,0.35863,-0.00020,0.14267,0.18713
51.68,2,-1.50073,-2.48201,-0.01986,0.46150,0.02739,0.16904,0.02653
51.7,0,0.82031,-2.49576,-0.00115,0.44064,0.00034,0.00000,
51.7,1,-0.32454,-2.49060,-0.00507,0.35849,0.00009,0.14486,0.19651
51.7,2,-1.49108,-2.48220,-0.01937,0.49181,0.02326,0.16658,0.03373
51.72,0,0.82983,-2.49577,-0.00115,0.50042,-0.00010,0.00000,
51.72,1,-0.31419,-2.49064,-0.00485,0.52288,0.01917,0.14403,0.00952
51.72,2,-1.48137,-2.48239,-0.01889,0.47726,0.02464,0.16721,0.04407
51.74,0,0.84005,-2.49578,-0.00115,0.51254,-0.00007,0.00000,
51.74,1,-0.30408,-2.49068,-0.00445,0.50519,0.02008,0.14415,0.01974
51.74,2,-1.47206,-2.48257,-0.01840,0.45779,0.02458,0.16800,0.05418
51.76,0,0.85009,-2.49579,-0.00115,0.48447,0.00015,0.00000,
51.76,1,-0.29398,-2.49077,-0.00426,0.50405,-0.00039,0.14409,0.02978
51.76,2,-1.46299,-2.48273,-0.01792,0.45098,0.02328,0.16904,0.06428
51.78,0,0.86002,-2.49580,-0.00115,0.50571,-0.00002,0.00000,
51.78,1,-0.28399,-2.49080,-0.00438,0.49520,-0.00810,0.14402,0.03971
51.78,2,-1.45408,-2.48290,-0.01748,0.41152,0.01673,0.17012,0.07427
51.8,0,0.87024,-2.49581,-0.00115,0.51269,-0.00003,0.00000,
51.8,1,-0.27449,-2.49082,-0.00450,0.44973,-0.00434,0.14475,0.04993
51.8,2,-1.44578,-2.48305,-0.01708,0.41876,0.02229,0.17131,0.08377
51.82,0,0.88046,-2.49583,-0.00115,0.50838,0.00001,0.00000,
51.82,1,-0.26540,-2.49085,-0.00452,0.45844,0.00080,0.14587,0.06014
51.82,2,-1.43738,-2.48319,-0.01662,0.41850,0.02227,0.17201,0.09286
51.84,0,0.89058,-2.49584,-0.00115,0.50514,0.00001,0.00000,
51.84,1,-0.25674,-2.49089,-0.00452,0.42932,0.00014,0.14734,0.07027
51.84,2,-1.42911,-2.48333,-0.01620,0.40904,0.01993,0.17239,0.10152
51.86,0,0.90031,-2.49585,-0.00116,0.46959,-0.00024,0.00000,
51.86,1,-0.24813,-2.49093,-0.00451,0.42952,0.00023,0.14845,0.07999
51.86,2,-1.42103,-2.48346,-0.01582,0.40041,0.01917,0.17293,0.11013
51.88,0,0.90984,-2.49586,-0.00116,0.48184,0.00011,0.00000,
51.88,1,-0.23964,-2.49097,-0.00451,0.42001,0.00002,0.14949,0.08953
51.88,2,-1.41309,-2.48359,-0.01543,0.39488,0.01892,0.17347,0.11862
51.9,0,0.91953,-2.49587,-0.00116,0.48482,0.00006,0.00000,
51.9,1,-0.23137,-2.49101,-0.00451,0.39573,0.00048,0.15091,0.09922
51.9,2,-1.40578,-2.48371,-0.01511,0.36889,0.01835,0.17443,0.12689
51.92,0,0.92919,-2.49588,-0.00116,0.48183,-0.00002,0.00000,
51.92,1,-0.22324,-2.49104,-0.00451,0.42591,-0.00018,0.15245,0.10888
51.92,2,-1.39745,-2.48382,-0.01462,0.51341,0.04358,0.17423,0.00418
51.94,0,0.93881,-2.49589,-0.00116,0.48002,-0.00001,0.00000,
51.94,1,-0.21459,-2.49108,-0.00451,0.43114,-0.00024,0.15341,0.11849
51.94,2,-1.38727,-2.48398,-0.01357,0.47268,0.05134,0.17270,0.01284
51.96,0,0.94835,-2.49590,-0.00115,0.49185,-0.00001,0.00000,
51.96,1,-0.20618,-2.49112,-0.00451,0.41122,0.00002,0.15455,0.12804
51.96,2,-1.37770,-2.48409,-0.01251,0.49029,0.04646,0.17154,0.02124
51.98,0,0.95836,-2.49592,-0.00116,0.50287,-0.00003,0.00000,
51.98,1,-0.19811,-2.49116,-0.00451,0.39932,0.00004,0.15648,0.13804
51.98,2,-1.36779,-2.48423,-0.01207,0.43982,0.00178,0.16970,0.02932
52.0,0,0.96830,-2.49593,-0.00115,0.50744,-0.00001,0.00000,
52.0,1,-0.19090,-2.49119,-0.00454,0.34619,-0.00110,0.15921,0.14798
52.0,2,-1.35875,-2.48436,-0.01199,0.45984,0.00864,0.16787,0.03653
52.02,0,0.97853,-2.49594,-0.00115,0.51259,-0.00003,0.00000,
52.02,1,-0.18376,-2.49122,-0.00453,0.36326,0.00072,0.16230,0.15822
52.02,2,-1.34953,-2.48448,-0.01172,0.45920,0.01612,0.16580,0.00361
52.04,0,0.98872,-2.49595,-0.00116,0.50643,0.00001,0.00000,
52.04,1,-0.17652,-2.49126,-0.00452,0.35788,0.00031,0.16525,0.16841
52.04,2,-1.34050,-2.48459,-0.01142,0.44499,0.01315,0.16400,0.01085
52.06,0,0.99881,-2.49596,-0.00115,0.50320,0.00001,0.00000,
52.06,1,-0.16965,-2.49129,-0.00452,0.33800,0.00031,0.16847,0.17849
52.06,2,-1.33191,-2.48469,-0.01117,0.42497,0.01194,0.16228,0.01772
52.08,0,1.00888,-2.49597,-0.00115,0.50410,0.00000,0.00000,
52.08,1,-0.16252,-2.49132,-0.00452,0.36670,-0.00033,0.17141,0.18856
52.08,2,-1.32294,-2.48479,-0.01096,0.46094,0.01014,0.16044,0.02485
52.1,0,1.01867,-2.49599,-0.00116,0.46849,-0.00029,0.00000,
52.1,1,-0.15522,-2.49135,-0.00452,0.35930,-0.00005,0.17390,0.19836
52.1,2,-1.31378,-2.48489,-0.01075,0.45121,0.01077,0.15857,0.03215
52.12,0,1.02817,-2.49600,-0.00116,0.47996,0.00010,0.00000,
52.12,1,-0.14628,-2.49139,-0.00481,0.42336,-0.04424,0.17446,0.00950
52.12,2,-1.30396,-2.48498,-0.01046,0.59695,0.02656,0.15770,0.00434
52.14,0,1.03782,-2.49601,-0.00116,0.48334,0.00008,0.00000,
52.14,1,-0.13793,-2.49145,-0.00614,0.44319,-0.08549,0.17576,0.01915
52.14,2,-1.29154,-2.48511,-0.00986,0.56667,0.02904,0.15363,0.01269
52.16,0,1.04746,-2.49602,-0.00116,0.48068,-0.00001,0.00000,
52.16,1,-0.12742,-2.49154,-0.00700,0.57491,-0.00337,0.17489,0.02879
52.16,2,-1.28004,-2.48523,-0.00956,0.58914,0.00521,0.15264,0.02320
52.18,0,1.05690,-2.49603,-0.00115,0.45422,0.00024,0.00000,
52.18,1,-0.11585,-2.49163,-0.00660,0.54950,0.02789,0.17276,0.03823
52.18,2,-1.26863,-2.48534,-0.00952,0.48661,-0.00486,0.15280,0.03477
52.2,0,1.06667,-2.49604,-0.00115,0.51065,-0.00008,0.00000,
52.2,1,-0.10503,-2.49170,-0.00625,0.53443,0.00805,0.17170,0.04800
52.2,2,-1.25956,-2.48547,-0.00964,0.45795,-0.01008,0.15455,0.04560
52.22,0,1.07705,-2.49605,-0.00116,0.51900,-0.00005,0.00000,
52.22,1,-0.09480,-2.49176,-0.00606,0.45058,-0.00873,0.17185,0.01038
52.22,2,-1.24999,-2.48556,-0.00948,0.44518,0.05734,0.15520,0.00466
52.24,0,1.08727,-2.49607,-0.00116,0.50478,0.00002,0.00000,
52.24,1,-0.08569,-2.49183,-0.00698,0.42053,-0.05242,0.17297,0.02060
52.24,2,-1.24188,-2.48560,-0.01061,0.42875,-0.13518,0.15621,0.01377
52.26,0,1.09728,-2.49608,-0.00116,0.49837,0.00002,0.00000,
52.26,1,-0.07717,-2.49187,-0.00767,0.44319,0.00367,0.17445,0.03061
52.26,2,-1.23245,-2.48569,-0.01233,0.51540,-0.03563,0.15530,0.02229
52.28,0,1.10726,-2.49609,-0.00116,0.50075,0.00000,0.00000,
52.28,1,-0.06790,-2.49195,-0.00712,0.47005,0.03057,0.17517,0.04060
52.28,2,-1.22092,-2.48584,-0.01213,0.58192,0.03622,0.15303,0.03156
52.3,0,1.11731,-2.49610,-0.00116,0.50329,0.00000,0.00000,
52.3,1,-0.05683,-2.49205,-0.00690,0.59723,0.00017,0.17415,0.05064
52.3,2,-1.20920,-2.48600,-0.01147,0.59578,0.02366,0.15238,0.04263
52.32,0,1.12723,-2.49611,-0.00116,0.46510,-0.00037,0.00000,
52.32,1,-0.04523,-2.49215,-0.00687,0.57819,0.00414,0.17246,0.06056
52.32,2,-1.19725,-2.48616,-0.01116,0.55626,0.01575,0.15204,0.00572
52.34,0,1.13664,-2.49612,-0.00116,0.47552,0.00005,0.00000,
52.34,1,-0.03365,-2.49223,-0.00673,0.57287,0.00815,0.17029,0.06997
52.34,2,-1.18775,-2.48627,-0.01097,0.38828,-0.07870,0.15412,0.01730
52.36,0,1.14622,-2.49613,-0.00116,0.48087,0.00010,0.00000,
52.36,1,-0.02272,-2.49231,-0.00659,0.46530,0.00256,0.16895,0.07955
52.36,2,-1.18052,-2.48632,-0.01243,0.36614,-0.01819,0.15782,0.02822
52.38,0,1.15583,-2.49615,-0.00116,0.47908,-0.00000,0.00000,
52.38,1,-0.01384,-2.49237,-0.00651,0.46036,0.00650,0.16967,0.08916
52.38,2,-1.17188,-2.48637,-0.01081,0.49734,0.09950,0.15805,0.03711
52.4,0,1.16527,-2.49616,-0.00115,0.47968,0.00001,0.00000,
52.4,1,-0.00433,-2.49244,-0.00635,0.48222,0.00806,0.16960,0.09860
52.4,2,-1.16179,-2.48649,-0.00941,0.55939,0.04146,0.15748,0.04662
52.42,0,1.17500,-2.49617,-0.00115,0.49444,0.00003,0.00000,
52.42,1,0.00488,-2.49250,-0.00618,0.49927,0.00636,0.17013,0.10834
52.42,2,-1.15167,-2.48654,-0.00848,0.36313,0.05964,0.15657,0.00478
52.44,0,1.18519,-2.49618,-0.00116,0.51547,-0.00005,0.00000,
52.44,1,0.01542,-2.49257,-0.00608,0.53284,0.00433,0.16978,0.11852
52.44,2,-1.14698,-2.48655,-0.00889,0.14270,-0.16474,0.16241,0.01532
52.46,0,1.19544,-2.49619,-0.00116,0.50801,-0.00000,0.00000,
52.46,1,0.02571,-2.49263,-0.00598,0.49636,0.00565,0.16974,0.12877
52.46,2,-1.14515,-2.48656,-0.01195,0.08586,-0.03774,0.17087,0.02561
52.48,0,1.20550,-2.49620,-0.00116,0.49976,0.00002,0.00000,
52.48,1,0.03523,-2.49269,-0.00587,0.43271,0.00386,0.17027,0.13883
52.48,2,-1.14188,-2.48632,-0.00196,0.25564,0.68798,0.17713,0.03514
52.5,0,1.21548,-2.49621,-0.00116,0.49964,0.00001,0.00000,
52.5,1,0.04342,-2.49274,-0.00579,0.42250,0.00550,0.17206,0.14881
52.5,2,-1.13585,-2.48629,0.00313,0.33071,-0.23403,0.17929,0.04333
52.52,0,1.22550,-2.49623,-0.00116,0.50202,0.00000,0.00000,
52.52,1,0.05484,-2.49280,-0.00551,0.60419,0.01970,0.17067,0.01002
52.52,2,-1.12827,-2.48626,0.00932,0.44877,1.09062,0.18312,0.00617
52.54,0,1.23555,-2.49624,-0.00115,0.50272,0.00000,0.00000,
52.54,1,0.06537,-2.49287,-0.00505,0.51637,0.01428,0.17019,0.02007
52.54,2,-1.11996,-2.48611,0.03046,0.41133,0.59992,0.18535,0.01670
52.56,0,1.24560,-2.49625,-0.00115,0.50221,0.00001,0.00000,
52.56,1,0.07621,-2.49296,-0.00525,0.56859,-0.01670,0.16939,0.03012
52.56,2,-1.11125,-2.48552,0.04654,0.46096,0.99803,0.18749,0.02755
52.58,0,1.25534,-2.49626,-0.00116,0.46556,-0.00028,0.00000,
52.58,1,0.08653,-2.49300,-0.00544,0.53155,0.00177,0.16881,0.03986
52.58,2,-1.10113,-2.48456,0.06186,0.56414,0.29303,0.18769,0.03787
52.6,0,1.26478,-2.49627,-0.00116,0.47688,0.00010,0.00000,
52.6,1,0.09727,-2.49304,-0.00527,0.53435,0.00987,0.16751,0.04930
52.6,2,-1.08879,-2.48381,0.05854,0.64310,-0.37256,0.18610,0.04861
52.62,0,1.27437,-2.49628,-0.00116,0.48059,0.00008,0.00000,
52.62,1,0.10929,-2.49309,-0.00505,0.63049,0.01132,0.16508,0.00959
52.62,2,-1.07629,-2.48312,0.05195,0.64529,-0.20706,0.18563,0.06063
52.64,0,1.28396,-2.49629,-0.00116,0.47808,-0.00001,0.00000,
52.64,1,0.12133,-2.49314,-0.00484,0.59782,0.00717,0.16264,0.01918
52.64,2,-1.06342,-2.48249,0.04987,0.63581,-0.06143,0.18479,0.07266
52.66,0,1.29333,-2.49631,-0.00115,0.49037,-0.00001,0.00000,
52.66,1,0.13294,-2.49320,-0.00480,0.47765,-0.00327,0.16039,0.02855
52.66,2,-1.05106,-2.48189,0.04826,0.60595,-0.10649,0.18406,0.08428
52.68,0,1.30353,-2.49632,-0.00116,0.51838,-0.00008,0.00000,
52.68,1,0.14261,-2.49326,-0.00486,0.48841,-0.00076,0.16092,0.03876
52.68,2,-1.03940,-2.48132,0.04580,0.54881,-0.12143,0.18207,0.09395
52.7,0,1.31382,-2.49633,-0.00116,0.50820,0.00001,0.00000,
52.7,1,0.15252,-2.49331,-0.00473,0.49921,0.00940,0.16130,0.04904
52.7,2,-1.02828,-2.48079,0.04326,0.56347,-0.12662,0.18086,0.10385
52.72,0,1.32384,-2.49634,-0.00116,0.49715,0.00003,0.00000,
52.72,1,0.16151,-2.49336,-0.00453,0.38808,0.01000,0.16234,0.01002
52.72,2,-1.01698,-2.48029,0.04088,0.56353,-0.11278,0.17856,0.11284
52.74,0,1.33377,-2.49635,-0.00115,0.49706,0.00001,0.00000,
52.74,1,0.16973,-2.49341,-0.00436,0.45714,0.00567,0.16405,0.01995
52.74,2,-1.00587,-2.47983,0.03871,0.54930,-0.10640,0.17567,0.12106
52.76,0,1.34375,-2.49636,-0.00115,0.50026,0.00000,0.00000,
52.76,1,0.17998,-2.49345,-0.00429,0.52672,0.00360,0.16377,0.02993
52.76,2,-0.99503,-2.47941,0.03659,0.53729,-0.10593,0.17510,0.13132
52.78,0,1.35377,-2.49638,-0.00115,0.50118,0.00001,0.00000,
52.78,1,0.19137,-2.49351,-0.00423,0.57375,0.00361,0.16240,0.03995
52.78,2,-0.98437,-2.47902,0.03449,0.53028,-0.10359,0.17584,0.14271
52.8,0,1.36378,-2.49639,-0.00115,0.50049,0.00001,0.00000,
52.8,1,0.20300,-2.49356,-0.00416,0.57690,0.00340,0.16079,0.04997
52.8,2,-0.97454,-2.47867,0.03256,0.49594,-0.10100,0.17763,0.15433
52.82,0,1.37379,-2.49640,-0.00115,0.50004,0.00001,0.00000,
52.82,1,0.21725,-2.49361,-0.00404,0.71394,0.00919,0.15654,0.01000
52.82,2,-0.96322,-2.47834,0.03031,0.74730,-0.15251,0.18057,0.00755
52.84,0,1.38379,-2.49641,-0.00115,0.50011,0.00000,0.00000,
52.84,1,0.23151,-2.49366,-0.00386,0.70743,0.00823,0.15228,0.02000
52.84,2,-0.94916,-2.47801,0.02661,0.66338,-0.19646,0.18077,0.02181
52.86,0,1.39317,-2.49642,-0.00116,0.47013,-0.00004,0.00000,
52.86,1,0.24375,-2.49371,-0.00380,0.51021,-0.00013,0.14942,0.02939
52.86,2,-0.93589,-2.47768,0.02268,0.66338,-0.19662,0.17976,0.03405
52.88,0,1.40268,-2.49643,-0.00116,0.47844,0.00012,0.00000,
52.88,1,0.25398,-2.49375,-0.00376,0.51448,0.00312,0.14870,0.03889
52.88,2,-0.92210,-2.47728,0.02056,0.71176,-0.05446,0.17620,0.04428
52.9,0,1.41225,-2.49644,-0.00116,0.47796,0.00002,0.00000,
52.9,1,0.26431,-2.49379,-0.00369,0.51567,0.00363,0.14795,0.04847
52.9,2,-0.90655,-2.47696,0.01976,0.81678,-0.04318,0.17098,0.05461
52.92,0,1.42156,-2.49645,-0.00115,0.47740,0.00006,0.00000,
52.92,1,0.27452,-2.49383,-0.00363,0.50507,0.00267,0.14705,0.05778
52.92,2,-0.89001,-2.47665,0.01837,0.90528,-0.11833,0.16466,0.00508
52.94,0,1.43162,-2.49647,-0.00115,0.51572,-0.00010,0.00000,
52.94,1,0.28449,-2.49386,-0.00358,0.49372,0.00244,0.14714,0.06784
52.94,2,-0.87098,-2.47634,0.01569,0.95382,-0.13416,0.15560,0.01505
52.96,0,1.44192,-2.49648,-0.00116,0.50990,-0.00001,0.00000,
52.96,1,0.29428,-2.49390,-0.00353,0.48637,0.00257,0.14764,0.07813
52.96,2,-0.85398,-2.47592,0.01099,0.81289,-0.38760,0.14839,0.02483
52.98,0,1.45196,-2.49649,-0.00116,0.49704,0.00003,0.00000,
52.98,1,0.30394,-2.49393,-0.00348,0.48019,0.00252,0.14803,0.08817
52.98,2,-0.84153,-2.47557,0.00486,0.53733,-0.20128,0.14561,0.03449
53.0,0,1.46186,-2.49650,-0.00115,0.49517,0.00001,0.00000,
53.0,1,0.31346,-2.49397,-0.00343,0.47315,0.00239,0.14840,0.09808
53.0,2,-0.83088,-2.47536,0.00102,0.48955,-0.15566,0.14450,0.04402
53.02,0,1.47180,-2.49651,-0.00115,0.49841,0.00000,0.00000,
53.02,1,0.32301,-2.49400,-0.00329,0.43321,0.00889,0.14879,0.00994
53.02,2,-0.82165,-2.47530,-0.00020,0.47185,-0.00579,0.14481,0.05357
53.04,0,1.48179,-2.49652,-0.00115,0.49986,0.00000,0.00000,
53.04,1,0.33214,-2.49402,-0.00318,0.49158,0.00263,0.14965,0.01993
53.04,2,-0.81258,-2.47524,-0.00023,0.47997,-0.00941,0.14488,0.06270
53.06,0,1.49178,-2.49654,-0.00115,0.49931,0.00001,0.00000,
53.06,1,0.34252,-2.49406,-0.00315,0.51595,0.00135,0.14926,0.02992
53.06,2,-0.80205,-2.47520,-0.00076,0.54548,-0.03894,0.14473,0.07308
53.08,0,1.50176,-2.49655,-0.00115,0.49873,0.00001,0.00000,
53.08,1,0.35354,-2.49409,-0.00313,0.56584,0.00157,0.14822,0.03990
53.08,2,-0.79142,-2.47519,-0.00161,0.51317,-0.04101,0.14511,0.08410
53.1,0,1.51174,-2.49656,-0.00115,0.49874,0.00000,0.00000,
53.1,1,0.36467,-2.49413,-0.00309,0.54297,0.00215,0.14707,0.04987
53.1,2,-0.78157,-2.47521,-0.00232,0.47970,-0.03184,0.14640,0.09523
53.12,0,1.52171,-2.49657,-0.00115,0.49891,0.00000,0.00000,
53.12,1,0.37519,-2.49416,-0.00305,0.51516,0.00202,0.14652,0.05985
53.12,2,-0.77136,-2.47523,-0.00292,0.56620,-0.02730,0.14670,0.00519
53.14,0,1.53169,-2.49658,-0.00115,0.49895,0.00000,0.00000,
53.14,1,0.38501,-2.49419,-0.00302,0.43429,-0.00002,0.14668,0.06983
53.14,2,-0.76006,-2.47526,-0.00345,0.53260,-0.02679,0.14523,0.01501
53.16,0,1.54167,-2.49659,-0.00115,0.49891,0.00000,0.00000,
53.16,1,0.39399,-2.49422,-0.00299,0.46145,0.00210,0.14768,0.07981
53.16,2,-0.74875,-2.47530,-0.00400,0.58586,-0.02791,0.14290,0.02399
53.18,0,1.55115,-2.49660,-0.00116,0.46654,-0.00013,0.00000,
53.18,1,0.40334,-2.49425,-0.00295,0.46725,0.00220,0.14781,0.08929
53.18,2,-0.73699,-2.47535,-0.00455,0.58212,-0.02671,0.14049,0.03334
53.2,0,1.56060,-2.49662,-0.00116,0.47632,0.00012,0.00000,
53.2,1,0.41230,-2.49427,-0.00291,0.42389,0.00240,0.14830,0.09874
53.2,2,-0.72564,-2.47540,-0.00507,0.55579,-0.02558,0.13810,0.04230
53.22,0,1.57015,-2.49663,-0.00115,0.47726,0.00004,0.00000,
53.22,1,0.42155,-2.49430,-0.00287,0.48595,0.00121,0.14860,0.10829
53.22,2,-0.71495,-2.47546,-0.00559,0.50121,-0.02711,0.13666,0.05155
53.24,0,1.57945,-2.49664,-0.00115,0.47665,0.00006,0.00000,
53.24,1,0.43131,-2.49433,-0.00285,0.48128,0.00141,0.14814,0.11758
53.24,2,-0.70479,-2.47551,-0.00610,0.51438,-0.02420,0.13626,0.06131
53.26,0,1.58949,-2.49665,-0.00115,0.51482,-0.00011,0.00000,
53.26,1,0.44063,-2.49436,-0.00282,0.45412,0.00162,0.14886,0.12763
53.26,2,-0.69446,-2.47558,-0.00656,0.51473,-0.02255,0.13525,0.07063
53.28,0,1.59976,-2.49666,-0.00115,0.50885,-0.00001,0.00000,
53.28,1,0.44862,-2.49438,-0.00280,0.38967,0.00099,0.15114,0.13790
53.28,2,-0.68446,-2.47564,-0.00702,0.46398,-0.02480,0.13324,0.07862
53.3,0,1.60978,-2.49667,-0.00115,0.49599,0.00003,0.00000,
53.3,1,0.45667,-2.49440,-0.00277,0.41000,0.00193,0.15311,0.14792
53.3,2,-0.67515,-2.47571,-0.00748,0.46792,-0.02180,0.13198,0.08667
53.32,0,1.61967,-2.49668,-0.00115,0.49416,0.00001,0.00000,
53.32,1,0.46486,-2.49443,-0.00274,0.40528,0.00150,0.15481,0.15780
53.32,2,-0.66592,-2.47578,-0.00781,0.44083,-0.00409,0.13093,0.00408
53.34,0,1.62959,-2.49670,-0.00115,0.49742,0.00000,0.00000,
53.34,1,0.47264,-2.49445,-0.00271,0.38286,0.00152,0.15695,0.16772
53.34,2,-0.65734,-2.47585,-0.00786,0.43012,-0.00768,0.13013,0.01186
53.36,0,1.63955,-2.49671,-0.00115,0.49885,0.00000,0.00000,
53.36,1,0.48071,-2.49447,-0.00268,0.41413,0.00108,0.15885,0.17769
53.36,2,-0.64852,-2.47592,-0.00818,0.44805,-0.02089,0.12938,0.01992
53.38,0,1.64953,-2.49672,-0.00115,0.49830,0.00001,0.00000,
53.38,1,0.48894,-2.49449,-0.00266,0.40581,0.00122,0.16058,0.18766
53.38,2,-0.63962,-2.47599,-0.00860,0.43649,-0.01897,0.12872,0.02816
53.4,0,1.65949,-2.49673,-0.00115,0.49772,0.00001,0.00000,
53.4,1,0.49686,-2.49451,-0.00263,0.38833,0.00126,0.16263,0.19762
53.4,2,-0.63071,-2.47607,-0.00895,0.44944,-0.01642,0.12772,0.03607
53.42,0,1.66944,-2.49674,-0.00115,0.49773,0.00000,0.00000,
53.42,1,0.50603,-2.49453,-0.00252,0.43929,0.00849,0.16341,0.00995
53.42,2,-0.62180,-2.47615,-0.00926,0.44054,-0.01574,0.12798,0.04525
53.44,0,1.67940,-2.49675,-0.00115,0.49790,0.00000,0.00000,
53.44,1,0.51488,-2.49452,-0.00212,0.44007,0.03796,0.16452,0.01991
53.44,2,-0.61314,-2.47623,-0.00958,0.42772,-0.01562,0.12816,0.05409
53.46,0,1.68935,-2.49676,-0.00115,0.49794,0.00000,0.00000,
53.46,1,0.52478,-2.49454,-0.00162,0.56479,0.00943,0.16457,0.02987
53.46,2,-0.60466,-2.47631,-0.00989,0.42088,-0.01512,0.12959,0.06400
53.48,0,1.69931,-2.49678,-0.00115,0.49791,0.00000,0.00000,
53.48,1,0.53662,-2.49458,-0.00165,0.57368,-0.00597,0.16269,0.03983
53.48,2,-0.59630,-2.47639,-0.01018,0.41631,-0.01452,0.13307,0.07584
53.5,0,1.70927,-2.49679,-0.00115,0.49788,0.00000,0.00000,
53.5,1,0.54795,-2.49461,-0.00173,0.55662,-0.00118,0.16132,0.04979
53.5,2,-0.58847,-2.47647,-0.01050,0.38347,-0.01526,0.13656,0.08717
53.52,0,1.71923,-2.49680,-0.00115,0.49789,0.00000,0.00000,
53.52,1,0.56261,-2.49464,-0.00171,0.77853,0.00262,0.15662,0.00996
53.52,2,-0.57923,-2.47656,-0.01070,0.66441,0.00665,0.14198,0.00799
53.54,0,1.72919,-2.49681,-0.00115,0.49789,0.00000,0.00000,
53.54,1,0.57712,-2.49466,-0.00167,0.72189,-0.01173,0.15207,0.01992
53.54,2,-0.56682,-2.47664,-0.01048,0.53390,0.02008,0.14408,0.02250
53.56,0,1.73914,-2.49682,-0.00115,0.49790,0.00000,0.00000,
53.56,1,0.59059,-2.49467,-0.00231,0.58087,-0.02689,0.14855,0.02987
53.56,2,-0.55612,-2.47674,-0.01024,0.54278,-0.02829,0.14685,0.03598
53.58,0,1.74854,-2.49683,-0.00116,0.46689,-0.00009,0.00000,
53.58,1,0.59996,-2.49474,-0.00295,0.46183,-0.05677,0.14858,0.03927
53.58,2,-0.54355,-2.47688,-0.01151,0.71095,-0.06303,0.14365,0.04535
53.6,0,1.75799,-2.49684,-0.00116,0.47589,0.00012,0.00000,
53.6,1,0.60940,-2.49477,-0.00338,0.48306,0.00563,0.14860,0.04872
53.6,2,-0.52827,-2.47704,-0.01218,0.76240,-0.01070,0.13780,0.05478
53.62,0,1.76753,-2.49685,-0.00115,0.47608,0.00003,0.00000,
53.62,1,0.62089,-2.49480,-0.00297,0.60283,0.02382,0.14664,0.00953
53.62,2,-0.51204,-2.47723,-0.01226,0.83496,-0.00279,0.13306,0.06627
53.64,0,1.77684,-2.49687,-0.00115,0.48782,-0.00002,0.00000,
53.64,1,0.63291,-2.49485,-0.00243,0.59403,0.03434,0.14393,0.01885
53.64,2,-0.49541,-2.47742,-0.01239,0.82130,-0.00948,0.12846,0.07830
53.66,0,1.78699,-2.49688,-0.00115,0.51545,-0.00010,0.00000,
53.66,1,0.64422,-2.49488,-0.00203,0.54081,0.00418,0.14278,0.02900
53.66,2,-0.47929,-2.47762,-0.01259,0.79623,-0.00996,0.12364,0.08960
53.68,0,1.79721,-2.49689,-0.00115,0.50497,0.00001,0.00000,
53.68,1,0.65469,-2.49489,-0.00214,0.51596,-0.00917,0.14253,0.03922
53.68,2,-0.46405,-2.47781,-0.01277,0.72258,-0.00800,0.11886,0.10007
53.7,0,1.80717,-2.49690,-0.00115,0.49395,0.00003,0.00000,
53.7,1,0.66372,-2.49490,-0.00228,0.46351,-0.00184,0.14346,0.04918
53.7,2,-0.45168,-2.47799,-0.01307,0.54350,-0.02070,0.11552,0.10910
53.72,0,1.81704,-2.49691,-0.00115,0.49395,0.00000,0.00000,
53.72,1,0.67328,-2.49491,-0.00224,0.48423,0.00338,0.14376,0.05905
53.72,2,-0.44072,-2.47818,-0.01362,0.56019,-0.03373,0.11412,0.11867
53.74,0,1.82696,-2.49692,-0.00115,0.49718,-0.00000,0.00000,
53.74,1,0.68286,-2.49493,-0.00219,0.47194,0.00144,0.14409,0.06896
53.74,2,-0.42927,-2.47833,-0.01403,0.56132,-0.00647,0.11226,0.12825
53.76,0,1.83691,-2.49694,-0.00115,0.49807,0.00000,0.00000,
53.76,1,0.69211,-2.49495,-0.00217,0.45535,0.00034,0.14481,0.07892
53.76,2,-0.41713,-2.47849,-0.01408,0.63159,-0.00196,0.10936,0.13749
53.78,0,1.84687,-2.49695,-0.00115,0.49737,0.00001,0.00000,
53.78,1,0.70103,-2.49497,-0.00216,0.44497,0.00082,0.14584,0.08887
53.78,2,-0.40465,-2.47866,-0.01415,0.63037,-0.00626,0.10580,0.14641
53.8,0,1.85681,-2.49696,-0.00115,0.49692,0.00000,0.00000,
53.8,1,0.71016,-2.49499,-0.00215,0.46180,0.00084,0.14665,0.09882
53.8,2,-0.39225,-2.47884,-0.01429,0.60819,-0.00653,0.10253,0.15554
53.82,0,1.86675,-2.49697,-0.00115,0.49700,0.00000,0.00000,
53.82,1,0.71932,-2.49501,-0.00213,0.45232,0.00078,0.14743,0.10875
53.82,2,-0.38058,-2.47901,-0.01853,0.57272,-1.34528,0.10001,0.00455
53.84,0,1.87669,-2.49698,-0.00115,0.49715,0.00000,0.00000,
53.84,1,0.72820,-2.49503,-0.00211,0.43809,0.00075,0.14849,0.11870
53.84,2,-0.36874,-2.47918,-0.04927,0.59154,-1.53702,0.09705,0.01343
53.86,0,1.88663,-2.49699,-0.00115,0.49717,0.00000,0.00000,
53.86,1,0.73687,-2.49505,-0.00210,0.43100,0.00073,0.14976,0.12864
53.86,2,-0.35927,-2.47942,-0.07855,0.40800,-1.13135,0.09625,0.02211
53.88,0,1.89658,-2.49700,-0.00115,0.49713,0.00000,0.00000,
53.88,1,0.74544,-2.49507,-0.00208,0.42663,0.00071,0.15113,0.13858
53.88,2,-0.35138,-2.47997,-0.08355,0.39156,0.33666,0.09692,0.03068
53.9,0,1.90652,-2.49702,-0.00115,0.49712,0.00000,0.00000,
53.9,1,0.75294,-2.49509,-0.00208,0.37339,0.00045,0.15358,0.14853
53.9,2,-0.34400,-2.48057,-0.07362,0.41752,0.40735,0.09704,0.03818
53.92,0,1.91646,-2.49703,-0.00115,0.49712,0.00000,0.00000,
53.92,1,0.76403,-2.49510,-0.00202,0.55471,0.00495,0.15244,0.00994
53.92,2,-0.33458,-2.48129,-0.06995,0.49382,0.04915,0.09870,0.04926
53.94,0,1.92640,-2.49704,-0.00115,0.49713,0.00000,0.00000,
53.94,1,0.77383,-2.49512,-0.00190,0.48088,0.00640,0.15258,0.01988
53.94,2,-0.32504,-2.48196,-0.06930,0.45743,0.05713,0.09895,0.05907
53.96,0,1.93635,-2.49705,-0.00115,0.49713,0.00000,0.00000,
53.96,1,0.78369,-2.49514,-0.00180,0.51781,0.00250,0.15265,0.02983
53.96,2,-0.31638,-2.48256,-0.06722,0.42097,0.13098,0.10014,0.06893
53.98,0,1.94629,-2.49706,-0.00115,0.49713,0.00000,0.00000,
53.98,1,0.79287,-2.49516,-0.00181,0.48556,-0.00083,0.15342,0.03977
53.98,2,-0.30804,-2.48311,-0.06456,0.41826,0.12601,0.10098,0.07811
54.0,0,1.95623,-2.49707,-0.00115,0.49713,0.00000,0.00000,
54.0,1,0.80253,-2.49518,-0.00181,0.46487,0.00101,0.15370,0.04971
54.0,2,-0.30062,-2.48364,-0.06263,0.37391,0.10135,0.10321,0.08776
54.02,0,1.96617,-2.49708,-0.00115,0.49713,0.00000,0.00000,
54.02,1,0.81453,-2.49520,-0.00178,0.59689,0.00161,0.15165,0.00994
54.02,2,-0.29192,-2.48415,-0.05998,0.51827,0.25464,0.10651,0.00619
54.04,0,1.97612,-2.49710,-0.00115,0.49713,0.00000,0.00000,
54.04,1,0.82607,-2.49522,-0.00176,0.59271,0.00045,0.15005,0.01989
54.04,2,-0.28277,-2.48465,-0.05601,0.41178,0.21624,0.10889,0.01773
54.06,0,1.98606,-2.49711,-0.00115,0.49713,0.00000,0.00000,
54.06,1,0.83771,-2.49524,-0.00176,0.50269,-0.00182,0.14835,0.02983
54.06,2,-0.27354,-2.48525,-0.05494,0.52812,-0.01644,0.11130,0.02937
54.08,0,1.99533,-2.49712,-0.00116,0.46861,-0.00001,0.00000,
54.08,1,0.84783,-2.49525,-0.00178,0.51163,0.00025,0.14750,0.03910
54.08,2,-0.26168,-2.48590,-0.05452,0.62641,0.06676,0.10955,0.03949
54.1,0,2.00480,-2.49713,-0.00115,0.47585,0.00011,0.00000,
54.1,1,0.85816,-2.49527,-0.00176,0.51689,0.00078,0.14664,0.04857
54.1,2,-0.24943,-2.48657,-0.05240,0.61383,0.11475,0.10762,0.04981
54.12,0,2.01421,-2.49714,-0.00115,0.44217,0.00032,0.00000,
54.12,1,0.86839,-2.49529,-0.00175,0.50585,0.00027,0.14582,0.05798
54.12,2,-0.23839,-2.48720,-0.05014,0.41978,0.12249,0.10681,0.00509
54.14,0,2.02375,-2.49715,-0.00115,0.50148,-0.00009,0.00000,
54.14,1,0.87836,-2.49531,-0.00175,0.49332,0.00014,0.14539,0.06752
54.14,2,-0.23169,-2.48768,-0.04868,0.25149,-0.07054,0.11007,0.01506
54.16,0,2.03400,-2.49716,-0.00115,0.51386,-0.00007,0.00000,
54.16,1,0.88814,-2.49533,-0.00175,0.48591,0.00023,0.14586,0.07776
54.16,2,-0.22793,-2.48813,-0.05069,0.17940,-0.10489,0.11609,0.02484
54.18,0,2.04413,-2.49717,-0.00115,0.49992,0.00003,0.00000,
54.18,1,0.89779,-2.49534,-0.00174,0.48007,0.00025,0.14634,0.08790
54.18,2,-0.22419,-2.48838,-0.04893,0.23563,0.29228,0.12200,0.03449
54.2,0,2.05402,-2.49719,-0.00115,0.49240,0.00002,0.00000,
54.2,1,0.90732,-2.49536,-0.00174,0.47310,0.00022,0.14671,0.09779
54.2,2,-0.21801,-2.48867,-0.04335,0.33917,0.09152,0.12534,0.04402
54.22,0,2.06389,-2.49720,-0.00115,0.49440,0.00000,0.00000,
54.22,1,0.91688,-2.49538,-0.00169,0.43393,0.00299,0.14701,0.00986
54.22,2,-0.21123,-2.48898,-0.04152,0.33917,0.09009,0.12812,0.05358
54.24,0,2.07381,-2.49721,-0.00115,0.49715,0.00000,0.00000,
54.24,1,0.92602,-2.49539,-0.00166,0.49183,0.00037,0.14779,0.01978
54.24,2,-0.20398,-2.48893,-0.03569,0.39408,0.41717,0.13001,0.06272
54.26,0,2.08376,-2.49722,-0.00115,0.49733,0.00001,0.00000,
54.26,1,0.93658,-2.49541,-0.00167,0.54580,-0.00046,0.14718,0.02973
54.26,2,-0.19522,-2.48914,-0.03017,0.49229,0.12439,0.13181,0.07328
54.28,0,2.09369,-2.49723,-0.00115,0.49657,0.00000,0.00000,
54.28,1,0.94738,-2.49543,-0.00167,0.52886,0.00011,0.14631,0.03967
54.28,2,-0.18478,-2.48951,-0.02976,0.52499,-0.01488,0.13217,0.08408
54.3,0,2.10362,-2.49724,-0.00115,0.49631,0.00000,0.00000,
54.3,1,0.95763,-2.49544,-0.00167,0.50108,0.00030,0.14600,0.04960
54.3,2,-0.17484,-2.48986,-0.02949,0.48931,0.04056,0.13248,0.09433
54.32,0,2.11355,-2.49725,-0.00115,0.49646,0.00000,0.00000,
54.32,1,0.96753,-2.49546,-0.00166,0.49287,0.00017,0.14602,0.05953
54.32,2,-0.16499,-2.49018,-0.02817,0.45826,0.09500,0.13254,0.00493
54.34,0,2.12348,-2.49727,-0.00115,0.49658,0.00000,0.00000,
54.34,1,0.97737,-2.49548,-0.00166,0.49125,0.00012,0.14611,0.06946
54.34,2,-0.15686,-2.49039,-0.02716,0.38650,0.01071,0.13424,0.01478
54.36,0,2.13341,-2.49728,-0.00115,0.49657,0.00000,0.00000,
54.36,1,0.98714,-2.49549,-0.00166,0.48502,0.00014,0.14627,0.07939
54.36,2,-0.14968,-2.49058,-0.02995,0.37556,-0.09825,0.13683,0.02454
54.38,0,2.14334,-2.49729,-0.00115,0.49653,0.00000,0.00000,
54.38,1,0.99674,-2.49551,-0.00165,0.47618,0.00015,0.14660,0.08932
54.38,2,-0.14110,-2.49081,-0.02928,0.47068,0.10430,0.13785,0.03415
54.4,0,2.15327,-2.49730,-0.00115,0.49652,0.00000,0.00000,
54.4,1,1.00618,-2.49552,-0.00165,0.46841,0.00014,0.14710,0.09925
54.4,2,-0.13180,-2.49108,-0.02701,0.51570,0.08517,0.13799,0.04358
54.42,0,2.16320,-2.49731,-0.00115,0.49653,0.00000,0.00000,
54.42,1,1.01547,-2.49554,-0.00165,0.46171,0.00013,0.14773,0.10918
54.42,2,-0.12063,-2.49139,-0.02599,0.60252,0.04388,0.13611,0.00463
54.44,0,2.17313,-2.49732,-0.00115,0.49654,0.00000,0.00000,
54.44,1,1.02463,-2.49555,-0.00165,0.45499,0.00013,0.14850,0.11911
54.44,2,-0.10818,-2.49175,-0.02344,0.60603,0.14711,0.13282,0.01379
54.46,0,2.18306,-2.49733,-0.00115,0.49654,0.00000,0.00000,
54.46,1,1.03331,-2.49557,-0.00165,0.41607,-0.00019,0.14975,0.12904
54.46,2,-0.09694,-2.49202,-0.02162,0.52919,0.04066,0.13026,0.02247
54.48,0,2.19300,-2.49735,-0.00115,0.49653,0.00000,0.00000,
54.48,1,1.04172,-2.49558,-0.00165,0.42292,0.00027,0.15128,0.13897
54.48,2,-0.08747,-2.49223,-0.02144,0.36951,-0.01407,0.12920,0.03088
54.5,0,2.20293,-2.49736,-0.00115,0.49653,0.00000,0.00000,
54.5,1,1.05015,-2.49560,-0.00164,0.41859,0.00020,0.15278,0.14890
54.5,2,-0.07977,-2.49243,-0.02188,0.39298,-0.01961,0.12992,0.03931
54.52,0,2.21286,-2.49737,-0.00115,0.49653,0.00000,0.00000,
54.52,1,1.05841,-2.49561,-0.00164,0.40854,0.00009,0.15445,0.15883
54.52,2,-0.07155,-2.49262,-0.02149,0.40002,0.05185,0.12997,0.00410
54.54,0,2.22279,-2.49738,-0.00115,0.49653,0.00000,0.00000,
54.54,1,1.06649,-2.49562,-0.00164,0.40106,0.00009,0.15630,0.16876
54.54,2,-0.06273,-2.49282,-0.02039,0.49120,0.04597,0.12923,0.01219
54.56,0,2.23272,-2.49739,-0.00115,0.49653,0.00000,0.00000,
54.56,1,1.07446,-2.49564,-0.00163,0.39591,0.00012,0.15826,0.17869
54.56,2,-0.05263,-2.49303,-0.01967,0.49969,0.03147,0.12709,0.02015
54.58,0,2.24265,-2.49740,-0.00115,0.49653,0.00000,0.00000,
54.58,1,1.08231,-2.49565,-0.00163,0.39049,0.00011,0.16034,0.18863
54.58,2,-0.04314,-2.49322,-0.01902,0.45481,0.03402,0.12546,0.02801
54.6,0,2.25258,-2.49741,-0.00115,0.49653,0.00000,0.00000,
54.6,1,1.08993,-2.49566,-0.00163,0.35389,-0.00033,0.16265,0.19856
54.6,2,-0.03430,-2.49338,-0.01832,0.43683,0.03555,0.12424,0.03563
54.62,0,2.26251,-2.49743,-0.00115,0.49653,0.00000,0.00000,
54.62,1,1.09877,-2.49567,-0.00160,0.43781,0.00286,0.16374,0.00993
54.62,2,-0.02554,-2.49355,-0.01762,0.43945,0.03365,0.12431,0.04446
54.64,0,2.27244,-2.49744,-0.00115,0.49653,0.00000,0.00000,
54.64,1,1.10729,-2.49569,-0.00154,0.40138,0.00295,0.16516,0.01986
54.64,2,-0.01676,-2.49370,-0.01697,0.43765,0.03197,0.12405,0.05298
54.66,0,2.28237,-2.49745,-0.00115,0.49653,0.00000,0.00000,
54.66,1,1.11731,-2.49570,-0.00149,0.59237,0.00164,0.16506,0.02979
54.66,2,-0.00870,-2.49384,-0.01639,0.40537,0.03132,0.12601,0.06301
54.68,0,2.29223,-2.49746,-0.00115,0.45875,-0.00040,0.00000,
54.68,1,1.12979,-2.49571,-0.00148,0.61977,-0.00075,0.16244,0.03965
54.68,2,-0.00057,-2.49398,-0.01575,0.40556,0.03139,0.13037,0.07549
54.7,0,2.30151,-2.49747,-0.00116,0.46922,0.00002,0.00000,
54.7,1,1.14140,-2.49573,-0.00150,0.54826,-0.00065,0.16011,0.04893
54.7,2,0.00745,-2.49411,-0.01516,0.39743,0.02869,0.13395,0.08710
54.72,0,2.31098,-2.49748,-0.00115,0.47550,0.00010,0.00000,
54.72,1,1.15409,-2.49575,-0.00150,0.67906,0.00030,0.15689,0.00947
54.72,2,0.01531,-2.49423,-0.01460,0.38909,0.02757,0.13879,0.09979
54.74,0,2.32028,-2.49749,-0.00115,0.45529,0.00022,0.00000,
54.74,1,1.16680,-2.49577,-0.00150,0.58384,0.00016,0.15349,0.01878
54.74,2,0.02258,-2.49434,-0.01409,0.36040,0.02640,0.14421,0.11249
54.76,0,2.33004,-2.49750,-0.00115,0.50769,-0.00012,0.00000,
54.76,1,1.17748,-2.49578,-0.00150,0.50816,-0.00006,0.15256,0.02853
54.76,2,0.02985,-2.49444,-0.01354,0.36442,0.02731,0.14763,0.12317
54.78,0,2.34030,-2.49752,-0.00115,0.51125,-0.00004,0.00000,
54.78,1,1.18755,-2.49580,-0.00150,0.47257,-0.00063,0.15275,0.03879
54.78,2,0.03708,-2.49454,-0.01302,0.35790,0.02517,0.15047,0.13324
54.8,0,2.35036,-2.49753,-0.00115,0.49687,0.00003,0.00000,
54.8,1,1.19671,-2.49581,-0.00151,0.47617,-0.00000,0.15366,0.04886
54.8,2,0.04414,-2.49463,-0.01253,0.34942,0.02395,0.15257,0.14240
54.82,0,2.36022,-2.49754,-0.00115,0.49183,0.00002,0.00000,
54.82,1,1.20642,-2.49583,-0.00150,0.48698,0.00030,0.15380,0.05872
54.82,2,0.05202,-2.49472,-0.01196,0.43772,0.05347,0.15440,0.00488
54.84,0,2.37009,-2.49755,-0.00115,0.49464,-0.00000,0.00000,
54.84,1,1.21588,-2.49584,-0.00150,0.43860,0.00038,0.15420,0.06858
54.84,2,0.05986,-2.49481,-0.01068,0.36320,0.06634,0.15602,0.01434
54.86,0,2.38001,-2.49756,-0.00115,0.49689,0.00000,0.00000,
54.86,1,1.22517,-2.49586,-0.00150,0.48250,-0.00015,0.15484,0.07850
54.86,2,0.06764,-2.49480,-0.00736,0.44967,0.17787,0.15753,0.02363
54.88,0,2.38995,-2.49757,-0.00115,0.49669,0.00000,0.00000,
54.88,1,1.23492,-2.49587,-0.00150,0.48469,-0.00008,0.15503,0.08844
54.88,2,0.07800,-2.49488,-0.00576,0.54261,0.01044,0.15692,0.03338
54.9,0,2.39987,-2.49759,-0.00115,0.49598,0.00000,0.00000,
54.9,1,1.24439,-2.49589,-0.00150,0.46392,0.00003,0.15549,0.09837
54.9,2,0.08914,-2.49497,-0.00612,0.55418,-0.02015,0.15524,0.04284
54.92,0,2.40979,-2.49760,-0.00115,0.49584,0.00000,0.00000,
54.92,1,1.25553,-2.49590,-0.00147,0.57932,0.00274,0.15426,0.00992
54.92,2,0.10017,-2.49505,-0.00616,0.54337,0.01165,0.15536,0.05399
54.94,0,2.41971,-2.49761,-0.00115,0.49601,0.00000,0.00000,
54.94,1,1.26663,-2.49592,-0.00143,0.54799,0.00065,0.15308,0.01984
54.94,2,0.11077,-2.49511,-0.00581,0.52014,0.01812,0.15587,0.06509
54.96,0,2.42963,-2.49762,-0.00115,0.49610,0.00000,0.00000,
54.96,1,1.27789,-2.49593,-0.00144,0.56792,-0.00080,0.15174,0.02976
54.96,2,0.12037,-2.49517,-0.00556,0.43969,0.00861,0.15752,0.07634
54.98,0,2.43955,-2.49763,-0.00115,0.49607,0.00000,0.00000,
54.98,1,1.28910,-2.49595,-0.00145,0.55146,-0.00020,0.15045,0.03968
54.98,2,0.12946,-2.49523,-0.00537,0.46575,0.00984,0.15964,0.08755
55.0,0,2.44947,-2.49764,-0.00115,0.49604,0.00000,0.00000,
55.0,1,1.29991,-2.49597,-0.00145,0.53324,0.00011,0.14956,0.04960
55.0,2,0.13884,-2.49528,-0.00517,0.46692,0.01028,0.16107,0.09836
55.02,0,2.45939,-2.49765,-0.00115,0.49604,0.00000,0.00000,
55.02,1,1.31429,-2.49598,-0.00143,0.80053,0.00101,0.14510,0.00992
55.02,2,0.14894,-2.49533,-0.00493,0.53914,0.02196,0.16535,0.00792
55.04,0,2.46931,-2.49767,-0.00115,0.49605,0.00000,0.00000,
55.04,1,1.32902,-2.49600,-0.00141,0.66516,0.00098,0.14030,0.01984
55.04,2,0.15890,-2.49537,-0.00441,0.49630,0.02609,0.17012,0.02264
55.06,0,2.47924,-2.49768,-0.00115,0.49605,0.00000,0.00000,
55.06,1,1.34120,-2.49602,-0.00142,0.48023,-0.00244,0.13804,0.02976
55.06,2,0.16919,-2.49537,-0.00303,0.59432,0.08221,0.17201,0.03482
55.08,0,2.48916,-2.49769,-0.00115,0.49605,0.00000,0.00000,
55.08,1,1.35012,-2.49603,-0.00148,0.44607,-0.00280,0.13904,0.03968
55.08,2,0.18369,-2.49542,-0.00226,0.77382,0.00606,0.16643,0.04375
55.1,0,2.49908,-2.49770,-0.00115,0.49605,0.00000,0.00000,
55.1,1,1.35897,-2.49609,-0.00177,0.44415,-0.01237,0.14011,0.04960
55.1,2,0.19998,-2.49547,-0.00242,0.85094,-0.00971,0.15899,0.05259
55.12,0,2.50900,-2.49771,-0.00115,0.49605,0.00000,0.00000,
55.12,1,1.36815,-2.49608,-0.00187,0.43727,0.00049,0.14085,0.05953
55.12,2,0.21635,-2.49552,-0.00242,0.77010,0.01118,0.15181,0.00460
55.14,0,2.51892,-2.49772,-0.00115,0.49605,0.00000,0.00000,
55.14,1,1.37758,-2.49608,-0.00183,0.50551,0.00254,0.14134,0.06945
55.14,2,0.23059,-2.49556,-0.00210,0.64677,0.01387,0.14699,0.01403
55.16,0,2.52884,-2.49773,-0.00115,0.49605,0.00000,0.00000,
55.16,1,1.38770,-2.49609,-0.00180,0.50160,0.00057,0.14114,0.07937
55.16,2,0.24017,-2.49559,-0.00196,0.39822,0.00472,0.14753,0.02415
55.18,0,2.53876,-2.49775,-0.00115,0.49605,0.00000,0.00000,
55.18,1,1.39767,-2.49611,-0.00180,0.49182,0.00022,0.14109,0.08929
55.18,2,0.24814,-2.49562,-0.00187,0.39985,0.00462,0.14953,0.03412
55.2,0,2.54868,-2.49776,-0.00115,0.49605,0.00000,0.00000,
55.2,1,1.40730,-2.49612,-0.00179,0.47402,0.00081,0.14138,0.09921
55.2,2,0.25667,-2.49564,-0.00179,0.45176,0.00296,0.15063,0.04375
55.22,0,2.55860,-2.49777,-0.00115,0.49605,0.00000,0.00000,
55.22,1,1.41667,-2.49614,-0.00177,0.46573,0.00082,0.14193,0.10913
55.22,2,0.26688,-2.49566,-0.00172,0.69627,0.00339,0.14980,0.00467
55.24,0,2.56852,-2.49778,-0.00115,0.49605,0.00000,0.00000,
55.24,1,1.42488,-2.49616,-0.00177,0.40933,0.00044,0.14365,0.11905
55.24,2,0.28078,-2.49568,-0.00163,0.68774,0.00471,0.14410,0.01287
55.26,0,2.57844,-2.49779,-0.00115,0.49605,0.00000,0.00000,
55.26,1,1.43327,-2.49617,-0.00175,0.42387,0.00093,0.14518,0.12897
55.26,2,0.29437,-2.49570,-0.00154,0.63239,0.00536,0.13890,0.02126
55.28,0,2.58837,-2.49780,-0.00115,0.49605,0.00000,0.00000,
55.28,1,1.44167,-2.49619,-0.00173,0.41487,0.00067,0.14670,0.13889
55.28,2,0.30615,-2.49572,-0.00144,0.53299,0.00181,0.13552,0.02967
55.3,0,2.59829,-2.49781,-0.00115,0.49605,0.00000,0.00000,
55.3,1,1.44966,-2.49620,-0.00172,0.40982,0.00057,0.14863,0.14881
55.3,2,0.31371,-2.49573,-0.00146,0.34342,-0.00142,0.13595,0.03765
55.32,0,2.60821,-2.49783,-0.00115,0.49605,0.00000,0.00000,
55.32,1,1.46093,-2.49622,-0.00166,0.58691,0.00443,0.14728,0.00992
55.32,2,0.32038,-2.49574,0.00563,0.31294,1.98513,0.14055,0.00593
55.34,0,2.61813,-2.49784,-0.00115,0.49605,0.00000,0.00000,
55.34,1,1.47254,-2.49623,-0.00157,0.54837,0.00439,0.14558,0.01984
55.34,2,0.32709,-2.49571,0.03067,0.33521,0.67257,0.14545,0.01754
55.36,0,2.62805,-2.49785,-0.00115,0.49605,0.00000,0.00000,
55.36,1,1.48388,-2.49625,-0.00153,0.60062,-0.00009,0.14417,0.02976
55.36,2,0.33543,-2.49545,0.04177,0.51022,0.24452,0.14845,0.02888
55.38,0,2.63797,-2.49786,-0.00115,0.49605,0.00000,0.00000,
55.38,1,1.49391,-2.49627,-0.00157,0.50301,-0.00077,0.14407,0.03968
55.38,2,0.34589,-2.49507,0.04705,0.54090,0.38628,0.14801,0.03890
55.4,0,2.64789,-2.49787,-0.00115,0.49605,0.00000,0.00000,
55.4,1,1.50407,-2.49628,-0.00156,0.50760,0.00099,0.14382,0.04960
55.4,2,0.35728,-2.49463,0.04943,0.59860,-0.09774,0.14679,0.04907
55.42,0,2.65781,-2.49788,-0.00115,0.49605,0.00000,0.00000,
55.42,1,1.51695,-2.49630,-0.00152,0.61860,0.00329,0.14086,0.00992
55.42,2,0.36950,-2.49405,0.04545,0.61922,-0.21078,0.14746,0.06195
55.44,0,2.66773,-2.49789,-0.00115,0.49605,0.00000,0.00000,
55.44,1,1.52933,-2.49632,-0.00145,0.61860,0.00328,0.13841,0.01984
55.44,2,0.38204,-2.49348,0.04250,0.62630,-0.09936,0.14729,0.07432
55.46,0,2.67750,-2.49790,-0.00115,0.45898,-0.00036,0.00000,
55.46,1,1.54137,-2.49633,-0.00142,0.58224,0.00012,0.13614,0.02961
55.46,2,0.39428,-2.49295,0.04096,0.60029,-0.07310,0.14709,0.08637
55.48,0,2.68680,-2.49792,-0.00115,0.46985,0.00005,0.00000,
55.48,1,1.55072,-2.49635,-0.00144,0.46568,-0.00039,0.13608,0.03891
55.48,2,0.40606,-2.49247,0.03929,0.58365,-0.09229,0.14466,0.09571
55.5,0,2.69627,-2.49793,-0.00115,0.47516,0.00009,0.00000,
55.5,1,1.56034,-2.49636,-0.00143,0.48978,0.00050,0.13593,0.04838
55.5,2,0.41741,-2.49201,0.03746,0.49529,-0.06884,0.14294,0.10534
55.52,0,2.70554,-2.49794,-0.00115,0.46162,0.00016,0.00000,
55.52,1,1.57182,-2.49638,-0.00141,0.59874,0.00151,0.13372,0.00927
55.52,2,0.42781,-2.49160,0.03492,0.52806,-0.30556,0.14402,0.00591
55.54,0,2.71539,-2.49795,-0.00115,0.50986,-0.00012,0.00000,
55.54,1,1.58377,-2.49639,-0.00138,0.59105,0.00114,0.13162,0.01912
55.54,2,0.43844,-2.49138,0.02866,0.52006,-0.28121,0.14534,0.01786
55.56,0,2.72564,-2.49796,-0.00115,0.50969,-0.00003,0.00000,
55.56,1,1.59497,-2.49641,-0.00138,0.53288,-0.00033,0.13067,0.02937
55.56,2,0.44946,-2.49110,0.02588,0.62104,-0.03149,0.14552,0.02906
55.58,0,2.73567,-2.49797,-0.00115,0.49549,0.00003,0.00000,
55.58,1,1.60499,-2.49642,-0.00139,0.42729,-0.00133,0.13068,0.03940
55.58,2,0.46261,-2.49072,0.02579,0.66337,-0.01568,0.14240,0.03909
55.6,0,2.74552,-2.49798,-0.00115,0.49159,0.00001,0.00000,
55.6,1,1.61332,-2.49643,-0.00141,0.43816,0.00002,0.13220,0.04925
55.6,2,0.47531,-2.49037,0.02475,0.60878,-0.07490,0.13802,0.04741
55.62,0,2.75538,-2.49800,-0.00115,0.49467,-0.00000,0.00000,
55.62,1,1.62248,-2.49644,-0.00139,0.45254,0.00081,0.13290,0.00986
55.62,2,0.48662,-2.49008,0.02302,0.49354,-0.12310,0.13587,0.00452
55.64,0,2.76530,-2.49801,-0.00115,0.49666,0.00000,0.00000,
55.64,1,1.63140,-2.49646,-0.00137,0.48695,0.00051,0.13391,0.01978
55.64,2,0.49478,-2.48979,0.02051,0.29907,-0.10339,0.13664,0.01343
55.66,0,2.77523,-2.49802,-0.00115,0.49631,0.00000,0.00000,
55.66,1,1.64234,-2.49647,-0.00138,0.57260,-0.00028,0.13289,0.02971
55.66,2,0.50075,-2.48950,0.01845,0.29905,-0.10330,0.14161,0.02438
55.68,0,2.78515,-2.49803,-0.00115,0.49563,0.00000,0.00000,
55.68,1,1.65349,-2.49649,-0.00138,0.53542,-0.00012,0.13166,0.03963
55.68,2,0.50566,-2.48935,0.01510,0.27812,-0.20664,0.14785,0.03552
55.7,0,2.79506,-2.49804,-0.00115,0.49555,0.00000,0.00000,
55.7,1,1.66369,-2.49650,-0.00138,0.49500,0.00008,0.13137,0.04954
55.7,2,0.51185,-2.48926,0.01183,0.33159,-0.24986,0.15186,0.04572
55.72,0,2.80497,-2.49805,-0.00115,0.49572,0.00000,0.00000,
55.72,1,1.67350,-2.49652,-0.00138,0.49071,0.00005,0.13147,0.05946
55.72,2,0.51848,-2.48917,0.00683,0.33158,-0.25026,0.15504,0.05554
55.74,0,2.81489,-2.49806,-0.00115,0.49579,0.00000,0.00000,
55.74,1,1.68336,-2.49653,-0.00138,0.49346,0.00001,0.13153,0.06937
55.74,2,0.52554,-2.48898,0.00411,0.39312,-0.00655,0.15784,0.06539
55.76,0,2.82480,-2.49808,-0.00115,0.49576,0.00000,0.00000,
55.76,1,1.69266,-2.49654,-0.00138,0.45514,-0.00015,0.13214,0.07929
55.76,2,0.53450,-2.48892,0.00499,0.47917,0.04526,0.15818,0.07470
55.78,0,2.83472,-2.49809,-0.00115,0.49573,0.00000,0.00000,
55.78,1,1.70182,-2.49655,-0.00138,0.45829,0.00017,0.13290,0.08920
55.78,2,0.54409,-2.48889,0.00515,0.46901,-0.02113,0.15775,0.08385
55.8,0,2.84463,-2.49810,-0.00115,0.49573,0.00000,0.00000,
55.8,1,1.71091,-2.49657,-0.00138,0.45086,0.00007,0.13372,0.09912
55.8,2,0.55307,-2.48886,0.00446,0.43473,-0.03764,0.15787,0.09295
55.82,0,2.85455,-2.49811,-0.00115,0.49574,0.00000,0.00000,
55.82,1,1.72049,-2.49658,-0.00135,0.45159,0.00224,0.13406,0.00991
55.82,2,0.56162,-2.48883,0.00384,0.42537,-0.02451,0.15889,0.10253
55.84,0,2.86446,-2.49812,-0.00115,0.49574,0.00000,0.00000,
55.84,1,1.72979,-2.49659,-0.00133,0.48662,0.00015,0.13467,0.01983
55.84,2,0.57015,-2.48881,0.00343,0.42685,-0.01975,0.15967,0.11183
55.86,0,2.87438,-2.49813,-0.00115,0.49574,0.00000,0.00000,
55.86,1,1.73997,-2.49661,-0.00133,0.51970,-0.00054,0.13441,0.02974
55.86,2,0.57865,-2.48878,0.00301,0.42259,-0.02171,0.16135,0.12201
55.88,0,2.88429,-2.49814,-0.00115,0.49574,0.00000,0.00000,
55.88,1,1.74994,-2.49662,-0.00134,0.49564,0.00016,0.13435,0.03966
55.88,2,0.58701,-2.48875,0.00257,0.41423,-0.02191,0.16296,0.13198
55.9,0,2.89421,-2.49815,-0.00115,0.49574,0.00000,0.00000,
55.9,1,1.76052,-2.49663,-0.00134,0.54402,-0.00011,0.13369,0.04957
55.9,2,0.59521,-2.48873,0.00215,0.40700,-0.02059,0.16533,0.14256
55.92,0,2.90412,-2.49817,-0.00115,0.49574,0.00000,0.00000,
55.92,1,1.77508,-2.49665,-0.00133,0.80501,0.00073,0.12904,0.00991
55.92,2,0.60329,-2.48871,0.00175,0.40130,-0.01966,0.17182,0.15712
55.94,0,2.91404,-2.49818,-0.00115,0.49574,0.00000,0.00000,
55.94,1,1.78944,-2.49666,-0.00129,0.70282,0.00162,0.12459,0.01983
55.94,2,0.61125,-2.48870,0.00136,0.39562,-0.01911,0.17822,0.17148
55.96,0,2.92395,-2.49819,-0.00115,0.49574,0.00000,0.00000,
55.96,1,1.80227,-2.49668,-0.00129,0.54574,-0.00096,0.12169,0.02974
55.96,2,0.61910,-2.48869,0.00098,0.38959,-0.01852,0.18319,0.18430
55.98,0,2.93387,-2.49820,-0.00115,0.49574,0.00000,0.00000,
55.98,1,1.81100,-2.49669,-0.00132,0.42705,-0.00186,0.12287,0.03966
55.98,2,0.62682,-2.48868,0.00062,0.38360,-0.01786,0.18420,0.19304
56.0,0,2.94378,-2.49821,-0.00115,0.49574,0.00000,0.00000,
56.0,1,1.81985,-2.49671,-0.00134,0.45942,-0.00013,0.12393,0.04957
56.0,2,0.63398,-2.48868,0.00027,0.35421,-0.01736,0.18590,0.20189
56.02,0,2.95370,-2.49822,-0.00115,0.49574,0.00000,0.00000,
56.02,1,1.83264,-2.49672,-0.00132,0.64638,0.00218,0.12106,0.00991
56.02,2,0.64113,-2.48867,-0.00007,0.35789,-0.01660,0.19154,0.21468
56.04,0,2.96361,-2.49823,-0.00115,0.49574,0.00000,0.00000,
56.04,1,1.84515,-2.49673,-0.00128,0.62558,0.00243,0.11846,0.01983
56.04,2,0.64822,-2.48867,-0.00040,0.35144,-0.01585,0.19696,0.22719
56.06,0,2.97353,-2.49825,-0.00115,0.49574,0.00000,0.00000,
56.06,1,1.85750,-2.49675,-0.00124,0.59609,0.00079,0.11603,0.02974
56.06,2,0.65516,-2.48868,-0.00071,0.34317,-0.01540,0.20237,0.23953
56.08,0,2.98344,-2.49826,-0.00115,0.49574,0.00000,0.00000,
56.08,1,1.86792,-2.49676,-0.00125,0.42350,-0.00187,0.11552,0.03966
56.08,2,0.66190,-2.48868,-0.00101,0.30996,-0.01546,0.20605,0.24996
56.1,0,2.99336,-2.49827,-0.00115,0.49574,0.00000,0.00000,
56.1,1,1.87669,-2.49677,-0.00127,0.45379,-0.00013,0.11667,0.04957
56.1,2,0.66817,-2.48869,-0.00131,0.31665,-0.01446,0.20854,0.25872
56.12,0,3.00327,-2.49828,-0.00115,0.49574,0.00000,0.00000,
56.12,1,1.88599,-2.49678,-0.00127,0.46858,0.00017,0.11728,0.05949
56.12,2,0.67596,-2.48870,-0.00157,0.57019,-0.00694,0.21005,0.00468
56.14,0,3.01319,-2.49829,-0.00115,0.49574,0.00000,0.00000,
56.14,1,1.89502,-2.49679,-0.00126,0.45083,-0.00008,0.11817,0.06940
56.14,2,0.68662,-2.48870,-0.00164,0.46503,-0.00259,0.20843,0.01371
56.16,0,3.02310,-2.49830,-0.00115,0.49574,0.00000,0.00000,
56.16,1,1.90441,-2.49680,-0.00127,0.47771,-0.00037,0.11869,0.07932
56.16,2,0.69592,-2.48871,-0.00170,0.46503,-0.00253,0.20852,0.02311
56.18,0,3.03302,-2.49831,-0.00115,0.49574,0.00000,0.00000,
56.18,1,1.91385,-2.49682,-0.00127,0.46319,-0.00020,0.11917,0.08923
56.18,2,0.70581,-2.48873,-0.00179,0.53507,-0.00687,0.20806,0.03254
56.2,0,3.04293,-2.49833,-0.00115,0.49574,0.00000,0.00000,
56.2,1,1.92289,-2.49683,-0.00128,0.44495,-0.00012,0.12004,0.09915
56.2,2,0.71655,-2.48876,-0.00198,0.56160,-0.01017,0.20637,0.04158
56.22,0,3.05285,-2.49834,-0.00115,0.49574,0.00000,0.00000,
56.22,1,1.93223,-2.49684,-0.00125,0.43584,0.00181,0.12062,0.00991
56.22,2,0.72875,-2.48879,-0.00217,0.70101,-0.00743,0.20350,0.00446
56.24,0,3.06276,-2.49835,-0.00115,0.49574,0.00000,0.00000,
56.24,1,1.94131,-2.49685,-0.00124,0.48132,-0.00004,0.12145,0.01983
56.24,2,0.74350,-2.48882,-0.00232,0.73734,-0.00740,0.19784,0.01354
56.26,0,3.07268,-2.49836,-0.00115,0.49574,0.00000,0.00000,
56.26,1,1.95148,-2.49686,-0.00125,0.52106,-0.00064,0.12120,0.02974
56.26,2,0.75743,-2.48884,-0.00245,0.65764,-0.00569,0.19408,0.02371
56.28,0,3.08259,-2.49837,-0.00115,0.49574,0.00000,0.00000,
56.28,1,1.96179,-2.49688,-0.00126,0.50558,-0.00023,0.12080,0.03966
56.28,2,0.76979,-2.48887,-0.00260,0.49281,-0.01198,0.19203,0.03402
56.3,0,3.09250,-2.49838,-0.00115,0.49574,0.00000,0.00000,
56.3,1,1.97162,-2.49689,-0.00126,0.48264,-0.00008,0.12088,0.04957
56.3,2,0.77929,-2.48889,-0.00283,0.49704,-0.00989,0.19237,0.04385
56.32,0,3.10242,-2.49839,-0.00115,0.49574,0.00000,0.00000,
56.32,1,1.98432,-2.49690,-0.00124,0.64502,0.00161,0.11810,0.00991
56.32,2,0.78963,-2.48892,-0.00300,0.52597,-0.00771,0.19472,0.05655
56.34,0,3.11233,-2.49841,-0.00115,0.49574,0.00000,0.00000,
56.34,1,1.99723,-2.49691,-0.00121,0.64502,0.00161,0.11511,0.01983
56.34,2,0.79958,-2.48895,-0.00314,0.50308,-0.00722,0.19767,0.06946
56.36,0,3.12225,-2.49842,-0.00115,0.49574,0.00000,0.00000,
56.36,1,2.00966,-2.49688,-0.00165,0.58552,-0.02606,0.11259,0.02974
56.36,2,0.81057,-2.48899,-0.00330,0.57066,-0.00844,0.19912,0.08189
56.38,0,3.13216,-2.49843,-0.00115,0.49574,0.00000,0.00000,
56.38,1,2.01930,-2.49691,-0.00193,0.43239,-0.00490,0.11287,0.03966
56.38,2,0.82180,-2.48903,-0.00346,0.54623,-0.00785,0.19752,0.09152
56.4,0,3.14208,-2.49844,-0.00115,0.49574,0.00000,0.00000,
56.4,1,2.02829,-2.49696,-0.00187,0.46311,0.00648,0.11379,0.04957
56.4,2,0.83141,-2.48906,-0.00364,0.45298,-0.00824,0.19690,0.10052
56.42,0,3.15199,-2.49845,-0.00115,0.49574,0.00000,0.00000,
56.42,1,2.04078,-2.49700,-0.00176,0.61353,0.00633,0.11122,0.00991
56.42,2,0.84152,-2.48910,-0.00376,0.56017,-0.00331,0.19928,0.00667
56.44,0,3.16148,-2.49846,-0.00115,0.46267,-0.00018,0.00000,
56.44,1,2.05234,-2.49704,-0.00161,0.57635,0.00671,0.10914,0.01940
56.44,2,0.85224,-2.48913,-0.00372,0.47279,0.04755,0.20013,0.01823
56.46,0,3.17086,-2.49847,-0.00115,0.47290,0.00011,0.00000,
56.46,1,2.06347,-2.49701,-0.00165,0.46876,-0.01182,0.10739,0.02878
56.46,2,0.86357,-2.48916,-0.00162,0.67385,0.08326,0.19993,0.02936
56.48,0,3.18035,-2.49848,-0.00115,0.47457,0.00005,0.00000,
56.48,1,2.07179,-2.49702,-0.00192,0.42914,-0.00797,0.10856,0.03827
56.48,2,0.87854,-2.48921,-0.00133,0.73599,-0.02464,0.19327,0.03768
56.5,0,3.18967,-2.49850,-0.00115,0.49194,-0.00005,0.00000,
56.5,1,2.08038,-2.49706,-0.00189,0.40099,0.00691,0.10930,0.04760
56.5,2,0.89425,-2.48923,-0.00100,0.79577,0.02544,0.18615,0.04627
56.52,0,3.19984,-2.49851,-0.00115,0.51392,-0.00010,0.00000,
56.52,1,2.09157,-2.49711,-0.00177,0.55407,0.00664,0.10828,0.01017
56.52,2,0.91038,-2.48926,-0.00101,0.81430,-0.01444,0.18121,0.00588
56.54,0,3.21001,-2.49852,-0.00115,0.50161,0.00001,0.00000,
56.54,1,2.10228,-2.49711,-0.00163,0.53558,0.00573,0.10773,0.02033
56.54,2,0.92581,-2.48929,-0.00136,0.76131,-0.01661,0.17649,0.01659
56.56,0,3.21991,-2.49853,-0.00115,0.49174,0.00003,0.00000,
56.56,1,2.11269,-2.49713,-0.00158,0.44866,-0.00004,0.10722,0.03024
56.56,2,0.94031,-2.48932,-0.00162,0.68863,-0.01003,0.17240,0.02700
56.58,0,3.22974,-2.49854,-0.00115,0.49260,0.00000,0.00000,
56.58,1,2.12185,-2.49716,-0.00157,0.46814,0.00082,0.10789,0.04007
56.58,2,0.95266,-2.48934,-0.00181,0.55965,-0.01017,0.16922,0.03616
56.6,0,3.23963,-2.49855,-0.00115,0.49573,-0.00000,0.00000,
56.6,1,2.13135,-2.49718,-0.00155,0.47576,0.00151,0.10829,0.04996
56.6,2,0.96423,-2.48936,-0.00202,0.59483,-0.01016,0.16714,0.04565
56.62,0,3.24956,-2.49856,-0.00115,0.49634,0.00000,0.00000,
56.62,1,2.14464,-2.49720,-0.00150,0.70689,0.00300,0.10492,0.00993
56.62,2,0.97698,-2.48938,-0.00220,0.70293,-0.00677,0.16769,0.00733
56.64,0,3.25948,-2.49858,-0.00115,0.49560,0.00000,0.00000,
56.64,1,2.15708,-2.49722,-0.00142,0.60957,0.00425,0.10240,0.01984
56.64,2,0.99104,-2.48941,-0.00234,0.70293,-0.00677,0.16606,0.01976
56.66,0,3.26938,-2.49859,-0.00115,0.49521,0.00000,0.00000,
56.66,1,2.16880,-2.49724,-0.00136,0.48625,0.00052,0.10059,0.02975
56.66,2,1.00489,-2.48944,-0.00246,0.73229,-0.00707,0.16393,0.03149
56.68,0,3.27929,-2.49860,-0.00115,0.49532,0.00000,0.00000,
56.68,1,2.17681,-2.49725,-0.00137,0.40666,-0.00040,0.10247,0.03966
56.68,2,1.02076,-2.48947,-0.00263,0.82826,-0.00955,0.15608,0.03950
56.7,0,3.28920,-2.49861,-0.00115,0.49547,0.00000,0.00000,
56.7,1,2.18510,-2.49726,-0.00137,0.38660,0.00088,0.10409,0.04956
56.7,2,1.03742,-2.48952,-0.00283,0.82579,-0.00977,0.14771,0.04779
56.72,0,3.29911,-2.49862,-0.00115,0.49547,0.00000,0.00000,
56.72,1,2.19478,-2.49727,-0.00134,0.50333,0.00118,0.10432,0.00991
56.72,2,1.05360,-2.48957,-0.00302,0.79584,-0.00909,0.14121,0.05747
56.74,0,3.30901,-2.49863,-0.00115,0.49543,0.00000,0.00000,
56.74,1,2.20486,-2.49728,-0.00132,0.50537,0.00063,0.10415,0.01982
56.74,2,1.06861,-2.48961,-0.00320,0.70762,-0.00859,0.13628,0.06755
56.76,0,3.31892,-2.49864,-0.00115,0.49542,0.00000,0.00000,
56.76,1,2.21497,-2.49729,-0.00132,0.50340,-0.00003,0.10396,0.02973
56.76,2,1.08070,-2.48965,-0.00339,0.60599,-0.00837,0.13429,0.07765
56.78,0,3.32883,-2.49866,-0.00115,0.49543,0.00000,0.00000,
56.78,1,2.22493,-2.49730,-0.00132,0.49365,0.00010,0.10390,0.03964
56.78,2,1.09305,-2.48970,-0.00354,0.62351,-0.00705,0.13191,0.08762
56.8,0,3.33874,-2.49867,-0.00115,0.49544,0.00000,0.00000,
56.8,1,2.23470,-2.49732,-0.00132,0.48476,0.00024,0.10404,0.04954
56.8,2,1.10546,-2.48974,-0.00369,0.61455,-0.00747,0.12927,0.09739
56.82,0,3.34865,-2.49868,-0.00115,0.49544,0.00000,0.00000,
56.82,1,2.24809,-2.49733,-0.00095,0.74591,0.06025,0.10056,0.00991
56.82,2,1.11830,-2.48978,-0.01079,0.69962,-1.62488,0.12981,0.00740
56.84,0,3.35856,-2.49869,-0.00115,0.49543,0.00000,0.00000,
56.84,1,2.26142,-2.49742,0.00215,0.60406,0.15903,0.09714,0.01982
56.84,2,1.13160,-2.48984,-0.05114,0.63946,-2.02367,0.12985,0.02073
56.86,0,3.36847,-2.49870,-0.00115,0.49543,0.00000,0.00000,
56.86,1,2.27263,-2.49739,0.00336,0.43792,0.01481,0.09584,0.02973
56.86,2,1.14476,-2.49012,-0.08080,0.70635,-0.60726,0.12789,0.03194
56.88,0,3.37838,-2.49871,-0.00115,0.49543,0.00000,0.00000,
56.88,1,2.27984,-2.49734,0.00385,0.35287,0.02560,0.09854,0.03963
56.88,2,1.15995,-2.49120,-0.07602,0.77927,0.61477,0.11991,0.03915
56.9,0,3.38828,-2.49872,-0.00115,0.49543,0.00000,0.00000,
56.9,1,2.28699,-2.49729,0.00428,0.37226,0.01071,0.10129,0.04954
56.9,2,1.17467,-2.49235,-0.06610,0.69688,0.30715,0.11233,0.04630
56.92,0,3.39819,-2.49874,-0.00115,0.49543,0.00000,0.00000,
56.92,1,2.29460,-2.49725,0.00412,0.39143,-0.01829,0.10359,0.05945
56.92,2,1.18782,-2.49328,-0.06367,0.63923,0.03555,0.10679,0.05391
56.94,0,3.40810,-2.49875,-0.00115,0.49543,0.00000,0.00000,
56.94,1,2.30403,-2.49721,0.00378,0.51118,-0.01357,0.10407,0.06936
56.94,2,1.19925,-2.49410,-0.06334,0.51797,0.00374,0.10478,0.06334
56.96,0,3.41801,-2.49876,-0.00115,0.49543,0.00000,0.00000,
56.96,1,2.31409,-2.49718,0.00357,0.48331,-0.00914,0.10392,0.07927
56.96,2,1.20970,-2.49491,-0.06349,0.53533,0.02354,0.10440,0.07341
56.98,0,3.42792,-2.49877,-0.00115,0.49543,0.00000,0.00000,
56.98,1,2.32318,-2.49714,0.00338,0.43564,-0.00992,0.10474,0.08918
56.98,2,1.22044,-2.49562,-0.06133,0.54177,0.16416,0.10274,0.08249
57.0,0,3.43783,-2.49878,-0.00115,0.49543,0.00000,0.00000,
57.0,1,2.33176,-2.49711,0.00318,0.42836,-0.01037,0.10607,0.09909
57.0,2,1.23244,-2.49636,-0.05830,0.63102,0.13282,0.09932,0.09107
57.02,0,3.44774,-2.49879,-0.00115,0.49543,0.00000,0.00000,
57.02,1,2.34020,-2.49709,0.00287,0.39752,-0.01865,0.10753,0.00991
57.02,2,1.24483,-2.49709,-0.05589,0.59187,0.12172,0.09537,0.09951
57.04,0,3.45764,-2.49880,-0.00115,0.49543,0.00000,0.00000,
57.04,1,2.34876,-2.49706,0.00260,0.46186,-0.00903,0.10888,0.01982
57.04,2,1.25657,-2.49775,-0.05358,0.58551,0.11312,0.09219,0.10807
57.06,0,3.46755,-2.49881,-0.00115,0.49543,0.00000,0.00000,
57.06,1,2.35856,-2.49704,0.00246,0.50088,-0.00629,0.10900,0.02973
57.06,2,1.26819,-2.49838,-0.05132,0.57835,0.11351,0.09036,0.11787
57.08,0,3.47746,-2.49883,-0.00115,0.49543,0.00000,0.00000,
57.08,1,2.36830,-2.49702,0.00232,0.44885,-0.00878,0.10917,0.03963
57.08,2,1.27861,-2.49896,-0.04940,0.49796,0.09758,0.08968,0.12761
57.1,0,3.48737,-2.49884,-0.00115,0.49543,0.00000,0.00000,
57.1,1,2.37771,-2.49700,0.00214,0.48617,-0.00858,0.10966,0.04954
57.1,2,1.28882,-2.49948,-0.04714,0.51910,0.11869,0.08889,0.13702
57.12,0,3.49728,-2.49885,-0.00115,0.49543,0.00000,0.00000,
57.12,1,2.38752,-2.49698,0.00198,0.48809,-0.00784,0.10976,0.05945
57.12,2,1.29857,-2.49996,-0.04486,0.40138,0.11120,0.08896,0.00490
57.14,0,3.50719,-2.49886,-0.00115,0.49543,0.00000,0.00000,
57.14,1,2.39708,-2.49696,0.00182,0.46916,-0.00754,0.11011,0.06936
57.14,2,1.30586,-2.50029,-0.04285,0.38087,0.09212,0.09122,0.01446
57.16,0,3.51710,-2.49887,-0.00115,0.49543,0.00000,0.00000,
57.16,1,2.40631,-2.49694,0.00167,0.45741,-0.00738,0.11079,0.07927
57.16,2,1.31465,-2.50067,-0.04106,0.48305,0.08974,0.09166,0.02370
57.18,0,3.52701,-2.49888,-0.00115,0.49543,0.00000,0.00000,
57.18,1,2.41533,-2.49692,0.00153,0.41631,-0.00673,0.11167,0.08918
57.18,2,1.32463,-2.50108,-0.03923,0.49796,0.09255,0.09071,0.03272
57.2,0,3.53691,-2.49889,-0.00115,0.49543,0.00000,0.00000,
57.2,1,2.42321,-2.49691,0.00140,0.40337,-0.00700,0.11371,0.09909
57.2,2,1.33419,-2.50145,-0.03739,0.46209,0.09012,0.08902,0.04059
57.22,0,3.54682,-2.49891,-0.00115,0.49543,0.00000,0.00000,
57.22,1,2.43144,-2.49690,0.00121,0.37095,-0.01005,0.11538,0.00991
57.22,2,1.34318,-2.50179,-0.03564,0.44388,0.08564,0.08827,0.04883
57.24,0,3.55673,-2.49892,-0.00115,0.49543,0.00000,0.00000,
57.24,1,2.43929,-2.49689,0.00105,0.39917,-0.00673,0.11744,0.01982
57.24,2,1.35204,-2.50210,-0.03397,0.44378,0.08246,0.08726,0.05668
57.26,0,3.56664,-2.49893,-0.00115,0.49543,0.00000,0.00000,
57.26,1,2.44865,-2.49688,0.00093,0.52400,-0.00548,0.11799,0.02973
57.26,2,1.36090,-2.50240,-0.03234,0.44154,0.08006,0.08777,0.06604
57.28,0,3.57655,-2.49894,-0.00115,0.49543,0.00000,0.00000,
57.28,1,2.45918,-2.49687,0.00082,0.54508,-0.00547,0.11737,0.03963
57.28,2,1.36965,-2.50269,-0.03077,0.43367,0.07749,0.08955,0.07657
57.3,0,3.58646,-2.49895,-0.00115,0.49543,0.00000,0.00000,
57.3,1,2.46999,-2.49686,0.00071,0.52730,-0.00550,0.11647,0.04954
57.3,2,1.37822,-2.50295,-0.02925,0.42562,0.07479,0.09178,0.08737
57.32,0,3.59637,-2.49896,-0.00115,0.49543,0.00000,0.00000,
57.32,1,2.48012,-2.49686,0.00060,0.49253,-0.00538,0.11625,0.05945
57.32,2,1.38718,-2.50320,-0.02752,0.46720,0.13138,0.09295,0.00498
57.34,0,3.60627,-2.49897,-0.00115,0.49543,0.00000,0.00000,
57.34,1,2.48881,-2.49685,0.00050,0.38982,-0.00507,0.11746,0.06936
57.34,2,1.39609,-2.50343,-0.02477,0.44830,0.11256,0.09274,0.01367
57.36,0,3.61618,-2.49899,-0.00115,0.49543,0.00000,0.00000,
57.36,1,2.49707,-2.49684,0.00040,0.42900,-0.00519,0.11912,0.07927
57.36,2,1.40551,-2.50366,-0.02334,0.48800,0.04774,0.09158,0.02193
57.38,0,3.62609,-2.49900,-0.00115,0.49543,0.00000,0.00000,
57.38,1,2.50556,-2.49684,0.00029,0.39041,-0.00510,0.12054,0.08918
57.38,2,1.41538,-2.50389,-0.02243,0.49157,0.05045,0.09021,0.03042
57.4,0,3.63600,-2.49901,-0.00115,0.49543,0.00000,0.00000,
57.4,1,2.51418,-2.49684,0.00020,0.46824,-0.00450,0.12182,0.09909
57.4,2,1.42500,-2.50410,-0.02126,0.47205,0.06310,0.08921,0.03904
57.42,0,3.64591,-2.49902,-0.00115,0.49543,0.00000,0.00000,
57.42,1,2.52372,-2.49684,0.00011,0.47152,-0.00443,0.12219,0.10900
57.42,2,1.43480,-2.50431,-0.02001,0.55541,0.06025,0.08895,0.00476
57.44,0,3.65582,-2.49903,-0.00115,0.49543,0.00000,0.00000,
57.44,1,2.53276,-2.49684,0.00002,0.43655,-0.00443,0.12306,0.11890
57.44,2,1.44605,-2.50454,-0.01880,0.57651,0.05395,0.08673,0.01380
57.46,0,3.66573,-2.49904,-0.00115,0.49543,0.00000,0.00000,
57.46,1,2.54129,-2.49684,-0.00007,0.42222,-0.00428,0.12444,0.12881
57.46,2,1.45691,-2.50475,-0.01777,0.50919,0.05099,0.08441,0.02233
57.48,0,3.67564,-2.49905,-0.00115,0.49543,0.00000,0.00000,
57.48,1,2.54866,-2.49684,-0.00015,0.37718,-0.00419,0.12698,0.13872
57.48,2,1.46650,-2.50492,-0.01674,0.46503,0.05149,0.08218,0.02970
57.5,0,3.68554,-2.49907,-0.00115,0.49543,0.00000,0.00000,
57.5,1,2.55640,-2.49684,-0.00023,0.39102,-0.00390,0.12914,0.14863
57.5,2,1.47480,-2.50508,-0.01584,0.37627,0.04228,0.08163,0.03744
57.52,0,3.69545,-2.49908,-0.00115,0.49543,0.00000,0.00000,
57.52,1,2.56413,-2.49684,-0.00031,0.38038,-0.00372,0.13133,0.15854
57.52,2,1.48200,-2.50521,-0.01485,0.26485,0.05342,0.08216,0.00383
57.54,0,3.70536,-2.49909,-0.00115,0.49543,0.00000,0.00000,
57.54,1,2.57147,-2.49684,-0.00038,0.34938,-0.00361,0.13389,0.16845
57.54,2,1.48652,-2.50530,-0.01386,0.21553,0.04158,0.08499,0.01118
57.56,0,3.71527,-2.49910,-0.00115,0.49543,0.00000,0.00000,
57.56,1,2.57892,-2.49684,-0.00045,0.38697,-0.00361,0.13635,0.17836
57.56,2,1.49164,-2.50538,-0.01422,0.28583,0.00932,0.08731,0.01862
57.58,0,3.72518,-2.49911,-0.00115,0.49543,0.00000,0.00000,
57.58,1,2.58670,-2.49685,-0.00053,0.38554,-0.00347,0.13848,0.18826
57.58,2,1.49799,-2.50546,-0.01278,0.31235,0.09600,0.08874,0.02641
57.6,0,3.73509,-2.49912,-0.00115,0.49543,0.00000,0.00000,
57.6,1,2.59421,-2.49685,-0.00059,0.36772,-0.00332,0.14088,0.19817
57.6,2,1.50480,-2.50555,-0.01121,0.39733,0.05460,0.08945,0.03392
57.62,0,3.74500,-2.49913,-0.00115,0.49543,0.00000,0.00000,
57.62,1,2.60283,-2.49686,-0.00065,0.40659,-0.00248,0.14217,0.00991
57.62,2,1.51329,-2.50565,-0.01037,0.34891,0.05953,0.08958,0.00407
57.64,0,3.75490,-2.49914,-0.00115,0.49543,0.00000,0.00000,
57.64,1,2.61104,-2.49686,-0.00070,0.42587,-0.00237,0.14387,0.01982
57.64,2,1.52029,-2.50572,-0.00909,0.35731,0.07876,0.09079,0.01228
57.66,0,3.76474,-2.49916,-0.00115,0.45783,-0.00040,0.00000,
57.66,1,2.62019,-2.49687,-0.00074,0.52287,-0.00252,0.14455,0.02965
57.66,2,1.52822,-2.50577,-0.00774,0.42916,0.04799,0.09200,0.02142
57.68,0,3.77400,-2.49917,-0.00115,0.46826,0.00003,0.00000,
57.68,1,2.63153,-2.49687,-0.00080,0.57717,-0.00272,0.14247,0.03891
57.68,2,1.53715,-2.50585,-0.00712,0.44982,0.02382,0.09441,0.03277
57.7,0,3.78345,-2.49918,-0.00115,0.47450,0.00011,0.00000,
57.7,1,2.64247,-2.49688,-0.00085,0.53567,-0.00265,0.14098,0.04836
57.7,2,1.54581,-2.50592,-0.00659,0.41827,0.03036,0.09670,0.04371
57.72,0,3.79271,-2.49919,-0.00115,0.46133,0.00017,0.00000,
57.72,1,2.65538,-2.49689,-0.00089,0.67184,-0.00183,0.13734,0.00926
57.72,2,1.55422,-2.50598,-0.00593,0.42274,0.03334,0.10119,0.05662
57.74,0,3.80255,-2.49920,-0.00115,0.50947,-0.00012,0.00000,
57.74,1,2.66810,-2.49690,-0.00093,0.60885,-0.00241,0.13445,0.01910
57.74,2,1.56265,-2.50603,-0.00529,0.41892,0.03053,0.10549,0.06934
57.76,0,3.81280,-2.49921,-0.00115,0.50914,-0.00003,0.00000,
57.76,1,2.67918,-2.49691,-0.00099,0.45681,-0.00319,0.13362,0.02935
57.76,2,1.57093,-2.50607,-0.00471,0.40983,0.02844,0.10829,0.08042
57.78,0,3.82281,-2.49922,-0.00115,0.49492,0.00003,0.00000,
57.78,1,2.68778,-2.49692,-0.00105,0.43755,-0.00253,0.13503,0.03936
57.78,2,1.57904,-2.50611,-0.00415,0.40242,0.02783,0.10878,0.08902
57.8,0,3.83265,-2.49923,-0.00115,0.49107,0.00001,0.00000,
57.8,1,2.69690,-2.49693,-0.00109,0.46991,-0.00186,0.13575,0.04920
57.8,2,1.58650,-2.50614,-0.00361,0.34200,0.02628,0.11044,0.09814
57.82,0,3.84250,-2.49925,-0.00115,0.49416,-0.00000,0.00000,
57.82,1,2.70494,-2.49695,-0.00112,0.34009,-0.00127,0.13757,0.00985
57.82,2,1.59471,-2.50617,-0.00313,0.57110,0.01833,0.11026,0.00340
57.84,0,3.85241,-2.49926,-0.00115,0.49614,0.00000,0.00000,
57.84,1,2.71190,-2.49696,-0.00114,0.35172,-0.00172,0.14052,0.01976
57.84,2,1.60543,-2.50620,-0.00273,0.48028,0.02105,0.10651,0.01036
57.86,0,3.86233,-2.49927,-0.00115,0.49579,0.00001,0.00000,
57.86,1,2.72009,-2.49697,-0.00118,0.47301,-0.00186,0.14225,0.02968
57.86,2,1.61501,-2.50619,-0.00237,0.47439,0.00914,0.10512,0.01855
57.88,0,3.87224,-2.49928,-0.00115,0.49511,0.00000,0.00000,
57.88,1,2.72923,-2.49698,-0.00121,0.47099,-0.00120,0.14301,0.03959
57.88,2,1.62389,-2.50619,-0.00220,0.36856,0.01086,0.10538,0.02770
57.9,0,3.88214,-2.49929,-0.00115,0.49502,0.00000,0.00000,
57.9,1,2.73883,-2.49699,-0.00123,0.49371,-0.00147,0.14332,0.04949
57.9,2,1.63048,-2.50622,-0.00191,0.34377,0.01915,0.10838,0.03729
57.92,0,3.89204,-2.49930,-0.00115,0.49520,0.00000,0.00000,
57.92,1,2.75253,-2.49700,-0.00124,0.71530,0.00043,0.13952,0.00990
57.92,2,1.63905,-2.50626,-0.00148,0.59139,0.01589,0.11351,0.00745
57.94,0,3.90195,-2.49931,-0.00115,0.49527,0.00000,0.00000,
57.94,1,2.76656,-2.49701,-0.00123,0.68797,0.00075,0.13539,0.01981
57.94,2,1.64975,-2.50629,-0.00115,0.53292,0.01661,0.11685,0.02148
57.96,0,3.91186,-2.49933,-0.00115,0.49524,0.00000,0.00000,
57.96,1,2.77953,-2.49703,-0.00123,0.62265,-0.00120,0.13233,0.02971
57.96,2,1.65979,-2.50633,-0.00081,0.47167,0.01621,0.11978,0.03445
57.98,0,3.92176,-2.49934,-0.00115,0.49521,0.00000,0.00000,
57.98,1,2.78915,-2.49704,-0.00129,0.44811,-0.00245,0.13261,0.03962
57.98,2,1.67011,-2.50627,0.00069,0.59831,0.10411,0.11907,0.04407
58.0,0,3.93166,-2.49935,-0.00115,0.49521,0.00000,0.00000,
58.0,1,2.79820,-2.49705,-0.00133,0.46169,-0.00172,0.13346,0.04952
58.0,2,1.68417,-2.50625,0.00207,0.78525,0.03288,0.11407,0.05312
58.02,0,3.94157,-2.49936,-0.00115,0.49522,0.00000,0.00000,
58.02,1,2.80765,-2.49707,-0.00136,0.47774,-0.00121,0.13392,0.05943
58.02,2,1.69914,-2.50623,0.00235,0.62264,0.01889,0.10855,0.00476
58.04,0,3.95147,-2.49937,-0.00115,0.49522,0.00000,0.00000,
58.04,1,2.81694,-2.49708,-0.00138,0.47851,-0.00137,0.13453,0.06933
58.04,2,1.71004,-2.50621,0.00279,0.42424,0.02542,0.10694,0.01405
58.06,0,3.96138,-2.49938,-0.00115,0.49522,0.00000,0.00000,
58.06,1,2.82680,-2.49709,-0.00141,0.49593,-0.00162,0.13458,0.07923
58.06,2,1.71692,-2.50619,0.00334,0.33593,0.02810,0.10993,0.02391
58.08,0,3.97128,-2.49939,-0.00115,0.49522,0.00000,0.00000,
58.08,1,2.83651,-2.49711,-0.00144,0.47425,-0.00142,0.13478,0.08914
58.08,2,1.72376,-2.50606,0.00433,0.36034,0.07987,0.11278,0.03362
58.1,0,3.98119,-2.49941,-0.00115,0.49522,0.00000,0.00000,
58.1,1,2.84578,-2.49712,-0.00147,0.45743,-0.00130,0.13541,0.09904
58.1,2,1.73127,-2.50598,0.00543,0.39140,0.02416,0.11454,0.04289
58.12,0,3.99109,-2.49942,-0.00115,0.49522,0.00000,0.00000,
58.12,1,2.85543,-2.49713,-0.00146,0.45423,0.00136,0.13566,0.00990
58.12,2,1.74056,-2.50595,0.00539,0.39659,-0.01986,0.11491,0.00463
58.14,0,4.00099,-2.49943,-0.00115,0.49522,0.00000,0.00000,
58.14,1,2.86487,-2.49715,-0.00145,0.49695,-0.00092,0.13613,0.01981
58.14,2,1.74814,-2.50590,0.00888,0.38165,0.20034,0.11676,0.01407
58.16,0,4.01090,-2.49944,-0.00115,0.49522,0.00000,0.00000,
58.16,1,2.87531,-2.49716,-0.00149,0.53355,-0.00171,0.13560,0.02971
58.16,2,1.75523,-2.50550,0.01479,0.33715,0.22691,0.12011,0.02451
58.18,0,4.02080,-2.49945,-0.00115,0.49522,0.00000,0.00000,
58.18,1,2.88586,-2.49718,-0.00151,0.51809,-0.00117,0.13495,0.03962
58.18,2,1.76297,-2.50537,0.01545,0.37990,-0.08609,0.12292,0.03506
58.2,0,4.03071,-2.49946,-0.00115,0.49522,0.00000,0.00000,
58.2,1,2.89596,-2.49719,-0.00153,0.49586,-0.00096,0.13475,0.04952
58.2,2,1.77068,-2.50524,0.00915,0.39920,-0.23677,0.12531,0.04516
58.22,0,4.04061,-2.49947,-0.00115,0.49522,0.00000,0.00000,
58.22,1,2.90886,-2.49721,-0.00153,0.67352,0.00074,0.13176,0.00990
58.22,2,1.77941,-2.50488,0.01052,0.47013,0.19983,0.12947,0.05806
58.24,0,4.05052,-2.49948,-0.00115,0.49522,0.00000,0.00000,
58.24,1,2.92193,-2.49722,-0.00151,0.62435,0.00144,0.12859,0.01981
58.24,2,1.78929,-2.50475,0.01317,0.50203,0.05014,0.13266,0.07113
58.26,0,4.06042,-2.49950,-0.00115,0.49522,0.00000,0.00000,
58.26,1,2.93408,-2.49724,-0.00151,0.58703,-0.00099,0.12635,0.02971
58.26,2,1.79912,-2.50466,0.01280,0.47916,-0.04766,0.13498,0.08328
58.28,0,4.07033,-2.49951,-0.00115,0.49522,0.00000,0.00000,
58.28,1,2.94324,-2.49725,-0.00156,0.43220,-0.00210,0.12709,0.03962
58.28,2,1.80830,-2.50457,0.01206,0.42242,-0.01951,0.13497,0.09244
58.3,0,4.08023,-2.49952,-0.00115,0.49522,0.00000,0.00000,
58.3,1,2.95203,-2.49727,-0.00159,0.45168,-0.00113,0.12820,0.04952
58.3,2,1.81683,-2.50448,0.01191,0.43232,-0.00267,0.13523,0.10124
58.32,0,4.09013,-2.49953,-0.00115,0.49522,0.00000,0.00000,
58.32,1,2.96397,-2.49728,-0.00159,0.60281,0.00147,0.12617,0.00990
58.32,2,1.82555,-2.50438,0.01181,0.43619,-0.00791,0.13844,0.11317
58.34,0,4.10004,-2.49954,-0.00115,0.49522,0.00000,0.00000,
58.34,1,2.97602,-2.49730,-0.00156,0.60281,0.00147,0.12402,0.01981
58.34,2,1.83417,-2.50427,0.01160,0.42637,-0.01133,0.14187,0.12522
58.36,0,4.10994,-2.49955,-0.00115,0.49522,0.00000,0.00000,
58.36,1,2.98730,-2.49731,-0.00153,0.58315,-0.00042,0.12265,0.02971
58.36,2,1.84258,-2.50418,0.01139,0.41619,-0.00983,0.14473,0.13650
58.38,0,4.11985,-2.49956,-0.00115,0.49522,0.00000,0.00000,
58.38,1,2.99656,-2.49733,-0.00159,0.45732,-0.00255,0.12329,0.03962
58.38,2,1.85084,-2.50408,0.01121,0.41023,-0.00867,0.14575,0.14576
58.4,0,4.12975,-2.49958,-0.00115,0.49522,0.00000,0.00000,
58.4,1,3.00576,-2.49735,-0.00163,0.46337,-0.00121,0.12400,0.04952
58.4,2,1.85899,-2.50399,0.01103,0.40522,-0.00860,0.14679,0.15496
58.42,0,4.13966,-2.49959,-0.00115,0.49522,0.00000,0.00000,
58.42,1,3.01488,-2.49736,-0.00164,0.42413,0.00019,0.12478,0.05943
58.42,2,1.86702,-2.50390,0.01086,0.39922,-0.00850,0.14787,0.16408
58.44,0,4.14956,-2.49960,-0.00115,0.49522,0.00000,0.00000,
58.44,1,3.02430,-2.49738,-0.00165,0.50018,-0.00088,0.12527,0.06933
58.44,2,1.87494,-2.50382,0.01070,0.39288,-0.00816,0.14938,0.17350
58.46,0,4.15947,-2.49961,-0.00115,0.49522,0.00000,0.00000,
58.46,1,3.03439,-2.49739,-0.00167,0.49776,-0.00101,0.12508,0.07924
58.46,2,1.88273,-2.50373,0.01054,0.38688,-0.00784,0.15168,0.18359
58.48,0,4.16937,-2.49962,-0.00115,0.49522,0.00000,0.00000,
58.48,1,3.04399,-2.49741,-0.00168,0.46662,-0.00074,0.12538,0.08914
58.48,2,1.88996,-2.50365,0.01041,0.35775,-0.00699,0.15405,0.19319
58.5,0,4.17927,-2.49963,-0.00115,0.49522,0.00000,0.00000,
58.5,1,3.05307,-2.49742,-0.00170,0.41669,-0.00128,0.12620,0.09904
58.5,2,1.89717,-2.50358,0.01025,0.36128,-0.00821,0.15592,0.20227
58.52,0,4.18918,-2.49964,-0.00115,0.49522,0.00000,0.00000,
58.52,1,3.06098,-2.49744,-0.00172,0.40771,-0.00072,0.12820,0.10895
58.52,2,1.90514,-2.50350,0.00996,0.46991,-0.03820,0.15586,0.00402
58.54,0,4.19908,-2.49966,-0.00115,0.49522,0.00000,0.00000,
58.54,1,3.06932,-2.49745,-0.00173,0.41917,-0.00038,0.12977,0.11885
58.54,2,1.91447,-2.50341,0.00900,0.42472,-0.04340,0.15486,0.01235
58.56,0,4.20458,-2.49994,0.00786,0.15816,0.49551,0.00000,
58.56,1,3.07755,-2.49747,-0.00174,0.39116,-0.00039,0.12702,0.12435
58.56,2,1.92387,-2.50332,0.00858,0.50762,-0.00394,0.15370,0.02059
58.58,0,4.20666,-2.50061,0.01655,0.07049,0.38874,0.00000,
58.58,1,3.08552,-2.49748,-0.00175,0.41607,-0.00074,0.12114,0.12644
58.58,2,1.93415,-2.50323,0.00862,0.50698,0.00158,0.15138,0.02856
58.6,0,4.20806,-2.50134,0.02435,0.05746,0.42028,0.00000,
58.6,1,3.09397,-2.49750,-0.00177,0.42159,-0.00070,0.11409,0.12784
58.6,2,1.94365,-2.50315,0.00857,0.39897,0.00010,0.15034,0.03701
58.62,0,4.20871,-2.50132,0.04220,-0.04222,2.10625,0.00000,
58.62,1,3.10079,-2.49751,-0.00188,0.35078,-0.00845,0.10793,0.00065
58.62,2,1.95175,-2.50308,0.00850,0.41359,-0.00676,0.14906,0.04383
58.64,0,4.20864,-2.50116,0.09036,0.07009,2.03888,0.00000,
58.64,1,3.10707,-2.49748,-0.00239,0.21360,-0.05295,0.10158,0.00061
58.64,2,1.96017,-2.50301,0.00833,0.42408,-0.00859,0.14691,0.05010
58.66,0,4.21065,-2.50037,0.12386,0.11957,1.59450,0.00000,
58.66,1,3.10988,-2.49749,-0.00310,0.11513,-0.01402,0.10078,0.00277
58.66,2,1.96857,-2.50294,0.00818,0.41415,-0.00662,0.14133,0.05292
58.68,0,4.21353,-2.49940,0.15660,0.18790,1.75917,0.00000,
58.68,1,3.11201,-2.49752,-0.00301,0.10560,0.01108,0.10152,0.00581
58.68,2,1.97671,-2.50287,0.00806,0.40210,-0.00596,0.13532,0.05505
58.7,0,4.21810,-2.49856,0.19501,0.25972,1.99825,0.00000,
58.7,1,3.11401,-2.49754,-0.00286,0.10360,0.00253,0.10410,0.01042
58.7,2,1.98467,-2.50280,0.00794,0.39607,-0.00615,0.12934,0.05704
58.72,0,4.22334,-2.49753,0.23477,0.27157,1.96426,0.00000,
58.72,1,3.11730,-2.49756,-0.00262,0.14123,0.01762,0.10603,0.00533
58.72,2,1.99248,-2.50274,0.00781,0.39685,-0.00609,0.12483,0.06034
58.74,0,4.22901,-2.49618,0.27374,0.30220,1.93172,0.00000,
58.74,1,3.12013,-2.49755,-0.00218,0.13941,0.04554,0.10888,0.01116
58.74,2,2.00052,-2.50268,0.00769,0.40229,-0.00551,0.11962,0.06316
58.76,0,4.23491,-2.49455,0.31208,0.30748,1.90961,0.00000,
58.76,1,3.12381,-2.49751,-0.00115,0.26136,0.03519,0.11110,0.01728
58.76,2,2.00844,-2.50262,0.00758,0.39013,-0.00552,0.11538,0.06685
58.78,0,4.24072,-2.49268,0.35010,0.31428,1.91263,0.00000,
58.78,1,3.13084,-2.49753,-0.00100,0.38851,-0.00739,0.10989,0.02337
58.78,2,2.01612,-2.50256,0.00747,0.37984,-0.00542,0.11473,0.07387
58.8,0,4.24687,-2.49046,0.38859,0.33523,1.92965,0.00000,
58.8,1,3.13819,-2.49755,-0.00116,0.33789,-0.00516,0.10870,0.02988
58.8,2,2.02366,-2.50250,0.00737,0.37519,-0.00519,0.11454,0.08122
58.82,0,4.25320,-2.48789,0.42717,0.34566,1.92629,0.00000,
58.82,1,3.14404,-2.49757,-0.00089,0.23070,-0.06265,0.10920,0.00683
58.82,2,2.03096,-2.50245,0.00725,0.33361,-0.00657,0.11309,0.00240
58.84,0,4.25952,-2.48502,0.46528,0.36080,1.92387,0.00000,
58.84,1,3.14902,-2.49755,-0.00128,0.28825,0.03296,0.11058,0.01377
58.84,2,2.03762,-2.50240,0.00713,0.31269,-0.00388,0.11141,0.00738
58.86,0,4.26618,-2.48171,0.50390,0.37807,1.93184,0.00000,
58.86,1,3.15564,-2.49758,-0.00043,0.36840,0.03490,0.11065,0.02120
58.86,2,2.04407,-2.50235,0.00704,0.32855,-0.00555,0.11158,0.01400
58.88,0,4.27279,-2.47808,0.54202,0.38106,1.89621,0.00000,
58.88,1,3.16324,-2.49761,-0.00002,0.37496,0.01182,0.10973,0.02873
58.88,2,2.05064,-2.50230,0.00692,0.32654,-0.00577,0.11260,0.02160
58.9,0,4.27959,-2.47400,0.58046,0.40572,1.93457,0.00000,
58.9,1,3.17006,-2.49763,0.00017,0.35323,0.00984,0.10978,0.03663
58.9,2,2.05706,-2.50226,0.00681,0.31588,-0.00514,0.11301,0.02842
58.92,0,4.28650,-2.46951,0.61915,0.41522,1.93102,0.00000,
58.92,1,3.17730,-2.49766,0.00333,0.31872,0.24154,0.10955,0.00824
58.92,2,2.06316,-2.50222,0.00670,0.31135,-0.00514,0.11415,0.03566
58.94,0,4.29332,-2.46469,0.65768,0.41970,1.92297,0.00000,
58.94,1,3.18426,-2.49761,0.00647,0.38844,0.06500,0.10955,0.01659
58.94,2,2.06968,-2.50217,0.00661,0.33192,-0.00444,0.11459,0.04262
58.96,0,4.29998,-2.45955,0.69532,0.43432,1.91929,0.00000,
58.96,1,3.19284,-2.49755,0.00654,0.44868,-0.01573,0.10779,0.02499
58.96,2,2.07622,-2.50213,0.00652,0.32052,-0.00461,0.11663,0.05120
58.98,0,4.30683,-2.45386,0.73406,0.45121,1.94141,0.00000,
58.98,1,3.20170,-2.49749,0.00663,0.43108,0.02441,0.10600,0.03388
58.98,2,2.08247,-2.50209,0.00643,0.30712,-0.00456,0.11924,0.06006
59.0,0,4.31361,-2.44781,0.77276,0.45587,1.92817,0.00000,
59.0,1,3.20998,-2.49744,0.00738,0.40312,0.04130,0.10474,0.04293
59.0,2,2.08855,-2.50205,0.00634,0.30297,-0.00433,0.12144,0.06834
59.02,0,4.32019,-2.44145,0.81122,0.45880,1.92073,0.00000,
59.02,1,3.21794,-2.49738,0.00810,0.39678,0.03137,0.10366,0.05204
59.02,2,2.09459,-2.50201,0.00625,0.30103,-0.00415,0.12336,0.07631
59.04,0,4.32649,-2.43481,0.84875,0.46413,1.87962,0.00000,
59.04,1,3.22589,-2.49732,0.00866,0.39717,0.02611,0.10237,0.06112
59.04,2,2.10057,-2.50197,0.00617,0.29678,-0.00402,0.12533,0.08425
59.06,0,4.33281,-2.42765,0.88673,0.48600,1.81326,0.00000,
59.06,1,3.23379,-2.49725,0.00919,0.39232,0.02701,0.10123,0.07058
59.06,2,2.10621,-2.50194,0.00611,0.24572,-0.00153,0.12759,0.09215
59.08,0,4.33900,-2.42012,0.91587,0.48350,1.19771,0.00000,
59.08,1,3.24155,-2.49718,0.00973,0.38471,0.02705,0.10016,0.08021
59.08,2,2.11129,-2.50191,0.00604,0.26048,-0.00410,0.13027,0.09991
59.1,0,4.34478,-2.41263,0.93786,0.46468,1.09669,0.00000,
59.1,1,3.24917,-2.49710,0.01026,0.37829,0.02574,0.09887,0.08954
59.1,2,2.11654,-2.50187,0.00596,0.26147,-0.00417,0.13264,0.10753
59.12,0,4.35024,-2.40522,0.96099,0.45970,1.19293,0.00000,
59.12,1,3.25819,-2.49701,0.02264,0.45788,0.97691,0.09590,0.00921
59.12,2,2.12294,-2.50184,0.00584,0.44765,-0.01517,0.13526,0.00458
59.14,0,4.35556,-2.39762,0.98458,0.46808,1.15012,0.00000,
59.14,1,3.26721,-2.49681,0.03439,0.43326,0.20407,0.09287,0.01848
59.14,2,2.13062,-2.50181,0.00535,0.36900,-0.02575,0.13660,0.01360
59.16,0,4.36080,-2.38977,1.00663,0.47351,1.06843,0.00000,
59.16,1,3.27646,-2.49651,0.03389,0.47997,-0.09072,0.08959,0.02792
59.16,2,2.13825,-2.50177,0.00492,0.41175,-0.01234,0.13822,0.02285
59.18,0,4.36588,-2.38177,1.02753,0.47345,1.03087,0.00000,
59.18,1,3.28605,-2.49618,0.03374,0.47390,0.07117,0.08587,0.03738
59.18,2,2.14745,-2.50171,0.00488,0.50451,0.00300,0.13862,0.03246
59.2,0,4.37078,-2.37367,1.04784,0.47331,1.00135,0.00000,
59.2,1,3.29527,-2.49587,0.03611,0.45131,0.13142,0.08243,0.04684
59.2,2,2.15774,-2.50166,0.00492,0.51672,0.00062,0.13754,0.04167
59.22,0,4.37552,-2.36546,1.06745,0.47468,0.96294,0.00000,
59.22,1,3.30416,-2.49554,0.03835,0.44167,0.09363,0.07923,0.05630
59.22,2,2.16874,-2.50161,0.00496,0.64841,0.00840,0.13544,0.00443
59.24,0,4.38012,-2.35714,1.08629,0.47625,0.92510,0.00000,
59.24,1,3.31296,-2.49521,0.03997,0.43909,0.07610,0.07606,0.06579
59.24,2,2.18176,-2.50154,0.00511,0.63761,0.00474,0.13121,0.01323
59.26,0,4.38457,-2.34870,1.10441,0.47735,0.89113,0.00000,
59.26,1,3.32148,-2.49486,0.04162,0.36905,0.10785,0.07309,0.07530
59.26,2,2.19344,-2.50149,0.00514,0.53762,-0.00008,0.12806,0.02176
59.28,0,4.38887,-2.34017,1.12187,0.47821,0.85815,0.00000,
59.28,1,3.32903,-2.49452,0.04346,0.38622,0.07973,0.07102,0.08482
59.28,2,2.20255,-2.50144,0.00518,0.36136,0.00598,0.12650,0.02932
59.3,0,4.39303,-2.33154,1.13868,0.47906,0.82590,0.00000,
59.3,1,3.33684,-2.49417,0.04490,0.39118,0.06893,0.06864,0.09436
59.3,2,2.20995,-2.50139,0.00527,0.38371,0.00296,0.12691,0.03714
59.32,0,4.39705,-2.32283,1.15485,0.47992,0.79457,0.00000,
59.32,1,3.34564,-2.49377,0.02968,0.42354,-1.28176,0.06521,0.00959
59.32,2,2.21809,-2.50135,0.00533,0.33365,0.00974,0.12758,0.00431
59.34,0,4.40093,-2.31405,1.17041,0.48071,0.76428,0.00000,
59.34,1,3.35421,-2.49340,0.00990,0.42526,-0.39757,0.06197,0.01920
59.34,2,2.22386,-2.50134,0.00284,0.29547,-0.22096,0.13038,0.01289
59.36,0,4.40469,-2.30519,1.18538,0.48142,0.73516,0.00000,
59.36,1,3.36317,-2.49325,0.01587,0.46199,0.62922,0.05836,0.02882
59.36,2,2.23103,-2.50144,-0.00271,0.42422,-0.18068,0.13217,0.02185
59.38,0,4.40831,-2.29626,1.19977,0.48208,0.70719,0.00000,
59.38,1,3.37246,-2.49310,0.02694,0.46150,0.40970,0.05438,0.03845
59.38,2,2.24022,-2.50145,-0.00340,0.52098,0.05692,0.13227,0.03114
59.4,0,4.41181,-2.28727,1.21362,0.48269,0.68046,0.00000,
59.4,1,3.38148,-2.49287,0.03224,0.44229,0.19574,0.05064,0.04809
59.4,2,2.25073,-2.50147,-0.00196,0.53156,0.05747,0.13079,0.04016
59.42,0,4.41519,-2.27822,1.22695,0.48330,0.65509,0.00000,
59.42,1,3.39230,-2.49245,0.04565,0.58880,0.85696,0.04509,0.00966
59.42,2,2.26188,-2.50150,-0.00139,0.57761,0.01326,0.13045,0.00581
59.44,0,4.41845,-2.26911,1.23978,0.48388,0.63066,0.00000,
59.44,1,3.40317,-2.49198,0.05777,0.49229,0.37469,0.03945,0.01933
59.44,2,2.27283,-2.50152,-0.00117,0.54007,0.01313,0.13038,0.01670
59.46,0,4.42160,-2.25995,1.25214,0.48440,0.60753,0.00000,
59.46,1,3.41196,-2.49152,0.06234,0.41177,0.18212,0.03585,0.02902
59.46,2,2.28388,-2.50153,-0.00081,0.56365,0.02040,0.12813,0.02550
59.48,0,4.42463,-2.25075,1.26404,0.48486,0.58524,0.00000,
59.48,1,3.42014,-2.49103,0.06685,0.41592,0.26855,0.03283,0.03871
59.48,2,2.29526,-2.50154,-0.00041,0.56836,0.01945,0.12493,0.03370
59.5,0,4.42756,-2.24150,1.27551,0.48527,0.56366,0.00000,
59.5,1,3.42799,-2.49047,0.07321,0.37720,0.32894,0.03012,0.04840
59.5,2,2.30646,-2.50155,-0.00004,0.55236,0.01740,0.12158,0.04156
59.52,0,4.43039,-2.23221,1.28655,0.48566,0.54289,0.00000,
59.52,1,3.43756,-2.48970,0.08739,0.51878,0.73585,0.02568,0.00971
59.52,2,2.31734,-2.50155,0.00044,0.53702,0.04345,0.12028,0.00517
59.54,0,4.43312,-2.22288,1.29719,0.48603,0.52292,0.00000,
59.54,1,3.44653,-2.48895,0.09622,0.42744,0.25999,0.02184,0.01943
59.54,2,2.32799,-2.50154,0.00136,0.53022,0.03708,0.11861,0.01417
59.56,0,4.43574,-2.21352,1.30744,0.48636,0.50370,0.00000,
59.56,1,3.45563,-2.48808,0.10079,0.47092,0.24404,0.01784,0.02915
59.56,2,2.33795,-2.50153,0.00183,0.49411,0.01500,0.11776,0.02332
59.58,0,4.43828,-2.20412,1.31731,0.48667,0.48519,0.00000,
59.58,1,3.46356,-2.48717,0.10764,0.37321,0.34774,0.01498,0.03888
59.58,2,2.34792,-2.50151,0.00209,0.49951,0.01388,0.11573,0.03130
59.6,0,4.44072,-2.19470,1.32681,0.48696,0.46737,0.00000,
59.6,1,3.47111,-2.48632,0.11361,0.38327,0.27053,0.01251,0.04861
59.6,2,2.35782,-2.50149,0.00242,0.49026,0.01793,0.11339,0.03889
59.62,0,4.44307,-2.18524,1.33597,0.48724,0.45060,0.00000,
59.62,1,3.48048,-2.48517,0.12893,0.49067,0.92526,0.00824,0.00974
59.62,2,2.36829,-2.50147,0.00300,0.62544,0.05751,0.11230,0.00505
59.64,0,4.44534,-2.17576,1.34481,0.48749,0.43408,0.00000,
59.64,1,3.48952,-2.48395,0.14160,0.46870,0.40000,0.00428,0.01949
59.64,2,2.38082,-2.50143,0.00415,0.59065,0.04402,0.10883,0.01417
59.66,0,4.44753,-2.16626,1.35331,0.48773,0.41769,0.00000,
59.66,1,3.49874,-2.48265,0.14663,0.45437,0.20477,0.00015,0.02924
59.66,2,2.39253,-2.50140,0.00467,0.56979,0.01563,0.10637,0.02348
59.68,0,4.44963,-2.15673,1.36149,0.48794,0.40195,0.00000,
59.68,1,3.50589,-2.48140,0.15323,0.32507,0.38389,0.00198,0.03900
59.68,2,2.40183,-2.50135,0.00503,0.39546,0.02125,0.10424,0.03075
59.7,0,4.45166,-2.14718,1.36936,0.48813,0.38689,0.00000,
59.7,1,3.51255,-2.48024,0.16024,0.34940,0.30584,0.00358,0.04876
59.7,2,2.40984,-2.50131,0.00543,0.41208,0.01813,0.10291,0.03750
59.72,0,4.45361,-2.13762,1.37694,0.48831,0.37238,0.00000,
59.72,1,3.51954,-2.47911,0.16560,0.34017,0.23495,0.00546,0.05852
59.72,2,2.41740,-2.50125,0.00160,0.23729,-0.63145,0.10236,0.00354
59.74,0,4.45550,-2.12803,1.38423,0.48848,0.35841,0.00000,
59.74,1,3.52631,-2.47797,0.17038,0.37569,0.27418,0.00710,0.06828
59.74,2,2.42102,-2.50120,-0.01310,0.17840,-0.76226,0.10553,0.01040
59.76,0,4.45731,-2.11843,1.39125,0.48864,0.34496,0.00000,
59.76,1,3.53405,-2.47664,0.17611,0.39410,0.28437,0.00968,0.07805
59.76,2,2.42342,-2.50110,-0.02150,0.09078,-0.32507,0.11090,0.01825
59.78,0,4.45905,-2.10881,1.39800,0.48878,0.33201,0.00000,
59.78,1,3.54152,-2.47531,0.18148,0.36597,0.25609,0.01197,0.08782
59.78,2,2.42617,-2.50129,-0.03177,0.20934,-0.40298,0.11565,0.02584
59.8,0,4.46074,-2.09918,1.40451,0.48892,0.31956,0.00000,
59.8,1,3.54850,-2.47403,0.18642,0.34955,0.24245,0.01375,0.09759
59.8,2,2.43041,-2.50149,-0.03679,0.21487,-0.42130,0.11843,0.03294
59.82,0,4.46235,-2.08954,1.41076,0.48904,0.30757,0.00000,
59.82,1,3.55558,-2.47257,0.18127,0.35056,-0.57130,0.01564,0.00978
59.82,2,2.43471,-2.50168,-0.04515,0.21774,-0.38580,0.12125,0.00350
59.84,0,4.46391,-2.07988,1.41679,0.48916,0.29603,0.00000,
59.84,1,3.56171,-2.47148,0.17801,0.29138,0.25460,0.01648,0.01956
59.84,2,2.44031,-2.50181,-0.04609,0.34706,0.19090,0.12182,0.00973
59.86,0,4.46541,-2.07021,1.42259,0.48926,0.28493,0.00000,
59.86,1,3.56810,-2.47026,0.18820,0.34661,0.59815,0.01754,0.02935
59.86,2,2.44801,-2.50215,-0.04058,0.42274,0.26117,0.12054,0.01623
59.88,0,4.46686,-2.06053,1.42817,0.48936,0.27424,0.00000,
59.88,1,3.57453,-2.46897,0.19797,0.32548,0.40159,0.01864,0.03913
59.88,2,2.45700,-2.50254,-0.03716,0.45057,0.11544,0.11804,0.02279
59.9,0,4.46825,-2.05084,1.43354,0.48945,0.26396,0.00000,
59.9,1,3.58208,-2.46742,0.20604,0.41503,0.39700,0.02079,0.04892
59.9,2,2.46549,-2.50288,-0.03509,0.40312,0.10899,0.11715,0.03049
59.92,0,4.46958,-2.04124,1.43886,0.48244,0.26770,0.00000,
59.92,1,3.59010,-2.46574,0.21383,0.39521,0.38499,0.02343,0.05861
59.92,2,2.47342,-2.50316,-0.03207,0.34915,0.25827,0.11730,0.00403
59.94,0,4.47089,-2.03137,1.44383,0.50734,0.23744,0.00000,
59.94,1,3.59740,-2.46416,0.22143,0.35938,0.37530,0.02516,0.06857
59.94,2,2.47962,-2.50330,-0.02950,0.29720,0.12407,0.11846,0.01150
59.96,0,4.47218,-2.02126,1.44850,0.50818,0.23190,0.00000,
59.96,1,3.60369,-2.46266,0.22991,0.31218,0.40114,0.02577,0.07876
59.96,2,2.48509,-2.50348,-0.03311,0.30378,-0.35992,0.11934,0.01797
59.98,0,4.47341,-2.01125,1.45310,0.50118,0.22776,0.00000,
59.98,1,3.61000,-2.46115,0.23668,0.33138,0.31036,0.02640,0.08884
59.98,2,2.49207,-2.50370,-0.03604,0.34611,0.07359,0.11874,0.02446
