t,id,x,y,theta,v,omega,gap_err,belief_err
0.0,0,3.00000,-2.50000,0.00000,0.00000,0.00000,0.00000,
0.0,1,2.00000,-2.50000,0.00000,0.00000,0.00000,0.00000,
0.0,2,1.00000,-2.50000,0.00000,0.00000,0.00000,0.00000,
0.02,0,3.00253,-2.50003,-0.00728,0.12497,-1.18294,0.00000,
0.02,1,2.00000,-2.50000,0.00000,0.00000,-0.00000,0.00253,
0.02,2,1.00000,-2.50000,0.00000,0.00000,-0.00000,0.00000,
0.04,0,3.00505,-2.50074,-0.02857,0.14771,-1.15619,0.00000,
0.04,1,2.00000,-2.50000,0.00000,0.00000,-0.00000,0.00505,
0.04,2,1.00000,-2.50000,0.00000,0.00000,-0.00000,0.00000,
0.06,0,3.00956,-2.50137,-0.03977,0.32252,0.04178,0.00000,
0.06,1,2.00000,-2.50000,0.00000,0.00000,-0.00000,0.00956,
0.06,2,1.00000,-2.50000,0.00000,0.00000,-0.00000,0.00000,
0.08,0,3.01768,-2.50174,-0.03347,0.45142,0.34436,0.00000,
0.08,1,2.00000,-2.50000,-0.00000,-0.00000,-0.00000,0.01768,
0.08,2,1.00000,-2.50000,-0.00000,-0.00000,-0.00000,0.00000,
0.1,0,3.02741,-2.50212,-0.03382,0.48811,-0.15035,0.00000,
0.1,1,2.00000,-2.50000,-0.00000,-0.00000,-0.00000,0.02741,
0.1,2,1.00000,-2.50000,-0.00000,-0.00000,-0.00000,0.00000,
0.12,0,3.03751,-2.50246,-0.03514,0.52835,0.02697,0.00000,
0.12,1,2.00000,-2.50000,-0.00000,-0.00000,-0.00000,0.03752,
0.12,2,1.00000,-2.50000,-0.00000,-0.00000,-0.00000,0.00000,
0.14,0,3.04817,-2.50280,-0.03323,0.53033,0.11916,0.00000,
0.14,1,2.00000,-2.50000,-0.00000,-0.00000,0.00000,0.04818,
0.14,2,1.00000,-2.50000,-0.00000,-0.00000,0.00000,0.00000,
0.16,0,3.05858,-2.50313,-0.03123,0.51280,0.07916,0.00000,
0.16,1,2.00000,-2.50000,0.00000,-0.00000,0.00000,0.05858,
0.16,2,1.00000,-2.50000,0.00000,-0.00000,0.00000,0.00000,
0.18,0,3.06874,-2.50344,-0.02995,0.50712,0.05794,0.00000,
0.18,1,2.00000,-2.50000,0.00000,-0.00000,0.00000,0.06875,
0.18,2,1.00000,-2.50000,0.00000,-0.00000,0.00000,0.00000,
0.2,0,3.07775,-2.50374,-0.02893,0.45035,0.06131,0.00000,
0.2,1,2.00000,-2.50000,0.00000,0.00000,0.00000,0.07776,
0.2,2,1.00000,-2.50000,0.00000,0.00000,0.00000,0.00000,
0.22,0,3.08700,-2.50402,-0.02753,0.47018,0.07170,0.00000,
0.22,1,2.00000,-2.50000,0.00000,-0.00000,-0.00000,0.08701,
0.22,2,1.00000,-2.50000,0.00000,-0.00000,-0.00000,0.00000,
0.24,0,3.09612,-2.50428,-0.02611,0.44772,0.07019,0.00000,
0.24,1,2.00000,-2.50000,0.00000,-0.00000,0.00000,0.09613,
0.24,2,1.00000,-2.50000,0.00000,-0.00000,0.00000,0.00000,
0.26,0,3.10598,-2.50454,-0.02495,0.52014,0.05259,0.00000,
0.26,1,2.00000,-2.50000,0.00000,-0.00000,-0.00000,0.10599,
0.26,2,1.00000,-2.50000,0.00000,-0.00000,-0.00000,0.00000,
0.28,0,3.11648,-2.50480,-0.02388,0.52140,0.05519,0.00000,
0.28,1,2.00000,-2.50000,0.00000,-0.00000,-0.00000,0.11650,
0.28,2,1.00000,-2.50000,0.00000,-0.00000,-0.00000,0.00000,
0.3,0,3.12667,-2.50504,-0.02275,0.50053,0.05695,0.00000,
0.3,1,2.00000,-2.50000,-0.00000,-0.00000,-0.00000,0.12668,
0.3,2,1.00000,-2.50000,-0.00000,-0.00000,-0.00000,0.00000,
0.32,0,3.13658,-2.50527,-0.02163,0.49436,0.05422,0.00000,
0.32,1,2.00000,-2.50000,-0.00000,0.00000,-0.00000,0.13659,
0.32,2,1.00000,-2.50000,-0.00000,0.00000,-0.00000,0.00000,
0.34,0,3.14651,-2.50548,-0.02058,0.49876,0.05160,0.00000,
0.34,1,2.00000,-2.50000,-0.00000,0.00000,-0.00000,0.14652,
0.34,2,1.00000,-2.50000,-0.00000,0.00000,-0.00000,0.00000,
0.36,0,3.15652,-2.50569,-0.01957,0.50179,0.05006,0.00000,
0.36,1,2.00000,-2.50000,-0.00000,0.00000,-0.00000,0.15654,
0.36,2,1.00000,-2.50000,-0.00000,0.00000,-0.00000,0.00000,
0.38,0,3.16656,-2.50589,-0.01858,0.50134,0.04857,0.00000,
0.38,1,2.00000,-2.50000,-0.00000,0.00000,-0.00000,0.16657,
0.38,2,1.00000,-2.50000,-0.00000,0.00000,-0.00000,0.00000,
0.4,0,3.17657,-2.50607,-0.01763,0.50034,0.04690,0.00000,
0.4,1,2.00000,-2.50000,-0.00000,0.00000,-0.00000,0.17658,
0.4,2,1.00000,-2.50000,-0.00000,0.00000,-0.00000,0.00000,
0.42,0,3.18657,-2.50625,-0.01671,0.50019,0.04529,0.00000,
0.42,1,2.00000,-2.50000,-0.00000,0.00000,-0.00000,0.18659,
0.42,2,1.00000,-2.50000,-0.00000,0.00000,-0.00000,0.00000,
0.44,0,3.19658,-2.50642,-0.01582,0.50045,0.04378,0.00000,
0.44,1,2.00000,-2.50000,-0.00000,0.00000,-0.00000,0.19659,
0.44,2,1.00000,-2.50000,-0.00000,0.00000,-0.00000,0.00000,
0.46,0,3.20590,-2.50657,-0.01500,0.47159,0.04288,0.00000,
0.46,1,2.00000,-2.50000,-0.00000,0.00000,-0.00000,0.20592,
0.46,2,1.00000,-2.50000,-0.00000,0.00000,-0.00000,0.00000,
0.48,0,3.21543,-2.50672,-0.01414,0.47894,0.04209,0.00000,
0.48,1,2.00000,-2.50000,-0.00000,0.00000,-0.00000,0.21545,
0.48,2,1.00000,-2.50000,-0.00000,0.00000,-0.00000,0.00000,
0.5,0,3.22501,-2.50685,-0.01334,0.47789,0.03889,0.00000,
0.5,1,2.00000,-2.50000,-0.00000,0.00000,-0.00000,0.22503,
0.5,2,1.00000,-2.50000,-0.00000,0.00000,-0.00000,0.00000,
0.52,0,3.23433,-2.50698,-0.01254,0.48369,0.03829,0.00000,
0.52,1,2.00000,-2.50000,-0.00000,-0.00000,0.00000,0.23435,
0.52,2,1.00000,-2.50000,-0.00000,-0.00000,0.00000,0.00000,
0.54,0,3.24446,-2.50710,-0.01181,0.51669,0.03560,0.00000,
0.54,1,2.00000,-2.50000,-0.00000,0.00000,-0.00000,0.24448,
0.54,2,1.00000,-2.50000,-0.00000,0.00000,-0.00000,0.00000,
0.56,0,3.25474,-2.50723,-0.01110,0.50847,0.03569,0.00000,
0.56,1,2.00000,-2.50000,-0.00000,-0.00000,0.00000,0.25476,
0.56,2,1.00000,-2.50000,-0.00000,-0.00000,0.00000,0.00000,
0.58,0,3.26476,-2.50734,-0.01039,0.49651,0.03486,0.00000,
0.58,1,2.00000,-2.50000,-0.00000,-0.00000,0.00000,0.26478,
0.58,2,1.00000,-2.50000,-0.00000,-0.00000,0.00000,0.00000,
0.6,0,3.27466,-2.50744,-0.00971,0.49559,0.03344,0.00000,
0.6,1,2.00000,-2.50000,0.00000,-0.00000,0.00000,0.27468,
0.6,2,1.00000,-2.50000,0.00000,-0.00000,0.00000,0.00000,
0.62,0,3.28461,-2.50754,-0.00905,0.49883,0.03226,0.00000,
0.62,1,2.00000,-2.50000,0.00000,-0.00000,0.00000,0.28463,
0.62,2,1.00000,-2.50000,0.00000,-0.00000,0.00000,0.00000,
0.64,0,3.29460,-2.50763,-0.00842,0.50000,0.03127,0.00000,
0.64,1,2.00000,-2.50000,0.00000,-0.00000,0.00000,0.29463,
0.64,2,1.00000,-2.50000,0.00000,-0.00000,0.00000,0.00000,
0.66,0,3.30460,-2.50771,-0.00780,0.49938,0.03027,0.00000,
0.66,1,2.00000,-2.50000,0.00000,-0.00000,0.00000,0.30462,
0.66,2,1.00000,-2.50000,0.00000,-0.00000,0.00000,0.00000,
0.68,0,3.31458,-2.50779,-0.00721,0.49886,0.02926,0.00000,
0.68,1,2.00000,-2.50000,0.00000,-0.00000,0.00000,0.31460,
0.68,2,1.00000,-2.50000,0.00000,-0.00000,0.00000,0.00000,
0.7,0,3.32456,-2.50786,-0.00664,0.49891,0.02830,0.00000,
0.7,1,2.00000,-2.50000,0.00000,-0.00000,0.00000,0.32458,
0.7,2,1.00000,-2.50000,0.00000,-0.00000,0.00000,0.00000,
0.72,0,3.33454,-2.50793,-0.00608,0.49907,0.02737,0.00000,
0.72,1,2.00000,-2.50000,0.00000,-0.00000,0.00000,0.33456,
0.72,2,1.00000,-2.50000,0.00000,-0.00000,0.00000,0.00000,
0.74,0,3.34452,-2.50799,-0.00554,0.49910,0.02648,0.00000,
0.74,1,2.00000,-2.50000,0.00000,-0.00000,0.00000,0.34454,
0.74,2,1.00000,-2.50000,0.00000,-0.00000,0.00000,0.00000,
0.76,0,3.35420,-2.50804,-0.00503,0.46324,0.02472,0.00000,
0.76,1,2.00000,-2.50000,0.00000,-0.00000,0.00000,0.35423,
0.76,2,1.00000,-2.50000,0.00000,-0.00000,0.00000,0.00000,
0.78,0,3.36359,-2.50809,-0.00453,0.47434,0.02541,0.00000,
0.78,1,2.00000,-2.50000,0.00000,-0.00000,0.00000,0.36362,
0.78,2,1.00000,-2.50000,0.00000,-0.00000,0.00000,0.00000,
0.8,0,3.37313,-2.50814,-0.00403,0.47786,0.02387,0.00000,
0.8,1,2.00000,-2.50000,0.00000,-0.00000,0.00000,0.37316,
0.8,2,1.00000,-2.50000,0.00000,-0.00000,0.00000,0.00000,
0.82,0,3.38248,-2.50817,-0.00356,0.45696,0.02382,0.00000,
0.82,1,2.00000,-2.50000,0.00000,-0.00000,0.00000,0.38250,
0.82,2,1.00000,-2.50000,0.00000,-0.00000,0.00000,0.00000,
0.84,0,3.39226,-2.50821,-0.00311,0.50916,0.02192,0.00000,
0.84,1,2.00000,-2.50000,0.00000,-0.00000,0.00000,0.39229,
0.84,2,1.00000,-2.50000,0.00000,-0.00000,0.00000,0.00000,
0.86,0,3.40255,-2.50824,-0.00268,0.51310,0.02155,0.00000,
0.86,1,2.00000,-2.50000,0.00000,-0.00000,0.00000,0.40258,
0.86,2,1.00000,-2.50000,0.00000,-0.00000,0.00000,0.00000,
0.88,0,3.41266,-2.50827,-0.00225,0.49889,0.02113,0.00000,
0.88,1,2.00000,-2.50000,0.00000,-0.00000,0.00000,0.41268,
0.88,2,1.00000,-2.50000,0.00000,-0.00000,0.00000,0.00000,
0.9,0,3.42256,-2.50829,-0.00183,0.49378,0.02038,0.00000,
0.9,1,2.00000,-2.50000,0.00000,-0.00000,0.00000,0.42258,
0.9,2,1.00000,-2.50000,0.00000,-0.00000,0.00000,0.00000,
0.92,0,3.43246,-2.50831,-0.00143,0.49652,0.01966,0.00000,
0.92,1,2.00000,-2.50000,0.00000,-0.00000,0.00000,0.43248,
0.92,2,1.00000,-2.50000,0.00000,-0.00000,0.00000,0.00000,
0.94,0,3.44242,-2.50832,-0.00105,0.49878,0.01906,0.00000,
0.94,1,2.00000,-2.50000,0.00000,-0.00000,0.00000,0.44244,
0.94,2,1.00000,-2.50000,0.00000,-0.00000,0.00000,0.00000,
0.96,0,3.45240,-2.50833,-0.00067,0.49860,0.01847,0.00000,
0.96,1,2.00000,-2.50000,0.00000,-0.00000,0.00000,0.45242,
0.96,2,1.00000,-2.50000,0.00000,-0.00000,0.00000,0.00000,
0.98,0,3.46236,-2.50834,-0.00031,0.49789,0.01788,0.00000,
0.98,1,2.00000,-2.50000,0.00000,-0.00000,0.00000,0.46238,
0.98,2,1.00000,-2.50000,0.00000,-0.00000,0.00000,0.00000,
1.0,0,3.47231,-2.50834,0.00004,0.49775,0.01730,0.00000,
1.0,1,2.00000,-2.50000,0.00000,-0.00000,0.00000,0.47234,
1.0,2,1.00000,-2.50000,0.00000,-0.00000,0.00000,0.00000,
1.02,0,3.48227,-2.50834,0.00038,0.49792,0.01676,0.00000,
1.02,1,2.00000,-2.50000,0.00000,-0.00000,0.00000,0.48229,
1.02,2,1.00000,-2.50000,0.00000,-0.00000,0.00000,0.00000,
1.04,0,3.49223,-2.50834,0.00071,0.49801,0.01623,0.00000,
1.04,1,2.00000,-2.50000,0.00000,-0.00000,0.00000,0.49225,
1.04,2,1.00000,-2.50000,0.00000,-0.00000,0.00000,0.00000,
1.06,0,3.50219,-2.50833,0.00103,0.49798,0.01572,0.00000,
1.06,1,2.00000,-2.50000,0.00000,-0.00000,0.00000,0.50221,
1.06,2,1.00000,-2.50000,0.00000,-0.00000,0.00000,0.00000,
1.08,0,3.51215,-2.50832,0.00134,0.49795,0.01522,0.00000,
1.08,1,2.00000,-2.50000,0.00000,-0.00000,0.00000,0.51217,
1.08,2,1.00000,-2.50000,0.00000,-0.00000,0.00000,0.00000,
1.1,0,3.52211,-2.50831,0.00164,0.49795,0.01474,0.00000,
1.1,1,2.00000,-2.50000,0.00000,-0.00000,0.00000,0.52213,
1.1,2,1.00000,-2.50000,0.00000,-0.00000,0.00000,0.00000,
1.12,0,3.53207,-2.50829,0.00193,0.49796,0.01428,0.00000,
1.12,1,2.00000,-2.50000,0.00000,-0.00000,0.00000,0.53209,
1.12,2,1.00000,-2.50000,0.00000,-0.00000,0.00000,0.00000,
1.14,0,3.54195,-2.50827,0.00221,0.45995,0.01483,0.00000,
1.14,1,2.00000,-2.50000,0.00000,-0.00000,0.00000,0.54197,
1.14,2,1.00000,-2.50000,0.00000,-0.00000,0.00000,0.00000,
1.16,0,3.55126,-2.50825,0.00249,0.47046,0.01353,0.00000,
1.16,1,2.00000,-2.50000,0.00000,-0.00000,0.00000,0.55128,
1.16,2,1.00000,-2.50000,0.00000,-0.00000,0.00000,0.00000,
1.18,0,3.56075,-2.50823,0.00275,0.47680,0.01261,0.00000,
1.18,1,2.00000,-2.50000,0.00000,-0.00000,0.00000,0.56077,
1.18,2,1.00000,-2.50000,0.00000,-0.00000,0.00000,0.00000,
1.2,0,3.57018,-2.50820,0.00300,0.44277,0.01176,0.00000,
1.2,1,2.00000,-2.50000,0.00000,-0.00000,0.00000,0.57020,
1.2,2,1.00000,-2.50000,0.00000,-0.00000,0.00000,0.00000,
1.22,0,3.57973,-2.50817,0.00324,0.50197,0.01233,0.00000,
1.22,1,2.00469,-2.50000,0.00000,0.25382,0.00000,0.57506,0.00955
1.22,2,1.00137,-2.50000,0.00000,0.22871,-0.00000,0.00331,0.00299
1.24,0,3.58998,-2.50814,0.00348,0.51447,0.01197,0.00000,
1.24,1,2.00893,-2.50000,0.00000,0.20274,0.00000,0.58107,0.01981
1.24,2,1.00535,-2.50000,0.00000,0.15192,-0.00000,0.00359,0.00724
1.26,0,3.60013,-2.50810,0.00372,0.50060,0.01141,0.00000,
1.26,1,2.01299,-2.50000,0.00000,0.20274,0.00000,0.58716,0.02995
1.26,2,1.00814,-2.50000,0.00000,0.15881,-0.00000,0.00485,0.01129
1.28,0,3.61004,-2.50807,0.00394,0.49307,0.01105,0.00000,
1.28,1,2.01866,-2.50000,-0.00006,0.44443,-0.00646,0.59140,0.03986
1.28,2,1.01267,-2.50000,0.00000,0.27725,0.00000,0.00599,0.01696
1.3,0,3.61991,-2.50803,0.00416,0.49504,0.01075,0.00000,
1.3,1,2.03209,-2.50000,-0.00022,0.79411,-0.00747,0.58784,0.04974
1.3,2,1.01866,-2.50000,0.00000,0.30085,-0.00000,0.01343,0.03039
1.32,0,3.62985,-2.50799,0.00437,0.49779,0.01044,0.00000,
1.32,1,2.04623,-2.50000,-0.00037,0.69926,-0.00753,0.58363,0.00993
1.32,2,1.02575,-2.50000,0.00000,0.51204,-0.00000,0.02048,0.00699
1.34,0,3.63981,-2.50794,0.00458,0.49797,0.01012,0.00000,
1.34,1,2.06028,-2.49999,-0.00050,0.71373,-0.00652,0.57955,0.01990
1.34,2,1.03545,-2.50000,-0.00000,0.47067,-0.00000,0.02483,0.02104
1.36,0,3.64976,-2.50790,0.00477,0.49722,0.00981,0.00000,
1.36,1,2.07516,-2.49999,-0.00067,0.78956,-0.00961,0.57462,0.02985
1.36,2,1.04422,-2.50000,-0.00000,0.41769,-0.00000,0.03094,0.03592
1.38,0,3.65970,-2.50785,0.00497,0.49696,0.00952,0.00000,
1.38,1,2.09153,-2.50000,-0.00087,0.82852,-0.00976,0.56819,0.03979
1.38,2,1.05342,-2.50000,-0.00000,0.51837,-0.00000,0.03811,0.05229
1.4,0,3.66964,-2.50780,0.00515,0.49711,0.00923,0.00000,
1.4,1,2.10791,-2.50001,-0.00106,0.80761,-0.00901,0.56175,0.04973
1.4,2,1.06493,-2.50000,-0.00000,0.60217,-0.00000,0.04298,0.06867
1.42,0,3.67958,-2.50775,0.00534,0.49723,0.00896,0.00000,
1.42,1,2.12385,-2.50003,-0.00123,0.79173,-0.00883,0.55575,0.05967
1.42,2,1.07678,-2.50000,-0.00000,0.57535,-0.00000,0.04707,0.08461
1.44,0,3.68953,-2.50770,0.00551,0.49721,0.00869,0.00000,
1.44,1,2.13969,-2.50005,-0.00141,0.79411,-0.00865,0.54986,0.06962
1.44,2,1.08783,-2.50000,-0.00000,0.53766,-0.00000,0.05186,0.10045
1.46,0,3.69947,-2.50764,0.00568,0.49718,0.00844,0.00000,
1.46,1,2.15564,-2.50007,-0.00158,0.79953,-0.00834,0.54385,0.07956
1.46,2,1.09847,-2.50000,-0.00000,0.53106,-0.00000,0.05717,0.11640
1.48,0,3.70942,-2.50759,0.00585,0.49717,0.00819,0.00000,
1.48,1,2.17059,-2.50010,-0.00175,0.75507,-0.00831,0.53884,0.08950
1.48,2,1.10903,-2.50000,-0.00000,0.49040,-0.00000,0.06156,0.13135
1.5,0,3.71936,-2.50753,0.00601,0.49718,0.00795,0.00000,
1.5,1,2.18584,-2.50012,-0.00191,0.76679,-0.00752,0.53353,0.09945
1.5,2,1.11892,-2.50000,-0.00000,0.49848,-0.00000,0.06692,0.14660
1.52,0,3.72930,-2.50747,0.00617,0.49718,0.00772,0.00000,
1.52,1,2.20083,-2.50015,-0.00205,0.77409,-0.00742,0.52849,0.10939
1.52,2,1.12890,-2.50000,-0.00000,0.49714,-0.00000,0.07193,0.16159
1.54,0,3.73925,-2.50741,0.00632,0.49718,0.00749,0.00000,
1.54,1,2.21699,-2.50019,-0.00221,0.82358,-0.00758,0.52228,0.11933
1.54,2,1.13872,-2.50000,-0.00000,0.48580,-0.00000,0.07826,0.17774
1.56,0,3.74919,-2.50734,0.00647,0.49718,0.00728,0.00000,
1.56,1,2.23339,-2.50022,-0.00235,0.81211,-0.00703,0.51582,0.12928
1.56,2,1.14832,-2.50000,-0.00000,0.47578,-0.00000,0.08506,0.19415
1.58,0,3.75913,-2.50728,0.00661,0.49718,0.00707,0.00000,
1.58,1,2.24941,-2.50026,-0.00249,0.79410,-0.00680,0.50974,0.13922
1.58,2,1.15776,-2.50000,-0.00000,0.46926,-0.00000,0.09164,0.21017
1.6,0,3.76908,-2.50721,0.00675,0.49718,0.00687,0.00000,
1.6,1,2.26525,-2.50030,-0.00263,0.79234,-0.00670,0.50384,0.14917
1.6,2,1.16708,-2.50000,-0.00000,0.46311,-0.00000,0.09816,0.22601
1.62,0,3.77902,-2.50715,0.00688,0.49718,0.00667,0.00000,
1.62,1,2.28115,-2.50034,-0.00276,0.79713,-0.00652,0.49789,0.15911
1.62,2,1.17627,-2.50000,-0.00000,0.45610,-0.00000,0.10488,0.24191
1.64,0,3.78841,-2.50708,0.00704,0.46629,0.00709,0.00000,
1.64,1,2.29712,-2.50039,-0.00289,0.79899,-0.00630,0.49131,0.16850
1.64,2,1.18524,-2.50000,-0.00000,0.41317,-0.00000,0.11188,0.25788
1.66,0,3.79784,-2.50701,0.00716,0.47525,0.00552,0.00000,
1.66,1,2.31309,-2.50043,-0.00301,0.79811,-0.00611,0.48477,0.17793
1.66,2,1.19356,-2.50000,-0.00000,0.41965,-0.00000,0.11952,0.27385
1.68,0,3.80736,-2.50694,0.00727,0.47544,0.00580,0.00000,
1.68,1,2.32904,-2.50048,-0.00313,0.79733,-0.00593,0.47834,0.18745
1.68,2,1.20199,-2.50000,-0.00000,0.42025,-0.00000,0.12706,0.28980
1.7,0,3.81671,-2.50687,0.00738,0.49267,0.00619,0.00000,
1.7,1,2.34432,-2.50053,-0.00326,0.74501,-0.00667,0.47240,0.19680
1.7,2,1.21030,-2.50000,-0.00000,0.41113,-0.00000,0.13402,0.30508
1.72,0,3.82689,-2.50680,0.00751,0.51494,0.00635,0.00000,
1.72,1,2.35942,-2.50058,-0.00338,0.76209,-0.00515,0.46749,0.20698
1.72,2,1.21842,-2.50000,-0.00000,0.40228,-0.00000,0.14100,0.32018
1.74,0,3.83708,-2.50672,0.00762,0.50284,0.00556,0.00000,
1.74,1,2.37433,-2.50063,-0.00347,0.71485,-0.00404,0.46276,0.21717
1.74,2,1.22640,-2.50000,-0.00000,0.39658,-0.00000,0.14794,0.33509
1.76,0,3.84701,-2.50665,0.00773,0.49294,0.00532,0.00000,
1.76,1,2.38860,-2.50068,-0.00357,0.70372,-0.00557,0.45842,0.22710
1.76,2,1.23427,-2.50000,-0.00000,0.39146,-0.00000,0.15432,0.34936
1.78,0,3.85686,-2.50657,0.00784,0.49374,0.00531,0.00000,
1.78,1,2.40146,-2.50073,-0.00371,0.53829,-0.00951,0.45541,0.23695
1.78,2,1.24204,-2.50000,-0.00000,0.38560,-0.00000,0.15942,0.36222
1.8,0,3.86677,-2.50649,0.00794,0.49685,0.00519,0.00000,
1.8,1,2.41230,-2.50078,-0.00388,0.54907,-0.00713,0.45449,0.24687
1.8,2,1.24968,-2.50000,-0.00000,0.37955,-0.00000,0.16261,0.37306
1.82,0,3.87672,-2.50641,0.00805,0.49748,0.00503,0.00000,
1.82,1,2.42636,-2.50082,-0.00502,0.71520,-0.15807,0.45038,0.00995
1.82,2,1.25721,-2.50000,-0.00000,0.37378,-0.00000,0.16915,0.38712
1.84,0,3.88666,-2.50633,0.00814,0.49675,0.00489,0.00000,
1.84,1,2.44066,-2.50087,-0.00819,0.71519,-0.15913,0.44601,0.01989
1.84,2,1.26462,-2.50000,-0.00000,0.36821,-0.00000,0.17604,0.40142
1.86,0,3.89659,-2.50625,0.00824,0.49636,0.00477,0.00000,
1.86,1,2.45490,-2.50063,-0.00887,0.70412,0.06028,0.44170,0.02982
1.86,2,1.27193,-2.50000,-0.00000,0.36269,-0.00000,0.18297,0.41566
1.88,0,3.90652,-2.50617,0.00833,0.49647,0.00465,0.00000,
1.88,1,2.46962,-2.50068,-0.00766,0.74657,0.03297,0.43691,0.03975
1.88,2,1.27870,-2.50000,-0.00000,0.33507,-0.00000,0.19092,0.43038
1.9,0,3.91645,-2.50609,0.00843,0.49661,0.00453,0.00000,
1.9,1,2.48498,-2.50092,-0.00948,0.77439,-0.12734,0.43148,0.04968
1.9,2,1.28545,-2.50000,-0.00000,0.33835,-0.00000,0.19953,0.44574
1.92,0,3.92638,-2.50601,0.00852,0.49662,0.00441,0.00000,
1.92,1,2.50008,-2.50111,-0.01054,0.78880,0.00721,0.42631,0.05961
1.92,2,1.29216,-2.50000,-0.00000,0.33212,-0.00000,0.20791,0.46084
1.94,0,3.93631,-2.50592,0.00860,0.49658,0.00430,0.00000,
1.94,1,2.51629,-2.50127,-0.00980,0.81823,0.04148,0.42003,0.06954
1.94,2,1.29872,-2.50000,-0.00000,0.32436,-0.00000,0.21758,0.47705
1.96,0,3.94624,-2.50584,0.00869,0.49656,0.00420,0.00000,
1.96,1,2.53237,-2.50142,-0.00926,0.78480,0.01928,0.41388,0.07947
1.96,2,1.30514,-2.50000,-0.00000,0.31933,-0.00000,0.22723,0.49313
1.98,0,3.95618,-2.50575,0.00877,0.49657,0.00409,0.00000,
1.98,1,2.54841,-2.50157,-0.00901,0.81389,0.00928,0.40777,0.08941
1.98,2,1.31149,-2.50000,-0.00000,0.31531,-0.00000,0.23693,0.50917
2.0,0,3.96611,-2.50566,0.00885,0.49658,0.00399,0.00000,
2.0,1,2.56479,-2.50172,-0.00883,0.81935,0.00970,0.40133,0.09934
2.0,2,1.31774,-2.50000,-0.00000,0.31074,-0.00000,0.24704,0.52555
2.02,0,3.97604,-2.50557,0.00893,0.49658,0.00390,0.00000,
2.02,1,2.58063,-2.50186,-0.00864,0.75469,0.00836,0.39542,0.10927
2.02,2,1.32544,-2.50000,-0.00001,0.56775,-0.00611,0.25519,0.00766
2.04,0,3.98597,-2.50549,0.00901,0.49658,0.00381,0.00000,
2.04,1,2.59586,-2.50200,-0.00842,0.76896,0.01234,0.39011,0.11920
2.04,2,1.33602,-2.50000,-0.00014,0.45169,-0.00622,0.25985,0.02290
2.06,0,3.99590,-2.50540,0.00908,0.49658,0.00372,0.00000,
2.06,1,2.61136,-2.50213,-0.00818,0.77742,0.01085,0.38455,0.12913
2.06,2,1.34496,-2.49998,0.00028,0.48161,0.08395,0.26640,0.03840
2.08,0,4.00583,-2.50531,0.00916,0.49658,0.00364,0.00000,
2.08,1,2.62657,-2.50225,-0.00798,0.72735,0.00945,0.37927,0.13906
2.08,2,1.35721,-2.49997,0.00183,0.71817,0.04291,0.26936,0.05361
2.1,0,4.01576,-2.50521,0.00923,0.49658,0.00356,0.00000,
2.1,1,2.64011,-2.50236,-0.00780,0.64498,0.00941,0.37565,0.14899
2.1,2,1.37245,-2.49996,0.00184,0.79318,-0.02192,0.26766,0.06715
2.12,0,4.02569,-2.50512,0.00930,0.49658,0.00348,0.00000,
2.12,1,2.65278,-2.50246,-0.00761,0.63292,0.00933,0.37291,0.15893
2.12,2,1.38879,-2.49994,0.00138,0.81838,-0.02092,0.26399,0.00632
2.14,0,4.03562,-2.50503,0.00937,0.49658,0.00340,0.00000,
2.14,1,2.66477,-2.50256,-0.00747,0.55898,0.00509,0.37086,0.16886
2.14,2,1.40535,-2.49992,0.00113,0.82768,-0.00659,0.25942,0.01830
2.16,0,4.04556,-2.50494,0.00943,0.49658,0.00333,0.00000,
2.16,1,2.67631,-2.50265,-0.00730,0.58910,0.01035,0.36924,0.17879
2.16,2,1.42171,-2.49990,0.00104,0.80975,-0.00393,0.25461,0.02985
2.18,0,4.05549,-2.50484,0.00950,0.49658,0.00326,0.00000,
2.18,1,2.68798,-2.50274,-0.00709,0.54488,0.01202,0.36751,0.18872
2.18,2,1.43778,-2.49988,0.00093,0.80105,-0.00670,0.25020,0.04151
2.2,0,4.06542,-2.50475,0.00956,0.49658,0.00320,0.00000,
2.2,1,2.69949,-2.50282,-0.00690,0.61190,0.00684,0.36592,0.19865
2.2,2,1.45382,-2.49987,0.00079,0.80355,-0.00706,0.24568,0.05303
2.22,0,4.07535,-2.50465,0.00963,0.49658,0.00313,0.00000,
2.22,1,2.71195,-2.50291,-0.00678,0.61914,0.00674,0.36340,0.20858
2.22,2,1.46947,-2.49985,0.00066,0.75004,-0.00613,0.24249,0.06549
2.24,0,4.08485,-2.50456,0.00972,0.46339,0.00457,0.00000,
2.24,1,2.72395,-2.50299,-0.00663,0.58396,0.00788,0.36090,0.21809
2.24,2,1.48467,-2.49984,0.00054,0.76780,-0.00615,0.23929,0.07748
2.26,0,4.09424,-2.50447,0.00978,0.47365,0.00194,0.00000,
2.26,1,2.73436,-2.50307,-0.00652,0.49497,0.00567,0.35989,0.22748
2.26,2,1.50012,-2.49983,0.00042,0.77439,-0.00582,0.23424,0.08789
2.28,0,4.10375,-2.50437,0.00982,0.47534,0.00241,0.00000,
2.28,1,2.74458,-2.50314,-0.00636,0.52267,0.00862,0.35916,0.23698
2.28,2,1.51509,-2.49983,0.00030,0.73418,-0.00571,0.22950,0.09812
2.3,0,4.11305,-2.50428,0.00985,0.48717,0.00299,0.00000,
2.3,1,2.75507,-2.50320,-0.00620,0.52126,0.00730,0.35798,0.24629
2.3,2,1.52959,-2.49982,0.00019,0.70996,-0.00544,0.22549,0.10861
2.32,0,4.12318,-2.50418,0.00992,0.51452,0.00371,0.00000,
2.32,1,2.76504,-2.50327,-0.00604,0.52283,0.00649,0.35814,0.25642
2.32,2,1.54186,-2.49982,0.00009,0.60008,-0.00485,0.22319,0.11858
2.34,0,4.13338,-2.50408,0.00999,0.50385,0.00276,0.00000,
2.34,1,2.77597,-2.50333,-0.00593,0.55341,0.00552,0.35741,0.26662
2.34,2,1.55398,-2.49982,-0.00000,0.61231,-0.00477,0.22200,0.12951
2.36,0,4.14332,-2.50398,0.01004,0.49286,0.00252,0.00000,
2.36,1,2.78678,-2.50340,-0.00581,0.52608,0.00632,0.35654,0.27656
2.36,2,1.56626,-2.49982,-0.00010,0.61163,-0.00496,0.22053,0.14032
2.38,0,4.15316,-2.50388,0.01009,0.49293,0.00267,0.00000,
2.38,1,2.79622,-2.50346,-0.00573,0.43735,0.00327,0.35695,0.28640
2.38,2,1.57833,-2.49982,-0.00020,0.59674,-0.00481,0.21789,0.14976
2.4,0,4.16306,-2.50378,0.01014,0.49616,0.00268,0.00000,
2.4,1,2.80523,-2.50351,-0.00562,0.46101,0.00672,0.35783,0.29630
2.4,2,1.59012,-2.49982,-0.00029,0.58403,-0.00467,0.21512,0.15877
2.42,0,4.17300,-2.50368,0.01020,0.49704,0.00261,0.00000,
2.42,1,2.81452,-2.50356,-0.00548,0.46241,0.00635,0.35848,0.30624
2.42,2,1.60231,-2.49983,-0.00043,0.68710,-0.01309,0.21221,0.00464
2.44,0,4.18293,-2.50358,0.01025,0.49633,0.00257,0.00000,
2.44,1,2.82341,-2.50361,-0.00536,0.43770,0.00596,0.35952,0.31617
2.44,2,1.61617,-2.49983,-0.00070,0.67573,-0.01021,0.20725,0.01354
2.46,0,4.19285,-2.50348,0.01030,0.49588,0.00255,0.00000,
2.46,1,2.83262,-2.50366,-0.00526,0.47189,0.00478,0.36023,0.32609
2.46,2,1.62918,-2.49984,-0.00081,0.62427,-0.00346,0.20344,0.02274
2.48,0,4.20230,-2.50339,0.01090,0.34968,0.27794,0.00000,
2.48,1,2.84199,-2.50371,-0.00516,0.46174,0.00510,0.36030,0.33554
2.48,2,1.64064,-2.49985,-0.00088,0.46189,-0.00432,0.20136,0.03212
2.5,0,4.20657,-2.50371,0.02423,0.14903,0.60275,0.00000,
2.5,1,2.85100,-2.50376,-0.00506,0.44215,0.00515,0.35557,0.33981
2.5,2,1.65008,-2.49986,-0.00097,0.47929,-0.00410,0.20092,0.04112
2.52,0,4.20840,-2.50436,0.03457,0.06256,0.47889,0.00000,
2.52,1,2.85974,-2.50380,-0.00495,0.43429,0.00488,0.34867,0.34164
2.52,2,1.66006,-2.49987,-0.00105,0.51339,-0.00423,0.19969,0.04986
2.54,0,4.20957,-2.50509,0.04410,0.03858,0.49513,0.00000,
2.54,1,2.86818,-2.50384,-0.00487,0.39773,0.00344,0.34138,0.34280
2.54,2,1.67006,-2.49988,-0.00113,0.51481,-0.00430,0.19814,0.05831
2.56,0,4.21060,-2.50519,0.05658,0.02265,1.29726,0.00000,
2.56,1,2.87624,-2.50388,-0.00478,0.40599,0.00487,0.33437,0.34383
2.56,2,1.68105,-2.49989,-0.00122,0.56297,-0.00446,0.19519,0.06636
2.58,0,4.21108,-2.50432,0.09079,0.03980,1.83203,0.00000,
2.58,1,2.88435,-2.50392,-0.00468,0.40324,0.00466,0.32673,0.34431
2.58,2,1.69206,-2.49991,-0.00131,0.53492,-0.00418,0.19229,0.07447
2.6,0,4.21190,-2.50322,0.12776,0.06841,1.86962,0.00000,
2.6,1,2.89230,-2.50396,-0.00460,0.39332,0.00414,0.31960,0.34514
2.6,2,1.70241,-2.49992,-0.00139,0.50691,-0.00396,0.18990,0.08243
2.62,0,4.21448,-2.50252,0.16348,0.18597,1.80264,0.00000,
2.62,1,2.90008,-2.50400,-0.00452,0.38565,0.00402,0.31440,0.34773
2.62,2,1.71239,-2.49993,-0.00147,0.46132,-0.00447,0.18770,0.09021
2.64,0,4.21905,-2.50165,0.20143,0.26477,1.96085,0.00000,
2.64,1,2.90745,-2.50403,-0.00445,0.35389,0.00329,0.31160,0.35231
2.64,2,1.72115,-2.49995,-0.00156,0.45066,-0.00384,0.18630,0.09757
2.66,0,4.22460,-2.50049,0.24103,0.27927,1.95652,0.00000,
2.66,1,2.91461,-2.50406,-0.00437,0.36026,0.00418,0.31000,0.35788
2.66,2,1.73033,-2.49996,-0.00163,0.46106,-0.00329,0.18428,0.10473
2.68,0,4.23043,-2.49905,0.27993,0.31177,1.93057,0.00000,
2.68,1,2.92178,-2.50410,-0.00429,0.35597,0.00384,0.30866,0.36373
2.68,2,1.73923,-2.49998,-0.00169,0.43757,-0.00315,0.18256,0.11191
2.7,0,4.23651,-2.49732,0.31826,0.31704,1.90924,0.00000,
2.7,1,2.92880,-2.50413,-0.00422,0.34721,0.00348,0.30772,0.36985
2.7,2,1.74843,-2.49999,-0.00176,0.47099,-0.00353,0.18038,0.11893
2.72,0,4.24256,-2.49535,0.35646,0.32007,1.91350,0.00000,
2.72,1,2.93567,-2.50415,-0.00415,0.34102,0.00341,0.30692,0.37595
2.72,2,1.75828,-2.50001,-0.00184,0.55457,-0.00584,0.17740,0.00342
2.74,0,4.24866,-2.49310,0.39486,0.32985,1.92391,0.00000,
2.74,1,2.94245,-2.50418,-0.00408,0.33673,0.00335,0.30626,0.38212
2.74,2,1.76935,-2.50003,-0.00195,0.55531,-0.00468,0.17310,0.01019
2.76,0,4.25489,-2.49054,0.43338,0.34222,1.92678,0.00000,
2.76,1,2.94913,-2.50421,-0.00401,0.33208,0.00322,0.30583,0.38844
2.76,2,1.77978,-2.50005,-0.00202,0.48929,-0.00295,0.16936,0.01688
2.78,0,4.26114,-2.48766,0.47150,0.35692,1.91855,0.00000,
2.78,1,2.95568,-2.50424,-0.00395,0.33449,0.00305,0.30556,0.39482
2.78,2,1.78861,-2.50007,-0.00208,0.34892,-0.00473,0.16708,0.02343
2.8,0,4.26776,-2.48431,0.51011,0.37871,1.93370,0.00000,
2.8,1,2.96241,-2.50426,-0.00389,0.33458,0.00291,0.30550,0.40160
2.8,2,1.79547,-2.50009,-0.00217,0.35547,-0.00342,0.16694,0.03015
2.82,0,4.27440,-2.48059,0.54818,0.39410,1.92611,0.00000,
2.82,1,2.96482,-2.50429,-0.00385,0.05017,0.00284,0.30980,
2.82,2,1.80293,-2.50011,-0.00222,0.38642,-0.00252,0.16189,0.03256
2.84,0,4.28130,-2.47641,0.58686,0.40828,1.93420,0.00000,
2.84,1,2.96511,-2.50430,-0.00375,-0.01195,0.00595,0.31649,
2.84,2,1.81030,-2.50012,-0.00226,0.38935,-0.00220,0.15482,0.03286
2.86,0,4.28817,-2.47189,0.62544,0.41282,1.92481,0.00000,
2.86,1,2.96433,-2.50432,-0.00368,-0.05525,-0.00769,0.32423,
2.86,2,1.81907,-2.50014,-0.00232,0.45871,-0.00305,0.14527,0.03208
2.88,0,4.29486,-2.46705,0.66317,0.42650,1.91974,0.00000,
2.88,1,2.96320,-2.50435,-0.00371,-0.05700,0.00318,0.33218,
2.88,2,1.82799,-2.50016,-0.00238,0.42819,-0.00271,0.13522,0.03095
2.9,0,4.30177,-2.46169,0.70188,0.44331,1.93977,0.00000,
2.9,1,2.96236,-2.50433,-0.00366,-0.01851,0.00152,0.34009,
2.9,2,1.83614,-2.50018,-0.00243,0.39542,-0.00241,0.12622,0.03010
2.92,0,4.30862,-2.45595,0.74056,0.44843,1.92782,0.00000,
2.92,1,2.96228,-2.50432,-0.00364,0.00326,0.00052,0.34720,
2.92,2,1.84323,-2.50020,-0.00249,0.34122,-0.00303,0.11906,0.03003
2.94,0,4.31529,-2.44990,0.77902,0.45190,1.92120,0.00000,
2.94,1,2.96240,-2.50431,-0.00363,0.00703,0.00053,0.35399,
2.94,2,1.85035,-2.50022,-0.00253,0.36463,-0.00193,0.11205,0.03014
2.96,0,4.32180,-2.44354,0.81746,0.45740,1.92257,0.00000,
2.96,1,2.96255,-2.50431,-0.00362,0.00808,0.00017,0.36060,
2.96,2,1.85763,-2.50024,-0.00257,0.36045,-0.00202,0.10493,0.03030
2.98,0,4.32807,-2.43682,0.85491,0.47259,1.92039,0.00000,
2.98,1,2.96270,-2.50431,-0.00362,0.00660,-0.00006,0.36704,
2.98,2,1.86468,-2.50026,-0.00262,0.34657,-0.00219,0.09802,0.03045
3.0,0,4.33442,-2.42956,0.89253,0.48710,1.71105,0.00000,
3.0,1,2.96282,-2.50431,-0.00363,0.00584,-0.00005,0.37363,
3.0,2,1.87153,-2.50027,-0.00266,0.33946,-0.00210,0.09130,0.03057
3.02,0,4.34053,-2.42205,0.91969,0.47816,1.13750,0.00000,
3.02,1,2.96294,-2.50431,-0.00363,0.00606,-0.00001,0.38005,
3.02,2,1.87823,-2.50029,-0.00270,0.34297,-0.00200,0.08472,0.03069
3.04,0,4.34622,-2.41462,0.94152,0.46021,1.11538,0.00000,
3.04,1,2.96306,-2.50431,-0.00363,0.00634,0.00001,0.38606,
3.04,2,1.88517,-2.50031,-0.00274,0.34649,-0.00199,0.07790,0.03081
3.06,0,4.35162,-2.40722,0.96495,0.45914,1.19716,0.00000,
3.06,1,2.96319,-2.50431,-0.00363,0.00636,0.00000,0.39181,
3.06,2,1.89198,-2.50033,-0.00278,0.33529,-0.00186,0.07122,0.03094
3.08,0,4.35691,-2.39960,0.98837,0.46812,1.13486,0.00000,
3.08,1,2.96332,-2.50431,-0.00363,0.00628,-0.00000,0.39752,
3.08,2,1.89858,-2.50035,-0.00281,0.32666,-0.00178,0.06474,0.03107
3.1,0,4.36211,-2.39174,1.01015,0.47224,1.05941,0.00000,
3.1,1,2.96344,-2.50431,-0.00363,0.00625,-0.00000,0.40319,
3.1,2,1.90507,-2.50037,-0.00285,0.32292,-0.00173,0.05838,0.03119
3.12,0,4.36714,-2.38375,1.03095,0.47173,1.02675,0.00000,
3.12,1,2.96357,-2.50432,-0.00363,0.00627,-0.00000,0.40874,
3.12,2,1.91149,-2.50038,-0.00288,0.31932,-0.00167,0.05208,0.03132
3.14,0,4.37200,-2.37567,1.05116,0.47189,0.99562,0.00000,
3.14,1,2.96369,-2.50432,-0.00363,0.00628,0.00000,0.41417,
3.14,2,1.91783,-2.50040,-0.00291,0.31436,-0.00161,0.04588,0.03144
3.16,0,4.37671,-2.36747,1.07064,0.47343,0.95656,0.00000,
3.16,1,2.96381,-2.50432,-0.00363,0.00456,0.00000,0.41950,
3.16,2,1.92406,-2.50042,-0.00295,0.30923,-0.00155,0.03977,0.03156
3.18,0,4.38126,-2.35915,1.08936,0.47494,0.91940,0.00000,
3.18,1,2.96385,-2.50432,-0.00363,0.00005,0.00000,0.42483,
3.18,2,1.92939,-2.50044,-0.00299,0.27138,-0.00164,0.03447,0.03159
3.2,0,4.38567,-2.35072,1.10737,0.47597,0.88581,0.00000,
3.2,1,2.96384,-2.50432,-0.00363,-0.00089,0.00000,0.43011,
3.2,2,1.93492,-2.50046,-0.00302,0.27801,-0.00103,0.02893,0.03158
3.22,0,4.38994,-2.34220,1.12473,0.47682,0.85287,0.00000,
3.22,1,2.96381,-2.50432,-0.00363,-0.00119,-0.00000,0.43531,
3.22,2,1.94040,-2.50047,-0.00304,0.27030,-0.00130,0.02342,0.03156
3.24,0,4.39406,-2.33359,1.14143,0.47768,0.82078,0.00000,
3.24,1,2.96379,-2.50432,-0.00363,-0.00100,-0.00000,0.44042,
3.24,2,1.94566,-2.50049,-0.00306,0.24481,-0.00097,0.01814,0.03154
3.26,0,4.39804,-2.32489,1.15750,0.47854,0.78961,0.00000,
3.26,1,2.96377,-2.50432,-0.00363,-0.00084,-0.00000,0.44545,
3.26,2,1.95092,-2.50050,-0.00309,0.27517,-0.00140,0.01286,0.03152
3.28,0,4.40189,-2.31612,1.17296,0.47932,0.75950,0.00000,
3.28,1,2.96376,-2.50432,-0.00363,-0.00085,0.00000,0.45040,
3.28,2,1.95648,-2.50052,-0.00312,0.27665,-0.00131,0.00728,0.03150
3.3,0,4.40561,-2.30728,1.18783,0.48002,0.73057,0.00000,
3.3,1,2.96374,-2.50432,-0.00363,-0.00090,0.00000,0.45528,
3.3,2,1.96187,-2.50054,-0.00314,0.26330,-0.00116,0.00188,0.03149
3.32,0,4.40921,-2.29837,1.20214,0.48067,0.70277,0.00000,
3.32,1,2.96372,-2.50432,-0.00363,-0.00091,-0.00000,0.46008,
3.32,2,1.96704,-2.50055,-0.00316,0.25613,-0.00112,0.00332,0.03147
3.34,0,4.41267,-2.28939,1.21590,0.48129,0.67629,0.00000,
3.34,1,2.96370,-2.50432,-0.00363,-0.00090,-0.00000,0.46482,
3.34,2,1.97214,-2.50057,-0.00319,0.25447,-0.00111,0.00844,0.03145
3.36,0,4.41602,-2.28036,1.22914,0.48190,0.65108,0.00000,
3.36,1,2.96368,-2.50432,-0.00363,-0.00089,-0.00000,0.46950,
3.36,2,1.97721,-2.50059,-0.00321,0.25195,-0.00107,0.01352,0.03143
3.38,0,4.41926,-2.27127,1.24190,0.48248,0.62683,0.00000,
3.38,1,2.96367,-2.50432,-0.00363,-0.00089,0.00000,0.47413,
3.38,2,1.98220,-2.50060,-0.00323,0.24772,-0.00102,0.01853,0.03141
3.4,0,4.42237,-2.26214,1.25418,0.48299,0.60386,0.00000,
3.4,1,2.96365,-2.50432,-0.00363,-0.00090,0.00000,0.47869,
3.4,2,1.98711,-2.50062,-0.00325,0.24353,-0.00099,0.02346,0.03140
3.42,0,4.42538,-2.25295,1.26601,0.48344,0.58168,0.00000,
3.42,1,2.96363,-2.50432,-0.00363,-0.00090,-0.00000,0.48321,
3.42,2,1.99159,-2.50063,-0.00328,0.20431,-0.00180,0.02795,0.03138
3.44,0,4.42829,-2.24372,1.27741,0.48385,0.56021,0.00000,
3.44,1,2.96361,-2.50432,-0.00363,-0.00089,-0.00000,0.48768,
3.44,2,1.99583,-2.50065,-0.00330,0.21624,-0.00061,0.03221,0.03136
3.46,0,4.43109,-2.23446,1.28838,0.48424,0.53957,0.00000,
3.46,1,2.96360,-2.50432,-0.00363,-0.00089,-0.00000,0.49210,
3.46,2,2.00014,-2.50066,-0.00331,0.21350,-0.00065,0.03654,0.03134
3.48,0,4.43379,-2.22515,1.29895,0.48460,0.51972,0.00000,
3.48,1,2.96358,-2.50432,-0.00363,-0.00089,0.00000,0.49648,
3.48,2,2.00433,-2.50068,-0.00333,0.20588,-0.00089,0.04074,0.03133
3.5,0,4.43639,-2.21581,1.30914,0.48494,0.50060,0.00000,
3.5,1,2.96356,-2.50432,-0.00363,-0.00089,0.00000,0.50082,
3.5,2,2.00839,-2.50069,-0.00334,0.20187,-0.00085,0.04483,0.03131
3.52,0,4.43890,-2.20644,1.31895,0.48525,0.48220,0.00000,
3.52,1,2.96354,-2.50431,-0.00363,-0.00089,0.00000,0.50513,
3.52,2,2.01232,-2.50070,-0.00336,0.20138,-0.00068,0.04877,0.03129
3.54,0,4.44132,-2.19704,1.32840,0.48553,0.46450,0.00000,
3.54,1,2.96352,-2.50431,-0.00363,-0.00089,-0.00000,0.50941,
3.54,2,2.01654,-2.50072,-0.00337,0.21441,-0.00086,0.05301,0.03127
3.56,0,4.44364,-2.18770,1.33785,0.48551,0.46269,0.00000,
3.56,1,2.96351,-2.50431,-0.00363,-0.00089,-0.00000,0.51362,
3.56,2,2.02075,-2.50073,-0.00339,0.20621,-0.00074,0.05724,0.03125
3.58,0,4.44595,-2.17801,1.34651,0.50460,0.41662,0.00000,
3.58,1,2.96349,-2.50431,-0.00363,-0.00089,0.00000,0.51794,
3.58,2,2.02477,-2.50075,-0.00340,0.19750,-0.00067,0.06128,0.03124
3.6,0,4.44819,-2.16818,1.35475,0.50236,0.41033,0.00000,
3.6,1,2.96347,-2.50431,-0.00363,-0.00089,0.00000,0.52230,
3.6,2,2.02869,-2.50076,-0.00342,0.19508,-0.00066,0.06521,0.03122
3.62,0,4.45033,-2.15843,1.36288,0.49642,0.40191,0.00000,
3.62,1,2.96838,-2.50431,-0.00360,0.28549,0.00296,0.52178,0.00998
3.62,2,2.03321,-2.50077,-0.00343,0.31063,-0.00120,0.06483,0.00322
3.64,0,4.45237,-2.14873,1.37074,0.49568,0.38537,0.00000,
3.64,1,2.97281,-2.50431,-0.00350,0.19321,0.00596,0.52169,0.01989
3.64,2,2.03961,-2.50080,-0.00345,0.29094,-0.00013,0.06679,0.00766
3.66,0,4.45435,-2.13900,1.37827,0.49739,0.36954,0.00000,
3.66,1,2.97661,-2.50431,-0.00338,0.17226,0.00654,0.52222,0.02982
3.66,2,2.04520,-2.50082,-0.00346,0.26201,-0.00118,0.06858,0.01146
3.68,0,4.45625,-2.12922,1.38551,0.49824,0.35601,0.00000,
3.68,1,2.98257,-2.50424,0.00297,0.48714,0.50840,0.52065,0.03978
3.68,2,2.04941,-2.50083,-0.00350,0.13744,-0.00348,0.06683,0.01742
3.7,0,4.45809,-2.11943,1.39249,0.49814,0.34296,0.00000,
3.7,1,2.99556,-2.50416,0.01273,0.73811,0.26799,0.51229,0.04974
3.7,2,2.05206,-2.50084,-0.00354,0.15348,-0.00009,0.05650,0.03040
3.72,0,4.45985,-2.10963,1.39920,0.49802,0.33002,0.00000,
3.72,1,3.00979,-2.50408,0.01628,0.66422,0.16717,0.50276,0.05970
3.72,2,2.05539,-2.50086,-0.00353,0.15959,0.00071,0.04560,0.04463
3.74,0,4.46151,-2.10047,1.40520,0.47018,0.32176,0.00000,
3.74,1,3.02345,-2.50360,0.02346,0.71119,0.58816,0.49350,0.06901
3.74,2,2.05835,-2.50087,-0.00352,0.16840,-0.00014,0.03489,0.05830
3.76,0,4.46309,-2.09111,1.41171,0.47721,0.31878,0.00000,
3.76,1,3.03827,-2.50306,0.03563,0.73766,0.56970,0.48318,0.07850
3.76,2,2.06264,-2.50088,-0.00354,0.23470,-0.00132,0.02436,0.07313
3.78,0,4.46461,-2.08168,1.41775,0.47639,0.29015,0.00000,
3.78,1,3.05352,-2.50257,0.04497,0.77377,0.39692,0.47252,0.08804
3.78,2,2.06714,-2.50090,-0.00356,0.21055,-0.00061,0.01362,0.08838
3.8,0,4.46605,-2.07250,1.42386,0.47617,0.29223,0.00000,
3.8,1,3.06858,-2.50197,0.05263,0.78036,0.39163,0.46197,0.09733
3.8,2,2.07101,-2.50091,-0.00357,0.18352,-0.00032,0.00243,0.10345
3.82,0,4.46752,-2.06259,1.42919,0.51319,0.25591,0.00000,
3.82,1,3.08466,-2.50115,0.06053,0.81461,0.39239,0.45074,0.10734
3.82,2,2.07453,-2.50093,-0.00358,0.14790,-0.00141,0.01012,0.11954
3.84,0,4.46897,-2.05245,1.43433,0.50765,0.25949,0.00000,
3.84,1,3.10081,-2.50018,0.06817,0.80151,0.37259,0.43955,0.11757
3.84,2,2.07732,-2.50094,-0.00360,0.15155,-0.00018,0.02349,0.13572
3.86,0,4.47033,-2.04254,1.43951,0.49540,0.25589,0.00000,
3.86,1,3.11663,-2.49910,0.07545,0.78755,0.35956,0.42862,0.12757
3.86,2,2.08047,-2.50095,-0.00360,0.15788,-0.00002,0.03616,0.15156
3.88,0,4.47162,-2.03275,1.44450,0.49373,0.24389,0.00000,
3.88,1,3.13232,-2.49792,0.08258,0.78756,0.35330,0.41778,0.13744
3.88,2,2.08350,-2.50096,-0.00360,0.13999,-0.00027,0.04882,0.16729
3.9,0,4.47287,-2.02292,1.44925,0.49691,0.23349,0.00000,
3.9,1,3.14807,-2.49661,0.08955,0.79191,0.34428,0.40694,0.14734
3.9,2,2.08628,-2.50097,-0.00361,0.15633,-0.00054,0.06180,0.18307
3.92,0,4.47407,-2.01304,1.45383,0.49834,0.22529,0.00000,
3.92,1,3.16386,-2.49519,0.09631,0.79336,0.33321,0.39611,0.15728
3.92,2,2.08967,-2.50098,-0.00362,0.17314,-0.00060,0.07421,0.19892
3.94,0,4.47524,-2.00314,1.45825,0.49787,0.21713,0.00000,
3.94,1,3.17965,-2.49367,0.10286,0.79268,0.32287,0.38534,0.16724
3.94,2,2.09299,-2.50099,-0.00363,0.15946,-0.00035,0.08668,0.21476
3.96,0,4.47635,-1.99325,1.46250,0.49739,0.20888,0.00000,
3.96,1,3.19541,-2.49204,0.10921,0.79225,0.31338,0.37463,0.17718
3.96,2,2.09605,-2.50100,-0.00363,0.14953,-0.00031,0.09939,0.23058
3.98,0,4.47743,-1.98336,1.46659,0.49744,0.20099,0.00000,
3.98,1,3.21073,-2.49033,0.11585,0.73935,0.35257,0.36438,0.18711
3.98,2,2.09903,-2.50101,-0.00364,0.14932,-0.00035,0.11174,0.24597
4.0,0,4.47846,-1.97347,1.47053,0.49765,0.19348,0.00000,
4.0,1,3.22560,-2.48856,0.12207,0.75651,0.28390,0.35462,0.19705
4.0,2,2.10203,-2.50103,-0.00365,0.14964,-0.00034,0.12364,0.26092
4.02,0,4.47946,-1.96356,1.47432,0.49774,0.18626,0.00000,
4.02,1,3.24007,-2.48683,0.15590,0.73417,2.11030,0.34532,0.00995
4.02,2,2.10500,-2.50104,-0.00365,0.14721,-0.00032,0.13516,0.27547
4.04,0,4.48042,-1.95365,1.47796,0.49775,0.17928,0.00000,
4.04,1,3.25436,-2.48466,0.18456,0.74215,0.75292,0.33611,0.01991
4.04,2,2.10791,-2.50105,-0.00366,0.14420,-0.00031,0.14657,0.28987
4.06,0,4.48134,-1.94389,1.48137,0.46073,0.14652,0.00000,
4.06,1,3.26995,-2.48190,0.19051,0.81683,0.13591,0.32549,0.02971
4.06,2,2.11077,-2.50106,-0.00367,0.14195,-0.00030,0.15935,0.30562
4.08,0,4.48220,-1.93460,1.48461,0.47155,0.17195,0.00000,
4.08,1,3.28595,-2.47883,0.19556,0.80549,0.38024,0.31423,0.03904
4.08,2,2.11358,-2.50107,-0.00367,0.14003,-0.00029,0.17258,0.32181
4.1,0,4.48303,-1.92513,1.48802,0.47685,0.16521,0.00000,
4.1,1,3.30149,-2.47573,0.20492,0.78420,0.49368,0.30353,0.04855
4.1,2,2.11636,-2.50108,-0.00368,0.13798,-0.00028,0.18540,0.33755
4.12,0,4.48382,-1.91574,1.49124,0.44291,0.17872,0.00000,
4.12,1,3.31646,-2.47260,0.22257,0.75870,0.99361,0.29337,0.00942
4.12,2,2.11875,-2.50109,-0.00369,0.11946,-0.00026,0.19805,0.35273
4.14,0,4.48458,-1.90622,1.49433,0.50156,0.14048,0.00000,
4.14,1,3.33155,-2.46919,0.23661,0.78652,0.45924,0.28313,0.01897
4.14,2,2.12119,-2.50110,-0.00369,0.12288,-0.00005,0.21078,0.36807
4.16,0,4.48536,-1.89601,1.49707,0.51409,0.13692,0.00000,
4.16,1,3.34678,-2.46553,0.24339,0.75897,0.31789,0.27308,0.02922
4.16,2,2.12361,-2.50110,-0.00369,0.11899,-0.00024,0.22369,0.38359
4.18,0,4.48611,-1.88590,1.49984,0.50042,0.13869,0.00000,
4.18,1,3.36001,-2.46214,0.25219,0.55845,0.70221,0.26497,0.03936
4.18,2,2.12594,-2.50111,-0.00370,0.11530,-0.00028,0.23468,0.39710
4.2,0,4.48681,-1.87601,1.50256,0.49298,0.13345,0.00000,
4.2,1,3.37075,-2.45901,0.26502,0.56338,0.57521,0.25916,0.04926
4.2,2,2.12823,-2.50112,-0.00370,0.11385,-0.00023,0.24323,0.40812
4.22,0,4.48749,-1.86616,1.50516,0.49494,0.12703,0.00000,
4.22,1,3.38195,-2.45592,0.27325,0.59373,0.31202,0.25301,0.05914
4.22,2,2.13050,-2.50113,-0.00371,0.11275,-0.00021,0.25227,0.41960
4.24,0,4.48814,-1.85625,1.50764,0.49767,0.12230,0.00000,
4.24,1,3.39313,-2.45268,0.27836,0.62174,0.33847,0.24690,0.06907
4.24,2,2.13274,-2.50114,-0.00371,0.11107,-0.00021,0.26133,0.43108
4.26,0,4.48877,-1.84631,1.51004,0.49788,0.11804,0.00000,
4.26,1,3.40548,-2.44912,0.28618,0.64438,0.40236,0.23971,0.07903
4.26,2,2.13494,-2.50115,-0.00372,0.10921,-0.00020,0.27161,0.44377
4.28,0,4.48937,-1.83638,1.51235,0.49715,0.11363,0.00000,
4.28,1,3.41748,-2.44559,0.29368,0.60746,0.34961,0.23292,0.08897
4.28,2,2.13710,-2.50115,-0.00372,0.10753,-0.00019,0.28158,0.45612
4.3,0,4.48995,-1.82646,1.51458,0.49691,0.10930,0.00000,
4.3,1,3.42881,-2.44217,0.30030,0.58380,0.32264,0.22683,0.09891
4.3,2,2.13924,-2.50116,-0.00372,0.10596,-0.00019,0.29093,0.46780
4.32,0,4.49051,-1.81654,1.51672,0.49707,0.10522,0.00000,
4.32,1,3.43942,-2.43879,0.30783,0.54955,0.35541,0.22147,0.10885
4.32,2,2.14134,-2.50117,-0.00373,0.10438,-0.00018,0.29958,0.47877
4.34,0,4.49105,-1.80661,1.51878,0.49720,0.10130,0.00000,
4.34,1,3.45000,-2.43539,0.31389,0.55845,0.27904,0.21620,0.11879
4.34,2,2.14341,-2.50118,-0.00373,0.10280,-0.00017,0.30825,0.48972
4.36,0,4.49156,-1.79668,1.52076,0.49720,0.09751,0.00000,
4.36,1,3.46054,-2.43196,0.31952,0.54874,0.28841,0.21102,0.12874
4.36,2,2.14545,-2.50119,-0.00373,0.10124,-0.00017,0.31692,0.50064
4.38,0,4.49206,-1.78675,1.52267,0.49718,0.09387,0.00000,
4.38,1,3.47038,-2.42861,0.32639,0.50825,0.32230,0.20658,0.13868
4.38,2,2.14745,-2.50119,-0.00374,0.09972,-0.00016,0.32491,0.51086
4.4,0,4.49254,-1.77681,1.52451,0.49718,0.09036,0.00000,
4.4,1,3.48003,-2.42532,0.33181,0.51009,0.24816,0.20239,0.14862
4.4,2,2.14943,-2.50120,-0.00374,0.09822,-0.00015,0.33276,0.52090
4.42,0,4.49300,-1.76688,1.52628,0.49720,0.08698,0.00000,
4.42,1,3.49193,-2.42144,0.32894,0.62200,-0.39162,0.19607,0.00994
4.42,2,2.15138,-2.50121,-0.00374,0.09674,-0.00015,0.34292,0.53326
4.44,0,4.49344,-1.75695,1.52799,0.49721,0.08373,0.00000,
4.44,1,3.50313,-2.41730,0.32177,0.59552,-0.32348,0.19029,0.01989
4.44,2,2.15330,-2.50122,-0.00375,0.09528,-0.00014,0.35244,0.54497
4.46,0,4.49387,-1.74701,1.52963,0.49722,0.08060,0.00000,
4.46,1,3.51442,-2.41342,0.32393,0.59857,0.47901,0.18466,0.02983
4.46,2,2.15519,-2.50122,-0.00375,0.09385,-0.00014,0.36206,0.55674
4.48,0,4.49428,-1.73707,1.53120,0.49722,0.07759,0.00000,
4.48,1,3.52478,-2.40975,0.33873,0.55179,0.69700,0.18001,0.03978
4.48,2,2.15705,-2.50123,-0.00375,0.09243,-0.00013,0.37079,0.56756
4.5,0,4.49467,-1.72714,1.53272,0.49723,0.07469,0.00000,
4.5,1,3.53533,-2.40601,0.34959,0.56085,0.44925,0.17524,0.04972
4.5,2,2.15888,-2.50124,-0.00376,0.09104,-0.00013,0.37974,0.57859
4.52,0,4.49505,-1.71749,1.53411,0.46177,0.06397,0.00000,
4.52,1,3.54718,-2.40156,0.36535,0.61875,0.73687,0.16893,0.00965
4.52,2,2.16069,-2.50124,-0.00376,0.08967,-0.00012,0.39007,0.59102
4.54,0,4.49540,-1.70814,1.53551,0.47277,0.07282,0.00000,
4.54,1,3.55884,-2.39695,0.37687,0.62239,0.49363,0.16258,0.01901
4.54,2,2.16247,-2.50125,-0.00376,0.08832,-0.00012,0.40027,0.60332
4.56,0,4.49574,-1.69864,1.53692,0.47623,0.06789,0.00000,
4.56,1,3.57006,-2.39247,0.38609,0.58924,0.45655,0.15684,0.02852
4.56,2,2.16392,-2.50126,-0.00377,0.07189,-0.00013,0.41035,0.61516
4.58,0,4.49605,-1.68937,1.53831,0.46921,0.06706,0.00000,
4.58,1,3.57955,-2.38837,0.39780,0.49225,0.58930,0.15265,0.03780
4.58,2,2.16541,-2.50126,-0.00377,0.07587,0.00009,0.41863,0.62523
4.6,0,4.49638,-1.67943,1.53952,0.51228,0.05767,0.00000,
4.6,1,3.58871,-2.38437,0.40836,0.50738,0.46732,0.14927,0.04774
4.6,2,2.16690,-2.50127,-0.00377,0.07304,-0.00009,0.42660,0.63498
4.62,0,4.49670,-1.66917,1.54067,0.50898,0.05863,0.00000,
4.62,1,3.59798,-2.38034,0.41664,0.47810,0.31139,0.14606,0.05800
4.62,2,2.16845,-2.50127,-0.00375,0.17442,0.00454,0.43463,
4.64,0,4.49700,-1.65916,1.54185,0.49543,0.05808,0.00000,
4.64,1,3.60720,-2.37618,0.42442,0.53565,0.47269,0.14275,0.06802
4.64,2,2.17274,-2.50128,-0.00364,0.21419,0.00539,0.43990,
4.66,0,4.49729,-1.64930,1.54298,0.49264,0.05532,0.00000,
4.66,1,3.61712,-2.37168,0.43404,0.54183,0.46298,0.13865,0.07788
4.66,2,2.17575,-2.50128,-0.00351,0.12229,0.00468,0.44719,
4.68,0,4.49756,-1.63942,1.54406,0.49583,0.05291,0.00000,
4.68,1,3.62666,-2.36726,0.44259,0.51264,0.40362,0.13500,0.08777
4.68,2,2.17750,-2.50129,-0.00348,0.06103,-0.00015,0.45535,
4.7,0,4.49783,-1.62948,1.54510,0.49753,0.05106,0.00000,
4.7,1,3.63574,-2.36296,0.45045,0.49680,0.38990,0.13189,0.09771
4.7,2,2.17815,-2.50130,-0.00349,0.00865,-0.00031,0.46414,
4.72,0,4.49808,-1.61954,1.54610,0.49708,0.04924,0.00000,
4.72,1,3.64376,-2.35897,0.45952,0.45103,0.39629,0.12987,0.10765
4.72,2,2.17808,-2.50130,-0.00349,-0.00931,-0.00023,0.47258,
4.74,0,4.49833,-1.60961,1.54706,0.49645,0.04737,0.00000,
4.74,1,3.65193,-2.35490,0.46660,0.45751,0.33730,0.12776,0.11759
4.74,2,2.17779,-2.50130,-0.00350,-0.01791,-0.00026,0.48139,
4.76,0,4.49856,-1.59968,1.54799,0.49642,0.04559,0.00000,
4.76,1,3.66002,-2.35081,0.47343,0.44816,0.34737,0.12577,0.12751
4.76,2,2.17743,-2.50129,-0.00350,-0.01671,-0.00008,0.49021,
4.78,0,4.49879,-1.58976,1.54888,0.49659,0.04389,0.00000,
4.78,1,3.66773,-2.34683,0.47962,0.44072,0.32790,0.12420,0.13744
4.78,2,2.17715,-2.50129,-0.00350,-0.01154,0.00003,0.49856,
4.8,0,4.49901,-1.57983,1.54974,0.49665,0.04226,0.00000,
4.8,1,3.67584,-2.34260,0.48689,0.46397,0.37037,0.12224,0.14738
4.8,2,2.17694,-2.50129,-0.00350,-0.01045,0.00003,0.50728,
4.82,0,4.49922,-1.56989,1.55057,0.49662,0.04068,0.00000,
4.82,1,3.68394,-2.33832,0.49386,0.45011,0.32846,0.12033,0.15731
4.82,2,2.17672,-2.50129,-0.00350,-0.01165,0.00000,0.51601,
4.84,0,4.49942,-1.55996,1.55137,0.49660,0.03916,0.00000,
4.84,1,3.69169,-2.33414,0.50012,0.43321,0.30527,0.11883,0.16724
4.84,2,2.17648,-2.50129,-0.00350,-0.01231,-0.00000,0.52440,
4.86,0,4.49961,-1.55003,1.55213,0.49660,0.03770,0.00000,
4.86,1,3.69922,-2.33003,0.50618,0.42705,0.30127,0.11759,0.17717
4.86,2,2.17624,-2.50129,-0.00350,-0.00874,0.00000,0.53258,
4.88,0,4.49980,-1.54010,1.55287,0.49661,0.03630,0.00000,
4.88,1,3.70606,-2.32616,0.51300,0.38393,0.31649,0.11709,0.18710
4.88,2,2.17618,-2.50129,-0.00350,0.00019,0.00000,0.53987,
4.9,0,4.49997,-1.53017,1.55358,0.49662,0.03495,0.00000,
4.9,1,3.71279,-2.32235,0.51849,0.38763,0.25457,0.11678,0.19704
4.9,2,2.17621,-2.50129,-0.00350,0.00198,0.00000,0.54697,
4.92,0,4.50015,-1.52024,1.55427,0.49662,0.03364,0.00000,
4.92,1,3.71947,-2.31853,0.52360,0.38122,0.26024,0.11656,0.20697
4.92,2,2.17776,-2.50129,-0.00349,0.31452,0.00166,0.55251,0.00383
4.94,0,4.50031,-1.51031,1.55493,0.49662,0.03239,0.00000,
4.94,1,3.72593,-2.31479,0.52859,0.35265,0.17308,0.11662,0.21690
4.94,2,2.18286,-2.50129,-0.00342,0.24906,0.00380,0.55430,0.01129
4.96,0,4.50047,-1.50038,1.55556,0.49662,0.03118,0.00000,
4.96,1,3.73238,-2.31101,0.53340,0.38752,0.27822,0.11673,0.22683
4.96,2,2.18749,-2.50129,-0.00333,0.19273,0.00545,0.55656,0.01876
4.98,0,4.50062,-1.49045,1.55617,0.49662,0.03002,0.00000,
4.98,1,3.73910,-2.30704,0.53895,0.38816,0.26503,0.11657,0.23676
4.98,2,2.19090,-2.50129,-0.00307,0.20817,0.04177,0.56035,0.02658
5.0,0,4.50076,-1.48052,1.55676,0.49662,0.02890,0.00000,
5.0,1,3.74561,-2.30315,0.54384,0.37152,0.23136,0.11668,0.24670
5.0,2,2.19960,-2.50129,0.00019,0.59224,0.24213,0.55866,0.03416
5.02,0,4.50090,-1.47059,1.55733,0.49662,0.02783,0.00000,
5.02,1,3.75187,-2.29937,0.54835,0.36213,0.22371,0.11711,0.25663
5.02,2,2.21377,-2.50127,0.00455,0.72661,0.16093,0.55129,0.04146
5.04,0,4.50104,-1.46065,1.55787,0.49662,0.02679,0.00000,
5.04,1,3.75802,-2.29561,0.55281,0.35930,0.22153,0.11769,0.26656
5.04,2,2.22777,-2.50125,0.00775,0.69963,0.15985,0.54400,0.04867
5.06,0,4.50116,-1.45072,1.55840,0.49662,0.02579,0.00000,
5.06,1,3.76380,-2.29201,0.55763,0.31921,0.25083,0.11869,0.27649
5.06,2,2.24169,-2.50118,0.01107,0.74661,0.18538,0.53641,0.05548
5.08,0,4.50129,-1.44079,1.55890,0.49662,0.02483,0.00000,
5.08,1,3.76923,-2.28860,0.56183,0.32150,0.18719,0.12013,0.28642
5.08,2,2.25779,-2.50100,0.01543,0.83626,0.23510,0.52629,0.06189
5.1,0,4.50141,-1.43108,1.55937,0.46026,0.02099,0.00000,
5.1,1,3.77464,-2.28518,0.56550,0.31801,0.18604,0.12146,0.29613
5.1,2,2.27454,-2.50073,0.02018,0.82897,0.23560,0.51551,0.06829
5.12,0,4.50152,-1.42176,1.55983,0.47133,0.02402,0.00000,
5.12,1,3.77995,-2.28181,0.56931,0.31125,0.19233,0.12265,0.30546
5.12,2,2.29019,-2.50040,0.02642,0.74208,0.50832,0.50571,0.00313
5.14,0,4.50162,-1.41227,1.56030,0.47570,0.02267,0.00000,
5.14,1,3.78510,-2.27851,0.57285,0.29039,0.10687,0.12419,0.31495
5.14,2,2.30513,-2.49999,0.03640,0.75648,0.39010,0.49644,0.00924
5.16,0,4.50172,-1.40300,1.56076,0.46890,0.02224,0.00000,
5.16,1,3.79025,-2.27517,0.57613,0.31845,0.19722,0.12555,0.32422
5.16,2,2.32047,-2.49945,0.04126,0.77344,0.16418,0.48680,0.01538
5.18,0,4.50182,-1.39306,1.56116,0.51198,0.01924,0.00000,
5.18,1,3.79563,-2.27168,0.58010,0.31826,0.18922,0.12724,0.33416
5.18,2,2.33563,-2.49882,0.04447,0.74174,0.17795,0.47756,0.02180
5.2,0,4.50192,-1.38281,1.56155,0.50851,0.01952,0.00000,
5.2,1,3.80083,-2.26827,0.58355,0.30462,0.16181,0.12941,0.34441
5.2,2,2.35136,-2.49811,0.04879,0.81586,0.23384,0.46758,0.02801
5.22,0,4.50201,-1.37280,1.56194,0.49491,0.01931,0.00000,
5.22,1,3.80583,-2.26497,0.58670,0.29715,0.15599,0.13165,0.35442
5.22,2,2.36784,-2.49730,0.05335,0.82423,0.21793,0.45664,0.03401
5.24,0,4.50210,-1.36295,1.56231,0.49214,0.01841,0.00000,
5.24,1,3.81076,-2.26169,0.58982,0.29484,0.15519,0.13388,0.36426
5.24,2,2.38409,-2.49644,0.05747,0.80473,0.19885,0.44585,0.03992
5.26,0,4.50218,-1.35307,1.56267,0.49536,0.01761,0.00000,
5.26,1,3.81563,-2.25843,0.59287,0.29164,0.14999,0.13623,0.37414
5.26,2,2.39984,-2.49553,0.06140,0.76060,0.19590,0.43551,0.04579
5.28,0,4.50226,-1.34314,1.56302,0.49706,0.01700,0.00000,
5.28,1,3.81999,-2.25547,0.59620,0.25909,0.14525,0.13923,0.38407
5.28,2,2.41269,-2.49465,0.06570,0.63220,0.16800,0.42747,0.05105
5.3,0,4.50234,-1.33321,1.56335,0.49659,0.01639,0.00000,
5.3,1,3.82428,-2.25255,0.59877,0.25912,0.12365,0.14235,0.39401
5.3,2,2.42521,-2.49379,0.06860,0.62320,0.14903,0.41972,0.05624
5.32,0,4.50241,-1.32328,1.56367,0.49596,0.01577,0.00000,
5.32,1,3.83140,-2.24773,0.60415,0.46319,0.13549,0.14231,0.00992
5.32,2,2.43754,-2.49297,0.07200,0.61314,0.18209,0.41528,0.06484
5.34,0,4.50248,-1.31336,1.56398,0.49593,0.01518,0.00000,
5.34,1,3.83799,-2.24288,0.60404,0.39812,-0.03152,0.14261,0.01984
5.34,2,2.44961,-2.49211,0.07562,0.58183,0.16899,0.41057,0.07301
5.36,0,4.50255,-1.30344,1.56428,0.49610,0.01462,0.00000,
5.36,1,3.84434,-2.23816,0.60333,0.39477,0.00027,0.14321,0.02976
5.36,2,2.46156,-2.49120,0.07897,0.61050,0.16620,0.40574,0.08092
5.38,0,4.50262,-1.29352,1.56456,0.49616,0.01408,0.00000,
5.38,1,3.85220,-2.23262,0.61330,0.54226,0.82977,0.14234,0.03969
5.38,2,2.47376,-2.49024,0.08224,0.60814,0.16078,0.40231,0.09053
5.4,0,4.50268,-1.28360,1.56484,0.49612,0.01355,0.00000,
5.4,1,3.86108,-2.22633,0.63083,0.54780,0.81780,0.14035,0.04961
5.4,2,2.48567,-2.48925,0.08539,0.58903,0.15459,0.40032,0.10141
5.42,0,4.50274,-1.27368,1.56511,0.49610,0.01305,0.00000,
5.42,1,3.86965,-2.22010,0.64470,0.51183,0.62124,0.13865,0.05953
5.42,2,2.49783,-2.48826,0.08990,0.63860,0.50643,0.39778,0.00520
5.44,0,4.50279,-1.26375,1.56536,0.49610,0.01256,0.00000,
5.44,1,3.87759,-2.21416,0.65675,0.48699,0.60326,0.13761,0.06945
5.44,2,2.51093,-2.48710,0.10226,0.69327,0.50486,0.39364,0.01511
5.46,0,4.50285,-1.25383,1.56561,0.49611,0.01210,0.00000,
5.46,1,3.88527,-2.20825,0.66898,0.48510,0.61458,0.13680,0.07937
5.46,2,2.52564,-2.48561,0.10739,0.76684,0.10640,0.38763,0.02481
5.48,0,4.50290,-1.24391,1.56584,0.49611,0.01165,0.00000,
5.48,1,3.89289,-2.20223,0.68111,0.48466,0.59606,0.13599,0.08930
5.48,2,2.54070,-2.48395,0.10895,0.79540,0.13090,0.38122,0.03452
5.5,0,4.50295,-1.23399,1.56607,0.49611,0.01122,0.00000,
5.5,1,3.90036,-2.19617,0.69276,0.47746,0.57209,0.13530,0.09922
5.5,2,2.55670,-2.48216,0.11251,0.80340,0.19606,0.37376,0.04414
5.52,0,4.50300,-1.22407,1.56629,0.49611,0.01080,0.00000,
5.52,1,3.90764,-2.19013,0.70398,0.46866,0.55315,0.13478,0.10914
5.52,2,2.57295,-2.48030,0.11651,0.82282,0.19151,0.36586,0.05358
5.54,0,4.50304,-1.21414,1.56650,0.49611,0.01040,0.00000,
5.54,1,3.91440,-2.18442,0.71456,0.44100,0.52900,0.13487,0.11906
5.54,2,2.58921,-2.47839,0.11999,0.81290,0.16268,0.35741,0.06243
5.56,0,4.50308,-1.20422,1.56671,0.49611,0.01001,0.00000,
5.56,1,3.92105,-2.17867,0.72509,0.43849,0.51996,0.13503,0.12899
5.56,2,2.60524,-2.47646,0.12318,0.80399,0.15919,0.34909,0.07122
5.58,0,4.50312,-1.19430,1.56690,0.49611,0.00964,0.00000,
5.58,1,3.92757,-2.17289,0.73523,0.43240,0.49660,0.13530,0.13891
5.58,2,2.62073,-2.47450,0.12687,0.74925,0.21060,0.34119,0.07992
5.6,0,4.50316,-1.18438,1.56709,0.49611,0.00928,0.00000,
5.6,1,3.93393,-2.16715,0.74497,0.42489,0.48055,0.13572,0.14883
5.6,2,2.63581,-2.47253,0.13025,0.76911,0.14159,0.33355,0.08847
5.62,0,4.50320,-1.17446,1.56727,0.49611,0.00894,0.00000,
5.62,1,3.94086,-2.16105,0.76643,0.46395,1.32013,0.13561,0.00992
5.62,2,2.65117,-2.47051,0.13291,0.77651,0.13358,0.32629,0.09770
5.64,0,4.50323,-1.16453,1.56745,0.49611,0.00861,0.00000,
5.64,1,3.94739,-2.15460,0.79108,0.45611,1.05449,0.13543,0.01984
5.64,2,2.66629,-2.46845,0.13547,0.73354,0.10550,0.31898,0.10684
5.66,0,4.50327,-1.15461,1.56762,0.49611,0.00829,0.00000,
5.66,1,3.95396,-2.14795,0.80362,0.48432,0.36982,0.13510,0.02977
5.66,2,2.68130,-2.46636,0.13835,0.75344,0.16066,0.31189,0.11616
5.68,0,4.50330,-1.14469,1.56778,0.49611,0.00798,0.00000,
5.68,1,3.96139,-2.14036,0.81129,0.55277,0.44239,0.13359,0.03969
5.68,2,2.69491,-2.46437,0.14233,0.60729,0.25901,0.30727,0.12674
5.7,0,4.50333,-1.13477,1.56794,0.49611,0.00768,0.00000,
5.7,1,3.96894,-2.13249,0.82161,0.53192,0.55080,0.13182,0.04961
5.7,2,2.70693,-2.46250,0.14629,0.61209,0.15133,0.30444,0.13760
5.72,0,4.50336,-1.12484,1.56809,0.49611,0.00740,0.00000,
5.72,1,3.97596,-2.12498,0.83230,0.50192,0.50891,0.13067,0.05953
5.72,2,2.71913,-2.46069,0.14853,0.61778,0.09595,0.30089,0.14783
5.74,0,4.50338,-1.11492,1.56823,0.49611,0.00712,0.00000,
5.74,1,3.98262,-2.11769,0.84180,0.46954,0.41657,0.12993,0.06946
5.74,2,2.73125,-2.45889,0.15058,0.60674,0.11032,0.29705,0.15766
5.76,0,4.50341,-1.10500,1.56837,0.49611,0.00686,0.00000,
5.76,1,3.98892,-2.11071,0.85051,0.47136,0.45487,0.12967,0.07938
5.76,2,2.74309,-2.45710,0.15291,0.59253,0.11835,0.29309,0.16701
5.78,0,4.50343,-1.09508,1.56851,0.49611,0.00661,0.00000,
5.78,1,3.99515,-2.10364,0.85967,0.46965,0.45049,0.12940,0.08930
5.78,2,2.75470,-2.45531,0.15520,0.58331,0.11116,0.28934,0.17638
5.8,0,4.50346,-1.08516,1.56863,0.49611,0.00636,0.00000,
5.8,1,4.00121,-2.09663,0.86823,0.43884,0.36693,0.12931,0.09922
5.8,2,2.76614,-2.45352,0.15735,0.57604,0.10488,0.28559,0.18558
5.82,0,4.50348,-1.07523,1.56876,0.49611,0.00613,0.00000,
5.82,1,4.00745,-2.08971,0.86849,0.46164,-0.18350,0.12925,0.00992
5.82,2,2.77743,-2.45173,0.15942,0.56774,0.10211,0.28218,0.19487
5.84,0,4.50350,-1.06531,1.56888,0.49611,0.00590,0.00000,
5.84,1,4.01360,-2.08258,0.86689,0.48866,0.11483,0.12909,0.01984
5.84,2,2.78838,-2.44994,0.16168,0.51825,0.15965,0.27911,0.20424
5.86,0,4.50352,-1.05606,1.56899,0.46774,0.00576,0.00000,
5.86,1,4.01928,-2.07588,0.88422,0.37234,1.61285,0.12895,0.02910
5.86,2,2.79867,-2.44821,0.16404,0.52541,0.08802,0.27613,0.21297
5.88,0,4.50353,-1.04661,1.56911,0.47494,0.00561,0.00000,
5.88,1,4.02415,-2.06995,0.91731,0.39405,1.50871,0.13006,0.03855
5.88,2,2.80905,-2.44648,0.16557,0.52417,0.07593,0.27210,0.22060
5.9,0,4.50355,-1.03727,1.56921,0.44799,0.00566,0.00000,
5.9,1,4.02958,-2.06286,0.93350,0.49063,0.30195,0.12981,0.04789
5.9,2,2.81927,-2.44476,0.16723,0.51263,0.08853,0.26913,0.22943
5.92,0,4.50356,-1.02763,1.56932,0.50449,0.00488,0.00000,
5.92,1,4.03573,-2.05466,0.93610,0.51414,0.14395,0.12857,0.05753
5.92,2,2.83006,-2.44296,0.16916,0.58815,-0.19187,0.26665,0.00517
5.94,0,4.50358,-1.01738,1.56941,0.51223,0.00479,0.00000,
5.94,1,4.04159,-2.04675,0.94202,0.47575,0.40255,0.12829,0.06778
5.94,2,2.84159,-2.44097,0.16095,0.55319,-0.64548,0.26309,0.01502
5.96,0,4.50359,-1.00729,1.56951,0.49782,0.00474,0.00000,
5.96,1,4.04718,-2.03906,0.95074,0.47646,0.42840,0.12821,0.07787
5.96,2,2.85297,-2.43899,0.15236,0.62797,-0.03830,0.25940,0.02453
5.98,0,4.50361,-0.99742,1.56960,0.49154,0.00455,0.00000,
5.98,1,4.05272,-2.03130,0.95847,0.47489,0.35517,0.12792,0.08773
5.98,2,2.86659,-2.43676,0.15943,0.70652,0.51417,0.25352,0.03405
6.0,0,4.50362,-0.98757,1.56969,0.49401,0.00436,0.00000,
6.0,1,4.05813,-2.02360,0.96524,0.46598,0.33310,0.12775,0.09759
6.0,2,2.88059,-2.43445,0.16884,0.69743,0.39176,0.24715,0.04346
6.02,0,4.50363,-0.97766,1.56978,0.49653,0.00420,0.00000,
6.02,1,4.06337,-2.01603,0.97193,0.45705,0.33510,0.12784,0.10750
6.02,2,2.89380,-2.43220,0.17507,0.64982,0.27110,0.24141,0.05267
6.04,0,4.50364,-0.96773,1.56986,0.49651,0.00405,0.00000,
6.04,1,4.06848,-2.00854,0.97856,0.45062,0.32656,0.12812,0.11743
6.04,2,2.90627,-2.42999,0.18067,0.58562,0.37061,0.23627,0.06174
6.06,0,4.50365,-0.95780,1.56994,0.49576,0.00390,0.00000,
6.06,1,4.07329,-2.00153,0.98432,0.42420,0.32186,0.12898,0.12735
6.06,2,2.91769,-2.42779,0.18767,0.56261,0.35742,0.23170,0.07023
6.08,0,4.50366,-0.94789,1.57001,0.49557,0.00375,0.00000,
6.08,1,4.07799,-1.99449,0.99089,0.42227,0.32057,0.12985,0.13726
6.08,2,2.92899,-2.42557,0.19341,0.58297,0.24647,0.22720,0.07870
6.1,0,4.50366,-0.93798,1.57009,0.49573,0.00361,0.00000,
6.1,1,4.08258,-1.98749,0.99691,0.41532,0.28748,0.13083,0.14718
6.1,2,2.94038,-2.42332,0.19819,0.57428,0.24355,0.22253,0.08707
6.12,0,4.50367,-0.92806,1.57016,0.49583,0.00348,0.00000,
6.12,1,4.08785,-1.97935,1.01610,0.50003,1.31285,0.13053,0.00992
6.12,2,2.95133,-2.42109,0.20296,0.56431,0.25404,0.21934,0.09675
6.14,0,4.50368,-0.91815,1.57023,0.49581,0.00335,0.00000,
6.14,1,4.09309,-1.97087,1.03563,0.49993,0.53141,0.12996,0.01983
6.14,2,2.96245,-2.41877,0.20801,0.58346,0.26652,0.21613,0.10671
6.16,0,4.50368,-0.90823,1.57029,0.49578,0.00323,0.00000,
6.16,1,4.09817,-1.96259,1.04202,0.50670,0.17280,0.12965,0.02975
6.16,2,2.97387,-2.41636,0.21321,0.57834,0.24981,0.21242,0.11641
6.18,0,4.50369,-0.89832,1.57036,0.49577,0.00311,0.00000,
6.18,1,4.10368,-1.95327,1.04498,0.55417,0.20115,0.12824,0.03966
6.18,2,2.98493,-2.41397,0.21796,0.55530,0.23004,0.20990,0.12722
6.2,0,4.50369,-0.88840,1.57042,0.49578,0.00299,0.00000,
6.2,1,4.10912,-1.94389,1.05084,0.52722,0.34433,0.12683,0.04958
6.2,2,2.99554,-2.41160,0.22267,0.50380,0.31551,0.20782,0.13804
6.22,0,4.50370,-0.87848,1.57048,0.49579,0.00288,0.00000,
6.22,1,4.11414,-1.93530,1.05687,0.44750,0.17723,0.12633,0.05949
6.22,2,3.00486,-2.40933,0.22859,0.49069,0.21437,0.20631,0.14797
6.24,0,4.50370,-0.86857,1.57053,0.49578,0.00278,0.00000,
6.24,1,4.11869,-1.92751,1.06242,0.45692,0.33440,0.12676,0.06941
6.24,2,3.01456,-2.40704,0.23207,0.49985,0.16616,0.20376,0.15698
6.26,0,4.50370,-0.85865,1.57059,0.49578,0.00267,0.00000,
6.26,1,4.12321,-1.91945,1.06902,0.46317,0.30756,0.12698,0.07933
6.26,2,3.02401,-2.40478,0.23545,0.46218,0.14810,0.20157,0.16620
6.28,0,4.50370,-0.84874,1.57064,0.49578,0.00258,0.00000,
6.28,1,4.12763,-1.91142,1.07454,0.45328,0.25761,0.12726,0.08924
6.28,2,3.03352,-2.40248,0.23938,0.50579,0.21952,0.19926,0.17534
6.3,0,4.50371,-0.83882,1.57069,0.49578,0.00248,0.00000,
6.3,1,4.13189,-1.90357,1.07962,0.44162,0.25503,0.12780,0.09916
6.3,2,3.04338,-2.40007,0.24364,0.50235,0.20134,0.19640,0.18425
6.32,0,4.50371,-0.82891,1.57074,0.49578,0.00239,0.00000,
6.32,1,4.13599,-1.89592,1.08518,0.43576,0.27247,0.12859,0.10907
6.32,2,3.05289,-2.39771,0.24738,0.48043,0.17818,0.19370,0.19291
6.34,0,4.50371,-0.81899,1.57078,0.49578,0.00230,0.00000,
6.34,1,4.14013,-1.88808,1.09005,0.44521,0.22983,0.12923,0.11899
6.34,2,3.06207,-2.39539,0.25088,0.46952,0.17432,0.19146,0.20174
6.36,0,4.50371,-0.80907,1.57083,0.49578,0.00222,0.00000,
6.36,1,4.14421,-1.88027,1.09466,0.43512,0.23295,0.12991,0.12890
6.36,2,3.07106,-2.39307,0.25452,0.43253,0.25775,0.18938,0.21052
6.38,0,4.50371,-0.79916,1.57087,0.49578,0.00213,0.00000,
6.38,1,4.14813,-1.87266,1.09933,0.42335,0.23266,0.13086,0.13882
6.38,2,3.07949,-2.39081,0.25849,0.43965,0.15650,0.18764,0.21906
6.4,0,4.50371,-0.78924,1.57092,0.49578,0.00206,0.00000,
6.4,1,4.15194,-1.86518,1.10388,0.41720,0.22259,0.13198,0.14874
6.4,2,3.08799,-2.38855,0.26128,0.43794,0.13764,0.18571,0.22742
6.42,0,4.50371,-0.77933,1.57096,0.49578,0.00198,0.00000,
6.42,1,4.15568,-1.85778,1.10823,0.41256,0.21345,0.13321,0.15865
6.42,2,3.09634,-2.38631,0.26421,0.42793,0.15317,0.18386,0.23569
6.44,0,4.50370,-0.76941,1.57099,0.49578,0.00191,0.00000,
6.44,1,4.15927,-1.85069,1.11177,0.38364,0.16733,0.13481,0.16857
6.44,2,3.10423,-2.38413,0.26787,0.39395,0.18881,0.18223,0.24361
6.46,0,4.50370,-0.75950,1.57103,0.49578,0.00184,0.00000,
6.46,1,4.16271,-1.84381,1.11603,0.38484,0.23117,0.13667,0.17848
6.46,2,3.11188,-2.38200,0.27073,0.39869,0.11964,0.18063,0.25128
6.48,0,4.50370,-0.74958,1.57107,0.49578,0.00177,0.00000,
6.48,1,4.16607,-1.83703,1.12004,0.35767,0.12311,0.13866,0.18840
6.48,2,3.11953,-2.37987,0.27314,0.39411,0.12677,0.17895,0.25882
6.5,0,4.50370,-0.73966,1.57110,0.49578,0.00170,0.00000,
6.5,1,4.16923,-1.83062,1.12352,0.35765,0.20412,0.14107,0.19831
6.5,2,3.12702,-2.37777,0.27582,0.38516,0.13699,0.17711,0.26594
6.52,0,4.50369,-0.72975,1.57114,0.49578,0.00164,0.00000,
6.52,1,4.17232,-1.82420,1.12761,0.35418,0.19533,0.14352,0.20823
6.52,2,3.13436,-2.37569,0.27850,0.37844,0.13070,0.17538,0.27304
6.54,0,4.50369,-0.71983,1.57117,0.49578,0.00158,0.00000,
6.54,1,4.17533,-1.81787,1.13120,0.34748,0.16935,0.14608,0.21815
6.54,2,3.14158,-2.37363,0.28103,0.37349,0.12322,0.17367,0.28002
6.56,0,4.50369,-0.70992,1.57120,0.49578,0.00152,0.00000,
6.56,1,4.17826,-1.81164,1.13451,0.34135,0.16430,0.14878,0.22806
6.56,2,3.14864,-2.37159,0.28328,0.36343,0.10440,0.17203,0.28687
6.58,0,4.50368,-0.70000,1.57123,0.49578,0.00147,0.00000,
6.58,1,4.18112,-1.80550,1.13779,0.33649,0.16320,0.15160,0.23798
6.58,2,3.15578,-2.36951,0.28565,0.37569,0.12473,0.17023,0.29361
6.6,0,4.50368,-0.69009,1.57126,0.49578,0.00141,0.00000,
6.6,1,4.18392,-1.79944,1.14100,0.33178,0.15755,0.15452,0.24789
6.6,2,3.16294,-2.36741,0.28807,0.36882,0.11562,0.16833,0.30026
6.62,0,4.50367,-0.68017,1.57129,0.49578,0.00136,0.00000,
6.62,1,4.18666,-1.79348,1.14414,0.31743,0.18485,0.15756,0.25781
6.62,2,3.16989,-2.36535,0.29027,0.35779,0.10630,0.16656,0.30679
6.64,0,4.50367,-0.67026,1.57131,0.49578,0.00131,0.00000,
6.64,1,4.18935,-1.78756,1.14728,0.32972,0.13920,0.16068,0.26772
6.64,2,3.17667,-2.36332,0.29236,0.35185,0.10362,0.16491,0.31326
6.66,0,4.50366,-0.66034,1.57134,0.49578,0.00126,0.00000,
6.66,1,4.19206,-1.78155,1.14995,0.32767,0.13351,0.16370,0.27764
6.66,2,3.18322,-2.36132,0.29478,0.32397,0.15372,0.16357,0.31982
6.68,0,4.50366,-0.65042,1.57136,0.49578,0.00122,0.00000,
6.68,1,4.19470,-1.77566,1.15268,0.31815,0.13753,0.16689,0.28756
6.68,2,3.18947,-2.35939,0.29688,0.32885,0.07772,0.16242,0.32624
6.7,0,4.50365,-0.64051,1.57139,0.49578,0.00117,0.00000,
6.7,1,4.19725,-1.76992,1.15539,0.31176,0.13311,0.17024,0.29747
6.7,2,3.19541,-2.35752,0.29892,0.30854,0.08431,0.16144,0.33249
6.72,0,4.50365,-0.63059,1.57141,0.49578,0.00113,0.00000,
6.72,1,4.19975,-1.76425,1.15798,0.30817,0.12660,0.17369,0.30739
6.72,2,3.20130,-2.35569,0.30038,0.30679,0.07335,0.16048,0.33865
6.74,0,4.50364,-0.62068,1.57143,0.49578,0.00109,0.00000,
6.74,1,4.20213,-1.75898,1.15973,0.26886,0.05130,0.17756,0.31730
6.74,2,3.20709,-2.35389,0.30201,0.29997,0.08749,0.15932,0.34441
6.76,0,4.50364,-0.61076,1.57145,0.49578,0.00105,0.00000,
6.76,1,4.20436,-1.75399,1.16218,0.27590,0.15647,0.18176,0.32722
6.76,2,3.21275,-2.35213,0.30378,0.29419,0.08688,0.15804,0.34985
6.78,0,4.50363,-0.60085,1.57147,0.49578,0.00101,0.00000,
6.78,1,4.20656,-1.74895,1.16512,0.27332,0.12987,0.18591,0.33713
6.78,2,3.21832,-2.35038,0.30545,0.29019,0.08043,0.15686,0.35533
6.8,0,4.50362,-0.59154,1.57150,0.46629,0.00102,0.00000,
6.8,1,4.20868,-1.74400,1.16734,0.26605,0.10123,0.18960,0.34644
6.8,2,3.22376,-2.34866,0.30686,0.28239,0.06392,0.15572,0.36068
6.82,0,4.50362,-0.58211,1.57151,0.47436,0.00086,0.00000,
6.82,1,4.21075,-1.73916,1.16935,0.26096,0.10249,0.19354,0.35587
6.82,2,3.22928,-2.34691,0.30840,0.29253,0.08275,0.15440,0.36592
6.84,0,4.50361,-0.57272,1.57153,0.44091,0.00069,0.00000,
6.84,1,4.21277,-1.73439,1.17144,0.25780,0.10450,0.19752,0.36525
6.84,2,3.23481,-2.34515,0.31000,0.28709,0.07584,0.15301,0.37107
6.86,0,4.50360,-0.56325,1.57155,0.50981,0.00093,0.00000,
6.86,1,4.21477,-1.72967,1.17348,0.25438,0.09990,0.20165,0.37473
6.86,2,3.24019,-2.34343,0.31143,0.27832,0.06845,0.15174,0.37616
6.88,0,4.50359,-0.55271,1.57157,0.53100,0.00090,0.00000,
6.88,1,4.21672,-1.72502,1.17543,0.25041,0.09510,0.20691,0.38527
6.88,2,3.24543,-2.34174,0.31277,0.27369,0.06685,0.15054,0.38118
6.9,0,4.50359,-0.54228,1.57158,0.51150,0.00079,0.00000,
6.9,1,4.21862,-1.72045,1.17734,0.23915,0.11526,0.21214,0.39569
6.9,2,3.25061,-2.34007,0.31410,0.27082,0.06558,0.14934,0.38610
6.92,0,4.50358,-0.53221,1.57160,0.49985,0.00076,0.00000,
6.92,1,4.22127,-1.71210,1.18649,0.49104,0.66273,0.21319,0.01007
6.92,2,3.25483,-2.33859,0.31431,0.18899,-0.26521,0.15173,
6.94,0,4.50357,-0.52220,1.57161,0.50232,0.00075,0.00000,
6.94,1,4.22396,-1.70348,1.20188,0.43031,0.82131,0.21392,0.02008
6.94,2,3.25838,-2.33743,0.31147,0.14101,-0.06886,0.15509,
6.96,0,4.50356,-0.51268,1.57163,0.47425,0.00080,0.00000,
6.96,1,4.22702,-1.69528,1.21465,0.43414,0.36294,0.21450,0.02960
6.96,2,3.25971,-2.33664,0.31120,0.03940,-0.06511,0.16062,
6.98,0,4.50355,-0.50307,1.57164,0.48407,0.00061,0.00000,
6.98,1,4.23094,-1.68600,1.21266,0.57679,-0.19807,0.21394,0.03921
6.98,2,3.25993,-2.33623,0.30800,-0.00402,-0.15955,0.16862,
7.0,0,4.50355,-0.49338,1.57166,0.48333,0.00063,0.00000,
7.0,1,4.23508,-1.67503,1.21121,0.58872,0.13348,0.21176,0.04890
7.0,2,3.25955,-2.33638,0.30621,-0.02803,-0.03425,0.17857,
7.02,0,4.50354,-0.48376,1.57167,0.48004,0.00065,0.00000,
7.02,1,4.23911,-1.66415,1.21846,0.55343,0.51223,0.20964,0.05853
7.02,2,3.25907,-2.33659,0.30629,-0.02192,0.02074,0.18856,
7.04,0,4.50353,-0.47428,1.57168,0.47869,0.00059,0.00000,
7.04,1,4.24308,-1.65337,1.22557,0.58551,0.23846,0.20751,0.06800
7.04,2,3.25876,-2.33673,0.30668,-0.01320,0.01380,0.19827,
7.06,0,4.50352,-0.46442,1.57169,0.50103,0.00063,0.00000,
7.06,1,4.24703,-1.64240,1.22935,0.57572,0.18433,0.20559,0.07787
7.06,2,3.25863,-2.33678,0.30679,-0.00214,0.00087,0.20793,
7.08,0,4.50351,-0.45450,1.57170,0.50157,0.00056,0.00000,
7.08,1,4.25081,-1.63179,1.23361,0.55440,0.23451,0.20410,0.08778
7.08,2,3.25864,-2.33678,0.30678,0.00198,-0.00092,0.21713,
7.1,0,4.50350,-0.44430,1.57172,0.51307,0.00058,0.00000,
7.1,1,4.25443,-1.62144,1.23843,0.54451,0.23836,0.20320,0.09798
7.1,2,3.25870,-2.33677,0.30674,0.00337,-0.00227,0.22604,
7.12,0,4.50349,-0.43409,1.57173,0.50772,0.00053,0.00000,
7.12,1,4.25797,-1.61120,1.24298,0.53995,0.21889,0.20244,0.10820
7.12,2,3.25876,-2.33675,0.30672,0.00311,-0.00037,0.23485,
7.14,0,4.50348,-0.42400,1.57174,0.50284,0.00050,0.00000,
7.14,1,4.26142,-1.60104,1.24723,0.53290,0.20910,0.20168,0.11829
7.14,2,3.25881,-2.33673,0.30672,0.00237,0.00036,0.24357,
7.16,0,4.50347,-0.41394,1.57175,0.50305,0.00049,0.00000,
7.16,1,4.26466,-1.59196,1.24971,0.47005,0.17398,0.20198,0.12834
7.16,2,3.25885,-2.33672,0.30673,0.00224,0.00020,0.25152,
7.18,0,4.50346,-0.40386,1.57176,0.50453,0.00048,0.00000,
7.18,1,4.26773,-1.58291,1.25455,0.48230,0.25860,0.20238,0.13842
7.18,2,3.25890,-2.33670,0.30673,0.00242,-0.00001,0.25935,
7.2,0,4.50345,-0.39434,1.57177,0.47293,0.00054,0.00000,
7.2,1,4.27074,-1.57379,1.25908,0.47566,0.19614,0.20219,0.14794
7.2,2,3.25895,-2.33669,0.30673,0.00251,-0.00005,0.26718,
7.22,0,4.50345,-0.38477,1.57178,0.48192,0.00034,0.00000,
7.22,1,4.27361,-1.56504,1.26366,0.48668,0.16441,0.20244,0.15751
7.22,2,3.25899,-2.33667,0.30673,0.00248,-0.00001,0.27469,
7.24,0,4.50344,-0.37512,1.57179,0.48200,0.00039,0.00000,
7.24,1,4.27666,-1.55545,1.26645,0.50586,0.14181,0.20192,0.16716
7.24,2,3.25904,-2.33666,0.30673,0.00245,0.00001,0.28290,
7.26,0,4.50343,-0.36551,1.57179,0.47918,0.00042,0.00000,
7.26,1,4.27961,-1.54605,1.26971,0.48001,0.17756,0.20157,0.17677
7.26,2,3.25909,-2.33664,0.30673,0.00245,0.00000,0.29093,
7.28,0,4.50342,-0.35602,1.57180,0.48720,0.00041,0.00000,
7.28,1,4.28237,-1.53742,1.27257,0.40186,0.04490,0.20190,0.18626
7.28,2,3.25913,-2.33663,0.30673,0.00246,0.00000,0.29836,
7.3,0,4.50341,-0.34618,1.57181,0.49325,0.00033,0.00000,
7.3,1,4.28489,-1.52959,1.27544,0.42084,0.20131,0.20341,0.19610
7.3,2,3.25918,-2.33661,0.30673,0.00246,-0.00000,0.30513,
7.32,0,4.50340,-0.33603,1.57182,0.51441,0.00041,0.00000,
7.32,1,4.28740,-1.52144,1.27949,0.42683,0.18483,0.20493,0.20625
7.32,2,3.25923,-2.33660,0.30673,0.00246,-0.00000,0.31211,
7.34,0,4.50339,-0.32577,1.57182,0.50968,0.00036,0.00000,
7.34,1,4.28983,-1.51338,1.28264,0.41481,0.14136,0.20666,0.21651
7.34,2,3.25928,-2.33658,0.30673,0.00246,0.00000,0.31898,
7.36,0,4.50338,-0.31567,1.57183,0.50214,0.00033,0.00000,
7.36,1,4.29213,-1.50564,1.28565,0.40096,0.15419,0.20857,0.22661
7.36,2,3.25932,-2.33657,0.30673,0.00246,0.00000,0.32557,
7.38,0,4.50337,-0.30564,1.57184,0.50142,0.00032,0.00000,
7.38,1,4.29444,-1.49777,1.28844,0.41402,0.13310,0.21030,0.23664
7.38,2,3.25937,-2.33655,0.30673,0.00246,0.00000,0.33226,
7.4,0,4.50335,-0.29559,1.57184,0.50343,0.00032,0.00000,
7.4,1,4.29673,-1.48988,1.29112,0.40670,0.13564,0.21202,0.24669
7.4,2,3.25942,-2.33654,0.30673,0.00246,-0.00000,0.33898,
7.42,0,4.50334,-0.28551,1.57185,0.50419,0.00030,0.00000,
7.42,1,4.29894,-1.48219,1.29383,0.39476,0.13467,0.21401,0.25677
7.42,2,3.25946,-2.33653,0.30673,0.00246,-0.00000,0.34551,
7.44,0,4.50333,-0.27601,1.57186,0.47197,0.00038,0.00000,
7.44,1,4.30108,-1.47467,1.29646,0.38820,0.12858,0.21561,0.26628
7.44,2,3.25951,-2.33651,0.30673,0.00246,0.00000,0.35190,
7.46,0,4.50332,-0.26645,1.57186,0.48093,0.00017,0.00000,
7.46,1,4.30317,-1.46724,1.29897,0.38399,0.12341,0.21736,0.27583
7.46,2,3.25956,-2.33650,0.30673,0.00246,0.00000,0.35821,
7.48,0,4.50331,-0.25682,1.57187,0.48121,0.00024,0.00000,
7.48,1,4.30521,-1.45990,1.30140,0.37867,0.11958,0.21928,0.28546
7.48,2,3.25960,-2.33648,0.30673,0.00246,0.00000,0.36444,
7.5,0,4.50330,-0.24727,1.57187,0.45989,0.00012,0.00000,
7.5,1,4.30721,-1.45266,1.30375,0.37258,0.11571,0.22124,0.29502
7.5,2,3.25965,-2.33647,0.30673,0.00246,-0.00000,0.37058,
7.52,0,4.50329,-0.23770,1.57188,0.49152,0.00029,0.00000,
7.52,1,4.30914,-1.44580,1.30548,0.31686,0.01634,0.22360,0.30458
7.52,2,3.25970,-2.33645,0.30673,0.00246,-0.00000,0.37644,
7.54,0,4.50328,-0.22785,1.57188,0.50263,0.00024,0.00000,
7.54,1,4.31091,-1.43956,1.30734,0.33077,0.13795,0.22688,0.31444
7.54,2,3.25974,-2.33644,0.30673,0.00246,0.00000,0.38179,
7.56,0,4.50327,-0.21761,1.57189,0.51470,0.00027,0.00000,
7.56,1,4.31266,-1.43313,1.31012,0.33195,0.12567,0.23038,0.32468
7.56,2,3.25979,-2.33642,0.30673,0.00246,0.00000,0.38725,
7.58,0,4.50326,-0.20739,1.57189,0.50629,0.00022,0.00000,
7.58,1,4.31435,-1.42682,1.31223,0.32229,0.09333,0.23397,0.33489
7.58,2,3.25984,-2.33641,0.30673,0.00246,0.00000,0.39261,
7.6,0,4.50325,-0.19735,1.57190,0.50039,0.00020,0.00000,
7.6,1,4.31595,-1.42080,1.31437,0.31277,0.10734,0.23771,0.34494
7.6,2,3.25987,-2.33639,0.30673,0.00099,-0.00005,0.39772,
7.62,0,4.50324,-0.18734,1.57190,0.50121,0.00021,0.00000,
7.62,1,4.31762,-1.41445,1.31614,0.33543,0.08131,0.24108,0.35495
7.62,2,3.25988,-2.33639,0.30673,-0.00018,-0.00000,0.40314,
7.64,0,4.50323,-0.17729,1.57190,0.50316,0.00020,0.00000,
7.64,1,4.31929,-1.40803,1.31783,0.32616,0.08853,0.24441,0.36500
7.64,2,3.25987,-2.33640,0.30673,-0.00041,-0.00004,0.40863,
7.66,0,4.50322,-0.16722,1.57191,0.50346,0.00019,0.00000,
7.66,1,4.32088,-1.40187,1.31965,0.31242,0.09055,0.24804,0.37507
7.66,2,3.25986,-2.33640,0.30673,-0.00045,0.00003,0.41390,
7.68,0,4.50320,-0.15753,1.57192,0.46762,0.00042,0.00000,
7.68,1,4.32242,-1.39588,1.32140,0.30752,0.08524,0.25148,0.38476
7.68,2,3.25986,-2.33640,0.30673,-0.00037,0.00002,0.41902,
7.7,0,4.50319,-0.14805,1.57192,0.47844,0.00008,0.00000,
7.7,1,4.32393,-1.38994,1.32306,0.30548,0.08115,0.25476,0.39423
7.7,2,3.25985,-2.33640,0.30673,-0.00033,-0.00000,0.42410,
7.72,0,4.50318,-0.13844,1.57192,0.48121,0.00011,0.00000,
7.72,1,4.32586,-1.38038,1.33038,0.52621,0.56446,0.25454,0.00961
7.72,2,3.26151,-2.33615,0.30675,0.32522,0.04135,0.43051,0.00527
7.74,0,4.50317,-0.12884,1.57192,0.47858,0.00018,0.00000,
7.74,1,4.32792,-1.37129,1.34441,0.43107,0.77879,0.25475,0.01921
7.74,2,3.26744,-2.33516,0.30608,0.24412,-0.18901,0.43306,0.01458
7.76,0,4.50316,-0.11946,1.57192,0.49105,0.00017,0.00000,
7.76,1,4.32968,-1.36239,1.36172,0.49365,0.77228,0.25498,0.02859
7.76,2,3.27139,-2.33425,0.30028,0.18990,-0.32226,0.43683,0.02365
7.78,0,4.50315,-0.10924,1.57193,0.51899,0.00024,0.00000,
7.78,1,4.33201,-1.35133,1.36917,0.61378,0.10925,0.25382,0.03881
7.78,2,3.27501,-2.33333,0.29497,0.20215,-0.05077,0.44277,0.03496
7.8,0,4.50314,-0.09894,1.57193,0.50883,0.00014,0.00000,
7.8,1,4.33469,-1.33869,1.36930,0.63131,0.04144,0.25114,0.04911
7.8,2,3.28262,-2.33097,0.30596,0.57961,0.94481,0.44619,0.04788
7.82,0,4.50313,-0.08890,1.57194,0.49780,0.00012,0.00000,
7.82,1,4.33728,-1.32637,1.37101,0.62238,0.12559,0.24853,0.05915
7.82,2,3.29505,-2.32718,0.32087,0.66373,0.45341,0.44494,0.06047
7.84,0,4.50312,-0.07896,1.57194,0.49771,0.00013,0.00000,
7.84,1,4.33972,-1.31443,1.37393,0.60002,0.14849,0.24622,0.06909
7.84,2,3.30740,-2.32327,0.32966,0.64081,0.54891,0.44342,0.07266
7.86,0,4.50310,-0.06897,1.57194,0.50091,0.00013,0.00000,
7.86,1,4.34203,-1.30337,1.37571,0.51163,0.01437,0.24486,0.07908
7.86,2,3.32045,-2.31856,0.34693,0.73786,0.98870,0.44023,0.08396
7.88,0,4.50309,-0.05894,1.57194,0.50182,0.00013,0.00000,
7.88,1,4.34417,-1.29308,1.37760,0.53681,0.14398,0.24433,0.08911
7.88,2,3.33477,-2.31330,0.36573,0.79361,0.91262,0.43518,0.09447
7.9,0,4.50308,-0.04891,1.57195,0.50114,0.00012,0.00000,
7.9,1,4.34629,-1.28246,1.38060,0.54030,0.13867,0.24348,0.09914
7.9,2,3.34977,-2.30758,0.38274,0.79996,0.80776,0.42966,0.10529
7.92,0,4.50307,-0.03889,1.57195,0.50068,0.00012,0.00000,
7.92,1,4.34829,-1.27225,1.38341,0.52028,0.12496,0.24303,0.10916
7.92,2,3.36438,-2.30173,0.39845,0.77735,0.77547,0.42405,0.11570
7.94,0,4.50306,-0.02956,1.57196,0.47172,0.00013,0.00000,
7.94,1,4.35033,-1.26159,1.38521,0.55219,0.07822,0.24146,0.11849
7.94,2,3.37862,-2.29575,0.41380,0.77009,0.76007,0.41905,0.12655
7.96,0,4.50305,-0.02003,1.57196,0.47929,-0.00000,0.00000,
7.96,1,4.35234,-1.25086,1.38697,0.53662,0.09801,0.24002,0.12802
7.96,2,3.39276,-2.28954,0.42876,0.77521,0.73686,0.41409,0.13747
7.98,0,4.50304,-0.01045,1.57196,0.47829,0.00009,0.00000,
7.98,1,4.35426,-1.24055,1.38904,0.51554,0.10471,0.23907,0.13761
7.98,2,3.40660,-2.28316,0.44407,0.73985,0.80179,0.40893,0.14795
8.0,0,4.50302,-0.00113,1.57196,0.47781,0.00005,0.00000,
8.0,1,4.35610,-1.23051,1.39105,0.50781,0.09656,0.23814,0.14692
8.0,2,3.42004,-2.27672,0.45851,0.74930,0.66983,0.40384,0.15815
8.02,0,4.50301,0.00894,1.57196,0.51616,0.00020,0.00000,
8.02,1,4.35787,-1.22117,1.39231,0.47607,0.08692,0.23864,0.15699
8.02,2,3.43351,-2.27006,0.47150,0.75140,0.64529,0.39807,0.16766
8.04,0,4.50300,0.01924,1.57196,0.51038,0.00010,0.00000,
8.04,1,4.35959,-1.21174,1.39440,0.47970,0.10736,0.23931,0.16729
8.04,2,3.44657,-2.26324,0.48323,0.75203,0.62860,0.39258,0.17725
8.06,0,4.50299,0.02930,1.57196,0.49753,0.00006,0.00000,
8.06,1,4.36127,-1.20239,1.39634,0.46989,0.08762,0.23981,0.17735
8.06,2,3.46042,-2.25589,0.49702,0.79555,0.69340,0.38615,0.18674
8.08,0,4.50298,0.03921,1.57197,0.49565,0.00008,0.00000,
8.08,1,4.36288,-1.19326,1.39797,0.45892,0.07954,0.24041,0.18726
8.08,2,3.47368,-2.24871,0.51011,0.71108,0.62134,0.38009,0.19601
8.1,0,4.50297,0.04916,1.57197,0.49888,0.00009,0.00000,
8.1,1,4.36442,-1.18468,1.39913,0.42353,0.06014,0.24159,0.19721
8.1,2,3.48484,-2.24242,0.52272,0.60182,0.61353,0.37567,0.20473
8.12,0,4.50295,0.05916,1.57197,0.50033,0.00008,0.00000,
8.12,1,4.36591,-1.17626,1.40084,0.42974,0.09524,0.24299,0.20721
8.12,2,3.49537,-2.23632,0.53390,0.61378,0.53476,0.37171,0.21328
8.14,0,4.50294,0.06916,1.57197,0.49978,0.00007,0.00000,
8.14,1,4.36736,-1.16783,1.40261,0.42422,0.08060,0.24439,0.21721
8.14,2,3.50595,-2.23005,0.54458,0.61301,0.53597,0.36760,0.22183
8.16,0,4.50293,0.07915,1.57197,0.49921,0.00007,0.00000,
8.16,1,4.36877,-1.15958,1.40407,0.41406,0.06945,0.24597,0.22720
8.16,2,3.51631,-2.22377,0.55523,0.59909,0.52819,0.36352,0.23020
8.18,0,4.50292,0.08913,1.57197,0.49921,0.00007,0.00000,
8.18,1,4.37013,-1.15149,1.40546,0.40683,0.06972,0.24771,0.23718
8.18,2,3.52637,-2.21753,0.56566,0.58710,0.51543,0.35954,0.23839
8.2,0,4.50291,0.09912,1.57197,0.49938,0.00007,0.00000,
8.2,1,4.37145,-1.14360,1.40700,0.40429,0.07221,0.24965,0.24717
8.2,2,3.53621,-2.21128,0.57580,0.57966,0.50045,0.35556,0.24639
8.22,0,4.50290,0.10910,1.57198,0.49943,0.00006,0.00000,
8.22,1,4.37291,-1.13240,1.41554,0.57506,0.68073,0.24829,0.00999
8.22,2,3.54648,-2.20468,0.58318,0.67526,-0.17899,0.35381,0.00589
8.24,0,4.50288,0.11841,1.57198,0.47058,0.00008,0.00000,
8.24,1,4.37451,-1.12095,1.42841,0.58867,0.51076,0.24599,0.01930
8.24,2,3.55821,-2.19707,0.57826,0.69702,-0.10057,0.35070,0.01745
8.26,0,4.50287,0.12792,1.57198,0.47789,-0.00005,0.00000,
8.26,1,4.37670,-1.10922,1.43294,0.61881,0.02705,0.24356,0.02881
8.26,2,3.56910,-2.18972,0.57574,0.66452,0.06712,0.34896,0.02937
8.28,0,4.50286,0.13748,1.57198,0.47688,0.00005,0.00000,
8.28,1,4.37863,-1.09605,1.43158,0.64964,-0.11475,0.23976,0.03836
8.28,2,3.58065,-2.18218,0.58701,0.68564,0.88100,0.34776,0.04268
8.3,0,4.50285,0.14684,1.57198,0.47478,-0.00003,0.00000,
8.3,1,4.38039,-1.08327,1.43144,0.63332,0.07251,0.23619,0.04772
8.3,2,3.59248,-2.17436,0.60257,0.72294,0.63724,0.34583,0.05557
8.32,0,4.50284,0.15684,1.57198,0.51374,0.00015,0.00000,
8.32,1,4.38205,-1.07107,1.43356,0.60370,0.10888,0.23384,0.05772
8.32,2,3.60413,-2.16621,0.61407,0.69355,0.70699,0.34331,0.00608
8.34,0,4.50283,0.16712,1.57198,0.51045,0.00007,0.00000,
8.34,1,4.38363,-1.05996,1.43475,0.56063,0.06554,0.23286,0.06801
8.34,2,3.61616,-2.15755,0.63283,0.77688,0.94771,0.33930,0.01730
8.36,0,4.50281,0.17719,1.57198,0.49810,0.00003,0.00000,
8.36,1,4.38519,-1.04873,1.43624,0.57003,0.07752,0.23154,0.07807
8.36,2,3.62902,-2.14810,0.64839,0.80453,0.65195,0.33432,0.02865
8.38,0,4.50280,0.18711,1.57199,0.49563,0.00004,0.00000,
8.38,1,4.38672,-1.03750,1.43770,0.56102,0.06828,0.23010,0.08799
8.38,2,3.64170,-2.13852,0.66032,0.78358,0.58797,0.32939,0.03997
8.4,0,4.50279,0.19705,1.57199,0.49855,0.00005,0.00000,
8.4,1,4.38819,-1.02654,1.43899,0.54686,0.06273,0.22895,0.09793
8.4,2,3.65392,-2.12903,0.67261,0.76856,0.63415,0.32463,0.05103
8.42,0,4.50278,0.20704,1.57199,0.50008,0.00004,0.00000,
8.42,1,4.38961,-1.01581,1.44024,0.53771,0.06232,0.22807,0.10793
8.42,2,3.66589,-2.11950,0.68698,0.75591,0.92355,0.31981,0.00539
8.44,0,4.50277,0.21704,1.57199,0.49965,0.00004,0.00000,
8.44,1,4.39100,-1.00522,1.44148,0.53117,0.06114,0.22736,0.11792
8.44,2,3.67762,-2.10988,0.70518,0.76677,0.78372,0.31499,0.01607
8.46,0,4.50275,0.22703,1.57199,0.49909,0.00004,0.00000,
8.46,1,4.39236,-0.99476,1.44268,0.52372,0.05880,0.22676,0.12791
8.46,2,3.68947,-2.09980,0.71757,0.78412,0.53262,0.30964,0.02662
8.48,0,4.50274,0.23701,1.57199,0.49906,0.00004,0.00000,
8.48,1,4.39369,-0.98446,1.44383,0.51547,0.05666,0.22633,0.13789
8.48,2,3.70129,-2.08950,0.72818,0.78152,0.55035,0.30404,0.03700
8.5,0,4.50273,0.24699,1.57199,0.49921,0.00004,0.00000,
8.5,1,4.39499,-0.97432,1.44494,0.50748,0.05485,0.22606,0.14787
8.5,2,3.71291,-2.07913,0.73970,0.77678,0.58653,0.29840,0.04722
8.52,0,4.50272,0.25697,1.57199,0.49927,0.00004,0.00000,
8.52,1,4.39625,-0.96434,1.44602,0.49992,0.05308,0.22594,0.15786
8.52,2,3.72439,-2.06866,0.75122,0.77780,0.56323,0.29264,0.05729
8.54,0,4.50271,0.26696,1.57199,0.49923,0.00003,0.00000,
8.54,1,4.39748,-0.95472,1.44682,0.45592,0.01628,0.22621,0.16784
8.54,2,3.73577,-2.05802,0.76216,0.77990,0.53596,0.28652,0.06698
8.56,0,4.50270,0.27651,1.57200,0.46561,0.00022,0.00000,
8.56,1,4.39865,-0.94560,1.44767,0.46333,0.05849,0.22653,0.17739
8.56,2,3.74705,-2.04726,0.77271,0.77287,0.52185,0.27994,0.07618
8.58,0,4.50268,0.28595,1.57200,0.47601,-0.00009,0.00000,
8.58,1,4.39980,-0.93641,1.44888,0.46112,0.05671,0.22667,0.18683
8.58,2,3.75750,-2.03708,0.78306,0.69080,0.51064,0.27438,0.08544
8.6,0,4.50267,0.29550,1.57200,0.47776,-0.00002,0.00000,
8.6,1,4.40091,-0.92737,1.44986,0.45050,0.04467,0.22709,0.19638
8.6,2,3.76646,-2.02829,0.79237,0.59883,0.44677,0.27066,0.09455
8.62,0,4.50266,0.30480,1.57199,0.47052,-0.00007,0.00000,
8.62,1,4.40199,-0.91853,1.45073,0.44153,0.04312,0.22746,0.20569
8.62,2,3.77504,-2.01962,0.80426,0.63358,0.94623,0.26707,0.00443
8.64,0,4.50265,0.31477,1.57200,0.51361,0.00015,0.00000,
8.64,1,4.40304,-0.90983,1.45160,0.43559,0.04402,0.22864,0.21566
8.64,2,3.78401,-2.01030,0.82314,0.64567,0.75919,0.26263,0.01319
8.66,0,4.50264,0.32506,1.57200,0.51051,0.00005,0.00000,
8.66,1,4.40406,-0.90124,1.45247,0.42981,0.04264,0.23025,0.22595
8.66,2,3.79247,-2.00121,0.83312,0.59055,0.34534,0.25857,0.02184
8.68,0,4.50262,0.33511,1.57200,0.49701,-0.00000,0.00000,
8.68,1,4.40507,-0.89277,1.45330,0.42326,0.04069,0.23175,0.23600
8.68,2,3.80062,-1.99226,0.84052,0.61586,0.41786,0.25468,0.03037
8.7,0,4.50261,0.34500,1.57200,0.49416,0.00002,0.00000,
8.7,1,4.40604,-0.88486,1.45376,0.39058,0.02782,0.23365,0.24589
8.7,2,3.80886,-1.98305,0.84978,0.61538,0.48083,0.25006,0.03834
8.72,0,4.50260,0.35492,1.57200,0.49732,0.00003,0.00000,
8.72,1,4.40698,-0.87704,1.45462,0.39495,0.04871,0.23566,0.25580
8.72,2,3.81684,-1.97399,0.85901,0.56946,0.39623,0.24562,0.04622
8.74,0,4.50259,0.36489,1.57200,0.49903,0.00002,0.00000,
8.74,1,4.40789,-0.86925,1.45551,0.38878,0.03989,0.23776,0.26577
8.74,2,3.82399,-1.96590,0.86652,0.53869,0.41149,0.24242,0.05406
8.76,0,4.50258,0.37487,1.57200,0.49858,0.00002,0.00000,
8.76,1,4.40878,-0.86163,1.45622,0.37969,0.03348,0.24005,0.27575
8.76,2,3.83101,-1.95770,0.87516,0.54037,0.43183,0.23903,0.06173
8.78,0,4.50257,0.38483,1.57200,0.49795,0.00002,0.00000,
8.78,1,4.40964,-0.85415,1.45689,0.37345,0.03389,0.24247,0.28572
8.78,2,3.83789,-1.94948,0.88333,0.51985,0.38147,0.23557,0.06926
8.8,0,4.50255,0.39479,1.57200,0.49791,0.00002,0.00000,
8.8,1,4.41048,-0.84679,1.45758,0.36869,0.03393,0.24498,0.29567
8.8,2,3.84462,-1.94128,0.89081,0.54735,0.37840,0.23212,0.07667
8.82,0,4.50254,0.40475,1.57200,0.49808,0.00002,0.00000,
8.82,1,4.41131,-0.83952,1.45824,0.36345,0.03246,0.24760,0.30563
8.82,2,3.85156,-1.93270,0.89839,0.54943,0.37585,0.22815,0.08399
8.84,0,4.50253,0.41471,1.57200,0.49814,0.00002,0.00000,
8.84,1,4.41212,-0.83235,1.45887,0.35777,0.03108,0.25034,0.31560
8.84,2,3.85826,-1.92428,0.90573,0.52855,0.35968,0.22436,0.09120
8.86,0,4.50252,0.42467,1.57200,0.49811,0.00002,0.00000,
8.86,1,4.41291,-0.82530,1.45948,0.35225,0.03007,0.25319,0.32556
8.86,2,3.86469,-1.91609,0.91277,0.51554,0.34570,0.22080,0.09829
8.88,0,4.50251,0.43464,1.57200,0.49808,0.00002,0.00000,
8.88,1,4.41369,-0.81836,1.46007,0.34699,0.02910,0.25614,0.33552
8.88,2,3.87075,-1.90834,0.91899,0.48617,0.32566,0.21772,0.10528
8.9,0,4.50249,0.44460,1.57200,0.49809,0.00002,0.00000,
8.9,1,4.41445,-0.81152,1.46064,0.34181,0.02809,0.25920,0.34548
8.9,2,3.87668,-1.90062,0.92583,0.48633,0.34252,0.21463,0.11216
8.92,0,4.50248,0.45456,1.57200,0.49809,0.00002,0.00000,
8.92,1,4.41530,-0.80112,1.46483,0.55831,0.32376,0.25870,0.00996
8.92,2,3.88241,-1.89308,0.93193,0.45624,0.27252,0.21505,0.12259
8.94,0,4.50247,0.46390,1.57201,0.46827,0.00007,0.00000,
8.94,1,4.41623,-0.79127,1.47501,0.45344,0.65939,0.25813,0.01931
8.94,2,3.88785,-1.88582,0.93799,0.45176,0.31787,0.21541,0.13248
8.96,0,4.50246,0.47337,1.57201,0.47645,-0.00011,0.00000,
8.96,1,4.41706,-0.78187,1.48746,0.51773,0.46416,0.25815,0.02878
8.96,2,3.89317,-1.87858,0.94421,0.44664,0.29942,0.21541,0.14191
8.98,0,4.50245,0.48291,1.57200,0.47600,-0.00001,0.00000,
8.98,1,4.41803,-0.77157,1.49003,0.56493,-0.03309,0.25731,0.03831
8.98,2,3.89837,-1.87141,0.94992,0.43935,0.27739,0.21643,0.15226
9.0,0,4.50243,0.49226,1.57200,0.49320,0.00007,0.00000,
9.0,1,4.41908,-0.76071,1.48963,0.50483,0.01537,0.25575,0.04767
9.0,2,3.90344,-1.86433,0.95539,0.43208,0.27086,0.21814,0.16316
9.02,0,4.50242,0.50246,1.57200,0.51555,0.00011,0.00000,
9.02,1,4.42009,-0.75050,1.48998,0.53743,0.01967,0.25567,0.05786
9.02,2,3.90836,-1.85736,0.96088,0.43148,0.26587,0.21943,0.17342
9.04,0,4.50241,0.51266,1.57201,0.50355,-0.00000,0.00000,
9.04,1,4.42105,-0.73915,1.49018,0.58683,0.00700,0.25445,0.06806
9.04,2,3.91335,-1.85023,0.96600,0.43476,0.25070,0.22158,0.18482
9.06,0,4.50240,0.52260,1.57200,0.49366,-0.00001,0.00000,
9.06,1,4.42204,-0.72707,1.49069,0.60825,0.03418,0.25225,0.07801
9.06,2,3.91823,-1.84317,0.97096,0.42341,0.24580,0.22455,0.19693
9.08,0,4.50239,0.53247,1.57200,0.49442,0.00001,0.00000,
9.08,1,4.42299,-0.71527,1.49134,0.57622,0.02864,0.25027,0.08788
9.08,2,3.92294,-1.83628,0.97580,0.41341,0.23889,0.22748,0.20877
9.1,0,4.50237,0.54240,1.57201,0.49753,0.00001,0.00000,
9.1,1,4.42388,-0.70414,1.49193,0.56517,0.02069,0.24900,0.09780
9.1,2,3.92754,-1.82949,0.98048,0.40808,0.23004,0.22995,0.21993
9.12,0,4.50236,0.55236,1.57201,0.49816,0.00001,0.00000,
9.12,1,4.42478,-0.69273,1.49227,0.57357,0.01716,0.24751,0.10776
9.12,2,3.93205,-1.82275,0.98499,0.40321,0.22195,0.23277,0.23137
9.14,0,4.50235,0.56232,1.57201,0.49743,0.00001,0.00000,
9.14,1,4.42567,-0.68142,1.49267,0.56058,0.02182,0.24610,0.11772
9.14,2,3.93620,-1.81671,0.98829,0.36125,0.21101,0.23631,0.24272
9.16,0,4.50234,0.57226,1.57201,0.49704,0.00001,0.00000,
9.16,1,4.42654,-0.67041,1.49311,0.54635,0.02183,0.24498,0.12766
9.16,2,3.94022,-1.81066,0.99314,0.36334,0.24414,0.23963,0.25376
9.18,0,4.50233,0.58220,1.57201,0.49715,0.00001,0.00000,
9.18,1,4.42738,-0.65961,1.49353,0.53845,0.01998,0.24407,0.13760
9.18,2,3.94417,-1.80462,0.99752,0.35773,0.19821,0.24280,0.26459
9.2,0,4.50231,0.59215,1.57201,0.49729,0.00001,0.00000,
9.2,1,4.42820,-0.64926,1.49372,0.49349,-0.00107,0.24362,0.14755
9.2,2,3.94800,-1.79869,1.00126,0.34977,0.18352,0.24570,0.27496
9.22,0,4.50230,0.60209,1.57201,0.49730,0.00001,0.00000,
9.22,1,4.42898,-0.63933,1.49404,0.50186,0.02598,0.24358,0.15749
9.22,2,3.95171,-1.79292,1.00539,0.35126,0.19209,0.24843,0.28493
9.24,0,4.50229,0.61204,1.57201,0.49726,0.00001,0.00000,
9.24,1,4.42976,-0.62934,1.49456,0.49799,0.02343,0.24349,0.16744
9.24,2,3.95558,-1.78683,1.00885,0.36376,0.16595,0.25085,0.29495
9.26,0,4.50228,0.62198,1.57201,0.49725,0.00001,0.00000,
9.26,1,4.43051,-0.61954,1.49494,0.48611,0.01628,0.24359,0.17738
9.26,2,3.95939,-1.78077,1.01223,0.35113,0.17257,0.25317,0.30478
9.28,0,4.50227,0.63193,1.57201,0.49726,0.00001,0.00000,
9.28,1,4.43124,-0.60995,1.49526,0.47680,0.01603,0.24391,0.18733
9.28,2,3.96304,-1.77494,1.01569,0.33942,0.17107,0.25555,0.31439
9.3,0,4.50225,0.64187,1.57201,0.49726,0.00001,0.00000,
9.3,1,4.43195,-0.60051,1.49559,0.47057,0.01695,0.24437,0.19727
9.3,2,3.96659,-1.76922,1.01902,0.33540,0.16250,0.25795,0.32385
9.32,0,4.50224,0.65182,1.57201,0.49726,0.00001,0.00000,
9.32,1,4.43266,-0.59127,1.49587,0.42797,-0.00886,0.24503,0.20722
9.32,2,3.97007,-1.76357,1.02207,0.31244,0.09661,0.26027,0.33312
9.34,0,4.50223,0.66176,1.57201,0.49726,0.00001,0.00000,
9.34,1,4.43333,-0.58268,1.49599,0.43422,0.01725,0.24635,0.21717
9.34,2,3.97325,-1.75855,1.02437,0.29894,0.17153,0.26268,0.34174
9.36,0,4.50222,0.67171,1.57201,0.49726,0.00001,0.00000,
9.36,1,4.43399,-0.57399,1.49642,0.43438,0.02142,0.24757,0.22711
9.36,2,3.97638,-1.75344,1.02803,0.29894,0.17428,0.26511,0.35044
9.38,0,4.50221,0.68165,1.57201,0.49726,0.00001,0.00000,
9.38,1,4.43463,-0.56543,1.49677,0.42500,0.01455,0.24891,0.23706
9.38,2,3.97944,-1.74838,1.03105,0.29267,0.13507,0.26750,0.35903
9.4,0,4.50219,0.69137,1.57201,0.46078,0.00035,0.00000,
9.4,1,4.43525,-0.55705,1.49704,0.41599,0.01289,0.25022,0.24678
9.4,2,3.98241,-1.74342,1.03363,0.28646,0.12890,0.26985,0.36743
9.42,0,4.50218,0.70071,1.57201,0.47188,-0.00007,0.00000,
9.42,1,4.43594,-0.54695,1.50086,0.46120,0.32396,0.24942,0.00934
9.42,2,3.98591,-1.73726,1.03680,0.49768,0.30280,0.27254,0.00494
9.44,0,4.50217,0.71021,1.57201,0.47628,-0.00008,0.00000,
9.44,1,4.43653,-0.53763,1.50810,0.48408,0.41164,0.24957,0.01884
9.44,2,3.99048,-1.72896,1.04414,0.45123,0.40877,0.27210,0.01428
9.46,0,4.50216,0.71950,1.57201,0.46252,-0.00016,0.00000,
9.46,1,4.43717,-0.52693,1.51279,0.58389,0.06672,0.24813,0.02813
9.46,2,3.99474,-1.72143,1.05259,0.41486,0.43889,0.27380,0.02500
9.48,0,4.50215,0.72936,1.57201,0.51053,0.00013,0.00000,
9.48,1,4.43794,-0.51462,1.51209,0.63501,-0.06579,0.24564,0.03799
9.48,2,3.99951,-1.71366,1.05606,0.53769,-0.02635,0.27668,0.03733
9.5,0,4.50213,0.73963,1.57201,0.51050,0.00004,0.00000,
9.5,1,4.43871,-0.50197,1.51140,0.62188,-0.00125,0.24322,0.04826
9.5,2,4.00634,-1.70177,1.05714,0.75803,0.28217,0.27533,0.05001
9.52,0,4.50212,0.74968,1.57201,0.49641,-0.00003,0.00000,
9.52,1,4.43943,-0.48999,1.51184,0.58394,0.03024,0.24126,0.05831
9.52,2,4.01428,-1.68774,1.06492,0.82901,0.35127,0.27096,0.06200
9.54,0,4.50211,0.75955,1.57201,0.49250,-0.00001,0.00000,
9.54,1,4.44011,-0.47851,1.51230,0.57149,0.01519,0.23961,0.06817
9.54,2,4.02172,-1.67424,1.07126,0.71221,0.30155,0.26681,0.07351
9.56,0,4.50210,0.76943,1.57201,0.49554,0.00001,0.00000,
9.56,1,4.44076,-0.46813,1.51207,0.50040,-0.01086,0.23908,0.07805
9.56,2,4.02804,-1.66268,1.07695,0.59931,0.18316,0.26384,0.08391
9.58,0,4.50209,0.77936,1.57201,0.49752,0.00000,0.00000,
9.58,1,4.44139,-0.45784,1.51232,0.52406,0.02373,0.23869,0.08799
9.58,2,4.03369,-1.65268,1.08107,0.59011,0.30963,0.26248,0.09422
9.6,0,4.50207,0.78931,1.57201,0.49718,-0.00000,0.00000,
9.6,1,4.44201,-0.44745,1.51277,0.49671,0.02665,0.23822,0.09794
9.6,2,4.03947,-1.64197,1.08804,0.61767,0.34456,0.26052,0.10463
9.62,0,4.50206,0.79925,1.57201,0.49651,0.00000,0.00000,
9.62,1,4.44260,-0.43742,1.51319,0.53557,0.00500,0.23809,0.10787
9.62,2,4.04542,-1.63052,1.08793,0.68685,-1.19679,0.25748,0.00522
9.64,0,4.50205,0.80918,1.57201,0.49642,0.00000,0.00000,
9.64,1,4.44324,-0.42643,1.51320,0.55014,0.00243,0.23701,0.11780
9.64,2,4.05177,-1.61806,1.06109,0.70286,-1.27849,0.25428,0.01622
9.66,0,4.50204,0.81911,1.57201,0.49659,0.00000,0.00000,
9.66,1,4.44385,-0.41577,1.51336,0.51946,0.01125,0.23625,0.12773
9.66,2,4.05811,-1.60647,1.05041,0.65083,-0.18601,0.25163,0.02690
9.68,0,4.50203,0.82904,1.57201,0.49667,0.00000,0.00000,
9.68,1,4.44442,-0.40643,1.51325,0.43519,-0.01032,0.23681,0.13767
9.68,2,4.06434,-1.59635,1.04836,0.52626,-0.10896,0.24915,0.03626
9.7,0,4.50201,0.83897,1.57201,0.49664,0.00000,0.00000,
9.7,1,4.44497,-0.39745,1.51344,0.46042,0.02017,0.23774,0.14760
9.7,2,4.06995,-1.58766,1.04842,0.51545,0.08260,0.24789,0.04525
9.72,0,4.50200,0.84891,1.57201,0.49661,0.00000,0.00000,
9.72,1,4.44551,-0.38820,1.51382,0.46134,0.01474,0.23840,0.15753
9.72,2,4.07544,-1.57829,1.05407,0.56826,0.43549,0.24630,0.05452
9.74,0,4.50199,0.85884,1.57201,0.49661,0.00000,0.00000,
9.74,1,4.44602,-0.37935,1.51411,0.43616,0.01407,0.23945,0.16746
9.74,2,4.08108,-1.56827,1.06445,0.58094,0.53223,0.24367,0.06339
9.76,0,4.50198,0.86877,1.57201,0.49662,0.00000,0.00000,
9.76,1,4.44654,-0.37019,1.51424,0.47033,0.00322,0.24020,0.17740
9.76,2,4.08692,-1.55768,1.07309,0.61250,0.37331,0.24075,0.07256
9.78,0,4.50197,0.87870,1.57201,0.49662,0.00000,0.00000,
9.78,1,4.44707,-0.36085,1.51434,0.46039,0.00752,0.24077,0.18733
9.78,2,4.09265,-1.54718,1.08097,0.59525,0.37595,0.23814,0.08191
9.8,0,4.50195,0.88863,1.57201,0.49662,0.00000,0.00000,
9.8,1,4.44757,-0.35189,1.51452,0.44085,0.00965,0.24172,0.19726
9.8,2,4.09821,-1.53676,1.08831,0.58507,0.36780,0.23530,0.09089
9.82,0,4.50194,0.89857,1.57201,0.49662,0.00000,0.00000,
9.82,1,4.44806,-0.34319,1.51470,0.43297,0.00840,0.24293,0.20719
9.82,2,4.10357,-1.52653,1.09574,0.57172,0.37204,0.23247,0.09960
9.84,0,4.50193,0.90850,1.57201,0.49662,0.00000,0.00000,
9.84,1,4.44855,-0.33472,1.51479,0.39573,-0.00892,0.24436,0.21712
9.84,2,4.10862,-1.51713,1.10123,0.50645,0.26872,0.23030,0.10809
9.86,0,4.50192,0.91843,1.57201,0.49662,0.00000,0.00000,
9.86,1,4.44901,-0.32673,1.51484,0.40371,0.00999,0.24628,0.22706
9.86,2,4.11335,-1.50801,1.10889,0.51854,0.42592,0.22805,0.11609
9.88,0,4.50191,0.92836,1.57201,0.49662,0.00000,0.00000,
9.88,1,4.44947,-0.31866,1.51508,0.40214,0.01164,0.24813,0.23699
9.88,2,4.11801,-1.49874,1.11672,0.51612,0.35008,0.22575,0.12417
9.9,0,4.50189,0.93830,1.57201,0.49662,0.00000,0.00000,
9.9,1,4.44991,-0.31073,1.51526,0.39253,0.00687,0.25011,0.24692
9.9,2,4.12248,-1.48960,1.12302,0.50246,0.29998,0.22350,0.13211
9.92,0,4.50188,0.94823,1.57201,0.49662,0.00000,0.00000,
9.92,1,4.45035,-0.29835,1.51802,0.69831,0.20952,0.24764,0.00993
9.92,2,4.12678,-1.48073,1.13008,0.51033,0.29736,0.22586,0.14450
9.94,0,4.50187,0.95816,1.57201,0.49662,0.00000,0.00000,
9.94,1,4.45078,-0.28660,1.52336,0.56660,0.28024,0.24581,0.01986
9.94,2,4.13122,-1.47135,1.13559,0.51906,0.27464,0.22709,0.15626
9.96,0,4.50186,0.96809,1.57201,0.49662,0.00000,0.00000,
9.96,1,4.45150,-0.27511,1.52706,0.59352,0.02967,0.24422,0.02980
9.96,2,4.13551,-1.46212,1.14133,0.49928,0.29537,0.22835,0.16777
9.98,0,4.50185,0.97803,1.57201,0.49662,0.00000,0.00000,
9.98,1,4.45220,-0.26323,1.52547,0.56099,-0.10964,0.24225,0.03973
9.98,2,4.13959,-1.45320,1.14721,0.48518,0.28903,0.23035,0.17966
10.0,0,4.50183,0.98747,1.57201,0.46460,0.00014,0.00000,
10.0,1,4.45271,-0.25166,1.52456,0.56670,0.01183,0.24009,0.04917
10.0,2,4.14345,-1.44490,1.15189,0.45712,0.27884,0.23267,0.19125
10.02,0,4.50182,0.99688,1.57201,0.47426,-0.00012,0.00000,
10.02,1,4.45321,-0.24013,1.52518,0.61494,0.02450,0.23796,0.05858
10.02,2,4.14715,-1.43684,1.15707,0.43557,0.26439,0.23522,0.20279
10.04,0,4.50181,1.00638,1.57201,0.47516,-0.00004,0.00000,
10.04,1,4.45377,-0.22756,1.52541,0.62709,0.00353,0.23488,0.06809
10.04,2,4.15070,-1.42885,1.16284,0.43637,0.28719,0.23893,0.21537
10.06,0,4.50180,1.01572,1.57201,0.49241,0.00005,0.00000,
10.06,1,4.45432,-0.21543,1.52548,0.59027,0.00549,0.23206,0.07743
10.06,2,4.15414,-1.42092,1.16810,0.42746,0.24405,0.24231,0.22751
10.08,0,4.50179,1.02590,1.57201,0.51450,0.00010,0.00000,
10.08,1,4.45484,-0.20390,1.52564,0.56996,0.00994,0.23070,0.08760
10.08,2,4.15745,-1.41316,1.17278,0.41807,0.23011,0.24529,0.23905
10.1,0,4.50177,1.03608,1.57201,0.50233,-0.00001,0.00000,
10.1,1,4.45535,-0.19306,1.52568,0.52921,0.00100,0.23001,0.09778
10.1,2,4.16063,-1.40565,1.17810,0.41502,0.25076,0.24790,0.24991
10.12,0,4.50176,1.04600,1.57201,0.49246,-0.00003,0.00000,
10.12,1,4.45585,-0.18232,1.52586,0.54151,0.01311,0.22918,0.10770
10.12,2,4.16392,-1.39770,1.18233,0.43593,0.19646,0.24995,0.26065
10.14,0,4.50175,1.05584,1.57201,0.49328,-0.00000,0.00000,
10.14,1,4.45633,-0.17156,1.52610,0.53421,0.00975,0.22824,0.11755
10.14,2,4.16718,-1.38975,1.18639,0.42158,0.21085,0.25205,0.27143
10.16,0,4.50174,1.06574,1.57201,0.49640,0.00000,0.00000,
10.16,1,4.45680,-0.16104,1.52625,0.51996,0.00654,0.22761,0.12745
10.16,2,4.17027,-1.38211,1.19068,0.40597,0.21415,0.25424,0.28196
10.18,0,4.50173,1.07568,1.57201,0.49702,-0.00000,0.00000,
10.18,1,4.45726,-0.15076,1.52638,0.51068,0.00692,0.22725,0.13739
10.18,2,4.17325,-1.37470,1.19467,0.37305,0.11273,0.25645,0.29224
10.2,0,4.50171,1.08562,1.57201,0.49628,-0.00000,0.00000,
10.2,1,4.45771,-0.14113,1.52638,0.47306,0.00216,0.22754,0.14732
10.2,2,4.17600,-1.36813,1.19748,0.36239,0.22042,0.25892,0.30189
10.22,0,4.50170,1.09554,1.57201,0.49589,-0.00000,0.00000,
10.22,1,4.45814,-0.13159,1.52656,0.47946,0.01182,0.22790,0.15724
10.22,2,4.17870,-1.36132,1.20226,0.36679,0.22814,0.26108,0.31144
10.24,0,4.50169,1.10545,1.57201,0.49600,-0.00000,0.00000,
10.24,1,4.45856,-0.12207,1.52676,0.47206,0.00813,0.22828,0.16716
10.24,2,4.18132,-1.35457,1.20617,0.35735,0.17345,0.26329,0.32096
10.26,0,4.50168,1.11538,1.57201,0.49614,-0.00000,0.00000,
10.26,1,4.45897,-0.11277,1.52689,0.46066,0.00557,0.22889,0.17708
10.26,2,4.18383,-1.34799,1.20949,0.34805,0.16539,0.26550,0.33028
10.28,0,4.50167,1.12530,1.57201,0.49615,-0.00000,0.00000,
10.28,1,4.45937,-0.10371,1.52702,0.43993,0.01069,0.22974,0.18700
10.28,2,4.18624,-1.34165,1.21338,0.34579,0.18505,0.26771,0.33934
10.3,0,4.50165,1.13522,1.57201,0.49611,-0.00000,0.00000,
10.3,1,4.45977,-0.09466,1.52717,0.46164,0.00504,0.23059,0.19693
10.3,2,4.18875,-1.33492,1.21651,0.36454,0.14510,0.26953,0.34841
10.32,0,4.50164,1.14514,1.57201,0.49610,-0.00000,0.00000,
10.32,1,4.46017,-0.08544,1.52726,0.45767,0.00499,0.23128,0.20685
10.32,2,4.19125,-1.32818,1.21950,0.35232,0.15452,0.27151,0.35764
10.34,0,4.50163,1.15507,1.57201,0.49611,-0.00000,0.00000,
10.34,1,4.46056,-0.07646,1.52737,0.44284,0.00600,0.23221,0.21677
10.34,2,4.19361,-1.32172,1.22264,0.33883,0.15681,0.27356,0.36662
10.36,0,4.50162,1.16499,1.57201,0.49611,-0.00000,0.00000,
10.36,1,4.46094,-0.06772,1.52749,0.43395,0.00579,0.23338,0.22669
10.36,2,4.19591,-1.31541,1.22569,0.33440,0.14834,0.27553,0.37537
10.38,0,4.50161,1.17491,1.57201,0.49611,-0.00000,0.00000,
10.38,1,4.46132,-0.05910,1.52760,0.42940,0.00534,0.23467,0.23661
10.38,2,4.19812,-1.30945,1.22781,0.28990,0.05651,0.27775,0.38400
10.4,0,4.50159,1.18483,1.57201,0.49611,-0.00000,0.00000,
10.4,1,4.46167,-0.05155,1.52743,0.37639,0.00016,0.23703,0.24654
10.4,2,4.20017,-1.30388,1.23057,0.30123,0.17888,0.27934,0.39155
10.42,0,4.50158,1.19476,1.57201,0.49611,-0.00000,0.00000,
10.42,1,4.46202,-0.04386,1.52763,0.38806,0.01272,0.23925,0.25646
10.42,2,4.20244,-1.29685,1.23633,0.52977,0.89002,0.27959,0.00387
10.44,0,4.50157,1.20468,1.57201,0.49611,-0.00000,0.00000,
10.44,1,4.46235,-0.03621,1.52783,0.36442,0.01164,0.24151,0.26638
10.44,2,4.20508,-1.28763,1.25583,0.42897,1.04374,0.27759,0.01153
10.46,0,4.50156,1.21460,1.57201,0.49611,-0.00000,0.00000,
10.46,1,4.46268,-0.02878,1.52798,0.38885,0.00177,0.24399,0.27630
10.46,2,4.20788,-1.27892,1.26923,0.49050,0.24389,0.27584,0.01897
10.48,0,4.50155,1.22452,1.57201,0.49611,-0.00000,0.00000,
10.48,1,4.46301,-0.02089,1.52800,0.39347,0.00222,0.24601,0.28623
10.48,2,4.21085,-1.26974,1.27513,0.50490,0.36348,0.27405,0.02687
10.5,0,4.50153,1.23444,1.57201,0.49611,-0.00000,0.00000,
10.5,1,4.46334,-0.01322,1.52808,0.37577,0.00532,0.24825,0.29615
10.5,2,4.21397,-1.25959,1.27865,0.55289,0.11411,0.27107,0.03455
10.52,0,4.50152,1.24437,1.57201,0.49611,-0.00000,0.00000,
10.52,1,4.46366,-0.00585,1.52819,0.36504,0.00509,0.25079,0.30607
10.52,2,4.21719,-1.24868,1.28173,0.56634,0.18374,0.26703,0.04192
10.54,0,4.50151,1.25429,1.57201,0.49611,-0.00000,0.00000,
10.54,1,4.46397,0.00141,1.52828,0.36220,0.00421,0.25344,0.31599
10.54,2,4.22026,-1.23833,1.28656,0.55024,0.18850,0.26347,0.04919
10.56,0,4.50150,1.26421,1.57201,0.49611,-0.00000,0.00000,
10.56,1,4.46427,0.00861,1.52836,0.35869,0.00407,0.25615,0.32591
10.56,2,4.22336,-1.22771,1.28966,0.55040,0.14581,0.25958,0.05640
10.58,0,4.50149,1.27413,1.57201,0.49611,-0.00000,0.00000,
10.58,1,4.46457,0.01572,1.52845,0.35282,0.00408,0.25896,0.33584
10.58,2,4.22636,-1.21733,1.29279,0.53209,0.16594,0.25584,0.06351
10.6,0,4.50147,1.28406,1.57201,0.49611,-0.00000,0.00000,
10.6,1,4.46487,0.02213,1.52834,0.30040,-0.00773,0.26245,0.34576
10.6,2,4.22924,-1.20724,1.29619,0.51990,0.16905,0.25175,0.06993
10.62,0,4.50146,1.29398,1.57201,0.49611,-0.00000,0.00000,
10.62,1,4.46514,0.02831,1.52841,0.31476,0.00956,0.26618,0.35568
10.62,2,4.23206,-1.19751,1.29945,0.52171,0.25654,0.24779,0.00313
10.64,0,4.50145,1.30390,1.57201,0.49611,-0.00000,0.00000,
10.64,1,4.46541,0.03459,1.52859,0.31148,0.00684,0.26982,0.36560
10.64,2,4.23496,-1.18719,1.30540,0.53081,0.26736,0.24332,0.00941
10.66,0,4.50144,1.31382,1.57201,0.49611,-0.00000,0.00000,
10.66,1,4.46567,0.04064,1.52869,0.28110,0.00936,0.27368,0.37553
10.66,2,4.23764,-1.17743,1.30920,0.48558,0.13991,0.23923,0.01547
10.68,0,4.50143,1.32374,1.57201,0.49611,-0.00000,0.00000,
10.68,1,4.46593,0.04665,1.52878,0.31417,0.00134,0.27759,0.38545
10.68,2,4.24008,-1.16831,1.31173,0.46611,0.12991,0.23577,0.02148
10.7,0,4.50141,1.33367,1.57201,0.49611,-0.00000,0.00000,
10.7,1,4.46619,0.05300,1.52880,0.31591,0.00225,0.28115,0.39537
10.7,2,4.24247,-1.15929,1.31461,0.46796,0.15208,0.23276,0.02784
10.72,0,4.50140,1.34359,1.57201,0.49611,-0.00000,0.00000,
10.72,1,4.46645,0.05915,1.52887,0.30114,0.00389,0.28491,0.40529
10.72,2,4.24484,-1.15024,1.31765,0.46610,0.14907,0.22953,0.03399
10.74,0,4.50139,1.35329,1.57201,0.45984,0.00034,0.00000,
10.74,1,4.46670,0.06506,1.52895,0.29301,0.00358,0.28869,0.41499
10.74,2,4.24716,-1.14131,1.32051,0.45735,0.13825,0.22618,0.03991
10.76,0,4.50138,1.36261,1.57201,0.47088,-0.00008,0.00000,
10.76,1,4.46694,0.07089,1.52901,0.29098,0.00307,0.29217,0.42431
10.76,2,4.24938,-1.13274,1.32283,0.41734,0.07943,0.22313,0.04574
10.78,0,4.50137,1.37209,1.57201,0.47524,-0.00009,0.00000,
10.78,1,4.46718,0.07668,1.52907,0.28805,0.00300,0.29586,0.43379
10.78,2,4.25149,-1.12460,1.32530,0.42315,0.14818,0.22048,0.05154
10.8,0,4.50135,1.38135,1.57201,0.46842,-0.00012,0.00000,
10.8,1,4.46742,0.08238,1.52913,0.28325,0.00298,0.29941,0.44305
10.8,2,4.25356,-1.11639,1.32823,0.42116,0.13722,0.21770,0.05725
10.82,0,4.50134,1.39128,1.57201,0.51175,0.00013,0.00000,
10.82,1,4.46766,0.08799,1.52919,0.27847,0.00287,0.30373,0.45298
10.82,2,4.25556,-1.10831,1.33071,0.41178,0.11602,0.21496,0.06286
10.84,0,4.50133,1.40153,1.57201,0.50826,0.00002,0.00000,
10.84,1,4.46788,0.09278,1.52906,0.24439,0.00145,0.30918,0.46323
10.84,2,4.25750,-1.10041,1.33298,0.40363,0.11366,0.21159,0.06765
10.86,0,4.50132,1.41153,1.57201,0.49458,-0.00003,0.00000,
10.86,1,4.46809,0.09775,1.52919,0.25006,0.00771,0.31420,0.47323
10.86,2,4.25939,-1.09262,1.33526,0.39813,0.11367,0.20853,0.07263
10.88,0,4.50131,1.42137,1.57201,0.49180,-0.00001,0.00000,
10.88,1,4.46830,0.10268,1.52930,0.24272,0.00329,0.31911,0.48308
10.88,2,4.26123,-1.08493,1.33750,0.39284,0.10951,0.20553,0.07756
10.9,0,4.50129,1.43124,1.57201,0.49503,0.00000,0.00000,
10.9,1,4.46850,0.10744,1.52934,0.23563,0.00164,0.32421,0.49295
10.9,2,4.26303,-1.07735,1.33963,0.38688,0.10482,0.20248,0.08233
10.92,0,4.50128,1.44117,1.57201,0.49674,-0.00000,0.00000,
10.92,1,4.46869,0.11031,1.52890,0.14999,-0.06722,0.33125,
10.92,2,4.26479,-1.06989,1.34169,0.38085,0.10119,0.19768,0.08520
10.94,0,4.50127,1.45110,1.57201,0.49627,-0.00001,0.00000,
10.94,1,4.46881,0.11311,1.52739,0.11682,-0.07233,0.33839,
10.94,2,4.26649,-1.06275,1.34331,0.34904,0.06378,0.19314,0.08800
10.96,0,4.50126,1.46102,1.57201,0.49564,-0.00000,0.00000,
10.96,1,4.46883,0.11399,1.52682,0.01025,-0.00862,0.34741,
10.96,2,4.26810,-1.05590,1.34522,0.35412,0.11108,0.18699,0.08889
10.98,0,4.50125,1.47093,1.57201,0.49560,-0.00000,0.00000,
10.98,1,4.46883,0.11386,1.52689,-0.01847,0.00920,0.35746,
10.98,2,4.26969,-1.04902,1.34736,0.35078,0.09882,0.17980,0.08875
11.0,0,4.50123,1.48084,1.57201,0.49578,-0.00000,0.00000,
11.0,1,4.46881,0.11334,1.52703,-0.02911,0.00372,0.36789,
11.0,2,4.27123,-1.04226,1.34915,0.34263,0.08412,0.17237,0.08823
11.02,0,4.50122,1.49076,1.57201,0.49584,-0.00000,0.00000,
11.02,1,4.46879,0.11283,1.52704,-0.02027,-0.00141,0.37831,
11.02,2,4.27272,-1.03565,1.35081,0.33633,0.08312,0.16510,0.08773
11.04,0,4.50121,1.50067,1.57201,0.49580,-0.00000,0.00000,
11.04,1,4.46878,0.11253,1.52701,-0.01208,-0.00124,0.38852,
11.04,2,4.27417,-1.02913,1.35247,0.33193,0.08286,0.15814,0.08743
11.06,0,4.50120,1.51059,1.57201,0.49577,-0.00000,0.00000,
11.06,1,4.46877,0.11230,1.52700,-0.01240,-0.00009,0.39867,
11.06,2,4.27560,-1.02270,1.35410,0.32739,0.07959,0.15132,0.08719
11.08,0,4.50119,1.52051,1.57201,0.49578,-0.00000,0.00000,
11.08,1,4.46876,0.11202,1.52700,-0.01488,0.00023,0.40886,
11.08,2,4.27700,-1.01636,1.35565,0.32234,0.07619,0.14456,0.08692
11.1,0,4.50117,1.53042,1.57201,0.49578,-0.00000,0.00000,
11.1,1,4.46875,0.11190,1.52700,-0.00154,0.00014,0.41889,
11.1,2,4.27836,-1.01012,1.35714,0.31734,0.07355,0.13805,0.08679
11.12,0,4.50116,1.54034,1.57201,0.49579,-0.00000,0.00000,
11.12,1,4.46875,0.11511,1.52742,0.20385,0.02522,0.42559,0.00992
11.12,2,4.27969,-1.00398,1.35937,0.30918,0.21263,0.13495,0.00204
11.14,0,4.50115,1.55025,1.57201,0.49578,-0.00000,0.00000,
11.14,1,4.46874,0.11833,1.52820,0.12911,0.04255,0.43229,0.01983
11.14,2,4.28095,-0.99827,1.36351,0.28433,0.16401,0.13229,0.00526
11.16,0,4.50114,1.56017,1.57201,0.49578,-0.00000,0.00000,
11.16,1,4.46866,0.12176,1.53242,0.28689,0.38918,0.43878,0.02975
11.16,2,4.28215,-0.99262,1.36561,0.29132,0.06653,0.12988,0.00868
11.18,0,4.50113,1.57008,1.57201,0.49578,-0.00000,0.00000,
11.18,1,4.46881,0.13192,1.53857,0.64778,0.35534,0.43853,0.03966
11.18,2,4.28334,-0.98695,1.36674,0.28725,0.05850,0.13414,0.01885
11.2,0,4.50111,1.58000,1.57201,0.49578,-0.00000,0.00000,
11.2,1,4.46897,0.14435,1.54582,0.59603,0.36931,0.43601,0.04958
11.2,2,4.28448,-0.98141,1.36813,0.27956,0.07656,0.14077,0.03127
11.22,0,4.50110,1.58992,1.57201,0.49578,-0.00000,0.00000,
11.22,1,4.46912,0.15571,1.55309,0.57785,0.30034,0.43456,0.05949
11.22,2,4.28560,-0.97599,1.36967,0.27470,0.07551,0.14648,0.04264
11.24,0,4.50109,1.59983,1.57201,0.49578,-0.00000,0.00000,
11.24,1,4.46932,0.16915,1.55478,0.75114,-0.05883,0.43104,0.06941
11.24,2,4.28669,-0.97064,1.37110,0.27146,0.06842,0.15433,0.05608
11.26,0,4.50108,1.60975,1.57201,0.49578,-0.00000,0.00000,
11.26,1,4.46958,0.18523,1.55293,0.82528,-0.07951,0.42486,0.07933
11.26,2,4.28776,-0.96536,1.37243,0.26771,0.06551,0.16487,0.07217
11.28,0,4.50107,1.61966,1.57201,0.49578,-0.00000,0.00000,
11.28,1,4.46986,0.20132,1.55208,0.80452,-0.01816,0.41869,0.08924
11.28,2,4.28880,-0.96015,1.37373,0.26347,0.06410,0.17550,0.08825
11.3,0,4.50105,1.62958,1.57201,0.49578,-0.00000,0.00000,
11.3,1,4.47016,0.21741,1.55201,0.80252,0.00102,0.41251,0.09916
11.3,2,4.28983,-0.95503,1.37498,0.25937,0.06190,0.18623,0.10434
11.32,0,4.50104,1.63949,1.57201,0.49578,-0.00000,0.00000,
11.32,1,4.47046,0.23337,1.55193,0.79545,-0.00853,0.40646,0.10907
11.32,2,4.29083,-0.94998,1.37620,0.25551,0.05945,0.19691,0.12031
11.34,0,4.50103,1.64941,1.57201,0.49578,-0.00000,0.00000,
11.34,1,4.47076,0.24925,1.55170,0.79392,-0.01257,0.40049,0.11899
11.34,2,4.29177,-0.94530,1.37708,0.23658,0.05570,0.20789,0.13619
11.36,0,4.50102,1.65932,1.57201,0.49578,-0.00000,0.00000,
11.36,1,4.47107,0.26514,1.55147,0.79546,-0.01023,0.39450,0.12890
11.36,2,4.29269,-0.94063,1.37838,0.23817,0.06585,0.21890,0.15209
11.38,0,4.50101,1.66924,1.57201,0.49578,-0.00000,0.00000,
11.38,1,4.47137,0.28105,1.55129,0.79243,-0.00896,0.38851,0.13882
11.38,2,4.29360,-0.93600,1.37957,0.23331,0.05367,0.22997,0.16800
11.4,0,4.50099,1.67916,1.57201,0.49578,-0.00000,0.00000,
11.4,1,4.47167,0.29603,1.55111,0.70678,-0.00909,0.38343,0.14874
11.4,2,4.29447,-0.93148,1.38057,0.22801,0.04893,0.24024,0.18298
11.42,0,4.50098,1.68907,1.57201,0.49578,-0.00000,0.00000,
11.42,1,4.47196,0.31075,1.55146,0.78001,0.02889,0.37862,0.00992
11.42,2,4.29533,-0.92704,1.38155,0.22465,0.04932,0.25034,0.19771
11.44,0,4.50097,1.69899,1.57201,0.49578,-0.00000,0.00000,
11.44,1,4.47227,0.32681,1.55174,0.80459,0.00009,0.37248,0.01983
11.44,2,4.29617,-0.92266,1.38253,0.22181,0.04820,0.26182,0.21377
11.46,0,4.50096,1.70890,1.57201,0.49578,-0.00000,0.00000,
11.46,1,4.47259,0.34223,1.55170,0.79149,-0.00797,0.36696,0.02975
11.46,2,4.29699,-0.91834,1.38347,0.21854,0.04598,0.27274,0.22919
11.48,0,4.50095,1.71882,1.57201,0.49578,-0.00000,0.00000,
11.48,1,4.47290,0.35847,1.55152,0.81985,-0.00732,0.36064,0.03966
11.48,2,4.29780,-0.91408,1.38437,0.21510,0.04414,0.28454,0.24543
11.5,0,4.50093,1.72873,1.57201,0.49578,-0.00000,0.00000,
11.5,1,4.47322,0.37476,1.55143,0.80788,-0.00310,0.35426,0.04958
11.5,2,4.29859,-0.90989,1.38523,0.21182,0.04262,0.29647,0.26173
11.52,0,4.50092,1.73865,1.57201,0.49578,-0.00000,0.00000,
11.52,1,4.47353,0.39076,1.55137,0.79575,-0.00340,0.34817,0.05949
11.52,2,4.29936,-0.90576,1.38607,0.20866,0.04110,0.30817,0.27773
11.54,0,4.50091,1.74857,1.57201,0.49578,-0.00000,0.00000,
11.54,1,4.47384,0.40666,1.55129,0.79579,-0.00424,0.34218,0.06941
11.54,2,4.30012,-0.90169,1.38688,0.20554,0.03957,0.31983,0.29363
11.56,0,4.50090,1.75848,1.57201,0.49578,-0.00000,0.00000,
11.56,1,4.47415,0.42261,1.55121,0.79938,-0.00405,0.33614,0.07933
11.56,2,4.30082,-0.89802,1.38728,0.17542,0.02128,0.33196,0.30959
11.58,0,4.50089,1.76840,1.57201,0.49578,-0.00000,0.00000,
11.58,1,4.47446,0.43831,1.55113,0.75410,-0.00371,0.33035,0.08924
11.58,2,4.30148,-0.89446,1.38818,0.18339,0.05326,0.34395,0.32529
11.6,0,4.50087,1.77831,1.57201,0.49578,-0.00000,0.00000,
11.6,1,4.47473,0.45156,1.55096,0.59557,-0.01363,0.32701,0.09916
11.6,2,4.30214,-0.89088,1.38911,0.17988,0.03932,0.35349,0.33854
11.62,0,4.50086,1.78823,1.57201,0.49578,-0.00000,0.00000,
11.62,1,4.47499,0.46509,1.55074,0.69920,-0.01167,0.32340,0.00992
11.62,2,4.30278,-0.88741,1.38978,0.17387,0.03046,0.36342,0.35207
11.64,0,4.50085,1.79814,1.57201,0.49578,-0.00000,0.00000,
11.64,1,4.47527,0.47897,1.55074,0.67371,0.01121,0.31942,0.01983
11.64,2,4.30339,-0.88411,1.39053,0.15980,0.05012,0.37388,0.36596
11.66,0,4.50084,1.80806,1.57201,0.49578,-0.00000,0.00000,
11.66,1,4.47558,0.49406,1.55082,0.80657,-0.00046,0.31424,0.02975
11.66,2,4.30402,-0.88063,1.39120,0.18784,0.02486,0.38535,0.38105
11.68,0,4.50083,1.81775,1.57201,0.45956,0.00034,0.00000,
11.68,1,4.47592,0.51038,1.55081,0.81104,0.00091,0.30761,0.03944
11.68,2,4.30470,-0.87691,1.39169,0.18568,0.02652,0.39782,0.39738
11.7,0,4.50081,1.82707,1.57201,0.47059,-0.00008,0.00000,
11.7,1,4.47625,0.52679,1.55080,0.82181,-0.00071,0.30051,0.04875
11.7,2,4.30534,-0.87339,1.39228,0.17395,0.03075,0.41057,0.41378
11.72,0,4.50080,1.83654,1.57201,0.47494,-0.00009,0.00000,
11.72,1,4.47656,0.54237,1.55080,0.73093,0.00078,0.29440,0.05823
11.72,2,4.30594,-0.87003,1.39288,0.16965,0.02912,0.42266,0.42936
11.74,0,4.50079,1.84580,1.57201,0.47490,-0.00007,0.00000,
11.74,1,4.47683,0.55499,1.55064,0.53722,-0.01900,0.29103,0.06749
11.74,2,4.30654,-0.86669,1.39344,0.16947,0.02689,0.43184,0.44199
11.76,0,4.50078,1.85580,1.57201,0.51281,0.00013,0.00000,
11.76,1,4.47711,0.56580,1.55014,0.55160,-0.03371,0.29023,0.07749
11.76,2,4.30714,-0.86337,1.39397,0.16781,0.02599,0.43924,0.45280
11.78,0,4.50077,1.86603,1.57201,0.50633,0.00001,0.00000,
11.78,1,4.47736,0.57737,1.54976,0.59700,-0.00345,0.28888,0.08772
11.78,2,4.30772,-0.86010,1.39448,0.16472,0.02529,0.44744,0.46438
11.8,0,4.50075,1.87600,1.57201,0.49341,-0.00003,0.00000,
11.8,1,4.47760,0.58897,1.54994,0.58096,0.01225,0.28724,0.09769
11.8,2,4.30829,-0.85688,1.39498,0.16189,0.02434,0.45573,0.47598
11.82,0,4.50074,1.88584,1.57201,0.49171,-0.00001,0.00000,
11.82,1,4.47786,0.60141,1.55003,0.64074,-0.00012,0.28463,0.10752
11.82,2,4.30892,-0.85203,1.39558,0.49284,0.05255,0.46322,0.00636
11.84,0,4.50073,1.89571,1.57201,0.49503,0.00000,0.00000,
11.84,1,4.47812,0.61404,1.55002,0.61698,0.00070,0.28187,0.11739
11.84,2,4.30971,-0.84291,1.39779,0.38333,0.23456,0.46664,0.01899
11.86,0,4.50072,1.90563,1.57201,0.49644,-0.00000,0.00000,
11.86,1,4.47837,0.62599,1.55007,0.58481,0.00328,0.27984,0.12731
11.86,2,4.31051,-0.83569,1.40323,0.36135,0.27081,0.47128,0.03094
11.88,0,4.50071,1.91555,1.57201,0.49586,-0.00001,0.00000,
11.88,1,4.47860,0.63612,1.54996,0.51524,0.00138,0.27962,0.13724
11.88,2,4.31129,-0.82810,1.41146,0.41759,0.57434,0.47376,0.04108
11.9,0,4.50069,1.92546,1.57201,0.49529,-0.00000,0.00000,
11.9,1,4.47883,0.64672,1.55008,0.53692,0.00707,0.27893,0.14715
11.9,2,4.31318,-0.81593,1.41844,0.75549,0.14607,0.47199,0.05168
11.92,0,4.50068,1.93537,1.57201,0.49530,-0.00000,0.00000,
11.92,1,4.47905,0.65711,1.55023,0.49283,0.00985,0.27844,0.15705
11.92,2,4.31570,-0.80022,1.42032,0.84857,0.03455,0.46645,0.06207
11.94,0,4.50067,1.94527,1.57201,0.49547,-0.00000,0.00000,
11.94,1,4.47927,0.66785,1.55028,0.56330,-0.00122,0.27760,0.16696
11.94,2,4.31827,-0.78361,1.42136,0.82770,0.07560,0.46036,0.07282
11.96,0,4.50066,1.95518,1.57201,0.49551,-0.00000,0.00000,
11.96,1,4.47950,0.67913,1.55026,0.55562,0.00065,0.27623,0.17687
11.96,2,4.32074,-0.76731,1.42277,0.81793,0.06836,0.45513,0.08410
11.98,0,4.50065,1.96509,1.57201,0.49548,-0.00000,0.00000,
11.98,1,4.47973,0.68988,1.55031,0.52420,0.00300,0.27538,0.18678
11.98,2,4.32312,-0.75129,1.42413,0.80485,0.06781,0.44965,0.09485
12.0,0,4.50063,1.97500,1.57201,0.49545,-0.00000,0.00000,
12.0,1,4.47993,0.69890,1.55020,0.45737,0.00087,0.27627,0.19669
12.0,2,4.32547,-0.73540,1.42549,0.80285,0.06784,0.44260,0.10388
12.02,0,4.50062,1.98491,1.57201,0.49546,-0.00000,0.00000,
12.02,1,4.48013,0.70830,1.55030,0.47646,0.00631,0.27677,0.20660
12.02,2,4.32780,-0.71949,1.42684,0.80583,0.06667,0.43589,0.11328
12.04,0,4.50061,1.99482,1.57201,0.49547,-0.00000,0.00000,
12.04,1,4.48033,0.71777,1.55039,0.46797,0.00269,0.27721,0.21651
12.04,2,4.33009,-0.70408,1.42755,0.75372,0.02272,0.42976,0.12275
12.06,0,4.50060,2.00473,1.57201,0.49547,-0.00000,0.00000,
12.06,1,4.48051,0.72684,1.55047,0.47273,0.00076,0.27805,0.22642
12.06,2,4.33231,-0.68898,1.42882,0.76998,0.08427,0.42355,0.13182
12.08,0,4.50059,2.01464,1.57201,0.49546,-0.00000,0.00000,
12.08,1,4.48071,0.73649,1.55047,0.48273,0.00053,0.27831,0.23633
12.08,2,4.33452,-0.67366,1.43044,0.77501,0.07127,0.41770,0.14147
12.1,0,4.50057,2.02455,1.57201,0.49546,-0.00000,0.00000,
12.1,1,4.48090,0.74593,1.55050,0.46234,0.00228,0.27877,0.24624
12.1,2,4.33670,-0.65870,1.43209,0.76183,0.07354,0.41201,0.15091
12.12,0,4.50056,2.03446,1.57201,0.49546,-0.00000,0.00000,
12.12,1,4.48108,0.75499,1.55055,0.44809,0.00229,0.27961,0.25615
12.12,2,4.33895,-0.64282,1.43296,0.82465,0.03398,0.40501,0.15998
12.14,0,4.50055,2.04437,1.57201,0.49546,-0.00000,0.00000,
12.14,1,4.48126,0.76390,1.55059,0.44404,0.00182,0.28061,0.26605
12.14,2,4.34123,-0.62643,1.43383,0.82239,0.05291,0.39736,0.16889
12.16,0,4.50054,2.05428,1.57201,0.49546,-0.00000,0.00000,
12.16,1,4.48144,0.77193,1.55050,0.38507,-0.00349,0.28248,0.27596
12.16,2,4.34345,-0.61036,1.43500,0.80317,0.05943,0.38916,0.17692
12.18,0,4.50053,2.06419,1.57201,0.49546,-0.00000,0.00000,
12.18,1,4.48161,0.77984,1.55056,0.40107,0.00537,0.28448,0.28587
12.18,2,4.34561,-0.59463,1.43598,0.74130,-0.01714,0.38119,0.18483
12.2,0,4.50051,2.07410,1.57201,0.49546,-0.00000,0.00000,
12.2,1,4.48177,0.78783,1.55065,0.39534,0.00321,0.28640,0.29578
12.2,2,4.34770,-0.57978,1.43647,0.75978,0.05651,0.37416,0.19282
12.22,0,4.50050,2.08400,1.57201,0.49546,-0.00000,0.00000,
12.22,1,4.48193,0.79862,1.55094,0.56884,0.01910,0.28552,0.00991
12.22,2,4.34978,-0.56454,1.43785,0.77361,0.06840,0.36955,0.20361
12.24,0,4.50049,2.09391,1.57201,0.49546,-0.00000,0.00000,
12.24,1,4.48209,0.80941,1.55143,0.52408,0.02716,0.28464,0.01982
12.24,2,4.35184,-0.54951,1.43933,0.74226,0.08410,0.36514,0.21440
12.26,0,4.50048,2.10382,1.57201,0.49546,-0.00000,0.00000,
12.26,1,4.48222,0.81965,1.55322,0.56521,0.15429,0.28431,0.02973
12.26,2,4.35392,-0.53410,1.44018,0.77936,0.02438,0.35982,0.22464
12.28,0,4.50047,2.11373,1.57201,0.49546,-0.00000,0.00000,
12.28,1,4.48244,0.83276,1.55528,0.69398,0.04091,0.28110,0.03964
12.28,2,4.35585,-0.51951,1.44078,0.69800,0.03902,0.35818,0.23775
12.3,0,4.50045,2.12364,1.57201,0.49546,-0.00000,0.00000,
12.3,1,4.48267,0.84672,1.55514,0.68072,-0.02684,0.27705,0.04955
12.3,2,4.35761,-0.50836,1.43880,0.55160,-0.11429,0.36084,0.25172
12.32,0,4.50044,2.13355,1.57201,0.49546,-0.00000,0.00000,
12.32,1,4.48288,0.85943,1.55484,0.63936,-0.00469,0.27424,0.05946
12.32,2,4.35924,-0.49721,1.43762,0.57873,0.01288,0.36227,0.26444
12.34,0,4.50043,2.14346,1.57201,0.49546,-0.00000,0.00000,
12.34,1,4.48309,0.87240,1.55493,0.65107,0.00822,0.27118,0.06936
12.34,2,4.36080,-0.48579,1.43932,0.58810,0.10188,0.36369,0.27740
12.36,0,4.50042,2.15337,1.57201,0.49546,-0.00000,0.00000,
12.36,1,4.48330,0.88482,1.55500,0.54631,-0.00709,0.26866,0.07927
12.36,2,4.36243,-0.47355,1.44062,0.62791,0.04122,0.36373,0.28982
12.38,0,4.50041,2.16328,1.57201,0.49546,-0.00000,0.00000,
12.38,1,4.48348,0.89591,1.55498,0.56430,0.00364,0.26748,0.08918
12.38,2,4.36403,-0.46144,1.44155,0.60888,0.03978,0.36260,0.30092
12.4,0,4.50039,2.17319,1.57201,0.49546,-0.00000,0.00000,
12.4,1,4.48367,0.90732,1.55509,0.57158,0.00531,0.26598,0.09909
12.4,2,4.36559,-0.44945,1.44232,0.59914,0.04095,0.36190,0.31233
12.42,0,4.50038,2.18310,1.57201,0.49546,-0.00000,0.00000,
12.42,1,4.48385,0.91827,1.55523,0.56724,0.00385,0.26494,0.10900
12.42,2,4.36710,-0.43774,1.44322,0.58370,0.04689,0.36102,0.32328
12.44,0,4.50037,2.19301,1.57201,0.49546,-0.00000,0.00000,
12.44,1,4.48404,0.93024,1.55523,0.60979,-0.00050,0.26287,0.11891
12.44,2,4.36854,-0.42699,1.44361,0.54125,0.03986,0.36213,0.33525
12.46,0,4.50036,2.20243,1.57237,0.33947,0.18333,0.00000,
12.46,1,4.48423,0.94218,1.55525,0.58166,0.00214,0.26035,0.12833
12.46,2,4.36993,-0.41662,1.44428,0.51263,0.03606,0.36360,0.34719
12.48,0,4.50060,2.20577,1.57999,0.10843,0.28641,0.00000,
12.48,1,4.48440,0.95298,1.55524,0.51834,-0.00143,0.25289,0.13168
12.48,2,4.37127,-0.40636,1.44533,0.51793,0.05654,0.36405,0.35800
12.5,0,4.50101,2.20730,1.58494,0.06412,0.23529,0.00000,
12.5,1,4.48456,0.96307,1.55523,0.49215,0.00043,0.24434,0.13320
12.5,2,4.37257,-0.39619,1.44632,0.50712,0.04244,0.36387,0.36809
12.52,0,4.50147,2.20828,1.58952,0.01706,0.22909,0.00000,
12.52,1,4.48472,0.97116,1.55530,0.40337,0.00415,0.23723,0.00108
12.52,2,4.37380,-0.38643,1.44738,0.51047,0.03577,0.36212,0.37618
12.54,0,4.50133,2.20788,1.60514,-0.11393,2.19392,0.00000,
12.54,1,4.48500,0.97777,1.55740,0.23519,0.25144,0.23023,0.00067
12.54,2,4.37509,-0.37601,1.44791,0.52797,0.02623,0.35823,0.38278
12.56,0,4.50079,2.20658,1.65543,0.02294,2.44599,0.00000,
12.56,1,4.48504,0.98242,1.56041,0.23304,0.04528,0.22427,0.00075
12.56,2,4.37636,-0.36574,1.44856,0.50640,0.03728,0.35253,0.38744
12.58,0,4.49977,2.20768,1.69293,0.08603,1.57012,0.00000,
12.58,1,4.48508,0.98682,1.55979,0.20786,-0.05979,0.22095,0.00131
12.58,2,4.37757,-0.35591,1.44934,0.48901,0.03815,0.34702,0.39184
12.6,0,4.49838,2.20994,1.72839,0.13907,1.63576,0.00000,
12.6,1,4.48515,0.99214,1.55895,0.30694,-0.01793,0.21787,0.00373
12.6,2,4.37875,-0.34641,1.44989,0.44673,-0.00430,0.34278,0.39716
12.62,0,4.49752,2.21347,1.76139,0.21497,1.72670,0.00000,
12.62,1,4.48523,0.99838,1.55899,0.30208,0.01022,0.21515,0.00709
12.62,2,4.37989,-0.33642,1.45193,0.62214,0.41168,0.33895,0.00309
12.64,0,4.49659,2.21824,1.79850,0.25985,1.94292,0.00000,
12.64,1,4.48530,1.00397,1.55912,0.26419,0.00097,0.21432,0.01180
12.64,2,4.38136,-0.32413,1.45666,0.56222,0.19657,0.33216,0.00869
12.66,0,4.49539,2.22350,1.83806,0.27484,1.98088,0.00000,
12.66,1,4.48536,1.00911,1.55905,0.25473,-0.00548,0.21443,0.01714
12.66,2,4.38270,-0.31270,1.46133,0.59551,0.22376,0.32579,0.01382
12.68,0,4.49396,2.22871,1.87686,0.28142,1.92487,0.00000,
12.68,1,4.48542,1.01426,1.55895,0.25987,-0.00344,0.21449,0.02255
12.68,2,4.38401,-0.30064,1.46373,0.60819,0.04599,0.31880,0.01897
12.7,0,4.49215,2.23448,1.91533,0.31460,1.92107,0.00000,
12.7,1,4.48548,1.01941,1.55890,0.23549,-0.00455,0.21509,0.02859
12.7,2,4.38527,-0.28950,1.46349,0.50939,-0.03533,0.31275,0.02412
12.72,0,4.49003,2.24044,1.95346,0.32214,1.90769,0.00000,
12.72,1,4.48554,1.02383,1.55881,0.22648,-0.00221,0.21661,0.03491
12.72,2,4.38643,-0.27922,1.46425,0.52474,0.08419,0.30681,0.02854
12.74,0,4.48754,2.24665,1.99190,0.34223,1.92882,0.00000,
12.74,1,4.48560,1.02841,1.55879,0.22861,-0.00107,0.21824,0.04159
12.74,2,4.38758,-0.26873,1.46607,0.52632,0.08179,0.30084,0.03312
12.76,0,4.48475,2.25292,2.03015,0.34774,1.90639,0.00000,
12.76,1,4.48565,1.03291,1.55876,0.22152,-0.00209,0.22001,0.04843
12.76,2,4.38866,-0.25860,1.46752,0.49430,0.07199,0.29514,0.03762
12.78,0,4.48154,2.25944,2.06865,0.37285,1.93287,0.00000,
12.78,1,4.48570,1.03727,1.55871,0.21588,-0.00229,0.22217,0.05565
12.78,2,4.38974,-0.24821,1.46849,0.53759,0.03956,0.28906,0.04198
12.8,0,4.47795,2.26612,2.10728,0.38301,1.92823,0.00000,
12.8,1,4.48575,1.04155,1.55867,0.21332,-0.00199,0.22459,0.06318
12.8,2,4.39084,-0.23754,1.46937,0.52928,0.04931,0.28261,0.04627
12.82,0,4.47405,2.27270,2.14543,0.37956,1.87372,0.00000,
12.82,1,4.48580,1.04570,1.55864,0.21233,-0.00155,0.22705,0.07074
12.82,2,4.39188,-0.22728,1.47044,0.50618,0.05451,0.27644,0.05042
12.84,0,4.46974,2.27937,2.18366,0.40906,1.93263,0.00000,
12.84,1,4.48586,1.05014,1.55860,0.22501,-0.00230,0.22934,0.07857
12.84,2,4.39288,-0.21742,1.47142,0.45666,0.01442,0.27096,0.05485
12.86,0,4.46497,2.28622,2.22241,0.42214,1.93540,0.00000,
12.86,1,4.48591,1.05456,1.55856,0.21656,-0.00186,0.23184,0.08677
12.86,2,4.39382,-0.20881,1.47175,0.44425,0.04769,0.26672,0.05928
12.88,0,4.45984,2.29301,2.26099,0.42675,1.92431,0.00000,
12.88,1,4.48596,1.05878,1.55852,0.20774,-0.00160,0.23450,0.09508
12.88,2,4.39474,-0.19980,1.47301,0.45497,0.06390,0.26189,0.06350
12.9,0,4.45439,2.29959,2.29858,0.44035,1.91806,0.00000,
12.9,1,4.48601,1.06290,1.55849,0.20519,-0.00162,0.23709,0.10339
12.9,2,4.39562,-0.19104,1.47423,0.42594,0.06158,0.25720,0.06762
12.92,0,4.44842,2.30634,2.33732,0.45675,1.94189,0.00000,
12.92,1,4.48607,1.06699,1.55846,0.20384,-0.00160,0.23992,0.11214
12.92,2,4.39649,-0.18208,1.47505,0.46321,0.03175,0.25229,0.07171
12.94,0,4.44206,2.31299,2.37602,0.46151,1.92842,0.00000,
12.94,1,4.48612,1.07104,1.55843,0.20089,-0.00153,0.24273,0.12102
12.94,2,4.39737,-0.17289,1.47573,0.45561,0.03829,0.24709,0.07576
12.96,0,4.43542,2.31944,2.41448,0.46442,1.92051,0.00000,
12.96,1,4.48616,1.07502,1.55840,0.19736,-0.00146,0.24546,0.12992
12.96,2,4.39822,-0.16405,1.47657,0.43564,0.04330,0.24218,0.07974
12.98,0,4.42849,2.32561,2.45217,0.46480,1.85165,0.00000,
12.98,1,4.48621,1.07843,1.55834,0.17108,-0.00136,0.24851,0.13877
12.98,2,4.39902,-0.15549,1.47741,0.42710,0.04026,0.23699,0.08315
13.0,0,4.42110,2.33171,2.48700,0.48747,1.50260,0.00000,
13.0,1,4.48625,1.08193,1.55833,0.17606,-0.00036,0.25148,0.14787
13.0,2,4.39982,-0.14701,1.47818,0.42423,0.03746,0.23198,0.08665
13.02,0,4.41341,2.33765,2.51155,0.47993,1.08950,0.00000,
13.02,1,4.48629,1.08540,1.55832,0.17056,-0.00128,0.25437,0.15705
13.02,2,4.40060,-0.13862,1.47891,0.41902,0.03649,0.22701,0.09012
13.04,0,4.40582,2.34320,2.53352,0.46429,1.13768,0.00000,
13.04,1,4.48634,1.08875,1.55829,0.16526,-0.00146,0.25704,0.16593
13.04,2,4.40133,-0.13138,1.47906,0.36845,0.03083,0.22309,0.09346
13.06,0,4.39821,2.34851,2.55695,0.46534,1.17637,0.00000,
13.06,1,4.48638,1.09202,1.55826,0.16316,-0.00121,0.25957,0.17466
13.06,2,4.40204,-0.12391,1.47999,0.37730,0.04931,0.21886,0.09674
13.08,0,4.39039,2.35371,2.57971,0.47329,1.09948,0.00000,
13.08,1,4.48642,1.09527,1.55824,0.16157,-0.00111,0.26210,0.18351
13.08,2,4.40273,-0.11648,1.48082,0.36833,0.03464,0.21464,0.09999
13.1,0,4.38235,2.35879,2.60093,0.47613,1.03766,0.00000,
13.1,1,4.48646,1.09848,1.55822,0.15917,-0.00111,0.26460,0.19243
13.1,2,4.40337,-0.10942,1.48164,0.37803,0.02760,0.21075,0.10320
13.12,0,4.37419,2.36370,2.62134,0.47572,1.00762,0.00000,
13.12,1,4.48650,1.10161,1.55820,0.15960,-0.00112,0.26708,0.20136
13.12,2,4.40407,-0.10158,1.48209,0.39614,0.02339,0.20601,0.10633
13.14,0,4.36594,2.36844,2.64114,0.47629,0.97371,0.00000,
13.14,1,4.48654,1.10483,1.55817,0.16087,-0.00120,0.26935,0.21026
13.14,2,4.40476,-0.09391,1.48265,0.37474,0.03110,0.20152,0.10955
13.16,0,4.35757,2.37302,2.66018,0.47783,0.93443,0.00000,
13.16,1,4.48658,1.10797,1.55816,0.15779,-0.00097,0.27162,0.21918
13.16,2,4.40540,-0.08664,1.48329,0.35945,0.03088,0.19736,0.11269
13.18,0,4.34948,2.37738,2.67760,0.45297,0.88572,0.00000,
13.18,1,4.48662,1.11114,1.55814,0.15813,-0.00108,0.27364,0.22779
13.18,2,4.40602,-0.07979,1.48365,0.30311,-0.01159,0.19365,0.11586
13.2,0,4.34133,2.38151,2.69575,0.45958,0.89895,0.00000,
13.2,1,4.48666,1.11426,1.55812,0.15411,-0.00093,0.27556,0.23632
13.2,2,4.40661,-0.07353,1.48396,0.32296,0.03330,0.19048,0.11898
13.22,0,4.33301,2.38551,2.71290,0.46205,0.82523,0.00000,
13.22,1,4.48670,1.11730,1.55810,0.15071,-0.00086,0.27748,0.24491
13.22,2,4.40719,-0.06704,1.48472,0.32460,0.03610,0.18701,0.12202
13.24,0,4.32465,2.38934,2.72899,0.44756,0.81290,0.00000,
13.24,1,4.48673,1.12029,1.55808,0.14875,-0.00085,0.27936,0.25347
13.24,2,4.40774,-0.06069,1.48530,0.31344,0.02446,0.18362,0.12501
13.26,0,4.31620,2.39306,2.74506,0.48218,0.77414,0.00000,
13.26,1,4.48677,1.12325,1.55806,0.14688,-0.00083,0.28122,0.26204
13.26,2,4.40826,-0.05467,1.48585,0.29905,0.02954,0.18053,0.12797
13.28,0,4.30710,2.39688,2.76000,0.49687,0.72849,0.00000,
13.28,1,4.48681,1.12616,1.55805,0.14463,-0.00079,0.28337,0.27119
13.28,2,4.40880,-0.04836,1.48630,0.32601,0.01958,0.17711,0.13088
13.3,0,4.29796,2.40055,2.77431,0.48827,0.70701,0.00000,
13.3,1,4.48684,1.12881,1.55801,0.10941,-0.00319,0.28569,0.28032
13.3,2,4.40935,-0.04190,1.48671,0.31906,0.02198,0.17328,0.13353
13.32,0,4.28891,2.40403,2.78822,0.48249,0.68505,0.00000,
13.32,1,4.48687,1.13598,1.55803,0.40599,0.00665,0.28341,0.00969
13.32,2,4.40987,-0.03571,1.48717,0.30457,0.02323,0.17422,0.14070
13.34,0,4.27985,2.40737,2.80163,0.48380,0.65808,0.00000,
13.34,1,4.48690,1.14254,1.55835,0.30554,0.01831,0.28167,0.01934
13.34,2,4.41037,-0.02972,1.48762,0.29897,0.02175,0.17475,0.14726
13.36,0,4.27070,2.41061,2.81450,0.48633,0.63208,0.00000,
13.36,1,4.48693,1.14856,1.55873,0.27624,0.02128,0.28044,0.02905
13.36,2,4.41086,-0.02378,1.48804,0.29718,0.02052,0.17480,0.15328
13.38,0,4.26148,2.41374,2.82688,0.48722,0.60835,0.00000,
13.38,1,4.48693,1.15626,1.56424,0.55260,0.41072,0.27753,0.03879
13.38,2,4.41135,-0.01789,1.48845,0.29345,0.01994,0.17658,0.16098
13.4,0,4.25221,2.41676,2.83879,0.48725,0.58590,0.00000,
13.4,1,4.48701,1.16974,1.57268,0.72340,0.39579,0.26893,0.04853
13.4,2,4.41182,-0.01258,1.48856,0.24923,0.00339,0.18471,0.17446
13.42,0,4.24291,2.41966,2.85027,0.48745,0.56392,0.00000,
13.42,1,4.48701,1.18453,1.57944,0.72234,0.30292,0.25903,0.05827
13.42,2,4.41226,-0.00746,1.48897,0.26093,0.02864,0.19433,0.18924
13.44,0,4.23357,2.42247,2.86131,0.48790,0.54272,0.00000,
13.44,1,4.48691,1.19805,1.58532,0.64196,0.29199,0.25035,0.06801
13.44,2,4.41269,-0.00228,1.48949,0.25737,0.02197,0.20262,0.20277
13.46,0,4.22419,2.42517,2.87194,0.48835,0.52241,0.00000,
13.46,1,4.48673,1.21051,1.59116,0.61654,0.29096,0.24271,0.07777
13.46,2,4.41310,0.00275,1.48985,0.24889,0.01541,0.20999,0.21522
13.48,0,4.21477,2.42777,2.88218,0.48869,0.50288,0.00000,
13.48,1,4.48648,1.22264,1.59702,0.53512,0.31727,0.23538,0.08753
13.48,2,4.41349,0.00755,1.49023,0.23885,0.02137,0.21728,0.22735
13.5,0,4.20532,2.43028,2.89203,0.48899,0.48407,0.00000,
13.5,1,4.48618,1.23366,1.60296,0.56517,0.27899,0.22914,0.09729
13.5,2,4.41390,0.01261,1.49055,0.26109,0.01320,0.22319,0.23837
13.52,0,4.19584,2.43269,2.90151,0.48927,0.46598,0.00000,
13.52,1,4.48581,1.24509,1.60826,0.57188,0.25691,0.22249,0.10706
13.52,2,4.41432,0.01778,1.49082,0.25503,0.01469,0.22939,0.24980
13.54,0,4.18633,2.43502,2.91064,0.48955,0.44897,0.00000,
13.54,1,4.48539,1.25611,1.61328,0.56506,0.25017,0.21625,0.11683
13.54,2,4.41471,0.02272,1.49113,0.24316,0.01583,0.23541,0.26082
13.56,0,4.17680,2.43726,2.91943,0.48981,0.43217,0.00000,
13.56,1,4.48489,1.26775,1.61828,0.58703,0.24860,0.20942,0.12660
13.56,2,4.41509,0.02751,1.49144,0.23880,0.01485,0.24220,0.27246
13.58,0,4.16724,2.43942,2.92789,0.49004,0.41555,0.00000,
13.58,1,4.48434,1.27926,1.62317,0.56444,0.24128,0.20272,0.13637
13.58,2,4.41547,0.03226,1.49172,0.23747,0.01394,0.24890,0.28397
13.6,0,4.15766,2.44150,2.93603,0.49025,0.39961,0.00000,
13.6,1,4.48377,1.29028,1.62791,0.54463,0.23301,0.19651,0.14615
13.6,2,4.41584,0.03696,1.49200,0.23447,0.01353,0.25516,0.29500
13.62,0,4.14806,2.44350,2.94385,0.49044,0.38436,0.00000,
13.62,1,4.48315,1.30108,1.63248,0.53872,0.22530,0.19055,0.15593
13.62,2,4.41621,0.04080,1.49258,0.19276,0.10054,0.26205,
13.64,0,4.13844,2.44543,2.95138,0.49062,0.36969,0.00000,
13.64,1,4.48250,1.31125,1.63721,0.50058,0.22957,0.18521,0.16571
13.64,2,4.41658,0.04507,1.49011,0.21429,-0.12414,0.26790,
13.66,0,4.12880,2.44729,2.95861,0.49079,0.35556,0.00000,
13.66,1,4.48182,1.32134,1.64146,0.50690,0.20244,0.17999,0.17549
13.66,2,4.41668,0.04747,1.48530,0.05440,-0.33928,0.27553,
13.68,0,4.11915,2.44907,2.96557,0.49095,0.34197,0.00000,
13.68,1,4.48111,1.33137,1.64542,0.49835,0.19685,0.17485,0.18528
13.68,2,4.41660,0.04789,1.48029,-0.00789,-0.14102,0.28510,
13.7,0,4.10948,2.45079,2.97227,0.49109,0.32891,0.00000,
13.7,1,4.48037,1.34118,1.64935,0.48635,0.19593,0.16996,0.19506
13.7,2,4.41656,0.04734,1.47962,-0.03561,0.02672,0.29541,
13.72,0,4.09979,2.45245,2.97871,0.49122,0.31634,0.00000,
13.72,1,4.47962,1.35078,1.65322,0.47853,0.19064,0.16530,0.20484
13.72,2,4.41652,0.04672,1.48046,-0.02472,0.03858,0.30559,
13.74,0,4.09010,2.45404,2.98490,0.49134,0.30425,0.00000,
13.74,1,4.47884,1.36004,1.65714,0.43802,0.21066,0.16101,0.21463
13.74,2,4.41650,0.04638,1.48088,-0.01039,0.00752,0.31514,
13.76,0,4.08039,2.45557,2.99086,0.49146,0.29263,0.00000,
13.76,1,4.47806,1.36885,1.66089,0.44563,0.17162,0.15720,0.22441
13.76,2,4.41650,0.04632,1.48090,0.00111,-0.00121,0.32396,
13.78,0,4.07067,2.45705,2.99659,0.49156,0.28145,0.00000,
13.78,1,4.47725,1.37772,1.66417,0.44284,0.16223,0.15337,0.23420
13.78,2,4.41651,0.04638,1.48085,0.00426,-0.00436,0.33272,
13.8,0,4.06094,2.45847,3.00210,0.49166,0.27070,0.00000,
13.8,1,4.47643,1.38643,1.66744,0.43243,0.16391,0.14974,0.24399
13.8,2,4.41652,0.04648,1.48077,0.00539,-0.00254,0.34128,
13.82,0,4.05120,2.45984,3.00740,0.49175,0.26036,0.00000,
13.82,1,4.47561,1.39494,1.67069,0.42407,0.16042,0.14636,0.25377
13.82,2,4.41653,0.04658,1.48075,0.00400,0.00005,0.34965,
13.84,0,4.04146,2.46115,3.01249,0.49183,0.25041,0.00000,
13.84,1,4.47477,1.40331,1.67383,0.41851,0.15393,0.14315,0.26356
13.84,2,4.41653,0.04664,1.48076,0.00314,0.00055,0.35792,
13.86,0,4.03170,2.46242,3.01740,0.49191,0.24084,0.00000,
13.86,1,4.47392,1.41151,1.67678,0.40424,0.14028,0.14016,0.27335
13.86,2,4.41654,0.04671,1.48077,0.00330,0.00017,0.36601,
13.88,0,4.02194,2.46364,3.02211,0.49198,0.23164,0.00000,
13.88,1,4.47304,1.41976,1.67969,0.42056,0.14719,0.13718,0.28314
13.88,2,4.41654,0.04678,1.48077,0.00360,-0.00006,0.37415,
13.9,0,4.01217,2.46481,3.02665,0.49204,0.22280,0.00000,
13.9,1,4.47213,1.42808,1.68257,0.41445,0.14080,0.13418,0.29292
13.9,2,4.41655,0.04685,1.48077,0.00364,-0.00006,0.38235,
13.92,0,4.00239,2.46594,3.03101,0.49210,0.21428,0.00000,
13.92,1,4.47122,1.43618,1.68530,0.40159,0.13342,0.13147,0.30271
13.92,2,4.41656,0.04692,1.48077,0.00356,-0.00000,0.39033,
13.94,0,3.99261,2.46703,3.03520,0.49216,0.20610,0.00000,
13.94,1,4.47032,1.44407,1.68792,0.39438,0.12913,0.12901,0.31250
13.94,2,4.41656,0.04699,1.48077,0.00353,0.00001,0.39811,
13.96,0,3.98282,2.46807,3.03924,0.49221,0.19823,0.00000,
13.96,1,4.46942,1.45140,1.69085,0.36663,0.13359,0.12712,0.32229
13.96,2,4.41657,0.04706,1.48077,0.00354,0.00000,0.40534,
13.98,0,3.97303,2.46908,3.04312,0.49226,0.19065,0.00000,
13.98,1,4.46852,1.45875,1.69318,0.37058,0.10926,0.12529,0.33208
13.98,2,4.41658,0.04713,1.48077,0.00355,-0.00000,0.41257,
14.0,0,3.96333,2.47004,3.04697,0.48848,0.19026,0.00000,
14.0,1,4.46762,1.46604,1.69539,0.36339,0.11254,0.12353,0.34176
14.0,2,4.41658,0.04720,1.48077,0.00355,-0.00000,0.41975,
14.02,0,3.95332,2.47099,3.05053,0.51116,0.17129,0.00000,
14.02,1,4.46673,1.47288,1.69794,0.33069,0.13233,0.12241,0.35176
14.02,2,4.41659,0.04897,1.48091,0.33973,0.03153,0.42479,0.00330
14.04,0,3.94312,2.47192,3.05391,0.51026,0.16774,0.00000,
14.04,1,4.46587,1.47950,1.70015,0.33548,0.09840,0.12168,0.36194
14.04,2,4.41659,0.05543,1.49201,0.26119,0.60512,0.42493,0.00997
14.06,0,3.93303,2.47281,3.05723,0.50340,0.16403,0.00000,
14.06,1,4.46501,1.48613,1.70209,0.33199,0.09826,0.12095,0.37201
14.06,2,4.41660,0.06008,1.50450,0.22942,0.63518,0.42687,0.01666
14.08,0,3.92303,2.47365,3.06044,0.50180,0.15729,0.00000,
14.08,1,4.46415,1.49263,1.70410,0.32428,0.10176,0.12037,0.38199
14.08,2,4.41716,0.06567,1.50459,0.32258,-0.69357,0.42774,0.02321
14.1,0,3.91301,2.47447,3.06351,0.50339,0.15073,0.00000,
14.1,1,4.46329,1.49899,1.70611,0.31846,0.09799,0.11999,0.39198
14.1,2,4.41793,0.07311,1.49692,0.45421,0.43630,0.42660,0.02963
14.12,0,3.90353,2.47524,3.06622,0.47262,0.14150,0.00000,
14.12,1,4.46244,1.50523,1.70799,0.30308,0.08129,0.11951,0.40144
14.12,2,4.41848,0.08473,1.51385,0.66073,0.73247,0.42118,0.03593
14.14,0,3.89399,2.47597,3.06918,0.48161,0.14762,0.00000,
14.14,1,4.46159,1.51142,1.70975,0.31884,0.09253,0.11916,0.41094
14.14,2,4.41937,0.09970,1.52017,0.81592,0.02433,0.41236,0.04218
14.16,0,3.88437,2.47668,3.07198,0.48160,0.13368,0.00000,
14.16,1,4.46070,1.51775,1.71159,0.31734,0.08999,0.11879,0.42053
14.16,2,4.42015,0.11547,1.51928,0.76757,-0.04695,0.40287,0.04857
14.18,0,3.87480,2.47735,3.07456,0.47875,0.12668,0.00000,
14.18,1,4.45983,1.52392,1.71332,0.30707,0.08376,0.11860,0.43007
14.18,2,4.42087,0.13019,1.51884,0.70628,0.01815,0.39428,0.05481
14.2,0,3.86534,2.47798,3.07717,0.48670,0.12397,0.00000,
14.2,1,4.45897,1.52992,1.71496,0.30055,0.08062,0.11858,0.43949
14.2,2,4.42161,0.14193,1.51845,0.54784,-0.07191,0.38850,0.06087
14.22,0,3.85553,2.47862,3.07962,0.49274,0.12337,0.00000,
14.22,1,4.45811,1.53584,1.71655,0.29735,0.07850,0.11890,0.44926
14.22,2,4.42227,0.15304,1.51780,0.57127,0.01908,0.38326,0.06684
14.24,0,3.84541,2.47925,3.08194,0.51383,0.11166,0.00000,
14.24,1,4.45725,1.54168,1.71809,0.29365,0.07585,0.11954,0.45934
14.24,2,4.42290,0.16478,1.51886,0.59518,0.06356,0.37734,0.07275
14.26,0,3.83518,2.47986,3.08414,0.50917,0.10955,0.00000,
14.26,1,4.45640,1.54744,1.71958,0.28897,0.07306,0.12041,0.46952
14.26,2,4.42352,0.17628,1.52014,0.61231,0.03994,0.37155,0.07857
14.28,0,3.82510,2.48044,3.08631,0.50170,0.10702,0.00000,
14.28,1,4.45560,1.55238,1.72156,0.25448,0.06745,0.12197,0.47955
14.28,2,4.42417,0.18891,1.52065,0.63364,0.02226,0.36383,0.08357
14.3,0,3.81510,2.48099,3.08840,0.50099,0.10260,0.00000,
14.3,1,4.45481,1.55750,1.72260,0.25964,0.04945,0.12342,0.48951
14.3,2,4.42479,0.20119,1.52122,0.59783,0.03360,0.35663,0.08875
14.32,0,3.80507,2.48152,3.09040,0.50300,0.09835,0.00000,
14.32,1,4.45419,1.56023,1.71860,0.12658,-0.33724,0.12701,
14.32,2,4.42536,0.21195,1.52157,0.50100,0.01140,0.34858,0.09154
14.34,0,3.79501,2.48204,3.09233,0.50377,0.09467,0.00000,
14.34,1,4.45371,1.56175,1.71304,0.02555,-0.15527,0.13173,
14.34,2,4.42589,0.22228,1.52219,0.52926,0.04186,0.33976,0.09311
14.36,0,3.78546,2.48253,3.09404,0.47047,0.08693,0.00000,
14.36,1,4.45370,1.56178,1.71185,-0.00842,-0.01245,0.13768,
14.36,2,4.42642,0.23293,1.52301,0.53099,0.03684,0.32914,0.09315
14.38,0,3.77595,2.48299,3.09588,0.48010,0.09289,0.00000,
14.38,1,4.45379,1.56149,1.71210,-0.01870,0.02244,0.14395,
14.38,2,4.42692,0.24321,1.52377,0.53664,0.02674,0.31855,0.09285
14.4,0,3.76633,2.48343,3.09765,0.48113,0.08434,0.00000,
14.4,1,4.45386,1.56114,1.71246,-0.01611,0.01110,0.15036,
14.4,2,4.42744,0.25412,1.52424,0.54516,0.02368,0.30728,0.09249
14.42,0,3.75675,2.48386,3.09927,0.47837,0.07940,0.00000,
14.42,1,4.45390,1.56088,1.71253,-0.01097,-0.00115,0.15668,
14.42,2,4.42793,0.26476,1.52478,0.52116,0.02924,0.29638,0.09223
14.44,0,3.74733,2.48426,3.10096,0.49649,0.07695,0.00000,
14.44,1,4.45393,1.56068,1.71247,-0.01031,-0.00272,0.16287,
14.44,2,4.42840,0.27498,1.52537,0.50574,0.02889,0.28596,0.09202
14.46,0,3.73707,2.48467,3.10242,0.51925,0.07162,0.00000,
14.46,1,4.45396,1.56046,1.71244,-0.01163,-0.00063,0.16966,
14.46,2,4.42886,0.28503,1.52592,0.50156,0.02654,0.27568,0.09180
14.48,0,3.72680,2.48508,3.10386,0.50755,0.07221,0.00000,
14.48,1,4.45400,1.56022,1.71244,-0.01219,0.00038,0.17650,
14.48,2,4.42930,0.29423,1.52618,0.43256,0.00962,0.26623,0.09156
14.5,0,3.71679,2.48545,3.10529,0.49762,0.07013,0.00000,
14.5,1,4.45403,1.56001,1.71245,-0.00592,-0.00000,0.18320,
14.5,2,4.42972,0.30311,1.52668,0.45176,0.03328,0.25714,0.09135
14.52,0,3.70685,2.48581,3.10665,0.49830,0.06681,0.00000,
14.52,1,4.45404,1.56315,1.71139,0.19745,-0.05764,0.18727,0.00995
14.52,2,4.43012,0.31112,1.52820,0.26303,0.18055,0.25226,0.00199
14.54,0,3.69685,2.48616,3.10796,0.50139,0.06412,0.00000,
14.54,1,4.45405,1.56633,1.70918,0.12585,-0.15027,0.19141,0.01995
14.54,2,4.43033,0.31554,1.53073,0.25061,0.11408,0.25101,0.00517
14.56,0,3.68682,2.48650,3.10921,0.50205,0.06181,0.00000,
14.56,1,4.45413,1.56933,1.70393,0.21880,-0.16723,0.19582,0.02999
14.56,2,4.43052,0.32064,1.52958,0.28517,-0.24565,0.24891,0.00818
14.58,0,3.67679,2.48683,3.11042,0.50134,0.05949,0.00000,
14.58,1,4.45322,1.57650,1.71505,0.47548,1.07327,0.19647,0.04002
14.58,2,4.43074,0.32687,1.52825,0.31835,0.07340,0.24982,0.01536
14.6,0,3.66721,2.48713,3.11150,0.46708,0.05323,0.00000,
14.6,1,4.45167,1.58694,1.73704,0.53092,0.87332,0.19404,0.04961
14.6,2,4.43098,0.33342,1.53064,0.38569,0.10030,0.25369,0.02590
14.62,0,3.65775,2.48743,3.11265,0.47766,0.05832,0.00000,
14.62,1,4.45008,1.59703,1.75465,0.51264,0.89739,0.19189,0.00947
14.62,2,4.43133,0.34213,1.53169,0.45152,0.02505,0.25504,0.03609
14.64,0,3.64816,2.48771,3.11376,0.47958,0.05327,0.00000,
14.64,1,4.44801,1.60780,1.77513,0.57220,1.12159,0.18911,0.01906
14.64,2,4.43167,0.35073,1.53217,0.40708,0.03103,0.25718,0.04704
14.66,0,3.63875,2.48797,3.11483,0.45173,0.05707,0.00000,
14.66,1,4.44560,1.61915,1.79816,0.57948,1.13901,0.18568,0.02847
14.66,2,4.43198,0.35842,1.53297,0.37277,0.04455,0.26081,0.05861
14.68,0,3.62905,2.48823,3.11583,0.50749,0.04655,0.00000,
14.68,1,4.44302,1.63024,1.81988,0.56005,1.04334,0.18266,0.03817
14.68,2,4.43226,0.36584,1.53385,0.37318,0.04141,0.26445,0.06996
14.7,0,3.61874,2.48850,3.11674,0.51580,0.04565,0.00000,
14.7,1,4.44043,1.64003,1.84172,0.49436,1.03590,0.18113,0.04849
14.7,2,4.43253,0.37256,1.53443,0.33136,0.03182,0.26750,0.08004
14.72,0,3.60858,2.48875,3.11766,0.50177,0.04574,0.00000,
14.72,1,4.43771,1.64969,1.86067,0.50539,0.90703,0.17960,0.05865
14.72,2,4.43278,0.37936,1.53521,0.34379,0.04164,0.27034,0.09003
14.74,0,3.59864,2.48899,3.11856,0.49543,0.04390,0.00000,
14.74,1,4.43483,1.65932,1.87883,0.49800,0.91403,0.17795,0.06860
14.74,2,4.43303,0.38615,1.53599,0.33493,0.03630,0.27317,0.10003
14.76,0,3.58871,2.48921,3.11941,0.49778,0.04185,0.00000,
14.76,1,4.43183,1.66855,1.89665,0.50700,0.92110,0.17658,0.07852
14.76,2,4.43326,0.39272,1.53667,0.32389,0.03264,0.27584,0.10967
14.78,0,3.57873,2.48944,3.12023,0.50028,0.04028,0.00000,
14.78,1,4.42849,1.67838,1.91488,0.52064,0.89009,0.17470,0.08851
14.78,2,4.43348,0.39900,1.53737,0.32115,0.03380,0.27939,0.11997
14.8,0,3.56872,2.48965,3.12102,0.50029,0.03882,0.00000,
14.8,1,4.42504,1.68800,1.93205,0.50203,0.83683,0.17300,0.09852
14.8,2,4.43370,0.40571,1.53799,0.34176,0.03014,0.28232,0.13012
14.82,0,3.55873,2.48986,3.12178,0.49956,0.03734,0.00000,
14.82,1,4.42121,1.69904,1.93135,0.58807,-0.47151,0.17016,0.01000
14.82,2,4.43392,0.41244,1.53860,0.32978,0.03033,0.28667,0.14174
14.84,0,3.54874,2.49005,3.12251,0.49936,0.03589,0.00000,
14.84,1,4.41715,1.70965,1.92958,0.55901,0.52572,0.16755,0.01999
14.84,2,4.43413,0.41886,1.53920,0.31610,0.02981,0.29090,0.15301
14.86,0,3.53875,2.49024,3.12322,0.49952,0.03452,0.00000,
14.86,1,4.41318,1.72019,1.95173,0.56817,1.32855,0.16517,0.02997
14.86,2,4.43433,0.42513,1.53978,0.31193,0.02847,0.29523,0.16420
14.88,0,3.52899,2.49043,3.12386,0.46280,0.02859,0.00000,
14.88,1,4.40893,1.73086,1.97524,0.57661,0.99715,0.16243,0.03974
14.88,2,4.43452,0.43134,1.54034,0.30991,0.02733,0.29977,0.17560
14.9,0,3.51961,2.49060,3.12449,0.47397,0.03350,0.00000,
14.9,1,4.40450,1.74123,1.99261,0.53108,0.85251,0.15956,0.04912
14.9,2,4.43470,0.43708,1.54080,0.28718,0.02565,0.30450,0.18676
14.92,0,3.51007,2.49076,3.12515,0.47841,0.03159,0.00000,
14.92,1,4.40018,1.75082,2.00913,0.52297,0.82730,0.15750,0.05866
14.92,2,4.43488,0.44285,1.54135,0.28833,0.02753,0.30843,0.19716
14.94,0,3.50062,2.49092,3.12577,0.44397,0.03402,0.00000,
14.94,1,4.39577,1.76019,2.02598,0.49153,0.88940,0.15553,0.06811
14.94,2,4.43505,0.44855,1.54187,0.28207,0.02474,0.31223,0.20739
14.96,0,3.49105,2.49107,3.12636,0.50293,0.02709,0.00000,
14.96,1,4.39143,1.76903,2.04268,0.49257,0.79525,0.15414,0.07768
14.96,2,4.43521,0.45390,1.54230,0.25587,0.01976,0.31586,0.21709
14.98,0,3.48077,2.49123,3.12689,0.51563,0.02633,0.00000,
14.98,1,4.38698,1.77777,2.05810,0.48787,0.76041,0.15336,0.08796
14.98,2,4.43536,0.45907,1.54275,0.26047,0.02435,0.31958,0.22676
15.0,0,3.47061,2.49138,3.12742,0.50189,0.02655,0.00000,
15.0,1,4.38246,1.78631,2.07322,0.47922,0.75158,0.15265,0.09813
15.0,2,4.43551,0.46426,1.54323,0.25739,0.02298,0.32312,0.23626
15.02,0,3.46067,2.49152,3.12794,0.49433,0.02554,0.00000,
15.02,1,4.37792,1.79455,2.08765,0.46930,0.70894,0.15200,0.10806
15.02,2,4.43565,0.46933,1.54366,0.25111,0.02094,0.32648,0.24550
15.04,0,3.45077,2.49165,3.12844,0.49626,0.02431,0.00000,
15.04,1,4.37317,1.80288,2.10215,0.48370,0.72396,0.15118,0.11796
15.04,2,4.43578,0.47430,1.54407,0.24666,0.02028,0.33005,0.25489
15.06,0,3.44082,2.49178,3.12891,0.49900,0.02339,0.00000,
15.06,1,4.36830,1.81116,2.11621,0.47541,0.68439,0.15042,0.12792
15.06,2,4.43591,0.47920,1.54447,0.24354,0.01982,0.33368,0.26430
15.08,0,3.43083,2.49191,3.12937,0.49920,0.02255,0.00000,
15.08,1,4.36345,1.81917,2.12954,0.46237,0.65518,0.14994,0.13791
15.08,2,4.43604,0.48403,1.54486,0.24017,0.01909,0.33711,0.27345
15.1,0,3.42086,2.49203,3.12981,0.49845,0.02169,0.00000,
15.1,1,4.35860,1.82694,2.14244,0.45507,0.63694,0.14966,0.14788
15.1,2,4.43616,0.48874,1.54525,0.23637,0.01881,0.34044,0.28240
15.12,0,3.41089,2.49215,3.13024,0.49819,0.02085,0.00000,
15.12,1,4.35370,1.83455,2.15498,0.45044,0.61788,0.14949,0.15785
15.12,2,4.43628,0.49356,1.54560,0.24230,0.01714,0.34353,0.29122
15.14,0,3.40093,2.49226,3.13064,0.49834,0.02006,0.00000,
15.14,1,4.34877,1.84201,2.16711,0.44470,0.59717,0.14945,0.16781
15.14,2,4.43641,0.49835,1.54594,0.23632,0.01693,0.34652,0.29994
15.16,0,3.39096,2.49237,3.13104,0.49845,0.01929,0.00000,
15.16,1,4.34390,1.84920,2.17887,0.41563,0.57863,0.14968,0.17778
15.16,2,4.43652,0.50299,1.54628,0.22955,0.01654,0.34940,0.30839
15.18,0,3.38099,2.49248,3.13142,0.49844,0.01856,0.00000,
15.18,1,4.33918,1.85600,2.19005,0.41292,0.54998,0.15031,0.18775
15.18,2,4.43663,0.50754,1.54660,0.22625,0.01585,0.35198,0.31643
15.2,0,3.37102,2.49258,3.13178,0.49841,0.01785,0.00000,
15.2,1,4.33441,1.86270,2.20090,0.40899,0.53592,0.15102,0.19772
15.2,2,4.43674,0.51204,1.54691,0.22382,0.01522,0.35453,0.32441
15.22,0,3.36106,2.49268,3.13213,0.49840,0.01717,0.00000,
15.22,1,4.32963,1.86926,2.21144,0.40240,0.51946,0.15187,0.20769
15.22,2,4.43685,0.51648,1.54721,0.22056,0.01469,0.35702,0.33227
15.24,0,3.35152,2.49277,3.13244,0.46494,0.01531,0.00000,
15.24,1,4.32492,1.87559,2.22165,0.37637,0.50054,0.15257,0.21722
15.24,2,4.43695,0.52085,1.54750,0.21697,0.01416,0.35936,0.33991
15.26,0,3.34210,2.49286,3.13277,0.47530,0.01688,0.00000,
15.26,1,4.32039,1.88155,2.23143,0.37348,0.48357,0.15358,0.22665
15.26,2,4.43704,0.52461,1.54772,0.18835,0.01367,0.36195,0.34716
15.28,0,3.33256,2.49294,3.13309,0.47702,0.01541,0.00000,
15.28,1,4.31583,1.88743,2.24095,0.37044,0.46869,0.15475,0.23618
15.28,2,4.43713,0.52846,1.54802,0.19373,0.01517,0.36438,0.35434
15.3,0,3.32327,2.49302,3.13341,0.47644,0.01504,0.00000,
15.3,1,4.31126,1.89319,2.25013,0.36463,0.45146,0.15583,0.24548
15.3,2,4.43722,0.53228,1.54830,0.18776,0.01262,0.36673,0.36143
15.32,0,3.31323,2.49311,3.13368,0.51444,0.01323,0.00000,
15.32,1,4.30673,1.89882,2.25900,0.35849,0.43721,0.15768,0.25551
15.32,2,4.43730,0.53596,1.54854,0.18197,0.01170,0.36910,0.36839
15.34,0,3.30297,2.49319,3.13395,0.50838,0.01349,0.00000,
15.34,1,4.30221,1.90431,2.26759,0.35327,0.42330,0.15986,0.26578
15.34,2,4.43738,0.53957,1.54877,0.17963,0.01171,0.37142,0.37524
15.36,0,3.29295,2.49326,3.13422,0.49555,0.01328,0.00000,
15.36,1,4.29771,1.90969,2.27590,0.34838,0.40869,0.16194,0.27579
15.36,2,4.43746,0.54311,1.54901,0.17363,0.01222,0.37370,0.38198
15.38,0,3.28308,2.49334,3.13448,0.49376,0.01262,0.00000,
15.38,1,4.29323,1.91495,2.28392,0.34333,0.39439,0.16402,0.28566
15.38,2,4.43754,0.54665,1.54924,0.18198,0.01086,0.37589,0.38862
15.4,0,3.27317,2.49341,3.13472,0.49702,0.01208,0.00000,
15.4,1,4.28878,1.92010,2.29165,0.33823,0.38081,0.16625,0.29558
15.4,2,4.43762,0.55037,1.54944,0.18665,0.00991,0.37779,0.39516
15.42,0,3.26321,2.49347,3.13496,0.49844,0.01165,0.00000,
15.42,1,4.28435,1.92514,2.29913,0.33324,0.36775,0.16864,0.30554
15.42,2,4.43770,0.55563,1.54974,0.46935,0.04900,0.37807,0.00334
15.44,0,3.25324,2.49354,3.13519,0.49788,0.01122,0.00000,
15.44,1,4.27995,1.93008,2.30634,0.32835,0.35508,0.17116,0.31550
15.44,2,4.43777,0.56430,1.55086,0.43369,0.05615,0.37486,0.00995
15.46,0,3.24329,2.49360,3.13541,0.49731,0.01079,0.00000,
15.46,1,4.27558,1.93491,2.31331,0.32353,0.34283,0.17378,0.32545
15.46,2,4.43785,0.57232,1.55211,0.36706,0.06843,0.37221,0.01647
15.48,0,3.23335,2.49367,3.13562,0.49732,0.01037,0.00000,
15.48,1,4.27124,1.93963,2.32003,0.31875,0.33099,0.17651,0.33540
15.48,2,4.43793,0.57968,1.55388,0.41947,0.13297,0.37013,0.02288
15.5,0,3.22340,2.49373,3.13582,0.49749,0.00998,0.00000,
15.5,1,4.26693,1.94426,2.32653,0.31403,0.31955,0.17935,0.34534
15.5,2,4.43810,0.59081,1.55850,0.64850,0.29040,0.36424,0.02921
15.52,0,3.21345,2.49378,3.13602,0.49753,0.00960,0.00000,
15.52,1,4.26266,1.94880,2.33279,0.30938,0.30848,0.18231,0.35529
15.52,2,4.43827,0.60441,1.56536,0.66681,0.48348,0.35581,0.00310
15.54,0,3.20350,2.49384,3.13621,0.49750,0.00923,0.00000,
15.54,1,4.25857,1.95310,2.33866,0.28873,0.28886,0.18556,0.36524
15.54,2,4.43834,0.61762,1.57455,0.64412,0.37740,0.34753,0.00904
15.56,0,3.19355,2.49389,3.13639,0.49747,0.00888,0.00000,
15.56,1,4.25458,1.95725,2.34453,0.28697,0.29323,0.18902,0.37519
15.56,2,4.43831,0.62999,1.58008,0.60094,0.22214,0.33992,0.01480
15.58,0,3.18360,2.49394,3.13656,0.49748,0.00854,0.00000,
15.58,1,4.25059,1.96133,2.35024,0.28335,0.27784,0.19254,0.38514
15.58,2,4.43821,0.64183,1.58444,0.58914,0.22851,0.33277,0.02050
15.6,0,3.17365,2.49399,3.13673,0.49748,0.00822,0.00000,
15.6,1,4.24676,1.96523,2.35547,0.26442,0.25517,0.19630,0.39509
15.6,2,4.43805,0.65318,1.58942,0.54832,0.25941,0.32592,0.02597
15.62,0,3.16370,2.49404,3.13689,0.49749,0.00790,0.00000,
15.62,1,4.24304,1.96896,2.36075,0.26229,0.26566,0.20028,0.40504
15.62,2,4.43784,0.66430,1.59443,0.55991,0.24024,0.31913,0.03124
15.64,0,3.15375,2.49409,3.13704,0.49748,0.00760,0.00000,
15.64,1,4.23934,1.97263,2.36591,0.25900,0.25051,0.20433,0.41499
15.64,2,4.43758,0.67544,1.59900,0.55259,0.22055,0.31225,0.03645
15.66,0,3.14380,2.49413,3.13719,0.49748,0.00731,0.00000,
15.66,1,4.23568,1.97623,2.37077,0.25466,0.23742,0.20848,0.42494
15.66,2,4.43727,0.68633,1.60334,0.53818,0.21585,0.30556,0.04158
15.68,0,3.13441,2.49418,3.13732,0.46654,0.00682,0.00000,
15.68,1,4.23206,1.97974,2.37543,0.25057,0.23055,0.21222,0.43433
15.68,2,4.43693,0.69666,1.60777,0.49127,0.22628,0.29934,0.04662
15.7,0,3.12497,2.49422,3.13747,0.47552,0.00720,0.00000,
15.7,1,4.22848,1.98319,2.37997,0.24693,0.22349,0.21609,0.44378
15.7,2,4.43656,0.70658,1.61203,0.50078,0.20335,0.29345,0.05159
15.72,0,3.11544,2.49426,3.13760,0.47571,0.00649,0.00000,
15.72,1,4.22493,1.98657,2.38435,0.24335,0.21528,0.22013,0.45330
15.72,2,4.43614,0.71658,1.61595,0.49773,0.19201,0.28743,0.05649
15.74,0,3.10609,2.49430,3.13774,0.49288,0.00605,0.00000,
15.74,1,4.22142,1.98989,2.38857,0.23970,0.20740,0.22408,0.46265
15.74,2,4.43570,0.72640,1.61975,0.48573,0.18900,0.28153,0.06132
15.76,0,3.09591,2.49433,3.13785,0.51508,0.00569,0.00000,
15.76,1,4.21795,1.99314,2.39264,0.23608,0.20010,0.22890,0.47284
15.76,2,4.43524,0.73589,1.62345,0.47940,0.18431,0.27589,0.06607
15.78,0,3.08572,2.49437,3.13797,0.50302,0.00583,0.00000,
15.78,1,4.21452,1.99633,2.39656,0.23254,0.19306,0.23380,0.48303
15.78,2,4.43472,0.74563,1.62711,0.49004,0.18045,0.26993,0.07075
15.8,0,3.07578,2.49441,3.13808,0.49315,0.00565,0.00000,
15.8,1,4.21113,1.99945,2.40035,0.22907,0.18619,0.23855,0.49296
15.8,2,4.43418,0.75530,1.63063,0.47749,0.17232,0.26399,0.07536
15.82,0,3.06592,2.49444,3.13819,0.49394,0.00536,0.00000,
15.82,1,4.20964,2.00069,2.41361,0.06878,0.95433,0.24574,
15.82,2,4.43362,0.76467,1.63400,0.46415,0.16584,0.25615,0.07729
15.84,0,3.05601,2.49448,3.13830,0.49704,0.00515,0.00000,
15.84,1,4.20897,2.00155,2.43010,0.02877,0.64666,0.25391,
15.84,2,4.43304,0.77386,1.63726,0.45771,0.16059,0.24797,0.07837
15.86,0,3.04606,2.49451,3.13840,0.49767,0.00497,0.00000,
15.86,1,4.20929,2.00221,2.44067,0.02967,0.75784,0.26312,
15.86,2,4.43243,0.78294,1.64041,0.45276,0.15528,0.23952,0.07861
15.88,0,3.03611,2.49454,3.13850,0.49694,0.00478,0.00000,
15.88,1,4.20840,2.00313,2.46135,0.03374,0.59175,0.27112,
15.88,2,4.43182,0.79121,1.64391,0.38875,0.17760,0.23234,0.07989
15.9,0,3.02618,2.49457,3.13859,0.49655,0.00459,0.00000,
15.9,1,4.20801,2.00333,2.46582,0.01597,0.05947,0.27987,
15.9,2,4.43121,0.79917,1.64687,0.40574,0.13149,0.22467,0.08030
15.92,0,3.01625,2.49460,3.13868,0.49666,0.00442,0.00000,
15.92,1,4.20785,2.00346,2.46534,0.00831,-0.06846,0.28885,
15.92,2,4.43059,0.80726,1.64943,0.40215,0.12926,0.21676,0.08051
15.94,0,3.00631,2.49463,3.13877,0.49680,0.00425,0.00000,
15.94,1,4.20768,2.00359,2.46414,0.01399,-0.04035,0.29784,
15.94,2,4.42997,0.81500,1.65194,0.40282,0.13468,0.20921,0.08073
15.96,0,2.99637,2.49466,3.13885,0.49681,0.00409,0.00000,
15.96,1,4.20741,2.00381,2.46385,0.01854,0.00193,0.30673,
15.96,2,4.42930,0.82325,1.65470,0.41614,0.13627,0.20123,0.08107
15.98,0,2.98644,2.49469,3.13893,0.49677,0.00393,0.00000,
15.98,1,4.20712,2.00404,2.46402,0.01813,0.00920,0.31560,
15.98,2,4.42862,0.83137,1.65730,0.39880,0.12477,0.19340,0.08144
16.0,0,2.97650,2.49471,3.13901,0.49676,0.00378,0.00000,
16.0,1,4.20685,2.00426,2.46413,0.01669,0.00255,0.32450,
16.0,2,4.42794,0.83915,1.65972,0.38518,0.11897,0.18590,0.08178
16.02,0,2.96657,2.49474,3.13908,0.49677,0.00364,0.00000,
16.02,1,4.20668,2.00439,2.46414,0.00400,-0.00019,0.33354,
16.02,2,4.42726,0.84677,1.66207,0.38142,0.11628,0.17845,0.08200
16.04,0,2.95663,2.49476,3.13915,0.49677,0.00350,0.00000,
16.04,1,4.20668,2.00440,2.46414,-0.00172,-0.00035,0.34279,
16.04,2,4.42657,0.85434,1.66436,0.37829,0.11263,0.17089,0.08200
16.06,0,2.94670,2.49479,3.13922,0.49677,0.00337,0.00000,
16.06,1,4.20672,2.00436,2.46413,-0.00299,-0.00029,0.35210,
16.06,2,4.42587,0.86181,1.66656,0.37243,0.10843,0.16338,0.08195
16.08,0,2.93676,2.49481,3.13929,0.49677,0.00324,0.00000,
16.08,1,4.20677,2.00433,2.46412,-0.00291,-0.00044,0.36143,
16.08,2,4.42517,0.86887,1.66893,0.33978,0.12141,0.15627,0.08189
16.1,0,2.92683,2.49483,3.13935,0.49677,0.00312,0.00000,
16.1,1,4.20681,2.00429,2.46412,-0.00234,-0.00008,0.37076,
16.1,2,4.42448,0.87570,1.67099,0.34534,0.09297,0.14939,0.08184
16.12,0,2.91689,2.49486,3.13941,0.49677,0.00300,0.00000,
16.12,1,4.20365,2.00661,2.46429,0.24464,0.01162,0.37628,0.00994
16.12,2,4.42379,0.88254,1.67281,0.34141,0.09184,0.14542,0.08571
16.14,0,2.90696,2.49488,3.13947,0.49677,0.00288,0.00000,
16.14,1,4.20056,2.00891,2.46517,0.15381,0.06032,0.38187,0.01987
16.14,2,4.42310,0.88925,1.67469,0.33321,0.09441,0.14156,0.08953
16.16,0,2.89702,2.49490,3.13953,0.49677,0.00277,0.00000,
16.16,1,4.19820,2.01063,2.46701,0.16019,0.25135,0.38837,0.02981
16.16,2,4.42242,0.89565,1.67670,0.30244,0.11290,0.13730,0.09242
16.18,0,2.88709,2.49492,3.13958,0.49677,0.00267,0.00000,
16.18,1,4.19298,2.01421,2.47636,0.49329,0.55752,0.39156,0.03974
16.18,2,4.42176,0.90174,1.67856,0.30880,0.08070,0.13575,0.09867
16.2,0,2.87715,2.49494,3.13963,0.49677,0.00257,0.00000,
16.2,1,4.18450,2.02097,2.47661,0.53458,-0.07625,0.39061,0.04968
16.2,2,4.42109,0.90787,1.68010,0.30675,0.07763,0.13797,0.10948
16.22,0,2.86736,2.49496,3.13968,0.45958,0.00189,0.00000,
16.22,1,4.17577,2.02787,2.48272,0.59224,0.75871,0.38928,0.00979
16.22,2,4.42043,0.91389,1.68170,0.29926,0.08126,0.14053,0.12058
16.24,0,2.85806,2.49498,3.13972,0.47048,0.00249,0.00000,
16.24,1,4.16547,2.03550,2.49774,0.68046,0.49173,0.38580,0.01909
16.24,2,4.41977,0.91977,1.68331,0.29348,0.07881,0.14435,0.13334
16.26,0,2.84857,2.49500,3.13977,0.47582,0.00241,0.00000,
16.26,1,4.15398,2.04427,2.50628,0.75866,0.47348,0.38103,0.02858
16.26,2,4.41912,0.92556,1.68484,0.28970,0.07473,0.14970,0.14775
16.28,0,2.83925,2.49501,3.13982,0.45524,0.00253,0.00000,
16.28,1,4.14135,2.05364,2.51795,0.79623,0.65375,0.37487,0.03790
16.28,2,4.41846,0.93127,1.68630,0.28582,0.07196,0.15607,0.16342
16.3,0,2.82950,2.49503,3.13987,0.50779,0.00193,0.00000,
16.3,1,4.12858,2.06286,2.53118,0.79462,0.63674,0.36908,0.04765
16.3,2,4.41781,0.93690,1.68772,0.28141,0.06968,0.16251,0.17912
16.32,0,2.81923,2.49505,3.13990,0.51186,0.00196,0.00000,
16.32,1,4.11552,2.07201,2.54315,0.79663,0.57336,0.36357,0.05792
16.32,2,4.41716,0.94241,1.68902,0.28201,0.06778,0.16918,0.19500
16.34,0,2.80916,2.49507,3.13994,0.49759,0.00200,0.00000,
16.34,1,4.10242,2.08094,2.55437,0.78981,0.55706,0.35795,0.06799
16.34,2,4.41649,0.94806,1.69038,0.28376,0.06729,0.17562,0.21078
16.36,0,2.79928,2.49508,3.13998,0.49242,0.00190,0.00000,
16.36,1,4.08929,2.08967,2.56548,0.78764,0.55279,0.35222,0.07787
16.36,2,4.41583,0.95360,1.69167,0.27530,0.06244,0.18207,0.22646
16.38,0,2.78941,2.49510,3.14002,0.49517,0.00181,0.00000,
16.38,1,4.07607,2.09827,2.57639,0.78969,0.53784,0.34647,0.08774
16.38,2,4.41517,0.95899,1.69289,0.26868,0.05973,0.18867,0.24215
16.4,0,2.77947,2.49511,3.14006,0.49744,0.00174,0.00000,
16.4,1,4.06345,2.10646,2.58582,0.74943,0.53821,0.34151,0.09768
16.4,2,4.41452,0.96428,1.69407,0.26546,0.05813,0.19491,0.25712
16.42,0,2.76952,2.49513,3.14009,0.49726,0.00168,0.00000,
16.42,1,4.05136,2.11402,2.59692,0.67864,0.54140,0.33729,0.10763
16.42,2,4.41387,0.96952,1.69521,0.26234,0.05618,0.20054,0.27130
16.44,0,2.75959,2.49514,3.14012,0.49655,0.00162,0.00000,
16.44,1,4.04025,2.12076,2.60688,0.63480,0.46739,0.33427,0.11756
16.44,2,4.41327,0.97401,1.69672,0.23062,0.05093,0.20590,0.28420
16.46,0,2.74966,2.49516,3.14015,0.49641,0.00155,0.00000,
16.46,1,4.03038,2.12691,2.61399,0.57998,0.44534,0.33261,0.12749
16.46,2,4.41268,0.97866,1.69751,0.23502,0.03802,0.21022,0.29577
16.48,0,2.73973,2.49517,3.14018,0.49657,0.00149,0.00000,
16.48,1,4.02018,2.13294,2.62427,0.59912,0.52291,0.33070,0.13742
16.48,2,4.41209,0.98325,1.69840,0.22795,0.04975,0.21465,0.30753
16.5,0,2.72980,2.49519,3.14021,0.49666,0.00144,0.00000,
16.5,1,4.01002,2.13879,2.63460,0.56563,0.55381,0.32891,0.14735
16.5,2,4.41152,0.98770,1.69943,0.22155,0.05077,0.21911,0.31917
16.52,0,2.71986,2.49520,3.14024,0.49664,0.00138,0.00000,
16.52,1,3.99947,2.14472,2.64317,0.62713,0.36283,0.32674,0.15729
16.52,2,4.41097,0.99108,1.70092,0.09443,0.50526,0.22483,
16.54,0,2.70993,2.49521,3.14027,0.49661,0.00133,0.00000,
16.54,1,3.98848,2.15071,2.65043,0.61654,0.37955,0.32415,0.16722
16.54,2,4.41053,0.99345,1.71689,0.12148,0.81133,0.23182,
16.56,0,2.70000,2.49523,3.14029,0.49660,0.00128,0.00000,
16.56,1,3.97792,2.15636,2.65842,0.58673,0.40722,0.32208,0.17715
16.56,2,4.41037,0.99470,1.73761,-0.04532,1.35906,0.23954,
16.58,0,2.69007,2.49524,3.14032,0.49661,0.00123,0.00000,
16.58,1,3.96867,2.16149,2.66440,0.52304,0.38642,0.32144,0.18708
16.58,2,4.41097,0.99340,1.75560,-0.08440,0.52121,0.24903,
16.6,0,2.68013,2.49525,3.14034,0.49662,0.00118,0.00000,
16.6,1,3.95925,2.16644,2.67323,0.53716,0.44094,0.32070,0.19702
16.6,2,4.41137,0.99189,1.75864,-0.06188,-0.07103,0.25856,
16.62,0,2.67020,2.49526,3.14037,0.49661,0.00114,0.00000,
16.62,1,3.94970,2.17130,2.68105,0.53147,0.35202,0.31987,0.20695
16.62,2,4.41160,0.99112,1.75586,-0.02695,-0.13811,0.26735,
16.64,0,2.66027,2.49528,3.14039,0.49661,0.00110,0.00000,
16.64,1,3.94041,2.17593,2.68808,0.49134,0.44978,0.31937,0.21688
16.64,2,4.41169,0.99083,1.75444,-0.00391,-0.02351,0.27538,
16.66,0,2.65034,2.49529,3.14041,0.49661,0.00105,0.00000,
16.66,1,3.93115,2.18048,2.69530,0.53261,0.30841,0.31893,0.22681
16.66,2,4.41169,0.99088,1.75433,0.00543,0.00343,0.28300,
16.68,0,2.64041,2.49530,3.14043,0.49661,0.00101,0.00000,
16.68,1,3.92148,2.18511,2.70125,0.53270,0.30207,0.31809,0.23674
16.68,2,4.41166,0.99102,1.75457,0.00866,0.01448,0.29079,
16.7,0,2.63047,2.49531,3.14045,0.49661,0.00097,0.00000,
16.7,1,3.91205,2.18956,2.70752,0.51169,0.31959,0.31755,0.24668
16.7,2,4.41163,0.99119,1.75477,0.00795,0.00491,0.29833,
16.72,0,2.62054,2.49532,3.14047,0.49661,0.00094,0.00000,
16.72,1,3.90303,2.19378,2.71339,0.46880,0.20696,0.31747,0.25661
16.72,2,4.41161,0.99132,1.75478,0.00611,-0.00152,0.30558,
16.74,0,2.61061,2.49533,3.14049,0.49661,0.00090,0.00000,
16.74,1,3.89449,2.19777,2.71901,0.47470,0.32425,0.31791,0.26654
16.74,2,4.41158,0.99144,1.75474,0.00580,-0.00153,0.31249,
16.76,0,2.60068,2.49535,3.14051,0.49661,0.00087,0.00000,
16.76,1,3.88628,2.20158,2.72456,0.45234,0.30947,0.31874,0.27647
16.76,2,4.41156,0.99156,1.75473,0.00626,-0.00017,0.31912,
16.78,0,2.59074,2.49536,3.14052,0.49661,0.00083,0.00000,
16.78,1,3.87803,2.20527,2.73078,0.44968,0.29642,0.31957,0.28641
16.78,2,4.41154,0.99168,1.75473,0.00647,0.00027,0.32568,
16.8,0,2.58081,2.49537,3.14054,0.49661,0.00080,0.00000,
16.8,1,3.86989,2.20883,2.73621,0.43935,0.25642,0.32054,0.29634
16.8,2,4.41151,0.99181,1.75474,0.00640,0.00012,0.33210,
16.82,0,2.57088,2.49538,3.14056,0.49661,0.00077,0.00000,
16.82,1,3.86196,2.21224,2.74143,0.41992,0.29463,0.32176,0.30627
16.82,2,4.41142,0.99364,1.75461,0.34107,-0.02886,0.33675,0.00427
16.84,0,2.56162,2.49539,3.14057,0.46817,0.00074,0.00000,
16.84,1,3.85402,2.21560,2.74660,0.43760,0.23729,0.32234,0.31553
16.84,2,4.41113,0.99952,1.75235,0.23731,-0.21166,0.33762,0.01289
16.86,0,2.55216,2.49540,3.14058,0.47539,0.00081,0.00000,
16.86,1,3.84595,2.21897,2.75123,0.43394,0.23127,0.32299,0.32499
16.86,2,4.41084,1.00396,1.74752,0.22092,-0.24038,0.33991,0.02163
16.88,0,2.54281,2.49541,3.14060,0.44857,0.00092,0.00000,
16.88,1,3.83806,2.22222,2.75590,0.42082,0.23386,0.32375,0.33434
16.88,2,4.41059,1.00789,1.74095,0.23836,-0.37571,0.34253,0.03017
16.9,0,2.53316,2.49542,3.14061,0.50478,0.00056,0.00000,
16.9,1,3.83036,2.22535,2.76050,0.41262,0.22572,0.32502,0.34399
16.9,2,4.40914,1.01712,1.74195,0.64289,0.41387,0.33970,0.03848
16.92,0,2.52290,2.49543,3.14062,0.51247,0.00058,0.00000,
16.92,1,3.82274,2.22840,2.76490,0.40811,0.21585,0.32698,0.35425
16.92,2,4.40695,1.03058,1.74987,0.69959,0.30515,0.33269,0.04668
16.94,0,2.51281,2.49544,3.14064,0.49813,0.00063,0.00000,
16.94,1,3.81521,2.23138,2.76914,0.40284,0.20865,0.32889,0.36434
16.94,2,4.40478,1.04439,1.75612,0.69494,0.34377,0.32534,0.05479
16.96,0,2.50294,2.49545,3.14065,0.49189,0.00060,0.00000,
16.96,1,3.80777,2.23429,2.77324,0.39647,0.20211,0.33071,0.37421
16.96,2,4.40268,1.05750,1.76474,0.64361,0.47767,0.31862,0.06278
16.98,0,2.49308,2.49545,3.14066,0.49435,0.00056,0.00000,
16.98,1,3.80078,2.23705,2.77651,0.36827,0.18078,0.33299,0.38407
16.98,2,4.40019,1.06922,1.77780,0.55720,0.74262,0.31268,0.07029
17.0,0,2.48316,2.49546,3.14067,0.49686,0.00054,0.00000,
17.0,1,3.79388,2.23972,2.78072,0.37051,0.21662,0.33543,0.39399
17.0,2,4.39759,1.08024,1.79208,0.57458,0.60036,0.30724,0.07769
17.02,0,2.47322,2.49547,3.14068,0.49683,0.00053,0.00000,
17.02,1,3.78699,2.24232,2.78471,0.36492,0.18416,0.33794,0.40393
17.02,2,4.39501,1.09121,1.80375,0.55542,0.90831,0.30182,0.00366
17.04,0,2.46329,2.49548,3.14069,0.49609,0.00051,0.00000,
17.04,1,3.78065,2.24476,2.78761,0.34022,0.17985,0.34101,0.41386
17.04,2,4.39224,1.10276,1.82152,0.61132,0.63418,0.29545,0.01046
17.06,0,2.45337,2.49549,3.14070,0.49590,0.00049,0.00000,
17.06,1,3.77428,2.24713,2.79143,0.33919,0.18836,0.34405,0.42378
17.06,2,4.38923,1.11471,1.82991,0.61303,0.34017,0.28861,0.01726
17.08,0,2.44345,2.49550,3.14071,0.49606,0.00047,0.00000,
17.08,1,3.76796,2.24943,2.79490,0.33311,0.16233,0.34717,0.43370
17.08,2,4.38616,1.12631,1.83767,0.58870,0.44336,0.28202,0.02398
17.1,0,2.43353,2.49551,3.14072,0.49616,0.00045,0.00000,
17.1,1,3.76177,2.25167,2.79803,0.32661,0.15376,0.35043,0.44362
17.1,2,4.38313,1.13713,1.84821,0.54173,0.55296,0.27605,0.03057
17.12,0,2.42361,2.49552,3.14073,0.49614,0.00043,0.00000,
17.12,1,3.75567,2.25386,2.80110,0.32173,0.15302,0.35380,0.45354
17.12,2,4.38018,1.14735,1.85907,0.49312,0.68080,0.27058,0.00323
17.14,0,2.41369,2.49553,3.14074,0.49611,0.00042,0.00000,
17.14,1,3.74965,2.25599,2.80411,0.31737,0.14855,0.35727,0.46346
17.14,2,4.37754,1.15609,1.87265,0.47166,0.55399,0.26650,0.00961
17.16,0,2.40376,2.49553,3.14075,0.49610,0.00040,0.00000,
17.16,1,3.74374,2.25807,2.80723,0.31817,0.14103,0.36086,0.47339
17.16,2,4.37455,1.16564,1.88115,0.51787,0.36301,0.26147,0.01587
17.18,0,2.39384,2.49554,3.14075,0.49611,0.00039,0.00000,
17.18,1,3.73769,2.26017,2.80988,0.31960,0.12962,0.36431,0.48331
17.18,2,4.37137,1.17551,1.88855,0.51252,0.39158,0.25620,0.02228
17.2,0,2.38392,2.49555,3.14076,0.49611,0.00037,0.00000,
17.2,1,3.73174,2.26222,2.81251,0.31025,0.13294,0.36787,0.49323
17.2,2,4.36825,1.18500,1.89682,0.49005,0.42129,0.25122,0.02857
17.22,0,2.37400,2.49556,3.14077,0.49611,0.00036,0.00000,
17.22,1,3.72870,2.26367,2.81017,0.14442,-0.26339,0.37441,
17.22,2,4.36517,1.19411,1.90490,0.46705,0.36627,0.24461,0.03192
17.24,0,2.36407,2.49557,3.14078,0.49611,0.00034,0.00000,
17.24,1,3.72759,2.26426,2.80684,0.01645,-0.11908,0.38300,
17.24,2,4.36200,1.20321,1.91252,0.49189,0.38792,0.23624,0.03317
17.26,0,2.35415,2.49558,3.14078,0.49611,0.00033,0.00000,
17.26,1,3.72767,2.26412,2.80487,-0.01675,-0.07922,0.39288,
17.26,2,4.35870,1.21249,1.92016,0.48899,0.37391,0.22643,0.03305
17.28,0,2.34423,2.49558,3.14079,0.49611,0.00032,0.00000,
17.28,1,3.72817,2.26397,2.80415,-0.03167,-0.00676,0.40319,
17.28,2,4.35541,1.22152,1.92741,0.47309,0.35366,0.21660,0.03252
17.3,0,2.33431,2.49559,3.14080,0.49611,0.00031,0.00000,
17.3,1,3.72879,2.26378,2.80433,-0.03071,0.01437,0.41362,
17.3,2,4.35215,1.23027,1.93434,0.46328,0.34172,0.20695,0.03188
17.32,0,2.32439,2.49560,3.14080,0.49611,0.00029,0.00000,
17.32,1,3.72923,2.26364,2.80453,-0.01101,0.00421,0.42386,
17.32,2,4.34887,1.23888,1.94107,0.45855,0.33183,0.19753,0.03142
17.34,0,2.31446,2.49561,3.14081,0.49611,0.00028,0.00000,
17.34,1,3.72927,2.26363,2.80456,0.00210,0.00008,0.43370,
17.34,2,4.34562,1.24715,1.94812,0.42644,0.37170,0.18874,0.03138
17.36,0,2.30454,2.49561,3.14081,0.49611,0.00027,0.00000,
17.36,1,3.72920,2.26365,2.80456,0.00515,0.00037,0.44341,
17.36,2,4.34243,1.25510,1.95450,0.42843,0.28839,0.18036,0.03145
17.38,0,2.29462,2.49562,3.14082,0.49611,0.00026,0.00000,
17.38,1,3.72909,2.26369,2.80455,0.00575,-0.00100,0.45310,
17.38,2,4.33924,1.26300,1.96012,0.42317,0.28243,0.17204,0.03157
17.4,0,2.28470,2.49563,3.14082,0.49611,0.00025,0.00000,
17.4,1,3.72899,2.26372,2.80453,0.00432,-0.00047,0.46279,
17.4,2,4.33606,1.27074,1.96586,0.41446,0.28893,0.16385,0.03167
17.42,0,2.27477,2.49564,3.14083,0.49611,0.00024,0.00000,
17.42,1,3.72504,2.26434,2.81187,0.24063,0.60728,0.46860,0.00992
17.42,2,4.33296,1.27804,1.97217,0.38655,0.30484,0.15860,0.03559
17.44,0,2.26485,2.49565,3.14083,0.49611,0.00023,0.00000,
17.44,1,3.72065,2.26496,2.82455,0.20604,0.63735,0.47396,0.01984
17.44,2,4.32992,1.28517,1.97743,0.38790,0.24330,0.15377,0.03996
17.46,0,2.25493,2.49565,3.14084,0.49611,0.00022,0.00000,
17.46,1,3.71620,2.26565,2.82531,0.23121,-0.15197,0.47926,0.02977
17.46,2,4.32687,1.29225,1.98231,0.38223,0.24871,0.14910,0.04442
17.48,0,2.24501,2.49566,3.14084,0.49611,0.00022,0.00000,
17.48,1,3.71076,2.26677,2.83005,0.40184,0.59584,0.48351,0.03969
17.48,2,4.32384,1.29918,1.98735,0.37440,0.25223,0.14548,0.04995
17.5,0,2.23509,2.49567,3.14085,0.49611,0.00021,0.00000,
17.5,1,3.70000,2.26975,2.84767,0.64177,0.92681,0.48223,0.04961
17.5,2,4.32084,1.30596,1.99229,0.36846,0.24146,0.14645,0.06112
17.52,0,2.22516,2.49568,3.14085,0.49611,0.00020,0.00000,
17.52,1,3.68730,2.27318,2.87180,0.62919,1.31361,0.47897,0.05953
17.52,2,4.31740,1.31398,1.99781,0.61045,0.50238,0.14765,0.00651
17.54,0,2.21524,2.49568,3.14085,0.49611,0.00019,0.00000,
17.54,1,3.67444,2.27689,2.88829,0.70185,0.36926,0.47551,0.06946
17.54,2,4.31277,1.32435,2.00149,0.56566,0.17305,0.14664,0.01989
17.56,0,2.20532,2.49569,3.14086,0.49611,0.00018,0.00000,
17.56,1,3.65949,2.28083,2.88932,0.81462,-0.04413,0.46996,0.07938
17.56,2,4.30814,1.33360,2.00061,0.51194,-0.06578,0.14804,0.03536
17.58,0,2.19582,2.49570,3.14086,0.46299,0.00007,0.00000,
17.58,1,3.64373,2.28488,2.89094,0.81478,0.17372,0.46317,0.08887
17.58,2,4.30337,1.34301,2.00145,0.60997,0.29664,0.14989,0.05162
17.6,0,2.18644,2.49570,3.14086,0.47323,0.00024,0.00000,
17.6,1,3.62785,2.28891,2.89530,0.81776,0.23407,0.45617,0.09825
17.6,2,4.29754,1.35527,2.01304,0.73575,0.49944,0.14899,0.06800
17.62,0,2.17695,2.49571,3.14087,0.47491,0.00019,0.00000,
17.62,1,3.61216,2.29284,2.90216,0.80308,0.37132,0.44948,0.00950
17.62,2,4.29124,1.36828,2.02116,0.73056,0.63026,0.14716,0.00805
17.64,0,2.16765,2.49572,3.14087,0.48681,0.00015,0.00000,
17.64,1,3.59658,2.29664,2.90786,0.80220,0.21270,0.44273,0.01879
17.64,2,4.28487,1.38135,2.02991,0.74650,0.34987,0.14521,0.02409
17.66,0,2.15752,2.49573,3.14087,0.51430,0.00008,0.00000,
17.66,1,3.58176,2.30031,2.91023,0.75905,0.14373,0.43758,0.02892
17.66,2,4.27777,1.39555,2.03715,0.82059,0.35864,0.14149,0.03935
17.68,0,2.14733,2.49573,3.14088,0.50358,0.00015,0.00000,
17.68,1,3.56682,2.30387,2.91426,0.77358,0.22679,0.43240,0.03912
17.68,2,4.27032,1.41026,2.04425,0.81886,0.35231,0.13730,0.05471
17.7,0,2.13739,2.49574,3.14088,0.49254,0.00016,0.00000,
17.7,1,3.55172,2.30739,2.91855,0.77475,0.19667,0.42681,0.04905
17.7,2,4.26296,1.42460,2.05127,0.79662,0.35035,0.13366,0.07021
17.72,0,2.12756,2.49575,3.14088,0.49260,0.00014,0.00000,
17.72,1,3.53685,2.31080,2.92373,0.77225,0.25569,0.42137,0.00984
17.72,2,4.25564,1.43865,2.05821,0.79130,0.34321,0.13019,0.08547
17.74,0,2.11767,2.49575,3.14089,0.49585,0.00013,0.00000,
17.74,1,3.52142,2.31424,2.92775,0.79955,0.16686,0.41544,0.01973
17.74,2,4.24827,1.45244,2.06559,0.75629,0.42523,0.12739,0.10128
17.76,0,2.10774,2.49576,3.14089,0.49673,0.00013,0.00000,
17.76,1,3.50597,2.31764,2.93134,0.79887,0.16864,0.40954,0.02966
17.76,2,4.24098,1.46582,2.07264,0.76642,0.30421,0.12509,0.11709
17.78,0,2.09781,2.49577,3.14089,0.49603,0.00012,0.00000,
17.78,1,3.49009,2.32104,2.93449,0.81735,0.15708,0.40321,0.03959
17.78,2,4.23356,1.47930,2.07836,0.77011,0.28428,0.12307,0.13333
17.8,0,2.08789,2.49577,3.14089,0.49557,0.00012,0.00000,
17.8,1,3.47415,2.32440,2.93775,0.81078,0.16673,0.39681,0.04950
17.8,2,4.22610,1.49260,2.08360,0.75832,0.24464,0.12130,0.14962
17.82,0,2.07798,2.49578,3.14090,0.49566,0.00011,0.00000,
17.82,1,3.45836,2.32766,2.94107,0.80349,0.16366,0.39058,0.05941
17.82,2,4.21843,1.50612,2.08974,0.78188,0.33276,0.11922,0.16574
17.84,0,2.06807,2.49579,3.14090,0.49581,0.00011,0.00000,
17.84,1,3.44346,2.33080,2.94328,0.75618,0.13779,0.38525,0.06933
17.84,2,4.21110,1.51895,2.09611,0.69703,0.29879,0.11731,0.18097
17.86,0,2.05815,2.49580,3.14090,0.49583,0.00010,0.00000,
17.86,1,3.42845,2.33386,2.94675,0.77240,0.18339,0.37983,0.07924
17.86,2,4.20447,1.53040,2.10164,0.64424,0.26447,0.11703,0.19628
17.88,0,2.04823,2.49580,3.14090,0.49579,0.00010,0.00000,
17.88,1,3.41325,2.33688,2.95009,0.77458,0.15072,0.37424,0.08916
17.88,2,4.19846,1.54030,2.10900,0.55639,0.39387,0.11853,0.21177
17.9,0,2.03832,2.49581,3.14090,0.49577,0.00010,0.00000,
17.9,1,3.39826,2.33984,2.95328,0.77782,0.13677,0.36885,0.09908
17.9,2,4.19253,1.54998,2.11602,0.57896,0.28191,0.12016,0.22705
17.92,0,2.02840,2.49582,3.14091,0.49578,0.00009,0.00000,
17.92,1,3.38273,2.34282,2.95585,0.77322,0.16986,0.36294,0.10899
17.92,2,4.18653,1.55969,2.11895,0.56586,0.06237,0.12223,0.24286
17.94,0,2.01849,2.49582,3.14091,0.49579,0.00009,0.00000,
17.94,1,3.36773,2.34568,2.95869,0.73807,0.12632,0.35757,0.11891
17.94,2,4.18016,1.56999,2.12333,0.62517,0.30038,0.12327,0.25812
17.96,0,2.00857,2.49583,3.14091,0.49579,0.00009,0.00000,
17.96,1,3.35460,2.34824,2.96003,0.59109,-0.01908,0.35410,0.12882
17.96,2,4.17364,1.58055,2.12920,0.60850,0.26486,0.12258,0.27149
17.98,0,1.99866,2.49584,3.14091,0.49579,0.00008,0.00000,
17.98,1,3.34289,2.35057,2.96053,0.60501,0.05978,0.35206,0.13874
17.98,2,4.16739,1.59056,2.13373,0.57776,0.20522,0.12135,0.28344
18.0,0,1.98874,2.49584,3.14091,0.49579,0.00008,0.00000,
18.0,1,3.33078,2.35281,2.96283,0.62059,0.14545,0.34964,0.14865
18.0,2,4.16130,1.60021,2.13778,0.56719,0.20530,0.12079,0.29574
18.02,0,1.97882,2.49585,3.14091,0.49579,0.00008,0.00000,
18.02,1,3.31864,2.35499,2.96571,0.61022,0.13433,0.34720,0.15857
18.02,2,4.15532,1.60938,2.14431,0.55648,0.30745,0.12069,0.00614
18.04,0,1.96891,2.49586,3.14092,0.49579,0.00007,0.00000,
18.04,1,3.30682,2.35708,2.96814,0.59314,0.11418,0.34509,0.16849
18.04,2,4.14921,1.61894,2.14877,0.57114,0.27837,0.12004,0.01814
18.06,0,1.95899,2.49586,3.14092,0.49579,0.00007,0.00000,
18.06,1,3.29525,2.35911,2.97039,0.58316,0.11298,0.34324,0.17840
18.06,2,4.14299,1.62813,2.15496,0.58813,0.51567,0.11937,0.02989
18.08,0,1.94908,2.49587,3.14092,0.49579,0.00007,0.00000,
18.08,1,3.28450,2.36105,2.97202,0.54589,0.10779,0.34222,0.18832
18.08,2,4.13599,1.63855,2.16817,0.64387,0.67777,0.11671,0.04081
18.1,0,1.93916,2.49588,3.14092,0.49579,0.00007,0.00000,
18.1,1,3.27368,2.36293,2.97453,0.54981,0.12789,0.34112,0.19823
18.1,2,4.12888,1.64903,2.18003,0.61819,0.52396,0.11401,0.05180
18.12,0,1.92925,2.49588,3.14092,0.49579,0.00006,0.00000,
18.12,1,3.26294,2.36475,2.97684,0.53943,0.10509,0.34012,0.20815
18.12,2,4.12205,1.65885,2.18973,0.58514,0.47308,0.11192,0.06269
18.14,0,1.91933,2.49589,3.14092,0.49579,0.00006,0.00000,
18.14,1,3.25252,2.36649,2.97896,0.51578,0.11659,0.33946,0.21806
18.14,2,4.11562,1.66788,2.19962,0.52287,0.49915,0.11040,0.07325
18.16,0,1.90941,2.49590,3.14092,0.49579,0.00006,0.00000,
18.16,1,3.24208,2.36821,2.98094,0.53717,0.08986,0.33877,0.22798
18.16,2,4.10941,1.67642,2.20908,0.53263,0.46141,0.10942,0.08384
18.18,0,1.89950,2.49590,3.14092,0.49579,0.00006,0.00000,
18.18,1,3.23150,2.36992,2.98273,0.53083,0.09141,0.33795,0.23790
18.18,2,4.10305,1.68499,2.21821,0.53144,0.45158,0.10848,0.09455
18.2,0,1.88958,2.49591,3.14093,0.49579,0.00005,0.00000,
18.2,1,3.22120,2.37157,2.98460,0.51446,0.09352,0.33741,0.24781
18.2,2,4.09676,1.69322,2.22596,0.51830,0.38607,0.10760,0.10498
18.22,0,1.87967,2.49592,3.14093,0.49579,0.00005,0.00000,
18.22,1,3.21116,2.37316,2.98643,0.50481,0.08953,0.33713,0.25773
18.22,2,4.09021,1.70170,2.23513,0.54377,0.48246,0.10616,0.11515
18.24,0,1.86975,2.49592,3.14093,0.49579,0.00005,0.00000,
18.24,1,3.20124,2.37471,2.98817,0.49938,0.08543,0.33699,0.26764
18.24,2,4.08356,1.71018,2.24427,0.53138,0.42961,0.10457,0.12518
18.26,0,1.85984,2.49593,3.14093,0.49579,0.00005,0.00000,
18.26,1,3.19230,2.37620,2.98893,0.43411,0.04454,0.33783,0.27756
18.26,2,4.07707,1.71832,2.25237,0.51261,0.39263,0.10255,0.13425
18.28,0,1.84992,2.49594,3.14093,0.49579,0.00005,0.00000,
18.28,1,3.18352,2.37760,2.99074,0.45045,0.10975,0.33884,0.28747
18.28,2,4.07068,1.72620,2.26016,0.50428,0.38841,0.10062,0.14314
18.3,0,1.84000,2.49594,3.14093,0.49579,0.00004,0.00000,
18.3,1,3.17468,2.37896,2.99279,0.42716,0.10946,0.33979,0.29739
18.3,2,4.06449,1.73371,2.26782,0.47493,0.37276,0.09914,0.15208
18.32,0,1.83009,2.49595,3.14093,0.49579,0.00004,0.00000,
18.32,1,3.16612,2.38027,2.99471,0.46233,0.06102,0.34103,0.30731
18.32,2,4.05840,1.74099,2.27516,0.47349,0.36336,0.09766,0.16074
18.34,0,1.82017,2.49596,3.14093,0.49579,0.00004,0.00000,
18.34,1,3.15672,2.38166,2.99575,0.47502,0.05569,0.34142,0.31722
18.34,2,4.05231,1.74817,2.28231,0.46772,0.35178,0.09700,0.17024
18.36,0,1.81026,2.49596,3.14093,0.49579,0.00004,0.00000,
18.36,1,3.14760,2.38300,2.99709,0.44806,0.07367,0.34210,0.32714
18.36,2,4.04638,1.75505,2.28914,0.43756,0.32744,0.09642,0.17946
18.38,0,1.80034,2.49597,3.14093,0.49579,0.00004,0.00000,
18.38,1,3.13894,2.38426,2.99857,0.43219,0.07230,0.34325,0.33705
18.38,2,4.04066,1.76161,2.29563,0.43375,0.32532,0.09581,0.18821
18.4,0,1.79043,2.49598,3.14093,0.49579,0.00004,0.00000,
18.4,1,3.13138,2.38544,2.99911,0.38275,0.05288,0.34551,0.34697
18.4,2,4.03494,1.76808,2.30212,0.42928,0.32147,0.09433,0.19585
18.42,0,1.78051,2.49598,3.14094,0.49579,0.00004,0.00000,
18.42,1,3.12361,2.38659,3.00071,0.39771,0.08741,0.34754,0.35688
18.42,2,4.02926,1.77441,2.30841,0.42236,0.30908,0.09315,0.20372
18.44,0,1.77059,2.49599,3.14094,0.49579,0.00003,0.00000,
18.44,1,3.11580,2.38771,3.00223,0.38894,0.06523,0.34956,0.36680
18.44,2,4.02363,1.78061,2.31447,0.41536,0.29859,0.09212,0.21160
18.46,0,1.76068,2.49600,3.14094,0.49579,0.00003,0.00000,
18.46,1,3.10841,2.38876,3.00360,0.37360,0.06480,0.35199,0.37672
18.46,2,4.01805,1.78667,2.32035,0.40924,0.28957,0.09085,0.21906
18.48,0,1.75076,2.49600,3.14094,0.49579,0.00003,0.00000,
18.48,1,3.10065,2.38984,3.00464,0.40026,0.04801,0.35406,0.38663
18.48,2,4.01254,1.79259,2.32568,0.40861,0.27867,0.09007,0.22690
18.5,0,1.74085,2.49601,3.14094,0.49579,0.00003,0.00000,
18.5,1,3.09280,2.39092,3.00567,0.38979,0.05513,0.35603,0.39655
18.5,2,4.00690,1.79858,2.33141,0.41123,0.28492,0.08924,0.23482
18.52,0,1.73136,2.49601,3.14094,0.46271,-0.00007,0.00000,
18.52,1,3.08526,2.39195,3.00681,0.37359,0.05664,0.35790,0.40604
18.52,2,4.00130,1.80446,2.33687,0.40076,0.26263,0.08824,0.24242
18.54,0,1.72198,2.49602,3.14094,0.47293,0.00009,0.00000,
18.54,1,3.07794,2.39294,3.00790,0.36757,0.05281,0.35987,0.41541
18.54,2,3.99582,1.81016,2.34196,0.39141,0.25022,0.08726,0.24981
18.56,0,1.71249,2.49603,3.14094,0.47461,0.00005,0.00000,
18.56,1,3.07068,2.39392,3.00892,0.36504,0.05023,0.36202,0.42490
18.56,2,3.99041,1.81573,2.34691,0.38628,0.24466,0.08637,0.25714
18.58,0,1.70330,2.49603,3.14094,0.48846,0.00003,0.00000,
18.58,1,3.06406,2.39486,3.00937,0.31331,0.01821,0.36452,0.43410
18.58,2,3.98524,1.82102,2.35156,0.36204,0.22915,0.08529,0.26382
18.6,0,1.69292,2.49604,3.14094,0.53176,-0.00006,0.00000,
18.6,1,3.05769,2.39574,3.01040,0.32657,0.06640,0.36845,0.44447
18.6,2,3.98016,1.82615,2.35619,0.36007,0.23185,0.08415,0.27025
18.62,0,1.68239,2.49605,3.14094,0.51798,0.00002,0.00000,
18.62,1,3.05123,2.39660,3.01163,0.32275,0.05317,0.37245,0.45500
18.62,2,3.97524,1.83110,2.36058,0.33784,0.21042,0.08332,0.27676
18.64,0,1.67224,2.49605,3.14094,0.50144,0.00004,0.00000,
18.64,1,3.04501,2.39742,3.01259,0.29204,0.06123,0.37631,0.46515
18.64,2,3.97047,1.83584,2.36487,0.33457,0.21596,0.08252,0.28304
18.66,0,1.66224,2.49606,3.14094,0.50087,0.00002,0.00000,
18.66,1,3.03882,2.39823,3.01348,0.32584,0.03619,0.38006,0.47516
18.66,2,3.96574,1.84050,2.36911,0.33017,0.20734,0.08177,0.28928
18.68,0,1.65254,2.49607,3.14094,0.46977,-0.00012,0.00000,
18.68,1,3.03229,2.39907,3.01420,0.32747,0.03777,0.38315,0.48485
18.68,2,3.96105,1.84507,2.37315,0.32472,0.19775,0.08145,0.29586
18.7,0,1.64300,2.49607,3.14094,0.48238,0.00008,0.00000,
18.7,1,3.02596,2.39988,3.01501,0.31226,0.04159,0.38630,0.49440
18.7,2,3.95642,1.84954,2.37703,0.31956,0.19172,0.08104,0.30224
18.72,0,1.63331,2.49608,3.14094,0.48425,0.00006,0.00000,
18.72,1,3.02360,2.40061,3.01829,0.05943,0.27384,0.39356,
18.72,2,3.95185,1.85393,2.38080,0.31488,0.18592,0.07727,0.30468
18.74,0,1.62366,2.49609,3.14094,0.48084,0.00001,0.00000,
18.74,1,3.02338,2.40123,3.02313,-0.01478,0.21339,0.40293,
18.74,2,3.94732,1.85824,2.38445,0.31028,0.17945,0.07168,0.30499
18.76,0,1.61416,2.49609,3.14094,0.46791,0.00008,0.00000,
18.76,1,3.02406,2.40122,3.02577,-0.04163,0.05980,0.41309,
18.76,2,3.94285,1.86246,2.38785,0.31221,0.17564,0.06509,0.30432
18.78,0,1.60444,2.49610,3.14094,0.49739,-0.00000,0.00000,
18.78,1,3.02490,2.40117,3.02580,-0.04062,-0.02902,0.42363,
18.78,2,3.93829,1.86674,2.39135,0.31125,0.17171,0.05825,0.30348
18.8,0,1.59452,2.49610,3.14094,0.49333,0.00006,0.00000,
18.8,1,3.02566,2.40114,3.02522,-0.03590,-0.02283,0.43429,
18.8,2,3.93380,1.87093,2.39466,0.30273,0.16139,0.05159,0.30273
18.82,0,1.58441,2.49611,3.14094,0.51222,-0.00001,0.00000,
18.82,1,3.02602,2.40112,3.02504,-0.00491,-0.00270,0.44474,
18.82,2,3.92941,1.87499,2.39782,0.29643,0.15531,0.04543,0.30237
18.84,0,1.57416,2.49612,3.14094,0.50990,0.00001,0.00000,
18.84,1,3.02600,2.40113,3.02503,0.00393,0.00056,0.45494,
18.84,2,3.92508,1.87897,2.40088,0.29283,0.15098,0.03971,0.30239
18.86,0,1.56404,2.49612,3.14095,0.50370,0.00002,0.00000,
18.86,1,3.02589,2.40114,3.02508,0.00639,0.00329,0.46493,
18.86,2,3.92079,1.88290,2.40384,0.28910,0.14599,0.03413,0.30250
18.88,0,1.55399,2.49613,3.14095,0.50265,0.00002,0.00000,
18.88,1,3.02576,2.40116,3.02512,0.00597,0.00081,0.47484,
18.88,2,3.91676,1.88658,2.40652,0.27001,0.14024,0.02892,0.30263
18.9,0,1.54392,2.49614,3.14095,0.50417,0.00001,0.00000,
18.9,1,3.02566,2.40117,3.02512,0.00469,-0.00044,0.48478,
18.9,2,3.91289,1.89010,2.40920,0.25425,0.13132,0.02389,0.30273
18.92,0,1.53420,2.49614,3.14094,0.46931,-0.00012,0.00000,
18.92,1,3.02128,2.40119,3.02639,0.26943,0.10628,0.49011,0.00972
18.92,2,3.90912,1.89350,2.41197,0.25255,0.13923,0.02275,0.30707
18.94,0,1.52469,2.49615,3.14094,0.48018,0.00007,0.00000,
18.94,1,3.01633,2.40122,3.02899,0.21262,0.16495,0.49466,0.01923
18.94,2,3.90539,1.89684,2.41463,0.24851,0.12687,0.02217,0.31196
18.96,0,1.51504,2.49616,3.14095,0.48265,0.00005,0.00000,
18.96,1,3.01215,2.40121,3.03337,0.20446,0.42070,0.50011,0.02888
18.96,2,3.90171,1.90011,2.41707,0.24406,0.11978,0.02100,0.31610
18.98,0,1.50541,2.49616,3.14095,0.47991,0.00000,0.00000,
18.98,1,3.00538,2.40116,3.05202,0.50639,0.93544,0.50297,0.03850
18.98,2,3.89809,1.90331,2.41944,0.24033,0.11740,0.02215,0.32278
19.0,0,1.49595,2.49617,3.14095,0.47774,0.00003,0.00000,
19.0,1,2.99234,2.40215,3.06030,0.73212,-0.05811,0.49934,0.04796
19.0,2,3.89451,1.90647,2.42175,0.23692,0.11398,0.02938,0.33583
19.02,0,1.48615,2.49618,3.14095,0.48135,0.00009,0.00000,
19.02,1,2.97799,2.40327,3.06106,0.69825,0.22163,0.49473,0.05777
19.02,2,3.89184,1.90883,2.42688,0.07467,0.83679,0.03904,
19.04,0,1.47614,2.49618,3.14095,0.51159,-0.00001,0.00000,
19.04,1,2.96352,2.40411,3.06952,0.74751,0.42821,0.49023,0.06778
19.04,2,3.89071,1.90981,2.44357,0.07466,0.83689,0.05072,
19.06,0,1.46586,2.49619,3.14095,0.51238,-0.00000,0.00000,
19.06,1,2.94810,2.40524,3.07333,0.77410,0.02896,0.48503,0.07806
19.06,2,3.89041,1.91060,2.45556,0.00796,0.40850,0.06424,
19.08,0,1.45571,2.49619,3.14095,0.50372,0.00002,0.00000,
19.08,1,2.93201,2.40645,3.07230,0.82465,-0.06298,0.47902,0.08821
19.08,2,3.88969,1.91163,2.47486,0.07245,1.06916,0.07796,
19.1,0,1.44568,2.49620,3.14095,0.50107,0.00002,0.00000,
19.1,1,2.91554,2.40764,3.07187,0.82128,0.01264,0.47252,0.09824
19.1,2,3.88921,1.91201,2.48509,0.01300,0.16139,0.09256,
19.12,0,1.43564,2.49621,3.14095,0.50286,0.00001,0.00000,
19.12,1,2.89933,2.40879,3.07344,0.80613,0.09893,0.46630,0.01004
19.12,2,3.88918,1.91207,2.48542,-0.00226,-0.06352,0.10749,
19.14,0,1.42557,2.49621,3.14095,0.50414,0.00001,0.00000,
19.14,1,2.88428,2.40986,3.07430,0.75554,0.02205,0.46126,0.02011
19.14,2,3.88918,1.91210,2.48360,0.00659,-0.08106,0.12142,
19.16,0,1.41586,2.49622,3.14095,0.46849,-0.00012,0.00000,
19.16,1,2.86898,2.41091,3.07452,0.77368,0.00765,0.45563,0.02982
19.16,2,3.88897,1.91228,2.48277,0.01751,-0.01143,0.13535,
19.18,0,1.40636,2.49623,3.14095,0.47915,0.00007,0.00000,
19.18,1,2.85350,2.41196,3.07474,0.77582,0.01417,0.44958,0.03932
19.18,2,3.88868,1.91250,2.48290,0.01803,0.01362,0.14937,
19.2,0,1.39674,2.49623,3.14095,0.48180,0.00004,0.00000,
19.2,1,2.83822,2.41300,3.07517,0.78258,0.01409,0.44388,0.04894
19.2,2,3.88842,1.91270,2.48312,0.01497,0.00680,0.16328,
19.22,0,1.38713,2.49624,3.14095,0.47918,-0.00000,0.00000,
19.22,1,2.82232,2.41406,3.07538,0.80182,0.01030,0.43755,0.05855
19.22,2,3.88697,1.91373,2.48325,0.26115,0.01476,0.17636,0.00801
19.24,0,1.37766,2.49625,3.14095,0.48356,0.00001,0.00000,
19.24,1,2.80650,2.41513,3.07572,0.80984,0.01090,0.43114,0.06802
19.24,2,3.88275,1.91669,2.48360,0.22888,0.04477,0.18607,0.02387
19.26,0,1.36787,2.49625,3.14095,0.49219,0.00004,0.00000,
19.26,1,2.79018,2.41621,3.07592,0.81896,0.01101,0.42456,0.07781
19.26,2,3.87973,1.91883,2.48493,0.15996,0.07717,0.19771,0.04022
19.28,0,1.35772,2.49626,3.14095,0.51448,-0.00002,0.00000,
19.28,1,2.77394,2.41728,3.07617,0.80951,0.01390,0.41841,0.08796
19.28,2,3.87556,1.92169,2.49191,0.41240,0.55295,0.20796,0.05650
19.3,0,1.34746,2.49626,3.14095,0.50929,0.00000,0.00000,
19.3,1,2.75809,2.41833,3.07632,0.74568,-0.01863,0.41278,0.09821
19.3,2,3.86677,1.92828,2.49973,0.56445,0.27451,0.21216,0.07238
19.32,0,1.33738,2.49627,3.14095,0.50130,0.00002,0.00000,
19.32,1,2.74304,2.41935,3.07637,0.76304,0.01746,0.40777,0.10830
19.32,2,3.85776,1.93535,2.50691,0.59318,0.56484,0.21526,0.08747
19.34,0,1.32737,2.49628,3.14095,0.50058,0.00001,0.00000,
19.34,1,2.72765,2.42036,3.07680,0.77528,0.02043,0.40234,0.11831
19.34,2,3.84765,1.94208,2.52315,0.63726,0.90695,0.21785,0.10289
19.36,0,1.31733,2.49628,3.14095,0.50272,0.00001,0.00000,
19.36,1,2.71242,2.42137,3.07723,0.73348,0.03216,0.39710,0.12835
19.36,2,3.83629,1.95014,2.53237,0.75023,0.21167,0.21866,0.11815
19.38,0,1.30727,2.49629,3.14095,0.50352,0.00001,0.00000,
19.38,1,2.69683,2.42240,3.07745,0.81335,0.00122,0.39153,0.13841
19.38,2,3.82340,1.95923,2.53656,0.80393,0.27505,0.21807,0.13377
19.4,0,1.29735,2.49630,3.14095,0.46491,-0.00020,0.00000,
19.4,1,2.68060,2.42345,3.07751,0.78487,0.00725,0.38516,0.14832
19.4,2,3.81040,1.96829,2.54426,0.79308,0.42102,0.21804,0.15004
19.42,0,1.28794,2.49630,3.14095,0.47572,0.00004,0.00000,
19.42,1,2.66673,2.42438,3.07742,0.55057,-0.06444,0.38067,0.15774
19.42,2,3.79723,1.97728,2.55237,0.79869,0.38568,0.21570,0.16394
19.44,0,1.27835,2.49631,3.14095,0.48130,0.00006,0.00000,
19.44,1,2.65571,2.42523,3.07623,0.55547,-0.05407,0.37920,0.16733
19.44,2,3.78399,1.98614,2.55964,0.79423,0.35007,0.21071,0.17499
19.46,0,1.26874,2.49632,3.14095,0.47947,0.00000,0.00000,
19.46,1,2.64426,2.42603,3.07599,0.58953,0.01858,0.37731,0.17694
19.46,2,3.77075,1.99485,2.56653,0.79118,0.34282,0.20620,0.18647
19.48,0,1.25940,2.49632,3.14095,0.47282,0.00006,0.00000,
19.48,1,2.63260,2.42683,3.07674,0.61317,0.02675,0.37496,0.18628
19.48,2,3.75747,2.00346,2.57336,0.79177,0.33958,0.20191,0.19816
19.5,0,1.24938,2.49633,3.14095,0.51623,-0.00005,0.00000,
19.5,1,2.62006,2.42766,3.07700,0.62766,0.00610,0.37241,0.19630
19.5,2,3.74412,2.01198,2.58007,0.78780,0.33071,0.19846,0.21073
19.52,0,1.23903,2.49634,3.14095,0.51340,-0.00000,0.00000,
19.52,1,2.60794,2.42845,3.07725,0.60856,0.00958,0.37059,0.20665
19.52,2,3.73166,2.01987,2.58610,0.67074,0.21244,0.19569,0.22287
19.54,0,1.22892,2.49634,3.14095,0.49989,0.00002,0.00000,
19.54,1,2.59589,2.42923,3.07746,0.59794,0.01156,0.36862,0.21676
19.54,2,3.72107,2.02663,2.59098,0.60606,0.28513,0.19503,0.23494
19.56,0,1.21898,2.49635,3.14095,0.49695,0.00001,0.00000,
19.56,1,2.58421,2.42999,3.07766,0.53788,-0.01418,0.36685,0.22670
19.56,2,3.71069,2.03307,2.59776,0.61607,0.34965,0.19436,0.24665
19.58,0,1.20900,2.49635,3.14095,0.50009,0.00000,0.00000,
19.58,1,2.57411,2.43069,3.07743,0.51754,0.01238,0.36668,0.23668
19.58,2,3.70012,2.03948,2.60409,0.61665,0.28732,0.19203,0.25678
19.6,0,1.19898,2.49636,3.14095,0.50182,0.00001,0.00000,
19.6,1,2.56358,2.43139,3.07791,0.53100,0.02563,0.36615,0.24670
19.6,2,3.68965,2.04572,2.60947,0.60228,0.26296,0.19028,0.26733
19.62,0,1.18894,2.49637,3.14095,0.50138,0.00001,0.00000,
19.62,1,2.55330,2.43206,3.07840,0.49903,0.02526,0.36587,0.25673
19.62,2,3.67880,2.05194,2.62041,0.70162,1.26512,0.18795,0.00502
19.64,0,1.17892,2.49637,3.14095,0.50075,0.00001,0.00000,
19.64,1,2.54279,2.43273,3.07858,0.54177,0.00239,0.36535,0.26675
19.64,2,3.66657,2.05891,2.64342,0.68332,1.02235,0.18432,0.01555
19.66,0,1.16941,2.49638,3.14095,0.46803,-0.00007,0.00000,
19.66,1,2.53201,2.43341,3.07867,0.53239,0.00787,0.36406,0.27627
19.66,2,3.65512,2.06535,2.65675,0.66602,0.28915,0.18188,0.02634
19.68,0,1.15993,2.49639,3.14095,0.47808,0.00007,0.00000,
19.68,1,2.52166,2.43406,3.07890,0.50920,0.01256,0.36315,0.28575
19.68,2,3.64426,2.07130,2.65758,0.55212,-0.06606,0.17976,0.03672
19.7,0,1.15034,2.49639,3.14095,0.47911,0.00003,0.00000,
19.7,1,2.51162,2.43469,3.07914,0.49937,0.01104,0.36267,0.29533
19.7,2,3.63464,2.07668,2.65810,0.54758,0.15692,0.17870,0.04678
19.72,0,1.14098,2.49640,3.14095,0.45802,0.00011,0.00000,
19.72,1,2.50037,2.43531,3.07954,0.54081,-0.05757,0.36076,0.00936
19.72,2,3.62495,2.08180,2.66454,0.54879,0.40468,0.17883,0.05804
19.74,0,1.13117,2.49640,3.14095,0.51039,-0.00005,0.00000,
19.74,1,2.48948,2.43599,3.07819,0.56674,-0.08611,0.35964,0.01917
19.74,2,3.61521,2.08682,2.67244,0.54530,0.36528,0.17864,0.06896
19.76,0,1.12085,2.49641,3.14095,0.51458,-0.00002,0.00000,
19.76,1,2.47674,2.43682,3.07758,0.65592,0.04327,0.35720,0.02949
19.76,2,3.60566,2.09167,2.67946,0.52939,0.34811,0.18050,0.08172
19.78,0,1.11072,2.49642,3.14095,0.50040,0.00002,0.00000,
19.78,1,2.46188,2.43779,3.07880,0.77787,0.07263,0.35243,0.03962
19.78,2,3.59603,2.09649,2.68545,0.54269,0.27957,0.18439,0.09662
19.8,0,1.10079,2.49642,3.14095,0.49522,0.00001,0.00000,
19.8,1,2.44578,2.43883,3.07990,0.82637,0.03718,0.34622,0.04955
19.8,2,3.58635,2.10123,2.69114,0.53314,0.29193,0.18949,0.11275
19.82,0,1.09086,2.49643,3.14095,0.49793,0.00000,0.00000,
19.82,1,2.42907,2.43987,3.08042,0.83488,0.02510,0.33941,0.05948
19.82,2,3.57690,2.10580,2.69706,0.51882,0.29491,0.19546,0.12949
19.84,0,1.08087,2.49644,3.14095,0.50020,0.00000,0.00000,
19.84,1,2.41269,2.44088,3.08105,0.80612,0.03623,0.33297,0.06947
19.84,2,3.56762,2.11022,2.70281,0.51057,0.28083,0.20134,0.14590
19.86,0,1.07087,2.49644,3.14095,0.50003,0.00001,0.00000,
19.86,1,2.39762,2.44179,3.08181,0.70924,0.03713,0.32787,0.07948
19.86,2,3.55844,2.11454,2.70829,0.50476,0.26892,0.20607,0.16100
19.88,0,1.06088,2.49645,3.14095,0.49932,0.00001,0.00000,
19.88,1,2.38590,2.44261,3.08149,0.54570,-0.03976,0.32611,0.08947
19.88,2,3.54953,2.11872,2.71294,0.44083,0.05945,0.20787,0.17275
19.9,0,1.05089,2.49646,3.14095,0.49917,0.00000,0.00000,
19.9,1,2.37482,2.44338,3.08080,0.57202,-0.01091,0.32499,0.09945
19.9,2,3.54149,2.12258,2.71710,0.45089,0.30172,0.20997,0.18385
19.92,0,1.04091,2.49646,3.14095,0.49934,0.00000,0.00000,
19.92,1,2.36305,2.44410,3.08137,0.57757,0.06120,0.32318,0.10944
19.92,2,3.53323,2.12635,2.72334,0.45387,0.28998,0.21256,0.19565
19.94,0,1.03092,2.49647,3.14095,0.49943,0.00000,0.00000,
19.94,1,2.35118,2.44483,3.08248,0.62149,0.03906,0.32127,0.11942
19.94,2,3.52504,2.13001,2.72830,0.44348,0.22134,0.21535,0.20754
19.96,0,1.02143,2.49648,3.14095,0.46698,-0.00007,0.00000,
19.96,1,2.33868,2.44557,3.08306,0.61931,0.02626,0.31824,0.12891
19.96,2,3.51711,2.13352,2.73342,0.45001,0.20764,0.21904,0.22006
19.98,0,1.01197,2.49648,3.14095,0.47674,0.00007,0.00000,
19.98,1,2.32667,2.44628,3.08365,0.58820,0.03213,0.31566,0.13837
19.98,2,3.50870,2.13716,2.73729,0.45820,0.19636,0.22178,0.23209
20.0,0,1.00241,2.49649,3.14095,0.47768,0.00003,0.00000,
20.0,1,2.31512,2.44695,3.08432,0.57348,0.03355,0.31364,0.14793
20.0,2,3.50045,2.14069,2.74149,0.44011,0.21792,0.22425,0.24366
20.02,0,0.99300,2.49649,3.14095,0.47774,0.00001,0.00000,
20.02,1,2.30371,2.44760,3.08496,0.57030,0.03100,0.31162,0.15734
20.02,2,3.49144,2.14439,2.74785,0.56952,0.85823,0.22583,0.00571
20.04,0,0.98326,2.49650,3.14095,0.50726,-0.00004,0.00000,
20.04,1,2.29238,2.44825,3.08556,0.56434,0.02944,0.31001,0.16709
20.04,2,3.48084,2.14868,2.76676,0.54150,1.00224,0.22564,0.01706
20.06,0,0.97297,2.49651,3.14095,0.51405,-0.00002,0.00000,
20.06,1,2.28177,2.44886,3.08594,0.51914,0.02191,0.30967,0.17737
20.06,2,3.47042,2.15257,2.79149,0.60916,1.17620,0.22502,0.02768
20.08,0,0.96283,2.49651,3.14095,0.50101,0.00001,0.00000,
20.08,1,2.27133,2.44946,3.08656,0.52494,0.03486,0.30934,0.18751
20.08,2,3.45721,2.15744,2.80269,0.75984,0.12199,0.22131,0.03814
20.1,0,0.95289,2.49652,3.14095,0.49538,0.00001,0.00000,
20.1,1,2.26091,2.45003,3.08720,0.51766,0.02865,0.30884,0.19745
20.1,2,3.44349,2.16251,2.80379,0.73141,0.00369,0.21703,0.04858
20.12,0,0.94297,2.49653,3.14095,0.49763,0.00000,0.00000,
20.12,1,2.25070,2.45059,3.08772,0.50560,0.02457,0.30854,0.20738
20.12,2,3.43020,2.16722,2.80572,0.68064,0.17978,0.21306,0.05880
20.14,0,0.93299,2.49653,3.14095,0.49990,0.00000,0.00000,
20.14,1,2.24071,2.45113,3.08821,0.49697,0.02495,0.30851,0.21736
20.14,2,3.41906,2.17140,2.80703,0.59633,0.18986,0.21110,0.06881
20.16,0,0.92299,2.49654,3.14095,0.49987,0.00000,0.00000,
20.16,1,2.23085,2.45166,3.08871,0.49058,0.02489,0.30864,0.22736
20.16,2,3.40762,2.17543,2.81213,0.61157,0.26073,0.20875,0.07868
20.18,0,0.91300,2.49654,3.14095,0.49920,0.00000,0.00000,
20.18,1,2.22178,2.45216,3.08902,0.45808,0.02380,0.30953,0.23735
20.18,2,3.39611,2.17938,2.81642,0.60316,0.17739,0.20559,0.08777
20.2,0,0.90301,2.49655,3.14095,0.49902,0.00000,0.00000,
20.2,1,2.21259,2.45265,3.08957,0.45977,0.02786,0.31031,0.24733
20.2,2,3.38486,2.18318,2.81960,0.58580,0.15547,0.20285,0.09697
20.22,0,0.89303,2.49656,3.14095,0.49917,0.00000,0.00000,
20.22,1,2.20350,2.45312,3.09007,0.45030,0.02224,0.31119,0.25731
20.22,2,3.37387,2.18684,2.82287,0.57500,0.16943,0.20028,0.10607
20.24,0,0.88305,2.49656,3.14095,0.49926,0.00000,0.00000,
20.24,1,2.19462,2.45358,3.09048,0.44036,0.02040,0.31228,0.26730
20.24,2,3.36302,2.19042,2.82628,0.56862,0.16878,0.19767,0.11496
20.26,0,0.87306,2.49657,3.14095,0.49925,0.00000,0.00000,
20.26,1,2.18590,2.45403,3.09090,0.43391,0.02079,0.31353,0.27728
20.26,2,3.35228,2.19393,2.82955,0.56114,0.15927,0.19503,0.12369
20.28,0,0.86330,2.49658,3.14095,0.46243,-0.00018,0.00000,
20.28,1,2.17729,2.45447,3.09131,0.42835,0.02038,0.31466,0.28704
20.28,2,3.34169,2.19734,2.83266,0.55223,0.15287,0.19245,0.13231
20.3,0,0.85393,2.49658,3.14095,0.47361,0.00004,0.00000,
20.3,1,2.16884,2.45489,3.09175,0.43171,0.01872,0.31557,0.29641
20.3,2,3.33180,2.20060,2.83478,0.51479,0.13809,0.19044,0.14077
20.32,0,0.84439,2.49659,3.14095,0.47808,0.00005,0.00000,
20.32,1,2.16018,2.45532,3.09210,0.43169,0.01730,0.31643,0.30595
20.32,2,3.32195,2.20375,2.83817,0.51762,0.17548,0.18870,0.14944
20.34,0,0.83501,2.49660,3.14095,0.45044,0.00014,0.00000,
20.34,1,2.15170,2.45574,3.09246,0.41827,0.01829,0.31733,0.31534
20.34,2,3.31215,2.20683,2.84131,0.50943,0.14094,0.18684,0.15793
20.36,0,0.82532,2.49660,3.14095,0.50630,-0.00005,0.00000,
20.36,1,2.14346,2.45615,3.09282,0.40888,0.01787,0.31876,0.32502
20.36,2,3.30253,2.20981,2.84393,0.49819,0.12736,0.18496,0.16618
20.38,0,0.81504,2.49661,3.14095,0.51435,-0.00003,0.00000,
20.38,1,2.13599,2.45654,3.09292,0.35066,0.00201,0.32157,0.33531
20.38,2,3.29310,2.21270,2.84651,0.49012,0.13007,0.18252,0.17366
20.4,0,0.80490,2.49661,3.14095,0.50022,0.00002,0.00000,
20.4,1,2.12877,2.45691,3.09325,0.36833,0.02385,0.32447,0.34544
20.4,2,3.28379,2.21553,2.84910,0.48375,0.12815,0.17997,0.18089
20.42,0,0.79499,2.49662,3.14095,0.49393,0.00001,0.00000,
20.42,1,2.12142,2.45727,3.09371,0.36492,0.01966,0.32702,0.35536
20.42,2,3.27459,2.21830,2.85160,0.47684,0.12250,0.17768,0.18825
20.44,0,0.78509,2.49663,3.14095,0.49631,0.00000,0.00000,
20.44,1,2.11440,2.45761,3.09408,0.33962,0.01990,0.32989,0.36526
20.44,2,3.26553,2.22101,2.85400,0.46944,0.11790,0.17520,0.19528
20.46,0,0.77513,2.49663,3.14095,0.49882,0.00000,0.00000,
20.46,1,2.10721,2.45795,3.09436,0.37205,0.01131,0.33264,0.37521
20.46,2,3.25661,2.22365,2.85632,0.46224,0.11431,0.17304,0.20248
20.48,0,0.76515,2.49664,3.14095,0.49881,0.00000,0.00000,
20.48,1,2.09978,2.45831,3.09460,0.36720,0.01349,0.33518,0.38519
20.48,2,3.24806,2.22620,2.85804,0.42553,0.06134,0.17151,0.20992
20.5,0,0.75518,2.49665,3.14095,0.49808,0.00000,0.00000,
20.5,1,2.09263,2.45864,3.09489,0.35063,0.01483,0.33799,0.39516
20.5,2,3.23984,2.22864,2.86020,0.43058,0.13104,0.17004,0.21707
20.52,0,0.74522,2.49665,3.14095,0.49788,0.00000,0.00000,
20.52,1,2.08573,2.45896,3.09518,0.34329,0.01378,0.34103,0.40512
20.52,2,3.23094,2.23116,2.86518,0.55011,0.55318,0.16765,0.00344
20.54,0,0.73527,2.49666,3.14095,0.49804,0.00000,0.00000,
20.54,1,2.07889,2.45928,3.09545,0.34106,0.01289,0.34415,0.41508
20.54,2,3.22006,2.23422,2.87679,0.50590,0.54383,0.16315,0.01028
20.56,0,0.72530,2.49667,3.14095,0.49814,0.00000,0.00000,
20.56,1,2.07212,2.45959,3.09570,0.33702,0.01257,0.34732,0.42504
20.56,2,3.21049,2.23702,2.88356,0.49669,0.15336,0.15993,0.01706
20.58,0,0.71534,2.49667,3.14095,0.49812,0.00000,0.00000,
20.58,1,2.06581,2.45990,3.09581,0.28258,-0.00507,0.35097,0.43500
20.58,2,3.20122,2.23951,2.88470,0.46580,0.03691,0.15660,0.02338
20.6,0,0.70538,2.49668,3.14095,0.49809,0.00000,0.00000,
20.6,1,2.05999,2.46018,3.09597,0.29770,0.01614,0.35510,0.44497
20.6,2,3.19426,2.24166,2.88298,0.35210,-0.02887,0.15513,0.02921
20.62,0,0.69542,2.49668,3.14095,0.49808,0.00000,0.00000,
20.62,1,2.05401,2.46046,3.09631,0.29747,0.01576,0.35908,0.45493
20.62,2,3.18724,2.24362,2.88418,0.37637,0.13221,0.15379,0.03519
20.64,0,0.68546,2.49669,3.14095,0.49809,0.00000,0.00000,
20.64,1,2.04817,2.46073,3.09656,0.28784,0.01034,0.36319,0.46489
20.64,2,3.17997,2.24555,2.88779,0.35103,0.24858,0.15207,0.04103
20.66,0,0.67593,2.49670,3.14095,0.46465,-0.00010,0.00000,
20.66,1,2.04260,2.46098,3.09682,0.29066,0.00981,0.36714,0.47442
20.66,2,3.17245,2.24751,2.89114,0.42132,0.09504,0.14984,0.04662
20.68,0,0.66651,2.49670,3.14095,0.47500,0.00006,0.00000,
20.68,1,2.03660,2.46125,3.09698,0.30232,0.00848,0.37055,0.48384
20.68,2,3.16416,2.24963,2.89269,0.42211,0.08481,0.14724,0.05262
20.7,0,0.65698,2.49671,3.14095,0.47672,0.00003,0.00000,
20.7,1,2.03069,2.46152,3.09717,0.28967,0.01026,0.37416,0.49337
20.7,2,3.15632,2.25162,2.89484,0.39044,0.12104,0.14504,0.05854
20.72,0,0.64769,2.49672,3.14095,0.47615,0.00003,0.00000,
20.72,1,2.02806,2.46173,3.09848,0.09356,0.13610,0.38082,
20.72,2,3.14943,2.25344,2.89814,0.33471,0.31597,0.14055,0.00098
20.74,0,0.63766,2.49672,3.14095,0.51427,-0.00006,0.00000,
20.74,1,2.02743,2.46185,3.10008,-0.00121,0.03520,0.39020,
20.74,2,3.14370,2.25516,2.90399,0.27481,0.28996,0.13525,0.00163
20.76,0,0.62740,2.49673,3.14095,0.50820,-0.00000,0.00000,
20.76,1,2.02767,2.46184,3.10025,-0.01652,-0.00822,0.40071,
20.76,2,3.13909,2.25645,2.90805,0.20449,0.11196,0.13024,0.00139
20.78,0,0.61739,2.49673,3.14095,0.49532,0.00002,0.00000,
20.78,1,2.02805,2.46182,3.09994,-0.01976,-0.01486,0.41109,
20.78,2,3.13524,2.25735,2.90979,0.19545,0.07900,0.12591,0.00101
20.8,0,0.60752,2.49674,3.14095,0.49352,0.00000,0.00000,
20.8,1,2.02842,2.46181,3.09978,-0.01688,-0.00276,0.42133,
20.8,2,3.13140,2.25823,2.91151,0.19858,0.09323,0.12161,0.00065
20.82,0,0.59761,2.49675,3.14095,0.49679,-0.00000,0.00000,
20.82,1,2.02873,2.46180,3.09979,-0.01506,0.00228,0.43154,
20.82,2,3.12752,2.25913,2.91345,0.19833,0.09803,0.11733,0.00035
20.84,0,0.58766,2.49675,3.14095,0.49822,0.00000,0.00000,
20.84,1,2.02903,2.46178,3.09983,-0.01540,0.00132,0.44180,
20.84,2,3.12372,2.26001,2.91538,0.18633,0.10504,0.11313,0.00015
20.86,0,0.57770,2.49676,3.14095,0.49766,0.00000,0.00000,
20.86,1,2.02935,2.46177,3.09984,-0.01603,-0.00006,0.45207,
20.86,2,3.12001,2.26087,2.91739,0.20401,0.08139,0.10901,0.00033
20.88,0,0.56775,2.49677,3.14095,0.49709,0.00000,0.00000,
20.88,1,2.02951,2.46176,3.09984,-0.00211,-0.00003,0.46218,
20.88,2,3.11591,2.26181,2.91888,0.21043,0.07453,0.10465,0.00048
20.9,0,0.55781,2.49677,3.14095,0.49709,0.00000,0.00000,
20.9,1,2.02949,2.46176,3.09984,0.00194,-0.00006,0.47210,
20.9,2,3.11194,2.26271,2.92046,0.19805,0.08182,0.10059,0.00047
20.92,0,0.54786,2.49678,3.14095,0.49726,0.00000,0.00000,
20.92,1,2.02944,2.46177,3.09984,0.00294,-0.00012,0.48199,
20.92,2,3.10816,2.26356,2.92209,0.19073,0.07980,0.09678,0.00042
20.94,0,0.53792,2.49679,3.14095,0.49731,0.00000,0.00000,
20.94,1,2.02938,2.46177,3.09983,0.00271,-0.00005,0.49188,
20.94,2,3.10445,2.26438,2.92362,0.18987,0.07466,0.09304,0.00037
20.96,0,0.52797,2.49679,3.14095,0.49727,0.00000,0.00000,
20.96,1,2.02934,2.46177,3.09983,0.00222,0.00001,0.50177,
20.96,2,3.10076,2.26520,2.92508,0.18864,0.07167,0.08930,0.00032
20.98,0,0.51803,2.49680,3.14095,0.49725,0.00000,0.00000,
20.98,1,2.02929,2.46177,3.09983,0.00215,0.00001,0.51167,
20.98,2,3.09710,2.26601,2.92649,0.18546,0.06952,0.08561,0.00029
21.0,0,0.50808,2.49680,3.14095,0.49725,0.00000,0.00000,
21.0,1,2.02925,2.46177,3.09983,0.00228,0.00000,0.52157,
21.0,2,3.09352,2.26679,2.92785,0.18214,0.06700,0.08198,0.00025
21.02,0,0.49814,2.49681,3.14095,0.49726,0.00000,0.00000,
21.02,1,2.02920,2.46178,3.09983,0.00233,-0.00000,0.53146,
21.02,2,3.09010,2.26756,2.92983,0.21124,0.17873,0.07853,0.00002
21.04,0,0.48819,2.49682,3.14095,0.49726,0.00000,0.00000,
21.04,1,2.02916,2.46178,3.09983,0.00231,-0.00000,0.54136,
21.04,2,3.08551,2.26840,2.93196,0.22289,0.05939,0.07390,0.00007
21.06,0,0.47825,2.49682,3.14095,0.49726,0.00000,0.00000,
21.06,1,2.02911,2.46178,3.09983,0.00229,0.00000,0.55126,
21.06,2,3.08237,2.26902,2.93241,0.10567,0.01801,0.07075,0.00012
21.08,0,0.46830,2.49683,3.14095,0.49726,0.00000,0.00000,
21.08,1,2.02906,2.46178,3.09983,0.00229,0.00000,0.56115,
21.08,2,3.08118,2.26928,2.93298,0.02780,0.02513,0.06958,0.00016
21.1,0,0.45836,2.49684,3.14095,0.49726,0.00000,0.00000,
21.1,1,2.02902,2.46178,3.09983,0.00230,0.00000,0.57105,
21.1,2,3.08071,2.26939,2.93379,0.03315,0.06009,0.06914,0.00021
21.12,0,0.44841,2.49684,3.14095,0.49726,0.00000,0.00000,
21.12,1,2.02897,2.46179,3.09983,0.00230,-0.00000,0.58095,
21.12,2,3.07970,2.26961,2.93529,0.06160,0.07479,0.06816,0.00002
21.14,0,0.43914,2.49685,3.14095,0.46872,-0.00001,0.00000,
21.14,1,2.02893,2.46179,3.09983,0.00230,-0.00000,0.59017,
21.14,2,3.07854,2.26985,2.93649,0.05387,0.04838,0.06702,0.00007
21.16,0,0.42967,2.49686,3.14095,0.47597,0.00006,0.00000,
21.16,1,2.02888,2.46179,3.09983,0.00230,-0.00000,0.59960,
21.16,2,3.07777,2.27002,2.93761,0.04123,0.06039,0.06628,0.00011
21.18,0,0.42026,2.49686,3.14095,0.44233,0.00018,0.00000,
21.18,1,2.02883,2.46179,3.09983,0.00230,0.00000,0.60896,
21.18,2,3.07658,2.27027,2.93866,0.08284,0.03811,0.06510,0.00016
21.2,0,0.41071,2.49687,3.14095,0.50156,-0.00005,0.00000,
21.2,1,2.02879,2.46179,3.09983,0.00230,0.00000,0.61846,
21.2,2,3.07470,2.27066,2.93926,0.09648,0.03084,0.06324,0.00021
21.22,0,0.40046,2.49687,3.14095,0.51392,-0.00004,0.00000,
21.22,1,2.02874,2.46180,3.09983,0.00230,-0.00000,0.62866,
21.22,2,3.07302,2.27100,2.94002,0.07657,0.04321,0.06157,0.00025
21.24,0,0.39033,2.49688,3.14095,0.49999,0.00001,0.00000,
21.24,1,2.02870,2.46180,3.09983,0.00230,-0.00000,0.63874,
21.24,2,3.07165,2.27129,2.94090,0.06794,0.04301,0.06021,0.00030
21.26,0,0.38043,2.49689,3.14095,0.49249,0.00001,0.00000,
21.26,1,2.02865,2.46180,3.09983,0.00230,-0.00000,0.64859,
21.26,2,3.07029,2.27156,2.94171,0.07116,0.03841,0.05886,0.00034
21.28,0,0.37057,2.49689,3.14095,0.49449,0.00000,0.00000,
21.28,1,2.02860,2.46180,3.09983,0.00230,0.00000,0.65841,
21.28,2,3.06895,2.27184,2.94233,0.05294,0.00939,0.05754,0.00039
21.3,0,0.36065,2.49690,3.14095,0.49723,0.00000,0.00000,
21.3,1,2.02856,2.46180,3.09983,0.00230,0.00000,0.66828,
21.3,2,3.06807,2.27202,2.94277,0.04854,0.04501,0.05669,0.00044
21.32,0,0.35070,2.49691,3.14095,0.49741,0.00000,0.00000,
21.32,1,2.02851,2.46180,3.09983,0.00230,0.00000,0.67818,
21.32,2,3.06706,2.27223,2.94380,0.05174,0.04817,0.05571,0.00048
21.34,0,0.34076,2.49691,3.14095,0.49666,0.00000,0.00000,
21.34,1,2.02847,2.46181,3.09983,0.00230,0.00000,0.68808,
21.34,2,3.06609,2.27242,2.94456,0.04753,0.03121,0.05476,0.00053
21.36,0,0.33083,2.49692,3.14095,0.49640,0.00000,0.00000,
21.36,1,2.02842,2.46181,3.09983,0.00230,-0.00000,0.69796,
21.36,2,3.06519,2.27260,2.94513,0.04508,0.02875,0.05389,0.00057
21.38,0,0.32090,2.49692,3.14095,0.49655,0.00000,0.00000,
21.38,1,2.02838,2.46181,3.09983,0.00230,-0.00000,0.70784,
21.38,2,3.06430,2.27278,2.94574,0.04513,0.03099,0.05304,0.00062
21.4,0,0.31097,2.49693,3.14095,0.49666,0.00000,0.00000,
21.4,1,2.02833,2.46181,3.09983,0.00230,-0.00000,0.71772,
21.4,2,3.06347,2.27294,2.94644,0.03851,0.04207,0.05223,0.00067
21.42,0,0.30103,2.49694,3.14095,0.49665,0.00000,0.00000,
21.42,1,2.02828,2.46181,3.09983,0.00230,-0.00000,0.72761,
21.42,2,3.06253,2.27313,2.94712,0.05885,0.02330,0.05132,0.00071
21.44,0,0.29110,2.49694,3.14095,0.49661,0.00000,0.00000,
21.44,1,2.02824,2.46182,3.09983,0.00230,0.00000,0.73749,
21.44,2,3.06129,2.27338,2.94753,0.06310,0.02118,0.05010,0.00076
21.46,0,0.28117,2.49695,3.14095,0.49661,0.00000,0.00000,
21.46,1,2.02821,2.46182,3.09983,0.00033,0.00001,0.74740,
21.46,2,3.06015,2.27360,2.94802,0.05388,0.02717,0.04896,0.00078
21.48,0,0.27124,2.49696,3.14095,0.49662,0.00000,0.00000,
21.48,1,2.02822,2.46182,3.09983,-0.00026,-0.00000,0.75733,
21.48,2,3.05915,2.27380,2.94857,0.05018,0.02650,0.04794,0.00078
21.5,0,0.26130,2.49696,3.14095,0.49662,0.00000,0.00000,
21.5,1,2.02822,2.46182,3.09983,-0.00041,-0.00000,0.76727,
21.5,2,3.05815,2.27399,2.94907,0.05140,0.02399,0.04691,0.00077
21.52,0,0.25137,2.49697,3.14095,0.49662,0.00000,0.00000,
21.52,1,2.02823,2.46182,3.09983,-0.00038,-0.00001,0.77721,
21.52,2,3.05713,2.27419,2.94953,0.05181,0.02296,0.04587,0.00076
21.54,0,0.24144,2.49698,3.14095,0.49662,0.00000,0.00000,
21.54,1,2.02824,2.46182,3.09983,-0.00031,-0.00000,0.78715,
21.54,2,3.05613,2.27439,2.94999,0.05064,0.02241,0.04484,0.00076
21.56,0,0.23151,2.49698,3.14095,0.49662,0.00000,0.00000,
21.56,1,2.02824,2.46182,3.09983,-0.00029,0.00000,0.79708,
21.56,2,3.05515,2.27458,2.95043,0.04946,0.02158,0.04383,0.00075
21.58,0,0.22157,2.49699,3.14095,0.49662,0.00000,0.00000,
21.58,1,2.02825,2.46182,3.09983,-0.00031,0.00000,0.80702,
21.58,2,3.05418,2.27476,2.95085,0.04876,0.02067,0.04285,0.00075
21.6,0,0.21164,2.49699,3.14095,0.49662,0.00000,0.00000,
21.6,1,2.02826,2.46182,3.09983,-0.00032,0.00000,0.81696,
21.6,2,3.05323,2.27495,2.95125,0.04816,0.01987,0.04187,0.00074
21.62,0,0.20171,2.49700,3.14095,0.49662,0.00000,0.00000,
21.62,1,2.02826,2.46182,3.09983,-0.00032,-0.00000,0.82689,
21.62,2,3.05229,2.27513,2.95164,0.04744,0.01912,0.04091,0.00073
21.64,0,0.19178,2.49701,3.14095,0.49662,0.00000,0.00000,
21.64,1,2.02827,2.46182,3.09983,-0.00031,-0.00000,0.83683,
21.64,2,3.05137,2.27531,2.95202,0.04669,0.01839,0.03996,0.00073
21.66,0,0.18184,2.49701,3.14095,0.49662,0.00000,0.00000,
21.66,1,2.02828,2.46181,3.09983,-0.00031,0.00000,0.84677,
21.66,2,3.05046,2.27548,2.95238,0.04598,0.01768,0.03903,0.00072
21.68,0,0.17191,2.49702,3.14095,0.49662,0.00000,0.00000,
21.68,1,2.02828,2.46181,3.09983,-0.00031,0.00000,0.85670,
21.68,2,3.04973,2.27562,2.95254,0.03080,0.00723,0.03828,0.00071
21.7,0,0.16198,2.49703,3.14095,0.49662,0.00000,0.00000,
21.7,1,2.02829,2.46181,3.09983,-0.00031,0.00000,0.86664,
21.7,2,3.04906,2.27575,2.95294,0.03601,0.02480,0.03759,0.00071
21.72,0,0.15234,2.49703,3.14095,0.46121,-0.00015,0.00000,
21.72,1,2.02829,2.46181,3.09983,-0.00031,-0.00000,0.87628,
21.72,2,3.04836,2.27589,2.95337,0.03518,0.01806,0.03687,0.00070
21.74,0,0.14299,2.49704,3.14095,0.47221,0.00005,0.00000,
21.74,1,2.02830,2.46181,3.09983,-0.00031,-0.00000,0.88564,
21.74,2,3.04769,2.27601,2.95367,0.03292,0.01331,0.03619,0.00070
21.76,0,0.13349,2.49704,3.14095,0.47565,0.00004,0.00000,
21.76,1,2.02831,2.46181,3.09983,-0.00031,0.00000,0.89514,
21.76,2,3.04706,2.27614,2.95394,0.03222,0.01401,0.03553,0.00069
21.78,0,0.12423,2.49705,3.14096,0.47536,0.00003,0.00000,
21.78,1,2.02831,2.46181,3.09983,-0.00031,0.00000,0.90441,
21.78,2,3.04642,2.27626,2.95423,0.03222,0.01440,0.03488,0.00068
21.8,0,0.11421,2.49706,3.14095,0.51332,-0.00007,0.00000,
21.8,1,2.02832,2.46181,3.09983,-0.00031,0.00000,0.91443,
21.8,2,3.04579,2.27638,2.95451,0.03187,0.01359,0.03423,0.00068
21.82,0,0.10397,2.49706,3.14095,0.50699,-0.00001,0.00000,
21.82,1,2.02833,2.46181,3.09983,-0.00031,-0.00000,0.92468,
21.82,2,3.04517,2.27649,2.95477,0.03127,0.01285,0.03360,0.00067
21.84,0,0.09399,2.49707,3.14095,0.49410,0.00002,0.00000,
21.84,1,2.02833,2.46181,3.09983,-0.00031,-0.00000,0.93467,
21.84,2,3.04456,2.27661,2.95502,0.03074,0.01241,0.03297,0.00066
21.86,0,0.08414,2.49708,3.14095,0.49237,0.00000,0.00000,
21.86,1,2.02834,2.46181,3.09983,-0.00031,0.00000,0.94452,
21.86,2,3.04396,2.27672,2.95527,0.03030,0.01198,0.03235,0.00066
21.88,0,0.07426,2.49708,3.14095,0.49566,-0.00000,0.00000,
21.88,1,2.02834,2.46181,3.09983,-0.00031,0.00000,0.95440,
21.88,2,3.04337,2.27683,2.95550,0.02987,0.01150,0.03175,0.00065
21.9,0,0.06432,2.49709,3.14095,0.49708,0.00000,0.00000,
21.9,1,2.02835,2.46181,3.09983,-0.00031,-0.00000,0.96434,
21.9,2,3.04279,2.27694,2.95573,0.02941,0.01105,0.03115,0.00064
21.92,0,0.05439,2.49710,3.14095,0.49651,0.00000,0.00000,
21.92,1,2.02836,2.46181,3.09983,-0.00031,-0.00000,0.97428,
21.92,2,3.04222,2.27705,2.95595,0.02758,0.01262,0.03056,0.00064
21.94,0,0.04447,2.49710,3.14095,0.49594,0.00000,0.00000,
21.94,1,2.02836,2.46181,3.09983,-0.00031,-0.00000,0.98421,
21.94,2,3.04167,2.27715,2.95621,0.03158,0.00975,0.03000,0.00063
21.96,0,0.03455,2.49711,3.14095,0.49595,0.00000,0.00000,
21.96,1,2.02837,2.46181,3.09983,-0.00031,-0.00000,0.99414,
21.96,2,3.04100,2.27728,2.95637,0.03452,0.00757,0.02931,0.00063
21.98,0,0.02463,2.49711,3.14095,0.49612,0.00000,0.00000,
21.98,1,2.02838,2.46181,3.09983,-0.00031,0.00000,1.00406,
21.98,2,3.04036,2.27740,2.95654,0.03153,0.00948,0.02864,0.00062
22.0,0,0.01470,2.49712,3.14095,0.49616,0.00000,0.00000,
22.0,1,2.02838,2.46181,3.09983,-0.00031,0.00000,1.01399,
22.0,2,3.03976,2.27751,2.95674,0.02963,0.00955,0.02803,0.00061
22.02,0,0.00478,2.49713,3.14095,0.49612,0.00000,0.00000,
22.02,1,2.02839,2.46181,3.09983,-0.00031,0.00000,1.02392,
22.02,2,3.03918,2.27762,2.95692,0.02969,0.00870,0.02744,0.00061
22.04,0,-0.00514,2.49713,3.14095,0.49610,0.00000,0.00000,
22.04,1,2.02839,2.46181,3.09983,-0.00031,-0.00000,1.03384,
22.04,2,3.03859,2.27773,2.95709,0.02974,0.00826,0.02683,0.00060
22.06,0,-0.01506,2.49714,3.14095,0.49610,0.00000,0.00000,
22.06,1,2.02840,2.46181,3.09983,-0.00031,0.00000,1.04377,
22.06,2,3.03801,2.27784,2.95725,0.02923,0.00805,0.02624,0.00059
22.08,0,-0.02499,2.49715,3.14095,0.49611,0.00000,0.00000,
22.08,1,2.02841,2.46181,3.09983,-0.00031,0.00000,1.05370,
22.08,2,3.03745,2.27794,2.95741,0.02863,0.00776,0.02565,0.00059
22.1,0,-0.03491,2.49715,3.14095,0.49611,0.00000,0.00000,
22.1,1,2.02841,2.46181,3.09983,-0.00031,0.00000,1.06362,
22.1,2,3.03689,2.27805,2.95756,0.02819,0.00744,0.02508,0.00058
22.12,0,-0.04483,2.49716,3.14095,0.49611,0.00000,0.00000,
22.12,1,2.02842,2.46181,3.09983,-0.00031,0.00000,1.07355,
22.12,2,3.03638,2.27814,2.95771,0.02050,0.00820,0.02455,0.00000
22.14,0,-0.05475,2.49717,3.14095,0.49611,0.00000,0.00000,
22.14,1,2.02843,2.46181,3.09983,-0.00031,0.00000,1.08348,
22.14,2,3.03601,2.27821,2.95787,0.01972,0.00766,0.02418,0.00001
22.16,0,-0.06467,2.49717,3.14095,0.49611,0.00000,0.00000,
22.16,1,2.02843,2.46181,3.09983,-0.00031,0.00000,1.09341,
22.16,2,3.03555,2.27830,2.95801,0.02671,0.00650,0.02370,0.00002
22.18,0,-0.07460,2.49718,3.14095,0.49611,0.00000,0.00000,
22.18,1,2.02844,2.46181,3.09983,-0.00031,0.00000,1.10333,
22.18,2,3.03500,2.27840,2.95814,0.02765,0.00629,0.02314,0.00002
22.2,0,-0.08452,2.49718,3.14095,0.49611,0.00000,0.00000,
22.2,1,2.02844,2.46181,3.09983,-0.00031,0.00000,1.11326,
22.2,2,3.03448,2.27849,2.95826,0.02529,0.00624,0.02260,0.00003
22.22,0,-0.09444,2.49719,3.14095,0.49611,0.00000,0.00000,
22.22,1,2.02351,2.46181,3.10007,0.28543,0.03436,1.11824,0.00992
22.22,2,3.03400,2.27858,2.95839,0.02419,0.00599,0.02697,0.00491
22.24,0,-0.10436,2.49720,3.14095,0.49611,0.00000,0.00000,
22.24,1,2.01908,2.46181,3.10126,0.19690,0.06764,1.12374,0.01984
22.24,2,3.03352,2.27867,2.95850,0.02428,0.00571,0.03084,0.00933
22.26,0,-0.11429,2.49720,3.14095,0.49611,0.00000,0.00000,
22.26,1,2.01513,2.46179,3.10274,0.20162,0.11823,1.12971,0.02977
22.26,2,3.03305,2.27876,2.95861,0.02420,0.00549,0.03424,0.01328
22.28,0,-0.12421,2.49721,3.14095,0.49611,0.00000,0.00000,
22.28,1,2.00891,2.46170,3.10918,0.49526,0.29949,1.13341,0.03969
22.28,2,3.03257,2.27885,2.95872,0.02375,0.00529,0.03987,0.01951
22.3,0,-0.13413,2.49722,3.14095,0.49611,0.00000,0.00000,
22.3,1,1.99499,2.46170,3.11240,0.77500,0.09582,1.12942,0.04961
22.3,2,3.03211,2.27893,2.95883,0.02329,0.00509,0.05310,0.03342
22.32,0,-0.14405,2.49722,3.14095,0.49611,0.00000,0.00000,
22.32,1,1.98116,2.46176,3.11477,0.68367,0.11898,1.12550,0.05953
22.32,2,3.02996,2.27909,2.95906,0.35753,0.03408,0.06459,0.00684
22.34,0,-0.15397,2.49723,3.14095,0.49611,0.00000,0.00000,
22.34,1,1.96730,2.46169,3.11827,0.70072,0.18455,1.12157,0.06946
22.34,2,3.02369,2.27943,2.96130,0.24893,0.22358,0.07200,0.02069
22.36,0,-0.16390,2.49723,3.14095,0.49611,0.00000,0.00000,
22.36,1,1.95198,2.46197,3.11998,0.80976,0.01609,1.11617,0.07938
22.36,2,3.01917,2.27978,2.96663,0.22536,0.26452,0.08263,0.03602
22.38,0,-0.17382,2.49724,3.14095,0.49611,0.00000,0.00000,
22.38,1,1.93546,2.46237,3.11975,0.82699,-0.01392,1.10957,0.08930
22.38,2,3.01453,2.28010,2.97296,0.25988,0.41598,0.09436,0.05254
22.4,0,-0.18374,2.49725,3.14095,0.49611,0.00000,0.00000,
22.4,1,1.91921,2.46276,3.11980,0.80077,0.01476,1.10323,0.09922
22.4,2,3.00580,2.28146,2.97809,0.59608,0.06158,0.10161,0.06880
22.42,0,-0.19366,2.49725,3.14095,0.49611,0.00000,0.00000,
22.42,1,1.90336,2.46312,3.12036,0.78964,0.03027,1.09730,0.00992
22.42,2,2.99326,2.28364,2.97780,0.65947,-0.05243,0.10458,0.08465
22.44,0,-0.20359,2.49726,3.14095,0.49611,0.00000,0.00000,
22.44,1,1.88752,2.46347,3.12075,0.79477,0.01089,1.09138,0.01984
22.44,2,2.98011,2.28585,2.97640,0.65271,-0.06165,0.10693,0.10049
22.46,0,-0.21351,2.49727,3.14095,0.49611,0.00000,0.00000,
22.46,1,1.87157,2.46380,3.12087,0.79953,0.00497,1.08535,0.02977
22.46,2,2.96789,2.28788,2.97569,0.59524,-0.01821,0.11034,0.11644
22.48,0,-0.22276,2.49727,3.14095,0.46774,-0.00001,0.00000,
22.48,1,1.85603,2.46413,3.12094,0.74388,0.00120,1.07906,0.03902
22.48,2,2.95799,2.28976,2.97305,0.47241,-0.18105,0.11567,0.13198
22.5,0,-0.23221,2.49728,3.14095,0.47494,0.00006,0.00000,
22.5,1,1.84099,2.46445,3.12111,0.75962,0.01255,1.07346,0.04847
22.5,2,2.94839,2.29155,2.97005,0.50537,-0.07606,0.12081,0.14703
22.52,0,-0.24155,2.49728,3.14095,0.44799,0.00015,0.00000,
22.52,1,1.82586,2.46476,3.12138,0.71560,0.01913,1.06767,0.05781
22.52,2,2.93778,2.29328,2.97136,0.59292,0.25958,0.12506,0.00750
22.54,0,-0.25119,2.49729,3.14096,0.50449,-0.00006,0.00000,
22.54,1,1.81053,2.46509,3.12158,0.80300,0.00504,1.06197,0.06745
22.54,2,2.92605,2.29501,2.97656,0.59298,0.25965,0.12841,0.02284
22.56,0,-0.26144,2.49730,3.14095,0.51223,-0.00003,0.00000,
22.56,1,1.79414,2.46542,3.12168,0.82283,0.00580,1.05583,0.07770
22.56,2,2.91397,2.29680,2.98128,0.65005,0.16088,0.13245,0.03923
22.58,0,-0.27153,2.49730,3.14095,0.49782,0.00002,0.00000,
22.58,1,1.77789,2.46574,3.12183,0.80267,0.00847,1.04967,0.08779
22.58,2,2.89998,2.29906,2.98242,0.75481,-0.00568,0.13440,0.05548
22.6,0,-0.28140,2.49731,3.14095,0.49154,0.00001,0.00000,
22.6,1,1.76200,2.46605,3.12199,0.79098,0.00804,1.04364,0.09766
22.6,2,2.88444,2.30162,2.98212,0.81916,-0.02391,0.13442,0.07138
22.62,0,-0.29125,2.49732,3.14095,0.49401,-0.00000,0.00000,
22.62,1,1.74617,2.46636,3.12214,0.79359,0.00717,1.03765,0.10751
22.62,2,2.86826,2.30427,2.98215,0.80357,0.03515,0.13374,0.08721
22.64,0,-0.30116,2.49732,3.14095,0.49654,-0.00000,0.00000,
22.64,1,1.73025,2.46667,3.12228,0.79776,0.00697,1.03164,0.11742
22.64,2,2.85220,2.30689,2.98253,0.81789,0.00913,0.13327,0.10313
22.66,0,-0.31109,2.49733,3.14095,0.49651,0.00000,0.00000,
22.66,1,1.71429,2.46698,3.12242,0.79816,0.00687,1.02561,0.12735
22.66,2,2.83649,2.30941,2.98267,0.75662,0.00784,0.13322,0.11910
22.68,0,-0.32102,2.49734,3.14095,0.49576,0.00000,0.00000,
22.68,1,1.69834,2.46729,3.12256,0.79706,0.00664,1.01958,0.13727
22.68,2,2.82362,2.31165,2.98167,0.60821,-0.04019,0.13600,0.13505
22.7,0,-0.33093,2.49734,3.14095,0.49557,0.00000,0.00000,
22.7,1,1.68241,2.46759,3.12269,0.79663,0.00640,1.01355,0.14719
22.7,2,2.81154,2.31371,2.98152,0.61977,0.01735,0.13958,0.15099
22.72,0,-0.34084,2.49735,3.14095,0.49573,0.00000,0.00000,
22.72,1,1.66647,2.46789,3.12308,0.79682,0.02442,1.00753,0.00991
22.72,2,2.79921,2.31570,2.98204,0.62491,0.02467,0.14292,0.16692
22.74,0,-0.35076,2.49735,3.14095,0.49583,0.00000,0.00000,
22.74,1,1.65150,2.46818,3.12332,0.75021,0.00884,1.00246,0.01983
22.74,2,2.78701,2.31766,2.98237,0.61095,0.01148,0.14544,0.18190
22.76,0,-0.36067,2.49736,3.14095,0.49581,0.00000,0.00000,
22.76,1,1.63632,2.46846,3.12347,0.76441,0.00637,0.99720,0.02975
22.76,2,2.77511,2.31956,2.98258,0.59636,0.01082,0.14849,0.19708
22.78,0,-0.37059,2.49737,3.14095,0.49578,0.00000,0.00000,
22.78,1,1.62136,2.46874,3.12366,0.77319,0.00699,0.99216,0.03966
22.78,2,2.76369,2.32143,2.98248,0.54679,-0.03756,0.15178,0.21204
22.8,0,-0.38051,2.49737,3.14095,0.49577,0.00000,0.00000,
22.8,1,1.60523,2.46904,3.12375,0.82264,0.00442,0.98593,0.04958
22.8,2,2.75280,2.32322,2.98251,0.55613,0.02585,0.15680,0.22818
22.82,0,-0.39042,2.49738,3.14095,0.49578,0.00000,0.00000,
22.82,1,1.58885,2.46933,3.12386,0.81069,0.00663,0.97947,0.05949
22.82,2,2.74182,2.32500,2.98311,0.55364,0.02596,0.16196,0.24455
22.84,0,-0.40034,2.49739,3.14095,0.49579,0.00000,0.00000,
22.84,1,1.57287,2.46961,3.12400,0.79253,0.00691,0.97340,0.06941
22.84,2,2.73102,2.32674,2.98344,0.54073,0.01033,0.16693,0.26054
22.86,0,-0.41025,2.49739,3.14095,0.49579,0.00000,0.00000,
22.86,1,1.55706,2.46989,3.12413,0.79087,0.00620,0.96750,0.07932
22.86,2,2.72057,2.32841,2.98382,0.53336,0.01341,0.17208,0.27635
22.88,0,-0.42017,2.49740,3.14095,0.49578,0.00000,0.00000,
22.88,1,1.54119,2.47017,3.12425,0.79574,0.00589,0.96155,0.08924
22.88,2,2.70986,2.33011,2.98394,0.54437,0.00419,0.17704,0.29223
22.9,0,-0.43008,2.49741,3.14095,0.49578,0.00000,0.00000,
22.9,1,1.52525,2.47044,3.12437,0.79759,0.00581,0.95552,0.09916
22.9,2,2.69924,2.33180,2.98409,0.53059,0.01109,0.18215,0.30817
22.92,0,-0.44000,2.49741,3.14095,0.49578,0.00000,0.00000,
22.92,1,1.50931,2.47072,3.12448,0.79668,0.00564,0.94949,0.10907
22.92,2,2.68756,2.33349,2.98638,0.76294,0.47619,0.18622,0.00797
22.94,0,-0.44991,2.49742,3.14095,0.49578,0.00000,0.00000,
22.94,1,1.49339,2.47099,3.12459,0.79589,0.00544,0.94348,0.11899
22.94,2,2.67291,2.33537,2.99091,0.68156,0.28206,0.18729,0.02389
22.96,0,-0.45983,2.49742,3.14095,0.49578,0.00000,0.00000,
22.96,1,1.47747,2.47126,3.12470,0.79594,0.00525,0.93748,0.12890
22.96,2,2.65939,2.33722,2.99662,0.68414,0.30047,0.18950,0.03981
22.98,0,-0.46975,2.49743,3.14095,0.49578,0.00000,0.00000,
22.98,1,1.46155,2.47153,3.12480,0.79618,0.00509,0.93147,0.13882
22.98,2,2.64615,2.33910,2.99971,0.67097,0.04049,0.19198,0.05573
23.0,0,-0.47966,2.49744,3.14095,0.49578,0.00000,0.00000,
23.0,1,1.44575,2.47180,3.12489,0.73862,-0.00389,0.92558,0.14873
23.0,2,2.63217,2.34121,3.00077,0.71847,0.07791,0.19358,0.07154
23.02,0,-0.48958,2.49744,3.14095,0.49578,0.00000,0.00000,
23.02,1,1.43084,2.47206,3.12492,0.75317,0.00546,0.92058,0.15865
23.02,2,2.61703,2.34350,3.00191,0.79440,0.03919,0.19314,0.08645
23.04,0,-0.49949,2.49745,3.14095,0.49578,0.00000,0.00000,
23.04,1,1.41563,2.47231,3.12506,0.76469,0.00691,0.91529,0.16856
23.04,2,2.60103,2.34584,3.00287,0.82128,0.04981,0.19213,0.10166
23.06,0,-0.50941,2.49746,3.14095,0.49578,0.00000,0.00000,
23.06,1,1.40061,2.47257,3.12522,0.78878,0.00328,0.91018,0.17848
23.06,2,2.58456,2.34817,3.00377,0.83140,0.04575,0.19047,0.11668
23.08,0,-0.51932,2.49746,3.14095,0.49578,0.00000,0.00000,
23.08,1,1.38433,2.47284,3.12525,0.82299,0.00192,0.90381,0.18840
23.08,2,2.56829,2.35043,3.00476,0.81279,0.05139,0.19027,0.13296
23.1,0,-0.52924,2.49747,3.14095,0.49578,0.00000,0.00000,
23.1,1,1.36803,2.47311,3.12532,0.80558,0.00453,0.89743,0.19831
23.1,2,2.55231,2.35263,3.00579,0.80386,0.05068,0.19039,0.14927
23.12,0,-0.53916,2.49747,3.14095,0.49578,0.00000,0.00000,
23.12,1,1.35212,2.47337,3.12575,0.79037,0.02793,0.89143,0.00992
23.12,2,2.53680,2.35480,3.00706,0.75364,0.13815,0.19060,0.00792
23.14,0,-0.54907,2.49748,3.14095,0.49578,0.00000,0.00000,
23.14,1,1.33632,2.47362,3.12611,0.79118,0.00840,0.88554,0.01983
23.14,2,2.52164,2.35690,3.01092,0.77414,0.17357,0.19105,0.02372
23.16,0,-0.55899,2.49749,3.14095,0.49578,0.00000,0.00000,
23.16,1,1.32045,2.47386,3.12616,0.79588,0.00096,0.87958,0.02975
23.16,2,2.50621,2.35895,3.01294,0.77905,0.05173,0.19132,0.03960
23.18,0,-0.56890,2.49749,3.14095,0.49578,0.00000,0.00000,
23.18,1,1.30451,2.47411,3.12622,0.79695,0.00490,0.87356,0.03966
23.18,2,2.49095,2.36096,3.01385,0.75556,0.06135,0.19182,0.05553
23.2,0,-0.57882,2.49750,3.14095,0.49578,0.00000,0.00000,
23.2,1,1.28859,2.47435,3.12634,0.79588,0.00642,0.86755,0.04958
23.2,2,2.47549,2.36297,3.01494,0.79563,0.05441,0.19212,0.07146
23.22,0,-0.58873,2.49751,3.14095,0.49578,0.00000,0.00000,
23.22,1,1.27268,2.47460,3.12646,0.79527,0.00536,0.86155,0.05949
23.22,2,2.45959,2.36500,3.01611,0.80187,0.06108,0.19196,0.08737
23.24,0,-0.59865,2.49751,3.14095,0.49578,0.00000,0.00000,
23.24,1,1.25677,2.47484,3.12656,0.79542,0.00480,0.85556,0.06941
23.24,2,2.44395,2.36700,3.01757,0.79491,0.06362,0.19206,0.10328
23.26,0,-0.60857,2.49752,3.14095,0.49578,0.00000,0.00000,
23.26,1,1.24086,2.47508,3.12666,0.79563,0.00483,0.84957,0.07933
23.26,2,2.42787,2.36902,3.01859,0.81810,0.04720,0.19173,0.11919
23.28,0,-0.61848,2.49753,3.14095,0.49578,0.00000,0.00000,
23.28,1,1.22495,2.47531,3.12675,0.79565,0.00476,0.84357,0.08924
23.28,2,2.41164,2.37103,3.01961,0.81455,0.05463,0.19126,0.13510
23.3,0,-0.62840,2.49753,3.14095,0.49578,0.00000,0.00000,
23.3,1,1.20904,2.47555,3.12685,0.79559,0.00457,0.83757,0.09916
23.3,2,2.39591,2.37299,3.02038,0.74987,0.00486,0.19130,0.15101
23.32,0,-0.63831,2.49754,3.14095,0.49578,0.00000,0.00000,
23.32,1,1.19358,2.47578,3.12688,0.74053,-0.00086,0.83203,0.10907
23.32,2,2.38089,2.37487,3.02209,0.76434,0.21961,0.19158,0.00750
23.34,0,-0.64823,2.49754,3.14095,0.49578,0.00000,0.00000,
23.34,1,1.17859,2.47601,3.12696,0.75759,0.00620,0.82694,0.11899
23.34,2,2.36557,2.37672,3.02673,0.77507,0.17408,0.19113,0.02250
23.36,0,-0.65814,2.49755,3.14095,0.49578,0.00000,0.00000,
23.36,1,1.16358,2.47623,3.12711,0.72313,0.01056,0.82185,0.12890
23.36,2,2.35032,2.37851,3.02852,0.75558,0.04988,0.19075,0.03751
23.38,0,-0.66806,2.49756,3.14095,0.49578,0.00000,0.00000,
23.38,1,1.14811,2.47646,3.12721,0.80705,0.00157,0.81629,0.13882
23.38,2,2.33482,2.38030,3.02909,0.79546,0.03134,0.19060,0.05298
23.4,0,-0.67798,2.49756,3.14095,0.49578,0.00000,0.00000,
23.4,1,1.13172,2.47670,3.12724,0.81999,0.00259,0.80981,0.14874
23.4,2,2.31905,2.38210,3.03024,0.78283,0.08203,0.19109,0.06938
23.42,0,-0.68722,2.49757,3.14095,0.46746,-0.00001,0.00000,
23.42,1,1.11555,2.47693,3.12755,0.79885,0.02031,0.80289,0.00925
23.42,2,2.30308,2.38390,3.03159,0.81531,0.05735,0.19118,0.08555
23.44,0,-0.69667,2.49758,3.14095,0.47464,0.00006,0.00000,
23.44,1,1.09971,2.47716,3.12782,0.78891,0.00700,0.79650,0.01869
23.44,2,2.28682,2.38570,3.03267,0.81648,0.05400,0.19063,0.10139
23.46,0,-0.70596,2.49758,3.14096,0.45484,0.00012,0.00000,
23.46,1,1.08391,2.47737,3.12787,0.79232,0.00156,0.78999,0.02799
23.46,2,2.27070,2.38747,3.03379,0.80711,0.05712,0.19019,0.11719
23.48,0,-0.71571,2.49759,3.14096,0.50729,-0.00007,0.00000,
23.48,1,1.06801,2.47759,3.12793,0.79619,0.00421,0.78384,0.03774
23.48,2,2.25526,2.38918,3.03448,0.74971,0.02461,0.19054,0.13309
23.5,0,-0.72596,2.49759,3.14095,0.51068,-0.00003,0.00000,
23.5,1,1.05209,2.47781,3.12803,0.79628,0.00529,0.77816,0.04798
23.5,2,2.24015,2.39084,3.03558,0.76867,0.07037,0.19124,0.14902
23.52,0,-0.73601,2.49760,3.14095,0.49624,0.00002,0.00000,
23.52,1,1.03618,2.47803,3.12820,0.79517,0.00930,0.77229,0.01005
23.52,2,2.22476,2.39249,3.03692,0.77573,0.06003,0.19166,0.16493
23.54,0,-0.74586,2.49761,3.14095,0.49123,0.00001,0.00000,
23.54,1,1.02028,2.47824,3.12834,0.79484,0.00503,0.76625,0.01990
23.54,2,2.20956,2.39412,3.03814,0.76929,0.05239,0.19225,0.18083
23.56,0,-0.75571,2.49761,3.14095,0.49406,-0.00000,0.00000,
23.56,1,1.00438,2.47845,3.12842,0.79508,0.00353,0.76020,0.02975
23.56,2,2.19394,2.39576,3.03897,0.78116,0.03934,0.19243,0.19673
23.58,0,-0.76562,2.49762,3.14095,0.49632,0.00000,0.00000,
23.58,1,0.98848,2.47866,3.12850,0.79524,0.00427,0.75420,0.03966
23.58,2,2.17940,2.39726,3.03985,0.68701,0.04822,0.19370,0.21263
23.6,0,-0.77555,2.49763,3.14095,0.49611,0.00000,0.00000,
23.6,1,0.97257,2.47887,3.12858,0.79521,0.00445,0.74822,0.04959
23.6,2,2.16635,2.39859,3.04084,0.64301,0.04864,0.19647,0.22853
23.62,0,-0.78546,2.49763,3.14095,0.49539,0.00000,0.00000,
23.62,1,0.95667,2.47907,3.12867,0.79516,0.00413,0.74223,0.05950
23.62,2,2.15579,2.39987,3.03938,0.52700,-0.12027,0.20173,0.24444
23.64,0,-0.79537,2.49764,3.14095,0.49526,0.00000,0.00000,
23.64,1,0.94077,2.47928,3.12875,0.79515,0.00392,0.73624,0.06941
23.64,2,2.14501,2.40109,3.03805,0.56143,0.00762,0.20677,0.26034
23.66,0,-0.80528,2.49764,3.14095,0.49543,0.00000,0.00000,
23.66,1,0.92498,2.47948,3.12881,0.73769,-0.00289,0.73035,0.07932
23.66,2,2.13395,2.40226,3.03978,0.57912,0.10383,0.21143,0.27613
23.68,0,-0.81519,2.49765,3.14095,0.49552,0.00000,0.00000,
23.68,1,0.91009,2.47968,3.12884,0.75227,0.00427,0.72537,0.08923
23.68,2,2.12158,2.40353,3.04106,0.63751,0.03910,0.21388,0.29102
23.7,0,-0.82510,2.49766,3.14095,0.49549,0.00000,0.00000,
23.7,1,0.89496,2.47988,3.12895,0.73368,0.00846,0.72015,0.09914
23.7,2,2.10920,2.40478,3.04174,0.60356,0.03650,0.21656,0.30616
23.72,0,-0.83500,2.49766,3.14095,0.49546,0.00000,0.00000,
23.72,1,0.87990,2.48007,3.12907,0.78346,0.00299,0.71499,0.10904
23.72,2,2.09760,2.40594,3.04262,0.57028,0.04892,0.21995,0.32122
23.74,0,-0.84491,2.49767,3.14095,0.49545,0.00000,0.00000,
23.74,1,0.86368,2.48028,3.12910,0.82225,0.00150,0.70868,0.11895
23.74,2,2.08634,2.40706,3.04360,0.56476,0.04779,0.22485,0.33744
23.76,0,-0.85482,2.49768,3.14095,0.49546,0.00000,0.00000,
23.76,1,0.84736,2.48048,3.12915,0.80694,0.00345,0.70227,0.12886
23.76,2,2.07536,2.40816,3.04430,0.52197,0.01240,0.23012,0.35376
23.78,0,-0.86473,2.49768,3.14095,0.49547,0.00000,0.00000,
23.78,1,0.83143,2.48068,3.12923,0.79097,0.00364,0.69624,0.13877
23.78,2,2.06487,2.40922,3.04501,0.53075,0.05033,0.23551,0.36970
23.8,0,-0.87464,2.49769,3.14095,0.49547,0.00000,0.00000,
23.8,1,0.81563,2.48088,3.12929,0.79092,0.00311,0.69035,0.14868
23.8,2,2.05432,2.41025,3.04606,0.52667,0.04919,0.24071,0.38550
23.82,0,-0.88455,2.49770,3.14095,0.49546,0.00000,0.00000,
23.82,1,0.79976,2.48107,3.12935,0.79559,0.00294,0.68439,0.15859
23.82,2,2.04397,2.41124,3.04691,0.51410,0.03840,0.24617,0.40137
23.84,0,-0.89446,2.49770,3.14095,0.49546,0.00000,0.00000,
23.84,1,0.78382,2.48127,3.12941,0.79692,0.00294,0.67837,0.16850
23.84,2,2.03385,2.41221,3.04765,0.50420,0.03712,0.25193,0.41730
23.86,0,-0.90437,2.49771,3.14095,0.49546,0.00000,0.00000,
23.86,1,0.76790,2.48146,3.12947,0.79592,0.00287,0.67235,0.17841
23.86,2,2.02396,2.41315,3.04834,0.45943,0.00534,0.25792,0.43323
23.88,0,-0.91428,2.49771,3.14095,0.49546,0.00000,0.00000,
23.88,1,0.75199,2.48165,3.12953,0.79526,0.00276,0.66634,0.18832
23.88,2,2.01475,2.41404,3.04884,0.46667,0.03969,0.26457,0.44914
23.9,0,-0.92419,2.49772,3.14095,0.49546,0.00000,0.00000,
23.9,1,0.73608,2.48185,3.12958,0.79537,0.00267,0.66035,0.19823
23.9,2,2.00543,2.41492,3.04973,0.46700,0.04376,0.27111,0.46504
23.92,0,-0.93410,2.49773,3.14095,0.49546,0.00000,0.00000,
23.92,1,0.72018,2.48204,3.12963,0.79559,0.00259,0.65435,0.20814
23.92,2,1.99623,2.41577,3.05050,0.45678,0.03397,0.27778,0.48095
23.94,0,-0.94401,2.49773,3.14095,0.49546,0.00000,0.00000,
23.94,1,0.70426,2.48223,3.12969,0.79562,0.00252,0.64834,0.21805
23.94,2,1.98725,2.41659,3.05114,0.44700,0.03164,0.28466,0.49687
23.96,0,-0.95392,2.49774,3.14095,0.49546,0.00000,0.00000,
23.96,1,0.68835,2.48242,3.12974,0.79557,0.00244,0.64234,0.22796
23.96,2,1.97842,2.41739,3.05178,0.44070,0.03255,0.29170,0.51278
23.98,0,-0.96383,2.49775,3.14095,0.49546,0.00000,0.00000,
23.98,1,0.67244,2.48260,3.12978,0.79554,0.00236,0.63634,0.23787
23.98,2,1.96976,2.41817,3.05251,0.44293,0.03135,0.29892,0.52869
24.0,0,-0.97373,2.49775,3.14095,0.49546,0.00000,0.00000,
24.0,1,0.65720,2.48279,3.12978,0.74352,-0.00044,0.63100,0.24777
24.0,2,1.96086,2.41897,3.05308,0.44584,0.02754,0.30523,0.54394
24.02,0,-0.98364,2.49776,3.14095,0.49546,0.00000,0.00000,
24.02,1,0.64213,2.48297,3.13021,0.76025,0.02984,0.62584,0.00991
24.02,2,1.95212,2.41974,3.05365,0.43210,0.02951,0.31151,0.55900
24.04,0,-0.99355,2.49777,3.14095,0.49546,0.00000,0.00000,
24.04,1,0.62721,2.48315,3.13061,0.74320,0.01056,0.62083,0.01982
24.04,2,1.94364,2.42049,3.05424,0.42157,0.02924,0.31792,0.57392
24.06,0,-1.00346,2.49777,3.14095,0.49546,0.00000,0.00000,
24.06,1,0.61144,2.48332,3.13062,0.81537,-0.00280,0.61496,0.02973
24.06,2,1.93537,2.42122,3.05475,0.38264,0.00039,0.32539,0.58970
24.08,0,-1.01337,2.49778,3.14095,0.49546,0.00000,0.00000,
24.08,1,0.59503,2.48350,3.13062,0.81648,0.00253,0.60847,0.03964
24.08,2,1.92817,2.42191,3.05482,0.37085,0.02708,0.33456,0.60611
24.1,0,-1.02328,2.49778,3.14095,0.49546,0.00000,0.00000,
24.1,1,0.57894,2.48368,3.13071,0.79537,0.00533,0.60229,0.04955
24.1,2,1.92066,2.42258,3.05559,0.37789,0.03973,0.34311,0.62220
24.12,0,-1.03319,2.49779,3.14096,0.49546,0.00000,0.00000,
24.12,1,0.56314,2.48385,3.13087,0.78897,0.00837,0.59639,0.00991
24.12,2,1.91198,2.42323,3.05659,0.54872,-0.03472,0.35020,0.00789
24.14,0,-1.04310,2.49780,3.14096,0.49546,0.00000,0.00000,
24.14,1,0.54731,2.48402,3.13099,0.79337,0.00416,0.59047,0.01982
24.14,2,1.90146,2.42388,3.05625,0.52661,-0.01697,0.35548,0.02371
24.16,0,-1.05301,2.49780,3.14096,0.49546,0.00000,0.00000,
24.16,1,0.53141,2.48419,3.13105,0.79648,0.00294,0.58447,0.02973
24.16,2,1.89134,2.42451,3.05661,0.45911,0.17059,0.36124,0.03962
24.18,0,-1.06292,2.49781,3.14096,0.49546,0.00000,0.00000,
24.18,1,0.51548,2.48436,3.13112,0.79606,0.00370,0.57845,0.03964
24.18,2,1.87981,2.42533,3.06297,0.70287,0.28136,0.36561,0.05555
24.2,0,-1.07283,2.49782,3.14096,0.49546,0.00000,0.00000,
24.2,1,0.49957,2.48452,3.13120,0.79504,0.00384,0.57245,0.04955
24.2,2,1.86381,2.42659,3.06573,0.84877,0.04181,0.36547,0.07146
24.22,0,-1.08274,2.49782,3.14096,0.49546,0.00000,0.00000,
24.22,1,0.48367,2.48469,3.13127,0.79488,0.00354,0.56647,0.05946
24.22,2,1.84745,2.42789,3.06637,0.80847,0.04037,0.36496,0.08736
24.24,0,-1.09265,2.49783,3.14096,0.49546,0.00000,0.00000,
24.24,1,0.46778,2.48485,3.13134,0.79513,0.00337,0.56047,0.06937
24.24,2,1.83102,2.42916,3.06742,0.83032,0.06511,0.36438,0.10326
24.26,0,-1.10256,2.49783,3.14096,0.49546,0.00000,0.00000,
24.26,1,0.45187,2.48502,3.13140,0.79525,0.00331,0.55448,0.07927
24.26,2,1.81454,2.43039,3.06886,0.82087,0.07264,0.36376,0.11916
24.28,0,-1.11246,2.49784,3.14096,0.49546,0.00000,0.00000,
24.28,1,0.43597,2.48518,3.13147,0.79521,0.00322,0.54848,0.08918
24.28,2,1.79909,2.43156,3.06985,0.75855,0.05228,0.36417,0.13507
24.3,0,-1.12237,2.49785,3.14096,0.49546,0.00000,0.00000,
24.3,1,0.42007,2.48534,3.13153,0.79516,0.00311,0.54249,0.09909
24.3,2,1.78377,2.43268,3.07120,0.77525,0.07270,0.36472,0.15097
24.32,0,-1.13228,2.49785,3.14096,0.49546,0.00000,0.00000,
24.32,1,0.40416,2.48550,3.13159,0.79516,0.00301,0.53650,0.10900
24.32,2,1.76822,2.43379,3.07255,0.78078,0.06205,0.36504,0.16687
24.34,0,-1.14219,2.49786,3.14096,0.49546,0.00000,0.00000,
24.34,1,0.38860,2.48566,3.13162,0.73906,-0.00125,0.53084,0.11891
24.34,2,1.75268,2.43486,3.07370,0.77673,0.05516,0.36502,0.18243
24.36,0,-1.15210,2.49787,3.14096,0.49546,0.00000,0.00000,
24.36,1,0.37365,2.48581,3.13166,0.75570,0.00392,0.52580,0.12882
24.36,2,1.73740,2.43592,3.07492,0.77646,0.05695,0.36466,0.19739
24.38,0,-1.16201,2.49787,3.14096,0.49546,0.00000,0.00000,
24.38,1,0.35856,2.48596,3.13176,0.74471,0.00543,0.52062,0.13873
24.38,2,1.72152,2.43699,3.07596,0.80587,0.05044,0.36383,0.21247
24.4,0,-1.17192,2.49788,3.14096,0.49546,0.00000,0.00000,
24.4,1,0.34329,2.48612,3.13184,0.79756,0.00150,0.51526,0.14864
24.4,2,1.70544,2.43805,3.07700,0.80184,0.05352,0.36300,0.22775
24.42,0,-1.18183,2.49789,3.14096,0.49546,0.00000,0.00000,
24.42,1,0.32696,2.48628,3.13186,0.82168,0.00147,0.50883,0.15855
24.42,2,1.68956,2.43907,3.07807,0.79197,0.05307,0.36342,0.24408
24.44,0,-1.19174,2.49789,3.14096,0.49546,0.00000,0.00000,
24.44,1,0.31071,2.48644,3.13190,0.80260,0.00281,0.50250,0.16846
24.44,2,1.67378,2.44008,3.07911,0.79037,0.05067,0.36386,0.26033
24.46,0,-1.20165,2.49790,3.14096,0.49546,0.00000,0.00000,
24.46,1,0.29483,2.48659,3.13196,0.78991,0.00273,0.49652,0.17837
24.46,2,1.65798,2.44107,3.08010,0.79280,0.04905,0.36391,0.27621
24.48,0,-1.21156,2.49790,3.14096,0.49546,0.00000,0.00000,
24.48,1,0.27903,2.48674,3.13201,0.79192,0.00236,0.49063,0.18828
24.48,2,1.64214,2.44204,3.08107,0.79396,0.04793,0.36384,0.29201
24.5,0,-1.22147,2.49791,3.14096,0.49546,0.00000,0.00000,
24.5,1,0.26314,2.48690,3.13206,0.79620,0.00228,0.48464,0.19819
24.5,2,1.62629,2.44300,3.08201,0.79357,0.04668,0.36386,0.30790
24.52,0,-1.23138,2.49792,3.14096,0.49546,0.00000,0.00000,
24.52,1,0.24720,2.48705,3.13210,0.79682,0.00228,0.47862,0.20810
24.52,2,1.61045,2.44395,3.08342,0.79267,0.13385,0.36393,0.00797
24.54,0,-1.24129,2.49792,3.14096,0.49546,0.00000,0.00000,
24.54,1,0.23128,2.48720,3.13215,0.79574,0.00222,0.47260,0.21800
24.54,2,1.59463,2.44486,3.08623,0.79277,0.11122,0.36401,0.02389
24.56,0,-1.25119,2.49793,3.14096,0.49546,0.00000,0.00000,
24.56,1,0.21585,2.48735,3.13219,0.73384,0.00214,0.46708,0.22791
24.56,2,1.57879,2.44574,3.08748,0.79338,0.03433,0.36357,0.03932
24.58,0,-1.26110,2.49794,3.14096,0.49546,0.00000,0.00000,
24.58,1,0.20289,2.48747,3.13217,0.58192,-0.00429,0.46403,0.23782
24.58,2,1.56294,2.44660,3.08810,0.79339,0.03587,0.36067,0.05229
24.6,0,-1.27072,2.49794,3.14095,0.46024,-0.00015,0.00000,
24.6,1,0.19094,2.48759,3.13217,0.61149,0.00337,0.46170,0.24744
24.6,2,1.54710,2.44745,3.08901,0.79322,0.05118,0.35676,0.06423
24.62,0,-1.28005,2.49795,3.14095,0.47118,0.00005,0.00000,
24.62,1,0.17857,2.48771,3.13225,0.61873,0.00369,0.45865,0.25677
24.62,2,1.53126,2.44829,3.09004,0.79320,0.04946,0.35327,0.07661
24.64,0,-1.28953,2.49795,3.14095,0.47459,0.00004,0.00000,
24.64,1,0.16638,2.48783,3.13231,0.60003,0.00174,0.45594,0.26625
24.64,2,1.51542,2.44910,3.09096,0.79325,0.04437,0.34959,0.08879
24.66,0,-1.29879,2.49796,3.14096,0.48076,0.00001,0.00000,
24.66,1,0.15471,2.48793,3.13235,0.57957,0.00217,0.45353,0.27551
24.66,2,1.49957,2.44991,3.09183,0.79327,0.04305,0.34540,0.10047
24.68,0,-1.30886,2.49797,3.14095,0.51345,-0.00006,0.00000,
24.68,1,0.14285,2.48804,3.13238,0.59944,0.00142,0.45174,0.28558
24.68,2,1.48373,2.45070,3.09269,0.79326,0.04260,0.34140,0.11233
24.7,0,-1.31906,2.49797,3.14095,0.50457,-0.00000,0.00000,
24.7,1,0.13094,2.48815,3.13241,0.58879,0.00174,0.45003,0.29578
24.7,2,1.46788,2.45147,3.09353,0.79326,0.04139,0.33744,0.12424
24.72,0,-1.32900,2.49798,3.14095,0.49250,0.00002,0.00000,
24.72,1,0.11822,2.48826,3.13296,0.63808,0.04240,0.44726,0.00994
24.72,2,1.45203,2.45223,3.09434,0.79326,0.04002,0.33430,0.13696
24.74,0,-1.33883,2.49799,3.14095,0.49175,0.00000,0.00000,
24.74,1,0.10470,2.48838,3.13349,0.70462,0.01130,0.44356,0.01977
24.74,2,1.43618,2.45298,3.09513,0.79327,0.03887,0.33196,0.15048
24.76,0,-1.34870,2.49799,3.14095,0.49508,-0.00000,0.00000,
24.76,1,0.08963,2.48850,3.13352,0.80394,-0.00343,0.43837,0.02964
24.76,2,1.42034,2.45372,3.09589,0.79327,0.03780,0.33116,0.16554
24.78,0,-1.35862,2.49800,3.14095,0.49621,0.00000,0.00000,
24.78,1,0.07361,2.48864,3.13351,0.82623,0.00097,0.43226,0.03956
24.78,2,1.40449,2.45444,3.09664,0.79327,0.03674,0.33132,0.18157
24.8,0,-1.36854,2.49800,3.14095,0.49556,0.00000,0.00000,
24.8,1,0.05668,2.48877,3.13356,0.85077,0.00302,0.42525,0.04948
24.8,2,1.38864,2.45516,3.09736,0.79327,0.03569,0.33238,0.19850
24.82,0,-1.37844,2.49801,3.14095,0.49504,0.00000,0.00000,
24.82,1,0.03990,2.48891,3.13362,0.82726,0.00316,0.41838,0.05938
24.82,2,1.37279,2.45586,3.09807,0.79327,0.03469,0.33329,0.21528
24.84,0,-1.38835,2.49802,3.14095,0.49509,0.00000,0.00000,
24.84,1,0.02467,2.48903,3.13363,0.76474,0.00270,0.41305,0.06928
24.84,2,1.35694,2.45655,3.09875,0.79328,0.03373,0.33266,0.23051
24.86,0,-1.39825,2.49802,3.14095,0.49526,0.00000,0.00000,
24.86,1,0.00919,2.48916,3.13371,0.78096,0.00390,0.40747,0.07919
24.86,2,1.34184,2.45722,3.09921,0.74344,0.02641,0.33303,0.24599
24.88,0,-1.40815,2.49803,3.14095,0.49529,0.00000,0.00000,
24.88,1,-0.00649,2.48928,3.13377,0.78492,0.00265,0.40169,0.08909
24.88,2,1.32680,2.45787,3.09993,0.75935,0.03896,0.33366,0.26167
24.9,0,-1.41806,2.49804,3.14095,0.49525,0.00000,0.00000,
24.9,1,-0.02215,2.48941,3.13382,0.78073,0.00227,0.39594,0.09900
24.9,2,1.31195,2.45851,3.10079,0.76094,0.03583,0.33446,0.27733
24.92,0,-1.42796,2.49804,3.14095,0.49523,0.00000,0.00000,
24.92,1,-0.03773,2.48953,3.13387,0.77825,0.00245,0.39026,0.10890
24.92,2,1.29598,2.45917,3.10130,0.81902,0.02228,0.33405,0.29291
24.94,0,-1.43787,2.49805,3.14095,0.49524,0.00000,0.00000,
24.94,1,-0.05312,2.48965,3.13393,0.77131,0.00301,0.38478,0.11881
24.94,2,1.27964,2.45983,3.10181,0.81047,0.02839,0.33309,0.30830
24.96,0,-1.44777,2.49806,3.14095,0.49524,0.00000,0.00000,
24.96,1,-0.06902,2.48977,3.13397,0.80867,0.00174,0.37878,0.12871
24.96,2,1.26368,2.46047,3.10241,0.79073,0.03039,0.33302,0.32420
24.98,0,-1.45768,2.49806,3.14095,0.49524,0.00000,0.00000,
24.98,1,-0.08496,2.48989,3.13401,0.76485,0.00215,0.37274,0.13862
24.98,2,1.24807,2.46108,3.10299,0.75988,0.02828,0.33334,0.34015
25.0,0,-1.46758,2.49807,3.14096,0.49524,0.00000,0.00000,
25.0,1,-0.09911,2.49000,3.13405,0.66897,0.00231,0.36849,0.14852
25.0,2,1.23385,2.46163,3.10354,0.67595,0.02671,0.33327,0.35430
25.02,0,-1.47749,2.49807,3.14096,0.49524,0.00000,0.00000,
25.02,1,-0.11228,2.49010,3.13253,0.67777,-0.12631,0.36523,0.00990
25.02,2,1.22104,2.46213,3.10369,0.68519,-0.11886,0.33361,0.00678
25.04,0,-1.48739,2.49808,3.14096,0.49524,0.00000,0.00000,
25.04,1,-0.12598,2.49005,3.13161,0.67294,0.03341,0.36144,0.01981
25.04,2,1.20732,2.46258,3.10158,0.69138,-0.05479,0.33358,0.02048
25.06,0,-1.49730,2.49809,3.14096,0.49524,0.00000,0.00000,
25.06,1,-0.14022,2.49014,3.13216,0.78374,0.01110,0.35710,0.02971
25.06,2,1.19360,2.46302,3.10198,0.74698,0.03979,0.33410,0.03472
25.08,0,-1.50720,2.49809,3.14096,0.49524,0.00000,0.00000,
25.08,1,-0.15672,2.49036,3.13221,0.83757,0.00262,0.35050,0.03962
25.08,2,1.17747,2.46369,3.10280,0.83367,0.04218,0.33446,0.05122
25.1,0,-1.51711,2.49810,3.14096,0.49524,0.00000,0.00000,
25.1,1,-0.17301,2.49056,3.13239,0.81440,0.01054,0.34412,0.04952
25.1,2,1.16112,2.46437,3.10375,0.82569,0.04179,0.33439,0.06751
25.12,0,-1.52701,2.49811,3.14096,0.49524,0.00000,0.00000,
25.12,1,-0.18932,2.49072,3.13262,0.81394,0.01122,0.33772,0.00990
25.12,2,1.14473,2.46501,3.10456,0.81302,0.04560,0.33430,0.00815
25.14,0,-1.53692,2.49811,3.14096,0.49524,0.00000,0.00000,
25.14,1,-0.20552,2.49087,3.13279,0.80760,0.00646,0.33142,0.01981
25.14,2,1.12864,2.46561,3.10547,0.80113,0.04236,0.33440,0.02436
25.16,0,-1.54682,2.49812,3.14096,0.49524,0.00000,0.00000,
25.16,1,-0.22164,2.49101,3.13291,0.80577,0.00589,0.32520,0.02971
25.16,2,1.11264,2.46619,3.10622,0.80135,0.03417,0.33451,0.04048
25.18,0,-1.55673,2.49812,3.14096,0.49524,0.00000,0.00000,
25.18,1,-0.23678,2.49114,3.13299,0.75864,0.00652,0.31996,0.03962
25.18,2,1.09670,2.46676,3.10685,0.74587,0.01526,0.33370,0.05562
25.2,0,-1.56663,2.49813,3.14096,0.49524,0.00000,0.00000,
25.2,1,-0.25215,2.49128,3.13315,0.77430,0.00828,0.31450,0.04952
25.2,2,1.08164,2.46730,3.10740,0.76160,0.03657,0.33400,0.07099
25.22,0,-1.57654,2.49814,3.14096,0.49524,0.00000,0.00000,
25.22,1,-0.26766,2.49141,3.13334,0.77461,0.00938,0.30889,0.00990
25.22,2,1.06627,2.46783,3.10818,0.77280,0.03798,0.33413,0.08650
25.24,0,-1.58644,2.49814,3.14096,0.49524,0.00000,0.00000,
25.24,1,-0.28279,2.49154,3.13352,0.78708,0.00627,0.30367,0.01981
25.24,2,1.05101,2.46835,3.10892,0.76277,0.03395,0.33401,0.10163
25.26,0,-1.59635,2.49815,3.14096,0.49524,0.00000,0.00000,
25.26,1,-0.29913,2.49167,3.13362,0.82970,0.00462,0.29724,0.02971
25.26,2,1.03539,2.46887,3.10951,0.76827,0.03472,0.33471,0.11796
25.28,0,-1.60625,2.49816,3.14096,0.49524,0.00000,0.00000,
25.28,1,-0.31562,2.49180,3.13373,0.81501,0.00612,0.29065,0.03962
25.28,2,1.01945,2.46939,3.11011,0.81500,0.02799,0.33526,0.13446
25.3,0,-1.61616,2.49816,3.14096,0.49524,0.00000,0.00000,
25.3,1,-0.33079,2.49192,3.13385,0.66251,0.00311,0.28538,0.04952
25.3,2,1.00307,2.46991,3.11067,0.81830,0.02875,0.33404,0.14963
25.32,0,-1.62606,2.49817,3.14096,0.49524,0.00000,0.00000,
25.32,1,-0.34423,2.49202,3.13286,0.69050,-0.06731,0.28184,0.00990
25.32,2,0.98685,2.47041,3.11125,0.80533,0.02906,0.33126,0.16307
25.34,0,-1.63597,2.49818,3.14096,0.49524,0.00000,0.00000,
25.34,1,-0.35821,2.49206,3.13300,0.67117,0.04298,0.27777,0.01981
25.34,2,0.97083,2.47090,3.11182,0.80060,0.02799,0.32920,0.17705
25.36,0,-1.64587,2.49818,3.14096,0.49524,0.00000,0.00000,
25.36,1,-0.37269,2.49219,3.13350,0.76258,0.00812,0.27320,0.02971
25.36,2,0.95526,2.47137,3.11227,0.74670,0.01665,0.32811,0.19153
25.38,0,-1.65578,2.49819,3.14096,0.49524,0.00000,0.00000,
25.38,1,-0.38754,2.49234,3.13356,0.71253,0.00427,0.26825,0.03962
25.38,2,0.94012,2.47183,3.11278,0.76617,0.03069,0.32782,0.20638
25.4,0,-1.66568,2.49819,3.14096,0.49524,0.00000,0.00000,
25.4,1,-0.40050,2.49246,3.13367,0.52297,-0.00106,0.26519,0.04952
25.4,2,0.92469,2.47227,3.11339,0.77342,0.02805,0.32534,0.21934
25.42,0,-1.67559,2.49820,3.14096,0.49524,0.00000,0.00000,
25.42,1,-0.41108,2.49256,3.13354,0.53668,0.00783,0.26452,0.05943
25.42,2,0.90944,2.47271,3.11394,0.77657,0.02358,0.32067,0.22992
25.44,0,-1.68549,2.49821,3.14096,0.49524,0.00000,0.00000,
25.44,1,-0.42223,2.49265,3.13393,0.55176,0.02169,0.26327,0.06933
25.44,2,0.89379,2.47316,3.11441,0.79101,0.02386,0.31617,0.24108
25.46,0,-1.69540,2.49821,3.14096,0.49524,0.00000,0.00000,
25.46,1,-0.43368,2.49275,3.13421,0.61833,0.00540,0.26172,0.07924
25.46,2,0.87755,2.47360,3.11486,0.82154,0.02179,0.31137,0.25252
25.48,0,-1.70530,2.49822,3.14096,0.49524,0.00000,0.00000,
25.48,1,-0.44636,2.49285,3.13425,0.63057,0.00191,0.25895,0.08914
25.48,2,0.86119,2.47404,3.11531,0.81317,0.02310,0.30768,0.26521
25.5,0,-1.71520,2.49823,3.14096,0.49524,0.00000,0.00000,
25.5,1,-0.45851,2.49294,3.13433,0.58778,0.00601,0.25671,0.09905
25.5,2,0.84507,2.47446,3.11577,0.80166,0.02280,0.30371,0.27735
25.52,0,-1.72511,2.49823,3.14096,0.49524,0.00000,0.00000,
25.52,1,-0.46998,2.49302,3.13447,0.56668,0.00651,0.25514,0.10895
25.52,2,0.82907,2.47488,3.11621,0.80081,0.02184,0.29917,0.28882
25.54,0,-1.73501,2.49824,3.14096,0.49524,0.00000,0.00000,
25.54,1,-0.48129,2.49310,3.13458,0.56593,0.00545,0.25373,0.11886
25.54,2,0.81380,2.47528,3.11652,0.75236,0.01739,0.29522,0.30013
25.56,0,-1.74492,2.49824,3.14096,0.49524,0.00000,0.00000,
25.56,1,-0.49209,2.49318,3.13466,0.52447,0.00396,0.25284,0.12876
25.56,2,0.79860,2.47567,3.11698,0.75530,0.02515,0.29081,0.31093
25.58,0,-1.75482,2.49825,3.14096,0.49524,0.00000,0.00000,
25.58,1,-0.50267,2.49326,3.13477,0.53086,0.00601,0.25217,0.13867
25.58,2,0.78441,2.47602,3.11745,0.67021,0.02109,0.28719,0.32151
25.6,0,-1.76473,2.49826,3.14096,0.49524,0.00000,0.00000,
25.6,1,-0.51322,2.49333,3.13488,0.52301,0.00526,0.25152,0.14857
25.6,2,0.77159,2.47633,3.11783,0.62799,0.01810,0.28492,0.33206
25.62,0,-1.77463,2.49826,3.14096,0.49524,0.00000,0.00000,
25.62,1,-0.52354,2.49340,3.13498,0.51056,0.00459,0.25111,0.15848
25.62,2,0.75909,2.47663,3.11817,0.58584,0.00801,0.28274,0.34238
25.64,0,-1.78454,2.49827,3.14096,0.49524,0.00000,0.00000,
25.64,1,-0.53364,2.49347,3.13507,0.50192,0.00458,0.25090,0.16838
25.64,2,0.74716,2.47692,3.11846,0.60533,0.01952,0.28091,0.35249
25.66,0,-1.79444,2.49828,3.14096,0.49524,0.00000,0.00000,
25.66,1,-0.54353,2.49353,3.13516,0.45696,0.00231,0.25092,0.17829
25.66,2,0.73502,2.47720,3.11888,0.60449,0.02032,0.27866,0.36238
25.68,0,-1.80435,2.49828,3.14096,0.49524,0.00000,0.00000,
25.68,1,-0.55274,2.49359,3.13523,0.46409,0.00458,0.25162,0.18819
25.68,2,0.72311,2.47747,3.11925,0.58800,0.01668,0.27595,0.37158
25.7,0,-1.81425,2.49829,3.14096,0.49524,0.00000,0.00000,
25.7,1,-0.56205,2.49365,3.13533,0.46452,0.00475,0.25221,0.19810
25.7,2,0.71151,2.47773,3.11957,0.57508,0.01591,0.27366,0.38090
25.72,0,-1.82416,2.49830,3.14096,0.49524,0.00000,0.00000,
25.72,1,-0.57124,2.49371,3.13542,0.45438,0.00401,0.25293,0.20800
25.72,2,0.70009,2.47799,3.11989,0.56785,0.01617,0.27143,0.39008
25.74,0,-1.83406,2.49830,3.14096,0.49524,0.00000,0.00000,
25.74,1,-0.58021,2.49377,3.13549,0.44464,0.00381,0.25386,0.21791
25.74,2,0.68881,2.47823,3.12021,0.56076,0.01578,0.26912,0.39906
25.76,0,-1.84397,2.49831,3.14096,0.49524,0.00000,0.00000,
25.76,1,-0.58903,2.49382,3.13557,0.43835,0.00383,0.25494,0.22781
25.76,2,0.67769,2.47847,3.12052,0.55214,0.01514,0.26682,0.40788
25.78,0,-1.85387,2.49831,3.14096,0.49524,0.00000,0.00000,
25.78,1,-0.59768,2.49387,3.13565,0.42056,0.00430,0.25620,0.23772
25.78,2,0.66700,2.47870,3.12077,0.50291,0.00830,0.26477,0.41653
25.8,0,-1.86378,2.49832,3.14096,0.49524,0.00000,0.00000,
25.8,1,-0.60633,2.49392,3.13572,0.43951,0.00340,0.25745,0.24762
25.8,2,0.65686,2.47892,3.12103,0.51118,0.01599,0.26327,0.42518
25.82,0,-1.87368,2.49833,3.14096,0.49524,0.00000,0.00000,
25.82,1,-0.61511,2.49397,3.13579,0.43501,0.00331,0.25858,0.25753
25.82,2,0.64663,2.47913,3.12135,0.50934,0.01532,0.26182,0.43395
25.84,0,-1.88359,2.49833,3.14096,0.49524,0.00000,0.00000,
25.84,1,-0.62365,2.49402,3.13585,0.42127,0.00336,0.25994,0.26743
25.84,2,0.63657,2.47933,3.12163,0.49764,0.01293,0.26031,0.44250
25.86,0,-1.89349,2.49834,3.14096,0.49524,0.00000,0.00000,
25.86,1,-0.63198,2.49407,3.13592,0.41310,0.00325,0.26152,0.27734
25.86,2,0.62674,2.47953,3.12188,0.48754,0.01261,0.25880,0.45082
25.88,0,-1.90340,2.49835,3.14096,0.49524,0.00000,0.00000,
25.88,1,-0.63933,2.49412,3.13595,0.35967,0.00215,0.26407,0.28724
25.88,2,0.61706,2.47972,3.12214,0.48094,0.01268,0.25647,0.45818
25.9,0,-1.91330,2.49835,3.14096,0.49524,0.00000,0.00000,
25.9,1,-0.64672,2.49416,3.13602,0.37424,0.00396,0.26659,0.29714
25.9,2,0.60751,2.47991,3.12239,0.47460,0.01229,0.25431,0.46556
25.92,0,-1.92321,2.49836,3.14096,0.49524,0.00000,0.00000,
25.92,1,-0.65415,2.49420,3.13609,0.36738,0.00314,0.26906,0.30705
25.92,2,0.59810,2.48009,3.12263,0.46739,0.01180,0.25233,0.47300
25.94,0,-1.93311,2.49836,3.14096,0.49524,0.00000,0.00000,
25.94,1,-0.66121,2.49424,3.13616,0.35796,0.00285,0.27191,0.31695
25.94,2,0.58884,2.48026,3.12286,0.46007,0.01143,0.25012,0.48005
25.96,0,-1.94302,2.49837,3.14096,0.49524,0.00000,0.00000,
25.96,1,-0.66867,2.49428,3.13621,0.37963,0.00232,0.27435,0.32686
25.96,2,0.57971,2.48043,3.12308,0.45311,0.01110,0.24846,0.48752
25.98,0,-1.95292,2.49838,3.14096,0.49524,0.00000,0.00000,
25.98,1,-0.67616,2.49432,3.13625,0.36728,0.00263,0.27677,0.33676
25.98,2,0.57073,2.48060,3.12330,0.44636,0.01075,0.24696,0.49501
26.0,0,-1.96283,2.49838,3.14096,0.49524,0.00000,0.00000,
26.0,1,-0.68333,2.49436,3.13631,0.35260,0.00264,0.27950,0.34667
26.0,2,0.56221,2.48076,3.12347,0.40825,0.00714,0.24562,0.50218
26.02,0,-1.97273,2.49839,3.14096,0.49524,0.00000,0.00000,
26.02,1,-0.69032,2.49440,3.13636,0.34774,0.00247,0.28242,0.35657
26.02,2,0.55396,2.48091,3.12367,0.41503,0.01174,0.24435,0.50916
26.04,0,-1.98263,2.49840,3.14096,0.49524,0.00000,0.00000,
26.04,1,-0.69725,2.49443,3.13641,0.34529,0.00236,0.28540,0.36648
26.04,2,0.54569,2.48106,3.12390,0.41072,0.01056,0.24301,0.51609
26.06,0,-1.99254,2.49840,3.14096,0.49524,0.00000,0.00000,
26.06,1,-0.70410,2.49447,3.13645,0.34041,0.00230,0.28844,0.37638
26.06,2,0.53759,2.48121,3.12409,0.40083,0.00910,0.24176,0.52295
26.08,0,-2.00244,2.49841,3.14096,0.49524,0.00000,0.00000,
26.08,1,-0.71048,2.49450,3.13649,0.31216,0.00179,0.29197,0.38629
26.08,2,0.52966,2.48135,3.12427,0.39352,0.00900,0.24021,0.52933
26.1,0,-2.01235,2.49841,3.14096,0.49524,0.00000,0.00000,
26.1,1,-0.71678,2.49454,3.13653,0.31601,0.00254,0.29557,0.39619
26.1,2,0.52185,2.48148,3.12445,0.38847,0.00898,0.23870,0.53563
26.12,0,-2.02225,2.49842,3.14096,0.49524,0.00000,0.00000,
26.12,1,-0.72306,2.49457,3.13658,0.31088,0.00218,0.29920,0.40610
26.12,2,0.51340,2.48162,3.12485,0.48266,0.05921,0.23652,0.00312
26.14,0,-2.03173,2.49843,3.14095,0.46225,-0.00010,0.00000,
26.14,1,-0.72919,2.49460,3.13662,0.30351,0.00192,0.30255,0.41558
26.14,2,0.50363,2.48177,3.12632,0.48519,0.05646,0.23289,0.00926
26.16,0,-2.04110,2.49843,3.14095,0.47245,0.00006,0.00000,
26.16,1,-0.73501,2.49463,3.13665,0.27605,0.00112,0.30609,0.42494
26.16,2,0.49449,2.48191,3.12678,0.47011,0.00004,0.22956,0.01508
26.18,0,-2.05058,2.49844,3.14095,0.47411,0.00003,0.00000,
26.18,1,-0.74061,2.49466,3.13669,0.28200,0.00215,0.30998,0.43442
26.18,2,0.48457,2.48206,3.12667,0.50585,-0.00250,0.22524,0.02067
26.2,0,-2.05990,2.49845,3.14096,0.49157,-0.00003,0.00000,
26.2,1,-0.74623,2.49469,3.13673,0.27920,0.00201,0.31367,0.44374
26.2,2,0.47464,2.48221,3.12679,0.48469,0.01136,0.22093,0.02630
26.22,0,-2.07006,2.49845,3.14095,0.51367,-0.00005,0.00000,
26.22,1,-0.75174,2.49471,3.13677,0.27218,0.00169,0.31833,0.45391
26.22,2,0.46522,2.48235,3.12704,0.46233,0.01170,0.21702,0.03180
26.24,0,-2.08022,2.49846,3.14095,0.50131,0.00001,0.00000,
26.24,1,-0.75712,2.49474,3.13680,0.26716,0.00164,0.32310,0.46406
26.24,2,0.45647,2.48248,3.12719,0.42523,0.00626,0.21365,0.03719
26.26,0,-2.09006,2.49846,3.14096,0.50210,0.00000,0.00000,
26.26,1,-0.76243,2.49476,3.13683,0.26381,0.00164,0.32764,0.47391
26.26,2,0.44802,2.48260,3.12733,0.40426,0.00565,0.21051,0.04249
26.28,0,-2.10025,2.49847,3.14096,0.51267,-0.00002,0.00000,
26.28,1,-0.76766,2.49479,3.13686,0.26022,0.00158,0.33260,0.48410
26.28,2,0.43983,2.48273,3.12750,0.41237,0.00953,0.20755,0.04773
26.3,0,-2.11048,2.49848,3.14096,0.50945,0.00000,0.00000,
26.3,1,-0.77282,2.49481,3.13689,0.25617,0.00151,0.33766,0.49433
26.3,2,0.43164,2.48284,3.12768,0.40515,0.00849,0.20452,0.05289
26.32,0,-2.12062,2.49848,3.14096,0.50545,0.00001,0.00000,
26.32,1,-0.77584,2.49484,3.13697,0.15127,0.00491,0.34479,
26.32,2,0.42378,2.48295,3.12785,0.37427,0.00960,0.19968,0.05591
26.34,0,-2.13049,2.49849,3.14095,0.46731,-0.00019,0.00000,
26.34,1,-0.77829,2.49486,3.13704,0.06108,0.00196,0.35221,
26.34,2,0.41580,2.48306,3.12800,0.41463,0.00638,0.19415,0.05836
26.36,0,-2.13998,2.49850,3.14095,0.47992,0.00004,0.00000,
26.36,1,-0.77860,2.49486,3.13706,-0.00376,0.00032,0.36138,
26.36,2,0.40747,2.48318,3.12812,0.41222,0.00664,0.18614,0.05867
26.38,0,-2.14965,2.49850,3.14095,0.48500,0.00005,0.00000,
26.38,1,-0.77830,2.49486,3.13706,-0.02308,-0.00001,0.37136,
26.38,2,0.39945,2.48328,3.12826,0.39296,0.00706,0.17780,0.05836
26.4,0,-2.15933,2.49851,3.14095,0.48249,-0.00000,0.00000,
26.4,1,-0.77777,2.49486,3.13706,-0.02572,-0.00020,0.38156,
26.4,2,0.39171,2.48339,3.12840,0.38373,0.00672,0.16954,0.05784
26.42,0,-2.16895,2.49852,3.14095,0.48016,-0.00001,0.00000,
26.42,1,-0.77736,2.49486,3.13706,-0.01642,-0.00007,0.39159,
26.42,2,0.38406,2.48349,3.12853,0.38128,0.00634,0.16148,0.05743
26.44,0,-2.17845,2.49852,3.14096,0.48615,0.00001,0.00000,
26.44,1,-0.77709,2.49486,3.13706,-0.01260,0.00002,0.40137,
26.44,2,0.37699,2.48359,3.12860,0.32457,0.00156,0.15413,0.05715
26.46,0,-2.18841,2.49853,3.14095,0.50281,-0.00002,0.00000,
26.46,1,-0.77682,2.49486,3.13706,-0.01427,0.00002,0.41159,
26.46,2,0.37031,2.48368,3.12871,0.34035,0.00764,0.14718,0.05689
26.48,0,-2.19833,2.49853,3.14096,0.50362,0.00000,0.00000,
26.48,1,-0.77654,2.49486,3.13706,-0.00951,0.00001,0.42180,
26.48,2,0.36349,2.48377,3.12886,0.33827,0.00687,0.14009,0.05661
26.5,0,-2.20854,2.49854,3.14095,0.51308,-0.00002,0.00000,
26.5,1,-0.77648,2.49486,3.13706,0.00034,0.00000,0.43207,
26.5,2,0.35697,2.48385,3.12899,0.29972,0.00807,0.13351,0.05655
26.52,0,-2.21876,2.49855,3.14095,0.50769,0.00000,0.00000,
26.52,1,-0.77973,2.49486,3.13710,0.20562,0.00260,0.43903,0.01021
26.52,2,0.35036,2.48394,3.12910,0.35153,0.00432,0.13014,0.05979
26.54,0,-2.22885,2.49855,3.14095,0.50340,0.00001,0.00000,
26.54,1,-0.78298,2.49486,3.13718,0.13072,0.00439,0.44588,0.02031
26.54,2,0.34323,2.48402,3.12919,0.35295,0.00466,0.12626,0.06304
26.56,0,-2.23892,2.49856,3.14095,0.50378,0.00000,0.00000,
26.56,1,-0.78641,2.49486,3.13729,0.28686,0.00629,0.45252,0.03038
26.56,2,0.33641,2.48411,3.12929,0.33201,0.00527,0.12287,0.06648
26.58,0,-2.24886,2.49857,3.14095,0.46656,-0.00021,0.00000,
26.58,1,-0.79649,2.49488,3.13744,0.64032,0.00973,0.45237,0.04031
26.58,2,0.32990,2.48419,3.12940,0.32241,0.00499,0.12644,0.07656
26.6,0,-2.25831,2.49857,3.14095,0.47805,0.00003,0.00000,
26.6,1,-0.80862,2.49489,3.13766,0.58868,0.01158,0.44970,0.04977
26.6,2,0.32372,2.48427,3.12946,0.27175,-0.00044,0.13239,0.08869
26.62,0,-2.26795,2.49858,3.14095,0.48340,0.00006,0.00000,
26.62,1,-0.81978,2.49488,3.13845,0.56486,0.10401,0.44817,0.05940
26.62,2,0.31808,2.48434,3.12952,0.28946,0.00532,0.13791,0.09985
26.64,0,-2.27760,2.49859,3.14095,0.48129,-0.00000,0.00000,
26.64,1,-0.83330,2.49491,3.14030,0.76502,0.05421,0.44430,0.06905
26.64,2,0.31225,2.48441,3.12964,0.29011,0.00564,0.14560,0.11337
26.66,0,-2.28716,2.49859,3.14095,0.46052,0.00008,0.00000,
26.66,1,-0.84971,2.49495,3.14042,0.84001,-0.01935,0.43745,0.07861
26.66,2,0.30656,2.48448,3.12974,0.28002,0.00410,0.15632,0.12978
26.68,0,-2.29669,2.49860,3.14096,0.50281,-0.00002,0.00000,
26.68,1,-0.86617,2.49499,3.14003,0.80220,-0.01286,0.43053,0.08815
26.68,2,0.30113,2.48455,3.12982,0.25924,0.00523,0.16734,0.14623
26.7,0,-2.30703,2.49860,3.14095,0.52054,-0.00004,0.00000,
26.7,1,-0.88166,2.49502,3.13996,0.77619,0.00115,0.42537,0.09848
26.7,2,0.29558,2.48461,3.12990,0.28905,0.00351,0.17728,0.16173
26.72,0,-2.31731,2.49861,3.14095,0.50750,0.00001,0.00000,
26.72,1,-0.89754,2.49505,3.13998,0.80545,-0.00010,0.41977,0.10876
26.72,2,0.28977,2.48468,3.12997,0.28743,0.00358,0.18735,0.17761
26.74,0,-2.32734,2.49862,3.14095,0.49867,0.00001,0.00000,
26.74,1,-0.91372,2.49507,3.13994,0.80868,-0.00304,0.41362,0.11880
26.74,2,0.28418,2.48474,3.13005,0.27354,0.00379,0.19794,0.19379
26.76,0,-2.33732,2.49862,3.14095,0.50003,0.00000,0.00000,
26.76,1,-0.92981,2.49510,3.13988,0.80085,-0.00269,0.40751,0.12878
26.76,2,0.27879,2.48481,3.13012,0.26701,0.00362,0.20865,0.20988
26.78,0,-2.34736,2.49863,3.14095,0.50299,0.00000,0.00000,
26.78,1,-0.94578,2.49513,3.13984,0.79766,-0.00192,0.40158,0.13881
26.78,2,0.27347,2.48487,3.13019,0.26543,0.00341,0.21930,0.22585
26.8,0,-2.35742,2.49864,3.14095,0.50341,0.00000,0.00000,
26.8,1,-0.96175,2.49515,3.13980,0.79906,-0.00190,0.39568,0.14888
26.8,2,0.26819,2.48493,3.13026,0.26255,0.00330,0.22998,0.24181
26.82,0,-2.36680,2.49864,3.14095,0.47338,-0.00000,0.00000,
26.82,1,-0.97678,2.49518,3.13980,0.75314,0.00136,0.39002,0.00937
26.82,2,0.26299,2.48499,3.13032,0.25805,0.00320,0.23981,0.25685
26.84,0,-2.37636,2.49865,3.14095,0.48055,0.00006,0.00000,
26.84,1,-0.99202,2.49521,3.13981,0.76748,-0.00095,0.38434,0.01893
26.84,2,0.25844,2.48504,3.13034,0.22227,0.00170,0.25051,0.27209
26.86,0,-2.38597,2.49865,3.14095,0.47966,0.00001,0.00000,
26.86,1,-1.00702,2.49524,3.13978,0.75688,-0.00184,0.37895,0.02854
26.86,2,0.25388,2.48510,3.13041,0.23052,0.00426,0.26095,0.28709
26.88,0,-2.39542,2.49866,3.14095,0.47297,0.00003,0.00000,
26.88,1,-1.02299,2.49527,3.13974,0.82083,-0.00183,0.37243,0.03799
26.88,2,0.24932,2.48515,3.13049,0.22490,0.00327,0.27235,0.30305
26.9,0,-2.40509,2.49867,3.14096,0.48563,0.00004,0.00000,
26.9,1,-1.03944,2.49530,3.13971,0.81749,-0.00132,0.36565,0.04767
26.9,2,0.24491,2.48520,3.13054,0.21766,0.00254,0.28439,0.31951
26.92,0,-2.41519,2.49867,3.14096,0.51440,-0.00003,0.00000,
26.92,1,-1.05556,2.49533,3.13968,0.79754,-0.00129,0.35963,0.05776
26.92,2,0.24066,2.48525,3.13060,0.20312,0.00366,0.29626,0.33563
26.94,0,-2.42546,2.49868,3.14095,0.51030,-0.00001,0.00000,
26.94,1,-1.07143,2.49536,3.13966,0.79281,-0.00135,0.35404,0.06804
26.94,2,0.23630,2.48529,3.13066,0.22720,0.00230,0.30777,0.35150
26.96,0,-2.43555,2.49869,3.14095,0.50071,0.00001,0.00000,
26.96,1,-1.08733,2.49539,3.13963,0.79734,-0.00132,0.34822,0.07813
26.96,2,0.23174,2.48534,3.13070,0.22539,0.00229,0.31911,0.36740
26.98,0,-2.44554,2.49869,3.14095,0.49923,0.00001,0.00000,
26.98,1,-1.10332,2.49542,3.13960,0.79999,-0.00126,0.34223,0.08811
26.98,2,0.22736,2.48539,3.13075,0.21420,0.00248,0.33072,0.38338
27.0,0,-2.45555,2.49870,3.14095,0.50163,0.00000,0.00000,
27.0,1,-1.11919,2.49545,3.13958,0.77421,-0.00122,0.33636,0.09812
27.0,2,0.22315,2.48544,3.13080,0.20920,0.00238,0.34238,0.39926
27.02,0,-2.46560,2.49871,3.14096,0.50272,0.00000,0.00000,
27.02,1,-1.13412,2.49548,3.13958,0.77428,0.00140,0.33148,0.01005
27.02,2,0.21898,2.48548,3.13084,0.20807,0.00223,0.35313,0.41419
27.04,0,-2.47565,2.49871,3.14096,0.50232,0.00000,0.00000,
27.04,1,-1.14980,2.49551,3.13959,0.78349,-0.00049,0.32585,0.02010
27.04,2,0.21484,2.48553,3.13089,0.20579,0.00215,0.36467,0.42987
27.06,0,-2.48554,2.49872,3.14095,0.46382,-0.00021,0.00000,
27.06,1,-1.16496,2.49555,3.13958,0.77873,-0.00136,0.32058,0.02999
27.06,2,0.21076,2.48557,3.13093,0.20223,0.00209,0.37576,0.44503
27.08,0,-2.49493,2.49872,3.14095,0.47493,0.00003,0.00000,
27.08,1,-1.18111,2.49558,3.13955,0.82098,-0.00123,0.31382,0.03938
27.08,2,0.20675,2.48561,3.13097,0.19886,0.00201,0.38790,0.46118
27.1,0,-2.50451,2.49873,3.14095,0.48059,0.00006,0.00000,
27.1,1,-1.19748,2.49561,3.13953,0.81187,-0.00075,0.30703,0.04896
27.1,2,0.20281,2.48565,3.13101,0.19594,0.00194,0.40032,0.47755
27.12,0,-2.51410,2.49874,3.14095,0.47869,0.00000,0.00000,
27.12,1,-1.21348,2.49565,3.13952,0.78315,-0.00075,0.30063,0.05856
27.12,2,0.20077,2.48569,3.13105,-0.04998,0.00813,0.41429,
27.14,0,-2.52344,2.49874,3.14096,0.47854,0.00003,0.00000,
27.14,1,-1.22812,2.49568,3.13950,0.69068,-0.00083,0.29532,0.06789
27.14,2,0.20176,2.48573,3.13130,-0.03763,0.01476,0.42991,
27.16,0,-2.53352,2.49875,3.14096,0.51703,-0.00005,0.00000,
27.16,1,-1.23942,2.49570,3.13945,0.53876,-0.00256,0.29410,0.07797
27.16,2,0.20262,2.48576,3.13163,-0.05063,0.01572,0.44207,
27.18,0,-2.54384,2.49876,3.14095,0.51130,-0.00000,0.00000,
27.18,1,-1.25042,2.49573,3.13941,0.56864,-0.00100,0.29342,0.08829
27.18,2,0.20362,2.48577,3.13179,-0.04850,0.00249,0.45407,
27.2,0,-2.55391,2.49876,3.14095,0.49842,0.00002,0.00000,
27.2,1,-1.26180,2.49576,3.13942,0.56787,0.00056,0.29211,0.09836
27.2,2,0.20428,2.48577,3.13179,-0.01434,-0.00061,0.46611,
27.22,0,-2.56384,2.49877,3.14096,0.49651,0.00001,0.00000,
27.22,1,-1.27424,2.49578,3.13941,0.64872,-0.00086,0.28960,0.10829
27.22,2,0.20328,2.48577,3.13183,0.17788,0.00738,0.47756,0.00641
27.24,0,-2.57381,2.49878,3.14096,0.49975,0.00000,0.00000,
27.24,1,-1.28707,2.49581,3.13939,0.62559,-0.00083,0.28674,0.11826
27.24,2,0.19973,2.48577,3.13197,0.17788,0.00734,0.48683,0.01924
27.26,0,-2.58382,2.49878,3.14096,0.50120,0.00000,0.00000,
27.26,1,-1.29912,2.49584,3.13938,0.58730,-0.00050,0.28471,0.12827
27.26,2,0.19635,2.48576,3.13215,0.14778,0.01974,0.49550,0.03129
27.28,0,-2.59384,2.49879,3.14096,0.50066,0.00000,0.00000,
27.28,1,-1.31072,2.49587,3.13937,0.57739,-0.00048,0.28313,0.13829
27.28,2,0.19048,2.48576,3.13257,0.48473,0.01994,0.50123,0.04289
27.3,0,-2.60385,2.49879,3.14096,0.50008,0.00000,0.00000,
27.3,1,-1.32098,2.49589,3.13934,0.51321,-0.00089,0.28287,0.14830
27.3,2,0.17981,2.48576,3.13372,0.53331,0.05764,0.50083,0.05315
27.32,0,-2.61385,2.49880,3.14096,0.50008,0.00000,0.00000,
27.32,1,-1.33151,2.49591,3.13933,0.53238,0.00001,0.28234,0.15830
27.32,2,0.16907,2.48578,3.13481,0.55505,0.04233,0.50061,0.06368
27.34,0,-2.62335,2.49881,3.14095,0.46768,-0.00007,0.00000,
27.34,1,-1.34181,2.49594,3.13934,0.51657,-0.00007,0.28154,0.16780
27.34,2,0.15662,2.48587,3.13511,0.67442,-0.00074,0.49847,0.07398
27.36,0,-2.63283,2.49881,3.14095,0.47757,0.00007,0.00000,
27.36,1,-1.35260,2.49596,3.13933,0.54872,-0.00080,0.28023,0.17728
27.36,2,0.14134,2.48598,3.13498,0.79274,-0.00590,0.49398,0.08477
27.38,0,-2.64240,2.49882,3.14095,0.47850,0.00002,0.00000,
27.38,1,-1.36342,2.49599,3.13931,0.53051,-0.00052,0.27898,0.18685
27.38,2,0.12506,2.48609,3.13493,0.82826,-0.00046,0.48851,0.09559
27.4,0,-2.65173,2.49883,3.14096,0.46434,0.00008,0.00000,
27.4,1,-1.37377,2.49601,3.13930,0.50892,-0.00035,0.27796,0.19618
27.4,2,0.10835,2.48621,3.13493,0.83254,-0.00005,0.48215,0.10594
27.42,0,-2.66162,2.49883,3.14096,0.51243,-0.00006,0.00000,
27.42,1,-1.38385,2.49603,3.13930,0.50196,-0.00039,0.27777,0.20607
27.42,2,0.09195,2.48632,3.13492,0.81033,-0.00067,0.47583,0.11603
27.44,0,-2.67193,2.49884,3.14095,0.51282,-0.00001,0.00000,
27.44,1,-1.39386,2.49606,3.13929,0.49857,-0.00041,0.27808,0.21638
27.44,2,0.07586,2.48642,3.13490,0.80197,-0.00071,0.46975,0.12603
27.46,0,-2.68203,2.49884,3.14096,0.49883,0.00002,0.00000,
27.46,1,-1.40346,2.49608,3.13927,0.45515,-0.00097,0.27858,0.22648
27.46,2,0.06014,2.48653,3.13487,0.74764,-0.00350,0.46363,0.13563
27.48,0,-2.69194,2.49885,3.14096,0.49482,0.00001,0.00000,
27.48,1,-1.41264,2.49610,3.13927,0.46194,-0.00017,0.27931,0.23639
27.48,2,0.04497,2.48663,3.13485,0.76830,0.00019,0.45764,0.14481
27.5,0,-2.70187,2.49886,3.14096,0.49780,0.00000,0.00000,
27.5,1,-1.42186,2.49612,3.13926,0.45840,-0.00019,0.28001,0.24632
27.5,2,0.02947,2.48674,3.13486,0.77727,0.00028,0.45136,0.15403
27.52,0,-2.71185,2.49886,3.14096,0.49980,0.00000,0.00000,
27.52,1,-1.43091,2.49614,3.13926,0.44777,-0.00037,0.28094,0.25630
27.52,2,0.01411,2.48684,3.13486,0.75449,0.00040,0.44505,0.16308
27.54,0,-2.72185,2.49887,3.14096,0.49948,0.00000,0.00000,
27.54,1,-1.43977,2.49617,3.13925,0.43925,-0.00036,0.28208,0.26630
27.54,2,-0.00147,2.48695,3.13484,0.79470,-0.00114,0.43833,0.17194
27.56,0,-2.73183,2.49888,3.14096,0.49881,0.00000,0.00000,
27.56,1,-1.44842,2.49619,3.13924,0.39912,-0.00107,0.28341,0.27628
27.56,2,-0.01732,2.48706,3.13483,0.78782,0.00006,0.43113,0.18059
27.58,0,-2.74180,2.49888,3.14096,0.49871,0.00000,0.00000,
27.58,1,-1.45647,2.49621,3.13923,0.40609,-0.00025,0.28534,0.28625
27.58,2,-0.03346,2.48717,3.13482,0.81797,-0.00081,0.42303,0.18864
27.6,0,-2.75178,2.49889,3.14096,0.49888,0.00000,0.00000,
27.6,1,-1.46461,2.49622,3.13923,0.40629,-0.00009,0.28717,0.29623
27.6,2,-0.04984,2.48728,3.13481,0.81605,-0.00050,0.41481,0.19678
27.62,0,-2.76176,2.49890,3.14096,0.49896,0.00000,0.00000,
27.62,1,-1.47265,2.49624,3.13922,0.39721,-0.00027,0.28911,0.30621
27.62,2,-0.06604,2.48739,3.13480,0.80649,-0.00031,0.40663,0.20482
27.64,0,-2.77173,2.49890,3.14096,0.49893,0.00000,0.00000,
27.64,1,-1.48049,2.49626,3.13922,0.38874,-0.00030,0.29125,0.31619
27.64,2,-0.08145,2.48750,3.13476,0.75051,-0.00204,0.39907,0.21266
27.66,0,-2.78135,2.49891,3.14095,0.46419,-0.00012,0.00000,
27.66,1,-1.48820,2.49628,3.13921,0.38332,-0.00025,0.29315,0.32580
27.66,2,-0.09668,2.48760,3.13476,0.76998,0.00070,0.39155,0.22037
27.68,0,-2.79076,2.49891,3.14095,0.47503,0.00006,0.00000,
27.68,1,-1.49582,2.49630,3.13921,0.37836,-0.00024,0.29494,0.33521
27.68,2,-0.11217,2.48771,3.13477,0.77559,0.00013,0.38367,0.22799
27.7,0,-2.80030,2.49892,3.14096,0.47764,0.00004,0.00000,
27.7,1,-1.50325,2.49632,3.13920,0.37502,-0.00020,0.29706,0.34475
27.7,2,-0.12739,2.48782,3.13477,0.75822,-0.00041,0.37588,0.23542
27.72,0,-2.80961,2.49893,3.14096,0.46357,0.00008,0.00000,
27.72,1,-1.51086,2.49633,3.13920,0.38161,-0.00031,0.29876,0.35406
27.72,2,-0.14194,2.48792,3.13476,0.69595,-0.00089,0.36894,0.24303
27.74,0,-2.81949,2.49893,3.14096,0.51156,-0.00006,0.00000,
27.74,1,-1.51839,2.49635,3.13919,0.37132,-0.00023,0.30110,0.36394
27.74,2,-0.15529,2.48801,3.13475,0.65199,-0.00026,0.36313,0.25056
27.76,0,-2.82978,2.49894,3.14096,0.51177,-0.00001,0.00000,
27.76,1,-1.52570,2.49637,3.13919,0.36133,-0.00020,0.30409,0.37424
27.76,2,-0.16664,2.48809,3.13468,0.58106,-0.00075,0.35908,0.25787
27.78,0,-2.83986,2.49895,3.14096,0.49775,0.00002,0.00000,
27.78,1,-1.53287,2.49639,3.13918,0.35650,-0.00020,0.30700,0.38431
27.78,2,-0.17866,2.48818,3.13470,0.61068,0.00161,0.35423,0.26504
27.8,0,-2.84975,2.49895,3.14096,0.49379,0.00001,0.00000,
27.8,1,-1.53912,2.49640,3.13917,0.31215,-0.00045,0.31064,0.39420
27.8,2,-0.19078,2.48826,3.13471,0.59759,0.00007,0.34836,0.27129
27.82,0,-2.85966,2.49896,3.14096,0.49679,0.00000,0.00000,
27.82,1,-1.54550,2.49642,3.13917,0.32214,0.00018,0.31415,0.40411
27.82,2,-0.20281,2.48835,3.13479,0.63773,0.01476,0.34272,0.00322
27.84,0,-2.86962,2.49896,3.14096,0.49878,0.00000,0.00000,
27.84,1,-1.55188,2.49644,3.13917,0.31439,-0.00009,0.31774,0.41407
27.84,2,-0.21666,2.48844,3.13507,0.68875,0.00893,0.33524,0.00959
27.86,0,-2.87959,2.49897,3.14096,0.49846,0.00000,0.00000,
27.86,1,-1.55796,2.49645,3.13917,0.28884,0.00009,0.32164,0.42404
27.86,2,-0.22998,2.48853,3.13510,0.63918,-0.00226,0.32800,0.01567
27.88,0,-2.88955,2.49898,3.14096,0.49778,0.00000,0.00000,
27.88,1,-1.56413,2.49647,3.13916,0.32107,-0.00029,0.32543,0.43401
27.88,2,-0.24210,2.48861,3.13505,0.54562,-0.00356,0.32205,0.02184
27.9,0,-2.89951,2.49898,3.14096,0.49769,0.00000,0.00000,
27.9,1,-1.57058,2.49648,3.13916,0.31971,-0.00021,0.32893,0.44396
27.9,2,-0.25166,2.48869,3.13481,0.48243,-0.00725,0.31894,0.02830
27.92,0,-2.90946,2.49899,3.14096,0.49787,0.00000,0.00000,
27.92,1,-1.57681,2.49650,3.13916,0.30460,-0.00012,0.33266,0.45391
27.92,2,-0.26174,2.48876,3.13502,0.52083,0.01518,0.31509,0.03452
27.94,0,-2.91942,2.49900,3.14096,0.49794,0.00000,0.00000,
27.94,1,-1.58280,2.49651,3.13915,0.29726,-0.00013,0.33662,0.46387
27.94,2,-0.27195,2.48883,3.13522,0.50233,0.00580,0.31087,0.04052
27.96,0,-2.92938,2.49900,3.14096,0.49791,0.00000,0.00000,
27.96,1,-1.58873,2.49653,3.13915,0.29539,-0.00014,0.34066,0.47383
27.96,2,-0.28289,2.48891,3.13522,0.56870,-0.00258,0.30586,0.04644
27.98,0,-2.93934,2.49901,3.14096,0.49788,0.00000,0.00000,
27.98,1,-1.59460,2.49654,3.13915,0.29218,-0.00013,0.34474,0.48379
27.98,2,-0.29415,2.48898,3.13519,0.55030,-0.00023,0.30048,0.05232
28.0,0,-2.94930,2.49902,3.14096,0.49788,0.00000,0.00000,
28.0,1,-1.60039,2.49655,3.13914,0.28721,-0.00013,0.34890,0.49375
28.0,2,-0.30477,2.48905,3.13521,0.51833,0.00161,0.29565,0.05811
28.02,0,-2.95925,2.49902,3.14096,0.49789,0.00000,0.00000,
28.02,1,-1.61067,2.49657,3.13923,0.58125,0.00664,0.34859,0.00996
28.02,2,-0.31501,2.48911,3.13524,0.50943,0.00113,0.29569,0.06838
28.04,0,-2.96921,2.49903,3.14096,0.49789,0.00000,0.00000,
28.04,1,-1.62044,2.49658,3.13940,0.44940,0.00971,0.34877,0.01992
28.04,2,-0.32393,2.48917,3.13521,0.45483,0.00030,0.29654,0.07816
28.06,0,-2.97874,2.49903,3.14095,0.46447,-0.00010,0.00000,
28.06,1,-1.62989,2.49664,3.13872,0.53401,-0.08796,0.34885,0.02944
28.06,2,-0.33323,2.48924,3.13524,0.46915,0.00204,0.29668,0.08760
28.08,0,-2.98815,2.49904,3.14095,0.47481,0.00007,0.00000,
28.08,1,-1.64317,2.49668,3.13734,0.75594,-0.03407,0.34498,0.03886
28.08,2,-0.34233,2.48929,3.13528,0.41851,0.00309,0.30086,0.10088
28.1,0,-2.99768,2.49905,3.14096,0.47653,0.00003,0.00000,
28.1,1,-1.65869,2.49672,3.13735,0.81270,0.01778,0.33899,0.04838
28.1,2,-0.35152,2.48935,3.13530,0.48592,-0.00006,0.30719,0.11640
28.12,0,-3.00696,2.49905,3.14096,0.47597,0.00003,0.00000,
28.12,1,-1.67516,2.49677,3.13769,0.80977,0.01243,0.33180,0.00928
28.12,2,-0.36135,2.48942,3.13530,0.48631,0.00026,0.31383,0.13287
28.14,0,-3.01699,2.49906,3.14096,0.51417,-0.00006,0.00000,
28.14,1,-1.69152,2.49683,3.13779,0.81976,0.00108,0.32548,0.01931
28.14,2,-0.37076,2.48947,3.13531,0.45835,0.00093,0.32078,0.14923
28.16,0,-3.02725,2.49907,3.14096,0.50808,-0.00000,0.00000,
28.16,1,-1.70782,2.49690,3.13782,0.81091,0.00297,0.31943,0.02957
28.16,2,-0.37916,2.48953,3.13530,0.38389,-0.00178,0.32868,0.16554
28.18,0,-3.03726,2.49907,3.14096,0.49518,0.00002,0.00000,
28.18,1,-1.72396,2.49696,3.13791,0.80486,0.00527,0.31330,0.03958
28.18,2,-0.38712,2.48958,3.13531,0.40830,0.00160,0.33687,0.18168
28.2,0,-3.04712,2.49908,3.14096,0.49338,0.00001,0.00000,
28.2,1,-1.73970,2.49702,3.13801,0.70939,0.00320,0.30743,0.04944
28.2,2,-0.39535,2.48964,3.13534,0.40993,0.00134,0.34437,0.19741
28.22,0,-3.05703,2.49908,3.14096,0.49665,0.00000,0.00000,
28.22,1,-1.75265,2.49706,3.13807,0.64148,0.00194,0.30438,0.05935
28.22,2,-0.40327,2.48969,3.13537,0.37555,0.00159,0.34939,0.21036
28.24,0,-3.06698,2.49909,3.14096,0.49809,0.00000,0.00000,
28.24,1,-1.76535,2.49710,3.13808,0.62867,0.00201,0.30163,0.06930
28.24,2,-0.41124,2.48974,3.13538,0.41309,0.00016,0.35413,0.22307
28.26,0,-3.07694,2.49910,3.14096,0.49753,0.00000,0.00000,
28.26,1,-1.77774,2.49716,3.13819,0.61262,0.00718,0.29920,0.07926
28.26,2,-0.41954,2.48979,3.13538,0.41113,0.00044,0.35822,0.23546
28.28,0,-3.08688,2.49910,3.14096,0.49695,0.00000,0.00000,
28.28,1,-1.78988,2.49720,3.13832,0.60248,0.00511,0.29701,0.08920
28.28,2,-0.42756,2.48984,3.13540,0.39280,0.00074,0.36234,0.24759
28.3,0,-3.09682,2.49911,3.14096,0.49696,0.00000,0.00000,
28.3,1,-1.80173,2.49725,3.13840,0.59882,0.00324,0.29510,0.09914
28.3,2,-0.43530,2.48989,3.13541,0.38360,0.00065,0.36645,0.25944
28.32,0,-3.10676,2.49912,3.14096,0.49713,0.00000,0.00000,
28.32,1,-1.81389,2.49729,3.13846,0.61045,0.00301,0.29287,0.10908
28.32,2,-0.44293,2.48993,3.13542,0.38088,0.00056,0.37098,0.27161
28.34,0,-3.11670,2.49912,3.14096,0.49717,0.00000,0.00000,
28.34,1,-1.82594,2.49732,3.13853,0.59373,0.00346,0.29077,0.11902
28.34,2,-0.45011,2.48998,3.13541,0.32214,-0.00205,0.37585,0.28365
28.36,0,-3.12665,2.49913,3.14096,0.49713,0.00000,0.00000,
28.36,1,-1.83753,2.49736,3.13859,0.53197,0.00220,0.28912,0.12897
28.36,2,-0.45674,2.49002,3.13541,0.33855,0.00120,0.38080,0.29524
28.38,0,-3.13659,2.49913,3.14096,0.49711,0.00000,0.00000,
28.38,1,-1.84823,2.49739,3.13865,0.54044,0.00334,0.28836,0.13891
28.38,2,-0.46354,2.49007,3.13544,0.33835,0.00120,0.38471,0.30595
28.4,0,-3.14653,2.49914,3.14096,0.49712,0.00000,0.00000,
28.4,1,-1.85911,2.49742,3.13872,0.54427,0.00337,0.28742,0.14885
28.4,2,-0.47009,2.49011,3.13546,0.31027,0.00132,0.38904,0.31683
28.42,0,-3.15647,2.49915,3.14096,0.49712,0.00000,0.00000,
28.42,1,-1.86989,2.49746,3.13878,0.53287,0.00294,0.28659,0.15879
28.42,2,-0.47670,2.49015,3.13547,0.34315,0.00007,0.39321,0.32760
28.44,0,-3.16642,2.49915,3.14096,0.49712,0.00000,0.00000,
28.44,1,-1.88040,2.49749,3.13884,0.52049,0.00283,0.28602,0.16874
28.44,2,-0.48359,2.49019,3.13547,0.34143,0.00033,0.39683,0.33811
28.46,0,-3.17636,2.49916,3.14096,0.49712,0.00000,0.00000,
28.46,1,-1.89056,2.49751,3.13889,0.47388,0.00195,0.28580,0.17868
28.46,2,-0.49024,2.49023,3.13548,0.32569,0.00059,0.40034,0.34828
28.48,0,-3.18630,2.49917,3.14096,0.49712,0.00000,0.00000,
28.48,1,-1.90013,2.49754,3.13894,0.48265,0.00290,0.28617,0.18862
28.48,2,-0.49666,2.49027,3.13549,0.31800,0.00051,0.40349,0.35784
28.5,0,-3.19624,2.49917,3.14096,0.49712,0.00000,0.00000,
28.5,1,-1.90980,2.49757,3.13900,0.48215,0.00282,0.28644,0.19856
28.5,2,-0.50299,2.49031,3.13550,0.31589,0.00044,0.40683,0.36752
28.52,0,-3.20619,2.49918,3.14096,0.49712,0.00000,0.00000,
28.52,1,-1.91933,2.49759,3.13905,0.47105,0.00248,0.28686,0.20851
28.52,2,-0.51081,2.49035,3.13554,0.57226,0.01314,0.40854,0.00473
28.54,0,-3.21613,2.49919,3.14096,0.49712,0.00000,0.00000,
28.54,1,-1.92864,2.49761,3.13910,0.46113,0.00240,0.28749,0.21845
28.54,2,-0.52117,2.49038,3.13587,0.47791,0.01859,0.40748,0.01404
28.56,0,-3.22552,2.49919,3.14096,0.46624,-0.00005,0.00000,
28.56,1,-1.93772,2.49764,3.13915,0.46329,0.00237,0.28780,0.22783
28.56,2,-0.53080,2.49043,3.13621,0.48599,0.01414,0.40694,0.02312
28.58,0,-3.23495,2.49920,3.14096,0.47520,0.00007,0.00000,
28.58,1,-1.94708,2.49766,3.13920,0.46748,0.00222,0.28787,0.23727
28.58,2,-0.54347,2.49050,3.13628,0.74483,-0.00268,0.40363,0.03248
28.6,0,-3.24447,2.49920,3.14096,0.47538,0.00002,0.00000,
28.6,1,-1.95628,2.49768,3.13924,0.45319,0.00222,0.28819,0.24679
28.6,2,-0.55914,2.49059,3.13625,0.83628,-0.00130,0.39716,0.04169
28.62,0,-3.25381,2.49921,3.14096,0.49263,-0.00003,0.00000,
28.62,1,-1.96521,2.49770,3.13928,0.44183,0.00216,0.28860,0.25613
28.62,2,-0.57610,2.49068,3.13624,0.81487,0.00202,0.38913,0.05061
28.64,0,-3.26400,2.49922,3.14096,0.51492,-0.00005,0.00000,
28.64,1,-1.97398,2.49772,3.13933,0.43657,0.00207,0.29002,0.26632
28.64,2,-0.59249,2.49077,3.13627,0.82102,0.00072,0.38151,0.05939
28.66,0,-3.27418,2.49922,3.14096,0.50281,0.00001,0.00000,
28.66,1,-1.98233,2.49774,3.13936,0.40047,0.00161,0.29186,0.27650
28.66,2,-0.60886,2.49086,3.13628,0.81612,0.00002,0.37348,0.06773
28.68,0,-3.28411,2.49923,3.14096,0.49291,0.00001,0.00000,
28.68,1,-1.99042,2.49776,3.13940,0.40710,0.00213,0.29369,0.28643
28.68,2,-0.62513,2.49094,3.13628,0.81220,0.00028,0.36530,0.07582
28.7,0,-3.29397,2.49924,3.14096,0.49370,0.00000,0.00000,
28.7,1,-1.99853,2.49778,3.13944,0.40240,0.00195,0.29544,0.29629
28.7,2,-0.64028,2.49103,3.13626,0.76516,0.00039,0.35827,0.08393
28.72,0,-3.30388,2.49924,3.14096,0.49682,0.00000,0.00000,
28.72,1,-2.00647,2.49780,3.13948,0.39264,0.00175,0.29741,0.30620
28.72,2,-0.65559,2.49111,3.13628,0.74769,0.00124,0.35089,0.09187
28.74,0,-3.31382,2.49925,3.14096,0.49745,0.00000,0.00000,
28.74,1,-2.01424,2.49781,3.13951,0.38560,0.00172,0.29959,0.31614
28.74,2,-0.66956,2.49118,3.13630,0.66158,0.00043,0.34469,0.09964
28.76,0,-3.32377,2.49925,3.14096,0.49671,0.00000,0.00000,
28.76,1,-2.02166,2.49783,3.13954,0.35270,0.00131,0.30211,0.32609
28.76,2,-0.68190,2.49125,3.13628,0.58899,-0.00124,0.33978,0.10706
28.78,0,-3.33369,2.49926,3.14096,0.49632,0.00000,0.00000,
28.78,1,-2.02880,2.49784,3.13958,0.35937,0.00177,0.30490,0.33601
28.78,2,-0.69400,2.49132,3.13628,0.61779,0.00097,0.33482,0.11420
28.8,0,-3.34362,2.49927,3.14096,0.49643,0.00000,0.00000,
28.8,1,-2.03596,2.49786,3.13961,0.35600,0.00166,0.30766,0.34594
28.8,2,-0.70644,2.49138,3.13630,0.62070,0.00074,0.32954,0.12137
28.82,0,-3.35355,2.49927,3.14096,0.49657,0.00000,0.00000,
28.82,1,-2.04299,2.49787,3.13964,0.34731,0.00148,0.31056,0.35587
28.82,2,-0.71916,2.49145,3.13633,0.69369,0.00400,0.32385,0.00349
28.84,0,-3.36348,2.49928,3.14096,0.49658,0.00000,0.00000,
28.84,1,-2.04986,2.49789,3.13967,0.34085,0.00145,0.31363,0.36580
28.84,2,-0.73332,2.49152,3.13641,0.68384,0.00279,0.31655,0.01036
28.86,0,-3.37342,2.49929,3.14096,0.49654,0.00000,0.00000,
28.86,1,-2.05663,2.49790,3.13970,0.33649,0.00143,0.31679,0.37573
28.86,2,-0.74573,2.49159,3.13644,0.58135,0.00071,0.31091,0.01713
28.88,0,-3.38335,2.49929,3.14096,0.49653,0.00000,0.00000,
28.88,1,-2.06331,2.49791,3.13973,0.33192,0.00137,0.32004,0.38567
28.88,2,-0.75728,2.49165,3.13644,0.58103,0.00010,0.30605,0.02381
28.9,0,-3.39328,2.49930,3.14096,0.49654,0.00000,0.00000,
28.9,1,-2.06989,2.49792,3.13975,0.32677,0.00132,0.32339,0.39560
28.9,2,-0.76904,2.49171,3.13645,0.59207,0.00064,0.30086,0.03039
28.92,0,-3.40321,2.49930,3.14096,0.49654,0.00000,0.00000,
28.92,1,-2.07631,2.49794,3.13978,0.32560,0.00128,0.32690,0.40553
28.92,2,-0.77939,2.49177,3.13642,0.52261,0.00036,0.29694,0.03681
28.94,0,-3.41314,2.49931,3.14096,0.49654,0.00000,0.00000,
28.94,1,-2.08290,2.49795,3.13981,0.32942,0.00119,0.33024,0.41546
28.94,2,-0.78999,2.49183,3.13645,0.53221,0.00179,0.29292,0.04340
28.96,0,-3.42307,2.49932,3.14096,0.49654,0.00000,0.00000,
28.96,1,-2.08939,2.49796,3.13983,0.32010,0.00119,0.33368,0.42539
28.96,2,-0.80028,2.49188,3.13649,0.52309,0.00109,0.28913,0.04990
28.98,0,-3.43300,2.49932,3.14096,0.49654,0.00000,0.00000,
28.98,1,-2.09570,2.49797,3.13985,0.31195,0.00116,0.33730,0.43532
28.98,2,-0.81115,2.49194,3.13649,0.55073,-0.00022,0.28456,0.05620
29.0,0,-3.44293,2.49933,3.14096,0.49654,0.00000,0.00000,
29.0,1,-2.10189,2.49798,3.13988,0.30800,0.00111,0.34104,0.44525
29.0,2,-0.82198,2.49199,3.13650,0.53020,0.00045,0.27993,0.06239
29.02,0,-3.45286,2.49934,3.14096,0.49654,0.00000,0.00000,
29.02,1,-2.10727,2.49799,3.13989,0.26904,0.00092,0.34559,0.45518
29.02,2,-0.83205,2.49204,3.13652,0.45895,0.00279,0.27523,0.00265
29.04,0,-3.46279,2.49934,3.14096,0.49654,0.00000,0.00000,
29.04,1,-2.11278,2.49800,3.13991,0.27743,0.00125,0.35002,0.46511
29.04,2,-0.84082,2.49209,3.13657,0.41229,0.00034,0.27198,0.00816
29.06,0,-3.47272,2.49935,3.14096,0.49654,0.00000,0.00000,
29.06,1,-2.11826,2.49801,3.13994,0.27019,0.00104,0.35446,0.47504
29.06,2,-0.84918,2.49213,3.13656,0.44958,0.00039,0.26910,0.01364
29.08,0,-3.48265,2.49936,3.14096,0.49654,0.00000,0.00000,
29.08,1,-2.12356,2.49802,3.13995,0.26182,0.00092,0.35909,0.48497
29.08,2,-0.85850,2.49218,3.13659,0.46915,0.00124,0.26508,0.01895
29.1,0,-3.49258,2.49936,3.14096,0.49654,0.00000,0.00000,
29.1,1,-2.12864,2.49803,3.13997,0.25617,0.00100,0.36395,0.49490
29.1,2,-0.86743,2.49223,3.13661,0.43420,0.00142,0.26122,0.02402
29.12,0,-3.50252,2.49937,3.14096,0.49654,0.00000,0.00000,
29.12,1,-2.13774,2.49804,3.14005,0.49595,0.00570,0.36477,0.00993
29.12,2,-0.87751,2.49227,3.13666,0.57953,0.00957,0.26025,0.00496
29.14,0,-3.51245,2.49937,3.14096,0.49654,0.00000,0.00000,
29.14,1,-2.14753,2.49804,3.14017,0.45277,0.00633,0.36492,0.01986
29.14,2,-0.88859,2.49229,3.13706,0.53432,0.05296,0.25895,0.01475
29.16,0,-3.52238,2.49938,3.14096,0.49654,0.00000,0.00000,
29.16,1,-2.15605,2.49805,3.14030,0.44094,0.00594,0.36633,0.02979
29.16,2,-0.90149,2.49233,3.13797,0.73436,0.01855,0.25457,0.02327
29.18,0,-3.53164,2.49939,3.14096,0.46811,-0.00000,0.00000,
29.18,1,-2.16742,2.49807,3.14035,0.68456,0.00033,0.36422,0.03905
29.18,2,-0.91681,2.49241,3.13784,0.78231,-0.01633,0.25062,0.03464
29.2,0,-3.54110,2.49939,3.14096,0.47532,0.00006,0.00000,
29.2,1,-2.18238,2.49809,3.14035,0.81168,0.00030,0.35872,0.04851
29.2,2,-0.93196,2.49248,3.13762,0.72218,-0.00463,0.25043,0.04960
29.22,0,-3.55044,2.49940,3.14096,0.44849,0.00015,0.00000,
29.22,1,-2.19902,2.49811,3.14036,0.82725,0.00076,0.35142,0.05786
29.22,2,-0.94643,2.49253,3.13764,0.81637,0.00460,0.25261,0.00828
29.24,0,-3.56009,2.49940,3.14096,0.50474,-0.00006,0.00000,
29.24,1,-2.21560,2.49813,3.14038,0.82361,0.00050,0.34449,0.06751
29.24,2,-0.96434,2.49260,3.13770,0.91189,0.00088,0.25128,0.02485
29.26,0,-3.57035,2.49941,3.14096,0.51243,-0.00003,0.00000,
29.26,1,-2.23185,2.49815,3.14039,0.80440,0.00048,0.33850,0.07776
29.26,2,-0.98169,2.49267,3.13767,0.82528,-0.00270,0.25017,0.04110
29.28,0,-3.58044,2.49942,3.14096,0.49808,0.00002,0.00000,
29.28,1,-2.24777,2.49817,3.14040,0.77856,0.00053,0.33267,0.08785
29.28,2,-0.99749,2.49273,3.13763,0.77281,-0.00166,0.25029,0.05702
29.3,0,-3.59031,2.49942,3.14096,0.49183,0.00001,0.00000,
29.3,1,-2.26206,2.49819,3.14040,0.59598,-0.00054,0.32826,0.09773
29.3,2,-1.01300,2.49279,3.13760,0.78314,-0.00082,0.24907,0.07131
29.32,0,-3.60017,2.49943,3.14096,0.49430,0.00000,0.00000,
29.32,1,-2.27408,2.49820,3.14040,0.61173,0.00043,0.32609,0.10758
29.32,2,-1.02889,2.49286,3.13759,0.80130,-0.00100,0.24520,0.08333
29.34,0,-3.61009,2.49944,3.14096,0.49681,0.00000,0.00000,
29.34,1,-2.28653,2.49822,3.14042,0.62661,0.00076,0.32356,0.11750
29.34,2,-1.04496,2.49292,3.13756,0.80330,-0.00116,0.24158,0.09578
29.36,0,-3.62003,2.49944,3.14096,0.49678,0.00000,0.00000,
29.36,1,-2.29894,2.49823,3.14043,0.61321,0.00049,0.32108,0.12744
29.36,2,-1.06097,2.49299,3.13754,0.79855,-0.00108,0.23798,0.10820
29.38,0,-3.62995,2.49945,3.14096,0.49604,0.00000,0.00000,
29.38,1,-2.31100,2.49825,3.14044,0.59523,0.00039,0.31896,0.13737
29.38,2,-1.07605,2.49305,3.13750,0.74780,-0.00150,0.23496,0.12025
29.4,0,-3.63987,2.49946,3.14096,0.49585,0.00000,0.00000,
29.4,1,-2.32279,2.49826,3.14045,0.58568,0.00044,0.31709,0.14729
29.4,2,-1.09120,2.49311,3.13749,0.76401,-0.00032,0.23160,0.13204
29.42,0,-3.64979,2.49946,3.14096,0.49601,0.00000,0.00000,
29.42,1,-2.33443,2.49827,3.14045,0.57937,0.00044,0.31536,0.15720
29.42,2,-1.10616,2.49318,3.13749,0.75552,-0.00025,0.22829,0.14368
29.44,0,-3.65971,2.49947,3.14096,0.49611,0.00000,0.00000,
29.44,1,-2.34593,2.49829,3.14046,0.57128,0.00042,0.31378,0.16713
29.44,2,-1.12210,2.49324,3.13746,0.81986,-0.00167,0.22384,0.15518
29.46,0,-3.66963,2.49947,3.14096,0.49609,0.00000,0.00000,
29.46,1,-2.35726,2.49830,3.14047,0.56204,0.00040,0.31238,0.17705
29.46,2,-1.13853,2.49331,3.13744,0.81598,-0.00101,0.21874,0.16651
29.48,0,-3.67955,2.49948,3.14096,0.49606,0.00000,0.00000,
29.48,1,-2.36840,2.49831,3.14048,0.55329,0.00039,0.31115,0.18697
29.48,2,-1.15461,2.49338,3.13742,0.79575,-0.00069,0.21380,0.17765
29.5,0,-3.68947,2.49949,3.14096,0.49605,0.00000,0.00000,
29.5,1,-2.37889,2.49832,3.14048,0.50866,0.00019,0.31058,0.19689
29.5,2,-1.17045,2.49344,3.13741,0.79110,-0.00081,0.20846,0.18815
29.52,0,-3.69940,2.49949,3.14096,0.49606,0.00000,0.00000,
29.52,1,-2.38917,2.49834,3.14049,0.51624,0.00049,0.31023,0.20681
29.52,2,-1.18632,2.49351,3.13739,0.79573,-0.00086,0.20286,0.19842
29.54,0,-3.70932,2.49950,3.14096,0.49606,0.00000,0.00000,
29.54,1,-2.39944,2.49835,3.14050,0.51006,0.00040,0.30987,0.21673
29.54,2,-1.20227,2.49358,3.13737,0.79839,-0.00081,0.19719,0.20870
29.56,0,-3.71924,2.49951,3.14096,0.49606,0.00000,0.00000,
29.56,1,-2.40951,2.49836,3.14051,0.49781,0.00031,0.30973,0.22665
29.56,2,-1.21823,2.49364,3.13736,0.79778,-0.00077,0.19129,0.21876
29.58,0,-3.72916,2.49951,3.14096,0.49606,0.00000,0.00000,
29.58,1,-2.41936,2.49837,3.14051,0.48895,0.00032,0.30980,0.23658
29.58,2,-1.23416,2.49371,3.13734,0.79195,-0.00076,0.18521,0.22861
29.6,0,-3.73908,2.49952,3.14096,0.49606,0.00000,0.00000,
29.6,1,-2.42907,2.49838,3.14052,0.48271,0.00033,0.31001,0.24650
29.6,2,-1.24874,2.49377,3.13732,0.66420,-0.00154,0.18034,0.23832
29.62,0,-3.74900,2.49952,3.14096,0.49606,0.00000,0.00000,
29.62,1,-2.43865,2.49839,3.14053,0.47604,0.00031,0.31035,0.25642
29.62,2,-1.26125,2.49383,3.13729,0.58908,-0.00130,0.17742,0.24791
29.64,0,-3.75892,2.49953,3.14096,0.49606,0.00000,0.00000,
29.64,1,-2.44809,2.49840,3.14053,0.46864,0.00030,0.31083,0.26634
29.64,2,-1.27323,2.49388,3.13729,0.60861,-0.00000,0.17487,0.25735
29.66,0,-3.76884,2.49954,3.14096,0.49606,0.00000,0.00000,
29.66,1,-2.45739,2.49841,3.14054,0.46136,0.00029,0.31146,0.27626
29.66,2,-1.28548,2.49394,3.13728,0.61175,-0.00042,0.17191,0.26664
29.68,0,-3.77877,2.49954,3.14096,0.49606,0.00000,0.00000,
29.68,1,-2.46626,2.49842,3.14054,0.42102,0.00004,0.31251,0.28618
29.68,2,-1.29755,2.49399,3.13727,0.59548,-0.00072,0.16871,0.27551
29.7,0,-3.78869,2.49955,3.14096,0.49606,0.00000,0.00000,
29.7,1,-2.47476,2.49843,3.14055,0.42837,0.00036,0.31392,0.29610
29.7,2,-1.30919,2.49404,3.13726,0.56866,-0.00012,0.16558,0.28402
29.72,0,-3.79861,2.49956,3.14096,0.49606,0.00000,0.00000,
29.72,1,-2.48332,2.49844,3.14055,0.42513,0.00032,0.31529,0.30602
29.72,2,-1.32088,2.49409,3.13725,0.59402,-0.00077,0.16244,0.29257
29.74,0,-3.80853,2.49956,3.14096,0.49606,0.00000,0.00000,
29.74,1,-2.49171,2.49845,3.14056,0.41501,0.00024,0.31682,0.31594
29.74,2,-1.33274,2.49414,3.13724,0.58743,-0.00068,0.15898,0.30096
29.76,0,-3.81845,2.49957,3.14096,0.49606,0.00000,0.00000,
29.76,1,-2.49991,2.49845,3.14056,0.40707,0.00023,0.31854,0.32587
29.76,2,-1.34428,2.49419,3.13722,0.56888,-0.00051,0.15565,0.30917
29.78,0,-3.82837,2.49957,3.14096,0.49606,0.00000,0.00000,
29.78,1,-2.50800,2.49846,3.14057,0.40176,0.00024,0.32038,0.33579
29.78,2,-1.35552,2.49424,3.13721,0.55798,-0.00050,0.15248,0.31725
29.8,0,-3.83829,2.49958,3.14096,0.49606,0.00000,0.00000,
29.8,1,-2.51597,2.49847,3.14057,0.39635,0.00023,0.32232,0.34571
29.8,2,-1.36612,2.49429,3.13719,0.51479,-0.00131,0.14986,0.32523
29.82,0,-3.84821,2.49959,3.14096,0.49606,0.00000,0.00000,
29.82,1,-2.52802,2.49848,3.14061,0.61270,0.00325,0.32020,0.00992
29.82,2,-1.37653,2.49434,3.13718,0.52363,0.00002,0.15149,0.33727
29.84,0,-3.85814,2.49959,3.14096,0.49606,0.00000,0.00000,
29.84,1,-2.53944,2.49849,3.14068,0.56895,0.00368,0.31870,0.01984
29.84,2,-1.38696,2.49438,3.13718,0.51695,-0.00023,0.15249,0.34869
29.86,0,-3.86806,2.49960,3.14096,0.49606,0.00000,0.00000,
29.86,1,-2.55105,2.49850,3.14075,0.61517,0.00184,0.31701,0.02976
29.86,2,-1.39715,2.49443,3.13717,0.50411,-0.00054,0.15391,0.36030
29.88,0,-3.87798,2.49961,3.14096,0.49606,0.00000,0.00000,
29.88,1,-2.56533,2.49851,3.14075,0.75388,-0.00031,0.31264,0.03968
29.88,2,-1.40713,2.49447,3.13716,0.49518,-0.00048,0.15821,0.37459
29.9,0,-3.88790,2.49961,3.14096,0.49606,0.00000,0.00000,
29.9,1,-2.58154,2.49852,3.14074,0.83497,-0.00023,0.30636,0.04961
29.9,2,-1.41696,2.49452,3.13715,0.48899,-0.00040,0.16459,0.39080
29.92,0,-3.89782,2.49962,3.14096,0.49606,0.00000,0.00000,
29.92,1,-2.59763,2.49854,3.14074,0.78025,0.00012,0.30019,0.05953
29.92,2,-1.42619,2.49456,3.13713,0.45187,-0.00091,0.17145,0.40688
29.94,0,-3.90745,2.49963,3.14096,0.46075,-0.00015,0.00000,
29.94,1,-2.61201,2.49855,3.14075,0.63093,-0.00030,0.29544,0.06916
29.94,2,-1.43530,2.49460,3.13712,0.45712,0.00008,0.17672,0.42126
29.96,0,-3.91679,2.49963,3.14096,0.47172,0.00006,0.00000,
29.96,1,-2.62292,2.49856,3.14073,0.54220,-0.00082,0.29387,0.07850
29.96,2,-1.44438,2.49464,3.13712,0.45009,-0.00021,0.17855,0.43218
29.98,0,-3.92628,2.49964,3.14096,0.47514,0.00004,0.00000,
29.98,1,-2.63414,2.49857,3.14072,0.58131,0.00001,0.29214,0.08798
29.98,2,-1.45326,2.49468,3.13712,0.43948,-0.00044,0.18089,0.44339
30.0,0,-3.93553,2.49964,3.14096,0.47487,0.00004,0.00000,
30.0,1,-2.64593,2.49858,3.14073,0.55917,0.00058,0.28960,0.09724
30.0,2,-1.46197,2.49472,3.13711,0.43219,-0.00037,0.18397,0.45518
30.02,0,-3.94554,2.49965,3.14096,0.51306,-0.00006,0.00000,
30.02,1,-2.65785,2.49860,3.14073,0.61803,0.00000,0.28769,0.10725
30.02,2,-1.47055,2.49476,3.13710,0.42671,-0.00031,0.18731,0.46711
30.04,0,-3.95578,2.49966,3.14096,0.50670,-0.00000,0.00000,
30.04,1,-2.67023,2.49861,3.14073,0.61106,-0.00005,0.28555,0.11748
30.04,2,-1.47902,2.49480,3.13709,0.42065,-0.00031,0.19122,0.47948
30.06,0,-3.96575,2.49966,3.14096,0.49373,0.00002,0.00000,
30.06,1,-2.68212,2.49862,3.14073,0.58226,0.00007,0.28363,0.12746
30.06,2,-1.48736,2.49483,3.13709,0.41408,-0.00031,0.19477,0.49137
30.08,0,-3.97559,2.49967,3.14096,0.49199,0.00001,0.00000,
30.08,1,-2.69359,2.49863,3.14073,0.56943,0.00008,0.28200,0.13730
30.08,2,-1.49557,2.49487,3.13708,0.40769,-0.00030,0.19803,0.50285
30.1,0,-3.98547,2.49967,3.14096,0.49530,0.00000,0.00000,
30.1,1,-2.70494,2.49864,3.14073,0.56595,0.00005,0.28052,0.14717
30.1,2,-1.50366,2.49491,3.13708,0.40160,-0.00029,0.20129,0.51420
30.12,0,-3.99539,2.49968,3.14096,0.49673,0.00000,0.00000,
30.12,1,-2.71570,2.49865,3.14073,0.52181,-0.00011,0.27969,0.15710
30.12,2,-1.51290,2.49494,3.13713,0.59733,0.01868,0.20280,0.00520
30.14,0,-4.00532,2.49969,3.14096,0.49615,0.00000,0.00000,
30.14,1,-2.72623,2.49865,3.14073,0.52847,0.00015,0.27909,0.16703
30.14,2,-1.52402,2.49498,3.13776,0.54263,0.03249,0.20221,0.01573
30.16,0,-4.01524,2.49969,3.14096,0.49558,0.00000,0.00000,
30.16,1,-2.73674,2.49866,3.14074,0.52149,0.00009,0.27850,0.17695
30.16,2,-1.53507,2.49507,3.13790,0.55492,-0.01389,0.20168,0.02624
30.18,0,-4.02515,2.49970,3.14096,0.49559,0.00000,0.00000,
30.18,1,-2.74703,2.49867,3.14074,0.50915,0.00003,0.27812,0.18686
30.18,2,-1.54711,2.49511,3.13761,0.62968,-0.01004,0.19993,0.03653
30.2,0,-4.03506,2.49971,3.14096,0.49576,0.00000,0.00000,
30.2,1,-2.75711,2.49868,3.14074,0.50030,0.00004,0.27795,0.19677
30.2,2,-1.55973,2.49515,3.13757,0.62214,0.00221,0.19739,0.04661
30.22,0,-4.04498,2.49971,3.14096,0.49580,0.00000,0.00000,
30.22,1,-2.76705,2.49869,3.14074,0.49389,0.00005,0.27793,0.20669
30.22,2,-1.57179,2.49519,3.13764,0.58878,0.00334,0.19526,0.05655
30.24,0,-4.05490,2.49972,3.14096,0.49576,0.00000,0.00000,
30.24,1,-2.77656,2.49870,3.14074,0.45179,-0.00016,0.27834,0.21660
30.24,2,-1.58313,2.49523,3.13767,0.49233,-0.00140,0.19343,0.06606
30.26,0,-4.06481,2.49973,3.14096,0.49574,0.00000,0.00000,
30.26,1,-2.78568,2.49871,3.14074,0.45908,0.00011,0.27913,0.22652
30.26,2,-1.59325,2.49527,3.13768,0.52033,0.00173,0.19243,0.07518
30.28,0,-4.07472,2.49973,3.14096,0.49575,0.00000,0.00000,
30.28,1,-2.79484,2.49871,3.14074,0.45551,0.00010,0.27988,0.23643
30.28,2,-1.60384,2.49531,3.13773,0.53182,0.00268,0.19100,0.08434
30.3,0,-4.08464,2.49974,3.14096,0.49575,0.00000,0.00000,
30.3,1,-2.80384,2.49872,3.14074,0.44479,0.00003,0.28080,0.24635
30.3,2,-1.61400,2.49535,3.13779,0.52634,0.00215,0.18984,0.09334
30.32,0,-4.09456,2.49974,3.14096,0.49575,0.00000,0.00000,
30.32,1,-2.81481,2.49873,3.14078,0.51830,0.00334,0.27974,0.00992
30.32,2,-1.62621,2.49540,3.13784,0.75430,0.00791,0.18861,0.00543
30.34,0,-4.10447,2.49975,3.14096,0.49575,0.00000,0.00000,
30.34,1,-2.82539,2.49871,3.14134,0.56378,0.07012,0.27908,0.01983
30.34,2,-1.64131,2.49544,3.13809,0.72307,0.01368,0.18408,0.01601
30.36,0,-4.11439,2.49976,3.14096,0.49575,0.00000,0.00000,
30.36,1,-2.83823,2.49871,-3.14086,0.69626,0.01806,0.27616,0.02975
30.36,2,-1.65572,2.49548,3.13833,0.71302,0.00872,0.18251,0.02885
30.38,0,-4.12430,2.49976,3.14096,0.49575,0.00000,0.00000,
30.38,1,-2.85275,2.49873,-3.14101,0.70913,-0.01814,0.27155,0.03966
30.38,2,-1.66906,2.49553,3.13838,0.57922,-0.00162,0.18369,0.04337
30.4,0,-4.13422,2.49977,3.14096,0.49575,0.00000,0.00000,
30.4,1,-2.86669,2.49873,-3.14127,0.68158,-0.00614,0.26753,0.04958
30.4,2,-1.68083,2.49558,3.13838,0.60004,0.00129,0.18586,0.05731
30.42,0,-4.14413,2.49978,3.14096,0.49575,0.00000,0.00000,
30.42,1,-2.87966,2.49873,-3.14129,0.55454,0.00124,0.26448,0.05949
30.42,2,-1.69301,2.49562,3.13842,0.61176,0.00159,0.18665,0.07028
30.44,0,-4.15405,2.49978,3.14096,0.49575,0.00000,0.00000,
30.44,1,-2.89009,2.49873,-3.14107,0.52665,0.00256,0.26396,0.06941
30.44,2,-1.70511,2.49566,3.13844,0.59699,0.00076,0.18498,0.08071
30.46,0,-4.16396,2.49979,3.14096,0.49575,0.00000,0.00000,
30.46,1,-2.90104,2.49874,-3.14133,0.56478,-0.01593,0.26292,0.07932
30.46,2,-1.71686,2.49569,3.13845,0.58043,0.00062,0.18419,0.09167
30.48,0,-4.17388,2.49979,3.14096,0.49575,0.00000,0.00000,
30.48,1,-2.91216,2.49873,-3.14152,0.59959,-0.00314,0.26171,0.08924
30.48,2,-1.72826,2.49573,3.13847,0.55986,0.00114,0.18390,0.10278
30.5,0,-4.18379,2.49980,3.14096,0.49575,0.00000,0.00000,
30.5,1,-2.92459,2.49872,-3.14151,0.62247,0.00112,0.25920,0.09915
30.5,2,-1.73978,2.49577,3.13848,0.58495,0.00063,0.18481,0.11522
30.52,0,-4.19371,2.49981,3.14096,0.49575,0.00000,0.00000,
30.52,1,-2.93661,2.49872,-3.14152,0.58130,-0.00183,0.25710,0.10907
30.52,2,-1.75144,2.49580,3.13850,0.57702,0.00064,0.18517,0.12723
30.54,0,-4.20273,2.49985,-3.14068,0.28943,0.51740,0.00000,
30.54,1,-2.94792,2.49872,-3.14157,0.55752,-0.00261,0.25481,0.11809
30.54,2,-1.76277,2.49584,3.13851,0.55849,0.00072,0.18515,0.13854
30.56,0,-4.20606,2.50035,-3.12918,0.10688,0.45223,0.00000,
30.56,1,-2.95904,2.49872,3.14157,0.55599,-0.00194,0.24702,0.12142
30.56,2,-1.77332,2.49587,3.13851,0.51089,0.00015,0.18572,0.14966
30.58,0,-4.20777,2.50111,-3.12075,0.08051,0.41444,0.00000,
30.58,1,-2.96965,2.49872,3.14153,0.51589,-0.00174,0.23813,0.12314
30.58,2,-1.78367,2.49590,3.13853,0.52127,0.00101,0.18598,0.16027
30.6,0,-4.20899,2.50154,-3.11129,0.07210,0.65569,0.00000,
30.6,1,-2.98006,2.49872,3.14150,0.52255,-0.00178,0.22893,0.12436
30.6,2,-1.79406,2.49594,3.13855,0.51611,0.00078,0.18600,0.17068
30.62,0,-4.20915,2.50122,-3.07506,-0.04995,2.89893,0.00000,
30.62,1,-2.99044,2.49872,3.14146,0.51464,-0.00171,0.21871,0.12452
30.62,2,-1.80424,2.49597,3.13856,0.50311,0.00055,0.18621,0.18107
30.64,0,-4.20974,2.50099,-3.01948,0.10033,2.32371,0.00000,
30.64,1,-3.00060,2.49872,3.14143,0.50225,-0.00164,0.20915,0.12511
30.64,2,-1.81419,2.49600,3.13857,0.49373,0.00057,0.18641,0.19122
30.66,0,-4.21193,2.50020,-2.97837,0.12668,1.93329,0.00000,
30.66,1,-3.01054,2.49872,3.14140,0.49379,-0.00160,0.20139,0.12729
30.66,2,-1.82334,2.49603,3.13857,0.46175,0.00059,0.18720,0.20117
30.68,0,-4.21488,2.49889,-2.93858,0.17507,1.89920,0.00000,
30.68,1,-3.02020,2.49872,3.14137,0.45029,-0.00165,0.19468,0.13025
30.68,2,-1.83263,2.49605,3.13859,0.46447,0.00087,0.18757,0.21082
30.7,0,-4.21916,2.49790,-2.90259,0.25370,1.78782,0.00000,
30.7,1,-3.02929,2.49873,3.14133,0.45802,-0.00151,0.18988,0.13453
30.7,2,-1.84183,2.49608,3.13860,0.45487,0.00056,0.18746,0.21991
30.72,0,-4.22449,2.49665,-2.86553,0.27982,1.90757,0.00000,
30.72,1,-3.03846,2.49873,3.14131,0.45701,-0.00141,0.18603,0.13988
30.72,2,-1.85081,2.49611,3.13861,0.44453,0.00047,0.18765,0.22908
30.74,0,-4.23013,2.49508,-2.82651,0.29733,1.95526,0.00000,
30.74,1,-3.04749,2.49873,3.14128,0.44658,-0.00138,0.18265,0.14557
30.74,2,-1.85953,2.49614,3.13862,0.44085,0.00057,0.18796,0.23811
30.76,0,-4.23614,2.49314,-2.78746,0.32642,1.94069,0.00000,
30.76,1,-3.05631,2.49873,3.14125,0.43736,-0.00135,0.17984,0.15164
30.76,2,-1.86850,2.49616,3.13863,0.45054,0.00040,0.18781,0.24694
30.78,0,-4.24230,2.49086,-2.74924,0.34026,1.91437,0.00000,
30.78,1,-3.06499,2.49874,3.14122,0.43138,-0.00131,0.17734,0.15791
30.78,2,-1.87740,2.49619,3.13864,0.43839,0.00047,0.18760,0.25561
30.8,0,-4.24877,2.48821,-2.71085,0.35456,1.92200,0.00000,
30.8,1,-3.07347,2.49874,3.14120,0.42845,-0.00126,0.17534,0.16453
30.8,2,-1.88602,2.49621,3.13865,0.42603,0.00049,0.18746,0.26410
30.82,0,-4.25521,2.48527,-2.67269,0.35433,1.89583,0.00000,
30.82,1,-3.08217,2.49874,3.14117,0.43638,-0.00123,0.17311,0.17118
30.82,2,-1.89447,2.49624,3.13866,0.42025,0.00046,0.18771,0.27280
30.84,0,-4.26182,2.48193,-2.63427,0.38145,1.93342,0.00000,
30.84,1,-3.09078,2.49875,3.14115,0.42435,-0.00118,0.17116,0.17808
30.84,2,-1.90282,2.49626,3.13867,0.41573,0.00043,0.18796,0.28141
30.86,0,-4.26864,2.47817,-2.59559,0.39338,1.93088,0.00000,
30.86,1,-3.09913,2.49875,3.14113,0.41277,-0.00114,0.16969,0.18526
30.86,2,-1.91012,2.49629,3.13866,0.36338,0.00010,0.18901,0.28976
30.88,0,-4.27544,2.47409,-2.55707,0.39874,1.92305,0.00000,
30.88,1,-3.10732,2.49875,3.14110,0.40730,-0.00110,0.16838,0.19251
30.88,2,-1.91755,2.49631,3.13868,0.37459,0.00092,0.18977,0.29794
30.9,0,-4.28207,2.46970,-2.51926,0.40703,1.90246,0.00000,
30.9,1,-3.11440,2.49876,3.14108,0.35974,-0.00111,0.16804,0.19970
30.9,2,-1.92497,2.49633,3.13869,0.36657,0.00051,0.18942,0.30502
30.92,0,-4.28893,2.46481,-2.48067,0.43018,1.93995,0.00000,
30.92,1,-3.12339,2.49875,-3.13651,0.46896,0.44681,0.16604,0.00843
30.92,2,-1.93290,2.49635,3.13874,0.46262,0.00992,0.19049,0.00466
30.94,0,-4.29583,2.45949,-2.44194,0.43779,1.93133,0.00000,
30.94,1,-3.13192,2.49869,-3.12790,0.44085,0.51534,0.16457,0.01713
30.94,2,-1.94156,2.49637,3.13900,0.40407,0.01644,0.19035,0.01318
30.96,0,-4.30253,2.45388,-2.40379,0.42985,1.83753,0.00000,
30.96,1,-3.14150,2.49854,-3.12165,0.50510,0.09641,0.16189,0.02586
30.96,2,-1.95122,2.49639,3.13920,0.55577,0.00369,0.19028,0.02277
30.98,0,-4.30914,2.44787,-2.36590,0.45826,1.92926,0.00000,
30.98,1,-3.15172,2.49836,-3.12263,0.50667,-0.09509,0.15852,0.03477
30.98,2,-1.96304,2.49641,3.13919,0.59599,-0.00227,0.18868,0.03299
31.0,0,-4.31583,2.44136,-2.32708,0.47106,1.94154,0.00000,
31.0,1,-3.16155,2.49819,-3.12362,0.47908,-0.00320,0.15568,0.04408
31.0,2,-1.97431,2.49643,3.13916,0.54394,-0.00002,0.18724,0.04282
31.02,0,-4.32235,2.43450,-2.28842,0.47407,1.92572,0.00000,
31.02,1,-3.17092,2.49809,-3.11941,0.42417,0.25249,0.15319,0.00946
31.02,2,-1.98507,2.49646,3.13918,0.53528,0.00137,0.18585,0.05219
31.04,0,-4.32864,2.42737,-2.25109,0.47610,1.69884,0.00000,
31.04,1,-3.17776,2.49791,-3.11357,0.35209,0.18666,0.15303,0.01897
31.04,2,-1.99565,2.49648,3.13920,0.48858,0.00007,0.18211,0.05904
31.06,0,-4.33460,2.42006,-2.22425,0.46154,1.07447,0.00000,
31.06,1,-3.18614,2.49770,-3.11318,0.47170,-0.05038,0.15109,0.02840
31.06,2,-2.00487,2.49651,3.13920,0.47130,0.00067,0.18127,0.06741
31.08,0,-4.34026,2.41267,-2.20251,0.46729,1.14166,0.00000,
31.08,1,-3.19541,2.49742,-3.11395,0.49081,-0.00566,0.14799,0.03768
31.08,2,-2.01445,2.49653,3.13922,0.48121,0.00115,0.18096,0.07668
31.1,0,-4.34582,2.40510,-2.17861,0.47176,1.20940,0.00000,
31.1,1,-3.20616,2.49714,-3.11450,0.54865,-0.08494,0.14337,0.04706
31.1,2,-2.02389,2.49655,3.13924,0.45413,0.00102,0.18227,0.08744
31.12,0,-4.35125,2.39732,-2.15521,0.47594,1.12863,0.00000,
31.12,1,-3.21685,2.49685,-3.11529,0.51947,0.01696,0.13876,0.05652
31.12,2,-2.03444,2.49657,3.13935,0.72169,0.01976,0.18240,0.00527
31.14,0,-4.35652,2.38938,-2.13349,0.47676,1.06010,0.00000,
31.14,1,-3.22692,2.49658,-3.11408,0.49461,0.07706,0.13468,0.06602
31.14,2,-2.04821,2.49660,3.13983,0.68533,0.02433,0.17870,0.01534
31.16,0,-4.36162,2.38132,-2.11263,0.47664,1.03087,0.00000,
31.16,1,-3.23674,2.49630,-3.11274,0.49006,0.05433,0.13074,0.07551
31.16,2,-2.06175,2.49662,3.14032,0.62936,0.02588,0.17499,0.02517
31.18,0,-4.36653,2.37327,-2.09282,0.45052,0.89211,0.00000,
31.18,1,-3.24541,2.49603,-3.11162,0.43362,0.04549,0.12782,0.08490
31.18,2,-2.07400,2.49669,3.13958,0.54830,-0.04991,0.17142,0.03384
31.2,0,-4.37115,2.36546,-2.07359,0.45658,0.99294,0.00000,
31.2,1,-3.25429,2.49575,-3.11086,0.44811,0.03633,0.12444,0.09393
31.2,2,-2.08351,2.49674,3.13890,0.47296,-0.02933,0.17077,0.04272
31.22,0,-4.37561,2.35741,-2.05422,0.46187,0.93508,0.00000,
31.22,1,-3.26306,2.49548,-3.11010,0.40856,0.03354,0.12109,0.10306
31.22,2,-2.09292,2.49678,3.13839,0.44674,-0.01375,0.17015,0.05151
31.24,0,-4.37993,2.34923,-2.03628,0.46231,0.87335,0.00000,
31.24,1,-3.27175,2.49520,-3.10930,0.45170,0.04366,0.11775,0.11223
31.24,2,-2.10293,2.49682,3.13843,0.58063,0.01017,0.16882,0.06019
31.26,0,-4.38408,2.34098,-2.01908,0.46144,0.85175,0.00000,
31.26,1,-3.28085,2.49491,-3.10844,0.45204,0.04125,0.11391,0.12138
31.26,2,-2.11530,2.49686,3.13865,0.62117,0.00949,0.16555,0.06930
31.28,0,-4.38803,2.33278,-2.00208,0.46176,0.84243,0.00000,
31.28,1,-3.28966,2.49462,-3.10766,0.43174,0.03749,0.11023,0.13039
31.28,2,-2.12707,2.49690,3.13879,0.55913,0.00553,0.16260,0.07812
31.3,0,-4.39209,2.32400,-1.98582,0.49591,0.78922,0.00000,
31.3,1,-3.29815,2.49433,-3.10693,0.42087,0.03638,0.10712,0.13996
31.3,2,-2.13781,2.49693,3.13889,0.52750,0.00501,0.16034,0.08661
31.32,0,-4.39611,2.31490,-1.97049,0.49487,0.75232,0.00000,
31.32,1,-3.30767,2.49410,-3.08616,0.48261,1.57582,0.10309,0.00995
31.32,2,-2.14730,2.49696,3.13898,0.46843,0.00508,0.16038,0.09613
31.34,0,-4.39992,2.30588,-1.95567,0.48592,0.73138,0.00000,
31.34,1,-3.31714,2.49356,-3.06319,0.47534,0.56633,0.09892,0.01974
31.34,2,-2.15702,2.49698,3.13909,0.49543,0.00603,0.16012,0.10561
31.36,0,-4.40355,2.29690,-1.94131,0.48435,0.70628,0.00000,
31.36,1,-3.32682,2.49290,-3.06219,0.49051,-0.15432,0.09443,0.02942
31.36,2,-2.16684,2.49701,3.13921,0.46724,0.00552,0.15999,0.11531
31.38,0,-4.40707,2.28784,-1.92750,0.48696,0.67817,0.00000,
31.38,1,-3.33650,2.49217,-3.06334,0.49499,0.08061,0.08990,0.03914
31.38,2,-2.17633,2.49703,3.13931,0.49458,0.00462,0.16018,0.12501
31.4,0,-4.41048,2.27870,-1.91422,0.48873,0.65207,0.00000,
31.4,1,-3.34636,2.49141,-3.05948,0.49016,0.23721,0.08517,0.04889
31.4,2,-2.18635,2.49705,3.13940,0.49920,0.00461,0.16002,0.13489
31.42,0,-4.41378,2.26949,-1.90145,0.48909,0.62796,0.00000,
31.42,1,-3.35731,2.49047,-3.04567,0.54587,0.81850,0.07933,0.00978
31.42,2,-2.19610,2.49707,3.13949,0.47762,0.00472,0.16122,0.14587
31.44,0,-4.41695,2.26023,-1.88914,0.48921,0.60515,0.00000,
31.44,1,-3.36833,2.48940,-3.03562,0.54444,0.23145,0.07337,0.01956
31.44,2,-2.20549,2.49709,3.13959,0.46449,0.00454,0.16287,0.15694
31.46,0,-4.42002,2.25094,-1.87729,0.48961,0.58288,0.00000,
31.46,1,-3.37863,2.48832,-3.03380,0.49667,0.06243,0.06810,0.02935
31.46,2,-2.21473,2.49711,3.13968,0.46070,0.00433,0.16393,0.16727
31.48,0,-4.42297,2.24160,-1.86587,0.49013,0.56134,0.00000,
31.48,1,-3.38662,2.48729,-3.02999,0.36751,0.27204,0.06507,0.03915
31.48,2,-2.22343,2.49713,3.13975,0.39170,0.00338,0.16324,0.17531
31.5,0,-4.42582,2.23221,-1.85487,0.49055,0.54068,0.00000,
31.5,1,-3.39427,2.48628,-3.02378,0.40288,0.27237,0.06238,0.04895
31.5,2,-2.23148,2.49715,3.13983,0.41076,0.00434,0.16284,0.18300
31.52,0,-4.42857,2.22279,-1.84427,0.49090,0.52080,0.00000,
31.52,1,-3.40210,2.48535,-3.02033,0.39668,0.11709,0.05952,0.05876
31.52,2,-2.23974,2.49716,3.13992,0.41142,0.00408,0.16242,0.19088
31.54,0,-4.43118,2.21373,-1.83464,0.46072,0.48020,0.00000,
31.54,1,-3.41100,2.48428,-3.01752,0.47255,0.16096,0.05545,0.06819
31.54,2,-2.24757,2.49717,3.14000,0.39887,0.00386,0.16350,0.19982
31.56,0,-4.43365,2.20474,-1.82454,0.46958,0.50782,0.00000,
31.56,1,-3.42023,2.48314,-3.01408,0.45027,0.17326,0.05096,0.07750
31.56,2,-2.25610,2.49719,3.14007,0.43835,0.00342,0.16422,0.20911
31.58,0,-4.43603,2.19562,-1.81482,0.47167,0.46589,0.00000,
31.58,1,-3.42876,2.48205,-3.01079,0.41671,0.15701,0.04720,0.08692
31.58,2,-2.26473,2.49720,3.14014,0.42104,0.00353,0.16413,0.21769
31.6,0,-4.43828,2.18669,-1.80512,0.46577,0.47921,0.00000,
31.6,1,-3.43692,2.48097,-3.00777,0.41042,0.14783,0.04371,0.09612
31.6,2,-2.27289,2.49721,3.14021,0.39938,0.00349,0.16415,0.22591
31.62,0,-4.44058,2.17713,-1.79657,0.50556,0.40195,0.00000,
31.62,1,-3.44508,2.47987,-3.00484,0.41220,0.14536,0.04052,0.10593
31.62,2,-2.28060,2.49722,3.14028,0.36266,0.00303,0.16461,0.23412
31.64,0,-4.44285,2.16726,-1.78854,0.50273,0.40582,0.00000,
31.64,1,-3.45257,2.47878,-3.00124,0.35572,0.18501,0.03812,0.11604
31.64,2,-2.28799,2.49723,3.14034,0.37432,0.00328,0.16473,0.24168
31.66,0,-4.44499,2.15758,-1.78038,0.49065,0.40546,0.00000,
31.66,1,-3.45978,2.47772,-2.99849,0.36902,0.11235,0.03592,0.12594
31.66,2,-2.29521,2.49724,3.14040,0.34713,0.00298,0.16474,0.24895
31.68,0,-4.44702,2.14802,-1.77246,0.48845,0.38730,0.00000,
31.68,1,-3.46706,2.47665,-2.99626,0.36441,0.11673,0.03360,0.13569
31.68,2,-2.30217,2.49725,3.14046,0.34811,0.00303,0.16507,0.25629
31.7,0,-4.44898,2.13842,-1.76492,0.49153,0.36982,0.00000,
31.7,1,-3.47404,2.47563,-2.99390,0.33534,0.10566,0.03162,0.14547
31.7,2,-2.30907,2.49726,3.14052,0.34188,0.00288,0.16516,0.26332
31.72,0,-4.45089,2.12875,-1.75767,0.49318,0.35662,0.00000,
31.72,1,-3.48110,2.47457,-2.99142,0.37090,0.13188,0.02960,0.15529
31.72,2,-2.31583,2.49727,3.14058,0.33459,0.00275,0.16549,0.27045
31.74,0,-4.45272,2.11906,-1.75068,0.49290,0.34389,0.00000,
31.74,1,-3.48847,2.47346,-2.98887,0.36910,0.12176,0.02731,0.16513
31.74,2,-2.32233,2.49727,3.14063,0.33596,0.00270,0.16638,0.27789
31.76,0,-4.45448,2.10937,-1.74394,0.49250,0.33084,0.00000,
31.76,1,-3.49558,2.47236,-2.98657,0.35210,0.11092,0.02531,0.17495
31.76,2,-2.32930,2.49728,3.14069,0.35225,0.00255,0.16654,0.28506
31.78,0,-4.45618,2.09966,-1.73746,0.49261,0.31828,0.00000,
31.78,1,-3.50243,2.47129,-2.98439,0.34376,0.10813,0.02359,0.18477
31.78,2,-2.33621,2.49729,3.14074,0.33815,0.00251,0.16650,0.29198
31.8,0,-4.45781,2.08994,-1.73123,0.49288,0.30638,0.00000,
31.8,1,-3.50919,2.47022,-2.98225,0.34149,0.10591,0.02200,0.19460
31.8,2,-2.34282,2.49729,3.14079,0.32524,0.00243,0.16669,0.29881
31.82,0,-4.45939,2.08021,-1.72523,0.49305,0.29493,0.00000,
31.82,1,-3.51590,2.46914,-2.98017,0.33774,0.10212,0.02051,0.20442
31.82,2,-2.34927,2.49730,3.14083,0.32166,0.00234,0.16697,0.30559
31.84,0,-4.46090,2.07047,-1.71945,0.49312,0.28387,0.00000,
31.84,1,-3.52190,2.46810,-2.97748,0.29180,0.12283,0.01972,0.21425
31.84,2,-2.35568,2.49730,3.14088,0.31935,0.00226,0.16659,0.31166
31.86,0,-4.46236,2.06071,-1.71389,0.49320,0.27322,0.00000,
31.86,1,-3.52780,2.46710,-2.97577,0.30241,0.06952,0.01910,0.22407
31.86,2,-2.36127,2.49731,3.14092,0.27830,0.00213,0.16692,0.31763
31.88,0,-4.46377,2.05095,-1.70854,0.49329,0.26298,0.00000,
31.88,1,-3.53372,2.46610,-2.97427,0.29722,0.08324,0.01850,0.23390
31.88,2,-2.36695,2.49731,3.14096,0.28620,0.00218,0.16719,0.32362
31.9,0,-4.46513,2.04117,-1.70339,0.49338,0.25312,0.00000,
31.9,1,-3.53948,2.46513,-2.97248,0.28808,0.09186,0.01811,0.24373
31.9,2,-2.37261,2.49731,3.14101,0.27906,0.00202,0.16732,0.32945
31.92,0,-4.46643,2.03139,-1.69843,0.49346,0.24364,0.00000,
31.92,1,-3.54501,2.46418,-2.97091,0.29238,0.08628,0.01800,0.25355
31.92,2,-2.37807,2.49732,3.14105,0.26003,0.00197,0.16741,0.33504
31.94,0,-4.46769,2.02160,-1.69366,0.49353,0.23451,0.00000,
31.94,1,-3.55096,2.46315,-2.96911,0.30383,0.08855,0.01753,0.26338
31.94,2,-2.38342,2.49732,3.14108,0.28122,0.00188,0.16804,0.34106
31.96,0,-4.46890,2.01181,-1.68907,0.49360,0.22572,0.00000,
31.96,1,-3.55682,2.46213,-2.96745,0.29092,0.07848,0.01719,0.27321
31.96,2,-2.38915,2.49732,3.14112,0.28576,0.00181,0.16820,0.34699
31.98,0,-4.47006,2.00200,-1.68465,0.49366,0.21727,0.00000,
31.98,1,-3.56242,2.46115,-2.96594,0.28043,0.07439,0.01717,0.28304
31.98,2,-2.39472,2.49733,3.14116,0.27222,0.00176,0.16826,0.35266
32.0,0,-4.47118,1.99219,-1.68039,0.49372,0.20913,0.00000,
32.0,1,-3.56790,2.46017,-2.96446,0.27768,0.07328,0.01731,0.29286
32.0,2,-2.40006,2.49733,3.14119,0.26398,0.00170,0.16844,0.35822
32.02,0,-4.47226,1.98238,-1.67630,0.49377,0.20129,0.00000,
32.02,1,-3.57335,2.45920,-2.96302,0.27555,0.07107,0.01755,0.30269
32.02,2,-2.40531,2.49733,3.14123,0.26206,0.00164,0.16866,0.36374
32.04,0,-4.47330,1.97255,-1.67235,0.49382,0.19376,0.00000,
32.04,1,-3.57873,2.45823,-2.96163,0.27131,0.06828,0.01791,0.31252
32.04,2,-2.41053,2.49733,3.14126,0.25968,0.00158,0.16886,0.36919
32.06,0,-4.47430,1.96273,-1.66856,0.49387,0.18650,0.00000,
32.06,1,-3.58381,2.45728,-2.95997,0.22661,0.12209,0.01861,0.32235
32.06,2,-2.41568,2.49733,3.14129,0.25541,0.00153,0.16882,0.37434
32.08,0,-4.47527,1.95290,-1.66491,0.49391,0.17952,0.00000,
32.08,1,-3.58841,2.45640,-2.95852,0.23938,0.04433,0.01982,0.33218
32.08,2,-2.42074,2.49733,3.14132,0.25104,0.00147,0.16839,0.37901
32.1,0,-4.47620,1.94306,-1.66139,0.49395,0.17279,0.00000,
32.1,1,-3.59314,2.45552,-2.95768,0.23930,0.04724,0.02098,0.34201
32.1,2,-2.42516,2.49734,3.14135,0.21651,0.00139,0.16873,0.38380
32.12,0,-4.47709,1.93322,-1.65801,0.49399,0.16632,0.00000,
32.12,1,-3.59776,2.45466,-2.95655,0.23144,0.06200,0.02231,0.35183
32.12,2,-2.42873,2.49734,3.14136,0.15952,-0.00241,0.16981,
32.14,0,-4.47795,1.92338,-1.65475,0.49402,0.16010,0.00000,
32.14,1,-3.60224,2.45382,-2.95532,0.22617,0.05926,0.02383,0.36166
32.14,2,-2.43192,2.49734,3.14131,0.15952,-0.00242,0.17114,
32.16,0,-4.47878,1.91354,-1.65161,0.49405,0.15411,0.00000,
32.16,1,-3.60658,2.45300,-2.95433,0.21577,0.03922,0.02555,0.37149
32.16,2,-2.43371,2.49734,3.14128,0.03827,-0.00116,0.17370,
32.18,0,-4.47958,1.90369,-1.64860,0.49408,0.14834,0.00000,
32.18,1,-3.61109,2.45215,-2.95329,0.23738,0.05893,0.02717,0.38132
32.18,2,-2.43388,2.49733,3.14127,-0.00856,0.00013,0.17807,
32.2,0,-4.48035,1.89383,-1.64569,0.49411,0.14279,0.00000,
32.2,1,-3.61574,2.45126,-2.95214,0.23309,0.05420,0.02872,0.39115
32.2,2,-2.43351,2.49733,3.14127,-0.02368,0.00026,0.18313,
32.22,0,-4.48109,1.88398,-1.64289,0.49413,0.13744,0.00000,
32.22,1,-3.62019,2.45041,-2.95114,0.22206,0.04755,0.03052,0.40098
32.22,2,-2.43312,2.49733,3.14128,-0.01412,0.00006,0.18800,
32.24,0,-4.48180,1.87412,-1.64020,0.49415,0.13230,0.00000,
32.24,1,-3.62450,2.44958,-2.95020,0.21768,0.04632,0.03253,0.41081
32.24,2,-2.43295,2.49733,3.14128,-0.00501,-0.00003,0.19250,
32.26,0,-4.48248,1.86426,-1.63761,0.49418,0.12735,0.00000,
32.26,1,-3.62876,2.44875,-2.94928,0.21647,0.04573,0.03464,0.42064
32.26,2,-2.43286,2.49733,3.14128,-0.00531,-0.00002,0.19688,
32.28,0,-4.48314,1.85440,-1.63512,0.49419,0.12259,0.00000,
32.28,1,-3.63298,2.44793,-2.94839,0.21385,0.04403,0.03684,0.43047
32.28,2,-2.43272,2.49733,3.14128,-0.00805,-0.00000,0.20127,
32.3,0,-4.48378,1.84454,-1.63271,0.49421,0.11800,0.00000,
32.3,1,-3.63714,2.44711,-2.94753,0.21013,0.04222,0.03918,0.44030
32.3,2,-2.43255,2.49733,3.14128,-0.00872,0.00001,0.20563,
32.32,0,-4.48439,1.83467,-1.63040,0.49423,0.11359,0.00000,
32.32,1,-3.64099,2.44635,-2.94636,0.17558,0.07772,0.04185,0.45013
32.32,2,-2.43238,2.49733,3.14128,-0.00810,0.00000,0.20969,
32.34,0,-4.48498,1.82481,-1.62818,0.49425,0.10934,0.00000,
32.34,1,-3.64456,2.44563,-2.94556,0.18587,0.02087,0.04486,0.45996
32.34,2,-2.43223,2.49733,3.14128,-0.00774,-0.00000,0.21344,
32.36,0,-4.48554,1.81494,-1.62604,0.49426,0.10525,0.00000,
32.36,1,-3.64821,2.44491,-2.94511,0.18431,0.02880,0.04785,0.46980
32.36,2,-2.43215,2.49733,3.14128,-0.00089,-0.00000,0.21719,
32.38,0,-4.48609,1.80507,-1.62398,0.49427,0.10131,0.00000,
32.38,1,-3.65175,2.44420,-2.94438,0.17788,0.03990,0.05100,0.47963
32.38,2,-2.43216,2.49733,3.14128,0.00107,-0.00000,0.22075,
32.4,0,-4.48662,1.79519,-1.62199,0.49429,0.09753,0.00000,
32.4,1,-3.65520,2.44351,-2.94361,0.17422,0.03679,0.05431,0.48946
32.4,2,-2.43219,2.49733,3.14128,0.00158,-0.00000,0.22419,
32.42,0,-4.48712,1.78532,-1.62008,0.49430,0.09388,0.00000,
32.42,1,-3.66003,2.44273,-2.91765,0.23872,1.84448,0.05653,0.00989
32.42,2,-2.43222,2.49733,3.14128,0.00144,-0.00000,0.22903,
32.44,0,-4.48761,1.77545,-1.61824,0.49431,0.09037,0.00000,
32.44,1,-3.66415,2.44168,-2.88278,0.22179,1.85925,0.05922,0.01977
32.44,2,-2.43224,2.49733,3.14128,0.00119,-0.00000,0.23316,
32.46,0,-4.48808,1.76557,-1.61647,0.49432,0.08699,0.00000,
32.46,1,-3.66977,2.43996,-2.85116,0.36291,1.07602,0.06039,0.02966
32.46,2,-2.43227,2.49733,3.14128,0.00116,0.00000,0.23883,
32.48,0,-4.48853,1.75570,-1.61477,0.49433,0.08374,0.00000,
32.48,1,-3.67828,2.43746,-2.83724,0.47093,0.51823,0.05892,0.03954
32.48,2,-2.43229,2.49733,3.14128,0.00122,0.00000,0.24743,
32.5,0,-4.48896,1.74582,-1.61313,0.49434,0.08061,0.00000,
32.5,1,-3.68763,2.43451,-2.82455,0.48713,0.73986,0.05661,0.04943
32.5,2,-2.43232,2.49733,3.14128,0.00125,-0.00000,0.25689,
32.52,0,-4.48938,1.73594,-1.61155,0.49434,0.07760,0.00000,
32.52,1,-3.69644,2.43161,-2.80878,0.44509,0.78780,0.05485,0.05932
32.52,2,-2.43396,2.49733,3.14128,0.29856,0.00020,0.26420,0.00453
32.54,0,-4.48978,1.72606,-1.61003,0.49435,0.07470,0.00000,
32.54,1,-3.70462,2.42879,-2.79402,0.42691,0.69775,0.05371,0.06920
32.54,2,-2.43883,2.49733,3.14128,0.23832,0.00038,0.26764,0.01318
32.56,0,-4.49017,1.71618,-1.60857,0.49436,0.07191,0.00000,
32.56,1,-3.71264,2.42588,-2.78055,0.42730,0.66352,0.05272,0.07909
32.56,2,-2.44360,2.49733,3.14129,0.23832,0.00038,0.27106,0.02171
32.58,0,-4.49055,1.70630,-1.60716,0.49436,0.06922,0.00000,
32.58,1,-3.71988,2.42309,-2.76622,0.38525,0.67408,0.05247,0.08898
32.58,2,-2.44742,2.49733,3.14141,0.22719,0.02558,0.27462,0.02947
32.6,0,-4.49091,1.69642,-1.60580,0.49437,0.06664,0.00000,
32.6,1,-3.72710,2.42022,-2.75370,0.38881,0.60408,0.05227,0.09887
32.6,2,-2.45622,2.49732,-3.14035,0.61546,0.09514,0.27322,0.03723
32.62,0,-4.49125,1.68654,-1.60450,0.49438,0.06415,0.00000,
32.62,1,-3.73423,2.41731,-2.74167,0.38046,0.60252,0.05220,0.10875
32.62,2,-2.46967,2.49731,-3.13823,0.69940,0.10725,0.26708,0.04492
32.64,0,-4.49158,1.67666,-1.60324,0.49438,0.06175,0.00000,
32.64,1,-3.74115,2.41439,-2.72967,0.37204,0.59419,0.05234,0.11864
32.64,2,-2.48333,2.49729,-3.13608,0.64225,0.10817,0.26054,0.05243
32.66,0,-4.49191,1.66678,-1.60203,0.49439,0.05945,0.00000,
32.66,1,-3.74791,2.41144,-2.71802,0.36719,0.57211,0.05264,0.12853
32.66,2,-2.49583,2.49724,-3.13398,0.61369,0.10135,0.25502,0.05980
32.68,0,-4.49221,1.65689,-1.60087,0.49439,0.05723,0.00000,
32.68,1,-3.75453,2.40844,-2.70710,0.37142,0.55787,0.05309,0.13841
32.68,2,-2.50789,2.49715,-3.13204,0.55622,0.09915,0.24980,0.06706
32.7,0,-4.49251,1.64701,-1.59974,0.49439,0.05509,0.00000,
32.7,1,-3.76131,2.40529,-2.69604,0.37233,0.54311,0.05340,0.14830
32.7,2,-2.51841,2.49705,-3.13007,0.53977,0.09396,0.24629,0.07452
32.72,0,-4.49280,1.63713,-1.59867,0.49440,0.05304,0.00000,
32.72,1,-3.77003,2.40141,-2.69639,0.47403,-0.35730,0.05191,0.00989
32.72,2,-2.52941,2.49692,-3.12828,0.55380,0.08674,0.24429,0.08406
32.74,0,-4.49307,1.62724,-1.59763,0.49440,0.05106,0.00000,
32.74,1,-3.77876,2.39716,-2.70027,0.47474,-0.11405,0.05025,0.01978
32.74,2,-2.54035,2.49677,-3.12658,0.53908,0.08352,0.24241,0.09375
32.76,0,-4.49334,1.61736,-1.59663,0.49440,0.04915,0.00000,
32.76,1,-3.78725,2.39307,-2.69215,0.47434,0.83018,0.04895,0.02966
32.76,2,-2.55083,2.49662,-3.12494,0.51495,0.08123,0.24074,0.10316
32.78,0,-4.49359,1.60747,-1.59566,0.49441,0.04732,0.00000,
32.78,1,-3.79539,2.38920,-2.67236,0.42284,0.96991,0.04813,0.03955
32.78,2,-2.56139,2.49644,-3.12330,0.53504,0.08164,0.23865,0.11216
32.8,0,-4.49384,1.59759,-1.59474,0.49441,0.04555,0.00000,
32.8,1,-3.80299,2.38541,-2.65663,0.42518,0.66670,0.04783,0.04944
32.8,2,-2.57204,2.49624,-3.12170,0.52781,0.07852,0.23592,0.12064
32.82,0,-4.49408,1.58770,-1.59384,0.49441,0.04385,0.00000,
32.82,1,-3.81046,2.38149,-2.64402,0.41799,0.63197,0.04758,0.05933
32.82,2,-2.58242,2.49604,-3.12017,0.51173,0.07521,0.23338,0.12906
32.84,0,-4.49430,1.57782,-1.59299,0.49441,0.04222,0.00000,
32.84,1,-3.81768,2.37758,-2.63088,0.38771,0.69301,0.04759,0.06922
32.84,2,-2.59253,2.49582,-3.11869,0.50243,0.07273,0.23084,0.13724
32.86,0,-4.49452,1.56793,-1.59216,0.49442,0.04064,0.00000,
32.86,1,-3.82443,2.37381,-2.61762,0.38644,0.63984,0.04807,0.07910
32.86,2,-2.60252,2.49559,-3.11726,0.49702,0.07047,0.22797,0.14494
32.88,0,-4.49473,1.55804,-1.59136,0.49442,0.03913,0.00000,
32.88,1,-3.83111,2.36995,-2.60520,0.38412,0.60929,0.04861,0.08899
32.88,2,-2.61201,2.49536,-3.11579,0.45553,0.07434,0.22553,0.15261
32.9,0,-4.49494,1.54816,-1.59060,0.49442,0.03767,0.00000,
32.9,1,-3.83766,2.36606,-2.59318,0.37787,0.59505,0.04928,0.09888
32.9,2,-2.62121,2.49511,-3.11444,0.46256,0.06371,0.22328,0.16019
32.92,0,-4.49513,1.53827,-1.58986,0.49442,0.03626,0.00000,
32.92,1,-3.84510,2.36148,-2.59933,0.44920,-0.75487,0.04891,0.00989
32.92,2,-2.63042,2.49486,-3.11320,0.45772,0.06093,0.22197,0.16886
32.94,0,-4.49532,1.52838,-1.58915,0.49442,0.03491,0.00000,
32.94,1,-3.85209,2.35733,-2.61036,0.38119,-0.19049,0.04923,0.01978
32.94,2,-2.63945,2.49460,-3.11198,0.44681,0.06095,0.22038,0.17696
32.96,0,-4.49550,1.51850,-1.58846,0.49442,0.03361,0.00000,
32.96,1,-3.85901,2.35324,-2.60010,0.42613,0.94707,0.04973,0.02967
32.96,2,-2.64829,2.49434,-3.11078,0.43867,0.05951,0.21891,0.18496
32.98,0,-4.49568,1.50861,-1.58781,0.49443,0.03236,0.00000,
32.98,1,-3.86671,2.34853,-2.57996,0.46495,0.92036,0.04931,0.03955
32.98,2,-2.65700,2.49407,-3.10961,0.43302,0.05721,0.21844,0.19395
33.0,0,-4.49585,1.49872,-1.58717,0.49443,0.03115,0.00000,
33.0,1,-3.87418,2.34385,-2.56468,0.43103,0.65842,0.04915,0.04944
33.0,2,-2.66516,2.49380,-3.10838,0.40009,0.05919,0.21828,0.20271
33.02,0,-4.49601,1.48884,-1.58656,0.49443,0.02999,0.00000,
33.02,1,-3.88123,2.33927,-2.55208,0.41268,0.63308,0.04938,0.05933
33.02,2,-2.67322,2.49353,-3.10732,0.40470,0.05015,0.21781,0.21105
33.04,0,-4.49616,1.47895,-1.58597,0.49443,0.02887,0.00000,
33.04,1,-3.88789,2.33484,-2.53905,0.38589,0.65731,0.05002,0.06922
33.04,2,-2.68125,2.49326,-3.10633,0.39821,0.04963,0.21699,0.21899
33.06,0,-4.49631,1.46906,-1.58541,0.49443,0.02780,0.00000,
33.06,1,-3.89427,2.33046,-2.52608,0.38753,0.63786,0.05094,0.07911
33.06,2,-2.68911,2.49298,-3.10533,0.38884,0.04980,0.21607,0.22666
33.08,0,-4.49646,1.45917,-1.58486,0.49443,0.02676,0.00000,
33.08,1,-3.90058,2.32601,-2.51365,0.38478,0.60864,0.05189,0.08900
33.08,2,-2.69680,2.49270,-3.10435,0.38249,0.04811,0.21527,0.23431
33.1,0,-4.49660,1.44929,-1.58434,0.49443,0.02577,0.00000,
33.1,1,-3.90675,2.32154,-2.50171,0.37757,0.58878,0.05297,0.09889
33.1,2,-2.70439,2.49242,-3.10341,0.37765,0.04612,0.21444,0.24185
33.12,0,-4.49673,1.43940,-1.58384,0.49443,0.02481,0.00000,
33.12,1,-3.91275,2.31707,-2.49012,0.37109,0.57219,0.05420,0.10877
33.12,2,-2.71188,2.49213,-3.10251,0.37226,0.04453,0.21356,0.24923
33.14,0,-4.49686,1.42951,-1.58335,0.49443,0.02388,0.00000,
33.14,1,-3.91861,2.31261,-2.47888,0.36617,0.55331,0.05557,0.11866
33.14,2,-2.71926,2.49184,-3.10163,0.36644,0.04307,0.21267,0.25650
33.16,0,-4.49699,1.41962,-1.58288,0.49443,0.02299,0.00000,
33.16,1,-3.92434,2.30814,-2.46802,0.36132,0.53413,0.05706,0.12855
33.16,2,-2.72652,2.49155,-3.10079,0.36079,0.04159,0.21178,0.26366
33.18,0,-4.49710,1.40974,-1.58243,0.49444,0.02214,0.00000,
33.18,1,-3.92995,2.30366,-2.45754,0.35611,0.51601,0.05867,0.13844
33.18,2,-2.73367,2.49126,-3.09997,0.35540,0.04015,0.21090,0.27072
33.2,0,-4.49722,1.39985,-1.58200,0.49444,0.02131,0.00000,
33.2,1,-3.93542,2.29920,-2.44742,0.35088,0.49840,0.06040,0.14833
33.2,2,-2.74071,2.49097,-3.09918,0.35010,0.03877,0.21000,0.27766
33.22,0,-4.49733,1.38996,-1.58158,0.49444,0.02052,0.00000,
33.22,1,-3.94223,2.29394,-2.43480,0.45157,0.69223,0.06081,0.00989
33.22,2,-2.74883,2.49067,-3.09593,0.51076,0.84948,0.20951,0.00449
33.24,0,-4.49744,1.38007,-1.58118,0.49444,0.01976,0.00000,
33.24,1,-3.94873,2.28818,-2.42206,0.44112,0.76643,0.06101,0.01978
33.24,2,-2.75843,2.49038,-3.07350,0.43028,1.09220,0.20735,0.01316
33.26,0,-4.49754,1.37018,-1.58079,0.49444,0.01902,0.00000,
33.26,1,-3.95510,2.28205,-2.40884,0.46920,0.66010,0.06101,0.02967
33.26,2,-2.76720,2.48990,-3.05380,0.46594,0.68829,0.20595,0.02199
33.28,0,-4.49764,1.36029,-1.58042,0.49444,0.01831,0.00000,
33.28,1,-3.96238,2.27552,-2.39618,0.47295,0.58287,0.06025,0.03955
33.28,2,-2.77766,2.48900,-3.04927,0.56362,-0.02357,0.20381,0.03178
33.3,0,-4.49773,1.35041,-1.58006,0.49444,0.01763,0.00000,
33.3,1,-3.96897,2.26964,-2.38513,0.43156,0.56007,0.06046,0.04944
33.3,2,-2.78906,2.48796,-3.04987,0.56626,0.03330,0.19994,0.04060
33.32,0,-4.49783,1.34052,-1.57971,0.49444,0.01698,0.00000,
33.32,1,-3.97688,2.26221,-2.37296,0.57747,0.50830,0.05873,0.00989
33.32,2,-2.79992,2.48696,-3.04723,0.52886,0.18790,0.19823,0.05145
33.34,0,-4.49791,1.33063,-1.57938,0.49444,0.01635,0.00000,
33.34,1,-3.98448,2.25497,-2.36463,0.49646,0.34698,0.05736,0.01978
33.34,2,-2.81024,2.48599,-3.04342,0.51418,0.17586,0.19675,0.06195
33.36,0,-4.49800,1.32074,-1.57906,0.49444,0.01574,0.00000,
33.36,1,-3.99154,2.24785,-2.35448,0.49865,0.60144,0.05643,0.02967
33.36,2,-2.82047,2.48498,-3.04043,0.51415,0.13330,0.19484,0.07196
33.38,0,-4.49808,1.31085,-1.57875,0.49444,0.01515,0.00000,
33.38,1,-3.99775,2.24178,-2.34368,0.41619,0.55452,0.05686,0.03956
33.38,2,-2.83067,2.48395,-3.03785,0.50957,0.12888,0.19195,0.08065
33.4,0,-4.49816,1.30096,-1.57846,0.49444,0.01459,0.00000,
33.4,1,-4.00360,2.23585,-2.33229,0.41693,0.56415,0.05764,0.04944
33.4,2,-2.84027,2.48291,-3.03485,0.46728,0.15158,0.18928,0.08896
33.42,0,-4.49823,1.29108,-1.57817,0.49444,0.01405,0.00000,
33.42,1,-4.00936,2.22984,-2.32160,0.41510,0.50917,0.05843,0.05933
33.42,2,-2.84963,2.48189,-3.03226,0.47254,0.11662,0.18681,0.09729
33.44,0,-4.49831,1.28119,-1.57790,0.49444,0.01353,0.00000,
33.44,1,-4.01498,2.22384,-2.31176,0.40689,0.48452,0.05934,0.06922
33.44,2,-2.85897,2.48086,-3.02998,0.46671,0.11507,0.18423,0.10549
33.46,0,-4.49838,1.27130,-1.57763,0.49444,0.01302,0.00000,
33.46,1,-4.02041,2.21790,-2.30209,0.39912,0.48268,0.06043,0.07911
33.46,2,-2.86813,2.47983,-3.02763,0.45603,0.11866,0.18168,0.11352
33.48,0,-4.49845,1.26141,-1.57738,0.49444,0.01254,0.00000,
33.48,1,-4.02570,2.21201,-2.29255,0.39384,0.47072,0.06166,0.08900
33.48,2,-2.87710,2.47881,-3.02529,0.44811,0.11510,0.17918,0.12142
33.5,0,-4.49851,1.25152,-1.57713,0.49444,0.01207,0.00000,
33.5,1,-4.03087,2.20613,-2.28334,0.38887,0.45173,0.06300,0.09889
33.5,2,-2.88594,2.47777,-3.02304,0.44229,0.10982,0.17672,0.12922
33.52,0,-4.49857,1.24163,-1.57689,0.49444,0.01162,0.00000,
33.52,1,-4.03592,2.20030,-2.27450,0.38318,0.43508,0.06446,0.10878
33.52,2,-2.89465,2.47674,-3.02089,0.43611,0.10599,0.17427,0.13691
33.54,0,-4.49863,1.23174,-1.57667,0.49444,0.01119,0.00000,
33.54,1,-4.04083,2.19450,-2.26595,0.37737,0.42076,0.06606,0.11867
33.54,2,-2.90317,2.47569,-3.01872,0.39600,0.14465,0.17190,0.14449
33.56,0,-4.49869,1.22186,-1.57645,0.49444,0.01078,0.00000,
33.56,1,-4.04563,2.18875,-2.25769,0.37184,0.40668,0.06778,0.12855
33.56,2,-2.91109,2.47468,-3.01638,0.40200,0.09695,0.17002,0.15194
33.58,0,-4.49875,1.21197,-1.57624,0.49444,0.01038,0.00000,
33.58,1,-4.05031,2.18305,-2.24971,0.36647,0.39271,0.06962,0.13844
33.58,2,-2.91908,2.47366,-3.01464,0.40187,0.08442,0.16796,0.15929
33.6,0,-4.49880,1.20208,-1.57603,0.49444,0.00999,0.00000,
33.6,1,-4.05487,2.17739,-2.24201,0.36111,0.37924,0.07159,0.14833
33.6,2,-2.92696,2.47265,-3.01288,0.39310,0.09092,0.16592,0.16653
33.62,0,-4.49885,1.19219,-1.57584,0.49444,0.00962,0.00000,
33.62,1,-4.05933,2.17178,-2.23457,0.35579,0.36629,0.07368,0.15822
33.62,2,-2.93466,2.47166,-3.01105,0.38488,0.09066,0.16396,0.17366
33.64,0,-4.49890,1.18230,-1.57565,0.49444,0.00926,0.00000,
33.64,1,-4.06347,2.16663,-2.22826,0.31769,0.32911,0.07634,0.16811
33.64,2,-2.94223,2.47066,-3.00929,0.37950,0.08583,0.16172,0.18024
33.66,0,-4.49895,1.17241,-1.57547,0.49444,0.00892,0.00000,
33.66,1,-4.06739,2.16160,-2.22085,0.31966,0.37864,0.07923,0.17800
33.66,2,-2.94971,2.46967,-3.00762,0.37454,0.08227,0.15937,0.18659
33.68,0,-4.49900,1.16252,-1.57529,0.49444,0.00859,0.00000,
33.68,1,-4.07125,2.15654,-2.21378,0.31596,0.33057,0.08214,0.18789
33.68,2,-2.95707,2.46868,-3.00600,0.36892,0.07980,0.15708,0.19291
33.7,0,-4.49904,1.15263,-1.57512,0.49444,0.00827,0.00000,
33.7,1,-4.07500,2.15154,-2.20750,0.30914,0.30680,0.08519,0.19778
33.7,2,-2.96432,2.46769,-3.00443,0.36314,0.07718,0.15480,0.19912
33.72,0,-4.49908,1.14275,-1.57496,0.49444,0.00796,0.00000,
33.72,1,-4.07859,2.14668,-2.20149,0.30782,0.30301,0.08844,0.20767
33.72,2,-2.97145,2.46670,-3.00292,0.35764,0.07444,0.15247,0.20513
33.74,0,-4.49913,1.13286,-1.57481,0.49444,0.00767,0.00000,
33.74,1,-4.08234,2.14154,-2.19537,0.32176,0.30366,0.09140,0.21755
33.74,2,-2.97848,2.46572,-3.00146,0.35232,0.07184,0.15048,0.21144
33.76,0,-4.49916,1.12297,-1.57466,0.49444,0.00738,0.00000,
33.76,1,-4.08605,2.13639,-2.18948,0.31188,0.28719,0.09439,0.22744
33.76,2,-2.98540,2.46475,-3.00005,0.34704,0.06938,0.14859,0.21774
33.78,0,-4.49920,1.11308,-1.57451,0.49444,0.00711,0.00000,
33.78,1,-4.08959,2.13142,-2.18388,0.30085,0.27456,0.09763,0.23733
33.78,2,-2.99210,2.46378,-2.99854,0.31473,0.10100,0.14672,0.22380
33.8,0,-4.49924,1.10319,-1.57437,0.49444,0.00685,0.00000,
33.8,1,-4.09303,2.12654,-2.17849,0.29681,0.26622,0.10102,0.24722
33.8,2,-2.99839,2.46284,-2.99704,0.32061,0.05787,0.14513,0.22972
33.82,0,-4.49928,1.09330,-1.57424,0.49444,0.00659,0.00000,
33.82,1,-4.09640,2.12169,-2.17325,0.29437,0.25766,0.10448,0.25711
33.82,2,-3.00474,2.46191,-2.99599,0.31922,0.05348,0.14345,0.23558
33.84,0,-4.49931,1.08341,-1.57411,0.49444,0.00635,0.00000,
33.84,1,-4.09971,2.11687,-2.16820,0.29018,0.24851,0.10802,0.26700
33.84,2,-3.01097,2.46100,-2.99483,0.31174,0.06054,0.14183,0.24138
33.86,0,-4.49934,1.07352,-1.57398,0.49444,0.00611,0.00000,
33.86,1,-4.10273,2.11259,-2.16418,0.25849,0.24308,0.11218,0.27689
33.86,2,-3.01707,2.46010,-2.99362,0.30554,0.05940,0.13992,0.24658
33.88,0,-4.49937,1.06364,-1.57386,0.49444,0.00589,0.00000,
33.88,1,-4.10564,2.10829,-2.15885,0.25974,0.26392,0.11639,0.28678
33.88,2,-3.02307,2.45920,-2.99248,0.30147,0.05549,0.13803,0.25173
33.9,0,-4.49940,1.05375,-1.57375,0.49444,0.00567,0.00000,
33.9,1,-4.10850,2.10400,-2.15407,0.25520,0.22024,0.12064,0.29666
33.9,2,-3.02899,2.45831,-2.99139,0.29747,0.05332,0.13617,0.25684
33.92,0,-4.49943,1.04386,-1.57364,0.49444,0.00546,0.00000,
33.92,1,-4.11128,2.09980,-2.14987,0.24958,0.20654,0.12502,0.30655
33.92,2,-3.03477,2.45743,-2.99028,0.26893,0.08594,0.13436,0.26183
33.94,0,-4.49946,1.03397,-1.57353,0.49444,0.00526,0.00000,
33.94,1,-4.11399,2.09566,-2.14573,0.24570,0.20740,0.12950,0.31644
33.94,2,-3.04014,2.45659,-2.98906,0.27404,0.04445,0.13288,0.26673
33.96,0,-4.49949,1.02408,-1.57343,0.49444,0.00506,0.00000,
33.96,1,-4.11664,2.09156,-2.14163,0.24256,0.20171,0.13406,0.32633
33.96,2,-3.04556,2.45575,-2.98827,0.27330,0.03982,0.13130,0.27156
33.98,0,-4.49951,1.01419,-1.57333,0.49444,0.00487,0.00000,
33.98,1,-4.11924,2.08751,-2.13769,0.23907,0.19279,0.13869,0.33622
33.98,2,-3.05090,2.45493,-2.98739,0.26698,0.04697,0.12976,0.27632
34.0,0,-4.49954,1.00430,-1.57323,0.49444,0.00469,0.00000,
34.0,1,-4.12178,2.08353,-2.13383,0.23956,0.18507,0.14343,0.34611
34.0,2,-3.05611,2.45412,-2.98644,0.26155,0.04628,0.12827,0.28100
34.02,0,-4.49956,0.99441,-1.57314,0.49444,0.00452,0.00000,
34.02,1,-4.12553,2.07704,-2.11992,0.38636,0.92090,0.14542,0.00989
34.02,2,-3.06124,2.45331,-2.98556,0.25803,0.04283,0.12884,0.28836
34.04,0,-4.49959,0.98452,-1.57305,0.49444,0.00435,0.00000,
34.04,1,-4.12902,2.07065,-2.10245,0.34377,0.82695,0.14760,0.01978
34.04,2,-3.06630,2.45252,-2.98472,0.25463,0.04108,0.12924,0.29550
34.06,0,-4.49961,0.97464,-1.57297,0.49444,0.00419,0.00000,
34.06,1,-4.13219,2.06436,-2.08675,0.39524,0.74979,0.14999,0.02967
34.06,2,-3.07129,2.45173,-2.98391,0.25075,0.04002,0.12941,0.30236
34.08,0,-4.49963,0.96475,-1.57288,0.49444,0.00404,0.00000,
34.08,1,-4.13697,2.05567,-2.07578,0.56105,0.38092,0.14963,0.03956
34.08,2,-3.07620,2.45095,-2.98313,0.24683,0.03865,0.13202,0.31210
34.1,0,-4.49965,0.95486,-1.57281,0.49444,0.00389,0.00000,
34.1,1,-4.14255,2.04558,-2.06990,0.56730,0.27706,0.14769,0.04944
34.1,2,-3.08103,2.45018,-2.98237,0.24310,0.03719,0.13601,0.32344
34.12,0,-4.49967,0.94497,-1.57273,0.49444,0.00374,0.00000,
34.12,1,-4.14903,2.03323,-2.06027,0.71227,0.62858,0.14335,0.00989
34.12,2,-3.08580,2.44941,-2.98164,0.23948,0.03585,0.14178,0.33713
34.14,0,-4.49969,0.93508,-1.57266,0.49444,0.00361,0.00000,
34.14,1,-4.15573,2.02106,-2.04684,0.69107,0.69384,0.13914,0.01978
34.14,2,-3.09048,2.44865,-2.98094,0.23588,0.03459,0.14786,0.35083
34.16,0,-4.49971,0.92519,-1.57259,0.49444,0.00347,0.00000,
34.16,1,-4.16202,2.00951,-2.03405,0.61388,0.47427,0.13569,0.02967
34.16,2,-3.09510,2.44791,-2.98026,0.23232,0.03336,0.15348,0.36380
34.18,0,-4.49973,0.91530,-1.57252,0.49444,0.00334,0.00000,
34.18,1,-4.16695,2.00019,-2.03004,0.43820,-0.01505,0.13478,0.03956
34.18,2,-3.09965,2.44717,-2.97961,0.22881,0.03216,0.15712,0.37418
34.2,0,-4.49974,0.90541,-1.57245,0.49444,0.00322,0.00000,
34.2,1,-4.17114,1.99216,-2.02550,0.46860,0.37542,0.13534,0.04944
34.2,2,-3.10402,2.44645,-2.97883,0.20706,0.05157,0.15979,0.38310
34.22,0,-4.49976,0.89552,-1.57239,0.49444,0.00310,0.00000,
34.22,1,-4.17539,1.98352,-2.01767,0.48585,0.36298,0.13532,0.05933
34.22,2,-3.10723,2.44582,-2.97707,0.10426,0.62490,0.16390,
34.24,0,-4.49977,0.88564,-1.57233,0.49444,0.00299,0.00000,
34.24,1,-4.17949,1.97513,-2.01010,0.47338,0.32634,0.13560,0.06922
34.24,2,-3.10929,2.44549,-2.96456,0.10424,0.62477,0.16900,
34.26,0,-4.49979,0.87575,-1.57227,0.49444,0.00288,0.00000,
34.26,1,-4.18375,1.96614,-2.00539,0.50655,0.20778,0.13527,0.07911
34.26,2,-3.11044,2.44549,-2.95419,0.01978,0.40974,0.17549,
34.28,0,-4.49980,0.86586,-1.57221,0.49444,0.00277,0.00000,
34.28,1,-4.18795,1.95711,-2.00066,0.48682,0.26366,0.13494,0.08900
34.28,2,-3.10928,2.44581,-2.93982,-0.04028,0.13470,0.18421,
34.3,0,-4.49982,0.85597,-1.57216,0.49444,0.00267,0.00000,
34.3,1,-4.19190,1.94849,-1.99510,0.46591,0.27988,0.13509,0.09889
34.3,2,-3.10903,2.44587,-2.94616,-0.00423,-0.39098,0.19164,
34.32,0,-4.49983,0.84608,-1.57211,0.49444,0.00257,0.00000,
34.32,1,-4.19567,1.94036,-1.99065,0.40704,0.09676,0.13576,0.10878
34.32,2,-3.10906,2.44588,-2.94971,0.00571,-0.07360,0.19845,
34.34,0,-4.49985,0.83619,-1.57206,0.49444,0.00247,0.00000,
34.34,1,-4.19917,1.93282,-1.98615,0.42243,0.29882,0.13710,0.11867
34.34,2,-3.10921,2.44586,-2.95039,0.00845,-0.01764,0.20467,
34.36,0,-4.49986,0.82630,-1.57201,0.49444,0.00238,0.00000,
34.36,1,-4.20263,1.92506,-1.98020,0.42403,0.27301,0.13825,0.12856
34.36,2,-3.10938,2.44582,-2.95054,0.00845,-0.00099,0.21095,
34.38,0,-4.49987,0.81641,-1.57196,0.49444,0.00230,0.00000,
34.38,1,-4.20597,1.91739,-1.97547,0.41231,0.21537,0.13953,0.13844
34.38,2,-3.10953,2.44579,-2.95050,0.00745,0.00345,0.21712,
34.4,0,-4.49988,0.80653,-1.57192,0.49444,0.00221,0.00000,
34.4,1,-4.20915,1.90998,-1.97100,0.39495,0.24659,0.14111,0.14833
34.4,2,-3.10967,2.44577,-2.95045,0.00717,0.00131,0.22308,
34.42,0,-4.49989,0.79664,-1.57187,0.49444,0.00213,0.00000,
34.42,1,-4.21272,1.90063,-1.95794,0.52883,0.70219,0.14073,0.00989
34.42,2,-3.11152,2.44566,-2.95056,0.34190,-0.02692,0.22871,0.00520
34.44,0,-4.49990,0.78675,-1.57183,0.49444,0.00205,0.00000,
34.44,1,-4.21663,1.89097,-1.94445,0.50925,0.59771,0.13998,0.01978
34.44,2,-3.11701,2.44534,-2.95363,0.22822,-0.23638,0.23146,0.01562
34.46,0,-4.49991,0.77686,-1.57179,0.49444,0.00197,0.00000,
34.46,1,-4.22073,1.88065,-1.93897,0.57891,0.10048,0.13855,0.02967
34.46,2,-3.12160,2.44501,-2.95837,0.22835,-0.23636,0.23555,0.02672
34.48,0,-4.49992,0.76697,-1.57175,0.49444,0.00190,0.00000,
34.48,1,-4.22483,1.86992,-1.93689,0.56195,0.15321,0.13674,0.03956
34.48,2,-3.12572,2.44471,-2.96363,0.22593,-0.22757,0.24033,0.03820
34.5,0,-4.49993,0.75708,-1.57172,0.49444,0.00183,0.00000,
34.5,1,-4.22851,1.86075,-1.93488,0.48273,0.21522,0.13656,0.04944
34.5,2,-3.13385,2.44341,-2.96002,0.58026,0.52632,0.24007,0.04808
34.52,0,-4.49994,0.74719,-1.57168,0.49444,0.00176,0.00000,
34.52,1,-4.23266,1.84903,-1.92885,0.65690,0.27696,0.13380,0.00989
34.52,2,-3.14704,2.44107,-2.94614,0.67081,0.69350,0.23655,0.06051
34.54,0,-4.49995,0.73730,-1.57164,0.49444,0.00170,0.00000,
34.54,1,-4.23667,1.83797,-1.92167,0.56424,0.34036,0.13172,0.01978
34.54,2,-3.15987,2.43855,-2.93401,0.64811,0.54119,0.23297,0.07227
34.56,0,-4.49996,0.72741,-1.57161,0.49444,0.00164,0.00000,
34.56,1,-4.24078,1.82713,-1.91880,0.52218,-0.10992,0.12984,0.02967
34.56,2,-3.17218,2.43598,-2.92374,0.61364,0.50891,0.22988,0.08387
34.58,0,-4.49997,0.71753,-1.57158,0.49444,0.00158,0.00000,
34.58,1,-4.24458,1.81868,-1.92187,0.45489,-0.10919,0.13038,0.03956
34.58,2,-3.18393,2.43337,-2.91340,0.59601,0.52200,0.22589,0.09312
34.6,0,-4.49997,0.70764,-1.57155,0.49444,0.00152,0.00000,
34.6,1,-4.24800,1.81014,-1.92151,0.46720,0.16341,0.13093,0.04944
34.6,2,-3.19534,2.43068,-2.90256,0.55243,0.61736,0.22195,0.10232
34.62,0,-4.49998,0.69775,-1.57152,0.49444,0.00146,0.00000,
34.62,1,-4.25123,1.80124,-1.91619,0.47518,0.30349,0.13118,0.05933
34.62,2,-3.20618,2.42796,-2.89177,0.56370,0.48359,0.21857,0.11178
34.64,0,-4.49999,0.68786,-1.57149,0.49444,0.00141,0.00000,
34.64,1,-4.25438,1.79250,-1.90974,0.48058,0.24769,0.13162,0.06922
34.64,2,-3.21674,2.42519,-2.88185,0.52751,0.50284,0.21532,0.12107
34.66,0,-4.50000,0.67797,-1.57146,0.49444,0.00136,0.00000,
34.66,1,-4.25763,1.78325,-1.90589,0.49065,0.17604,0.13154,0.07911
34.66,2,-3.22694,2.42243,-2.87274,0.52761,0.43242,0.21280,0.13088
34.68,0,-4.50000,0.66808,-1.57144,0.49444,0.00131,0.00000,
34.68,1,-4.26078,1.77418,-1.90203,0.46964,0.20887,0.13168,0.08900
34.68,2,-3.23702,2.41964,-2.86415,0.51861,0.43136,0.21025,0.14047
34.7,0,-4.50001,0.65819,-1.57141,0.49444,0.00126,0.00000,
34.7,1,-4.26378,1.76547,-1.89770,0.45542,0.21596,0.13220,0.09889
34.7,2,-3.24674,2.41686,-2.85577,0.48449,0.38275,0.20776,0.14967
34.72,0,-4.50001,0.64830,-1.57139,0.49444,0.00121,0.00000,
34.72,1,-4.26669,1.75689,-1.89355,0.45152,0.20033,0.13288,0.10878
34.72,2,-3.25660,2.41394,-2.84732,0.53293,0.43787,0.20498,0.15873
34.74,0,-4.50002,0.63841,-1.57136,0.49444,0.00117,0.00000,
34.74,1,-4.26954,1.74837,-1.88967,0.44733,0.19053,0.13363,0.11867
34.74,2,-3.26685,2.41083,-2.83881,0.52998,0.41141,0.20177,0.16771
34.76,0,-4.50003,0.62853,-1.57134,0.49444,0.00113,0.00000,
34.76,1,-4.27226,1.74046,-1.88701,0.38763,0.10195,0.13502,0.12856
34.76,2,-3.27671,2.40775,-2.83089,0.50654,0.38583,0.19850,0.17608
34.78,0,-4.50003,0.61864,-1.57132,0.49444,0.00108,0.00000,
34.78,1,-4.27479,1.73297,-1.88321,0.40057,0.23067,0.13687,0.13844
34.78,2,-3.28578,2.40475,-2.82214,0.43739,0.51149,0.19559,0.18398
34.8,0,-4.50004,0.60875,-1.57130,0.49444,0.00104,0.00000,
34.8,1,-4.27728,1.72534,-1.87890,0.39878,0.19136,0.13860,0.14833
34.8,2,-3.29426,2.40185,-2.81432,0.45616,0.32035,0.19331,0.19199
34.82,0,-4.50004,0.59886,-1.57128,0.49444,0.00101,0.00000,
34.82,1,-4.27964,1.71799,-1.87519,0.35849,0.23867,0.14063,0.15822
34.82,2,-3.30293,2.39888,-2.80818,0.45573,0.31430,0.19062,0.19971
34.84,0,-4.50005,0.58897,-1.57126,0.49444,0.00097,0.00000,
34.84,1,-4.28200,1.71052,-1.87178,0.41323,0.13380,0.14255,0.16811
34.84,2,-3.31137,2.39595,-2.80163,0.42668,0.30068,0.18824,0.20753
34.86,0,-4.50005,0.57908,-1.57124,0.49444,0.00093,0.00000,
34.86,1,-4.28447,1.70254,-1.86912,0.41395,0.14132,0.14395,0.17800
34.86,2,-3.31958,2.39303,-2.79532,0.45492,0.34668,0.18650,0.21588
34.88,0,-4.50006,0.56919,-1.57122,0.49444,0.00090,0.00000,
34.88,1,-4.28683,1.69487,-1.86607,0.39106,0.15808,0.14569,0.18789
34.88,2,-3.32828,2.38988,-2.78842,0.46138,0.33372,0.18400,0.22389
34.9,0,-4.50006,0.55930,-1.57120,0.49444,0.00087,0.00000,
34.9,1,-4.28906,1.68758,-1.86311,0.35170,0.07847,0.14784,0.19778
34.9,2,-3.33674,2.38677,-2.78212,0.44178,0.30249,0.18143,0.23150
34.92,0,-4.50006,0.54941,-1.57118,0.49444,0.00083,0.00000,
34.92,1,-4.29111,1.68121,-1.86117,0.34339,0.15953,0.15092,0.20767
34.92,2,-3.34486,2.38371,-2.77621,0.42902,0.29219,0.17852,0.23820
34.94,0,-4.50007,0.53953,-1.57117,0.49444,0.00080,0.00000,
34.94,1,-4.29313,1.67452,-1.85765,0.35033,0.16880,0.15371,0.21756
34.94,2,-3.35258,2.38071,-2.76972,0.37601,0.41214,0.17616,0.24517
34.96,0,-4.50007,0.52964,-1.57115,0.49444,0.00077,0.00000,
34.96,1,-4.29510,1.66790,-1.85477,0.34064,0.12708,0.15657,0.22744
34.96,2,-3.35969,2.37785,-2.76354,0.38884,0.24489,0.17431,0.25208
34.98,0,-4.50007,0.51975,-1.57114,0.49444,0.00075,0.00000,
34.98,1,-4.29698,1.66147,-1.85235,0.33092,0.12018,0.15964,0.23733
34.98,2,-3.36692,2.37495,-2.75897,0.38754,0.23279,0.17220,0.25876
35.0,0,-4.50008,0.50986,-1.57112,0.49444,0.00072,0.00000,
35.0,1,-4.29878,1.65522,-1.84973,0.32199,0.13862,0.16292,0.24722
35.0,2,-3.37401,2.37210,-2.75400,0.37682,0.25798,0.17010,0.26525
35.02,0,-4.50008,0.49997,-1.57111,0.49444,0.00069,0.00000,
35.02,1,-4.30061,1.64887,-1.84729,0.33507,0.11326,0.16608,0.25711
35.02,2,-3.38076,2.36933,-2.74944,0.37202,0.23746,0.16841,0.27186
35.04,0,-4.50008,0.49008,-1.57109,0.49444,0.00067,0.00000,
35.04,1,-4.30243,1.64246,-1.84506,0.32910,0.11187,0.16921,0.26700
35.04,2,-3.38792,2.36636,-2.74424,0.39357,0.26357,0.16634,0.27850
35.06,0,-4.50009,0.48019,-1.57108,0.49444,0.00064,0.00000,
35.06,1,-4.30418,1.63624,-1.84280,0.31867,0.11256,0.17253,0.27689
35.06,2,-3.39508,2.36336,-2.73928,0.38088,0.23401,0.16411,0.28495
35.08,0,-4.50009,0.47030,-1.57107,0.49444,0.00062,0.00000,
35.08,1,-4.30587,1.63017,-1.84060,0.31326,0.10815,0.17601,0.28678
35.08,2,-3.40192,2.36045,-2.73481,0.36591,0.21803,0.16208,0.29125
35.1,0,-4.50009,0.46041,-1.57106,0.49444,0.00060,0.00000,
35.1,1,-4.30753,1.62416,-1.83849,0.31007,0.10340,0.17957,0.29667
35.1,2,-3.40858,2.35758,-2.73049,0.36088,0.21490,0.16018,0.29747
35.12,0,-4.50010,0.45053,-1.57104,0.49444,0.00057,0.00000,
35.12,1,-4.30916,1.61822,-1.83646,0.30584,0.09994,0.18320,0.30656
35.12,2,-3.41504,2.35474,-2.72592,0.33636,0.25422,0.15840,0.30361
35.14,0,-4.50010,0.44064,-1.57103,0.49444,0.00055,0.00000,
35.14,1,-4.31075,1.61237,-1.83450,0.30086,0.09670,0.18694,0.31644
35.14,2,-3.42121,2.35198,-2.72170,0.33822,0.18584,0.15685,0.30966
35.16,0,-4.50010,0.43075,-1.57102,0.49444,0.00053,0.00000,
35.16,1,-4.31230,1.60661,-1.83260,0.29614,0.09330,0.19077,0.32633
35.16,2,-3.42731,2.34925,-2.71797,0.31362,0.24536,0.15530,0.31561
35.18,0,-4.50010,0.42086,-1.57101,0.49444,0.00051,0.00000,
35.18,1,-4.31372,1.60164,-1.83154,0.26223,0.09897,0.19540,0.33622
35.18,2,-3.43301,2.34664,-2.71389,0.31319,0.17664,0.15355,0.32078
35.2,0,-4.50010,0.41097,-1.57100,0.49444,0.00049,0.00000,
35.2,1,-4.31511,1.59650,-1.82922,0.26700,0.11332,0.19988,0.34611
35.2,2,-3.43868,2.34404,-2.71055,0.31012,0.16684,0.15193,0.32609
35.22,0,-4.50011,0.40108,-1.57099,0.49444,0.00048,0.00000,
35.22,1,-4.31646,1.59141,-1.82732,0.25991,0.08150,0.20441,0.35600
35.22,2,-3.44426,2.34148,-2.70711,0.30439,0.17444,0.15036,0.33135
35.24,0,-4.50011,0.39119,-1.57098,0.49444,0.00046,0.00000,
35.24,1,-4.31776,1.58646,-1.82581,0.25278,0.07480,0.20910,0.36589
35.24,2,-3.44973,2.33894,-2.70366,0.29917,0.16996,0.14878,0.33645
35.26,0,-4.50011,0.38130,-1.57097,0.49444,0.00044,0.00000,
35.26,1,-4.31901,1.58168,-1.82412,0.23743,0.10461,0.21396,0.37578
35.26,2,-3.45510,2.33642,-2.70036,0.29489,0.16136,0.14715,0.34138
35.28,0,-4.50011,0.37141,-1.57097,0.49444,0.00043,0.00000,
35.28,1,-4.32028,1.57678,-1.82249,0.26291,0.06766,0.21871,0.38567
35.28,2,-3.46040,2.33393,-2.69720,0.29070,0.15538,0.14572,0.34643
35.3,0,-4.50011,0.36153,-1.57096,0.49444,0.00041,0.00000,
35.3,1,-4.32159,1.57167,-1.82118,0.26052,0.06680,0.22325,0.39555
35.3,2,-3.46560,2.33145,-2.69414,0.28631,0.15054,0.14454,0.35169
35.32,0,-4.50012,0.35164,-1.57095,0.49444,0.00040,0.00000,
35.32,1,-4.32285,1.56676,-1.81978,0.24823,0.07179,0.22799,0.40544
35.32,2,-3.47072,2.32899,-2.69119,0.28195,0.14536,0.14329,0.35675
35.34,0,-4.50012,0.34175,-1.57094,0.49444,0.00038,0.00000,
35.34,1,-4.32405,1.56202,-1.81837,0.24264,0.06901,0.23291,0.41533
35.34,2,-3.47576,2.32656,-2.68834,0.27771,0.14015,0.14198,0.36163
35.36,0,-4.50012,0.33186,-1.57093,0.49444,0.00037,0.00000,
35.36,1,-4.32524,1.55733,-1.81704,0.24117,0.06494,0.23789,0.42522
35.36,2,-3.48071,2.32414,-2.68559,0.27356,0.13523,0.14072,0.36645
35.38,0,-4.50012,0.32197,-1.57093,0.49444,0.00035,0.00000,
35.38,1,-4.32641,1.55268,-1.81576,0.23844,0.06269,0.24291,0.43511
35.38,2,-3.48558,2.32175,-2.68294,0.26946,0.13053,0.13950,0.37124
35.4,0,-4.50012,0.31208,-1.57092,0.49444,0.00034,0.00000,
35.4,1,-4.32755,1.54810,-1.81453,0.23436,0.06084,0.24800,0.44500
35.4,2,-3.49037,2.31939,-2.68038,0.26540,0.12596,0.13832,0.37595
35.42,0,-4.50012,0.30219,-1.57091,0.49444,0.00033,0.00000,
35.42,1,-4.32858,1.54412,-1.81394,0.20488,0.05920,0.25372,0.45489
35.42,2,-3.49424,2.31739,-2.67856,0.16723,0.04214,0.13757,
35.44,0,-4.50012,0.29230,-1.57091,0.49444,0.00032,0.00000,
35.44,1,-4.32959,1.54007,-1.81239,0.20987,0.07899,0.25937,0.46478
35.44,2,-3.49723,2.31590,-2.67772,0.16723,0.04216,0.13786,
35.46,0,-4.50012,0.28241,-1.57090,0.49444,0.00030,0.00000,
35.46,1,-4.33059,1.53605,-1.81108,0.20428,0.05451,0.26505,0.47467
35.46,2,-3.49852,2.31521,-2.67418,0.02291,0.20160,0.13992,
35.48,0,-4.50013,0.27253,-1.57089,0.49444,0.00029,0.00000,
35.48,1,-4.33154,1.53215,-1.81010,0.19835,0.04753,0.27085,0.48455
35.48,2,-3.49940,2.31476,-2.68287,-0.02531,-0.03676,0.14234,
35.5,0,-4.50013,0.26264,-1.57089,0.49444,0.00028,0.00000,
35.5,1,-4.33248,1.52833,-1.80912,0.19560,0.05060,0.27675,0.49444
35.5,2,-3.49805,2.31524,-2.67878,-0.05341,0.13379,0.14695,
35.52,0,-4.50013,0.25275,-1.57088,0.49444,0.00027,0.00000,
35.52,1,-4.33299,1.52813,-1.79923,-0.04040,0.72574,0.28628,
35.52,2,-3.49758,2.31537,-2.67746,-0.00596,0.01556,0.14789,
35.54,0,-4.50013,0.24286,-1.57088,0.49444,0.00026,0.00000,
35.54,1,-4.33349,1.52892,-1.78589,-0.02577,0.59402,0.29681,
35.54,2,-3.49768,2.31534,-2.67772,0.01104,-0.02703,0.14763,
35.56,0,-4.50013,0.23297,-1.57087,0.49444,0.00025,0.00000,
35.56,1,-4.33413,1.52977,-1.77954,-0.09255,-0.36368,0.30738,
35.56,2,-3.49792,2.31524,-2.67829,0.01267,-0.02292,0.14726,
35.58,0,-4.50013,0.22308,-1.57087,0.49444,0.00024,0.00000,
35.58,1,-4.33366,1.53316,-1.79823,-0.17251,-0.83776,0.32061,
35.58,2,-3.49809,2.31516,-2.67850,0.00702,-0.00232,0.14442,
35.6,0,-4.50013,0.21319,-1.57086,0.49444,0.00024,0.00000,
35.6,1,-4.33314,1.53551,-1.80666,-0.06268,-0.13001,0.33282,
35.6,2,-3.49819,2.31511,-2.67846,0.00482,0.00412,0.14234,
35.62,0,-4.50013,0.20330,-1.57086,0.49444,0.00023,0.00000,
35.62,1,-4.33300,1.53584,-1.80700,0.00505,0.03235,0.34298,
35.62,2,-3.49828,2.31507,-2.67839,0.00587,0.00181,0.14190,
35.64,0,-4.50013,0.19341,-1.57085,0.49444,0.00022,0.00000,
35.64,1,-4.33309,1.53542,-1.80559,0.03118,0.09061,0.35236,
35.64,2,-3.49840,2.31501,-2.67838,0.00680,-0.00030,0.14213,
35.66,0,-4.50013,0.18353,-1.57085,0.49444,0.00021,0.00000,
35.66,1,-4.33325,1.53477,-1.80431,0.03150,0.03370,0.36151,
35.66,2,-3.49852,2.31495,-2.67839,0.00675,-0.00048,0.14257,
35.68,0,-4.50013,0.17364,-1.57085,0.49444,0.00020,0.00000,
35.68,1,-4.33337,1.53429,-1.80420,0.01916,-0.00950,0.37084,
35.68,2,-3.49864,2.31489,-2.67840,0.00646,-0.00009,0.14285,
35.7,0,-4.50013,0.16375,-1.57084,0.49444,0.00020,0.00000,
35.7,1,-4.33345,1.53398,-1.80444,0.01522,-0.01021,0.38033,
35.7,2,-3.49875,2.31483,-2.67840,0.00640,0.00007,0.14300,
35.72,0,-4.50013,0.15386,-1.57084,0.49444,0.00019,0.00000,
35.72,1,-4.33352,1.53367,-1.80454,0.01262,-0.00135,0.38984,
35.72,2,-3.49887,2.31477,-2.67840,0.00646,0.00004,0.14313,
35.74,0,-4.50013,0.14397,-1.57083,0.49444,0.00018,0.00000,
35.74,1,-4.33354,1.53358,-1.80453,0.00033,0.00083,0.39956,
35.74,2,-3.49897,2.31472,-2.67840,0.00318,-0.00007,0.14310,
35.76,0,-4.50013,0.13408,-1.57083,0.49444,0.00017,0.00000,
35.76,1,-4.33353,1.53361,-1.80452,-0.00229,0.00057,0.40941,
35.76,2,-3.49898,2.31472,-2.67840,-0.00038,-0.00001,0.14306,
35.78,0,-4.50013,0.12419,-1.57083,0.49444,0.00017,0.00000,
35.78,1,-4.33352,1.53366,-1.80451,-0.00277,0.00058,0.41929,
35.78,2,-3.49897,2.31472,-2.67840,-0.00106,-0.00015,0.14303,
35.8,0,-4.50013,0.11430,-1.57082,0.49444,0.00016,0.00000,
35.8,1,-4.33351,1.53372,-1.80450,-0.00255,0.00006,0.42916,
35.8,2,-3.49895,2.31473,-2.67840,-0.00121,0.00005,0.14301,
35.82,0,-4.50014,0.10442,-1.57082,0.49444,0.00016,0.00000,
35.82,1,-4.33350,1.53376,-1.80450,-0.00234,-0.00011,0.43903,
35.82,2,-3.49893,2.31474,-2.67840,-0.00099,0.00006,0.14299,
35.84,0,-4.50014,0.09453,-1.57082,0.49444,0.00015,0.00000,
35.84,1,-4.33349,1.53381,-1.80450,-0.00235,-0.00005,0.44890,
35.84,2,-3.49891,2.31475,-2.67840,-0.00089,0.00001,0.14297,
35.86,0,-4.50014,0.08464,-1.57081,0.49444,0.00015,0.00000,
35.86,1,-4.33348,1.53386,-1.80450,-0.00241,0.00001,0.45877,
35.86,2,-3.49890,2.31476,-2.67840,-0.00092,-0.00001,0.14295,
35.88,0,-4.50014,0.07475,-1.57081,0.49444,0.00014,0.00000,
35.88,1,-4.33346,1.53390,-1.80450,-0.00243,0.00001,0.46864,
35.88,2,-3.49888,2.31477,-2.67840,-0.00096,-0.00000,0.14293,
35.9,0,-4.50014,0.06486,-1.57081,0.49444,0.00013,0.00000,
35.9,1,-4.33345,1.53395,-1.80450,-0.00241,0.00000,0.47852,
35.9,2,-3.49886,2.31478,-2.67840,-0.00096,0.00000,0.14291,
35.92,0,-4.50014,0.05497,-1.57081,0.49444,0.00013,0.00000,
35.92,1,-4.33344,1.53400,-1.80450,-0.00241,-0.00000,0.48839,
35.92,2,-3.49884,2.31479,-2.67840,-0.00095,0.00000,0.14288,
35.94,0,-4.50014,0.04508,-1.57080,0.49444,0.00013,0.00000,
35.94,1,-4.33343,1.53404,-1.80450,-0.00241,-0.00000,0.49827,
35.94,2,-3.49883,2.31479,-2.67840,-0.00095,0.00000,0.14286,
35.96,0,-4.50014,0.03519,-1.57080,0.49444,0.00012,0.00000,
35.96,1,-4.33342,1.53409,-1.80450,-0.00241,0.00000,0.50814,
35.96,2,-3.49881,2.31480,-2.67840,-0.00095,-0.00000,0.14284,
35.98,0,-4.50014,0.02530,-1.57080,0.49444,0.00012,0.00000,
35.98,1,-4.33341,1.53414,-1.80450,-0.00241,0.00000,0.51802,
35.98,2,-3.49879,2.31481,-2.67840,-0.00095,-0.00000,0.14282,
36.0,0,-4.50014,0.01542,-1.57080,0.49444,0.00011,0.00000,
36.0,1,-4.33340,1.53418,-1.80450,-0.00241,0.00000,0.52789,
36.0,2,-3.49878,2.31482,-2.67840,-0.00095,0.00000,0.14280,
36.02,0,-4.50014,0.00553,-1.57079,0.49444,0.00011,0.00000,
36.02,1,-4.33339,1.53423,-1.80450,-0.00241,-0.00000,0.53777,
36.02,2,-3.49876,2.31483,-2.67840,-0.00095,0.00000,0.14277,
36.04,0,-4.50014,-0.00436,-1.57079,0.49444,0.00010,0.00000,
36.04,1,-4.33337,1.53428,-1.80450,-0.00241,-0.00000,0.54765,
36.04,2,-3.49874,2.31484,-2.67840,-0.00095,0.00000,0.14275,
36.06,0,-4.50014,-0.01425,-1.57079,0.49444,0.00010,0.00000,
36.06,1,-4.33336,1.53433,-1.80450,-0.00241,-0.00000,0.55753,
36.06,2,-3.49873,2.31485,-2.67840,-0.00095,-0.00000,0.14273,
36.08,0,-4.50014,-0.02414,-1.57079,0.49444,0.00010,0.00000,
36.08,1,-4.33335,1.53437,-1.80450,-0.00241,0.00000,0.56741,
36.08,2,-3.49871,2.31485,-2.67840,-0.00095,-0.00000,0.14271,
36.1,0,-4.50014,-0.03403,-1.57079,0.49444,0.00009,0.00000,
36.1,1,-4.33334,1.53442,-1.80450,-0.00241,0.00000,0.57729,
36.1,2,-3.49869,2.31486,-2.67840,-0.00095,-0.00000,0.14269,
36.12,0,-4.50014,-0.04392,-1.57078,0.49444,0.00009,0.00000,
36.12,1,-4.33370,1.52977,-1.80338,0.25100,0.20466,0.58246,0.00989
36.12,2,-3.49867,2.31487,-2.67840,-0.00095,0.00000,0.14614,
36.14,0,-4.50014,-0.05381,-1.57078,0.49444,0.00009,0.00000,
36.14,1,-4.33415,1.52553,-1.79770,0.20259,0.30160,0.58803,0.01978
36.14,2,-3.49866,2.31488,-2.67840,-0.00095,0.00000,0.14940,
36.16,0,-4.50014,-0.06370,-1.57078,0.49444,0.00008,0.00000,
36.16,1,-4.33459,1.52147,-1.79167,0.20273,0.30206,0.59379,0.02967
36.16,2,-3.49864,2.31489,-2.67840,-0.00095,-0.00000,0.15253,
36.18,0,-4.50014,-0.07358,-1.57078,0.49444,0.00008,0.00000,
36.18,1,-4.33551,1.51691,-1.78971,0.33798,-0.02557,0.59899,0.03956
36.18,2,-3.49862,2.31490,-2.67840,-0.00095,-0.00000,0.15636,
36.2,0,-4.50014,-0.08347,-1.57078,0.49444,0.00008,0.00000,
36.2,1,-4.33753,1.50520,-1.78865,0.73672,0.27809,0.59698,0.04944
36.2,2,-3.49861,2.31490,-2.67840,-0.00095,0.00000,0.16593,
36.22,0,-4.50014,-0.09336,-1.57078,0.49444,0.00007,0.00000,
36.22,1,-4.33982,1.49084,-1.77849,0.65773,0.57336,0.59230,0.00989
36.22,2,-3.49859,2.31491,-2.67840,-0.00095,0.00000,0.17761,
36.24,0,-4.50014,-0.10325,-1.57077,0.49444,0.00007,0.00000,
36.24,1,-4.34252,1.47721,-1.77588,0.70911,-0.04326,0.58830,0.01978
36.24,2,-3.49857,2.31492,-2.67840,-0.00095,-0.00000,0.18912,
36.26,0,-4.50013,-0.11314,-1.57077,0.49444,0.00007,0.00000,
36.26,1,-4.34542,1.46280,-1.77467,0.76538,0.16039,0.58351,0.02967
36.26,2,-3.49856,2.31493,-2.67840,-0.00095,0.00000,0.20138,
36.28,0,-4.50013,-0.12303,-1.57077,0.49444,0.00007,0.00000,
36.28,1,-4.34843,1.44819,-1.77109,0.76751,0.24921,0.57853,0.03956
36.28,2,-3.49854,2.31494,-2.67840,-0.00095,0.00000,0.21391,
36.3,0,-4.50013,-0.13292,-1.57077,0.49444,0.00006,0.00000,
36.3,1,-4.35148,1.43313,-1.76572,0.72811,0.33285,0.57309,0.04944
36.3,2,-3.49852,2.31495,-2.67840,-0.00095,0.00000,0.22684,
36.32,0,-4.50013,-0.14281,-1.57077,0.49444,0.00006,0.00000,
36.32,1,-4.35453,1.41798,-1.76100,0.80374,0.17480,0.56756,0.05933
36.32,2,-3.49850,2.31496,-2.67840,-0.00095,-0.00000,0.23990,
36.34,0,-4.50013,-0.15270,-1.57077,0.49444,0.00006,0.00000,
36.34,1,-4.35764,1.40194,-1.75776,0.81890,0.16884,0.56115,0.06922
36.34,2,-3.49849,2.31496,-2.67840,-0.00095,-0.00000,0.25370,
36.36,0,-4.50013,-0.16258,-1.57077,0.49444,0.00006,0.00000,
36.36,1,-4.36066,1.38603,-1.75405,0.80087,0.19520,0.55488,0.07911
36.36,2,-3.49847,2.31497,-2.67840,-0.00095,-0.00000,0.26740,
36.38,0,-4.50013,-0.17247,-1.57077,0.49444,0.00006,0.00000,
36.38,1,-4.36355,1.37041,-1.75016,0.79132,0.19037,0.54892,0.08900
36.38,2,-3.49845,2.31498,-2.67840,-0.00095,-0.00000,0.28086,
36.4,0,-4.50013,-0.18236,-1.57077,0.49444,0.00005,0.00000,
36.4,1,-4.36638,1.35482,-1.74649,0.79394,0.17843,0.54299,0.09889
36.4,2,-3.49844,2.31499,-2.67840,-0.00095,-0.00000,0.29432,
36.42,0,-4.50013,-0.19225,-1.57076,0.49444,0.00005,0.00000,
36.42,1,-4.36916,1.33914,-1.74299,0.79750,0.17282,0.53698,0.10878
36.42,2,-3.49842,2.31500,-2.67840,-0.00095,-0.00000,0.30786,
36.44,0,-4.50013,-0.20214,-1.57076,0.49444,0.00005,0.00000,
36.44,1,-4.37190,1.32342,-1.73958,0.79778,0.16893,0.53094,0.11867
36.44,2,-3.49840,2.31501,-2.67840,-0.00095,-0.00000,0.32145,
36.46,0,-4.50013,-0.21203,-1.57076,0.49444,0.00005,0.00000,
36.46,1,-4.37457,1.30770,-1.73625,0.79689,0.16383,0.52491,0.12856
36.46,2,-3.49838,2.31502,-2.67840,-0.00095,-0.00000,0.33506,
36.48,0,-4.50013,-0.22192,-1.57076,0.49444,0.00005,0.00000,
36.48,1,-4.37715,1.29282,-1.73382,0.74965,0.14453,0.51972,0.13844
36.48,2,-3.49837,2.31502,-2.67840,-0.00095,-0.00000,0.34802,
36.5,0,-4.50013,-0.23181,-1.57076,0.49444,0.00004,0.00000,
36.5,1,-4.37965,1.27786,-1.73036,0.76412,0.18010,0.51447,0.14833
36.5,2,-3.49835,2.31503,-2.67840,-0.00095,-0.00000,0.36103,
36.52,0,-4.50013,-0.24170,-1.57076,0.49444,0.00004,0.00000,
36.52,1,-4.38211,1.26292,-1.72674,0.76373,0.16162,0.50924,0.15822
36.52,2,-3.49833,2.31504,-2.67840,-0.00095,-0.00000,0.37405,
36.54,0,-4.50013,-0.25158,-1.57076,0.49444,0.00004,0.00000,
36.54,1,-4.38458,1.24757,-1.72378,0.80789,0.11952,0.50360,0.16811
36.54,2,-3.49832,2.31505,-2.67840,-0.00095,-0.00000,0.38744,
36.56,0,-4.50013,-0.26147,-1.57076,0.49444,0.00004,0.00000,
36.56,1,-4.38710,1.23137,-1.72137,0.81992,0.12853,0.49712,0.17800
36.56,2,-3.49830,2.31506,-2.67840,-0.00095,-0.00000,0.40155,
36.58,0,-4.50013,-0.27136,-1.57076,0.49444,0.00004,0.00000,
36.58,1,-4.38953,1.21536,-1.71862,0.80109,0.14126,0.49083,0.18789
36.58,2,-3.49828,2.31507,-2.67840,-0.00095,-0.00000,0.41551,
36.6,0,-4.50013,-0.28125,-1.57076,0.49444,0.00004,0.00000,
36.6,1,-4.39187,1.19964,-1.71584,0.79219,0.13523,0.48484,0.19778
36.6,2,-3.49827,2.31508,-2.67840,-0.00095,-0.00000,0.42924,
36.62,0,-4.50013,-0.29114,-1.57076,0.49444,0.00004,0.00000,
36.62,1,-4.39416,1.18394,-1.71323,0.79523,0.12798,0.47888,0.20767
36.62,2,-3.49825,2.31508,-2.67840,-0.00095,-0.00000,0.44297,
36.64,0,-4.50013,-0.30103,-1.57075,0.49444,0.00003,0.00000,
36.64,1,-4.39642,1.16815,-1.71071,0.79870,0.12470,0.47283,0.21756
36.64,2,-3.49823,2.31509,-2.67840,-0.00095,-0.00000,0.45679,
36.66,0,-4.50013,-0.31092,-1.57075,0.49444,0.00003,0.00000,
36.66,1,-4.39859,1.15277,-1.70824,0.74016,0.12163,0.46720,0.22744
36.66,2,-3.49821,2.31510,-2.67840,-0.00095,-0.00000,0.47027,
36.68,0,-4.50013,-0.32081,-1.57075,0.49444,0.00003,0.00000,
36.68,1,-4.40049,1.14019,-1.70688,0.60517,0.08616,0.46439,0.23733
36.68,2,-3.49820,2.31511,-2.67840,-0.00095,-0.00000,0.48141,
36.7,0,-4.50013,-0.33070,-1.57075,0.49444,0.00003,0.00000,
36.7,1,-4.40224,1.12814,-1.70490,0.61318,0.11046,0.46212,0.24722
36.7,2,-3.49818,2.31512,-2.67840,-0.00095,-0.00000,0.49205,
36.72,0,-4.50013,-0.34058,-1.57075,0.49444,0.00003,0.00000,
36.72,1,-4.40387,1.11594,-1.70262,0.61475,0.11251,0.45970,0.25711
36.72,2,-3.49816,2.31513,-2.67840,-0.00095,-0.00000,0.50278,
36.74,0,-4.50013,-0.35047,-1.57075,0.49444,0.00003,0.00000,
36.74,1,-4.40546,1.10388,-1.70046,0.60147,0.10502,0.45744,0.26700
36.74,2,-3.49815,2.31513,-2.67840,-0.00095,-0.00000,0.51339,
36.76,0,-4.50013,-0.36036,-1.57075,0.49444,0.00003,0.00000,
36.76,1,-4.40699,1.09215,-1.69834,0.56829,0.12973,0.45549,0.27689
36.76,2,-3.49813,2.31514,-2.67840,-0.00095,-0.00000,0.52373,
36.78,0,-4.50013,-0.37025,-1.57075,0.49444,0.00003,0.00000,
36.78,1,-4.40848,1.08055,-1.69614,0.59589,0.09671,0.45370,0.28678
36.78,2,-3.49811,2.31515,-2.67840,-0.00095,-0.00000,0.53395,
36.8,0,-4.50013,-0.38014,-1.57075,0.49444,0.00003,0.00000,
36.8,1,-4.40998,1.06869,-1.69430,0.59437,0.09209,0.45163,0.29667
36.8,2,-3.49810,2.31516,-2.67840,-0.00095,-0.00000,0.54441,
36.82,0,-4.50012,-0.39003,-1.57075,0.49444,0.00003,0.00000,
36.82,1,-4.41142,1.05710,-1.69241,0.57589,0.09523,0.44984,0.30656
36.82,2,-3.49950,2.31466,-2.67849,0.24707,-0.01039,0.55341,0.00580
36.84,0,-4.50012,-0.39992,-1.57075,0.49444,0.00002,0.00000,
36.84,1,-4.41280,1.04581,-1.69053,0.56342,0.09254,0.44837,0.31644
36.84,2,-3.50311,2.31323,-2.68130,0.16901,-0.18127,0.56009,0.01716
36.86,0,-4.50012,-0.40981,-1.57075,0.49444,0.00002,0.00000,
36.86,1,-4.41409,1.03604,-1.68964,0.49989,0.08181,0.44841,0.32633
36.86,2,-3.50615,2.31199,-2.68492,0.14436,-0.17639,0.56601,0.02702
36.88,0,-4.50012,-0.41970,-1.57075,0.49444,0.00002,0.00000,
36.88,1,-4.41533,1.02591,-1.68752,0.51478,0.11073,0.44809,0.33622
36.88,2,-3.50934,2.31050,-2.68376,0.28671,0.43200,0.57194,0.03723
36.9,0,-4.50012,-0.42958,-1.57075,0.49444,0.00002,0.00000,
36.9,1,-4.41652,1.01611,-1.68516,0.49258,0.10913,0.44811,0.34611
36.9,2,-3.51793,2.30636,-2.67212,0.55427,0.25779,0.57232,0.04710
36.92,0,-4.50012,-0.43947,-1.57075,0.49444,0.00002,0.00000,
36.92,1,-4.41771,1.00224,-1.68042,0.70757,0.28997,0.44407,0.00989
36.92,2,-3.52787,2.30173,-2.67061,0.54800,0.25249,0.57495,0.06101
36.94,0,-4.50012,-0.44936,-1.57075,0.49444,0.00002,0.00000,
36.94,1,-4.41890,0.98862,-1.67411,0.68385,0.31519,0.44027,0.01978
36.94,2,-3.53882,2.29611,-2.65589,0.64598,0.77658,0.57610,0.07468
36.96,0,-4.50012,-0.45925,-1.57075,0.49444,0.00002,0.00000,
36.96,1,-4.42020,0.97463,-1.66937,0.73394,0.13188,0.43610,0.02967
36.96,2,-3.55086,2.28985,-2.64067,0.70560,0.83660,0.57657,0.08873
36.98,0,-4.50012,-0.46914,-1.57075,0.49444,0.00002,0.00000,
36.98,1,-4.42171,0.95923,-1.66820,0.79734,0.03365,0.43052,0.03956
36.98,2,-3.56349,2.28285,-2.62224,0.75084,1.02952,0.57750,0.10420
37.0,0,-4.50012,-0.47903,-1.57075,0.49444,0.00002,0.00000,
37.0,1,-4.42327,0.94325,-1.66714,0.80006,0.07439,0.42435,0.04944
37.0,2,-3.57658,2.27523,-2.60267,0.77339,0.97092,0.57831,0.12026
37.02,0,-4.50012,-0.48892,-1.57075,0.49444,0.00002,0.00000,
37.02,1,-4.42479,0.92767,-1.66517,0.78748,0.09521,0.41859,0.05933
37.02,2,-3.58998,2.26719,-2.58409,0.78185,0.88958,0.57836,0.13591
37.04,0,-4.50012,-0.49881,-1.57074,0.49444,0.00002,0.00000,
37.04,1,-4.42632,0.91168,-1.66351,0.81122,0.07722,0.41242,0.06922
37.04,2,-3.60314,2.25900,-2.56691,0.76876,0.84339,0.57888,0.15197
37.06,0,-4.50012,-0.50870,-1.57074,0.49444,0.00002,0.00000,
37.06,1,-4.42782,0.89552,-1.66197,0.80959,0.07782,0.40608,0.07911
37.06,2,-3.61598,2.25069,-2.55015,0.76310,0.83409,0.57974,0.16820
37.08,0,-4.50012,-0.51858,-1.57074,0.49444,0.00002,0.00000,
37.08,1,-4.42929,0.87948,-1.66040,0.80209,0.07839,0.39986,0.08900
37.08,2,-3.62868,2.24217,-2.53368,0.76665,0.81253,0.58047,0.18430
37.1,0,-4.50012,-0.52847,-1.57074,0.49444,0.00002,0.00000,
37.1,1,-4.43072,0.86377,-1.65904,0.74287,0.03366,0.39397,0.09889
37.1,2,-3.64131,2.23339,-2.51775,0.77048,0.78324,0.58084,0.20008
37.12,0,-4.50012,-0.53836,-1.57074,0.49444,0.00001,0.00000,
37.12,1,-4.43209,0.84880,-1.65780,0.76039,0.08112,0.38882,0.10878
37.12,2,-3.65383,2.22439,-2.50236,0.77153,0.75932,0.58049,0.21512
37.14,0,-4.50012,-0.54825,-1.57074,0.49444,0.00001,0.00000,
37.14,1,-4.43344,0.83350,-1.65610,0.77154,0.08120,0.38336,0.11867
37.14,2,-3.66622,2.21519,-2.48741,0.77172,0.73759,0.58041,0.23047
37.16,0,-4.50012,-0.55814,-1.57074,0.49444,0.00001,0.00000,
37.16,1,-4.43476,0.81852,-1.65437,0.75170,0.07845,0.37821,0.12856
37.16,2,-3.67848,2.20580,-2.47290,0.77241,0.71557,0.58003,0.24551
37.18,0,-4.50012,-0.56803,-1.57074,0.49444,0.00001,0.00000,
37.18,1,-4.43603,0.80362,-1.65321,0.72843,0.05148,0.37315,0.13844
37.18,2,-3.69061,2.19621,-2.45882,0.77344,0.69444,0.57955,0.26046
37.2,0,-4.50012,-0.57792,-1.57074,0.49444,0.00001,0.00000,
37.2,1,-4.43718,0.79058,-1.65277,0.58958,-0.00474,0.36995,0.14833
37.2,2,-3.70262,2.18645,-2.44516,0.77440,0.67413,0.57735,0.27355
37.22,0,-4.50011,-0.58781,-1.57074,0.49444,0.00001,0.00000,
37.22,1,-4.43824,0.77868,-1.65255,0.60557,0.02566,0.36789,0.15822
37.22,2,-3.71451,2.17651,-2.43189,0.77518,0.65443,0.57407,0.28550
37.24,0,-4.50011,-0.59770,-1.57074,0.49444,0.00001,0.00000,
37.24,1,-4.43925,0.76648,-1.65144,0.61395,0.07205,0.36553,0.16811
37.24,2,-3.72628,2.16640,-2.41902,0.77590,0.63540,0.57102,0.29774
37.26,0,-4.50011,-0.60758,-1.57074,0.49444,0.00001,0.00000,
37.26,1,-4.44022,0.75436,-1.65000,0.60051,0.06780,0.36326,0.17800
37.26,2,-3.73793,2.15614,-2.40651,0.77657,0.61722,0.56786,0.30989
37.28,0,-4.50011,-0.61747,-1.57074,0.49444,0.00001,0.00000,
37.28,1,-4.44115,0.74257,-1.64878,0.58507,0.05704,0.36132,0.18789
37.28,2,-3.74946,2.14572,-2.39436,0.77719,0.59931,0.56437,0.32172
37.3,0,-4.50011,-0.62736,-1.57074,0.49444,0.00001,0.00000,
37.3,1,-4.44205,0.73101,-1.64766,0.57638,0.05629,0.35961,0.19778
37.3,2,-3.76086,2.13515,-2.38257,0.77775,0.58181,0.56065,0.33332
37.32,0,-4.50011,-0.63725,-1.57074,0.49444,0.00001,0.00000,
37.32,1,-4.44293,0.71959,-1.64652,0.56967,0.05645,0.35804,0.20767
37.32,2,-3.77197,2.12465,-2.37133,0.74339,0.53932,0.55704,0.34477
37.34,0,-4.50011,-0.64714,-1.57074,0.49444,0.00001,0.00000,
37.34,1,-4.44379,0.70831,-1.64542,0.56142,0.05436,0.35662,0.21756
37.34,2,-3.78267,2.11430,-2.36036,0.74613,0.55387,0.55367,0.35607
37.36,0,-4.50011,-0.65703,-1.57074,0.49444,0.00001,0.00000,
37.36,1,-4.44462,0.69722,-1.64435,0.55244,0.05209,0.35538,0.22744
37.36,2,-3.79319,2.10385,-2.34991,0.72567,0.45218,0.55016,0.36720
37.38,0,-4.50011,-0.66692,-1.57074,0.49444,0.00001,0.00000,
37.38,1,-4.44542,0.68629,-1.64333,0.54394,0.05042,0.35431,0.23733
37.38,2,-3.80392,2.09293,-2.33981,0.79174,0.53344,0.54602,0.37815
37.4,0,-4.50011,-0.67681,-1.57074,0.49444,0.00001,0.00000,
37.4,1,-4.44620,0.67578,-1.64249,0.49590,0.02718,0.35366,0.24722
37.4,2,-3.81508,2.08140,-2.32924,0.80335,0.51406,0.54081,0.38870
37.42,0,-4.50011,-0.68669,-1.57074,0.49444,0.00001,0.00000,
37.42,1,-4.44694,0.66580,-1.64162,0.50414,0.05315,0.35354,0.25711
37.42,2,-3.82571,2.07018,-2.31934,0.73046,0.48575,0.53565,0.39870
37.44,0,-4.50011,-0.69658,-1.57074,0.49444,0.00001,0.00000,
37.44,1,-4.44766,0.65574,-1.64055,0.50213,0.05086,0.35334,0.26700
37.44,2,-3.83499,2.06020,-2.30986,0.65326,0.46188,0.53228,0.40878
37.46,0,-4.50011,-0.70647,-1.57074,0.49444,0.00001,0.00000,
37.46,1,-4.44836,0.64584,-1.63963,0.49055,0.04273,0.35330,0.27689
37.46,2,-3.84293,2.05180,-2.30265,0.56227,0.33134,0.53077,0.41870
37.48,0,-4.50011,-0.71636,-1.57074,0.49444,0.00001,0.00000,
37.48,1,-4.44903,0.63617,-1.63880,0.48064,0.04157,0.35349,0.28678
37.48,2,-3.85068,2.04334,-2.29572,0.58426,0.38911,0.52910,0.42840
37.5,0,-4.50011,-0.72625,-1.57074,0.49444,0.00001,0.00000,
37.5,1,-4.44967,0.62665,-1.63796,0.47415,0.04175,0.35384,0.29667
37.5,2,-3.85834,2.03462,-2.28752,0.56706,0.39000,0.52711,0.43793
37.52,0,-4.50011,-0.73614,-1.57074,0.49444,0.00001,0.00000,
37.52,1,-4.45031,0.61726,-1.63714,0.46790,0.04037,0.35431,0.30656
37.52,2,-3.86628,2.02545,-2.27907,0.62885,0.43500,0.52449,0.44735
37.54,0,-4.50011,-0.74603,-1.57074,0.49444,0.00001,0.00000,
37.54,1,-4.45092,0.60800,-1.63635,0.46078,0.03867,0.35492,0.31644
37.54,2,-3.87444,2.01591,-2.27059,0.61825,0.41060,0.52137,0.45662
37.56,0,-4.50011,-0.75592,-1.57074,0.49444,0.00001,0.00000,
37.56,1,-4.45152,0.59888,-1.63559,0.45357,0.03736,0.35567,0.32633
37.56,2,-3.88218,2.00673,-2.26268,0.58794,0.38627,0.51861,0.46576
37.58,0,-4.50010,-0.76581,-1.57074,0.49444,0.00001,0.00000,
37.58,1,-4.45210,0.59024,-1.63502,0.41537,0.02454,0.35690,0.33622
37.58,2,-3.88943,1.99805,-2.25552,0.54731,0.34215,0.51609,0.47441
37.6,0,-4.50010,-0.77569,-1.57074,0.49444,0.00001,0.00000,
37.6,1,-4.45265,0.58187,-1.63432,0.42207,0.04075,0.35839,0.34611
37.6,2,-3.89640,1.98957,-2.24812,0.55045,0.38313,0.51361,0.48280
37.62,0,-4.50010,-0.78558,-1.57074,0.49444,0.00001,0.00000,
37.62,1,-4.45319,0.57347,-1.63353,0.41767,0.03656,0.35987,0.35600
37.62,2,-3.90304,1.98145,-2.24126,0.52369,0.36331,0.51164,0.49121
37.64,0,-4.50010,-0.79547,-1.57074,0.49444,0.00001,0.00000,
37.64,1,-4.45371,0.56525,-1.63286,0.40766,0.03140,0.36151,0.36589
37.64,2,-3.90953,1.97330,-2.23400,0.51784,0.35412,0.50955,0.49945
37.66,0,-4.50010,-0.80536,-1.57074,0.49444,0.00001,0.00000,
37.66,1,-4.45421,0.55720,-1.63224,0.40024,0.03100,0.36333,0.37578
37.66,2,-3.91585,1.96523,-2.22724,0.50815,0.32662,0.50744,0.50752
37.68,0,-4.50010,-0.81525,-1.57074,0.49444,0.00001,0.00000,
37.68,1,-4.45469,0.54927,-1.63162,0.39509,0.03089,0.36527,0.38567
37.68,2,-3.92192,1.95736,-2.22072,0.50026,0.32341,0.50551,0.51546
37.7,0,-4.50010,-0.82514,-1.57074,0.49444,0.00001,0.00000,
37.7,1,-4.45517,0.54144,-1.63102,0.38967,0.02973,0.36731,0.39555
37.7,2,-3.92819,1.94911,-2.21443,0.52560,0.30898,0.50308,0.52330
37.72,0,-4.50010,-0.83503,-1.57074,0.49444,0.00000,0.00000,
37.72,1,-4.45564,0.53372,-1.63044,0.38364,0.02851,0.36947,0.40544
37.72,2,-3.93467,1.94032,-2.20500,0.54402,0.88948,0.49998,0.00385
37.74,0,-4.50010,-0.84492,-1.57074,0.49444,0.00000,0.00000,
37.74,1,-4.45609,0.52613,-1.62988,0.37767,0.02755,0.37175,0.41533
37.74,2,-3.94098,1.93166,-2.18509,0.53565,0.99582,0.49695,0.01146
37.76,0,-4.50010,-0.85481,-1.57074,0.49444,0.00000,0.00000,
37.76,1,-4.45653,0.51865,-1.62934,0.37200,0.02666,0.37415,0.42522
37.76,2,-3.94775,1.92246,-2.17081,0.62699,0.42503,0.49316,0.01895
37.78,0,-4.50010,-0.86469,-1.57074,0.49444,0.00000,0.00000,
37.78,1,-4.45696,0.51135,-1.62884,0.33613,0.00957,0.37672,0.43511
37.78,2,-3.95556,1.91119,-2.16203,0.75353,0.43958,0.48693,0.02626
37.8,0,-4.50010,-0.87458,-1.57074,0.49444,0.00000,0.00000,
37.8,1,-4.45737,0.50501,-1.62863,0.32515,0.02491,0.38026,0.44500
37.8,2,-3.96423,1.89821,-2.15174,0.79942,0.53178,0.47789,0.03261
37.82,0,-4.50010,-0.88447,-1.57074,0.49444,0.00000,0.00000,
37.82,1,-4.45776,0.49842,-1.62800,0.33091,0.03190,0.38354,0.45489
37.82,2,-3.97317,1.88453,-2.14185,0.81982,0.47372,0.46837,0.03921
37.84,0,-4.50010,-0.89436,-1.57074,0.49444,0.00000,0.00000,
37.84,1,-4.45813,0.49208,-1.62737,0.30013,0.03448,0.38708,0.46478
37.84,2,-3.98189,1.87091,-2.13252,0.79782,0.46332,0.45876,0.04557
37.86,0,-4.50010,-0.90425,-1.57074,0.49444,0.00000,0.00000,
37.86,1,-4.45851,0.48549,-1.62693,0.34817,0.01636,0.39036,0.47467
37.86,2,-3.99029,1.85755,-2.12331,0.78523,0.45752,0.44975,0.05217
37.88,0,-4.50010,-0.91414,-1.57074,0.49444,0.00000,0.00000,
37.88,1,-4.45890,0.47851,-1.62658,0.34435,0.01936,0.39326,0.48455
37.88,2,-3.99854,1.84417,-2.11425,0.78824,0.44891,0.44116,0.05916
37.9,0,-4.50010,-0.92403,-1.57074,0.49444,0.00000,0.00000,
37.9,1,-4.45927,0.47187,-1.62615,0.32378,0.02250,0.39649,0.49444
37.9,2,-4.00673,1.83062,-2.10540,0.79315,0.43642,0.43214,0.06581
37.92,0,-4.50010,-0.93392,-1.57074,0.49444,0.00000,0.00000,
37.92,1,-4.45963,0.46962,-1.62372,0.04291,0.19131,0.40412,
37.92,2,-4.01482,1.81696,-2.09683,0.79400,0.42253,0.41887,0.06808
37.94,0,-4.50009,-0.94381,-1.57074,0.49444,0.00000,0.00000,
37.94,1,-4.46005,0.46943,-1.62041,-0.01467,0.15535,0.41380,
37.94,2,-4.02276,1.80328,-2.08852,0.77841,0.40981,0.40371,0.06830
37.96,0,-4.50009,-0.95369,-1.57074,0.49444,0.00000,0.00000,
37.96,1,-4.46030,0.47023,-1.61748,-0.05445,0.13200,0.42448,
37.96,2,-4.02983,1.79138,-2.08307,0.64269,0.29941,0.38951,0.06751
37.98,0,-4.50009,-0.96358,-1.57074,0.49444,0.00000,0.00000,
37.98,1,-4.46019,0.47137,-1.61617,-0.05768,0.01445,0.43551,
37.98,2,-4.03613,1.78031,-2.07640,0.63324,0.35029,0.37592,0.06637
38.0,0,-4.50009,-0.97347,-1.57074,0.49444,0.00000,0.00000,
38.0,1,-4.46018,0.47229,-1.61632,-0.02345,-0.00912,0.44632,
38.0,2,-4.04222,1.76936,-2.06893,0.62094,0.38166,0.36274,0.06545
38.02,0,-4.50009,-0.98336,-1.57074,0.49444,0.00000,0.00000,
38.02,1,-4.46021,0.47242,-1.61644,0.00198,-0.00453,0.45633,
38.02,2,-4.04809,1.75856,-2.06151,0.60949,0.36030,0.35056,0.06532
38.04,0,-4.50009,-0.99325,-1.57074,0.49444,0.00000,0.00000,
38.04,1,-4.46024,0.47232,-1.61654,0.00662,-0.00766,0.46611,
38.04,2,-4.05379,1.74790,-2.05449,0.60048,0.34516,0.33877,0.06542
38.06,0,-4.50009,-1.00314,-1.57074,0.49444,0.00000,0.00000,
38.06,1,-4.46026,0.47217,-1.61668,0.00819,-0.00473,0.47584,
38.06,2,-4.05933,1.73735,-2.04767,0.59224,0.33826,0.32719,0.06558
38.08,0,-4.50009,-1.01303,-1.57074,0.49444,0.00000,0.00000,
38.08,1,-4.46027,0.47202,-1.61671,0.00663,0.00008,0.48558,
38.08,2,-4.06473,1.72691,-2.04101,0.58371,0.32804,0.31575,0.06573
38.1,0,-4.50009,-1.02292,-1.57074,0.49444,0.00000,0.00000,
38.1,1,-4.46027,0.47190,-1.61670,0.00560,0.00103,0.49535,
38.1,2,-4.06997,1.71659,-2.03458,0.57497,0.31593,0.30445,0.06585
38.12,0,-4.50009,-1.03281,-1.57074,0.49444,0.00000,0.00000,
38.12,1,-4.46028,0.47179,-1.61668,0.00577,0.00031,0.50512,
38.12,2,-4.07508,1.70639,-2.02838,0.56637,0.30507,0.29330,0.06596
38.14,0,-4.50009,-1.04269,-1.57074,0.49444,0.00000,0.00000,
38.14,1,-4.46028,0.47167,-1.61668,0.00612,-0.00012,0.51488,
38.14,2,-4.07998,1.69663,-2.02331,0.52782,0.23906,0.28264,0.06608
38.16,0,-4.50009,-1.05258,-1.57074,0.49444,0.00000,0.00000,
38.16,1,-4.46029,0.47154,-1.61669,0.00617,-0.00010,0.52465,
38.16,2,-4.08465,1.68714,-2.01724,0.53011,0.32891,0.27231,0.06620
38.18,0,-4.50009,-1.06247,-1.57074,0.49444,0.00000,0.00000,
38.18,1,-4.46029,0.47142,-1.61669,0.00608,-0.00001,0.53441,
38.18,2,-4.08922,1.67762,-2.01105,0.52481,0.28586,0.26198,0.06632
38.2,0,-4.50009,-1.07236,-1.57074,0.49444,0.00000,0.00000,
38.2,1,-4.46030,0.47130,-1.61669,0.00604,0.00002,0.54417,
38.2,2,-4.09365,1.66823,-2.00575,0.51389,0.25470,0.25183,0.06645
38.22,0,-4.50009,-1.08225,-1.57074,0.49444,0.00000,0.00000,
38.22,1,-4.46031,0.47118,-1.61669,0.00606,0.00001,0.55394,
38.22,2,-4.09794,1.65901,-2.00068,0.50465,0.25476,0.24187,0.06657
38.24,0,-4.50009,-1.09214,-1.57074,0.49444,0.00000,0.00000,
38.24,1,-4.46031,0.47106,-1.61669,0.00607,-0.00000,0.56370,
38.24,2,-4.10211,1.64990,-1.99560,0.49784,0.25180,0.23206,0.06669
38.26,0,-4.50009,-1.10203,-1.57074,0.49444,0.00000,0.00000,
38.26,1,-4.46032,0.47094,-1.61669,0.00607,-0.00000,0.57347,
38.26,2,-4.10614,1.64119,-1.99147,0.46401,0.19310,0.22268,0.06681
38.28,0,-4.50008,-1.11192,-1.57074,0.49444,0.00000,0.00000,
38.28,1,-4.46032,0.47087,-1.61669,0.00116,0.00003,0.58328,
38.28,2,-4.10998,1.63271,-1.98650,0.46645,0.26984,0.21351,0.06688
38.3,0,-4.50008,-1.12181,-1.57074,0.49444,0.00000,0.00000,
38.3,1,-4.46032,0.47087,-1.61669,-0.00067,-0.00000,0.59317,
38.3,2,-4.11374,1.62422,-1.98143,0.46116,0.23381,0.20430,0.06688
38.32,0,-4.50008,-1.13169,-1.57074,0.49444,0.00000,0.00000,
38.32,1,-4.46032,0.47089,-1.61669,-0.00111,0.00000,0.60307,
38.32,2,-4.11711,1.61669,-1.97698,0.37180,0.12982,0.19610,0.00001
38.34,0,-4.50008,-1.14158,-1.57074,0.49444,0.00000,0.00000,
38.34,1,-4.46032,0.47091,-1.61669,-0.00107,-0.00002,0.61298,
38.34,2,-4.12010,1.60988,-1.97434,0.37180,0.12952,0.18870,0.00003
38.36,0,-4.50008,-1.15147,-1.57074,0.49444,0.00000,0.00000,
38.36,1,-4.46032,0.47093,-1.61669,-0.00086,-0.00001,0.62289,
38.36,2,-4.12313,1.60279,-1.96036,0.34107,0.63042,0.18102,0.00005
38.38,0,-4.50008,-1.16136,-1.57074,0.49444,0.00000,0.00000,
38.38,1,-4.46032,0.47094,-1.61669,-0.00081,0.00000,0.63279,
38.38,2,-4.12595,1.59660,-1.93937,0.27533,0.72125,0.17426,0.00007
38.4,0,-4.50008,-1.17125,-1.57074,0.49444,0.00000,0.00000,
38.4,1,-4.46032,0.47096,-1.61669,-0.00086,0.00000,0.64269,
38.4,2,-4.12737,1.59311,-1.93563,0.14141,-0.06466,0.17050,0.00008
38.42,0,-4.50008,-1.18114,-1.57074,0.49444,0.00000,0.00000,
38.42,1,-4.46032,0.46600,-1.61644,0.29288,0.03451,0.64762,0.00989
38.42,2,-4.12842,1.59059,-1.93651,0.13414,0.00093,0.17254,0.00488
38.44,0,-4.50008,-1.19103,-1.57074,0.49444,0.00000,0.00000,
38.44,1,-4.46031,0.46150,-1.61518,0.19996,0.07290,0.65300,0.01978
38.44,2,-4.12940,1.58828,-1.93494,0.14309,0.20367,0.17437,0.00938
38.46,0,-4.50008,-1.20092,-1.57074,0.49444,0.00000,0.00000,
38.46,1,-4.46029,0.45752,-1.61330,0.19283,0.21157,0.65891,0.02967
38.46,2,-4.13053,1.58541,-1.93022,0.15602,0.21726,0.17510,0.01336
38.48,0,-4.50008,-1.21081,-1.57074,0.49444,0.00000,0.00000,
38.48,1,-4.46024,0.45080,-1.60345,0.53363,0.44124,0.66208,0.03956
38.48,2,-4.13152,1.58281,-1.92643,0.12469,0.18534,0.17877,0.02008
38.5,0,-4.50008,-1.22069,-1.57074,0.49444,0.00000,0.00000,
38.5,1,-4.46047,0.43715,-1.59909,0.73472,0.11892,0.65832,0.04944
38.5,2,-4.13258,1.58000,-1.92387,0.17233,0.08922,0.18896,0.03372
38.52,0,-4.50008,-1.23058,-1.57074,0.49444,0.00000,0.00000,
38.52,1,-4.46072,0.42276,-1.59631,0.66490,0.24037,0.65381,0.05933
38.52,2,-4.13381,1.57666,-1.92194,0.17590,0.11271,0.19931,0.04811
38.54,0,-4.50008,-1.24047,-1.57074,0.49444,0.00000,0.00000,
38.54,1,-4.46068,0.40878,-1.58560,0.72864,0.59961,0.64972,0.06922
38.54,2,-4.13495,1.57356,-1.91936,0.15646,0.13498,0.20947,0.06210
38.56,0,-4.50008,-1.25036,-1.57074,0.49444,0.00000,0.00000,
38.56,1,-4.46085,0.39382,-1.58024,0.75487,0.00641,0.64465,0.07911
38.56,2,-4.13598,1.57071,-1.91676,0.14951,0.12442,0.22090,0.07705
38.58,0,-4.50008,-1.26025,-1.57074,0.49444,0.00000,0.00000,
38.58,1,-4.46110,0.37823,-1.58260,0.79019,-0.14174,0.63894,0.08900
38.58,2,-4.13700,1.56788,-1.91440,0.15149,0.11385,0.23301,0.09265
38.6,0,-4.50007,-1.27014,-1.57074,0.49444,0.00000,0.00000,
38.6,1,-4.46134,0.36269,-1.58425,0.76621,-0.03900,0.63328,0.09889
38.6,2,-4.13802,1.56502,-1.91216,0.15127,0.11076,0.24505,0.10820
38.62,0,-4.50007,-1.28003,-1.57074,0.49444,0.00000,0.00000,
38.62,1,-4.46157,0.34700,-1.58455,0.79509,-0.00676,0.62749,0.10878
38.62,2,-4.13902,1.56220,-1.90998,0.14808,0.10797,0.25728,0.12388
38.64,0,-4.50007,-1.28992,-1.57074,0.49444,0.00000,0.00000,
38.64,1,-4.46179,0.33122,-1.58480,0.80357,-0.02117,0.62159,0.11867
38.64,2,-4.13990,1.55975,-1.90850,0.11689,0.06787,0.27000,0.13967
38.66,0,-4.50007,-1.29981,-1.57074,0.49444,0.00000,0.00000,
38.66,1,-4.46202,0.31489,-1.58534,0.82060,-0.02887,0.61515,0.12856
38.66,2,-4.14072,1.55744,-1.90625,0.12564,0.12949,0.28341,0.15599
38.68,0,-4.50007,-1.30969,-1.57074,0.49444,0.00000,0.00000,
38.68,1,-4.46226,0.29857,-1.58587,0.81115,-0.02379,0.60871,0.13844
38.68,2,-4.14155,1.55507,-1.90389,0.12373,0.10382,0.29678,0.17232
38.7,0,-4.50007,-1.31958,-1.57074,0.49444,0.00000,0.00000,
38.7,1,-4.46250,0.28245,-1.58631,0.80333,-0.02120,0.60247,0.14833
38.7,2,-4.14234,1.55279,-1.90207,0.11872,0.08546,0.31006,0.18844
38.72,0,-4.50007,-1.32947,-1.57074,0.49444,0.00000,0.00000,
38.72,1,-4.46274,0.26717,-1.58626,0.75207,0.01377,0.59708,0.00989
38.72,2,-4.14310,1.55057,-1.90036,0.11640,0.08670,0.32260,0.20372
38.74,0,-4.50007,-1.33936,-1.57074,0.49444,0.00000,0.00000,
38.74,1,-4.46299,0.25191,-1.58623,0.77107,-0.01162,0.59170,0.01978
38.74,2,-4.14385,1.54838,-1.89861,0.11550,0.08675,0.33517,0.21898
38.76,0,-4.50007,-1.34925,-1.57074,0.49444,0.00000,0.00000,
38.76,1,-4.46323,0.23643,-1.58664,0.77453,-0.02308,0.58610,0.02967
38.76,2,-4.14458,1.54626,-1.89667,0.11878,0.08383,0.34803,0.23447
38.78,0,-4.50007,-1.35914,-1.57074,0.49444,0.00000,0.00000,
38.78,1,-4.46348,0.22114,-1.58702,0.78133,-0.01779,0.58070,0.03956
38.78,2,-4.14538,1.54389,-1.89522,0.12631,0.06936,0.36047,0.24976
38.8,0,-4.50007,-1.36903,-1.57074,0.49444,0.00000,0.00000,
38.8,1,-4.46374,0.20541,-1.58732,0.78724,-0.01360,0.57485,0.04944
38.8,2,-4.14616,1.54156,-1.89377,0.11938,0.07544,0.37338,0.26549
38.82,0,-4.50007,-1.37892,-1.57074,0.49444,0.00000,0.00000,
38.82,1,-4.46401,0.18923,-1.58763,0.82007,-0.01615,0.56856,0.05933
38.82,2,-4.14690,1.53937,-1.89225,0.11399,0.07523,0.38688,0.28167
38.84,0,-4.50007,-1.38881,-1.57074,0.49444,0.00000,0.00000,
38.84,1,-4.46428,0.17285,-1.58794,0.81522,-0.01505,0.56206,0.06922
38.84,2,-4.14761,1.53721,-1.89079,0.11317,0.07051,0.40064,0.29806
38.86,0,-4.50007,-1.39869,-1.57074,0.49444,0.00000,0.00000,
38.86,1,-4.46456,0.15668,-1.58823,0.80403,-0.01401,0.55578,0.07911
38.86,2,-4.14832,1.53507,-1.88942,0.11268,0.06725,0.41420,0.31423
38.88,0,-4.50007,-1.40858,-1.57074,0.49444,0.00000,0.00000,
38.88,1,-4.46484,0.14075,-1.58853,0.74317,-0.02364,0.54974,0.08900
38.88,2,-4.14902,1.53295,-1.88810,0.11092,0.06512,0.42757,0.33015
38.9,0,-4.50007,-1.41847,-1.57074,0.49444,0.00000,0.00000,
38.9,1,-4.46511,0.12572,-1.58888,0.76079,-0.01326,0.54459,0.09889
38.9,2,-4.14971,1.53086,-1.88682,0.10888,0.06279,0.44010,0.34519
38.92,0,-4.50007,-1.42836,-1.57074,0.49444,0.00000,0.00000,
38.92,1,-4.46540,0.11034,-1.58910,0.77404,-0.01032,0.53909,0.10878
38.92,2,-4.15065,1.52714,-1.88551,0.43819,0.07991,0.45135,0.00773
38.94,0,-4.50006,-1.43825,-1.57074,0.49444,0.00000,0.00000,
38.94,1,-4.46568,0.09503,-1.58930,0.75861,-0.01015,0.53367,0.11867
38.94,2,-4.15237,1.51969,-1.88034,0.34806,0.36212,0.45870,0.02303
38.96,0,-4.50006,-1.44814,-1.57074,0.49444,0.00000,0.00000,
38.96,1,-4.46597,0.07941,-1.58956,0.79551,-0.01405,0.52792,0.12856
38.96,2,-4.15407,1.51311,-1.87273,0.30727,0.44683,0.46724,0.03866
38.98,0,-4.50006,-1.45803,-1.57074,0.49444,0.00000,0.00000,
38.98,1,-4.46627,0.06358,-1.58980,0.80889,-0.01288,0.52198,0.13844
38.98,2,-4.15575,1.50758,-1.86427,0.30773,0.19804,0.47701,0.05449
39.0,0,-4.50006,-1.46792,-1.57074,0.49444,0.00000,0.00000,
39.0,1,-4.46659,0.04721,-1.59006,0.82002,-0.01201,0.51550,0.14833
39.0,2,-4.15864,1.49878,-1.86619,0.62973,-0.16057,0.48387,0.07086
39.02,0,-4.50006,-1.47780,-1.57074,0.49444,0.00000,0.00000,
39.02,1,-4.46690,0.03094,-1.59028,0.80830,-0.01069,0.50911,0.15822
39.02,2,-4.16284,1.48472,-1.86494,0.80422,0.17602,0.48524,0.08714
39.04,0,-4.50006,-1.48769,-1.57074,0.49444,0.00000,0.00000,
39.04,1,-4.46721,0.01487,-1.59049,0.80158,-0.01054,0.50292,0.16811
39.04,2,-4.16747,1.46927,-1.85861,0.78450,0.39156,0.48497,0.10321
39.06,0,-4.50006,-1.49758,-1.57074,0.49444,0.00000,0.00000,
39.06,1,-4.46753,-0.00071,-1.59078,0.74655,-0.01810,0.49723,0.17800
39.06,2,-4.17214,1.45393,-1.85468,0.81303,0.08068,0.48433,0.11879
39.08,0,-4.50006,-1.50747,-1.57074,0.49444,0.00000,0.00000,
39.08,1,-4.46784,-0.01585,-1.59101,0.76642,-0.00774,0.49196,0.18789
39.08,2,-4.17675,1.43826,-1.85332,0.81628,0.08992,0.48297,0.13394
39.1,0,-4.50006,-1.51736,-1.57074,0.49444,0.00000,0.00000,
39.1,1,-4.46815,-0.03129,-1.59115,0.77405,-0.00749,0.48641,0.19778
39.1,2,-4.18127,1.42267,-1.85070,0.80834,0.15542,0.48199,0.14938
39.12,0,-4.50006,-1.52725,-1.57074,0.49444,0.00000,0.00000,
39.12,1,-4.46847,-0.04654,-1.59129,0.77229,-0.00931,0.48104,0.20767
39.12,2,-4.18569,1.40750,-1.84674,0.75273,0.31542,0.48128,0.00763
39.14,0,-4.50006,-1.53714,-1.57074,0.49444,0.00000,0.00000,
39.14,1,-4.46879,-0.06218,-1.59148,0.78557,-0.00889,0.47529,0.21756
39.14,2,-4.18991,1.39285,-1.83896,0.77066,0.33817,0.48151,0.02326
39.16,0,-4.50006,-1.54703,-1.57074,0.49444,0.00000,0.00000,
39.16,1,-4.46913,-0.07805,-1.59169,0.77385,-0.01036,0.46930,0.22744
39.16,2,-4.19406,1.37787,-1.83481,0.78017,0.12397,0.48168,0.03914
39.18,0,-4.50006,-1.55692,-1.57074,0.49444,0.00000,0.00000,
39.18,1,-4.46943,-0.09237,-1.59189,0.63003,-0.01794,0.46486,0.23733
39.18,2,-4.19814,1.36285,-1.83270,0.77568,0.11402,0.48029,0.05347
39.2,0,-4.50006,-1.56680,-1.57074,0.49444,0.00000,0.00000,
39.2,1,-4.46971,-0.10327,-1.59252,0.54244,-0.03573,0.46384,0.24722
39.2,2,-4.20215,1.34807,-1.82938,0.77924,0.15882,0.47580,0.06437
39.22,0,-4.50006,-1.57669,-1.57074,0.49444,0.00000,0.00000,
39.22,1,-4.47000,-0.11451,-1.59323,0.58151,-0.02284,0.46249,0.25711
39.22,2,-4.20623,1.33270,-1.82595,0.80121,0.24211,0.47105,0.00573
39.24,0,-4.50006,-1.58658,-1.57074,0.49444,0.00000,0.00000,
39.24,1,-4.47025,-0.12611,-1.59334,0.58196,0.00291,0.46077,0.26700
39.24,2,-4.21026,1.31723,-1.82091,0.79596,0.21935,0.46657,0.01733
39.26,0,-4.50006,-1.59647,-1.57074,0.49444,0.00000,0.00000,
39.26,1,-4.47052,-0.13838,-1.59336,0.62624,-0.00498,0.45839,0.27689
39.26,2,-4.21419,1.30189,-1.81766,0.78914,0.12874,0.46290,0.02960
39.28,0,-4.50005,-1.60636,-1.57074,0.49444,0.00000,0.00000,
39.28,1,-4.47080,-0.15070,-1.59350,0.60324,-0.00689,0.45595,0.28678
39.28,2,-4.21804,1.28660,-1.81520,0.78834,0.12698,0.45936,0.04193
39.3,0,-4.50005,-1.61625,-1.57074,0.49444,0.00000,0.00000,
39.3,1,-4.47107,-0.16244,-1.59361,0.57608,-0.00480,0.45410,0.29667
39.3,2,-4.22186,1.27129,-1.81247,0.79014,0.14184,0.45522,0.05367
39.32,0,-4.50005,-1.62614,-1.57074,0.49444,0.00000,0.00000,
39.32,1,-4.47133,-0.17385,-1.59370,0.56834,-0.00422,0.45258,0.30656
39.32,2,-4.22564,1.25593,-1.80966,0.79101,0.13749,0.45073,0.06508
39.34,0,-4.50005,-1.63603,-1.57074,0.49444,0.00000,0.00000,
39.34,1,-4.47159,-0.18518,-1.59379,0.56528,-0.00453,0.45112,0.31644
39.34,2,-4.22939,1.24056,-1.80701,0.79075,0.12919,0.44617,0.07642
39.36,0,-4.50005,-1.64592,-1.57074,0.49444,0.00000,0.00000,
39.36,1,-4.47184,-0.19640,-1.59388,0.55739,-0.00450,0.44979,0.32633
39.36,2,-4.23309,1.22519,-1.80447,0.79044,0.12521,0.44151,0.08764
39.38,0,-4.50005,-1.65580,-1.57074,0.49444,0.00000,0.00000,
39.38,1,-4.47209,-0.20681,-1.59406,0.51410,-0.00636,0.44926,0.33622
39.38,2,-4.23675,1.20981,-1.80200,0.79046,0.12237,0.43604,0.09806
39.4,0,-4.50005,-1.66569,-1.57074,0.49444,0.00000,0.00000,
39.4,1,-4.47234,-0.21717,-1.59411,0.51926,-0.00125,0.44879,0.34611
39.4,2,-4.24037,1.19442,-1.79959,0.79058,0.11875,0.43052,0.10841
39.42,0,-4.50005,-1.67558,-1.57074,0.49444,0.00000,0.00000,
39.42,1,-4.47258,-0.23147,-1.59391,0.78851,-0.04145,0.44437,0.00989
39.42,2,-4.24396,1.17902,-1.79726,0.79064,0.11502,0.42890,0.12272
39.44,0,-4.50005,-1.68547,-1.57074,0.49444,0.00000,0.00000,
39.44,1,-4.47283,-0.24482,-1.59420,0.64420,-0.01091,0.44091,0.01978
39.44,2,-4.24751,1.16361,-1.79499,0.79064,0.11160,0.42634,0.13607
39.46,0,-4.50005,-1.69536,-1.57074,0.49444,0.00000,0.00000,
39.46,1,-4.47294,-0.25761,-1.59243,0.56789,0.10568,0.43801,0.02967
39.46,2,-4.25102,1.14819,-1.79280,0.79065,0.10836,0.42321,0.14886
39.48,0,-4.50005,-1.70525,-1.57074,0.49444,0.00000,0.00000,
39.48,1,-4.47322,-0.27019,-1.59481,0.66445,-0.32545,0.43531,0.03956
39.48,2,-4.25450,1.13277,-1.79067,0.79067,0.10518,0.41990,0.16144
39.5,0,-4.50005,-1.71514,-1.57074,0.49444,0.00000,0.00000,
39.5,1,-4.47359,-0.28291,-1.59777,0.63919,0.01477,0.43247,0.04944
39.5,2,-4.25795,1.11734,-1.78860,0.79069,0.10209,0.41676,0.17417
39.52,0,-4.50005,-1.72503,-1.57074,0.49444,0.00000,0.00000,
39.52,1,-4.47409,-0.29629,-1.59955,0.71252,-0.11141,0.42897,0.00989
39.52,2,-4.26137,1.10190,-1.78659,0.79071,0.09912,0.41428,0.18755
39.54,0,-4.50005,-1.73492,-1.57074,0.49444,0.00000,0.00000,
39.54,1,-4.47455,-0.31162,-1.60032,0.79953,0.01929,0.42352,0.01978
39.54,2,-4.26476,1.08645,-1.78464,0.79073,0.09626,0.41372,0.20289
39.56,0,-4.50005,-1.74480,-1.57074,0.49444,0.00000,0.00000,
39.56,1,-4.47502,-0.32775,-1.59940,0.80318,0.05058,0.41727,0.02967
39.56,2,-4.26811,1.07100,-1.78274,0.78630,0.09348,0.41398,0.21903
39.58,0,-4.50005,-1.75469,-1.57074,0.49444,0.00000,0.00000,
39.58,1,-4.47547,-0.34338,-1.59858,0.78448,0.02869,0.41153,0.03956
39.58,2,-4.27124,1.05648,-1.78090,0.70094,0.09045,0.41468,0.23467
39.6,0,-4.50004,-1.76458,-1.57074,0.49444,0.00000,0.00000,
39.6,1,-4.47591,-0.35934,-1.59822,0.80516,0.01350,0.40545,0.04944
39.6,2,-4.27401,1.04355,-1.77933,0.60024,-0.00859,0.41734,0.25062
39.62,0,-4.50004,-1.77447,-1.57074,0.49444,0.00000,0.00000,
39.62,1,-4.47635,-0.37544,-1.59790,0.80324,0.01892,0.39924,0.05933
39.62,2,-4.27659,1.03245,-1.77979,0.58170,-0.00784,0.42199,0.26673
39.64,0,-4.50004,-1.78436,-1.57074,0.49444,0.00000,0.00000,
39.64,1,-4.47679,-0.39141,-1.59748,0.79649,0.02148,0.39314,0.06922
39.64,2,-4.27914,1.02075,-1.77910,0.60927,0.07551,0.42593,0.28272
39.66,0,-4.50004,-1.79425,-1.57074,0.49444,0.00000,0.00000,
39.66,1,-4.47721,-0.40731,-1.59707,0.79510,0.01959,0.38712,0.07911
39.66,2,-4.28166,1.00884,-1.77711,0.60441,0.10498,0.42959,0.29862
39.68,0,-4.50004,-1.80414,-1.57074,0.49444,0.00000,0.00000,
39.68,1,-4.47763,-0.42323,-1.59670,0.79669,0.01831,0.38109,0.08900
39.68,2,-4.28410,0.99722,-1.77524,0.58484,0.08369,0.43357,0.31454
39.7,0,-4.50004,-1.81403,-1.57074,0.49444,0.00000,0.00000,
39.7,1,-4.47804,-0.43917,-1.59634,0.79754,0.01804,0.37503,0.09889
39.7,2,-4.28644,0.98591,-1.77369,0.57285,0.07492,0.43790,0.33049
39.72,0,-4.50004,-1.82392,-1.57074,0.49444,0.00000,0.00000,
39.72,1,-4.47845,-0.45511,-1.59598,0.79731,0.01767,0.36897,0.10878
39.72,2,-4.28873,0.97475,-1.77218,0.56684,0.07657,0.44240,0.34644
39.74,0,-4.50004,-1.83380,-1.57074,0.49444,0.00000,0.00000,
39.74,1,-4.47885,-0.47087,-1.59563,0.76443,0.01709,0.36309,0.11867
39.74,2,-4.29099,0.96372,-1.77065,0.55973,0.07553,0.44684,0.36220
39.76,0,-4.50004,-1.84369,-1.57074,0.49444,0.00000,0.00000,
39.76,1,-4.47920,-0.48444,-1.59535,0.64985,0.01939,0.35942,0.12856
39.76,2,-4.29319,0.95284,-1.76918,0.55078,0.07218,0.44927,0.37577
39.78,0,-4.50004,-1.85358,-1.57074,0.49444,0.00000,0.00000,
39.78,1,-4.47951,-0.49655,-1.59505,0.59297,0.01556,0.35719,0.13844
39.78,2,-4.29534,0.94214,-1.76777,0.54198,0.06948,0.45043,0.38789
39.8,0,-4.50004,-1.86347,-1.57074,0.49444,0.00000,0.00000,
39.8,1,-4.47981,-0.50863,-1.59469,0.61147,0.01781,0.35499,0.14833
39.8,2,-4.29745,0.93160,-1.76640,0.53389,0.06741,0.45173,0.39997
39.82,0,-4.50004,-1.87336,-1.57074,0.49444,0.00000,0.00000,
39.82,1,-4.48011,-0.52084,-1.59437,0.60653,0.01478,0.35266,0.15822
39.82,2,-4.29950,0.92121,-1.76507,0.52602,0.06530,0.45332,0.41219
39.84,0,-4.50004,-1.88325,-1.57074,0.49444,0.00000,0.00000,
39.84,1,-4.48039,-0.53278,-1.59409,0.58938,0.01364,0.35061,0.16811
39.84,2,-4.30152,0.91097,-1.76379,0.51811,0.06314,0.45479,0.42413
39.86,0,-4.50004,-1.89314,-1.57074,0.49444,0.00000,0.00000,
39.86,1,-4.48066,-0.54431,-1.59378,0.58147,0.01453,0.34897,0.17800
39.86,2,-4.30340,0.90208,-1.76379,0.45959,0.05658,0.45721,0.43566
39.88,0,-4.50004,-1.90303,-1.57074,0.49444,0.00000,0.00000,
39.88,1,-4.48093,-0.55614,-1.59352,0.59465,0.01218,0.34703,0.18789
39.88,2,-4.30524,0.89291,-1.76199,0.47035,0.09484,0.45966,0.44749
39.9,0,-4.50004,-1.91292,-1.57074,0.49444,0.00000,0.00000,
39.9,1,-4.48120,-0.56789,-1.59327,0.57967,0.01282,0.34516,0.19778
39.9,2,-4.30699,0.88404,-1.75997,0.44090,0.10493,0.46234,0.45924
39.92,0,-4.50004,-1.92280,-1.57074,0.49444,0.00000,0.00000,
39.92,1,-4.48146,-0.57928,-1.59302,0.56340,0.01283,0.34365,0.20767
39.92,2,-4.30886,0.87384,-1.75729,0.56257,0.54559,0.46333,0.00566
39.94,0,-4.50003,-1.93269,-1.57074,0.49444,0.00000,0.00000,
39.94,1,-4.48171,-0.59045,-1.59277,0.55544,0.01219,0.34237,0.21756
39.94,2,-4.31084,0.86290,-1.74792,0.56551,0.59772,0.46336,0.01683
39.96,0,-4.50003,-1.94258,-1.57074,0.49444,0.00000,0.00000,
39.96,1,-4.48194,-0.60026,-1.59270,0.48860,0.00880,0.34244,0.22744
39.96,2,-4.31275,0.85205,-1.73622,0.60379,0.16515,0.46214,0.02664
39.98,0,-4.50003,-1.95247,-1.57074,0.49444,0.00000,0.00000,
39.98,1,-4.48217,-0.61026,-1.59240,0.50524,0.01624,0.34233,0.23733
39.98,2,-4.31526,0.83794,-1.73865,0.79176,-0.16856,0.45778,0.03664
40.0,0,-4.50003,-1.96236,-1.57074,0.49444,0.00000,0.00000,
40.0,1,-4.48238,-0.62005,-1.59207,0.49129,0.01432,0.34243,0.24722
40.0,2,-4.31806,0.82214,-1.73849,0.80022,0.13265,0.45151,0.04643
40.02,0,-4.50003,-1.97225,-1.57074,0.49444,0.00000,0.00000,
40.02,1,-4.48260,-0.63032,-1.59189,0.52292,0.00729,0.34204,0.25711
40.02,2,-4.32088,0.80584,-1.73563,0.83691,0.13609,0.44524,0.05671
40.04,0,-4.50003,-1.98214,-1.57074,0.49444,0.00000,0.00000,
40.04,1,-4.48282,-0.64062,-1.59172,0.50529,0.00963,0.34162,0.26700
40.04,2,-4.32363,0.78947,-1.73333,0.82043,0.10034,0.43893,0.06702
40.06,0,-4.50003,-1.99203,-1.57074,0.49444,0.00000,0.00000,
40.06,1,-4.48303,-0.65048,-1.59151,0.48440,0.01082,0.34166,0.27689
40.06,2,-4.32626,0.77348,-1.73145,0.80442,0.09278,0.43256,0.07687
40.08,0,-4.50003,-2.00192,-1.57074,0.49444,0.00000,0.00000,
40.08,1,-4.48323,-0.66007,-1.59130,0.47780,0.00993,0.34195,0.28678
40.08,2,-4.32879,0.75839,-1.73033,0.75414,0.07158,0.42684,0.08647
40.1,0,-4.50003,-2.01180,-1.57074,0.49444,0.00000,0.00000,
40.1,1,-4.48342,-0.66960,-1.59111,0.47467,0.00926,0.34231,0.29667
40.1,2,-4.33126,0.74327,-1.72815,0.77435,0.12259,0.42103,0.09599
40.12,0,-4.50003,-2.02169,-1.57074,0.49444,0.00000,0.00000,
40.12,1,-4.48361,-0.67902,-1.59093,0.46799,0.00906,0.34277,0.30656
40.12,2,-4.33371,0.72790,-1.72593,0.77847,0.09766,0.41488,0.10542
40.14,0,-4.50003,-2.03158,-1.57074,0.49444,0.00000,0.00000,
40.14,1,-4.48380,-0.68775,-1.59082,0.43143,0.00746,0.34393,0.31644
40.14,2,-4.33612,0.71274,-1.72395,0.76074,0.10294,0.40825,0.11415
40.16,0,-4.50003,-2.04147,-1.57074,0.49444,0.00000,0.00000,
40.16,1,-4.48397,-0.69644,-1.59062,0.43570,0.01058,0.34512,0.32633
40.16,2,-4.33853,0.69725,-1.72233,0.79794,0.07240,0.40126,0.12285
40.18,0,-4.50003,-2.05136,-1.57074,0.49444,0.00000,0.00000,
40.18,1,-4.48414,-0.70509,-1.59043,0.42853,0.00858,0.34636,0.33622
40.18,2,-4.34096,0.68140,-1.72080,0.80096,0.08112,0.39386,0.13150
40.2,0,-4.50003,-2.06125,-1.57074,0.49444,0.00000,0.00000,
40.2,1,-4.48431,-0.71355,-1.59027,0.41858,0.00752,0.34779,0.34611
40.2,2,-4.34334,0.66583,-1.71883,0.79406,0.08939,0.38657,0.13995
40.22,0,-4.50003,-2.07114,-1.57074,0.49444,0.00000,0.00000,
40.22,1,-4.48447,-0.72184,-1.59012,0.41181,0.00764,0.34939,0.35600
40.22,2,-4.34574,0.64982,-1.71666,0.81674,0.19532,0.37866,0.00413
40.24,0,-4.50003,-2.08103,-1.57074,0.49444,0.00000,0.00000,
40.24,1,-4.48463,-0.72955,-1.59002,0.38220,0.00637,0.35156,0.36589
40.24,2,-4.34811,0.63367,-1.71248,0.81369,0.17107,0.37004,0.01185
40.26,0,-4.50003,-2.09092,-1.57074,0.49444,0.00000,0.00000,
40.26,1,-4.48478,-0.73726,-1.58986,0.38607,0.00895,0.35375,0.37578
40.26,2,-4.35039,0.61799,-1.71078,0.75048,0.00790,0.36189,0.01955
40.28,0,-4.50002,-2.10080,-1.57074,0.49444,0.00000,0.00000,
40.28,1,-4.48493,-0.74491,-1.58969,0.37899,0.00728,0.35598,0.38567
40.28,2,-4.35256,0.60299,-1.70981,0.76555,0.08345,0.35438,0.02721
40.3,0,-4.50002,-2.11069,-1.57074,0.49444,0.00000,0.00000,
40.3,1,-4.48507,-0.75239,-1.58956,0.37008,0.00639,0.35839,0.39555
40.3,2,-4.35470,0.58782,-1.70781,0.74922,0.10166,0.34653,0.03468
40.32,0,-4.50002,-2.12058,-1.57074,0.49444,0.00000,0.00000,
40.32,1,-4.48520,-0.75972,-1.58943,0.36431,0.00647,0.36094,0.40544
40.32,2,-4.35662,0.57398,-1.70602,0.65990,0.07927,0.33988,0.04202
40.34,0,-4.50002,-2.13047,-1.57074,0.49444,0.00000,0.00000,
40.34,1,-4.48534,-0.76695,-1.58930,0.35974,0.00641,0.36360,0.41533
40.34,2,-4.35834,0.56135,-1.70455,0.62973,0.07144,0.33436,0.04925
40.36,0,-4.50002,-2.14036,-1.57074,0.49444,0.00000,0.00000,
40.36,1,-4.48547,-0.77401,-1.58916,0.35445,0.00661,0.36642,0.42522
40.36,2,-4.36001,0.54931,-1.70361,0.59835,0.04862,0.32926,0.05632
40.38,0,-4.50002,-2.15025,-1.57074,0.49444,0.00000,0.00000,
40.38,1,-4.48560,-0.78123,-1.58905,0.36294,0.00531,0.36909,0.43511
40.38,2,-4.36166,0.53722,-1.70205,0.61572,0.09033,0.32426,0.06354
40.4,0,-4.50002,-2.16014,-1.57074,0.49444,0.00000,0.00000,
40.4,1,-4.48573,-0.78841,-1.58894,0.35393,0.00557,0.37181,0.44500
40.4,2,-4.36327,0.52510,-1.70037,0.60474,0.07538,0.31920,0.07071
40.42,0,-4.50002,-2.17003,-1.57074,0.49444,0.00000,0.00000,
40.42,1,-4.48586,-0.79886,-1.58820,0.51449,0.06345,0.37124,0.00989
40.42,2,-4.36481,0.51331,-1.69903,0.58704,0.06272,0.31773,0.08116
40.44,0,-4.50002,-2.17992,-1.57074,0.49444,0.00000,0.00000,
40.44,1,-4.48599,-0.80876,-1.58687,0.49524,0.06598,0.37123,0.01978
40.44,2,-4.36630,0.50178,-1.69778,0.57705,0.06351,0.31600,0.09107
40.46,0,-4.50002,-2.18980,-1.57074,0.49444,0.00000,0.00000,
40.46,1,-4.48602,-0.81915,-1.58032,0.61881,0.37840,0.37073,0.02967
40.46,2,-4.36775,0.49040,-1.69650,0.57072,0.06393,0.31488,0.10145
40.48,0,-4.50002,-2.19969,-1.57074,0.49444,0.00000,0.00000,
40.48,1,-4.48615,-0.83386,-1.57697,0.77407,0.00458,0.36590,0.03956
40.48,2,-4.36915,0.47977,-1.69572,0.53028,0.05165,0.31884,0.11617
40.5,0,-4.50017,-2.20501,-1.56508,0.16407,0.22974,0.00000,
40.5,1,-4.48628,-0.85005,-1.57826,0.84409,-0.07555,0.35503,0.04487
40.5,2,-4.37050,0.46918,-1.69435,0.53458,0.07351,0.32430,0.13236
40.52,0,-4.50048,-2.20698,-1.56088,0.06110,0.19070,0.00000,
40.52,1,-4.48640,-0.86690,-1.57902,0.83030,-0.00818,0.34016,0.04684
40.52,2,-4.37181,0.45866,-1.69302,0.52551,0.05924,0.33050,0.14920
40.54,0,-4.50084,-2.20791,-1.55722,0.04259,0.18412,0.00000,
40.54,1,-4.48652,-0.88309,-1.57890,0.79619,0.00823,0.32489,0.04778
40.54,2,-4.37308,0.44836,-1.69194,0.51345,0.05189,0.33628,0.16540
40.56,0,-4.50102,-2.20793,-1.54850,-0.09292,1.45267,0.00000,
40.56,1,-4.48664,-0.89890,-1.57888,0.78973,-0.00502,0.30910,0.04780
40.56,2,-4.37431,0.43826,-1.69090,0.50523,0.05292,0.34188,0.18121
40.58,0,-4.50111,-2.20571,-1.49703,-0.04743,2.89550,0.00000,
40.58,1,-4.48677,-0.91465,-1.57904,0.77151,-0.00819,0.29114,0.04559
40.58,2,-4.37550,0.42839,-1.68975,0.48841,0.06412,0.34764,0.19696
40.6,0,-4.50027,-2.20642,-1.44899,0.06529,1.99840,0.00000,
40.6,1,-4.48689,-0.92901,-1.57918,0.63339,-0.00869,0.27748,0.04628
40.6,2,-4.37670,0.41843,-1.68871,0.50829,0.04546,0.35193,0.21131
40.62,0,-4.49857,-2.20766,-1.40943,0.09517,1.82259,0.00000,
40.62,1,-4.48700,-0.94081,-1.57936,0.60188,-0.00535,0.26690,0.04754
40.62,2,-4.37789,0.40838,-1.68782,0.50084,0.04552,0.35359,0.22312
40.64,0,-4.49677,-2.21017,-1.37162,0.17080,1.83657,0.00000,
40.64,1,-4.48711,-0.95313,-1.57942,0.62292,-0.00242,0.25708,0.05014
40.64,2,-4.37903,0.39861,-1.68688,0.48522,0.04766,0.35605,0.23544
40.66,0,-4.49578,-2.21439,-1.33606,0.24956,1.79326,0.00000,
40.66,1,-4.48721,-0.96550,-1.57949,0.61100,-0.00402,0.24892,0.05442
40.66,2,-4.38014,0.38937,-1.68621,0.44164,0.01831,0.35909,0.24781
40.68,0,-4.49459,-2.21966,-1.29859,0.27935,1.93696,0.00000,
40.68,1,-4.48732,-0.97749,-1.57957,0.59153,-0.00454,0.24219,0.05977
40.68,2,-4.38120,0.38049,-1.68540,0.45118,0.05322,0.36212,0.25980
40.7,0,-4.49313,-2.22504,-1.25934,0.28422,1.96941,0.00000,
40.7,1,-4.48742,-0.98920,-1.57966,0.58132,-0.00414,0.23585,0.06527
40.7,2,-4.38224,0.37153,-1.68434,0.44859,0.04888,0.36478,0.27150
40.72,0,-4.49133,-2.23064,-1.22046,0.31126,1.93685,0.00000,
40.72,1,-4.48752,-1.00152,-1.57946,0.66627,-0.02624,0.22912,0.00588
40.72,2,-4.38324,0.36273,-1.68349,0.43751,0.03890,0.36824,0.28383
40.74,0,-4.48915,-2.23664,-1.18220,0.32614,1.90205,0.00000,
40.74,1,-4.48762,-1.01394,-1.57980,0.57199,-0.00335,0.22270,0.01226
40.74,2,-4.38421,0.35451,-1.68304,0.40098,0.02281,0.37236,0.29625
40.76,0,-4.48658,-2.24294,-1.14388,0.34797,1.92317,0.00000,
40.76,1,-4.48772,-1.02420,-1.57968,0.39644,0.00296,0.21873,0.01906
40.76,2,-4.38513,0.34647,-1.68222,0.40713,0.04876,0.37451,0.30651
40.78,0,-4.48370,-2.24927,-1.10574,0.35675,1.91543,0.00000,
40.78,1,-4.48780,-1.03113,-1.57968,0.34446,-0.00033,0.21815,0.02601
40.78,2,-4.38604,0.33841,-1.68130,0.40236,0.04133,0.37332,0.31344
40.8,0,-4.48041,-2.25589,-1.06715,0.37726,1.93436,0.00000,
40.8,1,-4.48788,-1.03840,-1.57961,0.38396,0.00748,0.21751,0.03337
40.8,2,-4.38692,0.33052,-1.68058,0.39275,0.03375,0.37264,0.32071
40.82,0,-4.47674,-2.26260,-1.02853,0.38553,1.92709,0.00000,
40.82,1,-4.48796,-1.04732,-1.57704,0.41558,0.20607,0.21533,0.00765
40.82,2,-4.38777,0.32279,-1.67991,0.38578,0.03382,0.37378,0.32964
40.84,0,-4.47276,-2.26928,-0.99005,0.39150,1.92228,0.00000,
40.84,1,-4.48803,-1.05702,-1.57449,0.52929,0.04727,0.21236,0.01542
40.84,2,-4.38860,0.31522,-1.67914,0.38996,0.03257,0.37583,0.33933
40.86,0,-4.46847,-2.27583,-0.95214,0.39603,1.88695,0.00000,
40.86,1,-4.48809,-1.06759,-1.57449,0.54389,-0.01282,0.20840,0.02324
40.86,2,-4.38945,0.30741,-1.67853,0.39088,0.02976,0.37854,0.34990
40.88,0,-4.46370,-2.28257,-0.91370,0.42367,1.93866,0.00000,
40.88,1,-4.48813,-1.07853,-1.57444,0.53972,0.01688,0.20428,0.03148
40.88,2,-4.39028,0.29977,-1.67792,0.37840,0.03153,0.38177,0.36084
40.9,0,-4.45847,-2.28940,-0.87493,0.43369,1.93416,0.00000,
40.9,1,-4.48816,-1.08897,-1.57393,0.50809,0.02763,0.20080,0.04006
40.9,2,-4.39108,0.29236,-1.67729,0.36958,0.03086,0.38473,0.37128
40.92,0,-4.45294,-2.29602,-0.83716,0.43673,1.88582,0.00000,
40.92,1,-4.48824,-1.09833,-1.57071,0.35374,0.17394,0.19822,0.00863
40.92,2,-4.39186,0.28506,-1.67669,0.36545,0.02919,0.38674,0.38064
40.94,0,-4.44692,-2.30272,-0.79871,0.45834,1.93981,0.00000,
40.94,1,-4.48832,-1.10442,-1.56687,0.30234,0.19209,0.19901,0.01763
40.94,2,-4.39262,0.27783,-1.67612,0.36111,0.02809,0.38556,0.38673
40.96,0,-4.44048,-2.30939,-0.75992,0.46595,1.93429,0.00000,
40.96,1,-4.48825,-1.11031,-1.55957,0.35180,0.37641,0.20003,0.02689
40.96,2,-4.39337,0.27104,-1.67582,0.33102,0.01500,0.38460,0.39262
40.98,0,-4.43373,-2.31586,-0.72139,0.46869,1.92206,0.00000,
40.98,1,-4.48818,-1.11831,-1.55607,0.40945,0.04364,0.19879,0.03622
40.98,2,-4.39408,0.26439,-1.67525,0.33548,0.03461,0.38590,0.40062
41.0,0,-4.42669,-2.32211,-0.68297,0.47258,1.92069,0.00000,
41.0,1,-4.48809,-1.12700,-1.55529,0.43670,0.06337,0.19669,0.04560
41.0,2,-4.39478,0.25776,-1.67460,0.33067,0.02866,0.38790,0.40931
41.02,0,-4.41938,-2.32807,-0.65067,0.47275,1.31765,0.00000,
41.02,1,-4.48796,-1.13592,-1.55575,0.46101,-0.25205,0.19412,0.00943
41.02,2,-4.39547,0.24979,-1.67341,0.55452,0.31913,0.38879,0.00447
41.04,0,-4.41181,-2.33386,-0.62745,0.47614,1.10632,0.00000,
41.04,1,-4.48799,-1.14628,-1.55883,0.56008,-0.01494,0.19002,0.01896
41.04,2,-4.39628,0.23914,-1.66532,0.46361,0.47360,0.38845,0.01483
41.06,0,-4.40417,-2.33940,-0.60468,0.46906,1.16982,0.00000,
41.06,1,-4.48793,-1.15758,-1.55681,0.59257,0.15007,0.18478,0.02839
41.06,2,-4.39697,0.23004,-1.65067,0.48338,1.05614,0.39060,0.02614
41.08,0,-4.39646,-2.34475,-0.58121,0.47026,1.15855,0.00000,
41.08,1,-4.48781,-1.16954,-1.55413,0.59009,0.10851,0.17875,0.03777
41.08,2,-4.39781,0.21838,-1.63600,0.68155,0.29102,0.39084,0.03809
41.1,0,-4.38856,-2.34995,-0.55886,0.47484,1.08297,0.00000,
41.1,1,-4.48765,-1.18092,-1.55252,0.55323,0.06547,0.17322,0.04721
41.1,2,-4.39896,0.20385,-1.63678,0.76310,-0.14845,0.38761,0.04948
41.12,0,-4.38050,-2.35502,-0.53779,0.47659,1.03462,0.00000,
41.12,1,-4.48745,-1.19178,-1.55123,0.53841,0.06670,0.16814,0.05671
41.12,2,-4.40010,0.18754,-1.63761,0.83566,0.09169,0.38208,0.06033
41.14,0,-4.37232,-2.35991,-0.51745,0.47701,1.00324,0.00000,
41.14,1,-4.48725,-1.20157,-1.54966,0.47123,0.08053,0.16403,0.06622
41.14,2,-4.40119,0.17100,-1.63556,0.81669,0.06841,0.37527,0.07013
41.16,0,-4.36402,-2.36464,-0.49777,0.47806,0.96657,0.00000,
41.16,1,-4.48704,-1.21129,-1.54823,0.49437,0.06545,0.15990,0.07574
41.16,2,-4.40220,0.15574,-1.63532,0.71437,-0.02018,0.36966,0.07985
41.18,0,-4.35604,-2.36912,-0.47977,0.45394,0.92870,0.00000,
41.18,1,-4.48682,-1.22104,-1.54699,0.45425,0.05615,0.15551,0.08486
41.18,2,-4.40307,0.14338,-1.63641,0.58537,-0.04921,0.36698,0.08960
41.2,0,-4.34794,-2.37339,-0.46096,0.46042,0.92450,0.00000,
41.2,1,-4.48658,-1.23066,-1.54579,0.51232,0.06455,0.15111,0.09397
41.2,2,-4.40390,0.13129,-1.63655,0.62085,0.01650,0.36446,0.09922
41.22,0,-4.33968,-2.37751,-0.44332,0.46255,0.85021,0.00000,
41.22,1,-4.48632,-1.24109,-1.54449,0.51853,0.06378,0.14585,0.10316
41.22,2,-4.40473,0.11882,-1.63623,0.62188,0.00931,0.36236,0.10965
41.24,0,-4.33133,-2.38148,-0.42674,0.46152,0.81765,0.00000,
41.24,1,-4.48606,-1.25113,-1.54326,0.48842,0.05918,0.14090,0.11233
41.24,2,-4.40553,0.10664,-1.63623,0.60034,-0.00574,0.36015,0.11969
41.26,0,-4.32304,-2.38527,-0.41020,0.47054,0.81209,0.00000,
41.26,1,-4.48580,-1.26033,-1.54201,0.40358,0.07528,0.13665,0.12138
41.26,2,-4.40631,0.09484,-1.63635,0.58561,-0.00449,0.35750,0.12890
41.28,0,-4.31408,-2.38918,-0.39459,0.49715,0.75672,0.00000,
41.28,1,-4.48554,-1.26866,-1.54076,0.42920,0.05352,0.13356,0.13107
41.28,2,-4.40707,0.08323,-1.63640,0.57939,-0.00119,0.35417,0.13724
41.3,0,-4.30493,-2.39300,-0.37983,0.49220,0.72683,0.00000,
41.3,1,-4.48527,-1.27738,-1.53977,0.43661,0.04813,0.13010,0.14089
41.3,2,-4.40782,0.07173,-1.63642,0.57282,-0.00130,0.35133,0.14595
41.32,0,-4.29588,-2.39661,-0.36551,0.48420,0.70688,0.00000,
41.32,1,-4.48501,-1.28588,-1.53881,0.39493,0.04344,0.12672,0.15054
41.32,2,-4.40858,0.05973,-1.63565,0.64961,0.18126,0.34777,0.00417
41.34,0,-4.28685,-2.40006,-0.35165,0.48392,0.68055,0.00000,
41.34,1,-4.48474,-1.29427,-1.53782,0.43673,0.05219,0.12336,0.16010
41.34,2,-4.40942,0.04649,-1.63081,0.68282,0.19739,0.34287,0.01256
41.36,0,-4.27774,-2.40341,-0.33834,0.48662,0.65320,0.00000,
41.36,1,-4.48445,-1.30308,-1.53679,0.43837,0.04979,0.11957,0.16970
41.36,2,-4.41034,0.03158,-1.62955,0.74370,0.00110,0.33672,0.02139
41.38,0,-4.26854,-2.40665,-0.32556,0.48804,0.62794,0.00000,
41.38,1,-4.48416,-1.31163,-1.53585,0.41893,0.04589,0.11604,0.17933
41.38,2,-4.41124,0.01603,-1.62624,0.78706,0.21491,0.32966,0.02994
41.4,0,-4.25929,-2.40977,-0.31326,0.48821,0.60479,0.00000,
41.4,1,-4.48387,-1.31987,-1.53495,0.40804,0.04440,0.11280,0.18897
41.4,2,-4.41209,0.00105,-1.62417,0.71399,0.01050,0.32287,0.03818
41.42,0,-4.25000,-2.41278,-0.30141,0.48833,0.58231,0.00000,
41.42,1,-4.48358,-1.32798,-1.53407,0.40495,0.04338,0.10966,0.19860
41.42,2,-4.41287,-0.01107,-1.62513,0.60507,-0.05372,0.31881,0.04630
41.44,0,-4.24067,-2.41568,-0.29001,0.48876,0.56039,0.00000,
41.44,1,-4.48328,-1.33561,-1.53307,0.34332,0.05954,0.10698,0.20823
41.44,2,-4.41358,-0.02334,-1.62586,0.62119,-0.01575,0.31412,0.05394
41.46,0,-4.23129,-2.41848,-0.27903,0.48924,0.53937,0.00000,
41.46,1,-4.48300,-1.34267,-1.53216,0.36053,0.03638,0.10486,0.21787
41.46,2,-4.41424,-0.03573,-1.62588,0.61621,0.00411,0.30875,0.06100
41.48,0,-4.22188,-2.42117,-0.26847,0.48963,0.51920,0.00000,
41.48,1,-4.48272,-1.34991,-1.53149,0.36051,0.03364,0.10256,0.22751
41.48,2,-4.41490,-0.04785,-1.62586,0.59954,-0.00255,0.30382,0.06825
41.5,0,-4.21244,-2.42377,-0.25830,0.48994,0.49978,0.00000,
41.5,1,-4.48244,-1.35686,-1.53082,0.33593,0.03227,0.10055,0.23715
41.5,2,-4.41555,-0.05969,-1.62596,0.58784,-0.00557,0.29889,0.07520
41.52,0,-4.20296,-2.42628,-0.24851,0.49024,0.48108,0.00000,
41.52,1,-4.48215,-1.36397,-1.53007,0.36783,0.03938,0.09838,0.24679
41.52,2,-4.41619,-0.07135,-1.62605,0.58079,-0.00379,0.29431,0.08232
41.54,0,-4.19345,-2.42869,-0.23909,0.49052,0.46315,0.00000,
41.54,1,-4.48185,-1.37132,-1.52932,0.36267,0.03592,0.09600,0.25643
41.54,2,-4.41683,-0.08261,-1.62624,0.53127,-0.02102,0.29035,0.08967
41.56,0,-4.18392,-2.43101,-0.23001,0.49080,0.44626,0.00000,
41.56,1,-4.48156,-1.37838,-1.52864,0.34628,0.03285,0.09391,0.26608
41.56,2,-4.41744,-0.09330,-1.62639,0.53931,0.00096,0.28667,0.09673
41.58,0,-4.17436,-2.43325,-0.22127,0.49106,0.42944,0.00000,
41.58,1,-4.48127,-1.38520,-1.52799,0.33914,0.03212,0.09206,0.27572
41.58,2,-4.41804,-0.10407,-1.62633,0.53684,0.00156,0.28269,0.10356
41.6,0,-4.16477,-2.43541,-0.21286,0.49128,0.41290,0.00000,
41.6,1,-4.48098,-1.39195,-1.52736,0.33695,0.03143,0.09031,0.28537
41.6,2,-4.41863,-0.11466,-1.62637,0.52459,-0.00352,0.27881,0.11032
41.62,0,-4.15517,-2.43748,-0.20478,0.49149,0.39709,0.00000,
41.62,1,-4.48069,-1.39865,-1.52674,0.33294,0.03028,0.08865,0.29502
41.62,2,-4.41922,-0.12575,-1.62582,0.62777,0.11522,0.27438,0.00334
41.64,0,-4.14554,-2.43948,-0.19701,0.49168,0.38194,0.00000,
41.64,1,-4.48040,-1.40524,-1.52615,0.32723,0.02914,0.08710,0.30467
41.64,2,-4.41982,-0.13898,-1.62432,0.66965,0.05130,0.26771,0.00994
41.66,0,-4.13590,-2.44141,-0.18953,0.49186,0.36736,0.00000,
41.66,1,-4.48012,-1.41132,-1.52545,0.30155,0.03081,0.08608,0.31431
41.66,2,-4.42044,-0.15141,-1.62357,0.60676,0.01105,0.26132,0.01603
41.68,0,-4.12623,-2.44326,-0.18234,0.49202,0.35332,0.00000,
41.68,1,-4.47984,-1.41740,-1.52494,0.30466,0.02352,0.08509,0.32396
41.68,2,-4.42105,-0.16200,-1.62418,0.42452,-0.07173,0.25677,0.02211
41.7,0,-4.11655,-2.44504,-0.17542,0.49217,0.33982,0.00000,
41.7,1,-4.47956,-1.42343,-1.52446,0.29899,0.02505,0.08419,0.33361
41.7,2,-4.42166,-0.17057,-1.62576,0.43653,-0.08119,0.25419,0.02815
41.72,0,-4.10686,-2.44676,-0.16877,0.49231,0.32684,0.00000,
41.72,1,-4.47925,-1.43098,-1.49957,0.37880,1.85990,0.08189,0.00985
41.72,2,-4.42218,-0.17970,-1.62638,0.47211,0.01126,0.25258,0.03571
41.74,0,-4.09715,-2.44842,-0.16237,0.49244,0.31435,0.00000,
41.74,1,-4.47885,-1.43870,-1.46821,0.37914,1.01306,0.07946,0.01969
41.74,2,-4.42269,-0.18892,-1.62556,0.49289,0.03431,0.25103,0.04343
41.76,0,-4.08743,-2.45001,-0.15621,0.49256,0.30234,0.00000,
41.76,1,-4.47808,-1.44727,-1.45762,0.48546,0.34822,0.07614,0.02954
41.76,2,-4.42324,-0.19922,-1.62524,0.51932,0.00632,0.24925,0.05204
41.78,0,-4.07770,-2.45154,-0.15029,0.49267,0.29079,0.00000,
41.78,1,-4.47688,-1.45715,-1.45065,0.49199,0.39048,0.07152,0.03939
41.78,2,-4.42379,-0.20925,-1.62512,0.48560,0.00860,0.24903,0.06197
41.8,0,-4.06796,-2.45302,-0.14460,0.49278,0.27968,0.00000,
41.8,1,-4.47566,-1.46680,-1.44136,0.47787,0.50172,0.06717,0.04925
41.8,2,-4.42430,-0.21866,-1.62487,0.46388,0.01441,0.24920,0.07168
41.82,0,-4.05820,-2.45444,-0.13912,0.49287,0.26900,0.00000,
41.82,1,-4.47445,-1.47605,-1.43151,0.45870,0.47298,0.06325,0.05910
41.82,2,-4.42480,-0.22789,-1.62458,0.46217,0.01340,0.24915,0.08099
41.84,0,-4.04844,-2.45580,-0.13386,0.49296,0.25873,0.00000,
41.84,1,-4.47319,-1.48505,-1.42255,0.45172,0.43286,0.05962,0.06896
41.84,2,-4.42530,-0.23704,-1.62437,0.42330,-0.00681,0.24892,0.09006
41.86,0,-4.03867,-2.45712,-0.12879,0.49304,0.24884,0.00000,
41.86,1,-4.47190,-1.49317,-1.41290,0.39603,0.47170,0.05683,0.07882
41.86,2,-4.42577,-0.24555,-1.62429,0.42926,0.01255,0.24847,0.09827
41.88,0,-4.02889,-2.45839,-0.12392,0.49312,0.23934,0.00000,
41.88,1,-4.47058,-1.50119,-1.40468,0.41155,0.37930,0.05419,0.08868
41.88,2,-4.42624,-0.25414,-1.62398,0.42837,0.01586,0.24784,0.10638
41.9,0,-4.01910,-2.45961,-0.11924,0.49318,0.23020,0.00000,
41.9,1,-4.46922,-1.50925,-1.39719,0.40437,0.37749,0.05156,0.09854
41.9,2,-4.42669,-0.26259,-1.62372,0.41900,0.01076,0.24739,0.11454
41.92,0,-4.00931,-2.46078,-0.11473,0.49325,0.22141,0.00000,
41.92,1,-4.46785,-1.51702,-1.38961,0.37987,0.36807,0.04926,0.10840
41.92,2,-4.42713,-0.27086,-1.62352,0.41039,0.00948,0.24683,0.12241
41.94,0,-3.99950,-2.46191,-0.11039,0.49331,0.21295,0.00000,
41.94,1,-4.46644,-1.52471,-1.38210,0.39836,0.37663,0.04707,0.11826
41.94,2,-4.42755,-0.27869,-1.62345,0.37651,0.00127,0.24663,0.13020
41.96,0,-3.98970,-2.46299,-0.10622,0.49336,0.20482,0.00000,
41.96,1,-4.46495,-1.53248,-1.37484,0.39130,0.35026,0.04486,0.12812
41.96,2,-4.42796,-0.28629,-1.62325,0.38318,0.01419,0.24674,0.13809
41.98,0,-3.97989,-2.46404,-0.10221,0.49341,0.19699,0.00000,
41.98,1,-4.46340,-1.54027,-1.36781,0.39900,0.34994,0.04266,0.13798
41.98,2,-4.42837,-0.29391,-1.62298,0.37886,0.01182,0.24685,0.14601
42.0,0,-3.97007,-2.46505,-0.09836,0.49346,0.18947,0.00000,
42.0,1,-4.46181,-1.54800,-1.36096,0.38960,0.33525,0.04057,0.14785
42.0,2,-4.42876,-0.30138,-1.62279,0.36960,0.00839,0.24706,0.15388
42.02,0,-3.96025,-2.46602,-0.09465,0.49350,0.18224,0.00000,
42.02,1,-4.46021,-1.55551,-1.35442,0.37922,0.32119,0.03875,0.15771
42.02,2,-4.42914,-0.30868,-1.62262,0.36294,0.00846,0.24721,0.16152
42.04,0,-3.95042,-2.46695,-0.09108,0.49355,0.17528,0.00000,
42.04,1,-4.45861,-1.56258,-1.34752,0.32304,0.41617,0.03737,0.16757
42.04,2,-4.42951,-0.31588,-1.62245,0.35834,0.00885,0.24704,0.16874
42.06,0,-3.94059,-2.46785,-0.08765,0.49358,0.16858,0.00000,
42.06,1,-4.45708,-1.56905,-1.34096,0.33968,0.27336,0.03662,0.17744
42.06,2,-4.42988,-0.32293,-1.62224,0.35994,0.00821,0.24642,0.17536
42.08,0,-3.93076,-2.46871,-0.08435,0.49362,0.16215,0.00000,
42.08,1,-4.45551,-1.57570,-1.33579,0.33977,0.26083,0.03578,0.18730
42.08,2,-4.43025,-0.33018,-1.62210,0.36219,0.00662,0.24577,0.18216
42.1,0,-3.92092,-2.46954,-0.08117,0.49365,0.15595,0.00000,
42.1,1,-4.45395,-1.58219,-1.33034,0.32908,0.27962,0.03514,0.19717
42.1,2,-4.43061,-0.33730,-1.62195,0.35101,0.00779,0.24511,0.18881
42.12,0,-3.91108,-2.47034,-0.07812,0.49368,0.15000,0.00000,
42.12,1,-4.45240,-1.58850,-1.32478,0.32174,0.27321,0.03474,0.20703
42.12,2,-4.43097,-0.34421,-1.62179,0.34249,0.00783,0.24447,0.19527
42.14,0,-3.90123,-2.47111,-0.07518,0.49371,0.14427,0.00000,
42.14,1,-4.45085,-1.59466,-1.31965,0.32442,0.26034,0.03454,0.21689
42.14,2,-4.43131,-0.35100,-1.62164,0.33849,0.00725,0.24381,0.20159
42.16,0,-3.89139,-2.47186,-0.07236,0.49373,0.13876,0.00000,
42.16,1,-4.44922,-1.60101,-1.31446,0.32792,0.25594,0.03419,0.22676
42.16,2,-4.43166,-0.35767,-1.62153,0.30587,-0.00669,0.24347,0.20812
42.18,0,-3.88154,-2.47257,-0.06964,0.49375,0.13347,0.00000,
42.18,1,-4.44759,-1.60725,-1.30950,0.31765,0.24178,0.03401,0.23662
42.18,2,-4.43198,-0.36342,-1.62164,0.29579,0.00663,0.24393,0.21454
42.2,0,-3.87169,-2.47326,-0.06703,0.49378,0.12837,0.00000,
42.2,1,-4.44597,-1.61330,-1.30477,0.30952,0.23216,0.03409,0.24649
42.2,2,-4.43229,-0.36942,-1.62139,0.30072,0.01326,0.24395,0.22076
42.22,0,-3.86183,-2.47392,-0.06452,0.49380,0.12347,0.00000,
42.22,1,-4.44435,-1.61923,-1.30021,0.30593,0.22522,0.03433,0.25635
42.22,2,-4.43260,-0.37534,-1.62119,0.29195,0.00683,0.24394,0.22687
42.24,0,-3.85198,-2.47456,-0.06210,0.49381,0.11876,0.00000,
42.24,1,-4.44273,-1.62509,-1.29578,0.30254,0.21775,0.03469,0.26622
42.24,2,-4.43288,-0.38095,-1.62103,0.27767,0.00882,0.24418,0.23292
42.26,0,-3.84212,-2.47517,-0.05977,0.49383,0.11422,0.00000,
42.26,1,-4.44110,-1.63086,-1.29151,0.29791,0.20999,0.03519,0.27608
42.26,2,-4.43318,-0.38682,-1.62093,0.30287,0.00343,0.24406,0.23888
42.28,0,-3.83226,-2.47576,-0.05754,0.49385,0.10986,0.00000,
42.28,1,-4.43947,-1.63654,-1.28740,0.29309,0.20258,0.03585,0.28595
42.28,2,-4.43348,-0.39284,-1.62085,0.29646,0.00530,0.24371,0.24475
42.3,0,-3.82240,-2.47633,-0.05539,0.49386,0.10567,0.00000,
42.3,1,-4.43784,-1.64212,-1.28342,0.28867,0.19554,0.03666,0.29581
42.3,2,-4.43377,-0.39861,-1.62073,0.28295,0.00627,0.24352,0.25053
42.32,0,-3.81254,-2.47687,-0.05332,0.49388,0.10163,0.00000,
42.32,1,-4.43632,-1.64702,-1.27861,0.25609,0.18983,0.03815,0.30568
42.32,2,-4.43405,-0.40419,-1.62061,0.27773,0.00563,0.24284,0.25562
42.34,0,-3.80267,-2.47740,-0.05133,0.49389,0.09775,0.00000,
42.34,1,-4.43481,-1.65200,-1.27554,0.26087,0.14522,0.03966,0.31554
42.34,2,-4.43432,-0.40972,-1.62050,0.27608,0.00517,0.24228,0.26078
42.36,0,-3.79281,-2.47791,-0.04941,0.49390,0.09402,0.00000,
42.36,1,-4.43331,-1.65693,-1.27234,0.25403,0.17188,0.04127,0.32541
42.36,2,-4.43460,-0.41520,-1.62040,0.27262,0.00507,0.24173,0.26590
42.38,0,-3.78294,-2.47839,-0.04757,0.49391,0.09043,0.00000,
42.38,1,-4.43184,-1.66170,-1.26882,0.24719,0.17522,0.04310,0.33527
42.38,2,-4.43486,-0.42059,-1.62030,0.26788,0.00495,0.24112,0.27086
42.4,0,-3.77308,-2.47886,-0.04580,0.49392,0.08698,0.00000,
42.4,1,-4.43038,-1.66639,-1.26545,0.24385,0.16269,0.04507,0.34514
42.4,2,-4.43512,-0.42559,-1.62032,0.22338,-0.00962,0.24080,0.27573
42.42,0,-3.76321,-2.47932,-0.04410,0.49393,0.08366,0.00000,
42.42,1,-4.42894,-1.67097,-1.26240,0.23598,0.14026,0.04720,0.35501
42.42,2,-4.43537,-0.43138,-1.62281,0.40838,-0.85887,0.23961,0.00238
42.44,0,-3.75334,-2.47975,-0.04246,0.49394,0.08047,0.00000,
42.44,1,-4.42746,-1.67559,-1.25936,0.24622,0.15703,0.04934,0.36487
42.44,2,-4.43561,-0.43885,-1.64240,0.31446,-0.94123,0.23678,0.00723
42.46,0,-3.74347,-2.48017,-0.04089,0.49395,0.07740,0.00000,
42.46,1,-4.42596,-1.68026,-1.25628,0.24252,0.14945,0.05150,0.37474
42.46,2,-4.43598,-0.44477,-1.65762,0.33505,-0.38397,0.23553,0.01213
42.48,0,-3.73360,-2.48058,-0.03937,0.49395,0.07444,0.00000,
42.48,1,-4.42449,-1.68479,-1.25342,0.23477,0.13929,0.05385,0.38460
42.48,2,-4.43666,-0.45292,-1.65505,0.45612,0.39631,0.23193,0.01689
42.5,0,-3.72373,-2.48096,-0.03791,0.49396,0.07160,0.00000,
42.5,1,-4.42304,-1.68920,-1.25069,0.23056,0.13465,0.05638,0.39447
42.5,2,-4.43745,-0.46223,-1.64752,0.46084,0.29210,0.22705,0.02154
42.52,0,-3.71385,-2.48134,-0.03651,0.49397,0.06887,0.00000,
42.52,1,-4.42160,-1.69355,-1.24803,0.22820,0.13096,0.05901,0.40433
42.52,2,-4.43814,-0.47103,-1.64348,0.43757,0.19167,0.22263,0.00229
42.54,0,-3.70398,-2.48170,-0.03516,0.49397,0.06624,0.00000,
42.54,1,-4.42016,-1.69785,-1.24546,0.22516,0.12629,0.06176,0.41420
42.54,2,-4.43881,-0.47994,-1.63932,0.43793,0.20402,0.21806,0.00682
42.56,0,-3.69411,-2.48205,-0.03387,0.49398,0.06371,0.00000,
42.56,1,-4.41873,-1.70208,-1.24299,0.22151,0.12155,0.06463,0.42406
42.56,2,-4.43939,-0.48817,-1.63570,0.39399,0.16337,0.21408,0.01128
42.58,0,-3.68423,-2.48238,-0.03262,0.49398,0.06128,0.00000,
42.58,1,-4.41732,-1.70624,-1.24061,0.21802,0.11721,0.06762,0.43393
42.58,2,-4.43989,-0.49582,-1.63261,0.37918,0.15138,0.21063,0.01567
42.6,0,-3.67436,-2.48270,-0.03142,0.49399,0.05894,0.00000,
42.6,1,-4.41592,-1.71033,-1.23831,0.21480,0.11307,0.07073,0.44380
42.6,2,-4.44036,-0.50342,-1.62955,0.38287,0.15437,0.20715,0.02000
42.62,0,-3.66448,-2.48301,-0.03027,0.49399,0.05669,0.00000,
42.62,1,-4.41459,-1.71410,-1.23546,0.18464,0.15431,0.07419,0.45366
42.62,2,-4.44082,-0.51125,-1.62605,0.41526,0.22928,0.20314,0.00186
42.64,0,-3.65461,-2.48331,-0.02916,0.49399,0.05453,0.00000,
42.64,1,-4.41334,-1.71767,-1.23348,0.19194,0.07392,0.07790,0.46353
42.64,2,-4.44128,-0.51963,-1.62145,0.40952,0.20159,0.19836,0.00565
42.66,0,-3.64473,-2.48360,-0.02809,0.49400,0.05245,0.00000,
42.66,1,-4.41207,-1.72128,-1.23189,0.18916,0.08954,0.08164,0.47339
42.66,2,-4.44167,-0.52733,-1.61829,0.36797,0.13238,0.19431,0.00947
42.68,0,-3.63486,-2.48388,-0.02706,0.49400,0.05045,0.00000,
42.68,1,-4.41083,-1.72478,-1.22991,0.18334,0.10324,0.08552,0.48326
42.68,2,-4.44202,-0.53450,-1.61574,0.35626,0.13011,0.19069,0.01318
42.7,0,-3.62498,-2.48415,-0.02607,0.49400,0.04852,0.00000,
42.7,1,-4.40962,-1.72820,-1.22791,0.18005,0.09592,0.08955,0.49313
42.7,2,-4.44234,-0.54167,-1.61302,0.36041,0.13920,0.18699,0.01681
42.72,0,-3.61510,-2.48440,-0.02512,0.49401,0.04667,0.00000,
42.72,1,-4.40776,-1.73382,-1.21075,0.30013,1.03706,0.09165,0.00988
42.72,2,-4.44264,-0.54869,-1.61032,0.33024,0.12694,0.18564,0.02273
42.74,0,-3.60523,-2.48465,-0.02421,0.49401,0.04489,0.00000,
42.74,1,-4.40575,-1.73859,-1.19559,0.25514,0.77451,0.09428,0.01976
42.74,2,-4.44291,-0.55534,-1.60776,0.33442,0.12845,0.18383,0.02789
42.76,0,-3.59535,-2.48489,-0.02333,0.49401,0.04318,0.00000,
42.76,1,-4.40314,-1.74448,-1.17720,0.39598,0.93467,0.09578,0.02964
42.76,2,-4.44316,-0.56200,-1.60524,0.33102,0.12288,0.18316,0.03433
42.78,0,-3.58547,-2.48512,-0.02249,0.49401,0.04153,0.00000,
42.78,1,-4.39949,-1.75304,-1.15957,0.49417,0.81774,0.09479,0.03952
42.78,2,-4.44339,-0.56853,-1.60286,0.32349,0.11695,0.18533,0.04363
42.8,0,-3.57559,-2.48534,-0.02167,0.49402,0.03995,0.00000,
42.8,1,-4.39533,-1.76247,-1.14262,0.51350,0.85499,0.09294,0.04940
42.8,2,-4.44360,-0.57493,-1.60056,0.31766,0.11343,0.18852,0.05392
42.82,0,-3.56572,-2.48556,-0.02089,0.49402,0.03842,0.00000,
42.82,1,-4.39126,-1.77136,-1.12636,0.48280,0.81357,0.09160,0.05928
42.82,2,-4.44378,-0.58277,-1.59759,0.59767,0.34441,0.18975,0.00486
42.84,0,-3.55584,-2.48576,-0.02014,0.49402,0.03696,0.00000,
42.84,1,-4.38718,-1.77994,-1.11050,0.46985,0.77266,0.09055,0.06916
42.84,2,-4.44397,-0.59401,-1.59388,0.49475,0.20148,0.18730,0.01436
42.86,0,-3.54596,-2.48596,-0.01941,0.49402,0.03555,0.00000,
42.86,1,-4.38319,-1.78798,-1.09505,0.41537,0.78414,0.09001,0.07904
42.86,2,-4.44416,-0.60390,-1.58987,0.49475,0.20165,0.18565,0.02333
42.88,0,-3.53608,-2.48615,-0.01872,0.49402,0.03419,0.00000,
42.88,1,-4.37935,-1.79542,-1.08049,0.42124,0.69652,0.09005,0.08892
42.88,2,-4.44444,-0.61428,-1.58724,0.54815,0.09421,0.18294,0.03170
42.9,0,-3.52620,-2.48634,-0.01805,0.49403,0.03289,0.00000,
42.9,1,-4.37539,-1.80286,-1.06677,0.41933,0.68185,0.09008,0.09880
42.9,2,-4.44463,-0.62572,-1.58532,0.58120,0.10650,0.17917,0.04012
42.92,0,-3.51632,-2.48652,-0.01741,0.49403,0.03163,0.00000,
42.92,1,-4.37078,-1.81108,-1.07091,0.47692,-0.60066,0.08918,0.00988
42.92,2,-4.44479,-0.63717,-1.58291,0.56116,0.12762,0.17624,0.04954
42.94,0,-3.50644,-2.48669,-0.01679,0.49403,0.03043,0.00000,
42.94,1,-4.36643,-1.81896,-1.07861,0.42337,-0.12280,0.08878,0.01976
42.94,2,-4.44492,-0.64813,-1.58036,0.53998,0.12506,0.17346,0.05854
42.96,0,-3.49657,-2.48686,-0.01619,0.49403,0.02927,0.00000,
42.96,1,-4.36183,-1.82724,-1.06492,0.50606,1.13922,0.08801,0.02964
42.96,2,-4.44501,-0.65837,-1.57796,0.49827,0.11676,0.17183,0.06801
42.98,0,-3.48669,-2.48702,-0.01562,0.49403,0.02815,0.00000,
42.98,1,-4.35677,-1.83631,-1.04219,0.51999,0.99778,0.08649,0.03952
42.98,2,-4.44509,-0.66849,-1.57568,0.51001,0.11182,0.17116,0.07839
43.0,0,-3.47681,-2.48717,-0.01507,0.49403,0.02708,0.00000,
43.0,1,-4.35209,-1.84439,-1.02491,0.45040,0.75791,0.08595,0.04940
43.0,2,-4.44514,-0.67865,-1.57351,0.50411,0.10568,0.16945,0.08772
43.02,0,-3.46693,-2.48732,-0.01454,0.49403,0.02604,0.00000,
43.02,1,-4.34752,-1.85195,-1.01077,0.43637,0.69630,0.08588,0.05928
43.02,2,-4.44511,-0.68958,-1.56904,0.67313,0.52360,0.16646,0.00438
43.04,0,-3.45705,-2.48746,-0.01403,0.49403,0.02505,0.00000,
43.04,1,-4.34293,-1.85930,-0.99660,0.43139,0.71547,0.08599,0.06916
43.04,2,-4.44508,-0.70291,-1.56101,0.63133,0.30477,0.16089,0.01305
43.06,0,-3.44717,-2.48760,-0.01354,0.49403,0.02410,0.00000,
43.06,1,-4.33826,-1.86652,-0.98239,0.42824,0.70180,0.08618,0.07904
43.06,2,-4.44506,-0.71513,-1.55633,0.58207,0.15657,0.15633,0.02164
43.08,0,-3.43729,-2.48773,-0.01306,0.49403,0.02318,0.00000,
43.08,1,-4.33354,-1.87360,-0.96865,0.42272,0.67497,0.08648,0.08893
43.08,2,-4.44486,-0.72583,-1.55412,0.44351,0.10722,0.15316,0.03015
43.1,0,-3.42741,-2.48786,-0.01261,0.49403,0.02229,0.00000,
43.1,1,-4.32880,-1.88051,-0.95542,0.41612,0.65158,0.08692,0.09881
43.1,2,-4.44465,-0.73364,-1.55125,0.39261,0.14390,0.15270,0.03853
43.12,0,-3.41753,-2.48799,-0.01217,0.49404,0.02144,0.00000,
43.12,1,-4.32404,-1.88725,-0.94262,0.41010,0.63055,0.08749,0.10869
43.12,2,-4.44449,-0.74198,-1.54897,0.43915,0.10474,0.15159,0.04678
43.14,0,-3.40765,-2.48811,-0.01175,0.49404,0.02062,0.00000,
43.14,1,-4.31925,-1.89384,-0.93024,0.40456,0.60964,0.08820,0.11857
43.14,2,-4.44429,-0.75058,-1.54671,0.44649,0.12510,0.15007,0.05491
43.16,0,-3.39777,-2.48822,-0.01135,0.49404,0.01984,0.00000,
43.16,1,-4.31446,-1.90028,-0.91827,0.39897,0.58939,0.08904,0.12845
43.16,2,-4.44405,-0.76045,-1.54408,0.51324,0.13256,0.14717,0.06293
43.18,0,-3.38789,-2.48834,-0.01096,0.49404,0.01908,0.00000,
43.18,1,-4.30965,-1.90657,-0.90669,0.39326,0.57001,0.09000,0.13833
43.18,2,-4.44379,-0.77046,-1.54151,0.48310,0.12382,0.14400,0.07084
43.2,0,-3.37801,-2.48844,-0.01059,0.49404,0.01835,0.00000,
43.2,1,-4.30484,-1.91271,-0.89550,0.38760,0.55093,0.09110,0.14821
43.2,2,-4.44352,-0.77971,-1.53912,0.45019,0.11692,0.14146,0.07863
43.22,0,-3.36813,-2.48855,-0.01023,0.49404,0.01765,0.00000,
43.22,1,-4.30003,-1.91872,-0.88469,0.38205,0.53255,0.09232,0.15809
43.22,2,-4.44324,-0.78863,-1.53682,0.44569,0.11400,0.13913,0.08630
43.24,0,-3.35825,-2.48865,-0.00988,0.49404,0.01698,0.00000,
43.24,1,-4.29523,-1.92458,-0.87423,0.37659,0.51464,0.09367,0.16797
43.24,2,-4.44295,-0.79653,-1.53429,0.39668,0.11760,0.13768,0.09387
43.26,0,-3.34837,-2.48875,-0.00955,0.49404,0.01633,0.00000,
43.26,1,-4.29069,-1.93004,-0.86435,0.35354,0.49525,0.09551,0.17785
43.26,2,-4.44264,-0.80466,-1.53217,0.41042,0.09975,0.13559,0.10095
43.28,0,-3.33849,-2.48884,-0.00923,0.49404,0.01571,0.00000,
43.28,1,-4.28613,-1.93541,-0.85454,0.35117,0.48280,0.09741,0.18773
43.28,2,-4.44233,-0.81277,-1.53021,0.40011,0.09862,0.13345,0.10797
43.3,0,-3.32861,-2.48893,-0.00892,0.49404,0.01511,0.00000,
43.3,1,-4.28155,-1.94067,-0.84514,0.34616,0.46011,0.09941,0.19761
43.3,2,-4.44201,-0.82048,-1.52829,0.40010,0.09956,0.13162,0.11492
43.32,0,-3.31873,-2.48902,-0.00863,0.49404,0.01454,0.00000,
43.32,1,-4.27700,-1.94580,-0.83612,0.34021,0.44485,0.10154,0.20749
43.32,2,-4.44166,-0.82871,-1.52628,0.41457,0.09927,0.12915,0.12175
43.34,0,-3.30885,-2.48911,-0.00834,0.49404,0.01398,0.00000,
43.34,1,-4.27248,-1.95080,-0.82736,0.33507,0.43190,0.10379,0.21737
43.34,2,-4.44130,-0.83684,-1.52437,0.39809,0.09261,0.12669,0.12847
43.36,0,-3.29897,-2.48919,-0.00807,0.49404,0.01345,0.00000,
43.36,1,-4.26815,-1.95555,-0.81912,0.31456,0.41028,0.10639,0.22725
43.36,2,-4.44094,-0.84462,-1.52257,0.38429,0.08868,0.12428,0.13487
43.38,0,-3.28909,-2.48927,-0.00781,0.49404,0.01294,0.00000,
43.38,1,-4.26387,-1.96013,-0.81086,0.31252,0.40999,0.10914,0.23714
43.38,2,-4.44057,-0.85224,-1.52082,0.38026,0.08631,0.12189,0.14111
43.4,0,-3.27920,-2.48935,-0.00755,0.49404,0.01244,0.00000,
43.4,1,-4.25960,-1.96463,-0.80290,0.30838,0.38724,0.11198,0.24702
43.4,2,-4.44019,-0.85981,-1.51912,0.37715,0.08357,0.11949,0.14728
43.42,0,-3.26932,-2.48942,-0.00731,0.49404,0.01197,0.00000,
43.42,1,-4.25536,-1.96903,-0.79535,0.30306,0.37128,0.11493,0.25690
43.42,2,-4.43981,-0.86699,-1.51735,0.34439,0.09004,0.11737,0.15336
43.44,0,-3.25944,-2.48949,-0.00707,0.49404,0.01151,0.00000,
43.44,1,-4.25115,-1.97332,-0.78804,0.29830,0.36097,0.11800,0.26678
43.44,2,-4.43943,-0.87393,-1.51576,0.34952,0.07341,0.11540,0.15933
43.46,0,-3.24956,-2.48956,-0.00685,0.49404,0.01107,0.00000,
43.46,1,-4.24698,-1.97752,-0.78095,0.29411,0.34924,0.12117,0.27666
43.46,2,-4.43904,-0.88088,-1.51432,0.34540,0.07167,0.11333,0.16521
43.48,0,-3.23968,-2.48963,-0.00663,0.49404,0.01065,0.00000,
43.48,1,-4.24283,-1.98163,-0.77410,0.28991,0.33652,0.12445,0.28654
43.48,2,-4.43866,-0.88769,-1.51288,0.33721,0.07247,0.11133,0.17101
43.5,0,-3.22980,-2.48970,-0.00642,0.49404,0.01025,0.00000,
43.5,1,-4.23872,-1.98565,-0.76750,0.28558,0.32454,0.12782,0.29642
43.5,2,-4.43827,-0.89435,-1.51145,0.33125,0.07018,0.10939,0.17672
43.52,0,-3.21992,-2.48976,-0.00622,0.49404,0.00986,0.00000,
43.52,1,-4.23464,-1.98958,-0.76114,0.28131,0.31329,0.13130,0.30630
43.52,2,-4.43781,-0.90090,-1.50297,0.38897,1.31274,0.10748,0.00282
43.54,0,-3.21004,-2.48982,-0.00603,0.49404,0.00948,0.00000,
43.54,1,-4.23060,-1.99343,-0.75499,0.27715,0.30237,0.13488,0.31618
43.54,2,-4.43728,-0.90892,-1.47658,0.40172,1.00880,0.10403,0.00840
43.56,0,-3.20016,-2.48988,-0.00584,0.49404,0.00912,0.00000,
43.56,1,-4.22660,-1.99720,-0.74906,0.27305,0.29176,0.13856,0.32606
43.56,2,-4.43666,-0.91588,-1.46920,0.35410,0.00213,0.10153,0.01390
43.58,0,-3.19028,-2.48994,-0.00567,0.49404,0.00877,0.00000,
43.58,1,-4.22263,-2.00089,-0.74334,0.26900,0.28151,0.14233,0.33594
43.58,2,-4.43589,-0.92310,-1.47025,0.36325,0.00290,0.09868,0.01932
43.6,0,-3.18040,-2.48999,-0.00549,0.49404,0.00844,0.00000,
43.6,1,-4.21870,-2.00450,-0.73782,0.26500,0.27162,0.14621,0.34582
43.6,2,-4.43515,-0.92940,-1.46723,0.28022,0.22176,0.09667,0.02465
43.62,0,-3.17052,-2.49005,-0.00533,0.49404,0.00812,0.00000,
43.62,1,-4.21486,-2.00800,-0.73262,0.24634,0.23348,0.15023,0.35570
43.62,2,-4.43449,-0.93517,-1.46338,0.29702,0.16650,0.09508,0.02985
43.64,0,-3.16064,-2.49010,-0.00517,0.49404,0.00781,0.00000,
43.64,1,-4.21122,-2.01130,-0.72756,0.24503,0.26227,0.15455,0.36558
43.64,2,-4.43385,-0.94109,-1.46039,0.29534,0.14335,0.09312,0.03476
43.66,0,-3.15076,-2.49015,-0.00502,0.49404,0.00751,0.00000,
43.66,1,-4.20758,-2.01454,-0.72241,0.24248,0.24957,0.15892,0.37547
43.66,2,-4.43321,-0.94685,-1.45747,0.28492,0.14908,0.09127,0.03963
43.68,0,-3.14088,-2.49020,-0.00487,0.49404,0.00722,0.00000,
43.68,1,-4.20398,-2.01772,-0.71763,0.23830,0.23214,0.16337,0.38535
43.68,2,-4.43259,-0.95227,-1.45467,0.28445,0.14585,0.08970,0.04444
43.7,0,-3.13099,-2.49025,-0.00473,0.49404,0.00695,0.00000,
43.7,1,-4.20042,-2.02082,-0.71308,0.23428,0.22489,0.16792,0.39523
43.7,2,-4.43188,-0.95828,-1.45163,0.30987,0.15108,0.08746,0.04916
43.72,0,-3.12111,-2.49030,-0.00459,0.49404,0.00668,0.00000,
43.72,1,-4.19469,-2.02565,-0.69725,0.39730,1.06476,0.16982,0.00988
43.72,2,-4.43111,-0.96518,-1.44756,0.42553,0.42626,0.08650,0.00397
43.74,0,-3.11123,-2.49034,-0.00446,0.49404,0.00643,0.00000,
43.74,1,-4.18877,-2.03048,-0.67732,0.34314,0.80449,0.17157,0.01976
43.74,2,-4.43008,-0.97361,-1.43756,0.43104,0.41448,0.08406,0.01161
43.76,0,-3.10135,-2.49039,-0.00434,0.49404,0.00618,0.00000,
43.76,1,-4.18256,-2.03445,-0.65905,0.42320,1.12530,0.17341,0.02964
43.76,2,-4.42893,-0.98239,-1.43283,0.44002,0.12354,0.08052,0.01895
43.78,0,-3.09147,-2.49043,-0.00422,0.49404,0.00595,0.00000,
43.78,1,-4.17423,-2.04073,-0.64151,0.58621,0.61467,0.17243,0.03952
43.78,2,-4.42778,-0.99076,-1.43083,0.40791,0.11364,0.08015,0.02938
43.8,0,-3.08159,-2.49047,-0.00410,0.49404,0.00572,0.00000,
43.8,1,-4.16465,-2.04801,-0.63307,0.59220,0.35463,0.16995,0.04940
43.8,2,-4.42667,-0.99863,-1.42786,0.39210,0.16978,0.08161,0.04142
43.82,0,-3.07171,-2.49051,-0.00399,0.49404,0.00550,0.00000,
43.82,1,-4.15308,-2.05635,-0.62260,0.73566,0.56142,0.16527,0.00988
43.82,2,-4.42555,-1.00638,-1.42441,0.39215,0.16758,0.08475,0.05568
43.84,0,-3.06183,-2.49055,-0.00388,0.49404,0.00529,0.00000,
43.84,1,-4.14181,-2.06460,-0.61096,0.68904,0.57269,0.16094,0.01976
43.84,2,-4.42445,-1.01333,-1.42040,0.34506,0.17320,0.08860,0.06965
43.86,0,-3.05195,-2.49059,-0.00378,0.49404,0.00509,0.00000,
43.86,1,-4.13126,-2.07204,-0.60104,0.60599,0.43831,0.15763,0.02964
43.86,2,-4.42336,-1.02030,-1.41775,0.35581,0.11665,0.09154,0.08255
43.88,0,-3.04207,-2.49063,-0.00368,0.49404,0.00490,0.00000,
43.88,1,-4.12290,-2.07807,-0.59497,0.49619,0.37907,0.15689,0.03952
43.88,2,-4.42228,-1.02727,-1.41529,0.34779,0.13074,0.09262,0.09286
43.9,0,-3.03219,-2.49066,-0.00358,0.49404,0.00471,0.00000,
43.9,1,-4.11455,-2.08378,-0.58523,0.51389,0.52228,0.15631,0.04940
43.9,2,-4.42122,-1.03401,-1.41256,0.33722,0.13851,0.09364,0.10297
43.92,0,-3.02231,-2.49070,-0.00349,0.49404,0.00453,0.00000,
43.92,1,-4.10375,-2.09073,-0.57397,0.67330,0.51765,0.15303,0.00988
43.92,2,-4.42017,-1.04057,-1.40992,0.32223,0.11826,0.09680,0.11580
43.94,0,-3.01243,-2.49073,-0.00340,0.49404,0.00436,0.00000,
43.94,1,-4.09346,-2.09734,-0.56419,0.60361,0.40525,0.15039,0.01976
43.94,2,-4.41910,-1.04714,-1.40742,0.33944,0.12802,0.09953,0.12800
43.96,0,-3.00255,-2.49077,-0.00331,0.49404,0.00419,0.00000,
43.96,1,-4.08329,-2.10385,-0.55739,0.56726,0.25824,0.14791,0.02964
43.96,2,-4.41800,-1.05384,-1.40490,0.33659,0.12331,0.10207,0.14007
43.98,0,-2.99266,-2.49080,-0.00323,0.49404,0.00403,0.00000,
43.98,1,-4.07495,-2.10952,-0.55270,0.49250,0.34057,0.14748,0.03952
43.98,2,-4.41691,-1.06035,-1.40252,0.32535,0.11588,0.10349,0.15015
44.0,0,-2.98278,-2.49083,-0.00315,0.49404,0.00388,0.00000,
44.0,1,-4.06657,-2.11478,-0.54416,0.49882,0.46176,0.14718,0.04940
44.0,2,-4.41583,-1.06669,-1.40025,0.31875,0.11178,0.10475,0.16003
44.02,0,-2.97290,-2.49086,-0.00308,0.49404,0.00373,0.00000,
44.02,1,-4.05797,-2.11997,-0.53540,0.50239,0.40916,0.14671,0.05929
44.02,2,-4.41476,-1.07293,-1.39805,0.31551,0.10856,0.10615,0.17005
44.04,0,-2.96302,-2.49089,-0.00300,0.49404,0.00359,0.00000,
44.04,1,-4.04941,-2.12503,-0.52771,0.49204,0.37388,0.14634,0.06917
44.04,2,-4.41368,-1.07911,-1.39592,0.31153,0.10482,0.10754,0.17998
44.06,0,-2.95314,-2.49092,-0.00293,0.49404,0.00345,0.00000,
44.06,1,-4.04102,-2.12992,-0.52023,0.48081,0.37502,0.14621,0.07905
44.06,2,-4.41260,-1.08519,-1.39386,0.30651,0.10100,0.10885,0.18966
44.08,0,-2.94326,-2.49095,-0.00287,0.49404,0.00332,0.00000,
44.08,1,-4.03275,-2.13466,-0.51278,0.47414,0.36848,0.14627,0.08893
44.08,2,-4.41154,-1.09112,-1.39179,0.27665,0.14111,0.11016,0.19917
44.1,0,-2.93338,-2.49098,-0.00280,0.49404,0.00320,0.00000,
44.1,1,-4.02454,-2.13929,-0.50558,0.46852,0.35303,0.14644,0.09881
44.1,2,-4.41054,-1.09626,-1.38930,0.26835,0.08376,0.11216,0.20856
44.12,0,-2.92350,-2.49101,-0.00274,0.49404,0.00307,0.00000,
44.12,1,-4.01640,-2.14379,-0.49867,0.46171,0.33965,0.14673,0.10869
44.12,2,-4.40955,-1.10160,-1.38792,0.27184,0.06960,0.11387,0.21783
44.14,0,-2.91362,-2.49103,-0.00268,0.49404,0.00296,0.00000,
44.14,1,-4.00836,-2.14817,-0.49200,0.45449,0.32890,0.14718,0.11857
44.14,2,-4.40858,-1.10687,-1.38631,0.26371,0.08753,0.11556,0.22695
44.16,0,-2.90374,-2.49106,-0.00262,0.49404,0.00284,0.00000,
44.16,1,-4.00042,-2.15243,-0.48553,0.44769,0.31825,0.14777,0.12845
44.16,2,-4.40762,-1.11197,-1.38453,0.25678,0.08761,0.11730,0.23593
44.18,0,-2.89386,-2.49109,-0.00256,0.49404,0.00274,0.00000,
44.18,1,-3.99256,-2.15657,-0.47929,0.44117,0.30747,0.14850,0.13833
44.18,2,-4.40669,-1.11688,-1.38307,0.25876,0.07802,0.11913,0.24477
44.2,0,-2.88398,-2.49111,-0.00251,0.49404,0.00263,0.00000,
44.2,1,-3.98485,-2.16060,-0.47346,0.40843,0.19594,0.14942,0.14821
44.2,2,-4.40569,-1.12217,-1.38138,0.27188,0.08520,0.12047,0.25343
44.22,0,-2.87409,-2.49114,-0.00246,0.49404,0.00253,0.00000,
44.22,1,-3.97761,-2.16440,-0.46815,0.40963,0.30934,0.15087,0.15809
44.22,2,-4.40468,-1.12740,-1.37978,0.26086,0.07580,0.12149,0.26157
44.24,0,-2.86421,-2.49116,-0.00241,0.49404,0.00244,0.00000,
44.24,1,-3.97031,-2.16810,-0.46191,0.40794,0.29971,0.15231,0.16797
44.24,2,-4.40372,-1.13240,-1.37833,0.25072,0.07075,0.12273,0.26972
44.26,0,-2.85433,-2.49119,-0.00236,0.49404,0.00234,0.00000,
44.26,1,-3.96308,-2.17171,-0.45638,0.40031,0.26089,0.15386,0.17786
44.26,2,-4.40277,-1.13729,-1.37693,0.24797,0.06958,0.12399,0.27776
44.28,0,-2.84445,-2.49121,-0.00232,0.49404,0.00225,0.00000,
44.28,1,-3.95598,-2.17520,-0.45129,0.39250,0.25290,0.15557,0.18774
44.28,2,-4.40181,-1.14214,-1.37555,0.24625,0.06767,0.12516,0.28563
44.3,0,-2.83457,-2.49123,-0.00227,0.49404,0.00217,0.00000,
44.3,1,-3.94907,-2.17858,-0.44658,0.36342,0.17236,0.15752,0.19762
44.3,2,-4.40087,-1.14693,-1.37423,0.24257,0.06499,0.12624,0.29328
44.32,0,-2.82469,-2.49125,-0.00223,0.49404,0.00208,0.00000,
44.32,1,-3.94251,-2.18178,-0.44190,0.36619,0.26842,0.15987,0.20750
44.32,2,-4.39981,-1.15259,-1.37076,0.37165,0.41607,0.12621,0.00366
44.34,0,-2.81481,-2.49128,-0.00219,0.49404,0.00201,0.00000,
44.34,1,-3.93591,-2.18491,-0.43661,0.36383,0.25019,0.16220,0.21738
44.34,2,-4.39844,-1.16004,-1.36351,0.38234,0.34864,0.12442,0.01097
44.36,0,-2.80493,-2.49130,-0.00215,0.49404,0.00193,0.00000,
44.36,1,-3.92938,-2.18796,-0.43200,0.35633,0.21803,0.16465,0.22726
44.36,2,-4.39693,-1.16722,-1.35640,0.39927,0.42257,0.12272,0.01816
44.38,0,-2.79505,-2.49132,-0.00211,0.49404,0.00186,0.00000,
44.38,1,-3.92298,-2.19091,-0.42773,0.34957,0.21310,0.16725,0.23714
44.38,2,-4.39506,-1.17569,-1.34728,0.44533,0.45060,0.11961,0.02521
44.4,0,-2.78517,-2.49134,-0.00208,0.49404,0.00179,0.00000,
44.4,1,-3.91667,-2.19379,-0.42347,0.34471,0.21147,0.16998,0.24702
44.4,2,-4.39314,-1.18411,-1.33889,0.41601,0.39642,0.11645,0.03215
44.42,0,-2.77529,-2.49136,-0.00204,0.49404,0.00172,0.00000,
44.42,1,-3.91043,-2.19660,-0.41932,0.34007,0.20385,0.17279,0.25690
44.42,2,-4.39130,-1.19189,-1.33122,0.39034,0.37791,0.11386,0.03899
44.44,0,-2.76541,-2.49138,-0.00201,0.49404,0.00165,0.00000,
44.44,1,-3.90427,-2.19935,-0.41534,0.33497,0.19555,0.17571,0.26678
44.44,2,-4.38946,-1.19943,-1.32370,0.38798,0.37437,0.11142,0.04574
44.46,0,-2.75558,-2.49140,-0.00197,0.50485,0.00156,0.00000,
44.46,1,-3.89819,-2.20203,-0.41150,0.32979,0.18884,0.17869,0.27661
44.46,2,-4.38756,-1.20697,-1.31632,0.38873,0.36334,0.10888,0.05238
44.48,0,-2.74533,-2.49142,-0.00194,0.51464,0.00146,0.00000,
44.48,1,-3.89220,-2.20465,-0.40779,0.32483,0.18259,0.18218,0.28686
44.48,2,-4.38562,-1.21444,-1.30921,0.38310,0.34896,0.10633,0.05892
44.5,0,-2.73510,-2.49144,-0.00191,0.50823,0.00147,0.00000,
44.5,1,-3.88628,-2.20720,-0.40421,0.32001,0.17628,0.18576,0.29709
44.5,2,-4.38372,-1.22115,-1.30113,0.33497,0.37777,0.10442,0.06536
44.52,0,-2.72500,-2.49146,-0.00188,0.50357,0.00143,0.00000,
44.52,1,-3.87776,-2.21032,-0.39776,0.46728,0.34375,0.18656,0.01010
44.52,2,-4.38187,-1.22772,-1.29498,0.34465,0.27770,0.10436,0.07441
44.54,0,-2.71492,-2.49148,-0.00186,0.50415,0.00136,0.00000,
44.54,1,-3.86943,-2.21362,-0.39161,0.43452,0.12776,0.18747,0.02018
44.54,2,-4.38000,-1.23431,-1.28928,0.33853,0.29701,0.10441,0.08337
44.56,0,-2.70540,-2.49150,-0.00184,0.47352,0.00118,0.00000,
44.56,1,-3.86113,-2.21718,-0.39225,0.45463,0.11034,0.18783,0.02970
44.56,2,-4.37814,-1.24071,-1.28317,0.32900,0.30740,0.10491,0.09241
44.58,0,-2.69581,-2.49151,-0.00181,0.48316,0.00145,0.00000,
44.58,1,-3.85146,-2.22110,-0.38643,0.58361,0.35600,0.18687,0.03929
44.58,2,-4.37631,-1.24688,-1.27737,0.32379,0.28542,0.10660,0.10283
44.6,0,-2.68613,-2.49153,-0.00178,0.48309,0.00123,0.00000,
44.6,1,-3.84011,-2.22566,-0.37952,0.61396,0.32165,0.18421,0.04897
44.6,2,-4.37440,-1.25322,-1.27158,0.33389,0.28759,0.10955,0.11506
44.62,0,-2.67651,-2.49155,-0.00176,0.48004,0.00112,0.00000,
44.62,1,-3.82723,-2.23073,-0.37090,0.70113,0.54796,0.17991,0.00963
44.62,2,-4.37246,-1.25950,-1.26620,0.33197,0.27342,0.11381,0.12890
44.64,0,-2.66703,-2.49157,-0.00173,0.47856,0.00119,0.00000,
44.64,1,-3.81495,-2.23566,-0.36125,0.64823,0.30402,0.17609,0.01910
44.64,2,-4.37047,-1.26582,-1.26077,0.32917,0.26697,0.11767,0.14213
44.66,0,-2.65717,-2.49158,-0.00171,0.50084,0.00101,0.00000,
44.66,1,-3.80383,-2.24007,-0.35837,0.49303,-0.13698,0.17392,0.02896
44.66,2,-4.36849,-1.27199,-1.25561,0.31938,0.25131,0.12072,0.15408
44.68,0,-2.64725,-2.49160,-0.00169,0.50453,0.00104,0.00000,
44.68,1,-3.79539,-2.24404,-0.36169,0.46374,-0.14671,0.17453,0.03888
44.68,2,-4.36654,-1.27799,-1.25069,0.31313,0.24169,0.12226,0.16341
44.7,0,-2.63702,-2.49162,-0.00167,0.51332,0.00094,0.00000,
44.7,1,-3.78660,-2.24766,-0.36050,0.48897,0.24726,0.17518,0.04911
44.7,2,-4.36459,-1.28377,-1.24559,0.26831,0.34960,0.12390,0.17291
44.72,0,-2.62682,-2.49163,-0.00165,0.50680,0.00096,0.00000,
44.72,1,-3.77745,-2.25114,-0.35244,0.47656,0.51805,0.17550,0.05932
44.72,2,-4.36260,-1.28999,-1.23821,0.42049,0.79224,0.12525,0.00481
44.74,0,-2.61674,-2.49165,-0.00163,0.50239,0.00094,0.00000,
44.74,1,-3.76769,-2.25475,-0.34536,0.54407,0.24356,0.17508,0.06939
44.74,2,-4.36029,-1.29795,-1.22283,0.37586,0.66169,0.12546,0.01522
44.76,0,-2.60669,-2.49167,-0.00161,0.50307,0.00089,0.00000,
44.76,1,-3.75751,-2.25841,-0.34110,0.52951,0.21949,0.17422,0.07944
44.76,2,-4.35770,-1.30480,-1.20661,0.42487,0.91061,0.12677,0.02604
44.78,0,-2.59661,-2.49168,-0.00160,0.50455,0.00085,0.00000,
44.78,1,-3.74788,-2.26183,-0.33611,0.49833,0.26912,0.17399,0.08952
44.78,2,-4.35396,-1.31453,-1.19390,0.57611,0.38769,0.12460,0.03626
44.8,0,-2.58709,-2.49170,-0.00159,0.47283,0.00071,0.00000,
44.8,1,-3.73860,-2.26507,-0.33070,0.48922,0.26435,0.17360,0.09904
44.8,2,-4.34977,-1.32529,-1.18868,0.56010,0.23867,0.12103,0.04609
44.82,0,-2.57752,-2.49172,-0.00157,0.48177,0.00096,0.00000,
44.82,1,-3.72935,-2.26825,-0.32565,0.48857,0.24355,0.17330,0.10861
44.82,2,-4.34587,-1.33507,-1.18266,0.50260,0.34949,0.11845,0.05587
44.84,0,-2.56787,-2.49173,-0.00155,0.48188,0.00079,0.00000,
44.84,1,-3.72110,-2.27122,-0.32242,0.43498,0.22762,0.17412,0.11826
44.84,2,-4.34221,-1.34389,-1.17462,0.43447,0.49531,0.11611,0.06464
44.86,0,-2.55827,-2.49175,-0.00154,0.47908,0.00070,0.00000,
44.86,1,-3.71275,-2.27406,-0.31689,0.44344,0.28221,0.17483,0.12787
44.86,2,-4.33868,-1.35211,-1.16702,0.45797,0.30270,0.11435,0.07346
44.88,0,-2.54886,-2.49176,-0.00152,0.49222,0.00071,0.00000,
44.88,1,-3.70440,-2.27682,-0.31193,0.43489,0.22005,0.17535,0.13727
44.88,2,-4.33502,-1.36060,-1.16152,0.46129,0.27412,0.11227,0.08225
44.9,0,-2.53862,-2.49178,-0.00151,0.52027,0.00056,0.00000,
44.9,1,-3.69634,-2.27944,-0.30718,0.44074,0.19290,0.17703,0.14751
44.9,2,-4.33140,-1.36892,-1.15570,0.44690,0.30216,0.11011,0.09072
44.92,0,-2.52830,-2.49179,-0.00149,0.51002,0.00065,0.00000,
44.92,1,-3.68778,-2.28216,-0.30356,0.44918,0.18488,0.17828,0.15783
44.92,2,-4.32785,-1.37695,-1.15001,0.44667,0.30699,0.10865,0.09970
44.94,0,-2.51824,-2.49181,-0.00148,0.49894,0.00066,0.00000,
44.94,1,-3.67939,-2.28479,-0.29961,0.43079,0.20444,0.17946,0.16789
44.94,2,-4.32420,-1.38508,-1.14423,0.44634,0.27733,0.10692,0.10849
44.96,0,-2.50828,-2.49182,-0.00147,0.49886,0.00061,0.00000,
44.96,1,-3.67131,-2.28729,-0.29556,0.41803,0.19840,0.18088,0.17786
44.96,2,-4.32045,-1.39331,-1.13848,0.45296,0.28794,0.10480,0.11694
44.98,0,-2.49826,-2.49184,-0.00146,0.50208,0.00058,0.00000,
44.98,1,-3.66336,-2.28971,-0.29173,0.41419,0.18603,0.18250,0.18787
44.98,2,-4.31671,-1.40142,-1.13294,0.43997,0.26728,0.10269,0.12525
45.0,0,-2.48820,-2.49185,-0.00145,0.50299,0.00056,0.00000,
45.0,1,-3.65546,-2.29208,-0.28809,0.41024,0.17953,0.18423,0.19793
45.0,2,-4.31304,-1.40926,-1.12776,0.42836,0.25368,0.10081,0.13349
45.02,0,-2.47838,-2.49186,-0.00144,0.46502,0.00014,0.00000,
45.02,1,-3.64858,-2.29426,-0.28572,0.36437,0.18294,0.18677,0.20775
45.02,2,-4.30952,-1.41653,-1.12188,0.37838,0.31807,0.09874,0.14070
45.04,0,-2.46896,-2.49188,-0.00143,0.47589,0.00062,0.00000,
45.04,1,-3.64150,-2.29637,-0.28153,0.37076,0.20632,0.18873,0.21717
45.04,2,-4.30614,-1.42342,-1.11696,0.38673,0.20677,0.09717,0.14809
45.06,0,-2.45938,-2.49189,-0.00142,0.48051,0.00060,0.00000,
45.06,1,-3.63446,-2.29842,-0.27795,0.36236,0.15883,0.19090,0.22676
45.06,2,-4.30275,-1.43035,-1.11290,0.38339,0.20957,0.09552,0.15542
45.08,0,-2.44979,-2.49191,-0.00141,0.47839,0.00046,0.00000,
45.08,1,-3.62774,-2.30035,-0.27454,0.35047,0.16715,0.19343,0.23635
45.08,2,-4.29940,-1.43713,-1.10850,0.37373,0.22521,0.09374,0.16240
45.1,0,-2.44044,-2.49192,-0.00139,0.48471,0.00049,0.00000,
45.1,1,-3.62068,-2.30234,-0.27168,0.37477,0.13457,0.19537,0.24569
45.1,2,-4.29614,-1.44366,-1.10443,0.35144,0.15186,0.09251,0.16973
45.12,0,-2.43029,-2.49193,-0.00139,0.51797,0.00033,0.00000,
45.12,1,-3.61353,-2.30434,-0.26889,0.36467,0.14458,0.19802,0.25584
45.12,2,-4.29279,-1.45031,-1.10037,0.38471,0.23020,0.09122,0.17715
45.14,0,-2.41999,-2.49195,-0.00138,0.50977,0.00042,0.00000,
45.14,1,-3.60667,-2.30623,-0.26596,0.34970,0.14579,0.20113,0.26615
45.14,2,-4.28929,-1.45718,-1.09584,0.38175,0.21469,0.08943,0.18425
45.16,0,-2.40994,-2.49196,-0.00137,0.49773,0.00044,0.00000,
45.16,1,-3.59999,-2.30804,-0.26313,0.34422,0.13760,0.20418,0.27619
45.16,2,-4.28589,-1.46380,-1.09187,0.36503,0.18869,0.08775,0.19117
45.18,0,-2.40001,-2.49198,-0.00136,0.49678,0.00040,0.00000,
45.18,1,-3.59337,-2.30983,-0.26045,0.34182,0.13147,0.20718,0.28612
45.18,2,-4.28257,-1.47019,-1.08817,0.35682,0.18350,0.08628,0.19802
45.2,0,-2.39004,-2.49199,-0.00135,0.50004,0.00038,0.00000,
45.2,1,-3.58681,-2.31158,-0.25787,0.33721,0.12768,0.21029,0.29609
45.2,2,-4.27937,-1.47622,-1.08395,0.31580,0.24627,0.08511,0.20480
45.22,0,-2.38002,-2.49200,-0.00135,0.50122,0.00037,0.00000,
45.22,1,-3.58079,-2.31322,-0.25582,0.31405,0.13025,0.21400,0.30611
45.22,2,-4.27634,-1.48185,-1.08026,0.32204,0.14959,0.08396,0.21104
45.24,0,-2.37000,-2.49202,-0.00134,0.50059,0.00036,0.00000,
45.24,1,-3.57470,-2.31482,-0.25307,0.31412,0.13394,0.21766,0.31613
45.24,2,-4.27330,-1.48751,-1.07737,0.31918,0.14968,0.08282,0.21733
45.26,0,-2.36000,-2.49203,-0.00133,0.50008,0.00034,0.00000,
45.26,1,-3.56873,-2.31638,-0.25073,0.28429,0.06413,0.22143,0.32614
45.26,2,-4.27032,-1.49306,-1.07418,0.31134,0.16433,0.08171,0.22349
45.28,0,-2.34999,-2.49204,-0.00133,0.50012,0.00033,0.00000,
45.28,1,-3.56321,-2.31783,-0.24881,0.28692,0.11761,0.22566,0.33614
45.28,2,-4.26739,-1.49847,-1.07093,0.30555,0.15880,0.08038,0.22919
45.3,0,-2.34061,-2.49206,-0.00132,0.47017,0.00026,0.00000,
45.3,1,-3.55764,-2.31925,-0.24637,0.28616,0.11860,0.22924,0.34552
45.3,2,-4.26450,-1.50374,-1.06817,0.30210,0.13858,0.07921,0.23492
45.32,0,-2.33110,-2.49207,-0.00132,0.47848,0.00044,0.00000,
45.32,1,-3.55215,-2.32063,-0.24420,0.28035,0.10172,0.23302,0.35503
45.32,2,-4.26147,-1.50921,-1.05412,0.32621,2.11949,0.07774,0.00282
45.34,0,-2.32153,-2.49208,-0.00131,0.47801,0.00031,0.00000,
45.34,1,-3.54677,-2.32197,-0.24223,0.27477,0.09705,0.23700,0.36460
45.34,2,-4.25845,-1.51460,-1.00848,0.30975,2.24795,0.07626,0.00836
45.36,0,-2.31222,-2.49209,-0.00130,0.47745,0.00034,0.00000,
45.36,1,-3.54148,-2.32328,-0.24029,0.27085,0.09655,0.24080,0.37392
45.36,2,-4.25523,-1.51990,-0.98467,0.31409,0.32075,0.07464,0.01381
45.38,0,-2.30216,-2.49211,-0.00130,0.51578,0.00015,0.00000,
45.38,1,-3.53626,-2.32456,-0.23839,0.26722,0.09349,0.24542,0.38398
45.38,2,-4.25161,-1.52534,-0.98573,0.32902,-0.11541,0.07260,0.01919
45.4,0,-2.29186,-2.49212,-0.00129,0.50996,0.00025,0.00000,
45.4,1,-3.53116,-2.32580,-0.23646,0.25968,0.09866,0.25040,0.39427
45.4,2,-4.24803,-1.53066,-0.98402,0.31258,0.25235,0.07059,0.02444
45.42,0,-2.28182,-2.49213,-0.00129,0.49709,0.00028,0.00000,
45.42,1,-3.52599,-2.32705,-0.23472,0.26856,0.08124,0.25508,0.40431
45.42,2,-4.24504,-1.53514,-0.97737,0.26004,0.33571,0.06964,0.02975
45.44,0,-2.27191,-2.49215,-0.00128,0.49522,0.00025,0.00000,
45.44,1,-3.52080,-2.32829,-0.23311,0.26368,0.08135,0.25959,0.41422
45.44,2,-4.24210,-1.53951,-0.97158,0.26519,0.25292,0.06885,0.03509
45.46,0,-2.26197,-2.49216,-0.00128,0.49846,0.00023,0.00000,
45.46,1,-3.51576,-2.32948,-0.23147,0.25577,0.08161,0.26430,0.42416
45.46,2,-4.23911,-1.54388,-0.96692,0.26295,0.22710,0.06790,0.04027
45.48,0,-2.25198,-2.49217,-0.00127,0.49991,0.00022,0.00000,
45.48,1,-3.51083,-2.33064,-0.22987,0.25152,0.07811,0.26917,0.43415
45.48,2,-4.23617,-1.54815,-0.96228,0.25645,0.23588,0.06696,0.04533
45.5,0,-2.24199,-2.49218,-0.00127,0.49936,0.00022,0.00000,
45.5,1,-3.50596,-2.33178,-0.22835,0.24884,0.07466,0.27411,0.44414
45.5,2,-4.23329,-1.55226,-0.95820,0.26000,0.23406,0.06614,0.05033
45.52,0,-2.23201,-2.49220,-0.00126,0.49879,0.00021,0.00000,
45.52,1,-3.50115,-2.33290,-0.22689,0.24539,0.07215,0.27910,0.45412
45.52,2,-4.23022,-1.55663,-0.95324,0.26815,0.24506,0.06496,0.05527
45.54,0,-2.22204,-2.49221,-0.00126,0.49879,0.00020,0.00000,
45.54,1,-3.49660,-2.33397,-0.22579,0.20476,0.01315,0.28435,0.46410
45.54,2,-4.22717,-1.56092,-0.94870,0.25778,0.21253,0.06365,0.05995
45.56,0,-2.21206,-2.49222,-0.00125,0.49896,0.00019,0.00000,
45.56,1,-3.49249,-2.33495,-0.22457,0.21622,0.08751,0.29005,0.47407
45.56,2,-4.22423,-1.56502,-0.94463,0.24922,0.20010,0.06219,0.06417
45.58,0,-2.20208,-2.49223,-0.00125,0.49900,0.00019,0.00000,
45.58,1,-3.48825,-2.33592,-0.22284,0.21607,0.07761,0.29564,0.48405
45.58,2,-4.22133,-1.56903,-0.94065,0.24658,0.19803,0.06091,0.06852
45.6,0,-2.19210,-2.49225,-0.00125,0.49897,0.00018,0.00000,
45.6,1,-3.48411,-2.33686,-0.22154,0.20897,0.05796,0.30132,0.49403
45.6,2,-4.21844,-1.57300,-0.93674,0.24448,0.19213,0.05958,0.07276
45.62,0,-2.18268,-2.49226,-0.00125,0.46780,0.00008,0.00000,
45.62,1,-3.47579,-2.33807,-0.21669,0.42594,0.47085,0.30227,0.00942
45.62,2,-4.21556,-1.57691,-0.93299,0.24076,0.18413,0.06143,0.08114
45.64,0,-2.17321,-2.49227,-0.00124,0.47685,0.00029,0.00000,
45.64,1,-3.46785,-2.33937,-0.20622,0.40060,0.52689,0.30364,0.01889
45.64,2,-4.21272,-1.58074,-0.92938,0.23667,0.17718,0.06318,0.08917
45.66,0,-2.16366,-2.49228,-0.00124,0.47706,0.00019,0.00000,
45.66,1,-3.46000,-2.34076,-0.19638,0.38396,0.34516,0.30517,0.02844
45.66,2,-4.20991,-1.58450,-0.92591,0.23306,0.17099,0.06503,0.09714
45.68,0,-2.15435,-2.49229,-0.00123,0.48280,0.00017,0.00000,
45.68,1,-3.45092,-2.34289,-0.20154,0.60804,-0.46512,0.30515,0.03775
45.68,2,-4.20736,-1.58789,-0.92245,0.20646,0.16638,0.06874,0.10646
45.7,0,-2.14424,-2.49231,-0.00123,0.51572,0.00003,0.00000,
45.7,1,-3.43615,-2.34591,-0.20481,0.83269,0.11217,0.30017,0.04786
45.7,2,-4.20486,-1.59119,-0.91928,0.20678,0.15427,0.07727,0.12154
45.72,0,-2.13398,-2.49232,-0.00123,0.50733,0.00014,0.00000,
45.72,1,-3.42045,-2.34914,-0.19890,0.76889,0.29851,0.29441,0.05811
45.72,2,-4.20237,-1.59446,-0.91623,0.20348,0.15137,0.08671,0.13756
45.74,0,-2.12399,-2.49233,-0.00123,0.49534,0.00016,0.00000,
45.74,1,-3.40622,-2.35197,-0.19498,0.69043,0.13481,0.28989,0.06811
45.74,2,-4.19992,-1.59765,-0.91324,0.19935,0.14747,0.09497,0.15208
45.76,0,-2.11410,-2.49234,-0.00122,0.49446,0.00014,0.00000,
45.76,1,-3.39490,-2.35451,-0.19561,0.54018,-0.09097,0.28819,0.07799
45.76,2,-4.19751,-1.60078,-0.91036,0.19623,0.14173,0.10104,0.16368
45.78,0,-2.10418,-2.49236,-0.00122,0.49773,0.00012,0.00000,
45.78,1,-3.38418,-2.35688,-0.19656,0.56435,0.05348,0.28715,0.08792
45.78,2,-4.19512,-1.60385,-0.90758,0.19358,0.13624,0.10665,0.17466
45.8,0,-2.09421,-2.49237,-0.00122,0.49889,0.00012,0.00000,
45.8,1,-3.37272,-2.35915,-0.19323,0.59431,0.22144,0.28543,0.09789
45.8,2,-4.19275,-1.60688,-0.90491,0.19076,0.13133,0.11282,0.18634
45.82,0,-2.08423,-2.49238,-0.00122,0.49825,0.00012,0.00000,
45.82,1,-3.36147,-2.36140,-0.18797,0.59379,0.21728,0.28393,0.10786
45.82,2,-4.19042,-1.60985,-0.90234,0.18783,0.12658,0.11892,0.19780
45.84,0,-2.07428,-2.49239,-0.00121,0.49774,0.00011,0.00000,
45.84,1,-3.34924,-2.36375,-0.18506,0.63175,0.11565,0.28143,0.11782
45.84,2,-4.18811,-1.61277,-0.90008,0.18896,0.12602,0.12591,0.21026
45.86,0,-2.06432,-2.49240,-0.00121,0.49778,0.00011,0.00000,
45.86,1,-3.33710,-2.36602,-0.18251,0.60126,0.14389,0.27904,0.12778
45.86,2,-4.18575,-1.61574,-0.89752,0.18857,0.12505,0.13275,0.22260
45.88,0,-2.05436,-2.49242,-0.00121,0.49794,0.00011,0.00000,
45.88,1,-3.32594,-2.36813,-0.17991,0.53528,0.10381,0.27764,0.13773
45.88,2,-4.18343,-1.61864,-0.89516,0.18328,0.11252,0.13887,0.23396
45.9,0,-2.04440,-2.49243,-0.00121,0.49797,0.00010,0.00000,
45.9,1,-3.31546,-2.37011,-0.17734,0.50767,0.10392,0.27693,0.14769
45.9,2,-4.18117,-1.62147,-0.89298,0.17938,0.10743,0.14451,0.24462
45.92,0,-2.03445,-2.49244,-0.00121,0.49794,0.00010,0.00000,
45.92,1,-3.30530,-2.37200,-0.17448,0.52274,0.16257,0.27654,0.15765
45.92,2,-4.17894,-1.62424,-0.89085,0.17722,0.10522,0.14995,0.25496
45.94,0,-2.02449,-2.49245,-0.00120,0.49792,0.00009,0.00000,
45.94,1,-3.29503,-2.37383,-0.17132,0.51727,0.14735,0.27607,0.16761
45.94,2,-4.17672,-1.62698,-0.88879,0.17498,0.10162,0.15550,0.26538
45.96,0,-2.01453,-2.49246,-0.00120,0.49792,0.00009,0.00000,
45.96,1,-3.28521,-2.37556,-0.16820,0.49924,0.14725,0.27605,0.17757
45.96,2,-4.17454,-1.62967,-0.88680,0.17226,0.09751,0.16071,0.27534
45.98,0,-2.00457,-2.49248,-0.00120,0.49793,0.00009,0.00000,
45.98,1,-3.27492,-2.37731,-0.16584,0.53296,0.10784,0.27555,0.18753
45.98,2,-4.17238,-1.63232,-0.88489,0.16953,0.09385,0.16639,0.28578
46.0,0,-1.99469,-2.49249,-0.00120,0.45991,-0.00034,0.00000,
46.0,1,-3.26451,-2.37906,-0.16356,0.51815,0.12113,0.27488,0.19741
46.0,2,-4.17025,-1.63492,-0.88305,0.16698,0.09047,0.17222,0.29632
46.02,0,-1.98538,-2.49250,-0.00120,0.47043,0.00010,0.00000,
46.02,1,-3.25454,-2.38070,-0.16106,0.49699,0.12512,0.27407,0.20672
46.02,2,-4.16825,-1.63735,-0.88125,0.14650,0.08909,0.17790,0.30643
46.04,0,-1.97589,-2.49251,-0.00120,0.47677,0.00018,0.00000,
46.04,1,-3.24483,-2.38228,-0.15864,0.48934,0.11743,0.27372,0.21621
46.04,2,-4.16638,-1.63962,-0.87955,0.14715,0.08270,0.18356,0.31626
46.06,0,-1.96647,-2.49252,-0.00119,0.44274,0.00040,0.00000,
46.06,1,-3.23562,-2.38380,-0.15682,0.45396,0.08943,0.27381,0.22563
46.06,2,-4.16451,-1.64187,-0.87793,0.14547,0.07988,0.18882,0.32558
46.08,0,-1.95691,-2.49253,-0.00119,0.50194,-0.00002,0.00000,
46.08,1,-3.22657,-2.38526,-0.15453,0.46072,0.12519,0.27418,0.23519
46.08,2,-4.16268,-1.64409,-0.87636,0.14250,0.07764,0.19400,0.33475
46.1,0,-1.94666,-2.49255,-0.00119,0.51444,-0.00000,0.00000,
46.1,1,-3.21752,-2.38668,-0.15215,0.45392,0.11050,0.27526,0.24544
46.1,2,-4.16087,-1.64626,-0.87483,0.14006,0.07480,0.19922,0.34390
46.12,0,-1.93651,-2.49256,-0.00119,0.50057,0.00009,0.00000,
46.12,1,-3.20617,-2.38822,-0.14485,0.59169,0.54578,0.27394,0.01014
46.12,2,-4.15909,-1.64839,-0.87337,0.13814,0.07189,0.20640,0.35533
46.14,0,-1.92661,-2.49257,-0.00119,0.49304,0.00008,0.00000,
46.14,1,-3.19483,-2.38967,-0.13553,0.58304,0.04322,0.27239,0.02005
46.14,2,-4.15733,-1.65049,-0.87196,0.13617,0.06921,0.21359,0.36674
46.16,0,-1.91673,-2.49258,-0.00119,0.49501,0.00006,0.00000,
46.16,1,-3.18133,-2.39152,-0.13968,0.75409,-0.18229,0.26863,0.02993
46.16,2,-4.15559,-1.65256,-0.87061,0.13409,0.06666,0.22280,0.38035
46.18,0,-1.90680,-2.49259,-0.00119,0.49776,0.00006,0.00000,
46.18,1,-3.16639,-2.39360,-0.13898,0.75023,0.15099,0.26348,0.03986
46.18,2,-4.15388,-1.65459,-0.86930,0.13203,0.06418,0.23339,0.39541
46.2,0,-1.89684,-2.49261,-0.00119,0.49794,0.00006,0.00000,
46.2,1,-3.15192,-2.39560,-0.13557,0.70561,0.15990,0.25883,0.04982
46.2,2,-4.15219,-1.65659,-0.86804,0.13005,0.06178,0.24365,0.41000
46.22,0,-1.88689,-2.49262,-0.00118,0.49719,0.00006,0.00000,
46.22,1,-3.13981,-2.39744,-0.13459,0.53987,-0.03844,0.25653,0.05977
46.22,2,-4.15052,-1.65856,-0.86683,0.12810,0.05947,0.25199,0.42225
46.24,0,-1.87695,-2.49263,-0.00118,0.49693,0.00005,0.00000,
46.24,1,-3.12903,-2.39917,-0.13563,0.55554,-0.00858,0.25556,0.06971
46.24,2,-4.14888,-1.66050,-0.86567,0.12617,0.05726,0.25926,0.43316
46.26,0,-1.86701,-2.49264,-0.00118,0.49708,0.00005,0.00000,
46.26,1,-3.11765,-2.40072,-0.13396,0.58505,0.13956,0.25402,0.07965
46.26,2,-4.14725,-1.66240,-0.86455,0.12427,0.05512,0.26696,0.44463
46.28,0,-1.85706,-2.49265,-0.00118,0.49719,0.00005,0.00000,
46.28,1,-3.10635,-2.40227,-0.13033,0.60919,0.13742,0.25255,0.08959
46.28,2,-4.14565,-1.66428,-0.86347,0.12240,0.05306,0.27467,0.45603
46.3,0,-1.84712,-2.49266,-0.00118,0.49718,0.00005,0.00000,
46.3,1,-3.09387,-2.40390,-0.12837,0.63041,0.08359,0.24990,0.09954
46.3,2,-4.14408,-1.66612,-0.86243,0.12056,0.05107,0.28346,0.46860
46.32,0,-1.83718,-2.49268,-0.00118,0.49714,0.00005,0.00000,
46.32,1,-3.08176,-2.40547,-0.12653,0.59261,0.10184,0.24763,0.10948
46.32,2,-4.14264,-1.66788,-0.86242,0.16242,-0.16096,0.29209,
46.34,0,-1.82723,-2.49269,-0.00118,0.49714,0.00005,0.00000,
46.34,1,-3.07029,-2.40692,-0.12437,0.56982,0.10953,0.24602,0.11942
46.34,2,-4.14055,-1.67061,-0.86372,0.17160,-0.06447,0.29908,
46.36,0,-1.81729,-2.49270,-0.00118,0.49715,0.00004,0.00000,
46.36,1,-3.06028,-2.40829,-0.12320,0.50538,0.08587,0.24585,0.12937
46.36,2,-4.13857,-1.67275,-0.86731,0.10684,-0.21349,0.30526,
46.38,0,-1.80735,-2.49271,-0.00118,0.49715,0.00004,0.00000,
46.38,1,-3.04997,-2.40961,-0.12089,0.52673,0.12382,0.24540,0.13931
46.38,2,-4.13788,-1.67356,-0.86991,0.02019,-0.05212,0.31351,
46.4,0,-1.79740,-2.49272,-0.00118,0.49715,0.00004,0.00000,
46.4,1,-3.03979,-2.41088,-0.11844,0.47337,0.14955,0.24507,0.14925
46.4,2,-4.13791,-1.67358,-0.87021,-0.01500,-0.00036,0.32268,
46.42,0,-1.78746,-2.49273,-0.00117,0.49715,0.00004,0.00000,
46.42,1,-3.02949,-2.41212,-0.11647,0.54722,0.07051,0.24465,0.15920
46.42,2,-4.13826,-1.67323,-0.87012,-0.02882,0.01199,0.33242,
46.44,0,-1.77752,-2.49275,-0.00117,0.49715,0.00004,0.00000,
46.44,1,-3.01852,-2.41341,-0.11509,0.54670,0.07589,0.24353,0.16914
46.44,2,-4.13860,-1.67285,-0.86972,-0.02009,0.01873,0.34277,
46.46,0,-1.76758,-2.49276,-0.00117,0.49715,0.00004,0.00000,
46.46,1,-3.00800,-2.41463,-0.11338,0.51568,0.08996,0.24289,0.17908
46.46,2,-4.13878,-1.67264,-0.86951,-0.00995,0.00345,0.35248,
46.48,0,-1.75763,-2.49277,-0.00117,0.49715,0.00003,0.00000,
46.48,1,-2.99885,-2.41575,-0.11234,0.43977,0.05421,0.24361,0.18902
46.48,2,-4.13890,-1.67250,-0.86953,-0.00969,-0.00288,0.36093,
46.5,0,-1.74805,-2.49278,-0.00118,0.46271,-0.00020,0.00000,
46.5,1,-2.98983,-2.41681,-0.11059,0.46379,0.10178,0.24410,0.19860
46.5,2,-4.13905,-1.67233,-0.86958,-0.01258,-0.00165,0.36929,
46.52,0,-1.73867,-2.49279,-0.00117,0.47346,0.00014,0.00000,
46.52,1,-2.98059,-2.41786,-0.10869,0.46129,0.08452,0.24418,0.20798
46.52,2,-4.13921,-1.67213,-0.86960,-0.00961,-0.00004,0.37786,
46.54,0,-1.72916,-2.49280,-0.00117,0.47602,0.00009,0.00000,
46.54,1,-2.97179,-2.41883,-0.10698,0.44244,0.08015,0.24483,0.21750
46.54,2,-4.13925,-1.67208,-0.86959,-0.00003,0.00011,0.38586,
46.56,0,-1.71989,-2.49281,-0.00117,0.47557,0.00009,0.00000,
46.56,1,-2.96259,-2.41982,-0.10566,0.47207,0.06190,0.24484,0.22677
46.56,2,-4.13924,-1.67210,-0.86959,0.00182,0.00005,0.39412,
46.58,0,-1.70987,-2.49283,-0.00117,0.51368,-0.00009,0.00000,
46.58,1,-2.95330,-2.42081,-0.10434,0.45936,0.06940,0.24551,0.23679
46.58,2,-4.13921,-1.67214,-0.86959,0.00231,0.00014,0.40246,
46.6,0,-1.69962,-2.49284,-0.00117,0.50748,0.00002,0.00000,
46.6,1,-2.94438,-2.42174,-0.10292,0.44073,0.07074,0.24679,0.24704
46.6,2,-4.13918,-1.67217,-0.86959,0.00196,0.00009,0.41046,
46.62,0,-1.68963,-2.49285,-0.00117,0.49457,0.00006,0.00000,
46.62,1,-2.93570,-2.42264,-0.10155,0.43382,0.06630,0.24805,0.25703
46.62,2,-4.13916,-1.67220,-0.86959,0.00170,-0.00000,0.41826,
46.64,0,-1.67977,-2.49286,-0.00117,0.49280,0.00003,0.00000,
46.64,1,-2.92731,-2.42351,-0.10044,0.39768,0.03784,0.24946,0.26689
46.64,2,-4.13914,-1.67222,-0.86959,0.00173,-0.00002,0.42582,
46.66,0,-1.66988,-2.49287,-0.00117,0.49609,0.00002,0.00000,
46.66,1,-2.91931,-2.42434,-0.09931,0.40537,0.06819,0.25131,0.27678
46.66,2,-4.13911,-1.67225,-0.86959,0.00182,-0.00001,0.43303,
46.68,0,-1.65994,-2.49288,-0.00117,0.49751,0.00002,0.00000,
46.68,1,-2.91125,-2.42515,-0.09793,0.40246,0.06582,0.25315,0.28672
46.68,2,-4.13909,-1.67228,-0.86959,0.00183,0.00000,0.44028,
46.7,0,-1.64999,-2.49290,-0.00117,0.49695,0.00003,0.00000,
46.7,1,-2.90335,-2.42593,-0.09673,0.39270,0.05611,0.25514,0.29667
46.7,2,-4.13907,-1.67231,-0.86959,0.00181,0.00000,0.44740,
46.72,0,-1.64006,-2.49291,-0.00117,0.49637,0.00002,0.00000,
46.72,1,-2.89562,-2.42668,-0.09564,0.38511,0.05431,0.25730,0.30660
46.72,2,-4.13904,-1.67233,-0.86959,0.00180,0.00000,0.45435,
46.74,0,-1.63013,-2.49292,-0.00117,0.49638,0.00002,0.00000,
46.74,1,-2.88844,-2.42740,-0.09481,0.35761,0.04875,0.26001,0.31652
46.74,2,-4.13902,-1.67236,-0.86959,0.00180,-0.00000,0.46084,
46.76,0,-1.62020,-2.49293,-0.00117,0.49655,0.00002,0.00000,
46.76,1,-2.88126,-2.42809,-0.09365,0.36128,0.06023,0.26272,0.32645
46.76,2,-4.13900,-1.67239,-0.86959,0.00181,-0.00000,0.46731,
46.78,0,-1.61027,-2.49294,-0.00117,0.49660,0.00002,0.00000,
46.78,1,-2.87413,-2.42877,-0.09253,0.35459,0.05166,0.26549,0.33639
46.78,2,-4.13897,-1.67242,-0.86959,0.00181,0.00000,0.47374,
46.8,0,-1.60034,-2.49295,-0.00117,0.49656,0.00002,0.00000,
46.8,1,-2.86716,-2.42942,-0.09157,0.34624,0.04688,0.26842,0.34632
46.8,2,-4.13895,-1.67244,-0.86959,0.00181,0.00000,0.48002,
46.82,0,-1.59041,-2.49297,-0.00116,0.49653,0.00002,0.00000,
46.82,1,-2.86033,-2.43004,-0.09063,0.34086,0.04675,0.27148,0.35625
46.82,2,-4.13893,-1.67247,-0.86959,0.00181,0.00000,0.48618,
46.84,0,-1.58048,-2.49298,-0.00116,0.49654,0.00002,0.00000,
46.84,1,-2.85359,-2.43066,-0.08970,0.33660,0.04588,0.27463,0.36618
46.84,2,-4.13890,-1.67250,-0.86959,0.00181,-0.00000,0.49226,
46.86,0,-1.57055,-2.49299,-0.00116,0.49655,0.00002,0.00000,
46.86,1,-2.84700,-2.43125,-0.08874,0.33386,0.04526,0.27795,0.37611
46.86,2,-4.13888,-1.67253,-0.86959,0.00181,-0.00000,0.49820,
46.88,0,-1.56062,-2.49300,-0.00116,0.49655,0.00002,0.00000,
46.88,1,-2.84025,-2.43185,-0.08792,0.33986,0.03980,0.28109,0.38604
46.88,2,-4.13886,-1.67255,-0.86959,0.00181,0.00000,0.50430,
46.9,0,-1.55069,-2.49301,-0.00116,0.49655,0.00002,0.00000,
46.9,1,-2.83357,-2.43244,-0.08711,0.33059,0.04063,0.28431,0.39597
46.9,2,-4.13883,-1.67258,-0.86959,0.00181,0.00000,0.51033,
46.92,0,-1.54075,-2.49302,-0.00116,0.49655,0.00002,0.00000,
46.92,1,-2.82709,-2.43301,-0.08630,0.32164,0.04012,0.28773,0.40590
46.92,2,-4.13881,-1.67261,-0.86959,0.00181,0.00000,0.51618,
46.94,0,-1.53082,-2.49304,-0.00116,0.49655,0.00002,0.00000,
46.94,1,-2.82073,-2.43356,-0.08552,0.31737,0.03827,0.29128,0.41583
46.94,2,-4.13879,-1.67264,-0.86959,0.00181,-0.00000,0.52193,
46.96,0,-1.52089,-2.49305,-0.00116,0.49655,0.00001,0.00000,
46.96,1,-2.81445,-2.43409,-0.08477,0.31386,0.03675,0.29489,0.42576
46.96,2,-4.13876,-1.67266,-0.86959,0.00181,-0.00000,0.52761,
46.98,0,-1.51096,-2.49306,-0.00116,0.49655,0.00001,0.00000,
46.98,1,-2.80898,-2.43460,-0.08443,0.27389,0.03022,0.29933,0.43570
46.98,2,-4.13874,-1.67269,-0.86959,0.00181,0.00000,0.53257,
47.0,0,-1.50103,-2.49307,-0.00116,0.49655,0.00001,0.00000,
47.0,1,-2.80340,-2.43509,-0.08358,0.28171,0.04540,0.30366,0.44563
47.0,2,-4.13872,-1.67272,-0.86959,0.00181,0.00000,0.53762,
47.02,0,-1.49110,-2.49308,-0.00116,0.49655,0.00001,0.00000,
47.02,1,-2.79785,-2.43556,-0.08278,0.27467,0.03471,0.30802,0.45556
47.02,2,-4.13869,-1.67275,-0.86959,0.00181,-0.00000,0.54264,
47.04,0,-1.48117,-2.49309,-0.00116,0.49655,0.00001,0.00000,
47.04,1,-2.79248,-2.43601,-0.08216,0.26642,0.02980,0.31255,0.46549
47.04,2,-4.13867,-1.67278,-0.86959,0.00181,-0.00000,0.54750,
47.06,0,-1.47124,-2.49310,-0.00116,0.49655,0.00001,0.00000,
47.06,1,-2.78730,-2.43643,-0.08146,0.27111,0.03071,0.31728,0.47542
47.06,2,-4.13865,-1.67280,-0.86959,0.00181,-0.00000,0.55218,
47.08,0,-1.46131,-2.49312,-0.00116,0.49655,0.00001,0.00000,
47.08,1,-2.78172,-2.43689,-0.08090,0.28191,0.02707,0.32161,0.48535
47.08,2,-4.13863,-1.67283,-0.86959,0.00181,0.00000,0.55723,
47.1,0,-1.45138,-2.49313,-0.00116,0.49655,0.00001,0.00000,
47.1,1,-2.77622,-2.43734,-0.08034,0.26964,0.02908,0.32602,0.49528
47.1,2,-4.13860,-1.67286,-0.86959,0.00181,0.00000,0.56221,
47.12,0,-1.44200,-2.49314,-0.00116,0.46574,-0.00008,0.00000,
47.12,1,-2.77304,-2.43777,-0.07995,0.16261,-0.03399,0.33219,
47.12,2,-4.13858,-1.67289,-0.86959,0.00181,-0.00000,0.56517,
47.14,0,-1.43257,-2.49315,-0.00116,0.47467,0.00013,0.00000,
47.14,1,-2.77099,-2.43808,-0.08014,0.03470,0.00456,0.33955,
47.14,2,-4.13856,-1.67291,-0.86959,0.00181,-0.00000,0.56707,
47.16,0,-1.42311,-2.49316,-0.00116,0.45551,0.00021,0.00000,
47.16,1,-2.77091,-2.43808,-0.08002,-0.00887,0.00868,0.34893,
47.16,2,-4.13853,-1.67294,-0.86959,0.00181,0.00000,0.56711,
47.18,0,-1.41369,-2.49317,-0.00116,0.49704,-0.00007,0.00000,
47.18,1,-2.77125,-2.43804,-0.07981,-0.02218,0.00783,0.35868,
47.18,2,-4.13851,-1.67297,-0.86959,0.00181,0.00000,0.56676,
47.2,0,-1.40347,-2.49318,-0.00116,0.51407,-0.00008,0.00000,
47.2,1,-2.77169,-2.43799,-0.07976,-0.02032,-0.00059,0.36933,
47.2,2,-4.13849,-1.67300,-0.86959,0.00181,-0.00000,0.56631,
47.22,0,-1.39332,-2.49320,-0.00116,0.50079,0.00003,0.00000,
47.22,1,-2.77202,-2.43797,-0.07979,-0.01349,-0.00188,0.37980,
47.22,2,-4.13846,-1.67302,-0.86959,0.00181,-0.00000,0.56598,
47.24,0,-1.38342,-2.49321,-0.00116,0.49210,0.00003,0.00000,
47.24,1,-2.77226,-2.43795,-0.07981,-0.01214,-0.00048,0.38994,
47.24,2,-4.13844,-1.67305,-0.86959,0.00106,0.00000,0.56573,
47.26,0,-1.37358,-2.49322,-0.00116,0.49357,0.00001,0.00000,
47.26,1,-2.77252,-2.43793,-0.07981,-0.01376,0.00025,0.40004,
47.26,2,-4.13844,-1.67305,-0.86959,-0.00009,0.00000,0.56549,
47.28,0,-1.36367,-2.49323,-0.00116,0.49653,0.00001,0.00000,
47.28,1,-2.77280,-2.43791,-0.07981,-0.01064,0.00025,0.41021,
47.28,2,-4.13844,-1.67305,-0.86959,-0.00031,-0.00002,0.56524,
47.3,0,-1.35373,-2.49324,-0.00116,0.49691,0.00001,0.00000,
47.3,1,-2.77288,-2.43790,-0.07980,-0.00034,0.00008,0.42022,
47.3,2,-4.13844,-1.67304,-0.86959,-0.00036,0.00000,0.56518,
47.32,0,-1.34380,-2.49325,-0.00116,0.49615,0.00001,0.00000,
47.32,1,-2.76963,-2.43790,-0.07905,0.20490,0.04580,0.42690,0.00993
47.32,2,-4.13845,-1.67304,-0.86959,-0.00030,0.00001,0.56802,
47.34,0,-1.33388,-2.49326,-0.00116,0.49583,0.00001,0.00000,
47.34,1,-2.76638,-2.43789,-0.07763,0.13012,0.07735,0.43357,0.01985
47.34,2,-4.13845,-1.67304,-0.86959,-0.00027,0.00000,0.57085,
47.36,0,-1.32396,-2.49328,-0.00116,0.49597,0.00001,0.00000,
47.36,1,-2.76276,-2.43778,-0.07004,0.29078,0.61489,0.43986,0.02977
47.36,2,-4.13846,-1.67303,-0.86959,-0.00028,-0.00000,0.57397,
47.38,0,-1.31404,-2.49329,-0.00116,0.49610,0.00001,0.00000,
47.38,1,-2.75246,-2.43805,-0.06290,0.60469,0.06322,0.43947,0.03969
47.38,2,-4.13846,-1.67303,-0.86959,-0.00029,-0.00000,0.58312,
47.4,0,-1.30412,-2.49330,-0.00116,0.49609,0.00001,0.00000,
47.4,1,-2.74037,-2.43838,-0.06114,0.58821,0.19620,0.43730,0.04961
47.4,2,-4.13846,-1.67302,-0.86959,-0.00029,-0.00000,0.59387,
47.42,0,-1.29420,-2.49331,-0.00116,0.49605,0.00001,0.00000,
47.42,1,-2.72851,-2.43866,-0.04801,0.63275,0.88287,0.43535,0.05953
47.42,2,-4.13755,-1.67419,-0.86964,0.24655,-0.00948,0.60306,0.00613
47.44,0,-1.28428,-2.49332,-0.00116,0.49604,0.00001,0.00000,
47.44,1,-2.71433,-2.43934,-0.03810,0.76814,0.12207,0.43107,0.06945
47.44,2,-4.13461,-1.67790,-0.86994,0.19821,-0.04119,0.61152,0.02033
47.46,0,-1.27436,-2.49333,-0.00116,0.49605,0.00001,0.00000,
47.46,1,-2.69854,-2.44009,-0.03995,0.81632,-0.15333,0.42518,0.07937
47.46,2,-4.13257,-1.68042,-0.87113,0.14010,-0.06049,0.62282,0.03614
47.48,0,-1.26444,-2.49335,-0.00116,0.49606,0.00001,0.00000,
47.48,1,-2.68211,-2.44082,-0.04159,0.81749,-0.01448,0.41864,0.08929
47.48,2,-4.13045,-1.68318,-0.87301,0.28436,-0.02351,0.63454,0.05258
47.5,0,-1.25452,-2.49336,-0.00116,0.49606,0.00001,0.00000,
47.5,1,-2.66606,-2.44151,-0.04103,0.79230,0.04018,0.41250,0.09921
47.5,2,-4.12408,-1.69039,-0.86856,0.57484,0.11432,0.64012,0.06864
47.52,0,-1.24459,-2.49337,-0.00116,0.49606,0.00001,0.00000,
47.52,1,-2.65034,-2.44216,-0.04055,0.78548,0.00810,0.40668,0.10914
47.52,2,-4.11637,-1.69933,-0.87076,0.56618,-0.16075,0.64348,0.08438
47.54,0,-1.23467,-2.49338,-0.00116,0.49606,0.00001,0.00000,
47.54,1,-2.63459,-2.44280,-0.04059,0.79105,-0.00548,0.40083,0.11906
47.54,2,-4.10935,-1.70794,-0.87456,0.55476,-0.18069,0.64771,0.10015
47.56,0,-1.22475,-2.49339,-0.00116,0.49606,0.00001,0.00000,
47.56,1,-2.61873,-2.44344,-0.04064,0.79456,0.00131,0.39487,0.12898
47.56,2,-4.10173,-1.71724,-0.86986,0.65608,0.65568,0.65126,0.11601
47.58,0,-1.21483,-2.49340,-0.00116,0.49606,0.00001,0.00000,
47.58,1,-2.60286,-2.44409,-0.04056,0.79262,0.00445,0.38890,0.13890
47.58,2,-4.09241,-1.72800,-0.85207,0.74667,0.93291,0.65274,0.13190
47.6,0,-1.20491,-2.49341,-0.00116,0.49606,0.00001,0.00000,
47.6,1,-2.58781,-2.44470,-0.04049,0.71122,0.00294,0.38375,0.14882
47.6,2,-4.08209,-1.73950,-0.83479,0.78639,0.79055,0.65233,0.14697
47.62,0,-1.19499,-2.49343,-0.00116,0.49606,0.00001,0.00000,
47.62,1,-2.57467,-2.44524,-0.04056,0.55515,-0.03630,0.38052,0.15874
47.62,2,-4.07135,-1.75125,-0.81964,0.79544,0.73222,0.64975,0.16011
47.64,0,-1.18507,-2.49344,-0.00116,0.49606,0.00001,0.00000,
47.64,1,-2.56422,-2.44577,-0.04169,0.52710,-0.06694,0.37997,0.16866
47.64,2,-4.06062,-1.76273,-0.80535,0.77807,0.70368,0.64492,0.17058
47.66,0,-1.17515,-2.49345,-0.00116,0.49606,0.00000,0.00000,
47.66,1,-2.55317,-2.44627,-0.04251,0.57584,-0.00928,0.37883,0.17858
47.66,2,-4.04991,-1.77388,-0.79145,0.77090,0.68908,0.64083,0.18163
47.68,0,-1.16523,-2.49346,-0.00116,0.49606,0.00000,0.00000,
47.68,1,-2.54182,-2.44676,-0.04209,0.59887,0.02323,0.37739,0.18850
47.68,2,-4.03905,-1.78487,-0.77782,0.77464,0.67368,0.63701,0.19299
47.7,0,-1.15530,-2.49347,-0.00116,0.49606,0.00000,0.00000,
47.7,1,-2.52917,-2.44729,-0.04189,0.64313,0.00194,0.37464,0.19843
47.7,2,-4.02798,-1.79578,-0.76457,0.77862,0.65290,0.63429,0.20566
47.72,0,-1.14538,-2.49348,-0.00116,0.49606,0.00000,0.00000,
47.72,1,-2.51668,-2.44781,-0.04187,0.60521,0.00251,0.37206,0.20835
47.72,2,-4.01674,-1.80657,-0.75174,0.77943,0.63286,0.63137,0.21816
47.74,0,-1.13546,-2.49349,-0.00116,0.49606,0.00000,0.00000,
47.74,1,-2.50497,-2.44831,-0.04176,0.57529,0.00693,0.37025,0.21827
47.74,2,-4.00535,-1.81722,-0.73929,0.77922,0.61382,0.62770,0.22988
47.76,0,-1.12554,-2.49351,-0.00116,0.49606,0.00000,0.00000,
47.76,1,-2.49354,-2.44878,-0.04162,0.57138,0.00651,0.36873,0.22819
47.76,2,-3.99383,-1.82772,-0.72722,0.77961,0.59547,0.62376,0.24132
47.78,0,-1.11562,-2.49352,-0.00116,0.49606,0.00000,0.00000,
47.78,1,-2.48278,-2.44925,-0.04168,0.53516,0.00173,0.36787,0.23811
47.78,2,-3.98218,-1.83809,-0.71551,0.78043,0.57742,0.61917,0.25209
47.8,0,-1.10570,-2.49353,-0.00116,0.49606,0.00000,0.00000,
47.8,1,-2.47199,-2.44971,-0.04152,0.54075,0.01034,0.36699,0.24803
47.8,2,-3.97039,-1.84834,-0.70415,0.78116,0.55999,0.61458,0.26289
47.82,0,-1.09578,-2.49354,-0.00116,0.49606,0.00000,0.00000,
47.82,1,-2.46129,-2.45015,-0.04135,0.52998,0.00635,0.36620,0.25795
47.82,2,-3.95848,-1.85845,-0.69314,0.78168,0.54321,0.60987,0.27360
47.84,0,-1.08586,-2.49355,-0.00116,0.49606,0.00000,0.00000,
47.84,1,-2.45084,-2.45059,-0.04125,0.51716,0.00408,0.36566,0.26787
47.84,2,-3.94645,-1.86845,-0.68245,0.78214,0.52686,0.60491,0.28405
47.86,0,-1.07594,-2.49356,-0.00116,0.49606,0.00000,0.00000,
47.86,1,-2.44060,-2.45101,-0.04117,0.50924,0.00470,0.36533,0.27779
47.86,2,-3.93431,-1.87832,-0.67209,0.78261,0.51103,0.59973,0.29430
47.88,0,-1.06609,-2.49357,-0.00116,0.45836,-0.00040,0.00000,
47.88,1,-2.43087,-2.45142,-0.04118,0.46839,-0.00335,0.36543,0.28764
47.88,2,-3.92205,-1.88806,-0.66204,0.78306,0.49577,0.59406,0.30405
47.9,0,-1.05682,-2.49359,-0.00116,0.46881,0.00002,0.00000,
47.9,1,-2.42141,-2.45182,-0.04109,0.47590,0.00870,0.36523,0.29691
47.9,2,-3.90983,-1.89764,-0.65263,0.74797,0.39782,0.58824,0.31351
47.92,0,-1.04736,-2.49360,-0.00116,0.47507,0.00010,0.00000,
47.92,1,-2.41194,-2.45221,-0.04093,0.47080,0.00671,0.36521,0.30638
47.92,2,-3.89799,-1.90679,-0.64362,0.75019,0.48623,0.58298,0.32299
47.94,0,-1.03806,-2.49361,-0.00116,0.45477,0.00022,0.00000,
47.94,1,-2.40265,-2.45260,-0.04083,0.45948,0.00368,0.36521,0.31567
47.94,2,-3.88595,-1.91586,-0.63391,0.75564,0.47000,0.57742,0.33229
47.96,0,-1.02831,-2.49362,-0.00116,0.50745,-0.00012,0.00000,
47.96,1,-2.39357,-2.45297,-0.04076,0.45112,0.00387,0.36587,0.32542
47.96,2,-3.87386,-1.92478,-0.62451,0.78204,0.43227,0.57170,0.34138
47.98,0,-1.01805,-2.49363,-0.00116,0.51102,-0.00004,0.00000,
47.98,1,-2.38472,-2.45333,-0.04064,0.44214,0.00638,0.36726,0.33568
47.98,2,-3.86084,-1.93418,-0.61627,0.80992,0.40612,0.56476,0.35024
48.0,0,-1.00800,-2.49364,-0.00116,0.49657,0.00003,0.00000,
48.0,1,-2.37568,-2.45370,-0.04057,0.45641,0.00258,0.36827,0.34573
48.0,2,-3.84773,-1.94347,-0.60809,0.79623,0.41178,0.55797,0.35928
48.02,0,-0.99814,-2.49365,-0.00116,0.49150,0.00002,0.00000,
48.02,1,-2.36664,-2.45406,-0.04051,0.44634,0.00341,0.36908,0.35559
48.02,2,-3.83478,-1.95248,-0.59989,0.78455,0.40586,0.55146,0.36833
48.04,0,-0.98828,-2.49367,-0.00116,0.49433,-0.00000,0.00000,
48.04,1,-2.35788,-2.45442,-0.04043,0.43285,0.00411,0.37016,0.36545
48.04,2,-3.82183,-1.96134,-0.59192,0.78565,0.39199,0.54476,0.37709
48.06,0,-0.97837,-2.49368,-0.00116,0.49659,0.00000,0.00000,
48.06,1,-2.34931,-2.45476,-0.04035,0.42615,0.00378,0.37150,0.37536
48.06,2,-3.80878,-1.97011,-0.58422,0.77996,0.37980,0.53783,0.38567
48.08,0,-0.96844,-2.49369,-0.00116,0.49639,0.00001,0.00000,
48.08,1,-2.34129,-2.45510,-0.04040,0.39412,-0.00073,0.37339,0.38529
48.08,2,-3.79652,-1.97822,-0.57673,0.69455,0.36915,0.53138,0.39370
48.1,0,-0.95852,-2.49370,-0.00116,0.49567,0.00000,0.00000,
48.1,1,-2.33333,-2.45543,-0.04030,0.39962,0.00726,0.37535,0.39521
48.1,2,-3.78655,-1.98509,-0.57247,0.57247,0.20143,0.52744,0.40167
48.12,0,-0.94861,-2.49371,-0.00116,0.49553,0.00000,0.00000,
48.12,1,-2.32540,-2.45575,-0.04018,0.39296,0.00458,0.37732,0.40512
48.12,2,-3.77641,-1.99168,-0.56134,0.67087,1.30127,0.52341,0.00395
48.14,0,-0.93869,-2.49372,-0.00116,0.49571,0.00000,0.00000,
48.14,1,-2.31766,-2.45606,-0.04012,0.38338,0.00255,0.37948,0.41504
48.14,2,-3.76533,-1.99865,-0.53917,0.62838,1.04668,0.51821,0.01170
48.16,0,-0.92878,-2.49373,-0.00116,0.49579,0.00000,0.00000,
48.16,1,-2.31019,-2.45637,-0.04011,0.34746,-0.00741,0.38192,0.42495
48.16,2,-3.75406,-2.00529,-0.51733,0.69196,0.93501,0.51268,0.01917
48.18,0,-0.91886,-2.49375,-0.00116,0.49577,0.00000,0.00000,
48.18,1,-2.30317,-2.45666,-0.04011,0.35478,0.00476,0.38481,0.43487
48.18,2,-3.74097,-2.01278,-0.50630,0.79423,0.31807,0.50475,0.02620
48.2,0,-0.90895,-2.49376,-0.00116,0.49574,0.00000,0.00000,
48.2,1,-2.29607,-2.45695,-0.03999,0.35396,0.00574,0.38761,0.44478
48.2,2,-3.72689,-2.02063,-0.50066,0.80341,0.31925,0.49586,0.03331
48.22,0,-0.89903,-2.49377,-0.00116,0.49573,0.00000,0.00000,
48.22,1,-2.28909,-2.45723,-0.03991,0.34554,0.00278,0.39053,0.45470
48.22,2,-3.71307,-2.02821,-0.49266,0.77644,0.44662,0.48720,0.04030
48.24,0,-0.88912,-2.49378,-0.00116,0.49574,0.00000,0.00000,
48.24,1,-2.28226,-2.45750,-0.03986,0.33841,0.00234,0.39362,0.46461
48.24,2,-3.69959,-2.03548,-0.48329,0.75719,0.49544,0.47882,0.04712
48.26,0,-0.87920,-2.49379,-0.00116,0.49575,0.00000,0.00000,
48.26,1,-2.27555,-2.45777,-0.03981,0.33389,0.00286,0.39682,0.47453
48.26,2,-3.68577,-2.04277,-0.47509,0.79735,0.35997,0.47001,0.05384
48.28,0,-0.86929,-2.49380,-0.00116,0.49574,0.00000,0.00000,
48.28,1,-2.26895,-2.45803,-0.03974,0.31794,0.00639,0.40012,0.48444
48.28,2,-3.67148,-2.05013,-0.46808,0.80408,0.35567,0.46064,0.06045
48.3,0,-0.85937,-2.49381,-0.00116,0.49574,0.00000,0.00000,
48.3,1,-2.26241,-2.45829,-0.03967,0.33360,0.00191,0.40349,0.49436
48.3,2,-3.65722,-2.05734,-0.46075,0.79432,0.37152,0.45130,0.06699
48.32,0,-0.84946,-2.49383,-0.00116,0.49574,0.00000,0.00000,
48.32,1,-2.26006,-2.45856,-0.03877,0.05089,0.06838,0.41104,
48.32,2,-3.64305,-2.06437,-0.45341,0.79013,0.36026,0.43807,0.06936
48.34,0,-0.83954,-2.49384,-0.00116,0.49574,0.00000,0.00000,
48.34,1,-2.25976,-2.45877,-0.03727,-0.01178,0.07730,0.42064,
48.34,2,-3.62882,-2.07130,-0.44639,0.79205,0.34401,0.42284,0.06967
48.36,0,-0.82963,-2.49385,-0.00116,0.49574,0.00000,0.00000,
48.36,1,-2.26053,-2.45893,-0.03574,-0.05272,0.07022,0.43133,
48.36,2,-3.61451,-2.07815,-0.43963,0.79396,0.33374,0.40651,0.06890
48.38,0,-0.81971,-2.49386,-0.00116,0.49574,0.00000,0.00000,
48.38,1,-2.26161,-2.45894,-0.03501,-0.05398,0.01076,0.44232,
48.38,2,-3.60045,-2.08479,-0.43339,0.71257,0.15641,0.39014,0.06783
48.4,0,-0.80980,-2.49387,-0.00116,0.49574,0.00000,0.00000,
48.4,1,-2.26248,-2.45892,-0.03505,-0.02274,-0.00385,0.45310,
48.4,2,-3.58822,-2.09059,-0.42779,0.65129,0.35357,0.37595,0.06695
48.42,0,-0.79988,-2.49388,-0.00116,0.49574,0.00000,0.00000,
48.42,1,-2.26260,-2.45891,-0.03511,0.00213,-0.00208,0.46314,
48.42,2,-3.57728,-2.09577,-0.42209,0.60692,0.34184,0.36391,0.06683
48.44,0,-0.78997,-2.49389,-0.00116,0.49574,0.00000,0.00000,
48.44,1,-2.26250,-2.45892,-0.03516,0.00654,-0.00374,0.47295,
48.44,2,-3.56609,-2.10083,-0.41531,0.61832,0.31739,0.35188,0.06693
48.46,0,-0.78005,-2.49391,-0.00116,0.49574,0.00000,0.00000,
48.46,1,-2.26235,-2.45892,-0.03522,0.00793,-0.00243,0.48271,
48.46,2,-3.55483,-2.10581,-0.40961,0.61066,0.26661,0.33985,0.06708
48.48,0,-0.77014,-2.49392,-0.00116,0.49574,0.00000,0.00000,
48.48,1,-2.26221,-2.45893,-0.03524,0.00648,0.00001,0.49248,
48.48,2,-3.54379,-2.11060,-0.40435,0.59495,0.26443,0.32807,0.06723
48.5,0,-0.76022,-2.49393,-0.00116,0.49574,0.00000,0.00000,
48.5,1,-2.26209,-2.45893,-0.03523,0.00558,0.00052,0.50227,
48.5,2,-3.53296,-2.11524,-0.39901,0.58451,0.26697,0.31653,0.06734
48.52,0,-0.75031,-2.49394,-0.00116,0.49574,0.00000,0.00000,
48.52,1,-2.26198,-2.45894,-0.03523,0.00576,0.00016,0.51207,
48.52,2,-3.52226,-2.11975,-0.39376,0.57765,0.25729,0.30513,0.06746
48.54,0,-0.74039,-2.49395,-0.00116,0.49574,0.00000,0.00000,
48.54,1,-2.26186,-2.45894,-0.03523,0.00607,-0.00006,0.52186,
48.54,2,-3.51167,-2.12415,-0.38874,0.56985,0.24617,0.29388,0.06758
48.56,0,-0.73048,-2.49396,-0.00115,0.49574,0.00000,0.00000,
48.56,1,-2.26173,-2.45895,-0.03523,0.00610,-0.00005,0.53166,
48.56,2,-3.50121,-2.12843,-0.38391,0.56093,0.23805,0.28279,0.06770
48.58,0,-0.72057,-2.49397,-0.00115,0.49574,0.00000,0.00000,
48.58,1,-2.26161,-2.45895,-0.03523,0.00602,-0.00000,0.54145,
48.58,2,-3.49130,-2.13254,-0.38017,0.52193,0.19333,0.27227,0.06782
48.6,0,-0.71065,-2.49399,-0.00115,0.49574,0.00000,0.00000,
48.6,1,-2.26149,-2.45896,-0.03523,0.00599,0.00001,0.55124,
48.6,2,-3.48158,-2.13646,-0.37526,0.52525,0.26247,0.26199,0.06794
48.62,0,-0.70074,-2.49400,-0.00115,0.49574,0.00000,0.00000,
48.62,1,-2.26137,-2.45896,-0.03523,0.00600,0.00000,0.56103,
48.62,2,-3.47186,-2.14031,-0.37041,0.51899,0.22192,0.25172,0.06806
48.64,0,-0.69082,-2.49401,-0.00115,0.49574,0.00000,0.00000,
48.64,1,-2.26125,-2.45896,-0.03523,0.00602,-0.00000,0.57082,
48.64,2,-3.46230,-2.14402,-0.36630,0.50772,0.19807,0.24165,0.06818
48.66,0,-0.68091,-2.49402,-0.00115,0.49574,0.00000,0.00000,
48.66,1,-2.26113,-2.45897,-0.03523,0.00602,-0.00000,0.58062,
48.66,2,-3.45292,-2.14763,-0.36233,0.49885,0.19949,0.23178,0.06830
48.68,0,-0.67099,-2.49403,-0.00115,0.49574,0.00000,0.00000,
48.68,1,-2.26106,-2.45897,-0.03523,0.00120,0.00002,0.59046,
48.68,2,-3.44366,-2.15114,-0.35835,0.49225,0.19704,0.22200,0.06837
48.7,0,-0.66108,-2.49404,-0.00115,0.49574,0.00000,0.00000,
48.7,1,-2.26106,-2.45897,-0.03523,-0.00061,-0.00000,0.60037,
48.7,2,-3.43451,-2.15456,-0.35450,0.48545,0.18877,0.21228,0.06837
48.72,0,-0.65116,-2.49405,-0.00115,0.49574,0.00000,0.00000,
48.72,1,-2.26108,-2.45897,-0.03523,-0.00104,0.00000,0.61030,
48.72,2,-3.42548,-2.15790,-0.35081,0.47801,0.18140,0.20269,0.06835
48.74,0,-0.64125,-2.49407,-0.00115,0.49574,0.00000,0.00000,
48.74,1,-2.26110,-2.45897,-0.03523,-0.00102,-0.00001,0.62024,
48.74,2,-3.41658,-2.16116,-0.34725,0.47065,0.17559,0.19323,0.06833
48.76,0,-0.63133,-2.49408,-0.00115,0.49574,0.00000,0.00000,
48.76,1,-2.26112,-2.45897,-0.03523,-0.00081,-0.00000,0.63017,
48.76,2,-3.40829,-2.16425,-0.34460,0.44051,0.17220,0.18443,0.06831
48.78,0,-0.62142,-2.49409,-0.00115,0.49574,0.00000,0.00000,
48.78,1,-2.26114,-2.45897,-0.03523,-0.00076,0.00000,0.64009,
48.78,2,-3.39998,-2.16726,-0.34075,0.44156,0.19140,0.17561,0.06830
48.8,0,-0.61150,-2.49410,-0.00115,0.49574,0.00000,0.00000,
48.8,1,-2.26115,-2.45897,-0.03523,-0.00080,0.00000,0.65002,
48.8,2,-3.39173,-2.17019,-0.33731,0.43369,0.15689,0.16688,0.06828
48.82,0,-0.60159,-2.49411,-0.00115,0.49574,0.00000,0.00000,
48.82,1,-2.26117,-2.45897,-0.03523,-0.00083,0.00000,0.65995,
48.82,2,-3.38451,-2.17283,-0.33336,0.35592,0.45163,0.15921,0.00001
48.84,0,-0.59167,-2.49412,-0.00115,0.49574,0.00000,0.00000,
48.84,1,-2.26118,-2.45897,-0.03523,-0.00083,-0.00000,0.66988,
48.84,2,-3.37777,-2.17511,-0.32433,0.35490,0.46679,0.15210,0.00002
48.86,0,-0.58218,-2.49413,-0.00116,0.46267,-0.00018,0.00000,
48.86,1,-2.26120,-2.45897,-0.03523,-0.00082,-0.00000,0.67938,
48.86,2,-3.37375,-2.17705,-0.31978,0.16858,0.25578,0.14771,0.00004
48.88,0,-0.57281,-2.49415,-0.00116,0.47290,0.00011,0.00000,
48.88,1,-2.26122,-2.45896,-0.03523,-0.00082,0.00000,0.68877,
48.88,2,-3.37108,-2.17834,-0.31354,0.12877,0.26357,0.14479,0.00006
48.9,0,-0.56332,-2.49416,-0.00116,0.47457,0.00005,0.00000,
48.9,1,-2.26123,-2.45896,-0.03523,-0.00082,0.00000,0.69828,
48.9,2,-3.36886,-2.17900,-0.31041,0.11057,0.09410,0.14246,0.00007
48.92,0,-0.55399,-2.49417,-0.00115,0.49194,-0.00005,0.00000,
48.92,1,-2.26125,-2.45896,-0.03523,-0.00082,0.00000,0.70762,
48.92,2,-3.36682,-2.17959,-0.30824,0.12055,0.10666,0.14032,0.00009
48.94,0,-0.54382,-2.49418,-0.00116,0.51392,-0.00010,0.00000,
48.94,1,-2.26127,-2.45896,-0.03523,-0.00082,-0.00000,0.71780,
48.94,2,-3.36407,-2.18043,-0.30621,0.15386,0.10601,0.13743,0.00011
48.96,0,-0.53366,-2.49419,-0.00116,0.50161,0.00001,0.00000,
48.96,1,-2.26128,-2.45896,-0.03523,-0.00082,-0.00000,0.72798,
48.96,2,-3.36126,-2.18131,-0.30371,0.14826,0.11676,0.13448,0.00012
48.98,0,-0.52376,-2.49420,-0.00116,0.49174,0.00003,0.00000,
48.98,1,-2.26130,-2.45896,-0.03523,-0.00082,0.00000,0.73790,
48.98,2,-3.35851,-2.18217,-0.30151,0.13989,0.10697,0.13158,0.00014
49.0,0,-0.51392,-2.49421,-0.00116,0.49260,0.00000,0.00000,
49.0,1,-2.26131,-2.45896,-0.03523,-0.00082,0.00000,0.74775,
49.0,2,-3.35591,-2.18297,-0.29939,0.13375,0.10588,0.12885,0.00016
49.02,0,-0.50403,-2.49423,-0.00116,0.49573,-0.00000,0.00000,
49.02,1,-2.26133,-2.45896,-0.03523,-0.00082,0.00000,0.75765,
49.02,2,-3.35337,-2.18376,-0.29729,0.13289,0.10311,0.12618,0.00017
49.04,0,-0.49411,-2.49424,-0.00116,0.49634,0.00000,0.00000,
49.04,1,-2.26135,-2.45896,-0.03523,-0.00082,-0.00000,0.76759,
49.04,2,-3.35083,-2.18454,-0.29528,0.13228,0.09868,0.12351,0.00019
49.06,0,-0.48419,-2.49425,-0.00116,0.49560,0.00000,0.00000,
49.06,1,-2.26136,-2.45896,-0.03523,-0.00082,-0.00000,0.77752,
49.06,2,-3.34832,-2.18530,-0.29335,0.13017,0.09472,0.12087,0.00020
49.08,0,-0.47428,-2.49426,-0.00116,0.49521,0.00000,0.00000,
49.08,1,-2.26138,-2.45896,-0.03523,-0.00082,-0.00000,0.78745,
49.08,2,-3.34585,-2.18605,-0.29149,0.12779,0.09127,0.11828,0.00022
49.1,0,-0.46438,-2.49427,-0.00116,0.49532,0.00000,0.00000,
49.1,1,-2.26140,-2.45896,-0.03523,-0.00082,0.00000,0.79737,
49.1,2,-3.34370,-2.18670,-0.29019,0.10058,0.06046,0.11602,0.00024
49.12,0,-0.45447,-2.49428,-0.00116,0.49547,0.00000,0.00000,
49.12,1,-2.26141,-2.45896,-0.03523,-0.00082,-0.00000,0.80729,
49.12,2,-3.34167,-2.18731,-0.28830,0.10876,0.10752,0.11389,0.00025
49.14,0,-0.44456,-2.49429,-0.00116,0.49548,0.00000,0.00000,
49.14,1,-2.26143,-2.45896,-0.03523,-0.00082,-0.00000,0.81721,
49.14,2,-3.33959,-2.18793,-0.28633,0.10685,0.08752,0.11171,0.00027
49.16,0,-0.43465,-2.49431,-0.00116,0.49544,0.00000,0.00000,
49.16,1,-2.26145,-2.45896,-0.03523,-0.00082,-0.00000,0.82714,
49.16,2,-3.33760,-2.18852,-0.28478,0.10230,0.07308,0.10961,0.00029
49.18,0,-0.42474,-2.49432,-0.00115,0.49542,0.00000,0.00000,
49.18,1,-2.26146,-2.45896,-0.03523,-0.00082,0.00000,0.83706,
49.18,2,-3.33566,-2.18908,-0.28332,0.10035,0.07373,0.10758,0.00030
49.2,0,-0.41483,-2.49433,-0.00115,0.49543,0.00000,0.00000,
49.2,1,-2.26148,-2.45896,-0.03523,-0.00082,-0.00000,0.84698,
49.2,2,-3.33374,-2.18964,-0.28184,0.09964,0.07349,0.10556,0.00032
49.22,0,-0.40492,-2.49434,-0.00115,0.49544,0.00000,0.00000,
49.22,1,-2.26149,-2.45896,-0.03523,-0.00082,-0.00000,0.85691,
49.22,2,-3.33183,-2.19019,-0.28041,0.09840,0.07001,0.10357,0.00034
49.24,0,-0.39502,-2.49435,-0.00115,0.49544,0.00000,0.00000,
49.24,1,-2.26151,-2.45895,-0.03523,-0.00082,0.00000,0.86683,
49.24,2,-3.33002,-2.19072,-0.27891,0.09288,0.07885,0.10166,0.00035
49.26,0,-0.38511,-2.49436,-0.00115,0.49543,0.00000,0.00000,
49.26,1,-2.26153,-2.45895,-0.03523,-0.00082,0.00000,0.87675,
49.26,2,-3.32807,-2.19128,-0.27761,0.10596,0.05751,0.09962,0.00037
49.28,0,-0.37520,-2.49437,-0.00115,0.49543,0.00000,0.00000,
49.28,1,-2.26154,-2.45895,-0.03523,-0.00082,0.00000,0.88668,
49.28,2,-3.32604,-2.19186,-0.27646,0.10344,0.05926,0.09749,0.00039
49.3,0,-0.36529,-2.49439,-0.00115,0.49543,0.00000,0.00000,
49.3,1,-2.26156,-2.45895,-0.03523,-0.00082,0.00000,0.89660,
49.3,2,-3.32412,-2.19240,-0.27525,0.09743,0.06113,0.09548,0.00040
49.32,0,-0.35538,-2.49440,-0.00115,0.49543,0.00000,0.00000,
49.32,1,-2.26158,-2.45895,-0.03523,-0.00082,0.00000,0.90652,
49.32,2,-3.32228,-2.19292,-0.27406,0.09370,0.05695,0.09355,0.00001
49.34,0,-0.34547,-2.49441,-0.00115,0.49543,0.00000,0.00000,
49.34,1,-2.26159,-2.45895,-0.03523,-0.00082,0.00000,0.91645,
49.34,2,-3.32048,-2.19343,-0.27296,0.09341,0.05407,0.09167,0.00002
49.36,0,-0.33556,-2.49442,-0.00115,0.49543,0.00000,0.00000,
49.36,1,-2.26161,-2.45895,-0.03523,-0.00082,-0.00000,0.92637,
49.36,2,-3.31867,-2.19393,-0.27189,0.09415,0.05305,0.08978,0.00004
49.38,0,-0.32566,-2.49443,-0.00115,0.49543,0.00000,0.00000,
49.38,1,-2.26163,-2.45895,-0.03523,-0.00082,-0.00000,0.93630,
49.38,2,-3.31687,-2.19444,-0.27085,0.09275,0.05123,0.08789,0.00006
49.4,0,-0.31575,-2.49444,-0.00115,0.49543,0.00000,0.00000,
49.4,1,-2.26164,-2.45895,-0.03523,-0.00082,0.00000,0.94622,
49.4,2,-3.31511,-2.19493,-0.26985,0.09072,0.04905,0.08605,0.00007
49.42,0,-0.30584,-2.49445,-0.00115,0.49543,0.00000,0.00000,
49.42,1,-2.25692,-2.45895,-0.03496,0.25683,0.03803,0.95141,0.00991
49.42,2,-3.31337,-2.19541,-0.26889,0.08925,0.04714,0.08882,0.00464
49.44,0,-0.29593,-2.49447,-0.00115,0.49543,0.00000,0.00000,
49.44,1,-2.25265,-2.45895,-0.03391,0.20373,0.05490,0.95704,0.01982
49.44,2,-3.31167,-2.19588,-0.26796,0.08807,0.04539,0.09120,0.00892
49.46,0,-0.28602,-2.49448,-0.00115,0.49543,0.00000,0.00000,
49.46,1,-2.24857,-2.45895,-0.03280,0.20374,0.05469,0.96287,0.02973
49.46,2,-3.30998,-2.19634,-0.26707,0.08681,0.04368,0.09341,0.01300
49.48,0,-0.27611,-2.49449,-0.00115,0.49543,0.00000,0.00000,
49.48,1,-2.24271,-2.45889,-0.02894,0.46488,0.18566,0.96692,0.03963
49.48,2,-3.30832,-2.19679,-0.26622,0.08546,0.04200,0.09737,0.01886
49.5,0,-0.26620,-2.49450,-0.00115,0.49543,0.00000,0.00000,
49.5,1,-2.22914,-2.45887,-0.02575,0.75685,0.22395,0.96326,0.04954
49.5,2,-3.30686,-2.19720,-0.26570,0.06138,0.00844,0.10903,0.03242
49.52,0,-0.25629,-2.49451,-0.00115,0.49543,0.00000,0.00000,
49.52,1,-2.21526,-2.45886,-0.02100,0.64731,0.24792,0.95929,0.00991
49.52,2,-3.30391,-2.19772,-0.26487,0.39863,0.06346,0.11953,0.00651
49.54,0,-0.24639,-2.49452,-0.00115,0.49543,0.00000,0.00000,
49.54,1,-2.20209,-2.45887,-0.01632,0.68961,0.17392,0.95603,0.01982
49.54,2,-3.29688,-2.19876,-0.26126,0.29083,0.34388,0.12527,0.01969
49.56,0,-0.23648,-2.49453,-0.00115,0.49543,0.00000,0.00000,
49.56,1,-2.18882,-2.45906,-0.01547,0.71812,-0.03448,0.95266,0.02973
49.56,2,-3.29175,-2.19979,-0.25294,0.25814,0.42261,0.13300,0.03296
49.58,0,-0.22657,-2.49455,-0.00115,0.49543,0.00000,0.00000,
49.58,1,-2.17431,-2.45932,-0.01637,0.73791,-0.03444,0.94806,0.03963
49.58,2,-3.28675,-2.20091,-0.24526,0.25702,0.21217,0.14206,0.04746
49.6,0,-0.21666,-2.49456,-0.00115,0.49543,0.00000,0.00000,
49.6,1,-2.15929,-2.45954,-0.01771,0.76486,-0.00901,0.94294,0.04954
49.6,2,-3.27831,-2.20311,-0.24640,0.62897,-0.16546,0.14803,0.06249
49.62,0,-0.20675,-2.49457,-0.00115,0.49543,0.00000,0.00000,
49.62,1,-2.14361,-2.45981,-0.01727,0.79612,0.02773,0.93717,0.05945
49.62,2,-3.26406,-2.20646,-0.24824,0.73165,0.04368,0.14873,0.07817
49.64,0,-0.19684,-2.49458,-0.00115,0.49543,0.00000,0.00000,
49.64,1,-2.12762,-2.46009,-0.01702,0.79865,-0.00029,0.93108,0.06936
49.64,2,-3.25070,-2.20994,-0.24468,0.68811,0.16500,0.15060,0.09416
49.66,0,-0.18693,-2.49459,-0.00115,0.49543,0.00000,0.00000,
49.66,1,-2.11174,-2.46036,-0.01717,0.79001,-0.00913,0.92511,0.07927
49.66,2,-3.23755,-2.21330,-0.24326,0.66871,0.00522,0.15259,0.11004
49.68,0,-0.17703,-2.49460,-0.00115,0.49543,0.00000,0.00000,
49.68,1,-2.09599,-2.46064,-0.01729,0.78701,-0.00337,0.91927,0.08918
49.68,2,-3.22631,-2.21636,-0.24561,0.58529,-0.01911,0.15641,0.12579
49.7,0,-0.16712,-2.49461,-0.00115,0.49543,0.00000,0.00000,
49.7,1,-2.08024,-2.46091,-0.01732,0.78878,-0.00119,0.91342,0.09909
49.7,2,-3.21477,-2.21931,-0.24451,0.59978,0.07771,0.15998,0.14155
49.72,0,-0.15721,-2.49463,-0.00115,0.49543,0.00000,0.00000,
49.72,1,-2.06445,-2.46118,-0.01736,0.79017,-0.00230,0.90753,0.10900
49.72,2,-3.20322,-2.22222,-0.24349,0.58985,0.02473,0.16357,0.15735
49.74,0,-0.14730,-2.49464,-0.00115,0.49543,0.00000,0.00000,
49.74,1,-2.04865,-2.46146,-0.01741,0.79004,-0.00270,0.90164,0.11890
49.74,2,-3.19195,-2.22503,-0.24334,0.57321,0.00169,0.16750,0.17315
49.76,0,-0.13739,-2.49465,-0.00115,0.49543,0.00000,0.00000,
49.76,1,-2.03285,-2.46173,-0.01746,0.78959,-0.00236,0.89575,0.12881
49.76,2,-3.18095,-2.22776,-0.24320,0.56328,0.01216,0.17169,0.18894
49.78,0,-0.12748,-2.49466,-0.00115,0.49543,0.00000,0.00000,
49.78,1,-2.01716,-2.46201,-0.01749,0.76722,0.00079,0.88996,0.13872
49.78,2,-3.17008,-2.23046,-0.24289,0.55689,0.01694,0.17594,0.20464
49.8,0,-0.11757,-2.49467,-0.00115,0.49543,0.00000,0.00000,
49.8,1,-2.00130,-2.46229,-0.01753,0.81134,-0.00337,0.88400,0.14863
49.8,2,-3.15935,-2.23311,-0.24257,0.54927,0.01425,0.18051,0.22050
49.82,0,-0.10766,-2.49468,-0.00115,0.49543,0.00000,0.00000,
49.82,1,-1.98492,-2.46257,-0.01760,0.82035,-0.00271,0.87753,0.15854
49.82,2,-3.14785,-2.23582,-0.23994,0.68429,0.56056,0.18484,0.00821
49.84,0,-0.09776,-2.49469,-0.00115,0.49543,0.00000,0.00000,
49.84,1,-1.96862,-2.46286,-0.01764,0.80980,-0.00174,0.87114,0.16845
49.84,2,-3.13448,-2.23901,-0.22742,0.66145,0.56595,0.18716,0.02451
49.86,0,-0.08785,-2.49471,-0.00115,0.49543,0.00000,0.00000,
49.86,1,-1.95319,-2.46314,-0.01776,0.75028,-0.00621,0.86561,0.17836
49.86,2,-3.12139,-2.24204,-0.21698,0.69809,0.38012,0.18894,0.03994
49.88,0,-0.07794,-2.49472,-0.00115,0.49543,0.00000,0.00000,
49.88,1,-1.93798,-2.46342,-0.01779,0.76909,0.00085,0.86030,0.18826
49.88,2,-3.10672,-2.24528,-0.21458,0.78826,-0.03033,0.18892,0.05515
49.9,0,-0.06803,-2.49473,-0.00115,0.49543,0.00000,0.00000,
49.9,1,-1.92250,-2.46369,-0.01778,0.77546,-0.00056,0.85473,0.19817
49.9,2,-3.09100,-2.24873,-0.21555,0.80769,-0.02142,0.18810,0.07063
49.92,0,-0.05812,-2.49474,-0.00115,0.49543,0.00000,0.00000,
49.92,1,-1.90739,-2.46397,-0.01776,0.76110,-0.00009,0.84953,0.20808
49.92,2,-3.07552,-2.25214,-0.21467,0.76581,0.11405,0.18718,0.08575
49.94,0,-0.04821,-2.49475,-0.00115,0.49543,0.00000,0.00000,
49.94,1,-1.89136,-2.46426,-0.01783,0.82472,-0.00454,0.84340,0.21799
49.94,2,-3.06020,-2.25551,-0.21306,0.79871,0.05275,0.18734,0.10178
49.96,0,-0.03830,-2.49476,-0.00115,0.49543,0.00000,0.00000,
49.96,1,-1.87481,-2.46456,-0.01789,0.82286,-0.00184,0.83675,0.22790
49.96,2,-3.04443,-2.25893,-0.21231,0.80995,0.03332,0.18755,0.11833
49.98,0,-0.02840,-2.49477,-0.00115,0.49543,0.00000,0.00000,
49.98,1,-1.85858,-2.46485,-0.01792,0.80348,-0.00085,0.83043,0.23781
49.98,2,-3.02865,-2.26234,-0.21153,0.80327,0.04452,0.18747,0.13457
50.0,0,-0.01849,-2.49479,-0.00115,0.49543,0.00000,0.00000,
50.0,1,-1.84271,-2.46513,-0.01796,0.73974,-0.01115,0.82447,0.24772
50.0,2,-3.01301,-2.26569,-0.21058,0.79802,0.04750,0.18717,0.15044
50.02,0,-0.00858,-2.49480,-0.00115,0.49543,0.00000,0.00000,
50.02,1,-1.82774,-2.46541,-0.01807,0.75878,-0.00099,0.81940,0.25763
50.02,2,-2.99742,-2.26903,-0.20790,0.79640,0.36357,0.18605,0.00754
50.04,0,0.00133,-2.49481,-0.00115,0.49543,0.00000,0.00000,
50.04,1,-1.81238,-2.46569,-0.01805,0.77328,0.00120,0.81394,0.26753
50.04,2,-2.98214,-2.27229,-0.20085,0.74516,0.19808,0.18565,0.02291
50.06,0,0.01124,-2.49482,-0.00115,0.49543,0.00000,0.00000,
50.06,1,-1.79711,-2.46597,-0.01802,0.76319,0.00022,0.80858,0.27744
50.06,2,-2.96737,-2.27539,-0.19897,0.76292,0.03536,0.18568,0.03818
50.08,0,0.02100,-2.49483,-0.00116,0.45846,-0.00037,0.00000,
50.08,1,-1.78152,-2.46626,-0.01805,0.77275,0.00008,0.80275,0.28720
50.08,2,-2.95231,-2.27845,-0.19832,0.77009,0.04660,0.18576,0.05376
50.1,0,0.03028,-2.49484,-0.00116,0.46932,0.00005,0.00000,
50.1,1,-1.76550,-2.46655,-0.01810,0.81757,-0.00273,0.79601,0.29649
50.1,2,-2.93755,-2.28152,-0.19630,0.78458,0.07297,0.18656,0.06979
50.12,0,0.03974,-2.49485,-0.00116,0.47460,0.00009,0.00000,
50.12,1,-1.74910,-2.46685,-0.01814,0.81733,-0.00132,0.78906,0.30595
50.12,2,-2.92160,-2.28472,-0.19528,0.82472,0.04687,0.18656,0.08619
50.14,0,0.04899,-2.49486,-0.00115,0.46808,0.00011,0.00000,
50.14,1,-1.73291,-2.46714,-0.01815,0.80391,-0.00071,0.78212,0.31520
50.14,2,-2.90553,-2.28791,-0.19414,0.81075,0.06521,0.18624,0.10239
50.16,0,0.05892,-2.49488,-0.00115,0.51132,-0.00013,0.00000,
50.16,1,-1.71690,-2.46743,-0.01817,0.80010,-0.00099,0.77603,0.32512
50.16,2,-2.88982,-2.29100,-0.19276,0.79485,0.06869,0.18612,0.11840
50.18,0,0.06916,-2.49489,-0.00116,0.50768,-0.00002,0.00000,
50.18,1,-1.70133,-2.46772,-0.01826,0.74668,-0.00787,0.77069,0.33536
50.18,2,-2.87424,-2.29404,-0.19145,0.79445,0.06277,0.18570,0.13397
50.2,0,0.07915,-2.49490,-0.00116,0.49398,0.00003,0.00000,
50.2,1,-1.68618,-2.46801,-0.01830,0.76597,0.00134,0.76554,0.34535
50.2,2,-2.85865,-2.29706,-0.19024,0.78368,0.05991,0.18486,0.14912
50.22,0,0.08898,-2.49491,-0.00115,0.49124,0.00001,0.00000,
50.22,1,-1.67076,-2.46829,-0.01827,0.77305,0.00095,0.75994,0.35518
50.22,2,-2.84425,-2.29990,-0.18809,0.73722,0.30070,0.18551,0.00773
50.24,0,0.09884,-2.49492,-0.00115,0.49449,-0.00000,0.00000,
50.24,1,-1.65569,-2.46858,-0.01822,0.77756,-0.00094,0.75472,0.36504
50.24,2,-2.82886,-2.30286,-0.18101,0.80353,0.27068,0.18482,0.02281
50.26,0,0.10875,-2.49493,-0.00115,0.49619,0.00000,0.00000,
50.26,1,-1.63947,-2.46888,-0.01829,0.82674,-0.00369,0.74842,0.37495
50.26,2,-2.81343,-2.30577,-0.17818,0.74630,0.10958,0.18523,0.03902
50.28,0,0.11867,-2.49495,-0.00115,0.49571,0.00000,0.00000,
50.28,1,-1.62300,-2.46918,-0.01833,0.81629,-0.00067,0.74186,0.38487
50.28,2,-2.79803,-2.30863,-0.17728,0.80837,0.02762,0.18594,0.05550
50.3,0,0.12858,-2.49496,-0.00115,0.49508,0.00000,0.00000,
50.3,1,-1.60689,-2.46947,-0.01833,0.79869,-0.00009,0.73566,0.39478
50.3,2,-2.78192,-2.31154,-0.17626,0.81913,0.07208,0.18559,0.07161
50.32,0,0.13848,-2.49497,-0.00115,0.49505,0.00000,0.00000,
50.32,1,-1.59096,-2.46976,-0.01834,0.79675,-0.00073,0.72963,0.40468
50.32,2,-2.76595,-2.31438,-0.17458,0.80376,0.08625,0.18522,0.08754
50.34,0,0.14838,-2.49498,-0.00115,0.49522,0.00000,0.00000,
50.34,1,-1.57544,-2.47006,-0.01842,0.74539,-0.00763,0.72400,0.41458
50.34,2,-2.75022,-2.31716,-0.17298,0.79614,0.07449,0.18469,0.10307
50.36,0,0.15829,-2.49499,-0.00115,0.49528,0.00000,0.00000,
50.36,1,-1.56032,-2.47034,-0.01846,0.76453,0.00169,0.71878,0.42449
50.36,2,-2.73452,-2.31990,-0.17157,0.79849,0.06896,0.18380,0.11819
50.38,0,0.16819,-2.49500,-0.00115,0.49524,0.00000,0.00000,
50.38,1,-1.54493,-2.47063,-0.01842,0.77105,0.00127,0.71330,0.43440
50.38,2,-2.71875,-2.32263,-0.17019,0.80140,0.06917,0.18311,0.13358
50.4,0,0.17810,-2.49501,-0.00115,0.49522,0.00000,0.00000,
50.4,1,-1.52973,-2.47091,-0.01838,0.75464,0.00225,0.70800,0.44430
50.4,2,-2.70396,-2.32528,-0.16968,0.75792,0.06865,0.18323,0.14878
50.42,0,0.18800,-2.49503,-0.00115,0.49522,0.00000,0.00000,
50.42,1,-1.51388,-2.47121,-0.01730,0.81577,0.07312,0.70205,0.00990
50.42,2,-2.68889,-2.32789,-0.16789,0.76588,0.09112,0.18372,0.16463
50.44,0,0.19790,-2.49504,-0.00115,0.49523,0.00000,0.00000,
50.44,1,-1.49745,-2.47149,-0.01648,0.82002,0.01193,0.69552,0.01981
50.44,2,-2.67472,-2.33033,-0.16611,0.68033,0.08110,0.18571,0.18107
50.46,0,0.20781,-2.49505,-0.00115,0.49523,0.00000,0.00000,
50.46,1,-1.48124,-2.47176,-0.01658,0.80307,-0.00922,0.68921,0.02971
50.46,2,-2.66166,-2.33254,-0.16496,0.65295,0.04722,0.18861,0.19728
50.48,0,0.21771,-2.49506,-0.00115,0.49523,0.00000,0.00000,
50.48,1,-1.46527,-2.47203,-0.01663,0.79692,0.00389,0.68314,0.03962
50.48,2,-2.64928,-2.33468,-0.16462,0.56218,-0.06667,0.19195,0.21325
50.5,0,0.22762,-2.49507,-0.00115,0.49523,0.00000,0.00000,
50.5,1,-1.44931,-2.47229,-0.01648,0.80014,0.00861,0.67708,0.04952
50.5,2,-2.63796,-2.33671,-0.16476,0.58308,0.00357,0.19636,0.22922
50.52,0,0.23752,-2.49508,-0.00115,0.49523,0.00000,0.00000,
50.52,1,-1.43362,-2.47256,-0.01629,0.74565,0.00499,0.67129,0.00990
50.52,2,-2.62634,-2.33868,-0.16409,0.59102,0.05898,0.20022,0.24491
50.54,0,0.24743,-2.49509,-0.00115,0.49523,0.00000,0.00000,
50.54,1,-1.41853,-2.47281,-0.01616,0.76240,0.00729,0.66610,0.01981
50.54,2,-2.61499,-2.34058,-0.16233,0.55969,0.10980,0.20375,0.26000
50.56,0,0.25733,-2.49511,-0.00115,0.49523,0.00000,0.00000,
50.56,1,-1.40317,-2.47306,-0.01603,0.77040,0.00578,0.66065,0.02971
50.56,2,-2.60335,-2.34250,-0.16104,0.60690,0.03969,0.20726,0.27536
50.58,0,0.26724,-2.49512,-0.00115,0.49523,0.00000,0.00000,
50.58,1,-1.38810,-2.47331,-0.01587,0.78462,0.00439,0.65548,0.03962
50.58,2,-2.59141,-2.34445,-0.16027,0.59639,0.04445,0.21019,0.29043
50.6,0,0.27714,-2.49513,-0.00115,0.49523,0.00000,0.00000,
50.6,1,-1.37182,-2.47357,-0.01581,0.82632,0.00293,0.64911,0.04952
50.6,2,-2.57993,-2.34630,-0.15920,0.57060,0.05794,0.21479,0.30671
50.62,0,0.28705,-2.49514,-0.00115,0.49523,0.00000,0.00000,
50.62,1,-1.35541,-2.47383,-0.01573,0.81230,0.00512,0.64259,0.05943
50.62,2,-2.56798,-2.34813,-0.15604,0.68061,0.52174,0.21907,0.00817
50.64,0,0.29695,-2.49515,-0.00115,0.49523,0.00000,0.00000,
50.64,1,-1.33937,-2.47408,-0.01562,0.79588,0.00525,0.63646,0.06933
50.64,2,-2.55346,-2.35029,-0.14324,0.76665,0.47397,0.22038,0.02421
50.66,0,0.30685,-2.49516,-0.00115,0.49523,0.00000,0.00000,
50.66,1,-1.32348,-2.47433,-0.01552,0.79533,0.00460,0.63047,0.07924
50.66,2,-2.53851,-2.35255,-0.13912,0.77230,0.03175,0.22112,0.04010
50.68,0,0.31676,-2.49517,-0.00115,0.49523,0.00000,0.00000,
50.68,1,-1.30753,-2.47458,-0.01544,0.80000,0.00439,0.62442,0.08914
50.68,2,-2.52280,-2.35482,-0.13943,0.80077,0.00411,0.22116,0.05606
50.7,0,0.32666,-2.49519,-0.00115,0.49523,0.00000,0.00000,
50.7,1,-1.29196,-2.47483,-0.01540,0.74563,-0.00122,0.61875,0.09905
50.7,2,-2.50655,-2.35711,-0.13849,0.82732,0.08055,0.22028,0.07162
50.72,0,0.33657,-2.49520,-0.00115,0.49523,0.00000,0.00000,
50.72,1,-1.27687,-2.47506,-0.01515,0.76198,0.01888,0.61357,0.00990
50.72,2,-2.49029,-2.35938,-0.13662,0.81380,0.09373,0.21892,0.08671
50.74,0,0.34647,-2.49521,-0.00115,0.49523,0.00000,0.00000,
50.74,1,-1.26160,-2.47530,-0.01487,0.73883,0.01118,0.60819,0.01981
50.74,2,-2.47432,-2.36157,-0.13495,0.80170,0.07552,0.21804,0.10199
50.76,0,0.35638,-2.49522,-0.00115,0.49523,0.00000,0.00000,
50.76,1,-1.24640,-2.47553,-0.01476,0.79810,0.00096,0.60290,0.02971
50.76,2,-2.45844,-2.36373,-0.13352,0.80211,0.07060,0.21718,0.11719
50.78,0,0.36628,-2.49523,-0.00115,0.49523,0.00000,0.00000,
50.78,1,-1.23002,-2.47578,-0.01473,0.82499,0.00272,0.59642,0.03962
50.78,2,-2.44295,-2.36586,-0.13256,0.75060,0.02492,0.21790,0.13357
50.8,0,0.37619,-2.49524,-0.00115,0.49523,0.00000,0.00000,
50.8,1,-1.21370,-2.47602,-0.01464,0.80644,0.00553,0.59001,0.04952
50.8,2,-2.42788,-2.36791,-0.13123,0.76831,0.08944,0.21898,0.14989
50.82,0,0.38609,-2.49525,-0.00115,0.49523,0.00000,0.00000,
50.82,1,-1.19775,-2.47625,-0.01453,0.79311,0.00502,0.58396,0.05943
50.82,2,-2.41255,-2.36995,-0.12946,0.77463,0.08019,0.21944,0.16584
50.84,0,0.39600,-2.49527,-0.00115,0.49523,0.00000,0.00000,
50.84,1,-1.18189,-2.47648,-0.01444,0.79478,0.00424,0.57800,0.06933
50.84,2,-2.39742,-2.37196,-0.12785,0.76846,0.06921,0.22001,0.18171
50.86,0,0.40590,-2.49528,-0.00115,0.49523,0.00000,0.00000,
50.86,1,-1.16594,-2.47671,-0.01436,0.79917,0.00418,0.57195,0.07924
50.86,2,-2.38184,-2.37399,-0.12671,0.77089,0.08013,0.22023,0.19766
50.88,0,0.41580,-2.49529,-0.00115,0.49523,0.00000,0.00000,
50.88,1,-1.14995,-2.47694,-0.01428,0.79990,0.00419,0.56586,0.08914
50.88,2,-2.36601,-2.37604,-0.12545,0.81508,0.05537,0.22024,0.21365
50.9,0,0.42571,-2.49530,-0.00115,0.49523,0.00000,0.00000,
50.9,1,-1.13431,-2.47717,-0.01424,0.74217,-0.00198,0.56012,0.09905
50.9,2,-2.34974,-2.37810,-0.12432,0.81848,0.05907,0.21947,0.22930
50.92,0,0.43561,-2.49531,-0.00115,0.49523,0.00000,0.00000,
50.92,1,-1.11930,-2.47739,-0.01418,0.75846,0.00545,0.55501,0.10895
50.92,2,-2.33368,-2.38011,-0.12309,0.79330,0.06201,0.21827,0.24431
50.94,0,0.44552,-2.49532,-0.00115,0.49523,0.00000,0.00000,
50.94,1,-1.10407,-2.47761,-0.01406,0.73745,0.00875,0.54969,0.11885
50.94,2,-2.31961,-2.38193,-0.12246,0.61765,-0.00749,0.21931,0.25954
50.96,0,0.45542,-2.49533,-0.00115,0.49523,0.00000,0.00000,
50.96,1,-1.08888,-2.47783,-0.01394,0.79753,0.00202,0.54441,0.12876
50.96,2,-2.30742,-2.38357,-0.12164,0.61638,0.05840,0.22218,0.27472
50.98,0,0.46533,-2.49535,-0.00115,0.49523,0.00000,0.00000,
50.98,1,-1.07252,-2.47806,-0.01391,0.82415,0.00183,0.53794,0.13866
50.98,2,-2.29510,-2.38509,-0.12041,0.62212,0.05903,0.22611,0.29109
51.0,0,0.47523,-2.49536,-0.00115,0.49523,0.00000,0.00000,
51.0,1,-1.05622,-2.47829,-0.01385,0.80524,0.00388,0.53155,0.14857
51.0,2,-2.28283,-2.38655,-0.11935,0.61284,0.05007,0.23003,0.30739
51.02,0,0.48514,-2.49537,-0.00115,0.49523,0.00000,0.00000,
51.02,1,-1.04030,-2.47851,-0.01352,0.79187,0.02137,0.52553,0.00990
51.02,2,-2.27082,-2.38798,-0.11835,0.59871,0.05102,0.23385,0.32332
51.04,0,0.49504,-2.49538,-0.00115,0.49523,0.00000,0.00000,
51.04,1,-1.02446,-2.47872,-0.01324,0.79365,0.00663,0.51959,0.01981
51.04,2,-2.25904,-2.38938,-0.11730,0.58882,0.05240,0.23781,0.33916
51.06,0,0.50495,-2.49539,-0.00115,0.49523,0.00000,0.00000,
51.06,1,-1.00853,-2.47893,-0.01320,0.79807,0.00104,0.51357,0.02971
51.06,2,-2.24743,-2.39075,-0.11627,0.58133,0.05047,0.24203,0.35508
51.08,0,0.51485,-2.49540,-0.00115,0.49523,0.00000,0.00000,
51.08,1,-0.99256,-2.47914,-0.01315,0.79879,0.00402,0.50750,0.03962
51.08,2,-2.23597,-2.39209,-0.11529,0.57309,0.04820,0.24645,0.37106
51.1,0,0.52475,-2.49541,-0.00115,0.49523,0.00000,0.00000,
51.1,1,-0.97660,-2.47935,-0.01305,0.79770,0.00515,0.50144,0.04952
51.1,2,-2.22468,-2.39340,-0.11434,0.56414,0.04675,0.25104,0.38702
51.12,0,0.53466,-2.49543,-0.00115,0.49523,0.00000,0.00000,
51.12,1,-0.96065,-2.47956,-0.01288,0.79718,0.00969,0.49539,0.00990
51.12,2,-2.21357,-2.39467,-0.11342,0.55544,0.04548,0.25579,0.40297
51.14,0,0.54456,-2.49544,-0.00115,0.49523,0.00000,0.00000,
51.14,1,-0.94557,-2.47976,-0.01280,0.74856,0.00372,0.49022,0.01981
51.14,2,-2.20329,-2.39589,-0.11297,0.51653,0.04002,0.26051,0.41805
51.16,0,0.55447,-2.49545,-0.00115,0.49523,0.00000,0.00000,
51.16,1,-0.93041,-2.47996,-0.01270,0.76410,0.00539,0.48496,0.02971
51.16,2,-2.19296,-2.39708,-0.11191,0.52032,0.05582,0.26527,0.43321
51.18,0,0.56437,-2.49546,-0.00115,0.49523,0.00000,0.00000,
51.18,1,-0.91547,-2.48015,-0.01256,0.75482,0.00620,0.47992,0.03962
51.18,2,-2.18271,-2.39824,-0.11093,0.51081,0.04278,0.26989,0.44816
51.2,0,0.57428,-2.49547,-0.00115,0.49523,0.00000,0.00000,
51.2,1,-0.89954,-2.48036,-0.01250,0.81938,0.00199,0.47389,0.04952
51.2,2,-2.17269,-2.39936,-0.11015,0.49912,0.03751,0.27573,0.46409
51.22,0,0.58418,-2.49548,-0.00115,0.49523,0.00000,0.00000,
51.22,1,-0.88311,-2.48056,-0.01244,0.81571,0.00368,0.46737,0.05943
51.22,2,-2.16172,-2.40045,-0.11179,0.65602,-0.82796,0.28111,0.00819
51.24,0,0.59409,-2.49549,-0.00115,0.49523,0.00000,0.00000,
51.24,1,-0.86704,-2.48076,-0.01235,0.79547,0.00442,0.46120,0.06933
51.24,2,-2.14909,-2.40154,-0.13435,0.60186,-1.09081,0.28450,0.02427
51.26,0,0.60399,-2.49551,-0.00115,0.49523,0.00000,0.00000,
51.26,1,-0.85121,-2.48096,-0.01227,0.79075,0.00392,0.45527,0.07924
51.26,2,-2.13700,-2.40273,-0.14829,0.65345,-0.16539,0.28817,0.04010
51.28,0,0.61390,-2.49552,-0.00115,0.49523,0.00000,0.00000,
51.28,1,-0.83535,-2.48115,-0.01220,0.79537,0.00362,0.44931,0.08914
51.28,2,-2.12232,-2.40483,-0.14318,0.79688,0.43031,0.28924,0.05596
51.3,0,0.62380,-2.49553,-0.00115,0.49523,0.00000,0.00000,
51.3,1,-0.81940,-2.48135,-0.01212,0.79805,0.00359,0.44327,0.09905
51.3,2,-2.10633,-2.40725,-0.13583,0.83122,0.23771,0.28905,0.07191
51.32,0,0.63370,-2.49554,-0.00115,0.49523,0.00000,0.00000,
51.32,1,-0.80345,-2.48154,-0.01205,0.79745,0.00353,0.43722,0.10895
51.32,2,-2.09012,-2.40958,-0.13256,0.80409,0.16284,0.28868,0.00798
51.34,0,0.64361,-2.49555,-0.00115,0.49523,0.00000,0.00000,
51.34,1,-0.78751,-2.48173,-0.01198,0.79650,0.00341,0.43119,0.11885
51.34,2,-2.07400,-2.41178,-0.12931,0.81860,0.16279,0.28839,0.02391
51.36,0,0.65351,-2.49556,-0.00115,0.49523,0.00000,0.00000,
51.36,1,-0.77158,-2.48192,-0.01192,0.79641,0.00329,0.42516,0.12876
51.36,2,-2.05775,-2.41389,-0.12610,0.81774,0.15799,0.28797,0.03984
51.38,0,0.66342,-2.49557,-0.00115,0.49523,0.00000,0.00000,
51.38,1,-0.75565,-2.48211,-0.01185,0.79666,0.00320,0.41914,0.13866
51.38,2,-2.04247,-2.41591,-0.12364,0.76282,0.14183,0.28852,0.05577
51.4,0,0.67332,-2.49559,-0.00115,0.49523,0.00000,0.00000,
51.4,1,-0.74049,-2.48230,-0.01185,0.74627,0.00114,0.41387,0.14857
51.4,2,-2.02717,-2.41784,-0.12034,0.77730,0.17021,0.28830,0.07094
51.42,0,0.68323,-2.49560,-0.00115,0.49523,0.00000,0.00000,
51.42,1,-0.72538,-2.48248,-0.01177,0.75832,0.00497,0.40867,0.15847
51.42,2,-2.01169,-2.41972,-0.11719,0.78002,0.14528,0.28784,0.08605
51.44,0,0.69313,-2.49561,-0.00115,0.49523,0.00000,0.00000,
51.44,1,-0.71113,-2.48265,-0.01166,0.67567,0.00530,0.40432,0.16838
51.44,2,-1.99624,-2.42155,-0.11445,0.77579,0.13389,0.28656,0.10030
51.46,0,0.70304,-2.49562,-0.00115,0.49523,0.00000,0.00000,
51.46,1,-0.69794,-2.48281,-0.01160,0.65074,0.00205,0.40104,0.17828
51.46,2,-1.98103,-2.42332,-0.11154,0.77662,0.13829,0.28446,0.11349
51.48,0,0.71294,-2.49563,-0.00115,0.49523,0.00000,0.00000,
51.48,1,-0.68498,-2.48296,-0.01156,0.64767,0.00224,0.39797,0.18819
51.48,2,-1.96521,-2.42511,-0.10898,0.80591,0.12443,0.28154,0.12646
51.5,0,0.72285,-2.49564,-0.00115,0.49523,0.00000,0.00000,
51.5,1,-0.67350,-2.48311,-0.01161,0.57152,0.00090,0.39640,0.19809
51.5,2,-1.94920,-2.42686,-0.10645,0.80159,0.12835,0.27694,0.13793
51.52,0,0.73275,-2.49565,-0.00115,0.49523,0.00000,0.00000,
51.52,1,-0.66181,-2.48325,-0.01152,0.59064,0.00575,0.39461,0.20800
51.52,2,-1.93338,-2.42855,-0.10389,0.79173,0.12699,0.27274,0.14963
51.54,0,0.74265,-2.49567,-0.00115,0.49523,0.00000,0.00000,
51.54,1,-0.65039,-2.48338,-0.01140,0.54192,0.00728,0.39310,0.21790
51.54,2,-1.91765,-2.43019,-0.10140,0.79024,0.12200,0.26838,0.16105
51.56,0,0.75256,-2.49568,-0.00115,0.49523,0.00000,0.00000,
51.56,1,-0.63858,-2.48352,-0.01135,0.61898,0.00012,0.39119,0.22780
51.56,2,-1.90190,-2.43179,-0.09901,0.79272,0.11819,0.26438,0.17285
51.58,0,0.76246,-2.49569,-0.00115,0.49523,0.00000,0.00000,
51.58,1,-0.62617,-2.48367,-0.01134,0.61153,0.00138,0.38869,0.23771
51.58,2,-1.88611,-2.43336,-0.09668,0.79387,0.11530,0.26094,0.18527
51.6,0,0.77237,-2.49570,-0.00115,0.49523,0.00000,0.00000,
51.6,1,-0.61459,-2.48380,-0.01132,0.49362,-0.00661,0.38701,0.24761
51.6,2,-1.87031,-2.43490,-0.09440,0.79349,0.11227,0.25667,0.19684
51.62,0,0.78227,-2.49571,-0.00115,0.49523,0.00000,0.00000,
51.62,1,-0.60457,-2.48392,-0.01135,0.51209,0.00245,0.38690,0.25752
51.62,2,-1.85452,-2.43639,-0.09219,0.79307,0.10914,0.25085,0.20686
51.64,0,0.79218,-2.49572,-0.00115,0.49523,0.00000,0.00000,
51.64,1,-0.59413,-2.48404,-0.01127,0.52563,0.00460,0.38636,0.26742
51.64,2,-1.83872,-2.43785,-0.09004,0.79308,0.10617,0.24545,0.21730
51.66,0,0.80153,-2.49573,-0.00116,0.46462,-0.00009,0.00000,
51.66,1,-0.58393,-2.48416,-0.01118,0.49401,0.00451,0.38551,0.27678
51.66,2,-1.82292,-2.43928,-0.08795,0.79323,0.10336,0.23980,0.22750
51.68,0,0.81093,-2.49574,-0.00116,0.47348,0.00012,0.00000,
51.68,1,-0.57351,-2.48428,-0.01114,0.53645,0.00064,0.38449,0.28618
51.68,2,-1.80714,-2.44067,-0.08591,0.78534,0.10063,0.23441,0.23793
51.7,0,0.82031,-2.49576,-0.00115,0.44064,0.00034,0.00000,
51.7,1,-0.56282,-2.48440,-0.01112,0.52716,0.00158,0.38318,0.29556
51.7,2,-1.79242,-2.44194,-0.08393,0.69686,0.09746,0.23034,0.24862
51.72,0,0.82983,-2.49577,-0.00115,0.50042,-0.00010,0.00000,
51.72,1,-0.55254,-2.48451,-0.01108,0.50416,0.00237,0.38242,0.30508
51.72,2,-1.78011,-2.44307,-0.08314,0.64643,-0.05875,0.22827,0.00508
51.74,0,0.84005,-2.49578,-0.00115,0.51254,-0.00007,0.00000,
51.74,1,-0.54259,-2.48462,-0.01103,0.49442,0.00210,0.38269,0.31530
51.74,2,-1.76699,-2.44419,-0.08617,0.65454,-0.09499,0.22507,0.01503
51.76,0,0.85009,-2.49579,-0.00115,0.48447,0.00015,0.00000,
51.76,1,-0.53304,-2.48473,-0.01102,0.45461,-0.00089,0.38318,0.32534
51.76,2,-1.75475,-2.44525,-0.08474,0.60303,0.16374,0.22234,0.02458
51.78,0,0.86002,-2.49580,-0.00115,0.50571,-0.00002,0.00000,
51.78,1,-0.52384,-2.48483,-0.01099,0.46388,0.00278,0.38390,0.33527
51.78,2,-1.74195,-2.44633,-0.08166,0.66263,0.13067,0.21872,0.03379
51.8,0,0.87024,-2.49581,-0.00115,0.51269,-0.00003,0.00000,
51.8,1,-0.51458,-2.48494,-0.01094,0.45973,0.00252,0.38487,0.34549
51.8,2,-1.72881,-2.44740,-0.07958,0.64819,0.09088,0.21481,0.04304
51.82,0,0.88046,-2.49583,-0.00115,0.50838,0.00001,0.00000,
51.82,1,-0.50551,-2.48504,-0.01090,0.44825,0.00158,0.38601,0.35570
51.82,2,-1.71706,-2.44839,-0.07829,0.58662,0.08566,0.21210,0.05211
51.84,0,0.89058,-2.49584,-0.00115,0.50513,0.00001,0.00000,
51.84,1,-0.49665,-2.48513,-0.01087,0.43976,0.00155,0.38727,0.36583
51.84,2,-1.70564,-2.44931,-0.07637,0.54254,0.08627,0.20952,0.06098
51.86,0,0.90031,-2.49585,-0.00116,0.46959,-0.00024,0.00000,
51.86,1,-0.48824,-2.48523,-0.01086,0.40394,-0.00027,0.38859,0.37555
51.86,2,-1.69471,-2.45018,-0.07439,0.55226,0.10404,0.20697,0.06938
51.88,0,0.90984,-2.49586,-0.00116,0.48184,0.00011,0.00000,
51.88,1,-0.48007,-2.48532,-0.01083,0.41102,0.00255,0.38996,0.38509
51.88,2,-1.68371,-2.45101,-0.07240,0.54797,0.09364,0.20413,0.07755
51.9,0,0.91953,-2.49587,-0.00116,0.48482,0.00006,0.00000,
51.9,1,-0.47189,-2.48541,-0.01078,0.40643,0.00206,0.39145,0.39477
51.9,2,-1.67305,-2.45179,-0.07052,0.53451,0.08980,0.20163,0.08574
51.92,0,0.92919,-2.49588,-0.00116,0.48183,-0.00002,0.00000,
51.92,1,-0.46387,-2.48549,-0.01075,0.39650,0.00133,0.39310,0.40444
51.92,2,-1.66227,-2.45256,-0.06882,0.53176,0.09098,0.19885,0.09376
51.94,0,0.93881,-2.49589,-0.00116,0.48002,-0.00001,0.00000,
51.94,1,-0.45602,-2.48558,-0.01072,0.38934,0.00136,0.39487,0.41405
51.94,2,-1.65138,-2.45331,-0.06715,0.55151,0.07971,0.19579,0.10160
51.96,0,0.94835,-2.49590,-0.00115,0.49184,-0.00001,0.00000,
51.96,1,-0.44829,-2.48566,-0.01070,0.38440,0.00146,0.39668,0.42360
51.96,2,-1.64047,-2.45404,-0.06557,0.53938,0.07920,0.19260,0.10934
51.98,0,0.95836,-2.49592,-0.00116,0.50287,-0.00003,0.00000,
51.98,1,-0.44070,-2.48574,-0.01066,0.38805,0.00125,0.39909,0.43360
51.98,2,-1.62991,-2.45474,-0.06399,0.52235,0.07844,0.18962,0.11693
52.0,0,0.96829,-2.49593,-0.00115,0.50744,-0.00001,0.00000,
52.0,1,-0.43290,-2.48583,-0.01064,0.38823,0.00104,0.40123,0.44354
52.0,2,-1.62018,-2.45539,-0.06268,0.48244,0.07153,0.18767,0.12473
52.02,0,0.97853,-2.49594,-0.00115,0.51259,-0.00003,0.00000,
52.02,1,-0.42153,-2.48591,-0.01902,0.55628,-0.69310,0.40010,0.01024
52.02,2,-1.61044,-2.45601,-0.06110,0.49026,0.07973,0.18929,0.13610
52.04,0,0.98872,-2.49595,-0.00116,0.50643,0.00001,0.00000,
52.04,1,-0.41041,-2.48599,-0.03288,0.55614,-0.69274,0.39916,0.02043
52.04,2,-1.60125,-2.45660,-0.05980,0.45443,0.06720,0.19121,0.14722
52.06,0,0.99881,-2.49596,-0.00115,0.50319,0.00001,0.00000,
52.06,1,-0.40002,-2.48626,-0.04765,0.54004,-0.75080,0.39886,0.03051
52.06,2,-1.59217,-2.45715,-0.05837,0.45386,0.07219,0.19251,0.15761
52.08,0,1.00888,-2.49597,-0.00115,0.50410,0.00000,0.00000,
52.08,1,-0.38770,-2.48683,-0.05481,0.67359,-0.05285,0.39661,0.04058
52.08,2,-1.58320,-2.45768,-0.05699,0.44529,0.06586,0.19585,0.16994
52.1,0,1.01867,-2.49599,-0.00116,0.46849,-0.00029,0.00000,
52.1,1,-0.37376,-2.48760,-0.05632,0.64654,-0.17311,0.39246,0.05037
52.1,2,-1.57458,-2.45818,-0.05560,0.44488,0.06395,0.20118,0.18389
52.12,0,1.02817,-2.49600,-0.00116,0.47996,0.00010,0.00000,
52.12,1,-0.36025,-2.48843,-0.05265,0.72175,0.40987,0.38844,0.05987
52.12,2,-1.56537,-2.45869,-0.05443,0.46586,0.05694,0.20549,0.19741
52.14,0,1.03782,-2.49601,-0.00116,0.48334,0.00008,0.00000,
52.14,1,-0.34474,-2.48929,-0.04623,0.81089,0.18758,0.38258,0.06953
52.14,2,-1.55624,-2.45919,-0.05326,0.44771,0.05939,0.21188,0.21294
52.16,0,1.04746,-2.49602,-0.00116,0.48068,-0.00001,0.00000,
52.16,1,-0.32835,-2.49011,-0.04481,0.81790,0.02194,0.37582,0.07917
52.16,2,-1.54751,-2.45965,-0.05208,0.43088,0.05854,0.21954,0.22934
52.18,0,1.05690,-2.49603,-0.00115,0.45421,0.00024,0.00000,
52.18,1,-0.31229,-2.49085,-0.04401,0.79290,0.06598,0.36920,0.08861
52.18,2,-1.53897,-2.46010,-0.05094,0.42603,0.05562,0.22707,0.24542
52.2,0,1.06667,-2.49604,-0.00115,0.51065,-0.00008,0.00000,
52.2,1,-0.29657,-2.49154,-0.04223,0.78424,0.09906,0.36325,0.09837
52.2,2,-1.53137,-2.46052,-0.05014,0.37266,0.04538,0.23518,0.26114
52.22,0,1.07705,-2.49605,-0.00116,0.51900,-0.00005,0.00000,
52.22,1,-0.28086,-2.49220,-0.04035,0.78941,0.08678,0.35791,0.10875
52.22,2,-1.52373,-2.46092,-0.04900,0.38674,0.06058,0.24327,0.27687
52.24,0,1.08727,-2.49607,-0.00116,0.50479,0.00002,0.00000,
52.24,1,-0.26521,-2.49283,-0.03875,0.76005,0.07621,0.35248,0.11898
52.24,2,-1.51606,-2.46130,-0.04788,0.37929,0.05166,0.25125,0.29253
52.26,0,1.09728,-2.49608,-0.00116,0.49837,0.00002,0.00000,
52.26,1,-0.25104,-2.49338,-0.03724,0.67224,0.07535,0.34832,0.12898
52.26,2,-1.50875,-2.46166,-0.04684,0.37956,0.04624,0.25811,0.30671
52.28,0,1.10726,-2.49609,-0.00116,0.50075,0.00000,0.00000,
52.28,1,-0.23946,-2.49386,-0.03615,0.58864,0.06754,0.34672,0.13897
52.28,2,-1.50095,-2.46202,-0.04596,0.39285,0.04358,0.26189,0.31830
52.3,0,1.11731,-2.49610,-0.00116,0.50329,0.00000,0.00000,
52.3,1,-0.22731,-2.49431,-0.03459,0.61802,0.08090,0.34462,0.14902
52.3,2,-1.49326,-2.46238,-0.04506,0.37690,0.04588,0.26635,0.33046
52.32,0,1.12723,-2.49611,-0.00116,0.46510,-0.00037,0.00000,
52.32,1,-0.21502,-2.49474,-0.03308,0.60787,0.06972,0.34224,0.15893
52.32,2,-1.48589,-2.46271,-0.04415,0.36390,0.04463,0.27128,0.34276
52.34,0,1.13664,-2.49612,-0.00116,0.47552,0.00005,0.00000,
52.34,1,-0.20324,-2.49514,-0.03172,0.58207,0.06693,0.33988,0.16834
52.34,2,-1.47867,-2.46303,-0.04329,0.36019,0.04226,0.27583,0.35454
52.36,0,1.14622,-2.49613,-0.00116,0.48087,0.00010,0.00000,
52.36,1,-0.19138,-2.49552,-0.03045,0.59891,0.06179,0.33760,0.17793
52.36,2,-1.47150,-2.46334,-0.04246,0.35723,0.04075,0.28052,0.36641
52.38,0,1.15583,-2.49615,-0.00116,0.47908,-0.00000,0.00000,
52.38,1,-0.17948,-2.49588,-0.02921,0.58905,0.06265,0.33531,0.18753
52.38,2,-1.46442,-2.46364,-0.04166,0.35174,0.03956,0.28534,0.37831
52.4,0,1.16527,-2.49616,-0.00115,0.47969,0.00001,0.00000,
52.4,1,-0.16790,-2.49622,-0.02797,0.57244,0.06135,0.33317,0.19697
52.4,2,-1.45811,-2.46392,-0.04108,0.30175,0.02988,0.29062,0.38990
52.42,0,1.17500,-2.49617,-0.00115,0.49445,0.00003,0.00000,
52.42,1,-0.15657,-2.49654,-0.02677,0.56279,0.05870,0.33157,0.20671
52.42,2,-1.45191,-2.46419,-0.04030,0.31454,0.04260,0.29575,0.40123
52.44,0,1.18519,-2.49618,-0.00116,0.51547,-0.00005,0.00000,
52.44,1,-0.14539,-2.49684,-0.02562,0.55644,0.05661,0.33058,0.21690
52.44,2,-1.44566,-2.46445,-0.03949,0.30981,0.03736,0.30067,0.41242
52.46,0,1.19544,-2.49619,-0.00116,0.50801,-0.00000,0.00000,
52.46,1,-0.13503,-2.49711,-0.02459,0.51716,0.05487,0.33047,0.22715
52.46,2,-1.43969,-2.46468,-0.03876,0.27461,0.04102,0.30506,0.42278
52.48,0,1.20550,-2.49620,-0.00116,0.49976,0.00002,0.00000,
52.48,1,-0.12463,-2.49737,-0.02346,0.52093,0.05589,0.33012,0.23720
52.48,2,-1.43363,-2.46492,-0.03808,0.32278,0.03052,0.30940,0.43319
52.5,0,1.21548,-2.49621,-0.00116,0.49964,0.00001,0.00000,
52.5,1,-0.11430,-2.49762,-0.02240,0.51116,0.05064,0.32978,0.24719
52.5,2,-1.42709,-2.46517,-0.03748,0.32419,0.03070,0.31318,0.44351
52.52,0,1.22550,-2.49623,-0.00116,0.50202,0.00000,0.00000,
52.52,1,-0.10422,-2.49784,-0.02142,0.49942,0.04863,0.32972,0.25721
52.52,2,-1.42082,-2.46540,-0.03685,0.30481,0.03167,0.31700,0.45360
52.54,0,1.23555,-2.49624,-0.00115,0.50272,0.00000,0.00000,
52.54,1,-0.09432,-2.49806,-0.02045,0.49172,0.04804,0.32988,0.26726
52.54,2,-1.41485,-2.46563,-0.03623,0.29594,0.03031,0.32093,0.46350
52.56,0,1.24560,-2.49625,-0.00115,0.50221,0.00001,0.00000,
52.56,1,-0.08456,-2.49826,-0.01950,0.48549,0.04663,0.33016,0.27731
52.56,2,-1.40895,-2.46584,-0.03564,0.29508,0.02880,0.32479,0.47326
52.58,0,1.25534,-2.49626,-0.00116,0.46556,-0.00028,0.00000,
52.58,1,-0.07528,-2.49844,-0.01864,0.44517,0.04173,0.33062,0.28704
52.58,2,-1.40385,-2.46604,-0.03524,0.26063,0.02646,0.32896,0.48254
52.6,0,1.26478,-2.49627,-0.00116,0.47688,0.00010,0.00000,
52.6,1,-0.06630,-2.49861,-0.01775,0.45190,0.04527,0.33108,0.29648
52.6,2,-1.39854,-2.46623,-0.03463,0.26602,0.03119,0.33264,0.49153
52.62,0,1.27437,-2.49628,-0.00116,0.48059,0.00008,0.00000,
52.62,1,-0.05729,-2.49878,-0.01687,0.44719,0.04216,0.33167,0.30608
52.62,2,-1.39331,-2.46642,-0.03406,0.25783,0.02639,0.33641,0.50053
52.64,0,1.28396,-2.49629,-0.00116,0.47808,-0.00001,0.00000,
52.64,1,-0.04847,-2.49892,-0.01606,0.43660,0.03969,0.33243,0.31567
52.64,2,-1.38824,-2.46659,-0.03356,0.25040,0.02420,0.34017,0.50936
52.66,0,1.29333,-2.49631,-0.00115,0.49037,-0.00001,0.00000,
52.66,1,-0.03983,-2.49906,-0.01528,0.42865,0.03892,0.33316,0.32503
52.66,2,-1.38333,-2.46676,-0.03306,0.24900,0.02458,0.34389,0.51800
52.68,0,1.30353,-2.49632,-0.00116,0.51838,-0.00008,0.00000,
52.68,1,-0.03132,-2.49919,-0.01451,0.42311,0.03794,0.33486,0.33524
52.68,2,-1.37829,-2.46692,-0.03257,0.26048,0.02279,0.34736,0.52651
52.7,0,1.31382,-2.49633,-0.00116,0.50820,0.00001,0.00000,
52.7,1,-0.02292,-2.49932,-0.01377,0.41730,0.03656,0.33674,0.34552
52.7,2,-1.37306,-2.46709,-0.03213,0.25902,0.02193,0.35052,0.53491
52.72,0,1.32384,-2.49634,-0.00116,0.49715,0.00003,0.00000,
52.72,1,-0.01465,-2.49943,-0.01305,0.41084,0.03524,0.33849,0.35555
52.72,2,-1.36895,-2.46726,-0.03172,0.15997,0.00536,0.35469,
52.74,0,1.33377,-2.49635,-0.00115,0.49706,0.00001,0.00000,
52.74,1,-0.00650,-2.49954,-0.01236,0.40446,0.03407,0.34028,0.36548
52.74,2,-1.36517,-2.46742,-0.03175,0.18906,-0.00147,0.35905,
52.76,0,1.34375,-2.49636,-0.00115,0.50026,0.00000,0.00000,
52.76,1,0.00152,-2.49964,-0.01169,0.39839,0.03294,0.34223,0.37545
52.76,2,-1.36323,-2.46746,-0.03263,0.03270,-0.04372,0.36513,
52.78,0,1.35377,-2.49638,-0.00115,0.50118,0.00001,0.00000,
52.78,1,0.00942,-2.49973,-0.01104,0.39245,0.03182,0.34435,0.38547
52.78,2,-1.36313,-2.46747,-0.03294,-0.00965,-0.00163,0.37293,
52.8,0,1.36379,-2.49639,-0.00115,0.50049,0.00001,0.00000,
52.8,1,0.01721,-2.49981,-0.01042,0.38654,0.03074,0.34658,0.39549
52.8,2,-1.36351,-2.46747,-0.03285,-0.02425,0.00628,0.38110,
52.82,0,1.37379,-2.49640,-0.00115,0.50004,0.00001,0.00000,
52.82,1,0.02487,-2.49989,-0.00981,0.38070,0.02970,0.34892,0.40549
52.82,2,-1.36397,-2.46747,-0.03277,-0.01957,0.00190,0.38922,
52.84,0,1.38379,-2.49641,-0.00115,0.50011,0.00000,0.00000,
52.84,1,0.03218,-2.49997,-0.00925,0.34644,0.02711,0.35161,0.41550
52.84,2,-1.36426,-2.46746,-0.03276,-0.01101,-0.00073,0.39682,
52.86,0,1.39317,-2.49642,-0.00116,0.47013,-0.00004,0.00000,
52.86,1,0.03919,-2.50003,-0.00869,0.35292,0.02839,0.35399,0.42488
52.86,2,-1.36446,-2.46745,-0.03278,-0.00999,-0.00063,0.40403,
52.88,0,1.40268,-2.49643,-0.00116,0.47844,0.00012,0.00000,
52.88,1,0.04623,-2.50010,-0.00813,0.34992,0.02691,0.35645,0.43438
52.88,2,-1.36468,-2.46744,-0.03279,-0.01221,-0.00005,0.41129,
52.9,0,1.41225,-2.49644,-0.00116,0.47796,0.00002,0.00000,
52.9,1,0.05314,-2.50015,-0.00761,0.34144,0.02549,0.35912,0.44396
52.9,2,-1.36494,-2.46744,-0.03278,-0.01312,0.00012,0.41845,
52.92,0,1.42156,-2.49645,-0.00115,0.47740,0.00006,0.00000,
52.92,1,0.06353,-2.50021,-0.00696,0.55567,0.03780,0.35804,0.00931
52.92,2,-1.36505,-2.46743,-0.03278,-0.00101,0.00006,0.42896,
52.94,0,1.43162,-2.49647,-0.00115,0.51572,-0.00010,0.00000,
52.94,1,0.07302,-2.50026,-0.00610,0.44521,0.04410,0.35861,0.01937
52.94,2,-1.36503,-2.46743,-0.03278,0.00172,0.00001,0.43842,
52.96,0,1.44192,-2.49648,-0.00116,0.50990,-0.00001,0.00000,
52.96,1,0.08316,-2.50026,-0.00398,0.60143,0.11301,0.35876,0.02966
52.96,2,-1.36498,-2.46743,-0.03278,0.00250,-0.00002,0.44852,
52.98,0,1.45196,-2.49649,-0.00116,0.49704,0.00003,0.00000,
52.98,1,0.09704,-2.50032,-0.00281,0.75258,0.02194,0.35492,0.03971
52.98,2,-1.36494,-2.46744,-0.03278,0.00221,-0.00002,0.46235,
53.0,0,1.46186,-2.49650,-0.00115,0.49517,0.00001,0.00000,
53.0,1,0.11310,-2.50038,-0.00272,0.79434,0.00058,0.34877,0.04961
53.0,2,-1.36490,-2.46744,-0.03278,0.00182,-0.00000,0.47837,
53.02,0,1.47180,-2.49651,-0.00115,0.49841,0.00000,0.00000,
53.02,1,0.12949,-2.50038,-0.00035,0.83023,0.15786,0.34232,0.05955
53.02,2,-1.36486,-2.46744,-0.03278,0.00179,0.00000,0.49472,
53.04,0,1.48179,-2.49652,-0.00115,0.49986,0.00000,0.00000,
53.04,1,0.14611,-2.50041,0.00132,0.82747,0.01861,0.33568,0.06954
53.04,2,-1.36482,-2.46744,-0.03278,0.00190,0.00000,0.51129,
53.06,0,1.49178,-2.49654,-0.00115,0.49931,0.00001,0.00000,
53.06,1,0.16094,-2.50041,0.00098,0.65778,-0.02575,0.33084,0.07953
53.06,2,-1.36478,-2.46744,-0.03278,0.00194,-0.00000,0.52608,
53.08,0,1.50176,-2.49655,-0.00115,0.49873,0.00001,0.00000,
53.08,1,0.17392,-2.50039,0.00085,0.64533,-0.00266,0.32784,0.08951
53.08,2,-1.36475,-2.46744,-0.03278,0.00192,-0.00000,0.53902,
53.1,0,1.51174,-2.49656,-0.00115,0.49874,0.00000,0.00000,
53.1,1,0.18665,-2.50038,0.00089,0.62847,0.00570,0.32509,0.09948
53.1,2,-1.36471,-2.46744,-0.03278,0.00190,-0.00000,0.55171,
53.12,0,1.52171,-2.49657,-0.00115,0.49890,0.00000,0.00000,
53.12,1,0.19905,-2.50038,0.00104,0.61428,0.00711,0.32266,0.10946
53.12,2,-1.36298,-2.46744,-0.03273,0.33843,0.01107,0.56238,0.00617
53.14,0,1.53169,-2.49658,-0.00115,0.49895,0.00000,0.00000,
53.14,1,0.21124,-2.50037,0.00115,0.60616,0.00465,0.32045,0.11944
53.14,2,-1.35791,-2.46745,-0.03200,0.23520,0.04266,0.56950,0.01836
53.16,0,1.54167,-2.49659,-0.00115,0.49891,0.00000,0.00000,
53.16,1,0.22329,-2.50035,0.00123,0.59870,0.00393,0.31839,0.12942
53.16,2,-1.35331,-2.46745,-0.03111,0.20277,0.05145,0.57694,0.03040
53.18,0,1.55115,-2.49660,-0.00116,0.46654,-0.00013,0.00000,
53.18,1,0.23516,-2.50034,0.00131,0.58968,0.00424,0.31599,0.13890
53.18,2,-1.34964,-2.46736,-0.02779,0.23393,0.38326,0.58514,0.04228
53.2,0,1.56060,-2.49662,-0.00116,0.47631,0.00012,0.00000,
53.2,1,0.24621,-2.50032,0.00141,0.54567,0.00445,0.31440,0.14835
53.2,2,-1.34002,-2.46750,-0.02123,0.63690,0.19759,0.58657,0.05332
53.22,0,1.57015,-2.49663,-0.00115,0.47726,0.00004,0.00000,
53.22,1,0.25826,-2.50031,0.00138,0.61261,-0.00462,0.31190,0.00955
53.22,2,-1.32535,-2.46773,-0.01821,0.76488,0.17728,0.58395,0.06537
53.24,0,1.57945,-2.49664,-0.00115,0.47665,0.00006,0.00000,
53.24,1,0.27098,-2.50029,0.00134,0.65795,0.00033,0.30848,0.01885
53.24,2,-1.31107,-2.46791,-0.01441,0.70770,0.21255,0.58238,0.07809
53.26,0,1.58949,-2.49665,-0.00115,0.51482,-0.00011,0.00000,
53.26,1,0.28439,-2.50030,0.00094,0.69940,-0.03710,0.30510,0.02889
53.26,2,-1.29662,-2.46785,-0.01040,0.76301,0.10325,0.58135,0.09150
53.28,0,1.59976,-2.49666,-0.00115,0.50885,-0.00001,0.00000,
53.28,1,0.29924,-2.50027,0.00054,0.75742,-0.00282,0.30052,0.03916
53.28,2,-1.28050,-2.46803,-0.01059,0.82826,-0.06409,0.58007,0.10636
53.3,0,1.60978,-2.49667,-0.00115,0.49599,0.00003,0.00000,
53.3,1,0.31359,-2.50025,0.00069,0.69976,0.01116,0.29620,0.04918
53.3,2,-1.26396,-2.46825,-0.01177,0.81958,-0.04060,0.57787,0.12070
53.32,0,1.61967,-2.49668,-0.00115,0.49416,0.00001,0.00000,
53.32,1,0.32710,-2.50023,0.00086,0.66025,0.00564,0.29257,0.05907
53.32,2,-1.24782,-2.46847,-0.01216,0.79913,-0.00836,0.57524,0.13422
53.34,0,1.62958,-2.49670,-0.00115,0.49742,0.00000,0.00000,
53.34,1,0.33866,-2.50022,0.00095,0.57581,0.00327,0.29093,0.06898
53.34,2,-1.23223,-2.46868,-0.01240,0.73972,-0.02047,0.57121,0.14577
53.36,0,1.63955,-2.49671,-0.00115,0.49885,0.00000,0.00000,
53.36,1,0.35056,-2.50021,0.00101,0.60544,0.00378,0.28900,0.07895
53.36,2,-1.21720,-2.46888,-0.01284,0.76215,-0.02236,0.56808,0.15767
53.38,0,1.64953,-2.49672,-0.00115,0.49830,0.00001,0.00000,
53.38,1,0.36262,-2.50020,0.00110,0.59672,0.00424,0.28691,0.08893
53.38,2,-1.20181,-2.46907,-0.01326,0.77327,-0.01976,0.56474,0.16974
53.4,0,1.65948,-2.49673,-0.00115,0.49772,0.00001,0.00000,
53.4,1,0.37422,-2.50018,0.00118,0.56284,0.00380,0.28527,0.09888
53.4,2,-1.18674,-2.46928,-0.01361,0.76867,-0.01810,0.56126,0.18133
53.42,0,1.66944,-2.49674,-0.00115,0.49773,0.00000,0.00000,
53.42,1,0.38574,-2.50017,0.00125,0.58488,0.00380,0.28370,0.10884
53.42,2,-1.17063,-2.46950,-0.01401,0.82464,-0.02062,0.55667,0.19286
53.44,0,1.67940,-2.49675,-0.00115,0.49790,0.00000,0.00000,
53.44,1,0.39743,-2.50015,0.00133,0.57980,0.00371,0.28197,0.11880
53.44,2,-1.15415,-2.46973,-0.01440,0.81773,-0.01817,0.55187,0.20454
53.46,0,1.68935,-2.49676,-0.00115,0.49794,0.00000,0.00000,
53.46,1,0.40883,-2.50014,0.00140,0.56261,0.00356,0.28052,0.12875
53.46,2,-1.13802,-2.46997,-0.01475,0.79913,-0.01710,0.54714,0.21595
53.48,0,1.69931,-2.49678,-0.00115,0.49790,0.00000,0.00000,
53.48,1,0.41995,-2.50012,0.00147,0.55163,0.00344,0.27936,0.13871
53.48,2,-1.12210,-2.47020,-0.01509,0.79585,-0.01709,0.54234,0.22707
53.5,0,1.70927,-2.49679,-0.00115,0.49788,0.00000,0.00000,
53.5,1,0.43092,-2.50011,0.00154,0.54542,0.00333,0.27836,0.14867
53.5,2,-1.10613,-2.47044,-0.01543,0.80038,-0.01674,0.53733,0.23803
53.52,0,1.71923,-2.49680,-0.00115,0.49789,0.00000,0.00000,
53.52,1,0.44550,-2.50009,0.00151,0.81181,-0.00337,0.27373,0.00996
53.52,2,-1.09116,-2.47068,-0.01585,0.75707,-0.01676,0.53693,0.25261
53.54,0,1.72919,-2.49681,-0.00115,0.49789,0.00000,0.00000,
53.54,1,0.46063,-2.50007,0.00175,0.73189,0.07233,0.26856,0.01992
53.54,2,-1.07585,-2.47093,-0.01613,0.76958,-0.01311,0.53676,0.26775
53.56,0,1.73914,-2.49682,-0.00115,0.49789,0.00000,0.00000,
53.56,1,0.47516,-2.50006,0.00268,0.71802,0.01631,0.26399,0.02987
53.56,2,-1.06083,-2.47118,-0.01636,0.75762,-0.01264,0.53626,0.28227
53.58,0,1.74854,-2.49683,-0.00116,0.46689,-0.00009,0.00000,
53.58,1,0.48668,-2.50004,0.00281,0.56244,0.00487,0.26187,0.03927
53.58,2,-1.04486,-2.47144,-0.01668,0.82147,-0.01749,0.53180,0.29379
53.6,0,1.75799,-2.49684,-0.00116,0.47589,0.00012,0.00000,
53.6,1,0.49820,-2.49998,0.00315,0.59227,0.01565,0.25980,0.04872
53.6,2,-1.02838,-2.47172,-0.01700,0.81853,-0.01449,0.52685,0.30531
53.62,0,1.76753,-2.49685,-0.00115,0.47608,0.00003,0.00000,
53.62,1,0.51218,-2.49995,0.00316,0.69704,-0.01027,0.25535,0.00953
53.62,2,-1.01225,-2.47199,-0.01727,0.79874,-0.01306,0.52469,0.31930
53.64,0,1.77684,-2.49687,-0.00115,0.48782,-0.00002,0.00000,
53.64,1,0.52642,-2.49991,0.00296,0.71186,-0.01008,0.25043,0.01885
53.64,2,-0.99635,-2.47227,-0.01753,0.79394,-0.01331,0.52303,0.33353
53.66,0,1.78699,-2.49688,-0.00115,0.51545,-0.00010,0.00000,
53.66,1,0.53953,-2.49987,0.00283,0.54286,-0.00198,0.24747,0.02900
53.66,2,-0.98043,-2.47255,-0.01780,0.79840,-0.01319,0.52021,0.34664
53.68,0,1.79721,-2.49689,-0.00115,0.50497,0.00001,0.00000,
53.68,1,0.55058,-2.49983,0.00280,0.56410,-0.00116,0.24664,0.03922
53.68,2,-0.96443,-2.47283,-0.01806,0.80106,-0.01269,0.51525,0.35769
53.7,0,1.80717,-2.49690,-0.00115,0.49395,0.00003,0.00000,
53.7,1,0.56171,-2.49979,0.00276,0.53372,-0.00224,0.24547,0.04918
53.7,2,-0.94926,-2.47311,-0.01840,0.73234,-0.01576,0.51120,0.36882
53.72,0,1.81704,-2.49691,-0.00115,0.49395,0.00000,0.00000,
53.72,1,0.57347,-2.49975,0.00274,0.61920,-0.00031,0.24357,0.05905
53.72,2,-0.93538,-2.47337,-0.01862,0.66270,-0.00868,0.50908,0.38058
53.74,0,1.82696,-2.49692,-0.00115,0.49718,-0.00000,0.00000,
53.74,1,0.58586,-2.49972,0.00274,0.60868,-0.00028,0.24110,0.06896
53.74,2,-0.92257,-2.47361,-0.01880,0.63051,-0.00995,0.50865,0.39297
53.76,0,1.83691,-2.49694,-0.00115,0.49807,0.00000,0.00000,
53.76,1,0.59760,-2.49968,0.00273,0.57139,-0.00064,0.23932,0.07892
53.76,2,-0.91049,-2.47385,-0.01910,0.59171,-0.01525,0.50832,0.40471
53.78,0,1.84687,-2.49695,-0.00115,0.49737,0.00001,0.00000,
53.78,1,0.60884,-2.49965,0.00272,0.55822,-0.00065,0.23803,0.08887
53.78,2,-0.89844,-2.47408,-0.01932,0.60858,-0.00843,0.50750,0.41596
53.8,0,1.85681,-2.49696,-0.00115,0.49692,0.00000,0.00000,
53.8,1,0.61974,-2.49962,0.00271,0.51516,0.00032,0.23707,0.09882
53.8,2,-0.88634,-2.47432,-0.01948,0.59949,-0.00879,0.50629,0.42685
53.82,0,1.86675,-2.49697,-0.00115,0.49700,0.00000,0.00000,
53.82,1,0.63017,-2.49959,0.00270,0.52648,-0.00075,0.23658,0.10875
53.82,2,-0.87454,-2.47455,-0.01967,0.58241,-0.01005,0.50492,0.43729
53.84,0,1.87669,-2.49698,-0.00115,0.49715,0.00000,0.00000,
53.84,1,0.64069,-2.49957,0.00269,0.52300,-0.00076,0.23600,0.11870
53.84,2,-0.86302,-2.47477,-0.01987,0.57210,-0.00973,0.50392,0.44781
53.86,0,1.88663,-2.49699,-0.00115,0.49717,0.00000,0.00000,
53.86,1,0.65101,-2.49954,0.00268,0.50987,-0.00048,0.23562,0.12864
53.86,2,-0.85165,-2.47500,-0.02006,0.56561,-0.00910,0.50287,0.45813
53.88,0,1.89658,-2.49700,-0.00115,0.49713,0.00000,0.00000,
53.88,1,0.66109,-2.49951,0.00267,0.49978,-0.00045,0.23549,0.13858
53.88,2,-0.84043,-2.47523,-0.02024,0.55791,-0.00881,0.50171,0.46820
53.9,0,1.90652,-2.49702,-0.00115,0.49712,0.00000,0.00000,
53.9,1,0.67065,-2.49948,0.00266,0.45933,0.00004,0.23587,0.14853
53.9,2,-0.82937,-2.47545,-0.02041,0.54902,-0.00859,0.50021,0.47776
53.92,0,1.91646,-2.49703,-0.00115,0.49712,0.00000,0.00000,
53.92,1,0.67993,-2.49946,0.00266,0.46738,-0.00074,0.23653,0.15847
53.92,2,-0.81744,-2.47567,-0.02012,0.71426,0.09648,0.49756,0.00466
53.94,0,1.92640,-2.49704,-0.00115,0.49713,0.00000,0.00000,
53.94,1,0.68925,-2.49943,0.00264,0.46253,-0.00059,0.23716,0.16841
53.94,2,-0.80289,-2.47590,-0.01993,0.72189,-0.05550,0.49233,0.01398
53.96,0,1.93635,-2.49705,-0.00115,0.49713,0.00000,0.00000,
53.96,1,0.69838,-2.49941,0.00263,0.45124,-0.00039,0.23797,0.17835
53.96,2,-0.78862,-2.47604,-0.01956,0.74505,0.07229,0.48718,0.02311
53.98,0,1.94629,-2.49706,-0.00115,0.49713,0.00000,0.00000,
53.98,1,0.70730,-2.49939,0.00262,0.44297,-0.00040,0.23899,0.18830
53.98,2,-0.77255,-2.47633,-0.01846,0.83635,0.02939,0.48003,0.03203
54.0,0,1.95623,-2.49707,-0.00115,0.49713,0.00000,0.00000,
54.0,1,0.71604,-2.49936,0.00261,0.44544,-0.00041,0.24020,0.19824
54.0,2,-0.75575,-2.47665,-0.01835,0.83312,-0.00538,0.47196,0.04077
54.02,0,1.96617,-2.49708,-0.00115,0.49713,0.00000,0.00000,
54.02,1,0.72685,-2.49934,0.00246,0.51584,-0.01306,0.23933,0.00994
54.02,2,-0.73941,-2.47696,-0.01842,0.80576,0.00117,0.46643,0.05158
54.04,0,1.97612,-2.49710,-0.00115,0.49713,0.00000,0.00000,
54.04,1,0.73713,-2.49935,0.00189,0.53643,-0.04393,0.23899,0.01989
54.04,2,-0.72448,-2.47725,-0.01840,0.75344,0.00772,0.46177,0.06186
54.06,0,1.98606,-2.49711,-0.00115,0.49713,0.00000,0.00000,
54.06,1,0.74938,-2.49933,0.00140,0.65823,-0.00664,0.23668,0.02983
54.06,2,-0.70918,-2.47754,-0.01821,0.77300,0.00886,0.45872,0.07411
54.08,0,1.99533,-2.49712,-0.00116,0.46861,-0.00001,0.00000,
54.08,1,0.76263,-2.49929,0.00148,0.65074,0.00769,0.23270,0.03910
54.08,2,-0.69366,-2.47782,-0.01809,0.77577,0.00442,0.45646,0.08736
54.1,0,2.00480,-2.49713,-0.00115,0.47585,0.00011,0.00000,
54.1,1,0.77509,-2.49927,0.00157,0.60277,0.00136,0.22971,0.04857
54.1,2,-0.67851,-2.47811,-0.01795,0.78785,0.00343,0.45376,0.09982
54.12,0,2.01421,-2.49714,-0.00115,0.44217,0.00032,0.00000,
54.12,1,0.78692,-2.49925,0.00156,0.58715,-0.00108,0.22729,0.05798
54.12,2,-0.66217,-2.47840,-0.01791,0.82974,0.00255,0.44924,0.11165
54.14,0,2.02375,-2.49715,-0.00115,0.50148,-0.00009,0.00000,
54.14,1,0.79868,-2.49923,0.00155,0.58871,0.00046,0.22507,0.06752
54.14,2,-0.64568,-2.47870,-0.01783,0.81680,0.00487,0.44450,0.12341
54.16,0,2.03400,-2.49716,-0.00115,0.51386,-0.00007,0.00000,
54.16,1,0.81041,-2.49921,0.00157,0.58351,0.00103,0.22358,0.07776
54.16,2,-0.62955,-2.47899,-0.01773,0.80065,0.00489,0.44010,0.13514
54.18,0,2.04413,-2.49717,-0.00115,0.49991,0.00003,0.00000,
54.18,1,0.82094,-2.49919,0.00160,0.50212,0.00123,0.22319,0.08790
54.18,2,-0.61414,-2.47927,-0.01771,0.74488,-0.00109,0.43522,0.14567
54.2,0,2.05402,-2.49719,-0.00115,0.49240,0.00002,0.00000,
54.2,1,0.83123,-2.49917,0.00161,0.52194,0.00013,0.22279,0.09779
54.2,2,-0.59902,-2.47954,-0.01763,0.75795,0.00678,0.43039,0.15596
54.22,0,2.06389,-2.49720,-0.00115,0.49440,0.00000,0.00000,
54.22,1,0.84138,-2.49916,0.00161,0.48274,-0.00019,0.22251,0.10765
54.22,2,-0.58466,-2.47979,-0.01750,0.67942,0.00565,0.42617,0.16611
54.24,0,2.07381,-2.49721,-0.00115,0.49715,0.00000,0.00000,
54.24,1,0.85197,-2.49914,0.00162,0.55641,0.00081,0.22184,0.11758
54.24,2,-0.57173,-2.48002,-0.01742,0.63030,0.00342,0.42383,0.17670
54.26,0,2.08376,-2.49722,-0.00115,0.49733,0.00001,0.00000,
54.26,1,0.86311,-2.49912,0.00164,0.54781,0.00067,0.22065,0.12752
54.26,2,-0.55933,-2.48024,-0.01738,0.58536,-0.00364,0.42256,0.18784
54.28,0,2.09369,-2.49723,-0.00115,0.49657,0.00000,0.00000,
54.28,1,0.87369,-2.49910,0.00165,0.51542,0.00043,0.22001,0.13746
54.28,2,-0.54737,-2.48046,-0.01735,0.60760,0.00491,0.42118,0.19842
54.3,0,2.10362,-2.49724,-0.00115,0.49631,0.00000,0.00000,
54.3,1,0.88345,-2.49909,0.00166,0.43005,0.00148,0.22017,0.14739
54.3,2,-0.53518,-2.48067,-0.01723,0.60623,0.00550,0.41876,0.20818
54.32,0,2.11355,-2.49725,-0.00115,0.49646,0.00000,0.00000,
54.32,1,0.89235,-2.49907,0.00168,0.45772,0.00031,0.22120,0.15732
54.32,2,-0.52325,-2.48088,-0.01715,0.58880,0.00330,0.41571,0.21708
54.34,0,2.12348,-2.49727,-0.00115,0.49658,0.00000,0.00000,
54.34,1,0.90164,-2.49906,0.00168,0.46492,0.00017,0.22184,0.16725
54.34,2,-0.51163,-2.48108,-0.01709,0.57590,0.00299,0.41338,0.22637
54.36,0,2.13341,-2.49728,-0.00115,0.49657,0.00000,0.00000,
54.36,1,0.91056,-2.49904,0.00168,0.42177,-0.00002,0.22286,0.17718
54.36,2,-0.50019,-2.48127,-0.01703,0.56896,0.00334,0.41086,0.23529
54.38,0,2.14334,-2.49729,-0.00115,0.49653,0.00000,0.00000,
54.38,1,0.91976,-2.49902,0.00169,0.48336,0.00063,0.22358,0.18711
54.38,2,-0.48889,-2.48146,-0.01696,0.56189,0.00329,0.40876,0.24449
54.4,0,2.15327,-2.49730,-0.00115,0.49652,0.00000,0.00000,
54.4,1,0.92947,-2.49901,0.00170,0.47863,0.00049,0.22381,0.19704
54.4,2,-0.47775,-2.48165,-0.01690,0.55317,0.00309,0.40732,0.25420
54.42,0,2.16320,-2.49731,-0.00115,0.49653,0.00000,0.00000,
54.42,1,0.93873,-2.49899,0.00171,0.45164,0.00033,0.22447,0.20697
54.42,2,-0.46703,-2.48184,-0.01687,0.50383,-0.00230,0.40587,0.26346
54.44,0,2.17313,-2.49732,-0.00115,0.49654,0.00000,0.00000,
54.44,1,0.94679,-2.49898,0.00173,0.38450,0.00081,0.22635,0.21690
54.44,2,-0.45687,-2.48201,-0.01684,0.51213,0.00418,0.40376,0.27152
54.46,0,2.18306,-2.49733,-0.00115,0.49654,0.00000,0.00000,
54.46,1,0.95475,-2.49896,0.00173,0.40658,0.00005,0.22832,0.22683
54.46,2,-0.44662,-2.48219,-0.01675,0.51030,0.00417,0.40147,0.27948
54.48,0,2.19300,-2.49735,-0.00115,0.49653,0.00000,0.00000,
54.48,1,0.96289,-2.49895,0.00174,0.40366,0.00020,0.23011,0.23676
54.48,2,-0.43654,-2.48236,-0.01668,0.49858,0.00251,0.39953,0.28762
54.5,0,2.20293,-2.49736,-0.00115,0.49653,0.00000,0.00000,
54.5,1,0.97068,-2.49894,0.00174,0.36974,0.00007,0.23224,0.24669
54.5,2,-0.42669,-2.48252,-0.01664,0.48846,0.00237,0.39747,0.29542
54.52,0,2.21286,-2.49737,-0.00115,0.49653,0.00000,0.00000,
54.52,1,0.97854,-2.49892,0.00175,0.40767,0.00043,0.23432,0.25662
54.52,2,-0.41700,-2.48268,-0.01659,0.48184,0.00263,0.39564,0.30327
54.54,0,2.22279,-2.49738,-0.00115,0.49653,0.00000,0.00000,
54.54,1,0.98674,-2.49891,0.00175,0.40601,0.00035,0.23605,0.26656
54.54,2,-0.40743,-2.48284,-0.01653,0.47549,0.00257,0.39426,0.31147
54.56,0,2.23272,-2.49739,-0.00115,0.49653,0.00000,0.00000,
54.56,1,0.99465,-2.49889,0.00176,0.38770,0.00025,0.23807,0.27649
54.56,2,-0.39800,-2.48300,-0.01648,0.46826,0.00241,0.39275,0.31938
54.58,0,2.24265,-2.49740,-0.00115,0.49653,0.00000,0.00000,
54.58,1,1.00229,-2.49888,0.00177,0.37850,0.00026,0.24036,0.28642
54.58,2,-0.38872,-2.48315,-0.01644,0.46093,0.00232,0.39110,0.32702
54.6,0,2.25258,-2.49741,-0.00115,0.49653,0.00000,0.00000,
54.6,1,1.00983,-2.49887,0.00177,0.37586,0.00027,0.24275,0.29635
54.6,2,-0.37958,-2.48330,-0.01639,0.45396,0.00226,0.38949,0.33456
54.62,0,2.26251,-2.49743,-0.00115,0.49653,0.00000,0.00000,
54.62,1,1.01680,-2.49885,0.00178,0.31988,0.00090,0.24571,0.30628
54.62,2,-0.37058,-2.48345,-0.01635,0.44720,0.00219,0.38746,0.34153
54.64,0,2.27244,-2.49744,-0.00115,0.49653,0.00000,0.00000,
54.64,1,1.02339,-2.49884,0.00179,0.33554,0.00002,0.24905,0.31621
54.64,2,-0.36204,-2.48359,-0.01635,0.40909,-0.00093,0.38552,0.34812
54.66,0,2.28237,-2.49745,-0.00115,0.49653,0.00000,0.00000,
54.66,1,1.03011,-2.49883,0.00179,0.33343,0.00006,0.25227,0.32614
54.66,2,-0.35378,-2.48373,-0.01631,0.41585,0.00348,0.38397,0.35484
54.68,0,2.29215,-2.49746,-0.00115,0.45939,-0.00037,0.00000,
54.68,1,1.03655,-2.49882,0.00179,0.30561,-0.00000,0.25560,0.33592
54.68,2,-0.34549,-2.48387,-0.01624,0.41152,0.00279,0.38212,0.36128
54.7,0,2.30146,-2.49747,-0.00116,0.47028,0.00005,0.00000,
54.7,1,1.04307,-2.49881,0.00180,0.33848,0.00033,0.25839,0.34522
54.7,2,-0.33737,-2.48400,-0.01620,0.40163,0.00167,0.38052,0.36780
54.72,0,2.31094,-2.49748,-0.00115,0.47561,0.00009,0.00000,
54.72,1,1.04987,-2.49879,0.00180,0.33692,0.00025,0.26107,0.35470
54.72,2,-0.32943,-2.48413,-0.01617,0.39430,0.00171,0.37938,0.37460
54.74,0,2.32022,-2.49749,-0.00115,0.46212,0.00016,0.00000,
54.74,1,1.05643,-2.49878,0.00181,0.32129,0.00017,0.26378,0.36398
54.74,2,-0.32160,-2.48425,-0.01613,0.38924,0.00189,0.37811,0.38116
54.76,0,2.33007,-2.49750,-0.00115,0.51012,-0.00012,0.00000,
54.76,1,1.06276,-2.49877,0.00181,0.31364,0.00018,0.26731,0.37384
54.76,2,-0.31387,-2.48438,-0.01609,0.38391,0.00181,0.37671,0.38749
54.78,0,2.34033,-2.49752,-0.00115,0.50994,-0.00003,0.00000,
54.78,1,1.06901,-2.49876,0.00181,0.31159,0.00019,0.27132,0.38410
54.78,2,-0.30626,-2.48450,-0.01606,0.37796,0.00169,0.37534,0.39374
54.8,0,2.35036,-2.49753,-0.00115,0.49581,0.00003,0.00000,
54.8,1,1.07521,-2.49875,0.00182,0.30817,0.00018,0.27516,0.39413
54.8,2,-0.29911,-2.48462,-0.01606,0.34680,-0.00039,0.37438,0.39994
54.82,0,2.36022,-2.49754,-0.00115,0.49193,0.00001,0.00000,
54.82,1,1.08131,-2.49874,0.00182,0.30294,0.00017,0.27891,0.40399
54.82,2,-0.29210,-2.48474,-0.01603,0.35189,0.00289,0.37349,0.40604
54.84,0,2.37009,-2.49755,-0.00115,0.49499,-0.00000,0.00000,
54.84,1,1.08712,-2.49873,0.00183,0.27443,0.00047,0.28297,0.41386
54.84,2,-0.28510,-2.48485,-0.01598,0.34700,0.00211,0.37229,0.41185
54.86,0,2.38001,-2.49756,-0.00115,0.49697,0.00000,0.00000,
54.86,1,1.09267,-2.49871,0.00183,0.28013,0.00005,0.28734,0.42378
54.86,2,-0.27826,-2.48496,-0.01594,0.33867,0.00127,0.37100,0.41741
54.88,0,2.38995,-2.49757,-0.00115,0.49663,0.00000,0.00000,
54.88,1,1.09826,-2.49870,0.00183,0.27745,0.00007,0.29169,0.43372
54.88,2,-0.27155,-2.48506,-0.01592,0.33288,0.00136,0.36988,0.42299
54.9,0,2.39988,-2.49759,-0.00115,0.49595,0.00000,0.00000,
54.9,1,1.10374,-2.49869,0.00183,0.27055,0.00016,0.29614,0.44364
54.9,2,-0.26494,-2.48517,-0.01589,0.32867,0.00148,0.36875,0.42847
54.92,0,2.40979,-2.49760,-0.00115,0.49587,0.00000,0.00000,
54.92,1,1.10887,-2.49868,0.00184,0.24621,0.00038,0.30092,0.45356
54.92,2,-0.25701,-2.48527,-0.01564,0.56563,0.06904,0.36595,0.00245
54.94,0,2.41971,-2.49761,-0.00115,0.49604,0.00000,0.00000,
54.94,1,1.11386,-2.49868,0.00184,0.25114,0.00002,0.30585,0.46348
54.94,2,-0.24660,-2.48538,-0.01363,0.47991,0.10710,0.36053,0.00744
54.96,0,2.42963,-2.49762,-0.00115,0.49612,0.00000,0.00000,
54.96,1,1.11886,-2.49867,0.00184,0.24788,0.00006,0.31077,0.47340
54.96,2,-0.23698,-2.48556,-0.01177,0.48624,0.03780,0.35591,0.01244
54.98,0,2.43956,-2.49763,-0.00115,0.49608,0.00000,0.00000,
54.98,1,1.12375,-2.49866,0.00185,0.24164,0.00014,0.31581,0.48332
54.98,2,-0.22655,-2.48584,-0.01266,0.55385,-0.06809,0.35036,0.01733
55.0,0,2.44948,-2.49764,-0.00115,0.49605,0.00000,0.00000,
55.0,1,1.12853,-2.49865,0.00185,0.23741,0.00013,0.32095,0.49325
55.0,2,-0.21510,-2.48596,-0.01347,0.57635,-0.01297,0.34369,0.02211
55.02,0,2.45940,-2.49765,-0.00115,0.49606,0.00000,0.00000,
55.02,1,1.13171,-2.49864,0.00180,0.17659,-0.00413,0.32768,
55.02,2,-0.20383,-2.48607,-0.01332,0.55088,0.01520,0.33560,0.02529
55.04,0,2.46932,-2.49767,-0.00115,0.49606,0.00000,0.00000,
55.04,1,1.13506,-2.49863,0.00172,0.12505,-0.00290,0.33426,
55.04,2,-0.19305,-2.48619,-0.01307,0.53199,0.00852,0.32817,0.02864
55.06,0,2.47924,-2.49768,-0.00115,0.49607,0.00000,0.00000,
55.06,1,1.13606,-2.49862,0.00170,0.01354,-0.00047,0.34318,
55.06,2,-0.18300,-2.48631,-0.01301,0.49434,0.00250,0.31912,0.02964
55.08,0,2.48916,-2.49769,-0.00115,0.49606,0.00000,0.00000,
55.08,1,1.13596,-2.49862,0.00169,-0.01664,0.00010,0.35320,
55.08,2,-0.17297,-2.48644,-0.01290,0.50473,0.00789,0.30899,0.02954
55.1,0,2.49908,-2.49770,-0.00115,0.49606,0.00000,0.00000,
55.1,1,1.13550,-2.49862,0.00170,-0.02572,0.00017,0.36358,
55.1,2,-0.16294,-2.48657,-0.01273,0.49709,0.00779,0.29850,0.02908
55.12,0,2.50900,-2.49771,-0.00115,0.49606,0.00000,0.00000,
55.12,1,1.13995,-2.49862,0.00169,0.26179,-0.00119,0.36906,0.00992
55.12,2,-0.15315,-2.48669,-0.01259,0.48401,0.00631,0.29315,0.03352
55.14,0,2.51893,-2.49772,-0.00115,0.49606,0.00000,0.00000,
55.14,1,1.14377,-2.49862,0.00164,0.15347,-0.00283,0.37515,0.01984
55.14,2,-0.14357,-2.48681,-0.01247,0.47568,0.00604,0.28739,0.03735
55.16,0,2.52885,-2.49773,-0.00115,0.49606,0.00000,0.00000,
55.16,1,1.14684,-2.49862,0.00159,0.15347,-0.00281,0.38201,0.02976
55.16,2,-0.13412,-2.48693,-0.01235,0.47000,0.00610,0.28101,0.04042
55.18,0,2.53877,-2.49775,-0.00115,0.49606,0.00000,0.00000,
55.18,1,1.15159,-2.49862,0.00153,0.37113,-0.00274,0.38718,0.03969
55.18,2,-0.12479,-2.48705,-0.01223,0.46348,0.00591,0.27643,0.04517
55.2,0,2.54869,-2.49776,-0.00115,0.49606,0.00000,0.00000,
55.2,1,1.16304,-2.49862,0.00146,0.68989,-0.00419,0.38565,0.04961
55.2,2,-0.11560,-2.48716,-0.01212,0.45616,0.00565,0.27869,0.05661
55.22,0,2.55861,-2.49777,-0.00115,0.49606,0.00000,0.00000,
55.22,1,1.17650,-2.49861,0.00138,0.61126,-0.00507,0.38211,0.05953
55.22,2,-0.10663,-2.48727,-0.01201,0.41316,0.00150,0.28318,0.07008
55.24,0,2.56853,-2.49778,-0.00115,0.49606,0.00000,0.00000,
55.24,1,1.18875,-2.49861,0.00128,0.62103,-0.00447,0.37978,0.06945
55.24,2,-0.09830,-2.48737,-0.01194,0.41977,0.00557,0.28710,0.08233
55.26,0,2.57845,-2.49779,-0.00115,0.49606,0.00000,0.00000,
55.26,1,1.20249,-2.49860,0.00123,0.74728,-0.00027,0.37596,0.07937
55.26,2,-0.08988,-2.48748,-0.01181,0.42041,0.00608,0.29242,0.09607
55.28,0,2.58837,-2.49780,-0.00115,0.49606,0.00000,0.00000,
55.28,1,1.21829,-2.49858,0.00124,0.78195,-0.00011,0.37009,0.08929
55.28,2,-0.08157,-2.48757,-0.01171,0.41125,0.00487,0.29990,0.11186
55.3,0,2.59830,-2.49781,-0.00115,0.49606,0.00000,0.00000,
55.3,1,1.23437,-2.49856,0.00123,0.81419,-0.00102,0.36393,0.09921
55.3,2,-0.07344,-2.48767,-0.01161,0.40238,0.00455,0.30786,0.12795
55.32,0,2.60822,-2.49783,-0.00115,0.49606,0.00000,0.00000,
55.32,1,1.25058,-2.49855,0.00120,0.79950,-0.00134,0.35764,0.10913
55.32,2,-0.06546,-2.48776,-0.01152,0.39669,0.00462,0.31609,0.14416
55.34,0,2.61814,-2.49784,-0.00115,0.49606,0.00000,0.00000,
55.34,1,1.26551,-2.49853,0.00118,0.69943,-0.00114,0.35263,0.11906
55.34,2,-0.05759,-2.48785,-0.01143,0.39157,0.00450,0.32314,0.15908
55.36,0,2.62806,-2.49785,-0.00115,0.49606,0.00000,0.00000,
55.36,1,1.27774,-2.49851,0.00117,0.52596,0.00021,0.35032,0.12898
55.36,2,-0.04982,-2.48794,-0.01134,0.38571,0.00429,0.32760,0.17132
55.38,0,2.63798,-2.49786,-0.00115,0.49606,0.00000,0.00000,
55.38,1,1.28835,-2.49850,0.00117,0.54429,-0.00028,0.34963,0.13890
55.38,2,-0.04217,-2.48803,-0.01126,0.37965,0.00413,0.33057,0.18193
55.4,0,2.64790,-2.49787,-0.00115,0.49606,0.00000,0.00000,
55.4,1,1.29983,-2.49848,0.00115,0.59267,-0.00126,0.34808,0.14882
55.4,2,-0.03464,-2.48811,-0.01118,0.37388,0.00400,0.33451,0.19340
55.42,0,2.65782,-2.49788,-0.00115,0.49606,0.00000,0.00000,
55.42,1,1.31141,-2.49847,0.00112,0.62002,-0.00120,0.34641,0.15874
55.42,2,-0.02723,-2.48820,-0.01110,0.36831,0.00386,0.33868,0.20499
55.44,0,2.66775,-2.49789,-0.00115,0.49606,0.00000,0.00000,
55.44,1,1.32421,-2.49845,0.00110,0.63953,-0.00075,0.34354,0.16866
55.44,2,-0.02021,-2.48828,-0.01105,0.33656,0.00199,0.34445,0.21778
55.46,0,2.67724,-2.49790,-0.00115,0.46295,-0.00018,0.00000,
55.46,1,1.33657,-2.49844,0.00109,0.59920,-0.00091,0.34067,0.17816
55.46,2,-0.01340,-2.48835,-0.01098,0.34228,0.00440,0.35001,0.23015
55.48,0,2.68662,-2.49792,-0.00115,0.47319,0.00011,0.00000,
55.48,1,1.34825,-2.49843,0.00107,0.57618,-0.00098,0.33837,0.18754
55.48,2,-0.00659,-2.48843,-0.01089,0.33829,0.00391,0.35487,0.24183
55.5,0,2.69612,-2.49793,-0.00115,0.47487,0.00005,0.00000,
55.5,1,1.35900,-2.49842,0.00105,0.49719,-0.00040,0.33711,0.19703
55.5,2,0.00009,-2.48850,-0.01082,0.33008,0.00319,0.35895,0.25258
55.52,0,2.70541,-2.49794,-0.00115,0.48677,-0.00002,0.00000,
55.52,1,1.36929,-2.49840,0.00104,0.52600,-0.00107,0.33612,0.20633
55.52,2,0.00662,-2.48857,-0.01076,0.32419,0.00315,0.36270,0.26286
55.54,0,2.71554,-2.49795,-0.00115,0.51428,-0.00010,0.00000,
55.54,1,1.37981,-2.49839,0.00101,0.50393,-0.00114,0.33573,0.21645
55.54,2,0.01306,-2.48864,-0.01069,0.32008,0.00317,0.36679,0.27339
55.56,0,2.72573,-2.49796,-0.00115,0.50356,0.00001,0.00000,
55.56,1,1.39001,-2.49838,0.00099,0.54416,-0.00071,0.33572,0.22665
55.56,2,0.01941,-2.48871,-0.01063,0.31566,0.00305,0.37064,0.28359
55.58,0,2.73566,-2.49797,-0.00115,0.49250,0.00003,0.00000,
55.58,1,1.40118,-2.49837,0.00098,0.55779,-0.00063,0.33448,0.23658
55.58,2,0.02567,-2.48878,-0.01057,0.31074,0.00291,0.37555,0.29476
55.6,0,2.74550,-2.49798,-0.00115,0.49257,0.00000,0.00000,
55.6,1,1.41200,-2.49836,0.00097,0.52595,-0.00079,0.33350,0.24642
55.6,2,0.03183,-2.48884,-0.01052,0.30592,0.00281,0.38020,0.30558
55.62,0,2.75539,-2.49800,-0.00115,0.49582,-0.00000,0.00000,
55.62,1,1.42175,-2.49835,0.00096,0.43536,-0.00027,0.33364,0.25631
55.62,2,0.03927,-2.48891,-0.01041,0.54195,0.02836,0.38252,0.00457
55.64,0,2.76532,-2.49801,-0.00115,0.49670,0.00000,0.00000,
55.64,1,1.43075,-2.49834,0.00094,0.46246,-0.00086,0.33457,0.26624
55.64,2,0.04955,-2.48897,-0.00979,0.44005,0.03857,0.38123,0.01357
55.66,0,2.77525,-2.49802,-0.00115,0.49600,0.00000,0.00000,
55.66,1,1.44012,-2.49833,0.00093,0.46861,-0.00081,0.33513,0.27616
55.66,2,0.05764,-2.48903,-0.00896,0.40106,0.04262,0.38251,0.02294
55.68,0,2.78516,-2.49803,-0.00115,0.49554,0.00000,0.00000,
55.68,1,1.44914,-2.49832,0.00091,0.44339,-0.00075,0.33602,0.28608
55.68,2,0.06726,-2.48919,-0.01027,0.56832,-0.08895,0.38191,0.03196
55.7,0,2.79507,-2.49804,-0.00115,0.49562,0.00000,0.00000,
55.7,1,1.45845,-2.49832,0.00090,0.47716,-0.00055,0.33662,0.29599
55.7,2,0.08063,-2.48933,-0.01108,0.69573,0.00222,0.37785,0.04127
55.72,0,2.80499,-2.49805,-0.00115,0.49578,0.00000,0.00000,
55.72,1,1.46793,-2.49831,0.00089,0.46659,-0.00061,0.33706,0.30590
55.72,2,0.09530,-2.48947,-0.01061,0.73513,0.02499,0.37266,0.05075
55.74,0,2.81490,-2.49806,-0.00115,0.49580,0.00000,0.00000,
55.74,1,1.47703,-2.49830,0.00087,0.44696,-0.00063,0.33787,0.31582
55.74,2,0.10989,-2.48968,-0.01044,0.76202,0.00164,0.36717,0.05985
55.76,0,2.82482,-2.49808,-0.00115,0.49576,0.00000,0.00000,
55.76,1,1.48587,-2.49829,0.00086,0.43914,-0.00060,0.33895,0.32574
55.76,2,0.12617,-2.48985,-0.01041,0.84028,0.00321,0.35972,0.06869
55.78,0,2.83473,-2.49809,-0.00115,0.49574,0.00000,0.00000,
55.78,1,1.49462,-2.49828,0.00085,0.43609,-0.00057,0.34012,0.33565
55.78,2,0.14294,-2.49002,-0.01029,0.82934,0.00790,0.35170,0.07744
55.8,0,2.84465,-2.49810,-0.00115,0.49575,0.00000,0.00000,
55.8,1,1.50220,-2.49828,0.00084,0.38475,-0.00051,0.34245,0.34557
55.8,2,0.15922,-2.49018,-0.01012,0.80377,0.00846,0.34300,0.08502
55.82,0,2.85456,-2.49811,-0.00115,0.49576,0.00000,0.00000,
55.82,1,1.51004,-2.49827,0.00083,0.39415,-0.00068,0.34453,0.35548
55.82,2,0.17415,-2.49034,-0.01002,0.75410,0.00777,0.33591,0.09286
55.84,0,2.86448,-2.49812,-0.00115,0.49576,0.00000,0.00000,
55.84,1,1.51775,-2.49826,0.00082,0.35814,-0.00070,0.34673,0.36540
55.84,2,0.18927,-2.49049,-0.00984,0.73836,0.00897,0.32850,0.10057
55.86,0,2.87439,-2.49813,-0.00115,0.49575,0.00000,0.00000,
55.86,1,1.52535,-2.49826,0.00081,0.40567,-0.00042,0.34904,0.37531
55.86,2,0.20309,-2.49063,-0.00968,0.65647,0.00725,0.32228,0.10817
55.88,0,2.88431,-2.49814,-0.00115,0.49575,0.00000,0.00000,
55.88,1,1.53363,-2.49825,0.00080,0.41196,-0.00043,0.35068,0.38523
55.88,2,0.21584,-2.49075,-0.00954,0.63069,0.00654,0.31782,0.11645
55.9,0,2.89422,-2.49815,-0.00115,0.49575,0.00000,0.00000,
55.9,1,1.54161,-2.49824,0.00079,0.38789,-0.00049,0.35262,0.39514
55.9,2,0.22768,-2.49087,-0.00945,0.60509,0.00675,0.31395,0.12442
55.92,0,2.90414,-2.49817,-0.00115,0.49575,0.00000,0.00000,
55.92,1,1.54920,-2.49824,0.00078,0.37539,-0.00047,0.35494,0.40506
55.92,2,0.23996,-2.49099,-0.00930,0.61633,0.00776,0.30926,0.13202
55.94,0,2.91405,-2.49818,-0.00115,0.49575,0.00000,0.00000,
55.94,1,1.55608,-2.49823,0.00078,0.32374,-0.00021,0.35798,0.41497
55.94,2,0.25214,-2.49110,-0.00916,0.60054,0.00627,0.30396,0.13889
55.96,0,2.92397,-2.49819,-0.00115,0.49575,0.00000,0.00000,
55.96,1,1.56278,-2.49823,0.00077,0.34192,-0.00053,0.36119,0.42489
55.96,2,0.26395,-2.49121,-0.00904,0.58399,0.00581,0.29885,0.14560
55.98,0,2.93388,-2.49820,-0.00115,0.49575,0.00000,0.00000,
55.98,1,1.56961,-2.49822,0.00076,0.33795,-0.00046,0.36428,0.43480
55.98,2,0.27553,-2.49132,-0.00892,0.57579,0.00592,0.29409,0.15242
56.0,0,2.94380,-2.49821,-0.00115,0.49575,0.00000,0.00000,
56.0,1,1.57621,-2.49822,0.00075,0.31346,-0.00044,0.36759,0.44472
56.0,2,0.28698,-2.49142,-0.00880,0.56945,0.00580,0.28924,0.15902
56.02,0,2.95371,-2.49822,-0.00115,0.49575,0.00000,0.00000,
56.02,1,1.58258,-2.49821,0.00074,0.32698,-0.00039,0.37113,0.45463
56.02,2,0.29828,-2.49152,-0.00869,0.56110,0.00555,0.28432,0.16540
56.04,0,2.96363,-2.49823,-0.00115,0.49575,0.00000,0.00000,
56.04,1,1.58936,-2.49821,0.00073,0.34294,-0.00034,0.37427,0.46455
56.04,2,0.30866,-2.49161,-0.00862,0.52262,0.00539,0.28072,0.17218
56.06,0,2.97354,-2.49825,-0.00115,0.49575,0.00000,0.00000,
56.06,1,1.59611,-2.49820,0.00073,0.33030,-0.00036,0.37744,0.47446
56.06,2,0.31916,-2.49170,-0.00849,0.52506,0.00612,0.27696,0.17892
56.08,0,2.98346,-2.49826,-0.00115,0.49575,0.00000,0.00000,
56.08,1,1.60256,-2.49820,0.00072,0.31787,-0.00035,0.38090,0.48438
56.08,2,0.32956,-2.49179,-0.00838,0.51480,0.00500,0.27301,0.18538
56.1,0,2.99337,-2.49827,-0.00115,0.49575,0.00000,0.00000,
56.1,1,1.60887,-2.49819,0.00071,0.31406,-0.00033,0.38451,0.49429
56.1,2,0.33973,-2.49188,-0.00829,0.50333,0.00464,0.26915,0.19168
56.12,0,3.00329,-2.49828,-0.00115,0.49575,0.00000,0.00000,
56.12,1,1.61114,-2.49819,0.00070,0.04057,-0.00096,0.39215,
56.12,2,0.34970,-2.49196,-0.00820,0.49576,0.00471,0.26145,0.19396
56.14,0,3.01320,-2.49829,-0.00115,0.49575,0.00000,0.00000,
56.14,1,1.61131,-2.49819,0.00068,-0.01532,-0.00117,0.40189,
56.14,2,0.35955,-2.49204,-0.00810,0.48941,0.00461,0.25178,0.19413
56.16,0,3.02312,-2.49830,-0.00115,0.49575,0.00000,0.00000,
56.16,1,1.61050,-2.49818,0.00065,-0.05445,-0.00106,0.41262,
56.16,2,0.36926,-2.49212,-0.00801,0.48223,0.00441,0.24126,0.19332
56.18,0,3.03304,-2.49831,-0.00115,0.49575,0.00000,0.00000,
56.18,1,1.60939,-2.49818,0.00064,-0.05601,-0.00016,0.42365,
56.18,2,0.37882,-2.49220,-0.00793,0.47467,0.00425,0.23058,0.19221
56.2,0,3.04295,-2.49833,-0.00115,0.49575,0.00000,0.00000,
56.2,1,1.60864,-2.49818,0.00064,-0.01438,0.00004,0.43431,
56.2,2,0.38823,-2.49227,-0.00784,0.46741,0.00412,0.22042,0.19146
56.22,0,3.05287,-2.49834,-0.00115,0.49575,0.00000,0.00000,
56.22,1,1.60860,-2.49818,0.00064,0.00388,0.00004,0.44426,
56.22,2,0.39751,-2.49234,-0.00776,0.46044,0.00398,0.21111,0.19142
56.24,0,3.06278,-2.49835,-0.00115,0.49575,0.00000,0.00000,
56.24,1,1.60872,-2.49818,0.00064,0.00718,0.00009,0.45406,
56.24,2,0.40664,-2.49241,-0.00768,0.45355,0.00385,0.20210,0.19154
56.26,0,3.07270,-2.49836,-0.00115,0.49575,0.00000,0.00000,
56.26,1,1.60888,-2.49818,0.00065,0.00783,0.00004,0.46382,
56.26,2,0.41563,-2.49248,-0.00761,0.44670,0.00372,0.19326,0.19170
56.28,0,3.08261,-2.49837,-0.00115,0.49575,0.00000,0.00000,
56.28,1,1.60902,-2.49818,0.00065,0.00637,-0.00001,0.47359,
56.28,2,0.42388,-2.49255,-0.00756,0.41582,0.00359,0.18515,0.19184
56.3,0,3.09253,-2.49838,-0.00115,0.49575,0.00000,0.00000,
56.3,1,1.60914,-2.49818,0.00065,0.00575,-0.00001,0.48339,
56.3,2,0.43224,-2.49261,-0.00748,0.41775,0.00416,0.17691,0.19195
56.32,0,3.10244,-2.49839,-0.00115,0.49575,0.00000,0.00000,
56.32,1,1.60925,-2.49818,0.00065,0.00601,-0.00000,0.49319,
56.32,2,0.44051,-2.49268,-0.00740,0.40916,0.00337,0.16876,0.19207
56.34,0,3.11236,-2.49841,-0.00115,0.49575,0.00000,0.00000,
56.34,1,1.60938,-2.49818,0.00065,0.00626,0.00000,0.50298,
56.34,2,0.44859,-2.49274,-0.00734,0.40002,0.00310,0.16080,0.19220
56.36,0,3.12227,-2.49842,-0.00115,0.49575,0.00000,0.00000,
56.36,1,1.60950,-2.49818,0.00065,0.00625,0.00000,0.51277,
56.36,2,0.45652,-2.49279,-0.00728,0.39415,0.00315,0.15300,0.19232
56.38,0,3.13219,-2.49843,-0.00115,0.49575,0.00000,0.00000,
56.38,1,1.60963,-2.49818,0.00065,0.00618,-0.00000,0.52256,
56.38,2,0.46435,-2.49285,-0.00721,0.38913,0.00308,0.14529,0.19245
56.4,0,3.14210,-2.49844,-0.00115,0.49575,0.00000,0.00000,
56.4,1,1.60975,-2.49818,0.00065,0.00616,-0.00000,0.53235,
56.4,2,0.47172,-2.49291,-0.00717,0.35754,0.00205,0.13804,0.19257
56.42,0,3.15172,-2.49845,-0.00115,0.46048,-0.00027,0.00000,
56.42,1,1.60987,-2.49818,0.00065,0.00618,-0.00000,0.54185,
56.42,2,0.47894,-2.49296,-0.00711,0.36244,0.00343,0.13095,0.19269
56.44,0,3.16106,-2.49846,-0.00115,0.47144,0.00009,0.00000,
56.44,1,1.61000,-2.49818,0.00065,0.00619,0.00000,0.55106,
56.44,2,0.48614,-2.49301,-0.00705,0.35732,0.00298,0.12386,0.19282
56.46,0,3.17054,-2.49847,-0.00115,0.47486,0.00007,0.00000,
56.46,1,1.61012,-2.49818,0.00065,0.00527,-0.00000,0.56042,
56.46,2,0.49320,-2.49306,-0.00699,0.34883,0.00254,0.11694,0.19294
56.48,0,3.17981,-2.49848,-0.00115,0.48100,0.00002,0.00000,
56.48,1,1.61016,-2.49818,0.00065,0.00014,-0.00000,0.56965,
56.48,2,0.50010,-2.49311,-0.00694,0.34290,0.00252,0.11007,0.19298
56.5,0,3.18988,-2.49850,-0.00115,0.51360,-0.00012,0.00000,
56.5,1,1.61015,-2.49818,0.00065,-0.00095,-0.00000,0.57973,
56.5,2,0.50691,-2.49316,-0.00689,0.33855,0.00252,0.10325,0.19296
56.52,0,3.20009,-2.49851,-0.00115,0.50473,-0.00000,0.00000,
56.52,1,1.61510,-2.49818,0.00064,0.29302,-0.00048,0.58499,0.01021
56.52,2,0.51471,-2.49320,-0.00676,0.53163,0.01720,0.10040,0.00327
56.54,0,3.21003,-2.49852,-0.00115,0.49270,0.00003,0.00000,
56.54,1,1.61961,-2.49818,0.00062,0.20082,-0.00102,0.59042,0.02016
56.54,2,0.52509,-2.49325,-0.00632,0.49848,0.02354,0.09453,0.00778
56.56,0,3.21986,-2.49853,-0.00115,0.49196,0.00001,0.00000,
56.56,1,1.62356,-2.49818,0.00060,0.17696,-0.00114,0.59631,0.02999
56.56,2,0.53456,-2.49334,-0.00567,0.45695,0.03755,0.08901,0.01173
56.58,0,3.22974,-2.49854,-0.00115,0.49527,-0.00000,0.00000,
56.58,1,1.62991,-2.49818,0.00057,0.51384,-0.00167,0.59983,0.03986
56.58,2,0.54277,-2.49338,-0.00529,0.32883,0.00266,0.08715,0.01808
56.6,0,3.23966,-2.49855,-0.00115,0.49641,0.00000,0.00000,
56.6,1,1.64328,-2.49818,0.00053,0.72787,-0.00241,0.59638,0.04978
56.6,2,0.54830,-2.49341,-0.00530,0.29188,0.00051,0.09499,0.03145
56.62,0,3.24958,-2.49856,-0.00115,0.49575,0.00000,0.00000,
56.62,1,1.65733,-2.49817,0.00048,0.67206,-0.00265,0.59226,0.00992
56.62,2,0.55460,-2.49343,-0.00527,0.32625,0.00194,0.10274,0.04550
56.64,0,3.25949,-2.49858,-0.00115,0.49524,0.00000,0.00000,
56.64,1,1.67072,-2.49817,0.00043,0.70354,-0.00185,0.58877,0.01983
56.64,2,0.56073,-2.49346,-0.00522,0.29354,0.00308,0.11001,0.05890
56.66,0,3.26940,-2.49859,-0.00115,0.49529,0.00000,0.00000,
56.66,1,1.68585,-2.49817,0.00041,0.78031,-0.00081,0.58354,0.02973
56.66,2,0.56751,-2.49350,-0.00519,0.36373,0.00061,0.11835,0.07402
56.68,0,3.27931,-2.49860,-0.00115,0.49545,0.00000,0.00000,
56.68,1,1.70194,-2.49816,0.00039,0.80909,-0.00130,0.57736,0.03964
56.68,2,0.57475,-2.49353,-0.00518,0.35193,0.00111,0.12720,0.09011
56.7,0,3.28921,-2.49861,-0.00115,0.49548,0.00000,0.00000,
56.7,1,1.71768,-2.49815,0.00036,0.77072,-0.00156,0.57153,0.04955
56.7,2,0.58145,-2.49357,-0.00515,0.32341,0.00161,0.13625,0.10586
56.72,0,3.29912,-2.49862,-0.00115,0.49544,0.00000,0.00000,
56.72,1,1.73341,-2.49815,0.00033,0.79619,-0.00129,0.56572,0.05946
56.72,2,0.58775,-2.49360,-0.00512,0.28847,0.00011,0.14566,0.12158
56.74,0,3.30903,-2.49863,-0.00115,0.49542,0.00000,0.00000,
56.74,1,1.74940,-2.49814,0.00031,0.79973,-0.00120,0.55963,0.06937
56.74,2,0.59325,-2.49363,-0.00512,0.28538,0.00126,0.15616,0.13757
56.76,0,3.31894,-2.49864,-0.00115,0.49543,0.00000,0.00000,
56.76,1,1.76532,-2.49814,0.00028,0.79299,-0.00121,0.55362,0.07928
56.76,2,0.59908,-2.49366,-0.00508,0.29236,0.00189,0.16625,0.15350
56.78,0,3.32885,-2.49866,-0.00115,0.49544,0.00000,0.00000,
56.78,1,1.78114,-2.49813,0.00026,0.78998,-0.00119,0.54771,0.08919
56.78,2,0.60482,-2.49369,-0.00505,0.28221,0.00126,0.17632,0.16931
56.8,0,3.33876,-2.49867,-0.00115,0.49544,0.00000,0.00000,
56.8,1,1.79695,-2.49813,0.00024,0.79111,-0.00114,0.54181,0.09910
56.8,2,0.61036,-2.49372,-0.00503,0.27355,0.00106,0.18660,0.18512
56.82,0,3.34867,-2.49868,-0.00115,0.49543,0.00000,0.00000,
56.82,1,1.81279,-2.49813,0.00021,0.79232,-0.00111,0.53588,0.10900
56.82,2,0.61579,-2.49375,-0.00501,0.27038,0.00114,0.19700,0.20096
56.84,0,3.35858,-2.49869,-0.00115,0.49543,0.00000,0.00000,
56.84,1,1.82864,-2.49812,0.00019,0.79233,-0.00107,0.52994,0.11891
56.84,2,0.62113,-2.49377,-0.00498,0.26176,0.00141,0.20752,0.21681
56.86,0,3.36848,-2.49870,-0.00115,0.49543,0.00000,0.00000,
56.86,1,1.84448,-2.49812,0.00017,0.79198,-0.00104,0.52401,0.12882
56.86,2,0.62651,-2.49380,-0.00496,0.27332,0.00097,0.21797,0.23265
56.88,0,3.37839,-2.49871,-0.00115,0.49544,0.00000,0.00000,
56.88,1,1.86032,-2.49812,0.00015,0.79188,-0.00101,0.51808,0.13873
56.88,2,0.63195,-2.49383,-0.00494,0.26903,0.00097,0.22837,0.24849
56.9,0,3.38830,-2.49872,-0.00115,0.49543,0.00000,0.00000,
56.9,1,1.87615,-2.49811,0.00013,0.79195,-0.00098,0.51215,0.14864
56.9,2,0.63723,-2.49385,-0.00492,0.26034,0.00102,0.23893,0.26433
56.92,0,3.39821,-2.49874,-0.00115,0.49543,0.00000,0.00000,
56.92,1,1.89199,-2.49811,0.00011,0.79200,-0.00095,0.50622,0.15855
56.92,2,0.64238,-2.49388,-0.00490,0.25569,0.00098,0.24962,0.28017
56.94,0,3.40812,-2.49875,-0.00115,0.49543,0.00000,0.00000,
56.94,1,1.90783,-2.49811,0.00009,0.79200,-0.00092,0.50029,0.16846
56.94,2,0.64747,-2.49391,-0.00488,0.25310,0.00092,0.26037,0.29601
56.96,0,3.41803,-2.49876,-0.00115,0.49543,0.00000,0.00000,
56.96,1,1.92367,-2.49811,0.00007,0.79198,-0.00089,0.49435,0.17837
56.96,2,0.65249,-2.49393,-0.00486,0.24971,0.00089,0.27119,0.31184
56.98,0,3.42794,-2.49877,-0.00115,0.49543,0.00000,0.00000,
56.98,1,1.93951,-2.49811,0.00006,0.79198,-0.00087,0.48842,0.18827
56.98,2,0.65744,-2.49395,-0.00485,0.24564,0.00086,0.28208,0.32768
57.0,0,3.43785,-2.49878,-0.00115,0.49543,0.00000,0.00000,
57.0,1,1.95535,-2.49811,0.00004,0.79198,-0.00084,0.48249,0.19818
57.0,2,0.66231,-2.49398,-0.00483,0.24177,0.00083,0.29305,0.34352
57.02,0,3.44775,-2.49879,-0.00115,0.49543,0.00000,0.00000,
57.02,1,1.97119,-2.49811,0.00002,0.79198,-0.00082,0.47656,0.20809
57.02,2,0.66646,-2.49400,-0.00483,0.21185,0.00062,0.30474,0.35936
57.04,0,3.45766,-2.49880,-0.00115,0.49543,0.00000,0.00000,
57.04,1,1.98703,-2.49811,0.00001,0.79198,-0.00079,0.47063,0.21800
57.04,2,0.67077,-2.49402,-0.00481,0.21639,0.00130,0.31627,0.37520
57.06,0,3.46757,-2.49881,-0.00115,0.49543,0.00000,0.00000,
57.06,1,2.00229,-2.49811,-0.00001,0.72346,-0.00077,0.46528,0.22791
57.06,2,0.67503,-2.49404,-0.00479,0.20949,0.00083,0.32726,0.39046
57.08,0,3.47748,-2.49883,-0.00115,0.49543,0.00000,0.00000,
57.08,1,2.01578,-2.49811,-0.00002,0.60266,-0.00075,0.46170,0.23782
57.08,2,0.67915,-2.49406,-0.00477,0.20340,0.00063,0.33664,0.40395
57.1,0,3.48739,-2.49884,-0.00115,0.49543,0.00000,0.00000,
57.1,1,2.02716,-2.49811,-0.00004,0.58872,-0.00067,0.46023,0.24773
57.1,2,0.68314,-2.49408,-0.00476,0.18744,0.00120,0.34403,0.41533
57.12,0,3.49730,-2.49885,-0.00115,0.49543,0.00000,0.00000,
57.12,1,2.04164,-2.49811,-0.00007,0.75399,-0.00189,0.45566,0.00991
57.12,2,0.68718,-2.49410,-0.00474,0.21144,0.00058,0.35446,0.42981
57.14,0,3.50721,-2.49886,-0.00115,0.49543,0.00000,0.00000,
57.14,1,2.05582,-2.49811,-0.00010,0.75201,-0.00064,0.45138,0.01982
57.14,2,0.69145,-2.49412,-0.00473,0.21163,0.00055,0.36438,0.44399
57.16,0,3.51712,-2.49887,-0.00115,0.49543,0.00000,0.00000,
57.16,1,2.07212,-2.49811,-0.00011,0.84592,-0.00065,0.44499,0.02973
57.16,2,0.69556,-2.49414,-0.00472,0.20103,0.00066,0.37656,0.46029
57.18,0,3.52702,-2.49888,-0.00115,0.49543,0.00000,0.00000,
57.18,1,2.08898,-2.49811,-0.00013,0.83047,-0.00098,0.43805,0.03963
57.18,2,0.69952,-2.49416,-0.00471,0.19577,0.00064,0.38947,0.47715
57.2,0,3.53693,-2.49889,-0.00115,0.49543,0.00000,0.00000,
57.2,1,2.10520,-2.49811,-0.00014,0.79818,-0.00089,0.43174,0.04954
57.2,2,0.70342,-2.49418,-0.00469,0.19465,0.00059,0.40178,0.49337
57.22,0,3.54684,-2.49891,-0.00115,0.49543,0.00000,0.00000,
57.22,1,2.12106,-2.49811,-0.00016,0.79337,-0.00077,0.42578,0.05945
57.22,2,0.70729,-2.49420,-0.00468,0.19269,0.00056,0.41378,0.50924
57.24,0,3.55675,-2.49892,-0.00115,0.49543,0.00000,0.00000,
57.24,1,2.13702,-2.49812,-0.00018,0.80148,-0.00076,0.41973,0.06936
57.24,2,0.71111,-2.49421,-0.00467,0.18940,0.00055,0.42591,0.52519
57.26,0,3.56666,-2.49893,-0.00115,0.49543,0.00000,0.00000,
57.26,1,2.15204,-2.49812,-0.00019,0.75939,-0.00079,0.41462,0.07927
57.26,2,0.71486,-2.49423,-0.00466,0.18620,0.00053,0.43718,0.54021
57.28,0,3.57657,-2.49894,-0.00115,0.49543,0.00000,0.00000,
57.28,1,2.16738,-2.49812,-0.00021,0.77138,-0.00071,0.40918,0.08918
57.28,2,0.71855,-2.49425,-0.00465,0.18345,0.00051,0.44883,0.55555
57.3,0,3.58648,-2.49895,-0.00115,0.49543,0.00000,0.00000,
57.3,1,2.18246,-2.49812,-0.00022,0.74895,-0.00066,0.40402,0.09909
57.3,2,0.72182,-2.49426,-0.00465,0.15644,0.00025,0.46064,0.57063
57.32,0,3.59638,-2.49896,-0.00115,0.49543,0.00000,0.00000,
57.32,1,2.19832,-2.49813,-0.00023,0.81928,-0.00072,0.39806,0.10900
57.32,2,0.72505,-2.49428,-0.00464,0.16343,0.00085,0.47328,0.58649
57.34,0,3.60629,-2.49897,-0.00115,0.49543,0.00000,0.00000,
57.34,1,2.21482,-2.49813,-0.00025,0.82168,-0.00067,0.39147,0.11890
57.34,2,0.72828,-2.49429,-0.00462,0.15936,0.00051,0.48654,0.60299
57.36,0,3.61620,-2.49899,-0.00115,0.49543,0.00000,0.00000,
57.36,1,2.23103,-2.49814,-0.00026,0.80152,-0.00064,0.38518,0.12881
57.36,2,0.73141,-2.49431,-0.00461,0.15390,0.00036,0.49963,0.61920
57.38,0,3.62611,-2.49900,-0.00115,0.49543,0.00000,0.00000,
57.38,1,2.24661,-2.49814,-0.00027,0.74428,-0.00063,0.37950,0.13872
57.38,2,0.73445,-2.49432,-0.00461,0.15155,0.00041,0.51216,0.63478
57.4,0,3.63602,-2.49901,-0.00115,0.49543,0.00000,0.00000,
57.4,1,2.25951,-2.49814,-0.00029,0.60474,-0.00071,0.37651,0.14863
57.4,2,0.73747,-2.49434,-0.00460,0.15017,0.00043,0.52205,0.64768
57.42,0,3.64593,-2.49902,-0.00115,0.49543,0.00000,0.00000,
57.42,1,2.27179,-2.49815,-0.00030,0.62125,-0.00050,0.37413,0.15854
57.42,2,0.74045,-2.49435,-0.00459,0.14806,0.00040,0.53135,0.65996
57.44,0,3.65584,-2.49903,-0.00115,0.49543,0.00000,0.00000,
57.44,1,2.28424,-2.49815,-0.00031,0.61908,-0.00052,0.37160,0.16845
57.44,2,0.74339,-2.49436,-0.00458,0.14559,0.00037,0.54086,0.67241
57.46,0,3.66575,-2.49904,-0.00115,0.49543,0.00000,0.00000,
57.46,1,2.29644,-2.49816,-0.00032,0.60231,-0.00054,0.36931,0.17836
57.46,2,0.74624,-2.49438,-0.00457,0.14327,0.00042,0.55020,0.68461
57.48,0,3.67565,-2.49905,-0.00115,0.49543,0.00000,0.00000,
57.48,1,2.30833,-2.49816,-0.00033,0.58922,-0.00053,0.36733,0.18827
57.48,2,0.74916,-2.49439,-0.00457,0.14720,0.00029,0.55917,0.69650
57.5,0,3.68556,-2.49907,-0.00115,0.49543,0.00000,0.00000,
57.5,1,2.31995,-2.49816,-0.00034,0.56562,-0.00047,0.36561,0.19817
57.5,2,0.75207,-2.49440,-0.00456,0.14354,0.00033,0.56788,0.70812
57.52,0,3.69547,-2.49908,-0.00115,0.49543,0.00000,0.00000,
57.52,1,2.33160,-2.49817,-0.00035,0.59229,-0.00050,0.36387,0.20808
57.52,2,0.75416,-2.49441,-0.00454,0.04308,0.00381,0.57744,
57.54,0,3.70538,-2.49909,-0.00115,0.49543,0.00000,0.00000,
57.54,1,2.34343,-2.49817,-0.00036,0.58640,-0.00048,0.36195,0.21799
57.54,2,0.75481,-2.49442,-0.00444,0.02902,0.00431,0.58862,
57.56,0,3.71529,-2.49910,-0.00115,0.49543,0.00000,0.00000,
57.56,1,2.35495,-2.49818,-0.00037,0.56759,-0.00046,0.36034,0.22790
57.56,2,0.75500,-2.49442,-0.00440,-0.00219,0.00047,0.59995,
57.58,0,3.72520,-2.49911,-0.00115,0.49543,0.00000,0.00000,
57.58,1,2.36552,-2.49818,-0.00038,0.52230,-0.00048,0.35968,0.23781
57.58,2,0.75487,-2.49442,-0.00440,-0.00779,-0.00034,0.61065,
57.6,0,3.73511,-2.49912,-0.00115,0.49543,0.00000,0.00000,
57.6,1,2.37608,-2.49818,-0.00039,0.53062,-0.00038,0.35903,0.24772
57.6,2,0.75470,-2.49442,-0.00441,-0.00862,-0.00043,0.62138,
57.62,0,3.74501,-2.49913,-0.00115,0.49543,0.00000,0.00000,
57.62,1,2.38663,-2.49819,-0.00040,0.52313,-0.00039,0.35838,0.25763
57.62,2,0.75623,-2.49442,-0.00441,0.32854,0.00142,0.63041,0.00525
57.64,0,3.75485,-2.49914,-0.00115,0.45783,-0.00040,0.00000,
57.64,1,2.39695,-2.49819,-0.00041,0.51022,-0.00040,0.35790,0.26746
57.64,2,0.76184,-2.49442,-0.00435,0.21497,0.00600,0.63512,0.01557
57.66,0,3.76411,-2.49916,-0.00115,0.46827,0.00003,0.00000,
57.66,1,2.40661,-2.49820,-0.00042,0.46850,-0.00046,0.35750,0.27672
57.66,2,0.76531,-2.49442,-0.00419,0.16954,0.00776,0.64131,0.02524
57.68,0,3.77356,-2.49917,-0.00115,0.47450,0.00011,0.00000,
57.68,1,2.41608,-2.49820,-0.00042,0.47637,-0.00033,0.35748,0.28617
57.68,2,0.76906,-2.49442,-0.00403,0.25593,0.00681,0.64703,0.03471
57.7,0,3.78282,-2.49918,-0.00115,0.46133,0.00017,0.00000,
57.7,1,2.42557,-2.49820,-0.00043,0.47095,-0.00033,0.35725,0.29544
57.7,2,0.77796,-2.49443,-0.00391,0.60158,0.00691,0.64761,0.04420
57.72,0,3.79266,-2.49919,-0.00115,0.50947,-0.00012,0.00000,
57.72,1,2.43486,-2.49821,-0.00044,0.45948,-0.00035,0.35780,0.30527
57.72,2,0.79113,-2.49445,-0.00372,0.64233,0.01061,0.64374,0.05349
57.74,0,3.80291,-2.49920,-0.00115,0.50914,-0.00003,0.00000,
57.74,1,2.44386,-2.49821,-0.00044,0.45420,-0.00033,0.35905,0.31552
57.74,2,0.80368,-2.49446,-0.00350,0.57274,0.01264,0.64019,0.06249
57.76,0,3.81293,-2.49921,-0.00115,0.49492,0.00003,0.00000,
57.76,1,2.45310,-2.49822,-0.00045,0.46432,-0.00034,0.35982,0.32554
57.76,2,0.81640,-2.49446,-0.00171,0.71356,0.08490,0.63671,0.07173
57.78,0,3.82276,-2.49922,-0.00115,0.49107,0.00001,0.00000,
57.78,1,2.46228,-2.49822,-0.00046,0.45218,-0.00031,0.36049,0.33537
57.78,2,0.83141,-2.49450,-0.00102,0.78747,-0.00247,0.63087,0.08090
57.8,0,3.83261,-2.49923,-0.00115,0.49416,-0.00000,0.00000,
57.8,1,2.47117,-2.49822,-0.00046,0.43946,-0.00030,0.36145,0.34523
57.8,2,0.84714,-2.49453,-0.00138,0.75127,-0.01916,0.62403,0.08979
57.82,0,3.84252,-2.49925,-0.00115,0.49614,0.00000,0.00000,
57.82,1,2.47988,-2.49823,-0.00047,0.43339,-0.00029,0.36264,0.35514
57.82,2,0.86289,-2.49456,-0.00156,0.80993,-0.00131,0.61700,0.09851
57.84,0,3.85245,-2.49926,-0.00115,0.49579,0.00001,0.00000,
57.84,1,2.48850,-2.49823,-0.00047,0.42870,-0.00028,0.36395,0.36506
57.84,2,0.87922,-2.49459,-0.00152,0.81552,0.00182,0.60928,0.10713
57.86,0,3.86235,-2.49927,-0.00115,0.49511,0.00000,0.00000,
57.86,1,2.49662,-2.49824,-0.00048,0.39332,-0.00034,0.36573,0.37496
57.86,2,0.89536,-2.49461,-0.00153,0.79943,-0.00209,0.60127,0.11525
57.88,0,3.87225,-2.49928,-0.00115,0.49503,0.00000,0.00000,
57.88,1,2.50456,-2.49824,-0.00049,0.39879,-0.00022,0.36769,0.38486
57.88,2,0.91125,-2.49464,-0.00158,0.79287,-0.00264,0.59332,0.12319
57.9,0,3.88216,-2.49929,-0.00115,0.49520,0.00000,0.00000,
57.9,1,2.51249,-2.49824,-0.00049,0.39344,-0.00023,0.36966,0.39477
57.9,2,0.92713,-2.49466,-0.00163,0.79570,-0.00170,0.58537,0.13112
57.92,0,3.89206,-2.49930,-0.00115,0.49527,0.00000,0.00000,
57.92,1,2.52470,-2.49825,-0.00050,0.67528,-0.00068,0.36736,0.00991
57.92,2,0.94308,-2.49469,-0.00164,0.79844,0.00083,0.58162,0.00675
57.94,0,3.90197,-2.49931,-0.00115,0.49524,0.00000,0.00000,
57.94,1,2.53584,-2.49825,-0.00050,0.52859,-0.00003,0.36613,0.01981
57.94,2,0.95905,-2.49471,-0.00162,0.79838,0.00017,0.57679,0.01789
57.96,0,3.91187,-2.49933,-0.00115,0.49521,0.00000,0.00000,
57.96,1,2.54661,-2.49826,-0.00050,0.53772,-0.00035,0.36526,0.02971
57.96,2,0.97501,-2.49474,-0.00165,0.79758,-0.00180,0.57160,0.02866
57.98,0,3.92177,-2.49934,-0.00115,0.49521,0.00000,0.00000,
57.98,1,2.55816,-2.49826,-0.00051,0.66322,-0.00026,0.36362,0.03962
57.98,2,0.99096,-2.49477,-0.00168,0.79737,-0.00164,0.56720,0.04021
58.0,0,3.93168,-2.49935,-0.00115,0.49522,0.00000,0.00000,
58.0,1,2.57038,-2.49826,-0.00051,0.58901,0.00021,0.36130,0.04952
58.0,2,1.00679,-2.49479,-0.00171,0.73965,-0.00209,0.56360,0.05244
58.02,0,3.94158,-2.49936,-0.00115,0.49523,0.00000,0.00000,
58.02,1,2.58249,-2.49827,-0.00051,0.64609,-0.00016,0.35909,0.05943
58.02,2,1.02172,-2.49482,-0.00174,0.75443,-0.00111,0.56077,0.06455
58.04,0,3.95149,-2.49937,-0.00115,0.49522,0.00000,0.00000,
58.04,1,2.59695,-2.49828,-0.00052,0.77578,-0.00064,0.35454,0.06933
58.04,2,1.03697,-2.49485,-0.00176,0.76604,-0.00094,0.55999,0.07901
58.06,0,3.96139,-2.49938,-0.00115,0.49522,0.00000,0.00000,
58.06,1,2.61265,-2.49829,-0.00053,0.77827,-0.00051,0.34874,0.07924
58.06,2,1.05196,-2.49487,-0.00178,0.78187,-0.00118,0.56070,0.09471
58.08,0,3.97130,-2.49939,-0.00115,0.49522,0.00000,0.00000,
58.08,1,2.62885,-2.49830,-0.00054,0.82549,-0.00062,0.34245,0.08914
58.08,2,1.06819,-2.49490,-0.00180,0.82375,-0.00135,0.56066,0.11090
58.1,0,3.98120,-2.49941,-0.00115,0.49522,0.00000,0.00000,
58.1,1,2.64470,-2.49830,-0.00055,0.74514,-0.00054,0.33651,0.09905
58.1,2,1.08455,-2.49493,-0.00183,0.80904,-0.00102,0.56015,0.12675
58.12,0,3.99111,-2.49942,-0.00115,0.49522,0.00000,0.00000,
58.12,1,2.65788,-2.49831,-0.00057,0.57512,-0.00091,0.33323,0.10895
58.12,2,1.10052,-2.49496,-0.00185,0.79234,-0.00096,0.55736,0.13993
58.14,0,4.00101,-2.49943,-0.00115,0.49522,0.00000,0.00000,
58.14,1,2.66974,-2.49832,-0.00058,0.61147,-0.00041,0.33127,0.11885
58.14,2,1.11634,-2.49499,-0.00186,0.79192,-0.00100,0.55341,0.15180
58.16,0,4.01091,-2.49944,-0.00115,0.49522,0.00000,0.00000,
58.16,1,2.68221,-2.49833,-0.00059,0.62617,-0.00036,0.32870,0.12876
58.16,2,1.13223,-2.49502,-0.00188,0.79670,-0.00098,0.54998,0.16427
58.18,0,4.02082,-2.49945,-0.00115,0.49522,0.00000,0.00000,
58.18,1,2.69455,-2.49833,-0.00060,0.60681,-0.00045,0.32627,0.13866
58.18,2,1.14819,-2.49505,-0.00190,0.79816,-0.00093,0.54636,0.17660
58.2,0,4.03072,-2.49946,-0.00115,0.49522,0.00000,0.00000,
58.2,1,2.70646,-2.49834,-0.00060,0.58814,-0.00045,0.32426,0.14857
58.2,2,1.16414,-2.49508,-0.00192,0.79718,-0.00090,0.54232,0.18851
58.22,0,4.04063,-2.49947,-0.00115,0.49522,0.00000,0.00000,
58.22,1,2.71802,-2.49835,-0.00061,0.53837,-0.00039,0.32260,0.00990
58.22,2,1.18008,-2.49511,-0.00194,0.79647,-0.00088,0.53795,0.20008
58.24,0,4.05053,-2.49948,-0.00115,0.49522,0.00000,0.00000,
58.24,1,2.73011,-2.49836,-0.00062,0.67486,-0.00052,0.32043,0.01981
58.24,2,1.19601,-2.49514,-0.00196,0.79657,-0.00085,0.53410,0.21216
58.26,0,4.06044,-2.49950,-0.00115,0.49522,0.00000,0.00000,
58.26,1,2.74459,-2.49836,-0.00063,0.70011,-0.00011,0.31585,0.02971
58.26,2,1.21183,-2.49517,-0.00198,0.73902,-0.00189,0.53277,0.22664
58.28,0,4.07034,-2.49951,-0.00115,0.49522,0.00000,0.00000,
58.28,1,2.75999,-2.49837,-0.00064,0.79250,-0.00042,0.31036,0.03962
58.28,2,1.22674,-2.49520,-0.00200,0.75370,-0.00076,0.53324,0.24204
58.3,0,4.08025,-2.49952,-0.00115,0.49522,0.00000,0.00000,
58.3,1,2.77593,-2.49838,-0.00065,0.79998,-0.00046,0.30432,0.04952
58.3,2,1.24197,-2.49523,-0.00201,0.76525,-0.00049,0.53396,0.25798
58.32,0,4.09015,-2.49953,-0.00115,0.49522,0.00000,0.00000,
58.32,1,2.79145,-2.49839,-0.00066,0.73769,-0.00046,0.29870,0.05943
58.32,2,1.25700,-2.49527,-0.00202,0.78924,-0.00088,0.53445,0.27350
58.34,0,4.10006,-2.49954,-0.00115,0.49522,0.00000,0.00000,
58.34,1,2.80495,-2.49840,-0.00067,0.56572,-0.00107,0.29511,0.06933
58.34,2,1.27329,-2.49530,-0.00204,0.82329,-0.00100,0.53166,0.28700
58.36,0,4.10996,-2.49955,-0.00115,0.49522,0.00000,0.00000,
58.36,1,2.81654,-2.49841,-0.00068,0.59853,-0.00037,0.29342,0.07924
58.36,2,1.28960,-2.49533,-0.00205,0.80593,-0.00066,0.52695,0.29859
58.38,0,4.11986,-2.49956,-0.00115,0.49522,0.00000,0.00000,
58.38,1,2.82885,-2.49842,-0.00068,0.62228,-0.00023,0.29101,0.08914
58.38,2,1.30552,-2.49536,-0.00207,0.79078,-0.00061,0.52333,0.31090
58.4,0,4.12977,-2.49958,-0.00115,0.49522,0.00000,0.00000,
58.4,1,2.84115,-2.49843,-0.00069,0.60583,-0.00037,0.28861,0.09904
58.4,2,1.32133,-2.49540,-0.00208,0.79159,-0.00067,0.51983,0.32321
58.42,0,4.13967,-2.49959,-0.00115,0.49522,0.00000,0.00000,
58.42,1,2.85302,-2.49844,-0.00070,0.58501,-0.00039,0.28665,0.10895
58.42,2,1.33721,-2.49543,-0.00209,0.79626,-0.00066,0.51581,0.33508
58.44,0,4.14958,-2.49960,-0.00115,0.49522,0.00000,0.00000,
58.44,1,2.86461,-2.49845,-0.00071,0.57610,-0.00036,0.28497,0.11885
58.44,2,1.35316,-2.49546,-0.00211,0.79734,-0.00062,0.51146,0.34666
58.46,0,4.15948,-2.49961,-0.00115,0.49522,0.00000,0.00000,
58.46,1,2.87608,-2.49845,-0.00071,0.57090,-0.00034,0.28340,0.12876
58.46,2,1.36909,-2.49550,-0.00212,0.79627,-0.00060,0.50699,0.35813
58.48,0,4.16939,-2.49962,-0.00115,0.49522,0.00000,0.00000,
58.48,1,2.88741,-2.49846,-0.00072,0.56294,-0.00033,0.28197,0.13866
58.48,2,1.38501,-2.49553,-0.00213,0.79566,-0.00059,0.50241,0.36947
58.5,0,4.17929,-2.49963,-0.00115,0.49522,0.00000,0.00000,
58.5,1,2.89857,-2.49847,-0.00073,0.55355,-0.00032,0.28072,0.14857
58.5,2,1.40092,-2.49556,-0.00214,0.79581,-0.00057,0.49765,0.38062
58.52,0,4.18920,-2.49964,-0.00115,0.49522,0.00000,0.00000,
58.52,1,2.90954,-2.49848,-0.00073,0.54487,-0.00031,0.27965,0.15847
58.52,2,1.41684,-2.49560,-0.00212,0.79602,0.00578,0.49270,0.00547
58.54,0,4.19910,-2.49966,-0.00115,0.49522,0.00000,0.00000,
58.54,1,2.92035,-2.49849,-0.00074,0.53687,-0.00030,0.27875,0.16838
58.54,2,1.43276,-2.49563,-0.00199,0.79604,0.00436,0.48759,0.01627
58.56,0,4.20459,-2.49994,0.00786,0.15778,0.49560,0.00000,
58.56,1,2.93100,-2.49849,-0.00074,0.52892,-0.00029,0.27359,0.17387
58.56,2,1.44782,-2.49566,-0.00198,0.74740,-0.00111,0.48318,0.02692
58.58,0,4.20667,-2.50061,0.01655,0.07011,0.38873,0.00000,
58.58,1,2.94149,-2.49850,-0.00075,0.52091,-0.00028,0.26518,0.17595
58.58,2,1.46295,-2.49569,-0.00200,0.76265,-0.00049,0.47854,0.03741
58.6,0,4.20806,-2.50134,0.02435,0.05712,0.42038,0.00000,
58.6,1,2.95123,-2.49851,-0.00076,0.48167,-0.00034,0.25683,0.17735
58.6,2,1.47787,-2.49572,-0.00199,0.76314,0.00049,0.47337,0.04716
58.62,0,4.20870,-2.50132,0.04220,-0.04251,2.10702,0.00000,
58.62,1,2.96094,-2.49852,-0.00076,0.48685,-0.00018,0.24776,0.17799
58.62,2,1.49390,-2.49576,-0.00199,0.82063,0.00054,0.46705,0.00487
58.64,0,4.20865,-2.50117,0.09011,0.07079,2.02291,0.00000,
58.64,1,2.97061,-2.49852,-0.00077,0.47878,-0.00023,0.23805,0.17794
58.64,2,1.51028,-2.49579,-0.00197,0.81235,0.00050,0.46033,0.01453
58.66,0,4.21081,-2.50033,0.12441,0.12390,1.60956,0.00000,
58.66,1,2.98006,-2.49853,-0.00077,0.46749,-0.00026,0.23076,0.18009
58.66,2,1.52630,-2.49582,-0.00197,0.79287,0.00012,0.45376,0.02398
58.68,0,4.21364,-2.49933,0.15673,0.18043,1.68545,0.00000,
58.68,1,2.98932,-2.49854,-0.00078,0.45991,-0.00024,0.22432,0.18291
58.68,2,1.54210,-2.49585,-0.00197,0.78973,0.00011,0.44722,0.03324
58.7,0,4.21810,-2.49848,0.19415,0.25715,1.97752,0.00000,
58.7,1,2.99845,-2.49855,-0.00078,0.45411,-0.00022,0.21965,0.18738
58.7,2,1.55794,-2.49588,-0.00196,0.79457,0.00019,0.44051,0.04237
58.72,0,4.22349,-2.49745,0.23430,0.28198,2.00187,0.00000,
58.72,1,3.00707,-2.49855,-0.00079,0.41773,-0.00034,0.21642,0.19278
58.72,2,1.57387,-2.49591,-0.00196,0.79685,0.00019,0.43320,0.05099
58.74,0,4.22887,-2.49618,0.27335,0.29107,1.93515,0.00000,
58.74,1,3.01550,-2.49856,-0.00079,0.42345,-0.00014,0.21337,0.19817
58.74,2,1.58980,-2.49595,-0.00196,0.79607,0.00016,0.42571,0.05942
58.76,0,4.23475,-2.49454,0.31178,0.31227,1.91321,0.00000,
58.76,1,3.02392,-2.49857,-0.00080,0.41781,-0.00017,0.21083,0.20408
58.76,2,1.60571,-2.49598,-0.00195,0.79519,0.00016,0.41822,0.06785
58.78,0,4.24076,-2.49263,0.35001,0.31737,1.91260,0.00000,
58.78,1,3.03217,-2.49857,-0.00080,0.40788,-0.00021,0.20861,0.21015
58.78,2,1.62161,-2.49601,-0.00195,0.79518,0.00016,0.41056,0.07609
58.8,0,4.24674,-2.49045,0.38812,0.33088,1.92317,0.00000,
58.8,1,3.04024,-2.49858,-0.00080,0.40084,-0.00019,0.20652,0.21620
58.8,2,1.63752,-2.49604,-0.00195,0.79543,0.00015,0.40273,0.08417
58.82,0,4.25308,-2.48788,0.42673,0.34953,1.93167,0.00000,
58.82,1,3.04820,-2.49859,-0.00081,0.39573,-0.00018,0.20493,0.22266
58.82,2,1.65343,-2.49607,-0.00194,0.79550,0.00108,0.39478,0.00397
58.84,0,4.25947,-2.48500,0.46499,0.35152,1.89721,0.00000,
58.84,1,3.05606,-2.49859,-0.00081,0.39019,-0.00017,0.20349,0.22920
58.84,2,1.66933,-2.49610,-0.00191,0.79545,0.00086,0.38672,0.01182
58.86,0,4.26605,-2.48171,0.50339,0.37835,1.93129,0.00000,
58.86,1,3.06379,-2.49860,-0.00081,0.38412,-0.00017,0.20237,0.23600
58.86,2,1.68524,-2.49613,-0.00191,0.79542,0.00006,0.37855,0.01956
58.88,0,4.27282,-2.47802,0.54204,0.38948,1.92962,0.00000,
58.88,1,3.07141,-2.49860,-0.00082,0.37817,-0.00016,0.20158,0.24304
58.88,2,1.70049,-2.49616,-0.00192,0.74339,-0.00036,0.37092,0.02718
58.9,0,4.27947,-2.47402,0.57999,0.39654,1.90630,0.00000,
58.9,1,3.07891,-2.49861,-0.00082,0.37251,-0.00016,0.20081,0.25004
58.9,2,1.71551,-2.49619,-0.00191,0.74824,0.00056,0.36340,0.03468
58.92,0,4.28634,-2.46955,0.61856,0.41814,1.93723,0.00000,
58.92,1,3.09009,-2.49862,-0.00044,0.59030,-0.07798,0.19661,0.00820
58.92,2,1.72954,-2.49622,-0.00190,0.64985,0.00075,0.36055,0.04585
58.94,0,4.29326,-2.46467,0.65725,0.42577,1.92983,0.00000,
58.94,1,3.10140,-2.49862,-0.00199,0.54574,-0.07811,0.19234,0.01666
58.94,2,1.74237,-2.49624,-0.00189,0.64142,0.00014,0.35903,0.05716
58.96,0,4.30006,-2.45947,0.69575,0.42989,1.92226,0.00000,
58.96,1,3.11211,-2.49851,-0.00304,0.53807,-0.00813,0.18859,0.02521
58.96,2,1.75530,-2.49627,-0.00189,0.64931,0.00009,0.35681,0.06787
58.98,0,4.30666,-2.45395,0.73333,0.44252,1.91222,0.00000,
58.98,1,3.12177,-2.49852,-0.00229,0.45220,0.05879,0.18572,0.03379
58.98,2,1.76750,-2.49629,-0.00190,0.60277,0.00002,0.35428,0.07754
59.0,0,4.31342,-2.44789,0.77204,0.46092,1.94351,0.00000,
59.0,1,3.13115,-2.49857,-0.00099,0.47741,0.06270,0.18336,0.04285
59.0,2,1.77960,-2.49631,-0.00189,0.60492,0.00048,0.35156,0.08692
59.02,0,4.32011,-2.44144,0.81079,0.46583,1.92989,0.00000,
59.02,1,3.14023,-2.49865,0.00178,0.40453,0.04890,0.18126,0.00929
59.02,2,1.79159,-2.49634,-0.00188,0.59386,0.00024,0.34865,0.09600
59.04,0,4.32657,-2.43470,0.84926,0.46805,1.92034,0.00000,
59.04,1,3.14886,-2.49860,0.00343,0.47224,0.09932,0.17944,0.01863
59.04,2,1.80332,-2.49636,-0.00188,0.58079,0.00012,0.34555,0.10463
59.06,0,4.33276,-2.42769,0.88654,0.46535,1.70194,0.00000,
59.06,1,3.15887,-2.49859,0.00514,0.56164,0.07244,0.17603,0.02796
59.06,2,1.81420,-2.49638,-0.00188,0.53810,0.00000,0.34467,0.11463
59.08,0,4.33880,-2.42030,0.91505,0.48217,1.21763,0.00000,
59.08,1,3.17061,-2.49857,0.00655,0.58589,0.07435,0.17081,0.03749
59.08,2,1.82505,-2.49640,-0.00188,0.54468,0.00042,0.34556,0.12638
59.1,0,4.34465,-2.41273,0.93766,0.47284,1.12057,0.00000,
59.1,1,3.18167,-2.49852,0.00815,0.54001,0.08185,0.16614,0.04702
59.1,2,1.83587,-2.49642,-0.00187,0.53607,0.00022,0.34580,0.13743
59.12,0,4.35019,-2.40519,0.96088,0.46591,1.18538,0.00000,
59.12,1,3.19234,-2.49843,0.00973,0.52934,0.07641,0.16160,0.05635
59.12,2,1.84634,-2.49644,-0.00186,0.51547,0.00027,0.34600,0.14810
59.14,0,4.35556,-2.39753,0.98431,0.47049,1.14551,0.00000,
59.14,1,3.20246,-2.49833,0.01125,0.44714,0.08099,0.15750,0.06567
59.14,2,1.85690,-2.49646,-0.00186,0.53466,0.00007,0.34556,0.15823
59.16,0,4.36082,-2.38965,1.00637,0.47533,1.07182,0.00000,
59.16,1,3.21165,-2.49822,0.01276,0.47025,0.07048,0.15428,0.07509
59.16,2,1.86754,-2.49648,-0.00186,0.52616,0.00013,0.34411,0.16742
59.18,0,4.36593,-2.38161,1.02733,0.47625,1.03241,0.00000,
59.18,1,3.22116,-2.49810,0.01410,0.47525,0.06524,0.15068,0.08455
59.18,2,1.87788,-2.49650,-0.00186,0.51014,0.00017,0.34328,0.17693
59.2,0,4.37086,-2.37346,1.04764,0.47652,1.00100,0.00000,
59.2,1,3.23052,-2.49797,0.01538,0.46091,0.06391,0.14712,0.09401
59.2,2,1.88797,-2.49652,-0.00185,0.50123,0.00015,0.34255,0.18628
59.22,0,4.37558,-2.36548,1.06642,0.45118,0.91696,0.00000,
59.22,1,3.23954,-2.49783,0.01664,0.46016,0.06365,0.14372,0.10322
59.22,2,1.89794,-2.49654,-0.00185,0.49588,0.00014,0.34161,0.19531
59.24,0,4.38004,-2.35755,1.08561,0.45778,0.96547,0.00000,
59.24,1,3.24878,-2.49767,0.01790,0.44655,0.05997,0.13990,0.11224
59.24,2,1.90741,-2.49656,-0.00185,0.45433,-0.00024,0.34137,0.20455
59.26,0,4.38435,-2.34942,1.10416,0.46159,0.89178,0.00000,
59.26,1,3.25790,-2.49751,0.01910,0.46150,0.05980,0.13615,0.12136
59.26,2,1.91658,-2.49657,-0.00185,0.46133,0.00031,0.34132,0.21367
59.28,0,4.38851,-2.34118,1.12140,0.46109,0.84579,0.00000,
59.28,1,3.26709,-2.49734,0.02027,0.45561,0.05763,0.13224,0.13048
59.28,2,1.92578,-2.49659,-0.00184,0.45654,0.00023,0.34131,0.22286
59.3,0,4.39247,-2.33299,1.13827,0.44968,0.84781,0.00000,
59.3,1,3.27605,-2.49715,0.02140,0.44246,0.05524,0.12842,0.13946
59.3,2,1.93479,-2.49661,-0.00184,0.44567,0.00010,0.34126,0.23182
59.32,0,4.39647,-2.32437,1.15471,0.49094,0.79884,0.00000,
59.32,1,3.28440,-2.49697,0.02256,0.40424,0.05738,0.12538,0.14884
59.32,2,1.94361,-2.49662,-0.00184,0.43753,0.00010,0.34080,0.24017
59.34,0,4.40049,-2.31531,1.17018,0.49543,0.75616,0.00000,
59.34,1,3.29240,-2.49678,0.02365,0.38143,0.05596,0.12285,0.15861
59.34,2,1.95229,-2.49664,-0.00184,0.43188,0.00013,0.34010,0.24817
59.36,0,4.40431,-2.30628,1.18503,0.48608,0.73318,0.00000,
59.36,1,3.30013,-2.49659,0.02466,0.38946,0.04715,0.12046,0.16827
59.36,2,1.96044,-2.49665,-0.00184,0.39896,-0.00007,0.33970,0.25591
59.38,0,4.40795,-2.29731,1.19945,0.48288,0.70973,0.00000,
59.38,1,3.30787,-2.49640,0.02558,0.38333,0.04592,0.11795,0.17778
59.38,2,1.96848,-2.49667,-0.00184,0.40360,0.00028,0.33939,0.26364
59.4,0,4.41146,-2.28830,1.21334,0.48514,0.68192,0.00000,
59.4,1,3.31542,-2.49621,0.02650,0.37320,0.04614,0.11559,0.18730
59.4,2,1.97650,-2.49668,-0.00183,0.39714,0.00017,0.33892,0.27119
59.42,0,4.41487,-2.27918,1.22668,0.48727,0.65539,0.00000,
59.42,1,3.32272,-2.49601,0.02737,0.38264,0.04554,0.11347,0.19686
59.42,2,1.98434,-2.49670,-0.00183,0.38777,0.00008,0.33838,0.27849
59.44,0,4.41816,-2.27000,1.23952,0.48782,0.63094,0.00000,
59.44,1,3.33055,-2.49580,0.02828,0.39233,0.04464,0.11080,0.20643
59.44,2,1.99202,-2.49671,-0.00183,0.38143,0.00010,0.33853,0.28633
59.46,0,4.42133,-2.26077,1.25188,0.48792,0.60805,0.00000,
59.46,1,3.33821,-2.49558,0.02914,0.37476,0.04151,0.10828,0.21600
59.46,2,1.99959,-2.49673,-0.00183,0.37660,0.00011,0.33862,0.29399
59.48,0,4.42439,-2.25150,1.26380,0.48826,0.58573,0.00000,
59.48,1,3.34555,-2.49537,0.02995,0.36257,0.03988,0.10606,0.22557
59.48,2,2.00707,-2.49674,-0.00182,0.37123,0.00010,0.33848,0.30133
59.5,0,4.42734,-2.24219,1.27527,0.48877,0.56409,0.00000,
59.5,1,3.35275,-2.49515,0.03074,0.35949,0.03886,0.10396,0.23514
59.5,2,2.01443,-2.49675,-0.00182,0.36542,0.00010,0.33833,0.30854
59.52,0,4.43019,-2.23283,1.28632,0.48922,0.54331,0.00000,
59.52,1,3.35963,-2.49493,0.03159,0.30266,0.05303,0.10218,0.24471
59.52,2,2.02167,-2.49677,-0.00182,0.35979,0.00009,0.33796,0.31542
59.54,0,4.43294,-2.22344,1.29697,0.48958,0.52334,0.00000,
59.54,1,3.36587,-2.49472,0.03242,0.31896,0.03404,0.10102,0.25429
59.54,2,2.02881,-2.49678,-0.00182,0.35441,0.00009,0.33706,0.32166
59.56,0,4.43559,-2.21401,1.30722,0.48990,0.50410,0.00000,
59.56,1,3.37229,-2.49451,0.03304,0.32016,0.03043,0.09968,0.26387
59.56,2,2.03584,-2.49679,-0.00182,0.34912,0.00009,0.33645,0.32808
59.58,0,4.43814,-2.20454,1.31710,0.49020,0.48558,0.00000,
59.58,1,3.37858,-2.49430,0.03368,0.31003,0.03320,0.09847,0.27344
59.58,2,2.04276,-2.49681,-0.00181,0.34385,0.00009,0.33582,0.33437
59.6,0,4.44060,-2.19505,1.32661,0.49050,0.46775,0.00000,
59.6,1,3.38461,-2.49409,0.03430,0.31613,0.03362,0.09752,0.28302
59.6,2,2.04958,-2.49682,-0.00181,0.33866,0.00008,0.33503,0.34041
59.62,0,4.44298,-2.18553,1.33578,0.49078,0.45095,0.00000,
59.62,1,3.39109,-2.49387,0.03498,0.32472,0.03279,0.09615,0.29260
59.62,2,2.05630,-2.49683,-0.00181,0.33356,0.00008,0.33479,0.34688
59.64,0,4.44526,-2.17598,1.34462,0.49103,0.43444,0.00000,
59.64,1,3.39743,-2.49365,0.03560,0.31048,0.02980,0.09493,0.30218
59.64,2,2.06265,-2.49684,-0.00181,0.27816,-0.00071,0.33478,0.35323
59.66,0,4.44747,-2.16641,1.35313,0.49127,0.41804,0.00000,
59.66,1,3.40351,-2.49343,0.03618,0.30027,0.02864,0.09398,0.31177
59.66,2,2.06840,-2.49685,-0.00182,0.29408,0.00020,0.33512,0.35931
59.68,0,4.44959,-2.15681,1.36132,0.49147,0.40229,0.00000,
59.68,1,3.40947,-2.49322,0.03674,0.29761,0.02803,0.09316,0.32135
59.68,2,2.07432,-2.49686,-0.00181,0.29553,0.00028,0.33515,0.36528
59.7,0,4.45163,-2.14719,1.36919,0.49167,0.38721,0.00000,
59.7,1,3.41540,-2.49300,0.03729,0.29508,0.02710,0.09241,0.33094
59.7,2,2.08013,-2.49687,-0.00181,0.28600,0.00006,0.33527,0.37120
59.72,0,4.45360,-2.13756,1.37678,0.49185,0.37270,0.00000,
59.72,1,3.42125,-2.49278,0.03782,0.29040,0.02607,0.09176,0.34052
59.72,2,2.08566,-2.49688,-0.00181,0.28481,0.00006,0.33560,0.37706
59.74,0,4.45550,-2.12790,1.38408,0.49202,0.35872,0.00000,
59.74,1,3.42699,-2.49256,0.03834,0.28541,0.02515,0.09124,0.35011
59.74,2,2.09158,-2.49690,-0.00181,0.30003,-0.00001,0.33542,0.38281
59.76,0,4.45733,-2.11823,1.39110,0.49218,0.34526,0.00000,
59.76,1,3.43190,-2.49236,0.03902,0.25052,0.02585,0.09154,0.35970
59.76,2,2.09747,-2.49691,-0.00181,0.28853,0.00007,0.33444,0.38772
59.78,0,4.45908,-2.10855,1.39787,0.49232,0.33231,0.00000,
59.78,1,3.43701,-2.49215,0.03942,0.25638,0.01822,0.09169,0.36928
59.78,2,2.10311,-2.49692,-0.00180,0.27722,0.00009,0.33391,0.39282
59.8,0,4.46078,-2.09885,1.40437,0.49245,0.31985,0.00000,
59.8,1,3.44206,-2.49195,0.03982,0.24897,0.02145,0.09194,0.37887
59.8,2,2.10861,-2.49693,-0.00180,0.27397,0.00007,0.33346,0.39788
59.82,0,4.46241,-2.08913,1.41064,0.49258,0.30786,0.00000,
59.82,1,3.44695,-2.49175,0.04026,0.24170,0.02241,0.09237,0.38846
59.82,2,2.11549,-2.49694,-0.00166,0.51793,0.04500,0.33147,0.00243
59.84,0,4.46398,-2.07940,1.41667,0.49269,0.29631,0.00000,
59.84,1,3.45166,-2.49156,0.04065,0.24635,0.02090,0.09301,0.39806
59.84,2,2.12520,-2.49695,-0.00045,0.45639,0.06084,0.32647,0.00715
59.86,0,4.46549,-2.06967,1.42247,0.49280,0.28520,0.00000,
59.86,1,3.45675,-2.49135,0.04108,0.25647,0.02142,0.09334,0.40765
59.86,2,2.13409,-2.49702,0.00009,0.42501,-0.08888,0.32267,0.01224
59.88,0,4.46695,-2.05992,1.42806,0.49290,0.27451,0.00000,
59.88,1,3.46176,-2.49115,0.04149,0.24524,0.01929,0.09378,0.41724
59.88,2,2.14385,-2.49711,-0.00280,0.53566,-0.11380,0.31793,0.01726
59.9,0,4.46835,-2.05016,1.43344,0.49299,0.26422,0.00000,
59.9,1,3.46655,-2.49095,0.04186,0.23621,0.01829,0.09449,0.42684
59.9,2,2.15366,-2.49714,-0.00350,0.50076,0.02415,0.31291,0.02205
59.92,0,4.46970,-2.04039,1.43861,0.49307,0.25432,0.00000,
59.92,1,3.47124,-2.49075,0.04222,0.23395,0.01793,0.09533,0.43644
59.92,2,2.16395,-2.49716,-0.00253,0.55716,0.05497,0.30730,0.00234
59.94,0,4.47100,-2.03061,1.44359,0.49315,0.24479,0.00000,
59.94,1,3.47590,-2.49056,0.04258,0.23223,0.01738,0.09626,0.44604
59.94,2,2.17479,-2.49718,-0.00177,0.56388,0.02005,0.30112,0.00700
59.96,0,4.47225,-2.02083,1.44839,0.49322,0.23562,0.00000,
59.96,1,3.48050,-2.49036,0.04292,0.22864,0.01670,0.09728,0.45564
59.96,2,2.18585,-2.49720,-0.00161,0.53343,0.00416,0.29467,0.01161
59.98,0,4.47346,-2.01104,1.45300,0.49329,0.22679,0.00000,
59.98,1,3.48503,-2.49017,0.04324,0.22465,0.01608,0.09844,0.46524
59.98,2,2.19600,-2.49722,-0.00144,0.49171,0.01215,0.28904,0.01614
