t_consume_ns,t_rx_ns,src,dst,seq,t_gen_ns,outcome
52000000,50336000,0,1,0,0,applied
52000000,50336000,0,2,0,0,applied
62000000,60336000,1,0,0,10000000,applied
62000000,60336000,1,2,0,10000000,applied
72000000,70336000,2,0,0,20000000,applied
72000000,70336000,2,1,0,20000000,applied
152000000,150336000,0,1,1,100000000,applied
152000000,150336000,0,2,1,100000000,applied
162000000,160336000,1,0,1,110000000,applied
162000000,160336000,1,2,1,110000000,applied
172000000,170336000,2,0,1,120000000,applied
172000000,170336000,2,1,1,120000000,applied
252000000,250336000,0,1,2,200000000,applied
252000000,250336000,0,2,2,200000000,applied
262000000,260336000,1,0,2,210000000,applied
262000000,260336000,1,2,2,210000000,applied
272000000,270336000,2,0,2,220000000,applied
272000000,270336000,2,1,2,220000000,applied
352000000,350336000,0,1,3,300000000,applied
352000000,350336000,0,2,3,300000000,applied
362000000,360336000,1,0,3,310000000,applied
362000000,360336000,1,2,3,310000000,applied
372000000,370336000,2,0,3,320000000,applied
372000000,370336000,2,1,3,320000000,applied
452000000,450336000,0,1,4,400000000,applied
452000000,450336000,0,2,4,400000000,applied
462000000,460336000,1,0,4,410000000,applied
462000000,460336000,1,2,4,410000000,applied
472000000,470336000,2,0,4,420000000,applied
472000000,470336000,2,1,4,420000000,applied
552000000,550336000,0,1,5,500000000,applied
552000000,550336000,0,2,5,500000000,applied
562000000,560336000,1,0,5,510000000,applied
562000000,560336000,1,2,5,510000000,applied
572000000,570336000,2,0,5,520000000,applied
572000000,570336000,2,1,5,520000000,applied
652000000,650336000,0,1,6,600000000,applied
652000000,650336000,0,2,6,600000000,applied
662000000,660336000,1,0,6,610000000,applied
662000000,660336000,1,2,6,610000000,applied
672000000,670336000,2,0,6,620000000,applied
672000000,670336000,2,1,6,620000000,applied
752000000,750336000,0,1,7,700000000,applied
752000000,750336000,0,2,7,700000000,applied
762000000,760336000,1,0,7,710000000,applied
762000000,760336000,1,2,7,710000000,applied
772000000,770336000,2,0,7,720000000,applied
772000000,770336000,2,1,7,720000000,applied
852000000,850336000,0,1,8,800000000,applied
852000000,850336000,0,2,8,800000000,applied
862000000,860336000,1,0,8,810000000,applied
862000000,860336000,1,2,8,810000000,applied
872000000,870336000,2,0,8,820000000,applied
872000000,870336000,2,1,8,820000000,applied
952000000,950336000,0,1,9,900000000,applied
952000000,950336000,0,2,9,900000000,applied
962000000,960336000,1,0,9,910000000,applied
962000000,960336000,1,2,9,910000000,applied
972000000,970336000,2,0,9,920000000,applied
972000000,970336000,2,1,9,920000000,applied
1052000000,1050336000,0,1,10,1000000000,applied
1052000000,1050336000,0,2,10,1000000000,applied
1062000000,1060336000,1,0,10,1010000000,applied
1062000000,1060336000,1,2,10,1010000000,applied
1072000000,1070336000,2,0,10,1020000000,applied
1072000000,1070336000,2,1,10,1020000000,applied
1152000000,1150336000,0,1,11,1100000000,applied
1152000000,1150336000,0,2,11,1100000000,applied
1162000000,1160336000,1,0,11,1110000000,applied
1162000000,1160336000,1,2,11,1110000000,applied
1172000000,1170336000,2,0,11,1120000000,applied
1172000000,1170336000,2,1,11,1120000000,applied
1252000000,1250336000,0,1,12,1200000000,applied
1252000000,1250336000,0,2,12,1200000000,applied
1262000000,1260336000,1,0,12,1210000000,applied
1262000000,1260336000,1,2,12,1210000000,applied
1272000000,1270336000,2,0,12,1220000000,applied
1272000000,1270336000,2,1,12,1220000000,applied
1352000000,1350336000,0,1,13,1300000000,applied
1352000000,1350336000,0,2,13,1300000000,applied
1362000000,1360336000,1,0,13,1310000000,applied
1362000000,1360336000,1,2,13,1310000000,applied
1372000000,1370336000,2,0,13,1320000000,applied
1372000000,1370336000,2,1,13,1320000000,applied
1452000000,1450336000,0,1,14,1400000000,applied
1452000000,1450336000,0,2,14,1400000000,applied
1462000000,1460336000,1,0,14,1410000000,applied
1462000000,1460336000,1,2,14,1410000000,applied
1472000000,1470336000,2,0,14,1420000000,applied
1472000000,1470336000,2,1,14,1420000000,applied
1552000000,1550336000,0,1,15,1500000000,applied
1552000000,1550336000,0,2,15,1500000000,applied
1562000000,1560336000,1,0,15,1510000000,applied
1562000000,1560336000,1,2,15,1510000000,applied
1572000000,1570336000,2,0,15,1520000000,applied
1572000000,1570336000,2,1,15,1520000000,applied
1652000000,1650336000,0,1,16,1600000000,applied
1652000000,1650336000,0,2,16,1600000000,applied
1662000000,1660336000,1,0,16,1610000000,applied
1662000000,1660336000,1,2,16,1610000000,applied
1672000000,1670336000,2,0,16,1620000000,applied
1672000000,1670336000,2,1,16,1620000000,applied
1752000000,1750336000,0,1,17,1700000000,applied
1752000000,1750336000,0,2,17,1700000000,applied
1762000000,1760336000,1,0,17,1710000000,applied
1762000000,1760336000,1,2,17,1710000000,applied
1772000000,1770336000,2,0,17,1720000000,applied
1772000000,1770336000,2,1,17,1720000000,applied
1852000000,1850336000,0,1,18,1800000000,applied
1852000000,1850336000,0,2,18,1800000000,applied
1862000000,1860336000,1,0,18,1810000000,applied
1862000000,1860336000,1,2,18,1810000000,applied
1872000000,1870336000,2,0,18,1820000000,applied
1872000000,1870336000,2,1,18,1820000000,applied
1952000000,1950336000,0,1,19,1900000000,applied
1952000000,1950336000,0,2,19,1900000000,applied
1962000000,1960336000,1,0,19,1910000000,applied
1962000000,1960336000,1,2,19,1910000000,applied
1972000000,1970336000,2,0,19,1920000000,applied
1972000000,1970336000,2,1,19,1920000000,applied
2052000000,2050336000,0,1,20,2000000000,applied
2052000000,2050336000,0,2,20,2000000000,applied
2062000000,2060336000,1,0,20,2010000000,applied
2062000000,2060336000,1,2,20,2010000000,applied
2072000000,2070336000,2,0,20,2020000000,applied
2072000000,2070336000,2,1,20,2020000000,applied
2152000000,2150336000,0,1,21,2100000000,applied
2152000000,2150336000,0,2,21,2100000000,applied
2162000000,2160336000,1,0,21,2110000000,applied
2162000000,2160336000,1,2,21,2110000000,applied
2172000000,2170336000,2,0,21,2120000000,applied
2172000000,2170336000,2,1,21,2120000000,applied
2252000000,2250336000,0,1,22,2200000000,applied
2252000000,2250336000,0,2,22,2200000000,applied
2262000000,2260336000,1,0,22,2210000000,applied
2262000000,2260336000,1,2,22,2210000000,applied
2272000000,2270336000,2,0,22,2220000000,applied
2272000000,2270336000,2,1,22,2220000000,applied
2352000000,2350336000,0,1,23,2300000000,applied
2352000000,2350336000,0,2,23,2300000000,applied
2362000000,2360336000,1,0,23,2310000000,applied
2362000000,2360336000,1,2,23,2310000000,applied
2372000000,2370336000,2,0,23,2320000000,applied
2372000000,2370336000,2,1,23,2320000000,applied
2452000000,2450336000,0,1,24,2400000000,applied
2452000000,2450336000,0,2,24,2400000000,applied
2462000000,2460336000,1,0,24,2410000000,applied
2462000000,2460336000,1,2,24,2410000000,applied
2472000000,2470336000,2,0,24,2420000000,applied
2472000000,2470336000,2,1,24,2420000000,applied
2552000000,2550336000,0,1,25,2500000000,applied
2552000000,2550336000,0,2,25,2500000000,applied
2562000000,2560336000,1,0,25,2510000000,applied
2562000000,2560336000,1,2,25,2510000000,applied
2572000000,2570336000,2,0,25,2520000000,applied
2572000000,2570336000,2,1,25,2520000000,applied
2652000000,2650336000,0,1,26,2600000000,applied
2652000000,2650336000,0,2,26,2600000000,applied
2662000000,2660336000,1,0,26,2610000000,applied
2662000000,2660336000,1,2,26,2610000000,applied
2672000000,2670336000,2,0,26,2620000000,applied
2672000000,2670336000,2,1,26,2620000000,applied
2752000000,2750336000,0,1,27,2700000000,applied
2752000000,2750336000,0,2,27,2700000000,applied
2762000000,2760336000,1,0,27,2710000000,applied
2762000000,2760336000,1,2,27,2710000000,applied
2772000000,2770336000,2,0,27,2720000000,applied
2772000000,2770336000,2,1,27,2720000000,applied
2852000000,2850336000,0,1,28,2800000000,applied
2852000000,2850336000,0,2,28,2800000000,applied
2862000000,2860336000,1,0,28,2810000000,applied
2862000000,2860336000,1,2,28,2810000000,applied
2872000000,2870336000,2,0,28,2820000000,applied
2872000000,2870336000,2,1,28,2820000000,applied
2952000000,2950336000,0,1,29,2900000000,applied
2952000000,2950336000,0,2,29,2900000000,applied
2962000000,2960336000,1,0,29,2910000000,applied
2962000000,2960336000,1,2,29,2910000000,applied
2972000000,2970336000,2,0,29,2920000000,applied
2972000000,2970336000,2,1,29,2920000000,applied
3052000000,3050336000,0,1,30,3000000000,applied
3052000000,3050336000,0,2,30,3000000000,applied
3062000000,3060336000,1,0,30,3010000000,applied
3062000000,3060336000,1,2,30,3010000000,applied
3072000000,3070336000,2,0,30,3020000000,applied
3072000000,3070336000,2,1,30,3020000000,applied
3152000000,3150336000,0,1,31,3100000000,applied
3152000000,3150336000,0,2,31,3100000000,applied
3162000000,3160336000,1,0,31,3110000000,applied
3162000000,3160336000,1,2,31,3110000000,applied
3172000000,3170336000,2,0,31,3120000000,applied
3172000000,3170336000,2,1,31,3120000000,applied
3252000000,3250336000,0,1,32,3200000000,applied
3252000000,3250336000,0,2,32,3200000000,applied
3262000000,3260336000,1,0,32,3210000000,applied
3262000000,3260336000,1,2,32,3210000000,applied
3272000000,3270336000,2,0,32,3220000000,applied
3272000000,3270336000,2,1,32,3220000000,applied
3352000000,3350336000,0,1,33,3300000000,applied
3352000000,3350336000,0,2,33,3300000000,applied
3362000000,3360336000,1,0,33,3310000000,applied
3362000000,3360336000,1,2,33,3310000000,applied
3372000000,3370336000,2,0,33,3320000000,applied
3372000000,3370336000,2,1,33,3320000000,applied
3452000000,3450336000,0,1,34,3400000000,applied
3452000000,3450336000,0,2,34,3400000000,applied
3462000000,3460336000,1,0,34,3410000000,applied
3462000000,3460336000,1,2,34,3410000000,applied
3472000000,3470336000,2,0,34,3420000000,applied
3472000000,3470336000,2,1,34,3420000000,applied
3552000000,3550336000,0,1,35,3500000000,applied
3552000000,3550336000,0,2,35,3500000000,applied
3562000000,3560336000,1,0,35,3510000000,applied
3562000000,3560336000,1,2,35,3510000000,applied
3572000000,3570336000,2,0,35,3520000000,applied
3572000000,3570336000,2,1,35,3520000000,applied
3652000000,3650336000,0,1,36,3600000000,applied
3652000000,3650336000,0,2,36,3600000000,applied
3662000000,3660336000,1,0,36,3610000000,applied
3662000000,3660336000,1,2,36,3610000000,applied
3672000000,3670336000,2,0,36,3620000000,applied
3672000000,3670336000,2,1,36,3620000000,applied
3752000000,3750336000,0,1,37,3700000000,applied
3752000000,3750336000,0,2,37,3700000000,applied
3762000000,3760336000,1,0,37,3710000000,applied
3762000000,3760336000,1,2,37,3710000000,applied
3772000000,3770336000,2,0,37,3720000000,applied
3772000000,3770336000,2,1,37,3720000000,applied
3852000000,3850336000,0,1,38,3800000000,applied
3852000000,3850336000,0,2,38,3800000000,applied
3862000000,3860336000,1,0,38,3810000000,applied
3862000000,3860336000,1,2,38,3810000000,applied
3872000000,3870336000,2,0,38,3820000000,applied
3872000000,3870336000,2,1,38,3820000000,applied
3952000000,3950336000,0,1,39,3900000000,applied
3952000000,3950336000,0,2,39,3900000000,applied
3962000000,3960336000,1,0,39,3910000000,applied
3962000000,3960336000,1,2,39,3910000000,applied
3972000000,3970336000,2,0,39,3920000000,applied
3972000000,3970336000,2,1,39,3920000000,applied
4052000000,4050336000,0,1,40,4000000000,applied
4052000000,4050336000,0,2,40,4000000000,applied
4062000000,4060336000,1,0,40,4010000000,applied
4062000000,4060336000,1,2,40,4010000000,applied
4072000000,4070336000,2,0,40,4020000000,applied
4072000000,4070336000,2,1,40,4020000000,applied
4152000000,4150336000,0,1,41,4100000000,applied
4152000000,4150336000,0,2,41,4100000000,applied
4162000000,4160336000,1,0,41,4110000000,applied
4162000000,4160336000,1,2,41,4110000000,applied
4172000000,4170336000,2,0,41,4120000000,applied
4172000000,4170336000,2,1,41,4120000000,applied
4252000000,4250336000,0,1,42,4200000000,applied
4252000000,4250336000,0,2,42,4200000000,applied
4262000000,4260336000,1,0,42,4210000000,applied
4262000000,4260336000,1,2,42,4210000000,applied
4272000000,4270336000,2,0,42,4220000000,applied
4272000000,4270336000,2,1,42,4220000000,applied
4352000000,4350336000,0,1,43,4300000000,applied
4352000000,4350336000,0,2,43,4300000000,applied
4362000000,4360336000,1,0,43,4310000000,applied
4362000000,4360336000,1,2,43,4310000000,applied
4372000000,4370336000,2,0,43,4320000000,applied
4372000000,4370336000,2,1,43,4320000000,applied
4452000000,4450336000,0,1,44,4400000000,applied
4452000000,4450336000,0,2,44,4400000000,applied
4462000000,4460336000,1,0,44,4410000000,applied
4462000000,4460336000,1,2,44,4410000000,applied
4472000000,4470336000,2,0,44,4420000000,applied
4472000000,4470336000,2,1,44,4420000000,applied
4552000000,4550336000,0,1,45,4500000000,applied
4552000000,4550336000,0,2,45,4500000000,applied
4562000000,4560336000,1,0,45,4510000000,applied
4562000000,4560336000,1,2,45,4510000000,applied
4572000000,4570336000,2,0,45,4520000000,applied
4572000000,4570336000,2,1,45,4520000000,applied
4652000000,4650336000,0,1,46,4600000000,applied
4652000000,4650336000,0,2,46,4600000000,applied
4662000000,4660336000,1,0,46,4610000000,applied
4662000000,4660336000,1,2,46,4610000000,applied
4672000000,4670336000,2,0,46,4620000000,applied
4672000000,4670336000,2,1,46,4620000000,applied
4752000000,4750336000,0,1,47,4700000000,applied
4752000000,4750336000,0,2,47,4700000000,applied
4762000000,4760336000,1,0,47,4710000000,applied
4762000000,4760336000,1,2,47,4710000000,applied
4772000000,4770336000,2,0,47,4720000000,applied
4772000000,4770336000,2,1,47,4720000000,applied
4852000000,4850336000,0,1,48,4800000000,applied
4852000000,4850336000,0,2,48,4800000000,applied
4862000000,4860336000,1,0,48,4810000000,applied
4862000000,4860336000,1,2,48,4810000000,applied
4872000000,4870336000,2,0,48,4820000000,applied
4872000000,4870336000,2,1,48,4820000000,applied
4952000000,4950336000,0,1,49,4900000000,applied
4952000000,4950336000,0,2,49,4900000000,applied
4962000000,4960336000,1,0,49,4910000000,applied
4962000000,4960336000,1,2,49,4910000000,applied
4972000000,4970336000,2,0,49,4920000000,applied
4972000000,4970336000,2,1,49,4920000000,applied
5052000000,5050336000,0,1,50,5000000000,applied
5052000000,5050336000,0,2,50,5000000000,applied
5062000000,5060336000,1,0,50,5010000000,applied
5062000000,5060336000,1,2,50,5010000000,applied
5072000000,5070336000,2,0,50,5020000000,applied
5072000000,5070336000,2,1,50,5020000000,applied
5152000000,5150336000,0,1,51,5100000000,applied
5152000000,5150336000,0,2,51,5100000000,applied
5162000000,5160336000,1,0,51,5110000000,applied
5162000000,5160336000,1,2,51,5110000000,applied
5172000000,5170336000,2,0,51,5120000000,applied
5172000000,5170336000,2,1,51,5120000000,applied
5252000000,5250336000,0,1,52,5200000000,applied
5252000000,5250336000,0,2,52,5200000000,applied
5262000000,5260336000,1,0,52,5210000000,applied
5262000000,5260336000,1,2,52,5210000000,applied
5272000000,5270336000,2,0,52,5220000000,applied
5272000000,5270336000,2,1,52,5220000000,applied
5352000000,5350336000,0,1,53,5300000000,applied
5352000000,5350336000,0,2,53,5300000000,applied
5362000000,5360336000,1,0,53,5310000000,applied
5362000000,5360336000,1,2,53,5310000000,applied
5372000000,5370336000,2,0,53,5320000000,applied
5372000000,5370336000,2,1,53,5320000000,applied
5452000000,5450336000,0,1,54,5400000000,applied
5452000000,5450336000,0,2,54,5400000000,applied
5462000000,5460336000,1,0,54,5410000000,applied
5462000000,5460336000,1,2,54,5410000000,applied
5472000000,5470336000,2,0,54,5420000000,applied
5472000000,5470336000,2,1,54,5420000000,applied
5552000000,5550336000,0,1,55,5500000000,applied
5552000000,5550336000,0,2,55,5500000000,applied
5562000000,5560336000,1,0,55,5510000000,applied
5562000000,5560336000,1,2,55,5510000000,applied
5572000000,5570336000,2,0,55,5520000000,applied
5572000000,5570336000,2,1,55,5520000000,applied
5652000000,5650336000,0,1,56,5600000000,applied
5652000000,5650336000,0,2,56,5600000000,applied
5662000000,5660336000,1,0,56,5610000000,applied
5662000000,5660336000,1,2,56,5610000000,applied
5672000000,5670336000,2,0,56,5620000000,applied
5672000000,5670336000,2,1,56,5620000000,applied
5752000000,5750336000,0,1,57,5700000000,applied
5752000000,5750336000,0,2,57,5700000000,applied
5762000000,5760336000,1,0,57,5710000000,applied
5762000000,5760336000,1,2,57,5710000000,applied
5772000000,5770336000,2,0,57,5720000000,applied
5772000000,5770336000,2,1,57,5720000000,applied
5852000000,5850336000,0,1,58,5800000000,applied
5852000000,5850336000,0,2,58,5800000000,applied
5862000000,5860336000,1,0,58,5810000000,applied
5862000000,5860336000,1,2,58,5810000000,applied
5872000000,5870336000,2,0,58,5820000000,applied
5872000000,5870336000,2,1,58,5820000000,applied
5952000000,5950336000,0,1,59,5900000000,applied
5952000000,5950336000,0,2,59,5900000000,applied
5962000000,5960336000,1,0,59,5910000000,applied
5962000000,5960336000,1,2,59,5910000000,applied
5972000000,5970336000,2,0,59,5920000000,applied
5972000000,5970336000,2,1,59,5920000000,applied
6052000000,6050336000,0,1,60,6000000000,applied
6052000000,6050336000,0,2,60,6000000000,applied
6062000000,6060336000,1,0,60,6010000000,applied
6062000000,6060336000,1,2,60,6010000000,applied
6072000000,6070336000,2,0,60,6020000000,applied
6072000000,6070336000,2,1,60,6020000000,applied
6152000000,6150336000,0,1,61,6100000000,applied
6152000000,6150336000,0,2,61,6100000000,applied
6162000000,6160336000,1,0,61,6110000000,applied
6162000000,6160336000,1,2,61,6110000000,applied
6172000000,6170336000,2,0,61,6120000000,applied
6172000000,6170336000,2,1,61,6120000000,applied
6252000000,6250336000,0,1,62,6200000000,applied
6252000000,6250336000,0,2,62,6200000000,applied
6262000000,6260336000,1,0,62,6210000000,applied
6262000000,6260336000,1,2,62,6210000000,applied
6272000000,6270336000,2,0,62,6220000000,applied
6272000000,6270336000,2,1,62,6220000000,applied
6352000000,6350336000,0,1,63,6300000000,applied
6352000000,6350336000,0,2,63,6300000000,applied
6362000000,6360336000,1,0,63,6310000000,applied
6362000000,6360336000,1,2,63,6310000000,applied
6372000000,6370336000,2,0,63,6320000000,applied
6372000000,6370336000,2,1,63,6320000000,applied
6452000000,6450336000,0,1,64,6400000000,applied
6452000000,6450336000,0,2,64,6400000000,applied
6462000000,6460336000,1,0,64,6410000000,applied
6462000000,6460336000,1,2,64,6410000000,applied
6472000000,6470336000,2,0,64,6420000000,applied
6472000000,6470336000,2,1,64,6420000000,applied
6552000000,6550336000,0,1,65,6500000000,applied
6552000000,6550336000,0,2,65,6500000000,applied
6562000000,6560336000,1,0,65,6510000000,applied
6562000000,6560336000,1,2,65,6510000000,applied
6572000000,6570336000,2,0,65,6520000000,applied
6572000000,6570336000,2,1,65,6520000000,applied
6652000000,6650336000,0,1,66,6600000000,applied
6652000000,6650336000,0,2,66,6600000000,applied
6662000000,6660336000,1,0,66,6610000000,applied
6662000000,6660336000,1,2,66,6610000000,applied
6672000000,6670336000,2,0,66,6620000000,applied
6672000000,6670336000,2,1,66,6620000000,applied
6752000000,6750336000,0,1,67,6700000000,applied
6752000000,6750336000,0,2,67,6700000000,applied
6762000000,6760336000,1,0,67,6710000000,applied
6762000000,6760336000,1,2,67,6710000000,applied
6772000000,6770336000,2,0,67,6720000000,applied
6772000000,6770336000,2,1,67,6720000000,applied
6852000000,6850336000,0,1,68,6800000000,applied
6852000000,6850336000,0,2,68,6800000000,applied
6862000000,6860336000,1,0,68,6810000000,applied
6862000000,6860336000,1,2,68,6810000000,applied
6872000000,6870336000,2,0,68,6820000000,applied
6872000000,6870336000,2,1,68,6820000000,applied
6952000000,6950336000,0,1,69,6900000000,applied
6952000000,6950336000,0,2,69,6900000000,applied
6962000000,6960336000,1,0,69,6910000000,applied
6962000000,6960336000,1,2,69,6910000000,applied
6972000000,6970336000,2,0,69,6920000000,applied
6972000000,6970336000,2,1,69,6920000000,applied
7052000000,7050336000,0,1,70,7000000000,applied
7052000000,7050336000,0,2,70,7000000000,applied
7062000000,7060336000,1,0,70,7010000000,applied
7062000000,7060336000,1,2,70,7010000000,applied
7072000000,7070336000,2,0,70,7020000000,applied
7072000000,7070336000,2,1,70,7020000000,applied
7152000000,7150336000,0,1,71,7100000000,applied
7152000000,7150336000,0,2,71,7100000000,applied
7162000000,7160336000,1,0,71,7110000000,applied
7162000000,7160336000,1,2,71,7110000000,applied
7172000000,7170336000,2,0,71,7120000000,applied
7172000000,7170336000,2,1,71,7120000000,applied
7252000000,7250336000,0,1,72,7200000000,applied
7252000000,7250336000,0,2,72,7200000000,applied
7262000000,7260336000,1,0,72,7210000000,applied
7262000000,7260336000,1,2,72,7210000000,applied
7272000000,7270336000,2,0,72,7220000000,applied
7272000000,7270336000,2,1,72,7220000000,applied
7352000000,7350336000,0,1,73,7300000000,applied
7352000000,7350336000,0,2,73,7300000000,applied
7362000000,7360336000,1,0,73,7310000000,applied
7362000000,7360336000,1,2,73,7310000000,applied
7372000000,7370336000,2,0,73,7320000000,applied
7372000000,7370336000,2,1,73,7320000000,applied
7452000000,7450336000,0,1,74,7400000000,applied
7452000000,7450336000,0,2,74,7400000000,applied
7462000000,7460336000,1,0,74,7410000000,applied
7462000000,7460336000,1,2,74,7410000000,applied
7472000000,7470336000,2,0,74,7420000000,applied
7472000000,7470336000,2,1,74,7420000000,applied
7552000000,7550336000,0,1,75,7500000000,applied
7552000000,7550336000,0,2,75,7500000000,applied
7562000000,7560336000,1,0,75,7510000000,applied
7562000000,7560336000,1,2,75,7510000000,applied
7572000000,7570336000,2,0,75,7520000000,applied
7572000000,7570336000,2,1,75,7520000000,applied
7652000000,7650336000,0,1,76,7600000000,applied
7652000000,7650336000,0,2,76,7600000000,applied
7662000000,7660336000,1,0,76,7610000000,applied
7662000000,7660336000,1,2,76,7610000000,applied
7672000000,7670336000,2,0,76,7620000000,applied
7672000000,7670336000,2,1,76,7620000000,applied
7752000000,7750336000,0,1,77,7700000000,applied
7752000000,7750336000,0,2,77,7700000000,applied
7762000000,7760336000,1,0,77,7710000000,applied
7762000000,7760336000,1,2,77,7710000000,applied
7772000000,7770336000,2,0,77,7720000000,applied
7772000000,7770336000,2,1,77,7720000000,applied
7852000000,7850336000,0,1,78,7800000000,applied
7852000000,7850336000,0,2,78,7800000000,applied
7862000000,7860336000,1,0,78,7810000000,applied
7862000000,7860336000,1,2,78,7810000000,applied
7872000000,7870336000,2,0,78,7820000000,applied
7872000000,7870336000,2,1,78,7820000000,applied
7952000000,7950336000,0,1,79,7900000000,applied
7952000000,7950336000,0,2,79,7900000000,applied
7962000000,7960336000,1,0,79,7910000000,applied
7962000000,7960336000,1,2,79,7910000000,applied
7972000000,7970336000,2,0,79,7920000000,applied
7972000000,7970336000,2,1,79,7920000000,applied
8052000000,8050336000,0,1,80,8000000000,applied
8052000000,8050336000,0,2,80,8000000000,applied
8062000000,8060336000,1,0,80,8010000000,applied
8062000000,8060336000,1,2,80,8010000000,applied
8072000000,8070336000,2,0,80,8020000000,applied
8072000000,8070336000,2,1,80,8020000000,applied
8152000000,8150336000,0,1,81,8100000000,applied
8152000000,8150336000,0,2,81,8100000000,applied
8162000000,8160336000,1,0,81,8110000000,applied
8162000000,8160336000,1,2,81,8110000000,applied
8172000000,8170336000,2,0,81,8120000000,applied
8172000000,8170336000,2,1,81,8120000000,applied
8252000000,8250336000,0,1,82,8200000000,applied
8252000000,8250336000,0,2,82,8200000000,applied
8262000000,8260336000,1,0,82,8210000000,applied
8262000000,8260336000,1,2,82,8210000000,applied
8272000000,8270336000,2,0,82,8220000000,applied
8272000000,8270336000,2,1,82,8220000000,applied
8352000000,8350336000,0,1,83,8300000000,applied
8352000000,8350336000,0,2,83,8300000000,applied
8362000000,8360336000,1,0,83,8310000000,applied
8362000000,8360336000,1,2,83,8310000000,applied
8372000000,8370336000,2,0,83,8320000000,applied
8372000000,8370336000,2,1,83,8320000000,applied
8452000000,8450336000,0,1,84,8400000000,applied
8452000000,8450336000,0,2,84,8400000000,applied
8462000000,8460336000,1,0,84,8410000000,applied
8462000000,8460336000,1,2,84,8410000000,applied
8472000000,8470336000,2,0,84,8420000000,applied
8472000000,8470336000,2,1,84,8420000000,applied
8552000000,8550336000,0,1,85,8500000000,applied
8552000000,8550336000,0,2,85,8500000000,applied
8562000000,8560336000,1,0,85,8510000000,applied
8562000000,8560336000,1,2,85,8510000000,applied
8572000000,8570336000,2,0,85,8520000000,applied
8572000000,8570336000,2,1,85,8520000000,applied
8652000000,8650336000,0,1,86,8600000000,applied
8652000000,8650336000,0,2,86,8600000000,applied
8662000000,8660336000,1,0,86,8610000000,applied
8662000000,8660336000,1,2,86,8610000000,applied
8672000000,8670336000,2,0,86,8620000000,applied
8672000000,8670336000,2,1,86,8620000000,applied
8752000000,8750336000,0,1,87,8700000000,applied
8752000000,8750336000,0,2,87,8700000000,applied
8762000000,8760336000,1,0,87,8710000000,applied
8762000000,8760336000,1,2,87,8710000000,applied
8772000000,8770336000,2,0,87,8720000000,applied
8772000000,8770336000,2,1,87,8720000000,applied
8852000000,8850336000,0,1,88,8800000000,applied
8852000000,8850336000,0,2,88,8800000000,applied
8862000000,8860336000,1,0,88,8810000000,applied
8862000000,8860336000,1,2,88,8810000000,applied
8872000000,8870336000,2,0,88,8820000000,applied
8872000000,8870336000,2,1,88,8820000000,applied
8952000000,8950336000,0,1,89,8900000000,applied
8952000000,8950336000,0,2,89,8900000000,applied
8962000000,8960336000,1,0,89,8910000000,applied
8962000000,8960336000,1,2,89,8910000000,applied
8972000000,8970336000,2,0,89,8920000000,applied
8972000000,8970336000,2,1,89,8920000000,applied
9052000000,9050336000,0,1,90,9000000000,applied
9052000000,9050336000,0,2,90,9000000000,applied
9062000000,9060336000,1,0,90,9010000000,applied
9062000000,9060336000,1,2,90,9010000000,applied
9072000000,9070336000,2,0,90,9020000000,applied
9072000000,9070336000,2,1,90,9020000000,applied
9152000000,9150336000,0,1,91,9100000000,applied
9152000000,9150336000,0,2,91,9100000000,applied
9162000000,9160336000,1,0,91,9110000000,applied
9162000000,9160336000,1,2,91,9110000000,applied
9172000000,9170336000,2,0,91,9120000000,applied
9172000000,9170336000,2,1,91,9120000000,applied
9252000000,9250336000,0,1,92,9200000000,applied
9252000000,9250336000,0,2,92,9200000000,applied
9262000000,9260336000,1,0,92,9210000000,applied
9262000000,9260336000,1,2,92,9210000000,applied
9272000000,9270336000,2,0,92,9220000000,applied
9272000000,9270336000,2,1,92,9220000000,applied
9352000000,9350336000,0,1,93,9300000000,applied
9352000000,9350336000,0,2,93,9300000000,applied
9362000000,9360336000,1,0,93,9310000000,applied
9362000000,9360336000,1,2,93,9310000000,applied
9372000000,9370336000,2,0,93,9320000000,applied
9372000000,9370336000,2,1,93,9320000000,applied
9452000000,9450336000,0,1,94,9400000000,applied
9452000000,9450336000,0,2,94,9400000000,applied
9462000000,9460336000,1,0,94,9410000000,applied
9462000000,9460336000,1,2,94,9410000000,applied
9472000000,9470336000,2,0,94,9420000000,applied
9472000000,9470336000,2,1,94,9420000000,applied
9552000000,9550336000,0,1,95,9500000000,applied
9552000000,9550336000,0,2,95,9500000000,applied
9562000000,9560336000,1,0,95,9510000000,applied
9562000000,9560336000,1,2,95,9510000000,applied
9572000000,9570336000,2,0,95,9520000000,applied
9572000000,9570336000,2,1,95,9520000000,applied
9652000000,9650336000,0,1,96,9600000000,applied
9652000000,9650336000,0,2,96,9600000000,applied
9662000000,9660336000,1,0,96,9610000000,applied
9662000000,9660336000,1,2,96,9610000000,applied
9672000000,9670336000,2,0,96,9620000000,applied
9672000000,9670336000,2,1,96,9620000000,applied
9752000000,9750336000,0,1,97,9700000000,applied
9752000000,9750336000,0,2,97,9700000000,applied
9762000000,9760336000,1,0,97,9710000000,applied
9762000000,9760336000,1,2,97,9710000000,applied
9772000000,9770336000,2,0,97,9720000000,applied
9772000000,9770336000,2,1,97,9720000000,applied
9852000000,9850336000,0,1,98,9800000000,applied
9852000000,9850336000,0,2,98,9800000000,applied
9862000000,9860336000,1,0,98,9810000000,applied
9862000000,9860336000,1,2,98,9810000000,applied
9872000000,9870336000,2,0,98,9820000000,applied
9872000000,9870336000,2,1,98,9820000000,applied
9952000000,9950336000,0,1,99,9900000000,applied
9952000000,9950336000,0,2,99,9900000000,applied
9962000000,9960336000,1,0,99,9910000000,applied
9962000000,9960336000,1,2,99,9910000000,applied
9972000000,9970336000,2,0,99,9920000000,applied
9972000000,9970336000,2,1,99,9920000000,applied
10052000000,10050336000,0,1,100,10000000000,applied
10052000000,10050336000,0,2,100,10000000000,applied
10062000000,10060336000,1,0,100,10010000000,applied
10062000000,10060336000,1,2,100,10010000000,applied
10072000000,10070336000,2,0,100,10020000000,applied
10072000000,10070336000,2,1,100,10020000000,applied
10152000000,10150336000,0,1,101,10100000000,applied
10152000000,10150336000,0,2,101,10100000000,applied
10162000000,10160336000,1,0,101,10110000000,applied
10162000000,10160336000,1,2,101,10110000000,applied
10172000000,10170336000,2,0,101,10120000000,applied
10172000000,10170336000,2,1,101,10120000000,applied
10252000000,10250336000,0,1,102,10200000000,applied
10252000000,10250336000,0,2,102,10200000000,applied
10262000000,10260336000,1,0,102,10210000000,applied
10262000000,10260336000,1,2,102,10210000000,applied
10272000000,10270336000,2,0,102,10220000000,applied
10272000000,10270336000,2,1,102,10220000000,applied
10352000000,10350336000,0,1,103,10300000000,applied
10352000000,10350336000,0,2,103,10300000000,applied
10362000000,10360336000,1,0,103,10310000000,applied
10362000000,10360336000,1,2,103,10310000000,applied
10372000000,10370336000,2,0,103,10320000000,applied
10372000000,10370336000,2,1,103,10320000000,applied
10452000000,10450336000,0,1,104,10400000000,applied
10452000000,10450336000,0,2,104,10400000000,applied
10462000000,10460336000,1,0,104,10410000000,applied
10462000000,10460336000,1,2,104,10410000000,applied
10472000000,10470336000,2,0,104,10420000000,applied
10472000000,10470336000,2,1,104,10420000000,applied
10552000000,10550336000,0,1,105,10500000000,applied
10552000000,10550336000,0,2,105,10500000000,applied
10562000000,10560336000,1,0,105,10510000000,applied
10562000000,10560336000,1,2,105,10510000000,applied
10572000000,10570336000,2,0,105,10520000000,applied
10572000000,10570336000,2,1,105,10520000000,applied
10652000000,10650336000,0,1,106,10600000000,applied
10652000000,10650336000,0,2,106,10600000000,applied
10662000000,10660336000,1,0,106,10610000000,applied
10662000000,10660336000,1,2,106,10610000000,applied
10672000000,10670336000,2,0,106,10620000000,applied
10672000000,10670336000,2,1,106,10620000000,applied
10752000000,10750336000,0,1,107,10700000000,applied
10752000000,10750336000,0,2,107,10700000000,applied
10762000000,10760336000,1,0,107,10710000000,applied
10762000000,10760336000,1,2,107,10710000000,applied
10772000000,10770336000,2,0,107,10720000000,applied
10772000000,10770336000,2,1,107,10720000000,applied
10852000000,10850336000,0,1,108,10800000000,applied
10852000000,10850336000,0,2,108,10800000000,applied
10862000000,10860336000,1,0,108,10810000000,applied
10862000000,10860336000,1,2,108,10810000000,applied
10872000000,10870336000,2,0,108,10820000000,applied
10872000000,10870336000,2,1,108,10820000000,applied
10952000000,10950336000,0,1,109,10900000000,applied
10952000000,10950336000,0,2,109,10900000000,applied
10962000000,10960336000,1,0,109,10910000000,applied
10962000000,10960336000,1,2,109,10910000000,applied
10972000000,10970336000,2,0,109,10920000000,applied
10972000000,10970336000,2,1,109,10920000000,applied
11052000000,11050336000,0,1,110,11000000000,applied
11052000000,11050336000,0,2,110,11000000000,applied
11062000000,11060336000,1,0,110,11010000000,applied
11062000000,11060336000,1,2,110,11010000000,applied
11072000000,11070336000,2,0,110,11020000000,applied
11072000000,11070336000,2,1,110,11020000000,applied
11152000000,11150336000,0,1,111,11100000000,applied
11152000000,11150336000,0,2,111,11100000000,applied
11162000000,11160336000,1,0,111,11110000000,applied
11162000000,11160336000,1,2,111,11110000000,applied
11172000000,11170336000,2,0,111,11120000000,applied
11172000000,11170336000,2,1,111,11120000000,applied
11252000000,11250336000,0,1,112,11200000000,applied
11252000000,11250336000,0,2,112,11200000000,applied
11262000000,11260336000,1,0,112,11210000000,applied
11262000000,11260336000,1,2,112,11210000000,applied
11272000000,11270336000,2,0,112,11220000000,applied
11272000000,11270336000,2,1,112,11220000000,applied
11352000000,11350336000,0,1,113,11300000000,applied
11352000000,11350336000,0,2,113,11300000000,applied
11362000000,11360336000,1,0,113,11310000000,applied
11362000000,11360336000,1,2,113,11310000000,applied
11372000000,11370336000,2,0,113,11320000000,applied
11372000000,11370336000,2,1,113,11320000000,applied
11452000000,11450336000,0,1,114,11400000000,applied
11452000000,11450336000,0,2,114,11400000000,applied
11462000000,11460336000,1,0,114,11410000000,applied
11462000000,11460336000,1,2,114,11410000000,applied
11472000000,11470336000,2,0,114,11420000000,applied
11472000000,11470336000,2,1,114,11420000000,applied
11552000000,11550336000,0,1,115,11500000000,applied
11552000000,11550336000,0,2,115,11500000000,applied
11562000000,11560336000,1,0,115,11510000000,applied
11562000000,11560336000,1,2,115,11510000000,applied
11572000000,11570336000,2,0,115,11520000000,applied
11572000000,11570336000,2,1,115,11520000000,applied
11652000000,11650336000,0,1,116,11600000000,applied
11652000000,11650336000,0,2,116,11600000000,applied
11662000000,11660336000,1,0,116,11610000000,applied
11662000000,11660336000,1,2,116,11610000000,applied
11672000000,11670336000,2,0,116,11620000000,applied
11672000000,11670336000,2,1,116,11620000000,applied
11752000000,11750336000,0,1,117,11700000000,applied
11752000000,11750336000,0,2,117,11700000000,applied
11762000000,11760336000,1,0,117,11710000000,applied
11762000000,11760336000,1,2,117,11710000000,applied
11772000000,11770336000,2,0,117,11720000000,applied
11772000000,11770336000,2,1,117,11720000000,applied
11852000000,11850336000,0,1,118,11800000000,applied
11852000000,11850336000,0,2,118,11800000000,applied
11862000000,11860336000,1,0,118,11810000000,applied
11862000000,11860336000,1,2,118,11810000000,applied
11872000000,11870336000,2,0,118,11820000000,applied
11872000000,11870336000,2,1,118,11820000000,applied
11952000000,11950336000,0,1,119,11900000000,applied
11952000000,11950336000,0,2,119,11900000000,applied
11962000000,11960336000,1,0,119,11910000000,applied
11962000000,11960336000,1,2,119,11910000000,applied
11972000000,11970336000,2,0,119,11920000000,applied
11972000000,11970336000,2,1,119,11920000000,applied
12052000000,12050336000,0,1,120,12000000000,applied
12052000000,12050336000,0,2,120,12000000000,applied
12062000000,12060336000,1,0,120,12010000000,applied
12062000000,12060336000,1,2,120,12010000000,applied
12072000000,12070336000,2,0,120,12020000000,applied
12072000000,12070336000,2,1,120,12020000000,applied
12152000000,12150336000,0,1,121,12100000000,applied
12152000000,12150336000,0,2,121,12100000000,applied
12162000000,12160336000,1,0,121,12110000000,applied
12162000000,12160336000,1,2,121,12110000000,applied
12172000000,12170336000,2,0,121,12120000000,applied
12172000000,12170336000,2,1,121,12120000000,applied
12252000000,12250336000,0,1,122,12200000000,applied
12252000000,12250336000,0,2,122,12200000000,applied
12262000000,12260336000,1,0,122,12210000000,applied
12262000000,12260336000,1,2,122,12210000000,applied
12272000000,12270336000,2,0,122,12220000000,applied
12272000000,12270336000,2,1,122,12220000000,applied
12352000000,12350336000,0,1,123,12300000000,applied
12352000000,12350336000,0,2,123,12300000000,applied
12362000000,12360336000,1,0,123,12310000000,applied
12362000000,12360336000,1,2,123,12310000000,applied
12372000000,12370336000,2,0,123,12320000000,applied
12372000000,12370336000,2,1,123,12320000000,applied
12452000000,12450336000,0,1,124,12400000000,applied
12452000000,12450336000,0,2,124,12400000000,applied
12462000000,12460336000,1,0,124,12410000000,applied
12462000000,12460336000,1,2,124,12410000000,applied
12472000000,12470336000,2,0,124,12420000000,applied
12472000000,12470336000,2,1,124,12420000000,applied
12552000000,12550336000,0,1,125,12500000000,applied
12552000000,12550336000,0,2,125,12500000000,applied
12562000000,12560336000,1,0,125,12510000000,applied
12562000000,12560336000,1,2,125,12510000000,applied
12572000000,12570336000,2,0,125,12520000000,applied
12572000000,12570336000,2,1,125,12520000000,applied
12652000000,12650336000,0,1,126,12600000000,applied
12652000000,12650336000,0,2,126,12600000000,applied
12662000000,12660336000,1,0,126,12610000000,applied
12662000000,12660336000,1,2,126,12610000000,applied
12672000000,12670336000,2,0,126,12620000000,applied
12672000000,12670336000,2,1,126,12620000000,applied
12752000000,12750336000,0,1,127,12700000000,applied
12752000000,12750336000,0,2,127,12700000000,applied
12762000000,12760336000,1,0,127,12710000000,applied
12762000000,12760336000,1,2,127,12710000000,applied
12772000000,12770336000,2,0,127,12720000000,applied
12772000000,12770336000,2,1,127,12720000000,applied
12852000000,12850336000,0,1,128,12800000000,applied
12852000000,12850336000,0,2,128,12800000000,applied
12862000000,12860336000,1,0,128,12810000000,applied
12862000000,12860336000,1,2,128,12810000000,applied
12872000000,12870336000,2,0,128,12820000000,applied
12872000000,12870336000,2,1,128,12820000000,applied
12952000000,12950336000,0,1,129,12900000000,applied
12952000000,12950336000,0,2,129,12900000000,applied
12962000000,12960336000,1,0,129,12910000000,applied
12962000000,12960336000,1,2,129,12910000000,applied
12972000000,12970336000,2,0,129,12920000000,applied
12972000000,12970336000,2,1,129,12920000000,applied
13052000000,13050336000,0,1,130,13000000000,applied
13052000000,13050336000,0,2,130,13000000000,applied
13062000000,13060336000,1,0,130,13010000000,applied
13062000000,13060336000,1,2,130,13010000000,applied
13072000000,13070336000,2,0,130,13020000000,applied
13072000000,13070336000,2,1,130,13020000000,applied
13152000000,13150336000,0,1,131,13100000000,applied
13152000000,13150336000,0,2,131,13100000000,applied
13162000000,13160336000,1,0,131,13110000000,applied
13162000000,13160336000,1,2,131,13110000000,applied
13172000000,13170336000,2,0,131,13120000000,applied
13172000000,13170336000,2,1,131,13120000000,applied
13252000000,13250336000,0,1,132,13200000000,applied
13252000000,13250336000,0,2,132,13200000000,applied
13262000000,13260336000,1,0,132,13210000000,applied
13262000000,13260336000,1,2,132,13210000000,applied
13272000000,13270336000,2,0,132,13220000000,applied
13272000000,13270336000,2,1,132,13220000000,applied
13352000000,13350336000,0,1,133,13300000000,applied
13352000000,13350336000,0,2,133,13300000000,applied
13362000000,13360336000,1,0,133,13310000000,applied
13362000000,13360336000,1,2,133,13310000000,applied
13372000000,13370336000,2,0,133,13320000000,applied
13372000000,13370336000,2,1,133,13320000000,applied
13452000000,13450336000,0,1,134,13400000000,applied
13452000000,13450336000,0,2,134,13400000000,applied
13462000000,13460336000,1,0,134,13410000000,applied
13462000000,13460336000,1,2,134,13410000000,applied
13472000000,13470336000,2,0,134,13420000000,applied
13472000000,13470336000,2,1,134,13420000000,applied
13552000000,13550336000,0,1,135,13500000000,applied
13552000000,13550336000,0,2,135,13500000000,applied
13562000000,13560336000,1,0,135,13510000000,applied
13562000000,13560336000,1,2,135,13510000000,applied
13572000000,13570336000,2,0,135,13520000000,applied
13572000000,13570336000,2,1,135,13520000000,applied
13652000000,13650336000,0,1,136,13600000000,applied
13652000000,13650336000,0,2,136,13600000000,applied
13662000000,13660336000,1,0,136,13610000000,applied
13662000000,13660336000,1,2,136,13610000000,applied
13672000000,13670336000,2,0,136,13620000000,applied
13672000000,13670336000,2,1,136,13620000000,applied
13752000000,13750336000,0,1,137,13700000000,applied
13752000000,13750336000,0,2,137,13700000000,applied
13762000000,13760336000,1,0,137,13710000000,applied
13762000000,13760336000,1,2,137,13710000000,applied
13772000000,13770336000,2,0,137,13720000000,applied
13772000000,13770336000,2,1,137,13720000000,applied
13852000000,13850336000,0,1,138,13800000000,applied
13852000000,13850336000,0,2,138,13800000000,applied
13862000000,13860336000,1,0,138,13810000000,applied
13862000000,13860336000,1,2,138,13810000000,applied
13872000000,13870336000,2,0,138,13820000000,applied
13872000000,13870336000,2,1,138,13820000000,applied
13952000000,13950336000,0,1,139,13900000000,applied
13952000000,13950336000,0,2,139,13900000000,applied
13962000000,13960336000,1,0,139,13910000000,applied
13962000000,13960336000,1,2,139,13910000000,applied
13972000000,13970336000,2,0,139,13920000000,applied
13972000000,13970336000,2,1,139,13920000000,applied
14052000000,14050336000,0,1,140,14000000000,applied
14052000000,14050336000,0,2,140,14000000000,applied
14062000000,14060336000,1,0,140,14010000000,applied
14062000000,14060336000,1,2,140,14010000000,applied
14072000000,14070336000,2,0,140,14020000000,applied
14072000000,14070336000,2,1,140,14020000000,applied
14152000000,14150336000,0,1,141,14100000000,applied
14152000000,14150336000,0,2,141,14100000000,applied
14162000000,14160336000,1,0,141,14110000000,applied
14162000000,14160336000,1,2,141,14110000000,applied
14172000000,14170336000,2,0,141,14120000000,applied
14172000000,14170336000,2,1,141,14120000000,applied
14252000000,14250336000,0,1,142,14200000000,applied
14252000000,14250336000,0,2,142,14200000000,applied
14262000000,14260336000,1,0,142,14210000000,applied
14262000000,14260336000,1,2,142,14210000000,applied
14272000000,14270336000,2,0,142,14220000000,applied
14272000000,14270336000,2,1,142,14220000000,applied
14352000000,14350336000,0,1,143,14300000000,applied
14352000000,14350336000,0,2,143,14300000000,applied
14362000000,14360336000,1,0,143,14310000000,applied
14362000000,14360336000,1,2,143,14310000000,applied
14372000000,14370336000,2,0,143,14320000000,applied
14372000000,14370336000,2,1,143,14320000000,applied
14452000000,14450336000,0,1,144,14400000000,applied
14452000000,14450336000,0,2,144,14400000000,applied
14462000000,14460336000,1,0,144,14410000000,applied
14462000000,14460336000,1,2,144,14410000000,applied
14472000000,14470336000,2,0,144,14420000000,applied
14472000000,14470336000,2,1,144,14420000000,applied
14552000000,14550336000,0,1,145,14500000000,applied
14552000000,14550336000,0,2,145,14500000000,applied
14562000000,14560336000,1,0,145,14510000000,applied
14562000000,14560336000,1,2,145,14510000000,applied
14572000000,14570336000,2,0,145,14520000000,applied
14572000000,14570336000,2,1,145,14520000000,applied
14652000000,14650336000,0,1,146,14600000000,applied
14652000000,14650336000,0,2,146,14600000000,applied
14662000000,14660336000,1,0,146,14610000000,applied
14662000000,14660336000,1,2,146,14610000000,applied
14672000000,14670336000,2,0,146,14620000000,applied
14672000000,14670336000,2,1,146,14620000000,applied
14752000000,14750336000,0,1,147,14700000000,applied
14752000000,14750336000,0,2,147,14700000000,applied
14762000000,14760336000,1,0,147,14710000000,applied
14762000000,14760336000,1,2,147,14710000000,applied
14772000000,14770336000,2,0,147,14720000000,applied
14772000000,14770336000,2,1,147,14720000000,applied
14852000000,14850336000,0,1,148,14800000000,applied
14852000000,14850336000,0,2,148,14800000000,applied
14862000000,14860336000,1,0,148,14810000000,applied
14862000000,14860336000,1,2,148,14810000000,applied
14872000000,14870336000,2,0,148,14820000000,applied
14872000000,14870336000,2,1,148,14820000000,applied
14952000000,14950336000,0,1,149,14900000000,applied
14952000000,14950336000,0,2,149,14900000000,applied
14962000000,14960336000,1,0,149,14910000000,applied
14962000000,14960336000,1,2,149,14910000000,applied
14972000000,14970336000,2,0,149,14920000000,applied
14972000000,14970336000,2,1,149,14920000000,applied
15052000000,15050336000,0,1,150,15000000000,applied
15052000000,15050336000,0,2,150,15000000000,applied
15062000000,15060336000,1,0,150,15010000000,applied
15062000000,15060336000,1,2,150,15010000000,applied
15072000000,15070336000,2,0,150,15020000000,applied
15072000000,15070336000,2,1,150,15020000000,applied
15152000000,15150336000,0,1,151,15100000000,applied
15152000000,15150336000,0,2,151,15100000000,applied
15162000000,15160336000,1,0,151,15110000000,applied
15162000000,15160336000,1,2,151,15110000000,applied
15172000000,15170336000,2,0,151,15120000000,applied
15172000000,15170336000,2,1,151,15120000000,applied
15252000000,15250336000,0,1,152,15200000000,applied
15252000000,15250336000,0,2,152,15200000000,applied
15262000000,15260336000,1,0,152,15210000000,applied
15262000000,15260336000,1,2,152,15210000000,applied
15272000000,15270336000,2,0,152,15220000000,applied
15272000000,15270336000,2,1,152,15220000000,applied
15352000000,15350336000,0,1,153,15300000000,applied
15352000000,15350336000,0,2,153,15300000000,applied
15362000000,15360336000,1,0,153,15310000000,applied
15362000000,15360336000,1,2,153,15310000000,applied
15372000000,15370336000,2,0,153,15320000000,applied
15372000000,15370336000,2,1,153,15320000000,applied
15452000000,15450336000,0,1,154,15400000000,applied
15452000000,15450336000,0,2,154,15400000000,applied
15462000000,15460336000,1,0,154,15410000000,applied
15462000000,15460336000,1,2,154,15410000000,applied
15472000000,15470336000,2,0,154,15420000000,applied
15472000000,15470336000,2,1,154,15420000000,applied
15552000000,15550336000,0,1,155,15500000000,applied
15552000000,15550336000,0,2,155,15500000000,applied
15562000000,15560336000,1,0,155,15510000000,applied
15562000000,15560336000,1,2,155,15510000000,applied
15572000000,15570336000,2,0,155,15520000000,applied
15572000000,15570336000,2,1,155,15520000000,applied
15652000000,15650336000,0,1,156,15600000000,applied
15652000000,15650336000,0,2,156,15600000000,applied
15662000000,15660336000,1,0,156,15610000000,applied
15662000000,15660336000,1,2,156,15610000000,applied
15672000000,15670336000,2,0,156,15620000000,applied
15672000000,15670336000,2,1,156,15620000000,applied
15752000000,15750336000,0,1,157,15700000000,applied
15752000000,15750336000,0,2,157,15700000000,applied
15762000000,15760336000,1,0,157,15710000000,applied
15762000000,15760336000,1,2,157,15710000000,applied
15772000000,15770336000,2,0,157,15720000000,applied
15772000000,15770336000,2,1,157,15720000000,applied
15852000000,15850336000,0,1,158,15800000000,applied
15852000000,15850336000,0,2,158,15800000000,applied
15862000000,15860336000,1,0,158,15810000000,applied
15862000000,15860336000,1,2,158,15810000000,applied
15872000000,15870336000,2,0,158,15820000000,applied
15872000000,15870336000,2,1,158,15820000000,applied
15952000000,15950336000,0,1,159,15900000000,applied
15952000000,15950336000,0,2,159,15900000000,applied
15962000000,15960336000,1,0,159,15910000000,applied
15962000000,15960336000,1,2,159,15910000000,applied
15972000000,15970336000,2,0,159,15920000000,applied
15972000000,15970336000,2,1,159,15920000000,applied
16052000000,16050336000,0,1,160,16000000000,applied
16052000000,16050336000,0,2,160,16000000000,applied
16062000000,16060336000,1,0,160,16010000000,applied
16062000000,16060336000,1,2,160,16010000000,applied
16072000000,16070336000,2,0,160,16020000000,applied
16072000000,16070336000,2,1,160,16020000000,applied
16152000000,16150336000,0,1,161,16100000000,applied
16152000000,16150336000,0,2,161,16100000000,applied
16162000000,16160336000,1,0,161,16110000000,applied
16162000000,16160336000,1,2,161,16110000000,applied
16172000000,16170336000,2,0,161,16120000000,applied
16172000000,16170336000,2,1,161,16120000000,applied
16252000000,16250336000,0,1,162,16200000000,applied
16252000000,16250336000,0,2,162,16200000000,applied
16262000000,16260336000,1,0,162,16210000000,applied
16262000000,16260336000,1,2,162,16210000000,applied
16272000000,16270336000,2,0,162,16220000000,applied
16272000000,16270336000,2,1,162,16220000000,applied
16352000000,16350336000,0,1,163,16300000000,applied
16352000000,16350336000,0,2,163,16300000000,applied
16362000000,16360336000,1,0,163,16310000000,applied
16362000000,16360336000,1,2,163,16310000000,applied
16372000000,16370336000,2,0,163,16320000000,applied
16372000000,16370336000,2,1,163,16320000000,applied
16452000000,16450336000,0,1,164,16400000000,applied
16452000000,16450336000,0,2,164,16400000000,applied
16462000000,16460336000,1,0,164,16410000000,applied
16462000000,16460336000,1,2,164,16410000000,applied
16472000000,16470336000,2,0,164,16420000000,applied
16472000000,16470336000,2,1,164,16420000000,applied
16552000000,16550336000,0,1,165,16500000000,applied
16552000000,16550336000,0,2,165,16500000000,applied
16562000000,16560336000,1,0,165,16510000000,applied
16562000000,16560336000,1,2,165,16510000000,applied
16572000000,16570336000,2,0,165,16520000000,applied
16572000000,16570336000,2,1,165,16520000000,applied
16652000000,16650336000,0,1,166,16600000000,applied
16652000000,16650336000,0,2,166,16600000000,applied
16662000000,16660336000,1,0,166,16610000000,applied
16662000000,16660336000,1,2,166,16610000000,applied
16672000000,16670336000,2,0,166,16620000000,applied
16672000000,16670336000,2,1,166,16620000000,applied
16752000000,16750336000,0,1,167,16700000000,applied
16752000000,16750336000,0,2,167,16700000000,applied
16762000000,16760336000,1,0,167,16710000000,applied
16762000000,16760336000,1,2,167,16710000000,applied
16772000000,16770336000,2,0,167,16720000000,applied
16772000000,16770336000,2,1,167,16720000000,applied
16852000000,16850336000,0,1,168,16800000000,applied
16852000000,16850336000,0,2,168,16800000000,applied
16862000000,16860336000,1,0,168,16810000000,applied
16862000000,16860336000,1,2,168,16810000000,applied
16872000000,16870336000,2,0,168,16820000000,applied
16872000000,16870336000,2,1,168,16820000000,applied
16952000000,16950336000,0,1,169,16900000000,applied
16952000000,16950336000,0,2,169,16900000000,applied
16962000000,16960336000,1,0,169,16910000000,applied
16962000000,16960336000,1,2,169,16910000000,applied
16972000000,16970336000,2,0,169,16920000000,applied
16972000000,16970336000,2,1,169,16920000000,applied
17052000000,17050336000,0,1,170,17000000000,applied
17052000000,17050336000,0,2,170,17000000000,applied
17062000000,17060336000,1,0,170,17010000000,applied
17062000000,17060336000,1,2,170,17010000000,applied
17072000000,17070336000,2,0,170,17020000000,applied
17072000000,17070336000,2,1,170,17020000000,applied
17152000000,17150336000,0,1,171,17100000000,applied
17152000000,17150336000,0,2,171,17100000000,applied
17162000000,17160336000,1,0,171,17110000000,applied
17162000000,17160336000,1,2,171,17110000000,applied
17172000000,17170336000,2,0,171,17120000000,applied
17172000000,17170336000,2,1,171,17120000000,applied
17252000000,17250336000,0,1,172,17200000000,applied
17252000000,17250336000,0,2,172,17200000000,applied
17262000000,17260336000,1,0,172,17210000000,applied
17262000000,17260336000,1,2,172,17210000000,applied
17272000000,17270336000,2,0,172,17220000000,applied
17272000000,17270336000,2,1,172,17220000000,applied
17352000000,17350336000,0,1,173,17300000000,applied
17352000000,17350336000,0,2,173,17300000000,applied
17362000000,17360336000,1,0,173,17310000000,applied
17362000000,17360336000,1,2,173,17310000000,applied
17372000000,17370336000,2,0,173,17320000000,applied
17372000000,17370336000,2,1,173,17320000000,applied
17452000000,17450336000,0,1,174,17400000000,applied
17452000000,17450336000,0,2,174,17400000000,applied
17462000000,17460336000,1,0,174,17410000000,applied
17462000000,17460336000,1,2,174,17410000000,applied
17472000000,17470336000,2,0,174,17420000000,applied
17472000000,17470336000,2,1,174,17420000000,applied
17552000000,17550336000,0,1,175,17500000000,applied
17552000000,17550336000,0,2,175,17500000000,applied
17562000000,17560336000,1,0,175,17510000000,applied
17562000000,17560336000,1,2,175,17510000000,applied
17572000000,17570336000,2,0,175,17520000000,applied
17572000000,17570336000,2,1,175,17520000000,applied
17652000000,17650336000,0,1,176,17600000000,applied
17652000000,17650336000,0,2,176,17600000000,applied
17662000000,17660336000,1,0,176,17610000000,applied
17662000000,17660336000,1,2,176,17610000000,applied
17672000000,17670336000,2,0,176,17620000000,applied
17672000000,17670336000,2,1,176,17620000000,applied
17752000000,17750336000,0,1,177,17700000000,applied
17752000000,17750336000,0,2,177,17700000000,applied
17762000000,17760336000,1,0,177,17710000000,applied
17762000000,17760336000,1,2,177,17710000000,applied
17772000000,17770336000,2,0,177,17720000000,applied
17772000000,17770336000,2,1,177,17720000000,applied
17852000000,17850336000,0,1,178,17800000000,applied
17852000000,17850336000,0,2,178,17800000000,applied
17862000000,17860336000,1,0,178,17810000000,applied
17862000000,17860336000,1,2,178,17810000000,applied
17872000000,17870336000,2,0,178,17820000000,applied
17872000000,17870336000,2,1,178,17820000000,applied
17952000000,17950336000,0,1,179,17900000000,applied
17952000000,17950336000,0,2,179,17900000000,applied
17962000000,17960336000,1,0,179,17910000000,applied
17962000000,17960336000,1,2,179,17910000000,applied
17972000000,17970336000,2,0,179,17920000000,applied
17972000000,17970336000,2,1,179,17920000000,applied
18052000000,18050336000,0,1,180,18000000000,applied
18052000000,18050336000,0,2,180,18000000000,applied
18062000000,18060336000,1,0,180,18010000000,applied
18062000000,18060336000,1,2,180,18010000000,applied
18072000000,18070336000,2,0,180,18020000000,applied
18072000000,18070336000,2,1,180,18020000000,applied
18152000000,18150336000,0,1,181,18100000000,applied
18152000000,18150336000,0,2,181,18100000000,applied
18162000000,18160336000,1,0,181,18110000000,applied
18162000000,18160336000,1,2,181,18110000000,applied
18172000000,18170336000,2,0,181,18120000000,applied
18172000000,18170336000,2,1,181,18120000000,applied
18252000000,18250336000,0,1,182,18200000000,applied
18252000000,18250336000,0,2,182,18200000000,applied
18262000000,18260336000,1,0,182,18210000000,applied
18262000000,18260336000,1,2,182,18210000000,applied
18272000000,18270336000,2,0,182,18220000000,applied
18272000000,18270336000,2,1,182,18220000000,applied
18352000000,18350336000,0,1,183,18300000000,applied
18352000000,18350336000,0,2,183,18300000000,applied
18362000000,18360336000,1,0,183,18310000000,applied
18362000000,18360336000,1,2,183,18310000000,applied
18372000000,18370336000,2,0,183,18320000000,applied
18372000000,18370336000,2,1,183,18320000000,applied
18452000000,18450336000,0,1,184,18400000000,applied
18452000000,18450336000,0,2,184,18400000000,applied
18462000000,18460336000,1,0,184,18410000000,applied
18462000000,18460336000,1,2,184,18410000000,applied
18472000000,18470336000,2,0,184,18420000000,applied
18472000000,18470336000,2,1,184,18420000000,applied
18552000000,18550336000,0,1,185,18500000000,applied
18552000000,18550336000,0,2,185,18500000000,applied
18562000000,18560336000,1,0,185,18510000000,applied
18562000000,18560336000,1,2,185,18510000000,applied
18572000000,18570336000,2,0,185,18520000000,applied
18572000000,18570336000,2,1,185,18520000000,applied
18652000000,18650336000,0,1,186,18600000000,applied
18652000000,18650336000,0,2,186,18600000000,applied
18662000000,18660336000,1,0,186,18610000000,applied
18662000000,18660336000,1,2,186,18610000000,applied
18672000000,18670336000,2,0,186,18620000000,applied
18672000000,18670336000,2,1,186,18620000000,applied
18752000000,18750336000,0,1,187,18700000000,applied
18752000000,18750336000,0,2,187,18700000000,applied
18762000000,18760336000,1,0,187,18710000000,applied
18762000000,18760336000,1,2,187,18710000000,applied
18772000000,18770336000,2,0,187,18720000000,applied
18772000000,18770336000,2,1,187,18720000000,applied
18852000000,18850336000,0,1,188,18800000000,applied
18852000000,18850336000,0,2,188,18800000000,applied
18862000000,18860336000,1,0,188,18810000000,applied
18862000000,18860336000,1,2,188,18810000000,applied
18872000000,18870336000,2,0,188,18820000000,applied
18872000000,18870336000,2,1,188,18820000000,applied
18952000000,18950336000,0,1,189,18900000000,applied
18952000000,18950336000,0,2,189,18900000000,applied
18962000000,18960336000,1,0,189,18910000000,applied
18962000000,18960336000,1,2,189,18910000000,applied
18972000000,18970336000,2,0,189,18920000000,applied
18972000000,18970336000,2,1,189,18920000000,applied
19052000000,19050336000,0,1,190,19000000000,applied
19052000000,19050336000,0,2,190,19000000000,applied
19062000000,19060336000,1,0,190,19010000000,applied
19062000000,19060336000,1,2,190,19010000000,applied
19072000000,19070336000,2,0,190,19020000000,applied
19072000000,19070336000,2,1,190,19020000000,applied
19152000000,19150336000,0,1,191,19100000000,applied
19152000000,19150336000,0,2,191,19100000000,applied
19162000000,19160336000,1,0,191,19110000000,applied
19162000000,19160336000,1,2,191,19110000000,applied
19172000000,19170336000,2,0,191,19120000000,applied
19172000000,19170336000,2,1,191,19120000000,applied
19252000000,19250336000,0,1,192,19200000000,applied
19252000000,19250336000,0,2,192,19200000000,applied
19262000000,19260336000,1,0,192,19210000000,applied
19262000000,19260336000,1,2,192,19210000000,applied
19272000000,19270336000,2,0,192,19220000000,applied
19272000000,19270336000,2,1,192,19220000000,applied
19352000000,19350336000,0,1,193,19300000000,applied
19352000000,19350336000,0,2,193,19300000000,applied
19362000000,19360336000,1,0,193,19310000000,applied
19362000000,19360336000,1,2,193,19310000000,applied
19372000000,19370336000,2,0,193,19320000000,applied
19372000000,19370336000,2,1,193,19320000000,applied
19452000000,19450336000,0,1,194,19400000000,applied
19452000000,19450336000,0,2,194,19400000000,applied
19462000000,19460336000,1,0,194,19410000000,applied
19462000000,19460336000,1,2,194,19410000000,applied
19472000000,19470336000,2,0,194,19420000000,applied
19472000000,19470336000,2,1,194,19420000000,applied
19552000000,19550336000,0,1,195,19500000000,applied
19552000000,19550336000,0,2,195,19500000000,applied
19562000000,19560336000,1,0,195,19510000000,applied
19562000000,19560336000,1,2,195,19510000000,applied
19572000000,19570336000,2,0,195,19520000000,applied
19572000000,19570336000,2,1,195,19520000000,applied
19652000000,19650336000,0,1,196,19600000000,applied
19652000000,19650336000,0,2,196,19600000000,applied
19662000000,19660336000,1,0,196,19610000000,applied
19662000000,19660336000,1,2,196,19610000000,applied
19672000000,19670336000,2,0,196,19620000000,applied
19672000000,19670336000,2,1,196,19620000000,applied
19752000000,19750336000,0,1,197,19700000000,applied
19752000000,19750336000,0,2,197,19700000000,applied
19762000000,19760336000,1,0,197,19710000000,applied
19762000000,19760336000,1,2,197,19710000000,applied
19772000000,19770336000,2,0,197,19720000000,applied
19772000000,19770336000,2,1,197,19720000000,applied
19852000000,19850336000,0,1,198,19800000000,applied
19852000000,19850336000,0,2,198,19800000000,applied
19862000000,19860336000,1,0,198,19810000000,applied
19862000000,19860336000,1,2,198,19810000000,applied
19872000000,19870336000,2,0,198,19820000000,applied
19872000000,19870336000,2,1,198,19820000000,applied
19952000000,19950336000,0,1,199,19900000000,applied
19952000000,19950336000,0,2,199,19900000000,applied
19962000000,19960336000,1,0,199,19910000000,applied
19962000000,19960336000,1,2,199,19910000000,applied
19972000000,19970336000,2,0,199,19920000000,applied
19972000000,19970336000,2,1,199,19920000000,applied
20052000000,20050336000,0,1,200,20000000000,applied
20052000000,20050336000,0,2,200,20000000000,applied
20062000000,20060336000,1,0,200,20010000000,applied
20062000000,20060336000,1,2,200,20010000000,applied
20072000000,20070336000,2,0,200,20020000000,applied
20072000000,20070336000,2,1,200,20020000000,applied
20152000000,20150336000,0,1,201,20100000000,applied
20152000000,20150336000,0,2,201,20100000000,applied
20162000000,20160336000,1,0,201,20110000000,applied
20162000000,20160336000,1,2,201,20110000000,applied
20172000000,20170336000,2,0,201,20120000000,applied
20172000000,20170336000,2,1,201,20120000000,applied
20252000000,20250336000,0,1,202,20200000000,applied
20252000000,20250336000,0,2,202,20200000000,applied
20262000000,20260336000,1,0,202,20210000000,applied
20262000000,20260336000,1,2,202,20210000000,applied
20272000000,20270336000,2,0,202,20220000000,applied
20272000000,20270336000,2,1,202,20220000000,applied
20352000000,20350336000,0,1,203,20300000000,applied
20352000000,20350336000,0,2,203,20300000000,applied
20362000000,20360336000,1,0,203,20310000000,applied
20362000000,20360336000,1,2,203,20310000000,applied
20372000000,20370336000,2,0,203,20320000000,applied
20372000000,20370336000,2,1,203,20320000000,applied
20452000000,20450336000,0,1,204,20400000000,applied
20452000000,20450336000,0,2,204,20400000000,applied
20462000000,20460336000,1,0,204,20410000000,applied
20462000000,20460336000,1,2,204,20410000000,applied
20472000000,20470336000,2,0,204,20420000000,applied
20472000000,20470336000,2,1,204,20420000000,applied
20552000000,20550336000,0,1,205,20500000000,applied
20552000000,20550336000,0,2,205,20500000000,applied
20562000000,20560336000,1,0,205,20510000000,applied
20562000000,20560336000,1,2,205,20510000000,applied
20572000000,20570336000,2,0,205,20520000000,applied
20572000000,20570336000,2,1,205,20520000000,applied
20652000000,20650336000,0,1,206,20600000000,applied
20652000000,20650336000,0,2,206,20600000000,applied
20662000000,20660336000,1,0,206,20610000000,applied
20662000000,20660336000,1,2,206,20610000000,applied
20672000000,20670336000,2,0,206,20620000000,applied
20672000000,20670336000,2,1,206,20620000000,applied
20752000000,20750336000,0,1,207,20700000000,applied
20752000000,20750336000,0,2,207,20700000000,applied
20762000000,20760336000,1,0,207,20710000000,applied
20762000000,20760336000,1,2,207,20710000000,applied
20772000000,20770336000,2,0,207,20720000000,applied
20772000000,20770336000,2,1,207,20720000000,applied
20852000000,20850336000,0,1,208,20800000000,applied
20852000000,20850336000,0,2,208,20800000000,applied
20862000000,20860336000,1,0,208,20810000000,applied
20862000000,20860336000,1,2,208,20810000000,applied
20872000000,20870336000,2,0,208,20820000000,applied
20872000000,20870336000,2,1,208,20820000000,applied
20952000000,20950336000,0,1,209,20900000000,applied
20952000000,20950336000,0,2,209,20900000000,applied
20962000000,20960336000,1,0,209,20910000000,applied
20962000000,20960336000,1,2,209,20910000000,applied
20972000000,20970336000,2,0,209,20920000000,applied
20972000000,20970336000,2,1,209,20920000000,applied
21052000000,21050336000,0,1,210,21000000000,applied
21052000000,21050336000,0,2,210,21000000000,applied
21062000000,21060336000,1,0,210,21010000000,applied
21062000000,21060336000,1,2,210,21010000000,applied
21072000000,21070336000,2,0,210,21020000000,applied
21072000000,21070336000,2,1,210,21020000000,applied
21152000000,21150336000,0,1,211,21100000000,applied
21152000000,21150336000,0,2,211,21100000000,applied
21162000000,21160336000,1,0,211,21110000000,applied
21162000000,21160336000,1,2,211,21110000000,applied
21172000000,21170336000,2,0,211,21120000000,applied
21172000000,21170336000,2,1,211,21120000000,applied
21252000000,21250336000,0,1,212,21200000000,applied
21252000000,21250336000,0,2,212,21200000000,applied
21262000000,21260336000,1,0,212,21210000000,applied
21262000000,21260336000,1,2,212,21210000000,applied
21272000000,21270336000,2,0,212,21220000000,applied
21272000000,21270336000,2,1,212,21220000000,applied
21352000000,21350336000,0,1,213,21300000000,applied
21352000000,21350336000,0,2,213,21300000000,applied
21362000000,21360336000,1,0,213,21310000000,applied
21362000000,21360336000,1,2,213,21310000000,applied
21372000000,21370336000,2,0,213,21320000000,applied
21372000000,21370336000,2,1,213,21320000000,applied
21452000000,21450336000,0,1,214,21400000000,applied
21452000000,21450336000,0,2,214,21400000000,applied
21462000000,21460336000,1,0,214,21410000000,applied
21462000000,21460336000,1,2,214,21410000000,applied
21472000000,21470336000,2,0,214,21420000000,applied
21472000000,21470336000,2,1,214,21420000000,applied
21552000000,21550336000,0,1,215,21500000000,applied
21552000000,21550336000,0,2,215,21500000000,applied
21562000000,21560336000,1,0,215,21510000000,applied
21562000000,21560336000,1,2,215,21510000000,applied
21572000000,21570336000,2,0,215,21520000000,applied
21572000000,21570336000,2,1,215,21520000000,applied
21652000000,21650336000,0,1,216,21600000000,applied
21652000000,21650336000,0,2,216,21600000000,applied
21662000000,21660336000,1,0,216,21610000000,applied
21662000000,21660336000,1,2,216,21610000000,applied
21672000000,21670336000,2,0,216,21620000000,applied
21672000000,21670336000,2,1,216,21620000000,applied
21752000000,21750336000,0,1,217,21700000000,applied
21752000000,21750336000,0,2,217,21700000000,applied
21762000000,21760336000,1,0,217,21710000000,applied
21762000000,21760336000,1,2,217,21710000000,applied
21772000000,21770336000,2,0,217,21720000000,applied
21772000000,21770336000,2,1,217,21720000000,applied
21852000000,21850336000,0,1,218,21800000000,applied
21852000000,21850336000,0,2,218,21800000000,applied
21862000000,21860336000,1,0,218,21810000000,applied
21862000000,21860336000,1,2,218,21810000000,applied
21872000000,21870336000,2,0,218,21820000000,applied
21872000000,21870336000,2,1,218,21820000000,applied
21952000000,21950336000,0,1,219,21900000000,applied
21952000000,21950336000,0,2,219,21900000000,applied
21962000000,21960336000,1,0,219,21910000000,applied
21962000000,21960336000,1,2,219,21910000000,applied
21972000000,21970336000,2,0,219,21920000000,applied
21972000000,21970336000,2,1,219,21920000000,applied
22052000000,22050336000,0,1,220,22000000000,applied
22052000000,22050336000,0,2,220,22000000000,applied
22062000000,22060336000,1,0,220,22010000000,applied
22062000000,22060336000,1,2,220,22010000000,applied
22072000000,22070336000,2,0,220,22020000000,applied
22072000000,22070336000,2,1,220,22020000000,applied
22152000000,22150336000,0,1,221,22100000000,applied
22152000000,22150336000,0,2,221,22100000000,applied
22162000000,22160336000,1,0,221,22110000000,applied
22162000000,22160336000,1,2,221,22110000000,applied
22172000000,22170336000,2,0,221,22120000000,applied
22172000000,22170336000,2,1,221,22120000000,applied
22252000000,22250336000,0,1,222,22200000000,applied
22252000000,22250336000,0,2,222,22200000000,applied
22262000000,22260336000,1,0,222,22210000000,applied
22262000000,22260336000,1,2,222,22210000000,applied
22272000000,22270336000,2,0,222,22220000000,applied
22272000000,22270336000,2,1,222,22220000000,applied
22352000000,22350336000,0,1,223,22300000000,applied
22352000000,22350336000,0,2,223,22300000000,applied
22362000000,22360336000,1,0,223,22310000000,applied
22362000000,22360336000,1,2,223,22310000000,applied
22372000000,22370336000,2,0,223,22320000000,applied
22372000000,22370336000,2,1,223,22320000000,applied
22452000000,22450336000,0,1,224,22400000000,applied
22452000000,22450336000,0,2,224,22400000000,applied
22462000000,22460336000,1,0,224,22410000000,applied
22462000000,22460336000,1,2,224,22410000000,applied
22472000000,22470336000,2,0,224,22420000000,applied
22472000000,22470336000,2,1,224,22420000000,applied
22552000000,22550336000,0,1,225,22500000000,applied
22552000000,22550336000,0,2,225,22500000000,applied
22562000000,22560336000,1,0,225,22510000000,applied
22562000000,22560336000,1,2,225,22510000000,applied
22572000000,22570336000,2,0,225,22520000000,applied
22572000000,22570336000,2,1,225,22520000000,applied
22652000000,22650336000,0,1,226,22600000000,applied
22652000000,22650336000,0,2,226,22600000000,applied
22662000000,22660336000,1,0,226,22610000000,applied
22662000000,22660336000,1,2,226,22610000000,applied
22672000000,22670336000,2,0,226,22620000000,applied
22672000000,22670336000,2,1,226,22620000000,applied
22752000000,22750336000,0,1,227,22700000000,applied
22752000000,22750336000,0,2,227,22700000000,applied
22762000000,22760336000,1,0,227,22710000000,applied
22762000000,22760336000,1,2,227,22710000000,applied
22772000000,22770336000,2,0,227,22720000000,applied
22772000000,22770336000,2,1,227,22720000000,applied
22852000000,22850336000,0,1,228,22800000000,applied
22852000000,22850336000,0,2,228,22800000000,applied
22862000000,22860336000,1,0,228,22810000000,applied
22862000000,22860336000,1,2,228,22810000000,applied
22872000000,22870336000,2,0,228,22820000000,applied
22872000000,22870336000,2,1,228,22820000000,applied
22952000000,22950336000,0,1,229,22900000000,applied
22952000000,22950336000,0,2,229,22900000000,applied
22962000000,22960336000,1,0,229,22910000000,applied
22962000000,22960336000,1,2,229,22910000000,applied
22972000000,22970336000,2,0,229,22920000000,applied
22972000000,22970336000,2,1,229,22920000000,applied
23052000000,23050336000,0,1,230,23000000000,applied
23052000000,23050336000,0,2,230,23000000000,applied
23062000000,23060336000,1,0,230,23010000000,applied
23062000000,23060336000,1,2,230,23010000000,applied
23072000000,23070336000,2,0,230,23020000000,applied
23072000000,23070336000,2,1,230,23020000000,applied
23152000000,23150336000,0,1,231,23100000000,applied
23152000000,23150336000,0,2,231,23100000000,applied
23162000000,23160336000,1,0,231,23110000000,applied
23162000000,23160336000,1,2,231,23110000000,applied
23172000000,23170336000,2,0,231,23120000000,applied
23172000000,23170336000,2,1,231,23120000000,applied
23252000000,23250336000,0,1,232,23200000000,applied
23252000000,23250336000,0,2,232,23200000000,applied
23262000000,23260336000,1,0,232,23210000000,applied
23262000000,23260336000,1,2,232,23210000000,applied
23272000000,23270336000,2,0,232,23220000000,applied
23272000000,23270336000,2,1,232,23220000000,applied
23352000000,23350336000,0,1,233,23300000000,applied
23352000000,23350336000,0,2,233,23300000000,applied
23362000000,23360336000,1,0,233,23310000000,applied
23362000000,23360336000,1,2,233,23310000000,applied
23372000000,23370336000,2,0,233,23320000000,applied
23372000000,23370336000,2,1,233,23320000000,applied
23452000000,23450336000,0,1,234,23400000000,applied
23452000000,23450336000,0,2,234,23400000000,applied
23462000000,23460336000,1,0,234,23410000000,applied
23462000000,23460336000,1,2,234,23410000000,applied
23472000000,23470336000,2,0,234,23420000000,applied
23472000000,23470336000,2,1,234,23420000000,applied
23552000000,23550336000,0,1,235,23500000000,applied
23552000000,23550336000,0,2,235,23500000000,applied
23562000000,23560336000,1,0,235,23510000000,applied
23562000000,23560336000,1,2,235,23510000000,applied
23572000000,23570336000,2,0,235,23520000000,applied
23572000000,23570336000,2,1,235,23520000000,applied
23652000000,23650336000,0,1,236,23600000000,applied
23652000000,23650336000,0,2,236,23600000000,applied
23662000000,23660336000,1,0,236,23610000000,applied
23662000000,23660336000,1,2,236,23610000000,applied
23672000000,23670336000,2,0,236,23620000000,applied
23672000000,23670336000,2,1,236,23620000000,applied
23752000000,23750336000,0,1,237,23700000000,applied
23752000000,23750336000,0,2,237,23700000000,applied
23762000000,23760336000,1,0,237,23710000000,applied
23762000000,23760336000,1,2,237,23710000000,applied
23772000000,23770336000,2,0,237,23720000000,applied
23772000000,23770336000,2,1,237,23720000000,applied
23852000000,23850336000,0,1,238,23800000000,applied
23852000000,23850336000,0,2,238,23800000000,applied
23862000000,23860336000,1,0,238,23810000000,applied
23862000000,23860336000,1,2,238,23810000000,applied
23872000000,23870336000,2,0,238,23820000000,applied
23872000000,23870336000,2,1,238,23820000000,applied
23952000000,23950336000,0,1,239,23900000000,applied
23952000000,23950336000,0,2,239,23900000000,applied
23962000000,23960336000,1,0,239,23910000000,applied
23962000000,23960336000,1,2,239,23910000000,applied
23972000000,23970336000,2,0,239,23920000000,applied
23972000000,23970336000,2,1,239,23920000000,applied
24052000000,24050336000,0,1,240,24000000000,applied
24052000000,24050336000,0,2,240,24000000000,applied
24062000000,24060336000,1,0,240,24010000000,applied
24062000000,24060336000,1,2,240,24010000000,applied
24072000000,24070336000,2,0,240,24020000000,applied
24072000000,24070336000,2,1,240,24020000000,applied
24152000000,24150336000,0,1,241,24100000000,applied
24152000000,24150336000,0,2,241,24100000000,applied
24162000000,24160336000,1,0,241,24110000000,applied
24162000000,24160336000,1,2,241,24110000000,applied
24172000000,24170336000,2,0,241,24120000000,applied
24172000000,24170336000,2,1,241,24120000000,applied
24252000000,24250336000,0,1,242,24200000000,applied
24252000000,24250336000,0,2,242,24200000000,applied
24262000000,24260336000,1,0,242,24210000000,applied
24262000000,24260336000,1,2,242,24210000000,applied
24272000000,24270336000,2,0,242,24220000000,applied
24272000000,24270336000,2,1,242,24220000000,applied
24352000000,24350336000,0,1,243,24300000000,applied
24352000000,24350336000,0,2,243,24300000000,applied
24362000000,24360336000,1,0,243,24310000000,applied
24362000000,24360336000,1,2,243,24310000000,applied
24372000000,24370336000,2,0,243,24320000000,applied
24372000000,24370336000,2,1,243,24320000000,applied
24452000000,24450336000,0,1,244,24400000000,applied
24452000000,24450336000,0,2,244,24400000000,applied
24462000000,24460336000,1,0,244,24410000000,applied
24462000000,24460336000,1,2,244,24410000000,applied
24472000000,24470336000,2,0,244,24420000000,applied
24472000000,24470336000,2,1,244,24420000000,applied
24552000000,24550336000,0,1,245,24500000000,applied
24552000000,24550336000,0,2,245,24500000000,applied
24562000000,24560336000,1,0,245,24510000000,applied
24562000000,24560336000,1,2,245,24510000000,applied
24572000000,24570336000,2,0,245,24520000000,applied
24572000000,24570336000,2,1,245,24520000000,applied
24652000000,24650336000,0,1,246,24600000000,applied
24652000000,24650336000,0,2,246,24600000000,applied
24662000000,24660336000,1,0,246,24610000000,applied
24662000000,24660336000,1,2,246,24610000000,applied
24672000000,24670336000,2,0,246,24620000000,applied
24672000000,24670336000,2,1,246,24620000000,applied
24752000000,24750336000,0,1,247,24700000000,applied
24752000000,24750336000,0,2,247,24700000000,applied
24762000000,24760336000,1,0,247,24710000000,applied
24762000000,24760336000,1,2,247,24710000000,applied
24772000000,24770336000,2,0,247,24720000000,applied
24772000000,24770336000,2,1,247,24720000000,applied
24852000000,24850336000,0,1,248,24800000000,applied
24852000000,24850336000,0,2,248,24800000000,applied
24862000000,24860336000,1,0,248,24810000000,applied
24862000000,24860336000,1,2,248,24810000000,applied
24872000000,24870336000,2,0,248,24820000000,applied
24872000000,24870336000,2,1,248,24820000000,applied
24952000000,24950336000,0,1,249,24900000000,applied
24952000000,24950336000,0,2,249,24900000000,applied
24962000000,24960336000,1,0,249,24910000000,applied
24962000000,24960336000,1,2,249,24910000000,applied
24972000000,24970336000,2,0,249,24920000000,applied
24972000000,24970336000,2,1,249,24920000000,applied
25052000000,25050336000,0,1,250,25000000000,applied
25052000000,25050336000,0,2,250,25000000000,applied
25062000000,25060336000,1,0,250,25010000000,applied
25062000000,25060336000,1,2,250,25010000000,applied
25072000000,25070336000,2,0,250,25020000000,applied
25072000000,25070336000,2,1,250,25020000000,applied
25152000000,25150336000,0,1,251,25100000000,applied
25152000000,25150336000,0,2,251,25100000000,applied
25162000000,25160336000,1,0,251,25110000000,applied
25162000000,25160336000,1,2,251,25110000000,applied
25172000000,25170336000,2,0,251,25120000000,applied
25172000000,25170336000,2,1,251,25120000000,applied
25252000000,25250336000,0,1,252,25200000000,applied
25252000000,25250336000,0,2,252,25200000000,applied
25262000000,25260336000,1,0,252,25210000000,applied
25262000000,25260336000,1,2,252,25210000000,applied
25272000000,25270336000,2,0,252,25220000000,applied
25272000000,25270336000,2,1,252,25220000000,applied
25352000000,25350336000,0,1,253,25300000000,applied
25352000000,25350336000,0,2,253,25300000000,applied
25362000000,25360336000,1,0,253,25310000000,applied
25362000000,25360336000,1,2,253,25310000000,applied
25372000000,25370336000,2,0,253,25320000000,applied
25372000000,25370336000,2,1,253,25320000000,applied
25452000000,25450336000,0,1,254,25400000000,applied
25452000000,25450336000,0,2,254,25400000000,applied
25462000000,25460336000,1,0,254,25410000000,applied
25462000000,25460336000,1,2,254,25410000000,applied
25472000000,25470336000,2,0,254,25420000000,applied
25472000000,25470336000,2,1,254,25420000000,applied
25552000000,25550336000,0,1,255,25500000000,applied
25552000000,25550336000,0,2,255,25500000000,applied
25562000000,25560336000,1,0,255,25510000000,applied
25562000000,25560336000,1,2,255,25510000000,applied
25572000000,25570336000,2,0,255,25520000000,applied
25572000000,25570336000,2,1,255,25520000000,applied
25652000000,25650336000,0,1,256,25600000000,applied
25652000000,25650336000,0,2,256,25600000000,applied
25662000000,25660336000,1,0,256,25610000000,applied
25662000000,25660336000,1,2,256,25610000000,applied
25672000000,25670336000,2,0,256,25620000000,applied
25672000000,25670336000,2,1,256,25620000000,applied
25752000000,25750336000,0,1,257,25700000000,applied
25752000000,25750336000,0,2,257,25700000000,applied
25762000000,25760336000,1,0,257,25710000000,applied
25762000000,25760336000,1,2,257,25710000000,applied
25772000000,25770336000,2,0,257,25720000000,applied
25772000000,25770336000,2,1,257,25720000000,applied
25852000000,25850336000,0,1,258,25800000000,applied
25852000000,25850336000,0,2,258,25800000000,applied
25862000000,25860336000,1,0,258,25810000000,applied
25862000000,25860336000,1,2,258,25810000000,applied
25872000000,25870336000,2,0,258,25820000000,applied
25872000000,25870336000,2,1,258,25820000000,applied
25952000000,25950336000,0,1,259,25900000000,applied
25952000000,25950336000,0,2,259,25900000000,applied
25962000000,25960336000,1,0,259,25910000000,applied
25962000000,25960336000,1,2,259,25910000000,applied
25972000000,25970336000,2,0,259,25920000000,applied
25972000000,25970336000,2,1,259,25920000000,applied
26052000000,26050336000,0,1,260,26000000000,applied
26052000000,26050336000,0,2,260,26000000000,applied
26062000000,26060336000,1,0,260,26010000000,applied
26062000000,26060336000,1,2,260,26010000000,applied
26072000000,26070336000,2,0,260,26020000000,applied
26072000000,26070336000,2,1,260,26020000000,applied
26152000000,26150336000,0,1,261,26100000000,applied
26152000000,26150336000,0,2,261,26100000000,applied
26162000000,26160336000,1,0,261,26110000000,applied
26162000000,26160336000,1,2,261,26110000000,applied
26172000000,26170336000,2,0,261,26120000000,applied
26172000000,26170336000,2,1,261,26120000000,applied
26252000000,26250336000,0,1,262,26200000000,applied
26252000000,26250336000,0,2,262,26200000000,applied
26262000000,26260336000,1,0,262,26210000000,applied
26262000000,26260336000,1,2,262,26210000000,applied
26272000000,26270336000,2,0,262,26220000000,applied
26272000000,26270336000,2,1,262,26220000000,applied
26352000000,26350336000,0,1,263,26300000000,applied
26352000000,26350336000,0,2,263,26300000000,applied
26362000000,26360336000,1,0,263,26310000000,applied
26362000000,26360336000,1,2,263,26310000000,applied
26372000000,26370336000,2,0,263,26320000000,applied
26372000000,26370336000,2,1,263,26320000000,applied
26452000000,26450336000,0,1,264,26400000000,applied
26452000000,26450336000,0,2,264,26400000000,applied
26462000000,26460336000,1,0,264,26410000000,applied
26462000000,26460336000,1,2,264,26410000000,applied
26472000000,26470336000,2,0,264,26420000000,applied
26472000000,26470336000,2,1,264,26420000000,applied
26552000000,26550336000,0,1,265,26500000000,applied
26552000000,26550336000,0,2,265,26500000000,applied
26562000000,26560336000,1,0,265,26510000000,applied
26562000000,26560336000,1,2,265,26510000000,applied
26572000000,26570336000,2,0,265,26520000000,applied
26572000000,26570336000,2,1,265,26520000000,applied
26652000000,26650336000,0,1,266,26600000000,applied
26652000000,26650336000,0,2,266,26600000000,applied
26662000000,26660336000,1,0,266,26610000000,applied
26662000000,26660336000,1,2,266,26610000000,applied
26672000000,26670336000,2,0,266,26620000000,applied
26672000000,26670336000,2,1,266,26620000000,applied
26752000000,26750336000,0,1,267,26700000000,applied
26752000000,26750336000,0,2,267,26700000000,applied
26762000000,26760336000,1,0,267,26710000000,applied
26762000000,26760336000,1,2,267,26710000000,applied
26772000000,26770336000,2,0,267,26720000000,applied
26772000000,26770336000,2,1,267,26720000000,applied
26852000000,26850336000,0,1,268,26800000000,applied
26852000000,26850336000,0,2,268,26800000000,applied
26862000000,26860336000,1,0,268,26810000000,applied
26862000000,26860336000,1,2,268,26810000000,applied
26872000000,26870336000,2,0,268,26820000000,applied
26872000000,26870336000,2,1,268,26820000000,applied
26952000000,26950336000,0,1,269,26900000000,applied
26952000000,26950336000,0,2,269,26900000000,applied
26962000000,26960336000,1,0,269,26910000000,applied
26962000000,26960336000,1,2,269,26910000000,applied
26972000000,26970336000,2,0,269,26920000000,applied
26972000000,26970336000,2,1,269,26920000000,applied
27052000000,27050336000,0,1,270,27000000000,applied
27052000000,27050336000,0,2,270,27000000000,applied
27062000000,27060336000,1,0,270,27010000000,applied
27062000000,27060336000,1,2,270,27010000000,applied
27072000000,27070336000,2,0,270,27020000000,applied
27072000000,27070336000,2,1,270,27020000000,applied
27152000000,27150336000,0,1,271,27100000000,applied
27152000000,27150336000,0,2,271,27100000000,applied
27162000000,27160336000,1,0,271,27110000000,applied
27162000000,27160336000,1,2,271,27110000000,applied
27172000000,27170336000,2,0,271,27120000000,applied
27172000000,27170336000,2,1,271,27120000000,applied
27252000000,27250336000,0,1,272,27200000000,applied
27252000000,27250336000,0,2,272,27200000000,applied
27262000000,27260336000,1,0,272,27210000000,applied
27262000000,27260336000,1,2,272,27210000000,applied
27272000000,27270336000,2,0,272,27220000000,applied
27272000000,27270336000,2,1,272,27220000000,applied
27352000000,27350336000,0,1,273,27300000000,applied
27352000000,27350336000,0,2,273,27300000000,applied
27362000000,27360336000,1,0,273,27310000000,applied
27362000000,27360336000,1,2,273,27310000000,applied
27372000000,27370336000,2,0,273,27320000000,applied
27372000000,27370336000,2,1,273,27320000000,applied
27452000000,27450336000,0,1,274,27400000000,applied
27452000000,27450336000,0,2,274,27400000000,applied
27462000000,27460336000,1,0,274,27410000000,applied
27462000000,27460336000,1,2,274,27410000000,applied
27472000000,27470336000,2,0,274,27420000000,applied
27472000000,27470336000,2,1,274,27420000000,applied
27552000000,27550336000,0,1,275,27500000000,applied
27552000000,27550336000,0,2,275,27500000000,applied
27562000000,27560336000,1,0,275,27510000000,applied
27562000000,27560336000,1,2,275,27510000000,applied
27572000000,27570336000,2,0,275,27520000000,applied
27572000000,27570336000,2,1,275,27520000000,applied
27652000000,27650336000,0,1,276,27600000000,applied
27652000000,27650336000,0,2,276,27600000000,applied
27662000000,27660336000,1,0,276,27610000000,applied
27662000000,27660336000,1,2,276,27610000000,applied
27672000000,27670336000,2,0,276,27620000000,applied
27672000000,27670336000,2,1,276,27620000000,applied
27752000000,27750336000,0,1,277,27700000000,applied
27752000000,27750336000,0,2,277,27700000000,applied
27762000000,27760336000,1,0,277,27710000000,applied
27762000000,27760336000,1,2,277,27710000000,applied
27772000000,27770336000,2,0,277,27720000000,applied
27772000000,27770336000,2,1,277,27720000000,applied
27852000000,27850336000,0,1,278,27800000000,applied
27852000000,27850336000,0,2,278,27800000000,applied
27862000000,27860336000,1,0,278,27810000000,applied
27862000000,27860336000,1,2,278,27810000000,applied
27872000000,27870336000,2,0,278,27820000000,applied
27872000000,27870336000,2,1,278,27820000000,applied
27952000000,27950336000,0,1,279,27900000000,applied
27952000000,27950336000,0,2,279,27900000000,applied
27962000000,27960336000,1,0,279,27910000000,applied
27962000000,27960336000,1,2,279,27910000000,applied
27972000000,27970336000,2,0,279,27920000000,applied
27972000000,27970336000,2,1,279,27920000000,applied
28052000000,28050336000,0,1,280,28000000000,applied
28052000000,28050336000,0,2,280,28000000000,applied
28062000000,28060336000,1,0,280,28010000000,applied
28062000000,28060336000,1,2,280,28010000000,applied
28072000000,28070336000,2,0,280,28020000000,applied
28072000000,28070336000,2,1,280,28020000000,applied
28152000000,28150336000,0,1,281,28100000000,applied
28152000000,28150336000,0,2,281,28100000000,applied
28162000000,28160336000,1,0,281,28110000000,applied
28162000000,28160336000,1,2,281,28110000000,applied
28172000000,28170336000,2,0,281,28120000000,applied
28172000000,28170336000,2,1,281,28120000000,applied
28252000000,28250336000,0,1,282,28200000000,applied
28252000000,28250336000,0,2,282,28200000000,applied
28262000000,28260336000,1,0,282,28210000000,applied
28262000000,28260336000,1,2,282,28210000000,applied
28272000000,28270336000,2,0,282,28220000000,applied
28272000000,28270336000,2,1,282,28220000000,applied
28352000000,28350336000,0,1,283,28300000000,applied
28352000000,28350336000,0,2,283,28300000000,applied
28362000000,28360336000,1,0,283,28310000000,applied
28362000000,28360336000,1,2,283,28310000000,applied
28372000000,28370336000,2,0,283,28320000000,applied
28372000000,28370336000,2,1,283,28320000000,applied
28452000000,28450336000,0,1,284,28400000000,applied
28452000000,28450336000,0,2,284,28400000000,applied
28462000000,28460336000,1,0,284,28410000000,applied
28462000000,28460336000,1,2,284,28410000000,applied
28472000000,28470336000,2,0,284,28420000000,applied
28472000000,28470336000,2,1,284,28420000000,applied
28552000000,28550336000,0,1,285,28500000000,applied
28552000000,28550336000,0,2,285,28500000000,applied
28562000000,28560336000,1,0,285,28510000000,applied
28562000000,28560336000,1,2,285,28510000000,applied
28572000000,28570336000,2,0,285,28520000000,applied
28572000000,28570336000,2,1,285,28520000000,applied
28652000000,28650336000,0,1,286,28600000000,applied
28652000000,28650336000,0,2,286,28600000000,applied
28662000000,28660336000,1,0,286,28610000000,applied
28662000000,28660336000,1,2,286,28610000000,applied
28672000000,28670336000,2,0,286,28620000000,applied
28672000000,28670336000,2,1,286,28620000000,applied
28752000000,28750336000,0,1,287,28700000000,applied
28752000000,28750336000,0,2,287,28700000000,applied
28762000000,28760336000,1,0,287,28710000000,applied
28762000000,28760336000,1,2,287,28710000000,applied
28772000000,28770336000,2,0,287,28720000000,applied
28772000000,28770336000,2,1,287,28720000000,applied
28852000000,28850336000,0,1,288,28800000000,applied
28852000000,28850336000,0,2,288,28800000000,applied
28862000000,28860336000,1,0,288,28810000000,applied
28862000000,28860336000,1,2,288,28810000000,applied
28872000000,28870336000,2,0,288,28820000000,applied
28872000000,28870336000,2,1,288,28820000000,applied
28952000000,28950336000,0,1,289,28900000000,applied
28952000000,28950336000,0,2,289,28900000000,applied
28962000000,28960336000,1,0,289,28910000000,applied
28962000000,28960336000,1,2,289,28910000000,applied
28972000000,28970336000,2,0,289,28920000000,applied
28972000000,28970336000,2,1,289,28920000000,applied
29052000000,29050336000,0,1,290,29000000000,applied
29052000000,29050336000,0,2,290,29000000000,applied
29062000000,29060336000,1,0,290,29010000000,applied
29062000000,29060336000,1,2,290,29010000000,applied
29072000000,29070336000,2,0,290,29020000000,applied
29072000000,29070336000,2,1,290,29020000000,applied
29152000000,29150336000,0,1,291,29100000000,applied
29152000000,29150336000,0,2,291,29100000000,applied
29162000000,29160336000,1,0,291,29110000000,applied
29162000000,29160336000,1,2,291,29110000000,applied
29172000000,29170336000,2,0,291,29120000000,applied
29172000000,29170336000,2,1,291,29120000000,applied
29252000000,29250336000,0,1,292,29200000000,applied
29252000000,29250336000,0,2,292,29200000000,applied
29262000000,29260336000,1,0,292,29210000000,applied
29262000000,29260336000,1,2,292,29210000000,applied
29272000000,29270336000,2,0,292,29220000000,applied
29272000000,29270336000,2,1,292,29220000000,applied
29352000000,29350336000,0,1,293,29300000000,applied
29352000000,29350336000,0,2,293,29300000000,applied
29362000000,29360336000,1,0,293,29310000000,applied
29362000000,29360336000,1,2,293,29310000000,applied
29372000000,29370336000,2,0,293,29320000000,applied
29372000000,29370336000,2,1,293,29320000000,applied
29452000000,29450336000,0,1,294,29400000000,applied
29452000000,29450336000,0,2,294,29400000000,applied
29462000000,29460336000,1,0,294,29410000000,applied
29462000000,29460336000,1,2,294,29410000000,applied
29472000000,29470336000,2,0,294,29420000000,applied
29472000000,29470336000,2,1,294,29420000000,applied
29552000000,29550336000,0,1,295,29500000000,applied
29552000000,29550336000,0,2,295,29500000000,applied
29562000000,29560336000,1,0,295,29510000000,applied
29562000000,29560336000,1,2,295,29510000000,applied
29572000000,29570336000,2,0,295,29520000000,applied
29572000000,29570336000,2,1,295,29520000000,applied
29652000000,29650336000,0,1,296,29600000000,applied
29652000000,29650336000,0,2,296,29600000000,applied
29662000000,29660336000,1,0,296,29610000000,applied
29662000000,29660336000,1,2,296,29610000000,applied
29672000000,29670336000,2,0,296,29620000000,applied
29672000000,29670336000,2,1,296,29620000000,applied
29752000000,29750336000,0,1,297,29700000000,applied
29752000000,29750336000,0,2,297,29700000000,applied
29762000000,29760336000,1,0,297,29710000000,applied
29762000000,29760336000,1,2,297,29710000000,applied
29772000000,29770336000,2,0,297,29720000000,applied
29772000000,29770336000,2,1,297,29720000000,applied
29852000000,29850336000,0,1,298,29800000000,applied
29852000000,29850336000,0,2,298,29800000000,applied
29862000000,29860336000,1,0,298,29810000000,applied
29862000000,29860336000,1,2,298,29810000000,applied
29872000000,29870336000,2,0,298,29820000000,applied
29872000000,29870336000,2,1,298,29820000000,applied
29952000000,29950336000,0,1,299,29900000000,applied
29952000000,29950336000,0,2,299,29900000000,applied
29962000000,29960336000,1,0,299,29910000000,applied
29962000000,29960336000,1,2,299,29910000000,applied
29972000000,29970336000,2,0,299,29920000000,applied
29972000000,29970336000,2,1,299,29920000000,applied
30052000000,30050336000,0,1,300,30000000000,applied
30052000000,30050336000,0,2,300,30000000000,applied
30062000000,30060336000,1,0,300,30010000000,applied
30062000000,30060336000,1,2,300,30010000000,applied
30072000000,30070336000,2,0,300,30020000000,applied
30072000000,30070336000,2,1,300,30020000000,applied
30152000000,30150336000,0,1,301,30100000000,applied
30152000000,30150336000,0,2,301,30100000000,applied
30162000000,30160336000,1,0,301,30110000000,applied
30162000000,30160336000,1,2,301,30110000000,applied
30172000000,30170336000,2,0,301,30120000000,applied
30172000000,30170336000,2,1,301,30120000000,applied
30252000000,30250336000,0,1,302,30200000000,applied
30252000000,30250336000,0,2,302,30200000000,applied
30262000000,30260336000,1,0,302,30210000000,applied
30262000000,30260336000,1,2,302,30210000000,applied
30272000000,30270336000,2,0,302,30220000000,applied
30272000000,30270336000,2,1,302,30220000000,applied
30352000000,30350336000,0,1,303,30300000000,applied
30352000000,30350336000,0,2,303,30300000000,applied
30362000000,30360336000,1,0,303,30310000000,applied
30362000000,30360336000,1,2,303,30310000000,applied
30372000000,30370336000,2,0,303,30320000000,applied
30372000000,30370336000,2,1,303,30320000000,applied
30452000000,30450336000,0,1,304,30400000000,applied
30452000000,30450336000,0,2,304,30400000000,applied
30462000000,30460336000,1,0,304,30410000000,applied
30462000000,30460336000,1,2,304,30410000000,applied
30472000000,30470336000,2,0,304,30420000000,applied
30472000000,30470336000,2,1,304,30420000000,applied
30552000000,30550336000,0,1,305,30500000000,applied
30552000000,30550336000,0,2,305,30500000000,applied
30562000000,30560336000,1,0,305,30510000000,applied
30562000000,30560336000,1,2,305,30510000000,applied
30572000000,30570336000,2,0,305,30520000000,applied
30572000000,30570336000,2,1,305,30520000000,applied
30652000000,30650336000,0,1,306,30600000000,applied
30652000000,30650336000,0,2,306,30600000000,applied
30662000000,30660336000,1,0,306,30610000000,applied
30662000000,30660336000,1,2,306,30610000000,applied
30672000000,30670336000,2,0,306,30620000000,applied
30672000000,30670336000,2,1,306,30620000000,applied
30752000000,30750336000,0,1,307,30700000000,applied
30752000000,30750336000,0,2,307,30700000000,applied
30762000000,30760336000,1,0,307,30710000000,applied
30762000000,30760336000,1,2,307,30710000000,applied
30772000000,30770336000,2,0,307,30720000000,applied
30772000000,30770336000,2,1,307,30720000000,applied
30852000000,30850336000,0,1,308,30800000000,applied
30852000000,30850336000,0,2,308,30800000000,applied
30862000000,30860336000,1,0,308,30810000000,applied
30862000000,30860336000,1,2,308,30810000000,applied
30872000000,30870336000,2,0,308,30820000000,applied
30872000000,30870336000,2,1,308,30820000000,applied
30952000000,30950336000,0,1,309,30900000000,applied
30952000000,30950336000,0,2,309,30900000000,applied
30962000000,30960336000,1,0,309,30910000000,applied
30962000000,30960336000,1,2,309,30910000000,applied
30972000000,30970336000,2,0,309,30920000000,applied
30972000000,30970336000,2,1,309,30920000000,applied
31052000000,31050336000,0,1,310,31000000000,applied
31052000000,31050336000,0,2,310,31000000000,applied
31062000000,31060336000,1,0,310,31010000000,applied
31062000000,31060336000,1,2,310,31010000000,applied
31072000000,31070336000,2,0,310,31020000000,applied
31072000000,31070336000,2,1,310,31020000000,applied
31152000000,31150336000,0,1,311,31100000000,applied
31152000000,31150336000,0,2,311,31100000000,applied
31162000000,31160336000,1,0,311,31110000000,applied
31162000000,31160336000,1,2,311,31110000000,applied
31172000000,31170336000,2,0,311,31120000000,applied
31172000000,31170336000,2,1,311,31120000000,applied
31252000000,31250336000,0,1,312,31200000000,applied
31252000000,31250336000,0,2,312,31200000000,applied
31262000000,31260336000,1,0,312,31210000000,applied
31262000000,31260336000,1,2,312,31210000000,applied
31272000000,31270336000,2,0,312,31220000000,applied
31272000000,31270336000,2,1,312,31220000000,applied
31352000000,31350336000,0,1,313,31300000000,applied
31352000000,31350336000,0,2,313,31300000000,applied
31362000000,31360336000,1,0,313,31310000000,applied
31362000000,31360336000,1,2,313,31310000000,applied
31372000000,31370336000,2,0,313,31320000000,applied
31372000000,31370336000,2,1,313,31320000000,applied
31452000000,31450336000,0,1,314,31400000000,applied
31452000000,31450336000,0,2,314,31400000000,applied
31462000000,31460336000,1,0,314,31410000000,applied
31462000000,31460336000,1,2,314,31410000000,applied
31472000000,31470336000,2,0,314,31420000000,applied
31472000000,31470336000,2,1,314,31420000000,applied
31552000000,31550336000,0,1,315,31500000000,applied
31552000000,31550336000,0,2,315,31500000000,applied
31562000000,31560336000,1,0,315,31510000000,applied
31562000000,31560336000,1,2,315,31510000000,applied
31572000000,31570336000,2,0,315,31520000000,applied
31572000000,31570336000,2,1,315,31520000000,applied
31652000000,31650336000,0,1,316,31600000000,applied
31652000000,31650336000,0,2,316,31600000000,applied
31662000000,31660336000,1,0,316,31610000000,applied
31662000000,31660336000,1,2,316,31610000000,applied
31672000000,31670336000,2,0,316,31620000000,applied
31672000000,31670336000,2,1,316,31620000000,applied
31752000000,31750336000,0,1,317,31700000000,applied
31752000000,31750336000,0,2,317,31700000000,applied
31762000000,31760336000,1,0,317,31710000000,applied
31762000000,31760336000,1,2,317,31710000000,applied
31772000000,31770336000,2,0,317,31720000000,applied
31772000000,31770336000,2,1,317,31720000000,applied
31852000000,31850336000,0,1,318,31800000000,applied
31852000000,31850336000,0,2,318,31800000000,applied
31862000000,31860336000,1,0,318,31810000000,applied
31862000000,31860336000,1,2,318,31810000000,applied
31872000000,31870336000,2,0,318,31820000000,applied
31872000000,31870336000,2,1,318,31820000000,applied
31952000000,31950336000,0,1,319,31900000000,applied
31952000000,31950336000,0,2,319,31900000000,applied
31962000000,31960336000,1,0,319,31910000000,applied
31962000000,31960336000,1,2,319,31910000000,applied
31972000000,31970336000,2,0,319,31920000000,applied
31972000000,31970336000,2,1,319,31920000000,applied
32052000000,32050336000,0,1,320,32000000000,applied
32052000000,32050336000,0,2,320,32000000000,applied
32062000000,32060336000,1,0,320,32010000000,applied
32062000000,32060336000,1,2,320,32010000000,applied
32072000000,32070336000,2,0,320,32020000000,applied
32072000000,32070336000,2,1,320,32020000000,applied
32152000000,32150336000,0,1,321,32100000000,applied
32152000000,32150336000,0,2,321,32100000000,applied
32162000000,32160336000,1,0,321,32110000000,applied
32162000000,32160336000,1,2,321,32110000000,applied
32172000000,32170336000,2,0,321,32120000000,applied
32172000000,32170336000,2,1,321,32120000000,applied
32252000000,32250336000,0,1,322,32200000000,applied
32252000000,32250336000,0,2,322,32200000000,applied
32262000000,32260336000,1,0,322,32210000000,applied
32262000000,32260336000,1,2,322,32210000000,applied
32272000000,32270336000,2,0,322,32220000000,applied
32272000000,32270336000,2,1,322,32220000000,applied
32352000000,32350336000,0,1,323,32300000000,applied
32352000000,32350336000,0,2,323,32300000000,applied
32362000000,32360336000,1,0,323,32310000000,applied
32362000000,32360336000,1,2,323,32310000000,applied
32372000000,32370336000,2,0,323,32320000000,applied
32372000000,32370336000,2,1,323,32320000000,applied
32452000000,32450336000,0,1,324,32400000000,applied
32452000000,32450336000,0,2,324,32400000000,applied
32462000000,32460336000,1,0,324,32410000000,applied
32462000000,32460336000,1,2,324,32410000000,applied
32472000000,32470336000,2,0,324,32420000000,applied
32472000000,32470336000,2,1,324,32420000000,applied
32552000000,32550336000,0,1,325,32500000000,applied
32552000000,32550336000,0,2,325,32500000000,applied
32562000000,32560336000,1,0,325,32510000000,applied
32562000000,32560336000,1,2,325,32510000000,applied
32572000000,32570336000,2,0,325,32520000000,applied
32572000000,32570336000,2,1,325,32520000000,applied
32652000000,32650336000,0,1,326,32600000000,applied
32652000000,32650336000,0,2,326,32600000000,applied
32662000000,32660336000,1,0,326,32610000000,applied
32662000000,32660336000,1,2,326,32610000000,applied
32672000000,32670336000,2,0,326,32620000000,applied
32672000000,32670336000,2,1,326,32620000000,applied
32752000000,32750336000,0,1,327,32700000000,applied
32752000000,32750336000,0,2,327,32700000000,applied
32762000000,32760336000,1,0,327,32710000000,applied
32762000000,32760336000,1,2,327,32710000000,applied
32772000000,32770336000,2,0,327,32720000000,applied
32772000000,32770336000,2,1,327,32720000000,applied
32852000000,32850336000,0,1,328,32800000000,applied
32852000000,32850336000,0,2,328,32800000000,applied
32862000000,32860336000,1,0,328,32810000000,applied
32862000000,32860336000,1,2,328,32810000000,applied
32872000000,32870336000,2,0,328,32820000000,applied
32872000000,32870336000,2,1,328,32820000000,applied
32952000000,32950336000,0,1,329,32900000000,applied
32952000000,32950336000,0,2,329,32900000000,applied
32962000000,32960336000,1,0,329,32910000000,applied
32962000000,32960336000,1,2,329,32910000000,applied
32972000000,32970336000,2,0,329,32920000000,applied
32972000000,32970336000,2,1,329,32920000000,applied
33052000000,33050336000,0,1,330,33000000000,applied
33052000000,33050336000,0,2,330,33000000000,applied
33062000000,33060336000,1,0,330,33010000000,applied
33062000000,33060336000,1,2,330,33010000000,applied
33072000000,33070336000,2,0,330,33020000000,applied
33072000000,33070336000,2,1,330,33020000000,applied
33152000000,33150336000,0,1,331,33100000000,applied
33152000000,33150336000,0,2,331,33100000000,applied
33162000000,33160336000,1,0,331,33110000000,applied
33162000000,33160336000,1,2,331,33110000000,applied
33172000000,33170336000,2,0,331,33120000000,applied
33172000000,33170336000,2,1,331,33120000000,applied
33252000000,33250336000,0,1,332,33200000000,applied
33252000000,33250336000,0,2,332,33200000000,applied
33262000000,33260336000,1,0,332,33210000000,applied
33262000000,33260336000,1,2,332,33210000000,applied
33272000000,33270336000,2,0,332,33220000000,applied
33272000000,33270336000,2,1,332,33220000000,applied
33352000000,33350336000,0,1,333,33300000000,applied
33352000000,33350336000,0,2,333,33300000000,applied
33362000000,33360336000,1,0,333,33310000000,applied
33362000000,33360336000,1,2,333,33310000000,applied
33372000000,33370336000,2,0,333,33320000000,applied
33372000000,33370336000,2,1,333,33320000000,applied
33452000000,33450336000,0,1,334,33400000000,applied
33452000000,33450336000,0,2,334,33400000000,applied
33462000000,33460336000,1,0,334,33410000000,applied
33462000000,33460336000,1,2,334,33410000000,applied
33472000000,33470336000,2,0,334,33420000000,applied
33472000000,33470336000,2,1,334,33420000000,applied
33552000000,33550336000,0,1,335,33500000000,applied
33552000000,33550336000,0,2,335,33500000000,applied
33562000000,33560336000,1,0,335,33510000000,applied
33562000000,33560336000,1,2,335,33510000000,applied
33572000000,33570336000,2,0,335,33520000000,applied
33572000000,33570336000,2,1,335,33520000000,applied
33652000000,33650336000,0,1,336,33600000000,applied
33652000000,33650336000,0,2,336,33600000000,applied
33662000000,33660336000,1,0,336,33610000000,applied
33662000000,33660336000,1,2,336,33610000000,applied
33672000000,33670336000,2,0,336,33620000000,applied
33672000000,33670336000,2,1,336,33620000000,applied
33752000000,33750336000,0,1,337,33700000000,applied
33752000000,33750336000,0,2,337,33700000000,applied
33762000000,33760336000,1,0,337,33710000000,applied
33762000000,33760336000,1,2,337,33710000000,applied
33772000000,33770336000,2,0,337,33720000000,applied
33772000000,33770336000,2,1,337,33720000000,applied
33852000000,33850336000,0,1,338,33800000000,applied
33852000000,33850336000,0,2,338,33800000000,applied
33862000000,33860336000,1,0,338,33810000000,applied
33862000000,33860336000,1,2,338,33810000000,applied
33872000000,33870336000,2,0,338,33820000000,applied
33872000000,33870336000,2,1,338,33820000000,applied
33952000000,33950336000,0,1,339,33900000000,applied
33952000000,33950336000,0,2,339,33900000000,applied
33962000000,33960336000,1,0,339,33910000000,applied
33962000000,33960336000,1,2,339,33910000000,applied
33972000000,33970336000,2,0,339,33920000000,applied
33972000000,33970336000,2,1,339,33920000000,applied
34052000000,34050336000,0,1,340,34000000000,applied
34052000000,34050336000,0,2,340,34000000000,applied
34062000000,34060336000,1,0,340,34010000000,applied
34062000000,34060336000,1,2,340,34010000000,applied
34072000000,34070336000,2,0,340,34020000000,applied
34072000000,34070336000,2,1,340,34020000000,applied
34152000000,34150336000,0,1,341,34100000000,applied
34152000000,34150336000,0,2,341,34100000000,applied
34162000000,34160336000,1,0,341,34110000000,applied
34162000000,34160336000,1,2,341,34110000000,applied
34172000000,34170336000,2,0,341,34120000000,applied
34172000000,34170336000,2,1,341,34120000000,applied
34252000000,34250336000,0,1,342,34200000000,applied
34252000000,34250336000,0,2,342,34200000000,applied
34262000000,34260336000,1,0,342,34210000000,applied
34262000000,34260336000,1,2,342,34210000000,applied
34272000000,34270336000,2,0,342,34220000000,applied
34272000000,34270336000,2,1,342,34220000000,applied
34352000000,34350336000,0,1,343,34300000000,applied
34352000000,34350336000,0,2,343,34300000000,applied
34362000000,34360336000,1,0,343,34310000000,applied
34362000000,34360336000,1,2,343,34310000000,applied
34372000000,34370336000,2,0,343,34320000000,applied
34372000000,34370336000,2,1,343,34320000000,applied
34452000000,34450336000,0,1,344,34400000000,applied
34452000000,34450336000,0,2,344,34400000000,applied
34462000000,34460336000,1,0,344,34410000000,applied
34462000000,34460336000,1,2,344,34410000000,applied
34472000000,34470336000,2,0,344,34420000000,applied
34472000000,34470336000,2,1,344,34420000000,applied
34552000000,34550336000,0,1,345,34500000000,applied
34552000000,34550336000,0,2,345,34500000000,applied
34562000000,34560336000,1,0,345,34510000000,applied
34562000000,34560336000,1,2,345,34510000000,applied
34572000000,34570336000,2,0,345,34520000000,applied
34572000000,34570336000,2,1,345,34520000000,applied
34652000000,34650336000,0,1,346,34600000000,applied
34652000000,34650336000,0,2,346,34600000000,applied
34662000000,34660336000,1,0,346,34610000000,applied
34662000000,34660336000,1,2,346,34610000000,applied
34672000000,34670336000,2,0,346,34620000000,applied
34672000000,34670336000,2,1,346,34620000000,applied
34752000000,34750336000,0,1,347,34700000000,applied
34752000000,34750336000,0,2,347,34700000000,applied
34762000000,34760336000,1,0,347,34710000000,applied
34762000000,34760336000,1,2,347,34710000000,applied
34772000000,34770336000,2,0,347,34720000000,applied
34772000000,34770336000,2,1,347,34720000000,applied
34852000000,34850336000,0,1,348,34800000000,applied
34852000000,34850336000,0,2,348,34800000000,applied
34862000000,34860336000,1,0,348,34810000000,applied
34862000000,34860336000,1,2,348,34810000000,applied
34872000000,34870336000,2,0,348,34820000000,applied
34872000000,34870336000,2,1,348,34820000000,applied
34952000000,34950336000,0,1,349,34900000000,applied
34952000000,34950336000,0,2,349,34900000000,applied
34962000000,34960336000,1,0,349,34910000000,applied
34962000000,34960336000,1,2,349,34910000000,applied
34972000000,34970336000,2,0,349,34920000000,applied
34972000000,34970336000,2,1,349,34920000000,applied
35052000000,35050336000,0,1,350,35000000000,applied
35052000000,35050336000,0,2,350,35000000000,applied
35062000000,35060336000,1,0,350,35010000000,applied
35062000000,35060336000,1,2,350,35010000000,applied
35072000000,35070336000,2,0,350,35020000000,applied
35072000000,35070336000,2,1,350,35020000000,applied
35152000000,35150336000,0,1,351,35100000000,applied
35152000000,35150336000,0,2,351,35100000000,applied
35162000000,35160336000,1,0,351,35110000000,applied
35162000000,35160336000,1,2,351,35110000000,applied
35172000000,35170336000,2,0,351,35120000000,applied
35172000000,35170336000,2,1,351,35120000000,applied
35252000000,35250336000,0,1,352,35200000000,applied
35252000000,35250336000,0,2,352,35200000000,applied
35262000000,35260336000,1,0,352,35210000000,applied
35262000000,35260336000,1,2,352,35210000000,applied
35272000000,35270336000,2,0,352,35220000000,applied
35272000000,35270336000,2,1,352,35220000000,applied
35352000000,35350336000,0,1,353,35300000000,applied
35352000000,35350336000,0,2,353,35300000000,applied
35362000000,35360336000,1,0,353,35310000000,applied
35362000000,35360336000,1,2,353,35310000000,applied
35372000000,35370336000,2,0,353,35320000000,applied
35372000000,35370336000,2,1,353,35320000000,applied
35452000000,35450336000,0,1,354,35400000000,applied
35452000000,35450336000,0,2,354,35400000000,applied
35462000000,35460336000,1,0,354,35410000000,applied
35462000000,35460336000,1,2,354,35410000000,applied
35472000000,35470336000,2,0,354,35420000000,applied
35472000000,35470336000,2,1,354,35420000000,applied
35552000000,35550336000,0,1,355,35500000000,applied
35552000000,35550336000,0,2,355,35500000000,applied
35562000000,35560336000,1,0,355,35510000000,applied
35562000000,35560336000,1,2,355,35510000000,applied
35572000000,35570336000,2,0,355,35520000000,applied
35572000000,35570336000,2,1,355,35520000000,applied
35652000000,35650336000,0,1,356,35600000000,applied
35652000000,35650336000,0,2,356,35600000000,applied
35662000000,35660336000,1,0,356,35610000000,applied
35662000000,35660336000,1,2,356,35610000000,applied
35672000000,35670336000,2,0,356,35620000000,applied
35672000000,35670336000,2,1,356,35620000000,applied
35752000000,35750336000,0,1,357,35700000000,applied
35752000000,35750336000,0,2,357,35700000000,applied
35762000000,35760336000,1,0,357,35710000000,applied
35762000000,35760336000,1,2,357,35710000000,applied
35772000000,35770336000,2,0,357,35720000000,applied
35772000000,35770336000,2,1,357,35720000000,applied
35852000000,35850336000,0,1,358,35800000000,applied
35852000000,35850336000,0,2,358,35800000000,applied
35862000000,35860336000,1,0,358,35810000000,applied
35862000000,35860336000,1,2,358,35810000000,applied
35872000000,35870336000,2,0,358,35820000000,applied
35872000000,35870336000,2,1,358,35820000000,applied
35952000000,35950336000,0,1,359,35900000000,applied
35952000000,35950336000,0,2,359,35900000000,applied
35962000000,35960336000,1,0,359,35910000000,applied
35962000000,35960336000,1,2,359,35910000000,applied
35972000000,35970336000,2,0,359,35920000000,applied
35972000000,35970336000,2,1,359,35920000000,applied
36052000000,36050336000,0,1,360,36000000000,applied
36052000000,36050336000,0,2,360,36000000000,applied
36062000000,36060336000,1,0,360,36010000000,applied
36062000000,36060336000,1,2,360,36010000000,applied
36072000000,36070336000,2,0,360,36020000000,applied
36072000000,36070336000,2,1,360,36020000000,applied
36152000000,36150336000,0,1,361,36100000000,applied
36152000000,36150336000,0,2,361,36100000000,applied
36162000000,36160336000,1,0,361,36110000000,applied
36162000000,36160336000,1,2,361,36110000000,applied
36172000000,36170336000,2,0,361,36120000000,applied
36172000000,36170336000,2,1,361,36120000000,applied
36252000000,36250336000,0,1,362,36200000000,applied
36252000000,36250336000,0,2,362,36200000000,applied
36262000000,36260336000,1,0,362,36210000000,applied
36262000000,36260336000,1,2,362,36210000000,applied
36272000000,36270336000,2,0,362,36220000000,applied
36272000000,36270336000,2,1,362,36220000000,applied
36352000000,36350336000,0,1,363,36300000000,applied
36352000000,36350336000,0,2,363,36300000000,applied
36362000000,36360336000,1,0,363,36310000000,applied
36362000000,36360336000,1,2,363,36310000000,applied
36372000000,36370336000,2,0,363,36320000000,applied
36372000000,36370336000,2,1,363,36320000000,applied
36452000000,36450336000,0,1,364,36400000000,applied
36452000000,36450336000,0,2,364,36400000000,applied
36462000000,36460336000,1,0,364,36410000000,applied
36462000000,36460336000,1,2,364,36410000000,applied
36472000000,36470336000,2,0,364,36420000000,applied
36472000000,36470336000,2,1,364,36420000000,applied
36552000000,36550336000,0,1,365,36500000000,applied
36552000000,36550336000,0,2,365,36500000000,applied
36562000000,36560336000,1,0,365,36510000000,applied
36562000000,36560336000,1,2,365,36510000000,applied
36572000000,36570336000,2,0,365,36520000000,applied
36572000000,36570336000,2,1,365,36520000000,applied
36652000000,36650336000,0,1,366,36600000000,applied
36652000000,36650336000,0,2,366,36600000000,applied
36662000000,36660336000,1,0,366,36610000000,applied
36662000000,36660336000,1,2,366,36610000000,applied
36672000000,36670336000,2,0,366,36620000000,applied
36672000000,36670336000,2,1,366,36620000000,applied
36752000000,36750336000,0,1,367,36700000000,applied
36752000000,36750336000,0,2,367,36700000000,applied
36762000000,36760336000,1,0,367,36710000000,applied
36762000000,36760336000,1,2,367,36710000000,applied
36772000000,36770336000,2,0,367,36720000000,applied
36772000000,36770336000,2,1,367,36720000000,applied
36852000000,36850336000,0,1,368,36800000000,applied
36852000000,36850336000,0,2,368,36800000000,applied
36862000000,36860336000,1,0,368,36810000000,applied
36862000000,36860336000,1,2,368,36810000000,applied
36872000000,36870336000,2,0,368,36820000000,applied
36872000000,36870336000,2,1,368,36820000000,applied
36952000000,36950336000,0,1,369,36900000000,applied
36952000000,36950336000,0,2,369,36900000000,applied
36962000000,36960336000,1,0,369,36910000000,applied
36962000000,36960336000,1,2,369,36910000000,applied
36972000000,36970336000,2,0,369,36920000000,applied
36972000000,36970336000,2,1,369,36920000000,applied
37052000000,37050336000,0,1,370,37000000000,applied
37052000000,37050336000,0,2,370,37000000000,applied
37062000000,37060336000,1,0,370,37010000000,applied
37062000000,37060336000,1,2,370,37010000000,applied
37072000000,37070336000,2,0,370,37020000000,applied
37072000000,37070336000,2,1,370,37020000000,applied
37152000000,37150336000,0,1,371,37100000000,applied
37152000000,37150336000,0,2,371,37100000000,applied
37162000000,37160336000,1,0,371,37110000000,applied
37162000000,37160336000,1,2,371,37110000000,applied
37172000000,37170336000,2,0,371,37120000000,applied
37172000000,37170336000,2,1,371,37120000000,applied
37252000000,37250336000,0,1,372,37200000000,applied
37252000000,37250336000,0,2,372,37200000000,applied
37262000000,37260336000,1,0,372,37210000000,applied
37262000000,37260336000,1,2,372,37210000000,applied
37272000000,37270336000,2,0,372,37220000000,applied
37272000000,37270336000,2,1,372,37220000000,applied
37352000000,37350336000,0,1,373,37300000000,applied
37352000000,37350336000,0,2,373,37300000000,applied
37362000000,37360336000,1,0,373,37310000000,applied
37362000000,37360336000,1,2,373,37310000000,applied
37372000000,37370336000,2,0,373,37320000000,applied
37372000000,37370336000,2,1,373,37320000000,applied
37452000000,37450336000,0,1,374,37400000000,applied
37452000000,37450336000,0,2,374,37400000000,applied
37462000000,37460336000,1,0,374,37410000000,applied
37462000000,37460336000,1,2,374,37410000000,applied
37472000000,37470336000,2,0,374,37420000000,applied
37472000000,37470336000,2,1,374,37420000000,applied
37552000000,37550336000,0,1,375,37500000000,applied
37552000000,37550336000,0,2,375,37500000000,applied
37562000000,37560336000,1,0,375,37510000000,applied
37562000000,37560336000,1,2,375,37510000000,applied
37572000000,37570336000,2,0,375,37520000000,applied
37572000000,37570336000,2,1,375,37520000000,applied
37652000000,37650336000,0,1,376,37600000000,applied
37652000000,37650336000,0,2,376,37600000000,applied
37662000000,37660336000,1,0,376,37610000000,applied
37662000000,37660336000,1,2,376,37610000000,applied
37672000000,37670336000,2,0,376,37620000000,applied
37672000000,37670336000,2,1,376,37620000000,applied
37752000000,37750336000,0,1,377,37700000000,applied
37752000000,37750336000,0,2,377,37700000000,applied
37762000000,37760336000,1,0,377,37710000000,applied
37762000000,37760336000,1,2,377,37710000000,applied
37772000000,37770336000,2,0,377,37720000000,applied
37772000000,37770336000,2,1,377,37720000000,applied
37852000000,37850336000,0,1,378,37800000000,applied
37852000000,37850336000,0,2,378,37800000000,applied
37862000000,37860336000,1,0,378,37810000000,applied
37862000000,37860336000,1,2,378,37810000000,applied
37872000000,37870336000,2,0,378,37820000000,applied
37872000000,37870336000,2,1,378,37820000000,applied
37952000000,37950336000,0,1,379,37900000000,applied
37952000000,37950336000,0,2,379,37900000000,applied
37962000000,37960336000,1,0,379,37910000000,applied
37962000000,37960336000,1,2,379,37910000000,applied
37972000000,37970336000,2,0,379,37920000000,applied
37972000000,37970336000,2,1,379,37920000000,applied
38052000000,38050336000,0,1,380,38000000000,applied
38052000000,38050336000,0,2,380,38000000000,applied
38062000000,38060336000,1,0,380,38010000000,applied
38062000000,38060336000,1,2,380,38010000000,applied
38072000000,38070336000,2,0,380,38020000000,applied
38072000000,38070336000,2,1,380,38020000000,applied
38152000000,38150336000,0,1,381,38100000000,applied
38152000000,38150336000,0,2,381,38100000000,applied
38162000000,38160336000,1,0,381,38110000000,applied
38162000000,38160336000,1,2,381,38110000000,applied
38172000000,38170336000,2,0,381,38120000000,applied
38172000000,38170336000,2,1,381,38120000000,applied
38252000000,38250336000,0,1,382,38200000000,applied
38252000000,38250336000,0,2,382,38200000000,applied
38262000000,38260336000,1,0,382,38210000000,applied
38262000000,38260336000,1,2,382,38210000000,applied
38272000000,38270336000,2,0,382,38220000000,applied
38272000000,38270336000,2,1,382,38220000000,applied
38352000000,38350336000,0,1,383,38300000000,applied
38352000000,38350336000,0,2,383,38300000000,applied
38362000000,38360336000,1,0,383,38310000000,applied
38362000000,38360336000,1,2,383,38310000000,applied
38372000000,38370336000,2,0,383,38320000000,applied
38372000000,38370336000,2,1,383,38320000000,applied
38452000000,38450336000,0,1,384,38400000000,applied
38452000000,38450336000,0,2,384,38400000000,applied
38462000000,38460336000,1,0,384,38410000000,applied
38462000000,38460336000,1,2,384,38410000000,applied
38472000000,38470336000,2,0,384,38420000000,applied
38472000000,38470336000,2,1,384,38420000000,applied
38552000000,38550336000,0,1,385,38500000000,applied
38552000000,38550336000,0,2,385,38500000000,applied
38562000000,38560336000,1,0,385,38510000000,applied
38562000000,38560336000,1,2,385,38510000000,applied
38572000000,38570336000,2,0,385,38520000000,applied
38572000000,38570336000,2,1,385,38520000000,applied
38652000000,38650336000,0,1,386,38600000000,applied
38652000000,38650336000,0,2,386,38600000000,applied
38662000000,38660336000,1,0,386,38610000000,applied
38662000000,38660336000,1,2,386,38610000000,applied
38672000000,38670336000,2,0,386,38620000000,applied
38672000000,38670336000,2,1,386,38620000000,applied
38752000000,38750336000,0,1,387,38700000000,applied
38752000000,38750336000,0,2,387,38700000000,applied
38762000000,38760336000,1,0,387,38710000000,applied
38762000000,38760336000,1,2,387,38710000000,applied
38772000000,38770336000,2,0,387,38720000000,applied
38772000000,38770336000,2,1,387,38720000000,applied
38852000000,38850336000,0,1,388,38800000000,applied
38852000000,38850336000,0,2,388,38800000000,applied
38862000000,38860336000,1,0,388,38810000000,applied
38862000000,38860336000,1,2,388,38810000000,applied
38872000000,38870336000,2,0,388,38820000000,applied
38872000000,38870336000,2,1,388,38820000000,applied
38952000000,38950336000,0,1,389,38900000000,applied
38952000000,38950336000,0,2,389,38900000000,applied
38962000000,38960336000,1,0,389,38910000000,applied
38962000000,38960336000,1,2,389,38910000000,applied
38972000000,38970336000,2,0,389,38920000000,applied
38972000000,38970336000,2,1,389,38920000000,applied
39052000000,39050336000,0,1,390,39000000000,applied
39052000000,39050336000,0,2,390,39000000000,applied
39062000000,39060336000,1,0,390,39010000000,applied
39062000000,39060336000,1,2,390,39010000000,applied
39072000000,39070336000,2,0,390,39020000000,applied
39072000000,39070336000,2,1,390,39020000000,applied
39152000000,39150336000,0,1,391,39100000000,applied
39152000000,39150336000,0,2,391,39100000000,applied
39162000000,39160336000,1,0,391,39110000000,applied
39162000000,39160336000,1,2,391,39110000000,applied
39172000000,39170336000,2,0,391,39120000000,applied
39172000000,39170336000,2,1,391,39120000000,applied
39252000000,39250336000,0,1,392,39200000000,applied
39252000000,39250336000,0,2,392,39200000000,applied
39262000000,39260336000,1,0,392,39210000000,applied
39262000000,39260336000,1,2,392,39210000000,applied
39272000000,39270336000,2,0,392,39220000000,applied
39272000000,39270336000,2,1,392,39220000000,applied
39352000000,39350336000,0,1,393,39300000000,applied
39352000000,39350336000,0,2,393,39300000000,applied
39362000000,39360336000,1,0,393,39310000000,applied
39362000000,39360336000,1,2,393,39310000000,applied
39372000000,39370336000,2,0,393,39320000000,applied
39372000000,39370336000,2,1,393,39320000000,applied
39452000000,39450336000,0,1,394,39400000000,applied
39452000000,39450336000,0,2,394,39400000000,applied
39462000000,39460336000,1,0,394,39410000000,applied
39462000000,39460336000,1,2,394,39410000000,applied
39472000000,39470336000,2,0,394,39420000000,applied
39472000000,39470336000,2,1,394,39420000000,applied
39552000000,39550336000,0,1,395,39500000000,applied
39552000000,39550336000,0,2,395,39500000000,applied
39562000000,39560336000,1,0,395,39510000000,applied
39562000000,39560336000,1,2,395,39510000000,applied
39572000000,39570336000,2,0,395,39520000000,applied
39572000000,39570336000,2,1,395,39520000000,applied
39652000000,39650336000,0,1,396,39600000000,applied
39652000000,39650336000,0,2,396,39600000000,applied
39662000000,39660336000,1,0,396,39610000000,applied
39662000000,39660336000,1,2,396,39610000000,applied
39672000000,39670336000,2,0,396,39620000000,applied
39672000000,39670336000,2,1,396,39620000000,applied
39752000000,39750336000,0,1,397,39700000000,applied
39752000000,39750336000,0,2,397,39700000000,applied
39762000000,39760336000,1,0,397,39710000000,applied
39762000000,39760336000,1,2,397,39710000000,applied
39772000000,39770336000,2,0,397,39720000000,applied
39772000000,39770336000,2,1,397,39720000000,applied
39852000000,39850336000,0,1,398,39800000000,applied
39852000000,39850336000,0,2,398,39800000000,applied
39862000000,39860336000,1,0,398,39810000000,applied
39862000000,39860336000,1,2,398,39810000000,applied
39872000000,39870336000,2,0,398,39820000000,applied
39872000000,39870336000,2,1,398,39820000000,applied
39952000000,39950336000,0,1,399,39900000000,applied
39952000000,39950336000,0,2,399,39900000000,applied
39962000000,39960336000,1,0,399,39910000000,applied
39962000000,39960336000,1,2,399,39910000000,applied
39972000000,39970336000,2,0,399,39920000000,applied
39972000000,39970336000,2,1,399,39920000000,applied
40052000000,40050336000,0,1,400,40000000000,applied
40052000000,40050336000,0,2,400,40000000000,applied
40062000000,40060336000,1,0,400,40010000000,applied
40062000000,40060336000,1,2,400,40010000000,applied
40072000000,40070336000,2,0,400,40020000000,applied
40072000000,40070336000,2,1,400,40020000000,applied
40152000000,40150336000,0,1,401,40100000000,applied
40152000000,40150336000,0,2,401,40100000000,applied
40162000000,40160336000,1,0,401,40110000000,applied
40162000000,40160336000,1,2,401,40110000000,applied
40172000000,40170336000,2,0,401,40120000000,applied
40172000000,40170336000,2,1,401,40120000000,applied
40252000000,40250336000,0,1,402,40200000000,applied
40252000000,40250336000,0,2,402,40200000000,applied
40262000000,40260336000,1,0,402,40210000000,applied
40262000000,40260336000,1,2,402,40210000000,applied
40272000000,40270336000,2,0,402,40220000000,applied
40272000000,40270336000,2,1,402,40220000000,applied
40352000000,40350336000,0,1,403,40300000000,applied
40352000000,40350336000,0,2,403,40300000000,applied
40362000000,40360336000,1,0,403,40310000000,applied
40362000000,40360336000,1,2,403,40310000000,applied
40372000000,40370336000,2,0,403,40320000000,applied
40372000000,40370336000,2,1,403,40320000000,applied
40452000000,40450336000,0,1,404,40400000000,applied
40452000000,40450336000,0,2,404,40400000000,applied
40462000000,40460336000,1,0,404,40410000000,applied
40462000000,40460336000,1,2,404,40410000000,applied
40472000000,40470336000,2,0,404,40420000000,applied
40472000000,40470336000,2,1,404,40420000000,applied
40552000000,40550336000,0,1,405,40500000000,applied
40552000000,40550336000,0,2,405,40500000000,applied
40562000000,40560336000,1,0,405,40510000000,applied
40562000000,40560336000,1,2,405,40510000000,applied
40572000000,40570336000,2,0,405,40520000000,applied
40572000000,40570336000,2,1,405,40520000000,applied
40652000000,40650336000,0,1,406,40600000000,applied
40652000000,40650336000,0,2,406,40600000000,applied
40662000000,40660336000,1,0,406,40610000000,applied
40662000000,40660336000,1,2,406,40610000000,applied
40672000000,40670336000,2,0,406,40620000000,applied
40672000000,40670336000,2,1,406,40620000000,applied
40752000000,40750336000,0,1,407,40700000000,applied
40752000000,40750336000,0,2,407,40700000000,applied
40762000000,40760336000,1,0,407,40710000000,applied
40762000000,40760336000,1,2,407,40710000000,applied
40772000000,40770336000,2,0,407,40720000000,applied
40772000000,40770336000,2,1,407,40720000000,applied
40852000000,40850336000,0,1,408,40800000000,applied
40852000000,40850336000,0,2,408,40800000000,applied
40862000000,40860336000,1,0,408,40810000000,applied
40862000000,40860336000,1,2,408,40810000000,applied
40872000000,40870336000,2,0,408,40820000000,applied
40872000000,40870336000,2,1,408,40820000000,applied
40952000000,40950336000,0,1,409,40900000000,applied
40952000000,40950336000,0,2,409,40900000000,applied
40962000000,40960336000,1,0,409,40910000000,applied
40962000000,40960336000,1,2,409,40910000000,applied
40972000000,40970336000,2,0,409,40920000000,applied
40972000000,40970336000,2,1,409,40920000000,applied
41052000000,41050336000,0,1,410,41000000000,applied
41052000000,41050336000,0,2,410,41000000000,applied
41062000000,41060336000,1,0,410,41010000000,applied
41062000000,41060336000,1,2,410,41010000000,applied
41072000000,41070336000,2,0,410,41020000000,applied
41072000000,41070336000,2,1,410,41020000000,applied
41152000000,41150336000,0,1,411,41100000000,applied
41152000000,41150336000,0,2,411,41100000000,applied
41162000000,41160336000,1,0,411,41110000000,applied
41162000000,41160336000,1,2,411,41110000000,applied
41172000000,41170336000,2,0,411,41120000000,applied
41172000000,41170336000,2,1,411,41120000000,applied
41252000000,41250336000,0,1,412,41200000000,applied
41252000000,41250336000,0,2,412,41200000000,applied
41262000000,41260336000,1,0,412,41210000000,applied
41262000000,41260336000,1,2,412,41210000000,applied
41272000000,41270336000,2,0,412,41220000000,applied
41272000000,41270336000,2,1,412,41220000000,applied
41352000000,41350336000,0,1,413,41300000000,applied
41352000000,41350336000,0,2,413,41300000000,applied
41362000000,41360336000,1,0,413,41310000000,applied
41362000000,41360336000,1,2,413,41310000000,applied
41372000000,41370336000,2,0,413,41320000000,applied
41372000000,41370336000,2,1,413,41320000000,applied
41452000000,41450336000,0,1,414,41400000000,applied
41452000000,41450336000,0,2,414,41400000000,applied
41462000000,41460336000,1,0,414,41410000000,applied
41462000000,41460336000,1,2,414,41410000000,applied
41472000000,41470336000,2,0,414,41420000000,applied
41472000000,41470336000,2,1,414,41420000000,applied
41552000000,41550336000,0,1,415,41500000000,applied
41552000000,41550336000,0,2,415,41500000000,applied
41562000000,41560336000,1,0,415,41510000000,applied
41562000000,41560336000,1,2,415,41510000000,applied
41572000000,41570336000,2,0,415,41520000000,applied
41572000000,41570336000,2,1,415,41520000000,applied
41652000000,41650336000,0,1,416,41600000000,applied
41652000000,41650336000,0,2,416,41600000000,applied
41662000000,41660336000,1,0,416,41610000000,applied
41662000000,41660336000,1,2,416,41610000000,applied
41672000000,41670336000,2,0,416,41620000000,applied
41672000000,41670336000,2,1,416,41620000000,applied
41752000000,41750336000,0,1,417,41700000000,applied
41752000000,41750336000,0,2,417,41700000000,applied
41762000000,41760336000,1,0,417,41710000000,applied
41762000000,41760336000,1,2,417,41710000000,applied
41772000000,41770336000,2,0,417,41720000000,applied
41772000000,41770336000,2,1,417,41720000000,applied
41852000000,41850336000,0,1,418,41800000000,applied
41852000000,41850336000,0,2,418,41800000000,applied
41862000000,41860336000,1,0,418,41810000000,applied
41862000000,41860336000,1,2,418,41810000000,applied
41872000000,41870336000,2,0,418,41820000000,applied
41872000000,41870336000,2,1,418,41820000000,applied
41952000000,41950336000,0,1,419,41900000000,applied
41952000000,41950336000,0,2,419,41900000000,applied
41962000000,41960336000,1,0,419,41910000000,applied
41962000000,41960336000,1,2,419,41910000000,applied
41972000000,41970336000,2,0,419,41920000000,applied
41972000000,41970336000,2,1,419,41920000000,applied
42052000000,42050336000,0,1,420,42000000000,applied
42052000000,42050336000,0,2,420,42000000000,applied
42062000000,42060336000,1,0,420,42010000000,applied
42062000000,42060336000,1,2,420,42010000000,applied
42072000000,42070336000,2,0,420,42020000000,applied
42072000000,42070336000,2,1,420,42020000000,applied
42152000000,42150336000,0,1,421,42100000000,applied
42152000000,42150336000,0,2,421,42100000000,applied
42162000000,42160336000,1,0,421,42110000000,applied
42162000000,42160336000,1,2,421,42110000000,applied
42172000000,42170336000,2,0,421,42120000000,applied
42172000000,42170336000,2,1,421,42120000000,applied
42252000000,42250336000,0,1,422,42200000000,applied
42252000000,42250336000,0,2,422,42200000000,applied
42262000000,42260336000,1,0,422,42210000000,applied
42262000000,42260336000,1,2,422,42210000000,applied
42272000000,42270336000,2,0,422,42220000000,applied
42272000000,42270336000,2,1,422,42220000000,applied
42352000000,42350336000,0,1,423,42300000000,applied
42352000000,42350336000,0,2,423,42300000000,applied
42362000000,42360336000,1,0,423,42310000000,applied
42362000000,42360336000,1,2,423,42310000000,applied
42372000000,42370336000,2,0,423,42320000000,applied
42372000000,42370336000,2,1,423,42320000000,applied
42452000000,42450336000,0,1,424,42400000000,applied
42452000000,42450336000,0,2,424,42400000000,applied
42462000000,42460336000,1,0,424,42410000000,applied
42462000000,42460336000,1,2,424,42410000000,applied
42472000000,42470336000,2,0,424,42420000000,applied
42472000000,42470336000,2,1,424,42420000000,applied
42552000000,42550336000,0,1,425,42500000000,applied
42552000000,42550336000,0,2,425,42500000000,applied
42562000000,42560336000,1,0,425,42510000000,applied
42562000000,42560336000,1,2,425,42510000000,applied
42572000000,42570336000,2,0,425,42520000000,applied
42572000000,42570336000,2,1,425,42520000000,applied
42652000000,42650336000,0,1,426,42600000000,applied
42652000000,42650336000,0,2,426,42600000000,applied
42662000000,42660336000,1,0,426,42610000000,applied
42662000000,42660336000,1,2,426,42610000000,applied
42672000000,42670336000,2,0,426,42620000000,applied
42672000000,42670336000,2,1,426,42620000000,applied
42752000000,42750336000,0,1,427,42700000000,applied
42752000000,42750336000,0,2,427,42700000000,applied
42762000000,42760336000,1,0,427,42710000000,applied
42762000000,42760336000,1,2,427,42710000000,applied
42772000000,42770336000,2,0,427,42720000000,applied
42772000000,42770336000,2,1,427,42720000000,applied
42852000000,42850336000,0,1,428,42800000000,applied
42852000000,42850336000,0,2,428,42800000000,applied
42862000000,42860336000,1,0,428,42810000000,applied
42862000000,42860336000,1,2,428,42810000000,applied
42872000000,42870336000,2,0,428,42820000000,applied
42872000000,42870336000,2,1,428,42820000000,applied
42952000000,42950336000,0,1,429,42900000000,applied
42952000000,42950336000,0,2,429,42900000000,applied
42962000000,42960336000,1,0,429,42910000000,applied
42962000000,42960336000,1,2,429,42910000000,applied
42972000000,42970336000,2,0,429,42920000000,applied
42972000000,42970336000,2,1,429,42920000000,applied
43052000000,43050336000,0,1,430,43000000000,applied
43052000000,43050336000,0,2,430,43000000000,applied
43062000000,43060336000,1,0,430,43010000000,applied
43062000000,43060336000,1,2,430,43010000000,applied
43072000000,43070336000,2,0,430,43020000000,applied
43072000000,43070336000,2,1,430,43020000000,applied
43152000000,43150336000,0,1,431,43100000000,applied
43152000000,43150336000,0,2,431,43100000000,applied
43162000000,43160336000,1,0,431,43110000000,applied
43162000000,43160336000,1,2,431,43110000000,applied
43172000000,43170336000,2,0,431,43120000000,applied
43172000000,43170336000,2,1,431,43120000000,applied
43252000000,43250336000,0,1,432,43200000000,applied
43252000000,43250336000,0,2,432,43200000000,applied
43262000000,43260336000,1,0,432,43210000000,applied
43262000000,43260336000,1,2,432,43210000000,applied
43272000000,43270336000,2,0,432,43220000000,applied
43272000000,43270336000,2,1,432,43220000000,applied
43352000000,43350336000,0,1,433,43300000000,applied
43352000000,43350336000,0,2,433,43300000000,applied
43362000000,43360336000,1,0,433,43310000000,applied
43362000000,43360336000,1,2,433,43310000000,applied
43372000000,43370336000,2,0,433,43320000000,applied
43372000000,43370336000,2,1,433,43320000000,applied
43452000000,43450336000,0,1,434,43400000000,applied
43452000000,43450336000,0,2,434,43400000000,applied
43462000000,43460336000,1,0,434,43410000000,applied
43462000000,43460336000,1,2,434,43410000000,applied
43472000000,43470336000,2,0,434,43420000000,applied
43472000000,43470336000,2,1,434,43420000000,applied
43552000000,43550336000,0,1,435,43500000000,applied
43552000000,43550336000,0,2,435,43500000000,applied
43562000000,43560336000,1,0,435,43510000000,applied
43562000000,43560336000,1,2,435,43510000000,applied
43572000000,43570336000,2,0,435,43520000000,applied
43572000000,43570336000,2,1,435,43520000000,applied
43652000000,43650336000,0,1,436,43600000000,applied
43652000000,43650336000,0,2,436,43600000000,applied
43662000000,43660336000,1,0,436,43610000000,applied
43662000000,43660336000,1,2,436,43610000000,applied
43672000000,43670336000,2,0,436,43620000000,applied
43672000000,43670336000,2,1,436,43620000000,applied
43752000000,43750336000,0,1,437,43700000000,applied
43752000000,43750336000,0,2,437,43700000000,applied
43762000000,43760336000,1,0,437,43710000000,applied
43762000000,43760336000,1,2,437,43710000000,applied
43772000000,43770336000,2,0,437,43720000000,applied
43772000000,43770336000,2,1,437,43720000000,applied
43852000000,43850336000,0,1,438,43800000000,applied
43852000000,43850336000,0,2,438,43800000000,applied
43862000000,43860336000,1,0,438,43810000000,applied
43862000000,43860336000,1,2,438,43810000000,applied
43872000000,43870336000,2,0,438,43820000000,applied
43872000000,43870336000,2,1,438,43820000000,applied
43952000000,43950336000,0,1,439,43900000000,applied
43952000000,43950336000,0,2,439,43900000000,applied
43962000000,43960336000,1,0,439,43910000000,applied
43962000000,43960336000,1,2,439,43910000000,applied
43972000000,43970336000,2,0,439,43920000000,applied
43972000000,43970336000,2,1,439,43920000000,applied
44052000000,44050336000,0,1,440,44000000000,applied
44052000000,44050336000,0,2,440,44000000000,applied
44062000000,44060336000,1,0,440,44010000000,applied
44062000000,44060336000,1,2,440,44010000000,applied
44072000000,44070336000,2,0,440,44020000000,applied
44072000000,44070336000,2,1,440,44020000000,applied
44152000000,44150336000,0,1,441,44100000000,applied
44152000000,44150336000,0,2,441,44100000000,applied
44162000000,44160336000,1,0,441,44110000000,applied
44162000000,44160336000,1,2,441,44110000000,applied
44172000000,44170336000,2,0,441,44120000000,applied
44172000000,44170336000,2,1,441,44120000000,applied
44252000000,44250336000,0,1,442,44200000000,applied
44252000000,44250336000,0,2,442,44200000000,applied
44262000000,44260336000,1,0,442,44210000000,applied
44262000000,44260336000,1,2,442,44210000000,applied
44272000000,44270336000,2,0,442,44220000000,applied
44272000000,44270336000,2,1,442,44220000000,applied
44352000000,44350336000,0,1,443,44300000000,applied
44352000000,44350336000,0,2,443,44300000000,applied
44362000000,44360336000,1,0,443,44310000000,applied
44362000000,44360336000,1,2,443,44310000000,applied
44372000000,44370336000,2,0,443,44320000000,applied
44372000000,44370336000,2,1,443,44320000000,applied
44452000000,44450336000,0,1,444,44400000000,applied
44452000000,44450336000,0,2,444,44400000000,applied
44462000000,44460336000,1,0,444,44410000000,applied
44462000000,44460336000,1,2,444,44410000000,applied
44472000000,44470336000,2,0,444,44420000000,applied
44472000000,44470336000,2,1,444,44420000000,applied
44552000000,44550336000,0,1,445,44500000000,applied
44552000000,44550336000,0,2,445,44500000000,applied
44562000000,44560336000,1,0,445,44510000000,applied
44562000000,44560336000,1,2,445,44510000000,applied
44572000000,44570336000,2,0,445,44520000000,applied
44572000000,44570336000,2,1,445,44520000000,applied
44652000000,44650336000,0,1,446,44600000000,applied
44652000000,44650336000,0,2,446,44600000000,applied
44662000000,44660336000,1,0,446,44610000000,applied
44662000000,44660336000,1,2,446,44610000000,applied
44672000000,44670336000,2,0,446,44620000000,applied
44672000000,44670336000,2,1,446,44620000000,applied
44752000000,44750336000,0,1,447,44700000000,applied
44752000000,44750336000,0,2,447,44700000000,applied
44762000000,44760336000,1,0,447,44710000000,applied
44762000000,44760336000,1,2,447,44710000000,applied
44772000000,44770336000,2,0,447,44720000000,applied
44772000000,44770336000,2,1,447,44720000000,applied
44852000000,44850336000,0,1,448,44800000000,applied
44852000000,44850336000,0,2,448,44800000000,applied
44862000000,44860336000,1,0,448,44810000000,applied
44862000000,44860336000,1,2,448,44810000000,applied
44872000000,44870336000,2,0,448,44820000000,applied
44872000000,44870336000,2,1,448,44820000000,applied
44952000000,44950336000,0,1,449,44900000000,applied
44952000000,44950336000,0,2,449,44900000000,applied
44962000000,44960336000,1,0,449,44910000000,applied
44962000000,44960336000,1,2,449,44910000000,applied
44972000000,44970336000,2,0,449,44920000000,applied
44972000000,44970336000,2,1,449,44920000000,applied
45052000000,45050336000,0,1,450,45000000000,applied
45052000000,45050336000,0,2,450,45000000000,applied
45062000000,45060336000,1,0,450,45010000000,applied
45062000000,45060336000,1,2,450,45010000000,applied
45072000000,45070336000,2,0,450,45020000000,applied
45072000000,45070336000,2,1,450,45020000000,applied
45152000000,45150336000,0,1,451,45100000000,applied
45152000000,45150336000,0,2,451,45100000000,applied
45162000000,45160336000,1,0,451,45110000000,applied
45162000000,45160336000,1,2,451,45110000000,applied
45172000000,45170336000,2,0,451,45120000000,applied
45172000000,45170336000,2,1,451,45120000000,applied
45252000000,45250336000,0,1,452,45200000000,applied
45252000000,45250336000,0,2,452,45200000000,applied
45262000000,45260336000,1,0,452,45210000000,applied
45262000000,45260336000,1,2,452,45210000000,applied
45272000000,45270336000,2,0,452,45220000000,applied
45272000000,45270336000,2,1,452,45220000000,applied
45352000000,45350336000,0,1,453,45300000000,applied
45352000000,45350336000,0,2,453,45300000000,applied
45362000000,45360336000,1,0,453,45310000000,applied
45362000000,45360336000,1,2,453,45310000000,applied
45372000000,45370336000,2,0,453,45320000000,applied
45372000000,45370336000,2,1,453,45320000000,applied
45452000000,45450336000,0,1,454,45400000000,applied
45452000000,45450336000,0,2,454,45400000000,applied
45462000000,45460336000,1,0,454,45410000000,applied
45462000000,45460336000,1,2,454,45410000000,applied
45472000000,45470336000,2,0,454,45420000000,applied
45472000000,45470336000,2,1,454,45420000000,applied
45552000000,45550336000,0,1,455,45500000000,applied
45552000000,45550336000,0,2,455,45500000000,applied
45562000000,45560336000,1,0,455,45510000000,applied
45562000000,45560336000,1,2,455,45510000000,applied
45572000000,45570336000,2,0,455,45520000000,applied
45572000000,45570336000,2,1,455,45520000000,applied
45652000000,45650336000,0,1,456,45600000000,applied
45652000000,45650336000,0,2,456,45600000000,applied
45662000000,45660336000,1,0,456,45610000000,applied
45662000000,45660336000,1,2,456,45610000000,applied
45672000000,45670336000,2,0,456,45620000000,applied
45672000000,45670336000,2,1,456,45620000000,applied
45752000000,45750336000,0,1,457,45700000000,applied
45752000000,45750336000,0,2,457,45700000000,applied
45762000000,45760336000,1,0,457,45710000000,applied
45762000000,45760336000,1,2,457,45710000000,applied
45772000000,45770336000,2,0,457,45720000000,applied
45772000000,45770336000,2,1,457,45720000000,applied
45852000000,45850336000,0,1,458,45800000000,applied
45852000000,45850336000,0,2,458,45800000000,applied
45862000000,45860336000,1,0,458,45810000000,applied
45862000000,45860336000,1,2,458,45810000000,applied
45872000000,45870336000,2,0,458,45820000000,applied
45872000000,45870336000,2,1,458,45820000000,applied
45952000000,45950336000,0,1,459,45900000000,applied
45952000000,45950336000,0,2,459,45900000000,applied
45962000000,45960336000,1,0,459,45910000000,applied
45962000000,45960336000,1,2,459,45910000000,applied
45972000000,45970336000,2,0,459,45920000000,applied
45972000000,45970336000,2,1,459,45920000000,applied
46052000000,46050336000,0,1,460,46000000000,applied
46052000000,46050336000,0,2,460,46000000000,applied
46062000000,46060336000,1,0,460,46010000000,applied
46062000000,46060336000,1,2,460,46010000000,applied
46072000000,46070336000,2,0,460,46020000000,applied
46072000000,46070336000,2,1,460,46020000000,applied
46152000000,46150336000,0,1,461,46100000000,applied
46152000000,46150336000,0,2,461,46100000000,applied
46162000000,46160336000,1,0,461,46110000000,applied
46162000000,46160336000,1,2,461,46110000000,applied
46172000000,46170336000,2,0,461,46120000000,applied
46172000000,46170336000,2,1,461,46120000000,applied
46252000000,46250336000,0,1,462,46200000000,applied
46252000000,46250336000,0,2,462,46200000000,applied
46262000000,46260336000,1,0,462,46210000000,applied
46262000000,46260336000,1,2,462,46210000000,applied
46272000000,46270336000,2,0,462,46220000000,applied
46272000000,46270336000,2,1,462,46220000000,applied
46352000000,46350336000,0,1,463,46300000000,applied
46352000000,46350336000,0,2,463,46300000000,applied
46362000000,46360336000,1,0,463,46310000000,applied
46362000000,46360336000,1,2,463,46310000000,applied
46372000000,46370336000,2,0,463,46320000000,applied
46372000000,46370336000,2,1,463,46320000000,applied
46452000000,46450336000,0,1,464,46400000000,applied
46452000000,46450336000,0,2,464,46400000000,applied
46462000000,46460336000,1,0,464,46410000000,applied
46462000000,46460336000,1,2,464,46410000000,applied
46472000000,46470336000,2,0,464,46420000000,applied
46472000000,46470336000,2,1,464,46420000000,applied
46552000000,46550336000,0,1,465,46500000000,applied
46552000000,46550336000,0,2,465,46500000000,applied
46562000000,46560336000,1,0,465,46510000000,applied
46562000000,46560336000,1,2,465,46510000000,applied
46572000000,46570336000,2,0,465,46520000000,applied
46572000000,46570336000,2,1,465,46520000000,applied
46652000000,46650336000,0,1,466,46600000000,applied
46652000000,46650336000,0,2,466,46600000000,applied
46662000000,46660336000,1,0,466,46610000000,applied
46662000000,46660336000,1,2,466,46610000000,applied
46672000000,46670336000,2,0,466,46620000000,applied
46672000000,46670336000,2,1,466,46620000000,applied
46752000000,46750336000,0,1,467,46700000000,applied
46752000000,46750336000,0,2,467,46700000000,applied
46762000000,46760336000,1,0,467,46710000000,applied
46762000000,46760336000,1,2,467,46710000000,applied
46772000000,46770336000,2,0,467,46720000000,applied
46772000000,46770336000,2,1,467,46720000000,applied
46852000000,46850336000,0,1,468,46800000000,applied
46852000000,46850336000,0,2,468,46800000000,applied
46862000000,46860336000,1,0,468,46810000000,applied
46862000000,46860336000,1,2,468,46810000000,applied
46872000000,46870336000,2,0,468,46820000000,applied
46872000000,46870336000,2,1,468,46820000000,applied
46952000000,46950336000,0,1,469,46900000000,applied
46952000000,46950336000,0,2,469,46900000000,applied
46962000000,46960336000,1,0,469,46910000000,applied
46962000000,46960336000,1,2,469,46910000000,applied
46972000000,46970336000,2,0,469,46920000000,applied
46972000000,46970336000,2,1,469,46920000000,applied
47052000000,47050336000,0,1,470,47000000000,applied
47052000000,47050336000,0,2,470,47000000000,applied
47062000000,47060336000,1,0,470,47010000000,applied
47062000000,47060336000,1,2,470,47010000000,applied
47072000000,47070336000,2,0,470,47020000000,applied
47072000000,47070336000,2,1,470,47020000000,applied
47152000000,47150336000,0,1,471,47100000000,applied
47152000000,47150336000,0,2,471,47100000000,applied
47162000000,47160336000,1,0,471,47110000000,applied
47162000000,47160336000,1,2,471,47110000000,applied
47172000000,47170336000,2,0,471,47120000000,applied
47172000000,47170336000,2,1,471,47120000000,applied
47252000000,47250336000,0,1,472,47200000000,applied
47252000000,47250336000,0,2,472,47200000000,applied
47262000000,47260336000,1,0,472,47210000000,applied
47262000000,47260336000,1,2,472,47210000000,applied
47272000000,47270336000,2,0,472,47220000000,applied
47272000000,47270336000,2,1,472,47220000000,applied
47352000000,47350336000,0,1,473,47300000000,applied
47352000000,47350336000,0,2,473,47300000000,applied
47362000000,47360336000,1,0,473,47310000000,applied
47362000000,47360336000,1,2,473,47310000000,applied
47372000000,47370336000,2,0,473,47320000000,applied
47372000000,47370336000,2,1,473,47320000000,applied
47452000000,47450336000,0,1,474,47400000000,applied
47452000000,47450336000,0,2,474,47400000000,applied
47462000000,47460336000,1,0,474,47410000000,applied
47462000000,47460336000,1,2,474,47410000000,applied
47472000000,47470336000,2,0,474,47420000000,applied
47472000000,47470336000,2,1,474,47420000000,applied
47552000000,47550336000,0,1,475,47500000000,applied
47552000000,47550336000,0,2,475,47500000000,applied
47562000000,47560336000,1,0,475,47510000000,applied
47562000000,47560336000,1,2,475,47510000000,applied
47572000000,47570336000,2,0,475,47520000000,applied
47572000000,47570336000,2,1,475,47520000000,applied
47652000000,47650336000,0,1,476,47600000000,applied
47652000000,47650336000,0,2,476,47600000000,applied
47662000000,47660336000,1,0,476,47610000000,applied
47662000000,47660336000,1,2,476,47610000000,applied
47672000000,47670336000,2,0,476,47620000000,applied
47672000000,47670336000,2,1,476,47620000000,applied
47752000000,47750336000,0,1,477,47700000000,applied
47752000000,47750336000,0,2,477,47700000000,applied
47762000000,47760336000,1,0,477,47710000000,applied
47762000000,47760336000,1,2,477,47710000000,applied
47772000000,47770336000,2,0,477,47720000000,applied
47772000000,47770336000,2,1,477,47720000000,applied
47852000000,47850336000,0,1,478,47800000000,applied
47852000000,47850336000,0,2,478,47800000000,applied
47862000000,47860336000,1,0,478,47810000000,applied
47862000000,47860336000,1,2,478,47810000000,applied
47872000000,47870336000,2,0,478,47820000000,applied
47872000000,47870336000,2,1,478,47820000000,applied
47952000000,47950336000,0,1,479,47900000000,applied
47952000000,47950336000,0,2,479,47900000000,applied
47962000000,47960336000,1,0,479,47910000000,applied
47962000000,47960336000,1,2,479,47910000000,applied
47972000000,47970336000,2,0,479,47920000000,applied
47972000000,47970336000,2,1,479,47920000000,applied
48052000000,48050336000,0,1,480,48000000000,applied
48052000000,48050336000,0,2,480,48000000000,applied
48062000000,48060336000,1,0,480,48010000000,applied
48062000000,48060336000,1,2,480,48010000000,applied
48072000000,48070336000,2,0,480,48020000000,applied
48072000000,48070336000,2,1,480,48020000000,applied
48152000000,48150336000,0,1,481,48100000000,applied
48152000000,48150336000,0,2,481,48100000000,applied
48162000000,48160336000,1,0,481,48110000000,applied
48162000000,48160336000,1,2,481,48110000000,applied
48172000000,48170336000,2,0,481,48120000000,applied
48172000000,48170336000,2,1,481,48120000000,applied
48252000000,48250336000,0,1,482,48200000000,applied
48252000000,48250336000,0,2,482,48200000000,applied
48262000000,48260336000,1,0,482,48210000000,applied
48262000000,48260336000,1,2,482,48210000000,applied
48272000000,48270336000,2,0,482,48220000000,applied
48272000000,48270336000,2,1,482,48220000000,applied
48352000000,48350336000,0,1,483,48300000000,applied
48352000000,48350336000,0,2,483,48300000000,applied
48362000000,48360336000,1,0,483,48310000000,applied
48362000000,48360336000,1,2,483,48310000000,applied
48372000000,48370336000,2,0,483,48320000000,applied
48372000000,48370336000,2,1,483,48320000000,applied
48452000000,48450336000,0,1,484,48400000000,applied
48452000000,48450336000,0,2,484,48400000000,applied
48462000000,48460336000,1,0,484,48410000000,applied
48462000000,48460336000,1,2,484,48410000000,applied
48472000000,48470336000,2,0,484,48420000000,applied
48472000000,48470336000,2,1,484,48420000000,applied
48552000000,48550336000,0,1,485,48500000000,applied
48552000000,48550336000,0,2,485,48500000000,applied
48562000000,48560336000,1,0,485,48510000000,applied
48562000000,48560336000,1,2,485,48510000000,applied
48572000000,48570336000,2,0,485,48520000000,applied
48572000000,48570336000,2,1,485,48520000000,applied
48652000000,48650336000,0,1,486,48600000000,applied
48652000000,48650336000,0,2,486,48600000000,applied
48662000000,48660336000,1,0,486,48610000000,applied
48662000000,48660336000,1,2,486,48610000000,applied
48672000000,48670336000,2,0,486,48620000000,applied
48672000000,48670336000,2,1,486,48620000000,applied
48752000000,48750336000,0,1,487,48700000000,applied
48752000000,48750336000,0,2,487,48700000000,applied
48762000000,48760336000,1,0,487,48710000000,applied
48762000000,48760336000,1,2,487,48710000000,applied
48772000000,48770336000,2,0,487,48720000000,applied
48772000000,48770336000,2,1,487,48720000000,applied
48852000000,48850336000,0,1,488,48800000000,applied
48852000000,48850336000,0,2,488,48800000000,applied
48862000000,48860336000,1,0,488,48810000000,applied
48862000000,48860336000,1,2,488,48810000000,applied
48872000000,48870336000,2,0,488,48820000000,applied
48872000000,48870336000,2,1,488,48820000000,applied
48952000000,48950336000,0,1,489,48900000000,applied
48952000000,48950336000,0,2,489,48900000000,applied
48962000000,48960336000,1,0,489,48910000000,applied
48962000000,48960336000,1,2,489,48910000000,applied
48972000000,48970336000,2,0,489,48920000000,applied
48972000000,48970336000,2,1,489,48920000000,applied
49052000000,49050336000,0,1,490,49000000000,applied
49052000000,49050336000,0,2,490,49000000000,applied
49062000000,49060336000,1,0,490,49010000000,applied
49062000000,49060336000,1,2,490,49010000000,applied
49072000000,49070336000,2,0,490,49020000000,applied
49072000000,49070336000,2,1,490,49020000000,applied
49152000000,49150336000,0,1,491,49100000000,applied
49152000000,49150336000,0,2,491,49100000000,applied
49162000000,49160336000,1,0,491,49110000000,applied
49162000000,49160336000,1,2,491,49110000000,applied
49172000000,49170336000,2,0,491,49120000000,applied
49172000000,49170336000,2,1,491,49120000000,applied
49252000000,49250336000,0,1,492,49200000000,applied
49252000000,49250336000,0,2,492,49200000000,applied
49262000000,49260336000,1,0,492,49210000000,applied
49262000000,49260336000,1,2,492,49210000000,applied
49272000000,49270336000,2,0,492,49220000000,applied
49272000000,49270336000,2,1,492,49220000000,applied
49352000000,49350336000,0,1,493,49300000000,applied
49352000000,49350336000,0,2,493,49300000000,applied
49362000000,49360336000,1,0,493,49310000000,applied
49362000000,49360336000,1,2,493,49310000000,applied
49372000000,49370336000,2,0,493,49320000000,applied
49372000000,49370336000,2,1,493,49320000000,applied
49452000000,49450336000,0,1,494,49400000000,applied
49452000000,49450336000,0,2,494,49400000000,applied
49462000000,49460336000,1,0,494,49410000000,applied
49462000000,49460336000,1,2,494,49410000000,applied
49472000000,49470336000,2,0,494,49420000000,applied
49472000000,49470336000,2,1,494,49420000000,applied
49552000000,49550336000,0,1,495,49500000000,applied
49552000000,49550336000,0,2,495,49500000000,applied
49562000000,49560336000,1,0,495,49510000000,applied
49562000000,49560336000,1,2,495,49510000000,applied
49572000000,49570336000,2,0,495,49520000000,applied
49572000000,49570336000,2,1,495,49520000000,applied
49652000000,49650336000,0,1,496,49600000000,applied
49652000000,49650336000,0,2,496,49600000000,applied
49662000000,49660336000,1,0,496,49610000000,applied
49662000000,49660336000,1,2,496,49610000000,applied
49672000000,49670336000,2,0,496,49620000000,applied
49672000000,49670336000,2,1,496,49620000000,applied
49752000000,49750336000,0,1,497,49700000000,applied
49752000000,49750336000,0,2,497,49700000000,applied
49762000000,49760336000,1,0,497,49710000000,applied
49762000000,49760336000,1,2,497,49710000000,applied
49772000000,49770336000,2,0,497,49720000000,applied
49772000000,49770336000,2,1,497,49720000000,applied
49852000000,49850336000,0,1,498,49800000000,applied
49852000000,49850336000,0,2,498,49800000000,applied
49862000000,49860336000,1,0,498,49810000000,applied
49862000000,49860336000,1,2,498,49810000000,applied
49872000000,49870336000,2,0,498,49820000000,applied
49872000000,49870336000,2,1,498,49820000000,applied
49952000000,49950336000,0,1,499,49900000000,applied
49952000000,49950336000,0,2,499,49900000000,applied
49962000000,49960336000,1,0,499,49910000000,applied
49962000000,49960336000,1,2,499,49910000000,applied
49972000000,49970336000,2,0,499,49920000000,applied
49972000000,49970336000,2,1,499,49920000000,applied
50052000000,50050336000,0,1,500,50000000000,applied
50052000000,50050336000,0,2,500,50000000000,applied
50062000000,50060336000,1,0,500,50010000000,applied
50062000000,50060336000,1,2,500,50010000000,applied
50072000000,50070336000,2,0,500,50020000000,applied
50072000000,50070336000,2,1,500,50020000000,applied
50152000000,50150336000,0,1,501,50100000000,applied
50152000000,50150336000,0,2,501,50100000000,applied
50162000000,50160336000,1,0,501,50110000000,applied
50162000000,50160336000,1,2,501,50110000000,applied
50172000000,50170336000,2,0,501,50120000000,applied
50172000000,50170336000,2,1,501,50120000000,applied
50252000000,50250336000,0,1,502,50200000000,applied
50252000000,50250336000,0,2,502,50200000000,applied
50262000000,50260336000,1,0,502,50210000000,applied
50262000000,50260336000,1,2,502,50210000000,applied
50272000000,50270336000,2,0,502,50220000000,applied
50272000000,50270336000,2,1,502,50220000000,applied
50352000000,50350336000,0,1,503,50300000000,applied
50352000000,50350336000,0,2,503,50300000000,applied
50362000000,50360336000,1,0,503,50310000000,applied
50362000000,50360336000,1,2,503,50310000000,applied
50372000000,50370336000,2,0,503,50320000000,applied
50372000000,50370336000,2,1,503,50320000000,applied
50452000000,50450336000,0,1,504,50400000000,applied
50452000000,50450336000,0,2,504,50400000000,applied
50462000000,50460336000,1,0,504,50410000000,applied
50462000000,50460336000,1,2,504,50410000000,applied
50472000000,50470336000,2,0,504,50420000000,applied
50472000000,50470336000,2,1,504,50420000000,applied
50552000000,50550336000,0,1,505,50500000000,applied
50552000000,50550336000,0,2,505,50500000000,applied
50562000000,50560336000,1,0,505,50510000000,applied
50562000000,50560336000,1,2,505,50510000000,applied
50572000000,50570336000,2,0,505,50520000000,applied
50572000000,50570336000,2,1,505,50520000000,applied
50652000000,50650336000,0,1,506,50600000000,applied
50652000000,50650336000,0,2,506,50600000000,applied
50662000000,50660336000,1,0,506,50610000000,applied
50662000000,50660336000,1,2,506,50610000000,applied
50672000000,50670336000,2,0,506,50620000000,applied
50672000000,50670336000,2,1,506,50620000000,applied
50752000000,50750336000,0,1,507,50700000000,applied
50752000000,50750336000,0,2,507,50700000000,applied
50762000000,50760336000,1,0,507,50710000000,applied
50762000000,50760336000,1,2,507,50710000000,applied
50772000000,50770336000,2,0,507,50720000000,applied
50772000000,50770336000,2,1,507,50720000000,applied
50852000000,50850336000,0,1,508,50800000000,applied
50852000000,50850336000,0,2,508,50800000000,applied
50862000000,50860336000,1,0,508,50810000000,applied
50862000000,50860336000,1,2,508,50810000000,applied
50872000000,50870336000,2,0,508,50820000000,applied
50872000000,50870336000,2,1,508,50820000000,applied
50952000000,50950336000,0,1,509,50900000000,applied
50952000000,50950336000,0,2,509,50900000000,applied
50962000000,50960336000,1,0,509,50910000000,applied
50962000000,50960336000,1,2,509,50910000000,applied
50972000000,50970336000,2,0,509,50920000000,applied
50972000000,50970336000,2,1,509,50920000000,applied
51052000000,51050336000,0,1,510,51000000000,applied
51052000000,51050336000,0,2,510,51000000000,applied
51062000000,51060336000,1,0,510,51010000000,applied
51062000000,51060336000,1,2,510,51010000000,applied
51072000000,51070336000,2,0,510,51020000000,applied
51072000000,51070336000,2,1,510,51020000000,applied
51152000000,51150336000,0,1,511,51100000000,applied
51152000000,51150336000,0,2,511,51100000000,applied
51162000000,51160336000,1,0,511,51110000000,applied
51162000000,51160336000,1,2,511,51110000000,applied
51172000000,51170336000,2,0,511,51120000000,applied
51172000000,51170336000,2,1,511,51120000000,applied
51252000000,51250336000,0,1,512,51200000000,applied
51252000000,51250336000,0,2,512,51200000000,applied
51262000000,51260336000,1,0,512,51210000000,applied
51262000000,51260336000,1,2,512,51210000000,applied
51272000000,51270336000,2,0,512,51220000000,applied
51272000000,51270336000,2,1,512,51220000000,applied
51352000000,51350336000,0,1,513,51300000000,applied
51352000000,51350336000,0,2,513,51300000000,applied
51362000000,51360336000,1,0,513,51310000000,applied
51362000000,51360336000,1,2,513,51310000000,applied
51372000000,51370336000,2,0,513,51320000000,applied
51372000000,51370336000,2,1,513,51320000000,applied
51452000000,51450336000,0,1,514,51400000000,applied
51452000000,51450336000,0,2,514,51400000000,applied
51462000000,51460336000,1,0,514,51410000000,applied
51462000000,51460336000,1,2,514,51410000000,applied
51472000000,51470336000,2,0,514,51420000000,applied
51472000000,51470336000,2,1,514,51420000000,applied
51552000000,51550336000,0,1,515,51500000000,applied
51552000000,51550336000,0,2,515,51500000000,applied
51562000000,51560336000,1,0,515,51510000000,applied
51562000000,51560336000,1,2,515,51510000000,applied
51572000000,51570336000,2,0,515,51520000000,applied
51572000000,51570336000,2,1,515,51520000000,applied
51652000000,51650336000,0,1,516,51600000000,applied
51652000000,51650336000,0,2,516,51600000000,applied
51662000000,51660336000,1,0,516,51610000000,applied
51662000000,51660336000,1,2,516,51610000000,applied
51672000000,51670336000,2,0,516,51620000000,applied
51672000000,51670336000,2,1,516,51620000000,applied
51752000000,51750336000,0,1,517,51700000000,applied
51752000000,51750336000,0,2,517,51700000000,applied
51762000000,51760336000,1,0,517,51710000000,applied
51762000000,51760336000,1,2,517,51710000000,applied
51772000000,51770336000,2,0,517,51720000000,applied
51772000000,51770336000,2,1,517,51720000000,applied
51852000000,51850336000,0,1,518,51800000000,applied
51852000000,51850336000,0,2,518,51800000000,applied
51862000000,51860336000,1,0,518,51810000000,applied
51862000000,51860336000,1,2,518,51810000000,applied
51872000000,51870336000,2,0,518,51820000000,applied
51872000000,51870336000,2,1,518,51820000000,applied
51952000000,51950336000,0,1,519,51900000000,applied
51952000000,51950336000,0,2,519,51900000000,applied
51962000000,51960336000,1,0,519,51910000000,applied
51962000000,51960336000,1,2,519,51910000000,applied
51972000000,51970336000,2,0,519,51920000000,applied
51972000000,51970336000,2,1,519,51920000000,applied
52052000000,52050336000,0,1,520,52000000000,applied
52052000000,52050336000,0,2,520,52000000000,applied
52062000000,52060336000,1,0,520,52010000000,applied
52062000000,52060336000,1,2,520,52010000000,applied
52072000000,52070336000,2,0,520,52020000000,applied
52072000000,52070336000,2,1,520,52020000000,applied
52152000000,52150336000,0,1,521,52100000000,applied
52152000000,52150336000,0,2,521,52100000000,applied
52162000000,52160336000,1,0,521,52110000000,applied
52162000000,52160336000,1,2,521,52110000000,applied
52172000000,52170336000,2,0,521,52120000000,applied
52172000000,52170336000,2,1,521,52120000000,applied
52252000000,52250336000,0,1,522,52200000000,applied
52252000000,52250336000,0,2,522,52200000000,applied
52262000000,52260336000,1,0,522,52210000000,applied
52262000000,52260336000,1,2,522,52210000000,applied
52272000000,52270336000,2,0,522,52220000000,applied
52272000000,52270336000,2,1,522,52220000000,applied
52352000000,52350336000,0,1,523,52300000000,applied
52352000000,52350336000,0,2,523,52300000000,applied
52362000000,52360336000,1,0,523,52310000000,applied
52362000000,52360336000,1,2,523,52310000000,applied
52372000000,52370336000,2,0,523,52320000000,applied
52372000000,52370336000,2,1,523,52320000000,applied
52452000000,52450336000,0,1,524,52400000000,applied
52452000000,52450336000,0,2,524,52400000000,applied
52462000000,52460336000,1,0,524,52410000000,applied
52462000000,52460336000,1,2,524,52410000000,applied
52472000000,52470336000,2,0,524,52420000000,applied
52472000000,52470336000,2,1,524,52420000000,applied
52552000000,52550336000,0,1,525,52500000000,applied
52552000000,52550336000,0,2,525,52500000000,applied
52562000000,52560336000,1,0,525,52510000000,applied
52562000000,52560336000,1,2,525,52510000000,applied
52572000000,52570336000,2,0,525,52520000000,applied
52572000000,52570336000,2,1,525,52520000000,applied
52652000000,52650336000,0,1,526,52600000000,applied
52652000000,52650336000,0,2,526,52600000000,applied
52662000000,52660336000,1,0,526,52610000000,applied
52662000000,52660336000,1,2,526,52610000000,applied
52672000000,52670336000,2,0,526,52620000000,applied
52672000000,52670336000,2,1,526,52620000000,applied
52752000000,52750336000,0,1,527,52700000000,applied
52752000000,52750336000,0,2,527,52700000000,applied
52762000000,52760336000,1,0,527,52710000000,applied
52762000000,52760336000,1,2,527,52710000000,applied
52772000000,52770336000,2,0,527,52720000000,applied
52772000000,52770336000,2,1,527,52720000000,applied
52852000000,52850336000,0,1,528,52800000000,applied
52852000000,52850336000,0,2,528,52800000000,applied
52862000000,52860336000,1,0,528,52810000000,applied
52862000000,52860336000,1,2,528,52810000000,applied
52872000000,52870336000,2,0,528,52820000000,applied
52872000000,52870336000,2,1,528,52820000000,applied
52952000000,52950336000,0,1,529,52900000000,applied
52952000000,52950336000,0,2,529,52900000000,applied
52962000000,52960336000,1,0,529,52910000000,applied
52962000000,52960336000,1,2,529,52910000000,applied
52972000000,52970336000,2,0,529,52920000000,applied
52972000000,52970336000,2,1,529,52920000000,applied
53052000000,53050336000,0,1,530,53000000000,applied
53052000000,53050336000,0,2,530,53000000000,applied
53062000000,53060336000,1,0,530,53010000000,applied
53062000000,53060336000,1,2,530,53010000000,applied
53072000000,53070336000,2,0,530,53020000000,applied
53072000000,53070336000,2,1,530,53020000000,applied
53152000000,53150336000,0,1,531,53100000000,applied
53152000000,53150336000,0,2,531,53100000000,applied
53162000000,53160336000,1,0,531,53110000000,applied
53162000000,53160336000,1,2,531,53110000000,applied
53172000000,53170336000,2,0,531,53120000000,applied
53172000000,53170336000,2,1,531,53120000000,applied
53252000000,53250336000,0,1,532,53200000000,applied
53252000000,53250336000,0,2,532,53200000000,applied
53262000000,53260336000,1,0,532,53210000000,applied
53262000000,53260336000,1,2,532,53210000000,applied
53272000000,53270336000,2,0,532,53220000000,applied
53272000000,53270336000,2,1,532,53220000000,applied
53352000000,53350336000,0,1,533,53300000000,applied
53352000000,53350336000,0,2,533,53300000000,applied
53362000000,53360336000,1,0,533,53310000000,applied
53362000000,53360336000,1,2,533,53310000000,applied
53372000000,53370336000,2,0,533,53320000000,applied
53372000000,53370336000,2,1,533,53320000000,applied
53452000000,53450336000,0,1,534,53400000000,applied
53452000000,53450336000,0,2,534,53400000000,applied
53462000000,53460336000,1,0,534,53410000000,applied
53462000000,53460336000,1,2,534,53410000000,applied
53472000000,53470336000,2,0,534,53420000000,applied
53472000000,53470336000,2,1,534,53420000000,applied
53552000000,53550336000,0,1,535,53500000000,applied
53552000000,53550336000,0,2,535,53500000000,applied
53562000000,53560336000,1,0,535,53510000000,applied
53562000000,53560336000,1,2,535,53510000000,applied
53572000000,53570336000,2,0,535,53520000000,applied
53572000000,53570336000,2,1,535,53520000000,applied
53652000000,53650336000,0,1,536,53600000000,applied
53652000000,53650336000,0,2,536,53600000000,applied
53662000000,53660336000,1,0,536,53610000000,applied
53662000000,53660336000,1,2,536,53610000000,applied
53672000000,53670336000,2,0,536,53620000000,applied
53672000000,53670336000,2,1,536,53620000000,applied
53752000000,53750336000,0,1,537,53700000000,applied
53752000000,53750336000,0,2,537,53700000000,applied
53762000000,53760336000,1,0,537,53710000000,applied
53762000000,53760336000,1,2,537,53710000000,applied
53772000000,53770336000,2,0,537,53720000000,applied
53772000000,53770336000,2,1,537,53720000000,applied
53852000000,53850336000,0,1,538,53800000000,applied
53852000000,53850336000,0,2,538,53800000000,applied
53862000000,53860336000,1,0,538,53810000000,applied
53862000000,53860336000,1,2,538,53810000000,applied
53872000000,53870336000,2,0,538,53820000000,applied
53872000000,53870336000,2,1,538,53820000000,applied
53952000000,53950336000,0,1,539,53900000000,applied
53952000000,53950336000,0,2,539,53900000000,applied
53962000000,53960336000,1,0,539,53910000000,applied
53962000000,53960336000,1,2,539,53910000000,applied
53972000000,53970336000,2,0,539,53920000000,applied
53972000000,53970336000,2,1,539,53920000000,applied
54052000000,54050336000,0,1,540,54000000000,applied
54052000000,54050336000,0,2,540,54000000000,applied
54062000000,54060336000,1,0,540,54010000000,applied
54062000000,54060336000,1,2,540,54010000000,applied
54072000000,54070336000,2,0,540,54020000000,applied
54072000000,54070336000,2,1,540,54020000000,applied
54152000000,54150336000,0,1,541,54100000000,applied
54152000000,54150336000,0,2,541,54100000000,applied
54162000000,54160336000,1,0,541,54110000000,applied
54162000000,54160336000,1,2,541,54110000000,applied
54172000000,54170336000,2,0,541,54120000000,applied
54172000000,54170336000,2,1,541,54120000000,applied
54252000000,54250336000,0,1,542,54200000000,applied
54252000000,54250336000,0,2,542,54200000000,applied
54262000000,54260336000,1,0,542,54210000000,applied
54262000000,54260336000,1,2,542,54210000000,applied
54272000000,54270336000,2,0,542,54220000000,applied
54272000000,54270336000,2,1,542,54220000000,applied
54352000000,54350336000,0,1,543,54300000000,applied
54352000000,54350336000,0,2,543,54300000000,applied
54362000000,54360336000,1,0,543,54310000000,applied
54362000000,54360336000,1,2,543,54310000000,applied
54372000000,54370336000,2,0,543,54320000000,applied
54372000000,54370336000,2,1,543,54320000000,applied
54452000000,54450336000,0,1,544,54400000000,applied
54452000000,54450336000,0,2,544,54400000000,applied
54462000000,54460336000,1,0,544,54410000000,applied
54462000000,54460336000,1,2,544,54410000000,applied
54472000000,54470336000,2,0,544,54420000000,applied
54472000000,54470336000,2,1,544,54420000000,applied
54552000000,54550336000,0,1,545,54500000000,applied
54552000000,54550336000,0,2,545,54500000000,applied
54562000000,54560336000,1,0,545,54510000000,applied
54562000000,54560336000,1,2,545,54510000000,applied
54572000000,54570336000,2,0,545,54520000000,applied
54572000000,54570336000,2,1,545,54520000000,applied
54652000000,54650336000,0,1,546,54600000000,applied
54652000000,54650336000,0,2,546,54600000000,applied
54662000000,54660336000,1,0,546,54610000000,applied
54662000000,54660336000,1,2,546,54610000000,applied
54672000000,54670336000,2,0,546,54620000000,applied
54672000000,54670336000,2,1,546,54620000000,applied
54752000000,54750336000,0,1,547,54700000000,applied
54752000000,54750336000,0,2,547,54700000000,applied
54762000000,54760336000,1,0,547,54710000000,applied
54762000000,54760336000,1,2,547,54710000000,applied
54772000000,54770336000,2,0,547,54720000000,applied
54772000000,54770336000,2,1,547,54720000000,applied
54852000000,54850336000,0,1,548,54800000000,applied
54852000000,54850336000,0,2,548,54800000000,applied
54862000000,54860336000,1,0,548,54810000000,applied
54862000000,54860336000,1,2,548,54810000000,applied
54872000000,54870336000,2,0,548,54820000000,applied
54872000000,54870336000,2,1,548,54820000000,applied
54952000000,54950336000,0,1,549,54900000000,applied
54952000000,54950336000,0,2,549,54900000000,applied
54962000000,54960336000,1,0,549,54910000000,applied
54962000000,54960336000,1,2,549,54910000000,applied
54972000000,54970336000,2,0,549,54920000000,applied
54972000000,54970336000,2,1,549,54920000000,applied
55052000000,55050336000,0,1,550,55000000000,applied
55052000000,55050336000,0,2,550,55000000000,applied
55062000000,55060336000,1,0,550,55010000000,applied
55062000000,55060336000,1,2,550,55010000000,applied
55072000000,55070336000,2,0,550,55020000000,applied
55072000000,55070336000,2,1,550,55020000000,applied
55152000000,55150336000,0,1,551,55100000000,applied
55152000000,55150336000,0,2,551,55100000000,applied
55162000000,55160336000,1,0,551,55110000000,applied
55162000000,55160336000,1,2,551,55110000000,applied
55172000000,55170336000,2,0,551,55120000000,applied
55172000000,55170336000,2,1,551,55120000000,applied
55252000000,55250336000,0,1,552,55200000000,applied
55252000000,55250336000,0,2,552,55200000000,applied
55262000000,55260336000,1,0,552,55210000000,applied
55262000000,55260336000,1,2,552,55210000000,applied
55272000000,55270336000,2,0,552,55220000000,applied
55272000000,55270336000,2,1,552,55220000000,applied
55352000000,55350336000,0,1,553,55300000000,applied
55352000000,55350336000,0,2,553,55300000000,applied
55362000000,55360336000,1,0,553,55310000000,applied
55362000000,55360336000,1,2,553,55310000000,applied
55372000000,55370336000,2,0,553,55320000000,applied
55372000000,55370336000,2,1,553,55320000000,applied
55452000000,55450336000,0,1,554,55400000000,applied
55452000000,55450336000,0,2,554,55400000000,applied
55462000000,55460336000,1,0,554,55410000000,applied
55462000000,55460336000,1,2,554,55410000000,applied
55472000000,55470336000,2,0,554,55420000000,applied
55472000000,55470336000,2,1,554,55420000000,applied
55552000000,55550336000,0,1,555,55500000000,applied
55552000000,55550336000,0,2,555,55500000000,applied
55562000000,55560336000,1,0,555,55510000000,applied
55562000000,55560336000,1,2,555,55510000000,applied
55572000000,55570336000,2,0,555,55520000000,applied
55572000000,55570336000,2,1,555,55520000000,applied
55652000000,55650336000,0,1,556,55600000000,applied
55652000000,55650336000,0,2,556,55600000000,applied
55662000000,55660336000,1,0,556,55610000000,applied
55662000000,55660336000,1,2,556,55610000000,applied
55672000000,55670336000,2,0,556,55620000000,applied
55672000000,55670336000,2,1,556,55620000000,applied
55752000000,55750336000,0,1,557,55700000000,applied
55752000000,55750336000,0,2,557,55700000000,applied
55762000000,55760336000,1,0,557,55710000000,applied
55762000000,55760336000,1,2,557,55710000000,applied
55772000000,55770336000,2,0,557,55720000000,applied
55772000000,55770336000,2,1,557,55720000000,applied
55852000000,55850336000,0,1,558,55800000000,applied
55852000000,55850336000,0,2,558,55800000000,applied
55862000000,55860336000,1,0,558,55810000000,applied
55862000000,55860336000,1,2,558,55810000000,applied
55872000000,55870336000,2,0,558,55820000000,applied
55872000000,55870336000,2,1,558,55820000000,applied
55952000000,55950336000,0,1,559,55900000000,applied
55952000000,55950336000,0,2,559,55900000000,applied
55962000000,55960336000,1,0,559,55910000000,applied
55962000000,55960336000,1,2,559,55910000000,applied
55972000000,55970336000,2,0,559,55920000000,applied
55972000000,55970336000,2,1,559,55920000000,applied
56052000000,56050336000,0,1,560,56000000000,applied
56052000000,56050336000,0,2,560,56000000000,applied
56062000000,56060336000,1,0,560,56010000000,applied
56062000000,56060336000,1,2,560,56010000000,applied
56072000000,56070336000,2,0,560,56020000000,applied
56072000000,56070336000,2,1,560,56020000000,applied
56152000000,56150336000,0,1,561,56100000000,applied
56152000000,56150336000,0,2,561,56100000000,applied
56162000000,56160336000,1,0,561,56110000000,applied
56162000000,56160336000,1,2,561,56110000000,applied
56172000000,56170336000,2,0,561,56120000000,applied
56172000000,56170336000,2,1,561,56120000000,applied
56252000000,56250336000,0,1,562,56200000000,applied
56252000000,56250336000,0,2,562,56200000000,applied
56262000000,56260336000,1,0,562,56210000000,applied
56262000000,56260336000,1,2,562,56210000000,applied
56272000000,56270336000,2,0,562,56220000000,applied
56272000000,56270336000,2,1,562,56220000000,applied
56352000000,56350336000,0,1,563,56300000000,applied
56352000000,56350336000,0,2,563,56300000000,applied
56362000000,56360336000,1,0,563,56310000000,applied
56362000000,56360336000,1,2,563,56310000000,applied
56372000000,56370336000,2,0,563,56320000000,applied
56372000000,56370336000,2,1,563,56320000000,applied
56452000000,56450336000,0,1,564,56400000000,applied
56452000000,56450336000,0,2,564,56400000000,applied
56462000000,56460336000,1,0,564,56410000000,applied
56462000000,56460336000,1,2,564,56410000000,applied
56472000000,56470336000,2,0,564,56420000000,applied
56472000000,56470336000,2,1,564,56420000000,applied
56552000000,56550336000,0,1,565,56500000000,applied
56552000000,56550336000,0,2,565,56500000000,applied
56562000000,56560336000,1,0,565,56510000000,applied
56562000000,56560336000,1,2,565,56510000000,applied
56572000000,56570336000,2,0,565,56520000000,applied
56572000000,56570336000,2,1,565,56520000000,applied
56652000000,56650336000,0,1,566,56600000000,applied
56652000000,56650336000,0,2,566,56600000000,applied
56662000000,56660336000,1,0,566,56610000000,applied
56662000000,56660336000,1,2,566,56610000000,applied
56672000000,56670336000,2,0,566,56620000000,applied
56672000000,56670336000,2,1,566,56620000000,applied
56752000000,56750336000,0,1,567,56700000000,applied
56752000000,56750336000,0,2,567,56700000000,applied
56762000000,56760336000,1,0,567,56710000000,applied
56762000000,56760336000,1,2,567,56710000000,applied
56772000000,56770336000,2,0,567,56720000000,applied
56772000000,56770336000,2,1,567,56720000000,applied
56852000000,56850336000,0,1,568,56800000000,applied
56852000000,56850336000,0,2,568,56800000000,applied
56862000000,56860336000,1,0,568,56810000000,applied
56862000000,56860336000,1,2,568,56810000000,applied
56872000000,56870336000,2,0,568,56820000000,applied
56872000000,56870336000,2,1,568,56820000000,applied
56952000000,56950336000,0,1,569,56900000000,applied
56952000000,56950336000,0,2,569,56900000000,applied
56962000000,56960336000,1,0,569,56910000000,applied
56962000000,56960336000,1,2,569,56910000000,applied
56972000000,56970336000,2,0,569,56920000000,applied
56972000000,56970336000,2,1,569,56920000000,applied
57052000000,57050336000,0,1,570,57000000000,applied
57052000000,57050336000,0,2,570,57000000000,applied
57062000000,57060336000,1,0,570,57010000000,applied
57062000000,57060336000,1,2,570,57010000000,applied
57072000000,57070336000,2,0,570,57020000000,applied
57072000000,57070336000,2,1,570,57020000000,applied
57152000000,57150336000,0,1,571,57100000000,applied
57152000000,57150336000,0,2,571,57100000000,applied
57162000000,57160336000,1,0,571,57110000000,applied
57162000000,57160336000,1,2,571,57110000000,applied
57172000000,57170336000,2,0,571,57120000000,applied
57172000000,57170336000,2,1,571,57120000000,applied
57252000000,57250336000,0,1,572,57200000000,applied
57252000000,57250336000,0,2,572,57200000000,applied
57262000000,57260336000,1,0,572,57210000000,applied
57262000000,57260336000,1,2,572,57210000000,applied
57272000000,57270336000,2,0,572,57220000000,applied
57272000000,57270336000,2,1,572,57220000000,applied
57352000000,57350336000,0,1,573,57300000000,applied
57352000000,57350336000,0,2,573,57300000000,applied
57362000000,57360336000,1,0,573,57310000000,applied
57362000000,57360336000,1,2,573,57310000000,applied
57372000000,57370336000,2,0,573,57320000000,applied
57372000000,57370336000,2,1,573,57320000000,applied
57452000000,57450336000,0,1,574,57400000000,applied
57452000000,57450336000,0,2,574,57400000000,applied
57462000000,57460336000,1,0,574,57410000000,applied
57462000000,57460336000,1,2,574,57410000000,applied
57472000000,57470336000,2,0,574,57420000000,applied
57472000000,57470336000,2,1,574,57420000000,applied
57552000000,57550336000,0,1,575,57500000000,applied
57552000000,57550336000,0,2,575,57500000000,applied
57562000000,57560336000,1,0,575,57510000000,applied
57562000000,57560336000,1,2,575,57510000000,applied
57572000000,57570336000,2,0,575,57520000000,applied
57572000000,57570336000,2,1,575,57520000000,applied
57652000000,57650336000,0,1,576,57600000000,applied
57652000000,57650336000,0,2,576,57600000000,applied
57662000000,57660336000,1,0,576,57610000000,applied
57662000000,57660336000,1,2,576,57610000000,applied
57672000000,57670336000,2,0,576,57620000000,applied
57672000000,57670336000,2,1,576,57620000000,applied
57752000000,57750336000,0,1,577,57700000000,applied
57752000000,57750336000,0,2,577,57700000000,applied
57762000000,57760336000,1,0,577,57710000000,applied
57762000000,57760336000,1,2,577,57710000000,applied
57772000000,57770336000,2,0,577,57720000000,applied
57772000000,57770336000,2,1,577,57720000000,applied
57852000000,57850336000,0,1,578,57800000000,applied
57852000000,57850336000,0,2,578,57800000000,applied
57862000000,57860336000,1,0,578,57810000000,applied
57862000000,57860336000,1,2,578,57810000000,applied
57872000000,57870336000,2,0,578,57820000000,applied
57872000000,57870336000,2,1,578,57820000000,applied
57952000000,57950336000,0,1,579,57900000000,applied
57952000000,57950336000,0,2,579,57900000000,applied
57962000000,57960336000,1,0,579,57910000000,applied
57962000000,57960336000,1,2,579,57910000000,applied
57972000000,57970336000,2,0,579,57920000000,applied
57972000000,57970336000,2,1,579,57920000000,applied
58052000000,58050336000,0,1,580,58000000000,applied
58052000000,58050336000,0,2,580,58000000000,applied
58062000000,58060336000,1,0,580,58010000000,applied
58062000000,58060336000,1,2,580,58010000000,applied
58072000000,58070336000,2,0,580,58020000000,applied
58072000000,58070336000,2,1,580,58020000000,applied
58152000000,58150336000,0,1,581,58100000000,applied
58152000000,58150336000,0,2,581,58100000000,applied
58162000000,58160336000,1,0,581,58110000000,applied
58162000000,58160336000,1,2,581,58110000000,applied
58172000000,58170336000,2,0,581,58120000000,applied
58172000000,58170336000,2,1,581,58120000000,applied
58252000000,58250336000,0,1,582,58200000000,applied
58252000000,58250336000,0,2,582,58200000000,applied
58262000000,58260336000,1,0,582,58210000000,applied
58262000000,58260336000,1,2,582,58210000000,applied
58272000000,58270336000,2,0,582,58220000000,applied
58272000000,58270336000,2,1,582,58220000000,applied
58352000000,58350336000,0,1,583,58300000000,applied
58352000000,58350336000,0,2,583,58300000000,applied
58362000000,58360336000,1,0,583,58310000000,applied
58362000000,58360336000,1,2,583,58310000000,applied
58372000000,58370336000,2,0,583,58320000000,applied
58372000000,58370336000,2,1,583,58320000000,applied
58452000000,58450336000,0,1,584,58400000000,applied
58452000000,58450336000,0,2,584,58400000000,applied
58462000000,58460336000,1,0,584,58410000000,applied
58462000000,58460336000,1,2,584,58410000000,applied
58472000000,58470336000,2,0,584,58420000000,applied
58472000000,58470336000,2,1,584,58420000000,applied
58552000000,58550336000,0,1,585,58500000000,applied
58552000000,58550336000,0,2,585,58500000000,applied
58562000000,58560336000,1,0,585,58510000000,applied
58562000000,58560336000,1,2,585,58510000000,applied
58572000000,58570336000,2,0,585,58520000000,applied
58572000000,58570336000,2,1,585,58520000000,applied
58652000000,58650336000,0,1,586,58600000000,applied
58652000000,58650336000,0,2,586,58600000000,applied
58662000000,58660336000,1,0,586,58610000000,applied
58662000000,58660336000,1,2,586,58610000000,applied
58672000000,58670336000,2,0,586,58620000000,applied
58672000000,58670336000,2,1,586,58620000000,applied
58752000000,58750336000,0,1,587,58700000000,applied
58752000000,58750336000,0,2,587,58700000000,applied
58762000000,58760336000,1,0,587,58710000000,applied
58762000000,58760336000,1,2,587,58710000000,applied
58772000000,58770336000,2,0,587,58720000000,applied
58772000000,58770336000,2,1,587,58720000000,applied
58852000000,58850336000,0,1,588,58800000000,applied
58852000000,58850336000,0,2,588,58800000000,applied
58862000000,58860336000,1,0,588,58810000000,applied
58862000000,58860336000,1,2,588,58810000000,applied
58872000000,58870336000,2,0,588,58820000000,applied
58872000000,58870336000,2,1,588,58820000000,applied
58952000000,58950336000,0,1,589,58900000000,applied
58952000000,58950336000,0,2,589,58900000000,applied
58962000000,58960336000,1,0,589,58910000000,applied
58962000000,58960336000,1,2,589,58910000000,applied
58972000000,58970336000,2,0,589,58920000000,applied
58972000000,58970336000,2,1,589,58920000000,applied
59052000000,59050336000,0,1,590,59000000000,applied
59052000000,59050336000,0,2,590,59000000000,applied
59062000000,59060336000,1,0,590,59010000000,applied
59062000000,59060336000,1,2,590,59010000000,applied
59072000000,59070336000,2,0,590,59020000000,applied
59072000000,59070336000,2,1,590,59020000000,applied
59152000000,59150336000,0,1,591,59100000000,applied
59152000000,59150336000,0,2,591,59100000000,applied
59162000000,59160336000,1,0,591,59110000000,applied
59162000000,59160336000,1,2,591,59110000000,applied
59172000000,59170336000,2,0,591,59120000000,applied
59172000000,59170336000,2,1,591,59120000000,applied
59252000000,59250336000,0,1,592,59200000000,applied
59252000000,59250336000,0,2,592,59200000000,applied
59262000000,59260336000,1,0,592,59210000000,applied
59262000000,59260336000,1,2,592,59210000000,applied
59272000000,59270336000,2,0,592,59220000000,applied
59272000000,59270336000,2,1,592,59220000000,applied
59352000000,59350336000,0,1,593,59300000000,applied
59352000000,59350336000,0,2,593,59300000000,applied
59362000000,59360336000,1,0,593,59310000000,applied
59362000000,59360336000,1,2,593,59310000000,applied
59372000000,59370336000,2,0,593,59320000000,applied
59372000000,59370336000,2,1,593,59320000000,applied
59452000000,59450336000,0,1,594,59400000000,applied
59452000000,59450336000,0,2,594,59400000000,applied
59462000000,59460336000,1,0,594,59410000000,applied
59462000000,59460336000,1,2,594,59410000000,applied
59472000000,59470336000,2,0,594,59420000000,applied
59472000000,59470336000,2,1,594,59420000000,applied
59552000000,59550336000,0,1,595,59500000000,applied
59552000000,59550336000,0,2,595,59500000000,applied
59562000000,59560336000,1,0,595,59510000000,applied
59562000000,59560336000,1,2,595,59510000000,applied
59572000000,59570336000,2,0,595,59520000000,applied
59572000000,59570336000,2,1,595,59520000000,applied
59652000000,59650336000,0,1,596,59600000000,applied
59652000000,59650336000,0,2,596,59600000000,applied
59662000000,59660336000,1,0,596,59610000000,applied
59662000000,59660336000,1,2,596,59610000000,applied
59672000000,59670336000,2,0,596,59620000000,applied
59672000000,59670336000,2,1,596,59620000000,applied
59752000000,59750336000,0,1,597,59700000000,applied
59752000000,59750336000,0,2,597,59700000000,applied
59762000000,59760336000,1,0,597,59710000000,applied
59762000000,59760336000,1,2,597,59710000000,applied
59772000000,59770336000,2,0,597,59720000000,applied
59772000000,59770336000,2,1,597,59720000000,applied
59852000000,59850336000,0,1,598,59800000000,applied
59852000000,59850336000,0,2,598,59800000000,applied
59862000000,59860336000,1,0,598,59810000000,applied
59862000000,59860336000,1,2,598,59810000000,applied
59872000000,59870336000,2,0,598,59820000000,applied
59872000000,59870336000,2,1,598,59820000000,applied
59952000000,59950336000,0,1,599,59900000000,applied
59952000000,59950336000,0,2,599,59900000000,applied
59962000000,59960336000,1,0,599,59910000000,applied
59962000000,59960336000,1,2,599,59910000000,applied
59972000000,59970336000,2,0,599,59920000000,applied
59972000000,59970336000,2,1,599,59920000000,applied
