t_consume_ns,t_rx_ns,src,dst,seq,t_gen_ns,outcome
72000000,71166770,2,0,0,20000000,applied
106000000,104116157,0,1,1,100000000,applied
138000000,136583306,2,1,1,120000000,applied
156000000,155519314,0,1,0,0,out_of_order
158000000,156981379,2,1,0,20000000,out_of_order
174000000,172711466,1,2,1,110000000,applied
188000000,186062144,1,2,0,10000000,out_of_order
190000000,188370777,1,0,0,10000000,applied
194000000,193975510,0,2,0,0,applied
202000000,200789201,2,0,1,120000000,applied
280000000,278757907,0,2,2,200000000,applied
282000000,280007417,2,1,2,220000000,applied
282000000,280936188,0,2,1,100000000,out_of_order
294000000,292773910,1,0,1,110000000,applied
324000000,323578455,0,1,2,200000000,applied
328000000,326947886,1,2,3,310000000,applied
330000000,329417842,2,1,3,320000000,applied
334000000,333742526,1,0,2,210000000,applied
336000000,335466378,2,0,2,220000000,applied
340000000,339962105,0,1,3,300000000,applied
356000000,355276155,1,2,2,210000000,out_of_order
366000000,365000638,1,0,3,310000000,applied
422000000,420005472,2,0,3,320000000,applied
434000000,432159854,0,2,4,400000000,applied
440000000,438057825,0,2,3,300000000,out_of_order
440000000,439447082,1,2,4,410000000,applied
472000000,470810374,2,1,4,420000000,applied
492000000,491218218,2,0,4,420000000,applied
562000000,561193531,0,1,4,400000000,applied
578000000,576763949,1,2,5,510000000,applied
578000000,576845110,1,0,4,410000000,applied
578000000,576852252,0,2,5,500000000,applied
586000000,584474747,0,1,5,500000000,applied
612000000,611737757,1,2,6,610000000,applied
632000000,630667502,2,1,5,520000000,applied
662000000,660070389,2,0,5,520000000,applied
678000000,676915269,1,0,5,510000000,applied
688000000,686432538,2,1,6,620000000,applied
712000000,710435593,1,0,6,610000000,applied
718000000,717118243,1,2,7,710000000,applied
724000000,722662320,0,1,7,700000000,applied
734000000,733483716,0,2,7,700000000,applied
744000000,743234895,0,1,6,600000000,out_of_order
756000000,754826819,2,0,6,620000000,applied
760000000,759154411,0,2,6,600000000,out_of_order
790000000,788680531,1,0,7,710000000,applied
828000000,827626436,2,0,7,720000000,applied
836000000,835191493,0,2,8,800000000,applied
840000000,838477985,2,1,8,820000000,applied
914000000,912843716,0,1,8,800000000,applied
916000000,914006805,2,1,7,720000000,out_of_order
950000000,949385786,1,2,8,810000000,applied
952000000,950529942,2,0,8,820000000,applied
978000000,977933234,1,0,8,810000000,applied
984000000,983711116,0,1,9,900000000,applied
986000000,984349832,2,0,9,920000000,applied
994000000,992483560,0,2,9,900000000,applied
1014000000,1013443716,1,2,10,1010000000,applied
1020000000,1018675071,0,1,10,1000000000,applied
1036000000,1035758232,1,0,9,910000000,applied
1050000000,1048173854,2,1,10,1020000000,applied
1066000000,1064570035,1,2,9,910000000,out_of_order
1078000000,1077624606,2,1,9,920000000,out_of_order
1102000000,1100957347,1,0,10,1010000000,applied
1140000000,1138565522,2,0,11,1120000000,applied
1162000000,1160980250,0,2,10,1000000000,applied
1164000000,1162990138,0,2,11,1100000000,applied
1176000000,1174902733,2,0,10,1020000000,out_of_order
1196000000,1194244847,0,1,11,1100000000,applied
1228000000,1226115601,0,2,12,1200000000,applied
1228000000,1226276409,1,2,12,1210000000,applied
1246000000,1245257524,0,1,12,1200000000,applied
1274000000,1272185293,1,2,11,1110000000,out_of_order
1296000000,1294689525,2,1,11,1120000000,applied
1298000000,1297302115,1,0,11,1110000000,applied
1298000000,1297511063,2,0,12,1220000000,applied
1354000000,1353939088,2,1,13,1320000000,applied
1356000000,1355982733,1,0,12,1210000000,applied
1366000000,1365221657,1,0,13,1310000000,applied
1378000000,1376537991,2,0,13,1320000000,applied
1382000000,1381592020,0,2,13,1300000000,applied
1396000000,1395204971,0,1,13,1300000000,applied
1406000000,1405029155,2,1,12,1220000000,out_of_order
1452000000,1451065294,1,0,14,1410000000,applied
1454000000,1452618933,1,2,14,1410000000,applied
1470000000,1468681745,1,2,13,1310000000,out_of_order
1504000000,1503965203,2,1,14,1420000000,applied
1508000000,1506722865,0,1,14,1400000000,applied
1548000000,1546447525,0,1,15,1500000000,applied
1554000000,1553794835,2,0,14,1420000000,applied
1584000000,1582490465,0,2,14,1400000000,applied
1598000000,1597724683,1,0,15,1510000000,applied
1600000000,1598911084,2,1,15,1520000000,applied
1604000000,1603264979,0,2,15,1500000000,applied
1616000000,1615704231,1,2,15,1510000000,applied
1652000000,1650644097,0,1,16,1600000000,applied
1658000000,1657462473,0,2,16,1600000000,applied
1668000000,1666697459,2,1,16,1620000000,applied
1710000000,1708851623,2,0,15,1520000000,applied
1714000000,1713778924,2,0,16,1620000000,applied
1720000000,1718694661,1,2,17,1710000000,applied
1736000000,1735428264,1,0,17,1710000000,applied
1748000000,1746753903,2,1,17,1720000000,applied
1770000000,1768117588,1,2,16,1610000000,out_of_order
1788000000,1786393971,2,0,17,1720000000,applied
1808000000,1806674184,1,0,16,1610000000,out_of_order
1820000000,1819405867,1,0,18,1810000000,applied
1830000000,1828862605,0,1,17,1700000000,applied
1838000000,1836188157,0,1,18,1800000000,applied
1844000000,1842162538,2,0,18,1820000000,applied
1852000000,1851506139,0,2,17,1700000000,applied
1910000000,1908317594,2,1,18,1820000000,applied
1922000000,1920284503,1,2,18,1810000000,applied
1934000000,1933217224,1,0,19,1910000000,applied
1946000000,1944899265,0,2,18,1800000000,applied
1970000000,1969853913,2,0,19,1920000000,applied
1992000000,1991176911,1,2,19,1910000000,applied
1994000000,1992770598,2,1,19,1920000000,applied
2004000000,2002602444,0,1,19,1900000000,applied
2056000000,2054299897,0,2,19,1900000000,applied
2086000000,2085087853,1,0,20,2010000000,applied
2106000000,2105300766,0,1,20,2000000000,applied
2124000000,2123790496,0,2,21,2100000000,applied
2126000000,2125969179,2,0,20,2020000000,applied
2138000000,2137764144,2,0,21,2120000000,applied
2142000000,2140926041,2,1,20,2020000000,applied
2150000000,2149534777,1,2,20,2010000000,applied
2170000000,2169926944,0,2,20,2000000000,out_of_order
2184000000,2183313929,1,0,21,2110000000,applied
2200000000,2198299913,0,1,21,2100000000,applied
2216000000,2214016438,0,1,22,2200000000,applied
2226000000,2225294968,1,2,22,2210000000,applied
2230000000,2229824608,2,1,21,2120000000,applied
2266000000,2265234110,1,2,21,2110000000,out_of_order
2284000000,2282458375,2,1,22,2220000000,applied
2286000000,2285877472,2,0,22,2220000000,applied
2322000000,2321613162,0,1,23,2300000000,applied
2344000000,2342102576,1,0,22,2210000000,applied
2372000000,2371466060,1,2,23,2310000000,applied
2374000000,2372623706,0,2,22,2200000000,applied
2376000000,2374345801,2,0,23,2320000000,applied
2404000000,2402484297,0,2,24,2400000000,applied
2442000000,2441564283,1,0,23,2310000000,applied
2448000000,2447406096,2,1,23,2320000000,applied
2462000000,2461493182,1,2,24,2410000000,applied
2484000000,2483491348,0,2,23,2300000000,out_of_order
2486000000,2484594542,2,0,24,2420000000,applied
2488000000,2486480161,0,1,24,2400000000,applied
2530000000,2529806132,1,0,24,2410000000,applied
2534000000,2532954235,2,1,25,2520000000,applied
2550000000,2548131389,2,1,24,2420000000,out_of_order
2578000000,2576679531,1,2,25,2510000000,applied
2620000000,2618606143,1,0,25,2510000000,applied
2632000000,2630025571,0,2,26,2600000000,applied
2652000000,2650903547,1,2,26,2610000000,applied
2654000000,2653075028,2,1,26,2620000000,applied
2662000000,2661280943,0,2,25,2500000000,out_of_order
2688000000,2687289240,2,0,25,2520000000,applied
2690000000,2689355827,0,1,26,2600000000,applied
2694000000,2693764144,0,1,25,2500000000,out_of_order
2712000000,2711176241,1,0,26,2610000000,applied
2746000000,2744207546,0,1,27,2700000000,applied
2748000000,2746360743,0,2,27,2700000000,applied
2748000000,2746744874,1,0,27,2710000000,applied
2764000000,2763039888,2,0,27,2720000000,applied
2772000000,2770929548,1,2,27,2710000000,applied
2782000000,2780458948,2,0,26,2620000000,out_of_order
2786000000,2784381144,2,1,27,2720000000,applied
2884000000,2883447759,1,2,28,2810000000,applied
2906000000,2904872056,2,0,28,2820000000,applied
2924000000,2922090880,0,2,28,2800000000,applied
2932000000,2930972018,0,1,29,2900000000,applied
2934000000,2933833240,0,1,28,2800000000,out_of_order
2940000000,2938304018,1,0,28,2810000000,applied
2956000000,2954240976,0,2,29,2900000000,applied
2970000000,2969004524,2,1,28,2820000000,applied
2996000000,2994222391,1,0,29,2910000000,applied
3014000000,3012662435,2,1,29,2920000000,applied
3022000000,3020345009,1,2,29,2910000000,applied
3036000000,3034968782,2,0,29,2920000000,applied
3060000000,3058863860,0,2,30,3000000000,applied
3072000000,3071502737,0,1,30,3000000000,applied
3086000000,3085009944,2,0,30,3020000000,applied
3112000000,3111548835,1,2,30,3010000000,applied
3144000000,3143221524,2,1,31,3120000000,applied
3160000000,3159985915,1,2,31,3110000000,applied
3198000000,3197545590,2,1,30,3020000000,out_of_order
3202000000,3201070963,1,0,30,3010000000,applied
3208000000,3206584182,0,1,32,3200000000,applied
3208000000,3207589026,0,1,31,3100000000,out_of_order
3244000000,3242018243,2,0,32,3220000000,applied
3270000000,3268641687,2,1,32,3220000000,applied
3276000000,3275097414,1,0,32,3210000000,applied
3292000000,3290799135,0,2,31,3100000000,applied
3292000000,3291891403,2,0,31,3120000000,out_of_order
3302000000,3301184973,0,2,33,3300000000,applied
3304000000,3303786313,1,0,31,3110000000,out_of_order
3316000000,3314072648,0,2,32,3200000000,out_of_order
3362000000,3361846207,2,1,33,3320000000,applied
3380000000,3378653075,0,1,33,3300000000,applied
3402000000,3400022687,1,2,33,3310000000,applied
3404000000,3403230238,1,2,32,3210000000,out_of_order
3406000000,3404733328,1,0,33,3310000000,applied
3446000000,3444209509,2,0,34,3420000000,applied
3472000000,3470167799,2,1,34,3420000000,applied
3480000000,3479622674,2,0,33,3320000000,out_of_order
3500000000,3498635891,1,2,34,3410000000,applied
3560000000,3558854996,0,2,34,3400000000,applied
3570000000,3568181981,2,0,35,3520000000,applied
3578000000,3576995226,2,1,35,3520000000,applied
3584000000,3583643601,1,0,34,3410000000,applied
3586000000,3584871078,1,2,35,3510000000,applied
3586000000,3585704004,0,1,34,3400000000,applied
3592000000,3591905646,0,2,35,3500000000,applied
3622000000,3620159401,1,0,36,3610000000,applied
3632000000,3631568629,0,2,36,3600000000,applied
3650000000,3649620501,1,0,35,3510000000,out_of_order
3652000000,3650911762,2,0,36,3620000000,applied
3686000000,3685421569,1,2,36,3610000000,applied
3698000000,3696966893,0,1,35,3500000000,applied
3724000000,3723702796,0,1,36,3600000000,applied
3742000000,3740331832,2,0,37,3720000000,applied
3754000000,3752032296,2,1,37,3720000000,applied
3754000000,3753708831,0,1,37,3700000000,applied
3762000000,3761631801,2,1,36,3620000000,out_of_order
3776000000,3775084304,0,2,37,3700000000,applied
3842000000,3840238115,1,2,37,3710000000,applied
3862000000,3861185941,1,0,38,3810000000,applied
3862000000,3861888099,0,2,38,3800000000,applied
3880000000,3878318345,1,0,37,3710000000,out_of_order
3920000000,3918045978,0,1,39,3900000000,applied
3922000000,3920323215,2,0,38,3820000000,applied
3930000000,3928177030,0,1,38,3800000000,out_of_order
3932000000,3930407562,1,2,38,3810000000,applied
3940000000,3939913537,1,2,39,3910000000,applied
3948000000,3946224683,0,2,39,3900000000,applied
3988000000,3986787973,1,0,39,3910000000,applied
4006000000,4005988995,2,1,38,3820000000,applied
4026000000,4024098248,2,0,40,4020000000,applied
4078000000,4077131191,1,0,40,4010000000,applied
4098000000,4097968508,0,1,40,4000000000,applied
4116000000,4114513371,2,0,39,3920000000,out_of_order
4116000000,4115984884,2,1,39,3920000000,applied
4118000000,4116943847,2,1,40,4020000000,applied
4136000000,4134118636,0,2,40,4000000000,applied
4136000000,4135808829,1,2,41,4110000000,applied
4152000000,4151854446,2,0,41,4120000000,applied
4162000000,4160075990,0,2,41,4100000000,applied
4170000000,4168797428,1,2,40,4010000000,out_of_order
4176000000,4174809392,1,0,41,4110000000,applied
4188000000,4187593720,2,1,41,4120000000,applied
4268000000,4266769543,2,1,42,4220000000,applied
4284000000,4282124789,0,1,41,4100000000,applied
4288000000,4287080359,1,2,42,4210000000,applied
4290000000,4289698335,1,0,42,4210000000,applied
4322000000,4321840298,0,2,42,4200000000,applied
4344000000,4342322711,2,0,43,4320000000,applied
4346000000,4345168741,0,1,42,4200000000,applied
4348000000,4346832843,1,2,43,4310000000,applied
4354000000,4353651175,1,0,43,4310000000,applied
4378000000,4377324067,2,1,43,4320000000,applied
4382000000,4380897135,2,0,42,4220000000,out_of_order
4400000000,4398093127,0,1,43,4300000000,applied
4436000000,4434320432,2,1,44,4420000000,applied
4458000000,4457852849,0,2,44,4400000000,applied
4488000000,4487113061,0,2,43,4300000000,out_of_order
4536000000,4535753565,1,0,44,4410000000,applied
4546000000,4544891676,0,2,45,4500000000,applied
4552000000,4550001802,0,1,44,4400000000,applied
4554000000,4552193258,1,2,44,4410000000,applied
4586000000,4584896217,2,1,45,4520000000,applied
4592000000,4590086496,2,0,44,4420000000,applied
4610000000,4609824086,2,0,45,4520000000,applied
4650000000,4648817863,1,2,45,4510000000,applied
4666000000,4664307513,1,2,46,4610000000,applied
4676000000,4674601579,1,0,45,4510000000,applied
4680000000,4678180385,0,1,46,4600000000,applied
4680000000,4678837723,2,1,46,4620000000,applied
4692000000,4691435483,0,1,45,4500000000,out_of_order
4714000000,4712486276,0,2,46,4600000000,applied
4728000000,4727888733,0,2,47,4700000000,applied
4740000000,4738545757,2,1,47,4720000000,applied
4774000000,4773059931,1,0,46,4610000000,applied
4794000000,4792102226,2,0,47,4720000000,applied
4804000000,4803207491,2,0,46,4620000000,out_of_order
4844000000,4843445112,2,0,48,4820000000,applied
4860000000,4858347384,0,1,47,4700000000,applied
4870000000,4869122485,2,1,48,4820000000,applied
4870000000,4869478404,0,1,48,4800000000,applied
4874000000,4873902572,0,2,48,4800000000,applied
4876000000,4874292728,1,2,47,4710000000,applied
4902000000,4901561157,1,0,47,4710000000,applied
4950000000,4949358668,2,1,49,4920000000,applied
4994000000,4993773578,1,2,48,4810000000,applied
4996000000,4994018657,1,0,48,4810000000,applied
5016000000,5014203289,2,0,49,4920000000,applied
5020000000,5019525868,0,1,49,4900000000,applied
5026000000,5024519529,1,0,50,5010000000,applied
5026000000,5024820737,1,2,49,4910000000,applied
5058000000,5056396516,0,2,49,4900000000,applied
5080000000,5078405213,0,1,50,5000000000,applied
5096000000,5094087480,1,0,49,4910000000,out_of_order
5128000000,5126210656,1,0,51,5110000000,applied
5134000000,5133394672,0,2,50,5000000000,applied
5166000000,5164943719,2,1,50,5020000000,applied
5170000000,5169383556,2,1,51,5120000000,applied
5172000000,5171059162,1,2,51,5110000000,applied
5192000000,5191444887,1,2,50,5010000000,out_of_order
5210000000,5209174618,2,0,50,5020000000,applied
5218000000,5216976143,0,2,51,5100000000,applied
5230000000,5228198703,0,2,52,5200000000,applied
5230000000,5229293646,2,0,52,5220000000,applied
5236000000,5234994556,2,1,52,5220000000,applied
5254000000,5253809347,0,1,51,5100000000,applied
5286000000,5285012702,0,1,52,5200000000,applied
5314000000,5312068611,1,0,53,5310000000,applied
5314000000,5312930263,0,1,53,5300000000,applied
5320000000,5319050291,2,0,51,5120000000,out_of_order
5328000000,5326199968,1,2,52,5210000000,applied
5332000000,5330914990,2,1,53,5320000000,applied
5360000000,5359673687,1,2,53,5310000000,applied
5368000000,5366451941,2,0,53,5320000000,applied
5402000000,5401558311,0,2,53,5300000000,applied
5406000000,5405874853,0,1,54,5400000000,applied
5412000000,5410423435,1,0,52,5210000000,out_of_order
5444000000,5442027549,2,0,54,5420000000,applied
5464000000,5462503501,2,1,54,5420000000,applied
5498000000,5496901499,1,0,54,5410000000,applied
5554000000,5552936928,0,2,54,5400000000,applied
5586000000,5584689216,1,2,54,5410000000,applied
5610000000,5608195482,0,2,56,5600000000,applied
5618000000,5617026653,1,2,56,5610000000,applied
5634000000,5632894544,0,2,55,5500000000,out_of_order
5648000000,5647341105,2,0,55,5520000000,applied
5668000000,5667153244,0,1,55,5500000000,applied
5672000000,5670542930,2,0,56,5620000000,applied
5680000000,5678607711,1,2,55,5510000000,out_of_order
5682000000,5680767795,2,1,55,5520000000,applied
5690000000,5688698778,1,0,56,5610000000,applied
5690000000,5689510514,1,0,55,5510000000,out_of_order
5738000000,5736528682,2,1,57,5720000000,applied
5748000000,5747020991,0,1,56,5600000000,applied
5774000000,5772732617,2,1,56,5620000000,out_of_order
5774000000,5773777119,0,1,57,5700000000,applied
5812000000,5811590321,0,2,58,5800000000,applied
5856000000,5855914829,1,2,57,5710000000,applied
5884000000,5883228452,0,2,57,5700000000,out_of_order
5888000000,5886616839,2,0,58,5820000000,applied
5890000000,5888900996,2,0,57,5720000000,out_of_order
5890000000,5889512745,1,0,57,5710000000,applied
5898000000,5896681022,1,2,58,5810000000,applied
5920000000,5919968297,1,0,58,5810000000,applied
5924000000,5922648756,0,1,58,5800000000,applied
5932000000,5930842405,2,0,59,5920000000,applied
6006000000,6004907324,2,1,58,5820000000,applied
6010000000,6009805062,1,2,59,5910000000,applied
6032000000,6030198250,0,1,59,5900000000,applied
6042000000,6040276944,0,2,59,5900000000,applied
6042000000,6041588772,1,0,59,5910000000,applied
6058000000,6057008969,0,2,60,6000000000,applied
6076000000,6075150204,0,1,60,6000000000,applied
6088000000,6087410203,1,0,60,6010000000,applied
6098000000,6096298916,2,1,59,5920000000,applied
6098000000,6097480187,2,0,60,6020000000,applied
6108000000,6106915172,2,1,60,6020000000,applied
6122000000,6120963500,1,2,60,6010000000,applied
6144000000,6143507081,1,2,61,6110000000,applied
6162000000,6160588280,2,1,61,6120000000,applied
6204000000,6203962552,1,0,61,6110000000,applied
6208000000,6206259853,0,1,62,6200000000,applied
6208000000,6206699442,0,1,61,6100000000,out_of_order
6222000000,6220261534,1,2,62,6210000000,applied
6252000000,6250120900,0,2,61,6100000000,applied
6254000000,6252681373,2,0,61,6120000000,applied
6272000000,6270905811,2,1,62,6220000000,applied
6276000000,6275445208,1,0,62,6210000000,applied
6284000000,6282208456,0,2,62,6200000000,applied
6322000000,6321069162,1,2,63,6310000000,applied
6328000000,6327556782,2,0,63,6320000000,applied
6346000000,6344368564,2,0,62,6220000000,out_of_order
6368000000,6366636808,0,2,63,6300000000,applied
6388000000,6387177032,0,1,63,6300000000,applied
6390000000,6389405706,1,0,63,6310000000,applied
6412000000,6410914478,2,1,63,6320000000,applied
6444000000,6443791674,0,1,64,6400000000,applied
6466000000,6464318320,2,1,64,6420000000,applied
6492000000,6490394104,1,0,64,6410000000,applied
6514000000,6512332378,0,2,64,6400000000,applied
6566000000,6564969026,1,2,64,6410000000,applied
6568000000,6566032847,1,0,65,6510000000,applied
6592000000,6590210210,2,0,64,6420000000,applied
6592000000,6590693562,0,2,65,6500000000,applied
6610000000,6609124831,0,2,66,6600000000,applied
6622000000,6620537897,1,0,66,6610000000,applied
6624000000,6622698897,2,0,65,6520000000,applied
6632000000,6631362877,0,1,65,6500000000,applied
6638000000,6637221496,2,1,65,6520000000,applied
6668000000,6666369314,2,1,66,6620000000,applied
6706000000,6704038706,0,1,66,6600000000,applied
6706000000,6704500834,0,1,67,6700000000,applied
6706000000,6704904266,1,2,65,6510000000,applied
6774000000,6773152294,1,2,66,6610000000,applied
6776000000,6775258555,2,0,66,6620000000,applied
6824000000,6822466481,2,1,67,6720000000,applied
6836000000,6835824463,2,0,67,6720000000,applied
6854000000,6852437957,2,1,68,6820000000,applied
6862000000,6860183543,1,2,67,6710000000,applied
6866000000,6865564780,2,0,68,6820000000,applied
6876000000,6874825859,0,1,68,6800000000,applied
6884000000,6883455147,0,2,67,6700000000,applied
6894000000,6892126012,1,0,68,6810000000,applied
6900000000,6899515853,1,2,68,6810000000,applied
6904000000,6902376681,1,0,67,6710000000,out_of_order
6930000000,6929520396,1,0,69,6910000000,applied
6994000000,6992277029,0,2,68,6800000000,applied
7034000000,7032477425,1,2,69,6910000000,applied
7050000000,7049924414,2,0,69,6920000000,applied
7058000000,7057291615,1,0,70,7010000000,applied
7062000000,7060547603,2,1,69,6920000000,applied
7064000000,7063178743,0,1,69,6900000000,applied
7078000000,7076315706,0,2,69,6900000000,applied
7104000000,7103157169,2,0,70,7020000000,applied
7108000000,7107653214,0,1,71,7100000000,applied
7120000000,7118164494,0,2,70,7000000000,applied
7130000000,7129481457,0,1,70,7000000000,out_of_order
7138000000,7136595901,1,2,71,7110000000,applied
7162000000,7160327169,2,1,71,7120000000,applied
7162000000,7161971947,1,2,70,7010000000,out_of_order
7190000000,7189864506,2,1,70,7020000000,out_of_order
7194000000,7192300044,0,2,71,7100000000,applied
7226000000,7225698023,2,1,72,7220000000,applied
7282000000,7280139039,2,0,71,7120000000,applied
7288000000,7286557822,2,0,72,7220000000,applied
7288000000,7287653021,0,1,72,7200000000,applied
7294000000,7292783747,0,2,72,7200000000,applied
7306000000,7305515329,1,0,71,7110000000,applied
7336000000,7334743780,1,2,73,7310000000,applied
7348000000,7346736128,1,2,72,7210000000,out_of_order
7356000000,7354594761,1,0,73,7310000000,applied
7386000000,7384306878,2,0,73,7320000000,applied
7390000000,7389881963,1,0,72,7210000000,out_of_order
7422000000,7420999340,2,1,73,7320000000,applied
7468000000,7466031318,0,1,73,7300000000,applied
7478000000,7477300273,2,0,74,7420000000,applied
7494000000,7492411464,0,2,73,7300000000,applied
7508000000,7507764960,0,1,74,7400000000,applied
7522000000,7520882094,2,1,74,7420000000,applied
7538000000,7537329188,1,0,74,7410000000,applied
7554000000,7552634124,0,2,74,7400000000,applied
7584000000,7583468005,2,1,75,7520000000,applied
7588000000,7587372268,2,0,75,7520000000,applied
7592000000,7590576879,1,0,75,7510000000,applied
7610000000,7608655685,1,2,74,7410000000,applied
7610000000,7608932483,0,2,75,7500000000,applied
7642000000,7641028719,2,0,76,7620000000,applied
7648000000,7646237985,1,0,76,7610000000,applied
7662000000,7661191501,0,1,75,7500000000,applied
7670000000,7668834595,2,1,76,7620000000,applied
7688000000,7686229924,1,2,75,7510000000,applied
7694000000,7693730867,0,2,76,7600000000,applied
7700000000,7699543471,1,2,76,7610000000,applied
7724000000,7723903306,2,1,77,7720000000,applied
7738000000,7736210583,2,0,77,7720000000,applied
7766000000,7765645476,0,1,77,7700000000,applied
7770000000,7769884078,0,1,76,7600000000,out_of_order
7812000000,7810681442,1,2,77,7710000000,applied
7812000000,7811417823,0,1,78,7800000000,applied
7840000000,7839295970,0,2,78,7800000000,applied
7846000000,7844487793,0,2,77,7700000000,out_of_order
7862000000,7861259418,2,1,78,7820000000,applied
7886000000,7884923398,1,0,77,7710000000,applied
7920000000,7918372025,2,0,78,7820000000,applied
7920000000,7918527133,1,2,78,7810000000,applied
7922000000,7921733439,1,0,79,7910000000,applied
7932000000,7931590751,1,2,79,7910000000,applied
7970000000,7968767551,2,1,79,7920000000,applied
7978000000,7976131260,1,0,78,7810000000,out_of_order
8026000000,8025920934,0,1,79,7900000000,applied
8034000000,8033069922,1,2,80,8010000000,applied
8052000000,8051202989,0,2,80,8000000000,applied
8092000000,8091482059,0,2,79,7900000000,out_of_order
8096000000,8094878802,2,1,80,8020000000,applied
8118000000,8116700910,2,0,79,7920000000,applied
8140000000,8138227987,1,0,81,8110000000,applied
8142000000,8140071187,0,1,80,8000000000,applied
8144000000,8143450444,1,0,80,8010000000,out_of_order
8158000000,8156587718,2,1,81,8120000000,applied
8174000000,8172676660,2,0,80,8020000000,applied
8216000000,8215890417,1,2,82,8210000000,applied
8228000000,8226463413,2,0,82,8220000000,applied
8228000000,8226865829,1,0,82,8210000000,applied
8246000000,8245055168,1,2,81,8110000000,out_of_order
8252000000,8250259237,2,0,81,8120000000,out_of_order
8266000000,8264698954,0,1,81,8100000000,applied
8270000000,8268590325,0,1,82,8200000000,applied
8288000000,8286794517,0,2,81,8100000000,applied
8292000000,8290255011,2,1,82,8220000000,applied
8330000000,8328400619,1,0,83,8310000000,applied
8350000000,8348669527,0,2,82,8200000000,applied
8396000000,8394133659,2,1,83,8320000000,applied
8414000000,8413129126,2,0,83,8320000000,applied
8430000000,8428375593,2,0,84,8420000000,applied
8436000000,8435707607,1,2,83,8310000000,applied
8464000000,8462811306,0,2,83,8300000000,applied
8478000000,8477109941,1,0,84,8410000000,applied
8486000000,8485713892,0,1,83,8300000000,applied
8502000000,8501127325,0,2,84,8400000000,applied
8502000000,8501953006,0,2,85,8500000000,applied
8508000000,8506261360,1,2,84,8410000000,applied
8524000000,8523810785,2,1,84,8420000000,applied
8568000000,8566147207,1,2,85,8510000000,applied
8598000000,8597194245,0,1,84,8400000000,applied
8600000000,8598962558,2,0,85,8520000000,applied
8604000000,8602210893,0,2,86,8600000000,applied
8610000000,8608369199,0,1,86,8600000000,applied
8622000000,8621877761,1,2,86,8610000000,applied
8628000000,8626360429,0,1,85,8500000000,out_of_order
8640000000,8638005117,2,1,86,8620000000,applied
8678000000,8677193599,1,0,85,8510000000,applied
8680000000,8678835546,2,1,85,8520000000,out_of_order
8710000000,8709009801,1,0,86,8610000000,applied
8730000000,8729326548,1,2,87,8710000000,applied
8738000000,8736832067,0,2,87,8700000000,applied
8752000000,8751818274,0,1,87,8700000000,applied
8760000000,8759586303,2,0,86,8620000000,applied
8766000000,8764553786,2,1,87,8720000000,applied
8806000000,8805506480,1,0,87,8710000000,applied
8850000000,8849595773,1,0,88,8810000000,applied
8854000000,8853624051,0,1,88,8800000000,applied
8856000000,8854540241,2,0,87,8720000000,applied
8928000000,8926440952,2,1,89,8920000000,applied
8938000000,8937918710,1,2,88,8810000000,applied
8954000000,8952751034,1,2,89,8910000000,applied
8958000000,8956660602,0,1,89,8900000000,applied
8960000000,8959212780,2,1,88,8820000000,out_of_order
8984000000,8982887147,0,2,88,8800000000,applied
8996000000,8994657350,2,0,88,8820000000,applied
9004000000,9003050067,2,0,89,8920000000,applied
9024000000,9023863180,0,2,89,8900000000,applied
9040000000,9038249687,1,0,89,8910000000,applied
9064000000,9063637848,2,1,90,9020000000,applied
9064000000,9063788421,0,2,90,9000000000,applied
9098000000,9096094566,2,0,90,9020000000,applied
9132000000,9130317422,1,2,90,9010000000,applied
9158000000,9157519946,1,2,91,9110000000,applied
9164000000,9162555871,0,1,90,9000000000,applied
9196000000,9194945057,1,0,90,9010000000,applied
9198000000,9196902252,0,1,91,9100000000,applied
9216000000,9214604255,0,2,92,9200000000,applied
9218000000,9217816301,1,0,91,9110000000,applied
9230000000,9228271044,2,0,91,9120000000,applied
9234000000,9233702755,2,1,91,9120000000,applied
9246000000,9245161404,1,0,92,9210000000,applied
9258000000,9257281228,0,2,91,9100000000,out_of_order
9294000000,9292483637,2,0,92,9220000000,applied
9338000000,9337829485,0,1,93,9300000000,applied
9362000000,9361905725,2,0,93,9320000000,applied
9372000000,9370553650,1,0,93,9310000000,applied
9378000000,9376316792,0,1,92,9200000000,out_of_order
9380000000,9379331546,2,1,92,9220000000,applied
9406000000,9404913373,1,2,92,9210000000,applied
9414000000,9413747880,1,2,94,9410000000,applied
9442000000,9440672491,1,0,94,9410000000,applied
9446000000,9444023046,2,1,93,9320000000,applied
9460000000,9458015674,0,2,93,9300000000,applied
9494000000,9492240214,1,2,93,9310000000,out_of_order
9506000000,9505607832,2,0,94,9420000000,applied
9516000000,9514948364,0,2,94,9400000000,applied
9540000000,9538777267,2,0,95,9520000000,applied
9560000000,9559559219,0,1,94,9400000000,applied
9566000000,9565162580,2,1,94,9420000000,applied
9580000000,9578844564,1,0,95,9510000000,applied
9616000000,9615461940,0,1,95,9500000000,applied
9624000000,9622504731,1,2,95,9510000000,applied
9674000000,9673830329,0,2,95,9500000000,applied
9710000000,9708449987,2,1,95,9520000000,applied
9726000000,9724974698,2,0,96,9620000000,applied
9764000000,9763805372,0,2,96,9600000000,applied
9768000000,9766645222,1,0,96,9610000000,applied
9768000000,9767388632,0,1,96,9600000000,applied
9774000000,9772941590,1,2,96,9610000000,applied
9780000000,9779141586,2,0,97,9720000000,applied
9784000000,9783957097,0,2,97,9700000000,applied
9802000000,9801832686,1,0,97,9710000000,applied
9806000000,9805375408,2,1,96,9620000000,applied
9830000000,9829820939,1,0,98,9810000000,applied
9864000000,9862487696,1,2,97,9710000000,applied
9866000000,9865397796,0,1,97,9700000000,applied
9872000000,9870763018,2,1,97,9720000000,applied
9876000000,9875419801,2,0,98,9820000000,applied
9918000000,9917521115,0,1,98,9800000000,applied
9942000000,9940807894,1,2,99,9910000000,applied
9962000000,9960793830,2,0,99,9920000000,applied
9968000000,9966560454,0,2,98,9800000000,applied
9968000000,9966825700,2,1,98,9820000000,applied
9968000000,9967350704,1,2,98,9810000000,out_of_order
9976000000,9974525180,0,1,99,9900000000,applied
9996000000,9994294758,0,2,99,9900000000,applied
10018000000,10017705908,1,0,99,9910000000,applied
10032000000,10031095000,2,1,99,9920000000,applied
10038000000,10036184536,2,0,100,10020000000,applied
10088000000,10086520477,1,2,100,10010000000,applied
10102000000,10100830683,0,2,100,10000000000,applied
10114000000,10112733535,0,1,100,10000000000,applied
10132000000,10130515775,1,2,101,10110000000,applied
10134000000,10133721396,0,2,101,10100000000,applied
10156000000,10154203937,1,0,100,10010000000,applied
10162000000,10161045321,2,1,100,10020000000,applied
10176000000,10174505860,0,1,101,10100000000,applied
10196000000,10195169024,1,0,101,10110000000,applied
10200000000,10198192631,2,1,101,10120000000,applied
10236000000,10234989004,2,1,102,10220000000,applied
10282000000,10280482554,2,0,101,10120000000,applied
10288000000,10287528591,1,0,102,10210000000,applied
10290000000,10289016398,1,2,102,10210000000,applied
10332000000,10330082312,2,0,102,10220000000,applied
10334000000,10332988980,0,1,102,10200000000,applied
10350000000,10349496902,0,2,102,10200000000,applied
10370000000,10369215960,2,0,103,10320000000,applied
10428000000,10427988001,0,1,104,10400000000,applied
10430000000,10428752194,2,1,103,10320000000,applied
10432000000,10431372505,0,1,103,10300000000,out_of_order
10434000000,10433211472,2,1,104,10420000000,applied
10458000000,10456671615,1,2,103,10310000000,applied
10458000000,10457658777,0,2,104,10400000000,applied
10492000000,10490626022,1,0,103,10310000000,applied
10496000000,10495168092,0,2,103,10300000000,out_of_order
10520000000,10519374413,1,0,105,10510000000,applied
10544000000,10542068921,2,0,104,10420000000,applied
10578000000,10576859719,2,0,105,10520000000,applied
10598000000,10597684495,1,0,104,10410000000,out_of_order
10602000000,10600648984,1,2,104,10410000000,applied
10604000000,10603554833,0,1,105,10500000000,applied
10656000000,10655154913,0,2,106,10600000000,applied
10662000000,10660505137,1,0,106,10610000000,applied
10664000000,10663455757,2,1,106,10620000000,applied
10674000000,10672105376,1,2,105,10510000000,applied
10676000000,10675598870,2,1,105,10520000000,out_of_order
10686000000,10685127933,0,2,105,10500000000,out_of_order
10738000000,10737761913,0,2,107,10700000000,applied
10756000000,10755003084,0,1,106,10600000000,applied
10764000000,10763935168,2,0,106,10620000000,applied
10770000000,10769774257,1,2,106,10610000000,applied
10782000000,10781588959,2,0,107,10720000000,applied
10808000000,10807942125,2,1,107,10720000000,applied
10824000000,10822715478,0,1,107,10700000000,applied
10856000000,10854134236,1,0,107,10710000000,applied
10868000000,10866741241,1,2,107,10710000000,applied
10876000000,10874992599,2,1,108,10820000000,applied
10890000000,10888851590,0,1,108,10800000000,applied
10894000000,10892289233,2,0,108,10820000000,applied
10904000000,10902345324,0,2,109,10900000000,applied
10942000000,10941910367,0,2,108,10800000000,out_of_order
10954000000,10953651662,1,0,108,10810000000,applied
10956000000,10955403948,1,0,109,10910000000,applied
10958000000,10957690489,1,2,108,10810000000,applied
10986000000,10984849505,1,2,109,10910000000,applied
11032000000,11030106894,0,2,110,11000000000,applied
11040000000,11039376472,2,0,110,11020000000,applied
11040000000,11039616463,2,0,109,10920000000,out_of_order
11062000000,11061614581,2,1,109,10920000000,applied
11064000000,11062630135,0,1,109,10900000000,applied
11120000000,11119794703,0,2,111,11100000000,applied
11136000000,11135896549,1,2,111,11110000000,applied
11142000000,11140949773,1,2,110,11010000000,out_of_order
11182000000,11180320925,2,1,110,11020000000,applied
11186000000,11185212006,1,0,110,11010000000,applied
11188000000,11187972679,0,1,110,11000000000,applied
11198000000,11197118598,2,1,111,11120000000,applied
11218000000,11216850029,0,2,112,11200000000,applied
11230000000,11229663124,1,0,111,11110000000,applied
11272000000,11270217609,1,2,112,11210000000,applied
11272000000,11270472350,2,0,111,11120000000,applied
11286000000,11284926789,0,1,111,11100000000,applied
11304000000,11302621673,2,1,112,11220000000,applied
11330000000,11329780430,1,0,112,11210000000,applied
11348000000,11347492762,0,2,113,11300000000,applied
11350000000,11348195651,0,1,112,11200000000,applied
11354000000,11352102517,0,1,113,11300000000,applied
11360000000,11358991407,2,0,112,11220000000,applied
11388000000,11386752802,1,2,113,11310000000,applied
11432000000,11430611930,1,0,113,11310000000,applied
11452000000,11451491696,2,0,113,11320000000,applied
11484000000,11482085343,0,1,114,11400000000,applied
11488000000,11487239207,2,1,113,11320000000,applied
11498000000,11497323060,0,2,114,11400000000,applied
11520000000,11518068741,1,2,114,11410000000,applied
11522000000,11520775445,1,0,115,11510000000,applied
11530000000,11528441014,2,1,115,11520000000,applied
11542000000,11541955818,0,2,115,11500000000,applied
11544000000,11542865556,1,0,114,11410000000,out_of_order
11562000000,11560062244,2,1,114,11420000000,out_of_order
11582000000,11580931766,2,0,115,11520000000,applied
11588000000,11587498771,1,2,115,11510000000,applied
11596000000,11595146766,2,0,114,11420000000,out_of_order
11608000000,11607087205,0,2,116,11600000000,applied
11640000000,11639076163,2,0,116,11620000000,applied
11652000000,11651220864,0,1,115,11500000000,applied
11744000000,11742572894,2,1,116,11620000000,applied
11754000000,11753665602,0,1,116,11600000000,applied
11768000000,11766958207,1,0,116,11610000000,applied
11794000000,11792277077,0,1,117,11700000000,applied
11794000000,11792443550,1,2,116,11610000000,applied
11800000000,11798035902,0,2,117,11700000000,applied
11832000000,11830852119,1,0,117,11710000000,applied
11834000000,11832525689,2,1,118,11820000000,applied
11834000000,11833907469,0,1,118,11800000000,applied
11838000000,11836726719,2,1,117,11720000000,out_of_order
11882000000,11880984681,1,2,117,11710000000,applied
11888000000,11887120163,2,0,118,11820000000,applied
11900000000,11899713394,0,2,118,11800000000,applied
11920000000,11919842106,2,0,117,11720000000,out_of_order
11926000000,11925606697,1,2,118,11810000000,applied
11926000000,11925878820,1,0,118,11810000000,applied
12020000000,12018912833,0,1,119,11900000000,applied
12026000000,12024013784,0,2,120,12000000000,applied
12030000000,12028074046,2,0,120,12020000000,applied
12048000000,12046757608,1,0,119,11910000000,applied
12056000000,12055680991,0,2,119,11900000000,out_of_order
12060000000,12059315504,1,0,120,12010000000,applied
12080000000,12078346353,2,0,119,11920000000,out_of_order
12110000000,12109782324,1,2,119,11910000000,applied
12118000000,12116311740,2,1,119,11920000000,applied
12124000000,12123811074,1,2,121,12110000000,applied
12142000000,12140861485,2,1,121,12120000000,applied
12150000000,12149577082,1,2,120,12010000000,out_of_order
12170000000,12168495551,0,1,121,12100000000,applied
12172000000,12170871047,2,1,120,12020000000,out_of_order
12174000000,12173401991,0,1,120,12000000000,out_of_order
12174000000,12173621114,0,2,121,12100000000,applied
12208000000,12206570602,1,0,121,12110000000,applied
12296000000,12294095558,0,2,122,12200000000,applied
12318000000,12316354507,2,0,121,12120000000,applied
12328000000,12326800633,0,2,123,12300000000,applied
12330000000,12329690024,1,2,122,12210000000,applied
12338000000,12336873231,1,2,123,12310000000,applied
12378000000,12377095216,2,0,122,12220000000,applied
12384000000,12382232480,2,1,122,12220000000,applied
12390000000,12389619799,0,1,122,12200000000,applied
12394000000,12393796644,1,0,122,12210000000,applied
12408000000,12406901915,2,0,123,12320000000,applied
12460000000,12459421376,0,1,123,12300000000,applied
12460000000,12459768385,0,2,124,12400000000,applied
12462000000,12460803746,2,1,123,12320000000,applied
12482000000,12480315066,1,0,123,12310000000,applied
12488000000,12487508522,0,1,124,12400000000,applied
12498000000,12497238018,2,0,124,12420000000,applied
12502000000,12500403396,1,2,124,12410000000,applied
12522000000,12520515083,1,0,124,12410000000,applied
12548000000,12547491744,2,1,124,12420000000,applied
12620000000,12618791510,1,0,126,12610000000,applied
12628000000,12626754647,2,1,125,12520000000,applied
12640000000,12639043098,0,2,125,12500000000,applied
12654000000,12652627412,2,0,125,12520000000,applied
12668000000,12667627558,1,0,125,12510000000,out_of_order
12674000000,12672682917,1,2,125,12510000000,applied
12688000000,12686784156,0,1,125,12500000000,applied
12726000000,12724848966,2,1,127,12720000000,applied
12750000000,12749326086,1,2,126,12610000000,applied
12764000000,12763289271,0,2,126,12600000000,applied
12768000000,12766565881,0,2,127,12700000000,applied
12774000000,12772657125,0,1,126,12600000000,applied
12780000000,12779326261,1,0,127,12710000000,applied
12808000000,12806920565,2,0,126,12620000000,applied
12818000000,12816459555,2,1,126,12620000000,out_of_order
12834000000,12832001494,2,1,128,12820000000,applied
12846000000,12844928432,2,0,128,12820000000,applied
12852000000,12851515398,0,1,127,12700000000,applied
12856000000,12854246042,1,2,127,12710000000,applied
12862000000,12861691120,1,2,128,12810000000,applied
12866000000,12864478542,2,0,127,12720000000,out_of_order
12908000000,12906605826,0,2,129,12900000000,applied
12920000000,12918218034,1,2,129,12910000000,applied
12934000000,12932357573,0,1,129,12900000000,applied
12944000000,12943595894,0,1,128,12800000000,out_of_order
12962000000,12961028131,1,0,128,12810000000,applied
12978000000,12977587961,2,1,129,12920000000,applied
12978000000,12977603123,0,2,128,12800000000,out_of_order
13022000000,13021147300,0,1,130,13000000000,applied
13038000000,13037549640,2,1,130,13020000000,applied
13050000000,13048673846,2,0,130,13020000000,applied
13062000000,13061400904,1,0,129,12910000000,applied
13080000000,13078474540,1,0,130,13010000000,applied
13112000000,13111618146,0,2,131,13100000000,applied
13114000000,13113363611,2,0,129,12920000000,out_of_order
13184000000,13182485839,0,2,130,13000000000,out_of_order
13198000000,13197494789,2,1,131,13120000000,applied
13210000000,13209604583,1,2,130,13010000000,applied
13214000000,13212559871,0,1,132,13200000000,applied
13238000000,13236233131,1,0,132,13210000000,applied
13244000000,13243271427,2,0,131,13120000000,applied
13262000000,13261363875,1,2,131,13110000000,applied
13292000000,13290540618,0,1,131,13100000000,out_of_order
13306000000,13304342984,1,0,131,13110000000,out_of_order
13308000000,13306670867,0,2,132,13200000000,applied
13324000000,13323640413,0,2,133,13300000000,applied
13342000000,13341504170,1,2,132,13210000000,applied
13348000000,13346071671,2,0,132,13220000000,applied
13358000000,13357992827,1,2,133,13310000000,applied
13362000000,13361653753,1,0,133,13310000000,applied
13396000000,13395964955,2,1,133,13320000000,applied
13406000000,13405794351,2,1,132,13220000000,out_of_order
13426000000,13425712214,0,2,134,13400000000,applied
13438000000,13437455505,0,1,133,13300000000,applied
13446000000,13444753283,2,0,133,13320000000,applied
13498000000,13496255094,1,0,134,13410000000,applied
13504000000,13503439338,1,2,134,13410000000,applied
13538000000,13537992224,2,0,134,13420000000,applied
13542000000,13541243529,2,1,135,13520000000,applied
13550000000,13549301772,0,1,134,13400000000,applied
13580000000,13579651770,2,1,134,13420000000,out_of_order
13606000000,13605537170,0,2,136,13600000000,applied
13614000000,13613083698,0,1,135,13500000000,applied
13616000000,13615117113,0,2,135,13500000000,out_of_order
13642000000,13640589447,1,0,136,13610000000,applied
13662000000,13661545730,2,0,135,13520000000,applied
13670000000,13669891338,1,2,136,13610000000,applied
13676000000,13674477868,1,2,135,13510000000,out_of_order
13686000000,13685747512,0,1,136,13600000000,applied
13694000000,13692064733,1,0,135,13510000000,out_of_order
13782000000,13781527087,2,0,136,13620000000,applied
13786000000,13785869260,0,1,137,13700000000,applied
13792000000,13790859736,2,1,137,13720000000,applied
13820000000,13818482803,2,1,136,13620000000,out_of_order
13830000000,13829427346,1,2,138,13810000000,applied
13832000000,13830462254,1,0,137,13710000000,applied
13834000000,13833886722,0,2,137,13700000000,applied
13844000000,13842819310,1,2,137,13710000000,out_of_order
13884000000,13883799841,2,0,137,13720000000,applied
13886000000,13884528359,0,1,138,13800000000,applied
13912000000,13910453643,1,0,139,13910000000,applied
13920000000,13919371614,1,2,139,13910000000,applied
13970000000,13969748163,2,1,138,13820000000,applied
13976000000,13974433557,1,0,138,13810000000,out_of_order
13978000000,13977194590,2,0,138,13820000000,applied
13980000000,13979322952,0,2,138,13800000000,applied
13982000000,13980509712,0,1,139,13900000000,applied
14022000000,14021629396,2,1,140,14020000000,applied
14028000000,14026917109,0,2,140,14000000000,applied
14038000000,14037851880,2,0,139,13920000000,applied
14052000000,14050093613,1,2,140,14010000000,applied
14070000000,14069790429,2,0,140,14020000000,applied
14076000000,14074625148,0,2,139,13900000000,out_of_order
14118000000,14116674372,2,1,139,13920000000,out_of_order
14134000000,14133778990,0,1,140,14000000000,applied
14174000000,14173544859,1,0,140,14010000000,applied
14178000000,14176441427,1,2,141,14110000000,applied
14182000000,14181477634,1,0,141,14110000000,applied
14212000000,14211931678,0,1,141,14100000000,applied
14224000000,14223433511,2,0,142,14220000000,applied
14246000000,14245918380,0,2,141,14100000000,applied
14278000000,14277950454,2,0,141,14120000000,out_of_order
14300000000,14298115625,2,1,141,14120000000,applied
14328000000,14326158838,2,1,142,14220000000,applied
14340000000,14339923897,1,2,142,14210000000,applied
14342000000,14341230535,0,1,142,14200000000,applied
14344000000,14343849812,1,0,143,14310000000,applied
14346000000,14344169728,0,2,142,14200000000,applied
14350000000,14349265473,0,1,143,14300000000,applied
14354000000,14353946358,1,0,142,14210000000,out_of_order
14360000000,14358976606,2,1,143,14320000000,applied
14378000000,14376484827,2,0,143,14320000000,applied
14488000000,14486180874,0,2,143,14300000000,applied
14488000000,14487719953,1,2,143,14310000000,applied
14504000000,14503645848,2,0,144,14420000000,applied
14504000000,14503963302,1,0,144,14410000000,applied
14506000000,14505610200,1,2,144,14410000000,applied
14516000000,14514029911,0,1,144,14400000000,applied
14524000000,14522417441,2,1,144,14420000000,applied
14530000000,14528328768,1,0,145,14510000000,applied
14534000000,14533295139,0,1,145,14500000000,applied
14568000000,14566290443,2,1,145,14520000000,applied
14572000000,14570386205,0,2,144,14400000000,applied
14574000000,14573445727,1,2,145,14510000000,applied
14576000000,14574614658,2,0,145,14520000000,applied
14602000000,14600124986,0,2,145,14500000000,applied
14638000000,14637659575,2,0,146,14620000000,applied
14690000000,14688292412,1,0,146,14610000000,applied
14696000000,14694685883,0,2,146,14600000000,applied
14706000000,14705293990,0,1,147,14700000000,applied
14730000000,14729111967,1,2,147,14710000000,applied
14736000000,14735462635,0,1,146,14600000000,out_of_order
14750000000,14748040031,1,2,146,14610000000,out_of_order
14776000000,14775688794,0,2,147,14700000000,applied
14792000000,14791543766,2,0,147,14720000000,applied
14814000000,14812537519,1,0,148,14810000000,applied
14818000000,14817836324,2,1,146,14620000000,applied
14854000000,14853845310,2,0,148,14820000000,applied
14858000000,14856506923,2,1,148,14820000000,applied
14896000000,14894270701,0,1,148,14800000000,applied
14910000000,14909683166,1,0,147,14710000000,out_of_order
14916000000,14915323062,2,1,147,14720000000,out_of_order
14924000000,14922281371,0,2,148,14800000000,applied
14962000000,14961962114,1,2,148,14810000000,applied
14966000000,14964967569,0,1,149,14900000000,applied
14982000000,14981097728,1,2,149,14910000000,applied
15014000000,15013944336,0,2,150,15000000000,applied
15022000000,15020160819,2,1,149,14920000000,applied
15026000000,15025964937,2,1,150,15020000000,applied
15034000000,15033756215,0,1,150,15000000000,applied
15038000000,15037205501,2,0,150,15020000000,applied
15044000000,15042379463,2,0,149,14920000000,out_of_order
15072000000,15070359596,1,0,150,15010000000,applied
15090000000,15089141824,0,2,149,14900000000,out_of_order
15102000000,15100501661,1,0,149,14910000000,out_of_order
15184000000,15182426659,1,2,150,15010000000,applied
15216000000,15215543149,1,0,152,15210000000,applied
15218000000,15217237505,0,1,151,15100000000,applied
15222000000,15221295235,0,2,151,15100000000,applied
15242000000,15240281153,2,1,151,15120000000,applied
15254000000,15253765484,1,0,151,15110000000,out_of_order
15254000000,15253972183,1,2,151,15110000000,applied
15268000000,15266963616,0,1,152,15200000000,applied
15272000000,15271258072,2,1,152,15220000000,applied
15288000000,15287168567,2,0,151,15120000000,applied
15302000000,15301147979,0,2,152,15200000000,applied
15324000000,15322027462,1,2,152,15210000000,applied
15326000000,15325057844,1,2,153,15310000000,applied
15332000000,15331968938,2,0,153,15320000000,applied
15342000000,15341849032,0,2,153,15300000000,applied
15386000000,15385273068,2,1,153,15320000000,applied
15404000000,15402392389,2,0,152,15220000000,out_of_order
15418000000,15417346378,1,0,154,15410000000,applied
15424000000,15423249956,0,2,154,15400000000,applied
15468000000,15466217761,0,1,153,15300000000,applied
15470000000,15468878923,1,0,153,15310000000,out_of_order
15526000000,15524864675,0,2,155,15500000000,applied
15528000000,15527040528,0,1,154,15400000000,applied
15530000000,15528348358,0,1,155,15500000000,applied
15532000000,15531096160,1,2,155,15510000000,applied
15534000000,15533068980,2,1,154,15420000000,applied
15542000000,15541458958,2,0,155,15520000000,applied
15548000000,15546591085,1,2,154,15410000000,out_of_order
15556000000,15554778270,2,0,154,15420000000,out_of_order
15592000000,15591902201,2,1,155,15520000000,applied
15626000000,15625727030,0,1,156,15600000000,applied
15646000000,15644765998,1,0,155,15510000000,applied
15688000000,15686336963,1,0,156,15610000000,applied
15720000000,15719171277,2,1,156,15620000000,applied
15746000000,15745597430,2,0,156,15620000000,applied
15748000000,15747088692,2,0,157,15720000000,applied
15756000000,15754660087,1,2,156,15610000000,applied
15796000000,15794582677,0,1,157,15700000000,applied
15800000000,15798144248,0,2,156,15600000000,applied
15816000000,15814993333,0,2,157,15700000000,applied
15840000000,15838792226,0,2,158,15800000000,applied
15854000000,15852709579,2,0,158,15820000000,applied
15868000000,15867944523,1,2,157,15710000000,applied
15874000000,15872109562,2,1,157,15720000000,applied
15904000000,15902561960,1,0,157,15710000000,applied
15934000000,15932070989,1,0,158,15810000000,applied
15936000000,15934594938,1,0,159,15910000000,applied
15940000000,15939014171,0,1,158,15800000000,applied
15946000000,15944588949,0,1,159,15900000000,applied
15962000000,15960898437,1,2,158,15810000000,applied
15966000000,15965403532,2,1,159,15920000000,applied
16018000000,16017653477,1,2,160,16010000000,applied
16020000000,16019435194,2,1,158,15820000000,out_of_order
16030000000,16028252168,1,2,159,15910000000,out_of_order
16072000000,16070852032,2,0,159,15920000000,applied
16094000000,16092340186,0,2,159,15900000000,applied
16100000000,16099074921,0,2,160,16000000000,applied
16128000000,16127259381,2,0,160,16020000000,applied
16146000000,16144051780,0,1,161,16100000000,applied
16148000000,16146817943,0,1,160,16000000000,out_of_order
16152000000,16151383454,1,0,160,16010000000,applied
16164000000,16162340220,2,1,161,16120000000,applied
16198000000,16196872715,2,0,161,16120000000,applied
16212000000,16211152031,2,1,160,16020000000,out_of_order
16220000000,16218846492,0,2,162,16200000000,applied
16240000000,16238051415,0,2,161,16100000000,out_of_order
16250000000,16249648950,1,0,161,16110000000,applied
16272000000,16271865890,1,2,161,16110000000,applied
16288000000,16286168709,0,1,162,16200000000,applied
16294000000,16292838888,1,0,162,16210000000,applied
16308000000,16307840567,0,1,163,16300000000,applied
16330000000,16329059034,2,0,162,16220000000,applied
16338000000,16337577792,2,1,162,16220000000,applied
16358000000,16357411049,1,2,162,16210000000,applied
16394000000,16392759115,0,2,163,16300000000,applied
16432000000,16430171334,2,1,163,16320000000,applied
16460000000,16459403222,0,2,164,16400000000,applied
16466000000,16464151791,1,0,163,16310000000,applied
16470000000,16469343978,2,1,164,16420000000,applied
16472000000,16470213524,1,2,163,16310000000,applied
16478000000,16476560443,2,0,163,16320000000,applied
16492000000,16490074108,0,1,164,16400000000,applied
16510000000,16508998555,1,0,164,16410000000,applied
16520000000,16518443820,2,0,164,16420000000,applied
16540000000,16538239734,0,2,165,16500000000,applied
16592000000,16590245623,0,1,165,16500000000,applied
16596000000,16594169237,1,0,165,16510000000,applied
16602000000,16600824064,0,2,166,16600000000,applied
16602000000,16601598096,1,2,164,16410000000,applied
16632000000,16631859424,2,0,165,16520000000,applied
16644000000,16643021463,0,1,166,16600000000,applied
16650000000,16648100539,1,2,166,16610000000,applied
16666000000,16664933631,1,0,166,16610000000,applied
16686000000,16684010601,2,1,165,16520000000,applied
16710000000,16708301376,1,2,165,16510000000,out_of_order
16732000000,16731992086,1,2,167,16710000000,applied
16770000000,16769754991,2,1,167,16720000000,applied
16776000000,16775628419,2,0,166,16620000000,applied
16798000000,16796843360,1,0,167,16710000000,applied
16798000000,16796981652,2,1,166,16620000000,out_of_order
16822000000,16821716412,2,0,168,16820000000,applied
16828000000,16826590817,0,2,167,16700000000,applied
16858000000,16857632633,1,0,168,16810000000,applied
16866000000,16865695756,0,1,168,16800000000,applied
16888000000,16886797704,2,1,168,16820000000,applied
16896000000,16894470122,0,1,167,16700000000,out_of_order
16900000000,16899024815,2,0,167,16720000000,out_of_order
16900000000,16899479765,1,2,168,16810000000,applied
16940000000,16939734659,2,0,169,16920000000,applied
16946000000,16944486725,1,0,169,16910000000,applied
16970000000,16969252883,0,1,169,16900000000,applied
16978000000,16977791695,0,2,168,16800000000,applied
16988000000,16986672060,2,1,169,16920000000,applied
17014000000,17013417323,1,2,169,16910000000,applied
17018000000,17017264654,0,1,170,17000000000,applied
17062000000,17061241202,0,2,169,16900000000,applied
17072000000,17070492652,0,2,170,17000000000,applied
17102000000,17100703749,1,0,170,17010000000,applied
17108000000,17106526848,1,2,170,17010000000,applied
17160000000,17158968090,2,0,171,17120000000,applied
17180000000,17178998010,2,0,170,17020000000,out_of_order
17184000000,17182156767,2,1,170,17020000000,applied
17204000000,17202876456,1,0,171,17110000000,applied
17242000000,17241322179,0,1,172,17200000000,applied
17244000000,17242499498,0,1,171,17100000000,out_of_order
17252000000,17250547822,1,0,172,17210000000,applied
17258000000,17257197858,0,2,171,17100000000,applied
17276000000,17275928218,2,1,172,17220000000,applied
17278000000,17276513174,1,2,171,17110000000,applied
17290000000,17289636690,2,1,171,17120000000,out_of_order
17312000000,17310317374,1,2,172,17210000000,applied
17326000000,17325805377,2,1,173,17320000000,applied
17358000000,17357486838,0,2,173,17300000000,applied
17362000000,17360217019,0,2,172,17200000000,out_of_order
17374000000,17372408932,2,0,173,17320000000,applied
17420000000,17418411811,2,0,172,17220000000,out_of_order
17448000000,17446154456,1,2,173,17310000000,applied
17448000000,17447894905,1,0,173,17310000000,applied
17460000000,17458944747,0,1,173,17300000000,applied
17504000000,17502059448,1,0,174,17410000000,applied
17506000000,17504861286,1,2,174,17410000000,applied
17516000000,17515016843,2,0,174,17420000000,applied
17524000000,17523609605,2,0,175,17520000000,applied
17526000000,17525110486,0,2,175,17500000000,applied
17546000000,17544606733,2,1,175,17520000000,applied
17560000000,17558440835,0,1,175,17500000000,applied
17576000000,17574740489,2,1,174,17420000000,out_of_order
17588000000,17586154458,0,2,174,17400000000,out_of_order
17598000000,17597088744,0,1,174,17400000000,out_of_order
17626000000,17624745463,1,0,176,17610000000,applied
17670000000,17668984662,1,2,175,17510000000,applied
17680000000,17679437803,0,2,176,17600000000,applied
17702000000,17701639620,0,1,177,17700000000,applied
17712000000,17710191074,1,0,175,17510000000,out_of_order
17718000000,17717358107,1,2,176,17610000000,applied
17762000000,17760982077,0,1,176,17600000000,out_of_order
17788000000,17787575534,2,0,176,17620000000,applied
17790000000,17788288669,1,0,177,17710000000,applied
17814000000,17813948351,2,1,176,17620000000,applied
17830000000,17828988849,1,2,178,17810000000,applied
17842000000,17840137218,0,2,177,17700000000,applied
17844000000,17842334519,2,0,177,17720000000,applied
17848000000,17846984036,2,1,177,17720000000,applied
17864000000,17863391246,1,2,177,17710000000,out_of_order
17882000000,17881665452,0,1,178,17800000000,applied
17924000000,17923027223,2,1,178,17820000000,applied
17940000000,17938513860,0,2,178,17800000000,applied
17956000000,17954132857,2,0,179,17920000000,applied
18002000000,18000676534,1,0,178,17810000000,applied
18008000000,18006939674,1,0,179,17910000000,applied
18014000000,18012776655,2,0,178,17820000000,out_of_order
18028000000,18026778357,1,0,180,18010000000,applied
18046000000,18044449425,1,2,179,17910000000,applied
18076000000,18075848067,1,2,180,18010000000,applied
18080000000,18079257135,0,2,180,18000000000,applied
18082000000,18081313295,0,2,179,17900000000,out_of_order
18088000000,18087355624,2,1,179,17920000000,applied
18094000000,18093781870,0,1,179,17900000000,applied
18118000000,18116817197,0,1,180,18000000000,applied
18124000000,18123031622,1,2,181,18110000000,applied
18142000000,18141385681,2,1,180,18020000000,applied
18152000000,18151307990,2,0,180,18020000000,applied
18160000000,18158100510,0,1,181,18100000000,applied
18198000000,18197905996,1,0,181,18110000000,applied
18260000000,18259308637,2,0,181,18120000000,applied
18270000000,18268189417,0,1,182,18200000000,applied
18288000000,18286193084,0,2,181,18100000000,applied
18292000000,18290963909,0,2,182,18200000000,applied
18294000000,18292085258,1,2,182,18210000000,applied
18320000000,18318914737,2,1,181,18120000000,applied
18336000000,18334525781,0,1,183,18300000000,applied
18348000000,18346374894,0,2,183,18300000000,applied
18358000000,18357013041,1,2,183,18310000000,applied
18372000000,18371710605,2,0,182,18220000000,applied
18376000000,18374051331,1,0,182,18210000000,applied
18386000000,18385053504,2,1,182,18220000000,applied
18386000000,18385297830,1,0,183,18310000000,applied
18392000000,18390920753,2,1,183,18320000000,applied
18452000000,18451108341,2,0,183,18320000000,applied
18478000000,18476017075,0,2,184,18400000000,applied
18486000000,18484155195,0,1,184,18400000000,applied
18500000000,18499824688,1,2,184,18410000000,applied
18520000000,18518725315,2,1,184,18420000000,applied
18526000000,18524646570,2,0,184,18420000000,applied
18602000000,18601726225,0,2,185,18500000000,applied
18604000000,18603171969,1,0,184,18410000000,applied
18610000000,18609983168,0,1,185,18500000000,applied
18622000000,18620232917,1,2,186,18610000000,applied
18632000000,18631125380,1,2,185,18510000000,out_of_order
18634000000,18632071147,2,0,186,18620000000,applied
18644000000,18642793548,1,0,186,18610000000,applied
18668000000,18667391049,1,0,185,18510000000,out_of_order
18676000000,18674794754,2,1,185,18520000000,applied
18692000000,18691045839,2,0,185,18520000000,out_of_order
18734000000,18733149243,0,2,186,18600000000,applied
18742000000,18741898396,2,1,187,18720000000,applied
18744000000,18742209324,1,0,187,18710000000,applied
18760000000,18759427892,0,1,186,18600000000,applied
18764000000,18762344838,2,0,187,18720000000,applied
18788000000,18787984792,0,1,187,18700000000,applied
18808000000,18807088632,2,1,186,18620000000,out_of_order
18810000000,18808509313,0,2,188,18800000000,applied
18832000000,18830513346,0,1,188,18800000000,applied
18850000000,18849175859,2,1,188,18820000000,applied
18854000000,18853653369,2,0,188,18820000000,applied
18854000000,18853963722,1,2,187,18710000000,applied
18874000000,18873141748,0,2,187,18700000000,out_of_order
18944000000,18942277644,1,0,188,18810000000,applied
18948000000,18947640045,2,1,189,18920000000,applied
19004000000,19002139202,1,2,188,18810000000,applied
19010000000,19009221536,2,0,189,18920000000,applied
19018000000,19017666722,0,2,190,19000000000,applied
19036000000,19034657815,1,0,189,18910000000,applied
19048000000,19046394657,0,2,189,18900000000,out_of_order
19056000000,19055711230,1,2,189,18910000000,applied
19068000000,19066824704,0,1,190,19000000000,applied
19094000000,19092653519,0,1,189,18900000000,out_of_order
19118000000,19116584017,0,2,191,19100000000,applied
19120000000,19119719927,2,1,190,19020000000,applied
19136000000,19134836141,1,0,190,19010000000,applied
19138000000,19137559414,1,2,190,19010000000,applied
19162000000,19161175617,2,0,190,19020000000,applied
19188000000,19187820547,1,0,191,19110000000,applied
19214000000,19213360807,1,0,192,19210000000,applied
19222000000,19221083621,1,2,191,19110000000,applied
19222000000,19221684324,1,2,192,19210000000,applied
19232000000,19230842961,2,1,191,19120000000,applied
19258000000,19256028893,0,1,191,19100000000,applied
19272000000,19271588311,2,0,192,19220000000,applied
19312000000,19311796263,0,2,192,19200000000,applied
19316000000,19315067722,2,0,191,19120000000,out_of_order
19346000000,19345632045,2,1,192,19220000000,applied
19368000000,19366235003,0,1,192,19200000000,applied
19402000000,19401863500,1,0,193,19310000000,applied
19418000000,19416200727,2,1,193,19320000000,applied
19434000000,19433853400,2,0,194,19420000000,applied
19436000000,19435131140,1,0,194,19410000000,applied
19448000000,19446568262,0,1,193,19300000000,applied
19454000000,19453954129,2,0,193,19320000000,out_of_order
19458000000,19457991702,1,2,193,19310000000,applied
19472000000,19471364389,1,2,194,19410000000,applied
19482000000,19480943489,0,2,193,19300000000,applied
19506000000,19505965280,0,2,194,19400000000,applied
19534000000,19532750557,2,1,194,19420000000,applied
19542000000,19541356586,0,2,195,19500000000,applied
19586000000,19584155125,0,1,195,19500000000,applied
19590000000,19589058616,0,1,194,19400000000,out_of_order
19618000000,19617288224,1,0,195,19510000000,applied
19668000000,19667339051,2,1,196,19620000000,applied
19692000000,19690307742,0,2,196,19600000000,applied
19692000000,19691447417,1,2,196,19610000000,applied
19694000000,19692309120,0,1,196,19600000000,applied
19700000000,19698357908,2,0,195,19520000000,applied
19702000000,19700820826,1,2,195,19510000000,out_of_order
19718000000,19717087984,2,1,195,19520000000,out_of_order
19742000000,19741232407,0,1,197,19700000000,applied
19748000000,19747318742,2,0,196,19620000000,applied
19774000000,19772375520,1,0,196,19610000000,applied
19774000000,19772878157,1,0,197,19710000000,applied
19778000000,19776216448,2,0,197,19720000000,applied
19804000000,19802185815,2,1,197,19720000000,applied
19828000000,19826444112,0,2,197,19700000000,applied
19844000000,19842721842,0,1,198,19800000000,applied
19858000000,19856164547,1,2,197,19710000000,applied
19880000000,19878743250,1,0,198,19810000000,applied
19888000000,19887002736,1,2,198,19810000000,applied
19924000000,19923493152,0,2,198,19800000000,applied
19930000000,19928306773,2,0,199,19920000000,applied
19938000000,19936014333,1,2,199,19910000000,applied
19956000000,19954979124,0,1,199,19900000000,applied
19982000000,19981407716,2,0,198,19820000000,out_of_order
19992000000,19991838554,0,2,199,19900000000,applied
20006000000,20004375771,2,1,198,19820000000,applied
20042000000,20041619284,0,1,200,20000000000,applied
20042000000,20041632664,1,0,199,19910000000,applied
20066000000,20064954829,2,1,200,20020000000,applied
20080000000,20079961540,1,0,200,20010000000,applied
20086000000,20085226911,2,1,199,19920000000,out_of_order
20098000000,20097639080,2,0,200,20020000000,applied
20134000000,20133201770,0,2,201,20100000000,applied
20134000000,20133749882,0,2,200,20000000000,out_of_order
20142000000,20140630017,1,2,200,20010000000,applied
20150000000,20148992417,1,0,201,20110000000,applied
20224000000,20222944462,1,0,202,20210000000,applied
20230000000,20228255380,1,2,201,20110000000,applied
20246000000,20244275531,2,0,201,20120000000,applied
20254000000,20252423382,0,1,201,20100000000,applied
20254000000,20253412379,2,1,202,20220000000,applied
20284000000,20283769570,2,1,201,20120000000,out_of_order
20288000000,20287411226,2,0,202,20220000000,applied
20300000000,20299794232,1,2,202,20210000000,applied
20312000000,20310915390,1,2,203,20310000000,applied
20330000000,20328110697,2,1,203,20320000000,applied
20368000000,20366464895,0,2,202,20200000000,applied
20384000000,20382537438,1,0,203,20310000000,applied
20394000000,20393436372,0,1,202,20200000000,applied
20416000000,20414550989,0,1,204,20400000000,applied
20416000000,20415161930,0,2,203,20300000000,applied
20422000000,20420230682,2,0,203,20320000000,applied
20440000000,20438487960,0,1,203,20300000000,out_of_order
20482000000,20480166941,2,0,204,20420000000,applied
20530000000,20528862435,1,2,205,20510000000,applied
20532000000,20531362186,2,1,205,20520000000,applied
20566000000,20565196097,2,1,204,20420000000,out_of_order
20576000000,20575380027,0,2,204,20400000000,applied
20582000000,20580957801,1,0,204,20410000000,applied
20592000000,20591584960,0,1,205,20500000000,applied
20610000000,20609550546,1,2,204,20410000000,out_of_order
20618000000,20617877691,1,2,206,20610000000,applied
20644000000,20642923839,2,0,205,20520000000,applied
20648000000,20646794051,1,0,206,20610000000,applied
20654000000,20653883347,0,2,205,20500000000,applied
20700000000,20699532652,1,0,205,20510000000,out_of_order
20726000000,20724847450,2,1,206,20620000000,applied
20728000000,20727489834,0,1,206,20600000000,applied
20752000000,20750192545,0,2,206,20600000000,applied
20762000000,20761375566,1,0,207,20710000000,applied
20792000000,20791667932,2,0,206,20620000000,applied
20794000000,20793256178,2,1,207,20720000000,applied
20798000000,20796419713,0,1,207,20700000000,applied
20808000000,20807921790,0,2,208,20800000000,applied
20812000000,20811609115,0,1,208,20800000000,applied
20850000000,20849214609,2,0,207,20720000000,applied
20862000000,20860542706,1,0,208,20810000000,applied
20864000000,20863933295,0,2,207,20700000000,out_of_order
20898000000,20897786543,1,2,207,20710000000,applied
20902000000,20901603976,0,1,209,20900000000,applied
20912000000,20911997849,1,0,209,20910000000,applied
20928000000,20926734103,2,1,209,20920000000,applied
20944000000,20943657220,0,2,209,20900000000,applied
20952000000,20950474504,1,2,208,20810000000,applied
20978000000,20977531871,2,0,209,20920000000,applied
21000000000,20999991614,2,1,208,20820000000,out_of_order
21008000000,21006762370,1,2,209,20910000000,applied
21014000000,21012589197,2,0,208,20820000000,out_of_order
21022000000,21020177415,0,2,210,21000000000,applied
21032000000,21031418814,2,0,210,21020000000,applied
21042000000,21040121075,0,1,210,21000000000,applied
21138000000,21136821834,1,0,210,21010000000,applied
21150000000,21149195390,1,2,210,21010000000,applied
21160000000,21159517104,2,1,210,21020000000,applied
21172000000,21171990900,2,0,211,21120000000,applied
21198000000,21196409719,0,2,211,21100000000,applied
21254000000,21253657958,0,1,211,21100000000,applied
21256000000,21254904689,1,2,211,21110000000,applied
21272000000,21271016870,1,2,212,21210000000,applied
21274000000,21273258366,1,0,212,21210000000,applied
21278000000,21277522108,2,1,211,21120000000,applied
21288000000,21286486799,1,0,211,21110000000,out_of_order
21296000000,21295936592,2,0,212,21220000000,applied
21344000000,21343654639,1,2,213,21310000000,applied
21356000000,21354873885,0,1,213,21300000000,applied
21358000000,21357356286,0,1,212,21200000000,out_of_order
21362000000,21361217045,0,2,213,21300000000,applied
21382000000,21380245394,2,1,212,21220000000,applied
21388000000,21386088191,0,2,212,21200000000,out_of_order
21402000000,21401638202,2,0,213,21320000000,applied
21406000000,21405433021,1,0,213,21310000000,applied
21408000000,21407073490,0,2,214,21400000000,applied
21408000000,21407887543,2,1,213,21320000000,applied
21436000000,21435007484,0,1,214,21400000000,applied
21444000000,21442945398,1,2,214,21410000000,applied
21528000000,21527465913,1,2,215,21510000000,applied
21534000000,21532769498,2,1,215,21520000000,applied
21542000000,21540857235,2,0,214,21420000000,applied
21544000000,21542652373,0,1,215,21500000000,applied
21574000000,21572210667,0,2,215,21500000000,applied
21584000000,21582568438,1,0,214,21410000000,applied
21588000000,21587457970,2,1,214,21420000000,out_of_order
21622000000,21620140796,1,0,216,21610000000,applied
21628000000,21627185646,1,2,216,21610000000,applied
21660000000,21658382638,2,0,215,21520000000,applied
21696000000,21694242047,0,1,216,21600000000,applied
21704000000,21702367643,1,0,215,21510000000,out_of_order
21712000000,21710740796,0,2,217,21700000000,applied
21714000000,21712160883,0,1,217,21700000000,applied
21728000000,21727667072,0,2,216,21600000000,out_of_order
21728000000,21727792192,1,2,217,21710000000,applied
21766000000,21764951641,2,0,216,21620000000,applied
21776000000,21774788898,2,1,216,21620000000,applied
21812000000,21810963497,0,1,218,21800000000,applied
21828000000,21826414737,1,2,218,21810000000,applied
21844000000,21842835985,1,0,218,21810000000,applied
21860000000,21859135128,1,0,217,21710000000,out_of_order
21864000000,21863736628,0,2,218,21800000000,applied
21882000000,21880944581,2,1,218,21820000000,applied
21896000000,21894819386,2,0,217,21720000000,applied
21904000000,21903953831,2,1,217,21720000000,out_of_order
21940000000,21939476897,0,1,219,21900000000,applied
21942000000,21940433268,2,0,218,21820000000,applied
21948000000,21947070550,2,0,219,21920000000,applied
21958000000,21956203418,1,2,219,21910000000,applied
21984000000,21983263633,2,1,219,21920000000,applied
22004000000,22003246349,0,2,219,21900000000,applied
22006000000,22005927085,0,2,220,22000000000,applied
22014000000,22013448853,1,0,219,21910000000,applied
22018000000,22017948128,1,2,220,22010000000,applied
22030000000,22028597889,0,1,220,22000000000,applied
22086000000,22084357821,2,1,220,22020000000,applied
22146000000,22145593696,2,0,220,22020000000,applied
22172000000,22170872554,2,1,221,22120000000,applied
22184000000,22182755611,0,1,221,22100000000,applied
22192000000,22190505310,1,0,221,22110000000,applied
22196000000,22194003990,1,0,220,22010000000,out_of_order
22218000000,22216092084,0,2,222,22200000000,applied
22230000000,22229273344,0,1,222,22200000000,applied
22244000000,22243403103,1,2,222,22210000000,applied
22246000000,22245360954,2,0,222,22220000000,applied
22276000000,22274943680,0,2,221,22100000000,out_of_order
22278000000,22276001368,2,0,221,22120000000,out_of_order
22294000000,22292869981,1,2,221,22110000000,out_of_order
22332000000,22331430023,0,1,223,22300000000,applied
22340000000,22339349815,1,0,222,22210000000,applied
22356000000,22354220493,2,1,222,22220000000,applied
22358000000,22356857888,1,2,223,22310000000,applied
22376000000,22374056949,2,0,223,22320000000,applied
22376000000,22374876737,1,0,223,22310000000,applied
22420000000,22419457454,0,2,224,22400000000,applied
22422000000,22421763096,1,0,224,22410000000,applied
22428000000,22427898604,2,1,223,22320000000,applied
22436000000,22435876655,0,2,223,22300000000,out_of_order
22468000000,22466230686,0,1,224,22400000000,applied
22496000000,22495004845,2,1,224,22420000000,applied
22510000000,22508795547,1,2,224,22410000000,applied
22532000000,22530403480,1,2,225,22510000000,applied
22552000000,22550582336,2,0,224,22420000000,applied
22598000000,22597075353,2,1,225,22520000000,applied
22616000000,22614278027,0,1,225,22500000000,applied
22622000000,22620534036,1,2,226,22610000000,applied
22658000000,22657419852,2,1,226,22620000000,applied
22680000000,22679397945,0,2,225,22500000000,applied
22684000000,22683475008,1,0,225,22510000000,applied
22686000000,22684060243,0,1,226,22600000000,applied
22702000000,22700442273,2,0,225,22520000000,applied
22708000000,22707159594,0,1,227,22700000000,applied
22756000000,22754673544,0,2,226,22600000000,applied
22772000000,22770274753,1,0,226,22610000000,applied
22774000000,22773702129,1,2,227,22710000000,applied
22776000000,22775897192,2,0,227,22720000000,applied
22792000000,22791594321,2,0,226,22620000000,out_of_order
22798000000,22797479909,1,0,227,22710000000,applied
22802000000,22800983841,0,2,227,22700000000,applied
22826000000,22825646387,2,1,228,22820000000,applied
22858000000,22856555963,1,2,228,22810000000,applied
22880000000,22878170751,2,0,228,22820000000,applied
22890000000,22888744117,2,1,227,22720000000,out_of_order
22932000000,22931506286,0,1,229,22900000000,applied
22948000000,22946629613,2,1,229,22920000000,applied
22950000000,22948143003,0,2,228,22800000000,applied
22966000000,22965310677,2,0,229,22920000000,applied
22970000000,22969865330,1,0,228,22810000000,applied
22972000000,22970321878,0,2,229,22900000000,applied
22976000000,22974950128,0,1,228,22800000000,out_of_order
22998000000,22997981501,1,0,229,22910000000,applied
23034000000,23033381938,1,2,230,23010000000,applied
23044000000,23042225148,1,2,229,22910000000,out_of_order
23056000000,23054843107,1,0,230,23010000000,applied
23080000000,23078096161,0,2,230,23000000000,applied
23138000000,23136175617,0,1,231,23100000000,applied
23160000000,23159466270,0,1,230,23000000000,out_of_order
23162000000,23160804560,2,0,230,23020000000,applied
23180000000,23179204048,1,2,231,23110000000,applied
23200000000,23198969643,2,1,230,23020000000,applied
23242000000,23240301322,2,0,231,23120000000,applied
23248000000,23247432316,2,0,232,23220000000,applied
23266000000,23264452063,1,0,232,23210000000,applied
23280000000,23279930680,2,1,231,23120000000,applied
23288000000,23286215497,0,2,231,23100000000,applied
23308000000,23307658521,1,0,231,23110000000,out_of_order
23312000000,23311387602,1,2,232,23210000000,applied
23322000000,23320491538,0,1,232,23200000000,applied
23342000000,23340684680,0,2,233,23300000000,applied
23388000000,23387053924,0,2,232,23200000000,out_of_order
23398000000,23397302130,0,1,233,23300000000,applied
23412000000,23410052870,2,0,233,23320000000,applied
23414000000,23412647765,2,1,232,23220000000,applied
23426000000,23424397456,1,2,233,23310000000,applied
23438000000,23436828258,1,0,233,23310000000,applied
23440000000,23438776148,0,2,234,23400000000,applied
23442000000,23440209133,2,1,233,23320000000,applied
23450000000,23449239920,1,2,234,23410000000,applied
23522000000,23520554296,0,1,234,23400000000,applied
23540000000,23538538325,1,0,234,23410000000,applied
23544000000,23542905812,2,1,234,23420000000,applied
23574000000,23573754500,0,1,235,23500000000,applied
23590000000,23588950251,2,0,234,23420000000,applied
23594000000,23592583223,2,1,235,23520000000,applied
23640000000,23639811914,1,2,235,23510000000,applied
23648000000,23646608749,0,1,236,23600000000,applied
23656000000,23654797915,2,0,235,23520000000,applied
23668000000,23666059185,0,2,235,23500000000,applied
23678000000,23676156313,1,0,235,23510000000,applied
23680000000,23679372440,1,2,236,23610000000,applied
23700000000,23698005168,2,1,236,23620000000,applied
23700000000,23699194659,2,0,236,23620000000,applied
23712000000,23710594134,1,0,237,23710000000,applied
23732000000,23730601673,0,2,236,23600000000,applied
23766000000,23764191208,0,1,237,23700000000,applied
23768000000,23767065380,0,2,237,23700000000,applied
23786000000,23784179459,1,0,236,23610000000,out_of_order
23792000000,23790416961,2,0,237,23720000000,applied
23830000000,23829921875,2,1,237,23720000000,applied
23848000000,23846585246,1,2,237,23710000000,applied
23862000000,23861603631,1,0,238,23810000000,applied
23892000000,23890161466,0,1,238,23800000000,applied
23904000000,23902886988,1,2,238,23810000000,applied
23948000000,23946867612,2,1,238,23820000000,applied
23966000000,23964514796,1,2,239,23910000000,applied
23966000000,23964545751,2,1,239,23920000000,applied
23974000000,23972050955,0,2,238,23800000000,applied
24000000000,23999594732,2,0,238,23820000000,applied
24006000000,24004058531,0,2,239,23900000000,applied
24014000000,24012903032,0,1,239,23900000000,applied
24022000000,24021847250,0,1,240,24000000000,applied
24024000000,24022202573,2,1,240,24020000000,applied
24082000000,24081996568,2,0,240,24020000000,applied
24094000000,24093645986,1,0,239,23910000000,applied
24098000000,24097120298,2,0,239,23920000000,out_of_order
24108000000,24107423930,1,2,240,24010000000,applied
24160000000,24159345468,0,2,240,24000000000,applied
24172000000,24170031468,1,0,240,24010000000,applied
24200000000,24199647475,1,0,241,24110000000,applied
24202000000,24201125448,0,1,241,24100000000,applied
24212000000,24210954202,1,2,241,24110000000,applied
24226000000,24225022818,1,0,242,24210000000,applied
24230000000,24228522690,0,2,241,24100000000,applied
24240000000,24239042336,1,2,242,24210000000,applied
24258000000,24256268702,2,0,242,24220000000,applied
24286000000,24285479756,0,1,242,24200000000,applied
24300000000,24298204351,2,0,241,24120000000,out_of_order
24300000000,24299146681,2,1,242,24220000000,applied
24306000000,24305857525,2,1,241,24120000000,out_of_order
24328000000,24327794779,0,1,243,24300000000,applied
24346000000,24345512832,0,2,242,24200000000,applied
24368000000,24367109607,0,2,243,24300000000,applied
24446000000,24444021316,2,0,244,24420000000,applied
24448000000,24446722103,1,2,243,24310000000,applied
24462000000,24461448240,1,0,244,24410000000,applied
24492000000,24490822796,0,1,244,24400000000,applied
24492000000,24491393498,2,1,243,24320000000,applied
24492000000,24491830241,2,0,243,24320000000,out_of_order
24506000000,24505715599,1,0,243,24310000000,out_of_order
24514000000,24512746606,0,2,244,24400000000,applied
24542000000,24540160293,0,2,245,24500000000,applied
24550000000,24549408532,2,1,244,24420000000,applied
24552000000,24551565415,1,2,244,24410000000,applied
24576000000,24574023868,2,0,245,24520000000,applied
24590000000,24588992633,0,1,245,24500000000,applied
24610000000,24609922653,1,2,245,24510000000,applied
24612000000,24611468055,1,0,245,24510000000,applied
24612000000,24611771782,2,1,245,24520000000,applied
24682000000,24681664068,0,1,246,24600000000,applied
24700000000,24699926191,0,2,246,24600000000,applied
24708000000,24707264699,2,0,246,24620000000,applied
24726000000,24724958427,2,1,246,24620000000,applied
24742000000,24740179526,1,0,246,24610000000,applied
24742000000,24740458459,0,1,247,24700000000,applied
24750000000,24749468882,2,0,247,24720000000,applied
24754000000,24752228941,1,2,246,24610000000,applied
24756000000,24755359859,0,2,247,24700000000,applied
24780000000,24779068755,1,0,247,24710000000,applied
24798000000,24796196554,2,1,247,24720000000,applied
24826000000,24825839953,0,2,248,24800000000,applied
24862000000,24860087869,1,2,247,24710000000,applied
24880000000,24878841927,2,1,248,24820000000,applied
24900000000,24899792083,0,1,248,24800000000,applied
24920000000,24918380067,0,2,249,24900000000,applied
24922000000,24920301589,2,0,248,24820000000,applied
24940000000,24938587048,1,0,248,24810000000,applied
24948000000,24946204148,2,1,249,24920000000,applied
24962000000,24960340534,1,2,248,24810000000,applied
24990000000,24989199018,2,0,249,24920000000,applied
25020000000,25018225428,0,1,250,25000000000,applied
25044000000,25042680800,2,0,250,25020000000,applied
25062000000,25060535833,1,2,249,24910000000,applied
25076000000,25074752312,1,2,250,25010000000,applied
25094000000,25093844961,2,1,250,25020000000,applied
25096000000,25095283685,0,1,249,24900000000,out_of_order
25108000000,25107870561,1,0,249,24910000000,applied
25128000000,25127871786,1,2,251,25110000000,applied
25138000000,25137084122,0,2,251,25100000000,applied
25188000000,25186985963,0,2,250,25000000000,out_of_order
25202000000,25200260831,1,0,250,25010000000,applied
25212000000,25210884523,0,2,252,25200000000,applied
25216000000,25215863980,2,0,251,25120000000,applied
25236000000,25234807720,1,0,251,25110000000,applied
25242000000,25241774004,0,1,251,25100000000,applied
25254000000,25253371163,1,2,252,25210000000,applied
25266000000,25265977773,2,1,252,25220000000,applied
25286000000,25285656099,1,0,252,25210000000,applied
25290000000,25289243111,2,1,251,25120000000,out_of_order
25330000000,25328643533,1,0,253,25310000000,applied
25330000000,25329471228,0,1,252,25200000000,applied
25348000000,25347194129,0,2,253,25300000000,applied
25418000000,25417997152,2,0,252,25220000000,applied
25426000000,25424659628,1,2,253,25310000000,applied
25444000000,25443893904,2,1,253,25320000000,applied
25464000000,25463396234,2,0,253,25320000000,applied
25468000000,25467623915,2,0,254,25420000000,applied
25470000000,25469418521,0,1,253,25300000000,applied
25530000000,25529434495,0,2,254,25400000000,applied
25532000000,25530867391,2,1,255,25520000000,applied
25540000000,25538207218,1,2,254,25410000000,applied
25548000000,25547068465,1,0,254,25410000000,applied
25568000000,25566995712,2,1,254,25420000000,out_of_order
25584000000,25583218238,0,1,254,25400000000,applied
25594000000,25593365990,1,2,255,25510000000,applied
25602000000,25600860426,0,2,255,25500000000,applied
25608000000,25606504486,0,1,255,25500000000,applied
25632000000,25630200176,0,2,256,25600000000,applied
25634000000,25632694294,1,0,255,25510000000,applied
25634000000,25633305737,2,1,256,25620000000,applied
25642000000,25641497405,1,0,256,25610000000,applied
25648000000,25647941189,0,1,256,25600000000,applied
25684000000,25683794157,2,0,255,25520000000,applied
25742000000,25741888660,1,0,257,25710000000,applied
25760000000,25758956177,1,2,256,25610000000,applied
25800000000,25799488408,2,0,256,25620000000,applied
25808000000,25807341934,2,0,257,25720000000,applied
25882000000,25881087576,0,1,258,25800000000,applied
25898000000,25896614468,0,1,257,25700000000,out_of_order
25900000000,25898704151,0,2,257,25700000000,applied
25902000000,25901276376,1,2,257,25710000000,applied
25906000000,25905758646,2,1,257,25720000000,applied
25916000000,25915614416,0,2,259,25900000000,applied
25922000000,25921179100,2,1,259,25920000000,applied
25932000000,25930764472,2,0,258,25820000000,applied
25938000000,25937668123,1,2,259,25910000000,applied
25944000000,25942081139,1,0,258,25810000000,applied
25948000000,25946060526,2,0,259,25920000000,applied
25948000000,25947220485,1,0,259,25910000000,applied
25950000000,25948165876,0,2,258,25800000000,out_of_order
25964000000,25963581715,0,1,259,25900000000,applied
25980000000,25978757937,1,2,258,25810000000,out_of_order
26008000000,26007250041,2,1,258,25820000000,out_of_order
26050000000,26048400570,1,2,260,26010000000,applied
26054000000,26052956241,2,0,260,26020000000,applied
26064000000,26063310926,0,2,260,26000000000,applied
26078000000,26076089679,1,0,260,26010000000,applied
26114000000,26113085301,0,1,260,26000000000,applied
26118000000,26117140845,2,1,260,26020000000,applied
26124000000,26123781153,0,1,261,26100000000,applied
26168000000,26167244108,1,0,261,26110000000,applied
26174000000,26172713798,0,2,261,26100000000,applied
26236000000,26235066403,0,2,262,26200000000,applied
26264000000,26262338254,1,0,262,26210000000,applied
26290000000,26289970354,2,1,261,26120000000,applied
26302000000,26301332782,2,0,261,26120000000,applied
26310000000,26308342320,1,2,261,26110000000,applied
26324000000,26323845499,1,0,263,26310000000,applied
26336000000,26335202412,2,1,263,26320000000,applied
26338000000,26337320135,0,1,262,26200000000,applied
26342000000,26340033637,2,0,263,26320000000,applied
26348000000,26347585295,2,1,262,26220000000,out_of_order
26350000000,26349332776,0,2,263,26300000000,applied
26370000000,26368389854,1,2,262,26210000000,applied
26398000000,26396439830,2,0,262,26220000000,out_of_order
26424000000,26422176747,1,2,263,26310000000,applied
26454000000,26453270784,1,0,264,26410000000,applied
26474000000,26472669335,0,1,263,26300000000,applied
26522000000,26521754805,1,2,264,26410000000,applied
26532000000,26531717602,2,1,264,26420000000,applied
26548000000,26546150102,2,0,265,26520000000,applied
26548000000,26547689146,2,1,265,26520000000,applied
26562000000,26560590373,0,1,264,26400000000,applied
26568000000,26567432110,0,2,265,26500000000,applied
26580000000,26579079473,0,2,264,26400000000,out_of_order
26588000000,26586466218,2,0,264,26420000000,out_of_order
26600000000,26598540484,1,0,265,26510000000,applied
26608000000,26606588885,1,2,265,26510000000,applied
26620000000,26619565206,1,0,266,26610000000,applied
26644000000,26642952715,0,2,266,26600000000,applied
26664000000,26662239585,0,1,266,26600000000,applied
26680000000,26679005859,2,1,266,26620000000,applied
26680000000,26679467936,2,0,266,26620000000,applied
26698000000,26696202710,0,1,265,26500000000,out_of_order
26714000000,26713807185,1,0,267,26710000000,applied
26720000000,26718978442,1,2,266,26610000000,applied
26720000000,26719972200,0,2,267,26700000000,applied
26736000000,26735080778,2,1,267,26720000000,applied
26788000000,26787883247,1,2,267,26710000000,applied
26806000000,26805412649,0,1,267,26700000000,applied
26868000000,26866460873,0,2,268,26800000000,applied
26880000000,26879259993,0,1,268,26800000000,applied
26882000000,26880103360,2,0,268,26820000000,applied
26896000000,26894165659,2,0,267,26720000000,out_of_order
26896000000,26895421111,2,1,268,26820000000,applied
26940000000,26938032607,1,0,268,26810000000,applied
26956000000,26955068181,1,2,269,26910000000,applied
26972000000,26970721146,1,2,268,26810000000,out_of_order
26984000000,26983531979,2,0,269,26920000000,applied
27002000000,27000522717,0,2,269,26900000000,applied
27006000000,27004888184,0,1,270,27000000000,applied
27016000000,27015172193,1,0,269,26910000000,applied
27044000000,27043111593,2,1,270,27020000000,applied
27064000000,27062071644,1,2,270,27010000000,applied
27064000000,27063782262,0,1,269,26900000000,out_of_order
27104000000,27102514051,2,0,270,27020000000,applied
27110000000,27109162136,0,1,271,27100000000,applied
27118000000,27117769572,2,1,269,26920000000,out_of_order
27124000000,27123173578,0,2,270,27000000000,applied
27124000000,27123921186,1,0,270,27010000000,applied
27140000000,27138162454,0,2,271,27100000000,applied
27200000000,27198530065,2,0,271,27120000000,applied
27234000000,27233848952,1,0,272,27210000000,applied
27262000000,27261299087,1,0,271,27110000000,out_of_order
27262000000,27261997976,0,2,272,27200000000,applied
27278000000,27277220199,2,1,272,27220000000,applied
27284000000,27283796274,0,1,272,27200000000,applied
27286000000,27284223195,2,1,271,27120000000,out_of_order
27304000000,27302092336,2,0,272,27220000000,applied
27304000000,27303129876,1,2,271,27110000000,applied
27316000000,27314087201,1,2,272,27210000000,applied
27328000000,27326676833,1,2,273,27310000000,applied
27370000000,27368941149,2,0,273,27320000000,applied
27388000000,27387560164,1,0,273,27310000000,applied
27450000000,27449626552,0,1,273,27300000000,applied
27454000000,27453362023,0,2,274,27400000000,applied
27458000000,27456940857,0,2,273,27300000000,out_of_order
27492000000,27491031805,2,1,273,27320000000,applied
27518000000,27516094273,2,1,274,27420000000,applied
27520000000,27519345969,1,0,275,27510000000,applied
27524000000,27522353851,0,1,274,27400000000,applied
27530000000,27529082062,2,0,274,27420000000,applied
27542000000,27541605170,1,2,275,27510000000,applied
27550000000,27548053174,0,1,275,27500000000,applied
27556000000,27554130838,2,0,275,27520000000,applied
27572000000,27571469858,2,1,275,27520000000,applied
27586000000,27585224765,0,2,275,27500000000,applied
27598000000,27597187359,1,0,274,27410000000,out_of_order
27606000000,27605793937,1,2,274,27410000000,out_of_order
27618000000,27616908205,1,2,276,27610000000,applied
27624000000,27622710448,0,1,276,27600000000,applied
27630000000,27629842591,1,0,276,27610000000,applied
27726000000,27725719223,0,2,277,27700000000,applied
27744000000,27743812520,2,1,276,27620000000,applied
27750000000,27748309039,1,2,277,27710000000,applied
27756000000,27754419442,1,0,277,27710000000,applied
27770000000,27769633545,0,2,276,27600000000,out_of_order
27796000000,27794002407,2,0,276,27620000000,applied
27832000000,27830514815,0,1,278,27800000000,applied
27846000000,27844877104,2,1,278,27820000000,applied
27864000000,27863467999,2,0,278,27820000000,applied
27892000000,27890911017,2,1,277,27720000000,out_of_order
27892000000,27890990009,0,1,277,27700000000,out_of_order
27894000000,27892366221,0,2,278,27800000000,applied
27902000000,27901881676,2,0,277,27720000000,out_of_order
27906000000,27905736498,1,2,278,27810000000,applied
27950000000,27948150346,1,0,278,27810000000,applied
28014000000,28013858136,2,1,279,27920000000,applied
28016000000,28015095791,0,2,279,27900000000,applied
28032000000,28030668449,1,0,280,28010000000,applied
28036000000,28034130300,1,2,279,27910000000,applied
28036000000,28035082460,0,1,279,27900000000,applied
28042000000,28041168176,1,2,280,28010000000,applied
28048000000,28047212943,1,0,279,27910000000,out_of_order
28054000000,28052454681,2,0,279,27920000000,applied
28094000000,28092755371,0,1,280,28000000000,applied
28104000000,28103932324,0,1,281,28100000000,applied
28116000000,28115374916,2,0,280,28020000000,applied
28136000000,28135256403,1,2,281,28110000000,applied
28178000000,28176770839,2,1,280,28020000000,applied
28188000000,28187739742,0,2,280,28000000000,applied
28216000000,28214434279,0,1,282,28200000000,applied
28244000000,28242827121,2,0,282,28220000000,applied
28252000000,28250973209,1,2,282,28210000000,applied
28262000000,28261305223,1,0,281,28110000000,applied
28278000000,28277437956,0,2,281,28100000000,applied
28290000000,28289859566,2,1,281,28120000000,applied
28296000000,28294455162,1,0,282,28210000000,applied
28322000000,28320390791,2,0,281,28120000000,out_of_order
28332000000,28331781381,0,1,283,28300000000,applied
28346000000,28344544372,2,0,283,28320000000,applied
28368000000,28366296581,2,1,282,28220000000,applied
28374000000,28372233514,1,2,283,28310000000,applied
28388000000,28387488414,0,2,282,28200000000,applied
28426000000,28424886103,2,1,284,28420000000,applied
28434000000,28433068198,2,0,284,28420000000,applied
28440000000,28438876104,0,2,283,28300000000,applied
28454000000,28452067694,1,0,283,28310000000,applied
28456000000,28455002063,0,1,284,28400000000,applied
28474000000,28473446070,1,0,284,28410000000,applied
28516000000,28514233260,0,1,285,28500000000,applied
28516000000,28515596039,2,1,283,28320000000,out_of_order
28548000000,28546886003,0,2,284,28400000000,applied
28554000000,28552150829,2,1,285,28520000000,applied
28588000000,28586533648,0,2,285,28500000000,applied
28606000000,28604998637,1,2,284,28410000000,applied
28618000000,28616726791,2,0,285,28520000000,applied
28622000000,28621780637,2,0,286,28620000000,applied
28634000000,28632193311,1,0,286,28610000000,applied
28670000000,28669728996,0,2,286,28600000000,applied
28680000000,28679627570,2,1,286,28620000000,applied
28686000000,28684121832,1,2,285,28510000000,applied
28700000000,28698982584,1,0,285,28510000000,out_of_order
28714000000,28713436755,1,2,286,28610000000,applied
28762000000,28760615563,1,2,287,28710000000,applied
28774000000,28772262465,0,1,287,28700000000,applied
28776000000,28775287883,2,1,287,28720000000,applied
28784000000,28782831476,0,2,287,28700000000,applied
28788000000,28787220517,0,1,286,28600000000,out_of_order
28802000000,28800303152,2,0,287,28720000000,applied
28824000000,28822875521,1,0,288,28810000000,applied
28826000000,28825324854,2,1,288,28820000000,applied
28836000000,28834454222,1,0,287,28710000000,out_of_order
28884000000,28882753471,0,1,288,28800000000,applied
28904000000,28903609512,0,2,288,28800000000,applied
28912000000,28910846252,1,2,288,28810000000,applied
28930000000,28929673909,2,0,289,28920000000,applied
28958000000,28957795132,2,1,289,28920000000,applied
28984000000,28983700904,2,0,288,28820000000,out_of_order
29002000000,29000782505,0,1,290,29000000000,applied
29026000000,29025535123,1,0,289,28910000000,applied
29032000000,29030369629,0,1,289,28900000000,out_of_order
29062000000,29060077395,1,2,289,28910000000,applied
29074000000,29072930361,0,2,289,28900000000,applied
29134000000,29133470279,1,2,290,29010000000,applied
29150000000,29149523946,2,0,291,29120000000,applied
29152000000,29150191254,2,1,291,29120000000,applied
29168000000,29166966430,0,2,290,29000000000,applied
29170000000,29169150604,1,0,290,29010000000,applied
29188000000,29187026739,2,1,290,29020000000,out_of_order
29204000000,29202885081,0,2,292,29200000000,applied
29206000000,29205400942,2,0,290,29020000000,out_of_order
29224000000,29222819128,1,0,291,29110000000,applied
29226000000,29225839085,0,1,291,29100000000,applied
29240000000,29239963615,1,2,291,29110000000,applied
29266000000,29264787350,2,1,292,29220000000,applied
29282000000,29281715653,0,2,291,29100000000,out_of_order
29304000000,29302672610,0,1,292,29200000000,applied
29328000000,29326357747,1,2,292,29210000000,applied
29328000000,29326869289,0,2,293,29300000000,applied
29334000000,29333025751,1,2,293,29310000000,applied
29346000000,29345229470,1,0,292,29210000000,applied
29368000000,29367757178,1,0,293,29310000000,applied
29370000000,29368456719,2,0,292,29220000000,applied
29420000000,29418782864,2,0,293,29320000000,applied
29420000000,29419785936,1,2,294,29410000000,applied
29428000000,29426816998,2,1,294,29420000000,applied
29446000000,29445896064,0,1,293,29300000000,applied
29466000000,29464255584,2,1,293,29320000000,out_of_order
29524000000,29522542551,0,1,295,29500000000,applied
29526000000,29524842919,0,1,294,29400000000,out_of_order
29548000000,29547780071,1,0,294,29410000000,applied
29552000000,29551895540,2,0,295,29520000000,applied
29568000000,29567151696,2,0,294,29420000000,out_of_order
29572000000,29570247858,1,0,295,29510000000,applied
29590000000,29588850751,0,2,294,29400000000,applied
29602000000,29601080596,0,2,295,29500000000,applied
29622000000,29621061264,2,1,295,29520000000,applied
29626000000,29624032287,1,2,295,29510000000,applied
29636000000,29634187691,0,2,296,29600000000,applied
29640000000,29638408608,0,1,296,29600000000,applied
29696000000,29694991897,1,2,296,29610000000,applied
29722000000,29721969120,1,2,297,29710000000,applied
29734000000,29733299497,2,0,296,29620000000,applied
29746000000,29744687323,0,1,297,29700000000,applied
29750000000,29748880694,1,0,297,29710000000,applied
29766000000,29765769237,2,0,297,29720000000,applied
29794000000,29792278638,2,1,296,29620000000,applied
29800000000,29799407491,1,0,296,29610000000,out_of_order
29846000000,29845332811,2,0,298,29820000000,applied
29848000000,29847874325,1,0,298,29810000000,applied
29854000000,29852257936,0,2,297,29700000000,applied
29872000000,29870574887,2,1,297,29720000000,applied
29874000000,29872616481,2,1,298,29820000000,applied
29926000000,29924156236,0,2,298,29800000000,applied
29938000000,29937098748,1,2,298,29810000000,applied
29944000000,29943778698,1,2,299,29910000000,applied
29992000000,29991756322,0,1,298,29800000000,applied
30024000000,30023038767,0,1,300,30000000000,applied
30028000000,30027190658,1,2,300,30010000000,applied
30032000000,30030544216,2,1,300,30020000000,applied
30032000000,30031760983,0,2,299,29900000000,applied
30052000000,30050605514,1,0,300,30010000000,applied
30064000000,30062051996,2,0,299,29920000000,applied
30068000000,30066002944,2,1,299,29920000000,out_of_order
30082000000,30081965589,2,0,300,30020000000,applied
30090000000,30088414367,0,1,299,29900000000,out_of_order
30096000000,30095143320,1,0,299,29910000000,out_of_order
30132000000,30130817762,2,1,301,30120000000,applied
30142000000,30141462568,1,0,301,30110000000,applied
30194000000,30192395106,0,2,300,30000000000,applied
30194000000,30192902477,1,2,301,30110000000,applied
30220000000,30219821801,1,2,302,30210000000,applied
30232000000,30231626127,0,1,302,30200000000,applied
30238000000,30236544143,0,1,301,30100000000,out_of_order
30270000000,30268570530,0,2,301,30100000000,applied
30270000000,30268725582,2,0,302,30220000000,applied
30280000000,30279112732,0,2,302,30200000000,applied
30284000000,30283995773,1,0,302,30210000000,applied
30312000000,30310116153,2,0,301,30120000000,out_of_order
30334000000,30333432624,1,2,303,30310000000,applied
30334000000,30333796134,2,1,302,30220000000,applied
30428000000,30426679930,2,1,303,30320000000,applied
30450000000,30448325837,2,0,304,30420000000,applied
30458000000,30457664058,0,1,304,30400000000,applied
30470000000,30468905282,1,0,303,30310000000,applied
30474000000,30472298775,1,0,304,30410000000,applied
30474000000,30473640088,0,1,303,30300000000,out_of_order
30476000000,30474420412,2,0,303,30320000000,out_of_order
30478000000,30476549300,0,2,303,30300000000,applied
30512000000,30510718616,0,2,304,30400000000,applied
30520000000,30519339550,0,2,305,30500000000,applied
30536000000,30535078703,1,2,304,30410000000,applied
30594000000,30592601711,2,1,304,30420000000,applied
30626000000,30625006966,1,2,306,30610000000,applied
30656000000,30654288151,2,0,305,30520000000,applied
30656000000,30655932536,1,2,305,30510000000,out_of_order
30660000000,30659652022,2,1,305,30520000000,applied
30664000000,30662707476,1,0,306,30610000000,applied
30666000000,30664209613,0,1,305,30500000000,applied
30688000000,30687079273,0,2,306,30600000000,applied
30704000000,30703428082,1,0,305,30510000000,out_of_order
30740000000,30738098222,1,2,307,30710000000,applied
30768000000,30767146922,0,1,306,30600000000,applied
30790000000,30789608057,2,0,306,30620000000,applied
30802000000,30801423527,2,1,306,30620000000,applied
30822000000,30821484470,1,0,307,30710000000,applied
30848000000,30846338782,1,0,308,30810000000,applied
30852000000,30850243338,0,1,307,30700000000,applied
30854000000,30853483793,2,1,307,30720000000,applied
30860000000,30858437491,2,0,307,30720000000,applied
30890000000,30888229851,0,2,307,30700000000,applied
30908000000,30906178019,1,2,308,30810000000,applied
30916000000,30915335621,0,1,308,30800000000,applied
30920000000,30918517683,2,0,308,30820000000,applied
30930000000,30928507912,0,2,308,30800000000,applied
30938000000,30936123316,1,2,309,30910000000,applied
30952000000,30951469063,2,1,309,30920000000,applied
30958000000,30957836943,2,0,309,30920000000,applied
30968000000,30967496018,2,1,308,30820000000,out_of_order
31006000000,31004074226,1,0,309,30910000000,applied
31010000000,31008036305,0,2,309,30900000000,applied
31042000000,31040332131,0,1,309,30900000000,applied
31106000000,31104432616,2,0,310,31020000000,applied
31108000000,31106917730,1,0,310,31010000000,applied
31152000000,31151432778,0,2,310,31000000000,applied
31160000000,31158099606,0,1,311,31100000000,applied
31168000000,31166761487,0,2,311,31100000000,applied
31168000000,31167108306,1,2,310,31010000000,applied
31172000000,31171183785,1,2,311,31110000000,applied
31184000000,31183334468,1,0,311,31110000000,applied
31186000000,31184243473,0,1,310,31000000000,out_of_order
31208000000,31206553350,2,1,310,31020000000,applied
31214000000,31213751758,2,1,311,31120000000,applied
31216000000,31215028489,1,0,312,31210000000,applied
31268000000,31267010884,2,0,311,31120000000,applied
31270000000,31268761110,2,0,312,31220000000,applied
31318000000,31316383529,0,2,312,31200000000,applied
31320000000,31318153157,1,2,313,31310000000,applied
31350000000,31349942013,2,1,312,31220000000,applied
31390000000,31389410443,0,1,312,31200000000,applied
31402000000,31401548750,1,2,312,31210000000,out_of_order
31422000000,31421305609,0,2,313,31300000000,applied
31428000000,31427466320,1,2,314,31410000000,applied
31444000000,31442254336,0,1,313,31300000000,applied
31450000000,31449278424,2,0,313,31320000000,applied
31458000000,31456451684,0,2,314,31400000000,applied
31482000000,31481225416,2,1,313,31320000000,applied
31492000000,31490177149,2,0,314,31420000000,applied
31492000000,31490946334,2,1,314,31420000000,applied
31502000000,31501584328,1,0,313,31310000000,applied
31576000000,31574871468,1,2,315,31510000000,applied
31580000000,31579815594,1,0,314,31410000000,applied
31586000000,31584291920,0,2,315,31500000000,applied
31600000000,31599425602,0,1,314,31400000000,applied
31624000000,31623485475,2,0,315,31520000000,applied
31654000000,31653052606,0,2,316,31600000000,applied
31668000000,31666979824,0,1,315,31500000000,applied
31682000000,31681011583,2,1,315,31520000000,applied
31702000000,31701781727,1,0,315,31510000000,applied
31712000000,31711135516,0,1,316,31600000000,applied
31722000000,31721376880,1,0,317,31710000000,applied
31738000000,31736512681,1,0,316,31610000000,out_of_order
31752000000,31750253335,2,0,317,31720000000,applied
31766000000,31764221619,2,0,316,31620000000,out_of_order
31774000000,31772772455,2,1,316,31620000000,applied
31790000000,31788520554,1,2,316,31610000000,applied
31790000000,31789608166,0,2,317,31700000000,applied
31816000000,31814364238,0,2,318,31800000000,applied
31826000000,31824794622,0,1,317,31700000000,applied
31842000000,31840100000,1,2,318,31810000000,applied
31860000000,31859692279,2,0,318,31820000000,applied
31864000000,31863974806,1,2,317,31710000000,out_of_order
31874000000,31872882628,2,1,317,31720000000,applied
31918000000,31917883497,1,0,318,31810000000,applied
31940000000,31938890397,1,2,319,31910000000,applied
31956000000,31955637638,2,1,319,31920000000,applied
31982000000,31980811576,0,1,318,31800000000,applied
31994000000,31992337540,2,1,318,31820000000,out_of_order
31996000000,31995175924,0,2,319,31900000000,applied
32028000000,32027355757,1,0,319,31910000000,applied
32038000000,32036782227,2,0,319,31920000000,applied
32050000000,32049150592,2,0,320,32020000000,applied
32056000000,32055496537,0,2,320,32000000000,applied
32070000000,32068563386,0,1,319,31900000000,applied
32074000000,32073437009,2,1,320,32020000000,applied
32104000000,32103078442,0,1,320,32000000000,applied
32162000000,32161101228,1,2,320,32010000000,applied
32196000000,32194949523,2,1,321,32120000000,applied
32200000000,32198164540,1,0,321,32110000000,applied
32210000000,32209140094,1,0,320,32010000000,out_of_order
32226000000,32225254194,2,1,322,32220000000,applied
32234000000,32232367077,1,2,321,32110000000,applied
32236000000,32234908453,2,0,322,32220000000,applied
32242000000,32241071669,1,0,322,32210000000,applied
32280000000,32279735645,0,1,321,32100000000,applied
32288000000,32286206772,0,2,321,32100000000,applied
32312000000,32311101683,2,0,321,32120000000,out_of_order
32322000000,32321360559,0,2,322,32200000000,applied
32348000000,32346972484,2,1,323,32320000000,applied
32352000000,32350163023,1,0,323,32310000000,applied
32360000000,32359185192,1,2,322,32210000000,applied
32372000000,32371247085,1,2,323,32310000000,applied
32400000000,32399322487,0,1,322,32200000000,applied
32416000000,32415733615,1,2,324,32410000000,applied
32418000000,32416029060,1,0,324,32410000000,applied
32436000000,32434235673,0,2,323,32300000000,applied
32444000000,32442443792,0,1,324,32400000000,applied
32458000000,32457110150,2,0,324,32420000000,applied
32460000000,32458744113,2,0,323,32320000000,out_of_order
32478000000,32476374593,0,1,323,32300000000,out_of_order
32504000000,32503360660,0,2,324,32400000000,applied
32554000000,32553079123,0,1,325,32500000000,applied
32602000000,32600606748,2,1,324,32420000000,applied
32606000000,32604424096,0,2,326,32600000000,applied
32630000000,32629524569,0,2,325,32500000000,out_of_order
32642000000,32640922875,1,0,326,32610000000,applied
32652000000,32650026230,2,0,325,32520000000,applied
32662000000,32660741576,1,0,325,32510000000,out_of_order
32672000000,32671971885,1,2,325,32510000000,applied
32674000000,32673486701,0,1,326,32600000000,applied
32688000000,32686444870,2,1,325,32520000000,applied
32704000000,32702176731,1,2,326,32610000000,applied
32732000000,32730887724,1,2,327,32710000000,applied
32752000000,32751597283,2,1,327,32720000000,applied
32778000000,32776115834,2,0,326,32620000000,applied
32796000000,32795748756,0,1,327,32700000000,applied
32800000000,32799986766,2,1,326,32620000000,out_of_order
32812000000,32811847513,1,2,328,32810000000,applied
32828000000,32827457516,2,0,328,32820000000,applied
32836000000,32834068892,2,1,328,32820000000,applied
32846000000,32844599672,1,0,327,32710000000,applied
32854000000,32853650869,0,2,327,32700000000,applied
32878000000,32876088046,0,2,328,32800000000,applied
32894000000,32892798216,1,0,328,32810000000,applied
32920000000,32918169721,2,0,327,32720000000,out_of_order
32934000000,32933103204,1,0,329,32910000000,applied
32950000000,32948598446,1,2,329,32910000000,applied
32992000000,32990655859,0,1,328,32800000000,applied
33020000000,33019291207,0,2,329,32900000000,applied
33030000000,33029352549,1,0,330,33010000000,applied
33036000000,33034121378,0,1,329,32900000000,applied
33058000000,33056544769,0,2,330,33000000000,applied
33076000000,33074148824,1,2,330,33010000000,applied
33086000000,33085010323,2,1,329,32920000000,applied
33090000000,33088051028,2,1,330,33020000000,applied
33120000000,33118637181,2,0,329,32920000000,applied
33122000000,33121887992,2,0,330,33020000000,applied
33126000000,33125559064,1,2,331,33110000000,applied
33142000000,33140234406,2,1,331,33120000000,applied
33174000000,33173588789,2,0,331,33120000000,applied
33190000000,33189541805,0,1,330,33000000000,applied
33220000000,33219956473,0,2,331,33100000000,applied
33222000000,33221162251,0,1,331,33100000000,applied
33264000000,33263346999,1,0,331,33110000000,applied
33314000000,33313371935,1,0,332,33210000000,applied
33318000000,33317877631,1,2,332,33210000000,applied
33328000000,33326480861,2,0,332,33220000000,applied
33334000000,33332075830,0,2,333,33300000000,applied
33342000000,33341359435,0,1,333,33300000000,applied
33366000000,33365582009,0,2,332,33200000000,out_of_order
33386000000,33385468204,0,1,332,33200000000,out_of_order
33388000000,33386470794,2,1,333,33320000000,applied
33412000000,33411682179,2,1,332,33220000000,out_of_order
33418000000,33416589426,2,0,333,33320000000,applied
33424000000,33423033496,1,2,333,33310000000,applied
33432000000,33430239127,2,1,334,33420000000,applied
33496000000,33494660895,1,0,333,33310000000,applied
33496000000,33494843576,0,2,334,33400000000,applied
33520000000,33519240423,1,2,334,33410000000,applied
33522000000,33521505367,1,0,335,33510000000,applied
33528000000,33527426527,0,1,334,33400000000,applied
33550000000,33549543173,2,0,335,33520000000,applied
33550000000,33549900305,1,0,334,33410000000,out_of_order
33598000000,33596742873,0,1,335,33500000000,applied
33616000000,33615915786,2,0,334,33420000000,out_of_order
33622000000,33620581109,0,2,335,33500000000,applied
33646000000,33645893159,1,2,335,33510000000,applied
33654000000,33652103613,0,2,336,33600000000,applied
33704000000,33702118641,2,1,336,33620000000,applied
33704000000,33703652596,0,1,337,33700000000,applied
33720000000,33718847915,2,1,335,33520000000,out_of_order
33746000000,33744382714,1,0,336,33610000000,applied
33766000000,33765055047,2,0,336,33620000000,applied
33772000000,33771309187,2,1,337,33720000000,applied
33784000000,33782655236,0,1,336,33600000000,out_of_order
33798000000,33796664551,1,2,336,33610000000,applied
33808000000,33806068934,0,2,337,33700000000,applied
33810000000,33808287804,1,2,337,33710000000,applied
33826000000,33825777865,2,0,337,33720000000,applied
33844000000,33843217845,0,2,338,33800000000,applied
33856000000,33854120853,1,0,338,33810000000,applied
33884000000,33883556219,1,0,337,33710000000,out_of_order
33918000000,33917855807,2,1,338,33820000000,applied
33936000000,33934832461,1,2,339,33910000000,applied
33952000000,33951485687,2,0,339,33920000000,applied
33958000000,33957833547,0,1,338,33800000000,applied
33964000000,33962741482,1,2,338,33810000000,out_of_order
33970000000,33969566414,2,0,338,33820000000,out_of_order
33982000000,33981588329,0,1,339,33900000000,applied
34002000000,34001392563,1,0,339,33910000000,applied
34032000000,34030561718,2,1,339,33920000000,applied
34034000000,34033174158,0,2,339,33900000000,applied
34066000000,34065458513,2,0,340,34020000000,applied
34072000000,34071075756,1,2,340,34010000000,applied
34104000000,34103966310,1,0,340,34010000000,applied
34154000000,34153711980,0,2,340,34000000000,applied
34158000000,34157884584,2,1,340,34020000000,applied
34166000000,34164301379,0,2,341,34100000000,applied
34168000000,34167087711,0,1,340,34000000000,applied
34172000000,34170750276,0,1,341,34100000000,applied
34184000000,34182108183,2,0,341,34120000000,applied
34206000000,34205248600,2,1,341,34120000000,applied
34226000000,34225249097,1,2,342,34210000000,applied
34240000000,34238582313,0,2,342,34200000000,applied
34252000000,34251990534,1,2,341,34110000000,out_of_order
34256000000,34255690514,0,1,342,34200000000,applied
34276000000,34275299945,1,0,341,34110000000,applied
34354000000,34353241993,1,0,342,34210000000,applied
34356000000,34354161251,2,0,342,34220000000,applied
34418000000,34416272629,2,1,342,34220000000,applied
34436000000,34435165217,2,0,343,34320000000,applied
34450000000,34449559060,2,1,343,34320000000,applied
34460000000,34458972272,0,2,343,34300000000,applied
34462000000,34460908889,0,2,344,34400000000,applied
34468000000,34467639603,2,0,344,34420000000,applied
34482000000,34481219905,1,0,343,34310000000,applied
34494000000,34493330419,0,1,343,34300000000,applied
34510000000,34508783138,1,2,343,34310000000,applied
34524000000,34522514110,1,2,345,34510000000,applied
34526000000,34524745234,0,1,345,34500000000,applied
34542000000,34541417907,2,1,345,34520000000,applied
34548000000,34547750940,0,1,344,34400000000,out_of_order
34582000000,34581107311,2,1,344,34420000000,out_of_order
34588000000,34587684675,1,0,344,34410000000,applied
34606000000,34604805386,1,2,344,34410000000,out_of_order
34644000000,34643524494,0,2,345,34500000000,applied
34652000000,34650858254,1,0,345,34510000000,applied
34710000000,34708199600,2,0,345,34520000000,applied
34720000000,34719451414,2,1,346,34620000000,applied
34736000000,34735028007,2,0,346,34620000000,applied
34758000000,34757644097,1,0,346,34610000000,applied
34770000000,34768230624,0,2,347,34700000000,applied
34784000000,34782413915,0,2,346,34600000000,out_of_order
34796000000,34794719150,1,2,346,34610000000,applied
34800000000,34798593352,0,1,346,34600000000,applied
34812000000,34811677108,0,1,347,34700000000,applied
34848000000,34847390714,2,1,347,34720000000,applied
34854000000,34853435985,1,0,348,34810000000,applied
34890000000,34888351427,1,2,347,34710000000,applied
34900000000,34898514212,1,2,348,34810000000,applied
34902000000,34901023676,2,0,347,34720000000,applied
34902000000,34901928379,0,2,348,34800000000,applied
34910000000,34909947530,1,0,347,34710000000,out_of_order
34936000000,34934278602,2,0,348,34820000000,applied
34962000000,34960198476,2,1,348,34820000000,applied
34972000000,34970539105,0,1,348,34800000000,applied
34976000000,34975651050,2,0,349,34920000000,applied
35012000000,35010937908,0,2,349,34900000000,applied
35018000000,35016627026,1,2,349,34910000000,applied
35018000000,35017936904,0,1,349,34900000000,applied
35040000000,35038454125,1,0,349,34910000000,applied
35090000000,35089509886,2,1,349,34920000000,applied
35098000000,35097290621,0,2,350,35000000000,applied
35102000000,35101512124,2,0,350,35020000000,applied
35146000000,35145326778,2,1,350,35020000000,applied
35160000000,35158524862,0,2,351,35100000000,applied
35178000000,35177555038,1,2,350,35010000000,applied
35180000000,35179554318,0,1,351,35100000000,applied
35182000000,35181319601,0,1,350,35000000000,out_of_order
35200000000,35199478414,1,0,350,35010000000,applied
35214000000,35212737292,2,0,351,35120000000,applied
35232000000,35231646903,2,1,352,35220000000,applied
35246000000,35244678395,1,0,352,35210000000,applied
35252000000,35250996646,0,2,352,35200000000,applied
35274000000,35272107411,2,1,351,35120000000,out_of_order
35290000000,35289165297,1,0,351,35110000000,out_of_order
35308000000,35306002389,1,2,351,35110000000,applied
35354000000,35352488649,1,0,353,35310000000,applied
35360000000,35358532123,0,1,352,35200000000,applied
35388000000,35387126126,1,2,352,35210000000,applied
35398000000,35396848511,1,2,353,35310000000,applied
35404000000,35402380846,2,0,352,35220000000,applied
35406000000,35404556109,0,2,354,35400000000,applied
35422000000,35420796405,0,1,354,35400000000,applied
35452000000,35450847583,2,1,354,35420000000,applied
35464000000,35462908485,1,0,354,35410000000,applied
35474000000,35472110755,0,1,353,35300000000,out_of_order
35478000000,35476164813,0,2,353,35300000000,out_of_order
35480000000,35478539030,2,1,353,35320000000,out_of_order
35486000000,35484180308,2,0,354,35420000000,applied
35504000000,35502607904,0,1,355,35500000000,applied
35514000000,35513160737,2,0,353,35320000000,out_of_order
35556000000,35554922094,1,2,354,35410000000,applied
35580000000,35578177688,0,2,355,35500000000,applied
35612000000,35611718175,0,1,356,35600000000,applied
35616000000,35615404676,2,1,355,35520000000,applied
35620000000,35619400529,1,0,355,35510000000,applied
35624000000,35622949449,1,0,356,35610000000,applied
35632000000,35630210962,1,2,355,35510000000,applied
35640000000,35639970957,2,0,355,35520000000,applied
35652000000,35651106156,2,0,356,35620000000,applied
35660000000,35658140632,0,2,356,35600000000,applied
35706000000,35705519810,0,2,357,35700000000,applied
35728000000,35726004931,0,1,357,35700000000,applied
35736000000,35734480955,1,2,357,35710000000,applied
35768000000,35766519775,1,2,356,35610000000,out_of_order
35776000000,35775821500,2,0,357,35720000000,applied
35790000000,35788699644,2,1,356,35620000000,applied
35816000000,35814712005,2,1,357,35720000000,applied
35846000000,35844770756,1,0,357,35710000000,applied
35858000000,35857125429,1,2,358,35810000000,applied
35928000000,35926394313,0,1,358,35800000000,applied
35928000000,35927856977,2,1,358,35820000000,applied
35930000000,35929706708,1,2,359,35910000000,applied
35940000000,35939802524,1,0,359,35910000000,applied
35944000000,35942954039,0,2,359,35900000000,applied
35952000000,35951537922,2,0,358,35820000000,applied
35978000000,35976923676,0,2,358,35800000000,out_of_order
36006000000,36005923546,1,0,358,35810000000,out_of_order
36014000000,36012304025,0,1,359,35900000000,applied
36060000000,36059373680,2,1,359,35920000000,applied
36092000000,36090930085,2,1,360,36020000000,applied
36110000000,36108364656,2,0,359,35920000000,applied
36118000000,36117004713,1,2,360,36010000000,applied
36148000000,36147722100,0,1,360,36000000000,applied
36148000000,36147919853,0,2,360,36000000000,applied
36158000000,36156934563,1,0,361,36110000000,applied
36162000000,36160360857,1,0,360,36010000000,out_of_order
36202000000,36201612303,2,0,360,36020000000,applied
36216000000,36214991668,1,2,361,36110000000,applied
36222000000,36221623455,0,2,361,36100000000,applied
36246000000,36245687423,2,1,362,36220000000,applied
36254000000,36253399276,1,2,362,36210000000,applied
36282000000,36281904816,2,1,361,36120000000,out_of_order
36284000000,36282397381,1,0,362,36210000000,applied
36286000000,36285422428,0,1,361,36100000000,applied
36304000000,36303797790,0,2,363,36300000000,applied
36310000000,36309778173,2,0,361,36120000000,applied
36348000000,36346262461,1,0,363,36310000000,applied
36354000000,36353312695,0,1,363,36300000000,applied
36358000000,36356147551,0,1,362,36200000000,out_of_order
36366000000,36364312401,2,0,362,36220000000,applied
36372000000,36370797940,2,1,363,36320000000,applied
36374000000,36372083782,2,0,363,36320000000,applied
36386000000,36384929196,0,2,362,36200000000,out_of_order
36408000000,36407295424,1,2,363,36310000000,applied
36436000000,36434654123,1,2,364,36410000000,applied
36476000000,36475784033,0,2,364,36400000000,applied
36492000000,36491217188,2,1,364,36420000000,applied
36520000000,36519194911,0,1,364,36400000000,applied
36524000000,36523531551,2,0,364,36420000000,applied
36538000000,36536269981,1,2,365,36510000000,applied
36582000000,36581080438,0,2,365,36500000000,applied
36606000000,36604492425,1,0,364,36410000000,applied
36608000000,36606765376,2,1,365,36520000000,applied
36618000000,36616571822,2,0,365,36520000000,applied
36624000000,36622369448,1,2,366,36610000000,applied
36626000000,36624275531,1,0,366,36610000000,applied
36638000000,36636107895,1,0,365,36510000000,out_of_order
36638000000,36637387240,0,2,366,36600000000,applied
36642000000,36641295706,0,1,365,36500000000,applied
36690000000,36689685139,0,1,366,36600000000,applied
36702000000,36700077576,2,1,366,36620000000,applied
36716000000,36714014453,2,0,366,36620000000,applied
36726000000,36725696339,2,0,367,36720000000,applied
36772000000,36770562297,1,2,367,36710000000,applied
36802000000,36801826999,2,1,367,36720000000,applied
36804000000,36802553396,0,1,367,36700000000,applied
36858000000,36857057443,1,0,367,36710000000,applied
36862000000,36861914092,0,2,368,36800000000,applied
36870000000,36869473879,0,2,367,36700000000,out_of_order
36882000000,36880671560,2,0,368,36820000000,applied
36896000000,36894941740,0,1,368,36800000000,applied
36910000000,36909390048,2,1,368,36820000000,applied
36940000000,36939882144,1,0,369,36910000000,applied
36942000000,36941493703,0,1,369,36900000000,applied
36958000000,36956826752,1,0,368,36810000000,out_of_order
36988000000,36987023863,1,2,368,36810000000,applied
37022000000,37021468681,2,1,370,37020000000,applied
37036000000,37035260976,1,0,370,37010000000,applied
37050000000,37048720136,2,0,369,36920000000,applied
37056000000,37054721256,2,0,370,37020000000,applied
37056000000,37055668704,1,2,370,37010000000,applied
37076000000,37074583287,2,1,369,36920000000,out_of_order
37086000000,37084458599,0,2,369,36900000000,applied
37090000000,37088802528,1,2,369,36910000000,out_of_order
37100000000,37098525947,0,1,370,37000000000,applied
37128000000,37127234262,1,2,371,37110000000,applied
37130000000,37129172044,0,2,370,37000000000,applied
37146000000,37145912743,2,1,371,37120000000,applied
37188000000,37186475042,1,0,371,37110000000,applied
37234000000,37232388235,0,1,372,37200000000,applied
37234000000,37233817959,1,2,372,37210000000,applied
37236000000,37234391930,2,1,372,37220000000,applied
37264000000,37262810885,0,2,372,37200000000,applied
37272000000,37271187207,2,0,371,37120000000,applied
37288000000,37286667309,0,1,371,37100000000,out_of_order
37296000000,37295823783,0,2,371,37100000000,out_of_order
37318000000,37317134746,0,2,373,37300000000,applied
37382000000,37381883479,1,0,372,37210000000,applied
37384000000,37383843444,0,1,373,37300000000,applied
37386000000,37385407709,1,0,373,37310000000,applied
37402000000,37400529983,2,0,372,37220000000,applied
37406000000,37405398867,2,0,373,37320000000,applied
37412000000,37411495246,1,2,374,37410000000,applied
37424000000,37423766032,0,2,374,37400000000,applied
37450000000,37449596084,1,2,373,37310000000,out_of_order
37484000000,37483800752,2,1,374,37420000000,applied
37486000000,37484389101,2,1,373,37320000000,out_of_order
37492000000,37491594584,2,0,374,37420000000,applied
37510000000,37508105537,1,0,374,37410000000,applied
37530000000,37529869527,2,1,375,37520000000,applied
37556000000,37555898997,0,1,374,37400000000,applied
37610000000,37608682605,0,2,375,37500000000,applied
37614000000,37613502708,1,0,376,37610000000,applied
37618000000,37617181912,0,1,375,37500000000,applied
37642000000,37641978146,1,2,376,37610000000,applied
37646000000,37644685327,2,0,375,37520000000,applied
37648000000,37647027515,0,1,376,37600000000,applied
37654000000,37653628896,1,2,375,37510000000,out_of_order
37710000000,37709029700,0,2,376,37600000000,applied
37710000000,37709585342,1,0,375,37510000000,out_of_order
37724000000,37723626280,1,2,377,37710000000,applied
37750000000,37748854470,2,1,376,37620000000,applied
37762000000,37760064825,0,2,377,37700000000,applied
37808000000,37807883638,2,0,376,37620000000,applied
37834000000,37833904538,2,1,378,37820000000,applied
37842000000,37840099086,2,1,377,37720000000,out_of_order
37866000000,37864959361,0,2,378,37800000000,applied
37870000000,37869627479,2,0,378,37820000000,applied
37876000000,37875806067,0,1,377,37700000000,applied
37906000000,37904834635,1,0,377,37710000000,applied
37920000000,37918402797,2,0,377,37720000000,out_of_order
37924000000,37923601101,1,2,379,37910000000,applied
37934000000,37933626250,0,2,379,37900000000,applied
37940000000,37938812818,0,1,378,37800000000,applied
37948000000,37946793779,1,0,379,37910000000,applied
37966000000,37965846376,1,2,378,37810000000,out_of_order
37972000000,37970844210,1,0,378,37810000000,out_of_order
38022000000,38021837139,2,0,380,38020000000,applied
38030000000,38028260161,1,0,380,38010000000,applied
38040000000,38039295151,0,1,380,38000000000,applied
38084000000,38083096585,0,1,379,37900000000,out_of_order
38084000000,38083522052,2,0,379,37920000000,out_of_order
38092000000,38090364908,0,2,380,38000000000,applied
38116000000,38115408021,2,1,379,37920000000,applied
38154000000,38152356911,0,1,381,38100000000,applied
38160000000,38159811346,1,2,380,38010000000,applied
38172000000,38170860753,1,2,381,38110000000,applied
38192000000,38190787478,2,1,380,38020000000,applied
38192000000,38191418185,1,0,381,38110000000,applied
38196000000,38194908033,0,2,381,38100000000,applied
38232000000,38230150075,1,0,382,38210000000,applied
38242000000,38240207710,2,1,381,38120000000,applied
38264000000,38263453997,1,2,382,38210000000,applied
38308000000,38306135101,2,0,381,38120000000,applied
38322000000,38320645133,2,0,382,38220000000,applied
38324000000,38323333548,1,0,383,38310000000,applied
38326000000,38324248380,2,0,383,38320000000,applied
38332000000,38331975133,1,2,383,38310000000,applied
38362000000,38360645940,0,2,383,38300000000,applied
38370000000,38369242300,0,2,382,38200000000,out_of_order
38378000000,38377742754,0,1,382,38200000000,applied
38404000000,38402922728,2,1,382,38220000000,applied
38442000000,38440055846,2,0,384,38420000000,applied
38456000000,38454803868,0,1,384,38400000000,applied
38476000000,38475107387,2,1,383,38320000000,applied
38494000000,38493634838,0,1,383,38300000000,out_of_order
38508000000,38507078385,1,2,384,38410000000,applied
38550000000,38548057992,2,1,384,38420000000,applied
38550000000,38548104448,1,0,384,38410000000,applied
38568000000,38567304300,1,0,385,38510000000,applied
38582000000,38580866648,0,2,385,38500000000,applied
38588000000,38587880368,0,2,384,38400000000,out_of_order
38620000000,38618354891,0,1,386,38600000000,applied
38620000000,38619747350,0,1,385,38500000000,out_of_order
38636000000,38635542791,1,2,385,38510000000,applied
38678000000,38676263292,0,2,386,38600000000,applied
38678000000,38677413326,2,0,386,38620000000,applied
38680000000,38678149467,2,0,385,38520000000,out_of_order
38716000000,38715646822,2,1,385,38520000000,applied
38728000000,38727311076,1,0,386,38610000000,applied
38762000000,38760248869,1,2,387,38710000000,applied
38796000000,38794881361,0,1,387,38700000000,applied
38798000000,38796324958,1,2,386,38610000000,out_of_order
38798000000,38796922691,2,1,386,38620000000,applied
38810000000,38808770982,2,0,387,38720000000,applied
38810000000,38809662124,2,1,387,38720000000,applied
38848000000,38846706504,2,1,388,38820000000,applied
38864000000,38862236287,0,2,387,38700000000,applied
38882000000,38880543491,1,0,387,38710000000,applied
38896000000,38895214204,1,0,388,38810000000,applied
38930000000,38929488515,0,1,388,38800000000,applied
38934000000,38933417984,2,1,389,38920000000,applied
38934000000,38933896096,0,2,388,38800000000,applied
38940000000,38939255751,2,0,388,38820000000,applied
38952000000,38950556118,1,2,388,38810000000,applied
39008000000,39006836049,0,1,389,38900000000,applied
39008000000,39007008472,1,2,389,38910000000,applied
39046000000,39044137238,1,0,390,39010000000,applied
39050000000,39048801717,0,2,389,38900000000,applied
39062000000,39060209806,0,1,390,39000000000,applied
39094000000,39093305929,0,2,390,39000000000,applied
39112000000,39110388892,1,0,389,38910000000,out_of_order
39118000000,39116130710,2,0,390,39020000000,applied
39118000000,39116724725,2,0,389,38920000000,out_of_order
39136000000,39134967301,2,1,390,39020000000,applied
39140000000,39138547517,0,1,391,39100000000,applied
39142000000,39140800401,1,0,391,39110000000,applied
39206000000,39205867981,1,2,390,39010000000,applied
39212000000,39210775228,0,1,392,39200000000,applied
39220000000,39219009540,2,0,391,39120000000,applied
39236000000,39235135597,1,2,391,39110000000,applied
39264000000,39263663620,2,1,391,39120000000,applied
39282000000,39281251685,0,2,391,39100000000,applied
39310000000,39308170957,1,2,392,39210000000,applied
39368000000,39367799059,1,0,392,39210000000,applied
39374000000,39373381865,0,1,393,39300000000,applied
39380000000,39378374374,0,2,392,39200000000,applied
39394000000,39393848272,2,0,392,39220000000,applied
39400000000,39398604459,1,0,393,39310000000,applied
39402000000,39401643112,0,1,394,39400000000,applied
39410000000,39409024361,2,1,392,39220000000,applied
39426000000,39424900841,1,2,394,39410000000,applied
39444000000,39442950994,0,2,394,39400000000,applied
39480000000,39478345283,2,0,393,39320000000,applied
39480000000,39479725408,2,1,393,39320000000,applied
39482000000,39481544289,0,2,393,39300000000,out_of_order
39492000000,39490561322,1,2,393,39310000000,out_of_order
39516000000,39514388914,2,1,394,39420000000,applied
39568000000,39567464806,1,0,394,39410000000,applied
39580000000,39579159383,0,2,395,39500000000,applied
39594000000,39593940359,0,1,395,39500000000,applied
39600000000,39598467679,1,0,395,39510000000,applied
39616000000,39614127796,2,0,394,39420000000,applied
39632000000,39630104701,1,2,395,39510000000,applied
39644000000,39642302782,2,1,396,39620000000,applied
39648000000,39646523289,2,1,395,39520000000,out_of_order
39650000000,39649777050,2,0,395,39520000000,applied
39658000000,39656595492,2,0,396,39620000000,applied
39666000000,39664744135,0,1,396,39600000000,applied
39702000000,39700385893,1,2,396,39610000000,applied
39720000000,39719450714,0,2,397,39700000000,applied
39732000000,39730896398,2,0,397,39720000000,applied
39764000000,39763390353,0,1,397,39700000000,applied
39780000000,39779011208,0,2,396,39600000000,out_of_order
39784000000,39782897955,1,0,396,39610000000,applied
39824000000,39822151125,1,2,397,39710000000,applied
39826000000,39825678914,0,2,398,39800000000,applied
39852000000,39850785768,2,0,398,39820000000,applied
39854000000,39853481148,2,1,397,39720000000,applied
39866000000,39864610769,1,2,398,39810000000,applied
39896000000,39894483040,0,1,398,39800000000,applied
39898000000,39896071782,1,0,397,39710000000,applied
39928000000,39926596206,2,1,398,39820000000,applied
39958000000,39956513893,0,1,399,39900000000,applied
39970000000,39969885254,1,0,398,39810000000,applied
39976000000,39975134317,1,0,399,39910000000,applied
40030000000,40029706711,0,2,400,40000000000,applied
40038000000,40036827466,0,2,399,39900000000,out_of_order
40068000000,40066134435,2,1,400,40020000000,applied
40072000000,40070309814,2,1,399,39920000000,out_of_order
40076000000,40074643820,1,2,400,40010000000,applied
40110000000,40109931257,1,2,399,39910000000,out_of_order
40112000000,40111890751,0,1,400,40000000000,applied
40114000000,40113655894,2,0,399,39920000000,applied
40160000000,40158898452,2,0,400,40020000000,applied
40176000000,40174159046,1,0,400,40010000000,applied
40178000000,40176318835,1,0,401,40110000000,applied
40192000000,40190876821,2,1,401,40120000000,applied
40206000000,40204269710,0,2,402,40200000000,applied
40218000000,40216067137,1,2,401,40110000000,applied
40222000000,40220597815,0,2,401,40100000000,out_of_order
40228000000,40226444437,2,0,402,40220000000,applied
40230000000,40229636205,1,2,402,40210000000,applied
40234000000,40232130505,1,0,402,40210000000,applied
40240000000,40238291090,2,1,402,40220000000,applied
40254000000,40253416582,0,1,401,40100000000,applied
40278000000,40277294484,0,1,402,40200000000,applied
40294000000,40293307703,2,0,401,40120000000,out_of_order
40370000000,40369948867,1,0,403,40310000000,applied
40422000000,40421720809,2,1,403,40320000000,applied
40438000000,40436762070,0,2,404,40400000000,applied
40440000000,40439587622,2,0,404,40420000000,applied
40442000000,40441705763,0,2,403,40300000000,out_of_order
40446000000,40444814009,0,1,403,40300000000,applied
40456000000,40455197973,1,2,403,40310000000,applied
40460000000,40459985710,2,1,404,40420000000,applied
40472000000,40470545729,2,0,403,40320000000,out_of_order
40552000000,40550278966,1,2,404,40410000000,applied
40564000000,40562992430,2,0,405,40520000000,applied
40568000000,40566426425,0,2,405,40500000000,applied
40578000000,40576209898,1,0,404,40410000000,applied
40578000000,40577106604,2,1,405,40520000000,applied
40592000000,40591002125,0,1,405,40500000000,applied
40592000000,40591259991,0,1,404,40400000000,out_of_order
40636000000,40635976201,1,0,406,40610000000,applied
40642000000,40640279149,1,2,406,40610000000,applied
40658000000,40656618592,0,1,406,40600000000,applied
40658000000,40657454353,1,2,405,40510000000,out_of_order
40678000000,40676868795,1,0,405,40510000000,out_of_order
40698000000,40697812692,2,1,406,40620000000,applied
40718000000,40717587565,2,0,406,40620000000,applied
40746000000,40744418017,1,0,407,40710000000,applied
40758000000,40756910334,0,2,406,40600000000,applied
40768000000,40767442188,0,1,407,40700000000,applied
40804000000,40803966621,0,2,407,40700000000,applied
40812000000,40810752487,1,2,407,40710000000,applied
40818000000,40816101400,2,0,407,40720000000,applied
40820000000,40818337669,0,2,408,40800000000,applied
40834000000,40833145598,1,0,408,40810000000,applied
40834000000,40833359413,2,1,407,40720000000,applied
40838000000,40836382804,0,1,408,40800000000,applied
40878000000,40876568357,2,0,408,40820000000,applied
40936000000,40935418200,1,2,408,40810000000,applied
40976000000,40975562813,1,0,409,40910000000,applied
41000000000,40999331837,2,1,408,40820000000,applied
41026000000,41025721798,2,0,409,40920000000,applied
41036000000,41034542865,0,1,409,40900000000,applied
41040000000,41039179213,0,2,409,40900000000,applied
41052000000,41051768288,1,2,410,41010000000,applied
41062000000,41060296605,2,0,410,41020000000,applied
41064000000,41063512122,2,1,410,41020000000,applied
41092000000,41091047242,1,2,409,40910000000,out_of_order
41098000000,41096071574,2,1,409,40920000000,out_of_order
41114000000,41112041579,1,0,410,41010000000,applied
41144000000,41143233189,0,2,410,41000000000,applied
41172000000,41171574732,0,1,410,41000000000,applied
41200000000,41198234259,2,0,411,41120000000,applied
41208000000,41207797302,1,0,411,41110000000,applied
41226000000,41225970613,0,2,412,41200000000,applied
41240000000,41238113556,0,1,411,41100000000,applied
41260000000,41258505977,0,2,411,41100000000,out_of_order
41260000000,41259939559,1,2,411,41110000000,applied
41282000000,41281677372,2,1,411,41120000000,applied
41312000000,41311899743,0,1,412,41200000000,applied
41314000000,41313292537,0,2,413,41300000000,applied
41320000000,41318361894,1,2,412,41210000000,applied
41324000000,41323616432,2,0,412,41220000000,applied
41362000000,41360433926,2,1,412,41220000000,applied
41400000000,41399921140,1,0,412,41210000000,applied
41412000000,41410156935,2,0,413,41320000000,applied
41412000000,41411370501,0,1,413,41300000000,applied
41428000000,41427556794,1,0,413,41310000000,applied
41428000000,41427882764,2,1,413,41320000000,applied
41432000000,41430765354,2,0,414,41420000000,applied
41472000000,41470145195,0,1,414,41400000000,applied
41476000000,41475408013,1,2,413,41310000000,applied
41548000000,41546167610,2,1,414,41420000000,applied
41548000000,41547383674,0,2,414,41400000000,applied
41566000000,41565069432,1,0,414,41410000000,applied
41574000000,41572516210,1,2,414,41410000000,applied
41574000000,41573607062,1,2,415,41510000000,applied
41582000000,41581496738,0,1,415,41500000000,applied
41588000000,41587646090,0,2,415,41500000000,applied
41630000000,41628513814,1,2,416,41610000000,applied
41640000000,41639028064,1,0,415,41510000000,applied
41656000000,41655832199,2,1,416,41620000000,applied
41664000000,41662157218,1,0,416,41610000000,applied
41678000000,41677176777,2,0,415,41520000000,applied
41686000000,41684671489,0,2,416,41600000000,applied
41712000000,41710316993,2,1,415,41520000000,out_of_order
41720000000,41718916480,2,0,416,41620000000,applied
41722000000,41721146369,0,1,416,41600000000,applied
41728000000,41727501851,1,2,417,41710000000,applied
41784000000,41783140884,0,1,417,41700000000,applied
41814000000,41813831845,2,1,417,41720000000,applied
41818000000,41817877982,0,2,417,41700000000,applied
41824000000,41822615828,2,1,418,41820000000,applied
41824000000,41823632687,0,2,418,41800000000,applied
41854000000,41852443673,2,0,418,41820000000,applied
41854000000,41853950600,2,0,417,41720000000,out_of_order
41856000000,41854287137,1,0,417,41710000000,applied
41894000000,41892245950,0,1,418,41800000000,applied
41914000000,41913576526,1,0,419,41910000000,applied
41962000000,41960185242,1,0,418,41810000000,out_of_order
41986000000,41984687394,1,2,418,41810000000,applied
41998000000,41996111625,0,2,419,41900000000,applied
42008000000,42007885312,2,1,419,41920000000,applied
42026000000,42024267207,0,1,419,41900000000,applied
42050000000,42049391274,2,0,419,41920000000,applied
42072000000,42071312566,1,0,420,42010000000,applied
42072000000,42071460615,0,1,420,42000000000,applied
42088000000,42087963791,0,2,420,42000000000,applied
42102000000,42100332858,1,2,419,41910000000,applied
42110000000,42108152093,0,2,421,42100000000,applied
42144000000,42143675454,2,1,421,42120000000,applied
42148000000,42147145940,2,0,420,42020000000,applied
42154000000,42153496590,1,2,420,42010000000,applied
42196000000,42194062331,1,2,421,42110000000,applied
42208000000,42206525239,2,1,420,42020000000,out_of_order
42236000000,42234605012,1,0,421,42110000000,applied
42238000000,42236485190,2,1,422,42220000000,applied
42254000000,42252745934,0,1,422,42200000000,applied
42260000000,42259314817,1,0,422,42210000000,applied
42262000000,42260900625,2,0,422,42220000000,applied
42274000000,42273051392,0,1,421,42100000000,out_of_order
42276000000,42274450225,1,2,422,42210000000,applied
42296000000,42294150053,2,0,421,42120000000,out_of_order
42300000000,42299597356,0,2,422,42200000000,applied
42310000000,42308849501,0,2,423,42300000000,applied
42332000000,42331456727,1,2,423,42310000000,applied
42412000000,42410134060,0,1,423,42300000000,applied
42418000000,42417852945,2,1,423,42320000000,applied
42448000000,42447234964,1,2,424,42410000000,applied
42470000000,42469269142,0,2,424,42400000000,applied
42482000000,42480880115,2,0,423,42320000000,applied
42486000000,42484872573,1,0,423,42310000000,applied
42494000000,42492343311,2,0,424,42420000000,applied
42526000000,42525702742,1,0,424,42410000000,applied
42548000000,42547113009,2,1,425,42520000000,applied
42562000000,42560063524,0,2,425,42500000000,applied
42564000000,42562416929,1,2,425,42510000000,applied
42594000000,42593805732,0,1,424,42400000000,applied
42600000000,42599737464,2,1,424,42420000000,out_of_order
42640000000,42639884441,0,2,426,42600000000,applied
42644000000,42642916134,2,0,425,42520000000,applied
42672000000,42670661671,0,1,425,42500000000,applied
42682000000,42680741282,1,0,426,42610000000,applied
42682000000,42681199665,2,1,426,42620000000,applied
42710000000,42709382802,1,0,425,42510000000,out_of_order
42734000000,42733258367,1,2,426,42610000000,applied
42752000000,42750278648,1,0,427,42710000000,applied
42758000000,42757382152,0,1,426,42600000000,applied
42786000000,42784978999,0,1,427,42700000000,applied
42792000000,42791179126,2,0,426,42620000000,applied
42798000000,42797254691,1,2,427,42710000000,applied
42814000000,42812127633,0,2,428,42800000000,applied
42822000000,42821250880,2,0,427,42720000000,applied
42848000000,42847899355,2,1,427,42720000000,applied
42870000000,42868937606,0,2,427,42700000000,out_of_order
42890000000,42889453389,1,0,428,42810000000,applied
42892000000,42891324743,1,2,428,42810000000,applied
42908000000,42907055936,0,1,428,42800000000,applied
42970000000,42969378535,2,0,428,42820000000,applied
42972000000,42970402261,0,2,429,42900000000,applied
42986000000,42984639368,0,1,429,42900000000,applied
43004000000,43003828681,0,1,430,43000000000,applied
43014000000,43012752206,1,0,429,42910000000,applied
43014000000,43013375704,2,1,428,42820000000,applied
43024000000,43022062512,0,2,430,43000000000,applied
43044000000,43042466907,2,0,429,42920000000,applied
43068000000,43067988494,2,1,430,43020000000,applied
43070000000,43068182982,1,2,429,42910000000,applied
43078000000,43077431290,1,2,430,43010000000,applied
43092000000,43091679389,2,1,429,42920000000,out_of_order
43096000000,43094150665,1,0,430,43010000000,applied
43144000000,43142896081,2,0,430,43020000000,applied
43164000000,43162750336,1,0,431,43110000000,applied
43166000000,43164634484,2,0,431,43120000000,applied
43180000000,43179511978,0,1,431,43100000000,applied
43182000000,43181515293,2,1,431,43120000000,applied
43236000000,43235432748,1,2,431,43110000000,applied
43274000000,43272925631,1,0,432,43210000000,applied
43292000000,43291445560,0,2,431,43100000000,applied
43322000000,43320960633,2,1,433,43320000000,applied
43322000000,43321783973,1,2,433,43310000000,applied
43342000000,43341751604,2,1,432,43220000000,out_of_order
43348000000,43346721306,0,1,433,43300000000,applied
43348000000,43347270323,2,0,433,43320000000,applied
43348000000,43347350162,1,2,432,43210000000,out_of_order
43394000000,43393278498,1,0,433,43310000000,applied
43394000000,43393695199,0,1,432,43200000000,out_of_order
43400000000,43398387265,0,2,432,43200000000,applied
43400000000,43399487591,2,0,432,43220000000,out_of_order
43448000000,43446278259,0,2,433,43300000000,applied
43448000000,43447289753,0,2,434,43400000000,applied
43478000000,43476515440,2,0,434,43420000000,applied
43500000000,43499697683,2,1,434,43420000000,applied
43508000000,43507600460,1,0,434,43410000000,applied
43530000000,43529495855,1,2,434,43410000000,applied
43552000000,43551634807,0,1,434,43400000000,applied
43562000000,43560683269,2,0,435,43520000000,applied
43604000000,43603634222,0,1,436,43600000000,applied
43606000000,43605048019,1,0,435,43510000000,applied
43646000000,43645500052,1,0,436,43610000000,applied
43658000000,43657772626,0,1,435,43500000000,out_of_order
43662000000,43660862393,1,2,435,43510000000,applied
43674000000,43673436087,2,1,435,43520000000,applied
43678000000,43676894867,2,0,436,43620000000,applied
43686000000,43685681769,0,2,435,43500000000,applied
43700000000,43699773044,1,2,436,43610000000,applied
43712000000,43710046911,0,2,436,43600000000,applied
43712000000,43710956430,1,2,437,43710000000,applied
43728000000,43726469270,0,1,437,43700000000,applied
43742000000,43740576429,2,1,436,43620000000,applied
43748000000,43747569766,2,0,437,43720000000,applied
43822000000,43820714733,0,1,438,43800000000,applied
43826000000,43824398727,2,1,437,43720000000,applied
43838000000,43836080810,0,2,437,43700000000,applied
43846000000,43844324720,1,0,438,43810000000,applied
43850000000,43848369561,1,2,438,43810000000,applied
43872000000,43871403726,2,0,438,43820000000,applied
43904000000,43903031767,1,0,437,43710000000,out_of_order
43918000000,43916733594,2,1,438,43820000000,applied
43922000000,43921860232,2,0,439,43920000000,applied
43940000000,43939404065,2,1,439,43920000000,applied
43966000000,43965808362,0,2,438,43800000000,applied
43972000000,43971709547,0,2,439,43900000000,applied
43978000000,43977134128,0,1,439,43900000000,applied
44018000000,44017845331,1,2,440,44010000000,applied
44028000000,44026824560,1,2,439,43910000000,out_of_order
44036000000,44034570909,1,0,440,44010000000,applied
44044000000,44042348294,0,2,440,44000000000,applied
44088000000,44086786348,2,0,440,44020000000,applied
44098000000,44097934175,1,0,439,43910000000,out_of_order
44118000000,44117809723,1,0,441,44110000000,applied
44122000000,44121465993,0,1,440,44000000000,applied
44136000000,44134002089,2,1,440,44020000000,applied
44152000000,44150978943,0,1,441,44100000000,applied
44220000000,44219984859,2,0,441,44120000000,applied
44230000000,44228983243,0,1,442,44200000000,applied
44250000000,44248756436,2,0,442,44220000000,applied
44268000000,44266077267,0,2,441,44100000000,applied
44286000000,44285108075,1,0,442,44210000000,applied
44288000000,44287191547,1,2,441,44110000000,applied
44310000000,44309783510,2,1,441,44120000000,applied
44320000000,44319400814,1,2,442,44210000000,applied
44344000000,44342490906,1,2,443,44310000000,applied
44356000000,44354575181,0,2,442,44200000000,applied
44360000000,44359541514,0,1,443,44300000000,applied
44404000000,44403113430,2,1,442,44220000000,applied
44414000000,44412192567,0,2,443,44300000000,applied
44430000000,44429983620,0,2,444,44400000000,applied
44474000000,44473444314,1,0,443,44310000000,applied
44496000000,44494589669,2,1,443,44320000000,applied
44502000000,44501683659,2,0,443,44320000000,applied
44508000000,44506838479,1,0,444,44410000000,applied
44508000000,44507869622,1,2,444,44410000000,applied
44540000000,44539262179,0,1,445,44500000000,applied
44556000000,44555882329,2,0,444,44420000000,applied
44562000000,44561833111,2,1,445,44520000000,applied
44578000000,44576135683,1,0,445,44510000000,applied
44578000000,44577176952,0,2,445,44500000000,applied
44580000000,44578987269,2,1,444,44420000000,out_of_order
44584000000,44583583851,2,0,445,44520000000,applied
44598000000,44596408816,0,1,444,44400000000,out_of_order
44620000000,44619441319,1,2,446,44610000000,applied
44628000000,44626838936,1,0,446,44610000000,applied
44652000000,44651604041,2,1,446,44620000000,applied
44708000000,44707247939,1,2,445,44510000000,out_of_order
44726000000,44725758892,2,1,447,44720000000,applied
44764000000,44763322920,0,2,447,44700000000,applied
44766000000,44764827204,0,2,446,44600000000,out_of_order
44780000000,44779947593,0,1,446,44600000000,applied
44802000000,44801568010,2,0,446,44620000000,applied
44816000000,44815788998,2,0,447,44720000000,applied
44824000000,44822237083,0,2,448,44800000000,applied
44824000000,44823658592,1,2,448,44810000000,applied
44826000000,44825714311,0,1,448,44800000000,applied
44840000000,44838086308,1,2,447,44710000000,out_of_order
44884000000,44883313740,0,1,447,44700000000,out_of_order
44906000000,44904205270,1,0,447,44710000000,applied
44908000000,44906384896,2,1,448,44820000000,applied
44924000000,44923957071,1,0,449,44910000000,applied
44928000000,44926322127,2,1,449,44920000000,applied
44942000000,44941963246,1,2,449,44910000000,applied
44952000000,44951634144,2,0,448,44820000000,applied
44954000000,44953396995,0,2,449,44900000000,applied
44964000000,44962808546,2,0,449,44920000000,applied
45010000000,45009874909,1,0,448,44810000000,out_of_order
45044000000,45042909181,1,0,450,45010000000,applied
45046000000,45045693896,0,1,449,44900000000,applied
45058000000,45057368274,0,1,450,45000000000,applied
45082000000,45081912363,2,1,450,45020000000,applied
45102000000,45100941833,0,2,450,45000000000,applied
45172000000,45171313659,1,2,450,45010000000,applied
45196000000,45195567163,1,2,451,45110000000,applied
45214000000,45213998971,2,0,450,45020000000,applied
45238000000,45236768887,1,0,451,45110000000,applied
45240000000,45239368783,0,1,451,45100000000,applied
45246000000,45245382777,1,2,452,45210000000,applied
45256000000,45255026290,0,1,452,45200000000,applied
45262000000,45260393190,2,1,452,45220000000,applied
45266000000,45265481111,0,2,451,45100000000,applied
45290000000,45289780402,2,0,451,45120000000,applied
45296000000,45294221866,2,1,451,45120000000,out_of_order
45336000000,45335621971,0,2,453,45300000000,applied
45354000000,45353677454,0,2,452,45200000000,out_of_order
45372000000,45371111799,1,2,453,45310000000,applied
45382000000,45381984232,2,0,452,45220000000,applied
45388000000,45387316235,0,1,453,45300000000,applied
45396000000,45394019951,1,0,452,45210000000,applied
45420000000,45419313178,0,2,454,45400000000,applied
45458000000,45456410008,2,0,454,45420000000,applied
45460000000,45458402105,1,2,454,45410000000,applied
45464000000,45462535289,2,1,453,45320000000,applied
45494000000,45493534345,1,0,453,45310000000,applied
45500000000,45498595913,2,0,453,45320000000,out_of_order
45508000000,45506124506,1,0,454,45410000000,applied
45510000000,45509405440,0,1,454,45400000000,applied
45522000000,45521709646,2,1,454,45420000000,applied
45554000000,45552883630,1,0,455,45510000000,applied
45582000000,45581036948,2,1,455,45520000000,applied
45616000000,45615293601,1,2,456,45610000000,applied
45620000000,45618440731,2,0,455,45520000000,applied
45634000000,45633089327,0,1,455,45500000000,applied
45646000000,45645014498,1,2,455,45510000000,out_of_order
45670000000,45669848246,0,2,455,45500000000,applied
45714000000,45713257778,2,0,456,45620000000,applied
45732000000,45731504562,0,1,456,45600000000,applied
45758000000,45756209541,2,0,457,45720000000,applied
45778000000,45777595532,1,0,456,45610000000,applied
45780000000,45778791416,0,2,456,45600000000,applied
45782000000,45780490875,0,2,457,45700000000,applied
45800000000,45799733172,1,2,457,45710000000,applied
45804000000,45802374065,2,1,456,45620000000,applied
45832000000,45830054338,2,1,457,45720000000,applied
45832000000,45830192592,1,0,457,45710000000,applied
45840000000,45838488093,0,1,457,45700000000,applied
45848000000,45847663199,2,0,458,45820000000,applied
45854000000,45852564445,0,1,458,45800000000,applied
45928000000,45927133518,0,2,458,45800000000,applied
45940000000,45938475889,2,0,459,45920000000,applied
45950000000,45948680691,0,1,459,45900000000,applied
45964000000,45963851445,2,1,458,45820000000,applied
45974000000,45973855406,1,2,458,45810000000,applied
45988000000,45987036321,1,0,458,45810000000,applied
46022000000,46020269625,1,0,459,45910000000,applied
46038000000,46036466435,2,1,459,45920000000,applied
46052000000,46051162858,1,2,459,45910000000,applied
46070000000,46069925349,0,2,460,46000000000,applied
46084000000,46082595503,1,2,460,46010000000,applied
46094000000,46093467081,1,0,460,46010000000,applied
46096000000,46095234940,0,2,459,45900000000,out_of_order
46114000000,46112054176,0,1,461,46100000000,applied
46114000000,46113621452,0,2,461,46100000000,applied
46126000000,46124928934,2,1,461,46120000000,applied
46150000000,46148853493,2,0,460,46020000000,applied
46160000000,46158681100,2,1,460,46020000000,out_of_order
46160000000,46159069567,1,2,461,46110000000,applied
46162000000,46160773669,0,1,460,46000000000,out_of_order
46218000000,46216492025,1,2,462,46210000000,applied
46230000000,46228741260,2,0,461,46120000000,applied
46258000000,46256173727,1,0,461,46110000000,applied
46262000000,46261278547,0,2,462,46200000000,applied
46282000000,46281103588,2,0,462,46220000000,applied
46284000000,46283215794,1,0,462,46210000000,applied
46290000000,46288132357,2,1,462,46220000000,applied
46312000000,46311207804,0,1,463,46300000000,applied
46326000000,46325964092,2,1,463,46320000000,applied
46350000000,46348613734,0,2,463,46300000000,applied
46394000000,46392782771,0,1,462,46200000000,out_of_order
46424000000,46423560236,1,0,464,46410000000,applied
46440000000,46438164439,0,1,464,46400000000,applied
46440000000,46439329299,2,1,464,46420000000,applied
46460000000,46458308702,1,2,464,46410000000,applied
46466000000,46464297574,2,0,463,46320000000,applied
46470000000,46469336718,1,0,463,46310000000,out_of_order
46476000000,46475482345,1,2,463,46310000000,out_of_order
46478000000,46477546163,2,0,464,46420000000,applied
46494000000,46493661664,0,2,464,46400000000,applied
46534000000,46532876126,1,0,465,46510000000,applied
46564000000,46563752779,1,2,465,46510000000,applied
46598000000,46596819572,0,1,465,46500000000,applied
46612000000,46610055954,2,0,465,46520000000,applied
46620000000,46619721796,0,1,466,46600000000,applied
46624000000,46623333062,2,1,465,46520000000,applied
46664000000,46663229268,2,1,466,46620000000,applied
46682000000,46680458410,1,0,466,46610000000,applied
46686000000,46684584015,0,2,465,46500000000,applied
46716000000,46715482578,1,2,466,46610000000,applied
46718000000,46716743287,0,2,467,46700000000,applied
46738000000,46736111673,2,0,466,46620000000,applied
46742000000,46741387402,0,2,466,46600000000,out_of_order
46762000000,46761797553,0,1,467,46700000000,applied
46780000000,46779539155,1,2,467,46710000000,applied
46792000000,46791276630,1,0,467,46710000000,applied
46798000000,46796617501,2,0,467,46720000000,applied
46802000000,46801768093,0,2,468,46800000000,applied
46806000000,46805124059,0,1,468,46800000000,applied
46900000000,46899133056,1,0,468,46810000000,applied
46914000000,46913779271,1,0,469,46910000000,applied
46922000000,46920239188,2,1,467,46720000000,applied
46928000000,46926585728,2,0,469,46920000000,applied
46930000000,46928764440,2,0,468,46820000000,out_of_order
46940000000,46938168432,0,1,469,46900000000,applied
46952000000,46950392998,2,1,469,46920000000,applied
46952000000,46951332981,2,1,468,46820000000,out_of_order
46992000000,46990026641,1,2,469,46910000000,applied
47002000000,47000819220,0,2,469,46900000000,applied
47012000000,47010095878,1,2,468,46810000000,out_of_order
47012000000,47010793865,1,2,470,47010000000,applied
47040000000,47039715692,1,0,470,47010000000,applied
47048000000,47046040758,2,0,470,47020000000,applied
47080000000,47079399430,2,1,470,47020000000,applied
47120000000,47118538173,1,2,471,47110000000,applied
47120000000,47119041557,0,2,470,47000000000,applied
47138000000,47137469180,2,1,471,47120000000,applied
47180000000,47179831271,1,0,471,47110000000,applied
47186000000,47184675012,2,0,471,47120000000,applied
47198000000,47196922317,0,1,470,47000000000,applied
47206000000,47205898512,0,1,471,47100000000,applied
47208000000,47206720159,0,2,471,47100000000,applied
47234000000,47233172878,1,0,472,47210000000,applied
47252000000,47251751053,2,1,472,47220000000,applied
47260000000,47258695417,1,2,472,47210000000,applied
47282000000,47281983006,0,2,472,47200000000,applied
47308000000,47306677833,0,1,473,47300000000,applied
47312000000,47310780905,2,0,472,47220000000,applied
47330000000,47328306009,0,1,472,47200000000,out_of_order
47360000000,47358373360,1,0,473,47310000000,applied
47374000000,47372483709,2,0,473,47320000000,applied
47378000000,47377836634,0,2,473,47300000000,applied
47416000000,47415494026,1,2,474,47410000000,applied
47422000000,47421117363,2,1,473,47320000000,applied
47428000000,47426316514,1,2,473,47310000000,out_of_order
47460000000,47459911850,1,0,474,47410000000,applied
47470000000,47468613014,0,1,474,47400000000,applied
47476000000,47475415105,0,2,474,47400000000,applied
47484000000,47483588963,2,1,474,47420000000,applied
47562000000,47560173683,2,0,475,47520000000,applied
47562000000,47561895900,1,2,475,47510000000,applied
47568000000,47567912563,2,0,474,47420000000,out_of_order
47586000000,47584448749,0,2,475,47500000000,applied
47626000000,47625172301,1,2,476,47610000000,applied
47640000000,47638101548,0,1,475,47500000000,applied
47652000000,47650549098,2,0,476,47620000000,applied
47680000000,47678758027,0,2,476,47600000000,applied
47682000000,47680344676,1,0,475,47510000000,applied
47694000000,47692931546,0,1,476,47600000000,applied
47714000000,47713391820,2,1,475,47520000000,applied
47730000000,47728771953,2,1,476,47620000000,applied
47744000000,47742280076,2,0,477,47720000000,applied
47798000000,47796178267,2,1,477,47720000000,applied
47802000000,47801732052,1,0,476,47610000000,applied
47804000000,47803451903,0,1,478,47800000000,applied
47826000000,47825713710,0,2,478,47800000000,applied
47868000000,47867760799,0,2,477,47700000000,out_of_order
47870000000,47868441052,1,2,477,47710000000,applied
47884000000,47882854064,2,1,478,47820000000,applied
47892000000,47891097095,0,1,477,47700000000,out_of_order
47898000000,47896030719,1,0,477,47710000000,applied
47900000000,47899322890,1,2,478,47810000000,applied
47914000000,47912843338,1,0,478,47810000000,applied
47944000000,47943127422,0,1,479,47900000000,applied
47966000000,47964999814,2,0,479,47920000000,applied
47980000000,47979136808,0,2,479,47900000000,applied
47982000000,47980329551,2,0,478,47820000000,out_of_order
47992000000,47990920216,1,0,479,47910000000,applied
48038000000,48036677387,1,2,479,47910000000,applied
48040000000,48039842022,2,1,479,47920000000,applied
48096000000,48095652513,0,1,480,48000000000,applied
48106000000,48104897884,1,0,480,48010000000,applied
48114000000,48112696211,0,2,481,48100000000,applied
48122000000,48120164323,1,2,480,48010000000,applied
48136000000,48135753201,2,0,480,48020000000,applied
48140000000,48138681770,1,2,481,48110000000,applied
48154000000,48152734579,2,1,481,48120000000,applied
48182000000,48180461569,2,1,480,48020000000,out_of_order
48194000000,48192395933,1,0,481,48110000000,applied
48200000000,48199264065,0,2,480,48000000000,out_of_order
48234000000,48232705538,2,0,481,48120000000,applied
48246000000,48245521443,0,1,481,48100000000,applied
48300000000,48298224025,1,2,482,48210000000,applied
48320000000,48318790593,1,2,483,48310000000,applied
48322000000,48320132414,0,1,483,48300000000,applied
48324000000,48323893018,0,1,482,48200000000,out_of_order
48344000000,48343655835,2,0,482,48220000000,applied
48378000000,48376708196,0,2,482,48200000000,applied
48378000000,48377975489,1,0,482,48210000000,applied
48390000000,48388669785,1,0,483,48310000000,applied
48394000000,48392576623,2,1,482,48220000000,applied
48412000000,48410624277,1,0,484,48410000000,applied
48446000000,48445022624,2,0,483,48320000000,applied
48462000000,48460606953,0,1,484,48400000000,applied
48492000000,48490771920,0,2,483,48300000000,applied
48500000000,48499158370,2,0,484,48420000000,applied
48502000000,48501615142,2,1,483,48320000000,applied
48516000000,48514321321,1,0,485,48510000000,applied
48532000000,48530980477,2,1,484,48420000000,applied
48536000000,48535427238,1,2,484,48410000000,applied
48556000000,48555494356,0,2,485,48500000000,applied
48584000000,48583924452,0,2,484,48400000000,out_of_order
48610000000,48609220864,2,1,485,48520000000,applied
48614000000,48613243847,1,2,486,48610000000,applied
48620000000,48619135794,2,0,485,48520000000,applied
48630000000,48628576681,1,2,485,48510000000,out_of_order
48640000000,48639984953,0,1,485,48500000000,applied
48648000000,48647786980,0,1,486,48600000000,applied
48668000000,48666523497,0,2,486,48600000000,applied
48744000000,48743980663,0,2,487,48700000000,applied
48774000000,48773768366,1,0,487,48710000000,applied
48800000000,48798466196,1,0,486,48610000000,out_of_order
48800000000,48799228714,2,0,486,48620000000,applied
48810000000,48808417178,2,1,486,48620000000,applied
48814000000,48812060631,0,1,488,48800000000,applied
48826000000,48825837608,1,0,488,48810000000,applied
48848000000,48846713319,0,1,487,48700000000,out_of_order
48850000000,48848010529,2,0,488,48820000000,applied
48850000000,48848553311,2,1,487,48720000000,applied
48860000000,48859918607,1,2,488,48810000000,applied
48866000000,48864275175,2,0,487,48720000000,out_of_order
48892000000,48890493447,1,2,487,48710000000,out_of_order
48964000000,48963815845,2,1,488,48820000000,applied
48990000000,48988538391,0,2,488,48800000000,applied
48992000000,48990075648,1,0,489,48910000000,applied
49032000000,49030612311,0,1,489,48900000000,applied
49066000000,49064274884,0,2,489,48900000000,applied
49074000000,49073910129,2,1,490,49020000000,applied
49078000000,49076283744,2,0,489,48920000000,applied
49090000000,49088198178,1,2,490,49010000000,applied
49094000000,49092553892,2,0,490,49020000000,applied
49102000000,49101798372,2,1,489,48920000000,out_of_order
49104000000,49102544213,1,2,489,48910000000,out_of_order
49108000000,49106215927,0,1,491,49100000000,applied
49126000000,49125746451,0,2,490,49000000000,applied
49174000000,49173193398,0,1,490,49000000000,out_of_order
49190000000,49188909253,2,0,491,49120000000,applied
49202000000,49201661790,1,0,491,49110000000,applied
49206000000,49204205619,1,0,490,49010000000,out_of_order
49240000000,49238232749,1,2,491,49110000000,applied
49242000000,49241474153,2,1,491,49120000000,applied
49256000000,49255038476,0,1,492,49200000000,applied
49280000000,49278928342,0,2,491,49100000000,applied
49310000000,49309374073,0,2,493,49300000000,applied
49348000000,49347650873,2,0,493,49320000000,applied
49376000000,49374026344,2,1,492,49220000000,applied
49386000000,49385439313,2,1,493,49320000000,applied
49386000000,49385949827,1,2,492,49210000000,applied
49394000000,49392545919,0,2,492,49200000000,out_of_order
49394000000,49392604214,2,0,492,49220000000,out_of_order
49398000000,49397408602,1,0,492,49210000000,applied
49410000000,49409989667,0,1,494,49400000000,applied
49434000000,49432731678,1,2,493,49310000000,applied
49438000000,49437920401,0,1,493,49300000000,out_of_order
49478000000,49476208628,1,0,493,49310000000,applied
49496000000,49495315733,0,2,494,49400000000,applied
49502000000,49501882186,2,1,494,49420000000,applied
49508000000,49507951154,0,1,495,49500000000,applied
49544000000,49543724520,1,2,494,49410000000,applied
49552000000,49550443837,2,0,495,49520000000,applied
49560000000,49558137615,1,0,494,49410000000,applied
49564000000,49563817422,2,0,494,49420000000,out_of_order
49596000000,49595920277,0,2,495,49500000000,applied
49616000000,49615470534,2,1,495,49520000000,applied
49640000000,49638256951,2,0,496,49620000000,applied
49676000000,49674526088,0,1,496,49600000000,applied
49678000000,49677090942,1,0,495,49510000000,applied
49698000000,49696967057,1,2,495,49510000000,applied
49702000000,49701668400,2,1,496,49620000000,applied
49726000000,49725812721,2,0,497,49720000000,applied
49732000000,49730391948,1,0,496,49610000000,applied
49734000000,49733041765,0,2,496,49600000000,applied
49740000000,49738044274,1,2,496,49610000000,applied
49752000000,49750034148,2,1,497,49720000000,applied
49794000000,49793371650,0,2,497,49700000000,applied
49830000000,49829383240,1,2,497,49710000000,applied
49832000000,49831668404,1,2,498,49810000000,applied
49850000000,49848030543,1,0,497,49710000000,applied
49862000000,49860536161,0,1,497,49700000000,applied
49892000000,49890643920,1,0,498,49810000000,applied
49946000000,49944293835,2,0,498,49820000000,applied
49948000000,49947518233,2,1,498,49820000000,applied
49960000000,49958047562,1,0,499,49910000000,applied
49966000000,49965011404,0,2,499,49900000000,applied
49972000000,49970448712,0,1,498,49800000000,applied
49990000000,49988131805,0,2,498,49800000000,out_of_order
49994000000,49992754381,2,0,499,49920000000,applied
50054000000,50052767800,0,1,500,50000000000,applied
50054000000,50053812924,0,2,500,50000000000,applied
50060000000,50058838115,1,2,499,49910000000,applied
50064000000,50063116946,0,1,499,49900000000,out_of_order
50092000000,50090113110,2,0,500,50020000000,applied
50102000000,50101977017,0,1,501,50100000000,applied
50114000000,50113093358,2,1,499,49920000000,applied
50124000000,50122198900,2,1,500,50020000000,applied
50128000000,50126647532,1,2,501,50110000000,applied
50146000000,50145261170,2,0,501,50120000000,applied
50154000000,50152502185,1,2,500,50010000000,out_of_order
50170000000,50168017939,1,0,501,50110000000,applied
50198000000,50197283977,1,0,500,50010000000,out_of_order
50214000000,50212604523,2,1,501,50120000000,applied
50290000000,50289543660,1,2,502,50210000000,applied
50294000000,50293600413,0,2,501,50100000000,applied
50306000000,50304559887,1,0,502,50210000000,applied
50308000000,50307490531,0,2,503,50300000000,applied
50312000000,50310054326,2,1,502,50220000000,applied
50318000000,50316266728,0,2,502,50200000000,out_of_order
50352000000,50351522500,2,0,503,50320000000,applied
50354000000,50352292781,0,1,502,50200000000,applied
50376000000,50375957589,0,1,503,50300000000,applied
50392000000,50390525888,2,0,502,50220000000,out_of_order
50422000000,50420491359,1,2,503,50310000000,applied
50422000000,50421924315,1,0,503,50310000000,applied
50424000000,50422874045,2,1,504,50420000000,applied
50424000000,50423725505,0,1,504,50400000000,applied
50438000000,50436528718,2,1,503,50320000000,out_of_order
50484000000,50482754711,1,2,504,50410000000,applied
50512000000,50510090206,0,2,505,50500000000,applied
50522000000,50521834177,1,0,504,50410000000,applied
50530000000,50528796733,0,2,504,50400000000,out_of_order
50530000000,50529079092,1,2,505,50510000000,applied
50548000000,50547049823,0,1,505,50500000000,applied
50554000000,50553226131,2,0,505,50520000000,applied
50604000000,50602084985,1,0,505,50510000000,applied
50608000000,50607323060,2,0,504,50420000000,out_of_order
50684000000,50682264260,0,2,506,50600000000,applied
50684000000,50682659250,1,0,506,50610000000,applied
50716000000,50714364572,2,1,505,50520000000,applied
50726000000,50725143661,0,1,506,50600000000,applied
50754000000,50753341095,2,1,506,50620000000,applied
50774000000,50773359461,1,2,506,50610000000,applied
50794000000,50793130385,2,1,507,50720000000,applied
50802000000,50801043742,2,0,506,50620000000,applied
50844000000,50843174131,0,2,507,50700000000,applied
50868000000,50866799007,0,2,508,50800000000,applied
50874000000,50873309105,2,0,507,50720000000,applied
50894000000,50892268511,2,1,508,50820000000,applied
50896000000,50895347293,1,2,507,50710000000,applied
50898000000,50897480298,0,1,507,50700000000,applied
50912000000,50910394868,1,0,507,50710000000,applied
50936000000,50934171410,0,2,509,50900000000,applied
50948000000,50946848639,0,1,508,50800000000,applied
50962000000,50961554925,1,0,508,50810000000,applied
50970000000,50968510720,2,0,508,50820000000,applied
50972000000,50971283750,1,2,508,50810000000,applied
50972000000,50971363427,1,2,509,50910000000,applied
50990000000,50988331821,2,1,509,50920000000,applied
50996000000,50995973827,2,0,509,50920000000,applied
51028000000,51027639860,0,2,510,51000000000,applied
51044000000,51042457955,0,1,509,50900000000,applied
51052000000,51051138617,1,2,510,51010000000,applied
51072000000,51070695637,0,1,510,51000000000,applied
51096000000,51095183921,2,0,510,51020000000,applied
51102000000,51101386568,1,0,509,50910000000,applied
51114000000,51112241308,0,1,511,51100000000,applied
51120000000,51119014880,1,2,511,51110000000,applied
51148000000,51146597928,1,0,510,51010000000,applied
51178000000,51177803228,1,0,511,51110000000,applied
51200000000,51198478402,2,1,510,51020000000,applied
51208000000,51206968578,2,1,511,51120000000,applied
51230000000,51228186055,2,1,512,51220000000,applied
51250000000,51248545393,1,0,512,51210000000,applied
51250000000,51249667263,1,2,512,51210000000,applied
51286000000,51285949223,0,2,511,51100000000,applied
51290000000,51288187109,2,0,511,51120000000,applied
51330000000,51328811284,2,1,513,51320000000,applied
51362000000,51361472009,0,1,512,51200000000,applied
51366000000,51364661242,0,1,513,51300000000,applied
51374000000,51372803206,0,2,512,51200000000,applied
51386000000,51385955951,2,0,512,51220000000,applied
51424000000,51422065151,2,1,514,51420000000,applied
51424000000,51423590203,1,0,513,51310000000,applied
51432000000,51431766354,1,2,514,51410000000,applied
51440000000,51439026498,0,2,514,51400000000,applied
51442000000,51441946623,2,0,513,51320000000,applied
51450000000,51449670230,0,1,514,51400000000,applied
51450000000,51449673126,1,2,513,51310000000,out_of_order
51490000000,51489035041,0,2,513,51300000000,out_of_order
51504000000,51502168887,0,2,515,51500000000,applied
51592000000,51590560520,2,0,514,51420000000,applied
51592000000,51591067839,1,0,514,51410000000,applied
51636000000,51634470593,1,0,515,51510000000,applied
51648000000,51646091261,2,0,515,51520000000,applied
51658000000,51657629857,0,1,515,51500000000,applied
51668000000,51666292153,1,2,516,51610000000,applied
51678000000,51677953362,2,1,515,51520000000,applied
51694000000,51693286584,1,2,515,51510000000,out_of_order
51698000000,51696291159,2,1,516,51620000000,applied
51704000000,51702917298,1,0,516,51610000000,applied
51726000000,51724067509,0,1,516,51600000000,applied
51728000000,51727207329,2,0,516,51620000000,applied
51730000000,51729809153,1,2,517,51710000000,applied
51738000000,51736745768,0,1,517,51700000000,applied
51770000000,51768053005,2,0,517,51720000000,applied
51790000000,51788288253,0,2,516,51600000000,applied
51798000000,51797077228,0,2,517,51700000000,applied
51804000000,51803708933,1,0,517,51710000000,applied
51818000000,51816903304,2,1,517,51720000000,applied
51862000000,51860216635,0,1,518,51800000000,applied
51862000000,51860913503,0,2,518,51800000000,applied
51928000000,51926543064,1,0,518,51810000000,applied
51928000000,51927995851,1,0,519,51910000000,applied
51942000000,51940392667,0,2,519,51900000000,applied
51948000000,51947230530,1,2,519,51910000000,applied
51958000000,51956487162,2,1,518,51820000000,applied
51966000000,51965093005,0,1,519,51900000000,applied
51968000000,51967656912,2,0,519,51920000000,applied
51982000000,51981008178,2,0,518,51820000000,out_of_order
52008000000,52006994267,1,2,518,51810000000,out_of_order
52010000000,52009676765,2,1,519,51920000000,applied
52024000000,52022628748,1,2,520,52010000000,applied
52088000000,52086309104,2,0,520,52020000000,applied
52090000000,52089260699,0,1,520,52000000000,applied
52108000000,52106216958,0,2,520,52000000000,applied
52114000000,52112761317,0,1,521,52100000000,applied
52122000000,52120250528,0,2,521,52100000000,applied
52148000000,52146429746,1,2,521,52110000000,applied
52158000000,52156011414,2,1,521,52120000000,applied
52158000000,52156849572,1,0,520,52010000000,applied
52172000000,52171568036,2,1,520,52020000000,out_of_order
52220000000,52218761910,1,2,522,52210000000,applied
52276000000,52275427703,1,0,521,52110000000,applied
52278000000,52277050375,2,0,521,52120000000,applied
52302000000,52301294614,0,2,522,52200000000,applied
52328000000,52327952640,0,2,523,52300000000,applied
52360000000,52358120289,1,0,523,52310000000,applied
52360000000,52359664887,0,1,522,52200000000,applied
52364000000,52363850985,1,0,522,52210000000,out_of_order
52390000000,52389384857,0,1,523,52300000000,applied
52394000000,52392695553,2,1,522,52220000000,applied
52394000000,52393357825,2,0,522,52220000000,applied
52426000000,52425470597,1,2,523,52310000000,applied
52438000000,52437924272,2,0,523,52320000000,applied
52486000000,52484829300,0,2,524,52400000000,applied
52492000000,52491668681,2,1,523,52320000000,applied
52498000000,52496712179,1,0,524,52410000000,applied
52536000000,52535271763,0,2,525,52500000000,applied
52550000000,52548177340,1,2,524,52410000000,applied
52550000000,52549700872,2,0,524,52420000000,applied
52574000000,52573115657,0,1,524,52400000000,applied
52574000000,52573873890,2,0,525,52520000000,applied
52588000000,52586462538,0,1,525,52500000000,applied
52610000000,52609487350,2,1,524,52420000000,applied
52612000000,52610543154,1,0,526,52610000000,applied
52666000000,52664594156,2,1,526,52620000000,applied
52668000000,52667490066,2,0,526,52620000000,applied
52674000000,52672030276,1,0,525,52510000000,out_of_order
52676000000,52674349613,1,2,526,52610000000,applied
52692000000,52690639960,2,1,525,52520000000,out_of_order
52694000000,52693846075,1,2,525,52510000000,out_of_order
52748000000,52746876486,0,1,526,52600000000,applied
52752000000,52751140198,0,2,526,52600000000,applied
52766000000,52764072952,1,0,527,52710000000,applied
52770000000,52769506827,2,1,527,52720000000,applied
52800000000,52799880030,0,1,527,52700000000,applied
52832000000,52830131119,1,2,527,52710000000,applied
52840000000,52839086406,0,2,527,52700000000,applied
52846000000,52845275085,2,1,528,52820000000,applied
52848000000,52847562102,1,2,528,52810000000,applied
52862000000,52860981039,2,0,528,52820000000,applied
52882000000,52880163133,1,0,528,52810000000,applied
52910000000,52909329307,2,0,527,52720000000,out_of_order
52942000000,52941379719,0,2,528,52800000000,applied
52960000000,52958128358,0,1,528,52800000000,applied
53024000000,53023938592,0,1,529,52900000000,applied
53028000000,53026481274,1,0,529,52910000000,applied
53030000000,53028392277,2,0,529,52920000000,applied
53040000000,53039133225,1,2,530,53010000000,applied
53046000000,53045126722,2,1,529,52920000000,applied
53084000000,53083523014,0,2,529,52900000000,applied
53096000000,53095907634,2,1,530,53020000000,applied
53098000000,53096827252,1,2,529,52910000000,out_of_order
53136000000,53135392619,2,0,531,53120000000,applied
53162000000,53161899520,0,1,530,53000000000,applied
53178000000,53176139409,1,0,531,53110000000,applied
53178000000,53176396511,0,1,531,53100000000,applied
53186000000,53184507262,1,0,530,53010000000,out_of_order
53186000000,53185115162,2,0,530,53020000000,out_of_order
53190000000,53188808281,2,1,531,53120000000,applied
53198000000,53197253325,0,2,530,53000000000,applied
53202000000,53200638640,0,2,532,53200000000,applied
53240000000,53238493485,0,2,531,53100000000,out_of_order
53256000000,53255078614,2,1,532,53220000000,applied
53262000000,53261297919,2,0,532,53220000000,applied
53262000000,53261623213,1,2,531,53110000000,applied
53368000000,53367475374,1,2,532,53210000000,applied
53368000000,53367583016,0,2,533,53300000000,applied
53370000000,53368269880,1,0,533,53310000000,applied
53370000000,53369811973,0,1,532,53200000000,applied
53378000000,53376027987,1,0,532,53210000000,out_of_order
53416000000,53415051893,0,1,533,53300000000,applied
53428000000,53427269839,0,1,534,53400000000,applied
53444000000,53443636369,0,2,534,53400000000,applied
53462000000,53461407971,1,2,534,53410000000,applied
53466000000,53464584860,1,2,533,53310000000,out_of_order
53486000000,53484960500,2,1,534,53420000000,applied
53494000000,53492780333,2,0,533,53320000000,applied
53514000000,53512172789,0,2,535,53500000000,applied
53516000000,53514438591,2,1,533,53320000000,out_of_order
53532000000,53531972194,1,0,534,53410000000,applied
53534000000,53532923868,2,0,534,53420000000,applied
53568000000,53567836012,0,1,535,53500000000,applied
53594000000,53592974451,1,2,535,53510000000,applied
53614000000,53612437248,2,1,535,53520000000,applied
53664000000,53662774480,0,2,536,53600000000,applied
53668000000,53666800657,1,0,535,53510000000,applied
53688000000,53687261493,2,0,535,53520000000,applied
53720000000,53718029490,1,0,536,53610000000,applied
53732000000,53731274587,0,1,536,53600000000,applied
53738000000,53737426109,2,1,536,53620000000,applied
53778000000,53777523204,0,1,537,53700000000,applied
53780000000,53778794659,1,2,536,53610000000,applied
53788000000,53786567277,1,2,537,53710000000,applied
53808000000,53806918259,1,0,537,53710000000,applied
53812000000,53811470792,0,1,538,53800000000,applied
53816000000,53814380522,2,0,537,53720000000,applied
53822000000,53820016129,2,0,536,53620000000,out_of_order
53840000000,53839163663,0,2,537,53700000000,applied
53846000000,53844560276,0,2,538,53800000000,applied
53916000000,53914430818,1,2,539,53910000000,applied
53920000000,53919019780,2,1,537,53720000000,applied
53926000000,53924833358,0,2,539,53900000000,applied
53932000000,53930352547,2,0,539,53920000000,applied
53940000000,53938709086,1,0,538,53810000000,applied
53956000000,53955661789,1,2,538,53810000000,out_of_order
53970000000,53968530095,2,1,538,53820000000,applied
53984000000,53982049980,0,1,539,53900000000,applied
54000000000,53999352471,2,0,538,53820000000,out_of_order
54024000000,54023904972,1,0,539,53910000000,applied
54032000000,54031313550,0,1,540,54000000000,applied
54080000000,54078004405,0,2,540,54000000000,applied
54080000000,54078642475,2,1,540,54020000000,applied
54088000000,54087831985,2,1,539,53920000000,out_of_order
54098000000,54097346548,2,0,540,54020000000,applied
54142000000,54140960396,1,2,540,54010000000,applied
54154000000,54153629435,1,0,540,54010000000,applied
54162000000,54161618458,1,0,541,54110000000,applied
54194000000,54192742805,2,0,541,54120000000,applied
54210000000,54209663085,0,2,541,54100000000,applied
54246000000,54244087533,2,0,542,54220000000,applied
54258000000,54256867237,0,1,541,54100000000,applied
54270000000,54269886070,1,0,542,54210000000,applied
54298000000,54297835489,1,2,541,54110000000,applied
54312000000,54311396784,2,1,541,54120000000,applied
54344000000,54343393552,0,1,542,54200000000,applied
54350000000,54348131952,0,1,543,54300000000,applied
54368000000,54367250524,0,2,542,54200000000,applied
54368000000,54367671427,1,0,543,54310000000,applied
54376000000,54375028177,1,2,542,54210000000,applied
54382000000,54380440357,2,1,542,54220000000,applied
54414000000,54412308095,0,1,544,54400000000,applied
54420000000,54419124747,2,1,543,54320000000,applied
54464000000,54463953509,2,0,543,54320000000,applied
54478000000,54476744480,0,2,543,54300000000,applied
54508000000,54507512345,1,2,543,54310000000,applied
54512000000,54510392651,2,1,544,54420000000,applied
54528000000,54526101438,0,2,544,54400000000,applied
54534000000,54532997364,0,2,545,54500000000,applied
54538000000,54537814542,2,1,545,54520000000,applied
54546000000,54545959688,1,0,544,54410000000,applied
54572000000,54571428333,2,0,544,54420000000,applied
54580000000,54579429417,1,0,545,54510000000,applied
54590000000,54588493338,1,2,544,54410000000,applied
54646000000,54644491838,0,2,546,54600000000,applied
54654000000,54653563711,0,1,545,54500000000,applied
54682000000,54681219969,1,2,545,54510000000,applied
54712000000,54710410334,2,0,545,54520000000,applied
54720000000,54718305770,1,0,546,54610000000,applied
54730000000,54728248949,2,0,546,54620000000,applied
54730000000,54728302576,0,1,546,54600000000,applied
54732000000,54730317238,0,2,547,54700000000,applied
54742000000,54740017362,1,0,547,54710000000,applied
54752000000,54751939039,1,2,546,54610000000,applied
54758000000,54756752244,2,0,547,54720000000,applied
54794000000,54793012172,2,1,547,54720000000,applied
54796000000,54795621525,1,2,547,54710000000,applied
54798000000,54796614502,2,1,546,54620000000,out_of_order
54800000000,54799415150,0,1,547,54700000000,applied
54850000000,54849818739,1,0,548,54810000000,applied
54934000000,54932789668,0,1,548,54800000000,applied
54948000000,54946709647,2,0,548,54820000000,applied
54966000000,54964745276,2,1,548,54820000000,applied
54968000000,54967683648,0,2,548,54800000000,applied
54980000000,54978397512,1,2,548,54810000000,applied
54986000000,54984997806,1,0,549,54910000000,applied
54992000000,54990218966,1,2,549,54910000000,applied
55012000000,55010198847,0,1,550,55000000000,applied
55014000000,55013837937,0,2,550,55000000000,applied
55032000000,55031080338,2,0,549,54920000000,applied
55052000000,55050045063,1,0,550,55010000000,applied
55088000000,55086841429,1,2,550,55010000000,applied
55090000000,55089610551,2,1,549,54920000000,applied
55096000000,55095921207,0,1,549,54900000000,out_of_order
55098000000,55096826525,0,2,549,54900000000,out_of_order
55098000000,55097806500,2,0,550,55020000000,applied
55154000000,55153971162,2,1,550,55020000000,applied
55232000000,55231955299,2,1,551,55120000000,applied
55234000000,55233164578,1,2,551,55110000000,applied
55244000000,55243500482,1,0,552,55210000000,applied
55244000000,55243838004,2,0,552,55220000000,applied
55260000000,55258841840,0,1,551,55100000000,applied
55266000000,55264879770,0,2,551,55100000000,applied
55270000000,55269156933,0,2,552,55200000000,applied
55294000000,55292259218,1,2,552,55210000000,applied
55296000000,55295879369,1,0,551,55110000000,out_of_order
55316000000,55315518362,2,0,551,55120000000,out_of_order
55326000000,55324797557,2,1,552,55220000000,applied
55352000000,55351610631,0,1,552,55200000000,applied
55366000000,55364031823,2,0,553,55320000000,applied
55376000000,55374370488,0,2,553,55300000000,applied
55388000000,55386211666,1,2,553,55310000000,applied
55398000000,55396218147,1,0,553,55310000000,applied
55424000000,55423224632,2,0,554,55420000000,applied
55428000000,55426055469,0,1,553,55300000000,applied
55440000000,55438678844,1,0,554,55410000000,applied
55452000000,55451353274,2,1,554,55420000000,applied
55454000000,55453561224,1,2,554,55410000000,applied
55476000000,55474698474,2,1,553,55320000000,out_of_order
55482000000,55480691710,0,1,554,55400000000,applied
55530000000,55528745814,2,1,555,55520000000,applied
55546000000,55544802653,1,2,555,55510000000,applied
55580000000,55579693136,1,0,555,55510000000,applied
55582000000,55580720885,2,0,555,55520000000,applied
55600000000,55599377759,0,2,554,55400000000,applied
55622000000,55620552623,0,2,555,55500000000,applied
55652000000,55650502694,0,1,555,55500000000,applied
55690000000,55688669265,1,0,556,55610000000,applied
55714000000,55713993863,0,1,557,55700000000,applied
55736000000,55734696799,1,2,556,55610000000,applied
55776000000,55775544347,0,2,556,55600000000,applied
55778000000,55776320111,2,0,556,55620000000,applied
55796000000,55794536766,0,1,556,55600000000,out_of_order
55814000000,55813103576,2,1,557,55720000000,applied
55816000000,55814806703,2,1,556,55620000000,out_of_order
55846000000,55844992844,1,2,558,55810000000,applied
55846000000,55845206349,2,0,557,55720000000,applied
55864000000,55863733601,1,2,557,55710000000,out_of_order
55866000000,55865082577,0,2,557,55700000000,applied
55900000000,55898895636,2,0,558,55820000000,applied
55902000000,55901956826,1,0,557,55710000000,applied
55916000000,55915161980,2,1,558,55820000000,applied
55938000000,55937918559,0,1,558,55800000000,applied
55966000000,55965443106,2,1,559,55920000000,applied
55982000000,55980992707,0,2,558,55800000000,applied
56002000000,56001766897,1,0,558,55810000000,applied
56038000000,56036482670,0,1,559,55900000000,applied
56040000000,56039226308,1,0,560,56010000000,applied
56048000000,56047406713,2,0,559,55920000000,applied
56078000000,56076285130,1,0,559,55910000000,out_of_order
56100000000,56099141168,0,2,559,55900000000,applied
56104000000,56103266387,1,2,559,55910000000,applied
56108000000,56107509913,0,2,560,56000000000,applied
56114000000,56113173511,0,1,561,56100000000,applied
56114000000,56113497796,1,2,561,56110000000,applied
56116000000,56115824098,0,1,560,56000000000,out_of_order
56126000000,56125348633,1,0,561,56110000000,applied
56136000000,56134737403,1,2,560,56010000000,out_of_order
56176000000,56174874160,2,1,561,56120000000,applied
56188000000,56186039350,2,1,560,56020000000,out_of_order
56210000000,56209439716,2,0,560,56020000000,applied
56230000000,56228144163,0,2,561,56100000000,applied
56244000000,56242237753,2,0,561,56120000000,applied
56250000000,56248320568,2,1,562,56220000000,applied
56294000000,56292017406,0,1,562,56200000000,applied
56320000000,56319790485,2,0,562,56220000000,applied
56324000000,56322312730,1,2,562,56210000000,applied
56356000000,56354257260,1,2,563,56310000000,applied
56360000000,56359141646,0,2,562,56200000000,applied
56360000000,56359778788,2,1,563,56320000000,applied
56390000000,56389690086,0,2,563,56300000000,applied
56396000000,56395672294,1,0,562,56210000000,applied
56438000000,56437175801,0,2,564,56400000000,applied
56450000000,56448937705,1,0,563,56310000000,applied
56464000000,56462906768,2,1,564,56420000000,applied
56466000000,56465604836,0,1,563,56300000000,applied
56474000000,56473891313,1,0,564,56410000000,applied
56498000000,56497388209,2,0,564,56420000000,applied
56518000000,56516983809,2,0,563,56320000000,out_of_order
56524000000,56522552438,2,0,565,56520000000,applied
56556000000,56554200105,1,2,564,56410000000,applied
56562000000,56560145084,0,1,564,56400000000,applied
56568000000,56566038091,0,1,565,56500000000,applied
56576000000,56574173424,2,1,565,56520000000,applied
56596000000,56595343193,1,2,565,56510000000,applied
56620000000,56619558511,1,0,566,56610000000,applied
56626000000,56624824235,1,0,565,56510000000,out_of_order
56632000000,56631953523,0,2,566,56600000000,applied
56634000000,56632668355,2,1,566,56620000000,applied
56656000000,56655210826,1,2,566,56610000000,applied
56680000000,56679861609,0,2,565,56500000000,out_of_order
56682000000,56680984079,2,0,566,56620000000,applied
56706000000,56705098299,0,1,566,56600000000,applied
56734000000,56732740406,1,0,567,56710000000,applied
56772000000,56770027221,2,0,567,56720000000,applied
56778000000,56777295592,1,2,567,56710000000,applied
56820000000,56818210829,2,1,567,56720000000,applied
56834000000,56832810507,0,2,567,56700000000,applied
56848000000,56846062036,0,2,568,56800000000,applied
56876000000,56875977471,2,1,568,56820000000,applied
56884000000,56882336026,0,1,567,56700000000,applied
56924000000,56922204620,0,1,569,56900000000,applied
56936000000,56934545653,0,2,569,56900000000,applied
56942000000,56940762165,1,0,568,56810000000,applied
56944000000,56943811192,2,0,568,56820000000,applied
56984000000,56983920990,1,2,569,56910000000,applied
56992000000,56990254437,2,0,569,56920000000,applied
57000000000,56998582939,1,2,568,56810000000,out_of_order
57000000000,56999761338,0,1,568,56800000000,out_of_order
57022000000,57020039003,1,0,569,56910000000,applied
57064000000,57063277199,2,1,569,56920000000,applied
57074000000,57073284708,1,0,570,57010000000,applied
57088000000,57086502164,2,1,570,57020000000,applied
57116000000,57114299633,1,2,570,57010000000,applied
57120000000,57118102244,0,2,571,57100000000,applied
57134000000,57133135352,1,2,571,57110000000,applied
57140000000,57138722100,0,1,571,57100000000,applied
57166000000,57165080481,0,1,570,57000000000,out_of_order
57166000000,57165283840,0,2,570,57000000000,out_of_order
57210000000,57209965123,1,0,571,57110000000,applied
57212000000,57210437473,1,2,572,57210000000,applied
57218000000,57217657477,2,0,570,57020000000,applied
57220000000,57219159327,2,0,571,57120000000,applied
57254000000,57253830692,2,1,571,57120000000,applied
57282000000,57281482308,0,1,572,57200000000,applied
57302000000,57300823218,0,2,572,57200000000,applied
57322000000,57320492707,1,0,572,57210000000,applied
57358000000,57357595462,2,0,572,57220000000,applied
57360000000,57358194749,2,1,572,57220000000,applied
57376000000,57374430003,1,2,573,57310000000,applied
57404000000,57403903956,0,2,573,57300000000,applied
57430000000,57429477458,0,1,574,57400000000,applied
57432000000,57431219760,0,1,573,57300000000,out_of_order
57436000000,57435259443,1,0,574,57410000000,applied
57462000000,57460768933,2,0,573,57320000000,applied
57466000000,57465380479,2,1,573,57320000000,applied
57472000000,57471908198,2,1,574,57420000000,applied
57488000000,57487190041,2,0,574,57420000000,applied
57508000000,57506162630,1,0,573,57310000000,out_of_order
57548000000,57547754437,1,2,574,57410000000,applied
57554000000,57552408534,1,2,575,57510000000,applied
57580000000,57579774265,0,2,574,57400000000,applied
57634000000,57632507112,2,0,575,57520000000,applied
57636000000,57634008208,0,2,575,57500000000,applied
57660000000,57658708704,0,2,576,57600000000,applied
57662000000,57661549419,1,0,575,57510000000,applied
57672000000,57670371553,0,1,575,57500000000,applied
57712000000,57711099148,2,1,576,57620000000,applied
57714000000,57713457291,2,1,575,57520000000,out_of_order
57766000000,57765480363,0,2,577,57700000000,applied
57774000000,57773441909,2,0,576,57620000000,applied
57780000000,57779355202,1,2,576,57610000000,applied
57780000000,57779724627,1,0,577,57710000000,applied
57780000000,57779961261,1,0,576,57610000000,out_of_order
57782000000,57780691236,0,1,576,57600000000,applied
57784000000,57783465931,1,2,577,57710000000,applied
57808000000,57806950713,0,1,577,57700000000,applied
57810000000,57808200732,0,2,578,57800000000,applied
57828000000,57826385647,1,2,578,57810000000,applied
57850000000,57849448259,2,1,578,57820000000,applied
57882000000,57880640160,2,0,577,57720000000,applied
57890000000,57888212514,0,1,578,57800000000,applied
57906000000,57905617827,2,1,577,57720000000,out_of_order
57950000000,57949472392,2,0,578,57820000000,applied
57972000000,57971820580,1,2,579,57910000000,applied
57974000000,57973266073,0,2,579,57900000000,applied
57978000000,57977724408,1,0,579,57910000000,applied
57980000000,57979348528,2,1,579,57920000000,applied
57982000000,57980928014,1,0,578,57810000000,out_of_order
58048000000,58046853308,1,0,580,58010000000,applied
58052000000,58051172343,2,1,580,58020000000,applied
58058000000,58057660866,0,1,580,58000000000,applied
58060000000,58059302388,2,0,579,57920000000,applied
58072000000,58070143551,0,1,579,57900000000,out_of_order
58078000000,58077069193,2,0,580,58020000000,applied
58104000000,58103913048,0,2,580,58000000000,applied
58176000000,58175228640,1,2,580,58010000000,applied
58188000000,58186973318,0,2,581,58100000000,applied
58214000000,58212438269,2,1,581,58120000000,applied
58230000000,58228871474,0,1,582,58200000000,applied
58230000000,58229741063,2,0,581,58120000000,applied
58236000000,58235692299,0,1,581,58100000000,out_of_order
58244000000,58242540479,2,1,582,58220000000,applied
58244000000,58243367751,1,2,581,58110000000,applied
58250000000,58248807814,1,0,581,58110000000,applied
58270000000,58268405962,0,2,582,58200000000,applied
58298000000,58296831832,2,0,582,58220000000,applied
58314000000,58312880639,1,0,582,58210000000,applied
58328000000,58326271325,1,0,583,58310000000,applied
58372000000,58370609748,0,1,583,58300000000,applied
58404000000,58402317682,0,1,584,58400000000,applied
58404000000,58403276658,1,2,582,58210000000,applied
58434000000,58433935272,1,2,583,58310000000,applied
58444000000,58442595001,2,1,583,58320000000,applied
58444000000,58443269876,0,2,583,58300000000,applied
58466000000,58465688865,2,0,584,58420000000,applied
58488000000,58487164191,2,0,583,58320000000,out_of_order
58524000000,58522998311,0,1,585,58500000000,applied
58534000000,58533651441,2,0,585,58520000000,applied
58546000000,58545315018,1,0,584,58410000000,applied
58548000000,58546128456,1,2,584,58410000000,applied
58564000000,58563716045,2,1,585,58520000000,applied
58570000000,58569295380,0,2,584,58400000000,applied
58602000000,58601872534,2,1,584,58420000000,out_of_order
58638000000,58636222181,1,2,585,58510000000,applied
58656000000,58654900332,0,2,586,58600000000,applied
58656000000,58655654381,0,1,586,58600000000,applied
58662000000,58661726448,0,2,585,58500000000,out_of_order
58704000000,58703163335,1,2,586,58610000000,applied
58710000000,58708593724,1,0,585,58510000000,applied
58724000000,58722113976,1,0,586,58610000000,applied
58726000000,58724510545,2,0,586,58620000000,applied
58736000000,58735989692,2,1,586,58620000000,applied
58756000000,58755522535,0,2,587,58700000000,applied
58800000000,58799833237,2,0,587,58720000000,applied
58806000000,58804023477,1,0,587,58710000000,applied
58828000000,58826156427,1,2,587,58710000000,applied
58828000000,58826890653,0,1,588,58800000000,applied
58830000000,58829096313,0,1,587,58700000000,out_of_order
58856000000,58854331010,0,2,588,58800000000,applied
58888000000,58886226261,2,1,588,58820000000,applied
58920000000,58918129614,2,1,587,58720000000,out_of_order
58962000000,58960148587,2,0,588,58820000000,applied
58970000000,58968650873,1,2,589,58910000000,applied
58976000000,58975099514,1,0,589,58910000000,applied
58986000000,58984628019,1,0,588,58810000000,out_of_order
58994000000,58993254193,1,2,588,58810000000,out_of_order
58998000000,58996462335,2,0,589,58920000000,applied
59016000000,59015207976,0,2,589,58900000000,applied
59024000000,59022301303,2,1,589,58920000000,applied
59024000000,59023738906,0,1,589,58900000000,applied
59040000000,59038438753,1,0,590,59010000000,applied
59040000000,59038882581,0,1,590,59000000000,applied
59060000000,59058885719,0,2,590,59000000000,applied
59066000000,59064951973,1,2,590,59010000000,applied
59074000000,59072576648,2,1,590,59020000000,applied
59098000000,59096523712,2,0,590,59020000000,applied
59130000000,59128232169,2,1,591,59120000000,applied
59222000000,59221664629,2,0,591,59120000000,applied
59230000000,59229201870,1,2,591,59110000000,applied
59242000000,59240370041,0,1,591,59100000000,applied
59246000000,59244263940,0,1,592,59200000000,applied
59254000000,59253215466,2,1,592,59220000000,applied
59278000000,59277079443,0,2,591,59100000000,applied
59296000000,59294946491,1,0,591,59110000000,applied
59340000000,59338394456,0,2,592,59200000000,applied
59340000000,59338433497,1,2,592,59210000000,applied
59348000000,59346667974,2,0,592,59220000000,applied
59372000000,59370921409,0,2,593,59300000000,applied
59372000000,59371208098,1,2,593,59310000000,applied
59374000000,59372645715,1,0,592,59210000000,applied
59402000000,59401478759,2,0,593,59320000000,applied
59418000000,59416346764,0,1,594,59400000000,applied
59424000000,59422117072,0,1,593,59300000000,out_of_order
59434000000,59433247781,2,1,594,59420000000,applied
59462000000,59461649302,0,2,594,59400000000,applied
59472000000,59470986077,1,0,593,59310000000,applied
59492000000,59490519587,2,0,594,59420000000,applied
59514000000,59512715550,1,2,594,59410000000,applied
59518000000,59516233871,2,1,593,59320000000,out_of_order
59520000000,59518215049,0,1,595,59500000000,applied
59594000000,59592042212,1,0,594,59410000000,applied
59610000000,59608899878,0,1,596,59600000000,applied
59622000000,59620418706,0,2,595,59500000000,applied
59644000000,59642835115,1,0,596,59610000000,applied
59666000000,59664561738,2,0,596,59620000000,applied
59674000000,59672368783,1,2,595,59510000000,applied
59700000000,59698809835,1,0,595,59510000000,out_of_order
59700000000,59699592149,2,1,595,59520000000,applied
59714000000,59713560133,0,1,597,59700000000,applied
59718000000,59717258120,2,0,595,59520000000,out_of_order
59720000000,59718625161,1,2,596,59610000000,applied
59728000000,59726999092,2,0,597,59720000000,applied
59774000000,59772435763,2,1,596,59620000000,applied
59786000000,59785913709,1,0,597,59710000000,applied
59794000000,59793445450,0,2,596,59600000000,applied
59822000000,59821472776,0,2,597,59700000000,applied
59826000000,59825336153,0,1,598,59800000000,applied
59832000000,59831332565,1,2,597,59710000000,applied
59870000000,59869786301,2,1,598,59820000000,applied
59882000000,59880826136,1,2,598,59810000000,applied
59904000000,59902095374,2,1,597,59720000000,out_of_order
59930000000,59929878495,2,0,599,59920000000,applied
59974000000,59972653475,2,0,598,59820000000,out_of_order
59976000000,59974310632,1,0,598,59810000000,applied
59982000000,59981640819,0,2,598,59800000000,applied
