t_consume_ns,t_rx_ns,src,dst,seq,t_gen_ns,outcome
10000000,8942640,0,2,0,0,applied
26000000,24498225,0,1,0,0,applied
48000000,46444752,1,2,0,10000000,applied
48000000,47236420,1,0,0,10000000,applied
60000000,59771463,2,1,0,20000000,applied
72000000,70295049,2,0,0,20000000,applied
112000000,110753547,1,2,1,110000000,applied
126000000,125610623,0,1,1,100000000,applied
134000000,133102873,0,2,1,100000000,applied
136000000,134265972,1,0,1,110000000,applied
142000000,141577261,2,0,1,120000000,applied
164000000,163681085,2,1,1,120000000,applied
208000000,206848205,0,2,2,200000000,applied
224000000,223111677,2,1,2,220000000,applied
228000000,226158299,2,0,2,220000000,applied
228000000,226636125,1,0,2,210000000,applied
240000000,238455557,0,1,2,200000000,applied
260000000,258129566,1,2,2,210000000,applied
340000000,339626083,2,1,3,320000000,applied
344000000,343561533,0,1,3,300000000,applied
346000000,344136038,1,2,3,310000000,applied
346000000,345354796,0,2,3,300000000,applied
352000000,350722584,1,0,3,310000000,applied
360000000,359326071,2,0,3,320000000,applied
404000000,402378040,0,2,4,400000000,applied
428000000,426940282,1,0,4,410000000,applied
434000000,432205307,2,1,4,420000000,applied
440000000,438494370,2,0,4,420000000,applied
452000000,450024310,0,1,4,400000000,applied
456000000,454925150,1,2,4,410000000,applied
514000000,513514350,1,0,5,510000000,applied
520000000,518319529,0,1,5,500000000,applied
542000000,540108202,0,2,5,500000000,applied
552000000,551068932,1,2,5,510000000,applied
566000000,565467940,2,1,5,520000000,applied
572000000,570209015,2,0,5,520000000,applied
616000000,614019665,1,2,6,610000000,applied
628000000,627932989,0,1,6,600000000,applied
632000000,631909818,0,2,6,600000000,applied
634000000,633609874,1,0,6,610000000,applied
644000000,643618950,2,0,6,620000000,applied
652000000,651335784,2,1,6,620000000,applied
712000000,710653211,0,2,7,700000000,applied
712000000,711322067,1,2,7,710000000,applied
724000000,723191923,0,1,7,700000000,applied
728000000,726620297,1,0,7,710000000,applied
750000000,748127690,2,0,7,720000000,applied
754000000,753459515,2,1,7,720000000,applied
812000000,811497086,0,2,8,800000000,applied
830000000,828416376,2,1,8,820000000,applied
834000000,832089747,0,1,8,800000000,applied
838000000,836118611,1,2,8,810000000,applied
844000000,842313104,2,0,8,820000000,applied
856000000,854016225,1,0,8,810000000,applied
904000000,903589558,0,1,9,900000000,applied
914000000,913426787,0,2,9,900000000,applied
924000000,923966583,1,2,9,910000000,applied
928000000,927946678,1,0,9,910000000,applied
960000000,959502521,2,0,9,920000000,applied
962000000,960990390,2,1,9,920000000,applied
1024000000,1023637082,2,0,10,1020000000,applied
1030000000,1028624752,0,2,10,1000000000,applied
1036000000,1034498324,1,0,10,1010000000,applied
1038000000,1036530567,1,2,10,1010000000,applied
1050000000,1048181125,0,1,10,1000000000,applied
1066000000,1064123331,2,1,10,1020000000,applied
1114000000,1113881053,1,2,11,1110000000,applied
1130000000,1129271705,0,2,11,1100000000,applied
1140000000,1138935424,2,0,11,1120000000,applied
1142000000,1140974887,0,1,11,1100000000,applied
1146000000,1144867936,1,0,11,1110000000,applied
1156000000,1155359391,2,1,11,1120000000,applied
1218000000,1216354813,0,1,12,1200000000,applied
1220000000,1218117517,1,2,12,1210000000,applied
1230000000,1228878779,2,1,12,1220000000,applied
1248000000,1246539151,0,2,12,1200000000,applied
1254000000,1252356836,2,0,12,1220000000,applied
1260000000,1259078871,1,0,12,1210000000,applied
1304000000,1303562917,0,2,13,1300000000,applied
1314000000,1312655765,0,1,13,1300000000,applied
1326000000,1324600049,1,2,13,1310000000,applied
1338000000,1336949764,2,1,13,1320000000,applied
1346000000,1344855669,2,0,13,1320000000,applied
1358000000,1356664058,1,0,13,1310000000,applied
1430000000,1429512699,0,2,14,1400000000,applied
1440000000,1438049855,1,0,14,1410000000,applied
1440000000,1438135453,2,0,14,1420000000,applied
1440000000,1439000615,1,2,14,1410000000,applied
1440000000,1439081152,0,1,14,1400000000,applied
1466000000,1465128195,2,1,14,1420000000,applied
1504000000,1502876579,0,1,15,1500000000,applied
1516000000,1515392245,1,2,15,1510000000,applied
1524000000,1522935172,0,2,15,1500000000,applied
1530000000,1529186827,2,0,15,1520000000,applied
1534000000,1532869133,1,0,15,1510000000,applied
1538000000,1536378831,2,1,15,1520000000,applied
1612000000,1611359644,0,1,16,1600000000,applied
1628000000,1626689323,1,2,16,1610000000,applied
1642000000,1641443149,1,0,16,1610000000,applied
1652000000,1650315731,0,2,16,1600000000,applied
1660000000,1659842554,2,0,16,1620000000,applied
1670000000,1669326842,2,1,16,1620000000,applied
1716000000,1714017271,0,2,17,1700000000,applied
1732000000,1731794329,0,1,17,1700000000,applied
1742000000,1740475281,2,1,17,1720000000,applied
1742000000,1741929191,1,0,17,1710000000,applied
1748000000,1747729493,1,2,17,1710000000,applied
1764000000,1763914983,2,0,17,1720000000,applied
1804000000,1803341373,0,1,18,1800000000,applied
1826000000,1825960606,2,0,18,1820000000,applied
1828000000,1827015205,1,2,18,1810000000,applied
1834000000,1833180686,2,1,18,1820000000,applied
1844000000,1843959019,0,2,18,1800000000,applied
1862000000,1860295650,1,0,18,1810000000,applied
1922000000,1921671123,0,2,19,1900000000,applied
1926000000,1925893745,0,1,19,1900000000,applied
1942000000,1940869810,1,2,19,1910000000,applied
1946000000,1944922493,1,0,19,1910000000,applied
1946000000,1944938089,2,1,19,1920000000,applied
1966000000,1964412928,2,0,19,1920000000,applied
2018000000,2016711415,1,2,20,2010000000,applied
2022000000,2020903090,0,2,20,2000000000,applied
2028000000,2026090778,2,1,20,2020000000,applied
2028000000,2026441419,2,0,20,2020000000,applied
2034000000,2032351670,0,1,20,2000000000,applied
2040000000,2039575886,1,0,20,2010000000,applied
2108000000,2107784919,0,1,21,2100000000,applied
2118000000,2116282540,0,2,21,2100000000,applied
2126000000,2125034094,2,0,21,2120000000,applied
2128000000,2127360482,1,0,21,2110000000,applied
2144000000,2142310407,1,2,21,2110000000,applied
2166000000,2165825680,2,1,21,2120000000,applied
2220000000,2219213225,1,0,22,2210000000,applied
2230000000,2229712337,0,2,22,2200000000,applied
2238000000,2237022722,2,0,22,2220000000,applied
2240000000,2238857131,0,1,22,2200000000,applied
2242000000,2241061633,2,1,22,2220000000,applied
2248000000,2246760311,1,2,22,2210000000,applied
2304000000,2303566884,0,2,23,2300000000,applied
2314000000,2312259816,1,2,23,2310000000,applied
2336000000,2334777370,2,0,23,2320000000,applied
2342000000,2341640455,0,1,23,2300000000,applied
2346000000,2344861395,1,0,23,2310000000,applied
2350000000,2349900917,2,1,23,2320000000,applied
2412000000,2410773621,1,0,24,2410000000,applied
2422000000,2421195778,0,1,24,2400000000,applied
2432000000,2430135483,0,2,24,2400000000,applied
2434000000,2433028809,2,0,24,2420000000,applied
2450000000,2448174669,1,2,24,2410000000,applied
2452000000,2450131794,2,1,24,2420000000,applied
2516000000,2514140935,1,2,25,2510000000,applied
2520000000,2519590235,0,1,25,2500000000,applied
2524000000,2523112091,1,0,25,2510000000,applied
2524000000,2523773909,2,0,25,2520000000,applied
2540000000,2538036444,2,1,25,2520000000,applied
2540000000,2539224576,0,2,25,2500000000,applied
2608000000,2607116691,0,2,26,2600000000,applied
2620000000,2619576256,1,0,26,2610000000,applied
2644000000,2643476788,0,1,26,2600000000,applied
2646000000,2644628575,2,0,26,2620000000,applied
2650000000,2648253762,1,2,26,2610000000,applied
2652000000,2651654771,2,1,26,2620000000,applied
2702000000,2701019617,0,2,27,2700000000,applied
2726000000,2724415101,1,2,27,2710000000,applied
2732000000,2731491458,1,0,27,2710000000,applied
2734000000,2733343752,0,1,27,2700000000,applied
2734000000,2733808390,2,0,27,2720000000,applied
2738000000,2737215076,2,1,27,2720000000,applied
2816000000,2815249488,0,2,28,2800000000,applied
2816000000,2815704369,0,1,28,2800000000,applied
2834000000,2832238403,2,0,28,2820000000,applied
2838000000,2836378204,1,0,28,2810000000,applied
2856000000,2854340570,1,2,28,2810000000,applied
2868000000,2866016606,2,1,28,2820000000,applied
2914000000,2913488249,0,2,29,2900000000,applied
2918000000,2916784168,1,2,29,2910000000,applied
2922000000,2921899441,0,1,29,2900000000,applied
2924000000,2922131464,1,0,29,2910000000,applied
2924000000,2922586900,2,1,29,2920000000,applied
2968000000,2966896314,2,0,29,2920000000,applied
3028000000,3026722868,0,2,30,3000000000,applied
3032000000,3030769228,0,1,30,3000000000,applied
3032000000,3031021156,1,0,30,3010000000,applied
3050000000,3048562015,2,1,30,3020000000,applied
3060000000,3059915832,1,2,30,3010000000,applied
3070000000,3069038829,2,0,30,3020000000,applied
3116000000,3114112914,0,2,31,3100000000,applied
3120000000,3119549226,1,0,31,3110000000,applied
3124000000,3122484836,0,1,31,3100000000,applied
3124000000,3123480499,2,0,31,3120000000,applied
3126000000,3124688741,2,1,31,3120000000,applied
3134000000,3132810068,1,2,31,3110000000,applied
3214000000,3212090316,0,1,32,3200000000,applied
3214000000,3213586231,1,0,32,3210000000,applied
3222000000,3221088307,2,0,32,3220000000,applied
3240000000,3238306735,2,1,32,3220000000,applied
3240000000,3239908507,0,2,32,3200000000,applied
3242000000,3240165193,1,2,32,3210000000,applied
3312000000,3311533629,1,2,33,3310000000,applied
3320000000,3319320722,1,0,33,3310000000,applied
3324000000,3322297883,2,0,33,3320000000,applied
3350000000,3348650900,0,1,33,3300000000,applied
3350000000,3349634966,0,2,33,3300000000,applied
3360000000,3359844629,2,1,33,3320000000,applied
3422000000,3420642941,0,2,34,3400000000,applied
3422000000,3421218062,1,0,34,3410000000,applied
3422000000,3421655229,2,1,34,3420000000,applied
3448000000,3446778537,1,2,34,3410000000,applied
3448000000,3446844921,0,1,34,3400000000,applied
3462000000,3461147309,2,0,34,3420000000,applied
3512000000,3511591965,0,2,35,3500000000,applied
3536000000,3534786981,1,0,35,3510000000,applied
3540000000,3539001957,1,2,35,3510000000,applied
3550000000,3549124070,0,1,35,3500000000,applied
3558000000,3557413653,2,0,35,3520000000,applied
3560000000,3558437132,2,1,35,3520000000,applied
3626000000,3624420325,2,1,36,3620000000,applied
3630000000,3629047511,0,1,36,3600000000,applied
3632000000,3630284722,0,2,36,3600000000,applied
3644000000,3642666175,1,0,36,3610000000,applied
3660000000,3658274793,1,2,36,3610000000,applied
3666000000,3665387204,2,0,36,3620000000,applied
3716000000,3715475762,0,2,37,3700000000,applied
3718000000,3716433315,1,0,37,3710000000,applied
3728000000,3727417366,2,1,37,3720000000,applied
3730000000,3729222060,1,2,37,3710000000,applied
3738000000,3737960238,0,1,37,3700000000,applied
3754000000,3752372587,2,0,37,3720000000,applied
3804000000,3802731155,0,2,38,3800000000,applied
3818000000,3816126659,1,2,38,3810000000,applied
3820000000,3818665765,0,1,38,3800000000,applied
3840000000,3839512082,2,0,38,3820000000,applied
3858000000,3856513454,1,0,38,3810000000,applied
3870000000,3869344648,2,1,38,3820000000,applied
3920000000,3919910369,1,0,39,3910000000,applied
3924000000,3922681653,0,1,39,3900000000,applied
3924000000,3922749964,2,0,39,3920000000,applied
3926000000,3924498112,2,1,39,3920000000,applied
3932000000,3930405551,1,2,39,3910000000,applied
3942000000,3941873630,0,2,39,3900000000,applied
4024000000,4023472818,1,0,40,4010000000,applied
4028000000,4026516358,0,1,40,4000000000,applied
4034000000,4032227953,1,2,40,4010000000,applied
4050000000,4049707598,0,2,40,4000000000,applied
4058000000,4057913502,2,0,40,4020000000,applied
4068000000,4067016113,2,1,40,4020000000,applied
4118000000,4116932852,1,0,41,4110000000,applied
4122000000,4121552732,0,1,41,4100000000,applied
4142000000,4140626881,2,1,41,4120000000,applied
4148000000,4146431905,2,0,41,4120000000,applied
4148000000,4146540726,0,2,41,4100000000,applied
4148000000,4146893146,1,2,41,4110000000,applied
4206000000,4204963049,0,1,42,4200000000,applied
4218000000,4217341559,1,0,42,4210000000,applied
4226000000,4224065254,2,1,42,4220000000,applied
4246000000,4245033440,1,2,42,4210000000,applied
4252000000,4250231930,0,2,42,4200000000,applied
4252000000,4250401445,2,0,42,4220000000,applied
4326000000,4324968991,2,1,43,4320000000,applied
4326000000,4325625498,0,1,43,4300000000,applied
4332000000,4331001710,1,0,43,4310000000,applied
4334000000,4333369533,0,2,43,4300000000,applied
4348000000,4347775397,2,0,43,4320000000,applied
4360000000,4359468571,1,2,43,4310000000,applied
4404000000,4402302718,0,1,44,4400000000,applied
4410000000,4408881069,0,2,44,4400000000,applied
4422000000,4421803821,2,1,44,4420000000,applied
4434000000,4432181496,1,2,44,4410000000,applied
4438000000,4436725647,1,0,44,4410000000,applied
4458000000,4456282408,2,0,44,4420000000,applied
4508000000,4506626518,0,1,45,4500000000,applied
4516000000,4514548805,1,0,45,4510000000,applied
4518000000,4516152963,0,2,45,4500000000,applied
4552000000,4550150859,1,2,45,4510000000,applied
4560000000,4558132413,2,1,45,4520000000,applied
4560000000,4558710509,2,0,45,4520000000,applied
4612000000,4611013845,1,0,46,4610000000,applied
4616000000,4615484349,1,2,46,4610000000,applied
4634000000,4632823903,0,1,46,4600000000,applied
4640000000,4638844007,0,2,46,4600000000,applied
4644000000,4643672506,2,1,46,4620000000,applied
4650000000,4648587168,2,0,46,4620000000,applied
4706000000,4705453613,0,2,47,4700000000,applied
4708000000,4706180462,0,1,47,4700000000,applied
4724000000,4723443956,1,0,47,4710000000,applied
4744000000,4742243062,1,2,47,4710000000,applied
4752000000,4751891731,2,1,47,4720000000,applied
4756000000,4754435636,2,0,47,4720000000,applied
4816000000,4815097448,1,2,48,4810000000,applied
4832000000,4830126055,0,1,48,4800000000,applied
4834000000,4832134741,2,1,48,4820000000,applied
4834000000,4832986957,1,0,48,4810000000,applied
4850000000,4849208508,0,2,48,4800000000,applied
4872000000,4870348148,2,0,48,4820000000,applied
4914000000,4912910766,0,1,49,4900000000,applied
4938000000,4937576961,1,0,49,4910000000,applied
4946000000,4944514892,0,2,49,4900000000,applied
4952000000,4950861463,2,1,49,4920000000,applied
4956000000,4954455614,1,2,49,4910000000,applied
4958000000,4956642985,2,0,49,4920000000,applied
5002000000,5000748402,0,2,50,5000000000,applied
5040000000,5039334292,0,1,50,5000000000,applied
5050000000,5049118825,1,0,50,5010000000,applied
5056000000,5054930124,2,0,50,5020000000,applied
5058000000,5057802588,1,2,50,5010000000,applied
5068000000,5067219412,2,1,50,5020000000,applied
5110000000,5108587611,0,1,51,5100000000,applied
5120000000,5119780831,1,2,51,5110000000,applied
5128000000,5127194357,1,0,51,5110000000,applied
5132000000,5131408712,2,0,51,5120000000,applied
5134000000,5132030109,0,2,51,5100000000,applied
5160000000,5158285603,2,1,51,5120000000,applied
5202000000,5201007146,0,2,52,5200000000,applied
5220000000,5219424584,1,0,52,5210000000,applied
5228000000,5226286741,1,2,52,5210000000,applied
5242000000,5240166072,0,1,52,5200000000,applied
5246000000,5244008123,2,1,52,5220000000,applied
5254000000,5252332625,2,0,52,5220000000,applied
5320000000,5319010217,1,0,53,5310000000,applied
5326000000,5324038350,2,1,53,5320000000,applied
5344000000,5342658762,1,2,53,5310000000,applied
5350000000,5348575529,0,2,53,5300000000,applied
5350000000,5348625966,0,1,53,5300000000,applied
5368000000,5366849593,2,0,53,5320000000,applied
5408000000,5407231633,0,2,54,5400000000,applied
5422000000,5420110722,0,1,54,5400000000,applied
5424000000,5422402519,1,2,54,5410000000,applied
5434000000,5432441254,2,0,54,5420000000,applied
5454000000,5452067089,1,0,54,5410000000,applied
5456000000,5455955935,2,1,54,5420000000,applied
5510000000,5509360276,0,2,55,5500000000,applied
5514000000,5512084733,1,0,55,5510000000,applied
5514000000,5513114125,1,2,55,5510000000,applied
5526000000,5525182257,2,0,55,5520000000,applied
5542000000,5541449227,2,1,55,5520000000,applied
5546000000,5544781941,0,1,55,5500000000,applied
5614000000,5612466839,1,0,56,5610000000,applied
5630000000,5629899262,2,1,56,5620000000,applied
5632000000,5631754509,0,2,56,5600000000,applied
5636000000,5635223669,1,2,56,5610000000,applied
5644000000,5642211639,2,0,56,5620000000,applied
5650000000,5649629103,0,1,56,5600000000,applied
5720000000,5718026649,1,2,57,5710000000,applied
5726000000,5725624666,0,1,57,5700000000,applied
5734000000,5733400575,1,0,57,5710000000,applied
5746000000,5745063960,2,0,57,5720000000,applied
5748000000,5746360256,2,1,57,5720000000,applied
5750000000,5749068019,0,2,57,5700000000,applied
5812000000,5811706726,0,1,58,5800000000,applied
5820000000,5818991444,0,2,58,5800000000,applied
5832000000,5830039432,1,2,58,5810000000,applied
5838000000,5837202689,2,1,58,5820000000,applied
5844000000,5842462047,2,0,58,5820000000,applied
5856000000,5854510198,1,0,58,5810000000,applied
5910000000,5908928041,0,1,59,5900000000,applied
5920000000,5918832693,0,2,59,5900000000,applied
5934000000,5932451577,1,0,59,5910000000,applied
5950000000,5948588547,1,2,59,5910000000,applied
5950000000,5948985986,2,1,59,5920000000,applied
5952000000,5950588814,2,0,59,5920000000,applied
6006000000,6005317046,0,2,60,6000000000,applied
6018000000,6017499874,0,1,60,6000000000,applied
6026000000,6025864799,2,1,60,6020000000,applied
6036000000,6034698481,1,0,60,6010000000,applied
6060000000,6058699220,1,2,60,6010000000,applied
6064000000,6063732137,2,0,60,6020000000,applied
6106000000,6104768672,0,2,61,6100000000,applied
6110000000,6109646600,0,1,61,6100000000,applied
6128000000,6126200299,2,1,61,6120000000,applied
6128000000,6127436114,1,2,61,6110000000,applied
6146000000,6144732456,1,0,61,6110000000,applied
6148000000,6147060745,2,0,61,6120000000,applied
6228000000,6226147128,2,0,62,6220000000,applied
6242000000,6241400260,0,1,62,6200000000,applied
6250000000,6249330701,0,2,62,6200000000,applied
6256000000,6255145347,1,2,62,6210000000,applied
6262000000,6260140926,1,0,62,6210000000,applied
6262000000,6260714658,2,1,62,6220000000,applied
6316000000,6314283026,0,2,63,6300000000,applied
6328000000,6327056504,1,2,63,6310000000,applied
6330000000,6328996719,0,1,63,6300000000,applied
6342000000,6341402036,1,0,63,6310000000,applied
6346000000,6345527242,2,1,63,6320000000,applied
6348000000,6347184226,2,0,63,6320000000,applied
6404000000,6403106589,0,1,64,6400000000,applied
6434000000,6432270387,1,2,64,6410000000,applied
6440000000,6439008091,0,2,64,6400000000,applied
6458000000,6457629998,1,0,64,6410000000,applied
6466000000,6464287027,2,1,64,6420000000,applied
6472000000,6470123402,2,0,64,6420000000,applied
6522000000,6521484532,0,2,65,6500000000,applied
6534000000,6533405750,1,0,65,6510000000,applied
6542000000,6541215120,0,1,65,6500000000,applied
6546000000,6544653643,1,2,65,6510000000,applied
6562000000,6560013701,2,0,65,6520000000,applied
6568000000,6567185529,2,1,65,6520000000,applied
6606000000,6605431024,0,1,66,6600000000,applied
6608000000,6606821043,0,2,66,6600000000,applied
6622000000,6621419949,1,2,66,6610000000,applied
6622000000,6621714174,1,0,66,6610000000,applied
6654000000,6652361465,2,0,66,6620000000,applied
6668000000,6666984274,2,1,66,6620000000,applied
6712000000,6711406800,0,2,67,6700000000,applied
6716000000,6714292124,1,2,67,6710000000,applied
6722000000,6721861308,1,0,67,6710000000,applied
6732000000,6731951217,0,1,67,6700000000,applied
6744000000,6742340646,2,0,67,6720000000,applied
6764000000,6763595732,2,1,67,6720000000,applied
6802000000,6800824339,0,1,68,6800000000,applied
6824000000,6823413410,2,1,68,6820000000,applied
6834000000,6832143374,1,0,68,6810000000,applied
6846000000,6844597321,0,2,68,6800000000,applied
6856000000,6855086178,1,2,68,6810000000,applied
6860000000,6858793090,2,0,68,6820000000,applied
6906000000,6904491319,0,1,69,6900000000,applied
6924000000,6923481966,2,1,69,6920000000,applied
6928000000,6926414019,0,2,69,6900000000,applied
6948000000,6946048293,1,2,69,6910000000,applied
6948000000,6946110854,1,0,69,6910000000,applied
6968000000,6967114606,2,0,69,6920000000,applied
7016000000,7015721234,1,2,70,7010000000,applied
7018000000,7017674509,0,2,70,7000000000,applied
7032000000,7030932894,2,0,70,7020000000,applied
7040000000,7039578269,1,0,70,7010000000,applied
7048000000,7046087345,0,1,70,7000000000,applied
7056000000,7054040024,2,1,70,7020000000,applied
7102000000,7101274784,0,2,71,7100000000,applied
7122000000,7121081027,1,0,71,7110000000,applied
7134000000,7133970665,2,1,71,7120000000,applied
7136000000,7134565773,0,1,71,7100000000,applied
7142000000,7140119168,2,0,71,7120000000,applied
7160000000,7159579379,1,2,71,7110000000,applied
7206000000,7204489035,0,1,72,7200000000,applied
7228000000,7226640256,0,2,72,7200000000,applied
7246000000,7245170257,1,2,72,7210000000,applied
7254000000,7253994996,2,1,72,7220000000,applied
7260000000,7259150539,1,0,72,7210000000,applied
7260000000,7259378645,2,0,72,7220000000,applied
7322000000,7320314899,1,0,73,7310000000,applied
7326000000,7325820949,2,0,73,7320000000,applied
7328000000,7327044261,0,2,73,7300000000,applied
7336000000,7334621820,2,1,73,7320000000,applied
7350000000,7348880548,0,1,73,7300000000,applied
7350000000,7349423032,1,2,73,7310000000,applied
7436000000,7434105044,1,0,74,7410000000,applied
7442000000,7440386986,1,2,74,7410000000,applied
7446000000,7445368886,0,1,74,7400000000,applied
7448000000,7446409119,2,0,74,7420000000,applied
7448000000,7447825585,0,2,74,7400000000,applied
7462000000,7461332005,2,1,74,7420000000,applied
7504000000,7502261743,0,2,75,7500000000,applied
7512000000,7511934019,1,2,75,7510000000,applied
7542000000,7540693209,2,1,75,7520000000,applied
7550000000,7548459892,0,1,75,7500000000,applied
7550000000,7549232880,2,0,75,7520000000,applied
7554000000,7553848842,1,0,75,7510000000,applied
7620000000,7618909900,0,2,76,7600000000,applied
7626000000,7624387394,2,1,76,7620000000,applied
7638000000,7636857064,2,0,76,7620000000,applied
7640000000,7639443044,0,1,76,7600000000,applied
7646000000,7644759631,1,0,76,7610000000,applied
7656000000,7655039472,1,2,76,7610000000,applied
7714000000,7712320387,1,2,77,7710000000,applied
7742000000,7740312051,0,1,77,7700000000,applied
7746000000,7744869744,1,0,77,7710000000,applied
7748000000,7747280877,0,2,77,7700000000,applied
7766000000,7765196529,2,0,77,7720000000,applied
7766000000,7765962026,2,1,77,7720000000,applied
7812000000,7810536631,1,2,78,7810000000,applied
7812000000,7811153807,0,1,78,7800000000,applied
7822000000,7821761387,0,2,78,7800000000,applied
7830000000,7829345297,2,0,78,7820000000,applied
7838000000,7836055928,1,0,78,7810000000,applied
7838000000,7836572437,2,1,78,7820000000,applied
7930000000,7928858854,2,1,79,7920000000,applied
7934000000,7932263557,0,2,79,7900000000,applied
7940000000,7939178007,1,0,79,7910000000,applied
7942000000,7940632446,0,1,79,7900000000,applied
7956000000,7955821375,1,2,79,7910000000,applied
7964000000,7963016364,2,0,79,7920000000,applied
8004000000,8003384412,0,1,80,8000000000,applied
8010000000,8008418426,0,2,80,8000000000,applied
8032000000,8030274172,2,1,80,8020000000,applied
8042000000,8040959958,1,2,80,8010000000,applied
8050000000,8049869923,2,0,80,8020000000,applied
8052000000,8050802966,1,0,80,8010000000,applied
8108000000,8107503255,0,1,81,8100000000,applied
8112000000,8110670048,1,0,81,8110000000,applied
8120000000,8119696005,0,2,81,8100000000,applied
8130000000,8128277759,1,2,81,8110000000,applied
8146000000,8145375120,2,1,81,8120000000,applied
8148000000,8146869166,2,0,81,8120000000,applied
8212000000,8210043642,0,1,82,8200000000,applied
8218000000,8217876770,0,2,82,8200000000,applied
8222000000,8220884244,2,1,82,8220000000,applied
8228000000,8226419900,1,0,82,8210000000,applied
8236000000,8235220090,1,2,82,8210000000,applied
8268000000,8267833473,2,0,82,8220000000,applied
8304000000,8302091209,0,2,83,8300000000,applied
8312000000,8310553886,1,0,83,8310000000,applied
8332000000,8330586864,0,1,83,8300000000,applied
8334000000,8332380062,2,1,83,8320000000,applied
8360000000,8359193929,1,2,83,8310000000,applied
8362000000,8361994833,2,0,83,8320000000,applied
8414000000,8412249588,1,0,84,8410000000,applied
8424000000,8422546489,0,2,84,8400000000,applied
8444000000,8442554176,0,1,84,8400000000,applied
8446000000,8445984649,2,1,84,8420000000,applied
8456000000,8455419909,1,2,84,8410000000,applied
8466000000,8464956258,2,0,84,8420000000,applied
8506000000,8504115383,0,2,85,8500000000,applied
8522000000,8521388193,0,1,85,8500000000,applied
8540000000,8538365246,2,0,85,8520000000,applied
8548000000,8546193978,1,2,85,8510000000,applied
8552000000,8550446608,2,1,85,8520000000,applied
8556000000,8554470708,1,0,85,8510000000,applied
8614000000,8613520250,1,2,86,8610000000,applied
8616000000,8615464691,0,2,86,8600000000,applied
8620000000,8618911650,0,1,86,8600000000,applied
8634000000,8632227476,2,0,86,8620000000,applied
8642000000,8640243013,1,0,86,8610000000,applied
8670000000,8668774886,2,1,86,8620000000,applied
8716000000,8714624831,0,1,87,8700000000,applied
8716000000,8715105618,0,2,87,8700000000,applied
8748000000,8746120532,1,2,87,8710000000,applied
8750000000,8748368733,1,0,87,8710000000,applied
8752000000,8750252530,2,0,87,8720000000,applied
8756000000,8755550854,2,1,87,8720000000,applied
8806000000,8805832189,0,2,88,8800000000,applied
8812000000,8811480049,0,1,88,8800000000,applied
8824000000,8822098803,2,0,88,8820000000,applied
8826000000,8825192189,1,2,88,8810000000,applied
8828000000,8826112221,1,0,88,8810000000,applied
8852000000,8851636443,2,1,88,8820000000,applied
8910000000,8908436170,0,1,89,8900000000,applied
8922000000,8921208430,1,2,89,8910000000,applied
8932000000,8931784324,2,0,89,8920000000,applied
8944000000,8943686201,0,2,89,8900000000,applied
8946000000,8945081137,1,0,89,8910000000,applied
8956000000,8954157330,2,1,89,8920000000,applied
9008000000,9006487778,0,2,90,9000000000,applied
9012000000,9011367519,1,2,90,9010000000,applied
9014000000,9013616734,1,0,90,9010000000,applied
9030000000,9028117670,0,1,90,9000000000,applied
9040000000,9039554552,2,1,90,9020000000,applied
9070000000,9069536027,2,0,90,9020000000,applied
9106000000,9105263570,0,2,91,9100000000,applied
9116000000,9115860631,0,1,91,9100000000,applied
9126000000,9124431431,2,0,91,9120000000,applied
9138000000,9136954985,1,0,91,9110000000,applied
9142000000,9141856054,2,1,91,9120000000,applied
9148000000,9146186784,1,2,91,9110000000,applied
9224000000,9223147948,1,0,92,9210000000,applied
9238000000,9236410089,0,2,92,9200000000,applied
9244000000,9242174845,1,2,92,9210000000,applied
9246000000,9245830666,0,1,92,9200000000,applied
9262000000,9260529350,2,0,92,9220000000,applied
9262000000,9261279305,2,1,92,9220000000,applied
9304000000,9303338655,0,2,93,9300000000,applied
9324000000,9322775025,1,2,93,9310000000,applied
9326000000,9325631767,0,1,93,9300000000,applied
9344000000,9343038128,2,0,93,9320000000,applied
9348000000,9347031370,2,1,93,9320000000,applied
9350000000,9348160682,1,0,93,9310000000,applied
9404000000,9403781449,0,1,94,9400000000,applied
9436000000,9434082805,1,0,94,9410000000,applied
9436000000,9434542704,0,2,94,9400000000,applied
9452000000,9451545231,2,1,94,9420000000,applied
9460000000,9458911615,1,2,94,9410000000,applied
9464000000,9463510297,2,0,94,9420000000,applied
9520000000,9518002599,1,2,95,9510000000,applied
9532000000,9531533797,0,2,95,9500000000,applied
9544000000,9543200019,0,1,95,9500000000,applied
9544000000,9543328361,2,1,95,9520000000,applied
9546000000,9545984442,2,0,95,9520000000,applied
9560000000,9559633262,1,0,95,9510000000,applied
9614000000,9613532538,1,2,96,9610000000,applied
9620000000,9618655872,0,1,96,9600000000,applied
9620000000,9619525708,1,0,96,9610000000,applied
9636000000,9634453379,2,0,96,9620000000,applied
9644000000,9642542360,0,2,96,9600000000,applied
9644000000,9643417402,2,1,96,9620000000,applied
9704000000,9702335951,0,1,97,9700000000,applied
9738000000,9736436550,1,2,97,9710000000,applied
9742000000,9741335605,0,2,97,9700000000,applied
9752000000,9751589507,2,1,97,9720000000,applied
9752000000,9751995833,2,0,97,9720000000,applied
9754000000,9752975665,1,0,97,9710000000,applied
9820000000,9818387998,1,2,98,9810000000,applied
9824000000,9823592465,0,2,98,9800000000,applied
9834000000,9832292922,0,1,98,9800000000,applied
9856000000,9854194993,1,0,98,9810000000,applied
9858000000,9856431485,2,0,98,9820000000,applied
9868000000,9866039894,2,1,98,9820000000,applied
9924000000,9922314695,2,0,99,9920000000,applied
9926000000,9924455553,0,2,99,9900000000,applied
9926000000,9925532398,0,1,99,9900000000,applied
9956000000,9955841619,2,1,99,9920000000,applied
9958000000,9957108708,1,2,99,9910000000,applied
9962000000,9960330312,1,0,99,9910000000,applied
10016000000,10014213406,1,0,100,10010000000,applied
10028000000,10027796404,2,0,100,10020000000,applied
10036000000,10034804621,0,1,100,10000000000,applied
10044000000,10042005275,1,2,100,10010000000,applied
10050000000,10049261719,0,2,100,10000000000,applied
10056000000,10054604470,2,1,100,10020000000,applied
10122000000,10120039498,0,2,101,10100000000,applied
10128000000,10126121179,2,1,101,10120000000,applied
10128000000,10126940709,2,0,101,10120000000,applied
10130000000,10129803136,1,0,101,10110000000,applied
10130000000,10129954318,0,1,101,10100000000,applied
10134000000,10132376203,1,2,101,10110000000,applied
10220000000,10218976656,0,2,102,10200000000,applied
10234000000,10232571488,0,1,102,10200000000,applied
10246000000,10245273563,1,2,102,10210000000,applied
10252000000,10251833190,2,0,102,10220000000,applied
10254000000,10252021491,1,0,102,10210000000,applied
10258000000,10257239263,2,1,102,10220000000,applied
10306000000,10304013226,0,1,103,10300000000,applied
10332000000,10331110330,0,2,103,10300000000,applied
10350000000,10348253279,2,0,103,10320000000,applied
10352000000,10350851700,1,0,103,10310000000,applied
10354000000,10353913488,2,1,103,10320000000,applied
10358000000,10357071715,1,2,103,10310000000,applied
10418000000,10417449177,1,2,104,10410000000,applied
10426000000,10425201156,0,2,104,10400000000,applied
10428000000,10426554113,2,0,104,10420000000,applied
10430000000,10429454900,0,1,104,10400000000,applied
10444000000,10443049428,1,0,104,10410000000,applied
10446000000,10445292083,2,1,104,10420000000,applied
10504000000,10503614854,0,2,105,10500000000,applied
10534000000,10533293666,1,2,105,10510000000,applied
10538000000,10537137950,2,1,105,10520000000,applied
10540000000,10539196814,2,0,105,10520000000,applied
10550000000,10549104742,0,1,105,10500000000,applied
10552000000,10551491817,1,0,105,10510000000,applied
10610000000,10609907868,0,2,106,10600000000,applied
10620000000,10618086255,1,0,106,10610000000,applied
10622000000,10621011757,0,1,106,10600000000,applied
10626000000,10624325559,1,2,106,10610000000,applied
10646000000,10645772837,2,0,106,10620000000,applied
10650000000,10649699999,2,1,106,10620000000,applied
10704000000,10702694938,0,2,107,10700000000,applied
10726000000,10725942693,0,1,107,10700000000,applied
10732000000,10731105382,2,0,107,10720000000,applied
10736000000,10735723198,1,2,107,10710000000,applied
10738000000,10736844502,1,0,107,10710000000,applied
10756000000,10754222782,2,1,107,10720000000,applied
10804000000,10802134292,0,2,108,10800000000,applied
10804000000,10802497851,0,1,108,10800000000,applied
10828000000,10827483295,1,0,108,10810000000,applied
10828000000,10827637923,2,0,108,10820000000,applied
10852000000,10850687702,1,2,108,10810000000,applied
10870000000,10869022920,2,1,108,10820000000,applied
10914000000,10913184460,0,2,109,10900000000,applied
10920000000,10918448827,1,2,109,10910000000,applied
10934000000,10933951047,1,0,109,10910000000,applied
10936000000,10935218187,0,1,109,10900000000,applied
10946000000,10945901515,2,0,109,10920000000,applied
10948000000,10947912806,2,1,109,10920000000,applied
11010000000,11009908404,0,1,110,11000000000,applied
11024000000,11023871708,2,0,110,11020000000,applied
11028000000,11026413171,2,1,110,11020000000,applied
11032000000,11031242179,0,2,110,11000000000,applied
11036000000,11035310456,1,0,110,11010000000,applied
11046000000,11045842178,1,2,110,11010000000,applied
11148000000,11146983048,2,0,111,11120000000,applied
11148000000,11147401602,0,2,111,11100000000,applied
11148000000,11147561851,2,1,111,11120000000,applied
11148000000,11147654486,0,1,111,11100000000,applied
11152000000,11151640616,1,2,111,11110000000,applied
11154000000,11153400902,1,0,111,11110000000,applied
11208000000,11206818940,0,2,112,11200000000,applied
11214000000,11213238980,0,1,112,11200000000,applied
11222000000,11221323638,1,0,112,11210000000,applied
11242000000,11241596174,1,2,112,11210000000,applied
11248000000,11247968764,2,1,112,11220000000,applied
11270000000,11268446738,2,0,112,11220000000,applied
11338000000,11336103107,2,0,113,11320000000,applied
11338000000,11337854814,0,1,113,11300000000,applied
11344000000,11342046095,0,2,113,11300000000,applied
11354000000,11353320445,1,2,113,11310000000,applied
11356000000,11354265489,2,1,113,11320000000,applied
11358000000,11356276920,1,0,113,11310000000,applied
11404000000,11402098807,0,2,114,11400000000,applied
11420000000,11418410816,0,1,114,11400000000,applied
11424000000,11422897296,2,0,114,11420000000,applied
11426000000,11424822458,1,2,114,11410000000,applied
11440000000,11438574265,1,0,114,11410000000,applied
11468000000,11466989745,2,1,114,11420000000,applied
11510000000,11509523048,0,1,115,11500000000,applied
11530000000,11529513086,2,0,115,11520000000,applied
11530000000,11529583524,1,2,115,11510000000,applied
11532000000,11531136013,0,2,115,11500000000,applied
11536000000,11535009959,1,0,115,11510000000,applied
11550000000,11549178967,2,1,115,11520000000,applied
11622000000,11621139168,0,2,116,11600000000,applied
11630000000,11628157164,0,1,116,11600000000,applied
11632000000,11630182869,2,0,116,11620000000,applied
11634000000,11632785499,1,2,116,11610000000,applied
11654000000,11652455323,1,0,116,11610000000,applied
11654000000,11653725159,2,1,116,11620000000,applied
11714000000,11713250391,1,2,117,11710000000,applied
11724000000,11722469438,2,0,117,11720000000,applied
11732000000,11731646545,1,0,117,11710000000,applied
11734000000,11733434920,2,1,117,11720000000,applied
11738000000,11736321341,0,2,117,11700000000,applied
11750000000,11749987472,0,1,117,11700000000,applied
11834000000,11832537289,1,2,118,11810000000,applied
11836000000,11834477967,1,0,118,11810000000,applied
11836000000,11834645674,0,1,118,11800000000,applied
11838000000,11836561427,2,1,118,11820000000,applied
11844000000,11843181835,0,2,118,11800000000,applied
11864000000,11863272243,2,0,118,11820000000,applied
11930000000,11929781186,0,2,119,11900000000,applied
11946000000,11945806739,0,1,119,11900000000,applied
11954000000,11953262985,1,0,119,11910000000,applied
11954000000,11953468114,1,2,119,11910000000,applied
11960000000,11959818730,2,0,119,11920000000,applied
11964000000,11963404048,2,1,119,11920000000,applied
12030000000,12028052840,2,1,120,12020000000,applied
12050000000,12048335148,0,1,120,12000000000,applied
12050000000,12049969501,0,2,120,12000000000,applied
12054000000,12052865244,1,2,120,12010000000,applied
12056000000,12054186522,1,0,120,12010000000,applied
12072000000,12070273141,2,0,120,12020000000,applied
12110000000,12108835906,0,2,121,12100000000,applied
12140000000,12138309447,2,0,121,12120000000,applied
12142000000,12141158757,0,1,121,12100000000,applied
12154000000,12153074292,1,0,121,12110000000,applied
12158000000,12157214898,1,2,121,12110000000,applied
12164000000,12162281794,2,1,121,12120000000,applied
12220000000,12218185599,1,2,122,12210000000,applied
12232000000,12230797642,2,0,122,12220000000,applied
12238000000,12236090534,1,0,122,12210000000,applied
12238000000,12236099509,0,2,122,12200000000,applied
12244000000,12243702818,0,1,122,12200000000,applied
12260000000,12259660715,2,1,122,12220000000,applied
12312000000,12310241023,0,2,123,12300000000,applied
12316000000,12314615765,0,1,123,12300000000,applied
12320000000,12319388364,1,0,123,12310000000,applied
12354000000,12352085262,2,0,123,12320000000,applied
12354000000,12353852429,2,1,123,12320000000,applied
12358000000,12356043570,1,2,123,12310000000,applied
12408000000,12407701544,0,2,124,12400000000,applied
12412000000,12410566051,1,0,124,12410000000,applied
12434000000,12433071011,2,0,124,12420000000,applied
12442000000,12440390255,0,1,124,12400000000,applied
12448000000,12446388803,1,2,124,12410000000,applied
12464000000,12462494000,2,1,124,12420000000,applied
12526000000,12524169224,1,0,125,12510000000,applied
12526000000,12525541681,1,2,125,12510000000,applied
12526000000,12525826745,2,0,125,12520000000,applied
12540000000,12538052962,0,1,125,12500000000,applied
12540000000,12538710747,2,1,125,12520000000,applied
12550000000,12549746573,0,2,125,12500000000,applied
12612000000,12611044912,0,2,126,12600000000,applied
12618000000,12616781049,0,1,126,12600000000,applied
12620000000,12618235134,1,2,126,12610000000,applied
12642000000,12640452305,1,0,126,12610000000,applied
12666000000,12664599143,2,0,126,12620000000,applied
12670000000,12668490141,2,1,126,12620000000,applied
12708000000,12707430726,0,1,127,12700000000,applied
12722000000,12721778674,2,1,127,12720000000,applied
12734000000,12732695067,0,2,127,12700000000,applied
12756000000,12754992679,1,2,127,12710000000,applied
12758000000,12757025835,1,0,127,12710000000,applied
12768000000,12766879902,2,0,127,12720000000,applied
12820000000,12819524187,1,2,128,12810000000,applied
12824000000,12822296172,2,0,128,12820000000,applied
12826000000,12824226221,1,0,128,12810000000,applied
12838000000,12837496599,0,2,128,12800000000,applied
12844000000,12842865619,0,1,128,12800000000,applied
12848000000,12846973057,2,1,128,12820000000,applied
12914000000,12913143498,1,0,129,12910000000,applied
12922000000,12921175127,0,2,129,12900000000,applied
12926000000,12924484925,1,2,129,12910000000,applied
12936000000,12935160213,2,1,129,12920000000,applied
12946000000,12944840373,0,1,129,12900000000,applied
12950000000,12948872629,2,0,129,12920000000,applied
13012000000,13011174884,1,0,130,13010000000,applied
13022000000,13020568756,2,0,130,13020000000,applied
13024000000,13022227478,0,1,130,13000000000,applied
13024000000,13022805279,1,2,130,13010000000,applied
13024000000,13023830686,0,2,130,13000000000,applied
13054000000,13053297449,2,1,130,13020000000,applied
13118000000,13117513560,1,0,131,13110000000,applied
13130000000,13129115820,0,1,131,13100000000,applied
13130000000,13129169890,1,2,131,13110000000,applied
13134000000,13133336952,2,0,131,13120000000,applied
13148000000,13147959688,0,2,131,13100000000,applied
13150000000,13148887772,2,1,131,13120000000,applied
13212000000,13210878789,1,2,132,13210000000,applied
13214000000,13212110455,0,2,132,13200000000,applied
13222000000,13221861606,0,1,132,13200000000,applied
13232000000,13230209073,1,0,132,13210000000,applied
13266000000,13265543877,2,1,132,13220000000,applied
13270000000,13269756948,2,0,132,13220000000,applied
13304000000,13302447516,0,1,133,13300000000,applied
13304000000,13302921212,0,2,133,13300000000,applied
13320000000,13319633172,1,0,133,13310000000,applied
13334000000,13332496142,2,0,133,13320000000,applied
13346000000,13345084349,1,2,133,13310000000,applied
13366000000,13365116863,2,1,133,13320000000,applied
13406000000,13404648233,0,1,134,13400000000,applied
13416000000,13414836866,1,0,134,13410000000,applied
13432000000,13431226669,0,2,134,13400000000,applied
13448000000,13447524676,2,0,134,13420000000,applied
13448000000,13447717733,1,2,134,13410000000,applied
13450000000,13449830864,2,1,134,13420000000,applied
13522000000,13520986625,2,0,135,13520000000,applied
13530000000,13529695498,0,2,135,13500000000,applied
13532000000,13531336993,1,0,135,13510000000,applied
13536000000,13534983319,1,2,135,13510000000,applied
13538000000,13537884113,0,1,135,13500000000,applied
13552000000,13550034985,2,1,135,13520000000,applied
13622000000,13621784034,0,1,136,13600000000,applied
13626000000,13625564297,1,0,136,13610000000,applied
13630000000,13629229096,2,1,136,13620000000,applied
13634000000,13632956567,2,0,136,13620000000,applied
13644000000,13643952365,0,2,136,13600000000,applied
13658000000,13657102515,1,2,136,13610000000,applied
13704000000,13702861944,0,2,137,13700000000,applied
13714000000,13712902650,1,0,137,13710000000,applied
13726000000,13724402166,0,1,137,13700000000,applied
13742000000,13741298137,2,0,137,13720000000,applied
13744000000,13742218199,1,2,137,13710000000,applied
13756000000,13754715103,2,1,137,13720000000,applied
13804000000,13802948042,0,1,138,13800000000,applied
13830000000,13828091567,1,0,138,13810000000,applied
13830000000,13828182122,2,0,138,13820000000,applied
13832000000,13831665679,2,1,138,13820000000,applied
13836000000,13834908277,0,2,138,13800000000,applied
13854000000,13853429660,1,2,138,13810000000,applied
13934000000,13933282222,1,2,139,13910000000,applied
13934000000,13933649690,0,2,139,13900000000,applied
13934000000,13933691491,0,1,139,13900000000,applied
13952000000,13951878920,2,0,139,13920000000,applied
13956000000,13955306701,1,0,139,13910000000,applied
13966000000,13964500839,2,1,139,13920000000,applied
14028000000,14026380528,0,2,140,14000000000,applied
14030000000,14028289545,0,1,140,14000000000,applied
14034000000,14032818273,1,0,140,14010000000,applied
14036000000,14034918869,1,2,140,14010000000,applied
14050000000,14049133726,2,1,140,14020000000,applied
14064000000,14062280421,2,0,140,14020000000,applied
14128000000,14126152977,1,2,141,14110000000,applied
14136000000,14134834142,0,2,141,14100000000,applied
14144000000,14143348767,2,0,141,14120000000,applied
14150000000,14149559105,0,1,141,14100000000,applied
14160000000,14158595220,1,0,141,14110000000,applied
14166000000,14165398275,2,1,141,14120000000,applied
14212000000,14211381223,1,2,142,14210000000,applied
14220000000,14219648653,0,1,142,14200000000,applied
14240000000,14238891258,1,0,142,14210000000,applied
14246000000,14244923465,0,2,142,14200000000,applied
14260000000,14259472991,2,0,142,14220000000,applied
14264000000,14262574706,2,1,142,14220000000,applied
14318000000,14317092394,0,2,143,14300000000,applied
14328000000,14327942765,1,2,143,14310000000,applied
14330000000,14329844478,2,0,143,14320000000,applied
14350000000,14348721034,0,1,143,14300000000,applied
14354000000,14353175992,1,0,143,14310000000,applied
14364000000,14362263201,2,1,143,14320000000,applied
14412000000,14411558597,0,1,144,14400000000,applied
14424000000,14423412926,0,2,144,14400000000,applied
14426000000,14424298833,1,2,144,14410000000,applied
14434000000,14433676699,2,1,144,14420000000,applied
14454000000,14453896656,1,0,144,14410000000,applied
14470000000,14469384729,2,0,144,14420000000,applied
14524000000,14522749877,1,2,145,14510000000,applied
14530000000,14528008482,2,0,145,14520000000,applied
14534000000,14533994192,1,0,145,14510000000,applied
14546000000,14545613053,0,2,145,14500000000,applied
14550000000,14548869175,0,1,145,14500000000,applied
14568000000,14567501409,2,1,145,14520000000,applied
14628000000,14627163239,2,0,146,14620000000,applied
14632000000,14631417732,0,1,146,14600000000,applied
14632000000,14631878196,0,2,146,14600000000,applied
14634000000,14633108006,1,0,146,14610000000,applied
14654000000,14653158662,1,2,146,14610000000,applied
14660000000,14659059141,2,1,146,14620000000,applied
14704000000,14702512397,0,2,147,14700000000,applied
14728000000,14727221788,1,0,147,14710000000,applied
14730000000,14728041510,2,0,147,14720000000,applied
14732000000,14730679391,2,1,147,14720000000,applied
14744000000,14742125038,0,1,147,14700000000,applied
14758000000,14756421030,1,2,147,14710000000,applied
14822000000,14820852386,1,2,148,14810000000,applied
14824000000,14823561231,0,2,148,14800000000,applied
14832000000,14830154302,1,0,148,14810000000,applied
14832000000,14831132484,2,1,148,14820000000,applied
14850000000,14849960387,0,1,148,14800000000,applied
14854000000,14852806759,2,0,148,14820000000,applied
14912000000,14910263101,0,2,149,14900000000,applied
14932000000,14931764107,1,2,149,14910000000,applied
14944000000,14943968221,2,0,149,14920000000,applied
14950000000,14948090713,0,1,149,14900000000,applied
14956000000,14954131124,2,1,149,14920000000,applied
14960000000,14959599297,1,0,149,14910000000,applied
15010000000,15009470195,0,1,150,15000000000,applied
15020000000,15018049798,0,2,150,15000000000,applied
15028000000,15027941781,1,0,150,15010000000,applied
15032000000,15030260440,2,0,150,15020000000,applied
15046000000,15045258489,1,2,150,15010000000,applied
15072000000,15070218589,2,1,150,15020000000,applied
15120000000,15118694876,1,2,151,15110000000,applied
15122000000,15121766373,0,1,151,15100000000,applied
15126000000,15125527967,0,2,151,15100000000,applied
15136000000,15134594592,2,1,151,15120000000,applied
15146000000,15144338398,2,0,151,15120000000,applied
15160000000,15158800199,1,0,151,15110000000,applied
15218000000,15216158024,1,0,152,15210000000,applied
15228000000,15227606112,2,1,152,15220000000,applied
15232000000,15230926553,0,1,152,15200000000,applied
15234000000,15232632934,1,2,152,15210000000,applied
15242000000,15240326937,0,2,152,15200000000,applied
15266000000,15265213435,2,0,152,15220000000,applied
15316000000,15314503722,1,2,153,15310000000,applied
15322000000,15320608108,0,1,153,15300000000,applied
15322000000,15321199062,2,1,153,15320000000,applied
15324000000,15323487363,1,0,153,15310000000,applied
15332000000,15330557562,0,2,153,15300000000,applied
15332000000,15331459467,2,0,153,15320000000,applied
15416000000,15414821098,1,0,154,15410000000,applied
15430000000,15429721168,2,1,154,15420000000,applied
15434000000,15433626905,0,2,154,15400000000,applied
15438000000,15437002205,1,2,154,15410000000,applied
15442000000,15441567793,0,1,154,15400000000,applied
15462000000,15460777888,2,0,154,15420000000,applied
15508000000,15507737459,0,1,155,15500000000,applied
15534000000,15532644446,0,2,155,15500000000,applied
15536000000,15535301886,2,1,155,15520000000,applied
15546000000,15545704821,1,2,155,15510000000,applied
15548000000,15547513972,2,0,155,15520000000,applied
15556000000,15554288281,1,0,155,15510000000,applied
15638000000,15636743701,0,2,156,15600000000,applied
15644000000,15643801022,1,2,156,15610000000,applied
15648000000,15647101662,1,0,156,15610000000,applied
15650000000,15648561566,0,1,156,15600000000,applied
15656000000,15654115794,2,0,156,15620000000,applied
15664000000,15662045435,2,1,156,15620000000,applied
15714000000,15713070630,1,2,157,15710000000,applied
15720000000,15718282754,1,0,157,15710000000,applied
15720000000,15719189485,0,2,157,15700000000,applied
15730000000,15728146478,0,1,157,15700000000,applied
15746000000,15744567680,2,1,157,15720000000,applied
15768000000,15767282529,2,0,157,15720000000,applied
15824000000,15822969802,2,1,158,15820000000,applied
15824000000,15823420427,0,2,158,15800000000,applied
15830000000,15828066402,0,1,158,15800000000,applied
15834000000,15833641616,1,2,158,15810000000,applied
15852000000,15850060477,1,0,158,15810000000,applied
15864000000,15863070608,2,0,158,15820000000,applied
15914000000,15912835176,0,1,159,15900000000,applied
15918000000,15916603693,0,2,159,15900000000,applied
15922000000,15921514715,1,2,159,15910000000,applied
15958000000,15956304633,2,0,159,15920000000,applied
15958000000,15957946135,2,1,159,15920000000,applied
15960000000,15958845394,1,0,159,15910000000,applied
16008000000,16006190843,0,2,160,16000000000,applied
16040000000,16038377670,1,0,160,16010000000,applied
16040000000,16038419489,0,1,160,16000000000,applied
16056000000,16054625378,2,1,160,16020000000,applied
16058000000,16056400816,1,2,160,16010000000,applied
16064000000,16063110953,2,0,160,16020000000,applied
16128000000,16127667872,0,2,161,16100000000,applied
16136000000,16134082961,1,2,161,16110000000,applied
16136000000,16134233068,2,0,161,16120000000,applied
16136000000,16135122566,2,1,161,16120000000,applied
16142000000,16141308116,0,1,161,16100000000,applied
16144000000,16142167753,1,0,161,16110000000,applied
16220000000,16218237926,1,0,162,16210000000,applied
16230000000,16229142727,2,0,162,16220000000,applied
16232000000,16231554199,1,2,162,16210000000,applied
16236000000,16234752241,0,1,162,16200000000,applied
16246000000,16244393354,0,2,162,16200000000,applied
16254000000,16252264312,2,1,162,16220000000,applied
16336000000,16335595052,1,0,163,16310000000,applied
16344000000,16342127361,0,2,163,16300000000,applied
16346000000,16345358944,0,1,163,16300000000,applied
16348000000,16346570695,2,1,163,16320000000,applied
16350000000,16349999657,1,2,163,16310000000,applied
16364000000,16363507605,2,0,163,16320000000,applied
16412000000,16410993380,0,1,164,16400000000,applied
16444000000,16442676152,0,2,164,16400000000,applied
16448000000,16446636325,2,0,164,16420000000,applied
16450000000,16448238415,2,1,164,16420000000,applied
16452000000,16451405507,1,0,164,16410000000,applied
16454000000,16453338472,1,2,164,16410000000,applied
16532000000,16530329243,2,1,165,16520000000,applied
16534000000,16533631535,0,1,165,16500000000,applied
16536000000,16534664569,1,0,165,16510000000,applied
16548000000,16546794244,2,0,165,16520000000,applied
16552000000,16550288159,0,2,165,16500000000,applied
16556000000,16555036170,1,2,165,16510000000,applied
16614000000,16613746835,0,1,166,16600000000,applied
16626000000,16625163591,2,1,166,16620000000,applied
16640000000,16639333315,1,0,166,16610000000,applied
16644000000,16642573985,0,2,166,16600000000,applied
16650000000,16648495335,1,2,166,16610000000,applied
16654000000,16653279073,2,0,166,16620000000,applied
16708000000,16707873588,0,1,167,16700000000,applied
16712000000,16711112250,1,0,167,16710000000,applied
16734000000,16732400516,1,2,167,16710000000,applied
16740000000,16738368364,0,2,167,16700000000,applied
16746000000,16745952330,2,1,167,16720000000,applied
16748000000,16746726867,2,0,167,16720000000,applied
16818000000,16817441355,0,2,168,16800000000,applied
16826000000,16824170754,0,1,168,16800000000,applied
16830000000,16829366085,2,1,168,16820000000,applied
16832000000,16831159834,1,2,168,16810000000,applied
16860000000,16859233139,1,0,168,16810000000,applied
16872000000,16870306879,2,0,168,16820000000,applied
16914000000,16913793358,1,2,169,16910000000,applied
16924000000,16922421264,0,1,169,16900000000,applied
16924000000,16922861598,2,1,169,16920000000,applied
16936000000,16934460039,0,2,169,16900000000,applied
16946000000,16945845170,1,0,169,16910000000,applied
16968000000,16966563231,2,0,169,16920000000,applied
17030000000,17028104995,2,1,170,17020000000,applied
17034000000,17032212856,0,1,170,17000000000,applied
17036000000,17034953756,2,0,170,17020000000,applied
17040000000,17038841008,0,2,170,17000000000,applied
17042000000,17040875229,1,2,170,17010000000,applied
17062000000,17060344600,1,0,170,17010000000,applied
17106000000,17104488571,0,2,171,17100000000,applied
17122000000,17121209609,1,2,171,17110000000,applied
17124000000,17123243416,0,1,171,17100000000,applied
17124000000,17123455123,1,0,171,17110000000,applied
17140000000,17139941309,2,0,171,17120000000,applied
17150000000,17148482234,2,1,171,17120000000,applied
17232000000,17231367412,1,2,172,17210000000,applied
17236000000,17235872473,0,1,172,17200000000,applied
17244000000,17242555729,0,2,172,17200000000,applied
17252000000,17250547670,1,0,172,17210000000,applied
17264000000,17262710109,2,0,172,17220000000,applied
17268000000,17266546877,2,1,172,17220000000,applied
17302000000,17300863774,0,2,173,17300000000,applied
17318000000,17316649005,1,0,173,17310000000,applied
17322000000,17320396730,0,1,173,17300000000,applied
17322000000,17321826809,2,0,173,17320000000,applied
17344000000,17343075421,1,2,173,17310000000,applied
17366000000,17364359949,2,1,173,17320000000,applied
17420000000,17418379491,1,0,174,17410000000,applied
17428000000,17426010716,0,1,174,17400000000,applied
17428000000,17426116211,2,0,174,17420000000,applied
17432000000,17431155237,1,2,174,17410000000,applied
17444000000,17443156781,2,1,174,17420000000,applied
17446000000,17445356420,0,2,174,17400000000,applied
17512000000,17511307851,0,2,175,17500000000,applied
17512000000,17511742421,0,1,175,17500000000,applied
17532000000,17531025409,2,1,175,17520000000,applied
17540000000,17539018241,1,2,175,17510000000,applied
17544000000,17542983382,2,0,175,17520000000,applied
17558000000,17556448175,1,0,175,17510000000,applied
17610000000,17609420497,0,1,176,17600000000,applied
17622000000,17620758808,0,2,176,17600000000,applied
17642000000,17641129894,1,2,176,17610000000,applied
17648000000,17646786557,1,0,176,17610000000,applied
17650000000,17648422228,2,0,176,17620000000,applied
17652000000,17650040317,2,1,176,17620000000,applied
17714000000,17712212662,1,2,177,17710000000,applied
17722000000,17721451683,0,1,177,17700000000,applied
17722000000,17721918791,2,1,177,17720000000,applied
17724000000,17722520623,2,0,177,17720000000,applied
17726000000,17724911233,0,2,177,17700000000,applied
17738000000,17736396223,1,0,177,17710000000,applied
17802000000,17801871187,0,2,178,17800000000,applied
17824000000,17823085551,1,0,178,17810000000,applied
17828000000,17826217487,0,1,178,17800000000,applied
17834000000,17833604990,1,2,178,17810000000,applied
17840000000,17838510742,2,0,178,17820000000,applied
17856000000,17854956772,2,1,178,17820000000,applied
17910000000,17908863259,0,1,179,17900000000,applied
17922000000,17920587656,2,1,179,17920000000,applied
17936000000,17934116010,1,2,179,17910000000,applied
17940000000,17938657112,0,2,179,17900000000,applied
17940000000,17939328082,1,0,179,17910000000,applied
17958000000,17957061261,2,0,179,17920000000,applied
18002000000,18001569670,0,1,180,18000000000,applied
18018000000,18017950423,1,2,180,18010000000,applied
18024000000,18023288642,2,1,180,18020000000,applied
18042000000,18040711132,1,0,180,18010000000,applied
18048000000,18046350366,0,2,180,18000000000,applied
18056000000,18055325724,2,0,180,18020000000,applied
18118000000,18117368407,1,0,181,18110000000,applied
18132000000,18130980467,1,2,181,18110000000,applied
18136000000,18134342010,0,2,181,18100000000,applied
18142000000,18141394696,2,1,181,18120000000,applied
18148000000,18146730115,0,1,181,18100000000,applied
18172000000,18170114920,2,0,181,18120000000,applied
18212000000,18211345935,0,2,182,18200000000,applied
18220000000,18219255322,0,1,182,18200000000,applied
18240000000,18239405038,2,1,182,18220000000,applied
18244000000,18243151912,2,0,182,18220000000,applied
18248000000,18247380571,1,2,182,18210000000,applied
18252000000,18251591571,1,0,182,18210000000,applied
18310000000,18308570675,0,1,183,18300000000,applied
18318000000,18316156020,0,2,183,18300000000,applied
18318000000,18317018364,1,0,183,18310000000,applied
18348000000,18347015068,2,0,183,18320000000,applied
18356000000,18355265898,1,2,183,18310000000,applied
18358000000,18356053583,2,1,183,18320000000,applied
18414000000,18413962400,0,1,184,18400000000,applied
18426000000,18424202735,2,0,184,18420000000,applied
18426000000,18424237617,1,2,184,18410000000,applied
18432000000,18431082920,0,2,184,18400000000,applied
18456000000,18454078948,1,0,184,18410000000,applied
18458000000,18457878388,2,1,184,18420000000,applied
18520000000,18519761068,1,2,185,18510000000,applied
18524000000,18522254964,0,2,185,18500000000,applied
18538000000,18537435926,0,1,185,18500000000,applied
18554000000,18552389835,2,1,185,18520000000,applied
18554000000,18552900733,2,0,185,18520000000,applied
18558000000,18556436680,1,0,185,18510000000,applied
18624000000,18622461340,1,0,186,18610000000,applied
18628000000,18626802081,2,0,186,18620000000,applied
18632000000,18630696166,0,1,186,18600000000,applied
18638000000,18636429999,0,2,186,18600000000,applied
18642000000,18641900466,1,2,186,18610000000,applied
18652000000,18651379982,2,1,186,18620000000,applied
18706000000,18704742247,0,2,187,18700000000,applied
18740000000,18739633685,1,2,187,18710000000,applied
18740000000,18739815302,2,0,187,18720000000,applied
18744000000,18743173345,0,1,187,18700000000,applied
18752000000,18751626640,2,1,187,18720000000,applied
18754000000,18752928164,1,0,187,18710000000,applied
18806000000,18804086459,0,1,188,18800000000,applied
18818000000,18817239910,1,2,188,18810000000,applied
18820000000,18818343937,1,0,188,18810000000,applied
18822000000,18821765159,0,2,188,18800000000,applied
18838000000,18837346997,2,1,188,18820000000,applied
18844000000,18842340925,2,0,188,18820000000,applied
18924000000,18922063521,1,2,189,18910000000,applied
18932000000,18930020708,0,2,189,18900000000,applied
18934000000,18933005407,0,1,189,18900000000,applied
18938000000,18936509986,2,0,189,18920000000,applied
18942000000,18940066090,2,1,189,18920000000,applied
18944000000,18942048089,1,0,189,18910000000,applied
19012000000,19011247794,1,0,190,19010000000,applied
19014000000,19013616582,0,1,190,19000000000,applied
19016000000,19015983583,0,2,190,19000000000,applied
19018000000,19017012662,1,2,190,19010000000,applied
19022000000,19020939613,2,1,190,19020000000,applied
19040000000,19039312623,2,0,190,19020000000,applied
19104000000,19103948275,0,2,191,19100000000,applied
19116000000,19114602005,1,0,191,19110000000,applied
19120000000,19118361092,1,2,191,19110000000,applied
19138000000,19136738027,0,1,191,19100000000,applied
19146000000,19144902441,2,0,191,19120000000,applied
19156000000,19155911338,2,1,191,19120000000,applied
19212000000,19211028723,0,1,192,19200000000,applied
19222000000,19220239792,0,2,192,19200000000,applied
19234000000,19233322042,1,2,192,19210000000,applied
19242000000,19241350610,2,1,192,19220000000,applied
19254000000,19253975300,2,0,192,19220000000,applied
19258000000,19257136502,1,0,192,19210000000,applied
19334000000,19332250878,1,0,193,19310000000,applied
19338000000,19336620364,2,0,193,19320000000,applied
19338000000,19337090236,0,2,193,19300000000,applied
19346000000,19345410208,1,2,193,19310000000,applied
19350000000,19348961407,2,1,193,19320000000,applied
19350000000,19349963114,0,1,193,19300000000,applied
19422000000,19421645200,1,2,194,19410000000,applied
19442000000,19441676683,0,2,194,19400000000,applied
19444000000,19443542733,0,1,194,19400000000,applied
19448000000,19447730218,2,1,194,19420000000,applied
19456000000,19455714258,1,0,194,19410000000,applied
19464000000,19462280834,2,0,194,19420000000,applied
19512000000,19510380542,0,2,195,19500000000,applied
19538000000,19536680119,0,1,195,19500000000,applied
19554000000,19552901120,1,0,195,19510000000,applied
19558000000,19557986420,1,2,195,19510000000,applied
19564000000,19563619614,2,0,195,19520000000,applied
19564000000,19563980523,2,1,195,19520000000,applied
19606000000,19605183938,0,1,196,19600000000,applied
19614000000,19612466900,1,2,196,19610000000,applied
19638000000,19636941265,1,0,196,19610000000,applied
19638000000,19637832003,0,2,196,19600000000,applied
19642000000,19640625832,2,1,196,19620000000,applied
19664000000,19663970812,2,0,196,19620000000,applied
19720000000,19719383336,1,0,197,19710000000,applied
19720000000,19719654536,0,2,197,19700000000,applied
19734000000,19733185862,2,0,197,19720000000,applied
19734000000,19733372628,0,1,197,19700000000,applied
19752000000,19750823462,1,2,197,19710000000,applied
19764000000,19763817006,2,1,197,19720000000,applied
19814000000,19813824559,1,0,198,19810000000,applied
19818000000,19816914298,0,1,198,19800000000,applied
19830000000,19828809421,0,2,198,19800000000,applied
19838000000,19837210267,1,2,198,19810000000,applied
19838000000,19837343791,2,1,198,19820000000,applied
19840000000,19839762499,2,0,198,19820000000,applied
19906000000,19904095890,0,1,199,19900000000,applied
19930000000,19928003727,2,1,199,19920000000,applied
19946000000,19945623304,0,2,199,19900000000,applied
19948000000,19947511785,1,2,199,19910000000,applied
19958000000,19956566310,1,0,199,19910000000,applied
19970000000,19969938127,2,0,199,19920000000,applied
20024000000,20022240662,1,0,200,20010000000,applied
20026000000,20025714943,2,1,200,20020000000,applied
20038000000,20036081872,0,1,200,20000000000,applied
20050000000,20048941870,0,2,200,20000000000,applied
20050000000,20049923171,2,0,200,20020000000,applied
20060000000,20059044567,1,2,200,20010000000,applied
20126000000,20124516046,0,1,201,20100000000,applied
20128000000,20127035079,0,2,201,20100000000,applied
20132000000,20131967749,1,0,201,20110000000,applied
20138000000,20137718131,2,1,201,20120000000,applied
20154000000,20152156663,1,2,201,20110000000,applied
20162000000,20161797959,2,0,201,20120000000,applied
20204000000,20202362433,0,1,202,20200000000,applied
20218000000,20217399156,1,0,202,20210000000,applied
20226000000,20224879656,2,0,202,20220000000,applied
20230000000,20228657999,0,2,202,20200000000,applied
20250000000,20248386959,1,2,202,20210000000,applied
20252000000,20251770895,2,1,202,20220000000,applied
20312000000,20310005078,0,2,203,20300000000,applied
20334000000,20332372133,1,2,203,20310000000,applied
20334000000,20332469489,2,0,203,20320000000,applied
20334000000,20332891654,1,0,203,20310000000,applied
20338000000,20336086844,2,1,203,20320000000,applied
20340000000,20339039524,0,1,203,20300000000,applied
20404000000,20402032963,0,1,204,20400000000,applied
20440000000,20439388989,1,2,204,20410000000,applied
20444000000,20443232515,0,2,204,20400000000,applied
20446000000,20445642616,1,0,204,20410000000,applied
20448000000,20447094525,2,0,204,20420000000,applied
20458000000,20456030770,2,1,204,20420000000,applied
20524000000,20523811429,1,0,205,20510000000,applied
20526000000,20525229817,0,2,205,20500000000,applied
20540000000,20538167421,1,2,205,20510000000,applied
20546000000,20544756451,0,1,205,20500000000,applied
20548000000,20546215190,2,1,205,20520000000,applied
20548000000,20547236409,2,0,205,20520000000,applied
20622000000,20620053328,0,2,206,20600000000,applied
20630000000,20628202960,2,1,206,20620000000,applied
20640000000,20639512771,0,1,206,20600000000,applied
20648000000,20647937649,2,0,206,20620000000,applied
20658000000,20656544183,1,0,206,20610000000,applied
20660000000,20658291734,1,2,206,20610000000,applied
20706000000,20705701175,0,2,207,20700000000,applied
20708000000,20707605933,0,1,207,20700000000,applied
20724000000,20722590804,2,0,207,20720000000,applied
20728000000,20727511278,2,1,207,20720000000,applied
20730000000,20728931022,1,0,207,20710000000,applied
20730000000,20729847685,1,2,207,20710000000,applied
20814000000,20813996982,1,2,208,20810000000,applied
20824000000,20822857716,0,2,208,20800000000,applied
20830000000,20828634430,0,1,208,20800000000,applied
20830000000,20829502998,1,0,208,20810000000,applied
20842000000,20841289432,2,1,208,20820000000,applied
20846000000,20844548915,2,0,208,20820000000,applied
20916000000,20914596821,0,1,209,20900000000,applied
20932000000,20930247282,1,0,209,20910000000,applied
20932000000,20931467982,2,1,209,20920000000,applied
20938000000,20937208295,0,2,209,20900000000,applied
20942000000,20941939257,2,0,209,20920000000,applied
20950000000,20949443798,1,2,209,20910000000,applied
21008000000,21007998063,0,2,210,21000000000,applied
21034000000,21033656806,1,2,210,21010000000,applied
21040000000,21039642455,2,0,210,21020000000,applied
21042000000,21041489789,1,0,210,21010000000,applied
21044000000,21042231636,0,1,210,21000000000,applied
21050000000,21049573138,2,1,210,21020000000,applied
21120000000,21119574739,0,1,211,21100000000,applied
21124000000,21122002067,0,2,211,21100000000,applied
21132000000,21131268283,2,0,211,21120000000,applied
21138000000,21136643251,1,0,211,21110000000,applied
21146000000,21144831680,2,1,211,21120000000,applied
21150000000,21149460711,1,2,211,21110000000,applied
21232000000,21231933063,2,1,212,21220000000,applied
21236000000,21234471517,0,2,212,21200000000,applied
21238000000,21236920065,2,0,212,21220000000,applied
21244000000,21242138273,1,2,212,21210000000,applied
21248000000,21246004826,0,1,212,21200000000,applied
21252000000,21251276094,1,0,212,21210000000,applied
21304000000,21303216620,0,1,213,21300000000,applied
21318000000,21316990557,1,0,213,21310000000,applied
21340000000,21339849273,0,2,213,21300000000,applied
21344000000,21342417004,2,0,213,21320000000,applied
21360000000,21358427004,2,1,213,21320000000,applied
21360000000,21359124333,1,2,213,21310000000,applied
21410000000,21409183792,0,2,214,21400000000,applied
21424000000,21423028302,0,1,214,21400000000,applied
21430000000,21429339910,1,2,214,21410000000,applied
21432000000,21430197643,1,0,214,21410000000,applied
21432000000,21431027654,2,0,214,21420000000,applied
21444000000,21443059692,2,1,214,21420000000,applied
21520000000,21518761796,1,2,215,21510000000,applied
21532000000,21531369949,1,0,215,21510000000,applied
21542000000,21541086677,2,1,215,21520000000,applied
21548000000,21546196062,0,1,215,21500000000,applied
21548000000,21546888698,0,2,215,21500000000,applied
21558000000,21557666727,2,0,215,21520000000,applied
21618000000,21617383875,0,1,216,21600000000,applied
21624000000,21622991852,2,1,216,21620000000,applied
21634000000,21633058643,1,2,216,21610000000,applied
21636000000,21634301782,0,2,216,21600000000,applied
21636000000,21635401217,1,0,216,21610000000,applied
21660000000,21659492663,2,0,216,21620000000,applied
21714000000,21712694313,1,2,217,21710000000,applied
21726000000,21724389977,2,1,217,21720000000,applied
21730000000,21729452965,2,0,217,21720000000,applied
21732000000,21731378370,0,1,217,21700000000,applied
21734000000,21733513074,0,2,217,21700000000,applied
21736000000,21735480514,1,0,217,21710000000,applied
21834000000,21832497109,0,1,218,21800000000,applied
21844000000,21842046883,0,2,218,21800000000,applied
21848000000,21847409074,1,0,218,21810000000,applied
21858000000,21856750424,2,0,218,21820000000,applied
21860000000,21859528430,1,2,218,21810000000,applied
21870000000,21868534242,2,1,218,21820000000,applied
21926000000,21925044089,0,1,219,21900000000,applied
21926000000,21925361821,0,2,219,21900000000,applied
21954000000,21952330595,1,0,219,21910000000,applied
21954000000,21953369803,2,1,219,21920000000,applied
21956000000,21955682505,1,2,219,21910000000,applied
21958000000,21957644773,2,0,219,21920000000,applied
22016000000,22014334706,0,1,220,22000000000,applied
22020000000,22019078467,1,0,220,22010000000,applied
22030000000,22028523380,1,2,220,22010000000,applied
22032000000,22031455631,2,1,220,22020000000,applied
22048000000,22046538800,0,2,220,22000000000,applied
22054000000,22052867803,2,0,220,22020000000,applied
22120000000,22119578770,0,2,221,22100000000,applied
22128000000,22127426765,0,1,221,22100000000,applied
22136000000,22135379209,1,0,221,22110000000,applied
22142000000,22141680251,2,0,221,22120000000,applied
22146000000,22144694975,2,1,221,22120000000,applied
22158000000,22157057871,1,2,221,22110000000,applied
22214000000,22212371350,0,1,222,22200000000,applied
22214000000,22213609657,0,2,222,22200000000,applied
22224000000,22222816246,1,2,222,22210000000,applied
22236000000,22235267613,2,1,222,22220000000,applied
22248000000,22246511777,1,0,222,22210000000,applied
22268000000,22266061154,2,0,222,22220000000,applied
22302000000,22300637631,0,2,223,22300000000,applied
22304000000,22303535589,0,1,223,22300000000,applied
22332000000,22330513338,1,2,223,22310000000,applied
22336000000,22335401972,1,0,223,22310000000,applied
22354000000,22352300064,2,0,223,22320000000,applied
22360000000,22359710144,2,1,223,22320000000,applied
22408000000,22406188708,0,2,224,22400000000,applied
22422000000,22420343644,1,2,224,22410000000,applied
22428000000,22426757151,1,0,224,22410000000,applied
22442000000,22441084260,2,0,224,22420000000,applied
22448000000,22447668247,0,1,224,22400000000,applied
22452000000,22451354123,2,1,224,22420000000,applied
22512000000,22510164505,0,1,225,22500000000,applied
22530000000,22529581493,1,0,225,22510000000,applied
22540000000,22538680114,0,2,225,22500000000,applied
22542000000,22541504167,2,0,225,22520000000,applied
22546000000,22544862415,2,1,225,22520000000,applied
22558000000,22557374287,1,2,225,22510000000,applied
22602000000,22600701469,0,2,226,22600000000,applied
22628000000,22627737966,2,1,226,22620000000,applied
22638000000,22637866837,0,1,226,22600000000,applied
22638000000,22637959302,1,2,226,22610000000,applied
22658000000,22657845982,2,0,226,22620000000,applied
22660000000,22658300111,1,0,226,22610000000,applied
22708000000,22707817011,0,1,227,22700000000,applied
22712000000,22711615993,1,0,227,22710000000,applied
22730000000,22728893570,1,2,227,22710000000,applied
22734000000,22733140629,0,2,227,22700000000,applied
22746000000,22745017875,2,0,227,22720000000,applied
22760000000,22758476884,2,1,227,22720000000,applied
22804000000,22802672322,0,1,228,22800000000,applied
22824000000,22822333266,2,1,228,22820000000,applied
22840000000,22838536245,0,2,228,22800000000,applied
22842000000,22840588809,1,2,228,22810000000,applied
22852000000,22850048886,2,0,228,22820000000,applied
22858000000,22856722933,1,0,228,22810000000,applied
22926000000,22924056037,1,0,229,22910000000,applied
22926000000,22924853976,2,1,229,22920000000,applied
22934000000,22933770551,0,1,229,22900000000,applied
22936000000,22934259790,2,0,229,22920000000,applied
22936000000,22934328838,1,2,229,22910000000,applied
22942000000,22941457466,0,2,229,22900000000,applied
23012000000,23010617498,0,2,230,23000000000,applied
23022000000,23020492250,1,0,230,23010000000,applied
23034000000,23032128798,0,1,230,23000000000,applied
23034000000,23033018164,2,1,230,23020000000,applied
23040000000,23038538978,2,0,230,23020000000,applied
23060000000,23058702940,1,2,230,23010000000,applied
23110000000,23109210957,0,2,231,23100000000,applied
23120000000,23118094348,1,2,231,23110000000,applied
23124000000,23123796079,2,0,231,23120000000,applied
23126000000,23125329781,1,0,231,23110000000,applied
23150000000,23149112756,0,1,231,23100000000,applied
23158000000,23157009252,2,1,231,23120000000,applied
23208000000,23207194228,0,1,232,23200000000,applied
23212000000,23210773551,1,0,232,23210000000,applied
23226000000,23224308144,2,1,232,23220000000,applied
23228000000,23226447390,0,2,232,23200000000,applied
23234000000,23232258625,2,0,232,23220000000,applied
23252000000,23250561862,1,2,232,23210000000,applied
23326000000,23324235269,0,1,233,23300000000,applied
23326000000,23324304465,2,0,233,23320000000,applied
23338000000,23336710941,1,0,233,23310000000,applied
23352000000,23350102038,0,2,233,23300000000,applied
23358000000,23357250857,1,2,233,23310000000,applied
23368000000,23367276609,2,1,233,23320000000,applied
23420000000,23418670624,0,1,234,23400000000,applied
23424000000,23422483698,0,2,234,23400000000,applied
23426000000,23424717896,1,2,234,23410000000,applied
23428000000,23426909022,1,0,234,23410000000,applied
23454000000,23453256650,2,1,234,23420000000,applied
23460000000,23459114559,2,0,234,23420000000,applied
23502000000,23501679234,0,1,235,23500000000,applied
23512000000,23510538556,1,0,235,23510000000,applied
23512000000,23511650154,1,2,235,23510000000,applied
23516000000,23514993755,0,2,235,23500000000,applied
23534000000,23533089734,2,0,235,23520000000,applied
23564000000,23563604805,2,1,235,23520000000,applied
23604000000,23603891523,0,1,236,23600000000,applied
23620000000,23618930089,0,2,236,23600000000,applied
23644000000,23643742537,2,0,236,23620000000,applied
23652000000,23650899266,2,1,236,23620000000,applied
23652000000,23651039091,1,0,236,23610000000,applied
23652000000,23651303178,1,2,236,23610000000,applied
23726000000,23724826941,0,1,237,23700000000,applied
23734000000,23732268639,0,2,237,23700000000,applied
23736000000,23735851298,2,0,237,23720000000,applied
23744000000,23742334624,2,1,237,23720000000,applied
23750000000,23748949960,1,2,237,23710000000,applied
23758000000,23756983038,1,0,237,23710000000,applied
23804000000,23803198093,0,2,238,23800000000,applied
23830000000,23828362255,1,2,238,23810000000,applied
23834000000,23832454197,0,1,238,23800000000,applied
23840000000,23838675052,2,1,238,23820000000,applied
23850000000,23849759151,2,0,238,23820000000,applied
23860000000,23858694688,1,0,238,23810000000,applied
23918000000,23916096429,0,2,239,23900000000,applied
23934000000,23932776497,2,1,239,23920000000,applied
23940000000,23939979048,2,0,239,23920000000,applied
23942000000,23940068031,1,2,239,23910000000,applied
23946000000,23945007110,0,1,239,23900000000,applied
23948000000,23946128749,1,0,239,23910000000,applied
24018000000,24016213891,0,1,240,24000000000,applied
24030000000,24029078047,1,2,240,24010000000,applied
24038000000,24037991679,1,0,240,24010000000,applied
24048000000,24046358712,2,0,240,24020000000,applied
24048000000,24046880882,0,2,240,24000000000,applied
24066000000,24064202789,2,1,240,24020000000,applied
24130000000,24129671411,0,1,241,24100000000,applied
24130000000,24129733883,1,0,241,24110000000,applied
24136000000,24134820096,0,2,241,24100000000,applied
24144000000,24142554305,2,0,241,24120000000,applied
24158000000,24156819896,1,2,241,24110000000,applied
24166000000,24164294224,2,1,241,24120000000,applied
24216000000,24215800149,0,2,242,24200000000,applied
24226000000,24224768284,0,1,242,24200000000,applied
24234000000,24233631812,2,1,242,24220000000,applied
24244000000,24243983525,1,0,242,24210000000,applied
24248000000,24246554543,1,2,242,24210000000,applied
24262000000,24261265424,2,0,242,24220000000,applied
24326000000,24324387936,1,0,243,24310000000,applied
24330000000,24328035444,2,0,243,24320000000,applied
24330000000,24328428582,0,1,243,24300000000,applied
24330000000,24329112466,0,2,243,24300000000,applied
24334000000,24333139044,1,2,243,24310000000,applied
24344000000,24343222785,2,1,243,24320000000,applied
24414000000,24412813549,0,2,244,24400000000,applied
24422000000,24421512114,1,2,244,24410000000,applied
24430000000,24428547677,2,0,244,24420000000,applied
24438000000,24436727665,0,1,244,24400000000,applied
24448000000,24447862246,1,0,244,24410000000,applied
24456000000,24454760343,2,1,244,24420000000,applied
24520000000,24519613600,1,0,245,24510000000,applied
24524000000,24522102268,0,1,245,24500000000,applied
24548000000,24546593943,0,2,245,24500000000,applied
24558000000,24557519323,1,2,245,24510000000,applied
24562000000,24561693415,2,1,245,24520000000,applied
24566000000,24565586996,2,0,245,24520000000,applied
24608000000,24606559619,0,2,246,24600000000,applied
24610000000,24609059406,0,1,246,24600000000,applied
24638000000,24636785373,1,2,246,24610000000,applied
24650000000,24648808307,1,0,246,24610000000,applied
24652000000,24650159675,2,1,246,24620000000,applied
24670000000,24668938682,2,0,246,24620000000,applied
24704000000,24702171928,0,1,247,24700000000,applied
24714000000,24713546377,1,2,247,24710000000,applied
24720000000,24718562430,0,2,247,24700000000,applied
24728000000,24726901106,2,1,247,24720000000,applied
24754000000,24752293062,2,0,247,24720000000,applied
24754000000,24753799220,1,0,247,24710000000,applied
24830000000,24829561584,0,1,248,24800000000,applied
24832000000,24830398203,1,2,248,24810000000,applied
24832000000,24831778857,2,0,248,24820000000,applied
24842000000,24841253398,1,0,248,24810000000,applied
24848000000,24847108526,0,2,248,24800000000,applied
24860000000,24858214101,2,1,248,24820000000,applied
24922000000,24920232561,1,2,249,24910000000,applied
24928000000,24926084327,1,0,249,24910000000,applied
24940000000,24938449586,0,2,249,24900000000,applied
24948000000,24946256932,2,1,249,24920000000,applied
24950000000,24948794309,0,1,249,24900000000,applied
24966000000,24964472855,2,0,249,24920000000,applied
25022000000,25020574165,1,2,250,25010000000,applied
25026000000,25024723599,0,2,250,25000000000,applied
25038000000,25037915081,1,0,250,25010000000,applied
25042000000,25040436229,0,1,250,25000000000,applied
25056000000,25055064887,2,0,250,25020000000,applied
25064000000,25062972317,2,1,250,25020000000,applied
25136000000,25134189401,2,1,251,25120000000,applied
25138000000,25136678310,0,2,251,25100000000,applied
25144000000,25142323584,0,1,251,25100000000,applied
25146000000,25144699590,1,0,251,25110000000,applied
25154000000,25153930731,2,0,251,25120000000,applied
25158000000,25156644299,1,2,251,25110000000,applied
25222000000,25221631409,0,1,252,25200000000,applied
25244000000,25243246273,2,1,252,25220000000,applied
25248000000,25246921666,1,2,252,25210000000,applied
25250000000,25248392853,0,2,252,25200000000,applied
25252000000,25251527526,2,0,252,25220000000,applied
25254000000,25252246099,1,0,252,25210000000,applied
25328000000,25327644444,0,1,253,25300000000,applied
25332000000,25330723661,1,0,253,25310000000,applied
25340000000,25339431043,2,0,253,25320000000,applied
25350000000,25349276142,2,1,253,25320000000,applied
25350000000,25349536780,0,2,253,25300000000,applied
25358000000,25356327358,1,2,253,25310000000,applied
25412000000,25411205027,0,1,254,25400000000,applied
25420000000,25418686319,1,2,254,25410000000,applied
25434000000,25433042951,0,2,254,25400000000,applied
25446000000,25445836532,1,0,254,25410000000,applied
25458000000,25457472619,2,0,254,25420000000,applied
25468000000,25466727412,2,1,254,25420000000,applied
25522000000,25521478685,2,0,255,25520000000,applied
25532000000,25530144441,0,2,255,25500000000,applied
25532000000,25531078848,1,2,255,25510000000,applied
25540000000,25539644872,0,1,255,25500000000,applied
25548000000,25546648685,1,0,255,25510000000,applied
25558000000,25556566399,2,1,255,25520000000,applied
25622000000,25621609162,2,1,256,25620000000,applied
25624000000,25622109029,2,0,256,25620000000,applied
25626000000,25624821205,0,2,256,25600000000,applied
25632000000,25630722600,0,1,256,25600000000,applied
25636000000,25634826955,1,0,256,25610000000,applied
25652000000,25651286718,1,2,256,25610000000,applied
25712000000,25710678041,1,0,257,25710000000,applied
25714000000,25712817968,0,2,257,25700000000,applied
25724000000,25722128894,0,1,257,25700000000,applied
25758000000,25757945917,1,2,257,25710000000,applied
25764000000,25762106047,2,1,257,25720000000,applied
25770000000,25768018904,2,0,257,25720000000,applied
25820000000,25818244447,0,1,258,25800000000,applied
25820000000,25818254030,0,2,258,25800000000,applied
25826000000,25824947264,1,0,258,25810000000,applied
25848000000,25846302851,2,1,258,25820000000,applied
25858000000,25856782482,1,2,258,25810000000,applied
25866000000,25865350173,2,0,258,25820000000,applied
25910000000,25909137956,0,2,259,25900000000,applied
25920000000,25919127352,0,1,259,25900000000,applied
25922000000,25920717401,2,1,259,25920000000,applied
25926000000,25925237334,2,0,259,25920000000,applied
25938000000,25937198918,1,0,259,25910000000,applied
25944000000,25943830210,1,2,259,25910000000,applied
26022000000,26020905527,0,2,260,26000000000,applied
26028000000,26026718399,0,1,260,26000000000,applied
26036000000,26035666636,1,0,260,26010000000,applied
26044000000,26043604911,1,2,260,26010000000,applied
26046000000,26045860355,2,1,260,26020000000,applied
26054000000,26052755351,2,0,260,26020000000,applied
26120000000,26118285590,0,1,261,26100000000,applied
26140000000,26138019950,1,0,261,26110000000,applied
26144000000,26142480551,0,2,261,26100000000,applied
26144000000,26143502633,1,2,261,26110000000,applied
26152000000,26151693136,2,0,261,26120000000,applied
26168000000,26167543975,2,1,261,26120000000,applied
26202000000,26200564136,0,1,262,26200000000,applied
26226000000,26224698148,1,2,262,26210000000,applied
26232000000,26230874390,2,0,262,26220000000,applied
26240000000,26238976437,1,0,262,26210000000,applied
26246000000,26245400258,0,2,262,26200000000,applied
26268000000,26266493509,2,1,262,26220000000,applied
26318000000,26316060925,0,2,263,26300000000,applied
26334000000,26333189280,0,1,263,26300000000,applied
26338000000,26336304183,1,0,263,26310000000,applied
26356000000,26354180459,2,1,263,26320000000,applied
26360000000,26359122782,2,0,263,26320000000,applied
26360000000,26359964751,1,2,263,26310000000,applied
26404000000,26403263378,0,1,264,26400000000,applied
26438000000,26436765028,0,2,264,26400000000,applied
26456000000,26454764542,1,2,264,26410000000,applied
26458000000,26457438054,2,1,264,26420000000,applied
26460000000,26458510132,1,0,264,26410000000,applied
26462000000,26461806517,2,0,264,26420000000,applied
26502000000,26500814764,0,1,265,26500000000,applied
26532000000,26531276459,0,2,265,26500000000,applied
26534000000,26532364868,2,0,265,26520000000,applied
26540000000,26538342173,1,0,265,26510000000,applied
26546000000,26545953980,1,2,265,26510000000,applied
26558000000,26557767058,2,1,265,26520000000,applied
26610000000,26609767491,0,2,266,26600000000,applied
26612000000,26611188620,0,1,266,26600000000,applied
26618000000,26616886978,1,0,266,26610000000,applied
26636000000,26634161444,1,2,266,26610000000,applied
26644000000,26642712041,2,1,266,26620000000,applied
26648000000,26646341382,2,0,266,26620000000,applied
26738000000,26737161977,2,0,267,26720000000,applied
26740000000,26738999653,0,1,267,26700000000,applied
26740000000,26739549539,1,0,267,26710000000,applied
26740000000,26739673246,0,2,267,26700000000,applied
26752000000,26750510114,2,1,267,26720000000,applied
26760000000,26758590250,1,2,267,26710000000,applied
26824000000,26822201641,1,0,268,26810000000,applied
26832000000,26831184246,0,1,268,26800000000,applied
26832000000,26831937182,0,2,268,26800000000,applied
26834000000,26833442048,1,2,268,26810000000,applied
26840000000,26838606806,2,1,268,26820000000,applied
26862000000,26861772802,2,0,268,26820000000,applied
26904000000,26902583946,0,1,269,26900000000,applied
26942000000,26940208804,0,2,269,26900000000,applied
26944000000,26942893995,2,1,269,26920000000,applied
26952000000,26950846413,2,0,269,26920000000,applied
26954000000,26953570728,1,2,269,26910000000,applied
26960000000,26958044796,1,0,269,26910000000,applied
27012000000,27010001421,0,1,270,27000000000,applied
27034000000,27033433411,0,2,270,27000000000,applied
27042000000,27040313286,2,1,270,27020000000,applied
27046000000,27045369304,2,0,270,27020000000,applied
27058000000,27057316950,1,2,270,27010000000,applied
27062000000,27060371223,1,0,270,27010000000,applied
27104000000,27103446228,0,2,271,27100000000,applied
27128000000,27127251051,1,2,271,27110000000,applied
27142000000,27140919333,2,1,271,27120000000,applied
27142000000,27141815482,0,1,271,27100000000,applied
27154000000,27152953157,2,0,271,27120000000,applied
27160000000,27159703429,1,0,271,27110000000,applied
27212000000,27211005130,0,2,272,27200000000,applied
27232000000,27230320147,1,0,272,27210000000,applied
27234000000,27233520109,2,1,272,27220000000,applied
27246000000,27245414524,0,1,272,27200000000,applied
27248000000,27247372165,1,2,272,27210000000,applied
27266000000,27265397029,2,0,272,27220000000,applied
27330000000,27329612532,1,2,273,27310000000,applied
27340000000,27339657634,0,2,273,27300000000,applied
27346000000,27344041135,1,0,273,27310000000,applied
27350000000,27349381876,0,1,273,27300000000,applied
27360000000,27358844688,2,0,273,27320000000,applied
27368000000,27366147960,2,1,273,27320000000,applied
27406000000,27405409915,0,1,274,27400000000,applied
27416000000,27415776267,1,0,274,27410000000,applied
27418000000,27417355336,0,2,274,27400000000,applied
27430000000,27428338888,2,1,274,27420000000,applied
27442000000,27440907091,1,2,274,27410000000,applied
27448000000,27447139843,2,0,274,27420000000,applied
27520000000,27519599445,0,2,275,27500000000,applied
27526000000,27525175016,1,2,275,27510000000,applied
27530000000,27529259439,0,1,275,27500000000,applied
27546000000,27544549782,2,1,275,27520000000,applied
27556000000,27555608944,1,0,275,27510000000,applied
27562000000,27561061243,2,0,275,27520000000,applied
27622000000,27620391561,0,1,276,27600000000,applied
27624000000,27622751455,0,2,276,27600000000,applied
27632000000,27631197955,2,0,276,27620000000,applied
27632000000,27631958273,1,2,276,27610000000,applied
27636000000,27634469547,2,1,276,27620000000,applied
27644000000,27642242054,1,0,276,27610000000,applied
27702000000,27700920632,0,2,277,27700000000,applied
27726000000,27725300874,0,1,277,27700000000,applied
27734000000,27732073139,1,0,277,27710000000,applied
27742000000,27740939484,2,0,277,27720000000,applied
27748000000,27746030700,2,1,277,27720000000,applied
27762000000,27760209702,1,2,277,27710000000,applied
27812000000,27811159873,1,2,278,27810000000,applied
27816000000,27815477541,1,0,278,27810000000,applied
27824000000,27822062999,2,1,278,27820000000,applied
27830000000,27829614417,2,0,278,27820000000,applied
27836000000,27835857761,0,1,278,27800000000,applied
27838000000,27837428924,0,2,278,27800000000,applied
27920000000,27919616794,0,1,279,27900000000,applied
27920000000,27919902619,0,2,279,27900000000,applied
27928000000,27926831514,1,2,279,27910000000,applied
27940000000,27939160776,1,0,279,27910000000,applied
27952000000,27951304397,2,0,279,27920000000,applied
27962000000,27960520442,2,1,279,27920000000,applied
28016000000,28015101342,1,2,280,28010000000,applied
28030000000,28029362460,2,0,280,28020000000,applied
28032000000,28030254134,2,1,280,28020000000,applied
28032000000,28031457775,0,2,280,28000000000,applied
28046000000,28044555517,0,1,280,28000000000,applied
28056000000,28055767688,1,0,280,28010000000,applied
28114000000,28113966295,0,2,281,28100000000,applied
28132000000,28130984141,0,1,281,28100000000,applied
28136000000,28134072427,2,1,281,28120000000,applied
28146000000,28145410548,1,0,281,28110000000,applied
28150000000,28149480372,2,0,281,28120000000,applied
28160000000,28159813882,1,2,281,28110000000,applied
28230000000,28228712545,0,2,282,28200000000,applied
28232000000,28230989052,1,2,282,28210000000,applied
28242000000,28240437695,0,1,282,28200000000,applied
28248000000,28247971038,1,0,282,28210000000,applied
28258000000,28257870840,2,1,282,28220000000,applied
28270000000,28269991118,2,0,282,28220000000,applied
28304000000,28302616851,0,1,283,28300000000,applied
28326000000,28325666199,2,1,283,28320000000,applied
28334000000,28332500140,2,0,283,28320000000,applied
28344000000,28343847015,0,2,283,28300000000,applied
28352000000,28351663643,1,2,283,28310000000,applied
28360000000,28358177170,1,0,283,28310000000,applied
28412000000,28410537043,1,2,284,28410000000,applied
28414000000,28413576640,0,1,284,28400000000,applied
28440000000,28438092885,2,1,284,28420000000,applied
28440000000,28439637906,0,2,284,28400000000,applied
28442000000,28440241361,2,0,284,28420000000,applied
28454000000,28453151882,1,0,284,28410000000,applied
28518000000,28517682095,1,2,285,28510000000,applied
28530000000,28528212040,2,1,285,28520000000,applied
28532000000,28530011159,0,2,285,28500000000,applied
28544000000,28542629925,0,1,285,28500000000,applied
28552000000,28551065274,1,0,285,28510000000,applied
28558000000,28556702721,2,0,285,28520000000,applied
28612000000,28611313142,1,0,286,28610000000,applied
28616000000,28614387821,0,1,286,28600000000,applied
28628000000,28627471873,0,2,286,28600000000,applied
28646000000,28644918893,1,2,286,28610000000,applied
28648000000,28646319973,2,1,286,28620000000,applied
28650000000,28649122899,2,0,286,28620000000,applied
28720000000,28718321425,1,2,287,28710000000,applied
28728000000,28726270934,0,1,287,28700000000,applied
28728000000,28727406320,1,0,287,28710000000,applied
28730000000,28728015637,0,2,287,28700000000,applied
28748000000,28747269890,2,1,287,28720000000,applied
28760000000,28758403881,2,0,287,28720000000,applied
28826000000,28824360991,0,1,288,28800000000,applied
28836000000,28835306471,0,2,288,28800000000,applied
28844000000,28843842981,1,2,288,28810000000,applied
28854000000,28853610684,2,0,288,28820000000,applied
28858000000,28856369419,2,1,288,28820000000,applied
28858000000,28857449884,1,0,288,28810000000,applied
28902000000,28901940506,0,1,289,28900000000,applied
28916000000,28914722529,0,2,289,28900000000,applied
28916000000,28915238919,1,2,289,28910000000,applied
28922000000,28920037230,1,0,289,28910000000,applied
28934000000,28932320176,2,0,289,28920000000,applied
28940000000,28939395929,2,1,289,28920000000,applied
29022000000,29021008420,0,1,290,29000000000,applied
29024000000,29022598596,2,0,290,29020000000,applied
29036000000,29034184451,2,1,290,29020000000,applied
29038000000,29036857878,1,0,290,29010000000,applied
29042000000,29041298196,0,2,290,29000000000,applied
29054000000,29053465433,1,2,290,29010000000,applied
29112000000,29110337478,0,1,291,29100000000,applied
29116000000,29114964522,0,2,291,29100000000,applied
29122000000,29120859526,1,2,291,29110000000,applied
29142000000,29141400026,1,0,291,29110000000,applied
29146000000,29144778781,2,1,291,29120000000,applied
29146000000,29145146039,2,0,291,29120000000,applied
29212000000,29210575543,1,0,292,29210000000,applied
29224000000,29223028176,0,1,292,29200000000,applied
29224000000,29223944317,1,2,292,29210000000,applied
29238000000,29236164494,0,2,292,29200000000,applied
29240000000,29239576520,2,0,292,29220000000,applied
29262000000,29261340727,2,1,292,29220000000,applied
29326000000,29325278753,1,0,293,29310000000,applied
29336000000,29335278347,0,2,293,29300000000,applied
29338000000,29337305107,0,1,293,29300000000,applied
29344000000,29342079956,1,2,293,29310000000,applied
29350000000,29348391683,2,0,293,29320000000,applied
29358000000,29357451841,2,1,293,29320000000,applied
29412000000,29411256368,0,1,294,29400000000,applied
29426000000,29425845410,0,2,294,29400000000,applied
29428000000,29427813031,1,0,294,29410000000,applied
29446000000,29444455324,1,2,294,29410000000,applied
29454000000,29452273109,2,1,294,29420000000,applied
29464000000,29462480231,2,0,294,29420000000,applied
29534000000,29533462654,2,1,295,29520000000,applied
29534000000,29533899922,0,2,295,29500000000,applied
29540000000,29538081246,0,1,295,29500000000,applied
29540000000,29539995002,1,2,295,29510000000,applied
29548000000,29546068172,1,0,295,29510000000,applied
29554000000,29552840528,2,0,295,29520000000,applied
29612000000,29611426604,0,1,296,29600000000,applied
29614000000,29613291021,1,2,296,29610000000,applied
29622000000,29621159505,2,0,296,29620000000,applied
29622000000,29621873383,0,2,296,29600000000,applied
29634000000,29633356413,2,1,296,29620000000,applied
29660000000,29659088063,1,0,296,29610000000,applied
29706000000,29705511548,0,1,297,29700000000,applied
29724000000,29722339597,2,0,297,29720000000,applied
29726000000,29724290031,1,2,297,29710000000,applied
29726000000,29724622527,2,1,297,29720000000,applied
29732000000,29730142612,0,2,297,29700000000,applied
29750000000,29749215717,1,0,297,29710000000,applied
29822000000,29820321042,1,2,298,29810000000,applied
29822000000,29821005293,2,1,298,29820000000,applied
29832000000,29830884054,0,2,298,29800000000,applied
29842000000,29840144291,2,0,298,29820000000,applied
29842000000,29841403483,0,1,298,29800000000,applied
29858000000,29856536763,1,0,298,29810000000,applied
29906000000,29904693773,0,2,299,29900000000,applied
29912000000,29911436218,1,2,299,29910000000,applied
29918000000,29916428875,1,0,299,29910000000,applied
29934000000,29933953462,2,1,299,29920000000,applied
29942000000,29940525772,0,1,299,29900000000,applied
29950000000,29949399841,2,0,299,29920000000,applied
30002000000,30001181203,0,1,300,30000000000,applied
30018000000,30017252382,0,2,300,30000000000,applied
30022000000,30021202275,1,0,300,30010000000,applied
30024000000,30023696401,2,1,300,30020000000,applied
30026000000,30025338309,1,2,300,30010000000,applied
30026000000,30025982963,2,0,300,30020000000,applied
30112000000,30111553973,1,2,301,30110000000,applied
30114000000,30112952781,0,1,301,30100000000,applied
30134000000,30132341939,1,0,301,30110000000,applied
30144000000,30142606983,2,1,301,30120000000,applied
30146000000,30145570169,2,0,301,30120000000,applied
30148000000,30146568908,0,2,301,30100000000,applied
30214000000,30213160976,0,2,302,30200000000,applied
30224000000,30223753652,2,1,302,30220000000,applied
30230000000,30228057699,0,1,302,30200000000,applied
30236000000,30234673788,1,0,302,30210000000,applied
30254000000,30252305728,2,0,302,30220000000,applied
30254000000,30253112481,1,2,302,30210000000,applied
30308000000,30307263535,0,2,303,30300000000,applied
30318000000,30317592546,0,1,303,30300000000,applied
30322000000,30321994300,1,0,303,30310000000,applied
30358000000,30356969657,2,0,303,30320000000,applied
30358000000,30357961450,1,2,303,30310000000,applied
30368000000,30367318193,2,1,303,30320000000,applied
30406000000,30405524935,0,2,304,30400000000,applied
30428000000,30426661373,2,0,304,30420000000,applied
30440000000,30438283030,0,1,304,30400000000,applied
30448000000,30446722822,1,0,304,30410000000,applied
30460000000,30458040125,1,2,304,30410000000,applied
30466000000,30464287271,2,1,304,30420000000,applied
30514000000,30513762783,1,0,305,30510000000,applied
30516000000,30515320393,0,1,305,30500000000,applied
30522000000,30520667254,2,0,305,30520000000,applied
30522000000,30521886044,0,2,305,30500000000,applied
30540000000,30538394225,1,2,305,30510000000,applied
30560000000,30559664391,2,1,305,30520000000,applied
30608000000,30606725748,0,1,306,30600000000,applied
30622000000,30621601129,0,2,306,30600000000,applied
30624000000,30623316104,2,0,306,30620000000,applied
30632000000,30631314117,1,0,306,30610000000,applied
30648000000,30646631567,2,1,306,30620000000,applied
30654000000,30653540750,1,2,306,30610000000,applied
30712000000,30710868735,0,1,307,30700000000,applied
30726000000,30725998777,0,2,307,30700000000,applied
30738000000,30737886877,2,1,307,30720000000,applied
30748000000,30746036196,1,0,307,30710000000,applied
30750000000,30748941303,1,2,307,30710000000,applied
30768000000,30766261732,2,0,307,30720000000,applied
30810000000,30808036393,0,2,308,30800000000,applied
30826000000,30824643464,0,1,308,30800000000,applied
30828000000,30827307192,2,0,308,30820000000,applied
30838000000,30836780884,1,0,308,30810000000,applied
30846000000,30845708995,1,2,308,30810000000,applied
30870000000,30868526399,2,1,308,30820000000,applied
30928000000,30927381877,1,0,309,30910000000,applied
30938000000,30937866599,0,2,309,30900000000,applied
30940000000,30938403152,2,1,309,30920000000,applied
30940000000,30939625914,1,2,309,30910000000,applied
30950000000,30949227209,2,0,309,30920000000,applied
30950000000,30949269618,0,1,309,30900000000,applied
31010000000,31009805202,0,1,310,31000000000,applied
31018000000,31016799759,1,0,310,31010000000,applied
31018000000,31017976651,0,2,310,31000000000,applied
31028000000,31026160187,2,0,310,31020000000,applied
31028000000,31027539380,2,1,310,31020000000,applied
31034000000,31032725997,1,2,310,31010000000,applied
31110000000,31109735048,0,2,311,31100000000,applied
31116000000,31115602812,1,2,311,31110000000,applied
31122000000,31120107018,1,0,311,31110000000,applied
31124000000,31123457428,0,1,311,31100000000,applied
31128000000,31127201511,2,1,311,31120000000,applied
31150000000,31148175759,2,0,311,31120000000,applied
31214000000,31213254842,1,2,312,31210000000,applied
31244000000,31243260074,2,1,312,31220000000,applied
31244000000,31243643801,2,0,312,31220000000,applied
31246000000,31244755816,0,2,312,31200000000,applied
31250000000,31248092361,0,1,312,31200000000,applied
31250000000,31248952064,1,0,312,31210000000,applied
31322000000,31320965495,1,2,313,31310000000,applied
31328000000,31326677910,0,1,313,31300000000,applied
31342000000,31340155392,2,1,313,31320000000,applied
31342000000,31340943645,2,0,313,31320000000,applied
31348000000,31346207383,0,2,313,31300000000,applied
31356000000,31354181136,1,0,313,31310000000,applied
31432000000,31430901523,0,1,314,31400000000,applied
31436000000,31434165638,2,1,314,31420000000,applied
31444000000,31442133417,0,2,314,31400000000,applied
31456000000,31454547900,1,2,314,31410000000,applied
31458000000,31457800417,1,0,314,31410000000,applied
31470000000,31468099708,2,0,314,31420000000,applied
31514000000,31513156919,1,0,315,31510000000,applied
31524000000,31522450343,2,1,315,31520000000,applied
31534000000,31532054947,2,0,315,31520000000,applied
31536000000,31535069343,0,2,315,31500000000,applied
31538000000,31536532363,0,1,315,31500000000,applied
31556000000,31555345940,1,2,315,31510000000,applied
31624000000,31622812084,1,2,316,31610000000,applied
31626000000,31624175769,2,1,316,31620000000,applied
31628000000,31627277750,0,2,316,31600000000,applied
31640000000,31638096590,0,1,316,31600000000,applied
31654000000,31652652625,2,0,316,31620000000,applied
31658000000,31656423579,1,0,316,31610000000,applied
31736000000,31734368716,0,1,317,31700000000,applied
31740000000,31739636406,0,2,317,31700000000,applied
31752000000,31750455848,2,0,317,31720000000,applied
31754000000,31752297193,1,2,317,31710000000,applied
31756000000,31755135534,1,0,317,31710000000,applied
31758000000,31756385686,2,1,317,31720000000,applied
31834000000,31833995384,2,0,318,31820000000,applied
31836000000,31835110477,2,1,318,31820000000,applied
31838000000,31837628277,0,1,318,31800000000,applied
31842000000,31840015309,0,2,318,31800000000,applied
31844000000,31842205978,1,2,318,31810000000,applied
31852000000,31850240667,1,0,318,31810000000,applied
31932000000,31930500901,2,0,319,31920000000,applied
31932000000,31931751568,0,2,319,31900000000,applied
31936000000,31935814901,1,0,319,31910000000,applied
31938000000,31936546664,2,1,319,31920000000,applied
31938000000,31936835372,0,1,319,31900000000,applied
31942000000,31940657444,1,2,319,31910000000,applied
32018000000,32016909178,0,2,320,32000000000,applied
32044000000,32043852955,0,1,320,32000000000,applied
32050000000,32048841526,2,0,320,32020000000,applied
32056000000,32055268349,1,0,320,32010000000,applied
32056000000,32055476182,1,2,320,32010000000,applied
32070000000,32069721415,2,1,320,32020000000,applied
32116000000,32114209614,1,0,321,32110000000,applied
32124000000,32122277109,2,1,321,32120000000,applied
32126000000,32125842666,0,1,321,32100000000,applied
32132000000,32131989330,2,0,321,32120000000,applied
32132000000,32131991399,1,2,321,32110000000,applied
32148000000,32146594362,0,2,321,32100000000,applied
32208000000,32206158325,0,2,322,32200000000,applied
32224000000,32222703030,1,2,322,32210000000,applied
32234000000,32233890140,2,1,322,32220000000,applied
32240000000,32238547892,0,1,322,32200000000,applied
32250000000,32249670000,2,0,322,32220000000,applied
32256000000,32255419891,1,0,322,32210000000,applied
32318000000,32316256315,0,1,323,32300000000,applied
32332000000,32331310997,0,2,323,32300000000,applied
32346000000,32345430464,2,1,323,32320000000,applied
32348000000,32347538261,1,0,323,32310000000,applied
32352000000,32351429690,1,2,323,32310000000,applied
32360000000,32359460144,2,0,323,32320000000,applied
32418000000,32416316854,1,0,324,32410000000,applied
32422000000,32421107913,0,2,324,32400000000,applied
32426000000,32424644521,1,2,324,32410000000,applied
32426000000,32425892584,2,0,324,32420000000,applied
32436000000,32435832947,0,1,324,32400000000,applied
32470000000,32469465252,2,1,324,32420000000,applied
32516000000,32514977226,1,0,325,32510000000,applied
32516000000,32515448143,1,2,325,32510000000,applied
32522000000,32520641053,2,1,325,32520000000,applied
32530000000,32528090382,0,2,325,32500000000,applied
32548000000,32546767361,0,1,325,32500000000,applied
32558000000,32556627691,2,0,325,32520000000,applied
32618000000,32617225234,0,2,326,32600000000,applied
32622000000,32620776319,2,0,326,32620000000,applied
32622000000,32621233034,0,1,326,32600000000,applied
32626000000,32624475726,1,0,326,32610000000,applied
32638000000,32636927107,1,2,326,32610000000,applied
32664000000,32663628324,2,1,326,32620000000,applied
32718000000,32716223868,0,1,327,32700000000,applied
32730000000,32729766184,0,2,327,32700000000,applied
32732000000,32731623293,1,0,327,32710000000,applied
32736000000,32735325137,1,2,327,32710000000,applied
32744000000,32743186603,2,0,327,32720000000,applied
32766000000,32764135952,2,1,327,32720000000,applied
32802000000,32801691751,0,2,328,32800000000,applied
32826000000,32824650817,2,1,328,32820000000,applied
32836000000,32835637404,1,2,328,32810000000,applied
32840000000,32839061290,1,0,328,32810000000,applied
32846000000,32844920688,0,1,328,32800000000,applied
32858000000,32856465385,2,0,328,32820000000,applied
32902000000,32900870634,0,2,329,32900000000,applied
32946000000,32944254304,2,1,329,32920000000,applied
32950000000,32948145479,0,1,329,32900000000,applied
32950000000,32948640212,1,0,329,32910000000,applied
32950000000,32948897789,1,2,329,32910000000,applied
32958000000,32957427437,2,0,329,32920000000,applied
33024000000,33023095406,2,1,330,33020000000,applied
33028000000,33027863571,0,1,330,33000000000,applied
33040000000,33039642549,2,0,330,33020000000,applied
33040000000,33039707088,1,2,330,33010000000,applied
33044000000,33042238162,0,2,330,33000000000,applied
33054000000,33052058487,1,0,330,33010000000,applied
33106000000,33104486608,0,2,331,33100000000,applied
33124000000,33122261244,1,2,331,33110000000,applied
33130000000,33129756759,1,0,331,33110000000,applied
33148000000,33146827821,2,1,331,33120000000,applied
33150000000,33148817735,0,1,331,33100000000,applied
33156000000,33155918412,2,0,331,33120000000,applied
33212000000,33210030243,0,1,332,33200000000,applied
33226000000,33225303157,0,2,332,33200000000,applied
33230000000,33228752012,1,0,332,33210000000,applied
33232000000,33231107825,1,2,332,33210000000,applied
33234000000,33232236772,2,1,332,33220000000,applied
33242000000,33240294687,2,0,332,33220000000,applied
33314000000,33313604673,0,2,333,33300000000,applied
33324000000,33322400724,1,0,333,33310000000,applied
33324000000,33323296987,0,1,333,33300000000,applied
33340000000,33338567881,2,0,333,33320000000,applied
33346000000,33344993996,1,2,333,33310000000,applied
33370000000,33368609402,2,1,333,33320000000,applied
33412000000,33410991021,0,2,334,33400000000,applied
33418000000,33417260839,0,1,334,33400000000,applied
33432000000,33431023142,1,2,334,33410000000,applied
33434000000,33432315113,2,1,334,33420000000,applied
33452000000,33451935818,1,0,334,33410000000,applied
33464000000,33462247433,2,0,334,33420000000,applied
33504000000,33503171167,0,1,335,33500000000,applied
33504000000,33503975835,0,2,335,33500000000,applied
33512000000,33510886416,1,2,335,33510000000,applied
33530000000,33529173371,1,0,335,33510000000,applied
33554000000,33553702495,2,0,335,33520000000,applied
33568000000,33567137530,2,1,335,33520000000,applied
33624000000,33622122507,0,2,336,33600000000,applied
33624000000,33623883094,1,0,336,33610000000,applied
33644000000,33643704419,1,2,336,33610000000,applied
33646000000,33644443508,2,1,336,33620000000,applied
33648000000,33647882922,0,1,336,33600000000,applied
33662000000,33660037836,2,0,336,33620000000,applied
33730000000,33729398860,0,1,337,33700000000,applied
33744000000,33742591697,0,2,337,33700000000,applied
33744000000,33743698569,2,1,337,33720000000,applied
33756000000,33754249317,1,0,337,33710000000,applied
33758000000,33756110067,1,2,337,33710000000,applied
33768000000,33766960847,2,0,337,33720000000,applied
33814000000,33813924595,0,2,338,33800000000,applied
33824000000,33823351975,0,1,338,33800000000,applied
33832000000,33831467379,1,2,338,33810000000,applied
33844000000,33842830798,2,0,338,33820000000,applied
33844000000,33843463676,1,0,338,33810000000,applied
33850000000,33848040299,2,1,338,33820000000,applied
33904000000,33903407818,0,1,339,33900000000,applied
33916000000,33914460778,1,0,339,33910000000,applied
33930000000,33929654182,1,2,339,33910000000,applied
33946000000,33944631089,0,2,339,33900000000,applied
33958000000,33957440184,2,1,339,33920000000,applied
33970000000,33968155194,2,0,339,33920000000,applied
34032000000,34031848710,1,0,340,34010000000,applied
34036000000,34034714166,0,1,340,34000000000,applied
34044000000,34043703307,1,2,340,34010000000,applied
34046000000,34045724455,2,1,340,34020000000,applied
34046000000,34045990640,0,2,340,34000000000,applied
34048000000,34047183153,2,0,340,34020000000,applied
34114000000,34113632506,0,2,341,34100000000,applied
34118000000,34117961298,0,1,341,34100000000,applied
34142000000,34140574140,2,0,341,34120000000,applied
34154000000,34153730735,1,2,341,34110000000,applied
34156000000,34154972573,2,1,341,34120000000,applied
34160000000,34158251884,1,0,341,34110000000,applied
34214000000,34213759232,1,2,342,34210000000,applied
34218000000,34216297614,0,1,342,34200000000,applied
34230000000,34228433906,2,1,342,34220000000,applied
34240000000,34238159488,0,2,342,34200000000,applied
34246000000,34245792482,1,0,342,34210000000,applied
34246000000,34245977155,2,0,342,34220000000,applied
34314000000,34313827285,1,0,343,34310000000,applied
34320000000,34318269830,1,2,343,34310000000,applied
34334000000,34332920402,2,0,343,34320000000,applied
34336000000,34335908924,0,1,343,34300000000,applied
34342000000,34340241893,0,2,343,34300000000,applied
34352000000,34350839813,2,1,343,34320000000,applied
34426000000,34424456449,0,2,344,34400000000,applied
34428000000,34426165804,2,1,344,34420000000,applied
34428000000,34426851564,1,2,344,34410000000,applied
34430000000,34428804835,2,0,344,34420000000,applied
34444000000,34443665996,0,1,344,34400000000,applied
34456000000,34454888125,1,0,344,34410000000,applied
34506000000,34505983472,0,1,345,34500000000,applied
34514000000,34512769480,1,2,345,34510000000,applied
34522000000,34521622640,1,0,345,34510000000,applied
34532000000,34531886972,2,1,345,34520000000,applied
34538000000,34537026639,0,2,345,34500000000,applied
34546000000,34544159263,2,0,345,34520000000,applied
34614000000,34613432810,0,1,346,34600000000,applied
34636000000,34635462564,1,0,346,34610000000,applied
34638000000,34637063713,1,2,346,34610000000,applied
34640000000,34638127370,0,2,346,34600000000,applied
34644000000,34642917363,2,0,346,34620000000,applied
34670000000,34668978332,2,1,346,34620000000,applied
34706000000,34704305188,0,1,347,34700000000,applied
34714000000,34713044275,1,0,347,34710000000,applied
34720000000,34719405392,1,2,347,34710000000,applied
34724000000,34723862433,2,0,347,34720000000,applied
34734000000,34732275814,2,1,347,34720000000,applied
34734000000,34732810628,0,2,347,34700000000,applied
34808000000,34806571498,0,2,348,34800000000,applied
34822000000,34820551047,2,0,348,34820000000,applied
34846000000,34844757625,0,1,348,34800000000,applied
34846000000,34844868035,1,0,348,34810000000,applied
34850000000,34849864657,1,2,348,34810000000,applied
34858000000,34857983933,2,1,348,34820000000,applied
34922000000,34920056467,1,2,349,34910000000,applied
34932000000,34930959098,0,2,349,34900000000,applied
34948000000,34946071892,0,1,349,34900000000,applied
34956000000,34954561255,1,0,349,34910000000,applied
34964000000,34963131991,2,0,349,34920000000,applied
34968000000,34966580922,2,1,349,34920000000,applied
35014000000,35012248786,0,1,350,35000000000,applied
35020000000,35018974343,1,2,350,35010000000,applied
35032000000,35030191943,1,0,350,35010000000,applied
35038000000,35036984777,2,0,350,35020000000,applied
35038000000,35037130427,0,2,350,35000000000,applied
35046000000,35044913504,2,1,350,35020000000,applied
35132000000,35131863557,1,0,351,35110000000,applied
35132000000,35131902863,0,1,351,35100000000,applied
35148000000,35146936537,0,2,351,35100000000,applied
35150000000,35148566320,1,2,351,35110000000,applied
35162000000,35160365964,2,0,351,35120000000,applied
35168000000,35167165596,2,1,351,35120000000,applied
35206000000,35205639971,0,2,352,35200000000,applied
35232000000,35231480032,2,0,352,35220000000,applied
35236000000,35235807921,1,0,352,35210000000,applied
35238000000,35237419263,0,1,352,35200000000,applied
35248000000,35247133302,1,2,352,35210000000,applied
35266000000,35264296571,2,1,352,35220000000,applied
35304000000,35303044908,0,2,353,35300000000,applied
35318000000,35317792885,1,2,353,35310000000,applied
35330000000,35329150102,2,1,353,35320000000,applied
35350000000,35348120042,0,1,353,35300000000,applied
35352000000,35351168473,1,0,353,35310000000,applied
35370000000,35369134404,2,0,353,35320000000,applied
35416000000,35414198875,0,1,354,35400000000,applied
35432000000,35430925619,1,0,354,35410000000,applied
35440000000,35439510590,2,0,354,35420000000,applied
35442000000,35440493469,1,2,354,35410000000,applied
35448000000,35446335001,0,2,354,35400000000,applied
35464000000,35462200227,2,1,354,35420000000,applied
35522000000,35521329642,1,0,355,35510000000,applied
35524000000,35523851746,0,2,355,35500000000,applied
35528000000,35526764838,2,1,355,35520000000,applied
35536000000,35534681168,0,1,355,35500000000,applied
35554000000,35552990375,2,0,355,35520000000,applied
35556000000,35555640915,1,2,355,35510000000,applied
35626000000,35625756644,0,1,356,35600000000,applied
35636000000,35635185802,2,1,356,35620000000,applied
35642000000,35640232331,1,2,356,35610000000,applied
35644000000,35643725017,2,0,356,35620000000,applied
35644000000,35643871472,1,0,356,35610000000,applied
35646000000,35644368288,0,2,356,35600000000,applied
35722000000,35721024564,0,2,357,35700000000,applied
35728000000,35726953764,1,2,357,35710000000,applied
35742000000,35740793660,2,1,357,35720000000,applied
35748000000,35747992244,2,0,357,35720000000,applied
35750000000,35748476591,0,1,357,35700000000,applied
35752000000,35751090659,1,0,357,35710000000,applied
35818000000,35816000496,0,1,358,35800000000,applied
35834000000,35832199247,1,2,358,35810000000,applied
35838000000,35837979944,2,1,358,35820000000,applied
35848000000,35847409127,1,0,358,35810000000,applied
35852000000,35850062286,0,2,358,35800000000,applied
35860000000,35859836660,2,0,358,35820000000,applied
35914000000,35912267185,1,0,359,35910000000,applied
35926000000,35925155079,2,0,359,35920000000,applied
35932000000,35931177857,0,2,359,35900000000,applied
35932000000,35931879305,0,1,359,35900000000,applied
35934000000,35932823564,1,2,359,35910000000,applied
35936000000,35935233975,2,1,359,35920000000,applied
36008000000,36007758640,0,2,360,36000000000,applied
36012000000,36010742433,0,1,360,36000000000,applied
36036000000,36035446549,2,0,360,36020000000,applied
36044000000,36042507254,2,1,360,36020000000,applied
36046000000,36045215575,1,2,360,36010000000,applied
36058000000,36057060742,1,0,360,36010000000,applied
36106000000,36104861575,0,2,361,36100000000,applied
36118000000,36117175928,1,2,361,36110000000,applied
36144000000,36143546340,2,1,361,36120000000,applied
36148000000,36146644751,0,1,361,36100000000,applied
36152000000,36151081527,2,0,361,36120000000,applied
36154000000,36153240259,1,0,361,36110000000,applied
36206000000,36204681895,0,2,362,36200000000,applied
36212000000,36210776164,1,0,362,36210000000,applied
36228000000,36226234564,1,2,362,36210000000,applied
36232000000,36230322905,0,1,362,36200000000,applied
36232000000,36231014236,2,0,362,36220000000,applied
36242000000,36240081057,2,1,362,36220000000,applied
36320000000,36319345484,0,2,363,36300000000,applied
36338000000,36336082809,1,2,363,36310000000,applied
36350000000,36349767435,0,1,363,36300000000,applied
36356000000,36354817831,1,0,363,36310000000,applied
36368000000,36366585506,2,0,363,36320000000,applied
36372000000,36370005351,2,1,363,36320000000,applied
36424000000,36422657725,2,0,364,36420000000,applied
36434000000,36433306308,0,2,364,36400000000,applied
36442000000,36440437662,1,2,364,36410000000,applied
36442000000,36441955686,1,0,364,36410000000,applied
36448000000,36447319895,0,1,364,36400000000,applied
36452000000,36450222053,2,1,364,36420000000,applied
36520000000,36519984245,1,2,365,36510000000,applied
36530000000,36528684750,0,2,365,36500000000,applied
36546000000,36544013861,2,1,365,36520000000,applied
36546000000,36545510130,1,0,365,36510000000,applied
36550000000,36549059230,0,1,365,36500000000,applied
36556000000,36554219104,2,0,365,36520000000,applied
36604000000,36603711412,0,1,366,36600000000,applied
36620000000,36619092643,1,0,366,36610000000,applied
36632000000,36630182759,1,2,366,36610000000,applied
36640000000,36639785295,2,0,366,36620000000,applied
36648000000,36647516804,0,2,366,36600000000,applied
36666000000,36665156278,2,1,366,36620000000,applied
36706000000,36705912180,0,2,367,36700000000,applied
36722000000,36720623933,2,0,367,36720000000,applied
36728000000,36726517406,0,1,367,36700000000,applied
36744000000,36743680509,1,2,367,36710000000,applied
36758000000,36756916141,1,0,367,36710000000,applied
36770000000,36769320284,2,1,367,36720000000,applied
36812000000,36811828616,1,0,368,36810000000,applied
36816000000,36814954009,1,2,368,36810000000,applied
36824000000,36823883348,0,2,368,36800000000,applied
36840000000,36838795611,0,1,368,36800000000,applied
36864000000,36862998468,2,1,368,36820000000,applied
36868000000,36866061995,2,0,368,36820000000,applied
36918000000,36917266007,1,0,369,36910000000,applied
36924000000,36923425098,0,2,369,36900000000,applied
36942000000,36940359866,2,0,369,36920000000,applied
36950000000,36948966301,0,1,369,36900000000,applied
36950000000,36949363421,2,1,369,36920000000,applied
36952000000,36950606460,1,2,369,36910000000,applied
37018000000,37017784856,0,2,370,37000000000,applied
37024000000,37022201509,1,2,370,37010000000,applied
37030000000,37029942288,2,0,370,37020000000,applied
37040000000,37039284631,0,1,370,37000000000,applied
37046000000,37045338399,1,0,370,37010000000,applied
37052000000,37051795157,2,1,370,37020000000,applied
37118000000,37116716927,0,1,371,37100000000,applied
37120000000,37119230413,1,0,371,37110000000,applied
37132000000,37130557442,2,1,371,37120000000,applied
37134000000,37132123942,2,0,371,37120000000,applied
37146000000,37145871066,0,2,371,37100000000,applied
37160000000,37158112345,1,2,371,37110000000,applied
37228000000,37227114988,0,1,372,37200000000,applied
37230000000,37228114234,1,0,372,37210000000,applied
37232000000,37230817760,2,1,372,37220000000,applied
37234000000,37232681462,0,2,372,37200000000,applied
37252000000,37250686004,1,2,372,37210000000,applied
37266000000,37265367451,2,0,372,37220000000,applied
37302000000,37301713140,0,1,373,37300000000,applied
37308000000,37307973027,0,2,373,37300000000,applied
37312000000,37311930983,1,2,373,37310000000,applied
37336000000,37335532099,2,0,373,37320000000,applied
37350000000,37349595107,1,0,373,37310000000,applied
37356000000,37354465728,2,1,373,37320000000,applied
37420000000,37418205585,0,2,374,37400000000,applied
37442000000,37440039263,0,1,374,37400000000,applied
37444000000,37442890700,1,2,374,37410000000,applied
37450000000,37449157135,2,1,374,37420000000,applied
37454000000,37452315992,2,0,374,37420000000,applied
37454000000,37453667973,1,0,374,37410000000,applied
37512000000,37511812323,1,2,375,37510000000,applied
37520000000,37519867887,1,0,375,37510000000,applied
37528000000,37527402698,2,0,375,37520000000,applied
37534000000,37532321717,0,1,375,37500000000,applied
37534000000,37533326028,2,1,375,37520000000,applied
37546000000,37545503692,0,2,375,37500000000,applied
37602000000,37600635753,0,2,376,37600000000,applied
37620000000,37619387827,0,1,376,37600000000,applied
37624000000,37622289465,2,0,376,37620000000,applied
37634000000,37632579891,1,0,376,37610000000,applied
37634000000,37632765513,2,1,376,37620000000,applied
37658000000,37657352423,1,2,376,37610000000,applied
37704000000,37702989840,0,1,377,37700000000,applied
37716000000,37714886872,1,0,377,37710000000,applied
37736000000,37735146408,1,2,377,37710000000,applied
37744000000,37743389987,2,0,377,37720000000,applied
37748000000,37746114986,0,2,377,37700000000,applied
37768000000,37767282985,2,1,377,37720000000,applied
37816000000,37815348584,0,2,378,37800000000,applied
37816000000,37815483906,0,1,378,37800000000,applied
37822000000,37820944044,2,1,378,37820000000,applied
37830000000,37828572397,1,2,378,37810000000,applied
37844000000,37842033737,1,0,378,37810000000,applied
37866000000,37864649060,2,0,378,37820000000,applied
37912000000,37910939326,1,0,379,37910000000,applied
37918000000,37917043740,0,2,379,37900000000,applied
37922000000,37921425777,0,1,379,37900000000,applied
37936000000,37935782218,1,2,379,37910000000,applied
37954000000,37952720893,2,0,379,37920000000,applied
37962000000,37960995946,2,1,379,37920000000,applied
38024000000,38022353402,1,2,380,38010000000,applied
38026000000,38024460037,2,0,380,38020000000,applied
38042000000,38040715948,0,2,380,38000000000,applied
38042000000,38041838179,2,1,380,38020000000,applied
38046000000,38045218119,1,0,380,38010000000,applied
38048000000,38046502488,0,1,380,38000000000,applied
38102000000,38101974044,0,2,381,38100000000,applied
38124000000,38123809682,0,1,381,38100000000,applied
38138000000,38137749639,2,1,381,38120000000,applied
38144000000,38142026343,1,2,381,38110000000,applied
38160000000,38159251226,1,0,381,38110000000,applied
38162000000,38160697939,2,0,381,38120000000,applied
38220000000,38219641522,1,0,382,38210000000,applied
38224000000,38222860132,0,2,382,38200000000,applied
38238000000,38237444338,0,1,382,38200000000,applied
38244000000,38243390552,1,2,382,38210000000,applied
38246000000,38245776088,2,0,382,38220000000,applied
38254000000,38253456827,2,1,382,38220000000,applied
38320000000,38319088175,1,2,383,38310000000,applied
38328000000,38326223570,0,2,383,38300000000,applied
38332000000,38331219713,0,1,383,38300000000,applied
38338000000,38336428862,2,0,383,38320000000,applied
38338000000,38337300303,2,1,383,38320000000,applied
38344000000,38342129215,1,0,383,38310000000,applied
38414000000,38412811497,0,2,384,38400000000,applied
38428000000,38427461144,1,2,384,38410000000,applied
38428000000,38427563629,1,0,384,38410000000,applied
38440000000,38439842867,2,1,384,38420000000,applied
38446000000,38444750090,0,1,384,38400000000,applied
38450000000,38448184037,2,0,384,38420000000,applied
38504000000,38503603145,0,1,385,38500000000,applied
38524000000,38523626637,1,0,385,38510000000,applied
38532000000,38530078989,1,2,385,38510000000,applied
38532000000,38530083952,2,0,385,38520000000,applied
38542000000,38541199398,2,1,385,38520000000,applied
38542000000,38541799837,0,2,385,38500000000,applied
38608000000,38607068406,0,2,386,38600000000,applied
38614000000,38613445652,1,2,386,38610000000,applied
38622000000,38620522058,2,1,386,38620000000,applied
38630000000,38629965700,0,1,386,38600000000,applied
38652000000,38650802876,2,0,386,38620000000,applied
38654000000,38652432061,1,0,386,38610000000,applied
38702000000,38700459939,0,1,387,38700000000,applied
38720000000,38718993813,0,2,387,38700000000,applied
38736000000,38735271980,2,1,387,38720000000,applied
38752000000,38751783601,1,2,387,38710000000,applied
38762000000,38760061166,1,0,387,38710000000,applied
38770000000,38768810804,2,0,387,38720000000,applied
38804000000,38802578346,0,2,388,38800000000,applied
38822000000,38821113756,1,2,388,38810000000,applied
38832000000,38830215714,2,1,388,38820000000,applied
38842000000,38841686628,0,1,388,38800000000,applied
38850000000,38849688989,2,0,388,38820000000,applied
38852000000,38850805395,1,0,388,38810000000,applied
38920000000,38919433106,1,0,389,38910000000,applied
38926000000,38925429401,0,1,389,38900000000,applied
38930000000,38929103491,2,0,389,38920000000,applied
38940000000,38938603061,0,2,389,38900000000,applied
38948000000,38947647674,1,2,389,38910000000,applied
38952000000,38951228472,2,1,389,38920000000,applied
39004000000,39002104994,0,1,390,39000000000,applied
39004000000,39002309104,0,2,390,39000000000,applied
39028000000,39026305995,2,0,390,39020000000,applied
39056000000,39055447197,1,2,390,39010000000,applied
39056000000,39055950963,1,0,390,39010000000,applied
39070000000,39069619213,2,1,390,39020000000,applied
39106000000,39105232886,0,2,391,39100000000,applied
39108000000,39107090528,0,1,391,39100000000,applied
39114000000,39112497335,1,2,391,39110000000,applied
39124000000,39123787413,2,0,391,39120000000,applied
39138000000,39137913277,1,0,391,39110000000,applied
39160000000,39159131145,2,1,391,39120000000,applied
39204000000,39203742110,0,1,392,39200000000,applied
39224000000,39222534272,2,0,392,39220000000,applied
39228000000,39227846719,1,2,392,39210000000,applied
39230000000,39229043963,0,2,392,39200000000,applied
39244000000,39243053799,2,1,392,39220000000,applied
39258000000,39256304335,1,0,392,39210000000,applied
39326000000,39324521565,1,2,393,39310000000,applied
39336000000,39334551451,0,1,393,39300000000,applied
39336000000,39335415691,0,2,393,39300000000,applied
39344000000,39342766753,2,0,393,39320000000,applied
39356000000,39354463073,1,0,393,39310000000,applied
39360000000,39358687868,2,1,393,39320000000,applied
39420000000,39418792975,1,2,394,39410000000,applied
39424000000,39423197630,1,0,394,39410000000,applied
39430000000,39428537899,0,2,394,39400000000,applied
39436000000,39434155201,2,0,394,39420000000,applied
39450000000,39449101924,0,1,394,39400000000,applied
39454000000,39452347096,2,1,394,39420000000,applied
39502000000,39500629007,0,2,395,39500000000,applied
39516000000,39515226702,1,2,395,39510000000,applied
39522000000,39521083335,0,1,395,39500000000,applied
39546000000,39545810118,1,0,395,39510000000,applied
39550000000,39548341011,2,1,395,39520000000,applied
39564000000,39563284934,2,0,395,39520000000,applied
39614000000,39612646163,0,2,396,39600000000,applied
39620000000,39618194854,0,1,396,39600000000,applied
39632000000,39630355484,1,0,396,39610000000,applied
39658000000,39656409289,2,0,396,39620000000,applied
39662000000,39660031312,1,2,396,39610000000,applied
39666000000,39665846727,2,1,396,39620000000,applied
39710000000,39708999395,0,2,397,39700000000,applied
39712000000,39711267181,1,2,397,39710000000,applied
39726000000,39725157489,0,1,397,39700000000,applied
39726000000,39725570446,1,0,397,39710000000,applied
39770000000,39768688709,2,1,397,39720000000,applied
39770000000,39768881917,2,0,397,39720000000,applied
39812000000,39811675092,0,2,398,39800000000,applied
39816000000,39814050122,1,0,398,39810000000,applied
39820000000,39818693410,1,2,398,39810000000,applied
39828000000,39827530878,0,1,398,39800000000,applied
39850000000,39849019348,2,0,398,39820000000,applied
39866000000,39865961074,2,1,398,39820000000,applied
39920000000,39918193198,0,1,399,39900000000,applied
39924000000,39922960602,1,2,399,39910000000,applied
39926000000,39925488787,0,2,399,39900000000,applied
39926000000,39925716623,2,1,399,39920000000,applied
39954000000,39953974296,2,0,399,39920000000,applied
39958000000,39957974699,1,0,399,39910000000,applied
40006000000,40004835075,0,2,400,40000000000,applied
40030000000,40029586019,0,1,400,40000000000,applied
40038000000,40036554630,1,0,400,40010000000,applied
40046000000,40045486333,2,1,400,40020000000,applied
40054000000,40053770422,1,2,400,40010000000,applied
40060000000,40059265557,2,0,400,40020000000,applied
40104000000,40103013217,0,2,401,40100000000,applied
40122000000,40120177217,1,0,401,40110000000,applied
40132000000,40130185408,0,1,401,40100000000,applied
40142000000,40141100118,2,0,401,40120000000,applied
40148000000,40147030445,2,1,401,40120000000,applied
40162000000,40160302545,1,2,401,40110000000,applied
40218000000,40216517287,1,2,402,40210000000,applied
40228000000,40226644026,1,0,402,40210000000,applied
40234000000,40232114661,2,1,402,40220000000,applied
40236000000,40235260563,0,2,402,40200000000,applied
40250000000,40249376449,0,1,402,40200000000,applied
40264000000,40262452309,2,0,402,40220000000,applied
40308000000,40307671794,0,1,403,40300000000,applied
40314000000,40313631826,1,0,403,40310000000,applied
40324000000,40322162583,2,0,403,40320000000,applied
40338000000,40336591186,0,2,403,40300000000,applied
40338000000,40337897690,1,2,403,40310000000,applied
40340000000,40339605619,2,1,403,40320000000,applied
40426000000,40425490943,1,2,404,40410000000,applied
40432000000,40431581731,0,1,404,40400000000,applied
40448000000,40447846175,0,2,404,40400000000,applied
40456000000,40454692461,1,0,404,40410000000,applied
40462000000,40461417566,2,1,404,40420000000,applied
40464000000,40462372858,2,0,404,40420000000,applied
40524000000,40523714790,2,1,405,40520000000,applied
40530000000,40529115067,1,0,405,40510000000,applied
40538000000,40537227025,2,0,405,40520000000,applied
40540000000,40539543327,0,2,405,40500000000,applied
40546000000,40545527998,1,2,405,40510000000,applied
40550000000,40548706593,0,1,405,40500000000,applied
40610000000,40608903916,0,2,406,40600000000,applied
40624000000,40622420493,2,1,406,40620000000,applied
40634000000,40633148149,2,0,406,40620000000,applied
40642000000,40641483453,0,1,406,40600000000,applied
40644000000,40642176144,1,2,406,40610000000,applied
40660000000,40659378365,1,0,406,40610000000,applied
40722000000,40721940999,0,1,407,40700000000,applied
40730000000,40728352114,1,0,407,40710000000,applied
40730000000,40728728741,0,2,407,40700000000,applied
40730000000,40729922335,1,2,407,40710000000,applied
40740000000,40738501756,2,0,407,40720000000,applied
40756000000,40754368819,2,1,407,40720000000,applied
40832000000,40830196173,1,2,408,40810000000,applied
40832000000,40831287453,0,1,408,40800000000,applied
40836000000,40834734152,2,1,408,40820000000,applied
40840000000,40838780125,0,2,408,40800000000,applied
40842000000,40841943594,1,0,408,40810000000,applied
40860000000,40859501043,2,0,408,40820000000,applied
40910000000,40909795460,0,2,409,40900000000,applied
40918000000,40916959158,1,0,409,40910000000,applied
40918000000,40917634871,1,2,409,40910000000,applied
40924000000,40922915632,2,0,409,40920000000,applied
40926000000,40924730914,2,1,409,40920000000,applied
40938000000,40936997598,0,1,409,40900000000,applied
41012000000,41011413648,1,2,410,41010000000,applied
41024000000,41022981525,0,1,410,41000000000,applied
41036000000,41035923875,0,2,410,41000000000,applied
41060000000,41059349467,1,0,410,41010000000,applied
41064000000,41063702831,2,0,410,41020000000,applied
41070000000,41069530101,2,1,410,41020000000,applied
41102000000,41100667921,0,1,411,41100000000,applied
41116000000,41115041838,1,0,411,41110000000,applied
41150000000,41149662081,0,2,411,41100000000,applied
41154000000,41153447965,1,2,411,41110000000,applied
41158000000,41157238432,2,1,411,41120000000,applied
41168000000,41167375346,2,0,411,41120000000,applied
41218000000,41217811618,1,0,412,41210000000,applied
41248000000,41247480947,1,2,412,41210000000,applied
41248000000,41247708939,0,1,412,41200000000,applied
41250000000,41248846232,0,2,412,41200000000,applied
41256000000,41255951290,2,0,412,41220000000,applied
41260000000,41259000164,2,1,412,41220000000,applied
41302000000,41300771997,0,2,413,41300000000,applied
41326000000,41325783213,0,1,413,41300000000,applied
41338000000,41336880893,2,0,413,41320000000,applied
41344000000,41342991101,1,0,413,41310000000,applied
41344000000,41343073510,1,2,413,41310000000,applied
41368000000,41367482278,2,1,413,41320000000,applied
41416000000,41415584915,0,1,414,41400000000,applied
41422000000,41420846502,1,0,414,41410000000,applied
41430000000,41428640559,0,2,414,41400000000,applied
41460000000,41458125485,2,0,414,41420000000,applied
41460000000,41458351452,1,2,414,41410000000,applied
41468000000,41467205942,2,1,414,41420000000,applied
41506000000,41505976060,0,2,415,41500000000,applied
41526000000,41525811645,1,2,415,41510000000,applied
41528000000,41526333322,1,0,415,41510000000,applied
41528000000,41527528052,2,1,415,41520000000,applied
41530000000,41529344488,0,1,415,41500000000,applied
41546000000,41545046554,2,0,415,41520000000,applied
41614000000,41612692547,1,2,416,41610000000,applied
41632000000,41631278392,1,0,416,41610000000,applied
41636000000,41634119350,2,0,416,41620000000,applied
41636000000,41635701180,0,1,416,41600000000,applied
41646000000,41644327886,0,2,416,41600000000,applied
41660000000,41658853477,2,1,416,41620000000,applied
41708000000,41706775308,0,2,417,41700000000,applied
41726000000,41724336831,2,0,417,41720000000,applied
41726000000,41725828081,1,0,417,41710000000,applied
41728000000,41726005345,2,1,417,41720000000,applied
41746000000,41744762667,1,2,417,41710000000,applied
41750000000,41748108997,0,1,417,41700000000,applied
41814000000,41813248384,0,1,418,41800000000,applied
41834000000,41832373603,1,2,418,41810000000,applied
41842000000,41841813062,2,1,418,41820000000,applied
41850000000,41849488219,0,2,418,41800000000,applied
41860000000,41858480186,1,0,418,41810000000,applied
41860000000,41858803442,2,0,418,41820000000,applied
41904000000,41902511278,0,2,419,41900000000,applied
41914000000,41913976057,0,1,419,41900000000,applied
41930000000,41928520303,2,0,419,41920000000,applied
41938000000,41937449659,1,0,419,41910000000,applied
41942000000,41940399750,1,2,419,41910000000,applied
41960000000,41959340514,2,1,419,41920000000,applied
42002000000,42000651265,0,2,420,42000000000,applied
42014000000,42013223861,1,2,420,42010000000,applied
42020000000,42019436613,0,1,420,42000000000,applied
42042000000,42041899650,1,0,420,42010000000,applied
42044000000,42042776998,2,1,420,42020000000,applied
42058000000,42057059178,2,0,420,42020000000,applied
42102000000,42101238706,0,1,421,42100000000,applied
42126000000,42124070051,2,0,421,42120000000,applied
42136000000,42135828477,1,0,421,42110000000,applied
42140000000,42138650578,1,2,421,42110000000,applied
42146000000,42144814716,0,2,421,42100000000,applied
42148000000,42147184723,2,1,421,42120000000,applied
42210000000,42209392995,0,1,422,42200000000,applied
42226000000,42225790077,2,0,422,42220000000,applied
42230000000,42228755962,1,2,422,42210000000,applied
42244000000,42242962813,1,0,422,42210000000,applied
42246000000,42245007660,2,1,422,42220000000,applied
42246000000,42245800496,0,2,422,42200000000,applied
42316000000,42315103273,0,1,423,42300000000,applied
42326000000,42324462924,1,2,423,42310000000,applied
42334000000,42332205422,1,0,423,42310000000,applied
42340000000,42339360186,0,2,423,42300000000,applied
42348000000,42346558410,2,1,423,42320000000,applied
42354000000,42352766584,2,0,423,42320000000,applied
42424000000,42422700002,2,1,424,42420000000,applied
42428000000,42427027729,2,0,424,42420000000,applied
42428000000,42427273968,1,2,424,42410000000,applied
42434000000,42432399177,0,2,424,42400000000,applied
42440000000,42439908489,1,0,424,42410000000,applied
42446000000,42444206835,0,1,424,42400000000,applied
42522000000,42520919885,1,0,425,42510000000,applied
42532000000,42530088577,2,1,425,42520000000,applied
42534000000,42533868741,2,0,425,42520000000,applied
42538000000,42537756586,1,2,425,42510000000,applied
42548000000,42546670257,0,2,425,42500000000,applied
42548000000,42546872333,0,1,425,42500000000,applied
42608000000,42606679016,0,2,426,42600000000,applied
42618000000,42617442332,1,2,426,42610000000,applied
42622000000,42620956036,1,0,426,42610000000,applied
42624000000,42623883875,0,1,426,42600000000,applied
42632000000,42630064220,2,0,426,42620000000,applied
42664000000,42663384985,2,1,426,42620000000,applied
42706000000,42705443197,0,2,427,42700000000,applied
42712000000,42711946226,0,1,427,42700000000,applied
42724000000,42722274667,1,0,427,42710000000,applied
42728000000,42726752817,2,1,427,42720000000,applied
42730000000,42729496580,1,2,427,42710000000,applied
42750000000,42748500723,2,0,427,42720000000,applied
42812000000,42811886461,0,2,428,42800000000,applied
42840000000,42838938190,0,1,428,42800000000,applied
42848000000,42846547035,1,0,428,42810000000,applied
42848000000,42846856057,2,1,428,42820000000,applied
42854000000,42852546783,1,2,428,42810000000,applied
42870000000,42868490399,2,0,428,42820000000,applied
42904000000,42902027840,0,2,429,42900000000,applied
42918000000,42917867381,1,0,429,42910000000,applied
42946000000,42944566263,0,1,429,42900000000,applied
42948000000,42946957879,2,1,429,42920000000,applied
42952000000,42950382855,1,2,429,42910000000,applied
42970000000,42968984064,2,0,429,42920000000,applied
43024000000,43023110603,1,0,430,43010000000,applied
43030000000,43029617490,0,1,430,43000000000,applied
43034000000,43032635204,2,0,430,43020000000,applied
43034000000,43033117434,0,2,430,43000000000,applied
43058000000,43056599877,1,2,430,43010000000,applied
43068000000,43066328608,2,1,430,43020000000,applied
43128000000,43126885739,2,0,431,43120000000,applied
43132000000,43131312127,0,2,431,43100000000,applied
43140000000,43138644900,1,0,431,43110000000,applied
43144000000,43143879505,0,1,431,43100000000,applied
43146000000,43144517460,1,2,431,43110000000,applied
43154000000,43152881859,2,1,431,43120000000,applied
43208000000,43206648443,0,2,432,43200000000,applied
43226000000,43224000545,2,1,432,43220000000,applied
43228000000,43226623148,1,0,432,43210000000,applied
43238000000,43237857662,2,0,432,43220000000,applied
43248000000,43247503583,0,1,432,43200000000,applied
43258000000,43256090953,1,2,432,43210000000,applied
43306000000,43304641362,0,1,433,43300000000,applied
43312000000,43311464052,1,0,433,43310000000,applied
43322000000,43320862881,1,2,433,43310000000,applied
43344000000,43342404433,0,2,433,43300000000,applied
43346000000,43345845424,2,1,433,43320000000,applied
43360000000,43358968989,2,0,433,43320000000,applied
43426000000,43425356104,2,0,434,43420000000,applied
43426000000,43425767706,2,1,434,43420000000,applied
43430000000,43429701207,0,1,434,43400000000,applied
43438000000,43437289963,1,2,434,43410000000,applied
43446000000,43445634106,0,2,434,43400000000,applied
43450000000,43448617427,1,0,434,43410000000,applied
43502000000,43501503511,0,1,435,43500000000,applied
43508000000,43506905298,0,2,435,43500000000,applied
43530000000,43528046103,2,1,435,43520000000,applied
43532000000,43530195724,1,0,435,43510000000,applied
43550000000,43549261932,1,2,435,43510000000,applied
43570000000,43568256536,2,0,435,43520000000,applied
43612000000,43610412505,0,1,436,43600000000,applied
43620000000,43618836665,1,2,436,43610000000,applied
43628000000,43627249680,0,2,436,43600000000,applied
43634000000,43633581100,1,0,436,43610000000,applied
43642000000,43641683968,2,1,436,43620000000,applied
43650000000,43648711706,2,0,436,43620000000,applied
43730000000,43729251609,2,0,437,43720000000,applied
43732000000,43730590647,1,0,437,43710000000,applied
43738000000,43737418699,0,1,437,43700000000,applied
43742000000,43740981039,1,2,437,43710000000,applied
43742000000,43741726600,0,2,437,43700000000,applied
43770000000,43768362197,2,1,437,43720000000,applied
43810000000,43809839962,0,2,438,43800000000,applied
43816000000,43814227227,1,0,438,43810000000,applied
43816000000,43814450209,1,2,438,43810000000,applied
43818000000,43816589346,0,1,438,43800000000,applied
43824000000,43822055093,2,1,438,43820000000,applied
43828000000,43827389769,2,0,438,43820000000,applied
43914000000,43912503499,1,2,439,43910000000,applied
43922000000,43921256090,2,1,439,43920000000,applied
43926000000,43924850697,0,2,439,43900000000,applied
43930000000,43928325211,0,1,439,43900000000,applied
43930000000,43928422708,2,0,439,43920000000,applied
43944000000,43942781445,1,0,439,43910000000,applied
44020000000,44018564832,0,1,440,44000000000,applied
44034000000,44032734727,1,2,440,44010000000,applied
44042000000,44040108244,0,2,440,44000000000,applied
44050000000,44048226261,2,0,440,44020000000,applied
44054000000,44053089885,1,0,440,44010000000,applied
44064000000,44062155931,2,1,440,44020000000,applied
44126000000,44124360679,1,0,441,44110000000,applied
44128000000,44126679392,1,2,441,44110000000,applied
44146000000,44144471360,2,0,441,44120000000,applied
44146000000,44144619544,0,1,441,44100000000,applied
44146000000,44144683315,0,2,441,44100000000,applied
44152000000,44150262826,2,1,441,44120000000,applied
44216000000,44214411013,1,0,442,44210000000,applied
44228000000,44227043723,1,2,442,44210000000,applied
44230000000,44228240212,0,1,442,44200000000,applied
44238000000,44236028039,0,2,442,44200000000,applied
44264000000,44262727018,2,0,442,44220000000,applied
44268000000,44266523057,2,1,442,44220000000,applied
44312000000,44311704019,0,2,443,44300000000,applied
44312000000,44311704886,1,2,443,44310000000,applied
44336000000,44335080584,0,1,443,44300000000,applied
44338000000,44336682831,1,0,443,44310000000,applied
44338000000,44337170638,2,0,443,44320000000,applied
44354000000,44352413454,2,1,443,44320000000,applied
44406000000,44404274868,0,2,444,44400000000,applied
44426000000,44424914809,0,1,444,44400000000,applied
44426000000,44425414098,1,0,444,44410000000,applied
44442000000,44440288684,1,2,444,44410000000,applied
44444000000,44443328994,2,1,444,44420000000,applied
44460000000,44459550220,2,0,444,44420000000,applied
44512000000,44510016673,0,2,445,44500000000,applied
44538000000,44537046453,0,1,445,44500000000,applied
44544000000,44542877021,1,0,445,44510000000,applied
44544000000,44543769377,2,1,445,44520000000,applied
44546000000,44545829005,1,2,445,44510000000,applied
44560000000,44559498342,2,0,445,44520000000,applied
44612000000,44610562694,0,1,446,44600000000,applied
44630000000,44628829271,0,2,446,44600000000,applied
44632000000,44630704776,1,0,446,44610000000,applied
44640000000,44638553102,1,2,446,44610000000,applied
44642000000,44641235695,2,1,446,44620000000,applied
44644000000,44642509504,2,0,446,44620000000,applied
44704000000,44702690001,0,1,447,44700000000,applied
44720000000,44719624770,0,2,447,44700000000,applied
44722000000,44720214756,1,2,447,44710000000,applied
44742000000,44741266418,2,1,447,44720000000,applied
44742000000,44741378190,2,0,447,44720000000,applied
44746000000,44745857669,1,0,447,44710000000,applied
44804000000,44802150586,0,1,448,44800000000,applied
44814000000,44813113238,1,2,448,44810000000,applied
44822000000,44820504319,2,1,448,44820000000,applied
44840000000,44839169370,0,2,448,44800000000,applied
44848000000,44846618277,2,0,448,44820000000,applied
44860000000,44859087110,1,0,448,44810000000,applied
44902000000,44901947598,0,1,449,44900000000,applied
44944000000,44942660231,1,2,449,44910000000,applied
44944000000,44943785033,0,2,449,44900000000,applied
44946000000,44945860114,1,0,449,44910000000,applied
44962000000,44961323449,2,0,449,44920000000,applied
44968000000,44966092749,2,1,449,44920000000,applied
45024000000,45022631555,1,2,450,45010000000,applied
45024000000,45023498091,2,1,450,45020000000,applied
45026000000,45025756628,1,0,450,45010000000,applied
45038000000,45036021458,0,1,450,45000000000,applied
45042000000,45041578043,0,2,450,45000000000,applied
45048000000,45047160719,2,0,450,45020000000,applied
45114000000,45112536594,0,1,451,45100000000,applied
45118000000,45117682206,0,2,451,45100000000,applied
45146000000,45144424365,1,2,451,45110000000,applied
45150000000,45149162362,1,0,451,45110000000,applied
45156000000,45154940976,2,0,451,45120000000,applied
45160000000,45159534416,2,1,451,45120000000,applied
45218000000,45217390817,1,0,452,45210000000,applied
45230000000,45229322743,0,2,452,45200000000,applied
45238000000,45236075154,0,1,452,45200000000,applied
45256000000,45254554914,1,2,452,45210000000,applied
45258000000,45256154256,2,0,452,45220000000,applied
45268000000,45267611832,2,1,452,45220000000,applied
45324000000,45322653271,1,0,453,45310000000,applied
45328000000,45326288660,2,1,453,45320000000,applied
45330000000,45329321402,0,1,453,45300000000,applied
45334000000,45332068087,1,2,453,45310000000,applied
45336000000,45335462601,2,0,453,45320000000,applied
45350000000,45349053747,0,2,453,45300000000,applied
45402000000,45400869025,0,2,454,45400000000,applied
45424000000,45423991443,1,2,454,45410000000,applied
45426000000,45424972415,1,0,454,45410000000,applied
45432000000,45431132429,0,1,454,45400000000,applied
45448000000,45447335917,2,0,454,45420000000,applied
45450000000,45448716590,2,1,454,45420000000,applied
45502000000,45500667885,0,1,455,45500000000,applied
45514000000,45513756382,0,2,455,45500000000,applied
45524000000,45522148195,1,0,455,45510000000,applied
45536000000,45534941356,1,2,455,45510000000,applied
45564000000,45563729395,2,0,455,45520000000,applied
45568000000,45567717153,2,1,455,45520000000,applied
45616000000,45614928940,0,2,456,45600000000,applied
45624000000,45622686181,0,1,456,45600000000,applied
45634000000,45632496584,2,0,456,45620000000,applied
45640000000,45638075570,2,1,456,45620000000,applied
45652000000,45650000403,1,0,456,45610000000,applied
45660000000,45659755882,1,2,456,45610000000,applied
45706000000,45704775164,0,2,457,45700000000,applied
45724000000,45723309072,1,2,457,45710000000,applied
45742000000,45740583691,2,0,457,45720000000,applied
45744000000,45743002657,2,1,457,45720000000,applied
45746000000,45745477399,0,1,457,45700000000,applied
45748000000,45746774357,1,0,457,45710000000,applied
45814000000,45813215245,1,2,458,45810000000,applied
45832000000,45830438776,0,2,458,45800000000,applied
45832000000,45830969379,2,0,458,45820000000,applied
45840000000,45839074221,1,0,458,45810000000,applied
45846000000,45845005116,0,1,458,45800000000,applied
45870000000,45868585941,2,1,458,45820000000,applied
45928000000,45926018949,1,0,459,45910000000,applied
45928000000,45927342254,1,2,459,45910000000,applied
45940000000,45939501089,0,1,459,45900000000,applied
45942000000,45940496574,2,0,459,45920000000,applied
45942000000,45941625602,0,2,459,45900000000,applied
45956000000,45955247390,2,1,459,45920000000,applied
46004000000,46002462788,0,2,460,46000000000,applied
46030000000,46029235118,2,1,460,46020000000,applied
46038000000,46037400520,1,0,460,46010000000,applied
46040000000,46039754681,2,0,460,46020000000,applied
46048000000,46046990329,0,1,460,46000000000,applied
46056000000,46054738521,1,2,460,46010000000,applied
46124000000,46123662264,0,2,461,46100000000,applied
46130000000,46129294079,1,0,461,46110000000,applied
46136000000,46135567964,2,0,461,46120000000,applied
46140000000,46138879217,2,1,461,46120000000,applied
46144000000,46142594677,0,1,461,46100000000,applied
46160000000,46159131264,1,2,461,46110000000,applied
46208000000,46206850782,0,1,462,46200000000,applied
46224000000,46222990782,0,2,462,46200000000,applied
46238000000,46237502977,2,0,462,46220000000,applied
46242000000,46241954762,1,2,462,46210000000,applied
46260000000,46258532981,1,0,462,46210000000,applied
46266000000,46264729727,2,1,462,46220000000,applied
46312000000,46311632350,1,0,463,46310000000,applied
46320000000,46319558469,1,2,463,46310000000,applied
46322000000,46320647014,0,1,463,46300000000,applied
46344000000,46343897921,2,1,463,46320000000,applied
46348000000,46346083581,0,2,463,46300000000,applied
46354000000,46353205121,2,0,463,46320000000,applied
46426000000,46424851473,1,0,464,46410000000,applied
46430000000,46428972609,1,2,464,46410000000,applied
46432000000,46430357216,0,1,464,46400000000,applied
46432000000,46431914214,2,0,464,46420000000,applied
46436000000,46435137479,2,1,464,46420000000,applied
46450000000,46449756970,0,2,464,46400000000,applied
46514000000,46512113917,1,0,465,46510000000,applied
46516000000,46515677155,0,1,465,46500000000,applied
46548000000,46546909729,1,2,465,46510000000,applied
46552000000,46550320027,0,2,465,46500000000,applied
46560000000,46559871951,2,0,465,46520000000,applied
46568000000,46567074000,2,1,465,46520000000,applied
46638000000,46637929149,1,2,466,46610000000,applied
46646000000,46644866496,0,2,466,46600000000,applied
46652000000,46650082636,0,1,466,46600000000,applied
46654000000,46653973617,1,0,466,46610000000,applied
46656000000,46655953843,2,0,466,46620000000,applied
46662000000,46661434873,2,1,466,46620000000,applied
46718000000,46716989124,0,1,467,46700000000,applied
46720000000,46718316236,1,2,467,46710000000,applied
46726000000,46725957161,0,2,467,46700000000,applied
46746000000,46745593263,2,1,467,46720000000,applied
46752000000,46751600403,1,0,467,46710000000,applied
46772000000,46770084523,2,0,467,46720000000,applied
46820000000,46819702980,1,0,468,46810000000,applied
46828000000,46826173428,0,1,468,46800000000,applied
46836000000,46834176943,0,2,468,46800000000,applied
46842000000,46840143318,1,2,468,46810000000,applied
46852000000,46851629500,2,0,468,46820000000,applied
46854000000,46852748276,2,1,468,46820000000,applied
46910000000,46909044136,0,2,469,46900000000,applied
46932000000,46931925303,1,2,469,46910000000,applied
46934000000,46933446937,2,0,469,46920000000,applied
46950000000,46948185692,1,0,469,46910000000,applied
46952000000,46950265076,0,1,469,46900000000,applied
46972000000,46970095396,2,1,469,46920000000,applied
47014000000,47013291208,0,2,470,47000000000,applied
47028000000,47026438000,1,2,470,47010000000,applied
47030000000,47029176143,2,1,470,47020000000,applied
47034000000,47032533190,1,0,470,47010000000,applied
47052000000,47050009723,0,1,470,47000000000,applied
47068000000,47066549944,2,0,470,47020000000,applied
47110000000,47109584116,0,2,471,47100000000,applied
47118000000,47116528339,1,2,471,47110000000,applied
47120000000,47118138443,1,0,471,47110000000,applied
47122000000,47121004426,2,0,471,47120000000,applied
47134000000,47132425213,0,1,471,47100000000,applied
47134000000,47133256283,2,1,471,47120000000,applied
47212000000,47211175622,1,0,472,47210000000,applied
47216000000,47215176798,0,2,472,47200000000,applied
47226000000,47224694131,0,1,472,47200000000,applied
47230000000,47228295485,2,1,472,47220000000,applied
47232000000,47230827073,2,0,472,47220000000,applied
47250000000,47249239041,1,2,472,47210000000,applied
47318000000,47316030224,1,2,473,47310000000,applied
47328000000,47326683782,2,0,473,47320000000,applied
47332000000,47331431734,1,0,473,47310000000,applied
47348000000,47346034808,0,1,473,47300000000,applied
47348000000,47347443542,0,2,473,47300000000,applied
47352000000,47350490136,2,1,473,47320000000,applied
47412000000,47411601436,0,2,474,47400000000,applied
47416000000,47414393620,1,0,474,47410000000,applied
47418000000,47417764895,1,2,474,47410000000,applied
47420000000,47419419524,0,1,474,47400000000,applied
47446000000,47445450989,2,1,474,47420000000,applied
47464000000,47462032470,2,0,474,47420000000,applied
47512000000,47511088762,1,2,475,47510000000,applied
47532000000,47531791033,0,2,475,47500000000,applied
47536000000,47534073179,0,1,475,47500000000,applied
47554000000,47552640800,1,0,475,47510000000,applied
47564000000,47563819025,2,0,475,47520000000,applied
47566000000,47565926114,2,1,475,47520000000,applied
47618000000,47617970515,0,1,476,47600000000,applied
47628000000,47627926284,2,1,476,47620000000,applied
47634000000,47633994656,0,2,476,47600000000,applied
47650000000,47648908070,1,0,476,47610000000,applied
47656000000,47655211245,1,2,476,47610000000,applied
47658000000,47656708919,2,0,476,47620000000,applied
47720000000,47718984318,1,0,477,47710000000,applied
47722000000,47721634612,2,1,477,47720000000,applied
47744000000,47742229074,0,2,477,47700000000,applied
47746000000,47745486757,0,1,477,47700000000,applied
47748000000,47746267180,1,2,477,47710000000,applied
47750000000,47749700598,2,0,477,47720000000,applied
47818000000,47817151225,0,1,478,47800000000,applied
47822000000,47821558510,1,0,478,47810000000,applied
47830000000,47828050591,2,0,478,47820000000,applied
47848000000,47846903984,0,2,478,47800000000,applied
47858000000,47856676722,1,2,478,47810000000,applied
47864000000,47862647220,2,1,478,47820000000,applied
47910000000,47908837863,0,2,479,47900000000,applied
47914000000,47912850692,1,2,479,47910000000,applied
47916000000,47915737459,0,1,479,47900000000,applied
47924000000,47923174235,2,0,479,47920000000,applied
47934000000,47933231688,1,0,479,47910000000,applied
47946000000,47945821135,2,1,479,47920000000,applied
48026000000,48024824772,0,2,480,48000000000,applied
48026000000,48025085058,1,0,480,48010000000,applied
48030000000,48028112354,0,1,480,48000000000,applied
48032000000,48030217013,2,1,480,48020000000,applied
48032000000,48031281256,2,0,480,48020000000,applied
48054000000,48053695698,1,2,480,48010000000,applied
48106000000,48105896199,0,2,481,48100000000,applied
48110000000,48108281855,0,1,481,48100000000,applied
48120000000,48118167518,1,0,481,48110000000,applied
48130000000,48128152192,2,0,481,48120000000,applied
48132000000,48131044941,1,2,481,48110000000,applied
48134000000,48132928234,2,1,481,48120000000,applied
48214000000,48213157278,0,1,482,48200000000,applied
48230000000,48229517149,1,2,482,48210000000,applied
48240000000,48239396784,2,1,482,48220000000,applied
48244000000,48242629476,0,2,482,48200000000,applied
48246000000,48245187630,1,0,482,48210000000,applied
48266000000,48265664286,2,0,482,48220000000,applied
48306000000,48304977478,0,1,483,48300000000,applied
48314000000,48313393812,0,2,483,48300000000,applied
48316000000,48315326907,1,0,483,48310000000,applied
48336000000,48334584839,2,0,483,48320000000,applied
48352000000,48351562405,1,2,483,48310000000,applied
48352000000,48351878898,2,1,483,48320000000,applied
48410000000,48408804400,0,2,484,48400000000,applied
48422000000,48421878341,0,1,484,48400000000,applied
48446000000,48444386978,2,1,484,48420000000,applied
48448000000,48446322558,1,0,484,48410000000,applied
48458000000,48456453509,2,0,484,48420000000,applied
48458000000,48457289601,1,2,484,48410000000,applied
48502000000,48501862704,0,1,485,48500000000,applied
48538000000,48537861254,0,2,485,48500000000,applied
48540000000,48539996657,1,0,485,48510000000,applied
48546000000,48544020648,1,2,485,48510000000,applied
48548000000,48547475818,2,0,485,48520000000,applied
48556000000,48554984079,2,1,485,48520000000,applied
48610000000,48609110292,0,2,486,48600000000,applied
48618000000,48616612442,0,1,486,48600000000,applied
48630000000,48628919204,2,0,486,48620000000,applied
48646000000,48645994204,2,1,486,48620000000,applied
48656000000,48654563291,1,2,486,48610000000,applied
48656000000,48655248787,1,0,486,48610000000,applied
48718000000,48717083545,1,2,487,48710000000,applied
48720000000,48718547283,0,2,487,48700000000,applied
48742000000,48741982735,0,1,487,48700000000,applied
48754000000,48753209662,1,0,487,48710000000,applied
48764000000,48763021261,2,0,487,48720000000,applied
48764000000,48763243539,2,1,487,48720000000,applied
48804000000,48802679054,0,2,488,48800000000,applied
48822000000,48820249951,1,2,488,48810000000,applied
48828000000,48827039819,2,1,488,48820000000,applied
48830000000,48828409257,0,1,488,48800000000,applied
48852000000,48851341647,1,0,488,48810000000,applied
48872000000,48870286133,2,0,488,48820000000,applied
48906000000,48904974354,0,2,489,48900000000,applied
48926000000,48925192831,0,1,489,48900000000,applied
48932000000,48931017872,1,0,489,48910000000,applied
48944000000,48942999511,2,1,489,48920000000,applied
48948000000,48946953580,2,0,489,48920000000,applied
48952000000,48950192617,1,2,489,48910000000,applied
49006000000,49004264637,0,2,490,49000000000,applied
49008000000,49006545968,0,1,490,49000000000,applied
49022000000,49020960944,1,2,490,49010000000,applied
49046000000,49044577785,2,0,490,49020000000,applied
49046000000,49045599929,1,0,490,49010000000,applied
49068000000,49067331859,2,1,490,49020000000,applied
49112000000,49110300349,0,2,491,49100000000,applied
49122000000,49120178075,1,0,491,49110000000,applied
49126000000,49125146877,2,1,491,49120000000,applied
49128000000,49126486785,2,0,491,49120000000,applied
49136000000,49134933164,0,1,491,49100000000,applied
49146000000,49145352056,1,2,491,49110000000,applied
49208000000,49207568616,0,1,492,49200000000,applied
49234000000,49233694354,1,0,492,49210000000,applied
49240000000,49239489233,1,2,492,49210000000,applied
49242000000,49240206447,0,2,492,49200000000,applied
49252000000,49251313084,2,1,492,49220000000,applied
49254000000,49253745967,2,0,492,49220000000,applied
49308000000,49307876834,0,2,493,49300000000,applied
49322000000,49321504206,0,1,493,49300000000,applied
49354000000,49352698858,2,1,493,49320000000,applied
49358000000,49357017989,1,2,493,49310000000,applied
49358000000,49357393003,1,0,493,49310000000,applied
49358000000,49357427060,2,0,493,49320000000,applied
49410000000,49408553159,0,1,494,49400000000,applied
49418000000,49416135381,0,2,494,49400000000,applied
49430000000,49429603340,1,0,494,49410000000,applied
49438000000,49436931923,1,2,494,49410000000,applied
49440000000,49439274921,2,1,494,49420000000,applied
49462000000,49460864926,2,0,494,49420000000,applied
49504000000,49503926587,0,2,495,49500000000,applied
49508000000,49506903509,0,1,495,49500000000,applied
49524000000,49523344784,2,1,495,49520000000,applied
49528000000,49526954815,1,2,495,49510000000,applied
49534000000,49532585526,2,0,495,49520000000,applied
49546000000,49544374830,1,0,495,49510000000,applied
49630000000,49629770554,0,1,496,49600000000,applied
49630000000,49629910454,0,2,496,49600000000,applied
49642000000,49640223515,2,0,496,49620000000,applied
49646000000,49644920338,1,0,496,49610000000,applied
49654000000,49653860290,1,2,496,49610000000,applied
49668000000,49666473409,2,1,496,49620000000,applied
49718000000,49717046579,1,0,497,49710000000,applied
49724000000,49722512279,2,1,497,49720000000,applied
49728000000,49726898025,0,1,497,49700000000,applied
49746000000,49744450120,1,2,497,49710000000,applied
49748000000,49746202017,0,2,497,49700000000,applied
49770000000,49769577199,2,0,497,49720000000,applied
49806000000,49805681747,0,2,498,49800000000,applied
49828000000,49826533823,1,0,498,49810000000,applied
49836000000,49834561289,2,0,498,49820000000,applied
49836000000,49835178729,0,1,498,49800000000,applied
49840000000,49839925693,2,1,498,49820000000,applied
49856000000,49855326630,1,2,498,49810000000,applied
49906000000,49904492990,0,1,499,49900000000,applied
49928000000,49926947230,1,0,499,49910000000,applied
49930000000,49928723213,0,2,499,49900000000,applied
49942000000,49940591517,2,1,499,49920000000,applied
49942000000,49941770901,2,0,499,49920000000,applied
49952000000,49951587043,1,2,499,49910000000,applied
50018000000,50017069308,0,2,500,50000000000,applied
50028000000,50027243145,2,1,500,50020000000,applied
50038000000,50036920392,1,0,500,50010000000,applied
50040000000,50039733693,2,0,500,50020000000,applied
50040000000,50039897063,0,1,500,50000000000,applied
50046000000,50044535889,1,2,500,50010000000,applied
50108000000,50106191932,0,2,501,50100000000,applied
50122000000,50120308034,1,2,501,50110000000,applied
50122000000,50120592263,0,1,501,50100000000,applied
50122000000,50121471139,2,0,501,50120000000,applied
50134000000,50132108704,1,0,501,50110000000,applied
50158000000,50156543334,2,1,501,50120000000,applied
50226000000,50224380401,2,0,502,50220000000,applied
50228000000,50226032365,0,2,502,50200000000,applied
50240000000,50239836455,1,0,502,50210000000,applied
50242000000,50241604360,1,2,502,50210000000,applied
50250000000,50249629314,0,1,502,50200000000,applied
50254000000,50253993499,2,1,502,50220000000,applied
50326000000,50324521571,2,1,503,50320000000,applied
50326000000,50324564160,0,2,503,50300000000,applied
50330000000,50328337511,1,2,503,50310000000,applied
50338000000,50336159100,0,1,503,50300000000,applied
50348000000,50346997928,1,0,503,50310000000,applied
50368000000,50366644580,2,0,503,50320000000,applied
50414000000,50413329685,0,2,504,50400000000,applied
50418000000,50416528070,0,1,504,50400000000,applied
50426000000,50425605000,2,1,504,50420000000,applied
50436000000,50435684848,2,0,504,50420000000,applied
50440000000,50439548025,1,2,504,50410000000,applied
50440000000,50439721607,1,0,504,50410000000,applied
50510000000,50509579434,0,2,505,50500000000,applied
50518000000,50517565071,0,1,505,50500000000,applied
50540000000,50539014590,2,1,505,50520000000,applied
50548000000,50546595585,1,2,505,50510000000,applied
50550000000,50548427842,2,0,505,50520000000,applied
50558000000,50556642039,1,0,505,50510000000,applied
50604000000,50602676107,0,1,506,50600000000,applied
50624000000,50622255288,1,0,506,50610000000,applied
50626000000,50624158291,0,2,506,50600000000,applied
50630000000,50628883418,1,2,506,50610000000,applied
50648000000,50646613873,2,0,506,50620000000,applied
50664000000,50663274929,2,1,506,50620000000,applied
50714000000,50712237212,0,1,507,50700000000,applied
50734000000,50733552003,0,2,507,50700000000,applied
50738000000,50736719404,1,2,507,50710000000,applied
50738000000,50737072723,2,0,507,50720000000,applied
50742000000,50740592368,1,0,507,50710000000,applied
50770000000,50769108236,2,1,507,50720000000,applied
50816000000,50814560552,1,0,508,50810000000,applied
50840000000,50838451957,1,2,508,50810000000,applied
50846000000,50845623234,0,2,508,50800000000,applied
50850000000,50849142528,0,1,508,50800000000,applied
50862000000,50860124038,2,0,508,50820000000,applied
50864000000,50862821314,2,1,508,50820000000,applied
50902000000,50901462678,0,1,509,50900000000,applied
50918000000,50916157849,1,0,509,50910000000,applied
50918000000,50917342756,0,2,509,50900000000,applied
50932000000,50930978150,2,1,509,50920000000,applied
50940000000,50938053609,1,2,509,50910000000,applied
50954000000,50953202080,2,0,509,50920000000,applied
51022000000,51021361669,2,0,510,51020000000,applied
51038000000,51036868867,1,0,510,51010000000,applied
51038000000,51037557336,2,1,510,51020000000,applied
51044000000,51043319958,0,1,510,51000000000,applied
51046000000,51044424962,0,2,510,51000000000,applied
51050000000,51049755694,1,2,510,51010000000,applied
51110000000,51108121116,0,2,511,51100000000,applied
51114000000,51113835351,1,2,511,51110000000,applied
51128000000,51126106452,2,1,511,51120000000,applied
51130000000,51128392468,2,0,511,51120000000,applied
51136000000,51134438934,0,1,511,51100000000,applied
51156000000,51154279702,1,0,511,51110000000,applied
51206000000,51205504754,0,1,512,51200000000,applied
51220000000,51218720497,0,2,512,51200000000,applied
51236000000,51235935871,2,0,512,51220000000,applied
51238000000,51236715698,2,1,512,51220000000,applied
51246000000,51244590259,1,0,512,51210000000,applied
51248000000,51247286695,1,2,512,51210000000,applied
51312000000,51311950217,1,0,513,51310000000,applied
51328000000,51327257428,1,2,513,51310000000,applied
51330000000,51328636723,0,2,513,51300000000,applied
51338000000,51337766735,0,1,513,51300000000,applied
51348000000,51346660491,2,1,513,51320000000,applied
51350000000,51348060816,2,0,513,51320000000,applied
51420000000,51419883086,0,2,514,51400000000,applied
51432000000,51431829917,1,2,514,51410000000,applied
51438000000,51437823875,0,1,514,51400000000,applied
51442000000,51441470271,1,0,514,51410000000,applied
51452000000,51451247226,2,0,514,51420000000,applied
51462000000,51461808807,2,1,514,51420000000,applied
51518000000,51517867586,1,2,515,51510000000,applied
51524000000,51523899605,0,2,515,51500000000,applied
51530000000,51529652262,1,0,515,51510000000,applied
51540000000,51539612699,2,0,515,51520000000,applied
51542000000,51540714463,0,1,515,51500000000,applied
51562000000,51560050305,2,1,515,51520000000,applied
51634000000,51633875845,0,2,516,51600000000,applied
51640000000,51638869838,1,0,516,51610000000,applied
51646000000,51644556869,0,1,516,51600000000,applied
51652000000,51651163906,1,2,516,51610000000,applied
51652000000,51651646382,2,0,516,51620000000,applied
51654000000,51652616595,2,1,516,51620000000,applied
51710000000,51709823944,0,2,517,51700000000,applied
51724000000,51723052293,1,0,517,51710000000,applied
51728000000,51727986502,0,1,517,51700000000,applied
51730000000,51729065260,2,0,517,51720000000,applied
51732000000,51731374782,2,1,517,51720000000,applied
51758000000,51757044362,1,2,517,51710000000,applied
51822000000,51820485427,1,2,518,51810000000,applied
51830000000,51828702688,0,1,518,51800000000,applied
51834000000,51833561851,0,2,518,51800000000,applied
51848000000,51846053377,1,0,518,51810000000,applied
51850000000,51849702411,2,1,518,51820000000,applied
51870000000,51868130697,2,0,518,51820000000,applied
51908000000,51906793144,0,2,519,51900000000,applied
51910000000,51909212874,0,1,519,51900000000,applied
51922000000,51921289635,2,0,519,51920000000,applied
51924000000,51923210333,1,2,519,51910000000,applied
51936000000,51935234926,1,0,519,51910000000,applied
51944000000,51942121891,2,1,519,51920000000,applied
52006000000,52005363956,0,1,520,52000000000,applied
52026000000,52024801184,1,2,520,52010000000,applied
52042000000,52040945882,0,2,520,52000000000,applied
52042000000,52041691360,2,0,520,52020000000,applied
52058000000,52056765018,1,0,520,52010000000,applied
52068000000,52066798846,2,1,520,52020000000,applied
52120000000,52118797061,1,0,521,52110000000,applied
52132000000,52131350010,0,1,521,52100000000,applied
52132000000,52131558380,2,1,521,52120000000,applied
52134000000,52132188760,0,2,521,52100000000,applied
52148000000,52147112003,2,0,521,52120000000,applied
52152000000,52151215516,1,2,521,52110000000,applied
52206000000,52204741629,0,1,522,52200000000,applied
52232000000,52230780814,1,2,522,52210000000,applied
52238000000,52236048805,0,2,522,52200000000,applied
52252000000,52250144277,1,0,522,52210000000,applied
52258000000,52256145535,2,1,522,52220000000,applied
52266000000,52264965993,2,0,522,52220000000,applied
52306000000,52304926205,0,1,523,52300000000,applied
52324000000,52322995617,1,0,523,52310000000,applied
52342000000,52341071575,0,2,523,52300000000,applied
52350000000,52348746274,2,0,523,52320000000,applied
52360000000,52358632534,1,2,523,52310000000,applied
52366000000,52365395272,2,1,523,52320000000,applied
52404000000,52403581723,0,2,524,52400000000,applied
52420000000,52419153183,1,2,524,52410000000,applied
52420000000,52419218006,1,0,524,52410000000,applied
52434000000,52432128125,2,0,524,52420000000,applied
52438000000,52436522681,0,1,524,52400000000,applied
52470000000,52469869975,2,1,524,52420000000,applied
52506000000,52505074466,0,1,525,52500000000,applied
52520000000,52518572130,1,2,525,52510000000,applied
52546000000,52544796710,0,2,525,52500000000,applied
52556000000,52554754719,1,0,525,52510000000,applied
52566000000,52565352051,2,0,525,52520000000,applied
52568000000,52566208870,2,1,525,52520000000,applied
52610000000,52609130905,0,2,526,52600000000,applied
52618000000,52617746197,0,1,526,52600000000,applied
52628000000,52626400730,2,0,526,52620000000,applied
52630000000,52628146325,1,0,526,52610000000,applied
52636000000,52634533669,2,1,526,52620000000,applied
52646000000,52645352493,1,2,526,52610000000,applied
52704000000,52703105706,0,2,527,52700000000,applied
52714000000,52713173202,1,2,527,52710000000,applied
52730000000,52729865370,1,0,527,52710000000,applied
52742000000,52741518923,0,1,527,52700000000,applied
52746000000,52745440099,2,1,527,52720000000,applied
52760000000,52758439741,2,0,527,52720000000,applied
52822000000,52821791658,1,0,528,52810000000,applied
52828000000,52827185996,2,1,528,52820000000,applied
52830000000,52828164538,0,2,528,52800000000,applied
52830000000,52828350969,2,0,528,52820000000,applied
52830000000,52828789743,0,1,528,52800000000,applied
52844000000,52842855633,1,2,528,52810000000,applied
52902000000,52901856432,0,1,529,52900000000,applied
52924000000,52923535178,0,2,529,52900000000,applied
52926000000,52924300884,2,0,529,52920000000,applied
52936000000,52935288140,1,0,529,52910000000,applied
52952000000,52950346196,1,2,529,52910000000,applied
52958000000,52957675687,2,1,529,52920000000,applied
53008000000,53007383678,0,2,530,53000000000,applied
53016000000,53014044505,0,1,530,53000000000,applied
53024000000,53023183351,1,2,530,53010000000,applied
53038000000,53037495391,2,1,530,53020000000,applied
53040000000,53038567196,1,0,530,53010000000,applied
53054000000,53052009292,2,0,530,53020000000,applied
53114000000,53113488624,1,2,531,53110000000,applied
53122000000,53121600655,0,1,531,53100000000,applied
53132000000,53131026786,1,0,531,53110000000,applied
53136000000,53135143352,2,0,531,53120000000,applied
53140000000,53138149215,0,2,531,53100000000,applied
53142000000,53141343055,2,1,531,53120000000,applied
53210000000,53209697258,0,1,532,53200000000,applied
53222000000,53220621076,0,2,532,53200000000,applied
53256000000,53254858703,1,2,532,53210000000,applied
53256000000,53255241478,1,0,532,53210000000,applied
53264000000,53263535825,2,0,532,53220000000,applied
53266000000,53264989406,2,1,532,53220000000,applied
53318000000,53316511974,0,1,533,53300000000,applied
53322000000,53321937789,0,2,533,53300000000,applied
53330000000,53328760096,2,1,533,53320000000,applied
53330000000,53329599406,2,0,533,53320000000,applied
53354000000,53352553798,1,2,533,53310000000,applied
53358000000,53356917444,1,0,533,53310000000,applied
53412000000,53411072554,0,2,534,53400000000,applied
53430000000,53428345658,0,1,534,53400000000,applied
53448000000,53447225806,1,2,534,53410000000,applied
53450000000,53449566788,2,1,534,53420000000,applied
53460000000,53458964592,1,0,534,53410000000,applied
53470000000,53468022648,2,0,534,53420000000,applied
53524000000,53523543558,0,2,535,53500000000,applied
53530000000,53529105062,0,1,535,53500000000,applied
53530000000,53529242173,2,1,535,53520000000,applied
53534000000,53532256196,1,0,535,53510000000,applied
53540000000,53538400615,1,2,535,53510000000,applied
53570000000,53568506768,2,0,535,53520000000,applied
53622000000,53621729365,0,2,536,53600000000,applied
53626000000,53625041579,2,0,536,53620000000,applied
53628000000,53627966154,2,1,536,53620000000,applied
53636000000,53635455536,1,2,536,53610000000,applied
53636000000,53635846944,0,1,536,53600000000,applied
53640000000,53639798854,1,0,536,53610000000,applied
53716000000,53714317726,0,2,537,53700000000,applied
53718000000,53716015287,1,0,537,53710000000,applied
53720000000,53719040928,1,2,537,53710000000,applied
53724000000,53722652424,2,1,537,53720000000,applied
53738000000,53736414512,2,0,537,53720000000,applied
53752000000,53750006368,0,1,537,53700000000,applied
53822000000,53820665175,2,0,538,53820000000,applied
53828000000,53826682559,0,2,538,53800000000,applied
53828000000,53827511033,0,1,538,53800000000,applied
53836000000,53834613436,2,1,538,53820000000,applied
53840000000,53838041124,1,2,538,53810000000,applied
53850000000,53849240968,1,0,538,53810000000,applied
53920000000,53919238882,0,2,539,53900000000,applied
53934000000,53932560641,0,1,539,53900000000,applied
53936000000,53934654785,1,2,539,53910000000,applied
53950000000,53948042403,1,0,539,53910000000,applied
53966000000,53964530225,2,0,539,53920000000,applied
53966000000,53964987670,2,1,539,53920000000,applied
54006000000,54004596805,0,1,540,54000000000,applied
54018000000,54016549398,1,0,540,54010000000,applied
54028000000,54026898192,0,2,540,54000000000,applied
54050000000,54049310107,2,0,540,54020000000,applied
54056000000,54054254425,1,2,540,54010000000,applied
54064000000,54063874336,2,1,540,54020000000,applied
54116000000,54115353794,0,1,541,54100000000,applied
54120000000,54119574651,1,2,541,54110000000,applied
54122000000,54120325708,1,0,541,54110000000,applied
54126000000,54125272102,2,0,541,54120000000,applied
54138000000,54136806511,2,1,541,54120000000,applied
54148000000,54146591335,0,2,541,54100000000,applied
54232000000,54231348826,0,2,542,54200000000,applied
54238000000,54236123121,1,0,542,54210000000,applied
54240000000,54239615463,1,2,542,54210000000,applied
54242000000,54240367775,2,0,542,54220000000,applied
54242000000,54240504622,0,1,542,54200000000,applied
54246000000,54245897151,2,1,542,54220000000,applied
54328000000,54327931072,2,0,543,54320000000,applied
54330000000,54329360944,1,0,543,54310000000,applied
54338000000,54337000630,0,1,543,54300000000,applied
54338000000,54337351780,2,1,543,54320000000,applied
54344000000,54342489500,0,2,543,54300000000,applied
54344000000,54342974684,1,2,543,54310000000,applied
54414000000,54413769953,0,1,544,54400000000,applied
54434000000,54432058966,1,0,544,54410000000,applied
54452000000,54450283971,0,2,544,54400000000,applied
54454000000,54452147479,2,1,544,54420000000,applied
54460000000,54458764728,1,2,544,54410000000,applied
54462000000,54461985794,2,0,544,54420000000,applied
54514000000,54513214488,0,2,545,54500000000,applied
54516000000,54514062589,0,1,545,54500000000,applied
54524000000,54523528037,1,2,545,54510000000,applied
54538000000,54536969472,1,0,545,54510000000,applied
54560000000,54559294335,2,0,545,54520000000,applied
54568000000,54566392961,2,1,545,54520000000,applied
54608000000,54607441819,0,1,546,54600000000,applied
54624000000,54623000912,1,0,546,54610000000,applied
54628000000,54626690916,2,1,546,54620000000,applied
54628000000,54627595634,2,0,546,54620000000,applied
54638000000,54637575438,0,2,546,54600000000,applied
54660000000,54658289330,1,2,546,54610000000,applied
54706000000,54705474205,0,2,547,54700000000,applied
54716000000,54714430535,1,0,547,54710000000,applied
54724000000,54722281954,1,2,547,54710000000,applied
54724000000,54723442885,2,0,547,54720000000,applied
54734000000,54733245134,0,1,547,54700000000,applied
54752000000,54750301488,2,1,547,54720000000,applied
54808000000,54807630301,0,1,548,54800000000,applied
54812000000,54811091641,1,2,548,54810000000,applied
54824000000,54822397368,0,2,548,54800000000,applied
54826000000,54825700600,1,0,548,54810000000,applied
54842000000,54840917279,2,1,548,54820000000,applied
54864000000,54863748008,2,0,548,54820000000,applied
54904000000,54902942233,0,1,549,54900000000,applied
54912000000,54911436215,1,0,549,54910000000,applied
54934000000,54932730798,1,2,549,54910000000,applied
54938000000,54937922193,0,2,549,54900000000,applied
54942000000,54941611832,2,0,549,54920000000,applied
54964000000,54963944665,2,1,549,54920000000,applied
55016000000,55015413737,1,0,550,55010000000,applied
55032000000,55030306459,0,1,550,55000000000,applied
55036000000,55034851565,2,1,550,55020000000,applied
55038000000,55036741753,1,2,550,55010000000,applied
55044000000,55042887009,0,2,550,55000000000,applied
55054000000,55053022696,2,0,550,55020000000,applied
55116000000,55115598629,0,2,551,55100000000,applied
55128000000,55127427739,2,0,551,55120000000,applied
55134000000,55132156427,2,1,551,55120000000,applied
55138000000,55136066217,1,0,551,55110000000,applied
55144000000,55143079600,0,1,551,55100000000,applied
55144000000,55143386786,1,2,551,55110000000,applied
55224000000,55223680851,0,2,552,55200000000,applied
55230000000,55229317224,0,1,552,55200000000,applied
55236000000,55235927325,2,1,552,55220000000,applied
55240000000,55239733933,1,2,552,55210000000,applied
55252000000,55251743666,1,0,552,55210000000,applied
55258000000,55257729153,2,0,552,55220000000,applied
55312000000,55310150994,0,1,553,55300000000,applied
55328000000,55326902446,1,0,553,55310000000,applied
55332000000,55330767172,2,0,553,55320000000,applied
55332000000,55331154368,0,2,553,55300000000,applied
55338000000,55337733348,1,2,553,55310000000,applied
55342000000,55341775622,2,1,553,55320000000,applied
55412000000,55410805650,1,2,554,55410000000,applied
55416000000,55415240624,0,2,554,55400000000,applied
55422000000,55421174200,1,0,554,55410000000,applied
55432000000,55430500300,0,1,554,55400000000,applied
55436000000,55435470320,2,0,554,55420000000,applied
55458000000,55457056921,2,1,554,55420000000,applied
55510000000,55509028739,0,2,555,55500000000,applied
55524000000,55522977842,1,0,555,55510000000,applied
55530000000,55529650448,0,1,555,55500000000,applied
55550000000,55549329733,1,2,555,55510000000,applied
55568000000,55567001954,2,0,555,55520000000,applied
55568000000,55567372874,2,1,555,55520000000,applied
55620000000,55618425951,0,1,556,55600000000,applied
55622000000,55621811336,1,0,556,55610000000,applied
55636000000,55634587219,0,2,556,55600000000,applied
55654000000,55652252449,1,2,556,55610000000,applied
55656000000,55654000918,2,1,556,55620000000,applied
55668000000,55666347598,2,0,556,55620000000,applied
55708000000,55706525445,0,1,557,55700000000,applied
55724000000,55722981230,1,2,557,55710000000,applied
55736000000,55735049511,2,1,557,55720000000,applied
55738000000,55736351874,1,0,557,55710000000,applied
55740000000,55738143460,2,0,557,55720000000,applied
55746000000,55745351385,0,2,557,55700000000,applied
55804000000,55802970594,0,2,558,55800000000,applied
55808000000,55807643061,0,1,558,55800000000,applied
55822000000,55821086707,1,0,558,55810000000,applied
55844000000,55843957027,1,2,558,55810000000,applied
55852000000,55850635002,2,1,558,55820000000,applied
55870000000,55869896757,2,0,558,55820000000,applied
55912000000,55911560457,1,2,559,55910000000,applied
55922000000,55921616021,2,1,559,55920000000,applied
55932000000,55930169655,1,0,559,55910000000,applied
55940000000,55939701308,0,2,559,55900000000,applied
55946000000,55944548921,0,1,559,55900000000,applied
55964000000,55963067033,2,0,559,55920000000,applied
56024000000,56023138101,1,0,560,56010000000,applied
56026000000,56025985527,1,2,560,56010000000,applied
56034000000,56033695813,0,1,560,56000000000,applied
56042000000,56041579557,0,2,560,56000000000,applied
56060000000,56059859975,2,0,560,56020000000,applied
56066000000,56064486250,2,1,560,56020000000,applied
56130000000,56129958200,1,0,561,56110000000,applied
56136000000,56135469381,0,1,561,56100000000,applied
56138000000,56137480411,0,2,561,56100000000,applied
56144000000,56142547123,2,1,561,56120000000,applied
56152000000,56150160563,1,2,561,56110000000,applied
56156000000,56155377282,2,0,561,56120000000,applied
56218000000,56216712382,0,2,562,56200000000,applied
56218000000,56217302100,1,2,562,56210000000,applied
56224000000,56222213477,0,1,562,56200000000,applied
56224000000,56222803278,2,1,562,56220000000,applied
56242000000,56240441051,1,0,562,56210000000,applied
56242000000,56240524750,2,0,562,56220000000,applied
56310000000,56309319553,0,2,563,56300000000,applied
56314000000,56312679752,0,1,563,56300000000,applied
56316000000,56314555265,1,2,563,56310000000,applied
56326000000,56324665716,2,1,563,56320000000,applied
56328000000,56327561237,2,0,563,56320000000,applied
56350000000,56349167624,1,0,563,56310000000,applied
56414000000,56412614977,1,2,564,56410000000,applied
56434000000,56433079154,2,0,564,56420000000,applied
56436000000,56435683402,0,2,564,56400000000,applied
56440000000,56438327947,2,1,564,56420000000,applied
56448000000,56446723508,0,1,564,56400000000,applied
56452000000,56451605452,1,0,564,56410000000,applied
56514000000,56512388638,1,0,565,56510000000,applied
56516000000,56514046744,1,2,565,56510000000,applied
56516000000,56515940033,0,2,565,56500000000,applied
56526000000,56524629891,0,1,565,56500000000,applied
56546000000,56544322604,2,0,565,56520000000,applied
56568000000,56567416552,2,1,565,56520000000,applied
56604000000,56603492642,0,2,566,56600000000,applied
56624000000,56623296607,0,1,566,56600000000,applied
56634000000,56632442427,2,1,566,56620000000,applied
56644000000,56643736301,2,0,566,56620000000,applied
56658000000,56656648199,1,0,566,56610000000,applied
56660000000,56658124908,1,2,566,56610000000,applied
56706000000,56705872309,0,2,567,56700000000,applied
56724000000,56722188568,1,0,567,56710000000,applied
56724000000,56723011896,0,1,567,56700000000,applied
56742000000,56740393744,2,1,567,56720000000,applied
56746000000,56744104193,1,2,567,56710000000,applied
56770000000,56768977077,2,0,567,56720000000,applied
56834000000,56833623494,1,2,568,56810000000,applied
56838000000,56837347645,0,1,568,56800000000,applied
56842000000,56840987936,1,0,568,56810000000,applied
56844000000,56843945894,0,2,568,56800000000,applied
56846000000,56845175055,2,0,568,56820000000,applied
56868000000,56867053131,2,1,568,56820000000,applied
56912000000,56910069423,0,2,569,56900000000,applied
56912000000,56910478577,1,2,569,56910000000,applied
56920000000,56919348628,0,1,569,56900000000,applied
56938000000,56936722517,1,0,569,56910000000,applied
56956000000,56954033938,2,1,569,56920000000,applied
56956000000,56954092825,2,0,569,56920000000,applied
57016000000,57015271061,0,2,570,57000000000,applied
57044000000,57042157936,2,1,570,57020000000,applied
57044000000,57043803558,0,1,570,57000000000,applied
57052000000,57051357368,1,2,570,57010000000,applied
57056000000,57055353100,1,0,570,57010000000,applied
57064000000,57062055933,2,0,570,57020000000,applied
57122000000,57120392856,0,1,571,57100000000,applied
57128000000,57126313416,2,0,571,57120000000,applied
57130000000,57129178893,2,1,571,57120000000,applied
57130000000,57129259065,0,2,571,57100000000,applied
57140000000,57138898107,1,0,571,57110000000,applied
57144000000,57142259156,1,2,571,57110000000,applied
57216000000,57215648502,0,2,572,57200000000,applied
57220000000,57218903889,1,2,572,57210000000,applied
57222000000,57220162604,1,0,572,57210000000,applied
57240000000,57238810875,0,1,572,57200000000,applied
57250000000,57248997277,2,1,572,57220000000,applied
57256000000,57254560219,2,0,572,57220000000,applied
57316000000,57315816538,0,2,573,57300000000,applied
57336000000,57334299299,0,1,573,57300000000,applied
57336000000,57335294009,1,0,573,57310000000,applied
57340000000,57338213394,2,1,573,57320000000,applied
57340000000,57338387980,2,0,573,57320000000,applied
57356000000,57355660238,1,2,573,57310000000,applied
57404000000,57403460971,0,2,574,57400000000,applied
57414000000,57413226805,0,1,574,57400000000,applied
57430000000,57428864002,1,2,574,57410000000,applied
57452000000,57451537639,2,1,574,57420000000,applied
57456000000,57455255221,2,0,574,57420000000,applied
57458000000,57457296686,1,0,574,57410000000,applied
57516000000,57515651709,1,0,575,57510000000,applied
57528000000,57526478795,0,2,575,57500000000,applied
57546000000,57545816914,1,2,575,57510000000,applied
57548000000,57546415629,0,1,575,57500000000,applied
57550000000,57548528554,2,0,575,57520000000,applied
57552000000,57551135905,2,1,575,57520000000,applied
57618000000,57616364908,0,1,576,57600000000,applied
57622000000,57621672129,2,1,576,57620000000,applied
57626000000,57624871214,0,2,576,57600000000,applied
57634000000,57632372023,1,2,576,57610000000,applied
57650000000,57649460061,1,0,576,57610000000,applied
57650000000,57649555530,2,0,576,57620000000,applied
57712000000,57711651682,1,2,577,57710000000,applied
57714000000,57712773267,0,1,577,57700000000,applied
57726000000,57724187318,2,0,577,57720000000,applied
57732000000,57730337118,1,0,577,57710000000,applied
57738000000,57736597213,0,2,577,57700000000,applied
57754000000,57753713312,2,1,577,57720000000,applied
57802000000,57801634447,0,2,578,57800000000,applied
57820000000,57818613973,0,1,578,57800000000,applied
57824000000,57823806527,2,1,578,57820000000,applied
57842000000,57840381805,1,0,578,57810000000,applied
57850000000,57849714190,1,2,578,57810000000,applied
57854000000,57853542883,2,0,578,57820000000,applied
57912000000,57911520571,0,1,579,57900000000,applied
57930000000,57929201964,0,2,579,57900000000,applied
57932000000,57930200987,2,1,579,57920000000,applied
57934000000,57932483653,1,2,579,57910000000,applied
57946000000,57944312917,1,0,579,57910000000,applied
57962000000,57961650561,2,0,579,57920000000,applied
58034000000,58033179440,0,1,580,58000000000,applied
58038000000,58036362970,1,0,580,58010000000,applied
58038000000,58036893925,0,2,580,58000000000,applied
58040000000,58039845040,2,1,580,58020000000,applied
58046000000,58044784913,2,0,580,58020000000,applied
58050000000,58048850702,1,2,580,58010000000,applied
58116000000,58115776978,0,2,581,58100000000,applied
58124000000,58122663427,1,0,581,58110000000,applied
58134000000,58133373975,1,2,581,58110000000,applied
58138000000,58137996979,0,1,581,58100000000,applied
58152000000,58151241118,2,1,581,58120000000,applied
58162000000,58161772372,2,0,581,58120000000,applied
58224000000,58223897891,2,0,582,58220000000,applied
58228000000,58227548880,0,2,582,58200000000,applied
58230000000,58228645384,1,2,582,58210000000,applied
58232000000,58231448360,0,1,582,58200000000,applied
58234000000,58233530564,2,1,582,58220000000,applied
58244000000,58242894837,1,0,582,58210000000,applied
58312000000,58311251663,1,0,583,58310000000,applied
58328000000,58326048997,0,2,583,58300000000,applied
58336000000,58334721990,2,0,583,58320000000,applied
58348000000,58346003667,0,1,583,58300000000,applied
58362000000,58360370807,1,2,583,58310000000,applied
58362000000,58361284341,2,1,583,58320000000,applied
58412000000,58411488129,1,0,584,58410000000,applied
58432000000,58431093059,0,1,584,58400000000,applied
58438000000,58437735763,0,2,584,58400000000,applied
58452000000,58450002543,1,2,584,58410000000,applied
58464000000,58462999111,2,1,584,58420000000,applied
58470000000,58468269397,2,0,584,58420000000,applied
58510000000,58508150010,0,2,585,58500000000,applied
58518000000,58516581381,1,2,585,58510000000,applied
58520000000,58519649196,1,0,585,58510000000,applied
58522000000,58520717280,0,1,585,58500000000,applied
58558000000,58557684891,2,1,585,58520000000,applied
58560000000,58558263053,2,0,585,58520000000,applied
58606000000,58605970784,0,2,586,58600000000,applied
58622000000,58620067242,1,0,586,58610000000,applied
58628000000,58627938610,0,1,586,58600000000,applied
58634000000,58633142039,1,2,586,58610000000,applied
58636000000,58635137238,2,1,586,58620000000,applied
58664000000,58663509035,2,0,586,58620000000,applied
58726000000,58724805312,2,0,587,58720000000,applied
58728000000,58727767534,1,0,587,58710000000,applied
58734000000,58732164295,2,1,587,58720000000,applied
58734000000,58733079992,1,2,587,58710000000,applied
58742000000,58741341059,0,2,587,58700000000,applied
58748000000,58746959707,0,1,587,58700000000,applied
58806000000,58805959928,0,1,588,58800000000,applied
58834000000,58832178400,0,2,588,58800000000,applied
58836000000,58835568542,1,2,588,58810000000,applied
58842000000,58840465686,1,0,588,58810000000,applied
58842000000,58840950160,2,1,588,58820000000,applied
58860000000,58858051546,2,0,588,58820000000,applied
58922000000,58920102261,0,2,589,58900000000,applied
58932000000,58930981750,1,0,589,58910000000,applied
58934000000,58932129531,0,1,589,58900000000,applied
58944000000,58942171074,2,1,589,58920000000,applied
58946000000,58945446396,1,2,589,58910000000,applied
58950000000,58948549226,2,0,589,58920000000,applied
59010000000,59009010871,0,2,590,59000000000,applied
59016000000,59014632737,0,1,590,59000000000,applied
59026000000,59024318509,2,1,590,59020000000,applied
59036000000,59035052103,1,0,590,59010000000,applied
59044000000,59042361631,2,0,590,59020000000,applied
59054000000,59053149987,1,2,590,59010000000,applied
59112000000,59111002641,0,1,591,59100000000,applied
59132000000,59130442026,1,2,591,59110000000,applied
59134000000,59133532027,0,2,591,59100000000,applied
59140000000,59138934094,2,0,591,59120000000,applied
59144000000,59142829592,1,0,591,59110000000,applied
59166000000,59164022898,2,1,591,59120000000,applied
59214000000,59212962918,0,1,592,59200000000,applied
59240000000,59238906400,2,0,592,59220000000,applied
59242000000,59241831127,0,2,592,59200000000,applied
59250000000,59249277645,2,1,592,59220000000,applied
59250000000,59249793190,1,0,592,59210000000,applied
59258000000,59256029229,1,2,592,59210000000,applied
59316000000,59315785707,1,0,593,59310000000,applied
59328000000,59326460963,1,2,593,59310000000,applied
59328000000,59326689811,0,2,593,59300000000,applied
59330000000,59329800361,2,0,593,59320000000,applied
59340000000,59339424563,0,1,593,59300000000,applied
59354000000,59352856059,2,1,593,59320000000,applied
59418000000,59417286916,0,1,594,59400000000,applied
59428000000,59427156499,0,2,594,59400000000,applied
59438000000,59437475889,2,0,594,59420000000,applied
59440000000,59438646102,1,0,594,59410000000,applied
59456000000,59454038940,2,1,594,59420000000,applied
59458000000,59457347708,1,2,594,59410000000,applied
59516000000,59514332713,0,1,595,59500000000,applied
59520000000,59518662689,1,0,595,59510000000,applied
59538000000,59536116941,0,2,595,59500000000,applied
59540000000,59538169440,2,0,595,59520000000,applied
59544000000,59542996162,1,2,595,59510000000,applied
59568000000,59567799990,2,1,595,59520000000,applied
59624000000,59623489439,0,2,596,59600000000,applied
59626000000,59625157922,0,1,596,59600000000,applied
59636000000,59634028967,2,1,596,59620000000,applied
59636000000,59634880897,1,0,596,59610000000,applied
59642000000,59640161607,1,2,596,59610000000,applied
59646000000,59645808991,2,0,596,59620000000,applied
59718000000,59716645167,0,1,597,59700000000,applied
59722000000,59721395317,1,0,597,59710000000,applied
59736000000,59734326423,1,2,597,59710000000,applied
59736000000,59734757113,2,1,597,59720000000,applied
59738000000,59736760375,0,2,597,59700000000,applied
59754000000,59752538892,2,0,597,59720000000,applied
59824000000,59823021348,2,0,598,59820000000,applied
59840000000,59838474852,1,0,598,59810000000,applied
59842000000,59840776322,0,2,598,59800000000,applied
59846000000,59844361558,1,2,598,59810000000,applied
59850000000,59849175161,0,1,598,59800000000,applied
59858000000,59856577904,2,1,598,59820000000,applied
59902000000,59901668021,0,2,599,59900000000,applied
59942000000,59940838675,2,0,599,59920000000,applied
59944000000,59943138992,2,1,599,59920000000,applied
59950000000,59949789373,1,2,599,59910000000,applied
59952000000,59950152773,0,1,599,59900000000,applied
59960000000,59958303197,1,0,599,59910000000,applied
