t,id,x,y,theta,v,omega,gap_err,belief_err
0.0,0,3.00000,-2.50000,0.00000,0.00000,0.00000,0.00000,
0.0,1,2.00000,-2.50000,0.00000,0.00000,0.00000,0.00000,
0.0,2,1.00000,-2.50000,0.00000,0.00000,0.00000,0.00000,
0.02,0,3.00253,-2.50003,-0.00728,0.12497,-1.18294,0.00000,
0.02,1,2.00000,-2.50000,0.00000,0.00000,-0.00000,0.00253,
0.02,2,1.00000,-2.50000,0.00000,0.00000,-0.00000,0.00000,
0.04,0,3.00505,-2.50074,-0.02857,0.14771,-1.15619,0.00000,
0.04,1,2.00000,-2.50000,0.00000,0.00000,-0.00000,0.00505,
0.04,2,1.00000,-2.50000,0.00000,0.00000,-0.00000,0.00000,
0.06,0,3.00956,-2.50137,-0.03977,0.32252,0.04178,0.00000,
0.06,1,2.00000,-2.50000,0.00000,0.00000,-0.00000,0.00956,
0.06,2,1.00000,-2.50000,0.00000,0.00000,-0.00000,0.00000,
0.08,0,3.01768,-2.50174,-0.03347,0.45142,0.34436,0.00000,
0.08,1,2.00000,-2.50000,-0.00000,-0.00000,-0.00000,0.01768,
0.08,2,1.00000,-2.50000,-0.00000,-0.00000,-0.00000,0.00000,
0.1,0,3.02741,-2.50212,-0.03382,0.48811,-0.15035,0.00000,
0.1,1,2.00000,-2.50000,-0.00000,-0.00000,-0.00000,0.02741,
0.1,2,1.00000,-2.50000,-0.00000,0.00000,-0.00003,0.00000,0.00000
0.12,0,3.03751,-2.50246,-0.03514,0.52835,0.02697,0.00000,
0.12,1,2.00000,-2.50000,-0.00000,-0.00000,-0.00000,0.03752,
0.12,2,1.00000,-2.50000,-0.00000,0.00000,-0.00001,0.00000,0.00000
0.14,0,3.04817,-2.50280,-0.03323,0.53033,0.11916,0.00000,
0.14,1,2.00454,-2.50000,-0.00011,0.25301,-0.00893,0.04364,0.02078
0.14,2,1.00000,-2.50000,-0.00000,-0.00000,0.00000,0.00454,0.00454
0.16,0,3.05858,-2.50313,-0.03123,0.51280,0.07916,0.00000,
0.16,1,2.00864,-2.50000,-0.00029,0.19341,-0.00903,0.04994,0.03118
0.16,2,1.00000,-2.50000,-0.00000,-0.00000,0.00000,0.00864,0.00864
0.18,0,3.06874,-2.50344,-0.02995,0.50712,0.05794,0.00000,
0.18,1,2.01222,-2.50000,-0.00046,0.17176,-0.00778,0.05653,0.04135
0.18,2,1.00000,-2.50000,-0.00000,0.00000,-0.00000,0.01222,0.01222
0.2,0,3.07775,-2.50374,-0.02893,0.45035,0.06131,0.00000,
0.2,1,2.01790,-2.49999,-0.00053,0.38983,-0.00284,0.05986,0.05037
0.2,2,1.00000,-2.50000,-0.00000,0.00000,-0.00000,0.01790,0.01790
0.22,0,3.08700,-2.50402,-0.02753,0.47018,0.07170,0.00000,
0.22,1,2.02689,-2.49998,-0.00060,0.44009,-0.00405,0.06012,0.05962
0.22,2,1.00000,-2.50000,-0.00000,0.00000,-0.00000,0.02689,0.02689
0.24,0,3.09612,-2.50428,-0.02611,0.44772,0.07019,0.00000,
0.24,1,2.03587,-2.49999,-0.00068,0.44384,-0.00399,0.06026,0.06874
0.24,2,1.00000,-2.50000,-0.00000,-0.00000,0.00001,0.03587,0.03587
0.26,0,3.10598,-2.50454,-0.02495,0.52014,0.05259,0.00000,
0.26,1,2.04503,-2.49999,-0.00091,0.50904,-0.02544,0.06096,0.02824
0.26,2,1.00000,-2.50000,-0.00000,-0.00000,0.00002,0.04503,0.04503
0.28,0,3.11648,-2.50480,-0.02388,0.52140,0.05519,0.00000,
0.28,1,2.05518,-2.50000,-0.00137,0.47861,-0.01474,0.06132,0.03875
0.28,2,1.00000,-2.50000,-0.00000,-0.00000,-0.00000,0.05518,0.05518
0.3,0,3.12667,-2.50504,-0.02275,0.50053,0.05695,0.00000,
0.3,1,2.06376,-2.50001,-0.00147,0.39682,-0.00062,0.06292,0.04894
0.3,2,1.00000,-2.50000,-0.00000,0.00000,-0.00000,0.06376,0.06376
0.32,0,3.13658,-2.50527,-0.02163,0.49436,0.05422,0.00000,
0.32,1,2.07181,-2.50002,-0.00152,0.41545,-0.01115,0.06479,0.00991
0.32,2,1.00000,-2.50000,-0.00000,0.00000,0.00000,0.07181,0.07181
0.34,0,3.14651,-2.50548,-0.02058,0.49876,0.05160,0.00000,
0.34,1,2.07820,-2.50003,-0.00193,0.28487,-0.02108,0.06832,0.01984
0.34,2,1.00000,-2.50000,-0.00000,-0.00000,0.00000,0.07820,0.07820
0.36,0,3.15652,-2.50569,-0.01957,0.50179,0.05006,0.00000,
0.36,1,2.08471,-2.50006,-0.00305,0.37529,-0.04856,0.07183,0.02986
0.36,2,1.00000,-2.50000,-0.00000,-0.00000,0.00000,0.08471,0.08471
0.38,0,3.16656,-2.50589,-0.01858,0.50134,0.04857,0.00000,
0.38,1,2.09303,-2.50008,-0.00338,0.40472,0.00393,0.07354,0.03989
0.38,2,1.00000,-2.50000,-0.00000,0.00000,0.00000,0.09303,0.02540
0.4,0,3.17657,-2.50607,-0.01763,0.50034,0.04690,0.00000,
0.4,1,2.10157,-2.50010,-0.00328,0.47408,0.00137,0.07502,0.04991
0.4,2,1.00419,-2.50000,-0.00000,0.18602,-0.00006,0.09738,0.03394
0.42,0,3.18657,-2.50625,-0.01671,0.50019,0.04529,0.00000,
0.42,1,2.11138,-2.50013,-0.00334,0.48729,-0.00518,0.07520,0.05991
0.42,2,1.00709,-2.50000,-0.00000,0.12555,-0.00005,0.10430,0.04375
0.44,0,3.19658,-2.50642,-0.01582,0.50045,0.04378,0.00000,
0.44,1,2.12066,-2.50016,-0.00343,0.44423,-0.00350,0.07594,0.06992
0.44,2,1.01084,-2.50000,-0.00000,0.27350,-0.00004,0.10982,0.05303
0.46,0,3.20590,-2.50657,-0.01500,0.47159,0.04288,0.00000,
0.46,1,2.12927,-2.50019,-0.00349,0.42509,-0.00235,0.07665,0.07925
0.46,2,1.01775,-2.50000,-0.00000,0.38072,-0.00001,0.11152,0.06164
0.48,0,3.21543,-2.50672,-0.01414,0.47894,0.04209,0.00000,
0.48,1,2.13699,-2.50022,-0.00356,0.37256,-0.00364,0.07846,0.08878
0.48,2,1.02687,-2.50000,-0.00001,0.52540,-0.00109,0.11012,0.03053
0.5,0,3.22501,-2.50685,-0.01334,0.47789,0.03889,0.00000,
0.5,1,2.14472,-2.50025,-0.00361,0.39399,-0.00225,0.08031,0.09835
0.5,2,1.03684,-2.50000,-0.00004,0.51783,-0.00098,0.10788,0.03826
0.52,0,3.23433,-2.50698,-0.01254,0.48369,0.03829,0.00000,
0.52,1,2.15257,-2.50028,-0.00366,0.38770,-0.00235,0.08179,0.10768
0.52,2,1.04726,-2.50000,-0.00004,0.51401,0.00008,0.10531,0.04610
0.54,0,3.24446,-2.50710,-0.01181,0.51669,0.03560,0.00000,
0.54,1,2.16013,-2.50031,-0.00371,0.35938,-0.00217,0.08435,0.11781
0.54,2,1.05658,-2.50000,-0.00005,0.33594,-0.00127,0.10355,0.01147
0.56,0,3.25474,-2.50723,-0.01110,0.50847,0.03569,0.00000,
0.56,1,2.16749,-2.50034,-0.00375,0.38570,-0.00262,0.08727,0.12809
0.56,2,1.06030,-2.50000,-0.00007,0.08908,-0.00129,0.10719,0.01883
0.58,0,3.26476,-2.50734,-0.01039,0.49651,0.03486,0.00000,
0.58,1,2.17534,-2.50037,-0.00381,0.39210,-0.00253,0.08944,0.13811
0.58,2,1.06088,-2.50000,-0.00010,-0.00892,-0.00083,0.11447,0.02668
0.6,0,3.27466,-2.50744,-0.00971,0.49559,0.03344,0.00000,
0.6,1,2.18358,-2.50039,-0.00387,0.44476,-0.00675,0.09110,0.04966
0.6,2,1.06027,-2.50000,-0.00011,-0.00844,-0.00070,0.12331,0.03492
0.62,0,3.28461,-2.50754,-0.00905,0.49883,0.03226,0.00000,
0.62,1,2.19055,-2.50043,-0.00931,0.34587,-0.30392,0.09408,0.05961
0.62,2,1.06267,-2.50000,-0.00012,0.18636,-0.00081,0.12788,0.04189
0.64,0,3.29460,-2.50763,-0.00842,0.50000,0.03127,0.00000,
0.64,1,2.19761,-2.50088,-0.01636,0.36377,-0.35867,0.09701,0.06960
0.64,2,1.06650,-2.50000,-0.00014,0.18362,-0.00073,0.13111,0.04895
0.66,0,3.30460,-2.50771,-0.00780,0.49938,0.03027,0.00000,
0.66,1,2.20512,-2.50114,-0.01949,0.38974,0.00632,0.09950,0.07960
0.66,2,1.07018,-2.50000,-0.00015,0.18362,-0.00074,0.13494,0.05646
0.68,0,3.31458,-2.50779,-0.00721,0.49886,0.02926,0.00000,
0.68,1,2.21321,-2.50123,-0.01782,0.39253,0.10208,0.10139,0.08958
0.68,2,1.07471,-2.50000,-0.00016,0.31498,-0.00012,0.13850,0.06455
0.7,0,3.32456,-2.50786,-0.00664,0.49891,0.02830,0.00000,
0.7,1,2.22118,-2.50131,-0.01658,0.41351,0.02560,0.10339,0.09955
0.7,2,1.08330,-2.50001,-0.00016,0.48249,-0.00026,0.13789,0.07253
0.72,0,3.33454,-2.50793,-0.00608,0.49907,0.02737,0.00000,
0.72,1,2.22964,-2.50141,-0.01644,0.49570,0.00449,0.10491,0.05987
0.72,2,1.09259,-2.50001,-0.00017,0.42918,-0.00126,0.13706,0.04256
0.74,0,3.34452,-2.50799,-0.00554,0.49910,0.02648,0.00000,
0.74,1,2.23582,-2.50152,-0.01835,0.28653,-0.14924,0.10872,0.06986
0.74,2,1.10028,-2.50001,-0.00021,0.36074,-0.00183,0.13554,0.04874
0.76,0,3.35420,-2.50804,-0.00503,0.46324,0.02472,0.00000,
0.76,1,2.24185,-2.50190,-0.02407,0.30350,-0.38698,0.11237,0.07954
0.76,2,1.10748,-2.50001,-0.00023,0.36677,-0.00018,0.13436,0.05477
0.78,0,3.36359,-2.50809,-0.00453,0.47434,0.02541,0.00000,
0.78,1,2.24816,-2.50221,-0.02772,0.37232,0.02009,0.11545,0.08893
0.78,2,1.11501,-2.50001,-0.00023,0.38168,0.00003,0.13315,0.06110
0.8,0,3.37313,-2.50814,-0.00403,0.47786,0.02387,0.00000,
0.8,1,2.25530,-2.50240,-0.02438,0.38065,0.31506,0.11785,0.09847
0.8,2,1.12233,-2.50001,-0.00031,0.32914,-0.01093,0.13297,0.02998
0.82,0,3.38248,-2.50817,-0.00356,0.45696,0.02382,0.00000,
0.82,1,2.26318,-2.50275,-0.02110,0.41007,0.02599,0.11930,0.10782
0.82,2,1.12881,-2.50001,-0.00049,0.35091,-0.00534,0.13438,0.03787
0.84,0,3.39226,-2.50821,-0.00311,0.50916,0.02192,0.00000,
0.84,1,2.27167,-2.50296,-0.02172,0.43030,-0.03493,0.12060,0.11760
0.84,2,1.13682,-2.50002,-0.00052,0.43187,0.00066,0.13485,0.04635
0.86,0,3.40255,-2.50824,-0.00268,0.51310,0.02155,0.00000,
0.86,1,2.28009,-2.50312,-0.02164,0.41545,0.03404,0.12248,0.12789
0.86,2,1.14554,-2.50003,-0.00051,0.41421,-0.00050,0.13455,0.05477
0.88,0,3.41266,-2.50827,-0.00225,0.49889,0.02113,0.00000,
0.88,1,2.28887,-2.50328,-0.02069,0.55318,0.05315,0.12379,0.08810
0.88,2,1.15370,-2.50003,-0.00054,0.43753,-0.00191,0.13518,0.06356
0.9,0,3.42256,-2.50829,-0.00183,0.49378,0.02038,0.00000,
0.9,1,2.30171,-2.50344,-0.01942,0.60899,0.07297,0.12086,0.09800
0.9,2,1.16356,-2.50004,-0.00076,0.53590,-0.01887,0.13816,0.04255
0.92,0,3.43246,-2.50831,-0.00143,0.49652,0.01966,0.00000,
0.92,1,2.31381,-2.50359,-0.01814,0.57913,0.03076,0.11866,0.10790
0.92,2,1.17375,-2.50005,-0.00103,0.47177,-0.00675,0.14007,0.05466
0.94,0,3.44242,-2.50832,-0.00105,0.49878,0.01906,0.00000,
0.94,1,2.32482,-2.50375,-0.01805,0.50789,0.02288,0.11761,0.01986
0.94,2,1.18233,-2.50005,-0.00106,0.40441,0.00067,0.14250,0.06566
0.96,0,3.45240,-2.50833,-0.00067,0.49860,0.01847,0.00000,
0.96,1,2.33248,-2.50393,-0.01711,0.37090,0.05077,0.11992,0.02984
0.96,2,1.18980,-2.50006,-0.00107,0.31940,-0.00228,0.14269,0.07333
0.98,0,3.46236,-2.50834,-0.00031,0.49789,0.01788,0.00000,
0.98,1,2.33862,-2.50407,-0.01524,0.27005,0.24280,0.12375,0.03980
0.98,2,1.19672,-2.50007,-0.00113,0.36605,-0.00304,0.14190,0.07947
1.0,0,3.47231,-2.50834,0.00004,0.49775,0.01730,0.00000,
1.0,1,2.34518,-2.50412,-0.00969,0.34770,0.19490,0.12714,0.04976
1.0,2,1.20420,-2.50008,-0.00118,0.37360,-0.00249,0.14098,0.08603
1.02,0,3.48227,-2.50834,0.00038,0.49792,0.01676,0.00000,
1.02,1,2.35282,-2.50423,-0.00766,0.40711,0.08273,0.12946,0.05971
1.02,2,1.21117,-2.50009,-0.00122,0.37970,-0.00219,0.14166,0.09367
1.04,0,3.49223,-2.50834,0.00071,0.49801,0.01623,0.00000,
1.04,1,2.36122,-2.50412,-0.00458,0.43690,0.15857,0.13102,0.06967
1.04,2,1.21953,-2.50010,-0.00127,0.50326,-0.00229,0.14169,0.05342
1.06,0,3.50219,-2.50833,0.00103,0.49798,0.01572,0.00000,
1.06,1,2.37030,-2.50418,-0.00325,0.47475,-0.00158,0.13190,0.07963
1.06,2,1.23008,-2.50012,-0.00145,0.51007,-0.01581,0.14023,0.06251
1.08,0,3.51215,-2.50832,0.00134,0.49795,0.01522,0.00000,
1.08,1,2.38000,-2.50426,-0.00381,0.48309,-0.02935,0.13216,0.08959
1.08,2,1.24013,-2.50016,-0.00174,0.55539,-0.00366,0.13987,0.07220
1.1,0,3.52211,-2.50831,0.00164,0.49795,0.01474,0.00000,
1.1,1,2.38938,-2.50432,-0.00403,0.45732,0.00245,0.13274,0.09955
1.1,2,1.25235,-2.50016,-0.00166,0.63176,0.00434,0.13703,0.08159
1.12,0,3.53207,-2.50829,0.00193,0.49796,0.01428,0.00000,
1.12,1,2.40065,-2.50437,-0.00385,0.72053,0.01204,0.13143,0.05975
1.12,2,1.26290,-2.50016,-0.00204,0.46642,-0.03871,0.13776,0.05189
1.14,0,3.54195,-2.50827,0.00221,0.45995,0.01483,0.00000,
1.14,1,2.41379,-2.50442,-0.00357,0.63096,0.01508,0.12817,0.06964
1.14,2,1.26965,-2.50017,-0.00280,0.29432,-0.03776,0.14414,0.06503
1.16,0,3.55126,-2.50825,0.00249,0.47046,0.01353,0.00000,
1.16,1,2.42584,-2.50446,-0.00331,0.57978,0.00541,0.12542,0.07894
1.16,2,1.27571,-2.50021,-0.00369,0.32208,-0.04112,0.15014,0.07709
1.18,0,3.56075,-2.50823,0.00275,0.47680,0.01261,0.00000,
1.18,1,2.43537,-2.50449,-0.00337,0.38738,-0.00628,0.12539,0.08844
1.18,2,1.28275,-2.50023,-0.00400,0.37004,0.00298,0.15262,0.08661
1.2,0,3.57018,-2.50820,0.00300,0.44277,0.01176,0.00000,
1.2,1,2.44350,-2.50451,-0.00343,0.42339,-0.00034,0.12668,0.09786
1.2,2,1.28983,-2.50024,-0.00380,0.37199,0.00972,0.15367,0.09474
1.22,0,3.57973,-2.50817,0.00324,0.50197,0.01233,0.00000,
1.22,1,2.45216,-2.50454,-0.00342,0.43476,0.00058,0.12758,0.10741
1.22,2,1.29789,-2.50027,-0.00373,0.41304,-0.00105,0.15428,0.10340
1.24,0,3.58998,-2.50814,0.00348,0.51447,0.01197,0.00000,
1.24,1,2.46060,-2.50457,-0.00342,0.39104,0.00008,0.12939,0.11767
1.24,2,1.30589,-2.50029,-0.00378,0.38526,-0.00223,0.15472,0.11185
1.26,0,3.60013,-2.50810,0.00372,0.50060,0.01141,0.00000,
1.26,1,2.46889,-2.50460,-0.00343,0.43043,-0.00106,0.13125,0.12782
1.26,2,1.31330,-2.50032,-0.00379,0.36204,0.00035,0.15560,0.12013
1.28,0,3.61004,-2.50807,0.00394,0.49307,0.01105,0.00000,
1.28,1,2.47758,-2.50463,-0.00345,0.43240,-0.00076,0.13246,0.13772
1.28,2,1.32050,-2.50035,-0.00378,0.36007,0.00067,0.15710,0.12883
1.3,0,3.61991,-2.50803,0.00416,0.49504,0.01075,0.00000,
1.3,1,2.48677,-2.50466,-0.00345,0.58954,0.00226,0.13314,0.09780
1.3,2,1.32743,-2.50038,-0.00378,0.30589,-0.00164,0.15935,0.13802
1.32,0,3.62985,-2.50799,0.00437,0.49779,0.01044,0.00000,
1.32,1,2.49921,-2.50469,-0.00335,0.59930,0.00639,0.13064,0.10774
1.32,2,1.33528,-2.50040,-0.00377,0.51589,0.00428,0.16394,0.05141
1.34,0,3.63981,-2.50794,0.00458,0.49797,0.01012,0.00000,
1.34,1,2.51115,-2.50472,-0.00322,0.58402,0.00481,0.12867,0.11770
1.34,2,1.34435,-2.50043,-0.00364,0.38357,0.00904,0.16680,0.06334
1.36,0,3.64976,-2.50790,0.00477,0.49722,0.00981,0.00000,
1.36,1,2.52168,-2.50475,-0.00318,0.48345,0.00194,0.12808,0.07958
1.36,2,1.35279,-2.50046,-0.00355,0.46251,0.00053,0.16889,0.07388
1.38,0,3.65970,-2.50785,0.00497,0.49696,0.00952,0.00000,
1.38,1,2.52894,-2.50478,-0.00318,0.35683,0.00050,0.13077,0.08953
1.38,2,1.36202,-2.50050,-0.00360,0.43716,-0.00383,0.16693,0.08113
1.4,0,3.66964,-2.50780,0.00515,0.49711,0.00923,0.00000,
1.4,1,2.53680,-2.50480,-0.00312,0.39111,0.00361,0.13285,0.04973
1.4,2,1.37088,-2.50053,-0.00363,0.44224,0.00033,0.16593,0.08899
1.42,0,3.67958,-2.50775,0.00534,0.49723,0.00896,0.00000,
1.42,1,2.54479,-2.50483,-0.00307,0.40474,0.00202,0.13479,0.05967
1.42,2,1.38111,-2.50057,-0.00355,0.49924,0.00540,0.16369,0.05157
1.44,0,3.68953,-2.50770,0.00551,0.49721,0.00869,0.00000,
1.44,1,2.55443,-2.50486,-0.00306,0.52377,-0.00009,0.13510,0.06962
1.44,2,1.39001,-2.50060,-0.00341,0.43506,0.00650,0.16443,0.06121
1.46,0,3.69947,-2.50764,0.00568,0.49718,0.00844,0.00000,
1.46,1,2.56467,-2.50489,-0.00306,0.49657,0.00011,0.13480,0.07956
1.46,2,1.40065,-2.50063,-0.00336,0.60839,0.00008,0.16403,0.07145
1.48,0,3.70942,-2.50759,0.00585,0.49717,0.00819,0.00000,
1.48,1,2.57468,-2.50492,-0.00306,0.49875,-0.00006,0.13474,0.08950
1.48,2,1.41360,-2.50067,-0.00339,0.65345,-0.00212,0.16109,0.08146
1.5,0,3.71936,-2.50753,0.00601,0.49718,0.00795,0.00000,
1.5,1,2.58619,-2.50495,-0.00302,0.73185,0.00534,0.13318,0.04972
1.5,2,1.42601,-2.50071,-0.00342,0.58754,-0.00050,0.16018,0.09297
1.52,0,3.72930,-2.50747,0.00617,0.49718,0.00772,0.00000,
1.52,1,2.60096,-2.50498,-0.00291,0.67990,0.00492,0.12834,0.05966
1.52,2,1.43772,-2.50075,-0.00343,0.58638,-0.00037,0.16325,0.10774
1.54,0,3.73925,-2.50741,0.00632,0.49718,0.00749,0.00000,
1.54,1,2.61260,-2.50501,-0.00285,0.54537,0.00115,0.12665,0.06961
1.54,2,1.44947,-2.50079,-0.00344,0.58720,-0.00061,0.16313,0.11938
1.56,0,3.74919,-2.50734,0.00647,0.49718,0.00728,0.00000,
1.56,1,2.62094,-2.50505,-0.00290,0.34951,-0.00410,0.12825,0.07955
1.56,2,1.46256,-2.50083,-0.00338,0.68404,0.00541,0.15839,0.02724
1.58,0,3.75913,-2.50728,0.00661,0.49718,0.00707,0.00000,
1.58,1,2.62796,-2.50508,-0.00297,0.35891,-0.00299,0.13117,0.08949
1.58,2,1.47701,-2.50088,-0.00332,0.75127,0.00062,0.15096,0.03427
1.6,0,3.76908,-2.50721,0.00675,0.49718,0.00687,0.00000,
1.6,1,2.63582,-2.50511,-0.00298,0.41955,0.00150,0.13326,0.09944
1.6,2,1.49186,-2.50093,-0.00333,0.73217,-0.00085,0.14397,0.04212
1.62,0,3.77902,-2.50715,0.00688,0.49718,0.00667,0.00000,
1.62,1,2.64569,-2.50514,-0.00289,0.62445,0.00828,0.13333,0.05966
1.62,2,1.50777,-2.50099,-0.00336,0.83254,-0.00145,0.13794,0.05200
1.64,0,3.78841,-2.50708,0.00704,0.46629,0.00709,0.00000,
1.64,1,2.65789,-2.50516,-0.00272,0.55622,0.01012,0.13052,0.06905
1.64,2,1.52458,-2.50104,-0.00338,0.83619,-0.00056,0.13332,0.06420
1.66,0,3.79784,-2.50701,0.00716,0.47525,0.00552,0.00000,
1.66,1,2.66902,-2.50519,-0.00252,0.55622,0.01012,0.12883,0.07849
1.66,2,1.54098,-2.50110,-0.00339,0.80753,-0.00045,0.12805,0.07532
1.68,0,3.80736,-2.50694,0.00727,0.47544,0.00580,0.00000,
1.68,1,2.67986,-2.50522,-0.00239,0.52129,0.00204,0.12751,0.08801
1.68,2,1.55685,-2.50115,-0.00341,0.73479,-0.00263,0.12301,0.08616
1.7,0,3.81671,-2.50687,0.00738,0.49267,0.00619,0.00000,
1.7,1,2.68844,-2.50524,-0.00241,0.40069,-0.00099,0.12827,0.09735
1.7,2,1.57095,-2.50120,-0.00344,0.67684,-0.00059,0.11749,0.09474
1.72,0,3.82689,-2.50680,0.00751,0.51494,0.00635,0.00000,
1.72,1,2.69678,-2.50526,-0.00241,0.42848,0.00103,0.13011,0.10754
1.72,2,1.57934,-2.50125,-0.00341,0.32320,0.00069,0.11745,0.05667
1.74,0,3.83708,-2.50672,0.00762,0.50284,0.00556,0.00000,
1.74,1,2.70539,-2.50529,-0.00239,0.42821,0.00076,0.13168,0.11772
1.74,2,1.58499,-2.50129,-0.00343,0.24343,-0.00197,0.12041,0.06528
1.76,0,3.84701,-2.50665,0.00773,0.49294,0.00532,0.00000,
1.76,1,2.71361,-2.50531,-0.00237,0.40980,0.00042,0.13340,0.12765
1.76,2,1.58867,-2.50134,-0.00350,0.15453,-0.00502,0.12494,0.07350
1.78,0,3.85686,-2.50657,0.00784,0.49374,0.00531,0.00000,
1.78,1,2.72290,-2.50533,-0.00235,0.61002,0.00447,0.13396,0.08779
1.78,2,1.59119,-2.50141,-0.00428,0.15238,-0.07707,0.13172,0.08279
1.8,0,3.86677,-2.50649,0.00794,0.49685,0.00519,0.00000,
1.8,1,2.73568,-2.50535,-0.00221,0.62927,0.00738,0.13110,0.09770
1.8,2,1.59516,-2.50146,-0.00529,0.26014,-0.01551,0.14052,0.09556
1.82,0,3.87672,-2.50641,0.00805,0.49748,0.00503,0.00000,
1.82,1,2.74780,-2.50537,-0.00203,0.54439,0.01349,0.12892,0.00995
1.82,2,1.60095,-2.50151,-0.00502,0.28960,0.01387,0.14685,0.10768
1.84,0,3.88666,-2.50633,0.00814,0.49675,0.00489,0.00000,
1.84,1,2.75643,-2.50539,-0.00179,0.32618,0.00678,0.13023,0.01989
1.84,2,1.60714,-2.50145,0.01258,0.40769,1.82492,0.14930,0.01461
1.86,0,3.89659,-2.50625,0.00824,0.49636,0.00477,0.00000,
1.86,1,2.76178,-2.50541,-0.00171,0.25719,0.00401,0.13481,0.02982
1.86,2,1.61584,-2.50115,0.05679,0.42285,2.24122,0.14596,0.01996
1.88,0,3.90652,-2.50617,0.00833,0.49647,0.00465,0.00000,
1.88,1,2.76713,-2.50540,-0.00114,0.30119,0.06729,0.13939,0.03975
1.88,2,1.62536,-2.50074,0.08152,0.54194,0.19499,0.14178,0.02531
1.9,0,3.91645,-2.50609,0.00843,0.49661,0.00453,0.00000,
1.9,1,2.77454,-2.50541,-0.00007,0.38807,0.03111,0.14191,0.04968
1.9,2,1.63713,-2.49990,0.07191,0.61978,-0.67180,0.13743,0.03272
1.92,0,3.92638,-2.50601,0.00852,0.49662,0.00441,0.00000,
1.92,1,2.78411,-2.50542,-0.00009,0.52695,-0.05549,0.14227,0.05961
1.92,2,1.64949,-2.49896,0.06311,0.62146,-0.21603,0.13463,0.04229
1.94,0,3.93631,-2.50592,0.00860,0.49658,0.00430,0.00000,
1.94,1,2.79472,-2.50536,-0.00181,0.60817,-0.32117,0.14159,0.01986
1.94,2,1.66172,-2.49814,0.06162,0.60016,-0.03389,0.13303,0.05290
1.96,0,3.94624,-2.50584,0.00869,0.49656,0.00420,0.00000,
1.96,1,2.80728,-2.50524,-0.01204,0.62666,-0.49695,0.13897,0.02980
1.96,2,1.67339,-2.49741,0.05996,0.57455,-0.12969,0.13392,0.06546
1.98,0,3.95618,-2.50575,0.00877,0.49657,0.00409,0.00000,
1.98,1,2.81933,-2.50517,-0.01813,0.57064,-0.06987,0.13684,0.03973
1.98,2,1.68424,-2.49674,0.05701,0.52798,-0.15473,0.13513,0.07751
2.0,0,3.96611,-2.50566,0.00885,0.49658,0.00399,0.00000,
2.0,1,2.83004,-2.50537,-0.01614,0.51568,0.16156,0.13607,0.04966
2.0,2,1.69430,-2.49612,0.05414,0.51147,-0.14384,0.13578,0.08822
2.02,0,3.97604,-2.50557,0.00893,0.49658,0.00390,0.00000,
2.02,1,2.83898,-2.50557,-0.01390,0.45937,0.05991,0.13706,0.05959
2.02,2,1.70464,-2.49555,0.05136,0.51774,-0.13279,0.13439,0.09716
2.04,0,3.98597,-2.50549,0.00901,0.49658,0.00381,0.00000,
2.04,1,2.84854,-2.50574,-0.01352,0.48766,0.00298,0.13743,0.06952
2.04,2,1.71421,-2.49504,0.04885,0.38884,-0.11960,0.13438,0.01407
2.06,0,3.99590,-2.50540,0.00908,0.49658,0.00372,0.00000,
2.06,1,2.85822,-2.50588,-0.01329,0.47735,0.02158,0.13768,0.07945
2.06,2,1.72126,-2.49469,0.04659,0.37110,-0.10988,0.13702,0.02376
2.08,0,4.00583,-2.50531,0.00916,0.49658,0.00364,0.00000,
2.08,1,2.86756,-2.50600,-0.01271,0.45891,0.03210,0.13828,0.08938
2.08,2,1.72992,-2.49428,0.04435,0.47816,-0.11346,0.13769,0.03309
2.1,0,4.01576,-2.50521,0.00923,0.49658,0.00356,0.00000,
2.1,1,2.87872,-2.50612,-0.01200,0.67396,0.04460,0.13704,0.04966
2.1,2,1.73981,-2.49385,0.04208,0.49327,-0.11325,0.13898,0.04425
2.12,0,4.02569,-2.50512,0.00930,0.49658,0.00348,0.00000,
2.12,1,2.89118,-2.50623,-0.01099,0.62086,0.05063,0.13451,0.05959
2.12,2,1.74926,-2.49345,0.03986,0.45611,-0.10897,0.14199,0.05671
2.14,0,4.03562,-2.50503,0.00937,0.49658,0.00340,0.00000,
2.14,1,2.90342,-2.50630,-0.01037,0.58850,0.00228,0.13220,0.06952
2.14,2,1.75812,-2.49309,0.03773,0.43771,-0.10428,0.14537,0.06896
2.16,0,4.04556,-2.50494,0.00943,0.49658,0.00333,0.00000,
2.16,1,2.91409,-2.50642,-0.01037,0.46002,0.00676,0.13147,0.07945
2.16,2,1.76687,-2.49276,0.03569,0.43807,-0.10069,0.14730,0.07962
2.18,0,4.05549,-2.50484,0.00950,0.49658,0.00326,0.00000,
2.18,1,2.92174,-2.50654,-0.01024,0.39546,0.01682,0.13375,0.08938
2.18,2,1.77561,-2.49245,0.03371,0.43606,-0.09758,0.14621,0.08728
2.2,0,4.06542,-2.50475,0.00956,0.49658,0.00320,0.00000,
2.2,1,2.93018,-2.50665,-0.00970,0.43651,0.03028,0.13524,0.09932
2.2,2,1.78425,-2.49216,0.03179,0.42819,-0.09434,0.14603,0.09572
2.22,0,4.07535,-2.50465,0.00963,0.49658,0.00313,0.00000,
2.22,1,2.93850,-2.50674,-0.00909,0.44513,0.02493,0.13685,0.10925
2.22,2,1.79348,-2.49189,0.02983,0.54754,-0.14460,0.14512,0.05353
2.24,0,4.08485,-2.50456,0.00972,0.46339,0.00457,0.00000,
2.24,1,2.94893,-2.50684,-0.00839,0.51076,0.04076,0.13592,0.01943
2.24,2,1.80338,-2.49160,0.03027,0.49359,0.07210,0.14566,0.06397
2.26,0,4.09424,-2.50447,0.00978,0.47365,0.00194,0.00000,
2.26,1,2.95895,-2.50688,-0.00762,0.50181,0.03058,0.13529,0.02883
2.26,2,1.81346,-2.49118,0.03125,0.49050,-0.02920,0.14560,0.07398
2.28,0,4.10375,-2.50437,0.00982,0.47534,0.00241,0.00000,
2.28,1,2.96962,-2.50696,-0.00724,0.54932,0.01445,0.13413,0.03833
2.28,2,1.82489,-2.49081,0.02933,0.62053,-0.12346,0.14484,0.08465
2.3,0,4.11305,-2.50428,0.00985,0.48717,0.00299,0.00000,
2.3,1,2.98050,-2.50705,-0.00692,0.53353,0.01867,0.13255,0.04763
2.3,2,1.83740,-2.49046,0.02702,0.61318,-0.10282,0.14322,0.09553
2.32,0,4.12318,-2.50418,0.00992,0.51452,0.00371,0.00000,
2.32,1,2.99087,-2.50713,-0.00651,0.50815,0.02092,0.13232,0.05777
2.32,2,1.84909,-2.49015,0.02524,0.56361,-0.08210,0.14191,0.10590
2.34,0,4.13338,-2.50408,0.00999,0.50385,0.00276,0.00000,
2.34,1,2.99966,-2.50720,-0.00615,0.44678,0.01871,0.13373,0.06797
2.34,2,1.86012,-2.48987,0.02360,0.54787,-0.08264,0.13967,0.11470
2.36,0,4.14332,-2.50398,0.01004,0.49286,0.00252,0.00000,
2.36,1,3.00884,-2.50726,-0.00578,0.46461,0.01801,0.13448,0.07791
2.36,2,1.87093,-2.48961,0.02193,0.46240,-0.08389,0.13805,0.07458
2.38,0,4.15316,-2.50388,0.01009,0.49293,0.00267,0.00000,
2.38,1,3.01806,-2.50731,-0.00544,0.45521,0.01630,0.13511,0.08775
2.38,2,1.87915,-2.48937,0.01945,0.38550,-0.12357,0.13905,0.08380
2.4,0,4.16306,-2.50378,0.01014,0.49616,0.00268,0.00000,
2.4,1,3.02688,-2.50736,-0.00511,0.45977,0.01579,0.13618,0.09765
2.4,2,1.88670,-2.48908,0.01719,0.34932,-0.09142,0.14033,0.09262
2.42,0,4.17300,-2.50368,0.01020,0.49704,0.00261,0.00000,
2.42,1,3.03627,-2.50741,-0.00480,0.46976,0.01542,0.13673,0.10758
2.42,2,1.89367,-2.48896,0.01583,0.34811,-0.05625,0.14275,0.10201
2.44,0,4.18293,-2.50358,0.01025,0.49633,0.00257,0.00000,
2.44,1,3.04546,-2.50745,-0.00449,0.45003,0.01529,0.13748,0.11752
2.44,2,1.90059,-2.48887,0.01471,0.34382,-0.05975,0.14502,0.11120
2.46,0,4.19285,-2.50348,0.01030,0.49588,0.00255,0.00000,
2.46,1,3.05429,-2.50749,-0.00419,0.43612,0.01475,0.13857,0.12744
2.46,2,1.90725,-2.48879,0.01340,0.34031,-0.06791,0.14719,0.12002
2.48,0,4.20230,-2.50339,0.01090,0.34968,0.27794,0.00000,
2.48,1,3.06296,-2.50753,-0.00390,0.43212,0.01416,0.13935,0.13689
2.48,2,1.91710,-2.48870,0.01153,0.55417,-0.11292,0.14601,0.07721
2.5,0,4.20657,-2.50371,0.02423,0.14903,0.60275,0.00000,
2.5,1,3.07204,-2.50756,-0.00360,0.56951,0.01814,0.13454,0.09352
2.5,2,1.92805,-2.48861,0.00925,0.50917,-0.11777,0.14415,0.08629
2.52,0,4.20840,-2.50436,0.03457,0.06256,0.47889,0.00000,
2.52,1,3.08398,-2.50760,-0.00322,0.52929,0.01994,0.12443,0.09536
2.52,2,1.93793,-2.48844,0.00729,0.50091,-0.05954,0.14621,0.09823
2.54,0,4.20957,-2.50509,0.04410,0.03858,0.49513,0.00000,
2.54,1,3.09404,-2.50763,-0.00290,0.50055,0.01267,0.11553,0.09652
2.54,2,1.94717,-2.48834,0.00663,0.38668,-0.02853,0.14703,0.10829
2.56,0,4.21060,-2.50519,0.05658,0.02265,1.29726,0.00000,
2.56,1,3.10274,-2.50766,-0.00270,0.32122,0.00768,0.10786,0.09756
2.56,2,1.95671,-2.48830,0.00955,0.52081,0.47922,0.14620,0.02456
2.58,0,4.21108,-2.50432,0.09079,0.03980,1.83203,0.00000,
2.58,1,3.10923,-2.50769,-0.00254,0.32990,0.00833,0.10185,0.09803
2.58,2,1.96590,-2.48828,0.02215,0.45172,0.87604,0.14350,0.03106
2.6,0,4.21190,-2.50322,0.12776,0.06841,1.86962,0.00000,
2.6,1,3.11893,-2.50771,-0.00228,0.56246,0.01762,0.09298,0.04884
2.6,2,1.97514,-2.48780,0.04235,0.46816,0.97815,0.14396,0.04075
2.62,0,4.21448,-2.50252,0.16348,0.18597,1.80264,0.00000,
2.62,1,3.12981,-2.50774,-0.00192,0.54415,0.01804,0.08468,0.05144
2.62,2,1.98540,-2.48726,0.04963,0.57005,-0.12637,0.14459,0.05163
2.64,0,4.21905,-2.50165,0.20143,0.26477,1.96085,0.00000,
2.64,1,3.14064,-2.50776,-0.00156,0.51799,0.01848,0.07842,0.05603
2.64,2,1.99770,-2.48676,0.04282,0.62582,-0.36174,0.14313,0.06246
2.66,0,4.22460,-2.50049,0.24103,0.27927,1.95652,0.00000,
2.66,1,3.14901,-2.50778,-0.00126,0.23581,0.01547,0.07561,0.01299
2.66,2,2.01036,-2.48629,0.03849,0.62817,-0.11086,0.13885,0.07083
2.68,0,4.23043,-2.49905,0.27993,0.31177,1.93057,0.00000,
2.68,1,3.15151,-2.50783,-0.00091,0.06815,0.01682,0.07896,0.01899
2.68,2,2.02253,-2.48585,0.03707,0.59289,-0.07027,0.12919,0.07333
2.7,0,4.23651,-2.49732,0.31826,0.31704,1.90924,0.00000,
2.7,1,3.15212,-2.50788,-0.00058,0.00439,0.01665,0.08444,0.02530
2.7,2,2.03266,-2.48548,0.03523,0.39182,-0.09247,0.11968,0.02775
2.72,0,4.24256,-2.49535,0.35646,0.32007,1.91350,0.00000,
2.72,1,3.15165,-2.50793,-0.00025,-0.04528,0.01692,0.09098,0.03165
2.72,2,2.03972,-2.48513,0.03419,0.35888,-0.01680,0.11217,0.02728
2.74,0,4.24866,-2.49310,0.39486,0.32985,1.92391,0.00000,
2.74,1,3.15024,-2.50798,0.00008,-0.09039,0.01744,0.09852,0.03813
2.74,2,2.04798,-2.48482,0.03351,0.46453,-0.07432,0.10250,0.02587
2.76,0,4.25489,-2.49054,0.43338,0.34222,1.92678,0.00000,
2.76,1,3.14888,-2.50799,0.00031,-0.03192,0.00677,0.10614,0.04482
2.76,2,2.05740,-2.48450,0.03104,0.49420,-0.14262,0.09174,0.02452
2.78,0,4.26114,-2.48766,0.47150,0.35692,1.91855,0.00000,
2.78,1,3.14922,-2.50798,0.00041,0.06761,0.00515,0.11210,0.05164
2.78,2,2.06829,-2.48416,0.02855,0.56399,-0.10793,0.08120,0.02486
2.8,0,4.26776,-2.48431,0.51011,0.37871,1.93370,0.00000,
2.8,1,3.15170,-2.50797,0.00050,0.15738,0.00412,0.11631,0.05897
2.8,2,2.07912,-2.48384,0.02650,0.53006,-0.09971,0.07285,0.02733
2.82,0,4.27440,-2.48059,0.54818,0.39410,1.92611,0.00000,
2.82,1,3.15481,-2.50799,0.00065,0.15102,0.01087,0.11993,0.06647
2.82,2,2.08953,-2.48356,0.02451,0.51263,-0.09989,0.06556,0.03044
2.84,0,4.28130,-2.47641,0.58686,0.40828,1.93420,0.00000,
2.84,1,3.15767,-2.50797,0.00085,0.13758,0.00784,0.12407,0.07440
2.84,2,2.09964,-2.48331,0.02251,0.50166,-0.09983,0.05831,0.03330
2.86,0,4.28817,-2.47189,0.62544,0.41282,1.92481,0.00000,
2.86,1,3.16086,-2.50796,0.00133,0.20264,0.08337,0.12788,0.05758
2.86,2,2.10882,-2.48309,0.02063,0.43095,-0.09139,0.05234,0.03649
2.88,0,4.29486,-2.46705,0.66317,0.42650,1.91974,0.00000,
2.88,1,3.16487,-2.50793,0.00236,0.19531,0.06149,0.13073,0.06574
2.88,2,2.11768,-2.48290,0.01872,0.45121,-0.09664,0.04749,0.04050
2.9,0,4.30177,-2.46169,0.70188,0.44331,1.93977,0.00000,
2.9,1,3.16916,-2.50789,0.00312,0.27399,0.01286,0.13355,0.07436
2.9,2,2.12619,-2.48272,0.01686,0.27636,-0.09111,0.04327,0.01715
2.92,0,4.30862,-2.45595,0.74056,0.44843,1.92782,0.00000,
2.92,1,3.17661,-2.50787,0.00312,0.48387,-0.00204,0.13320,0.04974
2.92,2,2.12947,-2.48255,0.01409,0.13041,-0.12864,0.04745,0.02334
2.94,0,4.31529,-2.44990,0.77902,0.45190,1.92120,0.00000,
2.94,1,3.18390,-2.50785,0.00674,0.38819,0.56604,0.13288,0.01794
2.94,2,2.13160,-2.48234,0.01171,0.10125,-0.11702,0.05261,0.03063
2.96,0,4.32180,-2.44354,0.81746,0.45740,1.92257,0.00000,
2.96,1,3.19100,-2.50801,0.02433,0.38912,0.51254,0.13264,0.02703
2.96,2,2.13402,-2.48216,-0.01545,0.15063,-1.84799,0.05730,0.03773
2.98,0,4.32807,-2.43682,0.85491,0.47259,1.92039,0.00000,
2.98,1,3.19885,-2.50766,0.03357,0.40368,0.34544,0.13144,0.03619
2.98,2,2.13727,-2.48203,-0.03492,0.14262,-0.13119,0.06189,0.04558
3.0,0,4.33442,-2.42956,0.89253,0.48710,1.71105,0.00000,
3.0,1,3.20724,-2.50732,0.03540,0.46762,-0.05480,0.12986,0.04580
3.0,2,2.13985,-2.48205,-0.02860,0.14050,0.41777,0.06769,0.05397
3.02,0,4.34053,-2.42205,0.91969,0.47816,1.13750,0.00000,
3.02,1,3.21725,-2.50700,0.03393,0.50798,-0.04844,0.12649,0.05544
3.02,2,2.14314,-2.48213,-0.02455,0.17425,0.02006,0.07440,0.06398
3.04,0,4.34622,-2.41462,0.94152,0.46021,1.11538,0.00000,
3.04,1,3.22699,-2.50670,0.03398,0.46731,0.03333,0.12301,0.06473
3.04,2,2.14650,-2.48222,-0.02600,0.15980,-0.09037,0.08077,0.07373
3.06,0,4.35162,-2.40722,0.96495,0.45914,1.19716,0.00000,
3.06,1,3.23723,-2.50641,0.02195,0.54804,-1.71157,0.11879,0.02819
3.06,2,2.15224,-2.48230,-0.02747,0.35598,-0.11734,0.08526,0.02508
3.08,0,4.35691,-2.39960,0.98837,0.46812,1.13486,0.00000,
3.08,1,3.24804,-2.50613,-0.01183,0.53946,-1.31242,0.11398,0.03747
3.08,2,2.15833,-2.48238,-0.02953,0.26965,-0.09295,0.08997,0.03589
3.1,0,4.36211,-2.39174,1.01015,0.47224,1.05941,0.00000,
3.1,1,3.25818,-2.50615,-0.01724,0.50694,0.41202,0.10985,0.04687
3.1,2,2.16407,-2.48261,-0.03238,0.32063,-0.16722,0.09436,0.04603
3.12,0,4.36714,-2.38375,1.03095,0.47173,1.02675,0.00000,
3.12,1,3.26836,-2.50632,-0.00615,0.50867,0.46961,0.10560,0.05630
3.12,2,2.17238,-2.48289,-0.03386,0.46003,0.00806,0.09623,0.05621
3.14,0,4.37200,-2.37567,1.05116,0.47189,0.99562,0.00000,
3.14,1,3.27805,-2.50641,-0.00108,0.42534,0.13480,0.10174,0.06570
3.14,2,2.18221,-2.48321,-0.03295,0.49651,0.05458,0.09609,0.06589
3.16,0,4.37671,-2.36747,1.07064,0.47343,0.95656,0.00000,
3.16,1,3.28674,-2.50643,0.00107,0.44243,0.11194,0.09879,0.07513
3.16,2,2.19202,-2.48351,-0.03224,0.47799,0.02012,0.09496,0.07458
3.18,0,4.38126,-2.35915,1.08936,0.47494,0.91940,0.00000,
3.18,1,3.29682,-2.50638,0.01086,0.54712,0.71637,0.09439,0.03781
3.18,2,2.20121,-2.48380,-0.03199,0.44819,0.01097,0.09585,0.08467
3.2,0,4.38567,-2.35072,1.10737,0.47597,0.88581,0.00000,
3.2,1,3.30678,-2.50628,0.02098,0.48961,0.28433,0.09005,0.04731
3.2,2,2.20985,-2.48409,-0.03175,0.37349,-0.00139,0.09715,0.09463
3.22,0,4.38994,-2.34220,1.12473,0.47682,0.85287,0.00000,
3.22,1,3.31679,-2.50610,0.02344,0.49977,0.06723,0.08560,0.05682
3.22,2,2.21784,-2.48435,-0.03147,0.44793,0.04516,0.09916,0.00502
3.24,0,4.39406,-2.33359,1.14143,0.47768,0.82078,0.00000,
3.24,1,3.32571,-2.50588,0.02567,0.38145,0.14953,0.08216,0.06635
3.24,2,2.22562,-2.48456,-0.03167,0.39144,-0.10312,0.10030,0.01394
3.26,0,4.39804,-2.32489,1.15750,0.47854,0.78961,0.00000,
3.26,1,3.33359,-2.50566,0.02902,0.40533,0.17825,0.07969,0.07589
3.26,2,2.23423,-2.48484,-0.03309,0.44277,-0.01354,0.09956,0.02183
3.28,0,4.40189,-2.31612,1.17296,0.47932,0.75950,0.00000,
3.28,1,3.34180,-2.50542,0.03255,0.41040,0.17055,0.07687,0.08545
3.28,2,2.24352,-2.48518,-0.03255,0.51608,0.03630,0.09846,0.03004
3.3,0,4.40561,-2.30728,1.18783,0.48002,0.73057,0.00000,
3.3,1,3.34964,-2.50517,0.03570,0.41340,0.15550,0.07436,0.09501
3.3,2,2.25424,-2.48555,-0.03188,0.53349,0.03052,0.09558,0.03788
3.32,0,4.40921,-2.29837,1.20214,0.48067,0.70277,0.00000,
3.32,1,3.35830,-2.50486,0.03882,0.43830,0.15564,0.07100,0.10458
3.32,2,2.26440,-2.48589,-0.03134,0.48748,0.02494,0.09406,0.00438
3.34,0,4.41267,-2.28939,1.21590,0.48129,0.67629,0.00000,
3.34,1,3.36683,-2.50452,0.04189,0.41491,0.15132,0.06775,0.01923
3.34,2,2.27245,-2.48614,-0.03037,0.34540,0.04155,0.09453,0.01292
3.36,0,4.41602,-2.28036,1.22914,0.48190,0.65108,0.00000,
3.36,1,3.37604,-2.50410,0.02869,0.45096,-0.92859,0.06378,0.02886
3.36,2,2.27825,-2.48638,-0.03002,0.29125,0.01515,0.09793,0.02214
3.38,0,4.41926,-2.27127,1.24190,0.48248,0.62683,0.00000,
3.38,1,3.38474,-2.50390,0.02373,0.42712,0.32117,0.06035,0.03850
3.38,2,2.28463,-2.48663,-0.03022,0.35342,-0.00624,0.10024,0.03084
3.4,0,4.42237,-2.26214,1.25418,0.48299,0.60386,0.00000,
3.4,1,3.39331,-2.50365,0.03518,0.43225,0.59014,0.05703,0.04815
3.4,2,2.29169,-2.48685,-0.02971,0.39900,0.03736,0.10175,0.03942
3.42,0,4.42538,-2.25295,1.26601,0.48344,0.58168,0.00000,
3.42,1,3.40200,-2.50333,0.04379,0.43464,0.31048,0.05357,0.05781
3.42,2,2.30087,-2.48713,-0.02908,0.48208,0.02594,0.10125,0.04811
3.44,0,4.42829,-2.24372,1.27741,0.48385,0.56021,0.00000,
3.44,1,3.41058,-2.50295,0.04895,0.42457,0.25062,0.05020,0.06748
3.44,2,2.31015,-2.48740,-0.02862,0.44104,0.02202,0.10055,0.05671
3.46,0,4.43109,-2.23446,1.28838,0.48424,0.53957,0.00000,
3.46,1,3.41895,-2.50254,0.05451,0.41470,0.29915,0.04704,0.07715
3.46,2,2.31847,-2.48764,-0.02816,0.40195,0.02358,0.10058,0.06508
3.48,0,4.43379,-2.22515,1.29895,0.48460,0.51972,0.00000,
3.48,1,3.42717,-2.50209,0.06060,0.40941,0.30106,0.04402,0.08682
3.48,2,2.32644,-2.48786,-0.02769,0.39994,0.02366,0.10082,0.07331
3.5,0,4.43639,-2.21581,1.30914,0.48494,0.50060,0.00000,
3.5,1,3.43522,-2.50160,0.06643,0.37184,0.30771,0.04116,0.09651
3.5,2,2.33443,-2.48808,-0.02724,0.37060,0.01437,0.10088,0.08138
3.52,0,4.43890,-2.20644,1.31895,0.48525,0.48220,0.00000,
3.52,1,3.44244,-2.50107,0.07340,0.42551,0.60825,0.03911,0.05810
3.52,2,2.34143,-2.48829,-0.02694,0.35818,0.02191,0.10108,0.08861
3.54,0,4.44132,-2.19704,1.32840,0.48553,0.46450,0.00000,
3.54,1,3.45242,-2.50020,0.08865,0.46278,0.50944,0.03433,0.01941
3.54,2,2.34867,-2.48849,-0.02645,0.36264,0.02490,0.10381,0.09862
3.56,0,4.44364,-2.18770,1.33785,0.48551,0.46269,0.00000,
3.56,1,3.46131,-2.49920,0.09825,0.44789,0.44164,0.03053,0.02903
3.56,2,2.35617,-2.48869,-0.02594,0.46449,0.03932,0.10520,0.06381
3.58,0,4.44595,-2.17801,1.34651,0.50460,0.41662,0.00000,
3.58,1,3.47002,-2.49823,0.10589,0.37931,0.42128,0.02712,0.03899
3.58,2,2.36629,-2.48887,-0.02468,0.51379,0.06436,0.10376,0.07256
3.6,0,4.44819,-2.16818,1.35475,0.50236,0.41033,0.00000,
3.6,1,3.47730,-2.49737,0.11376,0.38051,0.35056,0.02518,0.04907
3.6,2,2.37566,-2.48907,-0.02328,0.45737,0.05645,0.10167,0.07989
3.62,0,4.45033,-2.15843,1.36288,0.49642,0.40191,0.00000,
3.62,1,3.48512,-2.49647,0.12087,0.43991,0.52628,0.02269,0.00998
3.62,2,2.38217,-2.48922,-0.02223,0.17680,0.04701,0.10298,0.04669
3.64,0,4.45237,-2.14873,1.37074,0.49568,0.38537,0.00000,
3.64,1,3.49523,-2.49506,0.13477,0.50998,0.50968,0.01788,0.01989
3.64,2,2.38444,-2.48934,-0.02175,0.07404,0.01208,0.11080,0.05689
3.66,0,4.45435,-2.13900,1.37827,0.49739,0.36954,0.00000,
3.66,1,3.50497,-2.49368,0.14421,0.47259,0.40475,0.01347,0.02982
3.66,2,2.38554,-2.48948,-0.02172,0.06096,-0.03375,0.11944,0.06672
3.68,0,4.45625,-2.12922,1.38551,0.49824,0.35601,0.00000,
3.68,1,3.51438,-2.49227,0.15167,0.43771,0.42137,0.00942,0.03978
3.68,2,2.38845,-2.48961,-0.02275,0.20719,-0.02771,0.12594,0.07624
3.7,0,4.45809,-2.11943,1.39249,0.49814,0.34296,0.00000,
3.7,1,3.52114,-2.49089,0.16264,0.33479,0.56721,0.00789,0.04974
3.7,2,2.39322,-2.48973,-0.02245,0.27345,0.03112,0.12792,0.08312
3.72,0,4.45985,-2.10963,1.39920,0.49802,0.33002,0.00000,
3.72,1,3.52799,-2.48962,0.17184,0.36005,0.35774,0.00636,0.05970
3.72,2,2.39871,-2.48987,-0.02190,0.27852,0.01293,0.12928,0.09007
3.74,0,4.46151,-2.10047,1.40520,0.47018,0.32176,0.00000,
3.74,1,3.53480,-2.48844,0.17720,0.35357,0.25004,0.00465,0.06901
3.74,2,2.40491,-2.49001,-0.02165,0.35903,0.07318,0.12989,0.01046
3.76,0,4.46309,-2.09111,1.41171,0.47721,0.31878,0.00000,
3.76,1,3.54278,-2.48702,0.18347,0.43006,0.34499,0.00186,0.07850
3.76,2,2.41046,-2.49013,-0.01749,0.26802,0.20197,0.13232,0.01857
3.78,0,4.46461,-2.08168,1.41775,0.47639,0.29015,0.00000,
3.78,1,3.55175,-2.48535,0.19520,0.50755,1.03230,0.00187,0.03831
3.78,2,2.41695,-2.49021,-0.01551,0.37282,0.02451,0.13481,0.02769
3.8,0,4.46605,-2.07250,1.42386,0.47617,0.29223,0.00000,
3.8,1,3.56152,-2.48342,0.21386,0.46442,0.66452,0.00651,0.04760
3.8,2,2.42499,-2.49032,-0.01558,0.41041,-0.00379,0.13655,0.03765
3.82,0,4.46752,-2.06259,1.42919,0.51319,0.25591,0.00000,
3.82,1,3.56955,-2.48171,0.22091,0.38585,0.21135,0.00904,0.05761
3.82,2,2.43272,-2.49043,-0.01518,0.40292,0.03325,0.13686,0.04586
3.84,0,4.46897,-2.05245,1.43433,0.50765,0.25949,0.00000,
3.84,1,3.57693,-2.48007,0.22590,0.38414,0.48060,0.01077,0.02026
3.84,2,2.44100,-2.49057,-0.01332,0.36080,0.16329,0.13598,0.01151
3.86,0,4.47033,-2.04254,1.43951,0.49540,0.25589,0.00000,
3.86,1,3.58429,-2.47832,0.24588,0.37557,0.97746,0.01260,0.03027
3.86,2,2.44822,-2.49065,-0.01086,0.39099,0.06982,0.13614,0.01907
3.88,0,4.47162,-2.03275,1.44450,0.49373,0.24389,0.00000,
3.88,1,3.59161,-2.47651,0.25730,0.37159,0.29370,0.01443,0.04014
3.88,2,2.45702,-2.49072,-0.01034,0.46997,0.00899,0.13467,0.02661
3.9,0,4.47287,-2.02292,1.44925,0.49691,0.23349,0.00000,
3.9,1,3.59855,-2.47471,0.26159,0.34883,0.23142,0.01586,0.05005
3.9,2,2.46650,-2.49081,-0.00998,0.46692,0.02924,0.13217,0.03378
3.92,0,4.47407,-2.01304,1.45383,0.49834,0.22529,0.00000,
3.92,1,3.60516,-2.47295,0.26783,0.33909,0.36438,0.01688,0.06000
3.92,2,2.47548,-2.49090,-0.00921,0.43530,0.04184,0.12983,0.04062
3.94,0,4.47524,-2.00314,1.45825,0.49787,0.21713,0.00000,
3.94,1,3.61170,-2.47116,0.27533,0.33916,0.36698,0.01779,0.06997
3.94,2,2.48402,-2.49098,-0.00843,0.42349,0.03634,0.12786,0.04740
3.96,0,4.47635,-1.99325,1.46250,0.49739,0.20888,0.00000,
3.96,1,3.61821,-2.46932,0.28219,0.33647,0.32552,0.01865,0.07992
3.96,2,2.49249,-2.49105,-0.00776,0.42359,0.03195,0.12593,0.05416
3.98,0,4.47743,-1.98336,1.46659,0.49744,0.20099,0.00000,
3.98,1,3.62461,-2.46746,0.28849,0.33022,0.31051,0.01936,0.08986
3.98,2,2.50093,-2.49112,-0.00712,0.41985,0.03167,0.12393,0.06082
4.0,0,4.47846,-1.97347,1.47053,0.49765,0.19348,0.00000,
4.0,1,3.63088,-2.46560,0.29466,0.32442,0.30584,0.01990,0.09981
4.0,2,2.50911,-2.49118,-0.00650,0.37943,0.02985,0.12206,0.06735
4.02,0,4.47946,-1.96356,1.47432,0.49774,0.18626,0.00000,
4.02,1,3.63704,-2.46373,0.30067,0.31987,0.29606,0.02028,0.10976
4.02,2,2.51675,-2.49123,-0.00589,0.38522,0.03053,0.12062,0.07378
4.04,0,4.48042,-1.95365,1.47796,0.49775,0.17928,0.00000,
4.04,1,3.64554,-2.46119,0.31296,0.51394,0.63572,0.02296,0.06968
4.04,2,2.52447,-2.49128,-0.00530,0.38462,0.02899,0.12148,0.08266
4.06,0,4.48134,-1.94389,1.48137,0.46073,0.14652,0.00000,
4.06,1,3.65412,-2.45833,0.32159,0.42937,0.33231,0.02586,0.07948
4.06,2,2.53207,-2.49132,-0.00473,0.37613,0.02751,0.12253,0.09168
4.08,0,4.48220,-1.93460,1.48461,0.47155,0.17195,0.00000,
4.08,1,3.66178,-2.45569,0.32754,0.38426,0.29230,0.02808,0.08881
4.08,2,2.53933,-2.49135,-0.00398,0.31183,0.09554,0.12302,0.06259
4.1,0,4.48303,-1.92513,1.48802,0.47685,0.16521,0.00000,
4.1,1,3.66753,-2.45354,0.33554,0.27147,0.40603,0.02827,0.09832
4.1,2,2.54415,-2.49138,-0.00109,0.19743,0.12832,0.12402,0.06871
4.12,0,4.48382,-1.91574,1.49124,0.44291,0.17872,0.00000,
4.12,1,3.67297,-2.45155,0.34157,0.30203,0.25530,0.02812,0.10774
4.12,2,2.54821,-2.49136,0.00149,0.23649,0.24547,0.12547,0.07450
4.14,0,4.48458,-1.90622,1.49433,0.50156,0.14048,0.00000,
4.14,1,3.67871,-2.44948,0.34688,0.30311,0.28379,0.02812,0.11728
4.14,2,2.55339,-2.49133,0.00653,0.24637,0.16856,0.12610,0.08060
4.16,0,4.48536,-1.89601,1.49707,0.51409,0.13692,0.00000,
4.16,1,3.68412,-2.44741,0.34768,0.29136,-0.17512,0.02736,0.02922
4.16,2,2.55942,-2.49136,0.00975,0.36048,0.27280,0.12556,0.05304
4.18,0,4.48611,-1.88590,1.49984,0.50042,0.13869,0.00000,
4.18,1,3.68983,-2.44549,0.34754,0.31659,0.25649,0.02675,0.03936
4.18,2,2.56665,-2.49143,0.01389,0.36006,0.10746,0.12412,0.05906
4.2,0,4.48681,-1.87601,1.50256,0.49298,0.13345,0.00000,
4.2,1,3.69612,-2.44317,0.35761,0.34561,0.60758,0.02693,0.04926
4.2,2,2.57370,-2.49134,0.01410,0.34580,-0.03274,0.12346,0.06577
4.22,0,4.48749,-1.86616,1.50516,0.49494,0.12703,0.00000,
4.22,1,3.70251,-2.44074,0.36860,0.33878,0.48272,0.02721,0.05914
4.22,2,2.58049,-2.49123,0.01370,0.33640,0.00134,0.12315,0.07260
4.24,0,4.48814,-1.85625,1.50764,0.49767,0.12230,0.00000,
4.24,1,3.70886,-2.43827,0.37740,0.33962,0.41871,0.02736,0.06907
4.24,2,2.58749,-2.49112,0.01528,0.37988,0.19275,0.12261,0.04124
4.26,0,4.48877,-1.84631,1.51004,0.49788,0.11804,0.00000,
4.26,1,3.71508,-2.43580,0.38572,0.33027,0.41705,0.02733,0.07903
4.26,2,2.59507,-2.49099,0.01880,0.33977,0.12290,0.12137,0.04793
4.28,0,4.48937,-1.83638,1.51235,0.49715,0.11363,0.00000,
4.28,1,3.72112,-2.43335,0.39403,0.32308,0.41219,0.02708,0.08897
4.28,2,2.60151,-2.49087,0.01973,0.30963,0.00451,0.12109,0.05445
4.3,0,4.48995,-1.82646,1.51458,0.49691,0.10930,0.00000,
4.3,1,3.72704,-2.43089,0.40210,0.31932,0.39523,0.02668,0.09891
4.3,2,2.60781,-2.49076,0.01985,0.33034,0.04696,0.12084,0.02981
4.32,0,4.49051,-1.81654,1.51672,0.49707,0.10522,0.00000,
4.32,1,3.73288,-2.42840,0.40982,0.31547,0.37958,0.02615,0.10885
4.32,2,2.61183,-2.49064,0.01961,0.13641,-0.06265,0.12278,0.03615
4.34,0,4.49105,-1.80661,1.51878,0.49720,0.10130,0.00000,
4.34,1,3.73813,-2.42608,0.41798,0.27985,0.37877,0.02500,0.11879
4.34,2,2.61344,-2.49058,0.01798,0.08575,-0.16275,0.12654,0.04189
4.36,0,4.49156,-1.79668,1.52076,0.49720,0.09751,0.00000,
4.36,1,3.74328,-2.42378,0.42482,0.28240,0.32674,0.02369,0.12874
4.36,2,2.61716,-2.49052,0.01564,0.24835,-0.02759,0.12809,0.04752
4.38,0,4.49206,-1.78675,1.52267,0.49718,0.09387,0.00000,
4.38,1,3.74838,-2.42147,0.43140,0.27694,0.33365,0.02228,0.13868
4.38,2,2.62231,-2.49041,0.01567,0.26005,-0.03196,0.12818,0.02014
4.4,0,4.49254,-1.77681,1.52451,0.49718,0.09036,0.00000,
4.4,1,3.75545,-2.41818,0.44323,0.42318,0.43927,0.02294,0.09937
4.4,2,2.62755,-2.49040,0.01468,0.26999,-0.10124,0.13022,0.02794
4.42,0,4.49300,-1.76688,1.52628,0.49720,0.08698,0.00000,
4.42,1,3.76228,-2.41439,0.44808,0.38625,0.22459,0.02367,0.05966
4.42,2,2.63383,-2.49039,0.01354,0.35243,0.01437,0.13100,0.03572
4.44,0,4.49344,-1.75695,1.52799,0.49721,0.08373,0.00000,
4.44,1,3.76902,-2.41080,0.45381,0.37411,0.36963,0.02413,0.06960
4.44,2,2.64133,-2.49025,0.01519,0.38077,0.11468,0.13048,0.04335
4.46,0,4.49387,-1.74701,1.52963,0.49722,0.08060,0.00000,
4.46,1,3.77554,-2.40755,0.46302,0.35798,0.50424,0.02414,0.07955
4.46,2,2.64886,-2.49010,0.01735,0.44231,0.09683,0.12970,0.01879
4.48,0,4.49428,-1.73707,1.53120,0.49722,0.07759,0.00000,
4.48,1,3.78111,-2.40473,0.47357,0.30581,0.46949,0.02308,0.08949
4.48,2,2.65489,-2.48993,0.02038,0.27003,0.09699,0.12944,0.02504
4.5,0,4.49467,-1.72714,1.53272,0.49723,0.07469,0.00000,
4.5,1,3.78666,-2.40188,0.48190,0.31440,0.39555,0.02196,0.09943
4.5,2,2.66120,-2.48970,0.02359,0.36772,0.15686,0.12888,0.03127
4.52,0,4.49505,-1.71749,1.53411,0.46177,0.06397,0.00000,
4.52,1,3.79219,-2.39899,0.48988,0.30909,0.40443,0.02100,0.10908
4.52,2,2.66947,-2.48954,0.02579,0.43471,0.07806,0.12636,0.03752
4.54,0,4.49540,-1.70814,1.53551,0.47277,0.07282,0.00000,
4.54,1,3.79769,-2.39604,0.49859,0.35918,0.62381,0.02021,0.06873
4.54,2,2.67782,-2.48936,0.02714,0.42548,0.07173,0.12375,0.04376
4.56,0,4.49574,-1.69864,1.53692,0.47623,0.06789,0.00000,
4.56,1,3.80482,-2.39202,0.50948,0.40653,0.37014,0.02115,0.07824
4.56,2,2.68632,-2.48914,0.02877,0.41908,0.08693,0.12271,0.05194
4.58,0,4.49605,-1.68937,1.53831,0.46921,0.06706,0.00000,
4.58,1,3.81154,-2.38832,0.51682,0.37427,0.41897,0.02169,0.08752
4.58,2,2.69447,-2.48891,0.03048,0.39944,0.08264,0.12159,0.05960
4.6,0,4.49638,-1.67943,1.53952,0.51228,0.05767,0.00000,
4.6,1,3.81786,-2.38464,0.52593,0.35900,0.45957,0.02138,0.09746
4.6,2,2.70134,-2.48872,0.03334,0.24300,0.25874,0.12136,0.03252
4.62,0,4.49670,-1.66917,1.54067,0.50898,0.05863,0.00000,
4.62,1,3.82326,-2.38144,0.53509,0.29695,0.42061,0.01977,0.10772
4.62,2,2.70476,-2.48861,0.03892,0.12515,0.39063,0.12362,0.03879
4.64,0,4.49700,-1.65916,1.54185,0.49543,0.05808,0.00000,
4.64,1,3.82999,-2.37735,0.54768,0.44805,0.61473,0.01984,0.06802
4.64,2,2.70695,-2.48857,0.04736,0.12440,0.25330,0.12854,0.04666
4.66,0,4.49729,-1.64930,1.54298,0.49264,0.05532,0.00000,
4.66,1,3.83705,-2.37324,0.55805,0.36063,0.37482,0.02021,0.07788
4.66,2,2.71092,-2.48844,0.04759,0.24273,-0.08718,0.13200,0.05483
4.68,0,4.49756,-1.63942,1.54406,0.49583,0.05291,0.00000,
4.68,1,3.84341,-2.36920,0.56746,0.38961,0.51908,0.01996,0.08777
4.68,2,2.71616,-2.48820,0.04639,0.30500,-0.01882,0.13352,0.06236
4.7,0,4.49783,-1.62948,1.54510,0.49753,0.05106,0.00000,
4.7,1,3.84912,-2.36551,0.57773,0.29338,0.48705,0.01890,0.09771
4.7,2,2.72231,-2.48803,0.04589,0.31366,-0.01877,0.13345,0.03333
4.72,0,4.49808,-1.61954,1.54610,0.49708,0.04924,0.00000,
4.72,1,3.85401,-2.36231,0.58606,0.29179,0.37939,0.01687,0.10765
4.72,2,2.73034,-2.48767,0.05035,0.40151,0.27554,0.13064,0.03917
4.74,0,4.49833,-1.60961,1.54706,0.49645,0.04737,0.00000,
4.74,1,3.85884,-2.35911,0.59343,0.27841,0.31876,0.01476,0.11759
4.74,2,2.73870,-2.48723,0.05413,0.41258,0.10930,0.12744,0.04496
4.76,0,4.49856,-1.59968,1.54799,0.49642,0.04559,0.00000,
4.76,1,3.86395,-2.35561,0.58642,0.33223,-0.78186,0.01300,0.07977
4.76,2,2.74639,-2.48680,0.05534,0.36336,0.04616,0.12524,0.05116
4.78,0,4.49879,-1.58976,1.54888,0.49659,0.04389,0.00000,
4.78,1,3.86952,-2.35189,0.57297,0.33989,-0.33831,0.01165,0.08971
4.78,2,2.75162,-2.48642,0.05729,0.25684,0.09408,0.12597,0.05785
4.8,0,4.49901,-1.57983,1.54974,0.49665,0.04226,0.00000,
4.8,1,3.87566,-2.34784,0.58163,0.43513,1.14524,0.01085,0.04967
4.8,2,2.75721,-2.48606,0.05882,0.29367,0.06905,0.12696,0.06521
4.82,0,4.49922,-1.56989,1.55057,0.49662,0.04068,0.00000,
4.82,1,3.88299,-2.34278,0.60500,0.42595,0.90455,0.01152,0.05961
4.82,2,2.76267,-2.48572,0.05999,0.26985,0.05736,0.12939,0.07410
4.84,0,4.49942,-1.55996,1.55137,0.49660,0.03916,0.00000,
4.84,1,3.88976,-2.33798,0.61727,0.39938,0.43071,0.01157,0.06954
4.84,2,2.76911,-2.48532,0.06153,0.34958,0.08439,0.13029,0.08240
4.86,0,4.49961,-1.55003,1.55213,0.49660,0.03770,0.00000,
4.86,1,3.89599,-2.33349,0.62538,0.41346,0.54584,0.01098,0.02980
4.86,2,2.77601,-2.48489,0.06313,0.33270,0.07472,0.13017,0.09008
4.88,0,4.49980,-1.54010,1.55287,0.49661,0.03630,0.00000,
4.88,1,3.90424,-2.32740,0.64030,0.52530,0.74691,0.01283,0.03973
4.88,2,2.78461,-2.48432,0.06797,0.45765,0.28923,0.13058,0.06410
4.9,0,4.49997,-1.53017,1.55358,0.49662,0.03495,0.00000,
4.9,1,3.91211,-2.32177,0.65571,0.43359,0.66844,0.01399,0.04966
4.9,2,2.79295,-2.48375,0.07165,0.39652,0.10387,0.13082,0.07376
4.92,0,4.50015,-1.52024,1.55427,0.49662,0.03364,0.00000,
4.92,1,3.91780,-2.31740,0.66586,0.32770,0.43592,0.01280,0.05959
4.92,2,2.80010,-2.48325,0.07286,0.30686,0.06750,0.12994,0.08094
4.94,0,4.50031,-1.51031,1.55493,0.49662,0.03239,0.00000,
4.94,1,3.92277,-2.31345,0.67455,0.31647,0.45118,0.01077,0.06953
4.94,2,2.80457,-2.48277,0.07553,0.22074,0.18894,0.13095,0.08727
4.96,0,4.50047,-1.50038,1.55556,0.49662,0.03118,0.00000,
4.96,1,3.92787,-2.30936,0.68404,0.33353,0.48117,0.00889,0.07946
4.96,2,2.80959,-2.48233,0.07915,0.34120,0.13650,0.13159,0.06028
4.98,0,4.50062,-1.49045,1.55617,0.49662,0.03002,0.00000,
4.98,1,3.93304,-2.30514,0.69340,0.33037,0.45410,0.00709,0.08939
4.98,2,2.81826,-2.48191,0.07656,0.41947,-0.23753,0.12871,0.06694
5.0,0,4.50076,-1.48052,1.55676,0.49662,0.02890,0.00000,
5.0,1,3.93803,-2.30100,0.70220,0.31928,0.43134,0.00508,0.09932
5.0,2,2.82664,-2.48148,0.07180,0.41951,-0.23800,0.12595,0.02938
5.02,0,4.50090,-1.47059,1.55733,0.49662,0.02783,0.00000,
5.02,1,3.94285,-2.29693,0.71070,0.31299,0.42012,0.00287,0.10926
5.02,2,2.83425,-2.48062,0.07158,0.40000,0.24854,0.12371,0.03568
5.04,0,4.50104,-1.46065,1.55787,0.49662,0.02679,0.00000,
5.04,1,3.94750,-2.29290,0.71815,0.31659,0.39861,0.00048,0.11919
5.04,2,2.84156,-2.47982,0.08047,0.34276,0.52025,0.12163,0.00930
5.06,0,4.50116,-1.45072,1.55840,0.49662,0.02579,0.00000,
5.06,1,3.95241,-2.28861,0.72665,0.32827,0.42611,0.00159,0.12912
5.06,2,2.84881,-2.47927,0.08704,0.37106,0.17197,0.11994,0.01581
5.08,0,4.50129,-1.44079,1.55890,0.49662,0.02483,0.00000,
5.08,1,3.95730,-2.28424,0.73495,0.36777,0.50992,0.00366,0.08939
5.08,2,2.85579,-2.47875,0.08884,0.32837,0.06483,0.11855,0.02237
5.1,0,4.50141,-1.43108,1.55937,0.46026,0.02099,0.00000,
5.1,1,3.96446,-2.27777,0.74244,0.49573,0.01547,0.00259,0.04944
5.1,2,2.86307,-2.47814,0.09124,0.38687,0.16040,0.11947,0.03202
5.12,0,4.50152,-1.42176,1.55983,0.47133,0.02402,0.00000,
5.12,1,3.97153,-2.27144,0.74294,0.47433,0.03495,0.00142,0.05877
5.12,2,2.87079,-2.47745,0.09469,0.38104,0.16897,0.11985,0.04151
5.14,0,4.50162,-1.41227,1.56030,0.47570,0.02267,0.00000,
5.14,1,3.97864,-2.26458,0.75193,0.48567,0.73737,0.00003,0.01882
5.14,2,2.87810,-2.47675,0.09775,0.35652,0.14119,0.12081,0.05138
5.16,0,4.50172,-1.40300,1.56076,0.46890,0.02224,0.00000,
5.16,1,3.98509,-2.25860,0.76699,0.40409,0.67723,0.00052,0.02809
5.16,2,2.88470,-2.47607,0.10081,0.29708,0.17623,0.12168,0.06018
5.18,0,4.50182,-1.39306,1.56116,0.51198,0.01924,0.00000,
5.18,1,3.98999,-2.25424,0.77725,0.31715,0.48946,0.00180,0.03803
5.18,2,2.89085,-2.47541,0.10366,0.31819,0.12164,0.12118,0.06674
5.2,0,4.50192,-1.38281,1.56155,0.50851,0.01952,0.00000,
5.2,1,3.99470,-2.24974,0.78711,0.33240,0.49125,0.00441,0.04828
5.2,2,2.89723,-2.47474,0.10598,0.31958,0.11640,0.12030,0.03649
5.22,0,4.50201,-1.37280,1.56194,0.49491,0.01931,0.00000,
5.22,1,3.99945,-2.24502,0.79664,0.33343,0.46163,0.00665,0.05829
5.22,2,2.90737,-2.47390,0.10845,0.47986,-0.01500,0.11580,0.04318
5.24,0,4.50210,-1.36295,1.56231,0.49214,0.01841,0.00000,
5.24,1,4.00399,-2.24038,0.80516,0.31278,0.36355,0.00896,0.06814
5.24,2,2.91663,-2.47302,0.10785,0.46517,-0.03087,0.11196,0.04967
5.26,0,4.50218,-1.35307,1.56267,0.49536,0.01761,0.00000,
5.26,1,4.00851,-2.23566,0.81369,0.33561,0.46077,0.01127,0.07801
5.26,2,2.92594,-2.47194,0.10813,0.47279,0.08304,0.10805,0.05620
5.28,0,4.50226,-1.34314,1.56302,0.49706,0.01700,0.00000,
5.28,1,4.01313,-2.23076,0.82280,0.33391,0.43948,0.01347,0.08794
5.28,2,2.93537,-2.47089,0.11130,0.47306,0.19782,0.10419,0.06292
5.3,0,4.50234,-1.33321,1.56335,0.49659,0.01639,0.00000,
5.3,1,4.01758,-2.22597,0.83112,0.32142,0.40002,0.01588,0.09788
5.3,2,2.94377,-2.46989,0.10467,0.42368,-1.53736,0.10116,0.02964
5.32,0,4.50241,-1.32328,1.56367,0.49596,0.01577,0.00000,
5.32,1,4.02185,-2.22129,0.83894,0.31431,0.38668,0.01851,0.10781
5.32,2,2.95219,-2.46890,0.07391,0.42331,-1.53713,0.09795,0.03598
5.34,0,4.50248,-1.31336,1.56398,0.49593,0.01518,0.00000,
5.34,1,4.02603,-2.21663,0.84659,0.31155,0.37860,0.02123,0.11772
5.34,2,2.95938,-2.46811,0.04711,0.24469,-0.84862,0.09589,0.04223
5.36,0,4.50255,-1.30344,1.56428,0.49610,0.01462,0.00000,
5.36,1,4.03026,-2.21186,0.85421,0.31915,0.45928,0.02385,0.07937
5.36,2,2.96407,-2.46780,0.04799,0.23301,0.58877,0.09648,0.04861
5.38,0,4.50262,-1.29352,1.56456,0.49616,0.01408,0.00000,
5.38,1,4.03455,-2.20718,0.84697,0.31510,-0.38112,0.02658,0.08929
5.38,2,2.96889,-2.46751,0.06102,0.29609,0.56117,0.09700,0.05495
5.4,0,4.50268,-1.28360,1.56484,0.49612,0.01355,0.00000,
5.4,1,4.03892,-2.20229,0.83825,0.39280,-0.78220,0.02910,0.09921
5.4,2,2.97599,-2.46708,0.06850,0.37881,0.25073,0.09542,0.06152
5.42,0,4.50274,-1.27368,1.56511,0.49610,0.01305,0.00000,
5.42,1,4.04641,-2.19386,0.81974,0.59851,-0.47404,0.02712,0.05953
5.42,2,2.98300,-2.46661,0.07280,0.34757,0.23335,0.09782,0.07279
5.44,0,4.50279,-1.26375,1.56536,0.49610,0.01256,0.00000,
5.44,1,4.05373,-2.18562,0.81266,0.54135,-0.30154,0.02543,0.06945
5.44,2,2.99296,-2.46599,0.08135,0.54081,0.51425,0.09719,0.01724
5.46,0,4.50285,-1.25383,1.56561,0.49611,0.01210,0.00000,
5.46,1,4.06067,-2.17850,0.81655,0.45706,0.63365,0.02495,0.07937
5.46,2,3.00298,-2.46529,0.09079,0.50634,0.42057,0.09589,0.02719
5.48,0,4.50290,-1.24391,1.56584,0.49611,0.01165,0.00000,
5.48,1,4.06693,-2.17285,0.83296,0.35813,0.69143,0.02616,0.08930
5.48,2,3.01368,-2.46436,0.09719,0.56182,0.26917,0.09284,0.03558
5.5,0,4.50295,-1.23399,1.56607,0.49611,0.01122,0.00000,
5.5,1,4.07123,-2.16873,0.84264,0.29154,0.52900,0.02963,0.09922
5.5,2,3.02508,-2.46324,0.10275,0.57238,0.29936,0.08681,0.04153
5.52,0,4.50300,-1.22407,1.56629,0.49611,0.01080,0.00000,
5.52,1,4.07495,-2.16434,0.85208,0.28487,0.34867,0.03312,0.10914
5.52,2,3.03622,-2.46207,0.10920,0.54872,0.33254,0.08056,0.04728
5.54,0,4.50304,-1.21414,1.56650,0.49611,0.01040,0.00000,
5.54,1,4.07939,-2.15901,0.86167,0.44699,0.53150,0.03550,0.01984
5.54,2,3.04693,-2.46089,0.11571,0.53336,0.31543,0.07569,0.05420
5.56,0,4.50308,-1.20422,1.56671,0.49611,0.01001,0.00000,
5.56,1,4.08468,-2.15319,0.86355,0.39607,0.04926,0.03711,0.02977
5.56,2,3.05747,-2.45966,0.12176,0.52895,0.29359,0.07195,0.06206
5.58,0,4.50312,-1.19430,1.56690,0.49611,0.00964,0.00000,
5.58,1,4.08977,-2.14691,0.86691,0.41841,0.09419,0.03843,0.03969
5.58,2,3.06792,-2.45838,0.12752,0.52378,0.28431,0.06826,0.07013
5.6,0,4.50316,-1.18438,1.56709,0.49611,0.00928,0.00000,
5.6,1,4.09655,-2.13899,0.86349,0.61089,-0.58599,0.03760,0.04961
5.6,2,3.07760,-2.45709,0.13371,0.48720,0.28542,0.06745,0.08055
5.62,0,4.50320,-1.17446,1.56727,0.49611,0.00894,0.00000,
5.62,1,4.10420,-2.13006,0.85845,0.55488,-0.00648,0.03556,0.05953
5.62,2,3.08730,-2.45577,0.13896,0.48931,0.25104,0.06779,0.09230
5.64,0,4.50323,-1.16453,1.56745,0.49611,0.00861,0.00000,
5.64,1,4.11051,-2.12267,0.86593,0.43143,0.65112,0.03549,0.06946
5.64,2,3.09761,-2.45427,0.13078,0.53110,-1.22827,0.06580,0.01540
5.66,0,4.50327,-1.15461,1.56762,0.49611,0.00829,0.00000,
5.66,1,4.11531,-2.11747,0.87781,0.30476,0.53321,0.03808,0.07938
5.66,2,3.10761,-2.45303,0.11401,0.47698,-0.29838,0.06209,0.02247
5.68,0,4.50330,-1.14469,1.56778,0.49611,0.00798,0.00000,
5.68,1,4.11947,-2.11282,0.88844,0.32520,0.52881,0.04144,0.08930
5.68,2,3.11706,-2.45183,0.12106,0.48466,0.68944,0.05818,0.02871
5.7,0,4.50333,-1.13477,1.56794,0.49611,0.00768,0.00000,
5.7,1,4.12382,-2.10754,0.89921,0.35083,0.54246,0.04418,0.09922
5.7,2,3.12696,-2.45052,0.13392,0.50702,0.51416,0.05422,0.03554
5.72,0,4.50336,-1.12484,1.56809,0.49611,0.00740,0.00000,
5.72,1,4.12804,-2.10221,0.90907,0.33910,0.46935,0.04695,0.10914
5.72,2,3.13689,-2.44915,0.14132,0.48495,0.29147,0.05011,0.04234
5.74,0,4.50338,-1.11492,1.56823,0.49611,0.00712,0.00000,
5.74,1,4.13379,-2.09444,0.92139,0.55400,0.58088,0.04692,0.06946
5.74,2,3.14666,-2.44775,0.14753,0.49745,0.34030,0.04846,0.05199
5.76,0,4.50341,-1.10500,1.56837,0.49611,0.00686,0.00000,
5.76,1,4.13973,-2.08628,0.93250,0.49700,0.55182,0.04651,0.07938
5.76,2,3.15646,-2.44629,0.15481,0.49189,0.37092,0.04710,0.06206
5.78,0,4.50343,-1.09508,1.56851,0.49611,0.00661,0.00000,
5.78,1,4.14548,-2.07849,0.94299,0.46033,0.48110,0.04653,0.08930
5.78,2,3.16604,-2.44479,0.16198,0.47948,0.34582,0.04569,0.07173
5.8,0,4.50346,-1.08516,1.56863,0.49611,0.00636,0.00000,
5.8,1,4.15021,-2.07235,0.95015,0.31890,0.25758,0.04850,0.09922
5.8,2,3.17541,-2.44326,0.16864,0.47089,0.32491,0.04298,0.07948
5.82,0,4.50348,-1.07523,1.56876,0.49611,0.00613,0.00000,
5.82,1,4.15426,-2.06706,0.95885,0.32006,0.37496,0.05151,0.00992
5.82,2,3.18406,-2.44172,0.17599,0.40654,0.39566,0.04003,0.08615
5.84,0,4.50350,-1.06531,1.56888,0.49611,0.00590,0.00000,
5.84,1,4.15801,-2.06231,0.97063,0.24763,1.22051,0.05516,0.01984
5.84,2,3.19227,-2.44020,0.18241,0.42483,0.27743,0.03704,0.09220
5.86,0,4.50352,-1.05606,1.56899,0.46774,0.00576,0.00000,
5.86,1,4.16176,-2.05734,0.98810,0.35780,0.81569,0.05800,0.02910
5.86,2,3.20062,-2.43864,0.18777,0.42183,0.27150,0.03401,0.09842
5.88,0,4.50353,-1.04661,1.56911,0.47494,0.00561,0.00000,
5.88,1,4.16579,-2.05080,1.00461,0.42131,0.72249,0.05947,0.03855
5.88,2,3.20859,-2.43711,0.19306,0.41154,0.27712,0.03222,0.10605
5.9,0,4.50355,-1.03727,1.56921,0.44799,0.00566,0.00000,
5.9,1,4.17057,-2.04318,1.01525,0.44862,0.44201,0.05959,0.04789
5.9,2,3.21700,-2.43546,0.19891,0.43525,0.29356,0.03111,0.11501
5.92,0,4.50356,-1.02763,1.56932,0.50449,0.00488,0.00000,
5.92,1,4.17533,-2.03556,1.02327,0.44383,0.40382,0.06003,0.05753
5.92,2,3.22276,-2.43417,0.20875,0.23642,0.58382,0.03261,0.08503
5.94,0,4.50358,-1.01738,1.56941,0.51223,0.00479,0.00000,
5.94,1,4.17984,-2.02818,1.03194,0.42424,0.45167,0.06138,0.06778
5.94,2,3.22746,-2.43322,0.22270,0.24867,0.81431,0.03493,0.01312
5.96,0,4.50359,-1.00729,1.56951,0.49782,0.00474,0.00000,
5.96,1,4.18414,-2.02099,1.04092,0.41595,0.43891,0.06285,0.07787
5.96,2,3.23292,-2.43233,0.23315,0.30711,0.23877,0.03635,0.02150
5.98,0,4.50361,-0.99742,1.56960,0.49154,0.00455,0.00000,
5.98,1,4.18832,-2.01389,1.04917,0.38854,0.31574,0.06424,0.08773
5.98,2,3.23943,-2.43085,0.23575,0.32104,0.09307,0.03646,0.02974
6.0,0,4.50362,-0.98757,1.56969,0.49401,0.00436,0.00000,
6.0,1,4.19216,-2.00755,1.05602,0.37367,0.43113,0.06647,0.09759
6.0,2,3.24645,-2.42904,0.24026,0.41546,0.36278,0.03538,0.03715
6.02,0,4.50363,-0.97766,1.56978,0.49653,0.00420,0.00000,
6.02,1,4.19588,-2.00102,1.06496,0.37568,0.42850,0.06864,0.10750
6.02,2,3.25462,-2.42698,0.24884,0.35253,0.58384,0.03316,0.00376
6.04,0,4.50364,-0.96773,1.56986,0.49651,0.00405,0.00000,
6.04,1,4.19959,-1.99435,1.07482,0.39269,0.60875,0.07070,0.06954
6.04,2,3.25940,-2.42567,0.26217,0.19071,0.58739,0.03441,0.01140
6.06,0,4.50365,-0.95780,1.56994,0.49576,0.00390,0.00000,
6.06,1,4.20328,-1.98753,1.08567,0.37794,0.44778,0.07264,0.07947
6.06,2,3.26212,-2.42490,0.27544,0.12230,0.63851,0.03782,0.01915
6.08,0,4.50366,-0.94789,1.57001,0.49557,0.00375,0.00000,
6.08,1,4.20666,-1.98116,1.09341,0.36511,0.32029,0.07510,0.08938
6.08,2,3.26548,-2.42406,0.28166,0.22616,0.13327,0.04019,0.02636
6.1,0,4.50366,-0.93798,1.57009,0.49573,0.00361,0.00000,
6.1,1,4.21008,-1.97457,1.09957,0.37275,0.31840,0.07736,0.09929
6.1,2,3.26991,-2.42268,0.28233,0.25610,0.04096,0.04150,0.03378
6.12,0,4.50367,-0.92806,1.57016,0.49583,0.00348,0.00000,
6.12,1,4.21342,-1.96800,1.10636,0.36367,0.35060,0.07968,0.10921
6.12,2,3.27529,-2.42120,0.27829,0.28453,-0.19042,0.04187,0.04115
6.14,0,4.50368,-0.91815,1.57023,0.49581,0.00335,0.00000,
6.14,1,4.21663,-1.96160,1.11328,0.35409,0.33749,0.08222,0.11912
6.14,2,3.28110,-2.41955,0.28038,0.31841,0.31983,0.04160,0.04831
6.16,0,4.50368,-0.90823,1.57029,0.49578,0.00323,0.00000,
6.16,1,4.21973,-1.95530,1.11979,0.34920,0.31645,0.08489,0.12904
6.16,2,3.28741,-2.41767,0.28828,0.33184,0.38936,0.04068,0.05533
6.18,0,4.50369,-0.89832,1.57036,0.49577,0.00311,0.00000,
6.18,1,4.22283,-1.94938,1.12006,0.33111,-0.36180,0.08795,0.08926
6.18,2,3.29364,-2.41580,0.29478,0.31910,0.27774,0.03967,0.06201
6.2,0,4.50369,-0.88840,1.57042,0.49578,0.00299,0.00000,
6.2,1,4.22594,-1.94352,1.11297,0.33686,-0.29502,0.09106,0.04958
6.2,2,3.29967,-2.41396,0.30011,0.33954,0.35400,0.03889,0.03116
6.22,0,4.50370,-0.87848,1.57048,0.49579,0.00288,0.00000,
6.22,1,4.22894,-1.93695,1.11480,0.36454,0.45526,0.09355,0.05949
6.22,2,3.30772,-2.41144,0.31155,0.43536,0.56354,0.03623,0.03837
6.24,0,4.50370,-0.86857,1.57053,0.49578,0.00278,0.00000,
6.24,1,4.23287,-1.92880,1.12579,0.60575,0.57191,0.09428,0.01983
6.24,2,3.31502,-2.40912,0.31952,0.33476,0.27531,0.03593,0.04742
6.26,0,4.50370,-0.85865,1.57059,0.49578,0.00267,0.00000,
6.26,1,4.23854,-1.91632,1.13525,0.64131,0.60843,0.09040,0.02975
6.26,2,3.32089,-2.40721,0.32447,0.35027,0.38244,0.04070,0.02642
6.28,0,4.50370,-0.84874,1.57064,0.49578,0.00258,0.00000,
6.28,1,4.24403,-1.90484,1.14629,0.62135,0.38406,0.08756,0.03966
6.28,2,3.32897,-2.40447,0.33498,0.43717,0.49836,0.04258,0.03915
6.3,0,4.50371,-0.83882,1.57069,0.49578,0.00248,0.00000,
6.3,1,4.24856,-1.89436,1.14978,0.53269,0.11774,0.08593,0.04958
6.3,2,3.33612,-2.40201,0.34189,0.33506,0.25366,0.04415,0.05056
6.32,0,4.50371,-0.82891,1.57074,0.49578,0.00239,0.00000,
6.32,1,4.25234,-1.88694,1.14941,0.37853,0.08444,0.08749,0.05949
6.32,2,3.34211,-2.39991,0.34676,0.31095,0.24996,0.04483,0.05888
6.34,0,4.50371,-0.81899,1.57078,0.49578,0.00230,0.00000,
6.34,1,4.25569,-1.88019,1.15332,0.38531,0.29857,0.08980,0.06941
6.34,2,3.34780,-2.39782,0.35262,0.26139,0.41035,0.04509,0.06642
6.36,0,4.50371,-0.80907,1.57083,0.49578,0.00222,0.00000,
6.36,1,4.25897,-1.87283,1.16080,0.41454,0.39912,0.09154,0.07933
6.36,2,3.35293,-2.39584,0.35867,0.28424,0.23204,0.04616,0.07448
6.38,0,4.50371,-0.79916,1.57087,0.49578,0.00213,0.00000,
6.38,1,4.26220,-1.86541,1.16943,0.40570,0.41845,0.09326,0.08924
6.38,2,3.35828,-2.39382,0.36286,0.28346,0.21102,0.04704,0.08256
6.4,0,4.50371,-0.78924,1.57092,0.49578,0.00206,0.00000,
6.4,1,4.26558,-1.85748,1.17573,0.44164,0.26879,0.09446,0.09916
6.4,2,3.36345,-2.39185,0.36742,0.27176,0.23868,0.04851,0.09118
6.42,0,4.50371,-0.77933,1.57096,0.49578,0.00198,0.00000,
6.42,1,4.26892,-1.84946,1.18133,0.42419,0.29936,0.09559,0.10907
6.42,2,3.36850,-2.38992,0.37192,0.33469,0.24980,0.05017,0.04476
6.44,0,4.50370,-0.76941,1.57099,0.49578,0.00191,0.00000,
6.44,1,4.27205,-1.84185,1.18763,0.40382,0.31940,0.09717,0.11899
6.44,2,3.37489,-2.38761,0.34744,0.34349,-1.38916,0.05012,0.05299
6.46,0,4.50370,-0.75950,1.57103,0.49578,0.00184,0.00000,
6.46,1,4.27504,-1.83442,1.19383,0.39889,0.30048,0.09898,0.12890
6.46,2,3.38088,-2.38573,0.32781,0.32186,-0.39870,0.05046,0.06099
6.48,0,4.50370,-0.74958,1.57107,0.49578,0.00177,0.00000,
6.48,1,4.27798,-1.82700,1.19919,0.43495,0.14613,0.10081,0.03966
6.48,2,3.38739,-2.38355,0.33458,0.35703,0.70927,0.05019,0.06897
6.5,0,4.50370,-0.73966,1.57110,0.49578,0.00170,0.00000,
6.5,1,4.28069,-1.82089,1.20925,0.32527,0.47669,0.10398,0.04958
6.5,2,3.39361,-2.38137,0.34890,0.30072,0.60576,0.04931,0.07566
6.52,0,4.50369,-0.72975,1.57114,0.49578,0.00164,0.00000,
6.52,1,4.28304,-1.81446,1.22056,0.36864,0.56563,0.10693,0.05949
6.52,2,3.39928,-2.37928,0.35622,0.30180,0.24053,0.04883,0.08249
6.54,0,4.50369,-0.71983,1.57117,0.49578,0.00158,0.00000,
6.54,1,4.28588,-1.80670,1.22842,0.44165,0.26716,0.10847,0.06941
6.54,2,3.40486,-2.37719,0.36108,0.29421,0.27762,0.04960,0.09075
6.56,0,4.50369,-0.70992,1.57120,0.49578,0.00152,0.00000,
6.56,1,4.28895,-1.79852,1.23419,0.46577,0.21603,0.10958,0.07933
6.56,2,3.41060,-2.37506,0.36621,0.36556,-0.32219,0.05066,0.05903
6.58,0,4.50368,-0.70000,1.57123,0.49578,0.00147,0.00000,
6.58,1,4.29213,-1.78960,1.23836,0.46782,0.22757,0.10995,0.08924
6.58,2,3.41735,-2.37273,0.34012,0.33996,-1.30811,0.05133,0.06849
6.6,0,4.50368,-0.69009,1.57126,0.49578,0.00141,0.00000,
6.6,1,4.29509,-1.78112,1.24350,0.43488,0.27150,0.11079,0.09916
6.6,2,3.42358,-2.37089,0.31677,0.30756,-0.83558,0.05231,0.07747
6.62,0,4.50367,-0.68017,1.57129,0.49578,0.00136,0.00000,
6.62,1,4.29783,-1.77306,1.24881,0.42183,0.25490,0.11210,0.10907
6.62,2,3.42982,-2.36895,0.31714,0.35005,0.61542,0.05286,0.08598
6.64,0,4.50367,-0.67026,1.57131,0.49578,0.00131,0.00000,
6.64,1,4.30050,-1.76505,1.25364,0.42212,0.23368,0.11349,0.11899
6.64,2,3.43570,-2.36696,0.33388,0.32042,0.72301,0.05364,0.09441
6.66,0,4.50366,-0.66034,1.57134,0.49578,0.00126,0.00000,
6.66,1,4.30325,-1.75636,1.25878,0.58337,0.35460,0.11420,0.07933
6.66,2,3.43912,-2.36547,0.34933,0.15473,0.79246,0.05722,0.06505
6.68,0,4.50366,-0.65042,1.57136,0.49578,0.00122,0.00000,
6.68,1,4.30675,-1.74410,1.26586,0.59395,0.45149,0.11127,0.08924
6.68,2,3.44194,-2.36410,0.36447,0.15430,0.67793,0.06409,0.07778
6.7,0,4.50365,-0.64051,1.57139,0.49578,0.00117,0.00000,
6.7,1,4.31017,-1.73339,1.27615,0.65138,0.47122,0.10988,0.04958
6.7,2,3.44576,-2.36258,0.37365,0.22809,0.27329,0.06915,0.08903
6.72,0,4.50365,-0.63059,1.57141,0.49578,0.00113,0.00000,
6.72,1,4.31433,-1.71905,1.28515,0.73930,0.44342,0.10480,0.05949
6.72,2,3.44998,-2.36077,0.37726,0.26797,0.24711,0.07652,0.10395
6.74,0,4.50364,-0.62068,1.57143,0.49578,0.00109,0.00000,
6.74,1,4.31784,-1.70693,1.29227,0.53747,0.26483,0.10203,0.06941
6.74,2,3.45531,-2.35871,0.38168,0.28793,0.24353,0.08110,0.11656
6.76,0,4.50364,-0.61076,1.57145,0.49578,0.00105,0.00000,
6.76,1,4.32046,-1.69959,1.29229,0.31146,-0.15416,0.10413,0.07933
6.76,2,3.46055,-2.35663,0.38863,0.27640,0.41484,0.08219,0.12435
6.78,0,4.50363,-0.60085,1.57147,0.49578,0.00101,0.00000,
6.78,1,4.32293,-1.69379,1.28916,0.32034,-0.14551,0.10778,0.08924
6.78,2,3.46556,-2.35458,0.39717,0.26719,0.41542,0.08246,0.13064
6.8,0,4.50362,-0.59154,1.57150,0.46629,0.00102,0.00000,
6.8,1,4.32512,-1.68699,1.29001,0.38751,0.19731,0.10990,0.09855
6.8,2,3.47094,-2.35239,0.40484,0.43066,0.34835,0.08276,0.04138
6.82,0,4.50362,-0.58211,1.57151,0.47436,0.00086,0.00000,
6.82,1,4.32735,-1.67829,1.29949,0.55720,0.98936,0.11026,0.05840
6.82,2,3.48048,-2.34900,0.41696,0.48166,0.54005,0.08029,0.05034
6.84,0,4.50361,-0.57272,1.57153,0.44091,0.00069,0.00000,
6.84,1,4.32961,-1.66735,1.31933,0.55783,0.99035,0.10837,0.01882
6.84,2,3.48824,-2.34560,0.42278,0.41504,0.25142,0.08070,0.06146
6.86,0,4.50360,-0.56325,1.57155,0.50981,0.00093,0.00000,
6.86,1,4.33220,-1.65719,1.33548,0.53903,0.48289,0.10729,0.02829
6.86,2,3.49629,-2.34153,0.43354,0.52151,0.71401,0.08030,0.07194
6.88,0,4.50359,-0.55271,1.57157,0.53100,0.00090,0.00000,
6.88,1,4.33498,-1.64654,1.33902,0.54307,0.00346,0.10675,0.03884
6.88,2,3.50794,-2.33597,0.44705,0.71368,0.56131,0.07672,0.08295
6.9,0,4.50359,-0.54228,1.57158,0.51150,0.00079,0.00000,
6.9,1,4.33719,-1.63815,1.33633,0.40703,-0.02129,0.10843,0.04926
6.9,2,3.51905,-2.33038,0.45909,0.60344,0.69205,0.07170,0.04634
6.92,0,4.50358,-0.53221,1.57160,0.49985,0.00076,0.00000,
6.92,1,4.33909,-1.63006,1.33971,0.42099,0.25734,0.11010,0.05933
6.92,2,3.52980,-2.32502,0.47344,0.58962,0.81824,0.06674,0.05466
6.94,0,4.50357,-0.52220,1.57161,0.50232,0.00075,0.00000,
6.94,1,4.34095,-1.62214,1.34517,0.42489,0.20414,0.11189,0.06934
6.94,2,3.53766,-2.32114,0.48798,0.36974,0.48100,0.06484,0.06279
6.96,0,4.50356,-0.51268,1.57163,0.47425,0.00080,0.00000,
6.96,1,4.34297,-1.61338,1.34757,0.45722,0.08684,0.11235,0.07886
6.96,2,3.54328,-2.31807,0.49380,0.29553,0.23018,0.06587,0.07178
6.98,0,4.50355,-0.50307,1.57164,0.48407,0.00061,0.00000,
6.98,1,4.34495,-1.60468,1.34965,0.43291,0.12571,0.11297,0.08847
6.98,2,3.54848,-2.31520,0.49962,0.30548,0.35285,0.06732,0.08070
7.0,0,4.50355,-0.49338,1.57166,0.48333,0.00063,0.00000,
7.0,1,4.34683,-1.59670,1.35431,0.34437,0.23782,0.11439,0.04890
7.0,2,3.55405,-2.31213,0.50745,0.32454,0.40146,0.06787,0.08890
7.02,0,4.50354,-0.48376,1.57167,0.48004,0.00065,0.00000,
7.02,1,4.34863,-1.58984,1.35794,0.38245,0.08505,0.11688,0.05853
7.02,2,3.55971,-2.30899,0.51510,0.31997,0.36299,0.06751,0.09599
7.04,0,4.50353,-0.47428,1.57168,0.47869,0.00059,0.00000,
7.04,1,4.35058,-1.58118,1.35914,0.48623,0.07604,0.11741,0.06800
7.04,2,3.56516,-2.30590,0.52201,0.30818,0.33608,0.06870,0.10487
7.06,0,4.50352,-0.46442,1.57169,0.50103,0.00063,0.00000,
7.06,1,4.35267,-1.57142,1.36150,0.49497,0.14445,0.11723,0.07787
7.06,2,3.57165,-2.30211,0.53443,0.45933,0.84050,0.06953,0.02250
7.08,0,4.50351,-0.45450,1.57170,0.50157,0.00056,0.00000,
7.08,1,4.35463,-1.56214,1.36450,0.45771,0.14599,0.11760,0.08778
7.08,2,3.57899,-2.29764,0.54658,0.38194,0.35603,0.06892,0.03199
7.1,0,4.50350,-0.44430,1.57172,0.51307,0.00058,0.00000,
7.1,1,4.35646,-1.55340,1.36718,0.44149,0.12526,0.11880,0.09798
7.1,2,3.58547,-2.29345,0.55436,0.38339,0.38880,0.06870,0.04092
7.12,0,4.50349,-0.43409,1.57173,0.50772,0.00053,0.00000,
7.12,1,4.35825,-1.54458,1.36959,0.52571,0.12133,0.11995,0.01021
7.12,2,3.59097,-2.28993,0.56239,0.27904,0.39416,0.06971,0.04991
7.14,0,4.50348,-0.42400,1.57174,0.50284,0.00050,0.00000,
7.14,1,4.35993,-1.53603,1.37744,0.41724,0.37320,0.12126,0.02031
7.14,2,3.59573,-2.28689,0.56945,0.28648,0.33828,0.07135,0.05863
7.16,0,4.50347,-0.41394,1.57175,0.50305,0.00049,0.00000,
7.16,1,4.36164,-1.52705,1.38127,0.49348,0.07686,0.12211,0.03036
7.16,2,3.60058,-2.28377,0.57628,0.28805,0.34477,0.07324,0.06777
7.18,0,4.50346,-0.40386,1.57176,0.50453,0.00048,0.00000,
7.18,1,4.36358,-1.51701,1.38255,0.48852,0.13043,0.12190,0.04044
7.18,2,3.60516,-2.28075,0.58144,0.29352,0.31112,0.07634,0.07799
7.2,0,4.50345,-0.39434,1.57177,0.47293,0.00054,0.00000,
7.2,1,4.36554,-1.50689,1.38498,0.52894,0.11723,0.12107,0.04996
7.2,2,3.61051,-2.27721,0.58909,0.33120,0.39687,0.07864,0.08829
7.22,0,4.50345,-0.38477,1.57178,0.48192,0.00034,0.00000,
7.22,1,4.36748,-1.49657,1.38731,0.51634,0.11685,0.12009,0.05953
7.22,2,3.61696,-2.27302,0.59348,0.50939,-0.49683,0.07989,0.00521
7.24,0,4.50344,-0.37512,1.57179,0.48200,0.00039,0.00000,
7.24,1,4.36932,-1.48668,1.38963,0.49358,0.11444,0.11963,0.06918
7.24,2,3.62541,-2.26789,0.58338,0.45104,-0.51784,0.07875,0.01527
7.26,0,4.50343,-0.36551,1.57179,0.47918,0.00042,0.00000,
7.26,1,4.37121,-1.47636,1.39275,0.57554,0.20948,0.11869,0.02883
7.26,2,3.63315,-2.26285,0.57585,0.47207,-0.19099,0.07856,0.02576
7.28,0,4.50342,-0.35602,1.57180,0.48720,0.00041,0.00000,
7.28,1,4.37323,-1.46516,1.39639,0.54229,0.14433,0.11675,0.03832
7.28,2,3.64131,-2.25706,0.57969,0.53691,0.56109,0.07834,0.03715
7.3,0,4.50341,-0.34618,1.57181,0.49325,0.00033,0.00000,
7.3,1,4.37496,-1.45533,1.39857,0.47083,0.09210,0.11656,0.04816
7.3,2,3.65001,-2.25140,0.59335,0.49223,0.64389,0.07671,0.04713
7.32,0,4.50340,-0.33603,1.57182,0.51441,0.00041,0.00000,
7.32,1,4.37651,-1.44718,1.39927,0.37581,0.01680,0.11837,0.05831
7.32,2,3.65804,-2.24612,0.60326,0.47091,0.40759,0.07448,0.05542
7.34,0,4.50339,-0.32577,1.57182,0.50968,0.00036,0.00000,
7.34,1,4.37797,-1.43927,1.40129,0.42118,0.14494,0.12054,0.06857
7.34,2,3.66570,-2.24093,0.61106,0.45801,0.39687,0.07238,0.06347
7.36,0,4.50338,-0.31567,1.57183,0.50214,0.00033,0.00000,
7.36,1,4.37942,-1.43113,1.40456,0.38054,0.20214,0.12232,0.07867
7.36,2,3.67318,-2.23572,0.61933,0.45408,0.42067,0.07059,0.07174
7.38,0,4.50337,-0.30564,1.57184,0.50142,0.00032,0.00000,
7.38,1,4.38089,-1.42262,1.40706,0.47298,0.06488,0.12367,0.08870
7.38,2,3.68054,-2.23048,0.62762,0.44991,0.40639,0.06917,0.08037
7.4,0,4.50335,-0.29559,1.57184,0.50343,0.00032,0.00000,
7.4,1,4.38246,-1.41313,1.40818,0.47363,0.06563,0.12405,0.09875
7.4,2,3.68745,-2.22546,0.63558,0.42272,0.37905,0.06908,0.08999
7.42,0,4.50334,-0.28551,1.57185,0.50419,0.00030,0.00000,
7.42,1,4.38404,-1.40291,1.41312,0.53246,0.46924,0.12375,0.01008
7.42,2,3.69197,-2.22209,0.64376,0.22164,0.27218,0.07238,0.04864
7.44,0,4.50333,-0.27601,1.57186,0.47197,0.00038,0.00000,
7.44,1,4.38565,-1.39255,1.42046,0.51951,0.21062,0.12273,0.01959
7.44,2,3.69447,-2.22016,0.64874,0.13644,0.24251,0.07827,0.05913
7.46,0,4.50332,-0.26645,1.57186,0.48093,0.00017,0.00000,
7.46,1,4.38719,-1.38235,1.42181,0.51288,0.00642,0.12192,0.02914
7.46,2,3.69734,-2.21817,0.65145,0.22967,0.14506,0.08374,0.06944
7.48,0,4.50331,-0.25682,1.57187,0.48121,0.00024,0.00000,
7.48,1,4.38870,-1.37228,1.42239,0.50579,0.06266,0.12133,0.03877
7.48,2,3.70153,-2.21478,0.65355,0.29035,-0.00751,0.08721,0.03635
7.5,0,4.50330,-0.24727,1.57187,0.45989,0.00012,0.00000,
7.5,1,4.39018,-1.36236,1.42425,0.49787,0.10529,0.12082,0.04833
7.5,2,3.70712,-2.21019,0.64902,0.36520,-0.27231,0.08876,0.04638
7.52,0,4.50329,-0.23770,1.57188,0.49152,0.00029,0.00000,
7.52,1,4.39162,-1.35260,1.42623,0.49025,0.09051,0.12047,0.05789
7.52,2,3.71305,-2.20597,0.64394,0.36491,-0.21133,0.09028,0.05625
7.54,0,4.50328,-0.22785,1.57188,0.50263,0.00024,0.00000,
7.54,1,4.39302,-1.34297,1.42787,0.48294,0.07734,0.12056,0.06775
7.54,2,3.71940,-2.20130,0.64598,0.44831,0.62168,0.09109,0.01464
7.56,0,4.50327,-0.21761,1.57189,0.51470,0.00027,0.00000,
7.56,1,4.39439,-1.33349,1.42940,0.47571,0.07701,0.12118,0.07799
7.56,2,3.72732,-2.19515,0.66611,0.52496,0.98666,0.08969,0.02422
7.58,0,4.50326,-0.20739,1.57189,0.50629,0.00022,0.00000,
7.58,1,4.39572,-1.32415,1.43094,0.46855,0.07673,0.12192,0.08820
7.58,2,3.73538,-2.18873,0.67914,0.49762,0.42052,0.08791,0.03366
7.6,0,4.50325,-0.19735,1.57190,0.50039,0.00020,0.00000,
7.6,1,4.39701,-1.31516,1.43220,0.42715,0.03723,0.12285,0.09825
7.6,2,3.74274,-2.18277,0.68611,0.45807,0.35676,0.08665,0.04274
7.62,0,4.50324,-0.18734,1.57190,0.50121,0.00021,0.00000,
7.62,1,4.39829,-1.30623,1.43400,0.49462,0.15376,0.12380,0.05993
7.62,2,3.74973,-2.17704,0.69451,0.45127,0.46233,0.08579,0.05176
7.64,0,4.50323,-0.17729,1.57190,0.50316,0.00020,0.00000,
7.64,1,4.39966,-1.29634,1.43691,0.48182,0.11507,0.12383,0.06998
7.64,2,3.75671,-2.17123,0.70389,0.45553,0.45942,0.08573,0.06174
7.66,0,4.50322,-0.16722,1.57191,0.50346,0.00019,0.00000,
7.66,1,4.40086,-1.28750,1.43845,0.42110,0.05687,0.12495,0.08005
7.66,2,3.76363,-2.16536,0.71261,0.45089,0.41935,0.08476,0.07067
7.68,0,4.50320,-0.15753,1.57192,0.46762,0.00042,0.00000,
7.68,1,4.40194,-1.27938,1.43958,0.40718,0.06128,0.12641,0.08974
7.68,2,3.77035,-2.15955,0.72098,0.42301,0.50416,0.08334,0.03183
7.7,0,4.50319,-0.14805,1.57192,0.47844,0.00008,0.00000,
7.7,1,4.40302,-1.27121,1.44094,0.41565,0.07140,0.12762,0.09922
7.7,2,3.77561,-2.15516,0.73298,0.32390,0.63278,0.08398,0.04007
7.72,0,4.50318,-0.13844,1.57192,0.48121,0.00011,0.00000,
7.72,1,4.40410,-1.26296,1.44234,0.41408,0.06801,0.12888,0.10883
7.72,2,3.78080,-2.15047,0.74410,0.37313,0.45316,0.08452,0.04839
7.74,0,4.50317,-0.12884,1.57192,0.47858,0.00018,0.00000,
7.74,1,4.40518,-1.25439,1.44696,0.44204,0.45399,0.12981,0.01921
7.74,2,3.78650,-2.14523,0.75148,0.39064,0.33492,0.08460,0.05703
7.76,0,4.50316,-0.11946,1.57192,0.49105,0.00017,0.00000,
7.76,1,4.40627,-1.24520,1.45558,0.45221,0.30361,0.12991,0.02859
7.76,2,3.79192,-2.14014,0.75716,0.36538,0.27081,0.08552,0.06628
7.78,0,4.50315,-0.10924,1.57193,0.51899,0.00024,0.00000,
7.78,1,4.40746,-1.23541,1.45748,0.52977,-0.03114,0.13023,0.03881
7.78,2,3.79761,-2.13473,0.76508,0.40752,0.44684,0.08660,0.07614
7.8,0,4.50314,-0.09894,1.57193,0.50883,0.00014,0.00000,
7.8,1,4.40868,-1.22478,1.45680,0.52686,-0.00108,0.12979,0.04911
7.8,2,3.80347,-2.12911,0.77347,0.39892,0.38269,0.08816,0.08684
7.82,0,4.50313,-0.08890,1.57194,0.49780,0.00012,0.00000,
7.82,1,4.40983,-1.21473,1.45774,0.48938,0.07286,0.12969,0.05915
7.82,2,3.80900,-2.12371,0.78041,0.37816,0.32851,0.08960,0.09695
7.84,0,4.50312,-0.07896,1.57194,0.49771,0.00013,0.00000,
7.84,1,4.41091,-1.20542,1.45898,0.40512,-0.00504,0.13023,0.06909
7.84,2,3.81414,-2.11866,0.78664,0.33332,0.29037,0.09094,0.10632
7.86,0,4.50310,-0.06897,1.57194,0.50091,0.00013,0.00000,
7.86,1,4.41192,-1.19711,1.45953,0.43158,0.05357,0.13182,0.07908
7.86,2,3.81991,-2.11280,0.79480,0.45717,0.36105,0.09039,0.07047
7.88,0,4.50309,-0.05894,1.57194,0.50182,0.00013,0.00000,
7.88,1,4.41292,-1.18838,1.46081,0.44119,0.06395,0.13303,0.08911
7.88,2,3.82583,-2.10689,0.80041,0.38046,0.21969,0.09011,0.07926
7.9,0,4.50308,-0.04891,1.57195,0.50114,0.00012,0.00000,
7.9,1,4.41388,-1.17974,1.46190,0.42744,0.04725,0.13434,0.09914
7.9,2,3.83120,-2.10132,0.80696,0.39045,0.38337,0.09033,0.08795
7.92,0,4.50307,-0.03889,1.57195,0.50068,0.00012,0.00000,
7.92,1,4.41485,-1.17036,1.46395,0.50742,0.14088,0.13490,0.06005
7.92,2,3.83649,-2.09579,0.81436,0.34573,0.30507,0.09129,0.09738
7.94,0,4.50306,-0.02956,1.57196,0.47172,0.00013,0.00000,
7.94,1,4.41591,-1.16017,1.46710,0.51001,0.12136,0.13396,0.06938
7.94,2,3.84142,-2.09067,0.82076,0.38665,0.44356,0.09356,0.05986
7.96,0,4.50305,-0.02003,1.57196,0.47929,-0.00000,0.00000,
7.96,1,4.41695,-1.15024,1.46828,0.48947,0.02324,0.13349,0.07891
7.96,2,3.84621,-2.08570,0.82865,0.34589,0.39226,0.09582,0.06984
7.98,0,4.50304,-0.01045,1.57196,0.47829,0.00009,0.00000,
7.98,1,4.41796,-1.13965,1.46903,0.66275,0.08973,0.13240,0.03846
7.98,2,3.85124,-2.08010,0.83711,0.40740,0.38869,0.09801,0.08048
8.0,0,4.50302,-0.00113,1.57196,0.47781,0.00005,0.00000,
8.0,1,4.41900,-1.12662,1.47362,0.65462,0.25185,0.12862,0.04778
8.0,2,3.85692,-2.07387,0.84359,0.41798,0.27034,0.10146,0.09355
8.02,0,4.50301,0.00894,1.57196,0.51616,0.00020,0.00000,
8.02,1,4.42028,-1.11343,1.47151,0.66891,-0.34812,0.12541,0.01007
8.02,2,3.86291,-2.06718,0.84950,0.46259,0.31809,0.10468,0.10680
8.04,0,4.50300,0.01924,1.57196,0.51038,0.00010,0.00000,
8.04,1,4.42152,-1.10096,1.46683,0.51716,-0.15165,0.12316,0.02037
8.04,2,3.87005,-2.05899,0.85745,0.64852,-0.09846,0.10542,0.01914
8.06,0,4.50299,0.02930,1.57196,0.49753,0.00006,0.00000,
8.06,1,4.42256,-1.09147,1.46569,0.48255,0.02386,0.12365,0.03042
8.06,2,3.87822,-2.04956,0.85637,0.61494,-0.03985,0.10193,0.02868
8.08,0,4.50298,0.03921,1.57197,0.49565,0.00008,0.00000,
8.08,1,4.42358,-1.08177,1.46731,0.48908,0.10328,0.12378,0.04034
8.08,2,3.88612,-2.04054,0.85585,0.55499,0.01519,0.09914,0.03844
8.1,0,4.50297,0.04916,1.57197,0.49888,0.00009,0.00000,
8.1,1,4.42461,-1.07214,1.46911,0.47830,0.07262,0.12403,0.05028
8.1,2,3.89382,-2.03221,0.85575,0.56085,0.04827,0.09702,0.04812
8.12,0,4.50295,0.05916,1.57197,0.50033,0.00008,0.00000,
8.12,1,4.42559,-1.06277,1.47027,0.46584,0.05136,0.12459,0.06028
8.12,2,3.90061,-2.02456,0.85894,0.52284,0.36268,0.09573,0.05754
8.14,0,4.50294,0.06916,1.57197,0.49978,0.00007,0.00000,
8.14,1,4.42652,-1.05359,1.47131,0.45881,0.05468,0.12534,0.07028
8.14,2,3.90736,-2.01672,0.86716,0.50409,0.27684,0.09414,0.06677
8.16,0,4.50293,0.07915,1.57197,0.49921,0.00007,0.00000,
8.16,1,4.42742,-1.04451,1.47244,0.45350,0.05700,0.12619,0.08027
8.16,2,3.91416,-2.00874,0.87298,0.54688,0.35672,0.09233,0.07589
8.18,0,4.50292,0.08913,1.57197,0.49921,0.00007,0.00000,
8.18,1,4.42829,-1.03595,1.47328,0.41761,0.04048,0.12755,0.09026
8.18,2,3.92148,-1.99997,0.88083,0.58317,0.40056,0.08913,0.08450
8.2,0,4.50291,0.09912,1.57197,0.49938,0.00007,0.00000,
8.2,1,4.42913,-1.02756,1.47437,0.42286,0.06048,0.12909,0.10024
8.2,2,3.92883,-1.99104,0.88853,0.56931,0.37073,0.08563,0.09293
8.22,0,4.50290,0.10910,1.57198,0.49943,0.00006,0.00000,
8.22,1,4.42995,-1.01919,1.47552,0.41714,0.05304,0.13065,0.11023
8.22,2,3.93584,-1.98241,0.89571,0.54677,0.35194,0.08256,0.10134
8.24,0,4.50288,0.11841,1.57198,0.47058,0.00008,0.00000,
8.24,1,4.43073,-1.01079,1.47664,0.42539,0.11374,0.13151,0.06926
8.24,2,3.94260,-1.97396,0.90265,0.53801,0.34355,0.07980,0.10977
8.26,0,4.50287,0.12792,1.57198,0.47789,-0.00005,0.00000,
8.26,1,4.43151,-1.00455,1.47784,0.30657,0.03051,0.13472,0.07876
8.26,2,3.94894,-1.96580,0.90091,0.52245,-0.41623,0.07559,0.06320
8.28,0,4.50286,0.13748,1.57198,0.47688,0.00005,0.00000,
8.28,1,4.43233,-0.99769,1.47686,0.39732,-0.05012,0.13736,0.08832
8.28,2,3.95531,-1.95752,0.89261,0.52065,-0.39268,0.07183,0.07011
8.3,0,4.50285,0.14684,1.57198,0.47478,-0.00003,0.00000,
8.3,1,4.43314,-0.98517,1.47917,0.66697,0.31950,0.13415,0.04772
8.3,2,3.95929,-1.95204,0.88286,0.23911,-0.38303,0.07674,0.08264
8.32,0,4.50284,0.15684,1.57198,0.51374,0.00015,0.00000,
8.32,1,4.43396,-0.97275,1.48635,0.62055,0.36149,0.13168,0.01000
8.32,2,3.96227,-1.94862,0.87866,0.22878,-0.11075,0.08389,0.09509
8.34,0,4.50283,0.16712,1.57198,0.51045,0.00007,0.00000,
8.34,1,4.43507,-0.96054,1.49373,0.57762,0.37365,0.12970,0.02029
8.34,2,3.96590,-1.94438,0.88256,0.32471,0.43413,0.08998,0.10735
8.36,0,4.50281,0.17719,1.57198,0.49810,0.00003,0.00000,
8.36,1,4.43612,-0.95033,1.49704,0.39727,-0.00245,0.12949,0.03035
8.36,2,3.97012,-1.93904,0.89185,0.33973,0.39080,0.09303,0.11761
8.38,0,4.50280,0.18711,1.57199,0.49563,0.00004,0.00000,
8.38,1,4.43676,-0.94202,1.49840,0.42966,0.15710,0.13105,0.04027
8.38,2,3.97492,-1.93291,0.90025,0.41416,0.42355,0.09324,0.12595
8.4,0,4.50279,0.19705,1.57199,0.49855,0.00005,0.00000,
8.4,1,4.43728,-0.93362,1.50116,0.44068,0.07864,0.13256,0.05021
8.4,2,3.98002,-1.92650,0.90842,0.39696,0.39413,0.09312,0.13436
8.42,0,4.50278,0.20704,1.57199,0.50008,0.00004,0.00000,
8.42,1,4.43799,-0.92375,1.50122,0.51847,-0.02766,0.13265,0.06020
8.42,2,3.98463,-1.92062,0.91888,0.35687,0.64588,0.09512,0.09997
8.44,0,4.50277,0.21704,1.57199,0.49965,0.00004,0.00000,
8.44,1,4.43872,-0.91350,1.50123,0.45127,0.08702,0.13235,0.01999
8.44,2,3.98891,-1.91504,0.92979,0.33561,0.38565,0.09791,0.11025
8.46,0,4.50275,0.22703,1.57199,0.49909,0.00004,0.00000,
8.46,1,4.43944,-0.90584,1.50017,0.38259,-0.07140,0.13464,0.02998
8.46,2,3.99278,-1.91012,0.93575,0.31804,0.34129,0.09913,0.11794
8.48,0,4.50274,0.23701,1.57199,0.49906,0.00004,0.00000,
8.48,1,4.44029,-0.89821,1.49701,0.36485,-0.16637,0.13693,0.03996
8.48,2,3.99662,-1.90497,0.94330,0.32117,0.38651,0.10018,0.12561
8.5,0,4.50273,0.24699,1.57199,0.49921,0.00004,0.00000,
8.5,1,4.44100,-0.88970,1.49666,0.43098,0.09818,0.13836,0.04994
8.5,2,4.00028,-1.89994,0.95049,0.29924,0.32981,0.10219,0.13416
8.52,0,4.50272,0.25697,1.57199,0.49927,0.00004,0.00000,
8.52,1,4.44171,-0.88072,1.49914,0.46982,0.11771,0.13933,0.05993
8.52,2,4.00517,-1.89288,0.94998,0.45616,-0.21104,0.10229,0.09856
8.54,0,4.50271,0.26696,1.57199,0.49923,0.00003,0.00000,
8.54,1,4.44242,-0.87114,1.50039,0.48998,0.02254,0.13970,0.06991
8.54,2,4.01031,-1.88593,0.94758,0.43098,-0.11545,0.10296,0.05792
8.56,0,4.50270,0.27651,1.57200,0.46561,0.00022,0.00000,
8.56,1,4.44311,-0.86127,1.50056,0.49456,0.00879,0.13934,0.07946
8.56,2,4.01525,-1.87948,0.94781,0.42998,0.13904,0.10445,0.06782
8.58,0,4.50268,0.28595,1.57200,0.47601,-0.00009,0.00000,
8.58,1,4.44379,-0.85155,1.50097,0.48067,0.02946,0.13902,0.08890
8.58,2,4.02051,-1.87237,0.95342,0.44657,0.48356,0.10510,0.03394
8.6,0,4.50267,0.29550,1.57200,0.47776,-0.00002,0.00000,
8.6,1,4.44446,-0.83881,1.50266,0.74098,0.15943,0.13580,0.04851
8.6,2,4.02587,-1.86501,0.96593,0.44858,0.57245,0.10829,0.04670
8.62,0,4.50266,0.30480,1.57199,0.47052,-0.00007,0.00000,
8.62,1,4.44516,-0.82560,1.50690,0.65271,0.22313,0.13186,0.05781
8.62,2,4.03087,-1.85791,0.97485,0.42310,0.37090,0.11234,0.05993
8.64,0,4.50265,0.31477,1.57200,0.51361,0.00015,0.00000,
8.64,1,4.44597,-0.81331,1.51063,0.57069,0.09644,0.12950,0.06778
8.64,2,4.03549,-1.85111,0.98217,0.42041,0.36899,0.11603,0.07224
8.66,0,4.50264,0.32506,1.57200,0.51051,0.00005,0.00000,
8.66,1,4.44661,-0.80416,1.51029,0.35472,-0.07649,0.13061,0.07807
8.66,2,4.04106,-1.84275,0.98994,0.50890,0.36941,0.11496,0.02802
8.68,0,4.50262,0.33511,1.57200,0.49701,-0.00000,0.00000,
8.68,1,4.44721,-0.79693,1.50855,0.37036,-0.08299,0.13340,0.08812
8.68,2,4.04663,-1.83449,0.99734,0.45844,0.37129,0.11220,0.03527
8.7,0,4.50261,0.34500,1.57200,0.49416,0.00002,0.00000,
8.7,1,4.44775,-0.78910,1.50814,0.38370,0.04167,0.13543,0.09801
8.7,2,4.05242,-1.82563,0.99270,0.60038,-0.34601,0.10936,0.04312
8.72,0,4.50260,0.35492,1.57200,0.49732,0.00003,0.00000,
8.72,1,4.44831,-0.78063,1.50919,0.47415,0.03586,0.13684,0.10793
8.72,2,4.05978,-1.81422,0.98877,0.64570,0.63200,0.10420,0.05162
8.74,0,4.50259,0.36489,1.57200,0.49903,0.00002,0.00000,
8.74,1,4.44891,-0.77089,1.50953,0.48185,0.00816,0.13705,0.11790
8.74,2,4.06645,-1.80376,1.00570,0.61737,0.67152,0.10140,0.06137
8.76,0,4.50258,0.37487,1.57200,0.49858,0.00002,0.00000,
8.76,1,4.44947,-0.76152,1.50980,0.51694,0.03543,0.13763,0.07937
8.76,2,4.07285,-1.79370,1.01329,0.54516,0.14858,0.09874,0.07075
8.78,0,4.50257,0.38483,1.57200,0.49795,0.00002,0.00000,
8.78,1,4.45016,-0.75009,1.51107,0.58201,0.05471,0.13613,0.08933
8.78,2,4.07872,-1.78454,1.01876,0.54560,0.38646,0.09911,0.08220
8.8,0,4.50255,0.39479,1.57200,0.49791,0.00002,0.00000,
8.8,1,4.45082,-0.73922,1.51156,0.50344,0.00844,0.13518,0.09929
8.8,2,4.08451,-1.77524,1.02760,0.54781,0.44624,0.09887,0.09310
8.82,0,4.50254,0.40475,1.57200,0.49808,0.00002,0.00000,
8.82,1,4.45139,-0.72921,1.51228,0.53821,0.14044,0.13512,0.00996
8.82,2,4.09015,-1.76594,1.03568,0.53935,0.36896,0.09785,0.10312
8.84,0,4.50253,0.41471,1.57200,0.49814,0.00002,0.00000,
8.84,1,4.45199,-0.71845,1.51586,0.54205,0.13669,0.13428,0.01992
8.84,2,4.09556,-1.75684,1.04292,0.51944,0.37855,0.09786,0.11390
8.86,0,4.50252,0.42467,1.57200,0.49811,0.00002,0.00000,
8.86,1,4.45256,-0.70828,1.51664,0.51097,-0.00730,0.13405,0.02989
8.86,2,4.10090,-1.74770,1.04993,0.53489,0.33614,0.09730,0.12409
8.88,0,4.50251,0.43464,1.57200,0.49808,0.00002,0.00000,
8.88,1,4.45312,-0.69802,1.51643,0.51250,-0.00087,0.13373,0.03985
8.88,2,4.10621,-1.73845,1.05661,0.52834,0.33411,0.09674,0.13436
8.9,0,4.50249,0.44460,1.57200,0.49809,0.00002,0.00000,
8.9,1,4.45367,-0.68791,1.51674,0.50015,0.02465,0.13356,0.04981
8.9,2,4.11127,-1.72954,1.06336,0.43441,0.37718,0.09646,0.04660
8.92,0,4.50248,0.45456,1.57200,0.49809,0.00002,0.00000,
8.92,1,4.45420,-0.67806,1.51724,0.48880,0.02268,0.13365,0.05977
8.92,2,4.11524,-1.72332,1.05636,0.35841,-0.37082,0.09885,0.05647
8.94,0,4.50247,0.46390,1.57201,0.46827,0.00007,0.00000,
8.94,1,4.45472,-0.66838,1.51761,0.48211,0.01643,0.13328,0.06911
8.94,2,4.11818,-1.71889,1.04924,0.21414,-0.35974,0.10311,0.06617
8.96,0,4.50246,0.47337,1.57201,0.47645,-0.00011,0.00000,
8.96,1,4.45523,-0.65881,1.51793,0.47611,0.01604,0.13317,0.07859
8.96,2,4.12061,-1.71582,1.04759,0.19179,0.20356,0.10871,0.07574
8.98,0,4.50245,0.48291,1.57200,0.47600,-0.00001,0.00000,
8.98,1,4.45573,-0.64938,1.51826,0.46896,0.01672,0.13325,0.08812
8.98,2,4.12303,-1.71171,1.05962,0.20598,0.88762,0.11321,0.03363
9.0,0,4.50243,0.49226,1.57200,0.49320,0.00007,0.00000,
9.0,1,4.45622,-0.63893,1.51880,0.67459,0.05694,0.13213,0.04767
9.0,2,4.12473,-1.70774,1.07638,0.24921,1.12156,0.11904,0.04409
9.02,0,4.50242,0.50246,1.57200,0.51555,0.00011,0.00000,
9.02,1,4.45672,-0.62526,1.52152,0.61811,0.18218,0.12865,0.05786
9.02,2,4.12737,-1.70235,1.09173,0.37511,0.59214,0.12632,0.00646
9.04,0,4.50241,0.51266,1.57201,0.50355,-0.00000,0.00000,
9.04,1,4.45731,-0.61306,1.52515,0.59190,0.14825,0.12662,0.06806
9.04,2,4.13146,-1.69376,1.10708,0.47967,0.81470,0.12876,0.01867
9.06,0,4.50240,0.52260,1.57200,0.49366,-0.00001,0.00000,
9.06,1,4.45784,-0.60355,1.52594,0.40476,-0.00421,0.12704,0.07801
9.06,2,4.13537,-1.68514,1.12586,0.51664,1.10375,0.12864,0.02820
9.08,0,4.50239,0.53247,1.57200,0.49442,0.00001,0.00000,
9.08,1,4.45823,-0.59519,1.52641,0.42828,0.05675,0.12853,0.08788
9.08,2,4.14088,-1.67337,1.14105,0.74663,0.41866,0.12392,0.03656
9.1,0,4.50237,0.54240,1.57201,0.49753,0.00001,0.00000,
9.1,1,4.45863,-0.58650,1.52729,0.43687,0.02187,0.12975,0.09780
9.1,2,4.14744,-1.65945,1.14954,0.79821,0.45425,0.11717,0.04527
9.12,0,4.50236,0.55236,1.57201,0.49816,0.00001,0.00000,
9.12,1,4.45902,-0.57815,1.52744,0.43474,-0.00656,0.13134,0.10776
9.12,2,4.15387,-1.64509,1.15935,0.79977,0.37362,0.10973,0.05363
9.14,0,4.50235,0.56232,1.57201,0.49743,0.00001,0.00000,
9.14,1,4.45942,-0.56896,1.52724,0.46829,-0.00720,0.13209,0.01992
9.14,2,4.16023,-1.63070,1.16376,0.75494,0.16768,0.10309,0.01339
9.16,0,4.50234,0.57226,1.57201,0.49704,0.00001,0.00000,
9.16,1,4.45981,-0.55986,1.52892,0.40404,0.10803,0.13291,0.02986
9.16,2,4.16473,-1.62141,1.15772,0.47039,-0.46575,0.10181,0.02250
9.18,0,4.50233,0.58220,1.57201,0.49715,0.00001,0.00000,
9.18,1,4.46015,-0.55124,1.52997,0.46816,0.00673,0.13422,0.03980
9.18,2,4.16893,-1.61298,1.14840,0.47059,-0.46591,0.10096,0.03112
9.2,0,4.50231,0.59215,1.57201,0.49729,0.00001,0.00000,
9.2,1,4.46054,-0.54116,1.52968,0.52148,-0.01741,0.13407,0.04975
9.2,2,4.17275,-1.60575,1.13770,0.30981,-0.61667,0.10280,0.04121
9.22,0,4.50230,0.60209,1.57201,0.49730,0.00001,0.00000,
9.22,1,4.46096,-0.53087,1.52957,0.50310,0.00444,0.13371,0.05969
9.22,2,4.17586,-1.60045,1.12623,0.26782,-0.17427,0.10693,0.05151
9.24,0,4.50229,0.61204,1.57201,0.49726,0.00001,0.00000,
9.24,1,4.46135,-0.52115,1.52976,0.47569,0.01032,0.13392,0.06964
9.24,2,4.17754,-1.59743,1.14313,0.16428,0.99549,0.11308,0.06124
9.26,0,4.50228,0.62198,1.57201,0.49725,0.00001,0.00000,
9.26,1,4.46174,-0.51175,1.52991,0.46839,0.00550,0.13445,0.07958
9.26,2,4.17967,-1.59252,1.15884,0.35325,0.56186,0.11698,0.07065
9.28,0,4.50227,0.63193,1.57201,0.49726,0.00001,0.00000,
9.28,1,4.46212,-0.50239,1.53000,0.46724,0.00383,0.13503,0.08953
9.28,2,4.18268,-1.58571,1.16853,0.38030,0.51738,0.11877,0.08001
9.3,0,4.50225,0.64187,1.57201,0.49726,0.00001,0.00000,
9.3,1,4.46250,-0.49312,1.53008,0.46123,0.00464,0.13568,0.09947
9.3,2,4.18559,-1.57866,1.17664,0.37848,0.29498,0.12031,0.08929
9.32,0,4.50224,0.65182,1.57201,0.49726,0.00001,0.00000,
9.32,1,4.46287,-0.48360,1.53023,0.57887,0.02362,0.13610,0.05967
9.32,2,4.18845,-1.57182,1.18112,0.36448,0.20206,0.12228,0.09881
9.34,0,4.50223,0.66176,1.57201,0.49726,0.00001,0.00000,
9.34,1,4.46325,-0.47036,1.53211,0.62954,0.14029,0.13279,0.06962
9.34,2,4.19119,-1.56518,1.18558,0.35586,0.24387,0.12812,0.11206
9.36,0,4.50222,0.67171,1.57201,0.49726,0.00001,0.00000,
9.36,1,4.46369,-0.45786,1.53519,0.60885,0.16991,0.13023,0.07956
9.36,2,4.19385,-1.55862,1.19067,0.35277,0.25511,0.13335,0.12457
9.38,0,4.50221,0.68165,1.57201,0.49726,0.00001,0.00000,
9.38,1,4.46410,-0.44681,1.53687,0.50798,0.00743,0.12911,0.08951
9.38,2,4.19669,-1.55121,1.19678,0.49169,0.51254,0.13631,0.08921
9.4,0,4.50219,0.69137,1.57201,0.46078,0.00035,0.00000,
9.4,1,4.46443,-0.43925,1.53597,0.34424,-0.04674,0.13126,0.09923
9.4,2,4.20039,-1.54159,1.20780,0.48155,0.54191,0.13352,0.09678
9.42,0,4.50218,0.70071,1.57201,0.47188,-0.00007,0.00000,
9.42,1,4.46475,-0.43225,1.53463,0.30752,-0.25300,0.13358,0.00934
9.42,2,4.20389,-1.53273,1.21485,0.50167,0.14326,0.13098,0.10378
9.44,0,4.50217,0.71021,1.57201,0.47628,-0.00008,0.00000,
9.44,1,4.46514,-0.42563,1.52893,0.37421,-0.23148,0.13645,0.01884
9.44,2,4.20746,-1.52315,1.21665,0.50829,0.11144,0.12737,0.11041
9.46,0,4.50216,0.71950,1.57201,0.46252,-0.00016,0.00000,
9.46,1,4.46552,-0.41742,1.52753,0.48710,0.02062,0.13752,0.02813
9.46,2,4.21047,-1.51625,1.22041,0.26030,0.24298,0.12803,0.01839
9.48,0,4.50215,0.72936,1.57201,0.51053,0.00013,0.00000,
9.48,1,4.46599,-0.40712,1.52867,0.53006,0.05673,0.13706,0.03799
9.48,2,4.21289,-1.51230,1.22416,0.18797,0.12501,0.13380,0.02871
9.5,0,4.50213,0.73963,1.57201,0.51050,0.00004,0.00000,
9.5,1,4.46647,-0.39642,1.52927,0.52658,0.01431,0.13661,0.04826
9.5,2,4.21494,-1.50964,1.22408,0.15519,-0.16555,0.14128,0.03942
9.52,0,4.50212,0.74968,1.57201,0.49641,-0.00003,0.00000,
9.52,1,4.46691,-0.38635,1.52949,0.48651,0.01257,0.13658,0.05831
9.52,2,4.21670,-1.50567,1.22458,0.23906,0.31086,0.14695,0.04950
9.54,0,4.50211,0.75955,1.57201,0.49250,-0.00001,0.00000,
9.54,1,4.46731,-0.37692,1.52980,0.43245,0.00422,0.13700,0.06817
9.54,2,4.21844,-1.50042,1.23606,0.28851,0.68487,0.15074,0.05894
9.56,0,4.50210,0.76943,1.57201,0.49554,0.00001,0.00000,
9.56,1,4.46768,-0.36871,1.52992,0.42446,0.01854,0.13866,0.07805
9.56,2,4.22026,-1.49483,1.24850,0.31158,0.45067,0.15298,0.06716
9.58,0,4.50209,0.77936,1.57201,0.49752,0.00000,0.00000,
9.58,1,4.46804,-0.36003,1.53039,0.43760,0.02353,0.13990,0.08799
9.58,2,4.22249,-1.48815,1.25259,0.37911,0.08037,0.15454,0.07585
9.6,0,4.50207,0.78931,1.57201,0.49718,-0.00000,0.00000,
9.6,1,4.46840,-0.35140,1.53077,0.42476,0.01592,0.14121,0.09794
9.6,2,4.22491,-1.48081,1.25437,0.38272,0.12945,0.15536,0.08448
9.62,0,4.50206,0.79925,1.57201,0.49651,0.00000,0.00000,
9.62,1,4.46873,-0.34308,1.53106,0.41119,0.01408,0.14281,0.10787
9.62,2,4.22723,-1.47364,1.25800,0.44299,0.20640,0.15607,0.04825
9.64,0,4.50205,0.80918,1.57201,0.49642,0.00000,0.00000,
9.64,1,4.46905,-0.33485,1.53140,0.48730,0.01928,0.14451,0.01986
9.64,2,4.22999,-1.46303,1.26823,0.54528,0.57630,0.15323,0.05648
9.66,0,4.50204,0.81911,1.57201,0.49659,0.00000,0.00000,
9.66,1,4.46941,-0.32413,1.53305,0.55298,0.05359,0.14370,0.02979
9.66,2,4.23277,-1.45318,1.28172,0.49250,0.71403,0.15358,0.06721
9.68,0,4.50203,0.82904,1.57201,0.49667,0.00000,0.00000,
9.68,1,4.46974,-0.31342,1.53381,0.54008,0.01676,0.14292,0.03973
9.68,2,4.23587,-1.44345,1.28921,0.53747,0.08605,0.15398,0.07792
9.7,0,4.50201,0.83897,1.57201,0.49664,0.00000,0.00000,
9.7,1,4.47015,-0.30238,1.53391,0.55476,0.00394,0.14179,0.04966
9.7,2,4.23888,-1.43369,1.28747,0.48449,-0.08479,0.15471,0.08897
9.72,0,4.50200,0.84891,1.57201,0.49661,0.00000,0.00000,
9.72,1,4.47056,-0.29198,1.53396,0.45805,-0.00923,0.14132,0.05959
9.72,2,4.24163,-1.42438,1.28940,0.48370,0.20352,0.15530,0.09937
9.74,0,4.50199,0.85884,1.57201,0.49661,0.00000,0.00000,
9.74,1,4.47093,-0.28271,1.53414,0.47122,0.02130,0.14197,0.06952
9.74,2,4.24427,-1.41519,1.29366,0.47275,0.18843,0.15494,0.10865
9.76,0,4.50198,0.86877,1.57201,0.49662,0.00000,0.00000,
9.76,1,4.47128,-0.27319,1.53461,0.47689,0.02165,0.14238,0.07946
9.76,2,4.24683,-1.40621,1.29653,0.46307,0.11621,0.15503,0.11818
9.78,0,4.50197,0.87870,1.57201,0.49662,0.00000,0.00000,
9.78,1,4.47163,-0.26377,1.53495,0.46550,0.01359,0.14288,0.08939
9.78,2,4.24932,-1.39736,1.29875,0.45643,0.11374,0.15518,0.12760
9.8,0,4.50195,0.88863,1.57201,0.49662,0.00000,0.00000,
9.8,1,4.47196,-0.25461,1.53520,0.45364,0.01287,0.14364,0.09932
9.8,2,4.25167,-1.38908,1.30153,0.34372,0.21019,0.15566,0.09266
9.82,0,4.50194,0.89857,1.57201,0.49662,0.00000,0.00000,
9.82,1,4.47228,-0.24562,1.53548,0.44717,0.01412,0.14457,0.10925
9.82,2,4.25330,-1.38436,1.30556,0.25219,-0.01326,0.15961,0.05130
9.84,0,4.50193,0.90850,1.57201,0.49662,0.00000,0.00000,
9.84,1,4.47259,-0.23683,1.53579,0.43881,0.01549,0.14571,0.11919
9.84,2,4.25485,-1.37953,1.30549,0.26213,0.05059,0.16326,0.06009
9.86,0,4.50192,0.91843,1.57201,0.49662,0.00000,0.00000,
9.86,1,4.47290,-0.22787,1.53604,0.45240,0.01160,0.14667,0.12912
9.86,2,4.25663,-1.37309,1.30928,0.37278,0.34963,0.16546,0.06906
9.88,0,4.50191,0.92836,1.57201,0.49662,0.00000,0.00000,
9.88,1,4.47321,-0.21891,1.53628,0.44221,0.01207,0.14763,0.13905
9.88,2,4.25873,-1.36412,1.31790,0.48430,0.50257,0.16512,0.07802
9.9,0,4.50189,0.93830,1.57201,0.49662,0.00000,0.00000,
9.9,1,4.47353,-0.20650,1.53714,0.67103,0.08747,0.14515,0.09932
9.9,2,4.26093,-1.35497,1.32707,0.49332,0.29032,0.16798,0.09044
9.92,0,4.50188,0.94823,1.57201,0.49662,0.00000,0.00000,
9.92,1,4.47387,-0.19438,1.53932,0.59944,0.12046,0.14295,0.10926
9.92,2,4.26362,-1.34418,1.32831,0.58692,-0.03358,0.16886,0.10256
9.94,0,4.50187,0.95816,1.57201,0.49662,0.00000,0.00000,
9.94,1,4.47429,-0.18325,1.54157,0.45146,0.05050,0.14174,0.11919
9.94,2,4.26641,-1.33295,1.32839,0.56056,0.05887,0.16834,0.11370
9.96,0,4.50186,0.96809,1.57201,0.49662,0.00000,0.00000,
9.96,1,4.47458,-0.17546,1.54196,0.39464,0.00568,0.14388,0.12912
9.96,2,4.26940,-1.32003,1.33421,0.72500,0.47938,0.16281,0.02493
9.98,0,4.50185,0.97803,1.57201,0.49662,0.00000,0.00000,
9.98,1,4.47481,-0.16662,1.54201,0.58255,0.01718,0.14497,0.08939
9.98,2,4.27266,-1.30645,1.34171,0.63366,0.29251,0.15761,0.03377
10.0,0,4.50183,0.98747,1.57201,0.46460,0.00014,0.00000,
10.0,1,4.47504,-0.15536,1.54539,0.49668,0.20340,0.14314,0.09883
10.0,2,4.27561,-1.29413,1.34387,0.63435,0.01798,0.15610,0.04503
10.02,0,4.50182,0.99688,1.57201,0.47426,-0.00012,0.00000,
10.02,1,4.47550,-0.14538,1.54860,0.50439,0.10506,0.14255,0.10824
10.02,2,4.27849,-1.28178,1.34449,0.63223,0.06511,0.15336,0.05503
10.04,0,4.50181,1.00638,1.57201,0.47516,-0.00004,0.00000,
10.04,1,4.47594,-0.13735,1.54974,0.34958,0.09600,0.14403,0.11775
10.04,2,4.28125,-1.27048,1.34506,0.54550,0.03392,0.14973,0.06306
10.06,0,4.50180,1.01572,1.57201,0.49241,0.00005,0.00000,
10.06,1,4.47595,-0.13022,1.55257,0.33788,0.11189,0.14623,0.02826
10.06,2,4.28384,-1.25965,1.34748,0.56428,0.15620,0.14566,0.07019
10.08,0,4.50179,1.02590,1.57201,0.51450,0.00010,0.00000,
10.08,1,4.47595,-0.12088,1.55480,0.49305,0.13945,0.14707,0.03844
10.08,2,4.28637,-1.24865,1.35022,0.56147,0.11096,0.14359,0.07953
10.1,0,4.50177,1.03608,1.57201,0.50233,-0.00001,0.00000,
10.1,1,4.47608,-0.11148,1.55648,0.49042,0.01016,0.14784,0.04861
10.1,2,4.28845,-1.24016,1.35346,0.34666,0.19403,0.14417,0.03892
10.12,0,4.50176,1.04600,1.57201,0.49246,-0.00003,0.00000,
10.12,1,4.47624,-0.10089,1.55565,0.54461,-0.05707,0.14717,0.05853
10.12,2,4.29018,-1.23262,1.35641,0.44699,0.10775,0.14692,0.04951
10.14,0,4.50175,1.05584,1.57201,0.49328,-0.00000,0.00000,
10.14,1,4.47640,-0.09092,1.55465,0.44807,-0.04549,0.14704,0.06838
10.14,2,4.29221,-1.22387,1.35598,0.47541,-0.08515,0.14783,0.05949
10.16,0,4.50174,1.06574,1.57201,0.49640,0.00000,0.00000,
10.16,1,4.47655,-0.08197,1.55417,0.44777,-0.00977,0.14799,0.07828
10.16,2,4.29428,-1.21460,1.35538,0.44182,0.10731,0.14720,0.06843
10.18,0,4.50173,1.07568,1.57201,0.49702,-0.00000,0.00000,
10.18,1,4.47670,-0.07303,1.55404,0.44585,-0.00790,0.14898,0.08822
10.18,2,4.29633,-1.20562,1.35862,0.50956,0.12083,0.14686,0.07738
10.2,0,4.50171,1.08562,1.57201,0.49628,-0.00000,0.00000,
10.2,1,4.47685,-0.06420,1.55379,0.43750,-0.01516,0.15008,0.09815
10.2,2,4.29859,-1.19518,1.36022,0.53613,0.06438,0.14494,0.08621
10.22,0,4.50170,1.09554,1.57201,0.49589,-0.00000,0.00000,
10.22,1,4.47699,-0.05555,1.55348,0.42893,-0.01521,0.15135,0.10807
10.22,2,4.30074,-1.18511,1.36167,0.49538,0.08281,0.14323,0.05077
10.24,0,4.50169,1.10545,1.57201,0.49600,-0.00000,0.00000,
10.24,1,4.47714,-0.04687,1.55320,0.50726,-0.01182,0.15259,0.06938
10.24,2,4.30285,-1.17707,1.36678,0.33776,0.24242,0.14356,0.05944
10.26,0,4.50168,1.11538,1.57201,0.49614,-0.00000,0.00000,
10.26,1,4.47729,-0.03966,1.55274,0.33025,-0.05507,0.15530,0.07930
10.26,2,4.30494,-1.17271,1.36754,0.20773,-0.01466,0.14608,0.06665
10.28,0,4.50167,1.12530,1.57201,0.49615,-0.00000,0.00000,
10.28,1,4.47748,-0.03218,1.55116,0.42817,-0.05989,0.15774,0.08922
10.28,2,4.30697,-1.16893,1.36474,0.18802,-0.45360,0.14946,0.07413
10.3,0,4.50165,1.13522,1.57201,0.49611,-0.00000,0.00000,
10.3,1,4.47767,-0.02261,1.55079,0.50207,0.00619,0.15808,0.09914
10.3,2,4.30854,-1.16386,1.35864,0.30301,0.02304,0.15371,0.08371
10.32,0,4.50164,1.14514,1.57201,0.49610,-0.00000,0.00000,
10.32,1,4.47786,-0.01288,1.55104,0.53598,0.01416,0.15827,0.00992
10.32,2,4.31008,-1.15726,1.36517,0.34312,0.40124,0.15661,0.09344
10.34,0,4.50163,1.15507,1.57201,0.49611,-0.00000,0.00000,
10.34,1,4.47804,-0.00290,1.55184,0.49588,0.03481,0.15820,0.01984
10.34,2,4.31172,-1.15052,1.37234,0.35978,0.21049,0.15962,0.10343
10.36,0,4.50162,1.16499,1.57201,0.49611,-0.00000,0.00000,
10.36,1,4.47823,0.00752,1.55201,0.54172,-0.00912,0.15770,0.02977
10.36,2,4.31371,-1.14268,1.37154,0.42276,-0.07329,0.16191,0.11385
10.38,0,4.50161,1.17491,1.57201,0.49611,-0.00000,0.00000,
10.38,1,4.47844,0.01855,1.55174,0.55159,-0.01225,0.15659,0.03969
10.38,2,4.31568,-1.13304,1.37107,0.52792,0.03728,0.16303,0.12488
10.4,0,4.50159,1.18483,1.57201,0.49611,-0.00000,0.00000,
10.4,1,4.47864,0.02936,1.55161,0.53026,-0.00245,0.15570,0.04961
10.4,2,4.31775,-1.12148,1.37399,0.71414,0.36168,0.16203,0.04698
10.42,0,4.50158,1.19476,1.57201,0.49611,-0.00000,0.00000,
10.42,1,4.47884,0.03977,1.55158,0.51467,-0.00151,0.15521,0.05953
10.42,2,4.31991,-1.10712,1.38503,0.72676,0.56574,0.15785,0.05739
10.44,0,4.50157,1.20468,1.57201,0.49611,-0.00000,0.00000,
10.44,1,4.47904,0.04999,1.55153,0.50955,-0.00353,0.15490,0.06946
10.44,2,4.32210,-1.09320,1.39676,0.65918,0.58930,0.15391,0.06762
10.46,0,4.50156,1.21460,1.57201,0.49611,-0.00000,0.00000,
10.46,1,4.47924,0.06013,1.55145,0.50459,-0.00365,0.15468,0.07938
10.46,2,4.32473,-1.08060,1.40450,0.54138,0.10512,0.15115,0.07776
10.48,0,4.50155,1.22452,1.57201,0.49611,-0.00000,0.00000,
10.48,1,4.47943,0.06991,1.55135,0.45899,-0.00884,0.15483,0.08930
10.48,2,4.32673,-1.07151,1.40466,0.45994,0.03060,0.15158,0.08753
10.5,0,4.50153,1.23444,1.57201,0.49611,-0.00000,0.00000,
10.5,1,4.47961,0.07916,1.55126,0.46606,-0.00160,0.15549,0.09922
10.5,2,4.32826,-1.06242,1.40569,0.46094,0.06011,0.15157,0.09679
10.52,0,4.50152,1.24437,1.57201,0.49611,-0.00000,0.00000,
10.52,1,4.47980,0.08848,1.55124,0.46410,-0.00134,0.15609,0.10914
10.52,2,4.32973,-1.05337,1.40677,0.45529,0.04794,0.15167,0.10611
10.54,0,4.50151,1.25429,1.57201,0.49611,-0.00000,0.00000,
10.54,1,4.47998,0.09839,1.55125,0.62787,0.01093,0.15610,0.06946
10.54,2,4.33116,-1.04464,1.40787,0.43085,0.06685,0.15268,0.11602
10.56,0,4.50150,1.26421,1.57201,0.49611,-0.00000,0.00000,
10.56,1,4.48017,0.11181,1.55177,0.61050,0.03996,0.15260,0.07938
10.56,2,4.33265,-1.03566,1.40873,0.46913,0.03151,0.15691,0.07722
10.58,0,4.50149,1.27413,1.57201,0.49611,-0.00000,0.00000,
10.58,1,4.48037,0.12398,1.55254,0.60058,0.03066,0.15034,0.08930
10.58,2,4.33421,-1.02782,1.41236,0.35525,0.21503,0.16104,0.08940
10.6,0,4.50147,1.28406,1.57201,0.49611,-0.00000,0.00000,
10.6,1,4.48058,0.13473,1.55262,0.41824,-0.02302,0.14951,0.09922
10.6,2,4.33555,-1.02138,1.41636,0.28678,0.13219,0.16517,0.05091
10.62,0,4.50146,1.29398,1.57201,0.49611,-0.00000,0.00000,
10.62,1,4.48075,0.14272,1.55228,0.41475,-0.00597,0.15144,0.10914
10.62,2,4.33684,-1.01457,1.41294,0.38931,-0.29607,0.16620,0.05890
10.64,0,4.50145,1.30390,1.57201,0.49611,-0.00000,0.00000,
10.64,1,4.48092,0.15155,1.55257,0.41854,0.03812,0.15254,0.01984
10.64,2,4.33818,-1.00760,1.41128,0.34783,-0.00903,0.16790,0.06773
10.66,0,4.50144,1.31382,1.57201,0.49611,-0.00000,0.00000,
10.66,1,4.48104,0.15989,1.55333,0.45494,0.01930,0.15411,0.02977
10.66,2,4.33954,-1.00043,1.41078,0.40253,-0.02254,0.16892,0.07608
10.68,0,4.50143,1.32374,1.57201,0.49611,-0.00000,0.00000,
10.68,1,4.48123,0.17056,1.55324,0.57351,-0.01421,0.15336,0.03969
10.68,2,4.34104,-0.99130,1.41138,0.49952,0.06768,0.17029,0.08674
10.7,0,4.50141,1.33367,1.57201,0.49611,-0.00000,0.00000,
10.7,1,4.48145,0.18174,1.55308,0.57253,-0.00488,0.15210,0.04961
10.7,2,4.34264,-0.98135,1.41307,0.48939,0.10661,0.17135,0.04310
10.72,0,4.50140,1.34359,1.57201,0.49611,-0.00000,0.00000,
10.72,1,4.48166,0.19300,1.55306,0.54929,0.00104,0.15076,0.05953
10.72,2,4.34405,-0.97245,1.41602,0.43190,0.13841,0.17354,0.05436
10.74,0,4.50139,1.35329,1.57201,0.45984,0.00034,0.00000,
10.74,1,4.48185,0.20339,1.55304,0.44119,-0.01282,0.15007,0.06923
10.74,2,4.34538,-0.96388,1.41787,0.43999,0.06001,0.17522,0.06475
10.76,0,4.50138,1.36261,1.57201,0.47088,-0.00008,0.00000,
10.76,1,4.48202,0.21240,1.55292,0.46324,-0.00030,0.15037,0.07855
10.76,2,4.34673,-0.95536,1.41846,0.42033,0.02191,0.17557,0.07376
10.78,0,4.50137,1.37209,1.57201,0.47524,-0.00009,0.00000,
10.78,1,4.48219,0.22188,1.55296,0.47753,0.00228,0.15037,0.08803
10.78,2,4.34805,-0.94698,1.41959,0.42475,0.07628,0.17652,0.03444
10.8,0,4.50135,1.38135,1.57201,0.46842,-0.00012,0.00000,
10.8,1,4.48236,0.23131,1.55298,0.46517,-0.00063,0.15019,0.09729
10.8,2,4.34943,-0.93741,1.42388,0.45956,0.25785,0.17626,0.04388
10.82,0,4.50134,1.39128,1.57201,0.51175,0.00013,0.00000,
10.82,1,4.48253,0.24044,1.55295,0.45061,-0.00128,0.15099,0.10722
10.82,2,4.35064,-0.92854,1.43061,0.41913,0.49990,0.17640,0.05301
10.84,0,4.50133,1.40153,1.57201,0.50826,0.00002,0.00000,
10.84,1,4.48269,0.25033,1.55304,0.59177,0.02313,0.15135,0.06786
10.84,2,4.35170,-0.92076,1.43768,0.31415,0.14770,0.17839,0.01442
10.86,0,4.50132,1.41153,1.57201,0.49458,-0.00003,0.00000,
10.86,1,4.48284,0.26289,1.55352,0.62800,0.02403,0.14879,0.07786
10.86,2,4.35266,-0.91561,1.43538,0.25588,-0.21224,0.18567,0.02698
10.88,0,4.50131,1.42137,1.57201,0.49180,-0.00001,0.00000,
10.88,1,4.48301,0.27472,1.55407,0.55891,0.02396,0.14680,0.08771
10.88,2,4.35348,-0.91038,1.43259,0.29313,0.05054,0.19216,0.03881
10.9,0,4.50129,1.43124,1.57201,0.49503,0.00000,0.00000,
10.9,1,4.48318,0.28477,1.55398,0.37811,-0.03209,0.14662,0.09758
10.9,2,4.35438,-0.90341,1.43682,0.38600,0.26924,0.19513,0.04886
10.92,0,4.50128,1.44117,1.57201,0.49674,-0.00000,0.00000,
10.92,1,4.48335,0.29246,1.55309,0.38777,-0.04292,0.14885,0.10750
10.92,2,4.35540,-0.89413,1.43916,0.47804,0.08247,0.19347,0.05655
10.94,0,4.50127,1.45110,1.57201,0.49627,-0.00001,0.00000,
10.94,1,4.48352,0.30188,1.55298,0.48053,0.03721,0.14935,0.01986
10.94,2,4.35637,-0.88446,1.44144,0.49478,0.10477,0.19314,0.06598
10.96,0,4.50126,1.46102,1.57201,0.49564,-0.00000,0.00000,
10.96,1,4.48371,0.30931,1.55195,0.35560,-0.07542,0.15184,0.02977
10.96,2,4.35765,-0.87460,1.44278,0.50168,0.03956,0.19060,0.07340
10.98,0,4.50125,1.47093,1.57201,0.49560,-0.00000,0.00000,
10.98,1,4.48405,0.31667,1.54893,0.39276,-0.19078,0.15439,0.03968
10.98,2,4.35900,-0.86445,1.44322,0.51367,0.01907,0.18772,0.08077
11.0,0,4.50123,1.48084,1.57201,0.49578,-0.00000,0.00000,
11.0,1,4.48430,0.32643,1.54714,0.54829,-0.00216,0.15453,0.04960
11.0,2,4.36031,-0.85443,1.44378,0.49686,0.03517,0.18736,0.09054
11.02,0,4.50122,1.49076,1.57201,0.49584,-0.00000,0.00000,
11.02,1,4.48455,0.33739,1.54804,0.56431,0.05209,0.15348,0.05952
11.02,2,4.36151,-0.84519,1.44528,0.43731,0.11029,0.18896,0.04881
11.04,0,4.50121,1.50067,1.57201,0.49580,-0.00000,0.00000,
11.04,1,4.48479,0.34852,1.54870,0.54114,0.01623,0.15227,0.06943
11.04,2,4.36258,-0.83768,1.44595,0.37594,0.01786,0.19247,0.05993
11.06,0,4.50120,1.51059,1.57201,0.49577,-0.00000,0.00000,
11.06,1,4.48502,0.35892,1.54885,0.50681,0.00620,0.15178,0.07935
11.06,2,4.36365,-0.82954,1.44676,0.43007,0.04981,0.19464,0.07034
11.08,0,4.50119,1.52051,1.57201,0.49578,-0.00000,0.00000,
11.08,1,4.48523,0.36721,1.54880,0.42059,0.00931,0.15341,0.08926
11.08,2,4.36472,-0.82141,1.44826,0.41685,0.06792,0.19472,0.07863
11.1,0,4.50117,1.53042,1.57201,0.49578,-0.00000,0.00000,
11.1,1,4.48541,0.37779,1.54845,0.50104,-0.02898,0.15274,0.04958
11.1,2,4.36586,-0.81235,1.44876,0.47391,0.00759,0.19612,0.08921
11.12,0,4.50116,1.54034,1.57201,0.49579,-0.00000,0.00000,
11.12,1,4.48558,0.38775,1.54802,0.54632,-0.01089,0.15269,0.05950
11.12,2,4.36699,-0.80314,1.44906,0.44909,0.02530,0.19678,0.09918
11.14,0,4.50115,1.55025,1.57201,0.49578,-0.00000,0.00000,
11.14,1,4.48584,0.39922,1.54823,0.57582,0.02505,0.15114,0.06941
11.14,2,4.36803,-0.79458,1.44974,0.42047,0.03724,0.19959,0.11064
11.16,0,4.50114,1.56017,1.57201,0.49578,-0.00000,0.00000,
11.16,1,4.48610,0.40946,1.54862,0.46780,0.01279,0.15080,0.07933
11.16,2,4.36904,-0.78614,1.45046,0.49977,0.03987,0.20132,0.07766
11.18,0,4.50113,1.57008,1.57201,0.49578,-0.00000,0.00000,
11.18,1,4.48632,0.41882,1.54893,0.46927,0.01790,0.15136,0.08924
11.18,2,4.37006,-0.77506,1.42938,0.54594,-1.26168,0.19953,0.08703
11.2,0,4.50111,1.58000,1.57201,0.49578,-0.00000,0.00000,
11.2,1,4.48653,0.42819,1.54929,0.46667,0.01706,0.15190,0.09916
11.2,2,4.37154,-0.76493,1.41269,0.48653,-0.38771,0.19865,0.09640
11.22,0,4.50110,1.58992,1.57201,0.49578,-0.00000,0.00000,
11.22,1,4.48673,0.43743,1.54961,0.45726,0.01498,0.15258,0.10907
11.22,2,4.37305,-0.75528,1.41502,0.52639,0.33495,0.19811,0.10563
11.24,0,4.50109,1.59983,1.57201,0.49578,-0.00000,0.00000,
11.24,1,4.48692,0.44647,1.54990,0.44837,0.01470,0.15345,0.11899
11.24,2,4.37469,-0.74427,1.42071,0.56723,0.18873,0.19602,0.11468
11.26,0,4.50108,1.60975,1.57201,0.49578,-0.00000,0.00000,
11.26,1,4.48711,0.45536,1.55019,0.44196,0.01464,0.15447,0.12891
11.26,2,4.37653,-0.73129,1.42479,0.67159,0.27612,0.19179,0.02253
11.28,0,4.50107,1.61966,1.57201,0.49578,-0.00000,0.00000,
11.28,1,4.48729,0.46413,1.55048,0.43598,0.01412,0.15561,0.13882
11.28,2,4.37852,-0.71777,1.43032,0.67843,0.25584,0.18689,0.03130
11.3,0,4.50105,1.62958,1.57201,0.49578,-0.00000,0.00000,
11.3,1,4.48747,0.47547,1.55107,0.69624,0.09356,0.15418,0.09916
11.3,2,4.38034,-0.70542,1.43309,0.51470,-0.00899,0.18575,0.04265
11.32,0,4.50104,1.63949,1.57201,0.49578,-0.00000,0.00000,
11.32,1,4.48764,0.48757,1.55328,0.57248,0.11734,0.15200,0.10907
11.32,2,4.38191,-0.69595,1.43291,0.48343,0.01362,0.18824,0.05475
11.34,0,4.50103,1.64941,1.57201,0.49578,-0.00000,0.00000,
11.34,1,4.48791,0.50028,1.54420,0.69689,-0.95656,0.14921,0.06941
11.34,2,4.38333,-0.68621,1.43400,0.49827,0.08957,0.19109,0.06746
11.36,0,4.50102,1.65932,1.57201,0.49578,-0.00000,0.00000,
11.36,1,4.48820,0.51285,1.53182,0.52905,-0.27553,0.14655,0.07933
11.36,2,4.38472,-0.67469,1.43750,0.69849,0.37817,0.19204,0.03101
11.38,0,4.50101,1.66924,1.57201,0.49578,-0.00000,0.00000,
11.38,1,4.48842,0.52319,1.52810,0.50821,-0.11251,0.14612,0.08924
11.38,2,4.38617,-0.66187,1.44645,0.64263,0.45104,0.18947,0.04135
11.4,0,4.50099,1.67916,1.57201,0.49578,-0.00000,0.00000,
11.4,1,4.48878,0.53280,1.52850,0.43742,0.08339,0.14642,0.09916
11.4,2,4.38783,-0.64928,1.45454,0.60319,0.31997,0.18639,0.05097
11.42,0,4.50098,1.68907,1.57201,0.49578,-0.00000,0.00000,
11.42,1,4.48917,0.54154,1.53039,0.44024,0.08833,0.14759,0.10907
11.42,2,4.38943,-0.63707,1.45582,0.55549,-0.11854,0.18282,0.05971
11.44,0,4.50097,1.69899,1.57201,0.49578,-0.00000,0.00000,
11.44,1,4.48955,0.55083,1.53224,0.45323,0.13637,0.14821,0.01983
11.44,2,4.39081,-0.62556,1.45512,0.59118,0.05670,0.18052,0.06901
11.46,0,4.50096,1.70890,1.57201,0.49578,-0.00000,0.00000,
11.46,1,4.48987,0.55949,1.53472,0.44587,0.09037,0.14947,0.02975
11.46,2,4.39212,-0.61425,1.45755,0.55338,0.13986,0.17780,0.07768
11.48,0,4.50095,1.71882,1.57201,0.49578,-0.00000,0.00000,
11.48,1,4.49021,0.56915,1.53578,0.50929,0.03497,0.14972,0.03966
11.48,2,4.39350,-0.60237,1.45898,0.62150,0.03191,0.17551,0.08735
11.5,0,4.50093,1.72873,1.57201,0.49578,-0.00000,0.00000,
11.5,1,4.49057,0.57916,1.53666,0.53153,0.04428,0.14962,0.04958
11.5,2,4.39490,-0.59008,1.45954,0.60714,0.03644,0.17315,0.09736
11.52,0,4.50092,1.73865,1.57201,0.49578,-0.00000,0.00000,
11.52,1,4.49095,0.59018,1.53760,0.55250,0.05006,0.14851,0.05949
11.52,2,4.39620,-0.57840,1.46054,0.57421,0.05743,0.17241,0.10839
11.54,0,4.50091,1.74857,1.57201,0.49578,-0.00000,0.00000,
11.54,1,4.49131,0.60084,1.53863,0.51627,0.05130,0.14776,0.06941
11.54,2,4.39744,-0.56786,1.46106,0.48811,0.00098,0.17246,0.11905
11.56,0,4.50090,1.75848,1.57201,0.49578,-0.00000,0.00000,
11.56,1,4.49163,0.61088,1.53962,0.49503,0.04803,0.14764,0.07933
11.56,2,4.39860,-0.55783,1.46195,0.51734,0.06857,0.17241,0.12910
11.58,0,4.50089,1.76840,1.57201,0.49578,-0.00000,0.00000,
11.58,1,4.49193,0.61973,1.54036,0.43493,0.04068,0.14870,0.08924
11.58,2,4.39976,-0.54747,1.46332,0.51912,0.06065,0.17084,0.13795
11.6,0,4.50087,1.77831,1.57201,0.49578,-0.00000,0.00000,
11.6,1,4.49222,0.62871,1.54133,0.45669,0.05093,0.14963,0.09916
11.6,2,4.40083,-0.53834,1.46531,0.38823,0.09628,0.17063,0.09161
11.62,0,4.50086,1.78823,1.57201,0.49578,-0.00000,0.00000,
11.62,1,4.49249,0.63779,1.54228,0.44896,0.04407,0.15047,0.10907
11.62,2,4.40191,-0.53072,1.46710,0.35056,0.04034,0.17202,0.10070
11.64,0,4.50085,1.79814,1.57201,0.49578,-0.00000,0.00000,
11.64,1,4.49273,0.64833,1.54338,0.64776,0.06906,0.14984,0.06941
11.64,2,4.40293,-0.52499,1.46671,0.32236,0.02633,0.17675,0.11123
11.66,0,4.50084,1.80806,1.57201,0.49578,-0.00000,0.00000,
11.66,1,4.49298,0.66083,1.54488,0.57757,0.08613,0.14726,0.07933
11.66,2,4.40379,-0.51744,1.46903,0.41443,0.18293,0.18165,0.07623
11.68,0,4.50083,1.81775,1.57201,0.45956,0.00034,0.00000,
11.68,1,4.49315,0.67228,1.54609,0.55974,0.02452,0.14550,0.08902
11.68,2,4.40463,-0.50920,1.47269,0.41443,0.18271,0.18479,0.08768
11.7,0,4.50081,1.82707,1.57201,0.47059,-0.00008,0.00000,
11.7,1,4.49340,0.68142,1.54605,0.39298,-0.00423,0.14567,0.09833
11.7,2,4.40538,-0.50183,1.47819,0.38557,0.35396,0.18652,0.09682
11.72,0,4.50080,1.83654,1.57201,0.47494,-0.00009,0.00000,
11.72,1,4.49366,0.69126,1.54297,0.57747,-0.45047,0.14530,0.05823
11.72,2,4.40626,-0.49213,1.48254,0.56215,0.08231,0.18661,0.10667
11.74,0,4.50079,1.84580,1.57201,0.47490,-0.00007,0.00000,
11.74,1,4.49386,0.70143,1.53633,0.47969,-0.05518,0.14439,0.06749
11.74,2,4.40734,-0.48031,1.48237,0.59384,-0.03995,0.18490,0.11684
11.76,0,4.50078,1.85580,1.57201,0.51281,0.00013,0.00000,
11.76,1,4.49414,0.71109,1.53539,0.49167,-0.01787,0.14474,0.07749
11.76,2,4.40836,-0.47103,1.48253,0.31987,0.04453,0.18522,0.07783
11.78,0,4.50077,1.86603,1.57201,0.50633,0.00001,0.00000,
11.78,1,4.49453,0.71924,1.53544,0.40449,0.03537,0.14681,0.08772
11.78,2,4.40930,-0.46659,1.48191,0.20598,-0.05093,0.18889,0.08599
11.8,0,4.50075,1.87600,1.57201,0.49341,-0.00003,0.00000,
11.8,1,4.49495,0.72899,1.53630,0.50549,-0.07842,0.14703,0.04894
11.8,2,4.41022,-0.46372,1.47886,0.12004,-0.36814,0.19572,0.09575
11.82,0,4.50074,1.88584,1.57201,0.49171,-0.00001,0.00000,
11.82,1,4.49530,0.73873,1.53512,0.49030,-0.02416,0.14712,0.05877
11.82,2,4.41091,-0.45953,1.47168,0.26116,-0.16012,0.20123,0.10550
11.84,0,4.50073,1.89571,1.57201,0.49503,0.00000,0.00000,
11.84,1,4.49548,0.74862,1.53583,0.49474,0.07394,0.14710,0.06864
11.84,2,4.41155,-0.45373,1.47364,0.29597,0.16620,0.20527,0.01477
11.86,0,4.50072,1.90563,1.57201,0.49644,-0.00000,0.00000,
11.86,1,4.49585,0.75857,1.53766,0.45801,0.12024,0.14707,0.02962
11.86,2,4.41220,-0.44876,1.49388,0.30707,1.82974,0.21023,0.02473
11.88,0,4.50071,1.91555,1.57201,0.49586,-0.00001,0.00000,
11.88,1,4.49622,0.76551,1.54173,0.27773,0.21562,0.15005,0.03955
11.88,2,4.41261,-0.44141,1.51746,0.41644,0.13643,0.20980,0.03167
11.9,0,4.50069,1.92546,1.57201,0.49529,-0.00000,0.00000,
11.9,1,4.49658,0.76913,1.54558,0.15873,0.21745,0.15634,0.04946
11.9,2,4.41327,-0.43226,1.51585,0.50627,0.17570,0.20428,0.03531
11.92,0,4.50068,1.93537,1.57201,0.49530,-0.00000,0.00000,
11.92,1,4.49654,0.77329,1.55731,0.27340,0.71916,0.16209,0.05936
11.92,2,4.41361,-0.42192,1.52279,0.55162,0.26914,0.19808,0.03946
11.94,0,4.50067,1.94527,1.57201,0.49547,-0.00000,0.00000,
11.94,1,4.49664,0.78011,1.56508,0.36788,0.13777,0.16517,0.06927
11.94,2,4.41418,-0.40993,1.52335,0.61780,-0.11551,0.19289,0.04628
11.96,0,4.50066,1.95518,1.57201,0.49551,-0.00000,0.00000,
11.96,1,4.49675,0.78822,1.56699,0.41178,0.13711,0.16697,0.07918
11.96,2,4.41479,-0.39793,1.52064,0.58028,-0.11029,0.18897,0.05439
11.98,0,4.50065,1.96509,1.57201,0.49548,-0.00000,0.00000,
11.98,1,4.49642,0.79677,1.57253,0.44221,0.34381,0.16833,0.08909
11.98,2,4.41536,-0.38727,1.51952,0.38878,0.00175,0.18681,0.02585
12.0,0,4.50063,1.97500,1.57201,0.49545,-0.00000,0.00000,
12.0,1,4.49629,0.80613,1.57602,0.48545,0.02641,0.16889,0.09900
12.0,2,4.41585,-0.38280,1.52022,0.17783,0.02088,0.19165,0.03521
12.02,0,4.50062,1.98491,1.57201,0.49546,-0.00000,0.00000,
12.02,1,4.49632,0.81591,1.57490,0.48587,-0.07889,0.16901,0.10891
12.02,2,4.41633,-0.37953,1.52050,0.11545,-0.00988,0.19811,0.00489
12.04,0,4.50061,1.99482,1.57201,0.49547,-0.00000,0.00000,
12.04,1,4.49635,0.82540,1.57393,0.46555,-0.01967,0.16943,0.11882
12.04,2,4.41674,-0.37774,1.52079,0.08436,0.01852,0.20578,0.01438
12.06,0,4.50060,2.00473,1.57201,0.49547,-0.00000,0.00000,
12.06,1,4.49636,0.83458,1.57388,0.45493,0.00148,0.17016,0.12873
12.06,2,4.41733,-0.37515,1.52462,0.31064,0.62463,0.21230,0.02355
12.08,0,4.50059,2.01464,1.57201,0.49546,-0.00000,0.00000,
12.08,1,4.49634,0.84378,1.57376,0.52203,-0.01216,0.17087,0.08918
12.08,2,4.41801,-0.36757,1.54453,0.38567,1.04234,0.21387,0.03275
12.1,0,4.50057,2.02455,1.57201,0.49546,-0.00000,0.00000,
12.1,1,4.49633,0.85699,1.57346,0.63081,-0.01666,0.16756,0.09909
12.1,2,4.41869,-0.35987,1.56542,0.38509,1.04340,0.21934,0.04597
12.12,0,4.50056,2.03446,1.57201,0.49546,-0.00000,0.00000,
12.12,1,4.49631,0.86959,1.57313,0.62331,-0.01589,0.16488,0.10900
12.12,2,4.41937,-0.35217,1.58636,0.38434,1.04440,0.22418,0.05857
12.14,0,4.50055,2.04437,1.57201,0.49546,-0.00000,0.00000,
12.14,1,4.49628,0.88101,1.57285,0.52274,-0.01312,0.16337,0.11891
12.14,2,4.42013,-0.34481,1.59517,0.37534,-0.36493,0.22818,0.06999
12.16,0,4.50054,2.05428,1.57201,0.49546,-0.00000,0.00000,
12.16,1,4.49625,0.88937,1.57262,0.36289,-0.01069,0.16491,0.12882
12.16,2,4.42032,-0.33556,1.58264,0.42581,-0.35186,0.22729,0.07835
12.18,0,4.50053,2.06419,1.57201,0.49546,-0.00000,0.00000,
12.18,1,4.49623,0.89812,1.57239,0.53339,-0.01114,0.16607,0.08918
12.18,2,4.42021,-0.32627,1.58291,0.48686,0.16264,0.22675,0.08710
12.2,0,4.50051,2.07410,1.57201,0.49546,-0.00000,0.00000,
12.2,1,4.49622,0.90851,1.57217,0.51566,-0.01118,0.16559,0.04955
12.2,2,4.42005,-0.31702,1.58169,0.46803,-0.40786,0.22790,0.09749
12.22,0,4.50050,2.08400,1.57201,0.49546,-0.00000,0.00000,
12.22,1,4.49620,0.91882,1.57194,0.51566,-0.01115,0.16519,0.05946
12.22,2,4.41998,-0.30661,1.57163,0.55669,-0.40194,0.22780,0.10780
12.24,0,4.50049,2.09391,1.57201,0.49546,-0.00000,0.00000,
12.24,1,4.49628,0.92699,1.57191,0.35954,0.02422,0.16693,0.06936
12.24,2,4.41992,-0.29526,1.56769,0.56366,-0.07885,0.22463,0.11597
12.26,0,4.50048,2.10382,1.57201,0.49546,-0.00000,0.00000,
12.26,1,4.49621,0.93464,1.57436,0.35786,0.16863,0.16919,0.07927
12.26,2,4.41991,-0.28437,1.56639,0.52806,-0.08675,0.22140,0.12361
12.28,0,4.50047,2.11373,1.57201,0.49546,-0.00000,0.00000,
12.28,1,4.49613,0.94169,1.57697,0.35505,0.07832,0.17205,0.03964
12.28,2,4.41995,-0.27433,1.56392,0.55962,-0.13548,0.21841,0.07839
12.3,0,4.50045,2.12364,1.57201,0.49546,-0.00000,0.00000,
12.3,1,4.49617,0.95365,1.58047,0.62348,0.42913,0.17000,0.04955
12.3,2,4.41999,-0.25967,1.56101,0.74971,-0.14575,0.21571,0.09035
12.32,0,4.50044,2.13355,1.57201,0.49546,-0.00000,0.00000,
12.32,1,4.49619,0.96598,1.58581,0.61528,0.11256,0.16758,0.05946
12.32,2,4.42004,-0.24717,1.55834,0.59514,-0.13139,0.21554,0.10268
12.34,0,4.50043,2.14346,1.57201,0.49546,-0.00000,0.00000,
12.34,1,4.49606,0.97988,1.58532,0.82564,-0.06699,0.16359,0.01982
12.34,2,4.42009,-0.23601,1.55574,0.45121,-0.14121,0.21826,0.11658
12.36,0,4.50042,2.15337,1.57201,0.49546,-0.00000,0.00000,
12.36,1,4.49579,0.99555,1.58267,0.73905,-0.24548,0.15783,0.02973
12.36,2,4.42016,-0.22666,1.55184,0.47710,-0.22707,0.22455,0.08188
12.38,0,4.50041,2.16328,1.57201,0.49546,-0.00000,0.00000,
12.38,1,4.49560,1.00888,1.57867,0.60727,-0.10027,0.15441,0.03964
12.38,2,4.42022,-0.22076,1.54906,0.26518,-0.07985,0.23195,0.04910
12.4,0,4.50039,2.17319,1.57201,0.49546,-0.00000,0.00000,
12.4,1,4.49550,1.01751,1.57758,0.39779,-0.05103,0.15569,0.04955
12.4,2,4.42030,-0.21156,1.55203,0.44550,0.27011,0.23136,0.05773
12.42,0,4.50038,2.18310,1.57201,0.49546,-0.00000,0.00000,
12.42,1,4.49534,1.02554,1.57695,0.41335,0.01165,0.15757,0.05946
12.42,2,4.42052,-0.20226,1.55283,0.50354,-0.37851,0.23007,0.06576
12.44,0,4.50037,2.19301,1.57201,0.49546,-0.00000,0.00000,
12.44,1,4.49524,1.03438,1.57738,0.43524,0.00902,0.15864,0.06936
12.44,2,4.42104,-0.19165,1.54275,0.57014,-0.01836,0.22827,0.07460
12.46,0,4.50036,2.20243,1.57237,0.33947,0.18333,0.00000,
12.46,1,4.49520,1.04402,1.57712,0.52313,-0.02510,0.15841,0.07879
12.46,2,4.42126,-0.17811,1.54976,0.73823,0.32721,0.22437,0.08425
12.48,0,4.50060,2.20577,1.57999,0.10843,0.28641,0.00000,
12.48,1,4.49515,1.05458,1.57656,0.51776,-0.02727,0.15120,0.08213
12.48,2,4.42149,-0.16344,1.55067,0.70896,-0.14874,0.22025,0.09480
12.5,0,4.50101,2.20730,1.58494,0.06412,0.23529,0.00000,
12.5,1,4.49511,1.06440,1.57608,0.48538,-0.02104,0.14292,0.08366
12.5,2,4.42173,-0.15033,1.54643,0.55503,-0.23006,0.21694,0.10462
12.52,0,4.50147,2.20828,1.58952,0.01706,0.22909,0.00000,
12.52,1,4.49506,1.07407,1.57568,0.48238,-0.01995,0.13423,0.08464
12.52,2,4.42200,-0.13934,1.54349,0.54476,-0.08061,0.21561,0.05258
12.54,0,4.50133,2.20788,1.60514,-0.11393,2.19392,0.00000,
12.54,1,4.49501,1.08366,1.57527,0.47656,-0.02091,0.12424,0.08425
12.54,2,4.42235,-0.12850,1.54216,0.53435,-0.03695,0.21433,0.06217
12.56,0,4.50079,2.20658,1.65543,0.02294,2.44599,0.00000,
12.56,1,4.49497,1.09288,1.57487,0.56561,-0.01919,0.11372,0.03340
12.56,2,4.42266,-0.11836,1.54142,0.48507,-0.05117,0.21340,0.02364
12.58,0,4.49977,2.20768,1.69293,0.08603,1.57012,0.00000,
12.58,1,4.49493,1.10620,1.57451,0.64272,-0.00927,0.10150,0.03450
12.58,2,4.42297,-0.10644,1.54086,0.60698,-0.02825,0.21477,0.03696
12.6,0,4.49838,2.20994,1.72839,0.13907,1.63576,0.00000,
12.6,1,4.49489,1.11676,1.57455,0.35457,-0.00818,0.09318,0.00373
12.6,2,4.42331,-0.09483,1.54001,0.59469,-0.06445,0.21371,0.04752
12.62,0,4.49752,2.21347,1.76139,0.21497,1.72670,0.00000,
12.62,1,4.49485,1.12147,1.57446,0.12459,-0.00026,0.09200,0.00709
12.62,2,4.42367,-0.08293,1.53852,0.58936,-0.07505,0.20650,0.05223
12.64,0,4.49659,2.21824,1.79850,0.25985,1.94292,0.00000,
12.64,1,4.49481,1.12267,1.57449,0.01878,0.00333,0.09557,0.01180
12.64,2,4.42404,-0.07142,1.53717,0.56561,-0.06079,0.19618,0.05343
12.66,0,4.49539,2.22350,1.83806,0.27484,1.98088,0.00000,
12.66,1,4.49479,1.12233,1.57447,-0.04216,-0.00438,0.10117,0.01388
12.66,2,4.42441,-0.06027,1.53602,0.55320,-0.05647,0.18469,0.05309
12.68,0,4.49396,2.22871,1.87686,0.28142,1.92487,0.00000,
12.68,1,4.49478,1.12058,1.57442,-0.27823,0.00206,0.10813,0.01928
12.68,2,4.42478,-0.05038,1.53459,0.48419,-0.06717,0.17305,0.05134
12.7,0,4.49215,2.23448,1.91533,0.31460,1.92107,0.00000,
12.7,1,4.49478,1.12087,1.57471,0.14268,0.00307,0.11362,0.02532
12.7,2,4.42514,-0.04141,1.53411,0.42686,0.03864,0.16437,0.00104
12.72,0,4.49003,2.24044,1.95346,0.32214,1.90769,0.00000,
12.72,1,4.49479,1.12374,1.57210,0.14010,-0.14489,0.11670,0.00632
12.72,2,4.42546,-0.03317,1.53465,0.39351,-0.00831,0.15898,0.00391
12.74,0,4.48754,2.24665,1.99190,0.34223,1.92882,0.00000,
12.74,1,4.49484,1.12607,1.56963,0.08592,-0.10056,0.12060,0.01301
12.74,2,4.42574,-0.02591,1.53363,0.30106,-0.08570,0.15406,0.00624
12.76,0,4.48475,2.25292,2.03015,0.34774,1.90639,0.00000,
12.76,1,4.49506,1.12721,1.56304,0.07729,-0.63435,0.12576,0.01987
12.76,2,4.42599,-0.02010,1.53223,0.30602,-0.04753,0.14939,0.00738
12.78,0,4.48154,2.25944,2.06865,0.37285,1.93287,0.00000,
12.78,1,4.49500,1.12899,1.53756,0.14061,-1.20269,0.13052,0.02711
12.78,2,4.42625,-0.01375,1.53153,0.32262,-0.03258,0.14480,0.00916
12.8,0,4.47795,2.26612,2.10728,0.38301,1.92823,0.00000,
12.8,1,4.49504,1.13330,1.52407,0.19616,-0.57698,0.13295,0.03468
12.8,2,4.42650,-0.00769,1.53090,0.31675,-0.03846,0.14304,0.01347
12.82,0,4.47405,2.27270,2.14543,0.37956,1.87372,0.00000,
12.82,1,4.49528,1.13706,1.51161,0.22967,-0.45943,0.13584,0.04229
12.82,2,4.42677,-0.00079,1.52997,0.35591,-0.04841,0.13991,0.01472
12.84,0,4.46974,2.27937,2.18366,0.40906,1.93263,0.00000,
12.84,1,4.49563,1.14366,1.51070,0.38932,0.21096,0.13601,0.05017
12.84,2,4.42706,0.00772,1.52963,0.46181,-0.01046,0.13800,0.02133
12.86,0,4.46497,2.28622,2.22241,0.42214,1.93540,0.00000,
12.86,1,4.49608,1.15135,1.51619,0.37923,0.24607,0.13530,0.05845
12.86,2,4.42735,0.01637,1.52964,0.47813,-0.00162,0.13707,0.01631
12.88,0,4.45984,2.29301,2.26099,0.42675,1.92431,0.00000,
12.88,1,4.49651,1.15908,1.51913,0.38438,0.08728,0.13452,0.06685
12.88,2,4.42778,0.02738,1.52902,0.52024,-0.04869,0.13378,0.02405
12.9,0,4.45439,2.29959,2.29858,0.44035,1.91806,0.00000,
12.9,1,4.49690,1.16650,1.52067,0.36109,0.08586,0.13389,0.07526
12.9,2,4.42811,0.03538,1.52800,0.31146,-0.04674,0.13321,0.03148
12.92,0,4.44842,2.30634,2.33732,0.45675,1.94189,0.00000,
12.92,1,4.49725,1.17238,1.52224,0.28906,0.09599,0.13500,0.08412
12.92,2,4.42833,0.03889,1.52671,0.09829,-0.08650,0.13559,0.03738
12.94,0,4.44206,2.31299,2.37602,0.46151,1.92842,0.00000,
12.94,1,4.49757,1.17821,1.52548,0.24470,0.07276,0.13614,0.05903
12.94,2,4.42858,0.04009,1.52359,0.08781,-0.57259,0.14021,0.00867
12.96,0,4.43542,2.31944,2.41448,0.46442,1.92051,0.00000,
12.96,1,4.49786,1.18346,1.52708,0.30003,0.09537,0.13769,0.06821
12.96,2,4.42843,0.04088,1.51324,0.10152,-0.12694,0.14469,0.01393
12.98,0,4.42849,2.32561,2.45217,0.46480,1.85165,0.00000,
12.98,1,4.49819,1.19032,1.52951,0.34070,0.14926,0.13743,0.07736
12.98,2,4.42864,0.04352,1.50383,0.14204,-0.53686,0.14891,0.02079
13.0,0,4.42110,2.33171,2.48700,0.48747,1.50260,0.00000,
13.0,1,4.49855,1.19810,1.53236,0.43561,0.12419,0.13626,0.08680
13.0,2,4.42894,0.04723,1.50344,0.20848,0.16046,0.15297,0.02858
13.02,0,4.41341,2.33765,2.51155,0.47993,1.08950,0.00000,
13.02,1,4.49890,1.20693,1.53460,0.43151,0.10805,0.13395,0.09634
13.02,2,4.42957,0.05292,1.49987,0.40710,-0.05737,0.15609,0.00439
13.04,0,4.40582,2.34320,2.53352,0.46429,1.13768,0.00000,
13.04,1,4.49920,1.21504,1.53681,0.38657,0.11261,0.13203,0.06528
13.04,2,4.43007,0.06047,1.50725,0.37538,0.48497,0.15663,0.01250
13.06,0,4.39821,2.34851,2.55695,0.46534,1.17637,0.00000,
13.06,1,4.49949,1.22191,1.54258,0.29865,0.22800,0.13114,0.07449
13.06,2,4.43049,0.06892,1.51341,0.50014,0.08750,0.15505,0.01938
13.08,0,4.39039,2.35371,2.57971,0.47329,1.09948,0.00000,
13.08,1,4.49949,1.22665,1.54570,0.20748,-0.13353,0.13233,0.08382
13.08,2,4.43113,0.07962,1.51218,0.52503,-0.10131,0.14906,0.02412
13.1,0,4.38235,2.35879,2.60093,0.47613,1.03766,0.00000,
13.1,1,4.49962,1.23198,1.53962,0.32444,-0.19976,0.13290,0.09325
13.1,2,4.43179,0.09037,1.51087,0.53827,-0.02378,0.14362,0.02945
13.12,0,4.37419,2.36370,2.62134,0.47572,1.00762,0.00000,
13.12,1,4.49974,1.23839,1.53957,0.33439,-0.10370,0.13229,0.10268
13.12,2,4.43242,0.10081,1.51104,0.50915,0.02101,0.13957,0.03586
13.14,0,4.36594,2.36844,2.64114,0.47629,0.97371,0.00000,
13.14,1,4.49991,1.24511,1.53737,0.34433,-0.11287,0.13128,0.06627
13.14,2,4.43301,0.10972,1.51082,0.39703,-0.03165,0.13737,0.04259
13.16,0,4.35757,2.37302,2.66018,0.47783,0.93443,0.00000,
13.16,1,4.50017,1.25227,1.55101,0.34008,1.03024,0.12979,0.07578
13.16,2,4.43355,0.11805,1.51069,0.43352,0.00894,0.13617,0.04974
13.18,0,4.34948,2.37738,2.67760,0.45297,0.88572,0.00000,
13.18,1,4.50020,1.25833,1.57158,0.31917,1.03080,0.12916,0.08494
13.18,2,4.43408,0.12663,1.51101,0.39651,0.03059,0.13362,0.05580
13.2,0,4.34133,2.38151,2.69575,0.45958,0.89895,0.00000,
13.2,1,4.50017,1.26589,1.58243,0.42491,0.13765,0.12687,0.09404
13.2,2,4.43462,0.13537,1.51119,0.47508,-0.00964,0.13241,0.06336
13.22,0,4.33301,2.38551,2.71290,0.46205,0.82523,0.00000,
13.22,1,4.50016,1.27421,1.58200,0.45622,-0.01787,0.12379,0.10321
13.22,2,4.43520,0.14503,1.51094,0.47801,-0.00891,0.13105,0.07168
13.24,0,4.32465,2.38934,2.72899,0.44756,0.81290,0.00000,
13.24,1,4.49997,1.28461,1.58965,0.59202,0.81455,0.11856,0.06529
13.24,2,4.43576,0.15584,1.51014,0.59603,-0.10962,0.13060,0.04946
13.26,0,4.31620,2.39306,2.74506,0.48218,0.77414,0.00000,
13.26,1,4.49974,1.29615,1.60544,0.61379,0.86154,0.11215,0.02766
13.26,2,4.43620,0.16742,1.50615,0.51906,-0.36073,0.13053,0.06100
13.28,0,4.30710,2.39688,2.76000,0.49687,0.72849,0.00000,
13.28,1,4.49933,1.30834,1.61796,0.57917,0.34760,0.10539,0.03753
13.28,2,4.43666,0.17616,1.50068,0.33769,-0.16494,0.13392,0.07318
13.3,0,4.29796,2.40055,2.77431,0.48827,0.70701,0.00000,
13.3,1,4.49883,1.31863,1.62077,0.41571,0.09621,0.10041,0.04737
13.3,2,4.43717,0.18116,1.49782,0.27001,0.25469,0.13914,0.04869
13.32,0,4.28891,2.40403,2.78822,0.48249,0.68505,0.00000,
13.32,1,4.49836,1.32593,1.62403,0.36879,0.17882,0.09826,0.05705
13.32,2,4.43771,0.18667,1.50231,0.27760,0.11792,0.14088,0.05600
13.34,0,4.27985,2.40737,2.80163,0.48380,0.65808,0.00000,
13.34,1,4.49793,1.33371,1.62726,0.40812,0.16189,0.09559,0.01934
13.34,2,4.43855,0.19216,1.49831,0.30017,0.08769,0.14310,0.01146
13.36,0,4.27070,2.41061,2.81450,0.48633,0.63208,0.00000,
13.36,1,4.49730,1.34245,1.60750,0.40990,-1.39413,0.09193,0.02905
13.36,2,4.43908,0.19992,1.48961,0.39997,-0.57281,0.14402,0.02023
13.38,0,4.26148,2.41374,2.82688,0.48722,0.60835,0.00000,
13.38,1,4.49696,1.35016,1.58712,0.39696,-0.55201,0.08933,0.03879
13.38,2,4.43946,0.20802,1.47954,0.41717,-0.34282,0.14359,0.02794
13.4,0,4.25221,2.41676,2.83879,0.48725,0.58590,0.00000,
13.4,1,4.49669,1.35912,1.59088,0.48076,0.60813,0.08553,0.04853
13.4,2,4.44001,0.21637,1.47899,0.42528,0.16245,0.14415,0.03690
13.42,0,4.24291,2.41966,2.85027,0.48745,0.56392,0.00000,
13.42,1,4.49642,1.36880,1.60334,0.48265,0.51558,0.08101,0.05827
13.42,2,4.44082,0.22511,1.48284,0.44192,0.16883,0.14504,0.04658
13.44,0,4.23357,2.42247,2.86131,0.48790,0.54272,0.00000,
13.44,1,4.49610,1.37842,1.61041,0.47487,0.26393,0.07655,0.06801
13.44,2,4.44164,0.23535,1.48587,0.62475,0.13963,0.14437,0.01441
13.46,0,4.22419,2.42517,2.87194,0.48835,0.52241,0.00000,
13.46,1,4.49574,1.38768,1.61555,0.45511,0.27536,0.07244,0.07777
13.46,2,4.44247,0.24702,1.48902,0.53900,0.29507,0.14190,0.02368
13.48,0,4.21477,2.42777,2.88218,0.48869,0.50288,0.00000,
13.48,1,4.49533,1.39666,1.62162,0.44653,0.31730,0.06860,0.08753
13.48,2,4.44321,0.25790,1.49468,0.54905,0.18232,0.13995,0.03267
13.5,0,4.20532,2.43028,2.89203,0.48899,0.48407,0.00000,
13.5,1,4.49489,1.40503,1.62813,0.41666,0.30944,0.06535,0.09729
13.5,2,4.44408,0.26883,1.49596,0.54552,0.00833,0.13734,0.04105
13.52,0,4.19584,2.43269,2.90151,0.48927,0.46598,0.00000,
13.52,1,4.49441,1.41331,1.63396,0.39009,0.29649,0.06221,0.10706
13.52,2,4.44491,0.27833,1.49568,0.47132,0.02574,0.13606,0.04934
13.54,0,4.18633,2.43502,2.91064,0.48955,0.44897,0.00000,
13.54,1,4.49384,1.42167,1.64265,0.48976,0.83350,0.05898,0.06837
13.54,2,4.44567,0.28792,1.49706,0.48575,0.08552,0.13478,0.05772
13.56,0,4.17680,2.43726,2.91943,0.48981,0.43217,0.00000,
13.56,1,4.49308,1.43156,1.65962,0.44143,0.64142,0.05426,0.07816
13.56,2,4.44639,0.29755,1.49855,0.47800,0.06106,0.13497,0.06764
13.58,0,4.16724,2.43942,2.92789,0.49004,0.41555,0.00000,
13.58,1,4.49229,1.44064,1.66705,0.47011,0.21888,0.05034,0.08795
13.58,2,4.44708,0.30692,1.49955,0.46389,0.04509,0.13462,0.07675
13.6,0,4.15766,2.44150,2.93603,0.49025,0.39961,0.00000,
13.6,1,4.49141,1.44982,1.67120,0.41673,0.26954,0.04634,0.09774
13.6,2,4.44773,0.31608,1.50048,0.45568,0.04861,0.13459,0.08596
13.62,0,4.14806,2.44350,2.94385,0.49044,0.38436,0.00000,
13.62,1,4.49055,1.45662,1.67822,0.34291,0.36405,0.04462,0.10754
13.62,2,4.44836,0.32502,1.50155,0.45356,0.05173,0.13239,0.09280
13.64,0,4.13844,2.44543,2.95138,0.49062,0.36969,0.00000,
13.64,1,4.48973,1.46368,1.68471,0.36366,0.28310,0.04271,0.11733
13.64,2,4.44900,0.33422,1.50249,0.46273,0.04503,0.13020,0.09990
13.66,0,4.12880,2.44729,2.95861,0.49079,0.35556,0.00000,
13.66,1,4.48894,1.47059,1.68944,0.36702,0.23561,0.04098,0.12713
13.66,2,4.44962,0.34333,1.50339,0.44981,0.04499,0.12794,0.10685
13.68,0,4.11915,2.44907,2.96557,0.49095,0.34197,0.00000,
13.68,1,4.48777,1.47981,1.70171,0.52278,0.92914,0.03699,0.08820
13.68,2,4.45014,0.35096,1.50520,0.34820,0.10328,0.12947,0.07092
13.7,0,4.10948,2.45079,2.97227,0.49109,0.32891,0.00000,
13.7,1,4.48638,1.49050,1.71991,0.59037,1.13408,0.03161,0.04907
13.7,2,4.45059,0.35672,1.50610,0.31896,0.04171,0.13434,0.08170
13.72,0,4.09979,2.45245,2.97871,0.49122,0.31634,0.00000,
13.72,1,4.48466,1.50201,1.73734,0.53920,0.54818,0.02540,0.05889
13.72,2,4.45109,0.36399,1.50705,0.38694,0.04930,0.13852,0.09332
13.74,0,4.09010,2.45404,2.98490,0.49134,0.30425,0.00000,
13.74,1,4.48304,1.51182,1.74645,0.52428,0.78507,0.02088,0.01965
13.74,2,4.45158,0.37109,1.50849,0.37943,0.06515,0.14116,0.10325
13.76,0,4.08039,2.45557,2.99086,0.49146,0.29263,0.00000,
13.76,1,4.48116,1.52235,1.76363,0.51747,0.71193,0.01564,0.02948
13.76,2,4.45213,0.37961,1.50928,0.44539,0.02808,0.14311,0.11393
13.78,0,4.07067,2.45705,2.99659,0.49156,0.28145,0.00000,
13.78,1,4.47938,1.53067,1.77461,0.37467,0.41398,0.01253,0.03931
13.78,2,4.45266,0.38821,1.50990,0.41249,0.03624,0.14277,0.12240
13.8,0,4.06094,2.45847,3.00210,0.49166,0.27070,0.00000,
13.8,1,4.47779,1.53802,1.78047,0.37920,0.26239,0.01044,0.04914
13.8,2,4.45313,0.39557,1.51097,0.25982,0.09716,0.14272,0.08578
13.82,0,4.05120,2.45984,3.00740,0.49175,0.26036,0.00000,
13.82,1,4.47619,1.54549,1.78663,0.38234,0.34668,0.00829,0.00983
13.82,2,4.45356,0.39813,1.51288,0.06906,0.07264,0.14758,0.09341
13.84,0,4.04146,2.46115,3.01249,0.49183,0.25041,0.00000,
13.84,1,4.47408,1.55489,1.80526,0.48733,0.97107,0.00423,0.01967
13.84,2,4.45398,0.39944,1.51409,0.19853,0.06098,0.15562,0.05956
13.86,0,4.03170,2.46242,3.01740,0.49191,0.24084,0.00000,
13.86,1,4.47191,1.56378,1.81794,0.45327,0.40361,0.00067,0.02951
13.86,2,4.45438,0.40531,1.51957,0.24378,0.32820,0.15860,0.06871
13.88,0,4.02194,2.46364,3.02211,0.49198,0.23164,0.00000,
13.88,1,4.46981,1.57220,1.82378,0.41700,0.27112,0.00237,0.03935
13.88,2,4.45477,0.40930,1.52664,0.18639,0.39012,0.16300,0.07737
13.9,0,4.01217,2.46481,3.02665,0.49204,0.22280,0.00000,
13.9,1,4.46780,1.57997,1.83035,0.36798,0.43319,0.00474,0.04919
13.9,2,4.45502,0.41527,1.53515,0.43037,0.27340,0.16477,0.08539
13.92,0,4.00239,2.46594,3.03101,0.49210,0.21428,0.00000,
13.92,1,4.46595,1.58609,1.84023,0.33068,0.38021,0.00550,0.05903
13.92,2,4.45543,0.42560,1.53717,0.58312,0.10307,0.16053,0.09176
13.94,0,3.99261,2.46703,3.03520,0.49216,0.20610,0.00000,
13.94,1,4.46406,1.59272,1.84612,0.35044,0.26859,0.00668,0.06887
13.94,2,4.45571,0.43728,1.54174,0.54298,0.20003,0.15547,0.09865
13.96,0,3.98282,2.46807,3.03924,0.49221,0.19823,0.00000,
13.96,1,4.46223,1.59906,1.85108,0.34371,0.29394,0.00752,0.07871
13.96,2,4.45602,0.44805,1.53903,0.56465,-0.44143,0.15102,0.05918
13.98,0,3.97303,2.46908,3.04312,0.49226,0.19065,0.00000,
13.98,1,4.46014,1.60624,1.85806,0.38587,0.36163,0.00915,0.08855
13.98,2,4.45633,0.45743,1.53030,0.43309,-0.42250,0.14881,0.06665
14.0,0,3.96333,2.47004,3.04697,0.48848,0.19026,0.00000,
14.0,1,4.45800,1.61347,1.86478,0.36524,0.31221,0.01085,0.09829
14.0,2,4.45660,0.46600,1.52515,0.41723,-0.04965,0.14747,0.07419
14.02,0,3.95332,2.47099,3.05053,0.51116,0.17129,0.00000,
14.02,1,4.45563,1.62124,1.87672,0.47671,0.99021,0.01289,0.05917
14.02,2,4.45699,0.47369,1.52715,0.36200,0.14694,0.14755,0.08231
14.04,0,3.94312,2.47192,3.05391,0.51026,0.16774,0.00000,
14.04,1,4.45284,1.62998,1.89288,0.43838,0.57058,0.01578,0.06941
14.04,2,4.45735,0.48095,1.52941,0.36608,0.07350,0.14903,0.09148
14.06,0,3.93303,2.47281,3.05723,0.50340,0.16403,0.00000,
14.06,1,4.45029,1.63774,1.89956,0.38315,0.22062,0.01771,0.07954
14.06,2,4.45767,0.48830,1.53023,0.36703,0.02742,0.14947,0.09964
14.08,0,3.92303,2.47365,3.06044,0.50180,0.15729,0.00000,
14.08,1,4.44796,1.64461,1.90437,0.33096,0.32633,0.01874,0.08958
14.08,2,4.45797,0.49556,1.53088,0.35969,0.03973,0.14909,0.10688
14.1,0,3.91301,2.47447,3.06351,0.50339,0.15073,0.00000,
14.1,1,4.44591,1.65000,1.91239,0.29893,0.33164,0.01830,0.09963
14.1,2,4.45825,0.50260,1.53182,0.34413,0.05082,0.14747,0.11263
14.12,0,3.90353,2.47524,3.06622,0.47262,0.14150,0.00000,
14.12,1,4.44378,1.65587,1.91788,0.31754,0.25530,0.01855,0.10914
14.12,2,4.45854,0.50923,1.53491,0.26397,0.15328,0.14674,0.04109
14.14,0,3.89399,2.47597,3.06918,0.48161,0.14762,0.00000,
14.14,1,4.44129,1.66244,1.90939,0.33441,-0.81179,0.01950,0.01908
14.14,2,4.45862,0.51471,1.53847,0.30834,0.25897,0.14786,0.04811
14.16,0,3.88437,2.47668,3.07198,0.48160,0.13368,0.00000,
14.16,1,4.43931,1.66845,1.89895,0.30751,-0.07217,0.01960,0.02872
14.16,2,4.45887,0.52224,1.54214,0.42248,0.09905,0.14638,0.05444
14.18,0,3.87480,2.47735,3.07456,0.47875,0.12668,0.00000,
14.18,1,4.43702,1.67499,1.90899,0.37728,0.77801,0.02027,0.03832
14.18,2,4.45918,0.53095,1.54299,0.43127,0.02348,0.14425,0.06136
14.2,0,3.86534,2.47798,3.07717,0.48670,0.12397,0.00000,
14.2,1,4.43433,1.68240,1.92333,0.39835,0.59282,0.02189,0.04780
14.2,2,4.45943,0.53893,1.54384,0.40749,0.05551,0.14375,0.06925
14.22,0,3.85553,2.47862,3.07962,0.49274,0.12337,0.00000,
14.22,1,4.43163,1.68969,1.93302,0.39178,0.59225,0.02312,0.00983
14.22,2,4.45966,0.54733,1.54511,0.42456,0.06611,0.14270,0.03910
14.24,0,3.84541,2.47925,3.08194,0.51383,0.11166,0.00000,
14.24,1,4.42858,1.69767,1.95323,0.43195,1.01064,0.02483,0.01997
14.24,2,4.45984,0.55290,1.54924,0.17470,0.21378,0.14520,0.04764
14.26,0,3.83518,2.47986,3.08414,0.50917,0.10955,0.00000,
14.26,1,4.42558,1.70521,1.96703,0.38148,0.45507,0.02602,0.03022
14.26,2,4.45999,0.55599,1.55390,0.15319,0.25857,0.14974,0.05576
14.28,0,3.82510,2.48044,3.08631,0.50170,0.10702,0.00000,
14.28,1,4.42281,1.71187,1.97431,0.34950,0.35984,0.02637,0.04031
14.28,2,4.46007,0.56010,1.55766,0.26112,0.09724,0.15238,0.06296
14.3,0,3.81510,2.48099,3.08840,0.50099,0.10260,0.00000,
14.3,1,4.42007,1.71829,1.98272,0.35168,0.46452,0.02650,0.05033
14.3,2,4.46019,0.56555,1.55857,0.29728,0.03698,0.15344,0.06993
14.32,0,3.80507,2.48152,3.09040,0.50300,0.09835,0.00000,
14.32,1,4.41723,1.72480,1.99223,0.35652,0.46879,0.02667,0.06037
14.32,2,4.46024,0.57320,1.56274,0.41847,0.36547,0.15241,0.04179
14.34,0,3.79501,2.48204,3.09233,0.50377,0.09467,0.00000,
14.34,1,4.41439,1.73107,2.00155,0.31207,0.49903,0.02656,0.07044
14.34,2,4.46021,0.58126,1.56702,0.42853,0.07497,0.15072,0.04867
14.36,0,3.78546,2.48253,3.09404,0.47047,0.08693,0.00000,
14.36,1,4.41174,1.73675,2.01015,0.31450,0.39001,0.02614,0.02968
14.36,2,4.46025,0.59078,1.56912,0.50836,0.18637,0.14700,0.01671
14.38,0,3.77595,2.48299,3.09588,0.48010,0.09289,0.00000,
14.38,1,4.40780,1.74522,2.02380,0.47307,0.52798,0.02864,0.03921
14.38,2,4.46028,0.60058,1.57242,0.46223,0.12192,0.14585,0.02606
14.4,0,3.76633,2.48343,3.09765,0.48113,0.08434,0.00000,
14.4,1,4.40380,1.75235,2.02899,0.39888,0.25686,0.03002,0.04883
14.4,2,4.46027,0.60918,1.57392,0.41130,0.05087,0.14456,0.03420
14.42,0,3.75675,2.48386,3.09927,0.47837,0.07940,0.00000,
14.42,1,4.39995,1.75944,2.03627,0.37946,0.46332,0.03125,0.05842
14.42,2,4.46025,0.61733,1.57497,0.40925,0.05977,0.14370,0.04227
14.44,0,3.74733,2.48426,3.10096,0.49649,0.07695,0.00000,
14.44,1,4.39699,1.76500,2.04645,0.30807,0.44454,0.03078,0.06785
14.44,2,4.46021,0.62542,1.57635,0.35347,0.07778,0.14133,0.04857
14.46,0,3.73707,2.48467,3.10242,0.51925,0.07162,0.00000,
14.46,1,4.39415,1.77054,2.05443,0.31249,0.38541,0.02957,0.07811
14.46,2,4.46017,0.63270,1.57782,0.37221,0.06861,0.13976,0.05479
14.48,0,3.72680,2.48508,3.10386,0.50755,0.07221,0.00000,
14.48,1,4.39137,1.77581,2.06097,0.31275,0.36737,0.02804,0.08839
14.48,2,4.46012,0.64020,1.57909,0.37398,0.06050,0.13770,0.06075
14.5,0,3.71679,2.48545,3.10529,0.49762,0.07013,0.00000,
14.5,1,4.38815,1.78182,2.06968,0.35216,0.45023,0.02746,0.09841
14.5,2,4.46005,0.64755,1.58028,0.36224,0.05913,0.13654,0.06756
14.52,0,3.70685,2.48581,3.10665,0.49830,0.06681,0.00000,
14.52,1,4.38465,1.78810,2.07621,0.37103,-0.36901,0.02726,0.00995
14.52,2,4.45999,0.65462,1.58145,0.35823,0.05898,0.13598,0.07475
14.54,0,3.69685,2.48616,3.10796,0.50139,0.06412,0.00000,
14.54,1,4.38101,1.79439,2.06257,0.34493,-0.47097,0.02706,0.01995
14.54,2,4.45990,0.66292,1.58551,0.44350,0.33886,0.13422,0.04377
14.56,0,3.68682,2.48650,3.10921,0.50205,0.06181,0.00000,
14.56,1,4.37813,1.80006,2.06248,0.31319,0.41711,0.02578,0.02999
14.56,2,4.45979,0.67180,1.58960,0.44092,0.08548,0.13121,0.05013
14.58,0,3.67679,2.48683,3.11042,0.50134,0.05949,0.00000,
14.58,1,4.37486,1.80588,2.07629,0.35215,0.76395,0.02481,0.04002
14.58,2,4.45962,0.68044,1.59007,0.42415,0.01156,0.12864,0.05681
14.6,0,3.66721,2.48713,3.11150,0.46708,0.05323,0.00000,
14.6,1,4.37126,1.81217,2.08917,0.35487,0.49749,0.02467,0.04961
14.6,2,4.45947,0.68807,1.59228,0.30686,0.26398,0.12756,0.03124
14.62,0,3.65775,2.48743,3.11265,0.47766,0.05832,0.00000,
14.62,1,4.36766,1.81840,2.09861,0.36079,0.47707,0.02452,0.05908
14.62,2,4.45934,0.69395,1.59721,0.29243,0.18658,0.12818,0.03843
14.64,0,3.64816,2.48771,3.11376,0.47958,0.05327,0.00000,
14.64,1,4.36405,1.82455,2.10860,0.35206,0.51109,0.02416,0.06866
14.64,2,4.45913,0.69965,1.60100,0.30931,0.29019,0.12892,0.04556
14.66,0,3.63875,2.48797,3.11483,0.45173,0.05707,0.00000,
14.66,1,4.36031,1.83082,2.12410,0.38762,1.12706,0.02404,0.02847
14.66,2,4.45889,0.70621,1.60613,0.32369,0.16050,0.12892,0.05286
14.68,0,3.62905,2.48823,3.11583,0.50749,0.04655,0.00000,
14.68,1,4.35625,1.83739,2.14314,0.37544,0.69050,0.02409,0.03817
14.68,2,4.45870,0.71441,1.60599,0.49676,-0.25039,0.12765,0.02576
14.7,0,3.61874,2.48850,3.11674,0.51580,0.04565,0.00000,
14.7,1,4.35243,1.84336,2.15228,0.33909,0.35608,0.02302,0.04849
14.7,2,4.45841,0.72383,1.60165,0.45311,-0.11404,0.12454,0.03285
14.72,0,3.60858,2.48875,3.11766,0.50177,0.04574,0.00000,
14.72,1,4.34880,1.84889,2.16003,0.32756,0.43622,0.02156,0.05865
14.72,2,4.45788,0.73296,1.60210,0.45007,0.11597,0.12125,0.03946
14.74,0,3.59864,2.48899,3.11856,0.49543,0.04390,0.00000,
14.74,1,4.34532,1.85411,2.16958,0.29773,0.48734,0.01990,0.06860
14.74,2,4.45760,0.74085,1.60531,0.33368,0.16438,0.11891,0.04573
14.76,0,3.58871,2.48921,3.11941,0.49778,0.04185,0.00000,
14.76,1,4.34193,1.85909,2.17897,0.30283,0.45185,0.01797,0.07852
14.76,2,4.45739,0.74779,1.60755,0.35827,0.08088,0.11729,0.05175
14.78,0,3.57873,2.48944,3.12023,0.50028,0.04028,0.00000,
14.78,1,4.33797,1.86487,2.17446,0.38030,-1.15231,0.01687,0.04002
14.78,2,4.45715,0.75507,1.60907,0.36447,0.07987,0.11618,0.05875
14.8,0,3.56872,2.48965,3.12102,0.50029,0.03882,0.00000,
14.8,1,4.33374,1.87108,2.15183,0.35157,-1.02098,0.01619,0.05003
14.8,2,4.45688,0.76222,1.61082,0.35205,0.09205,0.11567,0.06626
14.82,0,3.55873,2.48986,3.12178,0.49956,0.03734,0.00000,
14.82,1,4.33052,1.87661,2.14017,0.32403,-0.10961,0.01423,0.06003
14.82,2,4.45660,0.76907,1.61262,0.32064,0.08171,0.11470,0.00315
14.84,0,3.54874,2.49005,3.12251,0.49936,0.03589,0.00000,
14.84,1,4.32657,1.88282,2.15153,0.43293,1.09776,0.01321,0.01999
14.84,2,4.45620,0.77743,1.62210,0.44550,0.51783,0.11297,0.01051
14.86,0,3.53875,2.49024,3.12322,0.49952,0.03452,0.00000,
14.86,1,4.32180,1.89027,2.17061,0.44254,0.91022,0.01352,0.02997
14.86,2,4.45576,0.78636,1.62789,0.42891,0.11438,0.11200,0.01936
14.88,0,3.52899,2.49043,3.12386,0.46280,0.02859,0.00000,
14.88,1,4.31728,1.89735,2.18656,0.37850,0.55688,0.01352,0.03974
14.88,2,4.45534,0.79422,1.62870,0.36937,0.03448,0.11173,0.02776
14.9,0,3.51961,2.49060,3.12449,0.47397,0.03350,0.00000,
14.9,1,4.31295,1.90338,2.19693,0.36884,0.51844,0.01298,0.04912
14.9,2,4.45494,0.80063,1.63070,0.25849,0.15910,0.11185,0.03517
14.92,0,3.51007,2.49076,3.12515,0.47841,0.03159,0.00000,
14.92,1,4.30787,1.91021,2.21549,0.45523,1.08870,0.01332,0.00954
14.92,2,4.45456,0.80634,1.63339,0.30724,0.11204,0.11357,0.04367
14.94,0,3.50062,2.49092,3.12577,0.44397,0.03402,0.00000,
14.94,1,4.30262,1.91717,2.23245,0.40944,0.63050,0.01390,0.01899
14.94,2,4.45415,0.81266,1.63533,0.31721,0.09211,0.11485,0.05237
14.96,0,3.49105,2.49107,3.12636,0.50293,0.02709,0.00000,
14.96,1,4.29799,1.92316,2.24245,0.36045,0.46028,0.01325,0.02856
14.96,2,4.45376,0.81853,1.63700,0.32183,0.09708,0.11556,0.02078
14.98,0,3.48077,2.49123,3.12689,0.51563,0.02633,0.00000,
14.98,1,4.29360,1.92871,2.25237,0.33766,0.51232,0.01151,0.03884
14.98,2,4.45316,0.82787,1.64129,0.46678,0.11706,0.11234,0.02786
15.0,0,3.47061,2.49138,3.12742,0.50189,0.02655,0.00000,
15.0,1,4.28951,1.93381,2.26288,0.33217,0.54703,0.00930,0.04901
15.0,2,4.45247,0.83717,1.64355,0.46384,0.10836,0.10869,0.03439
15.02,0,3.46067,2.49152,3.12794,0.49433,0.02554,0.00000,
15.02,1,4.28524,1.93898,2.27368,0.33527,0.52386,0.00742,0.05894
15.02,2,4.45179,0.84630,1.64577,0.45270,0.11454,0.10530,0.04109
15.04,0,3.45077,2.49165,3.12844,0.49626,0.02431,0.00000,
15.04,1,4.28097,1.94404,2.28369,0.32714,0.48519,0.00547,0.06884
15.04,2,4.45111,0.85521,1.64813,0.44307,0.11951,0.10204,0.04771
15.06,0,3.44082,2.49178,3.12891,0.49900,0.02339,0.00000,
15.06,1,4.27675,1.94892,2.29322,0.31921,0.47231,0.00326,0.07880
15.06,2,4.45045,0.86262,1.65132,0.36576,0.13710,0.10010,0.05416
15.08,0,3.43083,2.49191,3.12937,0.49920,0.02255,0.00000,
15.08,1,4.27256,1.95367,2.30257,0.31503,0.46241,0.00089,0.08879
15.08,2,4.44981,0.87021,1.65337,0.38853,0.08728,0.09787,0.06049
15.1,0,3.42086,2.49203,3.12981,0.49845,0.02169,0.00000,
15.1,1,4.26838,1.95833,2.31165,0.31155,0.44605,0.00156,0.09876
15.1,2,4.44918,0.87756,1.65492,0.36407,0.07879,0.09579,0.06674
15.12,0,3.41089,2.49215,3.13024,0.49819,0.02085,0.00000,
15.12,1,4.26422,1.96288,2.32018,0.30123,0.38426,0.00414,0.10873
15.12,2,4.44849,0.88567,1.65702,0.42874,0.11578,0.09285,0.07289
15.14,0,3.40093,2.49226,3.13064,0.49834,0.02006,0.00000,
15.14,1,4.26003,1.96737,2.32845,0.31071,0.42798,0.00676,0.11869
15.14,2,4.44776,0.89413,1.65923,0.41329,0.10306,0.08953,0.07902
15.16,0,3.39096,2.49237,3.13104,0.49845,0.01929,0.00000,
15.16,1,4.25577,1.97187,2.33688,0.30763,0.41066,0.00937,0.12866
15.16,2,4.44706,0.90202,1.66113,0.38469,0.09131,0.08682,0.08521
15.18,0,3.38099,2.49248,3.13142,0.49844,0.01856,0.00000,
15.18,1,4.25028,1.97739,2.33704,0.45312,-0.35271,0.01044,0.08962
15.18,2,4.44649,0.90808,1.66430,0.15963,0.21290,0.08716,0.05529
15.2,0,3.37102,2.49258,3.13178,0.49841,0.01785,0.00000,
15.2,1,4.24413,1.98364,2.33056,0.39874,-0.23979,0.01061,0.09959
15.2,2,4.44633,0.90975,1.66664,0.04076,0.10001,0.09276,0.06405
15.22,0,3.36106,2.49268,3.13213,0.49840,0.01717,0.00000,
15.22,1,4.23917,1.98925,2.32942,0.36418,0.15927,0.01219,0.10956
15.22,2,4.44641,0.90982,1.66810,-0.02494,0.05799,0.09915,0.07154
15.24,0,3.35152,2.49277,3.13244,0.46494,0.01531,0.00000,
15.24,1,4.23476,1.99408,2.33613,0.27150,0.34031,0.01430,0.11909
15.24,2,4.44629,0.91014,1.67753,0.09336,0.66626,0.10439,0.04597
15.26,0,3.34210,2.49286,3.13277,0.47530,0.01688,0.00000,
15.26,1,4.23021,1.99883,2.34534,0.39369,0.33311,0.01627,0.07876
15.26,2,4.44601,0.91300,1.68483,0.18738,0.00123,0.10707,0.05255
15.28,0,3.33256,2.49294,3.13309,0.47702,0.01541,0.00000,
15.28,1,4.22521,2.00389,2.35073,0.31943,0.18409,0.01784,0.08830
15.28,2,4.44570,0.91675,1.68226,0.19477,-0.04270,0.10927,0.05966
15.3,0,3.32327,2.49302,3.13341,0.47644,0.01504,0.00000,
15.3,1,4.22013,2.00884,2.35839,0.38802,0.56444,0.01921,0.09759
15.3,2,4.44480,0.92121,1.68750,0.24556,0.41641,0.11060,0.06675
15.32,0,3.31323,2.49311,3.13368,0.51444,0.01323,0.00000,
15.32,1,4.21441,2.01448,2.37022,0.40140,0.56007,0.02039,0.10763
15.32,2,4.44401,0.92688,1.69332,0.33600,0.17167,0.11157,0.07477
15.34,0,3.30297,2.49319,3.13395,0.50838,0.01349,0.00000,
15.34,1,4.20968,2.01929,2.37934,0.32334,0.46132,0.02309,0.11790
15.34,2,4.44321,0.93391,1.69496,0.35070,0.04727,0.11022,0.08152
15.36,0,3.29295,2.49326,3.13422,0.49555,0.01328,0.00000,
15.36,1,4.20510,2.02372,2.38872,0.31611,0.46459,0.02591,0.12791
15.36,2,4.44245,0.94041,1.69624,0.30857,0.08471,0.10900,0.08788
15.38,0,3.28308,2.49334,3.13448,0.49376,0.01262,0.00000,
15.38,1,4.20050,2.02804,2.39762,0.31558,0.42882,0.02867,0.13778
15.38,2,4.44174,0.94630,1.69824,0.29260,0.10571,0.10831,0.09420
15.4,0,3.27317,2.49341,3.13472,0.49702,0.01208,0.00000,
15.4,1,4.19406,2.03374,2.40854,0.47881,0.45965,0.02923,0.09786
15.4,2,4.44103,0.95152,1.70087,0.24036,0.13501,0.11004,0.10278
15.42,0,3.26321,2.49347,3.13496,0.49844,0.01165,0.00000,
15.42,1,4.18734,2.03960,2.41593,0.45378,0.22791,0.02957,0.06006
15.42,2,4.44020,0.95820,1.70703,0.40138,0.53709,0.11057,0.04097
15.44,0,3.25324,2.49354,3.13519,0.49788,0.01122,0.00000,
15.44,1,4.18068,2.04557,2.41984,0.44521,0.26865,0.02996,0.07002
15.44,2,4.43932,0.96523,1.71681,0.34441,0.71776,0.11087,0.01339
15.46,0,3.24329,2.49360,3.13541,0.49731,0.01079,0.00000,
15.46,1,4.17465,2.05093,2.42722,0.33244,0.30203,0.03121,0.07997
15.46,2,4.43847,0.97275,1.72413,0.41958,0.05437,0.10998,0.02145
15.48,0,3.23335,2.49367,3.13562,0.49732,0.01037,0.00000,
15.48,1,4.16974,2.05532,2.43653,0.33040,0.54928,0.03392,0.08992
15.48,2,4.43715,0.98152,1.72412,0.46190,0.02464,0.10660,0.02804
15.5,0,3.22340,2.49373,3.13582,0.49749,0.00998,0.00000,
15.5,1,4.16464,2.05965,2.44724,0.33686,0.49778,0.03651,0.09987
15.5,2,4.43568,0.99073,1.72621,0.46038,0.16164,0.10274,0.03473
15.52,0,3.21345,2.49378,3.13602,0.49753,0.00960,0.00000,
15.52,1,4.15948,2.06393,2.45618,0.33251,0.41756,0.03911,0.10982
15.52,2,4.43427,0.99949,1.72982,0.43022,0.17886,0.09935,0.04143
15.54,0,3.20350,2.49384,3.13621,0.49750,0.00923,0.00000,
15.54,1,4.15441,2.06808,2.46442,0.32364,0.41492,0.04187,0.11977
15.54,2,4.43292,1.00782,1.73302,0.41842,0.14542,0.09623,0.04798
15.56,0,3.19355,2.49389,3.13639,0.49747,0.00888,0.00000,
15.56,1,4.14822,2.07285,2.46644,0.46972,-0.33165,0.04339,0.07962
15.56,2,4.43157,1.01607,1.73578,0.41810,0.13542,0.09410,0.05578
15.58,0,3.18360,2.49394,3.13656,0.49748,0.00854,0.00000,
15.58,1,4.14139,2.07828,2.46224,0.42859,-0.18239,0.04409,0.08957
15.58,2,4.43020,1.02429,1.73850,0.41438,0.13689,0.09285,0.06450
15.6,0,3.17365,2.49399,3.13673,0.49748,0.00822,0.00000,
15.6,1,4.13510,2.08375,2.45653,0.45293,-0.65836,0.04531,0.04975
15.6,2,4.42883,1.03238,1.74121,0.40683,0.13347,0.09163,0.07284
15.62,0,3.16370,2.49404,3.13689,0.49749,0.00790,0.00000,
15.62,1,4.12787,2.08987,2.45061,0.46971,0.19583,0.04545,0.05970
15.62,2,4.42747,1.04032,1.74382,0.39974,0.12755,0.09147,0.08231
15.64,0,3.15375,2.49409,3.13704,0.49748,0.00760,0.00000,
15.64,1,4.12097,2.09544,2.46317,0.40389,0.72068,0.04615,0.06965
15.64,2,4.42613,1.04785,1.74528,0.33126,-0.48384,0.09112,0.05309
15.66,0,3.14380,2.49413,3.13719,0.49748,0.00731,0.00000,
15.66,1,4.11542,2.10014,2.47559,0.36458,0.61384,0.04846,0.07960
15.66,2,4.42523,1.05126,1.73739,0.09964,-0.36940,0.09367,0.06037
15.68,0,3.13441,2.49418,3.13732,0.46654,0.00682,0.00000,
15.68,1,4.10830,2.10562,2.48774,0.53512,0.50695,0.04854,0.03924
15.68,2,4.42447,1.05198,1.73090,0.00423,-0.31598,0.10005,0.06935
15.7,0,3.12497,2.49422,3.13747,0.47552,0.00720,0.00000,
15.7,1,4.10027,2.11166,2.49725,0.45851,0.44036,0.04765,0.04869
15.7,2,4.42381,1.05185,1.73109,0.02742,0.49501,0.10809,0.07939
15.72,0,3.11544,2.49426,3.13760,0.47571,0.00649,0.00000,
15.72,1,4.09265,2.11720,2.50799,0.48125,0.57707,0.04742,0.05821
15.72,2,4.42315,1.05376,1.74345,0.13266,0.38690,0.11361,0.08881
15.74,0,3.10609,2.49430,3.13774,0.49288,0.00605,0.00000,
15.74,1,4.08631,2.12224,2.51629,0.37560,0.42968,0.04845,0.06756
15.74,2,4.42264,1.05726,1.74217,0.19942,-0.40455,0.11682,0.09690
15.76,0,3.09591,2.49433,3.13785,0.51508,0.00569,0.00000,
15.76,1,4.08035,2.12674,2.52587,0.37538,0.50161,0.05083,0.07775
15.76,2,4.42186,1.06200,1.74297,0.30091,0.67330,0.11818,0.06490
15.78,0,3.08572,2.49437,3.13797,0.50302,0.00583,0.00000,
15.78,1,4.07417,2.13113,2.53567,0.38038,0.47253,0.05308,0.08794
15.78,2,4.42099,1.06576,1.77938,0.19972,1.70402,0.12040,0.07247
15.8,0,3.07578,2.49441,3.13808,0.49315,0.00565,0.00000,
15.8,1,4.06795,2.13542,2.54476,0.37458,0.44489,0.05511,0.09787
15.8,2,4.41969,1.07182,1.79335,0.39528,0.05823,0.12025,0.08002
15.82,0,3.06592,2.49444,3.13819,0.49394,0.00536,0.00000,
15.82,1,4.06183,2.13958,2.55358,0.36584,0.43892,0.05725,0.10773
15.82,2,4.41774,1.08009,1.79583,0.44569,0.21500,0.11767,0.04287
15.84,0,3.05601,2.49448,3.13830,0.49704,0.00515,0.00000,
15.84,1,4.05483,2.14414,2.56454,0.49510,0.68675,0.05848,0.06896
15.84,2,4.41584,1.08897,1.79802,0.46123,0.03008,0.11522,0.05121
15.86,0,3.04606,2.49451,3.13840,0.49767,0.00497,0.00000,
15.86,1,4.04698,2.14923,2.57667,0.46648,0.50071,0.05880,0.07891
15.86,2,4.41393,1.09815,1.79875,0.47349,0.08030,0.11330,0.06057
15.88,0,3.03611,2.49454,3.13850,0.49694,0.00478,0.00000,
15.88,1,4.03947,2.15403,2.58479,0.42403,0.35955,0.05956,0.08886
15.88,2,4.41174,1.10735,1.80150,0.47009,0.16592,0.11091,0.06947
15.9,0,3.02618,2.49457,3.13859,0.49655,0.00459,0.00000,
15.9,1,4.03334,2.15804,2.59014,0.31537,0.22639,0.06190,0.09879
15.9,2,4.40961,1.11584,1.80552,0.43497,0.15962,0.10804,0.07679
15.92,0,3.01625,2.49460,3.13868,0.49666,0.00442,0.00000,
15.92,1,4.02785,2.16156,2.59827,0.33599,0.49220,0.06502,0.10872
15.92,2,4.40753,1.12430,1.80806,0.43502,0.11621,0.10456,0.08331
15.94,0,3.00631,2.49463,3.13877,0.49680,0.00425,0.00000,
15.94,1,4.02200,2.16513,2.60759,0.34465,0.41890,0.06780,0.11866
15.94,2,4.40549,1.13269,1.81056,0.42803,0.13384,0.10136,0.09015
15.96,0,2.99637,2.49466,3.13885,0.49681,0.00409,0.00000,
15.96,1,4.01624,2.16855,2.61511,0.31332,0.38223,0.07074,0.12859
15.96,2,4.40347,1.14091,1.81333,0.41963,0.13885,0.09817,0.09684
15.98,0,2.98644,2.49469,3.13893,0.49677,0.00393,0.00000,
15.98,1,4.00956,2.17229,2.60005,0.38803,-1.20661,0.07272,0.08935
15.98,2,4.40196,1.14561,1.81822,0.12340,0.16903,0.09911,0.06534
16.0,0,2.97650,2.49471,3.13901,0.49676,0.00378,0.00000,
16.0,1,4.00316,2.17612,2.57910,0.33283,-0.61963,0.07495,0.09928
16.0,2,4.40121,1.14701,1.82086,0.05034,0.11360,0.10342,0.07280
16.02,0,2.96657,2.49474,3.13908,0.49677,0.00364,0.00000,
16.02,1,3.99636,2.18023,2.59298,0.44412,1.52865,0.07675,0.00994
16.02,2,4.40082,1.14730,1.82269,-0.01545,0.06569,0.10929,0.08074
16.04,0,2.95663,2.49476,3.13915,0.49677,0.00350,0.00000,
16.04,1,3.98837,2.18503,2.61787,0.49301,0.86867,0.07723,0.01987
16.04,2,4.40060,1.14880,1.82483,0.14070,0.35993,0.11521,0.01362
16.06,0,2.94670,2.49479,3.13922,0.49677,0.00337,0.00000,
16.06,1,3.97968,2.19010,2.62670,0.49904,0.23810,0.07698,0.02981
16.06,2,4.39991,1.15234,1.82952,0.19276,0.06964,0.11961,0.02369
16.08,0,2.93676,2.49481,3.13929,0.49677,0.00324,0.00000,
16.08,1,3.97131,2.19478,2.63218,0.46363,0.35581,0.07718,0.03974
16.08,2,4.39919,1.15614,1.83091,0.19274,0.06978,0.12332,0.03327
16.1,0,2.92683,2.49483,3.13935,0.49677,0.00312,0.00000,
16.1,1,3.96381,2.19907,2.63970,0.40384,0.38822,0.07834,0.04968
16.1,2,4.39833,1.16044,1.83041,0.27548,-0.03411,0.12585,0.04191
16.12,0,2.91689,2.49486,3.13941,0.49677,0.00300,0.00000,
16.12,1,3.95660,2.20311,2.64962,0.42124,0.52301,0.07986,0.05961
16.12,2,4.39624,1.16831,1.83377,0.53153,0.37371,0.12432,0.00418
16.14,0,2.90696,2.49488,3.13947,0.49677,0.00288,0.00000,
16.14,1,3.94913,2.20713,2.65903,0.42350,0.42122,0.08116,0.06955
16.14,2,4.39356,1.17896,1.82447,0.56034,-0.60150,0.12012,0.01267
16.16,0,2.89702,2.49490,3.13953,0.49677,0.00277,0.00000,
16.16,1,3.94180,2.21099,2.66700,0.39078,0.44623,0.08267,0.07948
16.16,2,4.39105,1.18919,1.81423,0.47695,-0.37391,0.11620,0.02094
16.18,0,2.88709,2.49492,3.13958,0.49677,0.00267,0.00000,
16.18,1,3.93452,2.21475,2.67491,0.42294,0.36767,0.08426,0.08942
16.18,2,4.38891,1.19814,1.81461,0.45613,0.32444,0.11353,0.02914
16.2,0,2.87715,2.49494,3.13963,0.49677,0.00257,0.00000,
16.2,1,3.92658,2.21870,2.68253,0.53795,0.48392,0.08518,0.04968
16.2,2,4.38670,1.20546,1.82708,0.34418,0.72795,0.11282,0.03801
16.22,0,2.86736,2.49496,3.13968,0.45958,0.00189,0.00000,
16.22,1,3.91575,2.22382,2.69465,0.57939,0.66944,0.08288,0.05946
16.22,2,4.38450,1.21292,1.83933,0.46465,0.47323,0.11429,0.00583
16.24,0,2.85806,2.49498,3.13972,0.47048,0.00249,0.00000,
16.24,1,3.90553,2.22889,2.70832,0.54566,0.70608,0.08074,0.06877
16.24,2,4.38215,1.22062,1.85105,0.37229,0.50162,0.11525,0.01724
16.26,0,2.84857,2.49500,3.13977,0.47582,0.00241,0.00000,
16.26,1,3.89455,2.23401,2.71918,0.73312,0.53429,0.07805,0.02858
16.26,2,4.37953,1.22789,1.86601,0.39192,0.97070,0.11691,0.02935
16.28,0,2.83925,2.49501,3.13982,0.45524,0.00253,0.00000,
16.28,1,3.88134,2.23983,2.72857,0.65238,0.40150,0.07288,0.03790
16.28,2,4.37637,1.23749,1.88199,0.59367,0.49796,0.11792,0.04378
16.3,0,2.82950,2.49503,3.13987,0.50779,0.00193,0.00000,
16.3,1,3.87154,2.24412,2.73510,0.41616,0.15706,0.07182,0.04765
16.3,2,4.37258,1.24934,1.88559,0.62557,0.04814,0.11383,0.05447
16.32,0,2.81923,2.49505,3.13990,0.51186,0.00196,0.00000,
16.32,1,3.86544,2.24750,2.73456,0.34031,-0.04456,0.07510,0.05792
16.32,2,4.36869,1.26136,1.88874,0.62380,0.25053,0.10713,0.06143
16.34,0,2.80916,2.49507,3.13994,0.49759,0.00200,0.00000,
16.34,1,3.85985,2.25051,2.73346,0.32798,0.10594,0.07878,0.06799
16.34,2,4.36493,1.27282,1.89461,0.58678,0.29675,0.10045,0.06777
16.36,0,2.79928,2.49508,3.13998,0.49242,0.00190,0.00000,
16.36,1,3.85346,2.25336,2.74070,0.34167,0.56558,0.08154,0.07787
16.36,2,4.36136,1.28299,1.90176,0.50905,0.34382,0.09525,0.07476
16.38,0,2.78941,2.49510,3.14002,0.49517,0.00181,0.00000,
16.38,1,3.84617,2.25648,2.75082,0.44562,0.36410,0.08337,0.08774
16.38,2,4.35788,1.29284,1.90600,0.53148,0.15204,0.09108,0.08269
16.4,0,2.77947,2.49511,3.14006,0.49744,0.00174,0.00000,
16.4,1,3.83774,2.25996,2.75609,0.44827,0.23098,0.08408,0.09768
16.4,2,4.35436,1.30288,1.90932,0.52879,0.19117,0.08761,0.09180
16.42,0,2.76952,2.49513,3.14009,0.49726,0.00168,0.00000,
16.42,1,3.82875,2.26343,2.76240,0.59717,0.55630,0.08427,0.05998
16.42,2,4.35089,1.31269,1.91361,0.51260,0.22449,0.08469,0.10142
16.44,0,2.75959,2.49514,3.14012,0.49655,0.00162,0.00000,
16.44,1,3.81778,2.26744,2.77218,0.58371,0.48902,0.08242,0.06991
16.44,2,4.34749,1.32222,1.91799,0.50190,0.21120,0.08352,0.11306
16.46,0,2.74966,2.49516,3.14015,0.49641,0.00155,0.00000,
16.46,1,3.80666,2.27118,2.78674,0.61493,1.18898,0.08047,0.02981
16.46,2,4.34429,1.33084,1.92263,0.35001,0.46544,0.08319,0.06677
16.48,0,2.73973,2.49517,3.14018,0.49657,0.00149,0.00000,
16.48,1,3.79485,2.27544,2.80598,0.57161,0.50382,0.07776,0.03974
16.48,2,4.34205,1.33641,1.93413,0.23615,0.54865,0.08683,0.07931
16.5,0,2.72980,2.49519,3.14021,0.49666,0.00144,0.00000,
16.5,1,3.78582,2.27925,2.81247,0.47456,0.38040,0.07787,0.04968
16.5,2,4.34070,1.33947,1.94522,0.14820,0.50735,0.09136,0.08911
16.52,0,2.71986,2.49520,3.14024,0.49664,0.00138,0.00000,
16.52,1,3.77761,2.28233,2.81833,0.42118,0.25176,0.07896,0.05961
16.52,2,4.33948,1.34291,1.95000,0.21780,0.07886,0.09463,0.09788
16.54,0,2.70993,2.49521,3.14027,0.49661,0.00133,0.00000,
16.54,1,3.76966,2.28500,2.82304,0.41917,0.22479,0.08038,0.06954
16.54,2,4.33776,1.34693,1.94900,0.24114,-0.05280,0.09668,0.10625
16.56,0,2.70000,2.49523,3.14029,0.49660,0.00128,0.00000,
16.56,1,3.76171,2.28761,2.82743,0.41713,0.21814,0.08182,0.07947
16.56,2,4.33545,1.35260,1.95041,0.32472,0.04624,0.09700,0.11461
16.58,0,2.69007,2.49524,3.14032,0.49661,0.00123,0.00000,
16.58,1,3.75384,2.29016,2.83180,0.41021,0.21769,0.08336,0.08941
16.58,2,4.33280,1.35964,1.95907,0.41643,1.13391,0.09593,0.02926
16.6,0,2.68013,2.49525,3.14034,0.49662,0.00118,0.00000,
16.6,1,3.74610,2.29263,2.83609,0.40274,0.21154,0.08506,0.09934
16.6,2,4.32985,1.36690,1.97873,0.39369,0.74953,0.09441,0.03738
16.62,0,2.67020,2.49526,3.14037,0.49661,0.00114,0.00000,
16.62,1,3.73849,2.29504,2.84023,0.39672,0.20293,0.08689,0.10927
16.62,2,4.32660,1.37438,1.98589,0.42521,0.14411,0.09247,0.04537
16.64,0,2.66027,2.49528,3.14039,0.49661,0.00110,0.00000,
16.64,1,3.73097,2.29737,2.84420,0.39119,0.19564,0.08884,0.11920
16.64,2,4.32309,1.38234,1.98845,0.43447,0.16973,0.08991,0.05324
16.66,0,2.65034,2.49529,3.14041,0.49661,0.00105,0.00000,
16.66,1,3.72355,2.29965,2.84805,0.38540,0.18925,0.09090,0.12914
16.66,2,4.31965,1.39009,1.99350,0.42284,0.40083,0.08749,0.01961
16.68,0,2.64041,2.49530,3.14043,0.49661,0.00101,0.00000,
16.68,1,3.71326,2.30238,2.85404,0.62254,0.36540,0.09006,0.08939
16.68,2,4.31601,1.39812,2.00662,0.44203,0.62728,0.08674,0.03025
16.7,0,2.63047,2.49531,3.14045,0.49661,0.00097,0.00000,
16.7,1,3.70264,2.30549,2.86526,0.53252,0.61544,0.08884,0.09932
16.7,2,4.31243,1.40584,2.01462,0.41029,0.24076,0.08684,0.04132
16.72,0,2.62054,2.49532,3.14047,0.49661,0.00094,0.00000,
16.72,1,3.69141,2.30880,2.86398,0.57066,-0.23588,0.08700,0.05959
16.72,2,4.30902,1.41302,2.01830,0.39035,0.18510,0.08806,0.05302
16.74,0,2.61061,2.49533,3.14049,0.49661,0.00090,0.00000,
16.74,1,3.67769,2.31238,2.86592,0.72471,0.41641,0.08265,0.01986
16.74,2,4.30580,1.41957,2.02370,0.34880,0.30269,0.09162,0.06720
16.76,0,2.60068,2.49535,3.14051,0.49661,0.00087,0.00000,
16.76,1,3.66474,2.31594,2.87283,0.60497,0.26609,0.07908,0.02980
16.76,2,4.30266,1.42596,2.02885,0.35955,0.22937,0.09499,0.08063
16.78,0,2.59074,2.49536,3.14052,0.49661,0.00083,0.00000,
16.78,1,3.65602,2.31880,2.87291,0.34867,-0.23461,0.07981,0.03973
16.78,2,4.29948,1.43238,2.03325,0.35488,0.21960,0.09535,0.08980
16.8,0,2.58081,2.49537,3.14054,0.49661,0.00080,0.00000,
16.8,1,3.64955,2.32155,2.86828,0.34902,-0.22510,0.08278,0.04966
16.8,2,4.29636,1.43862,2.03774,0.34478,0.22695,0.09450,0.09679
16.82,0,2.57088,2.49538,3.14056,0.49661,0.00077,0.00000,
16.82,1,3.64296,2.32398,2.86583,0.36125,0.05468,0.08569,0.05959
16.82,2,4.29329,1.44472,2.04223,0.33861,0.22131,0.09364,0.10380
16.84,0,2.56162,2.49539,3.14057,0.46817,0.00074,0.00000,
16.84,1,3.63579,2.32610,2.87182,0.37415,0.44840,0.08743,0.06886
16.84,2,4.28984,1.45167,2.04554,0.40666,0.07931,0.09198,0.06418
16.86,0,2.55216,2.49540,3.14058,0.47539,0.00081,0.00000,
16.86,1,3.62745,2.32841,2.87800,0.46154,0.19806,0.08818,0.07831
16.86,2,4.28617,1.45864,2.04623,0.36583,-0.06427,0.09106,0.07283
16.88,0,2.54281,2.49541,3.14060,0.44857,0.00092,0.00000,
16.88,1,3.61835,2.33079,2.88163,0.57035,0.22563,0.08806,0.03800
16.88,2,4.28272,1.46514,2.04339,0.40144,-0.15542,0.09122,0.08223
16.9,0,2.53316,2.49542,3.14061,0.50478,0.00056,0.00000,
16.9,1,3.60635,2.33348,2.89144,0.58776,0.60571,0.08534,0.04765
16.9,2,4.27842,1.47339,2.04519,0.43144,0.39818,0.09152,0.04130
16.92,0,2.52290,2.49543,3.14062,0.51247,0.00058,0.00000,
16.92,1,3.59509,2.33642,2.90375,0.55719,0.62564,0.08391,0.05791
16.92,2,4.27459,1.48053,2.06309,0.36775,0.92097,0.09282,0.05293
16.94,0,2.51281,2.49544,3.14064,0.49813,0.00063,0.00000,
16.94,1,3.58495,2.33899,2.91075,0.45977,0.07802,0.08349,0.06800
16.94,2,4.27154,1.48616,2.07883,0.29412,0.68562,0.09486,0.06340
16.96,0,2.50294,2.49545,3.14065,0.49189,0.00060,0.00000,
16.96,1,3.57795,2.34105,2.91024,0.36368,0.09455,0.08605,0.07787
16.96,2,4.26858,1.49153,2.08615,0.31336,0.16962,0.09483,0.07069
16.98,0,2.49308,2.49545,3.14066,0.49435,0.00056,0.00000,
16.98,1,3.57046,2.34289,2.91432,0.39851,0.23998,0.08813,0.08773
16.98,2,4.26555,1.49684,2.08830,0.28138,0.03878,0.09496,0.07840
17.0,0,2.48316,2.49546,3.14067,0.49686,0.00054,0.00000,
17.0,1,3.56304,2.34465,2.91922,0.37687,0.22571,0.09036,0.09765
17.0,2,4.26204,1.50319,2.09125,0.41061,0.21416,0.09391,0.03886
17.02,0,2.47322,2.49547,3.14068,0.49683,0.00053,0.00000,
17.02,1,3.55487,2.34651,2.92180,0.43943,0.08717,0.09186,0.10759
17.02,2,4.25818,1.51012,2.09449,0.35857,0.02460,0.09279,0.04723
17.04,0,2.46329,2.49548,3.14069,0.49609,0.00051,0.00000,
17.04,1,3.54640,2.34841,2.92383,0.42233,0.12304,0.09305,0.11752
17.04,2,4.25394,1.51688,2.10046,0.46081,0.48329,0.09182,0.05591
17.06,0,2.45337,2.49549,3.14070,0.49590,0.00049,0.00000,
17.06,1,3.53479,2.35057,2.92924,0.61943,0.40266,0.09109,0.07978
17.06,2,4.24853,1.52599,2.10935,0.56591,0.36613,0.09058,0.06770
17.08,0,2.44345,2.49550,3.14071,0.49606,0.00047,0.00000,
17.08,1,3.52298,2.35292,2.93801,0.58422,0.47696,0.08891,0.03971
17.08,2,4.24283,1.53555,2.11467,0.53844,0.21098,0.08916,0.07973
17.1,0,2.43353,2.49551,3.14072,0.49616,0.00045,0.00000,
17.1,1,3.51197,2.35537,2.94633,0.54500,0.26971,0.08751,0.04963
17.1,2,4.23738,1.54457,2.11981,0.51799,0.28919,0.08794,0.09101
17.12,0,2.42361,2.49552,3.14073,0.49614,0.00043,0.00000,
17.12,1,3.50339,2.35739,2.94682,0.36377,-0.05801,0.08858,0.05955
17.12,2,4.23215,1.55308,2.12263,0.50689,-0.59960,0.08536,0.05695
17.14,0,2.41369,2.49553,3.14074,0.49611,0.00042,0.00000,
17.14,1,3.49586,2.35904,2.94865,0.40334,0.17759,0.09075,0.06947
17.14,2,4.22688,1.56174,2.11064,0.50689,-0.59981,0.08170,0.06466
17.16,0,2.40376,2.49553,3.14075,0.49610,0.00040,0.00000,
17.16,1,3.48804,2.36062,2.95283,0.36875,0.25092,0.09264,0.07940
17.16,2,4.22196,1.56875,2.09867,0.33822,-0.30561,0.07967,0.07264
17.18,0,2.39384,2.49554,3.14075,0.49611,0.00039,0.00000,
17.18,1,3.47979,2.36225,2.95589,0.46181,0.07698,0.09410,0.08932
17.18,2,4.21867,1.57401,2.09875,0.29116,0.19561,0.08040,0.08105
17.2,0,2.38392,2.49555,3.14076,0.49611,0.00037,0.00000,
17.2,1,3.47056,2.36399,2.95716,0.46205,0.07406,0.09458,0.09924
17.2,2,4.21578,1.57922,2.10494,0.31293,0.38092,0.08222,0.09044
17.22,0,2.37400,2.49556,3.14077,0.49611,0.00036,0.00000,
17.22,1,3.46192,2.36560,2.95913,0.42300,0.11365,0.09565,0.10916
17.22,2,4.21219,1.58517,2.10984,0.38022,-0.66608,0.08258,0.04603
17.24,0,2.36407,2.49557,3.14078,0.49611,0.00034,0.00000,
17.24,1,3.45117,2.36727,2.96283,0.66670,0.29240,0.09464,0.06946
17.24,2,4.20805,1.59137,2.08148,0.37258,-1.46663,0.08392,0.05690
17.26,0,2.35415,2.49558,3.14078,0.49611,0.00033,0.00000,
17.26,1,3.43851,2.36926,2.96987,0.56039,0.45271,0.09169,0.07938
17.26,2,4.20495,1.59691,2.06305,0.28307,-0.56417,0.08810,0.06970
17.28,0,2.34423,2.49558,3.14079,0.49611,0.00032,0.00000,
17.28,1,3.42841,2.37099,2.97502,0.49329,0.07639,0.09131,0.08930
17.28,2,4.20260,1.60204,2.05957,0.31080,0.25664,0.09117,0.07995
17.3,0,2.33431,2.49559,3.14080,0.49611,0.00031,0.00000,
17.3,1,3.42147,2.37255,2.97212,0.32930,-0.19341,0.09410,0.09922
17.3,2,4.19925,1.60818,2.07200,0.37287,0.73537,0.09051,0.08706
17.32,0,2.32439,2.49560,3.14080,0.49611,0.00029,0.00000,
17.32,1,3.41485,2.37395,2.96942,0.35426,-0.02298,0.09723,0.10915
17.32,2,4.19542,1.61497,2.08423,0.39146,0.50207,0.08873,0.09382
17.34,0,2.31446,2.49561,3.14081,0.49611,0.00028,0.00000,
17.34,1,3.40435,2.37541,2.97362,0.61280,0.45361,0.09649,0.06946
17.34,2,4.19177,1.62133,2.09210,0.35712,0.37364,0.09026,0.10442
17.36,0,2.30454,2.49561,3.14081,0.49611,0.00027,0.00000,
17.36,1,3.39378,2.37702,2.98523,0.52327,0.60069,0.09568,0.07938
17.36,2,4.18800,1.62783,2.10144,0.38621,0.51010,0.09182,0.11510
17.38,0,2.29462,2.49562,3.14082,0.49611,0.00026,0.00000,
17.38,1,3.38347,2.37895,2.99586,0.51898,0.41639,0.09508,0.08930
17.38,2,4.18407,1.63453,2.11307,0.36092,0.93189,0.09322,0.03523
17.4,0,2.28470,2.49563,3.14082,0.49611,0.00025,0.00000,
17.4,1,3.37405,2.38048,2.99878,0.39247,-0.08110,0.09542,0.09922
17.4,2,4.18100,1.63957,2.13328,0.27995,0.88106,0.09549,0.04477
17.42,0,2.27477,2.49564,3.14083,0.49611,0.00024,0.00000,
17.42,1,3.36645,2.38165,2.99780,0.52854,0.11092,0.09761,0.05953
17.42,2,4.17839,1.64364,2.14577,0.24439,0.46478,0.09723,0.05246
17.44,0,2.26485,2.49565,3.14083,0.49611,0.00023,0.00000,
17.44,1,3.35621,2.38273,3.00455,0.44958,0.30066,0.09719,0.06946
17.44,2,4.17542,1.64828,2.15349,0.27845,0.31085,0.10024,0.06274
17.46,0,2.25493,2.49565,3.14084,0.49611,0.00022,0.00000,
17.46,1,3.34631,2.38378,2.99699,0.51065,-0.42962,0.09710,0.02977
17.46,2,4.17231,1.65270,2.15742,0.28929,0.16069,0.10307,0.07270
17.48,0,2.24501,2.49566,3.14084,0.49611,0.00022,0.00000,
17.48,1,3.33588,2.38471,2.99223,0.52549,-0.05538,0.09650,0.03969
17.48,2,4.16893,1.65785,2.16079,0.32408,0.28211,0.10558,0.08315
17.5,0,2.23509,2.49567,3.14085,0.49611,0.00021,0.00000,
17.5,1,3.32613,2.38610,2.99394,0.42828,0.09059,0.09653,0.04961
17.5,2,4.16522,1.66339,2.16935,0.33537,0.50137,0.10743,0.09300
17.52,0,2.22516,2.49568,3.14085,0.49611,0.00020,0.00000,
17.52,1,3.31759,2.38746,2.99622,0.43731,0.11844,0.09778,0.05953
17.52,2,4.16150,1.66883,2.17918,0.32325,0.46163,0.10843,0.10164
17.54,0,2.21524,2.49568,3.14085,0.49611,0.00019,0.00000,
17.54,1,3.30887,2.38881,2.99832,0.44252,0.09176,0.09883,0.06946
17.54,2,4.15616,1.67654,2.19041,0.51981,0.49049,0.10690,0.06227
17.56,0,2.20532,2.49569,3.14086,0.49611,0.00018,0.00000,
17.56,1,3.30020,2.39009,2.99995,0.43343,0.07685,0.09996,0.07938
17.56,2,4.15060,1.68465,2.19986,0.42724,0.34796,0.10491,0.07103
17.58,0,2.19582,2.49570,3.14086,0.46299,0.00007,0.00000,
17.58,1,3.29174,2.39130,3.00148,0.42294,0.07666,0.10087,0.08887
17.58,2,4.14593,1.69103,2.20860,0.37691,0.49188,0.10455,0.07958
17.6,0,2.18644,2.49570,3.14086,0.47323,0.00024,0.00000,
17.6,1,3.28352,2.39246,3.00313,0.41656,0.08075,0.10193,0.09825
17.6,2,4.14232,1.69596,2.21762,0.26213,0.40444,0.10574,0.08788
17.62,0,2.17695,2.49571,3.14087,0.47491,0.00019,0.00000,
17.62,1,3.27510,2.39363,3.00458,0.42782,0.06834,0.10289,0.10775
17.62,2,4.13905,1.70032,2.22522,0.28158,0.37581,0.10774,0.09637
17.64,0,2.16765,2.49572,3.14087,0.48681,0.00015,0.00000,
17.64,1,3.26658,2.39479,3.00600,0.48529,0.09630,0.10356,0.06743
17.64,2,4.13560,1.70482,2.23247,0.26789,0.26295,0.10962,0.10497
17.66,0,2.15752,2.49573,3.14087,0.51430,0.00008,0.00000,
17.66,1,3.25433,2.39609,3.01051,0.58741,0.33958,0.10132,0.02892
17.66,2,4.13133,1.70998,2.23966,0.34814,0.37198,0.11349,0.02519
17.68,0,2.14733,2.49573,3.14088,0.50358,0.00015,0.00000,
17.68,1,3.24269,2.39753,3.01737,0.58118,0.35724,0.09976,0.03912
17.68,2,4.12699,1.71575,2.24414,0.37425,0.12893,0.11660,0.03692
17.7,0,2.13739,2.49574,3.14088,0.49254,0.00016,0.00000,
17.7,1,3.23193,2.39895,3.02177,0.50619,0.09005,0.09881,0.04905
17.7,2,4.12208,1.72195,2.24812,0.42094,0.33810,0.11835,0.04777
17.72,0,2.12756,2.49575,3.14088,0.49260,0.00014,0.00000,
17.72,1,3.22383,2.40010,3.02190,0.33957,-0.00419,0.10044,0.00984
17.72,2,4.11639,1.72886,2.25804,0.45655,0.54584,0.11680,0.05595
17.74,0,2.11767,2.49575,3.14089,0.49585,0.00013,0.00000,
17.74,1,3.21712,2.40121,3.02182,0.33957,-0.00381,0.10351,0.01973
17.74,2,4.11068,1.73571,2.26800,0.43369,0.45017,0.11415,0.06275
17.76,0,2.10774,2.49576,3.14089,0.49673,0.00013,0.00000,
17.76,1,3.21069,2.40229,3.02012,0.34970,-0.05140,0.10691,0.02966
17.76,2,4.10526,1.74214,2.27631,0.41257,0.40035,0.11177,0.06926
17.78,0,2.09781,2.49577,3.14089,0.49603,0.00012,0.00000,
17.78,1,3.20324,2.40329,3.02201,0.39898,0.17488,0.10929,0.03959
17.78,2,4.09994,1.74837,2.28433,0.40896,0.40294,0.11040,0.07679
17.8,0,2.08789,2.49577,3.14089,0.49557,0.00012,0.00000,
17.8,1,3.19475,2.40431,3.02693,0.43003,0.22922,0.11063,0.04950
17.8,2,4.09483,1.75429,2.29213,0.36890,0.37147,0.11025,0.08533
17.82,0,2.07798,2.49578,3.14090,0.49566,0.00011,0.00000,
17.82,1,3.18588,2.40537,3.02922,0.46091,0.03590,0.11158,0.05941
17.82,2,4.08984,1.76010,2.29904,0.40735,-0.05267,0.11063,0.00455
17.84,0,2.06807,2.49579,3.14090,0.49581,0.00011,0.00000,
17.84,1,3.17582,2.40643,3.02973,0.64972,0.07965,0.11135,0.01983
17.84,2,4.08483,1.76619,2.29516,0.39726,-0.15116,0.11184,0.01467
17.86,0,2.05815,2.49580,3.14090,0.49583,0.00010,0.00000,
17.86,1,3.16263,2.40748,3.03542,0.66416,0.31696,0.10800,0.02974
17.86,2,4.07903,1.77253,2.29470,0.49574,-0.24053,0.11488,0.02790
17.88,0,2.04823,2.49580,3.14090,0.49579,0.00010,0.00000,
17.88,1,3.14993,2.40860,3.04180,0.60233,0.27614,0.10514,0.03966
17.88,2,4.07193,1.78135,2.29291,0.58567,0.11000,0.11514,0.04064
17.9,0,2.03832,2.49581,3.14090,0.49577,0.00010,0.00000,
17.9,1,3.13868,2.40995,3.04398,0.44840,-0.05889,0.10370,0.04958
17.9,2,4.06410,1.78990,2.29512,0.55812,0.13895,0.11394,0.05198
17.92,0,2.02840,2.49582,3.14091,0.49578,0.00009,0.00000,
17.92,1,3.13075,2.41098,3.04326,0.40896,0.04975,0.10560,0.05949
17.92,2,4.05754,1.79736,2.30182,0.41979,0.40908,0.11152,0.05997
17.94,0,2.01849,2.49582,3.14091,0.49579,0.00009,0.00000,
17.94,1,3.12129,2.41182,3.04557,0.59545,0.18908,0.10599,0.01983
17.94,2,4.05242,1.80330,2.31113,0.39322,0.51569,0.11234,0.06947
17.96,0,2.00857,2.49583,3.14091,0.49579,0.00009,0.00000,
17.96,1,3.11072,2.41266,3.05057,0.52426,0.25527,0.10529,0.02975
17.96,2,4.04701,1.80928,2.32124,0.41022,0.47780,0.11387,0.08006
17.98,0,1.99866,2.49584,3.14091,0.49579,0.00008,0.00000,
17.98,1,3.10029,2.41352,3.05532,0.52039,0.17694,0.10470,0.03966
17.98,2,4.04140,1.81529,2.33003,0.40849,0.41667,0.11516,0.09053
18.0,0,1.98874,2.49584,3.14091,0.49579,0.00008,0.00000,
18.0,1,3.09016,2.41440,3.05641,0.49744,-0.01666,0.10443,0.04958
18.0,2,4.03587,1.82112,2.33823,0.39588,0.40978,0.11640,0.10069
18.02,0,1.97882,2.49585,3.14091,0.49579,0.00008,0.00000,
18.02,1,3.08119,2.41523,3.05540,0.42112,-0.04497,0.10531,0.05949
18.02,2,4.03033,1.82686,2.34931,0.41290,0.82017,0.11670,0.05377
18.04,0,1.96891,2.49586,3.14092,0.49579,0.00007,0.00000,
18.04,1,3.07255,2.41601,3.05556,0.44323,0.03909,0.10653,0.06941
18.04,2,4.02450,1.83276,2.36441,0.40881,0.59320,0.11641,0.06244
18.06,0,1.95899,2.49586,3.14092,0.49579,0.00007,0.00000,
18.06,1,3.06064,2.41681,3.05797,0.65622,0.23987,0.10448,0.02975
18.06,2,4.01888,1.83830,2.37271,0.38281,0.32596,0.11934,0.07438
18.08,0,1.94908,2.49587,3.14092,0.49579,0.00007,0.00000,
18.08,1,3.04914,2.41761,3.06405,0.56470,0.31434,0.10284,0.03966
18.08,2,4.01350,1.84351,2.37934,0.37098,0.35802,0.12231,0.08591
18.1,0,1.93916,2.49588,3.14092,0.49579,0.00007,0.00000,
18.1,1,3.03807,2.41861,3.06909,0.50219,0.12156,0.10162,0.04958
18.1,2,4.00798,1.84885,2.38644,0.40593,-0.06103,0.12488,0.04758
18.12,0,1.92925,2.49588,3.14092,0.49579,0.00006,0.00000,
18.12,1,3.02993,2.41941,3.06954,0.41007,-0.00342,0.10333,0.05949
18.12,2,4.00255,1.85425,2.38039,0.38160,-0.31285,0.12491,0.05576
18.14,0,1.91933,2.49589,3.14092,0.49579,0.00006,0.00000,
18.14,1,3.02153,2.42001,3.06930,0.40928,-0.00158,0.10481,0.06941
18.14,2,3.99644,1.85995,2.37299,0.53207,-0.94994,0.12433,0.06418
18.16,0,1.90941,2.49590,3.14092,0.49579,0.00006,0.00000,
18.16,1,3.01322,2.42060,3.06947,0.45799,-0.00404,0.10637,0.07933
18.16,2,3.98952,1.86734,2.37316,0.51860,0.48679,0.12217,0.02079
18.18,0,1.89950,2.49590,3.14092,0.49579,0.00006,0.00000,
18.18,1,3.00368,2.42129,3.06927,0.47931,-0.00987,0.10670,0.08924
18.18,2,3.98193,1.87446,2.38279,0.51142,0.37568,0.12071,0.03036
18.2,0,1.88958,2.49591,3.14093,0.49579,0.00005,0.00000,
18.2,1,2.99450,2.42195,3.06917,0.44307,-0.00155,0.10739,0.04958
18.2,2,3.97488,1.88080,2.38817,0.46561,0.31669,0.11981,0.03956
18.22,0,1.87967,2.49592,3.14093,0.49579,0.00005,0.00000,
18.22,1,2.98173,2.42264,3.07060,0.64160,0.13847,0.10449,0.05949
18.22,2,3.96895,1.88661,2.39526,0.37584,0.40395,0.12336,0.05235
18.24,0,1.86975,2.49592,3.14093,0.49579,0.00005,0.00000,
18.24,1,2.96943,2.42345,3.07388,0.60515,0.18693,0.10206,0.06941
18.24,2,3.96361,1.89183,2.40462,0.37505,0.48070,0.12739,0.06468
18.26,0,1.85984,2.49593,3.14093,0.49579,0.00005,0.00000,
18.26,1,2.95845,2.42422,3.07599,0.50241,0.01962,0.10096,0.07933
18.26,2,3.95802,1.89699,2.41404,0.38259,0.45591,0.13009,0.07568
18.28,0,1.84992,2.49594,3.14093,0.49579,0.00005,0.00000,
18.28,1,2.95110,2.42485,3.07434,0.33281,-0.13775,0.10347,0.08924
18.28,2,3.95234,1.90206,2.42278,0.37798,0.42491,0.12951,0.08306
18.3,0,1.84000,2.49594,3.14093,0.49579,0.00004,0.00000,
18.3,1,2.94414,2.42543,3.07205,0.42783,-0.04539,0.10638,0.04958
18.3,2,3.94677,1.90692,2.43064,0.37715,0.41025,0.12877,0.09004
18.32,0,1.83009,2.49595,3.14093,0.49579,0.00004,0.00000,
18.32,1,2.93325,2.42598,3.07516,0.51500,0.25817,0.10537,0.05949
18.32,2,3.94091,1.91195,2.43920,0.38878,0.42791,0.13120,0.10095
18.34,0,1.82017,2.49596,3.14093,0.49579,0.00004,0.00000,
18.34,1,2.92297,2.42659,3.08028,0.51443,0.24927,0.10497,0.06941
18.34,2,3.93436,1.91752,2.44824,0.48301,0.55881,0.13228,0.01557
18.36,0,1.81026,2.49596,3.14093,0.49579,0.00004,0.00000,
18.36,1,2.91328,2.42742,3.08292,0.50023,-0.00169,0.10515,0.07933
18.36,2,3.92710,1.92383,2.45930,0.45962,0.52467,0.13200,0.02529
18.38,0,1.80034,2.49597,3.14093,0.49579,0.00004,0.00000,
18.38,1,2.90485,2.42802,3.08117,0.41387,-0.07730,0.10660,0.08924
18.38,2,3.91965,1.92963,2.47293,0.53679,0.63868,0.13058,0.03374
18.4,0,1.79043,2.49598,3.14093,0.49579,0.00004,0.00000,
18.4,1,2.89640,2.42851,3.08056,0.42612,-0.00199,0.10803,0.09916
18.4,2,3.90941,1.93791,2.47220,0.68561,0.00188,0.12556,0.04220
18.42,0,1.78051,2.49598,3.14094,0.49579,0.00004,0.00000,
18.42,1,2.88800,2.42899,3.08061,0.41413,-0.00114,0.10952,0.10907
18.42,2,3.89903,1.94602,2.47590,0.63605,0.35227,0.12046,0.05061
18.44,0,1.77059,2.49599,3.14094,0.49579,0.00003,0.00000,
18.44,1,2.87989,2.42948,3.08041,0.40113,-0.01502,0.11129,0.11899
18.44,2,3.88958,1.95343,2.48530,0.57727,0.50663,0.11629,0.05874
18.46,0,1.76068,2.49600,3.14094,0.49579,0.00003,0.00000,
18.46,1,2.87079,2.42997,3.08039,0.60674,0.03822,0.11208,0.07933
18.46,2,3.88134,1.96002,2.49320,0.48721,0.32338,0.11448,0.06785
18.48,0,1.75076,2.49600,3.14094,0.49579,0.00003,0.00000,
18.48,1,2.85933,2.43045,3.08220,0.56813,0.09502,0.11050,0.08924
18.48,2,3.87361,1.96612,2.49987,0.49907,0.34196,0.11551,0.07932
18.5,0,1.74085,2.49601,3.14094,0.49579,0.00003,0.00000,
18.5,1,2.84801,2.43091,3.08392,0.55798,0.04942,0.10907,0.09916
18.5,2,3.86551,1.97221,2.50725,0.50945,0.38449,0.11612,0.09065
18.52,0,1.73136,2.49601,3.14094,0.46271,-0.00007,0.00000,
18.52,1,2.83799,2.43144,3.08366,0.43092,-0.06070,0.10852,0.10865
18.52,2,3.85765,1.97800,2.51503,0.48751,0.38526,0.11593,0.05424
18.54,0,1.72198,2.49602,3.14094,0.47293,0.00009,0.00000,
18.54,1,2.83096,2.43195,3.08228,0.35950,-0.02779,0.11083,0.11802
18.54,2,3.85109,1.98297,2.52393,0.41151,0.44441,0.11456,0.06129
18.56,0,1.71249,2.49603,3.14094,0.47461,0.00005,0.00000,
18.56,1,2.82339,2.43246,3.08236,0.38991,0.01416,0.11272,0.12751
18.56,2,3.84503,1.98747,2.53183,0.23997,0.27242,0.11434,0.01940
18.58,0,1.70330,2.49603,3.14094,0.48846,0.00003,0.00000,
18.58,1,2.81591,2.43293,3.08261,0.37417,0.00287,0.11440,0.13671
18.58,2,3.84340,1.98947,2.53978,0.07687,0.33198,0.11911,0.02689
18.6,0,1.69292,2.49604,3.14094,0.53176,-0.00006,0.00000,
18.6,1,2.80774,2.43342,3.08232,0.48257,-0.00688,0.11658,0.09750
18.6,2,3.84306,1.99088,2.54597,0.05148,0.26984,0.12593,0.03507
18.62,0,1.68239,2.49605,3.14094,0.51798,0.00002,0.00000,
18.62,1,2.79577,2.43391,3.08477,0.59958,0.18717,0.11511,0.10803
18.62,2,3.84049,1.99308,2.55029,0.26328,0.31364,0.13392,0.04705
18.64,0,1.67224,2.49605,3.14094,0.50144,0.00004,0.00000,
18.64,1,2.78438,2.43453,3.08855,0.55208,0.19025,0.11384,0.11819
18.64,2,3.83517,1.99626,2.56141,0.31597,0.61674,0.13853,0.05846
18.66,0,1.66224,2.49606,3.14094,0.50087,0.00002,0.00000,
18.66,1,2.77419,2.43515,3.09045,0.43736,-0.01468,0.11362,0.12819
18.66,2,3.82967,1.99940,2.57375,0.31619,0.61689,0.14190,0.06867
18.68,0,1.65254,2.49607,3.14094,0.46977,-0.00012,0.00000,
18.68,1,2.76603,2.43566,3.09133,0.46358,0.20228,0.11513,0.08830
18.68,2,3.82420,2.00260,2.58479,0.34827,0.48493,0.14335,0.07684
18.7,0,1.64300,2.49607,3.14094,0.48238,0.00008,0.00000,
18.7,1,2.75709,2.43625,3.09576,0.39515,0.20731,0.11570,0.09785
18.7,2,3.81619,2.00757,2.59063,0.54544,0.19733,0.14256,0.08580
18.72,0,1.63331,2.49608,3.14094,0.48425,0.00006,0.00000,
18.72,1,2.74938,2.43688,3.09340,0.42149,-0.30020,0.11763,0.10753
18.72,2,3.80673,2.01339,2.59483,0.53901,0.24679,0.13900,0.05248
18.74,0,1.62366,2.49609,3.14094,0.48084,0.00001,0.00000,
18.74,1,2.74053,2.43729,3.08901,0.40918,-0.13884,0.11841,0.11718
18.74,2,3.79657,2.01953,2.60821,0.57722,0.80329,0.13567,0.06134
18.76,0,1.61416,2.49609,3.14094,0.46791,0.00008,0.00000,
18.76,1,2.73220,2.43767,3.08857,0.41750,0.03714,0.11956,0.12669
18.76,2,3.78680,2.02529,2.61922,0.56042,0.36874,0.13236,0.06968
18.78,0,1.60444,2.49610,3.14094,0.49739,-0.00000,0.00000,
18.78,1,2.72402,2.43807,3.08920,0.40143,0.01140,0.12108,0.13641
18.78,2,3.77659,2.03123,2.62284,0.60600,0.12555,0.12846,0.07786
18.8,0,1.59452,2.49610,3.14094,0.49333,0.00006,0.00000,
18.8,1,2.71592,2.43847,3.08903,0.42157,0.01091,0.12288,0.09840
18.8,2,3.76614,2.03721,2.62662,0.59298,0.24891,0.12427,0.08597
18.82,0,1.58441,2.49611,3.14094,0.51222,-0.00001,0.00000,
18.82,1,2.70966,2.43889,3.08868,0.30267,-0.05894,0.12671,0.10852
18.82,2,3.75608,2.04291,2.63230,0.56813,0.29250,0.11883,0.09225
18.84,0,1.57416,2.49612,3.14094,0.50990,0.00001,0.00000,
18.84,1,2.70318,2.43933,3.08705,0.35948,-0.06248,0.13044,0.11876
18.84,2,3.74627,2.04839,2.63779,0.55853,0.25719,0.11394,0.09875
18.86,0,1.56404,2.49612,3.14095,0.50370,0.00002,0.00000,
18.86,1,2.69493,2.43980,3.08687,0.41751,0.02860,0.13229,0.12888
18.86,2,3.73736,2.05344,2.64269,0.45478,0.51807,0.11172,0.05854
18.88,0,1.55399,2.49613,3.14095,0.50265,0.00002,0.00000,
18.88,1,2.68678,2.44030,3.08760,0.45393,0.01299,0.13417,0.13894
18.88,2,3.73054,2.05768,2.65071,0.37864,0.55105,0.11168,0.02594
18.9,0,1.54392,2.49614,3.14095,0.50417,0.00001,0.00000,
18.9,1,2.67665,2.44086,3.08777,0.54336,0.02518,0.13408,0.09908
18.9,2,3.72590,2.06108,2.65905,0.27684,0.36382,0.11586,0.03609
18.92,0,1.53420,2.49614,3.14094,0.46931,-0.00012,0.00000,
18.92,1,2.66626,2.44142,3.08819,0.48590,0.01060,0.13338,0.10880
18.92,2,3.72087,2.06387,2.66478,0.29435,0.23203,0.12015,0.04649
18.94,0,1.52469,2.49615,3.14094,0.48018,0.00007,0.00000,
18.94,1,2.65735,2.44189,3.08818,0.42361,-0.00556,0.13396,0.11831
18.94,2,3.71591,2.06651,2.67064,0.30462,0.27418,0.12315,0.05542
18.96,0,1.51504,2.49616,3.14095,0.48265,0.00005,0.00000,
18.96,1,2.64953,2.44234,3.08783,0.33374,-0.04190,0.13577,0.12796
18.96,2,3.70980,2.06964,2.67465,0.35829,0.17757,0.12387,0.06324
18.98,0,1.50541,2.49616,3.14095,0.47991,0.00000,0.00000,
18.98,1,2.64235,2.44276,3.08759,0.37937,0.00813,0.13819,0.13758
18.98,2,3.70361,2.07277,2.67864,0.33163,0.22033,0.12391,0.07044
19.0,0,1.49595,2.49617,3.14095,0.47774,0.00003,0.00000,
19.0,1,2.63337,2.44320,3.08813,0.58619,0.07289,0.13865,0.09857
19.0,2,3.69797,2.07558,2.68326,0.30598,0.23166,0.12629,0.07943
19.02,0,1.48615,2.49618,3.14095,0.48135,0.00009,0.00000,
19.02,1,2.62298,2.44364,3.09027,0.51444,0.10965,0.13805,0.10838
19.02,2,3.69093,2.07897,2.68871,0.40457,0.27902,0.12849,0.04837
19.04,0,1.47614,2.49618,3.14095,0.51159,-0.00001,0.00000,
19.04,1,2.61271,2.44404,3.09241,0.51173,0.08913,0.13776,0.11838
19.04,2,3.68372,2.08249,2.69455,0.38233,0.36479,0.13040,0.05865
19.06,0,1.46586,2.49619,3.14095,0.51238,-0.00000,0.00000,
19.06,1,2.60359,2.44445,3.09272,0.37451,-0.06842,0.13890,0.12866
19.06,2,3.67601,2.08630,2.70155,0.51357,0.20987,0.13064,0.06778
19.08,0,1.45571,2.49619,3.14095,0.50372,0.00002,0.00000,
19.08,1,2.59601,2.44488,3.09162,0.47068,-0.02772,0.14145,0.08821
19.08,2,3.66569,2.09119,2.70402,0.58590,0.11350,0.12664,0.07537
19.1,0,1.44568,2.49620,3.14095,0.50107,0.00002,0.00000,
19.1,1,2.58659,2.44531,3.05798,0.43598,-1.84064,0.14205,0.09824
19.1,2,3.65562,2.09590,2.70734,0.52515,0.20715,0.12468,0.08479
19.12,0,1.43564,2.49621,3.14095,0.50286,0.00001,0.00000,
19.12,1,2.57843,2.44573,3.02253,0.42191,-1.57623,0.14391,0.10828
19.12,2,3.64733,2.09994,2.70974,0.44376,0.17701,0.12344,0.09296
19.14,0,1.42557,2.49621,3.14095,0.50414,0.00001,0.00000,
19.14,1,2.56938,2.44650,3.01031,0.48409,0.16413,0.14490,0.11835
19.14,2,3.63913,2.10377,2.71468,0.45902,0.26107,0.12331,0.10204
19.16,0,1.41586,2.49622,3.14095,0.46849,-0.00012,0.00000,
19.16,1,2.55828,2.44794,3.02071,0.64421,0.57498,0.14345,0.08010
19.16,2,3.63075,2.10759,2.71913,0.45905,0.18881,0.12517,0.06998
19.18,0,1.40636,2.49623,3.14095,0.47915,0.00007,0.00000,
19.18,1,2.54602,2.44950,3.02769,0.56172,0.17563,0.14061,0.08959
19.18,2,3.62002,2.11231,2.72563,0.59640,0.41312,0.12569,0.08233
19.2,0,1.39674,2.49623,3.14095,0.48180,0.00004,0.00000,
19.2,1,2.53636,2.45067,3.02958,0.44084,0.07658,0.14053,0.09922
19.2,2,3.61011,2.11705,2.73460,0.54980,0.29033,0.12439,0.09205
19.22,0,1.38713,2.49624,3.14095,0.47918,-0.00000,0.00000,
19.22,1,2.52912,2.45165,3.03039,0.32543,0.00278,0.14286,0.10883
19.22,2,3.60037,2.12137,2.73717,0.48465,-0.02039,0.12101,0.09934
19.24,0,1.37766,2.49625,3.14095,0.48356,0.00001,0.00000,
19.24,1,2.52197,2.45261,3.02927,0.42970,0.12650,0.14514,0.01907
19.24,2,3.59301,2.12496,2.73495,0.40243,-0.05318,0.12003,0.10655
19.26,0,1.36787,2.49625,3.14095,0.49219,0.00004,0.00000,
19.26,1,2.51396,2.45347,3.03901,0.38142,0.49850,0.14689,0.02887
19.26,2,3.58707,2.12782,2.73851,0.23064,0.33082,0.12142,0.01848
19.28,0,1.35772,2.49626,3.14095,0.51448,-0.00002,0.00000,
19.28,1,2.50554,2.45429,3.05203,0.46779,0.60345,0.14859,0.03902
19.28,2,3.58341,2.12953,2.74235,0.19297,0.03361,0.12573,0.02694
19.3,0,1.34746,2.49626,3.14095,0.50929,0.00000,0.00000,
19.3,1,2.49537,2.45522,3.05736,0.53133,0.03681,0.14864,0.04927
19.3,2,3.57907,2.13155,2.73883,0.28598,-0.14381,0.13100,0.03715
19.32,0,1.33738,2.49627,3.14095,0.50130,0.00002,0.00000,
19.32,1,2.48504,2.45613,3.05695,0.51014,-0.00393,0.14837,0.05936
19.32,2,3.57304,2.13395,2.74379,0.39709,0.48092,0.13469,0.00510
19.34,0,1.32737,2.49628,3.14095,0.50058,0.00001,0.00000,
19.34,1,2.47496,2.45699,3.05821,0.50051,0.10926,0.14827,0.06937
19.34,2,3.56551,2.13655,2.75342,0.39732,0.48048,0.13665,0.01522
19.36,0,1.31733,2.49628,3.14095,0.50272,0.00001,0.00000,
19.36,1,2.46513,2.45781,3.06067,0.48795,0.11971,0.14844,0.07940
19.36,2,3.55790,2.13909,2.76329,0.41384,0.49441,0.13829,0.02508
19.38,0,1.30727,2.49629,3.14095,0.50352,0.00001,0.00000,
19.38,1,2.45550,2.45859,3.06273,0.48039,0.09091,0.14885,0.08947
19.38,2,3.54939,2.14232,2.77089,0.51754,0.21628,0.13870,0.03475
19.4,0,1.29735,2.49630,3.14095,0.46491,-0.00020,0.00000,
19.4,1,2.44684,2.45933,3.06398,0.41566,0.06484,0.15008,0.09938
19.4,2,3.53884,2.14647,2.77294,0.58119,0.07718,0.13593,0.04343
19.42,0,1.28794,2.49630,3.14095,0.47572,0.00004,0.00000,
19.42,1,2.43831,2.46002,3.06628,0.38012,0.09948,0.15094,0.00941
19.42,2,3.52846,2.15052,2.77545,0.53171,0.16738,0.13323,0.05199
19.44,0,1.27835,2.49631,3.14095,0.48130,0.00006,0.00000,
19.44,1,2.43055,2.46066,3.06855,0.41404,0.12717,0.15275,0.01900
19.44,2,3.51896,2.15419,2.77924,0.49779,0.19383,0.13073,0.05978
19.46,0,1.26874,2.49632,3.14095,0.47947,0.00000,0.00000,
19.46,1,2.42168,2.46135,3.07095,0.46675,0.11385,0.15347,0.02862
19.46,2,3.51010,2.15766,2.78194,0.47195,0.14412,0.12999,0.06868
19.48,0,1.25940,2.49632,3.14095,0.47282,0.00006,0.00000,
19.48,1,2.41117,2.46212,3.07254,0.55329,0.06257,0.15229,0.03796
19.48,2,3.50112,2.16107,2.78545,0.48398,0.18263,0.13076,0.07921
19.5,0,1.24938,2.49633,3.14095,0.51623,-0.00005,0.00000,
19.5,1,2.40047,2.46288,3.07398,0.53129,0.07231,0.15158,0.04798
19.5,2,3.49422,2.16383,2.78941,0.29645,0.15025,0.13390,0.04228
19.52,0,1.23903,2.49634,3.14095,0.51340,-0.00000,0.00000,
19.52,1,2.39016,2.46358,3.07548,0.50441,0.07710,0.15159,0.05832
19.52,2,3.48785,2.16629,2.79355,0.38578,0.21538,0.13724,0.05262
19.54,0,1.22892,2.49634,3.14095,0.49989,0.00002,0.00000,
19.54,1,2.38029,2.46423,3.07702,0.48956,0.07580,0.15181,0.06843
19.54,2,3.47941,2.16928,2.79948,0.45854,0.47857,0.13801,0.01499
19.56,0,1.21898,2.49635,3.14095,0.49695,0.00001,0.00000,
19.56,1,2.37098,2.46486,3.07839,0.42833,0.03524,0.15243,0.03040
19.56,2,3.47183,2.17210,2.81292,0.40611,0.60804,0.13911,0.02432
19.58,0,1.20900,2.49635,3.14095,0.50009,0.00000,0.00000,
19.58,1,2.36241,2.46551,3.07900,0.43596,0.01580,0.15382,0.04037
19.58,2,3.46291,2.17523,2.81771,0.52850,0.01848,0.13813,0.03291
19.6,0,1.19898,2.49636,3.14095,0.50182,0.00001,0.00000,
19.6,1,2.35300,2.46615,3.07957,0.50126,0.04996,0.15442,0.05040
19.6,2,3.45229,2.17880,2.81748,0.56734,0.02609,0.13622,0.04235
19.62,0,1.18894,2.49637,3.14095,0.50138,0.00001,0.00000,
19.62,1,2.34303,2.46679,3.08126,0.53683,0.08275,0.15446,0.06043
19.62,2,3.44190,2.18228,2.81954,0.52865,0.14936,0.13510,0.05234
19.64,0,1.17892,2.49637,3.14095,0.50075,0.00001,0.00000,
19.64,1,2.33185,2.46747,3.08267,0.56125,0.06447,0.15329,0.07045
19.64,2,3.43134,2.18583,2.82482,0.58820,0.30749,0.13499,0.01636
19.66,0,1.16941,2.49638,3.14095,0.46803,-0.00007,0.00000,
19.66,1,2.31954,2.46813,3.08429,0.67034,0.12275,0.15048,0.02956
19.66,2,3.42024,2.18949,2.82886,0.56489,0.12428,0.13542,0.02868
19.68,0,1.15993,2.49639,3.14095,0.47808,0.00007,0.00000,
19.68,1,2.30566,2.46882,3.08646,0.68564,0.07038,0.14606,0.03905
19.68,2,3.41011,2.19278,2.83070,0.51062,0.08828,0.13842,0.04258
19.7,0,1.15034,2.49639,3.14095,0.47911,0.00003,0.00000,
19.7,1,2.29318,2.46948,3.08715,0.57164,0.03094,0.14315,0.04863
19.7,2,3.40057,2.19585,2.83284,0.49916,0.12177,0.14070,0.05508
19.72,0,1.14098,2.49640,3.14095,0.45802,0.00011,0.00000,
19.72,1,2.28329,2.47008,3.08767,0.37898,-0.01786,0.14261,0.05800
19.72,2,3.39159,2.19884,2.83412,0.44411,0.02477,0.14101,0.06499
19.74,0,1.13117,2.49640,3.14095,0.51039,-0.00005,0.00000,
19.74,1,2.27542,2.47065,3.08643,0.40436,-0.06553,0.14453,0.06780
19.74,2,3.38293,2.20168,2.83650,0.46287,0.16498,0.13970,0.07288
19.76,0,1.12085,2.49641,3.14095,0.51458,-0.00002,0.00000,
19.76,1,2.26677,2.47114,3.08682,0.45540,0.07866,0.14619,0.07812
19.76,2,3.37412,2.20449,2.83959,0.45840,0.13212,0.13900,0.08154
19.78,0,1.11072,2.49642,3.14095,0.50040,0.00002,0.00000,
19.78,1,2.25792,2.47163,3.08900,0.45658,0.10597,0.14747,0.08826
19.78,2,3.36552,2.20718,2.84174,0.44388,0.09478,0.13873,0.09040
19.8,0,1.10079,2.49642,3.14095,0.49522,0.00001,0.00000,
19.8,1,2.24789,2.47216,3.09035,0.52161,0.04579,0.14735,0.09819
19.8,2,3.35720,2.20976,2.84378,0.42317,0.12999,0.13993,0.10045
19.82,0,1.09086,2.49643,3.14095,0.49793,0.00000,0.00000,
19.82,1,2.23573,2.47277,3.09150,0.64120,0.07929,0.14511,0.05948
19.82,2,3.34887,2.21232,2.84592,0.44342,0.09349,0.14321,0.11263
19.84,0,1.08087,2.49644,3.14095,0.50020,0.00000,0.00000,
19.84,1,2.22375,2.47340,3.09301,0.58267,0.05785,0.14311,0.06947
19.84,2,3.34039,2.21490,2.84772,0.44012,0.09090,0.14617,0.12462
19.86,0,1.07087,2.49644,3.14095,0.50003,0.00001,0.00000,
19.86,1,2.21334,2.47395,3.09380,0.40463,-0.00368,0.14269,0.07948
19.86,2,3.33198,2.21742,2.85296,0.40022,0.28883,0.14768,0.07451
19.88,0,1.06088,2.49645,3.14095,0.49932,0.00001,0.00000,
19.88,1,2.20628,2.47448,3.09315,0.35171,-0.03906,0.14562,0.08947
19.88,2,3.32381,2.21978,2.85688,0.46130,0.10949,0.14618,0.08159
19.9,0,1.05089,2.49646,3.14095,0.49917,0.00000,0.00000,
19.9,1,2.19887,2.47500,3.09250,0.39399,0.00760,0.14818,0.09945
19.9,2,3.31427,2.22259,2.85816,0.51429,0.05533,0.14360,0.08901
19.92,0,1.04091,2.49646,3.14095,0.49934,0.00000,0.00000,
19.92,1,2.19113,2.47540,3.09389,0.41836,0.09252,0.15041,0.10944
19.92,2,3.30498,2.22541,2.86082,0.40756,0.21436,0.14156,0.00389
19.94,0,1.03092,2.49647,3.14095,0.49943,0.00000,0.00000,
19.94,1,2.18168,2.47584,3.09537,0.49437,0.05667,0.15094,0.11942
19.94,2,3.29955,2.22745,2.86593,0.21013,0.16126,0.14514,0.01335
19.96,0,1.02143,2.49648,3.14095,0.46698,-0.00007,0.00000,
19.96,1,2.17212,2.47627,3.09632,0.45727,0.04589,0.15087,0.07936
19.96,2,3.29730,2.22896,2.86729,0.09117,0.03671,0.15203,0.02291
19.98,0,1.01197,2.49648,3.14095,0.47674,0.00007,0.00000,
19.98,1,2.15863,2.47669,3.09799,0.64967,0.11934,0.14683,0.08882
19.98,2,3.29507,2.23039,2.86317,0.18828,-0.38667,0.16282,0.03641
20.0,0,1.00241,2.49649,3.14095,0.47768,0.00003,0.00000,
20.0,1,2.14564,2.47710,3.10038,0.64968,0.11926,0.14339,0.04848
20.0,2,3.29009,2.23202,2.86130,0.29499,0.22073,0.17040,0.04941
20.02,0,0.99300,2.49649,3.14095,0.47774,0.00001,0.00000,
20.02,1,2.13346,2.47749,3.10157,0.59447,0.01963,0.14061,0.05789
20.02,2,3.28395,2.23365,2.87104,0.31985,0.52528,0.17605,0.06160
20.04,0,0.98326,2.49650,3.14095,0.50726,-0.00004,0.00000,
20.04,1,2.12453,2.47793,3.10094,0.40023,-0.05891,0.14142,0.06763
20.04,2,3.27745,2.23564,2.87746,0.36864,0.09021,0.17811,0.07054
20.06,0,0.97297,2.49651,3.14095,0.51405,-0.00002,0.00000,
20.06,1,2.11628,2.47844,3.09867,0.42749,-0.09096,0.14345,0.07792
20.06,2,3.26971,2.23780,2.87718,0.40642,0.00443,0.17827,0.07880
20.08,0,0.96283,2.49651,3.14095,0.50101,0.00001,0.00000,
20.08,1,2.10780,2.47880,3.09902,0.48171,0.09010,0.14511,0.03958
20.08,2,3.26158,2.23997,2.87806,0.42411,0.08032,0.17824,0.08728
20.1,0,0.95289,2.49652,3.14095,0.49538,0.00001,0.00000,
20.1,1,2.09579,2.47915,3.10246,0.59962,0.22891,0.14303,0.04952
20.1,2,3.25357,2.24210,2.88013,0.40484,0.11104,0.18179,0.09930
20.12,0,0.94297,2.49653,3.14095,0.49763,0.00000,0.00000,
20.12,1,2.08417,2.47975,3.10733,0.45104,0.21886,0.14133,0.00993
20.12,2,3.24592,2.24412,2.88219,0.39013,0.09476,0.18540,0.11093
20.14,0,0.93299,2.49653,3.14095,0.49990,0.00000,0.00000,
20.14,1,2.07711,2.48044,3.10095,0.29380,-0.60514,0.14424,0.01991
20.14,2,3.23842,2.24611,2.88395,0.38690,0.08394,0.18471,0.11801
20.16,0,0.92299,2.49654,3.14095,0.49987,0.00000,0.00000,
20.16,1,2.07316,2.48110,3.08421,0.16575,-0.87422,0.15028,0.02991
20.16,2,3.23096,2.24807,2.88561,0.38410,0.08355,0.18102,0.12199
20.18,0,0.91300,2.49654,3.14095,0.49920,0.00000,0.00000,
20.18,1,2.06929,2.48149,3.07258,0.25445,-0.04813,0.15639,0.03990
20.18,2,3.22365,2.25000,2.88715,0.34937,0.01867,0.17734,0.12588
20.2,0,0.90301,2.49655,3.14095,0.49902,0.00000,0.00000,
20.2,1,2.06264,2.48188,3.07901,0.37094,0.37773,0.15972,0.04988
20.2,2,3.21552,2.25192,2.88858,0.54540,0.20833,0.17558,0.02728
20.22,0,0.89303,2.49656,3.14095,0.49917,0.00000,0.00000,
20.22,1,2.05419,2.48228,3.07614,0.43666,-0.21379,0.16125,0.05986
20.22,2,3.20582,2.25404,2.89523,0.42201,0.51636,0.17403,0.03574
20.24,0,0.88305,2.49656,3.14095,0.49926,0.00000,0.00000,
20.24,1,2.04531,2.48244,3.07667,0.42958,0.22037,0.16235,0.06985
20.24,2,3.19731,2.25645,2.89847,0.49263,-0.24938,0.17396,0.04461
20.26,0,0.87306,2.49657,3.14095,0.49925,0.00000,0.00000,
20.26,1,2.03515,2.48299,3.08103,0.55587,0.17582,0.16216,0.07983
20.26,2,3.18718,2.25915,2.89273,0.47858,-0.40065,0.17358,0.02340
20.28,0,0.86330,2.49658,3.14095,0.46243,-0.00018,0.00000,
20.28,1,2.02397,2.48371,3.08340,0.54721,0.08800,0.16074,0.08959
20.28,2,3.17924,2.26137,2.87930,0.40142,-1.04466,0.17647,0.03460
20.3,0,0.85393,2.49658,3.14095,0.47361,0.00004,0.00000,
20.3,1,2.01419,2.48436,3.08499,0.47959,0.09490,0.16032,0.09896
20.3,2,3.17203,2.26344,2.86418,0.32700,-0.56016,0.17873,0.04440
20.32,0,0.84439,2.49659,3.14095,0.47808,0.00005,0.00000,
20.32,1,2.00503,2.48492,3.08694,0.43556,0.09259,0.16070,0.10850
20.32,2,3.16380,2.26581,2.84579,0.47072,-0.73572,0.17930,0.05357
20.34,0,0.83501,2.49660,3.14095,0.45044,0.00014,0.00000,
20.34,1,1.99620,2.48543,3.08885,0.44737,0.09458,0.16125,0.11789
20.34,2,3.15522,2.26843,2.84296,0.45060,-0.03166,0.17916,0.06242
20.36,0,0.82532,2.49660,3.14095,0.50630,-0.00005,0.00000,
20.36,1,1.98726,2.48591,3.09064,0.44539,0.08552,0.16199,0.12757
20.36,2,3.14668,2.27137,2.84237,0.45393,0.01196,0.17910,0.07137
20.38,0,0.81504,2.49661,3.14095,0.51435,-0.00003,0.00000,
20.38,1,1.97849,2.48635,3.09230,0.43375,0.08169,0.16350,0.13786
20.38,2,3.13823,2.27409,2.85008,0.40661,0.48157,0.17901,0.03100
20.4,0,0.80490,2.49661,3.14095,0.50022,0.00002,0.00000,
20.4,1,1.96969,2.48678,3.09413,0.42325,0.14492,0.16483,0.04903
20.4,2,3.13008,2.27639,2.85804,0.42301,0.19060,0.17931,0.03982
20.42,0,0.79499,2.49662,3.14095,0.49393,0.00001,0.00000,
20.42,1,1.96281,2.48715,3.09574,0.33901,0.00660,0.16787,0.05895
20.42,2,3.12090,2.27914,2.86137,0.51131,0.16586,0.17662,0.04670
20.44,0,0.78509,2.49663,3.14095,0.49631,0.00000,0.00000,
20.44,1,1.95483,2.48755,3.09586,0.45645,0.03271,0.16977,0.06884
20.44,2,3.11165,2.28204,2.86712,0.49895,0.29275,0.17494,0.05470
20.46,0,0.77513,2.49663,3.14095,0.49882,0.00000,0.00000,
20.46,1,1.94522,2.48800,3.09739,0.47182,0.10662,0.17012,0.07880
20.46,2,3.10118,2.28510,2.87094,0.56457,0.14121,0.17363,0.06431
20.48,0,0.76515,2.49664,3.14095,0.49881,0.00000,0.00000,
20.48,1,1.93500,2.48847,3.09918,0.52835,0.07648,0.16988,0.08878
20.48,2,3.09055,2.28807,2.87390,0.53410,0.16456,0.17280,0.07455
20.5,0,0.75518,2.49665,3.14095,0.49808,0.00000,0.00000,
20.5,1,1.92465,2.48892,3.10057,0.50274,0.06675,0.16950,0.09875
20.5,2,3.08065,2.29078,2.87752,0.50020,0.18827,0.17285,0.08490
20.52,0,0.74522,2.49665,3.14095,0.49788,0.00000,0.00000,
20.52,1,1.91497,2.48932,3.10193,0.47323,0.06933,0.16977,0.10871
20.52,2,3.07214,2.29325,2.87978,0.44246,0.16765,0.17366,0.09459
20.54,0,0.73527,2.49666,3.14095,0.49804,0.00000,0.00000,
20.54,1,1.90659,2.48968,3.10307,0.41097,0.06211,0.17134,0.11867
20.54,2,3.06317,2.29568,2.88519,0.43037,0.43423,0.17274,0.01316
20.56,0,0.72530,2.49667,3.14095,0.49814,0.00000,0.00000,
20.56,1,1.89808,2.49002,3.10449,0.43382,0.07285,0.17280,0.07960
20.56,2,3.05477,2.29790,2.89262,0.45844,0.32855,0.17253,0.02168
20.58,0,0.71534,2.49667,3.14095,0.49812,0.00000,0.00000,
20.58,1,1.89067,2.49036,3.10471,0.33315,-0.04847,0.17534,0.08956
20.58,2,3.04533,2.30038,2.89751,0.49286,0.23634,0.17019,0.02910
20.6,0,0.70538,2.49668,3.14095,0.49809,0.00000,0.00000,
20.6,1,1.88278,2.49067,3.09553,0.43668,-0.33139,0.17741,0.04980
20.6,2,3.03461,2.30314,2.90038,0.58325,0.10430,0.16700,0.03700
20.62,0,0.69542,2.49668,3.14095,0.49808,0.00000,0.00000,
20.62,1,1.87350,2.49093,3.09666,0.49678,0.24427,0.17810,0.05977
20.62,2,3.02329,2.30594,2.90292,0.60956,0.18559,0.16457,0.00468
20.64,0,0.68546,2.49669,3.14095,0.49809,0.00000,0.00000,
20.64,1,1.86245,2.49134,3.10085,0.57468,0.13851,0.17701,0.06973
20.64,2,3.01099,2.30896,2.90798,0.62069,0.26122,0.16292,0.01573
20.66,0,0.67593,2.49670,3.14095,0.46465,-0.00010,0.00000,
20.66,1,1.85141,2.49178,3.10235,0.54357,0.04172,0.17549,0.07926
20.66,2,2.99937,2.31176,2.91160,0.57288,0.13267,0.16199,0.02679
20.68,0,0.66651,2.49670,3.14095,0.47500,0.00006,0.00000,
20.68,1,1.84079,2.49221,3.10327,0.52125,0.05818,0.17429,0.08867
20.68,2,2.98892,2.31427,2.91355,0.45854,-0.03076,0.16184,0.03742
20.7,0,0.65698,2.49671,3.14095,0.47672,0.00003,0.00000,
20.7,1,1.83053,2.49260,3.10470,0.50883,0.07813,0.17356,0.09821
20.7,2,2.98050,2.31654,2.91324,0.44348,0.00413,0.16337,0.04768
20.72,0,0.64769,2.49672,3.14095,0.47615,0.00003,0.00000,
20.72,1,1.82093,2.49298,3.10607,0.43316,0.05457,0.17325,0.10749
20.72,2,2.97153,2.31869,2.91489,0.47425,0.14535,0.16372,0.05729
20.74,0,0.63766,2.49672,3.14095,0.51427,-0.00006,0.00000,
20.74,1,1.81201,2.49331,3.10736,0.45656,0.07039,0.17436,0.11752
20.74,2,2.96222,2.32082,2.91830,0.47523,0.17173,0.16307,0.06621
20.76,0,0.62740,2.49673,3.14095,0.50820,-0.00000,0.00000,
20.76,1,1.80282,2.49364,3.10876,0.45824,0.06668,0.17543,0.12779
20.76,2,2.95327,2.32286,2.92194,0.47335,0.13898,0.16305,0.07541
20.78,0,0.61739,2.49673,3.14095,0.49532,0.00002,0.00000,
20.78,1,1.79374,2.49393,3.11011,0.47043,0.08911,0.17636,0.03959
20.78,2,2.94382,2.32497,2.92420,0.48569,0.10808,0.16242,0.08449
20.8,0,0.60752,2.49674,3.14095,0.49352,0.00000,0.00000,
20.8,1,1.78576,2.49418,3.11248,0.39779,0.10567,0.17824,0.04946
20.8,2,2.93452,2.32703,2.92660,0.46644,0.12954,0.16087,0.09248
20.82,0,0.59761,2.49675,3.14095,0.49679,-0.00000,0.00000,
20.82,1,1.77662,2.49443,3.11385,0.50458,0.04492,0.17901,0.05936
20.82,2,2.92559,2.32898,2.92925,0.45171,0.13130,0.16082,0.10162
20.84,0,0.58766,2.49675,3.14095,0.49822,0.00000,0.00000,
20.84,1,1.76603,2.49471,3.11464,0.53496,0.04156,0.17837,0.06932
20.84,2,2.91682,2.33087,2.93176,0.44720,0.12145,0.16239,0.11222
20.86,0,0.57770,2.49676,3.14095,0.49766,0.00000,0.00000,
20.86,1,1.75590,2.49498,3.11568,0.50341,0.05515,0.17820,0.07928
20.86,2,2.90811,2.33272,2.93412,0.44314,0.11597,0.16358,0.12235
20.88,0,0.56775,2.49677,3.14095,0.49709,0.00000,0.00000,
20.88,1,1.74562,2.49524,3.11673,0.51734,0.05030,0.17787,0.08923
20.88,2,2.90036,2.33447,2.93538,0.38738,0.09047,0.16588,0.13263
20.9,0,0.55781,2.49677,3.14095,0.49709,0.00000,0.00000,
20.9,1,1.73540,2.49550,3.11771,0.50363,0.04797,0.17759,0.09917
20.9,2,2.89240,2.33615,2.93833,0.39752,0.24319,0.16791,0.09010
20.92,0,0.54786,2.49678,3.14095,0.49726,0.00000,0.00000,
20.92,1,1.72548,2.49574,3.11877,0.50233,0.08980,0.17761,0.00994
20.92,2,2.88546,2.33772,2.94447,0.43439,0.32249,0.17070,0.00494
20.94,0,0.53792,2.49679,3.14095,0.49731,0.00000,0.00000,
20.94,1,1.71537,2.49597,3.12059,0.51346,0.06854,0.17745,0.01989
20.94,2,2.87787,2.33919,2.95107,0.39748,0.27107,0.17302,0.01506
20.96,0,0.52797,2.49679,3.14095,0.49727,0.00000,0.00000,
20.96,1,1.70538,2.49619,3.12161,0.53298,0.03932,0.17741,0.02984
20.96,2,2.86841,2.34109,2.95411,0.53187,0.11582,0.17332,0.02505
20.98,0,0.51803,2.49680,3.14095,0.49725,0.00000,0.00000,
20.98,1,1.69365,2.49643,3.12227,0.60867,0.03260,0.17562,0.03978
20.98,2,2.85703,2.34333,2.95600,0.57761,0.12568,0.17342,0.03678
21.0,0,0.50808,2.49680,3.14095,0.49725,0.00000,0.00000,
21.0,1,1.68177,2.49666,3.12300,0.57375,0.03912,0.17369,0.04973
21.0,2,2.84528,2.34557,2.95795,0.60070,0.08651,0.17328,0.04866
21.02,0,0.49814,2.49681,3.14095,0.49726,0.00000,0.00000,
21.02,1,1.67077,2.49686,3.12380,0.53563,0.03950,0.17263,0.05967
21.02,2,2.83381,2.34770,2.95979,0.56684,0.09824,0.17256,0.05966
21.04,0,0.48819,2.49682,3.14095,0.49726,0.00000,0.00000,
21.04,1,1.66016,2.49705,3.12456,0.53010,0.03705,0.17197,0.06962
21.04,2,2.82391,2.34965,2.96048,0.47890,0.04122,0.17305,0.07028
21.06,0,0.47825,2.49682,3.14095,0.49726,0.00000,0.00000,
21.06,1,1.65035,2.49723,3.12519,0.46269,0.03015,0.17211,0.07956
21.06,2,2.81424,2.35148,2.96261,0.50178,0.13661,0.17297,0.08008
21.08,0,0.46830,2.49683,3.14095,0.49726,0.00000,0.00000,
21.08,1,1.63815,2.49739,3.12591,0.64357,0.03734,0.16985,0.03978
21.08,2,2.80419,2.35326,2.96692,0.46412,0.27338,0.17491,0.03803
21.1,0,0.45836,2.49684,3.14095,0.49726,0.00000,0.00000,
21.1,1,1.62707,2.49756,3.12748,0.56713,0.08524,0.16872,0.04973
21.1,2,2.79476,2.35491,2.97071,0.51156,0.11207,0.17636,0.04911
21.12,0,0.44841,2.49684,3.14095,0.49726,0.00000,0.00000,
21.12,1,1.61518,2.49773,3.12850,0.55929,0.02178,0.16677,0.05967
21.12,2,2.78412,2.35676,2.97237,0.52117,0.13189,0.17740,0.06100
21.14,0,0.43914,2.49685,3.14095,0.46872,-0.00001,0.00000,
21.14,1,1.60552,2.49789,3.12870,0.48039,0.01046,0.16638,0.06894
21.14,2,2.77269,2.35877,2.97413,0.61212,0.06656,0.17543,0.07066
21.16,0,0.42967,2.49686,3.14095,0.47597,0.00006,0.00000,
21.16,1,1.59582,2.49803,3.12911,0.48821,0.02825,0.16615,0.07841
21.16,2,2.76067,2.36081,2.97555,0.59649,0.07999,0.17290,0.08036
21.18,0,0.42026,2.49686,3.14095,0.44233,0.00018,0.00000,
21.18,1,1.58609,2.49815,3.12974,0.48374,0.03158,0.16583,0.08783
21.18,2,2.74936,2.36271,2.97731,0.55706,0.09066,0.17113,0.09010
21.2,0,0.41071,2.49687,3.14095,0.50156,-0.00005,0.00000,
21.2,1,1.57669,2.49826,3.13035,0.48762,0.02731,0.16598,0.09737
21.2,2,2.73862,2.36450,2.97894,0.50333,0.02209,0.16960,0.09950
21.22,0,0.40046,2.49687,3.14095,0.51392,-0.00004,0.00000,
21.22,1,1.56667,2.49838,3.13085,0.50328,0.02434,0.16621,0.10762
21.22,2,2.72855,2.36622,2.98009,0.51830,0.08486,0.16937,0.10951
21.24,0,0.39033,2.49688,3.14095,0.49999,0.00001,0.00000,
21.24,1,1.55682,2.49848,3.13135,0.48205,0.02520,0.16649,0.11775
21.24,2,2.71791,2.36793,2.98234,0.55265,0.20428,0.16840,0.06435
21.26,0,0.38043,2.49689,3.14095,0.49249,0.00001,0.00000,
21.26,1,1.54739,2.49858,3.13185,0.46568,0.02481,0.16695,0.12765
21.26,2,2.70813,2.36946,2.98748,0.49071,0.20673,0.16790,0.07379
21.28,0,0.37057,2.49689,3.14095,0.49449,0.00000,0.00000,
21.28,1,1.53758,2.49867,3.13246,0.49125,0.04550,0.16702,0.04014
21.28,2,2.69758,2.37107,2.98952,0.56851,0.04026,0.16700,0.08359
21.3,0,0.36065,2.49690,3.14095,0.49723,0.00000,0.00000,
21.3,1,1.52806,2.49875,3.13331,0.48555,0.03293,0.16741,0.05006
21.3,2,2.68598,2.37283,2.99017,0.58930,0.04449,0.16475,0.09312
21.32,0,0.35070,2.49691,3.14095,0.49741,0.00000,0.00000,
21.32,1,1.51780,2.49884,3.13373,0.53141,0.01497,0.16711,0.06001
21.32,2,2.67463,2.37456,2.99150,0.55997,0.07936,0.16348,0.10338
21.34,0,0.34076,2.49691,3.14095,0.49666,0.00000,0.00000,
21.34,1,1.50709,2.49892,3.13404,0.53157,0.01722,0.16634,0.06995
21.34,2,2.66391,2.37619,2.99333,0.54642,0.07843,0.16330,0.11408
21.36,0,0.33083,2.49692,3.14095,0.49640,0.00000,0.00000,
21.36,1,1.49671,2.49900,3.13443,0.50899,0.02066,0.16589,0.07988
21.36,2,2.65260,2.37788,2.99506,0.63785,0.16358,0.16222,0.02633
21.38,0,0.32090,2.49692,3.14095,0.49655,0.00000,0.00000,
21.38,1,1.48669,2.49907,3.13483,0.49647,0.01952,0.16580,0.08981
21.38,2,2.63958,2.37984,2.99940,0.65866,0.17280,0.15904,0.03635
21.4,0,0.31097,2.49693,3.14095,0.49666,0.00000,0.00000,
21.4,1,1.47681,2.49914,3.13520,0.49255,0.01797,0.16585,0.09974
21.4,2,2.62708,2.38167,3.00106,0.60063,0.03741,0.15625,0.04624
21.42,0,0.30103,2.49694,3.14095,0.49665,0.00000,0.00000,
21.42,1,1.46750,2.49920,3.13554,0.45651,0.01700,0.16647,0.10968
21.42,2,2.61607,2.38328,3.00148,0.46821,-0.06612,0.15440,0.05555
21.44,0,0.29110,2.49694,3.14095,0.49661,0.00000,0.00000,
21.44,1,1.45830,2.49925,3.13589,0.46138,0.01772,0.16720,0.11961
21.44,2,2.60785,2.38480,2.99847,0.42214,-0.21869,0.15523,0.06475
21.46,0,0.28117,2.49695,3.14095,0.49661,0.00000,0.00000,
21.46,1,1.44886,2.49931,3.13634,0.42872,0.02756,0.16769,0.02980
21.46,2,2.59907,2.38620,2.99606,0.46441,0.00850,0.15576,0.07419
21.48,0,0.27124,2.49696,3.14095,0.49662,0.00000,0.00000,
21.48,1,1.44025,2.49935,3.13678,0.45798,0.01698,0.16902,0.03973
21.48,2,2.59001,2.38754,2.99905,0.50711,0.15366,0.15519,0.08280
21.5,0,0.26130,2.49696,3.14095,0.49662,0.00000,0.00000,
21.5,1,1.43059,2.49940,3.13706,0.49868,0.01361,0.16929,0.04966
21.5,2,2.57936,2.38904,3.00108,0.54275,0.06763,0.15406,0.09246
21.52,0,0.25137,2.49697,3.14095,0.49662,0.00000,0.00000,
21.52,1,1.41765,2.49944,3.13733,0.74399,0.01485,0.16628,0.00993
21.52,2,2.56906,2.39050,3.00225,0.49918,0.06090,0.15655,0.10540
21.54,0,0.24144,2.49698,3.14095,0.49662,0.00000,0.00000,
21.54,1,1.40339,2.49949,3.13765,0.68753,0.01699,0.16196,0.01986
21.54,2,2.55851,2.39187,3.00464,0.53156,0.17015,0.16012,0.02171
21.56,0,0.23151,2.49698,3.14095,0.49662,0.00000,0.00000,
21.56,1,1.39031,2.49954,3.13796,0.63711,0.01172,0.15881,0.02980
21.56,2,2.54817,2.39326,3.00586,0.52124,0.06128,0.16273,0.03479
21.58,0,0.22157,2.49699,3.14095,0.49662,0.00000,0.00000,
21.58,1,1.38040,2.49958,3.13810,0.46106,0.00721,0.15883,0.03973
21.58,2,2.53763,2.39466,3.00823,0.57227,0.13246,0.16198,0.04470
21.6,0,0.21164,2.49699,3.14095,0.49662,0.00000,0.00000,
21.6,1,1.37106,2.49962,3.13826,0.47906,0.00931,0.15942,0.04966
21.6,2,2.52469,2.39642,3.01000,0.69162,0.06515,0.15824,0.05404
21.62,0,0.20171,2.49700,3.14095,0.49662,0.00000,0.00000,
21.62,1,1.36117,2.49965,3.13849,0.50191,0.01239,0.15946,0.05959
21.62,2,2.51121,2.39823,3.01135,0.65711,0.07515,0.15450,0.06393
21.64,0,0.19178,2.49701,3.14095,0.49662,0.00000,0.00000,
21.64,1,1.35143,2.49969,3.13875,0.52062,0.01183,0.15965,0.06953
21.64,2,2.49881,2.39987,3.01301,0.60577,0.08590,0.15171,0.07367
21.66,0,0.18184,2.49701,3.14095,0.49662,0.00000,0.00000,
21.66,1,1.34067,2.49972,3.13896,0.53869,0.01051,0.15882,0.07946
21.66,2,2.48720,2.40141,3.01436,0.51349,-0.01723,0.15074,0.08443
21.68,0,0.17191,2.49702,3.14095,0.49662,0.00000,0.00000,
21.68,1,1.33024,2.49974,3.13918,0.50581,0.01065,0.15833,0.08939
21.68,2,2.47668,2.40286,3.01513,0.54673,0.08134,0.15053,0.09486
21.7,0,0.16198,2.49703,3.14095,0.49662,0.00000,0.00000,
21.7,1,1.32038,2.49977,3.13939,0.48631,0.01048,0.15840,0.09932
21.7,2,2.46565,2.40429,3.01708,0.55759,0.09567,0.14925,0.10472
21.72,0,0.15234,2.49703,3.14095,0.46121,-0.00015,0.00000,
21.72,1,1.30801,2.49979,3.13958,0.70047,0.00932,0.15567,0.00964
21.72,2,2.45496,2.40567,3.01907,0.55769,0.06776,0.15081,0.11709
21.74,0,0.14299,2.49704,3.14095,0.47221,0.00005,0.00000,
21.74,1,1.29488,2.49981,3.13978,0.56972,0.01151,0.15189,0.01899
21.74,2,2.44364,2.40708,3.02007,0.57122,0.04751,0.15250,0.13022
21.76,0,0.13349,2.49704,3.14095,0.47565,0.00004,0.00000,
21.76,1,1.28366,2.49983,3.14000,0.57229,0.00909,0.15017,0.02849
21.76,2,2.43293,2.40843,3.02137,0.42428,0.11599,0.15289,0.08250
21.78,0,0.12423,2.49705,3.14096,0.47536,0.00003,0.00000,
21.78,1,1.27512,2.49985,3.14013,0.40327,0.00598,0.15089,0.03775
21.78,2,2.42741,2.40966,3.02527,0.19016,0.17048,0.15582,0.09105
21.8,0,0.11421,2.49706,3.14095,0.51332,-0.00007,0.00000,
21.8,1,1.26695,2.49986,3.14025,0.42280,0.00622,0.15274,0.04777
21.8,2,2.42555,2.41071,3.02751,0.05584,0.11970,0.16202,0.04806
21.82,0,0.10397,2.49706,3.14095,0.50699,-0.00001,0.00000,
21.82,1,1.25838,2.49988,3.14040,0.43690,0.00853,0.15441,0.05801
21.82,2,2.42472,2.41160,3.03108,0.01203,0.53127,0.16967,0.05663
21.84,0,0.09399,2.49707,3.14095,0.49410,0.00002,0.00000,
21.84,1,1.24797,2.49989,3.14056,0.56356,0.00760,0.15399,0.06799
21.84,2,2.41959,2.41245,3.05530,0.31745,0.95600,0.17488,0.06704
21.86,0,0.08414,2.49708,3.14095,0.49237,0.00000,0.00000,
21.86,1,1.23681,2.49991,3.14071,0.53890,0.00747,0.15267,0.07784
21.86,2,2.41388,2.41343,3.07615,0.28391,1.04238,0.18024,0.07820
21.88,0,0.07426,2.49708,3.14095,0.49566,-0.00000,0.00000,
21.88,1,1.22663,2.49992,3.14086,0.48893,0.00737,0.15238,0.08772
21.88,2,2.40807,2.41404,3.09876,0.30774,1.27942,0.18455,0.08838
21.9,0,0.06432,2.49709,3.14095,0.49708,0.00000,0.00000,
21.9,1,1.21702,2.49992,3.14100,0.47897,0.00710,0.15270,0.09765
21.9,2,2.40139,2.41379,3.12298,0.39746,0.76930,0.18750,0.09799
21.92,0,0.05439,2.49710,3.14095,0.49651,0.00000,0.00000,
21.92,1,1.20849,2.49993,3.14114,0.42934,0.00697,0.15410,0.10759
21.92,2,2.39103,2.41402,3.13215,0.53933,1.27253,0.18566,0.05410
21.94,0,0.04447,2.49710,3.14095,0.49594,0.00000,0.00000,
21.94,1,1.19966,2.49993,3.14128,0.44649,0.00672,0.15520,0.11751
21.94,2,2.38079,2.41422,-3.12255,0.49289,1.20439,0.18424,0.06293
21.96,0,0.03455,2.49711,3.14095,0.49595,0.00000,0.00000,
21.96,1,1.18965,2.49994,-3.12258,0.50820,1.92543,0.15510,0.07966
21.96,2,2.37337,2.41396,-3.10712,0.29418,0.52061,0.18684,0.07294
21.98,0,0.02463,2.49711,3.14095,0.49612,0.00000,0.00000,
21.98,1,1.18021,2.49994,-3.08422,0.46935,1.91746,0.15559,0.08959
21.98,2,2.36644,2.41397,-3.10703,0.38841,-0.34475,0.18934,0.08237
22.0,0,0.01470,2.49712,3.14095,0.49616,0.00000,0.00000,
22.0,1,1.17081,2.49959,-3.06163,0.48387,0.21028,0.15611,0.09951
22.0,2,2.35862,2.41387,-3.11349,0.46891,0.21791,0.19090,0.04190
22.02,0,0.00478,2.49713,3.14095,0.49612,0.00000,0.00000,
22.02,1,1.16082,2.49886,-3.06999,0.50877,-0.61362,0.15604,0.10943
22.02,2,2.34857,2.41372,-3.10782,0.55029,-0.23498,0.19080,0.00507
22.04,0,-0.00514,2.49713,3.14095,0.49610,0.00000,0.00000,
22.04,1,1.15076,2.49814,-3.07816,0.49677,-0.21014,0.15590,0.11935
22.04,2,2.33721,2.41353,-3.09928,0.63061,1.01767,0.18946,0.01515
22.06,0,-0.01506,2.49714,3.14095,0.49610,0.00000,0.00000,
22.06,1,1.14192,2.49751,-3.08025,0.41075,-0.03977,0.15698,0.02977
22.06,2,2.32404,2.41290,-3.07875,0.66863,0.60873,0.18514,0.02402
22.08,0,-0.02499,2.49715,3.14095,0.49611,0.00000,0.00000,
22.08,1,1.13368,2.49691,-3.08108,0.42149,-0.05170,0.15867,0.03969
22.08,2,2.31126,2.41203,-3.07373,0.61128,-0.13984,0.18063,0.03227
22.1,0,-0.03491,2.49715,3.14095,0.49611,0.00000,0.00000,
22.1,1,1.12462,2.49632,-3.08300,0.45206,-0.14333,0.15953,0.04961
22.1,2,2.30037,2.41120,-3.08114,0.50998,-0.41815,0.17883,0.04135
22.12,0,-0.04483,2.49716,3.14095,0.49611,0.00000,0.00000,
22.12,1,1.11454,2.49569,-3.08590,0.54923,-0.12903,0.15937,0.05953
22.12,2,2.28978,2.41051,-3.08835,0.54537,-0.30289,0.17832,0.05145
22.14,0,-0.05475,2.49717,3.14095,0.49611,0.00000,0.00000,
22.14,1,1.10351,2.49506,-3.08824,0.52553,-0.12104,0.15826,0.06946
22.14,2,2.27883,2.40991,-3.09358,0.54468,-0.24488,0.17840,0.06250
22.16,0,-0.06467,2.49717,3.14095,0.49611,0.00000,0.00000,
22.16,1,1.09314,2.49450,-3.09054,0.51357,-0.11151,0.15782,0.07938
22.16,2,2.26817,2.40939,-3.09858,0.52424,-0.25701,0.17811,0.02677
22.18,0,-0.07460,2.49718,3.14095,0.49611,0.00000,0.00000,
22.18,1,1.08299,2.49398,-3.09275,0.50436,-0.10970,0.15759,0.08930
22.18,2,2.25407,2.40889,-3.10403,0.68248,-0.37770,0.17417,0.03693
22.2,0,-0.08452,2.49718,3.14095,0.49611,0.00000,0.00000,
22.2,1,1.07337,2.49349,-3.09478,0.42484,-0.08135,0.15789,0.09922
22.2,2,2.24085,2.40839,-3.11174,0.66143,-0.39009,0.17058,0.04657
22.22,0,-0.09444,2.49719,3.14095,0.49611,0.00000,0.00000,
22.22,1,1.06465,2.49305,-3.09675,0.44641,-0.10981,0.15910,0.10914
22.22,2,2.22883,2.40787,-3.11827,0.49221,-0.25881,0.16729,0.05530
22.24,0,-0.10436,2.49720,3.14095,0.49611,0.00000,0.00000,
22.24,1,1.05564,2.49264,-3.09895,0.45111,-0.10557,0.16001,0.11907
22.24,2,2.21894,2.40761,-3.12253,0.49968,-0.19239,0.16640,0.06432
22.26,0,-0.11429,2.49720,3.14095,0.49611,0.00000,0.00000,
22.26,1,1.04676,2.49225,-3.10091,0.43763,-0.09343,0.16106,0.12899
22.26,2,2.20887,2.40744,-3.12637,0.50402,-0.19637,0.16520,0.07321
22.28,0,-0.12421,2.49721,3.14095,0.49611,0.00000,0.00000,
22.28,1,1.03812,2.49190,-3.10284,0.51249,-0.09356,0.16234,0.08930
22.28,2,2.19913,2.40730,-3.13039,0.48073,-0.17669,0.16409,0.03098
22.3,0,-0.13413,2.49722,3.14095,0.49611,0.00000,0.00000,
22.3,1,1.02531,2.49155,-3.10654,0.63785,-0.24172,0.15946,0.09922
22.3,2,2.18957,2.40719,-3.13252,0.48272,-0.10057,0.16732,0.04379
22.32,0,-0.14405,2.49722,3.14095,0.49611,0.00000,0.00000,
22.32,1,1.01298,2.49113,-3.11125,0.59276,-0.21512,0.15705,0.10914
22.32,2,2.17974,2.40710,-3.13541,0.49706,-0.17786,0.16978,0.05613
22.34,0,-0.15397,2.49723,3.14095,0.49611,0.00000,0.00000,
22.34,1,1.00173,2.49069,-3.11403,0.49277,-0.06375,0.15572,0.11907
22.34,2,2.16983,2.40704,-3.13922,0.49075,-0.18947,0.17110,0.06739
22.36,0,-0.16390,2.49723,3.14095,0.49611,0.00000,0.00000,
22.36,1,0.99378,2.49042,-3.11496,0.39955,-0.06238,0.15770,0.12899
22.36,2,2.16078,2.40702,3.14038,0.44962,-0.16776,0.16998,0.07535
22.38,0,-0.17382,2.49724,3.14095,0.49611,0.00000,0.00000,
22.38,1,0.98545,2.49023,-3.11649,0.42611,-0.07679,0.15929,0.08930
22.38,2,2.15175,2.40703,3.13720,0.45168,-0.15429,0.16926,0.08367
22.4,0,-0.18374,2.49725,3.14095,0.49611,0.00000,0.00000,
22.4,1,0.97370,2.49003,-3.11941,0.55976,-0.22054,0.15746,0.09922
22.4,2,2.14278,2.40707,3.13415,0.44461,-0.15156,0.17203,0.09543
22.42,0,-0.19366,2.49725,3.14095,0.49611,0.00000,0.00000,
22.42,1,0.96251,2.48980,-3.12383,0.55858,-0.22897,0.15619,0.10914
22.42,2,2.13400,2.40713,3.13114,0.43509,-0.14917,0.17441,0.00559
22.44,0,-0.20359,2.49726,3.14095,0.49611,0.00000,0.00000,
22.44,1,0.95172,2.48939,-3.12795,0.51422,-0.12922,0.15533,0.11907
22.44,2,2.12344,2.40721,3.12853,0.50960,-0.12581,0.17460,0.01639
22.46,0,-0.21351,2.49727,3.14095,0.49611,0.00000,0.00000,
22.46,1,0.94298,2.48925,-3.12895,0.38292,-0.02269,0.15652,0.12899
22.46,2,2.11336,2.40726,3.12650,0.48493,-0.08761,0.17325,0.02513
22.48,0,-0.22276,2.49727,3.14095,0.46774,-0.00001,0.00000,
22.48,1,0.93337,2.48919,-3.12993,0.63553,-0.20266,0.15616,0.08863
22.48,2,2.10160,2.40744,3.12420,0.65208,-0.12814,0.17108,0.03474
22.5,0,-0.23221,2.49728,3.14095,0.47494,0.00006,0.00000,
22.5,1,0.92204,2.48914,-3.13414,0.53253,-0.21557,0.15428,0.09808
22.5,2,2.08833,2.40769,3.12173,0.65092,-0.11741,0.16913,0.04606
22.52,0,-0.24155,2.49728,3.14095,0.44799,0.00015,0.00000,
22.52,1,0.91143,2.48876,-3.13842,0.52578,-0.20841,0.15302,0.10742
22.52,2,2.07600,2.40795,3.11949,0.59134,-0.10898,0.16737,0.05668
22.54,0,-0.25119,2.49729,3.14096,0.50449,-0.00006,0.00000,
22.54,1,0.90132,2.48861,-3.14049,0.48741,-0.01574,0.15255,0.11706
22.54,2,2.06447,2.40820,3.11733,0.57159,-0.10753,0.16592,0.06679
22.56,0,-0.26144,2.49730,3.14095,0.51223,-0.00003,0.00000,
22.56,1,0.89301,2.48864,-3.14022,0.38151,0.00960,0.15448,0.07770
22.56,2,2.05342,2.40848,3.11509,0.49464,-0.12584,0.16317,0.07510
22.58,0,-0.27153,2.49730,3.14095,0.49782,0.00002,0.00000,
22.58,1,0.88171,2.48869,3.13739,0.56097,-0.43587,0.15327,0.08779
22.58,2,2.04321,2.40876,3.11286,0.52267,-0.10041,0.16425,0.08640
22.6,0,-0.28140,2.49731,3.14095,0.49154,0.00001,0.00000,
22.6,1,0.87160,2.48863,3.13290,0.51358,-0.02002,0.15303,0.09766
22.6,2,2.03267,2.40907,3.11099,0.52604,-0.09115,0.16380,0.09651
22.62,0,-0.29125,2.49732,3.14095,0.49401,-0.00000,0.00000,
22.62,1,0.86119,2.48834,3.13410,0.51686,0.06899,0.15248,0.10751
22.62,2,2.02256,2.40938,3.10925,0.53775,-0.09236,0.16405,0.10692
22.64,0,-0.30116,2.49732,3.14095,0.49654,-0.00000,0.00000,
22.64,1,0.85181,2.48844,3.13486,0.38819,0.01958,0.15300,0.11742
22.64,2,2.01102,2.40975,3.10753,0.60194,-0.04731,0.16188,0.01459
22.66,0,-0.31109,2.49733,3.14095,0.49651,0.00000,0.00000,
22.66,1,0.84332,2.48858,3.13501,0.52305,-0.00755,0.15445,0.07888
22.66,2,2.00139,2.41012,3.10730,0.47633,-0.01026,0.16072,0.02308
22.68,0,-0.32102,2.49734,3.14095,0.49576,0.00000,0.00000,
22.68,1,0.83244,2.48873,3.13456,0.49339,-0.04093,0.15349,0.08880
22.68,2,1.99268,2.41042,3.10688,0.37828,-0.05872,0.16287,0.03395
22.7,0,-0.33093,2.49734,3.14095,0.49557,0.00000,0.00000,
22.7,1,0.82237,2.48877,3.13387,0.51038,-0.01826,0.15333,0.04953
22.7,2,1.98386,2.41076,3.10541,0.44475,-0.07063,0.16411,0.04403
22.72,0,-0.34084,2.49735,3.14095,0.49573,0.00000,0.00000,
22.72,1,0.81643,2.48876,3.13422,0.16876,0.01015,0.15730,0.05944
22.72,2,1.97528,2.41114,3.10249,0.42745,-0.17992,0.16145,0.04997
22.74,0,-0.35076,2.49735,3.14095,0.49583,0.00000,0.00000,
22.74,1,0.81455,2.48875,3.13431,0.05020,0.00094,0.16534,0.06936
22.74,2,1.96618,2.41136,3.10226,0.49289,0.08063,0.15423,0.05185
22.76,0,-0.36067,2.49736,3.14095,0.49581,0.00000,0.00000,
22.76,1,0.81395,2.48875,3.13433,-0.00686,0.00039,0.17466,0.07928
22.76,2,1.95546,2.41177,3.10300,0.55982,-0.01932,0.14409,0.05244
22.78,0,-0.37059,2.49737,3.14095,0.49578,0.00000,0.00000,
22.78,1,0.81032,2.48883,3.14008,0.32131,0.66899,0.18094,0.03966
22.78,2,1.94435,2.41224,3.10164,0.54418,-0.08920,0.13661,0.05608
22.8,0,-0.38051,2.49737,3.14095,0.49577,0.00000,0.00000,
22.8,1,0.80443,2.48881,-3.13070,0.27043,0.61508,0.18497,0.04958
22.8,2,1.93384,2.41268,3.09998,0.51325,-0.07231,0.13197,0.06197
22.82,0,-0.39042,2.49738,3.14095,0.49578,0.00000,0.00000,
22.82,1,0.79902,2.48879,-3.11841,0.27038,0.61539,0.18947,0.05949
22.82,2,1.92409,2.41311,3.09862,0.46919,-0.06526,0.12761,0.06737
22.84,0,-0.40034,2.49739,3.14095,0.49579,0.00000,0.00000,
22.84,1,0.79354,2.48890,-3.10847,0.28320,0.18166,0.19391,0.06941
22.84,2,1.91455,2.41353,3.09749,0.48334,-0.05277,0.12354,0.07285
22.86,0,-0.41025,2.49739,3.14095,0.49579,0.00000,0.00000,
22.86,1,0.78578,2.48886,-3.11125,0.47862,-0.22368,0.19607,0.07932
22.86,2,1.90507,2.41396,3.09644,0.39343,-0.04986,0.12179,0.01594
22.88,0,-0.42017,2.49740,3.14095,0.49578,0.00000,0.00000,
22.88,1,0.77481,2.48854,-3.11417,0.53241,-0.07584,0.19501,0.08924
22.88,2,1.89740,2.41434,3.09706,0.37114,0.04140,0.12504,0.02692
22.9,0,-0.43008,2.49741,3.14095,0.49578,0.00000,0.00000,
22.9,1,0.76297,2.48809,-3.11310,0.70390,0.07921,0.19309,0.04958
22.9,2,1.89185,2.41466,3.09667,0.27311,-0.04534,0.13126,0.03876
22.92,0,-0.44000,2.49741,3.14095,0.49578,0.00000,0.00000,
22.92,1,0.74955,2.48781,-3.10928,0.61807,0.25416,0.18959,0.05949
22.92,2,1.88612,2.41495,3.09561,0.29413,-0.05346,0.13890,0.05219
22.94,0,-0.44991,2.49742,3.14095,0.49578,0.00000,0.00000,
22.94,1,0.73722,2.48744,-3.10743,0.60835,-0.06083,0.18718,0.06941
22.94,2,1.88046,2.41522,3.09474,0.25701,-0.02986,0.14552,0.06452
22.96,0,-0.45983,2.49742,3.14095,0.49578,0.00000,0.00000,
22.96,1,0.72796,2.48700,-3.10821,0.44446,-0.01247,0.18783,0.07933
22.96,2,1.87455,2.41550,3.09398,0.32799,-0.04512,0.14882,0.07379
22.98,0,-0.46975,2.49743,3.14095,0.49578,0.00000,0.00000,
22.98,1,0.71892,2.48655,-3.10838,0.46593,-0.02925,0.18871,0.08924
22.98,2,1.86786,2.41582,3.09305,0.33017,-0.04508,0.15112,0.08284
23.0,0,-0.47966,2.49744,3.14095,0.49578,0.00000,0.00000,
23.0,1,0.70958,2.48626,-3.10990,0.45350,-0.11007,0.18929,0.09916
23.0,2,1.86142,2.41612,3.09223,0.38796,-0.03552,0.15397,0.04643
23.02,0,-0.48958,2.49744,3.14095,0.49578,0.00000,0.00000,
23.02,1,0.69950,2.48597,-3.11194,0.53118,-0.09211,0.18914,0.10907
23.02,2,1.85051,2.41642,3.09481,0.49103,0.21537,0.15310,0.05651
23.04,0,-0.49949,2.49745,3.14095,0.49578,0.00000,0.00000,
23.04,1,0.68864,2.48567,-3.11429,0.49454,-0.15419,0.18819,0.01983
23.04,2,1.84098,2.41672,3.09914,0.47915,0.18693,0.15440,0.06738
23.06,0,-0.50941,2.49746,3.14095,0.49578,0.00000,0.00000,
23.06,1,0.67895,2.48542,-3.11675,0.50325,-0.08894,0.18842,0.02975
23.06,2,1.83047,2.41747,3.09652,0.58239,-0.28311,0.15352,0.07707
23.08,0,-0.51932,2.49746,3.14095,0.49578,0.00000,0.00000,
23.08,1,0.66811,2.48516,-3.11803,0.56732,-0.05474,0.18750,0.03966
23.08,2,1.81785,2.41808,3.09240,0.66705,-0.11363,0.15169,0.03663
23.1,0,-0.52924,2.49747,3.14095,0.49578,0.00000,0.00000,
23.1,1,0.65681,2.48490,-3.11928,0.55715,-0.07014,0.18611,0.04958
23.1,2,1.80323,2.41870,3.09328,0.79087,0.08135,0.14833,0.04794
23.12,0,-0.53916,2.49747,3.14095,0.49578,0.00000,0.00000,
23.12,1,0.64559,2.48465,-3.12070,0.55957,-0.07110,0.18482,0.05949
23.12,2,1.78867,2.41945,3.09826,0.68685,0.36704,0.14494,0.05916
23.14,0,-0.54907,2.49748,3.14095,0.49578,0.00000,0.00000,
23.14,1,0.63457,2.48442,-3.12208,0.54379,-0.06730,0.18371,0.06941
23.14,2,1.77612,2.42010,3.10287,0.50483,0.03939,0.14336,0.07018
23.16,0,-0.55899,2.49749,3.14095,0.49578,0.00000,0.00000,
23.16,1,0.62384,2.48421,-3.12339,0.53116,-0.06429,0.18291,0.07933
23.16,2,1.76799,2.42062,3.10284,0.39784,-0.00419,0.14591,0.08090
23.18,0,-0.56890,2.49749,3.14095,0.49578,0.00000,0.00000,
23.18,1,0.61330,2.48402,-3.12466,0.52460,-0.06245,0.18228,0.08924
23.18,2,1.76045,2.42107,3.09114,0.34690,-0.11049,0.14888,0.03791
23.2,0,-0.57882,2.49750,3.14095,0.49578,0.00000,0.00000,
23.2,1,0.60327,2.48384,-3.12585,0.48146,-0.05804,0.18217,0.09916
23.2,2,1.75291,2.42143,3.09687,0.40977,0.09012,0.15133,0.04794
23.22,0,-0.58873,2.49751,3.14095,0.49578,0.00000,0.00000,
23.22,1,0.59354,2.48368,-3.12705,0.48925,-0.06061,0.18236,0.10907
23.22,2,1.74374,2.42187,3.09515,0.46071,-0.11652,0.15185,0.05767
23.24,0,-0.59865,2.49751,3.14095,0.49578,0.00000,0.00000,
23.24,1,0.58379,2.48354,-3.12822,0.48417,-0.05635,0.18253,0.11899
23.24,2,1.73319,2.42231,3.09791,0.55996,0.28263,0.15102,0.06742
23.26,0,-0.60857,2.49752,3.14095,0.49578,0.00000,0.00000,
23.26,1,0.57424,2.48341,-3.12931,0.47251,-0.05354,0.18289,0.12890
23.26,2,1.72176,2.42282,3.10095,0.57126,0.01698,0.14912,0.07697
23.28,0,-0.61848,2.49753,3.14095,0.49578,0.00000,0.00000,
23.28,1,0.56459,2.48330,-3.13039,0.52856,-0.06196,0.18316,0.03966
23.28,2,1.71065,2.42331,3.09952,0.54264,-0.09868,0.14762,0.08662
23.3,0,-0.62840,2.49753,3.14095,0.49578,0.00000,0.00000,
23.3,1,0.55514,2.48320,-3.13194,0.46135,-0.07137,0.18362,0.04958
23.3,2,1.70004,2.42377,3.09811,0.52465,-0.04211,0.14644,0.09607
23.32,0,-0.63831,2.49754,3.14095,0.49578,0.00000,0.00000,
23.32,1,0.54532,2.48311,-3.13300,0.51777,-0.04093,0.18372,0.05949
23.32,2,1.68961,2.42422,3.09765,0.52088,-0.01655,0.14580,0.10589
23.34,0,-0.64823,2.49754,3.14095,0.49578,0.00000,0.00000,
23.34,1,0.53464,2.48301,-3.13375,0.53762,-0.03834,0.18296,0.06941
23.34,2,1.67924,2.42468,3.09721,0.51664,-0.02753,0.14608,0.11657
23.36,0,-0.65814,2.49755,3.14095,0.49578,0.00000,0.00000,
23.36,1,0.52411,2.48293,-3.13458,0.51521,-0.04392,0.18235,0.07933
23.36,2,1.66944,2.42512,3.09696,0.41734,0.01237,0.14679,0.07432
23.38,0,-0.66806,2.49756,3.14095,0.49578,0.00000,0.00000,
23.38,1,0.51125,2.48286,-3.13546,0.66328,-0.04542,0.17940,0.03966
23.38,2,1.66154,2.42551,3.09715,0.41975,0.00300,0.15172,0.08719
23.4,0,-0.67798,2.49756,3.14095,0.49578,0.00000,0.00000,
23.4,1,0.49851,2.48278,-3.13640,0.61671,-0.04620,0.17658,0.04958
23.4,2,1.65258,2.42591,3.09686,0.46285,-0.02580,0.15547,0.09992
23.42,0,-0.68722,2.49757,3.14095,0.46746,-0.00001,0.00000,
23.42,1,0.48644,2.48273,-3.13716,0.55808,-0.03023,0.17376,0.05883
23.42,2,1.64185,2.42632,3.09668,0.65061,0.03843,0.15678,0.06394
23.44,0,-0.69667,2.49758,3.14095,0.47464,0.00006,0.00000,
23.44,1,0.47659,2.48268,-3.13776,0.55952,-0.03302,0.17336,0.01869
23.44,2,1.62954,2.42674,3.09794,0.61277,0.06406,0.15431,0.07379
23.46,0,-0.70596,2.49758,3.14096,0.45484,0.00012,0.00000,
23.46,1,0.46343,2.48264,-3.13841,0.63148,-0.03295,0.16949,0.02799
23.46,2,1.61764,2.42716,3.09920,0.56167,0.05053,0.15554,0.08696
23.48,0,-0.71571,2.49759,3.14096,0.50729,-0.00007,0.00000,
23.48,1,0.45172,2.48261,-3.13908,0.61575,-0.03202,0.16753,0.03774
23.48,2,1.60752,2.42762,3.09872,0.40637,-0.08063,0.15711,0.09867
23.5,0,-0.72596,2.49759,3.14095,0.51068,-0.00003,0.00000,
23.5,1,0.44035,2.48257,-3.13970,0.50855,-0.03038,0.16640,0.04798
23.5,2,1.59868,2.42803,3.09779,0.56804,0.00225,0.15962,0.05211
23.52,0,-0.73601,2.49760,3.14095,0.49624,0.00002,0.00000,
23.52,1,0.43016,2.48255,-3.14029,0.51013,-0.02855,0.16627,0.05804
23.52,2,1.58720,2.42843,3.09796,0.49603,0.04121,0.15830,0.06229
23.54,0,-0.74586,2.49761,3.14095,0.49123,0.00001,0.00000,
23.54,1,0.41997,2.48253,-3.14087,0.50775,-0.02943,0.16593,0.06789
23.54,2,1.57716,2.42885,3.09868,0.52125,0.02063,0.15843,0.01529
23.56,0,-0.75571,2.49761,3.14095,0.49406,-0.00000,0.00000,
23.56,1,0.40992,2.48252,-3.14147,0.49774,-0.03016,0.16573,0.07774
23.56,2,1.56618,2.42932,3.09851,0.54683,-0.03068,0.15748,0.02534
23.58,0,-0.76562,2.49762,3.14095,0.49632,0.00000,0.00000,
23.58,1,0.40007,2.48252,3.14112,0.48829,-0.02926,0.16579,0.08765
23.58,2,1.55495,2.42981,3.09809,0.56490,-0.01180,0.15608,0.03518
23.6,0,-0.77555,2.49763,3.14095,0.49611,0.00000,0.00000,
23.6,1,0.39039,2.48253,3.14055,0.48146,-0.02786,0.16603,0.09757
23.6,2,1.54389,2.43029,3.09799,0.54234,-0.00253,0.15469,0.04487
23.62,0,-0.78546,2.49763,3.14095,0.49539,0.00000,0.00000,
23.62,1,0.38083,2.48254,3.14001,0.47493,-0.02682,0.16639,0.10749
23.62,2,1.53328,2.43075,3.09790,0.52398,-0.00629,0.15362,0.05443
23.64,0,-0.79537,2.49764,3.14095,0.49526,0.00000,0.00000,
23.64,1,0.37141,2.48255,3.13948,0.46775,-0.02598,0.16687,0.11739
23.64,2,1.52288,2.43121,3.09775,0.51841,-0.00818,0.15262,0.06385
23.66,0,-0.80528,2.49764,3.14095,0.49543,0.00000,0.00000,
23.66,1,0.36213,2.48257,3.13897,0.46048,-0.02514,0.16751,0.12730
23.66,2,1.51257,2.43166,3.09760,0.51396,-0.00714,0.15156,0.07313
23.68,0,-0.81519,2.49765,3.14095,0.49552,0.00000,0.00000,
23.68,1,0.35283,2.48260,3.13848,0.53648,-0.02195,0.16812,0.08923
23.68,2,1.50231,2.43211,3.09748,0.54004,0.00328,0.15059,0.03276
23.7,0,-0.82510,2.49766,3.14095,0.49549,0.00000,0.00000,
23.7,1,0.33928,2.48262,3.13816,0.67266,-0.01480,0.16447,0.09914
23.7,2,1.48981,2.43266,3.09796,0.63781,0.02251,0.15162,0.04631
23.72,0,-0.83500,2.49766,3.14095,0.49546,0.00000,0.00000,
23.72,1,0.32628,2.48265,3.13788,0.62199,-0.01293,0.16139,0.10904
23.72,2,1.47829,2.43317,3.09809,0.52115,-0.00487,0.15307,0.05931
23.74,0,-0.84491,2.49767,3.14095,0.49545,0.00000,0.00000,
23.74,1,0.31425,2.48273,3.13799,0.56958,0.00597,0.15926,0.11895
23.74,2,1.46868,2.43359,3.09791,0.46413,-0.00873,0.15548,0.07134
23.76,0,-0.85482,2.49768,3.14095,0.49546,0.00000,0.00000,
23.76,1,0.30437,2.48277,3.13821,0.56822,0.12154,0.15929,0.07927
23.76,2,1.45928,2.43400,3.09780,0.48061,-0.00271,0.15593,0.08122
23.78,0,-0.86473,2.49768,3.14095,0.49547,0.00000,0.00000,
23.78,1,0.29333,2.48280,3.14063,0.49202,0.10260,0.15816,0.08918
23.78,2,1.45038,2.43442,3.09749,0.43182,-0.01391,0.15806,0.09226
23.8,0,-0.87464,2.49769,3.14095,0.49547,0.00000,0.00000,
23.8,1,0.28381,2.48301,3.13742,0.49566,-0.30679,0.15855,0.09909
23.8,2,1.44155,2.43482,3.09748,0.44588,0.00557,0.15874,0.10178
23.82,0,-0.88455,2.49770,3.14095,0.49546,0.00000,0.00000,
23.82,1,0.27440,2.48311,3.13325,0.51682,-0.09650,0.15904,0.05946
23.82,2,1.43290,2.43521,3.09762,0.39735,0.01504,0.15950,0.11120
23.84,0,-0.89446,2.49770,3.14095,0.49546,0.00000,0.00000,
23.84,1,0.26365,2.48322,3.13679,0.50772,0.20972,0.15820,0.06936
23.84,2,1.42416,2.43560,3.09762,0.46374,-0.00807,0.16149,0.12195
23.86,0,-0.90437,2.49771,3.14095,0.49546,0.00000,0.00000,
23.86,1,0.25471,2.48339,3.13525,0.44802,-0.34220,0.15917,0.07927
23.86,2,1.41479,2.43601,3.09746,0.46407,-0.00611,0.16105,0.13089
23.88,0,-0.91428,2.49771,3.14095,0.49546,0.00000,0.00000,
23.88,1,0.24564,2.48341,3.13132,0.40986,-0.05506,0.16001,0.08918
23.88,2,1.40582,2.43641,3.09740,0.43677,-0.00095,0.16114,0.13995
23.9,0,-0.92419,2.49772,3.14095,0.49546,0.00000,0.00000,
23.9,1,0.23725,2.48343,3.13164,0.55707,0.04766,0.16152,0.04955
23.9,2,1.39619,2.43679,3.09768,0.55644,0.08475,0.15988,0.09531
23.92,0,-0.93410,2.49773,3.14095,0.49546,0.00000,0.00000,
23.92,1,0.22640,2.48347,3.13272,0.48594,0.05939,0.16058,0.05946
23.92,2,1.38550,2.43716,3.09785,0.54066,-0.01564,0.16002,0.10616
23.94,0,-0.94401,2.49773,3.14095,0.49546,0.00000,0.00000,
23.94,1,0.21667,2.48357,3.13377,0.48894,0.02944,0.16076,0.06937
23.94,2,1.37459,2.43763,3.09787,0.55237,0.00934,0.15884,0.11588
23.96,0,-0.95392,2.49774,3.14095,0.49546,0.00000,0.00000,
23.96,1,0.20662,2.48372,3.13358,0.51296,-0.03025,0.16062,0.07927
23.96,2,1.36253,2.43820,3.09782,0.55233,-0.00110,0.15680,0.07219
23.98,0,-0.96383,2.49775,3.14095,0.49546,0.00000,0.00000,
23.98,1,0.19630,2.48379,3.13298,0.51381,-0.02424,0.16021,0.08918
23.98,2,1.34905,2.43877,3.09667,0.68264,-0.19898,0.15362,0.08251
24.0,0,-0.97373,2.49775,3.14095,0.49546,0.00000,0.00000,
24.0,1,0.18696,2.48385,3.13262,0.43452,-0.01354,0.16078,0.09909
24.0,2,1.33690,2.43926,3.09241,0.53430,-0.12585,0.15080,0.09185
24.02,0,-0.98364,2.49776,3.14095,0.49546,0.00000,0.00000,
24.02,1,0.17808,2.48392,3.13246,0.45148,-0.00555,0.16180,0.10900
24.02,2,1.32809,2.43974,3.09212,0.32562,0.00341,0.15086,0.10074
24.04,0,-0.99355,2.49777,3.14095,0.49546,0.00000,0.00000,
24.04,1,0.16902,2.48400,3.13233,0.45067,-0.00743,0.16265,0.11891
24.04,2,1.32175,2.44020,3.09130,0.32809,-0.04512,0.15356,0.10979
24.06,0,-1.00346,2.49777,3.14095,0.49546,0.00000,0.00000,
24.06,1,0.16041,2.48407,3.13220,0.44639,-0.00802,0.16395,0.12882
24.06,2,1.31448,2.44060,3.09127,0.39234,0.02840,0.15489,0.11840
24.08,0,-1.01337,2.49778,3.14095,0.49546,0.00000,0.00000,
24.08,1,0.15097,2.48416,3.13202,0.48094,-0.00887,0.16442,0.13873
24.08,2,1.30676,2.44100,3.09224,0.42392,0.03748,0.15659,0.12784
24.1,0,-1.02328,2.49778,3.14095,0.49546,0.00000,0.00000,
24.1,1,0.13780,2.48426,3.13202,0.70422,0.00643,0.16115,0.09909
24.1,2,1.29750,2.44145,3.09258,0.54634,0.01058,0.16049,0.09357
24.12,0,-1.03319,2.49779,3.14096,0.49546,0.00000,0.00000,
24.12,1,0.12505,2.48436,3.13227,0.63081,0.01319,0.15832,0.10900
24.12,2,1.28844,2.44187,3.09449,0.43529,0.10065,0.16416,0.10631
24.14,0,-1.04310,2.49780,3.14096,0.49546,0.00000,0.00000,
24.14,1,0.11364,2.48447,3.13232,0.43918,-0.01160,0.15681,0.11891
24.14,2,1.27918,2.44228,3.09545,0.49045,0.00909,0.16630,0.11773
24.16,0,-1.05301,2.49780,3.14096,0.49546,0.00000,0.00000,
24.16,1,0.10546,2.48456,3.13210,0.41514,-0.00722,0.15854,0.12882
24.16,2,1.26955,2.44275,3.09543,0.38609,0.01556,0.16484,0.07711
24.18,0,-1.06292,2.49781,3.14096,0.49546,0.00000,0.00000,
24.18,1,0.09662,2.48465,3.13201,0.55076,0.00017,0.15961,0.08918
24.18,2,1.26351,2.44309,3.09602,0.25918,0.01148,0.16763,0.08595
24.2,0,-1.07283,2.49782,3.14096,0.49546,0.00000,0.00000,
24.2,1,0.08468,2.48473,3.13220,0.53454,0.01614,0.15758,0.09909
24.2,2,1.25881,2.44339,3.09459,0.23479,-0.07036,0.17485,0.09788
24.22,0,-1.08274,2.49782,3.14096,0.49546,0.00000,0.00000,
24.22,1,0.07400,2.48482,3.13252,0.53275,0.01340,0.15681,0.10900
24.22,2,1.25306,2.44361,3.09575,0.34718,0.09918,0.17978,0.10857
24.24,0,-1.09265,2.49783,3.14096,0.49546,0.00000,0.00000,
24.24,1,0.06438,2.48491,3.13251,0.36752,-0.01313,0.15710,0.11891
24.24,2,1.24565,2.44399,3.09742,0.37895,0.06642,0.18198,0.01496
24.26,0,-1.10256,2.49783,3.14096,0.49546,0.00000,0.00000,
24.26,1,0.05514,2.48499,3.13237,0.60419,-0.00079,0.15777,0.07927
24.26,2,1.23574,2.44438,3.09919,0.49327,0.09414,0.18130,0.02420
24.28,0,-1.11246,2.49784,3.14096,0.49546,0.00000,0.00000,
24.28,1,0.04467,2.48507,3.13250,0.47070,0.01123,0.15720,0.08918
24.28,2,1.22660,2.44465,3.10256,0.45572,0.33151,0.18263,0.03467
24.3,0,-1.12237,2.49785,3.14096,0.49546,0.00000,0.00000,
24.3,1,0.03525,2.48515,3.13272,0.47297,0.00934,0.15769,0.09909
24.3,2,1.21629,2.44490,3.10855,0.56914,0.16917,0.18172,0.04409
24.32,0,-1.13228,2.49785,3.14096,0.49546,0.00000,0.00000,
24.32,1,0.02675,2.48524,3.13265,0.37418,-0.01187,0.15910,0.10900
24.32,2,1.20442,2.44534,3.10898,0.60796,-0.05418,0.17834,0.05259
24.34,0,-1.14219,2.49786,3.14096,0.49546,0.00000,0.00000,
24.34,1,0.01871,2.48533,3.13248,0.39092,-0.00393,0.16097,0.11891
24.34,2,1.19228,2.44579,3.10787,0.59723,-0.03575,0.17424,0.06063
24.36,0,-1.15210,2.49787,3.14096,0.49546,0.00000,0.00000,
24.36,1,0.00826,2.48541,3.13254,0.55939,0.00420,0.16042,0.07927
24.36,2,1.18073,2.44620,3.10775,0.56438,0.01033,0.17313,0.07108
24.38,0,-1.16201,2.49787,3.14096,0.49546,0.00000,0.00000,
24.38,1,-0.00232,2.48550,3.13268,0.47738,0.01103,0.15975,0.08918
24.38,2,1.16961,2.44659,3.10795,0.55286,0.00545,0.17258,0.08166
24.4,0,-1.17192,2.49788,3.14096,0.49546,0.00000,0.00000,
24.4,1,-0.01208,2.48554,3.13309,0.46541,0.01153,0.15990,0.09909
24.4,2,1.16146,2.44695,3.10807,0.34476,0.05722,0.17417,0.04262
24.42,0,-1.18183,2.49789,3.14096,0.49546,0.00000,0.00000,
24.42,1,-0.02114,2.48563,3.13193,0.55996,-0.26701,0.16076,0.05946
24.42,2,1.15540,2.44727,3.10831,0.31323,-0.05491,0.17716,0.05167
24.44,0,-1.19174,2.49789,3.14096,0.49546,0.00000,0.00000,
24.44,1,-0.03163,2.48571,3.12731,0.46047,-0.07871,0.16017,0.06937
24.44,2,1.14783,2.44755,3.10726,0.42965,-0.02761,0.18007,0.06217
24.46,0,-1.20165,2.49790,3.14096,0.49546,0.00000,0.00000,
24.46,1,-0.04125,2.48562,3.13239,0.50437,0.37507,0.16046,0.07927
24.46,2,1.13963,2.44783,3.10746,0.43440,0.01642,0.18148,0.07179
24.48,0,-1.21156,2.49790,3.14096,0.49546,0.00000,0.00000,
24.48,1,-0.05118,2.48573,3.13649,0.45772,0.05527,0.16044,0.08918
24.48,2,1.13077,2.44815,3.10746,0.45874,-0.01344,0.18255,0.08172
24.5,0,-1.22147,2.49791,3.14096,0.49546,0.00000,0.00000,
24.5,1,-0.06058,2.48588,3.13567,0.47549,-0.07556,0.16095,0.09909
24.5,2,1.12123,2.44847,3.10724,0.48646,-0.00532,0.18241,0.09112
24.52,0,-1.23138,2.49792,3.14096,0.49546,0.00000,0.00000,
24.52,1,-0.07002,2.48599,3.13469,0.46617,-0.02067,0.16142,0.10900
24.52,2,1.11158,2.44879,3.10725,0.47601,0.00321,0.18218,0.10056
24.54,0,-1.24129,2.49792,3.14096,0.49546,0.00000,0.00000,
24.54,1,-0.08232,2.48608,3.13479,0.62849,0.01605,0.15903,0.01982
24.54,2,1.10286,2.44910,3.10719,0.43158,0.00087,0.18576,0.11286
24.56,0,-1.25119,2.49793,3.14096,0.49546,0.00000,0.00000,
24.56,1,-0.09480,2.48617,3.13512,0.58682,0.01861,0.15645,0.02973
24.56,2,1.09420,2.44940,3.10727,0.43414,0.00440,0.18957,0.12534
24.58,0,-1.26110,2.49794,3.14096,0.49546,0.00000,0.00000,
24.58,1,-0.11024,2.48626,3.13536,0.80641,0.00154,0.15093,0.03964
24.58,2,1.08547,2.44970,3.10738,0.45249,0.01367,0.19626,0.09416
24.6,0,-1.27072,2.49794,3.14095,0.46024,-0.00015,0.00000,
24.6,1,-0.12636,2.48634,3.13534,0.80382,-0.02463,0.14442,0.04925
24.6,2,1.07627,2.45001,3.10771,0.45319,0.01338,0.20318,0.11029
24.62,0,-1.28005,2.49795,3.14095,0.47118,0.00005,0.00000,
24.62,1,-0.14074,2.48637,3.13383,0.62694,-0.07395,0.13937,0.05858
24.62,2,1.06763,2.45031,3.10782,0.41577,0.00056,0.20891,0.07541
24.64,0,-1.28953,2.49795,3.14095,0.47459,0.00004,0.00000,
24.64,1,-0.14954,2.48645,3.13272,0.38346,-0.05483,0.14004,0.06806
24.64,2,1.05760,2.45061,3.10889,0.57370,0.07276,0.20767,0.01551
24.66,0,-1.29879,2.49796,3.14096,0.48076,0.00001,0.00000,
24.66,1,-0.15725,2.48656,3.13156,0.39413,-0.06217,0.14159,0.07732
24.66,2,1.04551,2.45092,3.11407,0.60181,0.30179,0.20329,0.02322
24.68,0,-1.30886,2.49797,3.14095,0.51345,-0.00006,0.00000,
24.68,1,-0.16575,2.48664,3.13089,0.44810,-0.00727,0.14316,0.08739
24.68,2,1.03382,2.45136,3.11493,0.60359,-0.37569,0.20009,0.03171
24.7,0,-1.31906,2.49797,3.14095,0.50457,-0.00000,0.00000,
24.7,1,-0.17471,2.48671,3.13104,0.41517,0.01469,0.14441,0.09760
24.7,2,1.01988,2.45181,3.10659,0.76938,-0.27231,0.19510,0.04067
24.72,0,-1.32900,2.49798,3.14095,0.49250,0.00002,0.00000,
24.72,1,-0.18473,2.48680,3.13126,0.59047,0.01067,0.14433,0.05828
24.72,2,1.00365,2.45228,3.10573,0.82555,0.08357,0.18888,0.05069
24.74,0,-1.33883,2.49799,3.14095,0.49175,0.00000,0.00000,
24.74,1,-0.19616,2.48692,3.13138,0.55708,-0.00006,0.14272,0.06811
24.74,2,0.98770,2.45280,3.10750,0.82158,0.04928,0.18436,0.06213
24.76,0,-1.34870,2.49799,3.14095,0.49508,-0.00000,0.00000,
24.76,1,-0.20662,2.48702,3.13132,0.49368,-0.00368,0.14214,0.07798
24.76,2,0.97104,2.45335,3.10764,0.83534,-0.01289,0.17814,0.07258
24.78,0,-1.35862,2.49800,3.14095,0.49621,0.00000,0.00000,
24.78,1,-0.21514,2.48712,3.13118,0.34057,-0.01231,0.14354,0.08790
24.78,2,0.95510,2.45390,3.10732,0.76287,-0.01081,0.17071,0.08110
24.8,0,-1.36854,2.49800,3.14095,0.49556,0.00000,0.00000,
24.8,1,-0.22224,2.48720,3.13084,0.36757,0.00033,0.14635,0.09782
24.8,2,0.93976,2.45444,3.10751,0.77276,0.02008,0.16246,0.08821
24.82,0,-1.37844,2.49801,3.14095,0.49504,0.00000,0.00000,
24.82,1,-0.22959,2.48728,3.13103,0.30962,0.01043,0.14890,0.05938
24.82,2,0.92421,2.45498,3.10788,0.78055,0.01415,0.15426,0.09556
24.84,0,-1.38835,2.49802,3.14095,0.49509,0.00000,0.00000,
24.84,1,-0.23615,2.48735,3.13116,0.35749,0.00559,0.15224,0.06928
24.84,2,0.90890,2.45550,3.10807,0.73542,0.00656,0.14549,0.10212
24.86,0,-1.39825,2.49802,3.14095,0.49526,0.00000,0.00000,
24.86,1,-0.24576,2.48745,3.13129,0.51580,0.01087,0.15254,0.02971
24.86,2,0.89521,2.45596,3.10820,0.65101,0.00733,0.14141,0.11173
24.88,0,-1.40815,2.49803,3.14095,0.49529,0.00000,0.00000,
24.88,1,-0.25594,2.48755,3.13151,0.49389,0.01082,0.15226,0.03961
24.88,2,0.88561,2.45635,3.10892,0.33904,0.02341,0.14198,0.07678
24.9,0,-1.41806,2.49804,3.14095,0.49525,0.00000,0.00000,
24.9,1,-0.26659,2.48765,3.13159,0.55656,-0.00085,0.15152,0.04952
24.9,2,0.87884,2.45674,3.10939,0.33903,0.02352,0.14585,0.08743
24.92,0,-1.42796,2.49804,3.14095,0.49523,0.00000,0.00000,
24.92,1,-0.27769,2.48776,3.13154,0.50943,-0.00598,0.15032,0.05942
24.92,2,0.87286,2.45706,3.10862,0.31638,-0.06473,0.15096,0.09853
24.94,0,-1.43787,2.49805,3.14095,0.49524,0.00000,0.00000,
24.94,1,-0.28709,2.48786,3.13144,0.47255,0.00017,0.15083,0.06933
24.94,2,0.86621,2.45733,3.10821,0.37541,0.00659,0.15370,0.10793
24.96,0,-1.44777,2.49806,3.14095,0.49524,0.00000,0.00000,
24.96,1,-0.29662,2.48796,3.13151,0.47841,0.00421,0.15120,0.07923
24.96,2,0.85762,2.45760,3.10751,0.43628,-0.04243,0.15465,0.11747
24.98,0,-1.45768,2.49806,3.14095,0.49524,0.00000,0.00000,
24.98,1,-0.30613,2.48805,3.13157,0.47088,0.00175,0.15160,0.08914
24.98,2,0.85057,2.45781,3.10761,0.27810,0.03023,0.15709,0.07985
25.0,0,-1.46758,2.49807,3.14096,0.49524,0.00000,0.00000,
25.0,1,-0.31522,2.48815,3.13161,0.45628,0.00161,0.15241,0.09904
25.0,2,0.84593,2.45800,3.10786,0.19105,-0.01086,0.16154,0.08895
25.02,0,-1.47749,2.49807,3.14096,0.49524,0.00000,0.00000,
25.02,1,-0.32477,2.48824,3.13162,0.48760,0.00043,0.15276,0.10895
25.02,2,0.84222,2.45818,3.10454,0.21082,-1.09881,0.16738,0.00485
25.04,0,-1.48739,2.49808,3.14096,0.49524,0.00000,0.00000,
25.04,1,-0.33470,2.48833,3.13197,0.45205,0.02593,0.15274,0.01981
25.04,2,0.83630,2.45827,3.06737,0.32748,-1.84586,0.17138,0.01478
25.06,0,-1.49730,2.49809,3.14096,0.49524,0.00000,0.00000,
25.06,1,-0.34404,2.48842,3.13226,0.49500,0.00407,0.15330,0.02971
25.06,2,0.83098,2.45891,3.03361,0.24991,-1.61588,0.17539,0.02412
25.08,0,-1.50720,2.49809,3.14096,0.49524,0.00000,0.00000,
25.08,1,-0.35458,2.48851,3.13222,0.54380,-0.00370,0.15266,0.03962
25.08,2,0.82420,2.45977,3.01715,0.44136,-0.04516,0.17913,0.03466
25.1,0,-1.51711,2.49810,3.14096,0.49524,0.00000,0.00000,
25.1,1,-0.36538,2.48861,3.13219,0.53024,0.00108,0.15177,0.04952
25.1,2,0.81378,2.46098,3.02587,0.54231,0.60088,0.17948,0.04546
25.12,0,-1.52701,2.49811,3.14096,0.49524,0.00000,0.00000,
25.12,1,-0.37568,2.48871,3.13224,0.50454,0.00286,0.15137,0.05943
25.12,2,0.80291,2.46232,3.03444,0.57260,0.22342,0.17888,0.05576
25.14,0,-1.53692,2.49811,3.14096,0.49524,0.00000,0.00000,
25.14,1,-0.38565,2.48880,3.13229,0.49562,0.00178,0.15131,0.06933
25.14,2,0.79173,2.46361,3.03688,0.52577,0.04711,0.17765,0.01505
25.16,0,-1.54682,2.49812,3.14096,0.49524,0.00000,0.00000,
25.16,1,-0.39553,2.48890,3.13232,0.49323,0.00129,0.15133,0.07924
25.16,2,0.78110,2.46495,3.03744,0.55342,0.04918,0.17688,0.02494
25.18,0,-1.55673,2.49812,3.14096,0.49524,0.00000,0.00000,
25.18,1,-0.40534,2.48899,3.13234,0.48704,0.00145,0.15143,0.08914
25.18,2,0.76962,2.46616,3.04003,0.58975,0.18274,0.17518,0.03475
25.2,0,-1.56663,2.49813,3.14096,0.49524,0.00000,0.00000,
25.2,1,-0.41498,2.48908,3.13237,0.47840,0.00150,0.15168,0.09905
25.2,2,0.75794,2.46733,3.04400,0.57970,0.19500,0.17313,0.04439
25.22,0,-1.57654,2.49814,3.14096,0.49524,0.00000,0.00000,
25.22,1,-0.42446,2.48916,3.13240,0.47061,0.00141,0.15211,0.10895
25.22,2,0.74665,2.46842,3.04753,0.55787,0.16329,0.17130,0.05387
25.24,0,-1.58644,2.49814,3.14096,0.49524,0.00000,0.00000,
25.24,1,-0.43338,2.48925,3.13240,0.43234,-0.00006,0.15309,0.11886
25.24,2,0.73465,2.46955,3.05079,0.63796,0.16073,0.16820,0.01364
25.26,0,-1.59635,2.49815,3.14096,0.49524,0.00000,0.00000,
25.26,1,-0.44212,2.48933,3.13243,0.43901,0.00222,0.15426,0.12876
25.26,2,0.72240,2.47067,3.05391,0.58332,0.15316,0.16466,0.02238
25.28,0,-1.60625,2.49816,3.14096,0.49524,0.00000,0.00000,
25.28,1,-0.45124,2.48941,3.13248,0.55954,0.00558,0.15504,0.08914
25.28,2,0.71149,2.47163,3.05692,0.52691,0.14829,0.16287,0.03150
25.3,0,-1.61616,2.49816,3.14096,0.49524,0.00000,0.00000,
25.3,1,-0.46427,2.48950,3.13273,0.59049,0.02013,0.15192,0.09905
25.3,2,0.70188,2.47250,3.05936,0.45717,0.11489,0.16627,0.04453
25.32,0,-1.62606,2.49817,3.14096,0.49524,0.00000,0.00000,
25.32,1,-0.47606,2.48959,3.13313,0.58495,0.01754,0.15003,0.10895
25.32,2,0.69235,2.47332,3.06221,0.49246,0.15477,0.16852,0.05632
25.34,0,-1.63597,2.49818,3.14096,0.49524,0.00000,0.00000,
25.34,1,-0.48704,2.48968,3.13326,0.53695,-0.00210,0.14896,0.06933
25.34,2,0.68260,2.47412,3.06527,0.45653,0.16663,0.16974,0.06730
25.36,0,-1.64587,2.49818,3.14096,0.49524,0.00000,0.00000,
25.36,1,-0.49973,2.48976,3.13324,0.65283,-0.00071,0.14617,0.07924
25.36,2,0.67297,2.47487,3.06808,0.51314,0.11647,0.17280,0.07999
25.38,0,-1.65578,2.49819,3.14096,0.49524,0.00000,0.00000,
25.38,1,-0.51205,2.48985,3.13327,0.55026,0.00556,0.14375,0.08914
25.38,2,0.66257,2.47564,3.07032,0.51780,0.11434,0.17471,0.09231
25.4,0,-1.66568,2.49819,3.14096,0.49524,0.00000,0.00000,
25.4,1,-0.52282,2.48994,3.13327,0.44391,-0.01026,0.14289,0.09905
25.4,2,0.65257,2.47635,3.07273,0.48779,0.12384,0.17546,0.10308
25.42,0,-1.67559,2.49820,3.14096,0.49524,0.00000,0.00000,
25.42,1,-0.53113,2.49002,3.13306,0.41648,-0.00947,0.14449,0.10895
25.42,2,0.64303,2.47701,3.07518,0.47309,0.11973,0.17423,0.11139
25.44,0,-1.68549,2.49821,3.14096,0.49524,0.00000,0.00000,
25.44,1,-0.53936,2.49011,3.13298,0.40145,-0.00031,0.14616,0.11886
25.44,2,0.63480,2.47761,3.07708,0.42118,0.11116,0.17423,0.11962
25.46,0,-1.69540,2.49821,3.14096,0.49524,0.00000,0.00000,
25.46,1,-0.54760,2.49018,3.13305,0.41640,0.00475,0.14783,0.12876
25.46,2,0.62548,2.47819,3.07970,0.58503,0.18893,0.17314,0.07743
25.48,0,-1.70530,2.49822,3.14096,0.49524,0.00000,0.00000,
25.48,1,-0.55557,2.49025,3.13314,0.39821,0.00358,0.14976,0.13867
25.48,2,0.61385,2.47886,3.08432,0.53446,0.24016,0.16947,0.08540
25.5,0,-1.71520,2.49823,3.14096,0.49524,0.00000,0.00000,
25.5,1,-0.56418,2.49033,3.13316,0.44607,-0.00031,0.15105,0.09905
25.5,2,0.60316,2.47952,3.08901,0.54135,0.20536,0.16739,0.09401
25.52,0,-1.72511,2.49823,3.14096,0.49524,0.00000,0.00000,
25.52,1,-0.57657,2.49040,3.13333,0.63702,0.01236,0.14857,0.10895
25.52,2,0.59261,2.48011,3.09111,0.50518,0.04533,0.16922,0.10639
25.54,0,-1.73501,2.49824,3.14096,0.49524,0.00000,0.00000,
25.54,1,-0.58896,2.49048,3.13361,0.58802,0.01610,0.14608,0.11886
25.54,2,0.58203,2.48066,3.09224,0.54238,0.07411,0.17103,0.11879
25.56,0,-1.74492,2.49824,3.14096,0.49524,0.00000,0.00000,
25.56,1,-0.60012,2.49056,3.13377,0.52291,0.00120,0.14483,0.12876
25.56,2,0.57145,2.48119,3.09413,0.50181,0.11167,0.17160,0.12995
25.58,0,-1.75482,2.49825,3.14096,0.49524,0.00000,0.00000,
25.58,1,-0.60776,2.49063,3.13362,0.34499,-0.00677,0.14709,0.13867
25.58,2,0.56129,2.48170,3.09606,0.44689,0.10790,0.16909,0.08080
25.6,0,-1.76473,2.49826,3.14096,0.49524,0.00000,0.00000,
25.6,1,-0.61635,2.49074,3.13380,0.58221,0.16461,0.14840,0.09905
25.6,2,0.55225,2.48221,3.08306,0.45287,-0.65082,0.16863,0.08939
25.62,0,-1.77463,2.49826,3.14096,0.49524,0.00000,0.00000,
25.62,1,-0.62678,2.49085,3.13711,0.47540,-0.10612,0.14788,0.05943
25.62,2,0.54427,2.48261,3.07133,0.29673,-0.40546,0.17108,0.09982
25.64,0,-1.78454,2.49827,3.14096,0.49524,0.00000,0.00000,
25.64,1,-0.63636,2.49079,3.13585,0.48772,0.01974,0.14820,0.06933
25.64,2,0.53574,2.48294,3.06693,0.39860,-0.23105,0.17212,0.06617
25.66,0,-1.79444,2.49828,3.14096,0.49524,0.00000,0.00000,
25.66,1,-0.64391,2.49044,3.13554,0.34976,-0.16493,0.15056,0.07924
25.66,2,0.52897,2.48339,3.06159,0.32371,-0.25395,0.17290,0.07372
25.68,0,-1.80435,2.49828,3.14096,0.49524,0.00000,0.00000,
25.68,1,-0.65094,2.49067,3.12940,0.33358,-0.26866,0.15343,0.08914
25.68,2,0.52229,2.48386,3.05706,0.37708,-0.13132,0.17324,0.08074
25.7,0,-1.81425,2.49829,3.14096,0.49524,0.00000,0.00000,
25.7,1,-0.65899,2.49095,3.12828,0.43991,0.06916,0.15528,0.09905
25.7,2,0.51220,2.48468,3.05871,0.60119,0.21640,0.17121,0.08880
25.72,0,-1.82416,2.49830,3.14096,0.49524,0.00000,0.00000,
25.72,1,-0.66800,2.49126,3.12836,0.46282,-0.02757,0.15618,0.10895
25.72,2,0.49974,2.48571,3.06371,0.65363,0.21567,0.16776,0.09781
25.74,0,-1.83406,2.49830,3.14096,0.49524,0.00000,0.00000,
25.74,1,-0.67745,2.49138,3.12802,0.47569,-0.00235,0.15663,0.11886
25.74,2,0.48685,2.48673,3.06704,0.63336,0.14224,0.16432,0.10726
25.76,0,-1.84397,2.49831,3.14096,0.49524,0.00000,0.00000,
25.76,1,-0.68765,2.49148,3.12828,0.64044,0.02613,0.15633,0.07924
25.76,2,0.47442,2.48767,3.06971,0.61282,0.13585,0.16208,0.11746
25.78,0,-1.85387,2.49831,3.14096,0.49524,0.00000,0.00000,
25.78,1,-0.70043,2.49158,3.12891,0.56051,0.04137,0.15347,0.08914
25.78,2,0.46496,2.48855,3.07350,0.29044,0.32877,0.16539,0.07848
25.8,0,-1.86378,2.49832,3.14096,0.49524,0.00000,0.00000,
25.8,1,-0.71129,2.49176,3.12979,0.54038,0.04406,0.15250,0.09905
25.8,2,0.46166,2.48943,3.07849,0.10201,0.20782,0.17296,0.08934
25.82,0,-1.87368,2.49833,3.14096,0.49524,0.00000,0.00000,
25.82,1,-0.72023,2.49191,3.13030,0.38614,0.01709,0.15347,0.10895
25.82,2,0.46035,2.49030,3.08224,0.06033,0.18279,0.18058,0.09828
25.84,0,-1.88359,2.49833,3.14096,0.49524,0.00000,0.00000,
25.84,1,-0.72880,2.49199,3.13057,0.54995,0.01817,0.15481,0.06933
25.84,2,0.46039,2.49104,3.08652,-0.03994,0.23833,0.18919,0.10685
25.86,0,-1.89349,2.49834,3.14096,0.49524,0.00000,0.00000,
25.86,1,-0.74015,2.49206,3.13174,0.50875,-0.09160,0.15336,0.02971
25.86,2,0.46062,2.49141,3.09227,0.09816,0.29967,0.20077,0.07672
25.88,0,-1.90340,2.49835,3.14096,0.49524,0.00000,0.00000,
25.88,1,-0.75032,2.49211,3.12993,0.50945,-0.08354,0.15309,0.03962
25.88,2,0.45751,2.49163,3.09728,0.21876,0.22391,0.20783,0.08689
25.9,0,-1.91330,2.49835,3.14096,0.49524,0.00000,0.00000,
25.9,1,-0.75977,2.49213,3.12924,0.40253,-0.01265,0.15355,0.04952
25.9,2,0.45327,2.49185,3.10182,0.21173,0.22586,0.21305,0.09634
25.92,0,-1.92321,2.49836,3.14096,0.49524,0.00000,0.00000,
25.92,1,-0.76860,2.49223,3.12953,0.44572,0.02822,0.15462,0.05943
25.92,2,0.44904,2.49205,3.10644,0.21397,0.25602,0.21764,0.10517
25.94,0,-1.93311,2.49836,3.14096,0.49524,0.00000,0.00000,
25.94,1,-0.77734,2.49235,3.12888,0.45402,-0.08004,0.15579,0.06933
25.94,2,0.44341,2.49194,3.12123,0.32646,0.46668,0.22074,0.01330
25.96,0,-1.94302,2.49837,3.14096,0.49524,0.00000,0.00000,
25.96,1,-0.78689,2.49244,3.12894,0.49766,0.04767,0.15614,0.07924
25.96,2,0.43341,2.49218,3.12203,0.61788,-0.15484,0.22031,0.02285
25.98,0,-1.95292,2.49838,3.14096,0.49524,0.00000,0.00000,
25.98,1,-0.79704,2.49255,3.12987,0.50791,0.03288,0.15590,0.08914
25.98,2,0.42059,2.49255,3.11999,0.59672,-0.01467,0.21763,0.03300
26.0,0,-1.96283,2.49838,3.14096,0.49524,0.00000,0.00000,
26.0,1,-0.80699,2.49267,3.13017,0.48795,0.00570,0.15585,0.09905
26.0,2,0.40877,2.49286,3.12106,0.58262,0.08506,0.21576,0.04295
26.02,0,-1.97273,2.49839,3.14096,0.49524,0.00000,0.00000,
26.02,1,-0.81656,2.49278,3.13029,0.47323,0.00842,0.15618,0.10895
26.02,2,0.39737,2.49310,3.12254,0.56129,0.05625,0.21393,0.05253
26.04,0,-1.98263,2.49840,3.14096,0.49524,0.00000,0.00000,
26.04,1,-0.82532,2.49288,3.13049,0.44304,0.01394,0.15733,0.11886
26.04,2,0.38767,2.49331,3.12322,0.49182,0.03291,0.21300,0.06129
26.06,0,-1.99254,2.49840,3.14096,0.49524,0.00000,0.00000,
26.06,1,-0.83426,2.49298,3.13078,0.44780,0.01399,0.15829,0.07924
26.06,2,0.37759,2.49350,3.12397,0.51003,0.04052,0.21185,0.07023
26.08,0,-2.00244,2.49841,3.14096,0.49524,0.00000,0.00000,
26.08,1,-0.84736,2.49308,3.13165,0.67175,0.08335,0.15510,0.08914
26.08,2,0.36747,2.49367,3.12478,0.49975,0.03963,0.21483,0.08332
26.1,0,-2.01235,2.49841,3.14096,0.49524,0.00000,0.00000,
26.1,1,-0.85918,2.49320,3.13285,0.60693,-0.22793,0.15318,0.04952
26.1,2,0.35766,2.49384,3.12554,0.48366,0.03663,0.21685,0.09515
26.12,0,-2.02225,2.49842,3.14096,0.49524,0.00000,0.00000,
26.12,1,-0.87422,2.49336,3.12486,0.88016,-0.10227,0.14805,0.00990
26.12,2,0.34748,2.49399,3.12632,0.58915,0.05563,0.22170,0.00837
26.14,0,-2.03173,2.49843,3.14095,0.46225,-0.00010,0.00000,
26.14,1,-0.89036,2.49353,3.12659,0.70770,0.15244,0.14139,0.01938
26.14,2,0.33703,2.49414,3.12786,0.48482,0.08191,0.22738,0.02451
26.16,0,-2.04110,2.49843,3.14095,0.47245,0.00006,0.00000,
26.16,1,-0.90256,2.49369,3.12855,0.48301,0.04392,0.13855,0.02875
26.16,2,0.32640,2.49419,3.13164,0.60826,0.21084,0.22896,0.03672
26.18,0,-2.05058,2.49844,3.14095,0.47411,0.00003,0.00000,
26.18,1,-0.91033,2.49385,3.12909,0.37935,0.02566,0.14026,0.03823
26.18,2,0.31257,2.49433,3.13368,0.76514,0.01721,0.22290,0.04449
26.2,0,-2.05990,2.49845,3.14096,0.49157,-0.00003,0.00000,
26.2,1,-0.91730,2.49403,3.12867,0.31978,-0.09135,0.14260,0.04755
26.2,2,0.29639,2.49449,3.13338,0.83849,-0.01514,0.21369,0.05147
26.22,0,-2.07006,2.49845,3.14095,0.51367,-0.00005,0.00000,
26.22,1,-0.92445,2.49416,3.12744,0.35852,-0.01592,0.14562,0.05771
26.22,2,0.27974,2.49463,3.13352,0.82991,0.02165,0.20419,0.05862
26.24,0,-2.08022,2.49846,3.14095,0.50131,0.00001,0.00000,
26.24,1,-0.93249,2.49427,3.12940,0.41104,0.14063,0.14774,0.06787
26.24,2,0.26310,2.49476,3.13405,0.82949,0.02569,0.19559,0.06666
26.26,0,-2.09006,2.49846,3.14096,0.50210,0.00000,0.00000,
26.26,1,-0.94105,2.49461,3.12953,0.45126,-0.08262,0.14902,0.07771
26.26,2,0.24665,2.49488,3.13447,0.81752,0.01798,0.18770,0.07522
26.28,0,-2.10025,2.49847,3.14096,0.51267,-0.00002,0.00000,
26.28,1,-0.95062,2.49475,3.12823,0.49267,-0.02783,0.14964,0.08790
26.28,2,0.23117,2.49500,3.13478,0.76021,0.01620,0.18179,0.08479
26.3,0,-2.11048,2.49848,3.14096,0.50945,0.00000,0.00000,
26.3,1,-0.96041,2.49484,3.12848,0.48128,0.03306,0.15008,0.09813
26.3,2,0.21574,2.49511,3.13515,0.77966,0.01955,0.17615,0.09458
26.32,0,-2.12062,2.49848,3.14096,0.50545,0.00001,0.00000,
26.32,1,-0.96978,2.49493,3.12913,0.45958,0.02700,0.15085,0.06072
26.32,2,0.20007,2.49521,3.13552,0.78447,0.01769,0.16985,0.10395
26.34,0,-2.13049,2.49849,3.14095,0.46731,-0.00019,0.00000,
26.34,1,-0.98266,2.49503,3.12974,0.64468,0.03452,0.14784,0.07059
26.34,2,0.18485,2.49530,3.13586,0.72288,0.01635,0.16751,0.11683
26.36,0,-2.13998,2.49850,3.14095,0.47992,0.00004,0.00000,
26.36,1,-0.99474,2.49515,3.13052,0.60076,0.03778,0.14524,0.08008
26.36,2,0.17286,2.49538,3.13618,0.50363,0.01649,0.16760,0.07387
26.38,0,-2.14965,2.49850,3.14095,0.48500,0.00005,0.00000,
26.38,1,-1.00569,2.49528,3.13099,0.42808,0.00756,0.14396,0.08975
26.38,2,0.16446,2.49545,3.13648,0.36214,0.01358,0.17015,0.04054
26.4,0,-2.15933,2.49851,3.14095,0.48249,-0.00000,0.00000,
26.4,1,-1.01380,2.49539,3.13117,0.41754,0.01468,0.14554,0.09943
26.4,2,0.15805,2.49552,3.13675,0.28953,0.01268,0.17185,0.04865
26.42,0,-2.16895,2.49852,3.14095,0.48016,-0.00001,0.00000,
26.42,1,-1.02239,2.49548,3.13154,0.43546,0.01875,0.14656,0.10905
26.42,2,0.15350,2.49558,3.13700,0.17981,0.01239,0.17589,0.05725
26.44,0,-2.17845,2.49852,3.14096,0.48615,0.00001,0.00000,
26.44,1,-1.03072,2.49557,3.13191,0.42505,0.01619,0.14773,0.11855
26.44,2,0.14676,2.49566,-3.13864,0.39243,0.02188,0.17748,0.06558
26.46,0,-2.18841,2.49853,3.14095,0.50281,-0.00002,0.00000,
26.46,1,-1.03980,2.49566,3.13217,0.46591,0.01182,0.14861,0.12851
26.46,2,0.14052,2.49572,-3.13865,0.28071,0.00783,0.18032,0.07466
26.48,0,-2.19833,2.49853,3.14096,0.50362,0.00000,0.00000,
26.48,1,-1.04894,2.49575,3.13242,0.44510,0.01341,0.14939,0.13843
26.48,2,0.13488,2.49575,-3.13830,0.28930,0.05779,0.18383,0.08380
26.5,0,-2.20854,2.49854,3.14095,0.51308,-0.00002,0.00000,
26.5,1,-1.05756,2.49583,3.13269,0.42201,0.01387,0.15099,0.09806
26.5,2,0.12673,2.49570,-3.13701,0.55475,0.03699,0.18429,0.03951
26.52,0,-2.21876,2.49855,3.14095,0.50769,0.00000,0.00000,
26.52,1,-1.06450,2.49590,3.13324,0.30083,0.03076,0.15426,0.05943
26.52,2,0.11495,2.49567,-3.13697,0.58365,-0.01648,0.17945,0.04645
26.54,0,-2.22885,2.49855,3.14095,0.50340,0.00001,0.00000,
26.54,1,-1.06859,2.49598,3.13371,0.11497,0.01655,0.16027,0.06953
26.54,2,0.10347,2.49564,-3.13732,0.55130,-0.01309,0.17206,0.00710
26.56,0,-2.23892,2.49856,3.14095,0.50378,0.00000,0.00000,
26.56,1,-1.07116,2.49601,3.13513,0.20632,0.11745,0.16777,0.07959
26.56,2,0.09502,2.49561,-3.13762,0.35927,-0.01514,0.16618,0.00967
26.58,0,-2.24886,2.49857,3.14095,0.46656,-0.00021,0.00000,
26.58,1,-1.07671,2.49605,3.13602,0.28491,-0.10867,0.17215,0.08953
26.58,2,0.09018,2.49558,-3.13783,0.21150,-0.00936,0.16689,0.01522
26.6,0,-2.25831,2.49857,3.14095,0.47805,0.00003,0.00000,
26.6,1,-1.08227,2.49610,3.13388,0.27823,-0.10956,0.17604,0.09898
26.6,2,0.08645,2.49555,-3.13801,0.11810,-0.00557,0.16872,0.02078
26.62,0,-2.26795,2.49858,3.14095,0.48340,0.00006,0.00000,
26.62,1,-1.08905,2.49576,3.13621,0.41498,0.16909,0.17890,0.05940
26.62,2,0.08446,2.49542,-3.13673,0.14776,0.13241,0.17351,0.02756
26.64,0,-2.27760,2.49859,3.14095,0.48129,-0.00000,0.00000,
26.64,1,-1.09801,2.49570,3.13717,0.52869,-0.03174,0.17959,0.06905
26.64,2,0.08061,2.49534,-3.13523,0.25030,-0.01348,0.17862,0.03652
26.66,0,-2.28716,2.49859,3.14095,0.46052,0.00008,0.00000,
26.66,1,-1.10963,2.49583,3.13644,0.59354,-0.01834,0.17754,0.07861
26.66,2,0.07555,2.49526,-3.13853,0.25300,-0.16620,0.18518,0.04813
26.68,0,-2.29669,2.49860,3.14096,0.50281,-0.00002,0.00000,
26.68,1,-1.12082,2.49595,3.13665,0.52859,0.02406,0.17588,0.08815
26.68,2,0.07021,2.49490,-3.13908,0.29240,0.15381,0.19103,0.05933
26.7,0,-2.30703,2.49860,3.14095,0.52054,-0.00004,0.00000,
26.7,1,-1.13122,2.49603,3.13705,0.51712,0.01291,0.17581,0.09848
26.7,2,0.06347,2.49474,-3.13584,0.36466,0.10657,0.19469,0.06973
26.72,0,-2.31731,2.49861,3.14095,0.50750,0.00001,0.00000,
26.72,1,-1.14157,2.49608,3.13715,0.51751,0.00113,0.17575,0.10876
26.72,2,0.05576,2.49475,-3.13548,0.39381,-0.03364,0.19733,0.08008
26.74,0,-2.32734,2.49862,3.14095,0.49867,0.00001,0.00000,
26.74,1,-1.15094,2.49613,3.13715,0.44816,0.00138,0.17641,0.11880
26.74,2,0.04790,2.49476,-3.13629,0.38505,-0.03246,0.19884,0.08945
26.76,0,-2.33732,2.49862,3.14095,0.50003,0.00000,0.00000,
26.76,1,-1.16018,2.49617,3.13724,0.49406,0.00649,0.17714,0.07901
26.76,2,0.04047,2.49476,-3.13661,0.36198,-0.00550,0.20066,0.09869
26.78,0,-2.34736,2.49863,3.14095,0.50299,0.00000,0.00000,
26.78,1,-1.17114,2.49622,3.13739,0.51164,0.00866,0.17622,0.08905
26.78,2,0.03245,2.49474,-3.13672,0.48674,-0.00922,0.20358,0.08595
26.8,0,-2.35742,2.49864,3.14095,0.50341,0.00000,0.00000,
26.8,1,-1.18190,2.49627,3.13750,0.55713,0.00325,0.17553,0.09911
26.8,2,0.02261,2.49469,-3.13697,0.43640,-0.01599,0.20452,0.09672
26.82,0,-2.36680,2.49864,3.14095,0.47338,-0.00000,0.00000,
26.82,1,-1.19235,2.49632,3.13754,0.41872,-0.00204,0.17445,0.10848
26.82,2,0.01465,2.49465,-3.13727,0.38198,-0.01248,0.20700,0.10717
26.84,0,-2.37636,2.49865,3.14095,0.48055,0.00006,0.00000,
26.84,1,-1.20143,2.49636,3.13748,0.50919,-0.01230,0.17493,0.01893
26.84,2,0.00773,2.49462,-3.13746,0.26681,-0.00689,0.20916,0.11625
26.86,0,-2.38597,2.49865,3.14095,0.47966,0.00001,0.00000,
26.86,1,-1.21162,2.49640,3.13750,0.47915,0.00993,0.17435,0.02854
26.86,2,0.00082,2.49459,-3.13764,0.46053,-0.00977,0.21244,0.07523
26.88,0,-2.39542,2.49866,3.14095,0.47297,0.00003,0.00000,
26.88,1,-1.22183,2.49644,3.13767,0.57297,0.00502,0.17359,0.03799
26.88,2,-0.00754,2.49456,-3.13787,0.36978,-0.01328,0.21429,0.08544
26.9,0,-2.40509,2.49867,3.14096,0.48563,0.00004,0.00000,
26.9,1,-1.23394,2.49649,3.13773,0.60990,0.00269,0.17116,0.04767
26.9,2,-0.01687,2.49453,-3.13812,0.55860,-0.01110,0.21707,0.09755
26.92,0,-2.41519,2.49867,3.14096,0.51440,-0.00003,0.00000,
26.92,1,-1.24564,2.49654,3.13780,0.56191,0.00434,0.16955,0.05776
26.92,2,-0.02877,2.49449,-3.13839,0.57074,-0.01745,0.21687,0.05820
26.94,0,-2.42546,2.49868,3.14095,0.51030,-0.00001,0.00000,
26.94,1,-1.25649,2.49658,3.13789,0.53267,0.00430,0.16898,0.06804
26.94,2,-0.04029,2.49447,-3.13886,0.58561,-0.02379,0.21620,0.06905
26.96,0,-2.43555,2.49869,3.14095,0.50071,0.00001,0.00000,
26.96,1,-1.26588,2.49662,3.13794,0.52068,0.00394,0.16967,0.03046
26.96,2,-0.05194,2.49443,-3.13903,0.52740,0.00855,0.21395,0.02597
26.98,0,-2.44554,2.49869,3.14095,0.49923,0.00001,0.00000,
26.98,1,-1.27843,2.49666,3.13806,0.58834,0.00685,0.16711,0.04045
26.98,2,-0.06311,2.49439,-3.13890,0.62515,0.00022,0.21532,0.03851
27.0,0,-2.45555,2.49870,3.14095,0.50163,0.00000,0.00000,
27.0,1,-1.28916,2.49670,3.13821,0.53644,0.00664,0.16639,0.05046
27.0,2,-0.07698,2.49434,-3.13905,0.71734,-0.01240,0.21218,0.04924
27.02,0,-2.46560,2.49871,3.14096,0.50272,0.00000,0.00000,
27.02,1,-1.29942,2.49674,3.13827,0.44258,-0.00027,0.16618,0.06050
27.02,2,-0.09055,2.49429,-3.13932,0.67414,-0.01194,0.20888,0.05951
27.04,0,-2.47565,2.49871,3.14096,0.50232,0.00000,0.00000,
27.04,1,-1.30875,2.49678,3.13831,0.48383,0.00342,0.16690,0.07056
27.04,2,-0.10402,2.49426,-3.13951,0.66840,-0.00779,0.20474,0.06884
27.06,0,-2.48554,2.49872,3.14095,0.46382,-0.00021,0.00000,
27.06,1,-1.31854,2.49681,3.13839,0.48731,0.00414,0.16700,0.08044
27.06,2,-0.11667,2.49423,-3.13965,0.55400,-0.00648,0.20187,0.07862
27.08,0,-2.49493,2.49872,3.14095,0.47493,0.00003,0.00000,
27.08,1,-1.32778,2.49684,3.13847,0.47671,0.00323,0.16716,0.08984
27.08,2,-0.12796,2.49421,-3.13981,0.57681,-0.00890,0.19981,0.08786
27.1,0,-2.50451,2.49873,3.14095,0.48059,0.00006,0.00000,
27.1,1,-1.33784,2.49688,3.13852,0.51327,0.00229,0.16666,0.09941
27.1,2,-0.13967,2.49419,-3.13999,0.58721,-0.00852,0.19818,0.09793
27.12,0,-2.51410,2.49874,3.14095,0.47869,0.00000,0.00000,
27.12,1,-1.34791,2.49691,3.13857,0.49049,0.00283,0.16620,0.10901
27.12,2,-0.15105,2.49417,-3.14015,0.55083,-0.00792,0.19686,0.10799
27.14,0,-2.52344,2.49874,3.14096,0.47854,0.00003,0.00000,
27.14,1,-1.35618,2.49694,3.13871,0.35047,0.00838,0.16726,0.06789
27.14,2,-0.16266,2.49415,-3.14030,0.59740,-0.00713,0.19352,0.11626
27.16,0,-2.53352,2.49875,3.14096,0.51703,-0.00005,0.00000,
27.16,1,-1.36146,2.49697,3.13883,0.16196,0.00335,0.17206,0.07797
27.16,2,-0.17458,2.49414,-3.14044,0.58781,-0.00725,0.18689,0.12155
27.18,0,-2.54384,2.49876,3.14095,0.51130,-0.00000,0.00000,
27.18,1,-1.36425,2.49699,3.13888,0.15310,0.00257,0.17959,0.08829
27.18,2,-0.18604,2.49412,-3.14059,0.56250,-0.00716,0.17821,0.12433
27.2,0,-2.55391,2.49876,3.14095,0.49842,0.00002,0.00000,
27.2,1,-1.36933,2.49701,3.13894,0.30385,0.00415,0.18458,0.09836
27.2,2,-0.19674,2.49411,-3.14073,0.47263,-0.00646,0.17260,0.07473
27.22,0,-2.56384,2.49877,3.14096,0.49651,0.00001,0.00000,
27.22,1,-1.37619,2.49703,3.13904,0.35132,0.00508,0.18765,0.10829
27.22,2,-0.20840,2.49410,-3.14088,0.61036,-0.00745,0.16780,0.08159
27.24,0,-2.57381,2.49878,3.14096,0.49975,0.00000,0.00000,
27.24,1,-1.38323,2.49705,3.13914,0.35417,0.00486,0.19058,0.11826
27.24,2,-0.21920,2.49409,-3.14102,0.52952,-0.00664,0.16403,0.08862
27.26,0,-2.58382,2.49878,3.14096,0.50120,0.00000,0.00000,
27.26,1,-1.39126,2.49707,3.13920,0.44813,0.00151,0.19256,0.12827
27.26,2,-0.23056,2.49409,-3.14114,0.58625,-0.00593,0.16071,0.09666
27.28,0,-2.59384,2.49879,3.14096,0.50066,0.00000,0.00000,
27.28,1,-1.40198,2.49709,3.13924,0.65191,0.00287,0.19186,0.08933
27.28,2,-0.24209,2.49408,-3.14127,0.58279,-0.00670,0.15990,0.05904
27.3,0,-2.60385,2.49879,3.14096,0.50008,0.00000,0.00000,
27.3,1,-1.41483,2.49711,3.13931,0.63259,0.00405,0.18902,0.09934
27.3,2,-0.25368,2.49408,-3.14140,0.56097,-0.00641,0.16115,0.07189
27.32,0,-2.61385,2.49880,3.14096,0.50008,0.00000,0.00000,
27.32,1,-1.42397,2.49714,3.13939,0.39456,0.00384,0.18988,0.05994
27.32,2,-0.26427,2.49407,-3.14152,0.50823,-0.00557,0.15970,0.08103
27.34,0,-2.62335,2.49881,3.14095,0.46768,-0.00007,0.00000,
27.34,1,-1.42954,2.49716,3.13942,0.17279,-0.00087,0.19381,0.06944
27.34,2,-0.27305,2.49407,3.14156,0.44675,-0.00513,0.15649,0.08660
27.36,0,-2.63283,2.49881,3.14095,0.47757,0.00007,0.00000,
27.36,1,-1.43251,2.49718,3.13939,0.14739,-0.00139,0.20032,0.07892
27.36,2,-0.28227,2.49407,3.14146,0.46814,-0.00536,0.15024,0.08957
27.38,0,-2.64240,2.49882,3.14095,0.47850,0.00002,0.00000,
27.38,1,-1.43857,2.49721,3.13929,0.48246,-0.01200,0.20383,0.03855
27.38,2,-0.29125,2.49407,3.14135,0.45916,-0.00523,0.14732,0.09564
27.4,0,-2.65173,2.49883,3.14096,0.46434,0.00008,0.00000,
27.4,1,-1.44720,2.49723,3.13908,0.40940,-0.00992,0.20453,0.04788
27.4,2,-0.30106,2.49408,3.14125,0.50292,-0.00496,0.14614,0.10426
27.42,0,-2.66162,2.49883,3.14096,0.51243,-0.00006,0.00000,
27.42,1,-1.45539,2.49725,3.13888,0.40940,-0.00997,0.20623,0.05777
27.42,2,-0.31186,2.49408,3.14112,0.58617,-0.00696,0.14353,0.08271
27.44,0,-2.67193,2.49884,3.14095,0.51282,-0.00001,0.00000,
27.44,1,-1.46364,2.49727,3.13873,0.43024,-0.00274,0.20829,0.06809
27.44,2,-0.32283,2.49408,3.14099,0.48067,-0.00563,0.14082,0.09096
27.46,0,-2.68203,2.49884,3.14096,0.49883,0.00002,0.00000,
27.46,1,-1.47428,2.49730,3.13877,0.59409,0.00412,0.20775,0.07818
27.46,2,-0.33285,2.49409,3.14093,0.48633,-0.00153,0.14144,0.02298
27.48,0,-2.69194,2.49885,3.14096,0.49482,0.00001,0.00000,
27.48,1,-1.48635,2.49733,3.13885,0.59049,0.00344,0.20560,0.08810
27.48,2,-0.34180,2.49409,3.14088,0.36241,-0.00448,0.14455,0.03505
27.5,0,-2.70187,2.49886,3.14096,0.49780,0.00000,0.00000,
27.5,1,-1.49749,2.49736,3.13891,0.53293,0.00241,0.20438,0.09802
27.5,2,-0.34955,2.49410,3.14078,0.41058,-0.00487,0.14795,0.04620
27.52,0,-2.71185,2.49886,3.14096,0.49980,0.00000,0.00000,
27.52,1,-1.50790,2.49738,3.13896,0.51688,0.00266,0.20395,0.10800
27.52,2,-0.35806,2.49410,3.14069,0.42972,-0.00414,0.14985,0.05661
27.54,0,-2.72185,2.49887,3.14096,0.49948,0.00000,0.00000,
27.54,1,-1.51760,2.49741,3.13900,0.49471,0.00290,0.20425,0.11800
27.54,2,-0.36619,2.49411,3.14061,0.41164,-0.00374,0.15141,0.06630
27.56,0,-2.73183,2.49888,3.14096,0.49881,0.00000,0.00000,
27.56,1,-1.52762,2.49743,3.13906,0.50209,0.00301,0.20421,0.12798
27.56,2,-0.37496,2.49412,3.14054,0.44978,-0.00395,0.15266,0.07632
27.58,0,-2.74180,2.49888,3.14096,0.49871,0.00000,0.00000,
27.58,1,-1.53753,2.49746,3.13912,0.48900,0.00257,0.20427,0.09007
27.58,2,-0.38380,2.49413,3.14046,0.43144,-0.00382,0.15373,0.03480
27.6,0,-2.75178,2.49889,3.14096,0.49888,0.00000,0.00000,
27.6,1,-1.54887,2.49749,3.13918,0.58600,0.00284,0.20290,0.10005
27.6,2,-0.39551,2.49414,3.14039,0.60220,-0.00318,0.15337,0.04615
27.62,0,-2.76176,2.49890,3.14096,0.49896,0.00000,0.00000,
27.62,1,-1.55955,2.49751,3.13924,0.49196,0.00298,0.20221,0.11003
27.62,2,-0.40708,2.49414,3.14075,0.57249,0.04464,0.15248,0.05682
27.64,0,-2.77173,2.49890,3.14096,0.49893,0.00000,0.00000,
27.64,1,-1.56928,2.49754,3.13928,0.48614,0.00217,0.20245,0.12001
27.64,2,-0.41857,2.49415,3.14135,0.57129,0.00944,0.15072,0.06655
27.66,0,-2.78135,2.49891,3.14095,0.46419,-0.00012,0.00000,
27.66,1,-1.57881,2.49756,3.13932,0.41511,0.00073,0.20253,0.12962
27.66,2,-0.42868,2.49416,3.14122,0.51318,-0.01078,0.15014,0.02428
27.68,0,-2.79076,2.49891,3.14095,0.47503,0.00006,0.00000,
27.68,1,-1.58734,2.49758,3.13936,0.43593,0.00244,0.20342,0.13903
27.68,2,-0.43807,2.49415,3.14107,0.47311,0.00750,0.14927,0.03280
27.7,0,-2.80030,2.49892,3.14096,0.47764,0.00004,0.00000,
27.7,1,-1.59615,2.49760,3.13941,0.44069,0.00256,0.20415,0.14857
27.7,2,-0.44820,2.49414,3.14148,0.53685,0.01633,0.14795,0.04161
27.72,0,-2.80961,2.49893,3.14096,0.46357,0.00008,0.00000,
27.72,1,-1.60412,2.49762,3.13950,0.35054,0.00554,0.20549,0.05784
27.72,2,-0.45931,2.49416,3.14154,0.55964,-0.00651,0.14482,0.04958
27.74,0,-2.81949,2.49893,3.14096,0.51156,-0.00006,0.00000,
27.74,1,-1.61182,2.49764,3.13959,0.44227,0.00291,0.20767,0.06772
27.74,2,-0.46981,2.49417,3.14135,0.52507,-0.00975,0.14201,0.01121
27.76,0,-2.82978,2.49894,3.14096,0.51177,-0.00001,0.00000,
27.76,1,-1.62148,2.49766,3.13964,0.51295,0.00225,0.20830,0.07801
27.76,2,-0.47752,2.49419,3.14116,0.37843,-0.00965,0.14397,0.02087
27.78,0,-2.83986,2.49895,3.14096,0.49775,0.00002,0.00000,
27.78,1,-1.63306,2.49768,3.13967,0.60540,0.00147,0.20680,0.08808
27.78,2,-0.48238,2.49420,3.14095,0.15068,-0.01052,0.15069,0.03244
27.8,0,-2.84975,2.49895,3.14096,0.49379,0.00001,0.00000,
27.8,1,-1.64483,2.49770,3.13970,0.56571,0.00159,0.20492,0.09797
27.8,2,-0.48541,2.49419,3.14086,0.15940,0.02948,0.15943,0.04422
27.82,0,-2.85966,2.49896,3.14096,0.49679,0.00000,0.00000,
27.82,1,-1.65560,2.49772,3.13973,0.52196,0.00171,0.20405,0.10788
27.82,2,-0.49001,2.49415,-3.14121,0.26511,0.04461,0.16560,0.05499
27.84,0,-2.86962,2.49896,3.14096,0.49878,0.00000,0.00000,
27.84,1,-1.66594,2.49774,3.13977,0.51635,0.00166,0.20368,0.11784
27.84,2,-0.49709,2.49415,-3.14113,0.42937,-0.07998,0.16885,0.06532
27.86,0,-2.87959,2.49897,3.14096,0.49846,0.00000,0.00000,
27.86,1,-1.67547,2.49776,3.13979,0.57099,0.00180,0.20412,0.07929
27.86,2,-0.50507,2.49410,-3.14111,0.38892,0.15021,0.17040,0.07485
27.88,0,-2.88955,2.49898,3.14096,0.49778,0.00000,0.00000,
27.88,1,-1.68744,2.49778,3.13984,0.53195,0.00321,0.20211,0.08925
27.88,2,-0.51349,2.49405,-3.13804,0.44070,0.08955,0.17396,0.08683
27.9,0,-2.89951,2.49898,3.14096,0.49769,0.00000,0.00000,
27.9,1,-1.69842,2.49780,3.13988,0.56677,0.00109,0.20109,0.09921
27.9,2,-0.52387,2.49403,-3.13053,0.60672,1.67080,0.17455,0.04809
27.92,0,-2.90946,2.49899,3.14096,0.49787,0.00000,0.00000,
27.92,1,-1.70916,2.49782,3.13989,0.43434,-0.00095,0.20030,0.10916
27.92,2,-0.53601,2.49401,-3.09712,0.60619,1.67048,0.17316,0.05884
27.94,0,-2.91942,2.49900,3.14096,0.49794,0.00000,0.00000,
27.94,1,-1.71793,2.49784,3.13989,0.44393,0.00060,0.20150,0.01991
27.94,2,-0.54659,2.49371,-3.07084,0.51962,0.71603,0.17135,0.06760
27.96,0,-2.92938,2.49900,3.14096,0.49791,0.00000,0.00000,
27.96,1,-1.72844,2.49785,3.13997,0.52856,0.00566,0.20094,0.02987
27.96,2,-0.55687,2.49304,-3.07133,0.47914,-0.34818,0.17158,0.07811
27.98,0,-2.93934,2.49901,3.14096,0.49788,0.00000,0.00000,
27.98,1,-1.73866,2.49787,3.14006,0.56270,0.00243,0.20068,0.03983
27.98,2,-0.56668,2.49219,-3.07531,0.50338,-0.08783,0.17199,0.08833
28.0,0,-2.94930,2.49902,3.14096,0.49788,0.00000,0.00000,
28.0,1,-1.75074,2.49789,3.14008,0.61675,0.00001,0.19856,0.04979
28.0,2,-0.57686,2.49144,-3.07663,0.51137,-0.08559,0.17390,0.10041
28.02,0,-2.95925,2.49902,3.14096,0.49789,0.00000,0.00000,
28.02,1,-1.76407,2.49791,3.14010,0.78963,0.00212,0.19518,0.00996
28.02,2,-0.58681,2.49083,-3.07941,0.52122,-0.15299,0.17729,0.11375
28.04,0,-2.96921,2.49903,3.14096,0.49789,0.00000,0.00000,
28.04,1,-1.77957,2.49793,3.14014,0.73167,0.00292,0.18964,0.01992
28.04,2,-0.59782,2.49020,-3.08258,0.65632,-0.20041,0.18177,0.02285
28.06,0,-2.97874,2.49903,3.14095,0.46447,-0.00010,0.00000,
28.06,1,-1.79380,2.49792,3.13976,0.67976,-0.02113,0.18494,0.02944
28.06,2,-0.61155,2.48957,-3.08689,0.68858,-0.18970,0.18228,0.03708
28.08,0,-2.98815,2.49904,3.14095,0.47481,0.00007,0.00000,
28.08,1,-1.80452,2.49797,3.13941,0.47503,-0.02632,0.18364,0.03886
28.08,2,-0.62495,2.48896,-3.09076,0.65873,-0.17898,0.17960,0.04780
28.1,0,-2.99768,2.49905,3.14096,0.47653,0.00003,0.00000,
28.1,1,-1.81408,2.49801,3.13895,0.48846,-0.01391,0.18360,0.04838
28.1,2,-0.63829,2.48832,-3.09326,0.62135,-0.07733,0.17584,0.05736
28.12,0,-3.00696,2.49905,3.14096,0.47597,0.00003,0.00000,
28.12,1,-1.82546,2.49804,3.13898,0.62851,0.01105,0.18150,0.00928
28.12,2,-0.64983,2.48772,-3.09492,0.58300,-0.11271,0.17568,0.06874
28.14,0,-3.01699,2.49906,3.14096,0.51417,-0.00006,0.00000,
28.14,1,-1.83848,2.49807,3.13922,0.65614,0.01171,0.17851,0.01931
28.14,2,-0.66157,2.48715,-3.09754,0.58883,-0.13431,0.17696,0.08176
28.16,0,-3.02725,2.49907,3.14096,0.50808,-0.00000,0.00000,
28.16,1,-1.85105,2.49811,3.13939,0.60320,0.00479,0.17620,0.02957
28.16,2,-0.67323,2.48663,-3.09999,0.57765,-0.11241,0.17787,0.09433
28.18,0,-3.03726,2.49907,3.14096,0.49518,0.00002,0.00000,
28.18,1,-1.86261,2.49813,3.13943,0.52166,0.00037,0.17465,0.03958
28.18,2,-0.68461,2.48616,-3.10211,0.56358,-0.10332,0.17805,0.10589
28.2,0,-3.04712,2.49908,3.14096,0.49338,0.00001,0.00000,
28.2,1,-1.87181,2.49816,3.13944,0.47496,0.00253,0.17532,0.04944
28.2,2,-0.69577,2.48571,-3.10419,0.55466,-0.10490,0.17611,0.11509
28.22,0,-3.05703,2.49908,3.14096,0.49665,0.00000,0.00000,
28.22,1,-1.88172,2.49818,3.13952,0.50620,0.00388,0.17530,0.05935
28.22,2,-0.70678,2.48530,-3.10628,0.54786,-0.10321,0.17501,0.12500
28.24,0,-3.06698,2.49909,3.14096,0.49809,0.00000,0.00000,
28.24,1,-1.89146,2.49820,3.13959,0.47293,0.00333,0.17552,0.06930
28.24,2,-0.71765,2.48492,-3.10829,0.54004,-0.09886,0.17389,0.13474
28.26,0,-3.07694,2.49910,3.14096,0.49753,0.00000,0.00000,
28.26,1,-1.90170,2.49822,3.13964,0.53196,0.00199,0.17524,0.07926
28.26,2,-0.72835,2.48456,-3.11023,0.53154,-0.09523,0.17343,0.14498
28.28,0,-3.08688,2.49910,3.14096,0.49695,0.00000,0.00000,
28.28,1,-1.91227,2.49824,3.13968,0.51819,0.00234,0.17461,0.08920
28.28,2,-0.73998,2.48422,-3.11211,0.68501,-0.09414,0.17238,0.09309
28.3,0,-3.09682,2.49911,3.14096,0.49696,0.00000,0.00000,
28.3,1,-1.92229,2.49826,3.13973,0.48970,0.00255,0.17453,0.09914
28.3,2,-0.75376,2.48383,-3.11392,0.62802,-0.09414,0.16862,0.10312
28.32,0,-3.10676,2.49912,3.14096,0.49713,0.00000,0.00000,
28.32,1,-1.93145,2.49828,3.13977,0.41183,0.00149,0.17531,0.10908
28.32,2,-0.76502,2.48349,-3.11582,0.54669,-0.08679,0.16652,0.11228
28.34,0,-3.11670,2.49912,3.14096,0.49717,0.00000,0.00000,
28.34,1,-1.93999,2.49830,3.13981,0.43855,0.00251,0.17671,0.11902
28.34,2,-0.77479,2.48320,-3.11723,0.40021,-0.05108,0.16530,0.12081
28.36,0,-3.12665,2.49913,3.14096,0.49713,0.00000,0.00000,
28.36,1,-1.94947,2.49831,3.13987,0.51407,0.00475,0.17718,0.02983
28.36,2,-0.78286,2.48291,-3.11815,0.42522,-0.03208,0.16671,0.07278
28.38,0,-3.13659,2.49913,3.14096,0.49711,0.00000,0.00000,
28.38,1,-1.95907,2.49833,3.13999,0.50262,0.00471,0.17752,0.03977
28.38,2,-0.79248,2.48264,-3.11899,0.46431,-0.06909,0.16669,0.03192
28.4,0,-3.14653,2.49914,3.14096,0.49712,0.00000,0.00000,
28.4,1,-1.97021,2.49835,3.14003,0.58389,0.00098,0.17632,0.04971
28.4,2,-0.80417,2.48239,-3.12428,0.60455,-0.34356,0.16615,0.04307
28.42,0,-3.15647,2.49915,3.14096,0.49712,0.00000,0.00000,
28.42,1,-1.98168,2.49837,3.14005,0.54617,0.00144,0.17480,0.05965
28.42,2,-0.81624,2.48198,-3.13119,0.60102,-0.35987,0.16556,0.05453
28.44,0,-3.16642,2.49915,3.14096,0.49712,0.00000,0.00000,
28.44,1,-1.99518,2.49838,3.14010,0.77675,0.00327,0.17124,0.01988
28.44,2,-0.82760,2.48150,-3.13650,0.47496,-0.14089,0.16770,0.06803
28.46,0,-3.17636,2.49916,3.14096,0.49712,0.00000,0.00000,
28.46,1,-2.01009,2.49840,3.14017,0.74562,0.00371,0.16627,0.02983
28.46,2,-0.83645,2.48142,-3.13786,0.44950,-0.02084,0.17376,0.08294
28.48,0,-3.18630,2.49917,3.14096,0.49712,0.00000,0.00000,
28.48,1,-2.02396,2.49842,3.14023,0.65228,0.00158,0.16234,0.03977
28.48,2,-0.84528,2.48146,-3.13800,0.44991,-0.01253,0.17880,0.09682
28.5,0,-3.19624,2.49917,3.14096,0.49712,0.00000,0.00000,
28.5,1,-2.03401,2.49843,3.14022,0.42423,-0.00120,0.16224,0.04971
28.5,2,-0.85512,2.48147,-3.13864,0.51144,-0.04400,0.17901,0.10686
28.52,0,-3.20619,2.49918,3.14096,0.49712,0.00000,0.00000,
28.52,1,-2.04250,2.49845,3.14020,0.42814,-0.00087,0.16368,0.05965
28.52,2,-0.86519,2.48146,-3.13955,0.48973,-0.04346,0.17743,0.11536
28.54,0,-3.21613,2.49919,3.14096,0.49712,0.00000,0.00000,
28.54,1,-2.05144,2.49847,3.14021,0.43693,0.00220,0.16469,0.06960
28.54,2,-0.87462,2.48144,-3.14033,0.45962,-0.03596,0.17694,0.12430
28.56,0,-3.22552,2.49919,3.14096,0.46624,-0.00005,0.00000,
28.56,1,-2.06117,2.49848,3.14026,0.52991,0.00197,0.16434,0.07898
28.56,2,-0.88499,2.48142,-3.14108,0.61670,-0.04433,0.17631,0.08512
28.58,0,-3.23495,2.49920,3.14096,0.47520,0.00007,0.00000,
28.58,1,-2.07191,2.49850,3.14029,0.52821,0.00148,0.16304,0.08842
28.58,2,-0.89659,2.48141,3.14123,0.53417,-0.04055,0.17545,0.03367
28.6,0,-3.24447,2.49920,3.14096,0.47538,0.00002,0.00000,
28.6,1,-2.08200,2.49851,3.14032,0.48599,0.00142,0.16247,0.09794
28.6,2,-0.90723,2.48141,3.14050,0.52775,-0.03125,0.17489,0.04375
28.62,0,-3.25381,2.49921,3.14096,0.49263,-0.00003,0.00000,
28.62,1,-2.09164,2.49852,3.14035,0.53972,0.00150,0.16217,0.05757
28.62,2,-0.91693,2.48142,3.13994,0.40523,-0.02811,0.17484,0.05339
28.64,0,-3.26400,2.49922,3.14096,0.51492,-0.00005,0.00000,
28.64,1,-2.10551,2.49853,3.14040,0.69882,0.00301,0.15849,0.01953
28.64,2,-0.92536,2.48143,3.13938,0.43700,-0.02816,0.18027,0.06726
28.66,0,-3.27418,2.49922,3.14096,0.50281,0.00001,0.00000,
28.66,1,-2.11932,2.49855,3.14046,0.64550,0.00356,0.15486,0.02971
28.66,2,-0.93428,2.48145,3.13883,0.44776,-0.02676,0.18516,0.08107
28.68,0,-3.28411,2.49923,3.14096,0.49291,0.00001,0.00000,
28.68,1,-2.13165,2.49856,3.14051,0.55745,0.00086,0.15246,0.03964
28.68,2,-0.94280,2.48147,3.13832,0.46085,-0.02540,0.18897,0.09340
28.7,0,-3.29397,2.49924,3.14096,0.49370,0.00000,0.00000,
28.7,1,-2.14014,2.49857,3.14050,0.40568,-0.00070,0.15383,0.04950
28.7,2,-0.95253,2.48150,3.13781,0.49242,-0.02495,0.18773,0.10189
28.72,0,-3.30388,2.49924,3.14096,0.49682,0.00000,0.00000,
28.72,1,-2.14842,2.49858,3.14049,0.43166,0.00038,0.15546,0.05941
28.72,2,-0.96205,2.48154,3.13732,0.45980,-0.02428,0.18649,0.00422
28.74,0,-3.31382,2.49925,3.14096,0.49745,0.00000,0.00000,
28.74,1,-2.15732,2.49859,3.14052,0.42271,0.00202,0.15651,0.06935
28.74,2,-0.97099,2.48157,3.13701,0.39825,-0.01278,0.18645,0.01312
28.76,0,-3.32377,2.49925,3.14096,0.49671,0.00000,0.00000,
28.76,1,-2.16652,2.49861,3.14056,0.38497,0.00218,0.15725,0.02980
28.76,2,-0.97778,2.48161,3.13666,0.32882,-0.01814,0.18886,0.02231
28.78,0,-3.33369,2.49926,3.14096,0.49632,0.00000,0.00000,
28.78,1,-2.17424,2.49862,3.14060,0.39411,0.00198,0.15945,0.03973
28.78,2,-0.98539,2.48165,3.13631,0.43107,-0.01755,0.18898,0.03004
28.8,0,-3.34362,2.49927,3.14096,0.49643,0.00000,0.00000,
28.8,1,-2.18258,2.49863,3.14062,0.44398,0.00071,0.16104,0.04966
28.8,2,-0.99424,2.48169,3.13596,0.45193,-0.01811,0.18846,0.03838
28.82,0,-3.35355,2.49927,3.14096,0.49657,0.00000,0.00000,
28.82,1,-2.19493,2.49864,3.14065,0.58767,0.00231,0.15862,0.00993
28.82,2,-1.00438,2.48175,3.13556,0.53075,-0.01964,0.19067,0.05073
28.84,0,-3.36348,2.49928,3.14096,0.49658,0.00000,0.00000,
28.84,1,-2.20633,2.49864,3.14070,0.56994,0.00247,0.15715,0.01986
28.84,2,-1.01454,2.48181,3.13520,0.50256,-0.01759,0.19191,0.06213
28.86,0,-3.37342,2.49929,3.14096,0.49654,0.00000,0.00000,
28.86,1,-2.21773,2.49865,3.14075,0.56901,0.00181,0.15569,0.02979
28.86,2,-1.02463,2.48188,3.13485,0.50205,-0.01747,0.19321,0.07352
28.88,0,-3.38335,2.49929,3.14096,0.49653,0.00000,0.00000,
28.88,1,-2.22900,2.49866,3.14076,0.55785,0.00028,0.15435,0.03972
28.88,2,-1.03385,2.48194,3.13446,0.38464,-0.02332,0.19526,0.08480
28.9,0,-3.39328,2.49930,3.14096,0.49654,0.00000,0.00000,
28.9,1,-2.23878,2.49867,3.14076,0.48524,0.00024,0.15449,0.04965
28.9,2,-1.04352,2.48200,3.13407,0.55955,-0.01850,0.19538,0.05027
28.92,0,-3.40321,2.49930,3.14096,0.49654,0.00000,0.00000,
28.92,1,-2.25155,2.49868,3.14078,0.67120,0.00147,0.15165,0.00993
28.92,2,-1.05316,2.48207,3.13382,0.43565,-0.00893,0.19851,0.06304
28.94,0,-3.41314,2.49931,3.14096,0.49654,0.00000,0.00000,
28.94,1,-2.26448,2.49869,3.14081,0.64643,0.00166,0.14866,0.01986
28.94,2,-1.06411,2.48215,3.13360,0.65899,-0.01305,0.20049,0.07597
28.96,0,-3.42307,2.49932,3.14096,0.49654,0.00000,0.00000,
28.96,1,-2.27641,2.49870,3.14085,0.59252,0.00116,0.14666,0.02979
28.96,2,-1.07886,2.48227,3.13333,0.76557,-0.01223,0.19767,0.08790
28.98,0,-3.43300,2.49932,3.14096,0.49654,0.00000,0.00000,
28.98,1,-2.28599,2.49871,3.14084,0.41834,-0.00080,0.14701,0.03972
28.98,2,-1.09517,2.48241,3.13305,0.80854,-0.01316,0.19093,0.09747
29.0,0,-3.44293,2.49933,3.14096,0.49654,0.00000,0.00000,
29.0,1,-2.29438,2.49871,3.14083,0.42498,-0.00053,0.14855,0.04965
29.0,2,-1.11169,2.48255,3.13277,0.83147,-0.01445,0.18279,0.10586
29.02,0,-3.45286,2.49934,3.14096,0.49654,0.00000,0.00000,
29.02,1,-2.30291,2.49872,3.14083,0.44357,0.00080,0.14995,0.05958
29.02,2,-1.12750,2.48269,3.13249,0.74083,-0.01305,0.17552,0.11439
29.04,0,-3.46279,2.49934,3.14096,0.49654,0.00000,0.00000,
29.04,1,-2.31321,2.49873,3.14084,0.54953,0.00050,0.14959,0.06952
29.04,2,-1.14048,2.48282,3.13217,0.53374,-0.02221,0.17283,0.12469
29.06,0,-3.47272,2.49935,3.14096,0.49654,0.00000,0.00000,
29.06,1,-2.32402,2.49874,3.14085,0.52090,0.00043,0.14871,0.07945
29.06,2,-1.15124,2.48296,3.13165,0.54648,-0.03845,0.17288,0.13550
29.08,0,-3.48265,2.49936,3.14096,0.49654,0.00000,0.00000,
29.08,1,-2.33389,2.49875,3.14086,0.47635,0.00045,0.14877,0.08938
29.08,2,-1.16336,2.48308,3.13109,0.70927,-0.00503,0.17064,0.08944
29.1,0,-3.49258,2.49936,3.14096,0.49654,0.00000,0.00000,
29.1,1,-2.34329,2.49875,3.14087,0.46915,0.00044,0.14930,0.09931
29.1,2,-1.17733,2.48322,3.13129,0.69293,0.01143,0.16606,0.09884
29.12,0,-3.50252,2.49937,3.14096,0.49654,0.00000,0.00000,
29.12,1,-2.35352,2.49876,3.14088,0.68000,0.00056,0.14899,0.00993
29.12,2,-1.19112,2.48335,3.13146,0.68033,0.00160,0.16250,0.10908
29.14,0,-3.51245,2.49937,3.14096,0.49654,0.00000,0.00000,
29.14,1,-2.36433,2.49877,3.14091,0.53335,0.00134,0.14812,0.01986
29.14,2,-1.20275,2.48349,3.13123,0.52812,-0.01388,0.16167,0.11988
29.16,0,-3.52238,2.49938,3.14096,0.49654,0.00000,0.00000,
29.16,1,-2.37499,2.49877,3.14093,0.53262,0.00092,0.14739,0.02979
29.16,2,-1.21350,2.48364,3.13070,0.54620,-0.01960,0.16159,0.13055
29.18,0,-3.53164,2.49939,3.14096,0.46811,-0.00000,0.00000,
29.18,1,-2.38545,2.49878,3.14094,0.51622,-0.00002,0.14618,0.03905
29.18,2,-1.22395,2.48375,3.13046,0.45989,0.00194,0.16161,0.03746
29.2,0,-3.54110,2.49939,3.14096,0.47532,0.00006,0.00000,
29.2,1,-2.39598,2.49879,3.14094,0.53099,0.00001,0.14511,0.04851
29.2,2,-1.23282,2.48393,3.12691,0.44629,-0.19859,0.16326,0.04799
29.22,0,-3.55044,2.49940,3.14096,0.44849,0.00015,0.00000,
29.22,1,-2.40653,2.49879,3.14094,0.52172,0.00028,0.14392,0.05786
29.22,2,-1.24182,2.48424,3.12397,0.48976,-0.05930,0.16479,0.05853
29.24,0,-3.56009,2.49940,3.14096,0.50474,-0.00006,0.00000,
29.24,1,-2.41680,2.49880,3.14095,0.50763,0.00031,0.14330,0.06751
29.24,2,-1.25249,2.48440,3.12430,0.54951,0.04733,0.16440,0.06881
29.26,0,-3.57035,2.49941,3.14096,0.51243,-0.00003,0.00000,
29.26,1,-2.42617,2.49881,3.14095,0.47235,0.00025,0.14418,0.07776
29.26,2,-1.26318,2.48454,3.12501,0.51650,0.01747,0.16307,0.07817
29.28,0,-3.58044,2.49942,3.14096,0.49808,0.00002,0.00000,
29.28,1,-2.43568,2.49881,3.14095,0.47666,0.00030,0.14475,0.08785
29.28,2,-1.27217,2.48468,3.12505,0.43336,0.00138,0.16360,0.08769
29.3,0,-3.59031,2.49942,3.14096,0.49183,0.00001,0.00000,
29.3,1,-2.44560,2.49882,3.14096,0.57849,0.00027,0.14471,0.04922
29.3,2,-1.28103,2.48483,3.12517,0.44943,0.00887,0.16465,0.09760
29.32,0,-3.60017,2.49943,3.14096,0.49430,0.00000,0.00000,
29.32,1,-2.45808,2.49883,3.14097,0.57212,0.00049,0.14209,0.05907
29.32,2,-1.29018,2.48498,3.12535,0.53075,0.00917,0.16797,0.05680
29.34,0,-3.61009,2.49944,3.14096,0.49681,0.00000,0.00000,
29.34,1,-2.46832,2.49883,3.14098,0.47042,0.00080,0.14177,0.01978
29.34,2,-1.29902,2.48512,3.12605,0.43515,0.03322,0.16938,0.06704
29.36,0,-3.62003,2.49944,3.14096,0.49678,0.00000,0.00000,
29.36,1,-2.47686,2.49884,3.14099,0.31547,-0.00024,0.14317,0.02971
29.36,2,-1.30876,2.48527,3.12635,0.52642,0.00236,0.16818,0.07558
29.38,0,-3.62995,2.49945,3.14096,0.49604,0.00000,0.00000,
29.38,1,-2.48242,2.49885,3.14098,0.28236,-0.00053,0.14753,0.03964
29.38,2,-1.31938,2.48543,3.12637,0.55254,0.00088,0.16312,0.08114
29.4,0,-3.63987,2.49946,3.14096,0.49585,0.00000,0.00000,
29.4,1,-2.48870,2.49885,3.14098,0.33471,0.00027,0.15117,0.04956
29.4,2,-1.33061,2.48560,3.12644,0.55707,0.00530,0.15817,0.08742
29.42,0,-3.64979,2.49946,3.14096,0.49601,0.00000,0.00000,
29.42,1,-2.49567,2.49886,3.14098,0.34808,0.00031,0.15412,0.05948
29.42,2,-1.34137,2.48576,3.12657,0.52302,0.00699,0.15437,0.09438
29.44,0,-3.65971,2.49947,3.14096,0.49611,0.00000,0.00000,
29.44,1,-2.50359,2.49887,3.14099,0.45070,0.00021,0.15612,0.06940
29.44,2,-1.35162,2.48592,3.12670,0.50688,0.00585,0.15205,0.10231
29.46,0,-3.66963,2.49947,3.14096,0.49609,0.00000,0.00000,
29.46,1,-2.51353,2.49887,3.14099,0.51637,0.00013,0.15610,0.07932
29.46,2,-1.36226,2.48607,3.12682,0.60296,0.01458,0.15134,0.06164
29.48,0,-3.67955,2.49948,3.14096,0.49606,0.00000,0.00000,
29.48,1,-2.52344,2.49888,3.14100,0.47072,0.00025,0.15611,0.08924
29.48,2,-1.37373,2.48620,3.13501,0.55218,1.53271,0.14979,0.03126
29.5,0,-3.68947,2.49949,3.14096,0.49605,0.00000,0.00000,
29.5,1,-2.53311,2.49888,3.14100,0.49074,0.00013,0.15636,0.09916
29.5,2,-1.38499,2.48624,-3.12616,0.58804,0.78619,0.14819,0.04093
29.52,0,-3.69940,2.49949,3.14096,0.49606,0.00000,0.00000,
29.52,1,-2.54290,2.49889,3.14100,0.48440,0.00015,0.15650,0.10908
29.52,2,-1.39704,2.48612,-3.10131,0.57753,1.12902,0.14592,0.05071
29.54,0,-3.70932,2.49950,3.14096,0.49606,0.00000,0.00000,
29.54,1,-2.55241,2.49889,3.14101,0.46922,0.00017,0.15691,0.11901
29.54,2,-1.40833,2.48579,-3.08415,0.52320,0.41375,0.14415,0.06023
29.56,0,-3.71924,2.49951,3.14096,0.49606,0.00000,0.00000,
29.56,1,-2.56345,2.49890,3.14100,0.58346,-0.00007,0.15578,0.07937
29.56,2,-1.41642,2.48531,-3.08600,0.32510,-0.31693,0.14712,0.07127
29.58,0,-3.72916,2.49951,3.14096,0.49606,0.00000,0.00000,
29.58,1,-2.57386,2.49890,3.14101,0.46093,0.00056,0.15530,0.08929
29.58,2,-1.42296,2.48499,-3.09163,0.33649,-0.19909,0.15098,0.08167
29.6,0,-3.73908,2.49952,3.14096,0.49606,0.00000,0.00000,
29.6,1,-2.58398,2.49891,3.14101,0.49560,-0.00020,0.15510,0.09921
29.6,2,-1.42990,2.48466,-3.09397,0.35255,-0.07974,0.15417,0.09179
29.62,0,-3.74900,2.49952,3.14096,0.49606,0.00000,0.00000,
29.62,1,-2.59283,2.49892,3.14101,0.44519,-0.00026,0.15617,0.10913
29.62,2,-1.43689,2.48432,-3.09577,0.34542,-0.10806,0.15603,0.10065
29.64,0,-3.75892,2.49953,3.14096,0.49606,0.00000,0.00000,
29.64,1,-2.60176,2.49892,3.14101,0.44605,0.00019,0.15717,0.11905
29.64,2,-1.44665,2.48400,-3.09876,0.58813,-0.11651,0.15520,0.06373
29.66,0,-3.76884,2.49954,3.14096,0.49606,0.00000,0.00000,
29.66,1,-2.61421,2.49893,3.14102,0.64473,0.00086,0.15464,0.07937
29.66,2,-1.45693,2.48368,-3.10170,0.50361,-0.15034,0.15737,0.07618
29.68,0,-3.77877,2.49954,3.14096,0.49606,0.00000,0.00000,
29.68,1,-2.62595,2.49893,3.14104,0.58184,0.00120,0.15281,0.03968
29.68,2,-1.46700,2.48345,-3.10467,0.50375,-0.13451,0.15905,0.08793
29.7,0,-3.78869,2.49955,3.14096,0.49606,0.00000,0.00000,
29.7,1,-2.63725,2.49894,3.14106,0.48144,-0.00001,0.15143,0.04961
29.7,2,-1.47682,2.48318,-3.10666,0.42567,-0.06540,0.16054,0.09923
29.72,0,-3.79861,2.49956,3.14096,0.49606,0.00000,0.00000,
29.72,1,-2.64592,2.49894,3.14105,0.44999,-0.00022,0.15269,0.05953
29.72,2,-1.48553,2.48285,-3.10828,0.44505,-0.09729,0.16050,0.10790
29.74,0,-3.80853,2.49956,3.14096,0.49606,0.00000,0.00000,
29.74,1,-2.65479,2.49895,3.14105,0.44620,0.00024,0.15374,0.06945
29.74,2,-1.49486,2.48251,-3.11041,0.50080,-0.10240,0.16004,0.06640
29.76,0,-3.81845,2.49957,3.14096,0.49606,0.00000,0.00000,
29.76,1,-2.66485,2.49896,3.14105,0.53180,-0.00003,0.15360,0.07937
29.76,2,-1.50677,2.48216,-3.11259,0.62183,-0.11208,0.15820,0.02334
29.78,0,-3.82837,2.49957,3.14096,0.49606,0.00000,0.00000,
29.78,1,-2.67531,2.49896,3.14105,0.49700,0.00006,0.15307,0.08929
29.78,2,-1.51867,2.48184,-3.11493,0.57218,-0.10660,0.15677,0.03379
29.8,0,-3.83829,2.49958,3.14096,0.49606,0.00000,0.00000,
29.8,1,-2.68514,2.49897,3.14105,0.48816,0.00003,0.15315,0.09921
29.8,2,-1.52971,2.48162,-3.11621,0.53081,-0.05212,0.15556,0.04363
29.82,0,-3.84821,2.49959,3.14096,0.49606,0.00000,0.00000,
29.82,1,-2.69484,2.49897,3.14105,0.48206,0.00003,0.15338,0.10913
29.82,2,-1.53833,2.48136,-3.11711,0.41808,-0.06202,0.15664,0.05332
29.84,0,-3.85814,2.49959,3.14096,0.49606,0.00000,0.00000,
29.84,1,-2.70657,2.49898,3.14106,0.73610,0.00026,0.15157,0.06945
29.84,2,-1.54705,2.48111,-3.11886,0.44751,-0.09866,0.15966,0.06506
29.86,0,-3.86806,2.49960,3.14096,0.49606,0.00000,0.00000,
29.86,1,-2.72115,2.49898,3.14106,0.69047,0.00061,0.14691,0.02976
29.86,2,-1.55632,2.48088,-3.12090,0.43150,-0.11611,0.16497,0.03115
29.88,0,-3.87798,2.49961,3.14096,0.49606,0.00000,0.00000,
29.88,1,-2.73621,2.49899,3.14108,0.75736,0.00069,0.14177,0.03968
29.88,2,-1.56436,2.48071,-3.12295,0.41703,-0.08324,0.17199,0.04620
29.9,0,-3.88790,2.49961,3.14096,0.49606,0.00000,0.00000,
29.9,1,-2.75026,2.49899,3.14108,0.54512,-0.00035,0.13764,0.04961
29.9,2,-1.57340,2.48055,-3.12437,0.46354,-0.07104,0.17700,0.06026
29.92,0,-3.89782,2.49962,3.14096,0.49606,0.00000,0.00000,
29.92,1,-2.76007,2.49899,3.14107,0.48175,-0.00399,0.13775,0.05953
29.92,2,-1.58399,2.48037,-3.12573,0.56232,-0.06573,0.17622,0.07007
29.94,0,-3.90745,2.49963,3.14096,0.46075,-0.00015,0.00000,
29.94,1,-2.76958,2.49898,3.14096,0.46958,-0.00314,0.13786,0.06916
29.94,2,-1.59510,2.48019,-3.12705,0.53865,-0.06638,0.17463,0.07958
29.96,0,-3.91679,2.49963,3.14096,0.47172,0.00006,0.00000,
29.96,1,-2.77855,2.49901,3.14097,0.46569,0.00167,0.13824,0.02889
29.96,2,-1.60536,2.48004,-3.12837,0.49653,-0.06548,0.17333,0.08854
29.98,0,-3.92628,2.49964,3.14096,0.47514,0.00004,0.00000,
29.98,1,-2.79197,2.49903,3.14096,0.64734,-0.00050,0.13430,0.03838
29.98,2,-1.61515,2.47991,-3.12965,0.48758,-0.06331,0.17698,0.10197
30.0,0,-3.93553,2.49964,3.14096,0.47487,0.00004,0.00000,
30.0,1,-2.80492,2.49905,3.14095,0.64505,-0.00218,0.13062,0.04763
30.0,2,-1.62497,2.47980,-3.13100,0.42435,-0.08510,0.18011,0.04968
30.02,0,-3.94554,2.49965,3.14096,0.51306,-0.00006,0.00000,
30.02,1,-2.81912,2.49904,3.14094,0.74773,0.00001,0.12642,0.01001
30.02,2,-1.63194,2.47968,-3.13055,0.25495,0.04408,0.18734,0.06388
30.04,0,-3.95578,2.49966,3.14096,0.50670,-0.00000,0.00000,
30.04,1,-2.83243,2.49904,3.14094,0.60446,0.00010,0.12334,0.02024
30.04,2,-1.63636,2.47950,-3.12875,0.23507,0.25005,0.19623,0.07720
30.06,0,-3.96575,2.49966,3.14096,0.49373,0.00002,0.00000,
30.06,1,-2.84157,2.49905,3.14094,0.41900,-0.00027,0.12418,0.03022
30.06,2,-1.64403,2.47911,-3.11876,0.54411,0.90658,0.19771,0.02993
30.08,0,-3.97559,2.49967,3.14096,0.49199,0.00001,0.00000,
30.08,1,-2.85005,2.49905,3.14093,0.43546,0.00002,0.12554,0.04006
30.08,2,-1.65399,2.47865,-3.11181,0.49425,0.24138,0.19624,0.03840
30.1,0,-3.98547,2.49967,3.14096,0.49530,0.00000,0.00000,
30.1,1,-2.85914,2.49906,3.14094,0.46560,0.00041,0.12633,0.04993
30.1,2,-1.66386,2.47820,-3.10700,0.49428,0.23952,0.19546,0.04749
30.12,0,-3.99539,2.49968,3.14096,0.49673,0.00000,0.00000,
30.12,1,-2.86843,2.49907,3.14095,0.45951,0.00035,0.12696,0.05986
30.12,2,-1.67334,2.47745,-3.09675,0.51636,0.78080,0.19529,0.05679
30.14,0,-4.00532,2.49969,3.14096,0.49615,0.00000,0.00000,
30.14,1,-2.87738,2.49907,3.14095,0.45372,0.00019,0.12795,0.06979
30.14,2,-1.68552,2.47676,-3.08739,0.68794,0.12309,0.19206,0.06573
30.16,0,-4.01524,2.49969,3.14096,0.49558,0.00000,0.00000,
30.16,1,-2.88644,2.49908,3.14096,0.46399,0.00015,0.12880,0.07971
30.16,2,-1.69950,2.47606,-3.08680,0.66368,0.13233,0.18716,0.07479
30.18,0,-4.02515,2.49970,3.14096,0.49559,0.00000,0.00000,
30.18,1,-2.89571,2.49909,3.14096,0.45920,0.00019,0.12944,0.08962
30.18,2,-1.71284,2.47529,-3.08435,0.68483,0.06950,0.18311,0.08407
30.2,0,-4.03506,2.49971,3.14096,0.49576,0.00000,0.00000,
30.2,1,-2.90470,2.49909,3.14097,0.44191,0.00021,0.13036,0.04960
30.2,2,-1.72748,2.47449,-3.08606,0.76944,-0.18826,0.17748,0.09305
30.22,0,-4.04498,2.49971,3.14096,0.49580,0.00000,0.00000,
30.22,1,-2.91208,2.49910,3.14098,0.32334,0.00100,0.13290,0.05951
30.22,2,-1.74314,2.47366,-3.09051,0.81305,-0.20635,0.16921,0.10043
30.24,0,-4.05490,2.49972,3.14096,0.49576,0.00000,0.00000,
30.24,1,-2.91654,2.49910,3.14099,0.13138,-0.00011,0.13835,0.06943
30.24,2,-1.75915,2.47285,-3.09398,0.76439,-0.15408,0.15769,0.10490
30.26,0,-4.06481,2.49973,3.14096,0.49574,0.00000,0.00000,
30.26,1,-2.91968,2.49911,3.14099,0.23329,0.00003,0.14513,0.07934
30.26,2,-1.77266,2.47219,-3.09720,0.56669,-0.22582,0.14734,0.05587
30.28,0,-4.07472,2.49973,3.14096,0.49575,0.00000,0.00000,
30.28,1,-2.92536,2.49911,3.14100,0.29365,0.00074,0.14937,0.08926
30.28,2,-1.78081,2.47162,-3.10182,0.35609,-0.21614,0.14488,0.06155
30.3,0,-4.08464,2.49974,3.14096,0.49575,0.00000,0.00000,
30.3,1,-2.93123,2.49912,3.14101,0.29365,0.00074,0.15341,0.09917
30.3,2,-1.78751,2.47106,-3.10601,0.25936,-0.18197,0.14407,0.06742
30.32,0,-4.09456,2.49974,3.14096,0.49575,0.00000,0.00000,
30.32,1,-2.93790,2.49912,3.14102,0.38799,0.00019,0.15666,0.10909
30.32,2,-1.79330,2.47061,-3.10840,0.33628,-0.07926,0.14495,0.07409
30.34,0,-4.10447,2.49975,3.14096,0.49575,0.00000,0.00000,
30.34,1,-2.94650,2.49912,3.14102,0.47023,-0.00003,0.15797,0.11900
30.34,2,-1.80028,2.47031,-3.11047,0.38822,-0.12797,0.14659,0.08270
30.36,0,-4.11439,2.49976,3.14096,0.49575,0.00000,0.00000,
30.36,1,-2.95623,2.49913,3.14102,0.47725,0.00005,0.15816,0.12892
30.36,2,-1.80896,2.46996,-3.11516,0.44119,-0.22785,0.14764,0.09242
30.38,0,-4.12430,2.49976,3.14096,0.49575,0.00000,0.00000,
30.38,1,-2.96563,2.49913,3.14102,0.46017,0.00008,0.15867,0.13883
30.38,2,-1.81770,2.46968,-3.11789,0.44500,-0.07885,0.14831,0.10182
30.4,0,-4.13422,2.49977,3.14096,0.49575,0.00000,0.00000,
30.4,1,-2.97625,2.49914,3.14103,0.68274,0.00027,0.15797,0.09915
30.4,2,-1.82667,2.46948,-3.11927,0.44730,-0.07788,0.14996,0.11244
30.42,0,-4.14413,2.49978,3.14096,0.49575,0.00000,0.00000,
30.42,1,-2.98949,2.49915,3.14104,0.60783,0.00090,0.15464,0.10907
30.42,2,-1.83453,2.46929,-3.12163,0.31327,-0.16810,0.15535,0.05521
30.44,0,-4.15405,2.49978,3.14096,0.49575,0.00000,0.00000,
30.44,1,-3.00139,2.49915,3.14105,0.56824,0.00026,0.15265,0.11898
30.44,2,-1.84058,2.46910,-3.12513,0.24446,-0.20772,0.16120,0.06710
30.46,0,-4.16396,2.49979,3.14096,0.49575,0.00000,0.00000,
30.46,1,-3.00992,2.49916,3.14104,0.35428,-0.00079,0.15405,0.12890
30.46,2,-1.84407,2.46895,-3.13193,0.18284,-0.25018,0.16623,0.07563
30.48,0,-4.17388,2.49979,3.14096,0.49575,0.00000,0.00000,
30.48,1,-3.01710,2.49916,3.14103,0.37134,-0.00033,0.15678,0.13881
30.48,2,-1.84847,2.46883,-3.13208,0.21793,0.07211,0.16902,0.08281
30.5,0,-4.18379,2.49980,3.14096,0.49575,0.00000,0.00000,
30.5,1,-3.02493,2.49917,3.14103,0.40349,0.00025,0.15886,0.09915
30.5,2,-1.85296,2.46872,-3.13287,0.22068,-0.07999,0.17237,0.09064
30.52,0,-4.19371,2.49981,3.14096,0.49575,0.00000,0.00000,
30.52,1,-3.03574,2.49917,3.14104,0.56834,0.00053,0.15797,0.10907
30.52,2,-1.85807,2.46856,-3.13280,0.30161,0.01744,0.17807,0.10145
30.54,0,-4.20273,2.49985,-3.14068,0.28943,0.51740,0.00000,
30.54,1,-3.04618,2.49918,3.14106,0.50359,0.00084,0.15655,0.11809
30.54,2,-1.86505,2.46849,-3.13344,0.37254,-0.07144,0.18153,0.11189
30.56,0,-4.20606,2.50035,-3.12918,0.10688,0.45223,0.00000,
30.56,1,-3.05612,2.49918,3.14107,0.49141,0.00018,0.14994,0.12142
30.56,2,-1.87239,2.46845,-3.13525,0.35442,-0.09367,0.18413,0.12183
30.58,0,-4.20777,2.50111,-3.12075,0.08051,0.41444,0.00000,
30.58,1,-3.06444,2.49919,3.14106,0.36719,-0.00071,0.14334,0.12314
30.58,2,-1.87911,2.46841,-3.13690,0.32474,-0.07304,0.18572,0.13015
30.6,0,-4.20899,2.50154,-3.11129,0.07210,0.65569,0.00000,
30.6,1,-3.07452,2.49919,3.14106,0.57110,0.00021,0.13448,0.07480
30.6,2,-1.88552,2.46838,-3.13824,0.31977,-0.06411,0.18939,0.14023
30.62,0,-4.20915,2.50122,-3.07506,-0.04995,2.89893,0.00000,
30.62,1,-3.08447,2.49919,3.14107,0.48723,0.00064,0.12468,0.02540
30.62,2,-1.89435,2.46836,-3.13966,0.55505,-0.08859,0.19052,0.10118
30.64,0,-4.20974,2.50099,-3.01948,0.10033,2.32371,0.00000,
30.64,1,-3.09424,2.49920,3.14108,0.49356,0.00043,0.11550,0.02598
30.64,2,-1.90429,2.46834,-3.14143,0.44686,-0.08855,0.19035,0.11095
30.66,0,-4.21193,2.50020,-2.97837,0.12668,1.93329,0.00000,
30.66,1,-3.10438,2.49920,3.14108,0.51488,-0.00009,0.10755,0.02814
30.66,2,-1.91362,2.46842,3.13879,0.51253,-0.19742,0.19115,0.12108
30.68,0,-4.21488,2.49889,-2.93858,0.17507,1.89920,0.00000,
30.68,1,-3.11260,2.49921,3.14100,0.38439,-0.01125,0.10229,0.00646
30.68,2,-1.92263,2.46847,3.13601,0.29720,-0.09705,0.19036,0.03300
30.7,0,-4.21916,2.49790,-2.90259,0.25370,1.78782,0.00000,
30.7,1,-3.12028,2.49921,3.14078,0.38439,-0.01128,0.09888,0.01080
30.7,2,-1.92609,2.46851,3.13646,0.11152,0.07388,0.19459,0.04068
30.72,0,-4.22449,2.49665,-2.86553,0.27982,1.90757,0.00000,
30.72,1,-3.12746,2.49922,3.14055,0.26179,-0.01205,0.09703,0.01625
30.72,2,-1.92794,2.46854,3.13793,0.07545,0.07281,0.19991,0.04786
30.74,0,-4.23013,2.49508,-2.82651,0.29733,1.95526,0.00000,
30.74,1,-3.13087,2.49920,3.14019,0.14762,-0.03092,0.09927,0.02211
30.74,2,-1.92859,2.46871,3.13553,0.06822,-0.50828,0.20267,0.00675
30.76,0,-4.23614,2.49314,-2.78746,0.32642,1.94069,0.00000,
30.76,1,-3.13382,2.49918,3.13971,0.18878,0.00143,0.10233,0.01763
30.76,2,-1.92937,2.46880,3.12609,0.09085,-0.29683,0.20483,0.00969
30.78,0,-4.24230,2.49086,-2.74924,0.34026,1.91437,0.00000,
30.78,1,-3.13749,2.49916,3.13926,0.18290,-0.02585,0.10485,0.02419
30.78,2,-1.93289,2.46886,3.12279,0.18754,-0.14246,0.20498,0.01336
30.8,0,-4.24877,2.48821,-2.71085,0.35456,1.92200,0.00000,
30.8,1,-3.14124,2.49925,3.13803,0.20830,-0.06161,0.10758,0.03115
30.8,2,-1.93664,2.46892,3.11986,0.19017,-0.17649,0.20498,0.01711
30.82,0,-4.25521,2.48527,-2.67269,0.35433,1.89583,0.00000,
30.82,1,-3.14709,2.49926,3.13768,0.34006,0.01224,0.10820,0.03819
30.82,2,-1.94114,2.46956,3.10941,0.26401,-0.66582,0.20632,0.02297
30.84,0,-4.26182,2.48193,-2.63427,0.38145,1.93342,0.00000,
30.84,1,-3.15392,2.49926,3.13812,0.32656,0.02169,0.10804,0.04555
30.84,2,-1.94944,2.47003,3.10284,0.54271,-0.04256,0.20484,0.02979
30.86,0,-4.26864,2.47817,-2.59559,0.39338,1.93088,0.00000,
30.86,1,-3.15990,2.49926,3.13839,0.28021,0.00752,0.10894,0.05327
30.86,2,-1.96115,2.47040,3.10502,0.58094,0.14266,0.19909,0.03577
30.88,0,-4.27544,2.47409,-2.55707,0.39874,1.92305,0.00000,
30.88,1,-3.16530,2.49927,3.13850,0.24676,0.00522,0.11042,0.06111
30.88,2,-1.97130,2.47072,3.10661,0.34493,0.03220,0.19435,0.02145
30.9,0,-4.28207,2.46970,-2.51926,0.40703,1.90246,0.00000,
30.9,1,-3.16978,2.49928,3.13863,0.23738,0.00832,0.11269,0.06894
30.9,2,-1.97553,2.47103,3.10997,0.13951,0.17366,0.19458,0.02593
30.92,0,-4.28893,2.46481,-2.48067,0.43018,1.93995,0.00000,
30.92,1,-3.17472,2.49930,3.13882,0.24938,0.00960,0.11475,0.07722
30.92,2,-1.97657,2.47137,3.11292,0.00380,0.13686,0.19848,0.03087
30.94,0,-4.29583,2.45949,-2.44194,0.43779,1.93133,0.00000,
30.94,1,-3.17949,2.49931,3.13900,0.21497,0.00871,0.11705,0.08575
30.94,2,-1.97596,2.47165,3.11582,-0.04615,0.22162,0.20385,0.03564
30.96,0,-4.30253,2.45388,-2.40379,0.42985,1.83753,0.00000,
30.96,1,-3.18422,2.49932,3.13916,0.25842,0.00746,0.11923,0.09428
30.96,2,-1.97748,2.47172,3.12140,0.17509,0.19414,0.20706,0.04038
30.98,0,-4.30914,2.44787,-2.36590,0.45826,1.92926,0.00000,
30.98,1,-3.19178,2.49934,3.12662,0.39442,-1.13746,0.11854,0.03477
30.98,2,-1.98134,2.47182,3.12354,0.18104,0.09034,0.21075,0.04793
31.0,0,-4.31583,2.44136,-2.32708,0.47106,1.94154,0.00000,
31.0,1,-3.19920,2.49935,3.10398,0.34774,-1.12558,0.11813,0.04408
31.0,2,-1.98496,2.47192,3.12537,0.18104,0.08968,0.21455,0.05535
31.02,0,-4.32235,2.43450,-2.28842,0.47407,1.92572,0.00000,
31.02,1,-3.20646,2.49952,3.08916,0.38873,-0.19023,0.11778,0.05349
31.02,2,-1.98899,2.47169,3.13016,0.27856,0.31246,0.21779,0.00375
31.04,0,-4.32864,2.42737,-2.25109,0.47610,1.69884,0.00000,
31.04,1,-3.21483,2.49993,3.09449,0.43552,0.44357,0.11616,0.06293
31.04,2,-1.99719,2.47167,3.12383,0.45887,-0.61349,0.21797,0.01214
31.06,0,-4.33460,2.42006,-2.22425,0.46154,1.07447,0.00000,
31.06,1,-3.22350,2.50034,3.10134,0.42657,0.22511,0.11400,0.07228
31.06,2,-2.00695,2.47187,3.11653,0.48234,-0.10557,0.21689,0.02081
31.08,0,-4.34026,2.41267,-2.20251,0.46729,1.14166,0.00000,
31.08,1,-3.23176,2.50068,3.10391,0.40425,0.08719,0.11199,0.08148
31.08,2,-2.01714,2.47214,3.11779,0.52051,0.12276,0.21496,0.02908
31.1,0,-4.34582,2.40510,-2.17861,0.47176,1.20940,0.00000,
31.1,1,-3.23920,2.50098,3.10577,0.34128,0.10696,0.11076,0.09076
31.1,2,-2.02735,2.47241,3.11931,0.49833,0.02467,0.21219,0.03653
31.12,0,-4.35125,2.39732,-2.15521,0.47594,1.12863,0.00000,
31.12,1,-3.24628,2.50125,3.10849,0.36305,0.14936,0.10985,0.10012
31.12,2,-2.03703,2.47264,3.11905,0.47461,-0.02689,0.20959,0.04361
31.14,0,-4.35652,2.38938,-2.13349,0.47676,1.06010,0.00000,
31.14,1,-3.25358,2.50150,3.11136,0.36312,0.13413,0.10863,0.10952
31.14,2,-2.04643,2.47285,3.11870,0.46880,-0.00642,0.20748,0.05091
31.16,0,-4.36162,2.38132,-2.11263,0.47664,1.03087,0.00000,
31.16,1,-3.26059,2.50172,3.11387,0.33212,0.12352,0.10760,0.11891
31.16,2,-2.05571,2.47306,3.11873,0.42885,-0.00269,0.20521,0.05792
31.18,0,-4.36653,2.37327,-2.09282,0.45052,0.89211,0.00000,
31.18,1,-3.26764,2.50192,3.11625,0.36641,0.11697,0.10640,0.12819
31.18,2,-2.06380,2.47327,3.11865,0.41393,0.00097,0.20418,0.06498
31.2,0,-4.37115,2.36546,-2.07359,0.45658,0.99294,0.00000,
31.2,1,-3.27498,2.50216,3.12145,0.30680,0.42300,0.10467,0.09393
31.2,2,-2.07220,2.47346,3.11871,0.42155,0.00251,0.20311,0.07232
31.22,0,-4.37561,2.35741,-2.05422,0.46187,0.93508,0.00000,
31.22,1,-3.28106,2.50221,3.12781,0.32579,0.30110,0.10409,0.10306
31.22,2,-2.08044,2.47366,3.11874,0.38283,0.00480,0.20096,0.07840
31.24,0,-4.37993,2.34923,-2.03628,0.46231,0.87335,0.00000,
31.24,1,-3.28904,2.50224,3.12025,0.42914,-1.00739,0.10156,0.01845
31.24,2,-2.08855,2.47384,3.11877,0.43287,-0.00220,0.20082,0.08638
31.26,0,-4.38408,2.34098,-2.01908,0.46144,0.85175,0.00000,
31.26,1,-3.29771,2.50249,3.11118,0.41975,0.12074,0.09830,0.02768
31.26,2,-2.09739,2.47404,3.11872,0.43967,-0.00184,0.20066,0.09506
31.28,0,-4.38803,2.33278,-2.00208,0.46176,0.84243,0.00000,
31.28,1,-3.30691,2.50277,3.12070,0.48259,0.58075,0.09441,0.03678
31.28,2,-2.10600,2.47424,3.11871,0.46561,-0.00165,0.20124,0.06424
31.3,0,-4.39209,2.32400,-1.98582,0.49591,0.78922,0.00000,
31.3,1,-3.31658,2.50299,3.12977,0.47645,0.33260,0.09030,0.04645
31.3,2,-2.11780,2.47447,3.11865,0.60752,-0.00308,0.19912,0.07392
31.32,0,-4.39611,2.31490,-1.97049,0.49487,0.75232,0.00000,
31.32,1,-3.32578,2.50311,3.13488,0.44784,0.23113,0.08675,0.05638
31.32,2,-2.12797,2.47471,3.11871,0.43974,-0.00113,0.19815,0.04784
31.34,0,-4.39992,2.30588,-1.95567,0.48592,0.73138,0.00000,
31.34,1,-3.33458,2.50318,3.13994,0.43631,0.27449,0.08345,0.06616
31.34,2,-2.13516,2.47488,3.11850,0.26598,-0.02827,0.19975,0.05663
31.36,0,-4.40355,2.29690,-1.94131,0.48435,0.70628,0.00000,
31.36,1,-3.34322,2.50319,-3.13751,0.40009,0.29646,0.08021,0.07583
31.36,2,-2.13914,2.47505,3.11765,0.18333,-0.04617,0.20442,0.06528
31.38,0,-4.40707,2.28784,-1.92750,0.48696,0.67817,0.00000,
31.38,1,-3.35171,2.50315,-3.13460,0.46747,-0.69821,0.07710,0.03914
31.38,2,-2.14329,2.47526,3.11629,0.25275,-0.06410,0.20875,0.07377
31.4,0,-4.41048,2.27870,-1.91422,0.48873,0.65207,0.00000,
31.4,1,-3.36128,2.50315,3.12474,0.47642,-1.11323,0.07295,0.04889
31.4,2,-2.14900,2.47543,3.11596,0.29414,0.01784,0.21259,0.08333
31.42,0,-4.41378,2.26949,-1.90145,0.48909,0.62796,0.00000,
31.42,1,-3.37080,2.50324,3.12162,0.49112,0.91858,0.06885,0.00978
31.42,2,-2.15659,2.47563,3.11632,0.42154,0.01204,0.21452,0.09285
31.44,0,-4.41695,2.26023,-1.88914,0.48921,0.60515,0.00000,
31.44,1,-3.38113,2.50331,-3.13668,0.53215,1.10774,0.06396,0.01956
31.44,2,-2.16511,2.47583,3.11650,0.55454,0.01790,0.21633,0.05987
31.46,0,-4.42002,2.25094,-1.87729,0.48961,0.58288,0.00000,
31.46,1,-3.39129,2.50332,-3.12408,0.49251,0.31163,0.05923,0.02935
31.46,2,-2.17682,2.47603,3.11721,0.55143,0.04382,0.21477,0.07003
31.48,0,-4.42297,2.24160,-1.86587,0.49013,0.56134,0.00000,
31.48,1,-3.40083,2.50320,-3.11935,0.46538,0.26825,0.05509,0.03915
31.48,2,-2.18784,2.47624,3.11799,0.55018,0.02412,0.21328,0.07957
31.5,0,-4.42582,2.23221,-1.85487,0.49055,0.54068,0.00000,
31.5,1,-3.40977,2.50300,-3.11192,0.38568,0.46175,0.05152,0.04895
31.5,2,-2.19875,2.47648,3.11804,0.54010,-0.00920,0.21132,0.08852
31.52,0,-4.42857,2.22279,-1.84427,0.49090,0.52080,0.00000,
31.52,1,-3.41811,2.50272,-3.10113,0.49358,0.87291,0.04852,0.00982
31.52,2,-2.21007,2.47673,3.11776,0.67789,-0.00139,0.20831,0.05215
31.54,0,-4.43118,2.21373,-1.83464,0.46072,0.48020,0.00000,
31.54,1,-3.42861,2.50229,-3.08474,0.50796,0.57271,0.04327,0.01925
31.54,2,-2.22278,2.47697,3.11793,0.55198,0.02804,0.20610,0.06266
31.56,0,-4.43365,2.20474,-1.82454,0.46958,0.50782,0.00000,
31.56,1,-3.43746,2.50182,-3.07733,0.44666,0.30216,0.03954,0.02856
31.56,2,-2.23383,2.47726,3.11838,0.55607,0.01077,0.20388,0.07152
31.58,0,-4.43603,2.19562,-1.81482,0.47167,0.46589,0.00000,
31.58,1,-3.44661,2.50124,-3.07044,0.46248,0.39146,0.03554,0.03799
31.58,2,-2.24311,2.47753,3.11812,0.43253,-0.01275,0.20374,0.08068
31.6,0,-4.43828,2.18669,-1.80512,0.46577,0.47921,0.00000,
31.6,1,-3.45503,2.50060,-3.06146,0.39313,0.45549,0.03215,0.04720
31.6,2,-2.25234,2.47775,3.11814,0.47889,0.00800,0.20290,0.08911
31.62,0,-4.44058,2.17713,-1.79657,0.50556,0.40195,0.00000,
31.62,1,-3.46300,2.49994,-3.05338,0.40376,0.37246,0.02950,0.05703
31.62,2,-2.26135,2.47797,3.11848,0.45591,0.02364,0.20185,0.04939
31.64,0,-4.44285,2.16726,-1.78854,0.50273,0.40582,0.00000,
31.64,1,-3.47101,2.49923,-3.04617,0.39893,0.35723,0.02697,0.06715
31.64,2,-2.27115,2.47820,3.11880,0.50958,0.00716,0.20004,0.05743
31.66,0,-4.44499,2.15758,-1.78038,0.49065,0.40546,0.00000,
31.66,1,-3.47883,2.49848,-3.03899,0.38802,0.36032,0.02454,0.07705
31.66,2,-2.28131,2.47843,3.11881,0.49951,-0.00213,0.19769,0.06529
31.68,0,-4.44702,2.14802,-1.77246,0.48845,0.38730,0.00000,
31.68,1,-3.48647,2.49770,-3.03184,0.38110,0.35289,0.02222,0.08682
31.68,2,-2.29209,2.47865,3.11902,0.67425,0.04050,0.19453,0.02760
31.7,0,-4.44898,2.13842,-1.76492,0.49153,0.36982,0.00000,
31.7,1,-3.49400,2.49687,-3.02494,0.37681,0.33912,0.02004,0.09661
31.7,2,-2.30616,2.47894,3.12047,0.62986,0.09913,0.18797,0.03518
31.72,0,-4.45089,2.12875,-1.75767,0.49318,0.35662,0.00000,
31.72,1,-3.50143,2.49600,-3.01830,0.37183,0.32658,0.01801,0.10645
31.72,2,-2.31845,2.47918,3.12117,0.58522,-0.02904,0.18310,0.04266
31.74,0,-4.45272,2.11906,-1.75068,0.49290,0.34389,0.00000,
31.74,1,-3.50875,2.49509,-3.01189,0.36604,0.31564,0.01611,0.11630
31.74,2,-2.32850,2.47943,3.12031,0.37661,-0.05565,0.18035,0.05003
31.76,0,-4.45448,2.10937,-1.74394,0.49250,0.33084,0.00000,
31.76,1,-3.51594,2.49415,-3.00569,0.36040,0.30497,0.01435,0.12614
31.76,2,-2.33623,2.47969,3.11909,0.39850,-0.02486,0.17980,0.01836
31.78,0,-4.45618,2.09966,-1.73746,0.49261,0.31828,0.00000,
31.78,1,-3.52320,2.49303,-3.00964,0.35272,-0.50632,0.01252,0.03942
31.78,2,-2.34475,2.47988,3.11973,0.44492,0.05284,0.17852,0.02570
31.8,0,-4.45781,2.08994,-1.73123,0.49288,0.30638,0.00000,
31.8,1,-3.53002,2.49227,-3.01296,0.34685,0.24029,0.01127,0.04927
31.8,2,-2.35346,2.48006,3.12057,0.42702,0.02916,0.17663,0.03256
31.82,0,-4.45939,2.08021,-1.72523,0.49305,0.29493,0.00000,
31.82,1,-3.53731,2.49129,-3.00157,0.38400,0.69196,0.00956,0.05913
31.82,2,-2.36274,2.48025,3.12078,0.48257,0.00309,0.17462,0.03992
31.84,0,-4.46090,2.07047,-1.71945,0.49312,0.28387,0.00000,
31.84,1,-3.54506,2.49016,-2.98949,0.39167,0.50400,0.00743,0.06899
31.84,2,-2.37228,2.48045,3.12090,0.46553,0.01022,0.17282,0.04774
31.86,0,-4.46236,2.06071,-1.71389,0.49320,0.27322,0.00000,
31.86,1,-3.55263,2.48899,-2.98089,0.37511,0.40091,0.00551,0.07885
31.86,2,-2.38126,2.48063,3.12118,0.43848,0.01558,0.17140,0.05540
31.88,0,-4.46377,2.05095,-1.70854,0.49329,0.26298,0.00000,
31.88,1,-3.56105,2.48758,-2.96523,0.45734,1.09911,0.00277,0.03945
31.88,2,-2.39036,2.48081,3.12168,0.53558,0.06104,0.17071,0.02780
31.9,0,-4.46513,2.04117,-1.70339,0.49338,0.25312,0.00000,
31.9,1,-3.57042,2.48600,-2.94786,0.45572,0.60147,0.00082,0.04932
31.9,2,-2.40216,2.48104,3.12314,0.57622,0.05700,0.16827,0.03730
31.92,0,-4.46643,2.03139,-1.69843,0.49346,0.24364,0.00000,
31.92,1,-3.57895,2.48436,-2.93967,0.41451,0.33221,0.00360,0.05918
31.92,2,-2.41208,2.48124,3.12382,0.46359,0.01439,0.16687,0.04598
31.94,0,-4.46769,2.02160,-1.69366,0.49353,0.23451,0.00000,
31.94,1,-3.58657,2.48275,-2.93190,0.33221,0.53772,0.00550,0.06905
31.94,2,-2.42089,2.48141,3.12397,0.39868,0.00220,0.16568,0.05377
31.96,0,-4.46890,2.01181,-1.68907,0.49360,0.22572,0.00000,
31.96,1,-3.59223,2.48125,-2.91991,0.29997,0.58162,0.00556,0.07892
31.96,2,-2.42834,2.48157,3.12393,0.41044,-0.00031,0.16389,0.01787
31.98,0,-4.47006,2.00200,-1.68465,0.49366,0.21727,0.00000,
31.98,1,-3.59837,2.47979,-2.91017,0.32553,0.40707,0.00595,0.08879
31.98,2,-2.43634,2.48172,3.12409,0.37397,0.02494,0.16203,0.02418
32.0,0,-4.47118,1.99219,-1.68039,0.49372,0.20913,0.00000,
32.0,1,-3.60438,2.47835,-2.90376,0.33735,0.34189,0.00617,0.09866
32.0,2,-2.44543,2.48188,3.12469,0.52975,0.02902,0.15895,0.03036
32.02,0,-4.47226,1.98238,-1.67630,0.49377,0.20129,0.00000,
32.02,1,-3.61183,2.47653,-2.89475,0.44963,0.78002,0.00777,0.05923
32.02,2,-2.45652,2.48207,3.12525,0.54957,0.02773,0.15533,0.03803
32.04,0,-4.47330,1.97255,-1.67235,0.49382,0.19376,0.00000,
32.04,1,-3.62120,2.47407,-2.87579,0.48582,0.68444,0.01127,0.01975
32.04,2,-2.46684,2.48225,3.12581,0.48931,0.02816,0.15439,0.04772
32.06,0,-4.47430,1.96273,-1.66856,0.49387,0.18650,0.00000,
32.06,1,-3.63050,2.47152,-2.86756,0.45992,0.31498,0.01467,0.02963
32.06,2,-2.47627,2.48239,3.12636,0.46475,0.02711,0.15428,0.05736
32.08,0,-4.47527,1.95290,-1.66491,0.49391,0.17952,0.00000,
32.08,1,-3.63863,2.46919,-2.85987,0.39858,0.45886,0.01688,0.03951
32.08,2,-2.48562,2.48254,3.12689,0.47025,0.02599,0.15309,0.06581
32.1,0,-4.47620,1.94306,-1.66139,0.49395,0.17279,0.00000,
32.1,1,-3.64469,2.46724,-2.84828,0.31904,0.52105,0.01706,0.04938
32.1,2,-2.49397,2.48267,3.12731,0.41773,0.02397,0.15082,0.07216
32.12,0,-4.47709,1.93322,-1.65801,0.49399,0.16632,0.00000,
32.12,1,-3.65112,2.46524,-2.83938,0.34670,0.41477,0.01752,0.05926
32.12,2,-2.50250,2.48280,3.12784,0.42911,0.02707,0.14876,0.07889
32.14,0,-4.47795,1.92338,-1.65475,0.49402,0.16010,0.00000,
32.14,1,-3.65768,2.46317,-2.83100,0.32559,0.39948,0.01805,0.06914
32.14,2,-2.51089,2.48291,3.12836,0.39015,0.02647,0.14696,0.08575
32.16,0,-4.47878,1.91354,-1.65161,0.49405,0.15411,0.00000,
32.16,1,-3.66536,2.46069,-2.81711,0.44646,0.63927,0.01967,0.02964
32.16,2,-2.51911,2.48303,3.12926,0.40577,0.16452,0.14646,0.01838
32.18,0,-4.47958,1.90369,-1.64860,0.49408,0.14834,0.00000,
32.18,1,-3.67329,2.45808,-2.80857,0.41278,0.37790,0.02151,0.03952
32.18,2,-2.52674,2.48311,3.13475,0.37765,0.23996,0.14683,0.02673
32.2,0,-4.48035,1.89383,-1.64569,0.49411,0.14279,0.00000,
32.2,1,-3.68080,2.45544,-2.80021,0.38553,0.45824,0.02292,0.04940
32.2,2,-2.53459,2.48317,3.13691,0.40492,0.01916,0.14655,0.03469
32.22,0,-4.48109,1.88398,-1.64289,0.49413,0.13744,0.00000,
32.22,1,-3.68775,2.45291,-2.79022,0.32550,0.58381,0.02375,0.05929
32.22,2,-2.54280,2.48321,3.13678,0.41054,-0.00110,0.14535,0.04208
32.24,0,-4.48180,1.87412,-1.64020,0.49415,0.13230,0.00000,
32.24,1,-3.69338,2.45070,-2.77923,0.31257,0.44524,0.02325,0.06917
32.24,2,-2.55050,2.48325,3.13728,0.36939,0.04237,0.14334,0.04812
32.26,0,-4.48248,1.86426,-1.63761,0.49418,0.12735,0.00000,
32.26,1,-3.69936,2.44840,-2.77141,0.32239,0.37966,0.02301,0.07905
32.26,2,-2.55790,2.48328,3.13826,0.37017,0.04887,0.14199,0.05453
32.28,0,-4.48314,1.85440,-1.63512,0.49419,0.12259,0.00000,
32.28,1,-3.70496,2.44619,-2.76466,0.31337,0.37549,0.02236,0.08893
32.28,2,-2.56527,2.48331,3.13911,0.36646,0.03785,0.14029,0.06054
32.3,0,-4.48378,1.84454,-1.63271,0.49421,0.11800,0.00000,
32.3,1,-3.71146,2.44358,-2.75570,0.36711,0.46313,0.02259,0.09882
32.3,2,-2.57273,2.48333,3.13992,0.37897,0.08478,0.13943,0.02908
32.32,0,-4.48439,1.83467,-1.63040,0.49423,0.11359,0.00000,
32.32,1,-3.71814,2.44087,-2.74711,0.34866,0.39885,0.02296,0.10870
32.32,2,-2.57767,2.48334,3.14100,0.23217,0.01736,0.14126,0.03629
32.34,0,-4.48498,1.82481,-1.62818,0.49425,0.10934,0.00000,
32.34,1,-3.72472,2.43800,-2.74650,0.36665,-0.62108,0.02327,0.01977
32.34,2,-2.58062,2.48335,-3.14041,0.12701,0.19684,0.14500,0.04347
32.36,0,-4.48554,1.81494,-1.62604,0.49426,0.10525,0.00000,
32.36,1,-3.73129,2.43535,-2.75456,0.33727,-0.00749,0.02336,0.02965
32.36,2,-2.58526,2.48334,-3.13714,0.26903,0.09683,0.14703,0.05054
32.38,0,-4.48609,1.80507,-1.62398,0.49427,0.10131,0.00000,
32.38,1,-3.73758,2.43278,-2.74434,0.34928,0.77913,0.02312,0.03954
32.38,2,-2.59001,2.48335,-3.13761,0.21728,-0.05107,0.14868,0.05734
32.4,0,-4.48662,1.79519,-1.62199,0.49429,0.09753,0.00000,
32.4,1,-3.74390,2.43008,-2.72911,0.35322,0.64543,0.02291,0.04943
32.4,2,-2.59547,2.48321,-3.12892,0.34764,0.83417,0.14966,0.03148
32.42,0,-4.48712,1.78532,-1.62008,0.49430,0.09388,0.00000,
32.42,1,-3.75038,2.42723,-2.71867,0.35037,0.46182,0.02284,0.05931
32.42,2,-2.60353,2.48314,-3.11812,0.45275,0.19905,0.14821,0.03855
32.44,0,-4.48761,1.77545,-1.61824,0.49431,0.09037,0.00000,
32.44,1,-3.75662,2.42443,-2.70936,0.33584,0.48277,0.02250,0.06920
32.44,2,-2.61275,2.48304,-3.11913,0.46001,-0.13425,0.14537,0.04540
32.46,0,-4.48808,1.76557,-1.61647,0.49432,0.08699,0.00000,
32.46,1,-3.76264,2.42165,-2.69940,0.32907,0.50086,0.02189,0.07908
32.46,2,-2.62159,2.48290,-3.12050,0.42460,0.00186,0.14269,0.05202
32.48,0,-4.48853,1.75570,-1.61477,0.49433,0.08374,0.00000,
32.48,1,-3.76864,2.41881,-2.68928,0.36747,0.65151,0.02125,0.03954
32.48,2,-2.62977,2.48274,-3.11946,0.40147,0.06930,0.14066,0.05866
32.5,0,-4.48896,1.74582,-1.61313,0.49434,0.08061,0.00000,
32.5,1,-3.77646,2.41481,-2.67328,0.42856,0.58113,0.02265,0.04943
32.5,2,-2.63991,2.48250,-3.11575,0.55968,0.21033,0.13856,0.03241
32.52,0,-4.48938,1.73594,-1.61155,0.49434,0.07760,0.00000,
32.52,1,-3.78413,2.41082,-2.66214,0.48065,0.74935,0.02386,0.00989
32.52,2,-2.65019,2.48224,-3.11336,0.45888,0.04816,0.13619,0.04105
32.54,0,-4.48978,1.72606,-1.61003,0.49435,0.07470,0.00000,
32.54,1,-3.79342,2.40584,-2.64373,0.51365,0.86578,0.02685,0.01977
32.54,2,-2.65828,2.48203,-3.11307,0.37672,0.00855,0.13769,0.05158
32.56,0,-4.49017,1.71618,-1.60857,0.49436,0.07191,0.00000,
32.56,1,-3.80174,2.40136,-2.62995,0.43195,0.53868,0.02871,0.02966
32.56,2,-2.66484,2.48182,-3.11235,0.31288,0.05022,0.13974,0.06103
32.58,0,-4.49055,1.70630,-1.60716,0.49436,0.06922,0.00000,
32.58,1,-3.80843,2.39763,-2.62066,0.31332,0.47277,0.02881,0.03955
32.58,2,-2.67172,2.48163,-3.11080,0.32076,0.07429,0.13981,0.03202
32.6,0,-4.49091,1.69642,-1.60580,0.49437,0.06664,0.00000,
32.6,1,-3.81328,2.39480,-2.61042,0.28742,0.52871,0.02691,0.04944
32.6,2,-2.67848,2.48139,-3.10845,0.35179,0.12139,0.13810,0.03763
32.62,0,-4.49125,1.68654,-1.60450,0.49438,0.06415,0.00000,
32.62,1,-3.81850,2.39171,-2.60029,0.31326,0.47905,0.02539,0.05932
32.62,2,-2.68640,2.48113,-3.10701,0.46203,0.04336,0.13563,0.04370
32.64,0,-4.49158,1.67666,-1.60324,0.49438,0.06175,0.00000,
32.64,1,-3.82355,2.38859,-2.59368,0.32013,0.36861,0.02372,0.06921
32.64,2,-2.69608,2.48083,-3.10627,0.49026,0.04318,0.13124,0.04962
32.66,0,-4.49191,1.66678,-1.60203,0.49439,0.05945,0.00000,
32.66,1,-3.82969,2.38481,-2.58395,0.37741,0.52353,0.02322,0.07910
32.66,2,-2.70497,2.48051,-3.10785,0.32674,-0.54277,0.12878,0.01624
32.68,0,-4.49221,1.65689,-1.60087,0.49439,0.05723,0.00000,
32.68,1,-3.83593,2.38093,-2.57424,0.35303,0.44546,0.02279,0.08899
32.68,2,-2.71120,2.48024,-3.13536,0.25268,-1.33993,0.12911,0.02359
32.7,0,-4.49251,1.64701,-1.59974,0.49439,0.05509,0.00000,
32.7,1,-3.84247,2.37670,-2.56264,0.48230,0.85066,0.02276,0.04944
32.7,2,-2.71437,2.47955,3.12368,0.11942,-1.12976,0.13278,0.03138
32.72,0,-4.49280,1.63713,-1.59867,0.49440,0.05304,0.00000,
32.72,1,-3.85049,2.37161,-2.54824,0.42917,0.56312,0.02428,0.05933
32.72,2,-2.71741,2.47871,3.10816,0.20120,-0.23243,0.13813,0.04088
32.74,0,-4.49307,1.62724,-1.59763,0.49440,0.05106,0.00000,
32.74,1,-3.85727,2.36705,-2.53797,0.39512,0.48297,0.02452,0.01978
32.74,2,-2.72372,2.47851,3.10111,0.25830,0.63262,0.13902,0.04904
32.76,0,-4.49334,1.61736,-1.59663,0.49440,0.04915,0.00000,
32.76,1,-3.86587,2.36099,-2.52156,0.55466,0.85259,0.02701,0.02966
32.76,2,-2.72854,2.47847,3.11686,0.24673,0.55763,0.14338,0.05955
32.78,0,-4.49359,1.60747,-1.59566,0.49441,0.04732,0.00000,
32.78,1,-3.87428,2.35516,-2.50539,0.45498,0.64257,0.02913,0.03955
32.78,2,-2.73384,2.47831,3.12850,0.29303,0.49265,0.14707,0.06978
32.8,0,-4.49384,1.59759,-1.59474,0.49441,0.04555,0.00000,
32.8,1,-3.88001,2.35090,-2.49642,0.32136,0.36792,0.02827,0.04944
32.8,2,-2.73994,2.47832,3.13397,0.32046,0.13924,0.14717,0.07691
32.82,0,-4.49408,1.58770,-1.59384,0.49441,0.04385,0.00000,
32.82,1,-3.88506,2.34708,-2.48893,0.30543,0.39205,0.02658,0.05933
32.82,2,-2.74664,2.47837,3.13604,0.33555,0.11427,0.14596,0.08323
32.84,0,-4.49430,1.57782,-1.59299,0.49441,0.04222,0.00000,
32.84,1,-3.89006,2.34325,-2.48071,0.32186,0.41875,0.02481,0.06922
32.84,2,-2.75301,2.47841,3.13914,0.28862,0.18162,0.14506,0.08952
32.86,0,-4.49452,1.56793,-1.59216,0.49442,0.04064,0.00000,
32.86,1,-3.89517,2.33929,-2.47251,0.32119,0.39963,0.02316,0.07910
32.86,2,-2.75904,2.47842,-3.14034,0.32054,0.17868,0.14462,0.09597
32.88,0,-4.49473,1.55804,-1.59136,0.49442,0.03913,0.00000,
32.88,1,-3.90012,2.33537,-2.46474,0.31081,0.38083,0.02132,0.08899
32.88,2,-2.76562,2.47842,-3.13703,0.33004,0.15666,0.14348,0.10226
32.9,0,-4.49494,1.54816,-1.59060,0.49442,0.03767,0.00000,
32.9,1,-3.90621,2.33024,-2.45463,0.42850,0.33587,0.02110,0.04944
32.9,2,-2.77399,2.47839,3.14040,0.50366,-1.18023,0.14188,0.07400
32.92,0,-4.49513,1.53827,-1.58986,0.49442,0.03626,0.00000,
32.92,1,-3.91282,2.32484,-2.44871,0.40866,0.19047,0.02134,0.00989
32.92,2,-2.78318,2.47836,3.11684,0.44127,-1.17671,0.14003,0.08252
32.94,0,-4.49532,1.52838,-1.58915,0.49442,0.03491,0.00000,
32.94,1,-3.91947,2.31939,-2.44308,0.43607,0.44547,0.02158,0.01978
32.94,2,-2.79204,2.47832,3.10154,0.47120,-0.17957,0.13857,0.09110
32.96,0,-4.49550,1.51850,-1.58846,0.49442,0.03361,0.00000,
32.96,1,-3.92558,2.31424,-2.43315,0.34289,0.46249,0.02122,0.02967
32.96,2,-2.80358,2.47861,3.11700,0.62446,1.16372,0.13397,0.02081
32.98,0,-4.49568,1.50861,-1.58781,0.49443,0.03236,0.00000,
32.98,1,-3.93074,2.30985,-2.42395,0.33797,0.45973,0.01962,0.03955
32.98,2,-2.81539,2.47899,3.13391,0.54673,0.47595,0.12810,0.02758
33.0,0,-4.49585,1.49872,-1.58717,0.49443,0.03115,0.00000,
33.0,1,-3.93585,2.30539,-2.41495,0.33950,0.43775,0.01801,0.04944
33.0,2,-2.82511,2.47915,3.13820,0.39585,0.12434,0.12425,0.03436
33.02,0,-4.49601,1.48884,-1.58656,0.49443,0.02999,0.00000,
33.02,1,-3.94086,2.30094,-2.40684,0.31921,0.30277,0.01628,0.05933
33.02,2,-2.83274,2.47922,-3.14118,0.40274,0.26365,0.12237,0.04106
33.04,0,-4.49616,1.47895,-1.58597,0.49443,0.02887,0.00000,
33.04,1,-3.94583,2.29642,-2.39953,0.35377,0.44161,0.01454,0.06922
33.04,2,-2.84121,2.47922,-3.13495,0.43332,0.32322,0.11965,0.04778
33.06,0,-4.49631,1.46906,-1.58541,0.49443,0.02780,0.00000,
33.06,1,-3.95112,2.29156,-2.39049,0.35723,0.43638,0.01322,0.07911
33.06,2,-2.84961,2.47916,-3.12898,0.38399,0.27803,0.11737,0.05496
33.08,0,-4.49646,1.45917,-1.58486,0.49443,0.02676,0.00000,
33.08,1,-3.95620,2.28682,-2.38247,0.33929,0.37677,0.01163,0.08900
33.08,2,-2.85802,2.47906,-3.12379,0.44387,0.25226,0.11488,0.06190
33.1,0,-4.49660,1.44929,-1.58434,0.49443,0.02577,0.00000,
33.1,1,-3.96103,2.28224,-2.37517,0.32928,0.36068,0.00973,0.09889
33.1,2,-2.86631,2.47891,-3.11790,0.28391,0.44209,0.11224,0.03082
33.12,0,-4.49673,1.43940,-1.58384,0.49443,0.02481,0.00000,
33.12,1,-3.96575,2.27769,-2.36798,0.32734,0.35804,0.00770,0.10877
33.12,2,-2.86981,2.47886,-3.11118,0.09652,0.28926,0.11426,0.03738
33.14,0,-4.49686,1.42951,-1.58335,0.49443,0.02388,0.00000,
33.14,1,-3.97010,2.27350,-2.36142,0.29378,0.33537,0.00512,0.11866
33.14,2,-2.87044,2.47899,-3.10611,-0.00671,0.19687,0.11870,0.04342
33.16,0,-4.49699,1.41962,-1.58288,0.49443,0.02299,0.00000,
33.16,1,-3.97429,2.26937,-2.35446,0.29381,0.34745,0.00236,0.12855
33.16,2,-2.87097,2.47922,-3.11010,0.10010,-0.34681,0.12311,0.04930
33.18,0,-4.49710,1.40974,-1.58243,0.49444,0.02214,0.00000,
33.18,1,-3.97990,2.26351,-2.34476,0.46883,0.41883,0.00178,0.08900
33.18,2,-2.87452,2.47914,-3.11146,0.22907,0.00113,0.12621,0.02330
33.2,0,-4.49722,1.39985,-1.58200,0.49444,0.02131,0.00000,
33.2,1,-3.98554,2.25759,-2.33851,0.39319,0.29098,0.00123,0.09889
33.2,2,-2.87883,2.47904,-3.11152,0.21504,-0.00175,0.12864,0.03147
33.22,0,-4.49733,1.38996,-1.58158,0.49444,0.02052,0.00000,
33.22,1,-3.99085,2.25211,-2.33222,0.37052,0.33154,0.00009,0.10878
33.22,2,-2.88326,2.47920,-3.11298,0.23351,-0.19865,0.13063,0.03911
33.24,0,-4.49744,1.38007,-1.58118,0.49444,0.01976,0.00000,
33.24,1,-3.99515,2.24772,-2.32661,0.27303,0.28263,0.00255,0.11866
33.24,2,-2.88840,2.47944,-3.11525,0.31567,0.09890,0.13075,0.04526
33.26,0,-4.49754,1.37018,-1.58079,0.49444,0.01902,0.00000,
33.26,1,-3.99899,2.24367,-2.31959,0.28422,0.37900,0.00575,0.07911
33.26,2,-2.89599,2.47918,-3.10876,0.41182,0.41475,0.12786,0.05083
33.28,0,-4.49764,1.36029,-1.58042,0.49444,0.01831,0.00000,
33.28,1,-4.00446,2.23761,-2.31116,0.38906,0.27486,0.00643,0.08900
33.28,2,-2.90407,2.47882,-3.10128,0.38446,0.32798,0.12652,0.05899
33.3,0,-4.49773,1.35041,-1.58006,0.49444,0.01763,0.00000,
33.3,1,-4.00943,2.23204,-2.30597,0.37232,0.25658,0.00783,0.09889
33.3,2,-2.91119,2.47848,-3.09555,0.33874,0.26785,0.12555,0.06644
33.32,0,-4.49783,1.34052,-1.57971,0.49444,0.01698,0.00000,
33.32,1,-4.01560,2.22475,-2.29711,0.58364,0.59233,0.00718,0.05933
33.32,2,-2.91776,2.47819,-3.08876,0.26112,0.40877,0.12671,0.04065
33.34,0,-4.49791,1.33063,-1.57938,0.49444,0.01635,0.00000,
33.34,1,-4.02275,2.21662,-2.28534,0.50880,0.65464,0.00537,0.06922
33.34,2,-2.92276,2.47798,-3.08366,0.26122,0.21102,0.13061,0.05147
33.36,0,-4.49800,1.32074,-1.57906,0.49444,0.01574,0.00000,
33.36,1,-4.02875,2.20978,-2.27434,0.41213,0.42505,0.00528,0.07911
33.36,2,-2.92789,2.47772,-3.07847,0.31499,0.28450,0.13300,0.06057
33.38,0,-4.49808,1.31085,-1.57875,0.49444,0.01515,0.00000,
33.38,1,-4.03293,2.20531,-2.26961,0.27548,0.20180,0.00817,0.08900
33.38,2,-2.93495,2.47726,-3.07245,0.39403,0.38169,0.13116,0.03158
33.4,0,-4.49816,1.30096,-1.57846,0.49444,0.01459,0.00000,
33.4,1,-4.03690,2.20093,-2.26466,0.38882,0.44877,0.01129,0.04944
33.4,2,-2.94282,2.47679,-3.06485,0.39504,0.36806,0.12832,0.03748
33.42,0,-4.49823,1.29108,-1.57817,0.49444,0.01405,0.00000,
33.42,1,-4.04229,2.19423,-2.25634,0.39870,0.35110,0.01172,0.05933
33.42,2,-2.95088,2.47656,-3.06076,0.41007,0.10880,0.12733,0.04607
33.44,0,-4.49831,1.28119,-1.57790,0.49444,0.01353,0.00000,
33.44,1,-4.04731,2.18804,-2.24934,0.39839,0.34387,0.01281,0.06922
33.44,2,-2.96045,2.47583,-3.05701,0.51994,0.26449,0.12432,0.05404
33.46,0,-4.49838,1.27130,-1.57763,0.49444,0.01302,0.00000,
33.46,1,-4.05221,2.18192,-2.24285,0.38425,0.32654,0.01405,0.07911
33.46,2,-2.97085,2.47489,-3.05075,0.50984,0.32887,0.12035,0.06188
33.48,0,-4.49845,1.26141,-1.57738,0.49444,0.01254,0.00000,
33.48,1,-4.05686,2.17607,-2.23592,0.34977,0.31512,0.01568,0.08900
33.48,2,-2.98094,2.47392,-3.04044,0.51266,0.68589,0.11639,0.02738
33.5,0,-4.49851,1.25152,-1.57713,0.49444,0.01207,0.00000,
33.5,1,-4.06102,2.17089,-2.22928,0.33454,0.38153,0.01815,0.09889
33.5,2,-2.99067,2.47288,-3.02919,0.45140,0.44135,0.11214,0.03403
33.52,0,-4.49857,1.24163,-1.57689,0.49444,0.01162,0.00000,
33.52,1,-4.06516,2.16556,-2.22150,0.33877,0.37665,0.02053,0.05933
33.52,2,-2.99950,2.47186,-3.02329,0.44092,0.22386,0.10881,0.04078
33.54,0,-4.49863,1.23174,-1.57667,0.49444,0.01119,0.00000,
33.54,1,-4.07102,2.15752,-2.21168,0.52712,0.41394,0.01976,0.06922
33.54,2,-3.00647,2.47100,-3.01783,0.18656,0.22969,0.10975,0.01333
33.56,0,-4.49869,1.22186,-1.57645,0.49444,0.01078,0.00000,
33.56,1,-4.07662,2.14996,-2.20360,0.44900,0.37155,0.01957,0.07911
33.56,2,-3.00901,2.47052,-3.01413,0.11800,0.19399,0.11470,0.02274
33.58,0,-4.49875,1.21197,-1.57624,0.49444,0.01038,0.00000,
33.58,1,-4.08174,2.14297,-2.19688,0.39380,0.27076,0.02013,0.08900
33.58,2,-3.01003,2.47025,-3.01061,0.01115,0.16440,0.12056,0.03140
33.6,0,-4.49880,1.20208,-1.57603,0.49444,0.00999,0.00000,
33.6,1,-4.08573,2.13795,-2.19296,0.30786,0.26143,0.02298,0.09889
33.6,2,-3.01107,2.46978,-3.00256,0.12890,0.57892,0.12472,0.03781
33.62,0,-4.49885,1.19219,-1.57584,0.49444,0.00962,0.00000,
33.62,1,-4.08941,2.13294,-2.18658,0.31581,0.35305,0.02599,0.10878
33.62,2,-3.01484,2.46918,-2.99453,0.22906,0.10239,0.12595,0.04403
33.64,0,-4.49890,1.18230,-1.57565,0.49444,0.00926,0.00000,
33.64,1,-4.09311,2.12771,-2.17961,0.32174,0.33242,0.02882,0.11867
33.64,2,-3.01969,2.46857,-2.99765,0.24545,-0.16869,0.12624,0.05044
33.66,0,-4.49895,1.17241,-1.57547,0.49444,0.00892,0.00000,
33.66,1,-4.09669,2.12258,-2.17337,0.30165,0.30308,0.03181,0.12855
33.66,2,-3.02496,2.46747,-2.99586,0.28070,0.30160,0.12586,0.05669
33.68,0,-4.49900,1.16252,-1.57529,0.49444,0.00859,0.00000,
33.68,1,-4.10041,2.11713,-2.16720,0.39540,0.39499,0.03448,0.08900
33.68,2,-3.03160,2.46635,-2.98828,0.39758,0.39367,0.12442,0.06328
33.7,0,-4.49904,1.15263,-1.57512,0.49444,0.00827,0.00000,
33.7,1,-4.10579,2.10880,-2.15787,0.48377,0.45467,0.03387,0.09889
33.7,2,-3.03987,2.46512,-2.98188,0.41399,0.26518,0.12389,0.07319
33.72,0,-4.49908,1.14275,-1.57496,0.49444,0.00796,0.00000,
33.72,1,-4.11100,2.10092,-2.14874,0.44425,0.45970,0.03379,0.10878
33.72,2,-3.04750,2.46393,-2.97640,0.35632,0.47485,0.12374,0.00461
33.74,0,-4.49913,1.13286,-1.57481,0.49444,0.00767,0.00000,
33.74,1,-4.11601,2.09375,-2.14595,0.39579,-0.15368,0.03446,0.01978
33.74,2,-3.05885,2.46258,-2.97029,0.60112,0.19330,0.11964,0.01335
33.76,0,-4.49916,1.12297,-1.57466,0.49444,0.00738,0.00000,
33.76,1,-4.11987,2.08810,-2.14828,0.27380,-0.14898,0.03698,0.02967
33.76,2,-3.06909,2.46112,-2.96813,0.49420,0.21275,0.11503,0.02020
33.78,0,-4.49920,1.11308,-1.57451,0.49444,0.00711,0.00000,
33.78,1,-4.12303,2.08390,-2.14871,0.19461,0.69372,0.04115,0.03956
33.78,2,-3.07928,2.45903,-2.95957,0.53621,0.48172,0.10912,0.02545
33.8,0,-4.49924,1.10319,-1.57437,0.49444,0.00685,0.00000,
33.8,1,-4.12581,2.08085,-2.13838,0.22193,0.76793,0.04655,0.04944
33.8,2,-3.08831,2.45711,-2.94965,0.45601,0.35317,0.10362,0.02955
33.82,0,-4.49928,1.09330,-1.57424,0.49444,0.00659,0.00000,
33.82,1,-4.12827,2.07634,-2.12224,0.28653,0.65611,0.05072,0.05933
33.82,2,-3.09745,2.45535,-2.94494,0.46644,0.20028,0.09829,0.03465
33.84,0,-4.49931,1.08341,-1.57411,0.49444,0.00635,0.00000,
33.84,1,-4.13200,2.06995,-2.11177,0.41879,0.48955,0.05270,0.06922
33.84,2,-3.10624,2.45361,-2.94058,0.45341,0.26129,0.09517,0.04203
33.86,0,-4.49934,1.07352,-1.57398,0.49444,0.00611,0.00000,
33.86,1,-4.13623,2.06269,-2.10228,0.41321,0.39680,0.05370,0.07911
33.86,2,-3.11546,2.45173,-2.93458,0.47666,0.30882,0.09240,0.05042
33.88,0,-4.49937,1.06364,-1.57386,0.49444,0.00589,0.00000,
33.88,1,-4.14025,2.05589,-2.09580,0.38799,0.27262,0.05524,0.08900
33.88,2,-3.12465,2.44980,-2.92882,0.46086,0.26914,0.08931,0.05830
33.9,0,-4.49940,1.05375,-1.57375,0.49444,0.00567,0.00000,
33.9,1,-4.14415,2.04919,-2.09055,0.38740,0.27205,0.05694,0.09889
33.9,2,-3.13345,2.44790,-2.92372,0.44339,0.24840,0.08650,0.06605
33.92,0,-4.49943,1.04386,-1.57364,0.49444,0.00546,0.00000,
33.92,1,-4.14799,2.04250,-2.08474,0.38332,0.30015,0.05868,0.10878
33.92,2,-3.14203,2.44600,-2.91877,0.43752,0.24669,0.08386,0.07375
33.94,0,-4.49946,1.03397,-1.57353,0.49444,0.00526,0.00000,
33.94,1,-4.15172,2.03589,-2.07881,0.37659,0.28943,0.06055,0.11867
33.94,2,-3.15053,2.44407,-2.91389,0.43431,0.24130,0.08119,0.04944
33.96,0,-4.49949,1.02408,-1.57343,0.49444,0.00506,0.00000,
33.96,1,-4.15535,2.02937,-2.07323,0.37034,0.27113,0.06256,0.12856
33.96,2,-3.15553,2.44279,-2.90534,0.17063,0.47847,0.08192,0.05690
33.98,0,-4.49951,1.01419,-1.57333,0.49444,0.00487,0.00000,
33.98,1,-4.15869,2.02357,-2.06921,0.33127,0.26421,0.06537,0.13844
33.98,2,-3.15819,2.44213,-2.89464,0.16700,0.90484,0.08453,0.02559
34.0,0,-4.49954,1.00430,-1.57323,0.49444,0.00469,0.00000,
34.0,1,-4.16215,2.01710,-2.06227,0.48760,0.50441,0.06752,0.09889
34.0,2,-3.16062,2.44161,-2.87097,0.15061,1.09824,0.08779,0.03293
34.02,0,-4.49956,0.99441,-1.57314,0.49444,0.00452,0.00000,
34.02,1,-4.16679,2.00798,-2.05377,0.45957,0.50685,0.06679,0.10878
34.02,2,-3.16415,2.44048,-2.84968,0.23388,0.75994,0.09195,0.04316
34.04,0,-4.49959,0.98452,-1.57305,0.49444,0.00435,0.00000,
34.04,1,-4.17081,2.00035,-2.04355,0.42495,0.41937,0.06770,0.06922
34.04,2,-3.16931,2.43901,-2.84507,0.32785,0.05117,0.09335,0.05178
34.06,0,-4.49961,0.97464,-1.57297,0.49444,0.00419,0.00000,
34.06,1,-4.17619,1.98942,-2.03551,0.64616,0.30493,0.06508,0.07911
34.06,2,-3.17587,2.43716,-2.84079,0.32230,0.13634,0.09595,0.06395
34.08,0,-4.49963,0.96475,-1.57288,0.49444,0.00404,0.00000,
34.08,1,-4.18127,1.97932,-2.02989,0.48448,0.26349,0.06335,0.08900
34.08,2,-3.18281,2.43506,-2.83781,0.38803,0.16045,0.09755,0.07525
34.1,0,-4.49965,0.95486,-1.57281,0.49444,0.00389,0.00000,
34.1,1,-4.18478,1.97272,-2.02742,0.27878,-0.05831,0.06545,0.09889
34.1,2,-3.19031,2.43272,-2.83446,0.38775,0.16906,0.09571,0.08273
34.12,0,-4.49967,0.94497,-1.57273,0.49444,0.00374,0.00000,
34.12,1,-4.18785,1.96770,-2.02821,0.36109,-0.02076,0.06921,0.00989
34.12,2,-3.19742,2.43046,-2.83116,0.36186,0.16030,0.09320,0.08860
34.14,0,-4.49969,0.93508,-1.57266,0.49444,0.00361,0.00000,
34.14,1,-4.19228,1.95843,-2.02140,0.48840,0.56508,0.06853,0.01978
34.14,2,-3.20418,2.42830,-2.82807,0.35160,0.15113,0.09413,0.09887
34.16,0,-4.49971,0.92519,-1.57259,0.49444,0.00347,0.00000,
34.16,1,-4.19641,1.95022,-2.00955,0.46015,0.55088,0.06896,0.02967
34.16,2,-3.21015,2.42624,-2.82387,0.31688,0.15155,0.09513,0.10806
34.18,0,-4.49973,0.91530,-1.57252,0.49444,0.00334,0.00000,
34.18,1,-4.20087,1.94187,-2.00181,0.48024,0.26024,0.06919,0.03956
34.18,2,-3.21629,2.42420,-2.82172,0.32528,0.09793,0.09637,0.11752
34.2,0,-4.49974,0.90541,-1.57245,0.49444,0.00322,0.00000,
34.2,1,-4.20478,1.93414,-1.99972,0.40508,0.13504,0.07018,0.04944
34.2,2,-3.22238,2.42217,-2.81940,0.31670,0.13133,0.09694,0.12618
34.22,0,-4.49976,0.89552,-1.57239,0.49444,0.00310,0.00000,
34.22,1,-4.20821,1.92668,-1.99378,0.41287,0.36737,0.07158,0.05933
34.22,2,-3.23034,2.41966,-2.81450,0.47721,0.23824,0.09510,0.09617
34.24,0,-4.49977,0.88564,-1.57233,0.49444,0.00299,0.00000,
34.24,1,-4.21150,1.91930,-1.98638,0.39503,0.36761,0.07311,0.06922
34.24,2,-3.23838,2.41665,-2.81559,0.41239,-0.19860,0.09286,0.05690
34.26,0,-4.49979,0.87575,-1.57227,0.49444,0.00288,0.00000,
34.26,1,-4.21486,1.91171,-1.98115,0.42544,0.20761,0.07444,0.07911
34.26,2,-3.24818,2.41352,-2.82848,0.53294,-0.26060,0.08916,0.02050
34.28,0,-4.49980,0.86586,-1.57221,0.49444,0.00277,0.00000,
34.28,1,-4.21823,1.90396,-1.97694,0.41677,0.22642,0.07561,0.08900
34.28,2,-3.25789,2.41018,-2.83331,0.49996,-0.17500,0.08560,0.02896
34.3,0,-4.49982,0.85597,-1.57216,0.49444,0.00267,0.00000,
34.3,1,-4.22145,1.89648,-1.97206,0.39945,0.25179,0.07711,0.09889
34.3,2,-3.26722,2.40703,-2.83058,0.47409,0.36780,0.08222,0.03709
34.32,0,-4.49983,0.84608,-1.57211,0.49444,0.00257,0.00000,
34.32,1,-4.22494,1.88776,-1.96559,0.60950,0.45765,0.07734,0.05933
34.32,2,-3.27453,2.40453,-2.82014,0.34958,0.47446,0.08181,0.04649
34.34,0,-4.49985,0.83619,-1.57206,0.49444,0.00247,0.00000,
34.34,1,-4.22921,1.87715,-1.95472,0.55106,0.60089,0.07556,0.06922
34.34,2,-3.28135,2.40221,-2.81400,0.36723,0.22354,0.08358,0.05792
34.36,0,-4.49986,0.82630,-1.57201,0.49444,0.00238,0.00000,
34.36,1,-4.23341,1.86739,-1.94279,0.51871,0.47987,0.07464,0.07911
34.36,2,-3.28833,2.39983,-2.80940,0.36715,0.25629,0.08474,0.06855
34.38,0,-4.49987,0.81641,-1.57196,0.49444,0.00230,0.00000,
34.38,1,-4.23695,1.85861,-1.93803,0.39398,-0.02339,0.07485,0.08900
34.38,2,-3.29612,2.39703,-2.79889,0.43356,0.58287,0.08400,0.03696
34.4,0,-4.49988,0.80653,-1.57192,0.49444,0.00221,0.00000,
34.4,1,-4.24011,1.85058,-1.93735,0.48836,0.14581,0.07589,0.04944
34.4,2,-3.30462,2.39398,-2.78902,0.44581,0.38000,0.08186,0.04559
34.42,0,-4.49989,0.79664,-1.57187,0.49444,0.00213,0.00000,
34.42,1,-4.24333,1.84181,-1.93331,0.40998,0.34270,0.07621,0.05933
34.42,2,-3.31245,2.39115,-2.78337,0.39272,0.24170,0.08088,0.05493
34.44,0,-4.49990,0.78675,-1.57183,0.49444,0.00205,0.00000,
34.44,1,-4.24653,1.83437,-1.93043,0.43434,-0.05955,0.07783,0.06922
34.44,2,-3.31953,2.38851,-2.77829,0.37144,0.27232,0.08000,0.06302
34.46,0,-4.49991,0.77686,-1.57179,0.49444,0.00197,0.00000,
34.46,1,-4.24976,1.82665,-1.93294,0.38159,-0.08441,0.07919,0.07911
34.46,2,-3.32564,2.38606,-2.77099,0.32067,0.33849,0.08024,0.07139
34.48,0,-4.49992,0.76697,-1.57175,0.49444,0.00190,0.00000,
34.48,1,-4.25313,1.81723,-1.93175,0.52251,0.04129,0.07887,0.03956
34.48,2,-3.33184,2.38360,-2.76583,0.33894,0.22180,0.08146,0.08139
34.5,0,-4.49993,0.75708,-1.57172,0.49444,0.00183,0.00000,
34.5,1,-4.25639,1.80869,-1.92524,0.44847,0.42655,0.07944,0.04944
34.5,2,-3.33845,2.38105,-2.76046,0.37135,0.51064,0.08176,0.04006
34.52,0,-4.49994,0.74719,-1.57168,0.49444,0.00176,0.00000,
34.52,1,-4.25982,1.79956,-1.91951,0.50626,0.19887,0.07941,0.05933
34.52,2,-3.34449,2.37860,-2.74806,0.32012,0.69746,0.08311,0.04981
34.54,0,-4.49995,0.73730,-1.57164,0.49444,0.00170,0.00000,
34.54,1,-4.26310,1.79142,-1.91839,0.40997,0.12722,0.08040,0.06922
34.54,2,-3.35150,2.37558,-2.73547,0.49576,0.60444,0.08271,0.01378
34.56,0,-4.49996,0.72741,-1.57161,0.49444,0.00164,0.00000,
34.56,1,-4.26609,1.78339,-1.91258,0.52733,0.42710,0.08157,0.02967
34.56,2,-3.36140,2.37175,-2.73248,0.50995,-0.04169,0.07918,0.02235
34.58,0,-4.49997,0.71753,-1.57158,0.49444,0.00158,0.00000,
34.58,1,-4.26963,1.77269,-1.90657,0.50292,0.33025,0.08002,0.03956
34.58,2,-3.37076,2.36757,-2.73182,0.50943,0.13884,0.07789,0.03361
34.6,0,-4.49997,0.70764,-1.57155,0.49444,0.00152,0.00000,
34.6,1,-4.27295,1.76359,-1.90212,0.49743,0.08698,0.08008,0.04944
34.6,2,-3.37979,2.36360,-2.72610,0.48025,0.37250,0.07599,0.04330
34.62,0,-4.49998,0.69775,-1.57152,0.49444,0.00146,0.00000,
34.62,1,-4.27619,1.75490,-1.90192,0.40893,-0.01996,0.08058,0.05933
34.62,2,-3.38787,2.35997,-2.71758,0.41819,0.40794,0.07481,0.05257
34.64,0,-4.49999,0.68786,-1.57149,0.49444,0.00141,0.00000,
34.64,1,-4.27904,1.74707,-1.89767,0.42218,0.33317,0.08201,0.06922
34.64,2,-3.39561,2.35645,-2.71138,0.43080,0.25714,0.07321,0.06090
34.66,0,-4.50000,0.67797,-1.57146,0.49444,0.00136,0.00000,
34.66,1,-4.28179,1.73907,-1.89129,0.42151,0.27213,0.08330,0.07911
34.66,2,-3.40344,2.35285,-2.70633,0.42824,0.26224,0.07156,0.06937
34.68,0,-4.50000,0.66808,-1.57144,0.49444,0.00131,0.00000,
34.68,1,-4.28518,1.72791,-1.88475,0.61606,0.39195,0.08138,0.03956
34.68,2,-3.41109,2.34929,-2.70080,0.41679,0.28268,0.07245,0.08101
34.7,0,-4.50001,0.65819,-1.57141,0.49444,0.00126,0.00000,
34.7,1,-4.28886,1.71737,-1.87331,0.55214,0.58376,0.08002,0.04944
34.7,2,-3.42036,2.34505,-2.69257,0.62512,0.42457,0.07157,0.04386
34.72,0,-4.50001,0.64830,-1.57139,0.49444,0.00121,0.00000,
34.72,1,-4.29217,1.70734,-1.86563,0.49943,0.20853,0.07924,0.05933
34.72,2,-3.43092,2.33995,-2.68879,0.53132,-0.06279,0.06861,0.05442
34.74,0,-4.50002,0.63841,-1.57136,0.49444,0.00117,0.00000,
34.74,1,-4.29488,1.69922,-1.86520,0.33045,-0.15887,0.08046,0.06922
34.74,2,-3.44025,2.33487,-2.68932,0.52424,0.05271,0.06511,0.06298
34.76,0,-4.50003,0.62853,-1.57134,0.49444,0.00113,0.00000,
34.76,1,-4.29718,1.69277,-1.86541,0.34974,0.04064,0.08341,0.07911
34.76,2,-3.44817,2.33072,-2.68375,0.39490,0.35707,0.06198,0.06982
34.78,0,-4.50003,0.61864,-1.57132,0.49444,0.00108,0.00000,
34.78,1,-4.29938,1.68572,-1.86258,0.38305,0.20781,0.08579,0.08900
34.78,2,-3.45525,2.32715,-2.67766,0.39865,0.27967,0.06018,0.07721
34.8,0,-4.50004,0.60875,-1.57130,0.49444,0.00104,0.00000,
34.8,1,-4.30155,1.67864,-1.85644,0.41027,0.23563,0.08815,0.09889
34.8,2,-3.46238,2.32357,-2.67210,0.39784,0.28145,0.05837,0.08461
34.82,0,-4.50004,0.59886,-1.57128,0.49444,0.00101,0.00000,
34.82,1,-4.30404,1.67016,-1.85351,0.44964,0.11297,0.08908,0.10878
34.82,2,-3.47007,2.31987,-2.67235,0.47176,-0.48655,0.05719,0.04417
34.84,0,-4.50005,0.58897,-1.57126,0.49444,0.00097,0.00000,
34.84,1,-4.30671,1.66032,-1.84974,0.64213,0.31431,0.08866,0.06922
34.84,2,-3.47832,2.31581,-2.68423,0.42199,-0.90957,0.05636,0.01470
34.86,0,-4.50005,0.57908,-1.57124,0.49444,0.00093,0.00000,
34.86,1,-4.31000,1.64860,-1.84106,0.58836,0.48771,0.08627,0.07911
34.86,2,-3.48526,2.31240,-2.69333,0.37366,0.12185,0.05870,0.02687
34.88,0,-4.50006,0.56919,-1.57122,0.49444,0.00090,0.00000,
34.88,1,-4.31326,1.63770,-1.83165,0.53152,0.37000,0.08471,0.08900
34.88,2,-3.49227,2.30910,-2.68184,0.40342,0.73978,0.06057,0.03825
34.9,0,-4.50006,0.55930,-1.57120,0.49444,0.00087,0.00000,
34.9,1,-4.31573,1.62894,-1.82861,0.35024,-0.09022,0.08541,0.09889
34.9,2,-3.49972,2.30546,-2.66951,0.39917,0.53041,0.05997,0.04734
34.92,0,-4.50006,0.54941,-1.57118,0.49444,0.00083,0.00000,
34.92,1,-4.31778,1.62232,-1.82822,0.36031,0.13005,0.08828,0.00989
34.92,2,-3.50677,2.30186,-2.66154,0.39090,0.33514,0.05806,0.05427
34.94,0,-4.50007,0.53953,-1.57117,0.49444,0.00080,0.00000,
34.94,1,-4.31965,1.61522,-1.82463,0.38317,0.24898,0.09072,0.01978
34.94,2,-3.51358,2.29831,-2.65476,0.37886,0.35692,0.05658,0.06161
34.96,0,-4.50007,0.52964,-1.57115,0.49444,0.00077,0.00000,
34.96,1,-4.32163,1.60764,-1.81816,0.46142,0.23506,0.09267,0.02967
34.96,2,-3.52021,2.29479,-2.64727,0.37303,0.38076,0.05567,0.06945
34.98,0,-4.50007,0.51975,-1.57114,0.49444,0.00075,0.00000,
34.98,1,-4.32426,1.59748,-1.81567,0.54547,0.08581,0.09198,0.03956
34.98,2,-3.52653,2.29137,-2.63870,0.35020,0.63091,0.05729,0.02928
35.0,0,-4.50008,0.50986,-1.57112,0.49444,0.00072,0.00000,
35.0,1,-4.32681,1.58740,-1.81333,0.49093,0.14922,0.09139,0.04944
35.0,2,-3.53267,2.28797,-2.62298,0.35216,0.69540,0.05899,0.03968
35.02,0,-4.50008,0.49997,-1.57111,0.49444,0.00069,0.00000,
35.02,1,-4.32904,1.57840,-1.80995,0.44919,0.17338,0.09191,0.05933
35.02,2,-3.53877,2.28449,-2.61385,0.34896,0.30581,0.05976,0.04895
35.04,0,-4.50008,0.49008,-1.57109,0.49444,0.00067,0.00000,
35.04,1,-4.33114,1.57003,-1.80729,0.38916,0.04489,0.09308,0.06922
35.04,2,-3.54437,2.28121,-2.60678,0.29794,0.34158,0.06056,0.01317
35.06,0,-4.50009,0.48019,-1.57108,0.49444,0.00064,0.00000,
35.06,1,-4.33313,1.56218,-1.80490,0.41656,0.16789,0.09479,0.07911
35.06,2,-3.54953,2.27796,-2.59912,0.32401,0.44939,0.06131,0.02127
35.08,0,-4.50009,0.47030,-1.57107,0.49444,0.00062,0.00000,
35.08,1,-4.33511,1.55401,-1.80140,0.41891,0.16465,0.09619,0.08900
35.08,2,-3.55584,2.27407,-2.59080,0.39138,0.32029,0.06101,0.02968
35.1,0,-4.50009,0.46041,-1.57106,0.49444,0.00060,0.00000,
35.1,1,-4.33700,1.54601,-1.79854,0.40401,0.12912,0.09777,0.09889
35.1,2,-3.56291,2.26967,-2.58481,0.44692,0.37707,0.05967,0.03790
35.12,0,-4.50010,0.45053,-1.57104,0.49444,0.00057,0.00000,
35.12,1,-4.33879,1.53833,-1.79582,0.39887,0.12626,0.09970,0.10878
35.12,2,-3.57048,2.26499,-2.57647,0.40090,0.50191,0.05751,0.00395
35.14,0,-4.50010,0.44064,-1.57103,0.49444,0.00055,0.00000,
35.14,1,-4.34065,1.52948,-1.79241,0.58505,0.29223,0.10046,0.06922
35.14,2,-3.57546,2.26186,-2.56469,0.27081,0.52895,0.05920,0.01299
35.16,0,-4.50010,0.43075,-1.57102,0.49444,0.00053,0.00000,
35.16,1,-4.34267,1.51816,-1.78189,0.55511,0.56841,0.09874,0.07911
35.16,2,-3.57939,2.25915,-2.55547,0.24088,0.31446,0.06380,0.02449
35.18,0,-4.50010,0.42086,-1.57101,0.49444,0.00051,0.00000,
35.18,1,-4.34502,1.50759,-1.77065,0.58696,0.47822,0.09774,0.03956
35.18,2,-3.58403,2.25617,-2.55294,0.28857,0.06831,0.06747,0.03532
35.2,0,-4.50010,0.41097,-1.57100,0.49444,0.00049,0.00000,
35.2,1,-4.34798,1.49314,-1.76378,0.73813,0.21703,0.09281,0.04944
35.2,2,-3.58877,2.25279,-2.55326,0.31488,-0.04544,0.07399,0.05007
35.22,0,-4.50011,0.40108,-1.57099,0.49444,0.00048,0.00000,
35.22,1,-4.35054,1.47939,-1.76222,0.76428,0.09817,0.08863,0.00989
35.22,2,-3.59427,2.24923,-2.55453,0.33934,0.06279,0.07917,0.06405
35.24,0,-4.50011,0.39119,-1.57098,0.49444,0.00046,0.00000,
35.24,1,-4.35327,1.46467,-1.75938,0.67831,0.15248,0.08347,0.01978
35.24,2,-3.60016,2.24531,-2.54876,0.36189,0.41910,0.08470,0.07902
35.26,0,-4.50011,0.38130,-1.57097,0.49444,0.00044,0.00000,
35.26,1,-4.35537,1.45353,-1.75691,0.45969,0.04244,0.08195,0.02967
35.26,2,-3.60612,2.24125,-2.54015,0.35673,0.40180,0.08714,0.09035
35.28,0,-4.50011,0.37141,-1.57097,0.49444,0.00043,0.00000,
35.28,1,-4.35720,1.44732,-1.76030,0.28865,-0.22940,0.08536,0.03956
35.28,2,-3.61187,2.23729,-2.53318,0.34347,0.31492,0.08608,0.09680
35.3,0,-4.50011,0.36153,-1.57096,0.49444,0.00041,0.00000,
35.3,1,-4.35907,1.44170,-1.76557,0.30476,-0.32580,0.08935,0.04944
35.3,2,-3.61691,2.23377,-2.52691,0.30610,0.29534,0.08543,0.10268
35.32,0,-4.50012,0.35164,-1.57095,0.49444,0.00040,0.00000,
35.32,1,-4.36067,1.43510,-1.76804,0.34314,0.12992,0.09240,0.05933
35.32,2,-3.62194,2.23022,-2.52104,0.30793,0.29542,0.08533,0.10947
35.34,0,-4.50012,0.34175,-1.57094,0.49444,0.00038,0.00000,
35.34,1,-4.36232,1.42702,-1.76364,0.47458,0.20031,0.09399,0.06922
35.34,2,-3.62692,2.22666,-2.51513,0.30360,0.29350,0.08639,0.11772
35.36,0,-4.50012,0.33186,-1.57093,0.49444,0.00037,0.00000,
35.36,1,-4.36414,1.41750,-1.76082,0.46459,0.12159,0.09412,0.07911
35.36,2,-3.63192,2.22306,-2.50939,0.38029,0.27429,0.08861,0.07044
35.38,0,-4.50012,0.32197,-1.57093,0.49444,0.00035,0.00000,
35.38,1,-4.36601,1.40591,-1.75686,0.64994,0.25740,0.09220,0.03956
35.38,2,-3.63869,2.21814,-2.50381,0.40969,0.26244,0.09028,0.08216
35.4,0,-4.50012,0.31208,-1.57092,0.49444,0.00034,0.00000,
35.4,1,-4.36796,1.39386,-1.75027,0.60264,0.34451,0.08982,0.04944
35.4,2,-3.64478,2.21327,-2.49733,0.39992,0.50292,0.09290,0.09436
35.42,0,-4.50012,0.30219,-1.57091,0.49444,0.00033,0.00000,
35.42,1,-4.36995,1.38272,-1.74544,0.52426,0.13090,0.08834,0.05933
35.42,2,-3.65179,2.20742,-2.48379,0.52170,0.64247,0.09357,0.10567
35.44,0,-4.50012,0.29230,-1.57091,0.49444,0.00032,0.00000,
35.44,1,-4.37163,1.37463,-1.74602,0.34062,-0.08102,0.08993,0.06922
35.44,2,-3.66077,2.20051,-2.47570,0.57410,0.21391,0.08968,0.11393
35.46,0,-4.50012,0.28241,-1.57090,0.49444,0.00030,0.00000,
35.46,1,-4.37311,1.36771,-1.74759,0.36671,-0.05846,0.09271,0.07911
35.46,2,-3.66840,2.19473,-2.47462,0.36908,-0.23137,0.08655,0.07204
35.48,0,-4.50013,0.27253,-1.57089,0.49444,0.00029,0.00000,
35.48,1,-4.37448,1.36021,-1.74645,0.36656,0.17512,0.09491,0.08900
35.48,2,-3.67429,2.19051,-2.47861,0.31776,-0.11326,0.08613,0.07967
35.5,0,-4.50013,0.26264,-1.57089,0.49444,0.00028,0.00000,
35.5,1,-4.37587,1.35239,-1.74291,0.43760,0.12412,0.09682,0.09889
35.5,2,-3.67845,2.18742,-2.47613,0.24737,0.26254,0.08797,0.08761
35.52,0,-4.50013,0.25275,-1.57088,0.49444,0.00027,0.00000,
35.52,1,-4.37740,1.34354,-1.74124,0.44459,0.06903,0.09767,0.10878
35.52,2,-3.68275,2.18379,-2.46263,0.28512,0.73016,0.09021,0.04532
35.54,0,-4.50013,0.24286,-1.57088,0.49444,0.00026,0.00000,
35.54,1,-4.37883,1.33518,-1.73966,0.40728,0.08950,0.09904,0.11867
35.54,2,-3.68750,2.18019,-2.45068,0.32612,0.18835,0.09177,0.05380
35.56,0,-4.50013,0.23297,-1.57087,0.49444,0.00025,0.00000,
35.56,1,-4.38017,1.32737,-1.73773,0.39202,0.09822,0.10095,0.12856
35.56,2,-3.69096,2.17773,-2.44671,0.14556,0.32332,0.09459,0.02090
35.58,0,-4.50013,0.22308,-1.57087,0.49444,0.00024,0.00000,
35.58,1,-4.38147,1.31962,-1.73585,0.39372,0.09009,0.10294,0.13844
35.58,2,-3.69346,2.17561,-2.43475,0.15018,0.58088,0.09821,0.02875
35.6,0,-4.50013,0.21319,-1.57086,0.49444,0.00024,0.00000,
35.6,1,-4.38276,1.31196,-1.73278,0.35502,0.37868,0.10501,0.04944
35.6,2,-3.69660,2.17324,-2.43294,0.23765,-0.34071,0.10120,0.03653
35.62,0,-4.50013,0.20330,-1.57086,0.49444,0.00023,0.00000,
35.62,1,-4.38382,1.30495,-1.72743,0.37327,0.20367,0.10777,0.05933
35.62,2,-3.70117,2.16979,-2.44010,0.31888,-0.13474,0.10179,0.04361
35.64,0,-4.50013,0.19341,-1.57085,0.49444,0.00022,0.00000,
35.64,1,-4.38511,1.29673,-1.72527,0.44502,0.05399,0.10929,0.06922
35.64,2,-3.70613,2.16505,-2.44148,0.37490,-0.05601,0.10227,0.05193
35.66,0,-4.50013,0.18353,-1.57085,0.49444,0.00021,0.00000,
35.66,1,-4.38654,1.28779,-1.72420,0.44856,0.06745,0.11009,0.07911
35.66,2,-3.71198,2.16011,-2.44419,0.38308,-0.12834,0.10271,0.06098
35.68,0,-4.50013,0.17364,-1.57085,0.49444,0.00020,0.00000,
35.68,1,-4.38786,1.27934,-1.72211,0.44033,0.09330,0.11139,0.08900
35.68,2,-3.71811,2.15515,-2.44199,0.40861,0.32511,0.10255,0.06954
35.7,0,-4.50013,0.16375,-1.57084,0.49444,0.00020,0.00000,
35.7,1,-4.38921,1.27053,-1.72044,0.44502,0.07918,0.11232,0.09889
35.7,2,-3.72454,2.14967,-2.43298,0.42851,0.47999,0.10213,0.07845
35.72,0,-4.50013,0.15386,-1.57084,0.49444,0.00019,0.00000,
35.72,1,-4.39053,1.26117,-1.71854,0.60006,0.15252,0.11272,0.05933
35.72,2,-3.73096,2.14411,-2.42446,0.41875,0.37705,0.10210,0.04790
35.74,0,-4.50013,0.14397,-1.57083,0.49444,0.00018,0.00000,
35.74,1,-4.39195,1.24878,-1.71366,0.62087,0.25656,0.11010,0.06922
35.74,2,-3.73402,2.14153,-2.41649,0.13020,0.28493,0.10899,0.06036
35.76,0,-4.50013,0.13408,-1.57083,0.49444,0.00017,0.00000,
35.76,1,-4.39338,1.23708,-1.70809,0.56020,0.24548,0.10815,0.07911
35.76,2,-3.73570,2.14042,-2.41145,0.08273,0.24108,0.11739,0.07214
35.78,0,-4.50013,0.12419,-1.57083,0.49444,0.00017,0.00000,
35.78,1,-4.39503,1.22362,-1.70508,0.79983,0.11411,0.10444,0.03956
35.78,2,-3.73658,2.14009,-2.40685,0.02353,0.22410,0.12849,0.08571
35.8,0,-4.50013,0.11430,-1.57082,0.49444,0.00016,0.00000,
35.8,1,-4.39691,1.20898,-1.70353,0.64437,0.06025,0.09953,0.04944
35.8,2,-3.73720,2.14006,-2.40492,0.07809,0.01545,0.14111,0.10047
35.82,0,-4.50014,0.10442,-1.57082,0.49444,0.00016,0.00000,
35.82,1,-4.39840,1.19953,-1.70359,0.39356,-0.04336,0.09983,0.05933
35.82,2,-3.73920,2.13814,-2.40523,0.20425,-0.04387,0.14697,0.11003
35.84,0,-4.50014,0.09453,-1.57082,0.49444,0.00015,0.00000,
35.84,1,-4.39986,1.19224,-1.70532,0.33066,-0.17974,0.10229,0.06922
35.84,2,-3.74200,2.13524,-2.40674,0.20061,-0.07495,0.14979,0.11745
35.86,0,-4.50014,0.08464,-1.57081,0.49444,0.00015,0.00000,
35.86,1,-4.40106,1.18520,-1.70720,0.38239,0.01485,0.10502,0.07911
35.86,2,-3.74537,2.13257,-2.41151,0.22984,-0.49050,0.15214,0.01858
35.88,0,-4.50014,0.07475,-1.57081,0.49444,0.00014,0.00000,
35.88,1,-4.40213,1.17779,-1.70444,0.38745,0.18429,0.10738,0.08900
35.88,2,-3.74920,2.12913,-2.42465,0.33785,-0.29981,0.15386,0.02607
35.9,0,-4.50014,0.06486,-1.57081,0.49444,0.00013,0.00000,
35.9,1,-4.40334,1.16893,-1.70211,0.47389,0.06571,0.10831,0.04944
35.9,2,-3.75454,2.12447,-2.43369,0.35971,-0.48702,0.15499,0.03500
35.92,0,-4.50014,0.05497,-1.57081,0.49444,0.00013,0.00000,
35.92,1,-4.40466,1.15658,-1.69849,0.61292,0.24442,0.10574,0.05933
35.92,2,-3.76033,2.11974,-2.43730,0.41918,0.23805,0.15881,0.04741
35.94,0,-4.50014,0.04508,-1.57080,0.49444,0.00013,0.00000,
35.94,1,-4.40600,1.14439,-1.69358,0.61189,0.25162,0.10334,0.06922
35.94,2,-3.76774,2.11329,-2.42450,0.53078,0.78734,0.16023,0.05966
35.96,0,-4.50014,0.03519,-1.57080,0.49444,0.00012,0.00000,
35.96,1,-4.40737,1.13313,-1.69006,0.51808,0.09216,0.10185,0.07911
35.96,2,-3.77570,2.10628,-2.41113,0.50640,0.48865,0.16019,0.07100
35.98,0,-4.50014,0.02530,-1.57080,0.49444,0.00012,0.00000,
35.98,1,-4.40851,1.12539,-1.69064,0.33712,-0.04698,0.10390,0.08900
35.98,2,-3.78306,2.09966,-2.40207,0.48684,0.44999,0.15775,0.07883
36.0,0,-4.50014,0.01542,-1.57080,0.49444,0.00011,0.00000,
36.0,1,-4.40947,1.11707,-1.69337,0.45375,-0.21291,0.10538,0.04944
36.0,2,-3.79017,2.09318,-2.39274,0.47812,0.47640,0.15599,0.08720
36.02,0,-4.50014,0.00553,-1.57079,0.49444,0.00011,0.00000,
36.02,1,-4.41031,1.10892,-1.69460,0.43023,0.02936,0.10704,0.05933
36.02,2,-3.79715,2.08669,-2.38328,0.47491,0.46560,0.15413,0.09539
36.04,0,-4.50014,-0.00436,-1.57079,0.49444,0.00010,0.00000,
36.04,1,-4.41155,1.09907,-1.69400,0.52668,0.06289,0.10698,0.06922
36.04,2,-3.80386,2.08037,-2.37445,0.42532,0.39874,0.15423,0.10532
36.06,0,-4.50014,-0.01425,-1.57079,0.49444,0.00010,0.00000,
36.06,1,-4.41286,1.08882,-1.69217,0.49803,0.10212,0.10652,0.07911
36.06,2,-3.81000,2.07452,-2.36620,0.42376,0.42688,0.15545,0.11565
36.08,0,-4.50014,-0.02414,-1.57079,0.49444,0.00010,0.00000,
36.08,1,-4.41401,1.08042,-1.69116,0.41240,0.06222,0.10791,0.08900
36.08,2,-3.81606,2.06861,-2.35764,0.42211,0.42052,0.15502,0.08290
36.1,0,-4.50014,-0.03403,-1.57079,0.49444,0.00009,0.00000,
36.1,1,-4.41504,1.07215,-1.68953,0.41949,0.08800,0.10945,0.09889
36.1,2,-3.82402,2.06063,-2.36140,0.54121,-0.32361,0.15170,0.09124
36.12,0,-4.50014,-0.04392,-1.57078,0.49444,0.00009,0.00000,
36.12,1,-4.41605,1.06384,-1.68792,0.41561,0.07246,0.11095,0.10878
36.12,2,-3.83145,2.05347,-2.36685,0.51381,-0.26622,0.14940,0.00417
36.14,0,-4.50014,-0.05381,-1.57078,0.49444,0.00009,0.00000,
36.14,1,-4.41707,1.05302,-1.68553,0.66962,0.21456,0.10994,0.06922
36.14,2,-3.83862,2.04685,-2.37870,0.46649,-1.99568,0.14991,0.01504
36.16,0,-4.50014,-0.06370,-1.57078,0.49444,0.00008,0.00000,
36.16,1,-4.41818,1.04148,-1.67864,0.56623,0.36031,0.10821,0.07911
36.16,2,-3.84632,2.03950,-2.42890,0.57179,-1.95739,0.15025,0.02663
36.18,0,-4.50014,-0.07358,-1.57078,0.49444,0.00008,0.00000,
36.18,1,-4.41953,1.03044,-1.67171,0.53446,0.26956,0.10696,0.08900
36.18,2,-3.85413,2.03254,-2.44225,0.46117,0.11495,0.15060,0.03776
36.2,0,-4.50014,-0.08347,-1.57078,0.49444,0.00008,0.00000,
36.2,1,-4.42058,1.02142,-1.67009,0.37723,-0.02646,0.10775,0.09889
36.2,2,-3.86084,2.02703,-2.43474,0.45359,0.57588,0.15090,0.04684
36.22,0,-4.50014,-0.09336,-1.57078,0.49444,0.00007,0.00000,
36.22,1,-4.42140,1.01369,-1.66993,0.40055,0.03865,0.10984,0.10878
36.22,2,-3.86748,2.02110,-2.42147,0.43956,0.69629,0.14966,0.05461
36.24,0,-4.50014,-0.10325,-1.57077,0.49444,0.00007,0.00000,
36.24,1,-4.42220,1.00556,-1.66885,0.40969,0.05672,0.11155,0.11867
36.24,2,-3.87398,2.01546,-2.40737,0.42193,0.69714,0.14911,0.06277
36.26,0,-4.50013,-0.11314,-1.57077,0.49444,0.00007,0.00000,
36.26,1,-4.42300,0.99589,-1.66735,0.63575,0.12090,0.11171,0.07911
36.26,2,-3.88005,2.01002,-2.39501,0.39405,0.50753,0.15033,0.07247
36.28,0,-4.50013,-0.12303,-1.57077,0.49444,0.00007,0.00000,
36.28,1,-4.42389,0.98439,-1.66229,0.55409,0.28097,0.11004,0.08900
36.28,2,-3.88627,2.00425,-2.38248,0.44295,0.68331,0.15289,0.08401
36.3,0,-4.50013,-0.13292,-1.57077,0.49444,0.00006,0.00000,
36.3,1,-4.42494,0.97343,-1.65664,0.53756,0.26163,0.10890,0.09889
36.3,2,-3.89274,1.99811,-2.36921,0.44193,0.63109,0.15464,0.09502
36.32,0,-4.50013,-0.14281,-1.57077,0.49444,0.00006,0.00000,
36.32,1,-4.42584,0.96397,-1.65449,0.36721,-0.03806,0.10927,0.10878
36.32,2,-3.89891,1.99211,-2.35734,0.42051,0.57075,0.15530,0.10452
36.34,0,-4.50013,-0.15270,-1.57077,0.49444,0.00006,0.00000,
36.34,1,-4.42653,0.95652,-1.65483,0.38503,0.00717,0.11165,0.11867
36.34,2,-3.90476,1.98627,-2.34611,0.40979,0.55805,0.15440,0.11201
36.36,0,-4.50013,-0.16258,-1.57077,0.49444,0.00006,0.00000,
36.36,1,-4.42719,0.94864,-1.65432,0.39962,0.03235,0.11362,0.12856
36.36,2,-3.91036,1.98061,-2.33539,0.38704,0.52471,0.15415,0.11991
36.38,0,-4.50013,-0.17247,-1.57077,0.49444,0.00006,0.00000,
36.38,1,-4.42785,0.93912,-1.65327,0.62852,0.09608,0.11394,0.08900
36.38,2,-3.91652,1.97414,-2.32092,0.49047,0.83229,0.15444,0.07880
36.4,0,-4.50013,-0.18236,-1.57077,0.49444,0.00005,0.00000,
36.4,1,-4.42857,0.92792,-1.64880,0.53070,0.25479,0.11258,0.09889
36.4,2,-3.92291,1.96731,-2.30690,0.43396,0.57572,0.15587,0.09002
36.42,0,-4.50013,-0.19225,-1.57076,0.49444,0.00005,0.00000,
36.42,1,-4.42941,0.91736,-1.64373,0.52404,0.23983,0.11186,0.10878
36.42,2,-3.92823,1.96150,-2.29712,0.37020,0.45495,0.15819,0.10061
36.44,0,-4.50013,-0.20214,-1.57076,0.49444,0.00005,0.00000,
36.44,1,-4.43028,0.90834,-1.64165,0.50820,0.07743,0.11268,0.06922
36.44,2,-3.93309,1.95605,-2.28777,0.36754,0.48357,0.15969,0.10967
36.46,0,-4.50013,-0.21203,-1.57076,0.49444,0.00005,0.00000,
36.46,1,-4.43114,0.89782,-1.63496,0.45314,0.42235,0.11200,0.07911
36.46,2,-3.93802,1.95039,-2.27791,0.38001,0.49348,0.16235,0.12022
36.48,0,-4.50013,-0.22192,-1.57076,0.49444,0.00005,0.00000,
36.48,1,-4.43200,0.88905,-1.62645,0.44130,0.41807,0.11305,0.08900
36.48,2,-3.94295,1.94462,-2.26828,0.37699,0.46976,0.16336,0.12904
36.5,0,-4.50013,-0.23181,-1.57076,0.49444,0.00004,0.00000,
36.5,1,-4.43315,0.88000,-1.62162,0.46483,0.07949,0.11383,0.09889
36.5,2,-3.94831,1.93826,-2.25500,0.43915,1.01501,0.16404,0.08864
36.52,0,-4.50013,-0.24170,-1.57076,0.49444,0.00004,0.00000,
36.52,1,-4.43377,0.87111,-1.62292,0.39094,-0.13903,0.11478,0.10878
36.52,2,-3.95391,1.93131,-2.23692,0.43735,0.64197,0.16374,0.09755
36.54,0,-4.50013,-0.25158,-1.57076,0.49444,0.00004,0.00000,
36.54,1,-4.43415,0.86321,-1.62469,0.40000,-0.04382,0.11674,0.11867
36.54,2,-3.95964,1.92420,-2.22571,0.45402,0.57918,0.16227,0.01217
36.56,0,-4.50013,-0.26147,-1.57076,0.49444,0.00004,0.00000,
36.56,1,-4.43451,0.85518,-1.62505,0.40071,-0.00968,0.11858,0.12856
36.56,2,-3.96559,1.91659,-2.21757,0.58717,-0.37774,0.16038,0.02020
36.58,0,-4.50013,-0.27136,-1.57076,0.49444,0.00004,0.00000,
36.58,1,-4.43490,0.84727,-1.62540,0.39174,-0.02421,0.12053,0.13844
36.58,2,-3.97253,1.90741,-2.21665,0.57130,0.24823,0.15658,0.02813
36.6,0,-4.50013,-0.28125,-1.57076,0.49444,0.00004,0.00000,
36.6,1,-4.43531,0.83821,-1.62545,0.56962,0.04880,0.12133,0.09889
36.6,2,-3.97899,1.89870,-2.20757,0.51813,0.55646,0.15450,0.03720
36.62,0,-4.50013,-0.29114,-1.57076,0.49444,0.00004,0.00000,
36.62,1,-4.43572,0.82682,-1.62448,0.56963,0.04876,0.11981,0.10878
36.62,2,-3.98495,1.89061,-2.19682,0.49635,0.49396,0.15535,0.04859
36.64,0,-4.50013,-0.30103,-1.57075,0.49444,0.00003,0.00000,
36.64,1,-4.43611,0.81651,-1.62321,0.49781,0.03637,0.11937,0.11867
36.64,2,-3.99103,1.88219,-2.18699,0.56163,0.72628,0.15489,0.01601
36.66,0,-4.50013,-0.31092,-1.57075,0.49444,0.00003,0.00000,
36.66,1,-4.43660,0.80796,-1.62389,0.31245,-0.09749,0.12068,0.12856
36.66,2,-3.99745,1.87305,-2.16923,0.56794,0.77824,0.15207,0.02458
36.68,0,-4.50013,-0.32081,-1.57075,0.49444,0.00003,0.00000,
36.68,1,-4.43714,0.80165,-1.62694,0.38960,-0.20157,0.12423,0.08900
36.68,2,-4.00404,1.86341,-2.15919,0.59197,0.33061,0.14669,0.03090
36.7,0,-4.50013,-0.33070,-1.57075,0.49444,0.00003,0.00000,
36.7,1,-4.43773,0.79217,-1.62197,0.42104,0.33327,0.12460,0.09889
36.7,2,-4.01060,1.85366,-2.15319,0.58019,0.32260,0.14420,0.04040
36.72,0,-4.50013,-0.34058,-1.57075,0.49444,0.00003,0.00000,
36.72,1,-4.43838,0.78367,-1.61956,0.43307,0.04067,0.12595,0.10878
36.72,2,-4.01682,1.84426,-2.14514,0.57284,0.41629,0.14130,0.04893
36.74,0,-4.50013,-0.35047,-1.57075,0.49444,0.00003,0.00000,
36.74,1,-4.43906,0.77499,-1.62043,0.38304,-0.09714,0.12712,0.11867
36.74,2,-4.02289,1.83503,-2.13648,0.51022,0.50556,0.13880,0.01300
36.76,0,-4.50013,-0.36036,-1.57075,0.49444,0.00003,0.00000,
36.76,1,-4.43947,0.76677,-1.62149,0.56245,0.03261,0.12877,0.07911
36.76,2,-4.02861,1.82657,-2.12634,0.51004,0.50506,0.13665,0.02123
36.78,0,-4.50013,-0.37025,-1.57075,0.49444,0.00003,0.00000,
36.78,1,-4.43984,0.75566,-1.61502,0.50376,0.38714,0.12752,0.08900
36.78,2,-4.03360,1.82024,-2.12153,0.38032,0.20531,0.13946,0.03235
36.8,0,-4.50013,-0.38014,-1.57075,0.49444,0.00003,0.00000,
36.8,1,-4.44043,0.74551,-1.60854,0.51289,0.26079,0.12723,0.09889
36.8,2,-4.03898,1.81241,-2.13010,0.44098,-0.05778,0.13993,0.04251
36.82,0,-4.50012,-0.39003,-1.57075,0.49444,0.00003,0.00000,
36.82,1,-4.44125,0.73537,-1.60522,0.49487,0.03815,0.12693,0.10878
36.82,2,-4.04362,1.80516,-2.12457,0.43625,0.35748,0.14130,0.05269
36.84,0,-4.50012,-0.39992,-1.57075,0.49444,0.00002,0.00000,
36.84,1,-4.44158,0.72723,-1.60649,0.37828,-0.08113,0.12866,0.11867
36.84,2,-4.04842,1.79761,-2.11847,0.45765,0.29697,0.14031,0.06083
36.86,0,-4.50012,-0.40981,-1.57075,0.49444,0.00002,0.00000,
36.86,1,-4.44177,0.71943,-1.60782,0.39813,-0.05241,0.13074,0.12856
36.86,2,-4.05304,1.79030,-2.11326,0.41904,0.31968,0.13925,0.06862
36.88,0,-4.50012,-0.41970,-1.57075,0.49444,0.00002,0.00000,
36.88,1,-4.44198,0.71044,-1.60734,0.53971,0.23914,0.13163,0.08900
36.88,2,-4.05742,1.78313,-2.10501,0.41980,0.43786,0.13954,0.07761
36.9,0,-4.50012,-0.42958,-1.57075,0.49444,0.00002,0.00000,
36.9,1,-4.44224,0.69966,-1.60243,0.53723,0.26138,0.13072,0.09889
36.9,2,-4.06166,1.77597,-2.09711,0.41178,0.35294,0.14162,0.08839
36.92,0,-4.50012,-0.43947,-1.57075,0.49444,0.00002,0.00000,
36.92,1,-4.44288,0.68982,-1.59937,0.49729,0.01802,0.13074,0.10878
36.92,2,-4.06575,1.76895,-2.09065,0.40258,0.31118,0.14313,0.09825
36.94,0,-4.50012,-0.44936,-1.57075,0.49444,0.00002,0.00000,
36.94,1,-4.44326,0.68043,-1.60115,0.37857,-0.14816,0.13122,0.11867
36.94,2,-4.06972,1.76202,-2.08437,0.39630,0.31760,0.14428,0.10765
36.96,0,-4.50012,-0.45925,-1.57075,0.49444,0.00002,0.00000,
36.96,1,-4.44348,0.67259,-1.60307,0.41783,-0.09638,0.13325,0.02967
36.96,2,-4.07359,1.75517,-2.07802,0.39140,0.31453,0.14403,0.11549
36.98,0,-4.50012,-0.46914,-1.57075,0.49444,0.00002,0.00000,
36.98,1,-4.44357,0.66454,-1.60492,0.38301,-0.08372,0.13509,0.03956
36.98,2,-4.07736,1.74838,-2.07189,0.38592,0.30032,0.14403,0.12354
37.0,0,-4.50012,-0.47903,-1.57075,0.49444,0.00002,0.00000,
37.0,1,-4.44391,0.65546,-1.61091,0.49739,-0.36585,0.13588,0.04944
37.0,2,-4.08126,1.74127,-2.06376,0.39608,0.68383,0.14477,0.08498
37.02,0,-4.50012,-0.48892,-1.57075,0.49444,0.00002,0.00000,
37.02,1,-4.44438,0.64506,-1.61450,0.52555,-0.02743,0.13534,0.05933
37.02,2,-4.08496,1.73424,-2.05164,0.40963,0.51483,0.14695,0.09539
37.04,0,-4.50012,-0.49881,-1.57074,0.49444,0.00002,0.00000,
37.04,1,-4.44482,0.63487,-1.61360,0.49456,0.05652,0.13502,0.06922
37.04,2,-4.08904,1.72643,-2.04491,0.44794,0.28702,0.14809,0.10559
37.06,0,-4.50012,-0.50870,-1.57074,0.49444,0.00002,0.00000,
37.06,1,-4.44523,0.62527,-1.61327,0.47258,-0.01701,0.13529,0.07911
37.06,2,-4.09340,1.71817,-2.03944,0.49739,0.20089,0.14814,0.11520
37.08,0,-4.50012,-0.51858,-1.57074,0.49444,0.00002,0.00000,
37.08,1,-4.44563,0.61587,-1.61394,0.46998,-0.03600,0.13576,0.08900
37.08,2,-4.09796,1.70923,-2.03531,0.49451,0.23132,0.14731,0.07894
37.1,0,-4.50012,-0.52847,-1.57074,0.49444,0.00002,0.00000,
37.1,1,-4.44603,0.60649,-1.61448,0.46799,-0.01922,0.13625,0.09889
37.1,2,-4.10306,1.69899,-2.02669,0.58543,0.46130,0.14507,0.08833
37.12,0,-4.50012,-0.53836,-1.57074,0.49444,0.00001,0.00000,
37.12,1,-4.44644,0.59757,-1.61490,0.42771,-0.02273,0.13720,0.10878
37.12,2,-4.10781,1.68946,-2.01829,0.50913,0.27136,0.14320,0.09726
37.14,0,-4.50012,-0.54825,-1.57074,0.49444,0.00001,0.00000,
37.14,1,-4.44682,0.58895,-1.61522,0.43317,-0.01284,0.13845,0.11867
37.14,2,-4.11231,1.68037,-2.02513,0.49396,-0.63433,0.14152,0.06142
37.16,0,-4.50012,-0.55814,-1.57074,0.49444,0.00001,0.00000,
37.16,1,-4.44722,0.57660,-1.61439,0.69405,0.10303,0.13597,0.07911
37.16,2,-4.11663,1.67194,-2.03791,0.39510,-0.66696,0.14415,0.07378
37.18,0,-4.50012,-0.56803,-1.57074,0.49444,0.00001,0.00000,
37.18,1,-4.44763,0.56488,-1.61142,0.56483,0.16177,0.13412,0.08900
37.18,2,-4.12010,1.66588,-2.04632,0.35882,-0.01663,0.14869,0.08551
37.2,0,-4.50012,-0.57792,-1.57074,0.49444,0.00001,0.00000,
37.2,1,-4.44831,0.55058,-1.60828,0.81790,0.11152,0.12969,0.04944
37.2,2,-4.12348,1.65919,-2.03788,0.40029,0.64593,0.15521,0.09982
37.22,0,-4.50011,-0.58781,-1.57074,0.49444,0.00001,0.00000,
37.22,1,-4.44882,0.53597,-1.60841,0.62583,-0.08690,0.12495,0.05933
37.22,2,-4.12746,1.65080,-2.02690,0.59462,0.62329,0.16023,0.00676
37.24,0,-4.50011,-0.59770,-1.57074,0.49444,0.00001,0.00000,
37.24,1,-4.44917,0.52575,-1.61044,0.39066,-0.11200,0.12460,0.06922
37.24,2,-4.13241,1.64041,-2.01664,0.55842,0.56672,0.15880,0.01699
37.26,0,-4.50011,-0.60758,-1.57074,0.49444,0.00001,0.00000,
37.26,1,-4.44950,0.51974,-1.61312,0.28803,-0.13756,0.12846,0.07911
37.26,2,-4.13736,1.62978,-2.00358,0.64344,0.60196,0.15309,0.02301
37.28,0,-4.50011,-0.61747,-1.57074,0.49444,0.00001,0.00000,
37.28,1,-4.44996,0.51378,-1.61662,0.32511,-0.20077,0.13236,0.08900
37.28,2,-4.14369,1.61620,-1.99631,0.81128,0.23050,0.14418,0.02898
37.3,0,-4.50011,-0.62736,-1.57074,0.49444,0.00001,0.00000,
37.3,1,-4.45035,0.50631,-1.61866,0.37913,-0.00907,0.13476,0.09889
37.3,2,-4.15057,1.60147,-1.99041,0.81646,0.32262,0.13545,0.03646
37.32,0,-4.50011,-0.63725,-1.57074,0.49444,0.00001,0.00000,
37.32,1,-4.45075,0.49786,-1.61813,0.47130,0.02629,0.13619,0.10878
37.32,2,-4.15739,1.58641,-1.98452,0.82691,0.29026,0.12738,0.04492
37.34,0,-4.50011,-0.64714,-1.57074,0.49444,0.00001,0.00000,
37.34,1,-4.45118,0.48799,-1.61785,0.58807,0.02319,0.13618,0.06922
37.34,2,-4.16398,1.57145,-1.97852,0.80908,0.30595,0.12088,0.05480
37.36,0,-4.50011,-0.65703,-1.57074,0.49444,0.00001,0.00000,
37.36,1,-4.45161,0.47477,-1.61689,0.64996,0.05727,0.13283,0.02967
37.36,2,-4.16969,1.55937,-1.97781,0.54428,-0.28075,0.12064,0.02765
37.38,0,-4.50011,-0.66692,-1.57074,0.49444,0.00001,0.00000,
37.38,1,-4.45202,0.46246,-1.61549,0.58930,0.06667,0.13040,0.03956
37.38,2,-4.17448,1.55107,-1.98521,0.43276,-0.40666,0.12344,0.03996
37.4,0,-4.50011,-0.67681,-1.57074,0.49444,0.00001,0.00000,
37.4,1,-4.45249,0.45100,-1.61521,0.48384,-0.04504,0.12881,0.04944
37.4,2,-4.17885,1.54396,-1.99352,0.38083,-0.43832,0.12669,0.05143
37.42,0,-4.50011,-0.68669,-1.57074,0.49444,0.00001,0.00000,
37.42,1,-4.45298,0.44299,-1.61702,0.39748,-0.12294,0.13067,0.05933
37.42,2,-4.18271,1.53821,-2.00281,0.31694,-0.47823,0.12807,0.05945
37.44,0,-4.50011,-0.69658,-1.57074,0.49444,0.00001,0.00000,
37.44,1,-4.45346,0.43486,-1.61883,0.42256,-0.03624,0.13240,0.06922
37.44,2,-4.18561,1.53420,-2.00013,0.15341,1.07741,0.13151,0.01211
37.46,0,-4.50011,-0.70647,-1.57074,0.49444,0.00001,0.00000,
37.46,1,-4.45385,0.42649,-1.61830,0.46208,0.04133,0.13391,0.07911
37.46,2,-4.18785,1.52875,-1.97200,0.34662,1.50747,0.13390,0.02049
37.48,0,-4.50011,-0.71636,-1.57074,0.49444,0.00001,0.00000,
37.48,1,-4.45431,0.41532,-1.61761,0.72193,0.05026,0.13261,0.03956
37.48,2,-4.19006,1.52206,-1.94070,0.35184,1.56517,0.13784,0.03166
37.5,0,-4.50011,-0.72625,-1.57074,0.49444,0.00001,0.00000,
37.5,1,-4.45477,0.40155,-1.61395,0.68666,0.19585,0.12871,0.04944
37.5,2,-4.19220,1.51550,-1.91256,0.33854,1.05276,0.14448,0.04544
37.52,0,-4.50011,-0.73614,-1.57074,0.49444,0.00001,0.00000,
37.52,1,-4.45520,0.38811,-1.61852,0.66499,-0.43982,0.12515,0.00989
37.52,2,-4.19492,1.50771,-1.90465,0.46815,-0.00712,0.14946,0.05889
37.54,0,-4.50011,-0.74603,-1.57074,0.49444,0.00001,0.00000,
37.54,1,-4.45554,0.37613,-1.62470,0.45477,-0.24573,0.12304,0.01978
37.54,2,-4.19809,1.49861,-1.90580,0.47466,0.01139,0.15163,0.07087
37.56,0,-4.50011,-0.75592,-1.57074,0.49444,0.00001,0.00000,
37.56,1,-4.45604,0.36751,-1.62825,0.43480,-0.15673,0.12429,0.02967
37.56,2,-4.20096,1.49064,-1.90375,0.40871,0.23694,0.15173,0.07951
37.58,0,-4.50010,-0.76581,-1.57074,0.49444,0.00001,0.00000,
37.58,1,-4.45659,0.35888,-1.62932,0.40781,0.05076,0.12553,0.03956
37.58,2,-4.20393,1.48124,-1.89781,0.55423,0.38411,0.15045,0.03592
37.6,0,-4.50010,-0.77569,-1.57074,0.49444,0.00001,0.00000,
37.6,1,-4.45714,0.34926,-1.62783,0.52673,0.06981,0.12577,0.04944
37.6,2,-4.20708,1.47139,-1.88961,0.47569,0.31307,0.14965,0.04556
37.62,0,-4.50010,-0.78558,-1.57074,0.49444,0.00001,0.00000,
37.62,1,-4.45772,0.33862,-1.62692,0.52208,0.02897,0.12500,0.05933
37.62,2,-4.21054,1.46102,-1.88276,0.59946,0.45211,0.14929,0.05621
37.64,0,-4.50010,-0.79547,-1.57074,0.49444,0.00001,0.00000,
37.64,1,-4.45828,0.32871,-1.62642,0.47780,0.02613,0.12496,0.06922
37.64,2,-4.21437,1.44941,-1.87565,0.48307,0.32061,0.14694,0.01523
37.66,0,-4.50010,-0.80536,-1.57074,0.49444,0.00001,0.00000,
37.66,1,-4.45880,0.31938,-1.62580,0.46337,0.03432,0.12550,0.07911
37.66,2,-4.21738,1.44280,-1.87146,0.26953,0.03655,0.14907,0.02457
37.68,0,-4.50010,-0.81525,-1.57074,0.49444,0.00001,0.00000,
37.68,1,-4.45931,0.31010,-1.62511,0.46601,0.03376,0.12609,0.08900
37.68,2,-4.22019,1.43803,-1.87072,0.26949,0.03782,0.15300,0.03386
37.7,0,-4.50010,-0.82514,-1.57074,0.49444,0.00001,0.00000,
37.7,1,-4.45981,0.30089,-1.62451,0.42548,0.01240,0.12675,0.09889
37.7,2,-4.22271,1.43418,-1.87953,0.24133,-0.82837,0.15783,0.04309
37.72,0,-4.50010,-0.83503,-1.57074,0.49444,0.00000,0.00000,
37.72,1,-4.46029,0.29235,-1.62405,0.42998,0.03100,0.12808,0.10878
37.72,2,-4.22511,1.42863,-1.88876,0.33254,0.10236,0.16036,0.05164
37.74,0,-4.50010,-0.84492,-1.57074,0.49444,0.00000,0.00000,
37.74,1,-4.46076,0.28375,-1.62337,0.42929,0.03340,0.12935,0.11867
37.74,2,-4.22726,1.42170,-1.87679,0.36908,0.66302,0.16166,0.01290
37.76,0,-4.50010,-0.85481,-1.57074,0.49444,0.00000,0.00000,
37.76,1,-4.46120,0.27527,-1.62277,0.42035,0.02760,0.13075,0.12856
37.76,2,-4.22994,1.41407,-1.87150,0.43642,-0.06375,0.16204,0.02139
37.78,0,-4.50010,-0.86469,-1.57074,0.49444,0.00000,0.00000,
37.78,1,-4.46164,0.26697,-1.62224,0.41173,0.02594,0.13232,0.13844
37.78,2,-4.23301,1.40521,-1.87407,0.49025,-0.03279,0.16097,0.02970
37.8,0,-4.50010,-0.87458,-1.57074,0.49444,0.00000,0.00000,
37.8,1,-4.46205,0.25892,-1.62096,0.37825,0.15338,0.13414,0.04944
37.8,2,-4.23591,1.39573,-1.87125,0.49230,0.24463,0.15909,0.03776
37.82,0,-4.50010,-0.88447,-1.57074,0.49444,0.00000,0.00000,
37.82,1,-4.46242,0.25138,-1.61834,0.40131,0.07957,0.13648,0.05933
37.82,2,-4.23866,1.38654,-1.86605,0.47012,0.24405,0.15700,0.04531
37.84,0,-4.50010,-0.89436,-1.57074,0.49444,0.00000,0.00000,
37.84,1,-4.46282,0.24269,-1.61782,0.42801,0.01224,0.13766,0.06922
37.84,2,-4.24131,1.37767,-1.86191,0.45903,0.18359,0.15640,0.05402
37.86,0,-4.50010,-0.90425,-1.57074,0.49444,0.00000,0.00000,
37.86,1,-4.46327,0.23342,-1.61754,0.50960,0.01316,0.13826,0.07911
37.86,2,-4.24391,1.36890,-1.85836,0.45632,0.17855,0.15648,0.06330
37.88,0,-4.50010,-0.91414,-1.57074,0.49444,0.00000,0.00000,
37.88,1,-4.46376,0.22302,-1.61715,0.51370,0.02453,0.13774,0.08900
37.88,2,-4.24648,1.36019,-1.85470,0.45164,0.18469,0.15774,0.07371
37.9,0,-4.50010,-0.92403,-1.57074,0.49444,0.00000,0.00000,
37.9,1,-4.46421,0.21324,-1.61662,0.47059,0.02631,0.13783,0.04944
37.9,2,-4.24898,1.35159,-1.85106,0.44411,0.17804,0.15852,0.08350
37.92,0,-4.50010,-0.93392,-1.57074,0.49444,0.00000,0.00000,
37.92,1,-4.46466,0.19976,-1.61528,0.69834,0.10396,0.13423,0.05933
37.92,2,-4.25142,1.34314,-1.84760,0.43669,0.16909,0.16309,0.09698
37.94,0,-4.50009,-0.94381,-1.57074,0.49444,0.00000,0.00000,
37.94,1,-4.46523,0.18690,-1.61199,0.62545,0.23620,0.13125,0.06922
37.94,2,-4.25367,1.33565,-1.84445,0.35061,0.20926,0.16806,0.06841
37.96,0,-4.50009,-0.95369,-1.57074,0.49444,0.00000,0.00000,
37.96,1,-4.46572,0.17554,-1.60884,0.48541,0.04780,0.12976,0.07911
37.96,2,-4.25567,1.32872,-1.83946,0.37383,0.23705,0.17215,0.07978
37.98,0,-4.50009,-0.96358,-1.57074,0.49444,0.00000,0.00000,
37.98,1,-4.46610,0.16815,-1.60886,0.35526,-0.00094,0.13224,0.08900
37.98,2,-4.25772,1.32127,-1.83578,0.39139,0.14729,0.17180,0.08719
38.0,0,-4.50009,-0.97347,-1.57074,0.49444,0.00000,0.00000,
38.0,1,-4.46649,0.16077,-1.60914,0.39051,-0.01291,0.13474,0.09889
38.0,2,-4.25975,1.31381,-1.83308,0.38056,0.13572,0.17143,0.09457
38.02,0,-4.50009,-0.98336,-1.57074,0.49444,0.00000,0.00000,
38.02,1,-4.46683,0.15289,-1.60894,0.38850,0.02930,0.13674,0.10878
38.02,2,-4.26165,1.30676,-1.82975,0.36965,0.16250,0.17197,0.10246
38.04,0,-4.50009,-0.99325,-1.57074,0.49444,0.00000,0.00000,
38.04,1,-4.46718,0.14394,-1.60856,0.47791,0.01146,0.13767,0.11867
38.04,2,-4.26362,1.29932,-1.82695,0.39065,0.13007,0.17318,0.11142
38.06,0,-4.50009,-1.00314,-1.57074,0.49444,0.00000,0.00000,
38.06,1,-4.46754,0.13449,-1.60840,0.45804,0.00742,0.13810,0.12856
38.06,2,-4.26558,1.29186,-1.82431,0.37921,0.13551,0.17485,0.12087
38.08,0,-4.50009,-1.01303,-1.57074,0.49444,0.00000,0.00000,
38.08,1,-4.46786,0.12579,-1.60821,0.42077,0.01095,0.13927,0.13844
38.08,2,-4.26751,1.28409,-1.82097,0.47576,0.32823,0.17551,0.03096
38.1,0,-4.50009,-1.02292,-1.57074,0.49444,0.00000,0.00000,
38.1,1,-4.46817,0.11635,-1.60782,0.62405,0.04076,0.13971,0.09889
38.1,2,-4.26988,1.27459,-1.81101,0.47203,0.50225,0.17509,0.04040
38.12,0,-4.50009,-1.03281,-1.57074,0.49444,0.00000,0.00000,
38.12,1,-4.46848,0.10359,-1.60556,0.57730,0.14922,0.13684,0.10878
38.12,2,-4.27232,1.26487,-1.80645,0.51286,0.05599,0.17772,0.05316
38.14,0,-4.50009,-1.04269,-1.57074,0.49444,0.00000,0.00000,
38.14,1,-4.46894,0.09150,-1.60204,0.72312,0.20055,0.13463,0.06922
38.14,2,-4.27469,1.25508,-1.80593,0.49092,0.05149,0.17968,0.06526
38.16,0,-4.50009,-1.05258,-1.57074,0.49444,0.00000,0.00000,
38.16,1,-4.46941,0.07601,-1.59969,0.72457,0.02110,0.12901,0.07911
38.16,2,-4.27691,1.24583,-1.80375,0.46624,0.14317,0.18554,0.08076
38.18,0,-4.50009,-1.06247,-1.57074,0.49444,0.00000,0.00000,
38.18,1,-4.46970,0.06420,-1.60081,0.49608,-0.08173,0.12708,0.08900
38.18,2,-4.27903,1.23704,-1.80120,0.39566,0.01522,0.18824,0.09257
38.2,0,-4.50009,-1.07236,-1.57074,0.49444,0.00000,0.00000,
38.2,1,-4.46994,0.05710,-1.60236,0.27849,-0.08192,0.12987,0.09889
38.2,2,-4.28100,1.22914,-1.79945,0.41736,0.13714,0.18717,0.09967
38.22,0,-4.50009,-1.08225,-1.57074,0.49444,0.00000,0.00000,
38.22,1,-4.47025,0.05136,-1.60435,0.35797,-0.15179,0.13400,0.05933
38.22,2,-4.28295,1.22091,-1.79648,0.42309,0.14125,0.18445,0.10542
38.24,0,-4.50009,-1.09214,-1.57074,0.49444,0.00000,0.00000,
38.24,1,-4.47081,0.04032,-1.60524,0.54912,0.13030,0.13284,0.06922
38.24,2,-4.28503,1.21094,-1.79207,0.56495,0.49333,0.18527,0.06935
38.26,0,-4.50009,-1.10203,-1.57074,0.49444,0.00000,0.00000,
38.26,1,-4.47135,0.02970,-1.59906,0.53133,0.32707,0.13210,0.07911
38.26,2,-4.28733,1.20122,-1.77944,0.49268,0.61267,0.18589,0.07998
38.28,0,-4.50008,-1.11192,-1.57074,0.49444,0.00000,0.00000,
38.28,1,-4.47203,0.01937,-1.59377,0.43880,0.16528,0.13164,0.08900
38.28,2,-4.28996,1.19043,-1.77686,0.62332,-0.16688,0.18513,0.09033
38.3,0,-4.50008,-1.12181,-1.57074,0.49444,0.00000,0.00000,
38.3,1,-4.47240,0.01160,-1.59249,0.39910,-0.00794,0.13374,0.09889
38.3,2,-4.29273,1.17739,-1.77951,0.67343,-0.01992,0.17955,0.09811
38.32,0,-4.50008,-1.13169,-1.57074,0.49444,0.00000,0.00000,
38.32,1,-4.47257,0.00343,-1.59086,0.36761,0.20459,0.13546,0.00989
38.32,2,-4.29549,1.16411,-1.77808,0.67061,0.12246,0.17410,0.10628
38.34,0,-4.50008,-1.14158,-1.57074,0.49444,0.00000,0.00000,
38.34,1,-4.47260,-0.00471,-1.58300,0.45297,0.36038,0.13721,0.01978
38.34,2,-4.29813,1.15136,-1.77555,0.63564,0.11566,0.16916,0.11441
38.36,0,-4.50008,-1.15147,-1.57074,0.49444,0.00000,0.00000,
38.36,1,-4.47276,-0.01455,-1.58074,0.53957,-0.06067,0.13725,0.02967
38.36,2,-4.30066,1.13911,-1.77362,0.62038,0.08458,0.16643,0.12426
38.38,0,-4.50008,-1.16136,-1.57074,0.49444,0.00000,0.00000,
38.38,1,-4.47292,-0.02580,-1.58305,0.56090,-0.10766,0.13589,0.03956
38.38,2,-4.30315,1.12699,-1.77198,0.61760,0.08255,0.16522,0.13550
38.4,0,-4.50008,-1.17125,-1.57074,0.49444,0.00000,0.00000,
38.4,1,-4.47306,-0.03645,-1.58414,0.52612,-0.01814,0.13512,0.04944
38.4,2,-4.30534,1.11762,-1.77067,0.43552,-0.01474,0.16620,0.04368
38.42,0,-4.50008,-1.18114,-1.57074,0.49444,0.00000,0.00000,
38.42,1,-4.47319,-0.04680,-1.58426,0.51144,-0.00720,0.13466,0.05933
38.42,2,-4.30745,1.10916,-1.77097,0.43553,-0.01494,0.16778,0.05403
38.44,0,-4.50008,-1.19103,-1.57074,0.49444,0.00000,0.00000,
38.44,1,-4.47332,-0.05641,-1.58468,0.43177,-0.03284,0.13493,0.06922
38.44,2,-4.30917,1.10369,-1.77381,0.17041,-0.62492,0.17166,0.06364
38.46,0,-4.50008,-1.20092,-1.57074,0.49444,0.00000,0.00000,
38.46,1,-4.47345,-0.06531,-1.58527,0.45560,-0.02510,0.13592,0.07911
38.46,2,-4.31022,1.09936,-1.78874,0.27623,-0.63777,0.17605,0.02365
38.48,0,-4.50008,-1.21081,-1.57074,0.49444,0.00000,0.00000,
38.48,1,-4.47359,-0.07450,-1.58570,0.45835,-0.01972,0.13662,0.08900
38.48,2,-4.31167,1.09403,-1.80342,0.28319,-0.60359,0.17969,0.03284
38.5,0,-4.50008,-1.22069,-1.57074,0.49444,0.00000,0.00000,
38.5,1,-4.47372,-0.08351,-1.58610,0.44371,-0.02045,0.13749,0.09889
38.5,2,-4.31328,1.08723,-1.80600,0.37324,-0.13891,0.18168,0.04185
38.52,0,-4.50008,-1.23058,-1.57074,0.49444,0.00000,0.00000,
38.52,1,-4.47386,-0.09218,-1.58650,0.44101,-0.02121,0.13870,0.10878
38.52,2,-4.31543,1.07874,-1.80977,0.50300,-0.05337,0.18160,0.05052
38.54,0,-4.50008,-1.24047,-1.57074,0.49444,0.00000,0.00000,
38.54,1,-4.47400,-0.10110,-1.58693,0.44606,-0.02081,0.13967,0.11867
38.54,2,-4.31802,1.06825,-1.80594,0.55887,0.32254,0.17971,0.05944
38.56,0,-4.50008,-1.25036,-1.57074,0.49444,0.00000,0.00000,
38.56,1,-4.47414,-0.10989,-1.58732,0.43372,-0.01929,0.14076,0.12856
38.56,2,-4.32074,1.05695,-1.80040,0.56625,0.26628,0.17689,0.06824
38.58,0,-4.50008,-1.26025,-1.57074,0.49444,0.00000,0.00000,
38.58,1,-4.47428,-0.11844,-1.58770,0.42278,-0.01855,0.14210,0.13844
38.58,2,-4.32334,1.04593,-1.79650,0.56154,0.15885,0.17411,0.07678
38.6,0,-4.50007,-1.27014,-1.57074,0.49444,0.00000,0.00000,
38.6,1,-4.47442,-0.12727,-1.58752,0.40894,0.03261,0.14316,0.04944
38.6,2,-4.32581,1.03519,-1.79330,0.54297,0.16965,0.17192,0.08562
38.62,0,-4.50007,-1.28003,-1.57074,0.49444,0.00000,0.00000,
38.62,1,-4.47455,-0.13569,-1.58722,0.44801,-0.00499,0.14462,0.05933
38.62,2,-4.32818,1.02496,-1.79011,0.45830,0.04915,0.16985,0.09404
38.64,0,-4.50007,-1.28992,-1.57074,0.49444,0.00000,0.00000,
38.64,1,-4.47471,-0.14531,-1.58761,0.49796,-0.02466,0.14489,0.06922
38.64,2,-4.33034,1.01585,-1.78734,0.47888,0.19879,0.17010,0.10365
38.66,0,-4.50007,-1.29981,-1.57074,0.49444,0.00000,0.00000,
38.66,1,-4.47487,-0.15504,-1.58798,0.50276,-0.01594,0.14504,0.07911
38.66,2,-4.33247,1.00637,-1.78312,0.48693,0.19984,0.17011,0.11339
38.68,0,-4.50007,-1.30969,-1.57074,0.49444,0.00000,0.00000,
38.68,1,-4.47505,-0.16520,-1.58826,0.50400,-0.01243,0.14477,0.08900
38.68,2,-4.33445,0.99739,-1.77939,0.37704,0.21965,0.17105,0.07739
38.7,0,-4.50007,-1.31958,-1.57074,0.49444,0.00000,0.00000,
38.7,1,-4.47522,-0.17500,-1.58850,0.47909,-0.01244,0.14485,0.09889
38.7,2,-4.33581,0.99114,-1.77488,0.32740,0.19896,0.17444,0.08720
38.72,0,-4.50007,-1.32947,-1.57074,0.49444,0.00000,0.00000,
38.72,1,-4.47538,-0.18434,-1.58877,0.42801,-0.01932,0.14540,0.10878
38.72,2,-4.33738,0.98366,-1.77192,0.41043,0.09976,0.17612,0.09654
38.74,0,-4.50007,-1.33936,-1.57074,0.49444,0.00000,0.00000,
38.74,1,-4.47554,-0.19244,-1.58914,0.41669,-0.01248,0.14719,0.11867
38.74,2,-4.33917,0.97504,-1.76929,0.44778,0.15558,0.17542,0.10464
38.76,0,-4.50007,-1.34925,-1.57074,0.49444,0.00000,0.00000,
38.76,1,-4.47570,-0.20108,-1.58931,0.49594,-0.00285,0.14843,0.07911
38.76,2,-4.34088,0.96659,-1.76598,0.40140,0.18681,0.17543,0.11328
38.78,0,-4.50007,-1.35914,-1.57074,0.49444,0.00000,0.00000,
38.78,1,-4.47586,-0.21307,-1.58894,0.56837,0.03075,0.14632,0.08900
38.78,2,-4.34244,0.95878,-1.76252,0.42093,0.13202,0.17942,0.12528
38.8,0,-4.50007,-1.36903,-1.57074,0.49444,0.00000,0.00000,
38.8,1,-4.47602,-0.22444,-1.58832,0.56837,0.03075,0.14484,0.09889
38.8,2,-4.34420,0.94925,-1.75935,0.53415,0.30316,0.18107,0.04471
38.82,0,-4.50007,-1.37892,-1.57074,0.49444,0.00000,0.00000,
38.82,1,-4.47620,-0.23530,-1.58810,0.51283,-0.00731,0.14387,0.10878
38.82,2,-4.34605,0.93959,-1.75609,0.48976,0.10937,0.18207,0.05557
38.84,0,-4.50007,-1.38881,-1.57074,0.49444,0.00000,0.00000,
38.84,1,-4.47636,-0.24360,-1.58861,0.36015,-0.02831,0.14545,0.11867
38.84,2,-4.34790,0.92996,-1.75330,0.52102,0.12477,0.18057,0.06388
38.86,0,-4.50007,-1.39869,-1.57074,0.49444,0.00000,0.00000,
38.86,1,-4.47651,-0.25131,-1.58889,0.40405,-0.00567,0.14763,0.12856
38.86,2,-4.34991,0.91858,-1.74880,0.59845,0.41071,0.17672,0.02129
38.88,0,-4.50007,-1.40858,-1.57074,0.49444,0.00000,0.00000,
38.88,1,-4.47666,-0.25919,-1.58893,0.37873,-0.00014,0.14963,0.13844
38.88,2,-4.35196,0.90708,-1.74113,0.59512,0.24939,0.17292,0.02917
38.9,0,-4.50007,-1.41847,-1.57074,0.49444,0.00000,0.00000,
38.9,1,-4.47682,-0.26813,-1.58856,0.44604,0.03650,0.15058,0.04944
38.9,2,-4.35400,0.89532,-1.73851,0.60974,0.05985,0.16991,0.03811
38.92,0,-4.50007,-1.42836,-1.57074,0.49444,0.00000,0.00000,
38.92,1,-4.47698,-0.27737,-1.58818,0.48164,0.00022,0.15122,0.05933
38.92,2,-4.35605,0.88321,-1.73720,0.61054,0.09062,0.16687,0.04736
38.94,0,-4.50006,-1.43825,-1.57074,0.49444,0.00000,0.00000,
38.94,1,-4.47715,-0.28709,-1.58840,0.49931,-0.01524,0.15138,0.06922
38.94,2,-4.35803,0.87142,-1.73477,0.58716,0.13722,0.16462,0.05708
38.96,0,-4.50006,-1.44814,-1.57074,0.49444,0.00000,0.00000,
38.96,1,-4.47733,-0.29754,-1.58867,0.52852,-0.01030,0.15083,0.07911
38.96,2,-4.35992,0.86001,-1.73209,0.57308,0.12698,0.16349,0.06752
38.98,0,-4.50006,-1.45803,-1.57074,0.49444,0.00000,0.00000,
38.98,1,-4.47751,-0.30785,-1.58881,0.50235,-0.00528,0.15040,0.08900
38.98,2,-4.36168,0.85012,-1.73096,0.51001,0.10459,0.16375,0.07784
39.0,0,-4.50006,-1.46792,-1.57074,0.49444,0.00000,0.00000,
39.0,1,-4.47769,-0.31762,-1.58892,0.48079,-0.00601,0.15051,0.09889
39.0,2,-4.36339,0.83984,-1.72821,0.52537,0.14410,0.16309,0.08761
39.02,0,-4.50006,-1.47780,-1.57074,0.49444,0.00000,0.00000,
39.02,1,-4.47786,-0.32607,-1.58918,0.42226,-0.00939,0.15195,0.10878
39.02,2,-4.36502,0.82976,-1.72536,0.49487,0.14510,0.16133,0.09606
39.04,0,-4.50006,-1.48769,-1.57074,0.49444,0.00000,0.00000,
39.04,1,-4.47802,-0.33477,-1.58928,0.44131,-0.00274,0.15313,0.11867
39.04,2,-4.36665,0.81946,-1.72334,0.53595,0.08071,0.15959,0.10476
39.06,0,-4.50006,-1.49758,-1.57074,0.49444,0.00000,0.00000,
39.06,1,-4.47819,-0.34353,-1.58935,0.43270,-0.00494,0.15426,0.12856
39.06,2,-4.36827,0.80891,-1.72165,0.52632,0.09275,0.15767,0.11353
39.08,0,-4.50006,-1.50747,-1.57074,0.49444,0.00000,0.00000,
39.08,1,-4.47835,-0.35404,-1.58923,0.58423,0.01754,0.15364,0.08900
39.08,2,-4.36981,0.79876,-1.71964,0.50370,0.10332,0.15789,0.12403
39.1,0,-4.50006,-1.51736,-1.57074,0.49444,0.00000,0.00000,
39.1,1,-4.47851,-0.36523,-1.58879,0.53903,0.02538,0.15233,0.09889
39.1,2,-4.37123,0.78966,-1.71729,0.36472,0.16822,0.15987,0.04333
39.12,0,-4.50006,-1.52725,-1.57074,0.49444,0.00000,0.00000,
39.12,1,-4.47864,-0.37562,-1.58809,0.51638,0.02581,0.15183,0.10878
39.12,2,-4.37234,0.78446,-1.71628,0.20514,-0.11347,0.16494,0.05372
39.14,0,-4.50006,-1.53714,-1.57074,0.49444,0.00000,0.00000,
39.14,1,-4.47883,-0.38473,-1.58808,0.41604,0.03688,0.15261,0.01978
39.14,2,-4.37342,0.78037,-1.71867,0.23183,-0.11799,0.16986,0.06283
39.16,0,-4.50006,-1.54703,-1.57074,0.49444,0.00000,0.00000,
39.16,1,-4.47900,-0.39305,-1.58734,0.41684,0.04493,0.15417,0.02967
39.16,2,-4.37445,0.77423,-1.71854,0.35358,0.13218,0.17195,0.07115
39.18,0,-4.50006,-1.55692,-1.57074,0.49444,0.00000,0.00000,
39.18,1,-4.47910,-0.40147,-1.58648,0.46228,0.02261,0.15564,0.03956
39.18,2,-4.37559,0.76683,-1.71395,0.41750,0.28323,0.17287,0.07957
39.2,0,-4.50006,-1.56680,-1.57074,0.49444,0.00000,0.00000,
39.2,1,-4.47927,-0.41228,-1.58660,0.57732,-0.01908,0.15471,0.04944
39.2,2,-4.37678,0.75851,-1.70919,0.42425,0.15874,0.17527,0.09039
39.22,0,-4.50006,-1.57669,-1.57074,0.49444,0.00000,0.00000,
39.22,1,-4.47945,-0.42345,-1.58690,0.54802,-0.01021,0.15343,0.05933
39.22,2,-4.37798,0.75003,-1.70757,0.42925,0.04709,0.17786,0.10156
39.24,0,-4.50006,-1.58658,-1.57074,0.49444,0.00000,0.00000,
39.24,1,-4.47962,-0.43406,-1.58701,0.51623,-0.00319,0.15271,0.06922
39.24,2,-4.37914,0.74161,-1.70640,0.42033,0.07568,0.17995,0.11216
39.26,0,-4.50006,-1.59647,-1.57074,0.49444,0.00000,0.00000,
39.26,1,-4.47979,-0.44689,-1.58690,0.77428,0.01389,0.14976,0.02967
39.26,2,-4.38035,0.73162,-1.70271,0.52862,0.24281,0.18270,0.02896
39.28,0,-4.50005,-1.60636,-1.57074,0.49444,0.00000,0.00000,
39.28,1,-4.47998,-0.46111,-1.58643,0.68538,0.02744,0.14543,0.03956
39.28,2,-4.38156,0.72193,-1.69705,0.48366,0.25644,0.18713,0.04318
39.3,0,-4.50005,-1.61625,-1.57074,0.49444,0.00000,0.00000,
39.3,1,-4.48016,-0.47406,-1.58620,0.60396,-0.00333,0.14236,0.04944
39.3,2,-4.38298,0.71119,-1.69493,0.58921,0.02345,0.18923,0.05614
39.32,0,-4.50005,-1.62614,-1.57074,0.49444,0.00000,0.00000,
39.32,1,-4.48034,-0.48325,-1.58672,0.42194,-0.03718,0.14306,0.05933
39.32,2,-4.38453,0.69919,-1.69426,0.58815,0.08063,0.18631,0.06533
39.34,0,-4.50005,-1.63603,-1.57074,0.49444,0.00000,0.00000,
39.34,1,-4.48051,-0.49187,-1.58726,0.44618,-0.01234,0.14433,0.06922
39.34,2,-4.38607,0.68706,-1.69264,0.62065,0.08239,0.18270,0.07395
39.36,0,-4.50005,-1.64592,-1.57074,0.49444,0.00000,0.00000,
39.36,1,-4.48065,-0.50111,-1.58727,0.46966,0.00389,0.14497,0.07911
39.36,2,-4.38756,0.67491,-1.69100,0.60066,0.08025,0.17970,0.08319
39.38,0,-4.50005,-1.65580,-1.57074,0.49444,0.00000,0.00000,
39.38,1,-4.48080,-0.51011,-1.58719,0.45859,0.00011,0.14586,0.08900
39.38,2,-4.38894,0.66455,-1.69062,0.51495,0.04708,0.17824,0.09219
39.4,0,-4.50005,-1.66569,-1.57074,0.49444,0.00000,0.00000,
39.4,1,-4.48096,-0.51987,-1.58730,0.49982,-0.00749,0.14598,0.09889
39.4,2,-4.39022,0.65614,-1.68679,0.32602,0.39487,0.17951,0.04084
39.42,0,-4.50005,-1.67558,-1.57074,0.49444,0.00000,0.00000,
39.42,1,-4.48112,-0.52968,-1.58742,0.47783,-0.00444,0.14606,0.10878
39.42,2,-4.39128,0.65092,-1.67811,0.20391,0.37521,0.18401,0.05065
39.44,0,-4.50005,-1.68547,-1.57074,0.49444,0.00000,0.00000,
39.44,1,-4.48128,-0.53894,-1.58748,0.45391,-0.00254,0.14669,0.11867
39.44,2,-4.39224,0.64577,-1.67895,0.32524,-0.24302,0.18805,0.05991
39.46,0,-4.50005,-1.69536,-1.57074,0.49444,0.00000,0.00000,
39.46,1,-4.48142,-0.54734,-1.58762,0.38676,-0.01009,0.14817,0.12856
39.46,2,-4.39311,0.63895,-1.67999,0.35718,0.29977,0.18958,0.06831
39.48,0,-4.50005,-1.70525,-1.57074,0.49444,0.00000,0.00000,
39.48,1,-4.48157,-0.55536,-1.58771,0.41111,-0.00083,0.15004,0.13844
39.48,2,-4.39410,0.63168,-1.67622,0.38641,-0.01729,0.19026,0.07633
39.5,0,-4.50005,-1.71514,-1.57074,0.49444,0.00000,0.00000,
39.5,1,-4.48171,-0.56677,-1.58742,0.56164,0.02997,0.14852,0.09889
39.5,2,-4.39522,0.62328,-1.67903,0.45338,-0.12027,0.19319,0.08774
39.52,0,-4.50005,-1.72503,-1.57074,0.49444,0.00000,0.00000,
39.52,1,-4.48185,-0.57731,-1.58671,0.52549,0.03573,0.14786,0.10878
39.52,2,-4.39620,0.61398,-1.67919,0.46879,0.07057,0.19436,0.09829
39.54,0,-4.50005,-1.73492,-1.57074,0.49444,0.00000,0.00000,
39.54,1,-4.48200,-0.58839,-1.58624,0.68123,0.01605,0.14667,0.06922
39.54,2,-4.39713,0.60491,-1.67724,0.44388,0.09689,0.19631,0.10936
39.56,0,-4.50005,-1.74480,-1.57074,0.49444,0.00000,0.00000,
39.56,1,-4.48220,-0.60352,-1.58608,0.72322,-0.00125,0.14142,0.07911
39.56,2,-4.39802,0.59628,-1.67574,0.42835,0.05880,0.20275,0.12450
39.58,0,-4.50005,-1.75469,-1.57074,0.49444,0.00000,0.00000,
39.58,1,-4.48238,-0.61542,-1.58620,0.51567,-0.00966,0.13941,0.08900
39.58,2,-4.39890,0.58779,-1.67470,0.42613,0.05105,0.20611,0.13640
39.6,0,-4.50004,-1.76458,-1.57074,0.49444,0.00000,0.00000,
39.6,1,-4.48252,-0.62383,-1.58652,0.30576,-0.03314,0.14088,0.09889
39.6,2,-4.39978,0.57903,-1.67345,0.49457,0.12827,0.20570,0.09901
39.62,0,-4.50004,-1.77447,-1.57074,0.49444,0.00000,0.00000,
39.62,1,-4.48266,-0.62955,-1.58724,0.28607,-0.03608,0.14505,0.10878
39.62,2,-4.40065,0.56991,-1.66835,0.45011,0.23388,0.20227,0.10473
39.64,0,-4.50004,-1.78436,-1.57074,0.49444,0.00000,0.00000,
39.64,1,-4.48284,-0.63594,-1.58829,0.36104,-0.03752,0.14855,0.11867
39.64,2,-4.40154,0.56059,-1.66615,0.48486,0.02542,0.19929,0.11112
39.66,0,-4.50004,-1.79425,-1.57074,0.49444,0.00000,0.00000,
39.66,1,-4.48298,-0.64346,-1.58841,0.41817,0.00961,0.15091,0.12856
39.66,2,-4.40247,0.55175,-1.66255,0.40272,0.30320,0.19792,0.01677
39.68,0,-4.50004,-1.80414,-1.57074,0.49444,0.00000,0.00000,
39.68,1,-4.48313,-0.65457,-1.58792,0.60863,0.03867,0.14969,0.08900
39.68,2,-4.40346,0.54368,-1.65756,0.41325,0.14800,0.20089,0.02788
39.7,0,-4.50004,-1.81403,-1.57074,0.49444,0.00000,0.00000,
39.7,1,-4.48328,-0.66674,-1.58715,0.60864,0.03871,0.14741,0.09889
39.7,2,-4.40425,0.53531,-1.65686,0.42221,-0.01958,0.20465,0.04005
39.72,0,-4.50004,-1.82392,-1.57074,0.49444,0.00000,0.00000,
39.72,1,-4.48345,-0.67754,-1.58632,0.54217,0.02482,0.14650,0.05933
39.72,2,-4.40495,0.52724,-1.65727,0.38290,-0.00851,0.20733,0.05085
39.74,0,-4.50004,-1.83380,-1.57074,0.49444,0.00000,0.00000,
39.74,1,-4.48363,-0.68952,-1.58629,0.64969,-0.00152,0.14440,0.01978
39.74,2,-4.40561,0.51959,-1.65662,0.38477,0.05517,0.21163,0.06284
39.76,0,-4.50004,-1.84369,-1.57074,0.49444,0.00000,0.00000,
39.76,1,-4.48381,-0.70245,-1.58631,0.61552,0.00333,0.14136,0.02967
39.76,2,-4.40627,0.51194,-1.65551,0.38201,0.04861,0.21686,0.07576
39.78,0,-4.50004,-1.85358,-1.57074,0.49444,0.00000,0.00000,
39.78,1,-4.48395,-0.71333,-1.58546,0.55501,0.06344,0.14036,0.03956
39.78,2,-4.40691,0.50441,-1.65474,0.37446,0.03252,0.22018,0.08665
39.8,0,-4.50004,-1.86347,-1.57074,0.49444,0.00000,0.00000,
39.8,1,-4.48411,-0.72296,-1.58502,0.40746,-0.02258,0.14062,0.04944
39.8,2,-4.40753,0.49702,-1.65411,0.36754,0.03222,0.22239,0.09628
39.82,0,-4.50004,-1.87336,-1.57074,0.49444,0.00000,0.00000,
39.82,1,-4.48425,-0.73112,-1.58544,0.40973,-0.01023,0.14235,0.05933
39.82,2,-4.40814,0.48976,-1.65344,0.36231,0.03431,0.22325,0.10444
39.84,0,-4.50004,-1.88325,-1.57074,0.49444,0.00000,0.00000,
39.84,1,-4.48436,-0.73950,-1.58526,0.40148,0.01910,0.14386,0.06922
39.84,2,-4.40879,0.47958,-1.65010,0.57672,0.30301,0.22142,0.06733
39.86,0,-4.50004,-1.89314,-1.57074,0.49444,0.00000,0.00000,
39.86,1,-4.48451,-0.74881,-1.58508,0.51708,-0.00062,0.14443,0.07911
39.86,2,-4.40948,0.46958,-1.64465,0.47949,0.35855,0.22070,0.07665
39.88,0,-4.50004,-1.90303,-1.57074,0.49444,0.00000,0.00000,
39.88,1,-4.48467,-0.75934,-1.58516,0.51672,-0.00389,0.14379,0.08900
39.88,2,-4.41020,0.45891,-1.63853,0.58409,0.16198,0.22053,0.08718
39.9,0,-4.50004,-1.91292,-1.57074,0.49444,0.00000,0.00000,
39.9,1,-4.48482,-0.76912,-1.58519,0.46889,0.00030,0.14389,0.09889
39.9,2,-4.41104,0.44784,-1.63879,0.55342,-0.07175,0.21920,0.09696
39.92,0,-4.50004,-1.92280,-1.57074,0.49444,0.00000,0.00000,
39.92,1,-4.48495,-0.77827,-1.58518,0.45313,0.00045,0.14464,0.10878
39.92,2,-4.41182,0.43677,-1.63961,0.54957,-0.00626,0.21723,0.10611
39.94,0,-4.50003,-1.93269,-1.57074,0.49444,0.00000,0.00000,
39.94,1,-4.48508,-0.78737,-1.58518,0.45674,-0.00055,0.14542,0.11867
39.94,2,-4.41258,0.42425,-1.63791,0.65066,0.10841,0.21378,0.01364
39.96,0,-4.50003,-1.94258,-1.57074,0.49444,0.00000,0.00000,
39.96,1,-4.48521,-0.79545,-1.58529,0.40327,-0.00237,0.14723,0.07911
39.96,2,-4.41337,0.41189,-1.63552,0.60409,0.09877,0.20947,0.02172
39.98,0,-4.50003,-1.95247,-1.57074,0.49444,0.00000,0.00000,
39.98,1,-4.48533,-0.80705,-1.58508,0.55304,0.01991,0.14551,0.08900
39.98,2,-4.41417,0.39981,-1.63492,0.60436,-0.01237,0.20896,0.03332
40.0,0,-4.50003,-1.96236,-1.57074,0.49444,0.00000,0.00000,
40.0,1,-4.48545,-0.81682,-1.58451,0.48110,0.02623,0.14563,0.09889
40.0,2,-4.41489,0.38991,-1.63611,0.49933,-0.02271,0.20880,0.04310
40.02,0,-4.50003,-1.97225,-1.57074,0.49444,0.00000,0.00000,
40.02,1,-4.48559,-0.82832,-1.58422,0.74342,0.01312,0.14402,0.05933
40.02,2,-4.41559,0.37960,-1.63574,0.52534,0.03594,0.20995,0.05459
40.04,0,-4.50003,-1.98214,-1.57074,0.49444,0.00000,0.00000,
40.04,1,-4.48575,-0.84348,-1.58405,0.69704,0.00188,0.13875,0.06922
40.04,2,-4.41627,0.36954,-1.63493,0.50298,0.03193,0.21501,0.06975
40.06,0,-4.50003,-1.99203,-1.57074,0.49444,0.00000,0.00000,
40.06,1,-4.48589,-0.85507,-1.58412,0.50026,-0.00560,0.13704,0.07911
40.06,2,-4.41697,0.35875,-1.63483,0.55804,-0.00675,0.21578,0.08135
40.08,0,-4.50003,-2.00192,-1.57074,0.49444,0.00000,0.00000,
40.08,1,-4.48601,-0.86335,-1.58435,0.38295,-0.01583,0.13865,0.03956
40.08,2,-4.41768,0.34776,-1.63488,0.53834,0.00389,0.21304,0.08963
40.1,0,-4.50003,-2.01180,-1.57074,0.49444,0.00000,0.00000,
40.1,1,-4.48615,-0.87102,-1.58471,0.38605,-0.03034,0.14087,0.04944
40.1,2,-4.41835,0.33736,-1.63469,0.50962,0.01201,0.21028,0.09730
40.12,0,-4.50003,-2.02169,-1.57074,0.49444,0.00000,0.00000,
40.12,1,-4.48629,-0.87900,-1.58522,0.38851,-0.00724,0.14278,0.05933
40.12,2,-4.41898,0.32768,-1.63466,0.46599,-0.00383,0.20856,0.10527
40.14,0,-4.50003,-2.03158,-1.57074,0.49444,0.00000,0.00000,
40.14,1,-4.48642,-0.88848,-1.58511,0.53660,0.01017,0.14318,0.06922
40.14,2,-4.41960,0.31822,-1.63450,0.47980,0.01372,0.20855,0.06679
40.16,0,-4.50003,-2.04147,-1.57074,0.49444,0.00000,0.00000,
40.16,1,-4.48656,-0.89940,-1.58496,0.53321,0.00393,0.14215,0.07911
40.16,2,-4.42022,0.30966,-1.63384,0.38614,-0.00279,0.21088,0.07772
40.18,0,-4.50003,-2.05136,-1.57074,0.49444,0.00000,0.00000,
40.18,1,-4.48670,-0.90940,-1.58493,0.47581,0.00085,0.14204,0.08900
40.18,2,-4.42084,0.30379,-1.63790,0.27857,-0.31629,0.21498,0.08772
40.2,0,-4.50003,-2.06125,-1.57074,0.49444,0.00000,0.00000,
40.2,1,-4.48683,-0.91866,-1.58489,0.45897,0.00284,0.14267,0.09889
40.2,2,-4.42135,0.29704,-1.63951,0.35630,0.09651,0.21746,0.09698
40.22,0,-4.50003,-2.07114,-1.57074,0.49444,0.00000,0.00000,
40.22,1,-4.48696,-0.92790,-1.58483,0.46503,0.00350,0.14331,0.10878
40.22,2,-4.42187,0.28960,-1.63684,0.37572,0.13679,0.21923,0.10622
40.24,0,-4.50003,-2.08103,-1.57074,0.49444,0.00000,0.00000,
40.24,1,-4.48708,-0.93605,-1.58486,0.41411,0.00218,0.14505,0.11867
40.24,2,-4.42250,0.28201,-1.63604,0.37807,-0.01578,0.21977,0.06103
40.26,0,-4.50003,-2.09092,-1.57074,0.49444,0.00000,0.00000,
40.26,1,-4.48720,-0.94446,-1.58476,0.42250,0.00524,0.14652,0.12856
40.26,2,-4.42306,0.27357,-1.63630,0.46699,0.00033,0.21972,0.06945
40.28,0,-4.50002,-2.10080,-1.57074,0.49444,0.00000,0.00000,
40.28,1,-4.48732,-0.95400,-1.58456,0.56272,0.02038,0.14687,0.08900
40.28,2,-4.42370,0.26363,-1.63595,0.50877,0.02687,0.21929,0.07899
40.3,0,-4.50002,-2.11069,-1.57074,0.49444,0.00000,0.00000,
40.3,1,-4.48744,-0.96521,-1.58415,0.53798,0.02349,0.14556,0.09889
40.3,2,-4.42433,0.25373,-1.63541,0.48093,0.02487,0.22057,0.09020
40.32,0,-4.50002,-2.12058,-1.57074,0.49444,0.00000,0.00000,
40.32,1,-4.48754,-0.97508,-1.58333,0.49718,0.04394,0.14557,0.10878
40.32,2,-4.42492,0.24452,-1.63492,0.46191,0.01934,0.22121,0.10007
40.34,0,-4.50002,-2.13047,-1.57074,0.49444,0.00000,0.00000,
40.34,1,-4.48767,-0.98696,-1.58408,0.65368,-0.13129,0.14358,0.06922
40.34,2,-4.42552,0.23518,-1.63459,0.47087,0.01617,0.22372,0.11195
40.36,0,-4.50002,-2.14036,-1.57074,0.49444,0.00000,0.00000,
40.36,1,-4.48774,-1.00000,-1.58707,0.64443,-0.21749,0.14042,0.02967
40.36,2,-4.42612,0.22585,-1.63424,0.46308,0.01898,0.22740,0.12499
40.38,0,-4.50002,-2.15025,-1.57074,0.49444,0.00000,0.00000,
40.38,1,-4.48768,-1.01253,-1.57842,0.63991,0.35435,0.13779,0.03956
40.38,2,-4.42670,0.21674,-1.63385,0.45123,0.01896,0.23078,0.13752
40.4,0,-4.50002,-2.16014,-1.57074,0.49444,0.00000,0.00000,
40.4,1,-4.48823,-1.02367,-1.57291,0.45858,0.21839,0.13653,0.04944
40.4,2,-4.42726,0.20782,-1.63349,0.44383,0.01758,0.23300,0.14867
40.42,0,-4.50002,-2.17003,-1.57074,0.49444,0.00000,0.00000,
40.42,1,-4.48824,-1.03276,-1.57081,0.45130,0.02958,0.13732,0.05933
40.42,2,-4.42780,0.19943,-1.63277,0.37767,0.03684,0.23367,0.10951
40.44,0,-4.50002,-2.17992,-1.57074,0.49444,0.00000,0.00000,
40.44,1,-4.48817,-1.04150,-1.57156,0.45384,-0.06331,0.13848,0.06922
40.44,2,-4.42828,0.19174,-1.63365,0.41545,-0.04677,0.23470,0.11824
40.46,0,-4.50002,-2.18980,-1.57074,0.49444,0.00000,0.00000,
40.46,1,-4.48818,-1.05136,-1.57255,0.50958,-0.03202,0.13851,0.07911
40.46,2,-4.42885,0.18274,-1.63324,0.38468,0.11993,0.23552,0.08121
40.48,0,-4.50002,-2.19969,-1.57074,0.49444,0.00000,0.00000,
40.48,1,-4.48820,-1.06135,-1.57288,0.48545,-0.01001,0.13840,0.08900
40.48,2,-4.42934,0.17559,-1.63338,0.37797,-0.05862,0.23834,0.09120
40.5,0,-4.50017,-2.20501,-1.56508,0.16407,0.22974,0.00000,
40.5,1,-4.48822,-1.07071,-1.57313,0.45689,-0.01601,0.13436,0.09431
40.5,2,-4.42994,0.16650,-1.63415,0.51510,-0.00428,0.23858,0.10056
40.52,0,-4.50048,-2.20698,-1.56088,0.06110,0.19070,0.00000,
40.52,1,-4.48824,-1.07976,-1.57351,0.45140,-0.02055,0.12729,0.09629
40.52,2,-4.43063,0.15601,-1.63337,0.48932,0.07607,0.23711,0.10961
40.54,0,-4.50084,-2.20791,-1.55722,0.04259,0.18412,0.00000,
40.54,1,-4.48827,-1.08879,-1.57391,0.45114,-0.01862,0.11919,0.09722
40.54,2,-4.43136,0.14495,-1.63240,0.59172,0.06992,0.23505,0.01355
40.56,0,-4.50102,-2.20793,-1.54850,-0.09292,1.45267,0.00000,
40.56,1,-4.48830,-1.09849,-1.57423,0.61870,-0.01184,0.10951,0.04780
40.56,2,-4.43209,0.13503,-1.63275,0.49153,-0.05752,0.23480,0.02325
40.58,0,-4.50111,-2.20571,-1.49703,-0.04743,2.89550,0.00000,
40.58,1,-4.48834,-1.11248,-1.57429,0.67212,0.03696,0.09331,0.04559
40.58,2,-4.43289,0.12592,-1.63478,0.46058,-0.06258,0.23964,0.03724
40.6,0,-4.50027,-2.20642,-1.44899,0.06529,1.99840,0.00000,
40.6,1,-4.48841,-1.12420,-1.57327,0.56473,0.02473,0.08228,0.04628
40.6,2,-4.43360,0.11580,-1.63411,0.49490,0.10316,0.24121,0.04896
40.62,0,-4.49857,-2.20766,-1.40943,0.09517,1.82259,0.00000,
40.62,1,-4.48826,-1.13272,-1.57460,0.29335,-0.21974,0.07499,0.00310
40.62,2,-4.43431,0.10601,-1.63185,0.49969,0.10166,0.23990,0.05747
40.64,0,-4.49677,-2.21017,-1.37162,0.17080,1.83657,0.00000,
40.64,1,-4.48773,-1.13818,-1.57888,0.25086,-0.20542,0.07203,0.00618
40.64,2,-4.43499,0.09541,-1.63071,0.55782,0.02516,0.23471,0.06293
40.66,0,-4.49578,-2.21439,-1.33606,0.24956,1.79326,0.00000,
40.66,1,-4.48718,-1.14419,-1.59915,0.30312,-1.05858,0.07024,0.01036
40.66,2,-4.43568,0.08398,-1.63043,0.57433,0.01459,0.22925,0.06895
40.68,0,-4.49459,-2.21966,-1.29859,0.27935,1.93696,0.00000,
40.68,1,-4.48679,-1.14947,-1.60740,0.10196,-0.26098,0.07021,0.01568
40.68,2,-4.43635,0.07276,-1.62995,0.55008,0.03072,0.22327,0.07424
40.7,0,-4.49313,-2.22504,-1.25934,0.28422,1.96941,0.00000,
40.7,1,-4.48658,-1.15114,-1.61649,0.08565,-0.41955,0.07392,0.02123
40.7,2,-4.43697,0.06272,-1.62968,0.50415,0.02421,0.21487,0.07591
40.72,0,-4.49133,-2.23064,-1.22046,0.31126,1.93685,0.00000,
40.72,1,-4.48663,-1.15299,-1.61918,0.04439,0.09532,0.07766,0.02582
40.72,2,-4.43758,0.05133,-1.62882,0.73839,0.07605,0.20531,0.02362
40.74,0,-4.48915,-2.23664,-1.18220,0.32614,1.90205,0.00000,
40.74,1,-4.48671,-1.15168,-1.61690,-0.07245,0.08568,0.08496,0.03220
40.74,2,-4.43818,0.03686,-1.62669,0.64938,0.14722,0.18952,0.02231
40.76,0,-4.48658,-2.24294,-1.14388,0.34797,1.92317,0.00000,
40.76,1,-4.48672,-1.15055,-1.61499,-0.04334,0.13881,0.09239,0.03900
40.76,2,-4.43874,0.02397,-1.62437,0.63180,0.05162,0.17550,0.02118
40.78,0,-4.48370,-2.24927,-1.10574,0.35675,1.91543,0.00000,
40.78,1,-4.48670,-1.15070,-1.61140,0.05193,0.14923,0.09858,0.04595
40.78,2,-4.43936,0.01309,-1.62484,0.43225,-0.07511,0.16476,0.02134
40.8,0,-4.48041,-2.25589,-1.06715,0.37726,1.93436,0.00000,
40.8,1,-4.48679,-1.15223,-1.60974,0.06791,0.04332,0.10368,0.05331
40.8,2,-4.44003,0.00428,-1.62697,0.45330,-0.12070,0.15745,0.02285
40.82,0,-4.47674,-2.26260,-1.02853,0.38553,1.92709,0.00000,
40.82,1,-4.48687,-1.15497,-1.60877,0.21067,0.06368,0.10768,0.00765
40.82,2,-4.44058,-0.00508,-1.62775,0.46013,0.03685,0.15082,0.02559
40.84,0,-4.47276,-2.26928,-0.99005,0.39150,1.92228,0.00000,
40.84,1,-4.48695,-1.15919,-1.60749,0.21067,0.06338,0.11018,0.01542
40.84,2,-4.44110,-0.01447,-1.62637,0.51610,0.05619,0.14563,0.02979
40.86,0,-4.46847,-2.27583,-0.95214,0.39603,1.88695,0.00000,
40.86,1,-4.48700,-1.16340,-1.60617,0.21259,0.08354,0.11258,0.02324
40.86,2,-4.44169,-0.02521,-1.62575,0.53839,0.01747,0.13909,0.03400
40.88,0,-4.46370,-2.28257,-0.91370,0.42367,1.93866,0.00000,
40.88,1,-4.48695,-1.16828,-1.60281,0.28091,0.17011,0.11453,0.03148
40.88,2,-4.44226,-0.03553,-1.62541,0.49772,0.02030,0.13363,0.03888
40.9,0,-4.45847,-2.28940,-0.87493,0.43369,1.93416,0.00000,
40.9,1,-4.48713,-1.17543,-1.60069,0.42193,0.06892,0.11434,0.04006
40.9,2,-4.44279,-0.04355,-1.62462,0.31543,0.00330,0.13275,0.02252
40.92,0,-4.45294,-2.29602,-0.83716,0.43673,1.88582,0.00000,
40.92,1,-4.48741,-1.18351,-1.59935,0.42930,0.05946,0.11304,0.04864
40.92,2,-4.44333,-0.04932,-1.62484,0.21724,-0.04897,0.13505,0.03060
40.94,0,-4.44692,-2.30272,-0.79871,0.45834,1.93981,0.00000,
40.94,1,-4.48769,-1.19207,-1.59643,0.39209,0.24656,0.11140,0.01763
40.94,2,-4.44386,-0.05349,-1.62587,0.16892,-0.07717,0.13942,0.03917
40.96,0,-4.44048,-2.30939,-0.75992,0.46595,1.93429,0.00000,
40.96,1,-4.48772,-1.20007,-1.59047,0.41151,0.30974,0.11033,0.02689
40.96,2,-4.44432,-0.05598,-1.62736,0.12476,-0.02588,0.14491,0.04716
40.98,0,-4.43373,-2.31586,-0.72139,0.46869,1.92206,0.00000,
40.98,1,-4.48787,-1.20876,-1.58671,0.45000,0.09523,0.10842,0.03622
40.98,2,-4.44449,-0.05814,-1.62635,0.12690,0.08476,0.15143,0.05585
41.0,0,-4.42669,-2.32211,-0.68297,0.47258,1.92069,0.00000,
41.0,1,-4.48807,-1.21781,-1.58561,0.44873,0.04974,0.10601,0.04560
41.0,2,-4.44470,-0.06199,-1.62499,0.24343,0.04138,0.15663,0.06490
41.02,0,-4.41938,-2.32807,-0.65067,0.47275,1.31764,0.00000,
41.02,1,-4.48824,-1.22657,-1.58416,0.42963,0.08974,0.10365,0.05498
41.02,2,-4.44494,-0.06747,-1.62451,0.41109,0.02684,0.15990,0.04723
41.04,0,-4.41181,-2.33386,-0.62745,0.47614,1.10632,0.00000,
41.04,1,-4.48836,-1.23503,-1.58224,0.42001,0.09558,0.10149,0.06445
41.04,2,-4.44527,-0.07437,-1.62033,0.31610,0.24228,0.16146,0.05570
41.06,0,-4.40417,-2.33940,-0.60468,0.46906,1.16982,0.00000,
41.06,1,-4.48846,-1.24340,-1.58048,0.41706,0.08165,0.09924,0.07381
41.06,2,-4.44552,-0.08101,-1.61583,0.36557,0.14603,0.16319,0.06406
41.08,0,-4.39646,-2.34475,-0.58121,0.47026,1.15855,0.00000,
41.08,1,-4.48854,-1.25169,-1.57892,0.41230,0.07603,0.09693,0.08311
41.08,2,-4.44591,-0.08922,-1.61520,0.43654,-0.02784,0.16325,0.07236
41.1,0,-4.38856,-2.34995,-0.55886,0.47484,1.08297,0.00000,
41.1,1,-4.48861,-1.25986,-1.57741,0.40534,0.07568,0.09467,0.09248
41.1,2,-4.44634,-0.09823,-1.61580,0.44852,-0.01421,0.16240,0.08053
41.12,0,-4.38050,-2.35502,-0.53779,0.47659,1.03462,0.00000,
41.12,1,-4.48866,-1.26753,-1.57592,0.37129,0.07373,0.09285,0.10190
41.12,2,-4.44674,-0.10682,-1.61559,0.41439,0.02439,0.16147,0.00370
41.14,0,-4.37232,-2.35991,-0.51745,0.47701,1.00324,0.00000,
41.14,1,-4.48870,-1.27503,-1.57446,0.37702,0.07119,0.09111,0.06622
41.14,2,-4.44712,-0.11339,-1.61427,0.28027,0.06961,0.16239,0.01120
41.16,0,-4.36402,-2.36464,-0.49777,0.47806,0.96657,0.00000,
41.16,1,-4.48896,-1.28484,-1.57731,0.50125,-0.16574,0.08701,0.02861
41.16,2,-4.44748,-0.11816,-1.61284,0.16917,0.08272,0.16742,0.02101
41.18,0,-4.35604,-2.36912,-0.47977,0.45394,0.92870,0.00000,
41.18,1,-4.48881,-1.29429,-1.57968,0.42520,0.00240,0.08299,0.03775
41.18,2,-4.44780,-0.12295,-1.61154,0.32588,0.03952,0.17206,0.03047
41.2,0,-4.34794,-2.37339,-0.46096,0.46042,0.92450,0.00000,
41.2,1,-4.48885,-1.30375,-1.57606,0.50083,0.28018,0.07888,0.04689
41.2,2,-4.44814,-0.12870,-1.61180,0.24330,-0.03931,0.17576,0.03992
41.22,0,-4.33968,-2.37751,-0.44332,0.46255,0.85021,0.00000,
41.22,1,-4.48898,-1.31343,-1.57032,0.42246,0.27266,0.07450,0.05612
41.22,2,-4.44833,-0.13357,-1.61051,0.27434,0.25399,0.18056,0.04961
41.24,0,-4.33133,-2.38148,-0.42674,0.46152,0.81765,0.00000,
41.24,1,-4.48903,-1.32185,-1.56589,0.42095,0.18911,0.07130,0.06534
41.24,2,-4.44856,-0.14152,-1.60448,0.56699,0.76972,0.18102,0.01304
41.26,0,-4.32304,-2.38527,-0.41020,0.47054,0.81209,0.00000,
41.26,1,-4.48901,-1.33027,-1.56234,0.41993,0.17563,0.06797,0.07443
41.26,2,-4.44884,-0.15226,-1.56958,0.48606,1.84138,0.17869,0.02146
41.28,0,-4.31408,-2.38918,-0.39459,0.49715,0.75671,0.00000,
41.28,1,-4.48894,-1.33859,-1.55875,0.41265,0.18233,0.06504,0.08418
41.28,2,-4.44900,-0.16191,-1.53412,0.46399,1.47862,0.17736,0.02979
41.3,0,-4.30493,-2.39300,-0.37983,0.49220,0.72683,0.00000,
41.3,1,-4.48884,-1.34675,-1.55512,0.40452,0.17955,0.06228,0.09406
41.3,2,-4.44865,-0.17200,-1.52606,0.54414,-0.34096,0.17544,0.03795
41.32,0,-4.29588,-2.39661,-0.36551,0.48420,0.70688,0.00000,
41.32,1,-4.48872,-1.35477,-1.55161,0.39839,0.17203,0.05953,0.10376
41.32,2,-4.44818,-0.18346,-1.53709,0.58446,-0.49144,0.17202,0.04597
41.34,0,-4.28685,-2.40006,-0.35165,0.48392,0.68055,0.00000,
41.34,1,-4.48856,-1.36268,-1.54824,0.39299,0.16565,0.05681,0.06667
41.34,2,-4.44780,-0.19493,-1.54226,0.56002,-0.10372,0.16847,0.05387
41.36,0,-4.27774,-2.40341,-0.33834,0.48662,0.65320,0.00000,
41.36,1,-4.48833,-1.37185,-1.53450,0.47570,0.74867,0.05284,0.07636
41.36,2,-4.44748,-0.20580,-1.54339,0.53391,-0.06412,0.16676,0.06304
41.38,0,-4.26854,-2.40665,-0.32556,0.48804,0.62794,0.00000,
41.38,1,-4.48802,-1.38065,-1.52569,0.40247,0.19904,0.04921,0.08609
41.38,2,-4.44719,-0.21638,-1.54561,0.52767,-0.14244,0.16498,0.07185
41.4,0,-4.25929,-2.40977,-0.31326,0.48821,0.60479,0.00000,
41.4,1,-4.48769,-1.38837,-1.52380,0.37970,0.08213,0.04663,0.09583
41.4,2,-4.44693,-0.22632,-1.54856,0.49375,-0.14675,0.16276,0.07957
41.42,0,-4.25000,-2.41278,-0.30141,0.48833,0.58230,0.00000,
41.42,1,-4.48733,-1.39599,-1.52093,0.38428,0.19206,0.04412,0.10557
41.42,2,-4.44671,-0.23628,-1.55128,0.49946,-0.12682,0.16042,0.08720
41.44,0,-4.24067,-2.41568,-0.29001,0.48876,0.56039,0.00000,
41.44,1,-4.48694,-1.40400,-1.51698,0.46729,-0.05009,0.04122,0.01954
41.44,2,-4.44651,-0.24618,-1.55368,0.48957,-0.11659,0.15853,0.09522
41.46,0,-4.23129,-2.41848,-0.27903,0.48924,0.53937,0.00000,
41.46,1,-4.48654,-1.41360,-1.53264,0.46920,-0.65659,0.03678,0.02932
41.46,2,-4.44634,-0.25583,-1.55601,0.47762,-0.11665,0.15847,0.10482
41.48,0,-4.22188,-2.42117,-0.26847,0.48963,0.51920,0.00000,
41.48,1,-4.48619,-1.42238,-1.53144,0.41829,0.53876,0.03317,0.03910
41.48,2,-4.44620,-0.26529,-1.55833,0.47031,-0.11484,0.15777,0.11360
41.5,0,-4.21244,-2.42377,-0.25830,0.48994,0.49978,0.00000,
41.5,1,-4.48584,-1.43057,-1.51873,0.40900,0.56966,0.03014,0.04890
41.5,2,-4.44607,-0.27145,-1.56041,0.16079,-0.09488,0.15980,0.07985
41.52,0,-4.20296,-2.42628,-0.24851,0.49024,0.48108,0.00000,
41.52,1,-4.48540,-1.43881,-1.51054,0.41447,0.31032,0.02706,0.05869
41.52,2,-4.44593,-0.27310,-1.56215,0.03551,-0.08273,0.16637,0.08810
41.54,0,-4.19345,-2.42869,-0.23909,0.49052,0.46315,0.00000,
41.54,1,-4.48490,-1.44704,-1.50474,0.40917,0.30081,0.02400,0.06850
41.54,2,-4.44579,-0.27307,-1.56369,-0.02899,-0.03273,0.17462,0.05494
41.56,0,-4.18392,-2.43101,-0.23001,0.49080,0.44626,0.00000,
41.56,1,-4.48437,-1.45476,-1.49796,0.37427,0.35032,0.02144,0.07830
41.56,2,-4.44558,-0.27422,-1.55899,0.15649,0.24436,0.18117,0.06267
41.58,0,-4.17436,-2.43325,-0.22127,0.49106,0.42944,0.00000,
41.58,1,-4.48382,-1.46228,-1.49123,0.37865,0.32403,0.01909,0.08811
41.58,2,-4.44546,-0.27821,-1.55892,0.20267,-0.13394,0.18469,0.07021
41.6,0,-4.16477,-2.43541,-0.21286,0.49128,0.41290,0.00000,
41.6,1,-4.48322,-1.46979,-1.48497,0.37342,0.30675,0.01677,0.09793
41.6,2,-4.44534,-0.28228,-1.56136,0.20858,-0.05645,0.18811,0.07774
41.62,0,-4.15517,-2.43748,-0.20478,0.49149,0.39709,0.00000,
41.62,1,-4.48251,-1.47769,-1.47558,0.46876,0.90125,0.01408,0.05889
41.62,2,-4.44464,-0.28677,-1.54932,0.16143,1.80565,0.19153,0.04313
41.64,0,-4.14554,-2.43948,-0.19701,0.49168,0.38194,0.00000,
41.64,1,-4.48155,-1.48723,-1.45714,0.43979,0.70055,0.00980,0.06872
41.64,2,-4.44455,-0.29424,-1.54705,0.45964,-0.32210,0.19356,0.05271
41.66,0,-4.13590,-2.44141,-0.18953,0.49186,0.36736,0.00000,
41.66,1,-4.48059,-1.49584,-1.44922,0.42159,0.22761,0.00643,0.07855
41.66,2,-4.44433,-0.30320,-1.54941,0.40543,0.07568,0.19320,0.06137
41.68,0,-4.12623,-2.44326,-0.18234,0.49202,0.35332,0.00000,
41.68,1,-4.47964,-1.50387,-1.44485,0.39277,0.25655,0.00366,0.08838
41.68,2,-4.44412,-0.31173,-1.54702,0.44879,-0.01426,0.19267,0.06945
41.7,0,-4.11655,-2.44504,-0.17542,0.49217,0.33982,0.00000,
41.7,1,-4.47871,-1.51047,-1.43757,0.32008,0.36672,0.00229,0.09821
41.7,2,-4.44398,-0.32053,-1.54967,0.40407,-0.17478,0.19045,0.07611
41.72,0,-4.10686,-2.44676,-0.16877,0.49231,0.32684,0.00000,
41.72,1,-4.47777,-1.51715,-1.43130,0.34665,0.28359,0.00087,0.10805
41.72,2,-4.44383,-0.32905,-1.55295,0.43679,-0.14163,0.18858,0.08285
41.74,0,-4.09715,-2.44842,-0.16237,0.49244,0.31435,0.00000,
41.74,1,-4.47680,-1.52399,-1.42575,0.34066,0.27913,0.00065,0.11789
41.74,2,-4.44368,-0.33730,-1.55538,0.41856,-0.10785,0.18715,0.08975
41.76,0,-4.08743,-2.45001,-0.15621,0.49256,0.30234,0.00000,
41.76,1,-4.47573,-1.53090,-1.41706,0.41416,0.84493,0.00224,0.07871
41.76,2,-4.44353,-0.34655,-1.55719,0.48821,-0.05687,0.18479,0.05787
41.78,0,-4.07770,-2.45154,-0.15029,0.49267,0.29079,0.00000,
41.78,1,-4.47441,-1.53923,-1.40406,0.41012,0.40944,0.00517,0.08856
41.78,2,-4.44340,-0.35624,-1.55814,0.46953,-0.06316,0.18340,0.06630
41.8,0,-4.06796,-2.45302,-0.14460,0.49278,0.27968,0.00000,
41.8,1,-4.47306,-1.54730,-1.39872,0.40065,0.22160,0.00781,0.09841
41.8,2,-4.44328,-0.36513,-1.55997,0.42842,-0.10783,0.18254,0.07447
41.82,0,-4.05820,-2.45444,-0.13912,0.49287,0.26900,0.00000,
41.82,1,-4.47170,-1.55470,-1.39306,0.31677,0.41539,0.00980,0.10826
41.82,2,-4.44319,-0.37356,-1.56214,0.41976,-0.10316,0.18149,0.08199
41.84,0,-4.04844,-2.45580,-0.13386,0.49296,0.25873,0.00000,
41.84,1,-4.47048,-1.56035,-1.38503,0.30302,0.31644,0.01008,0.11811
41.84,2,-4.44312,-0.38111,-1.56403,0.37217,-0.09060,0.17956,0.08776
41.86,0,-4.03867,-2.45712,-0.12879,0.49304,0.24884,0.00000,
41.86,1,-4.46926,-1.56654,-1.37961,0.31986,0.26089,0.01079,0.12796
41.86,2,-4.44307,-0.38878,-1.56580,0.38889,-0.08727,0.17805,0.09406
41.88,0,-4.02889,-2.45839,-0.12392,0.49312,0.23934,0.00000,
41.88,1,-4.46787,-1.57272,-1.38422,0.29109,-0.54856,0.01151,0.03944
41.88,2,-4.44302,-0.39741,-1.56640,0.44242,0.00543,0.17557,0.05988
41.9,0,-4.01910,-2.45961,-0.11924,0.49318,0.23020,0.00000,
41.9,1,-4.46691,-1.57820,-1.39094,0.29379,0.04044,0.01136,0.04930
41.9,2,-4.44298,-0.40605,-1.56691,0.44101,-0.05892,0.17240,0.06544
41.92,0,-4.00931,-2.46078,-0.11473,0.49325,0.22141,0.00000,
41.92,1,-4.46566,-1.58485,-1.38099,0.36861,0.71870,0.01232,0.05916
41.92,2,-4.44295,-0.41463,-1.56856,0.41496,-0.08992,0.17044,0.07221
41.94,0,-3.99950,-2.46191,-0.11039,0.49331,0.21295,0.00000,
41.94,1,-4.46405,-1.59282,-1.36324,0.47350,1.20080,0.01455,0.01973
41.94,2,-4.44292,-0.42261,-1.56996,0.31779,-0.03267,0.17040,0.04249
41.96,0,-3.98970,-2.46299,-0.10622,0.49336,0.20482,0.00000,
41.96,1,-4.46214,-1.60223,-1.34370,0.46068,0.72695,0.01810,0.02960
41.96,2,-4.44291,-0.42790,-1.57311,0.17704,-0.20826,0.17448,0.05209
41.98,0,-3.97989,-2.46404,-0.10221,0.49341,0.19699,0.00000,
41.98,1,-4.46011,-1.61110,-1.33328,0.44026,0.41226,0.02116,0.03946
41.98,2,-4.44293,-0.43074,-1.57753,0.16564,-0.23995,0.18048,0.06118
42.0,0,-3.97007,-2.46505,-0.09836,0.49346,0.18947,0.00000,
42.0,1,-4.45823,-1.61798,-1.32279,0.29452,0.61874,0.02233,0.04933
42.0,2,-4.44297,-0.43586,-1.58041,0.29017,-0.05710,0.18222,0.06830
42.02,0,-3.96025,-2.46602,-0.09465,0.49350,0.18224,0.00000,
42.02,1,-4.45629,-1.62477,-1.30778,0.38334,0.59068,0.02339,0.00987
42.02,2,-4.44302,-0.44218,-1.58098,0.32179,-0.02487,0.18267,0.07535
42.04,0,-3.95042,-2.46695,-0.09108,0.49355,0.17528,0.00000,
42.04,1,-4.45445,-1.63162,-1.30024,0.32353,0.28734,0.02438,0.01974
42.04,2,-4.44320,-0.44880,-1.58247,0.35280,-0.13079,0.18287,0.08243
42.06,0,-3.94059,-2.46785,-0.08765,0.49358,0.16858,0.00000,
42.06,1,-4.45240,-1.63891,-1.29107,0.41067,0.56397,0.02579,0.02961
42.06,2,-4.44332,-0.45670,-1.58448,0.42339,-0.06079,0.18224,0.01844
42.08,0,-3.93076,-2.46871,-0.08435,0.49362,0.16215,0.00000,
42.08,1,-4.45011,-1.64686,-1.27959,0.40589,0.55135,0.02780,0.03948
42.08,2,-4.44341,-0.46895,-1.58197,0.64444,0.15975,0.17793,0.02672
42.1,0,-3.92092,-2.46954,-0.08117,0.49365,0.15595,0.00000,
42.1,1,-4.44790,-1.65424,-1.26933,0.34794,0.53422,0.02921,0.04936
42.1,2,-4.44351,-0.48140,-1.57877,0.57599,0.14665,0.17284,0.03441
42.12,0,-3.91108,-2.47034,-0.07812,0.49368,0.15000,0.00000,
42.12,1,-4.44594,-1.66014,-1.25875,0.31705,0.44301,0.02917,0.05923
42.12,2,-4.44402,-0.49280,-1.57519,0.55764,0.23059,0.16734,0.04063
42.14,0,-3.90123,-2.47111,-0.07518,0.49371,0.14427,0.00000,
42.14,1,-4.44392,-1.66631,-1.25056,0.32793,0.40746,0.02932,0.06910
42.14,2,-4.44432,-0.50116,-1.57197,0.29056,0.10769,0.16516,0.00963
42.16,0,-3.89139,-2.47186,-0.07236,0.49373,0.13876,0.00000,
42.16,1,-4.44189,-1.67241,-1.24226,0.29833,0.37921,0.02934,0.07898
42.16,2,-4.44415,-0.50717,-1.56859,0.31790,0.22012,0.16524,0.01605
42.18,0,-3.88154,-2.47257,-0.06964,0.49375,0.13347,0.00000,
42.18,1,-4.43982,-1.67840,-1.23395,0.33872,0.44825,0.02923,0.08885
42.18,2,-4.44403,-0.51410,-1.56631,0.34191,0.01454,0.16431,0.02239
42.2,0,-3.87169,-2.47326,-0.06703,0.49378,0.12837,0.00000,
42.2,1,-4.43753,-1.68494,-1.22515,0.34496,0.42383,0.02962,0.09872
42.2,2,-4.44401,-0.52166,-1.56718,0.42143,-0.05904,0.16329,0.02931
42.22,0,-3.86183,-2.47392,-0.06452,0.49380,0.12347,0.00000,
42.22,1,-4.43527,-1.69123,-1.21709,0.32513,0.38924,0.02972,0.10860
42.22,2,-4.44400,-0.53028,-1.56792,0.42396,-0.01652,0.16098,0.03600
42.24,0,-3.85198,-2.47456,-0.06210,0.49381,0.11876,0.00000,
42.24,1,-4.43306,-1.69719,-1.20946,0.31439,0.37744,0.02946,0.06912
42.24,2,-4.44398,-0.53831,-1.56801,0.38375,-0.00073,0.15894,0.04236
42.26,0,-3.84212,-2.47517,-0.05977,0.49383,0.11422,0.00000,
42.26,1,-4.43001,-1.70527,-1.19086,0.46337,1.00957,0.03131,0.07900
42.26,2,-4.44396,-0.54578,-1.56812,0.36963,-0.00996,0.15958,0.05099
42.28,0,-3.83226,-2.47576,-0.05754,0.49385,0.10986,0.00000,
42.28,1,-4.42706,-1.71290,-1.17749,0.37964,0.43106,0.03266,0.08887
42.28,2,-4.44394,-0.55335,-1.56829,0.44764,0.02477,0.15968,0.02646
42.3,0,-3.82240,-2.47633,-0.05539,0.49386,0.10567,0.00000,
42.3,1,-4.42432,-1.71954,-1.17091,0.34518,0.30437,0.03303,0.09875
42.3,2,-4.44392,-0.56559,-1.56845,0.59043,-0.07674,0.15411,0.03364
42.32,0,-3.81254,-2.47687,-0.05332,0.49388,0.10163,0.00000,
42.32,1,-4.42166,-1.72540,-1.16783,0.31855,-0.42851,0.03266,0.00988
42.32,2,-4.44389,-0.57635,-1.57001,0.53253,-0.08386,0.14927,0.04007
42.34,0,-3.80267,-2.47740,-0.05133,0.49389,0.09775,0.00000,
42.34,1,-4.41907,-1.73131,-1.17718,0.30849,-0.30795,0.03222,0.01976
42.34,2,-4.44377,-0.58575,-1.57166,0.34162,-0.05848,0.14582,0.04652
42.36,0,-3.79281,-2.47791,-0.04941,0.49390,0.09402,0.00000,
42.36,1,-4.41688,-1.73680,-1.17401,0.29999,0.54655,0.03113,0.02963
42.36,2,-4.44376,-0.59189,-1.56975,0.31857,0.20149,0.14523,0.01553
42.38,0,-3.78294,-2.47839,-0.04757,0.49391,0.09043,0.00000,
42.38,1,-4.41437,-1.74256,-1.15979,0.31595,0.69213,0.03039,0.03951
42.38,2,-4.44381,-0.59830,-1.56670,0.29731,0.08470,0.14464,0.02182
42.4,0,-3.77308,-2.47886,-0.04580,0.49392,0.08698,0.00000,
42.4,1,-4.41150,-1.74892,-1.14727,0.36585,0.55667,0.03026,0.04939
42.4,2,-4.44381,-0.60534,-1.56614,0.39492,0.00164,0.14404,0.02880
42.42,0,-3.76321,-2.47932,-0.04410,0.49393,0.08366,0.00000,
42.42,1,-4.40850,-1.75546,-1.13739,0.35852,0.49201,0.03027,0.05927
42.42,2,-4.44377,-0.61336,-1.56601,0.38129,0.01646,0.14264,0.03598
42.44,0,-3.75334,-2.47975,-0.04246,0.49394,0.08047,0.00000,
42.44,1,-4.40553,-1.76186,-1.12719,0.34687,0.51799,0.03009,0.06915
42.44,2,-4.44373,-0.62081,-1.56545,0.36527,0.03358,0.14169,0.04304
42.46,0,-3.74347,-2.48017,-0.04089,0.49395,0.07740,0.00000,
42.46,1,-4.40261,-1.76801,-1.11703,0.33638,0.49517,0.02962,0.07902
42.46,2,-4.44368,-0.62800,-1.56480,0.35649,0.02967,0.14075,0.04985
42.48,0,-3.73360,-2.48058,-0.03937,0.49395,0.07444,0.00000,
42.48,1,-4.39968,-1.77401,-1.10743,0.33234,0.46927,0.02897,0.08890
42.48,2,-4.44364,-0.63510,-1.56427,0.35359,0.02485,0.13976,0.05652
42.5,0,-3.72373,-2.48096,-0.03791,0.49396,0.07160,0.00000,
42.5,1,-4.39673,-1.77993,-1.09821,0.32919,0.45531,0.02821,0.09878
42.5,2,-4.44360,-0.64088,-1.56371,0.29385,0.02581,0.14001,0.06313
42.52,0,-3.71385,-2.48134,-0.03651,0.49397,0.06887,0.00000,
42.52,1,-4.39367,-1.78584,-1.08707,0.39402,0.87903,0.02744,0.05927
42.52,2,-4.44355,-0.64697,-1.56324,0.30833,0.02268,0.13997,0.03739
42.54,0,-3.70398,-2.48170,-0.03516,0.49397,0.06624,0.00000,
42.54,1,-4.38982,-1.79342,-1.07160,0.40237,0.62810,0.02835,0.01976
42.54,2,-4.44353,-0.65231,-1.56047,0.22578,0.10078,0.14237,0.01187
42.56,0,-3.69411,-2.48205,-0.03387,0.49398,0.06371,0.00000,
42.56,1,-4.38571,-1.80118,-1.05966,0.44705,0.55137,0.02949,0.02964
42.56,2,-4.44335,-0.65728,-1.55714,0.30423,0.14987,0.14535,0.02066
42.58,0,-3.68423,-2.48238,-0.03262,0.49398,0.06128,0.00000,
42.58,1,-4.38164,-1.80878,-1.04877,0.40863,0.52031,0.03041,0.03952
42.58,2,-4.44329,-0.66484,-1.55569,0.41899,0.02736,0.14560,0.02928
42.6,0,-3.67436,-2.48270,-0.03142,0.49399,0.05894,0.00000,
42.6,1,-4.37789,-1.81531,-1.03868,0.32652,0.51703,0.03027,0.04940
42.6,2,-4.44321,-0.67370,-1.55515,0.42823,0.03797,0.14348,0.03681
42.62,0,-3.66448,-2.48301,-0.03027,0.49399,0.05669,0.00000,
42.62,1,-4.37472,-1.82069,-1.02884,0.31838,0.47329,0.02886,0.05928
42.62,2,-4.44309,-0.68203,-1.55404,0.40422,0.06450,0.14071,0.04304
42.64,0,-3.65461,-2.48331,-0.02916,0.49399,0.05453,0.00000,
42.64,1,-4.37135,-1.82626,-1.01936,0.32916,0.47501,0.02767,0.06916
42.64,2,-4.44296,-0.68988,-1.55279,0.38607,0.05780,0.13864,0.04955
42.66,0,-3.64473,-2.48360,-0.02809,0.49400,0.05245,0.00000,
42.66,1,-4.36792,-1.83183,-1.00997,0.32320,0.46245,0.02645,0.07904
42.66,2,-4.44282,-0.69702,-1.55164,0.32808,0.05832,0.13727,0.05608
42.68,0,-3.63486,-2.48388,-0.02706,0.49400,0.05045,0.00000,
42.68,1,-4.36454,-1.83721,-1.00091,0.31366,0.44591,0.02500,0.08892
42.68,2,-4.44269,-0.70384,-1.55062,0.34958,0.04707,0.13606,0.06243
42.7,0,-3.62498,-2.48415,-0.02607,0.49400,0.04852,0.00000,
42.7,1,-4.36119,-1.84244,-0.99215,0.30860,0.43209,0.02338,0.09880
42.7,2,-4.44254,-0.71085,-1.54970,0.34828,0.04585,0.13450,0.06863
42.72,0,-3.61510,-2.48440,-0.02512,0.49401,0.04667,0.00000,
42.72,1,-4.35783,-1.84758,-0.98366,0.30548,0.41786,0.02164,0.10868
42.72,2,-4.44240,-0.71768,-1.54878,0.33567,0.04639,0.13306,0.07476
42.74,0,-3.60523,-2.48465,-0.02421,0.49401,0.04489,0.00000,
42.74,1,-4.35330,-1.85412,-0.97283,0.42569,0.38136,0.02165,0.06916
42.74,2,-4.44225,-0.72430,-1.54786,0.32809,0.04516,0.13332,0.08270
42.76,0,-3.59535,-2.48489,-0.02333,0.49401,0.04318,0.00000,
42.76,1,-4.34883,-1.86085,-0.96532,0.37711,0.36821,0.02165,0.07904
42.76,2,-4.44205,-0.73231,-1.54366,0.43603,0.30532,0.13239,0.05093
42.78,0,-3.58547,-2.48512,-0.02249,0.49401,0.04153,0.00000,
42.78,1,-4.34454,-1.86689,-0.95629,0.36453,0.47814,0.02103,0.08892
42.78,2,-4.44180,-0.74099,-1.53885,0.50970,0.26552,0.13009,0.02651
42.8,0,-3.57559,-2.48534,-0.02167,0.49402,0.03995,0.00000,
42.8,1,-4.34085,-1.87202,-0.94694,0.33228,0.55508,0.01929,0.04940
42.8,2,-4.44145,-0.75173,-1.53412,0.50714,0.16072,0.12479,0.03282
42.82,0,-3.56572,-2.48556,-0.02089,0.49402,0.03842,0.00000,
42.82,1,-4.33598,-1.87877,-0.93645,0.42477,0.45188,0.01944,0.05928
42.82,2,-4.44115,-0.76027,-1.53249,0.36972,0.04197,0.12343,0.04115
42.84,0,-3.55584,-2.48576,-0.02014,0.49402,0.03696,0.00000,
42.84,1,-4.33161,-1.88470,-0.93022,0.36994,0.41995,0.01863,0.06916
42.84,2,-4.44090,-0.76677,-1.53146,0.25300,0.08861,0.12326,0.04852
42.86,0,-3.54596,-2.48596,-0.01941,0.49402,0.03555,0.00000,
42.86,1,-4.32691,-1.89085,-0.91912,0.39086,0.57589,0.01814,0.07904
42.86,2,-4.44063,-0.77138,-1.52864,0.24105,0.17438,0.12522,0.05624
42.88,0,-3.53608,-2.48615,-0.01872,0.49402,0.03419,0.00000,
42.88,1,-4.32278,-1.89629,-0.90901,0.30433,0.45159,0.01672,0.08892
42.88,2,-4.44037,-0.77737,-1.52600,0.36880,0.15532,0.12508,0.02620
42.9,0,-3.52620,-2.48634,-0.01805,0.49403,0.03289,0.00000,
42.9,1,-4.31910,-1.90105,-0.90061,0.29881,0.40585,0.01448,0.09880
42.9,2,-4.44009,-0.78410,-1.52599,0.32791,-0.05112,0.12348,0.03222
42.92,0,-3.51632,-2.48652,-0.01741,0.49403,0.03163,0.00000,
42.92,1,-4.31505,-1.90609,-0.89122,0.41873,0.70078,0.01265,0.05928
42.92,2,-4.43960,-0.79118,-1.52376,0.39111,0.20244,0.12185,0.03869
42.94,0,-3.50644,-2.48669,-0.01679,0.49403,0.03043,0.00000,
42.94,1,-4.30960,-1.91243,-0.88315,0.40050,0.23825,0.01267,0.06916
42.94,2,-4.43919,-0.79983,-1.52023,0.45531,0.13423,0.12012,0.04704
42.96,0,-3.49657,-2.48686,-0.01619,0.49403,0.02927,0.00000,
42.96,1,-4.30454,-1.91851,-0.87768,0.38477,0.33536,0.01216,0.07904
42.96,2,-4.43877,-0.80876,-1.51842,0.43792,0.06955,0.11784,0.05494
42.98,0,-3.48669,-2.48702,-0.01562,0.49403,0.02815,0.00000,
42.98,1,-4.29983,-1.92412,-0.86946,0.35330,0.45135,0.01104,0.08892
42.98,2,-4.43834,-0.81745,-1.51695,0.43089,0.08081,0.11530,0.06226
43.0,0,-3.47681,-2.48717,-0.01507,0.49403,0.02708,0.00000,
43.0,1,-4.29581,-1.92887,-0.86099,0.28301,0.39861,0.00880,0.04940
43.0,2,-4.43789,-0.82545,-1.51658,0.34870,-0.60908,0.11253,0.03330
43.02,0,-3.46693,-2.48732,-0.01454,0.49403,0.02604,0.00000,
43.02,1,-4.29014,-1.93523,-0.84948,0.45253,0.49594,0.00880,0.05928
43.02,2,-4.43744,-0.83241,-1.52871,0.34864,-0.60959,0.11261,0.04182
43.04,0,-3.45705,-2.48746,-0.01403,0.49403,0.02505,0.00000,
43.04,1,-4.28487,-1.94083,-0.84265,0.36407,0.29370,0.00799,0.06916
43.04,2,-4.43695,-0.83739,-1.53509,0.20841,-0.07661,0.11386,0.04951
43.06,0,-3.44717,-2.48760,-0.01354,0.49403,0.02410,0.00000,
43.06,1,-4.27979,-1.94616,-0.83631,0.37296,0.35555,0.00682,0.07904
43.06,2,-4.43664,-0.84058,-1.52508,0.14860,0.73358,0.11665,0.05686
43.08,0,-3.43729,-2.48773,-0.01306,0.49403,0.02318,0.00000,
43.08,1,-4.27544,-1.95094,-0.82934,0.29320,0.36482,0.00468,0.08893
43.08,2,-4.43650,-0.84416,-1.51609,0.19996,0.21776,0.11844,0.06332
43.1,0,-3.42741,-2.48786,-0.01261,0.49403,0.02229,0.00000,
43.1,1,-4.27122,-1.95553,-0.81991,0.39382,0.67438,0.00230,0.04940
43.1,2,-4.43638,-0.84930,-1.49990,0.20777,2.07875,0.11849,0.03227
43.12,0,-3.41753,-2.48799,-0.01217,0.49404,0.02144,0.00000,
43.12,1,-4.26553,-1.96148,-0.81178,0.38052,0.24686,0.00184,0.05928
43.12,2,-4.43597,-0.85334,-1.46088,0.19743,1.81852,0.12118,0.00391
43.14,0,-3.40765,-2.48811,-0.01175,0.49404,0.02062,0.00000,
43.14,1,-4.26016,-1.96692,-0.80662,0.38680,0.29555,0.00079,0.01976
43.14,2,-4.43530,-0.86085,-1.44590,0.39988,0.77732,0.11985,0.01155
43.16,0,-3.39777,-2.48822,-0.01135,0.49404,0.01984,0.00000,
43.16,1,-4.25458,-1.97260,-0.79858,0.40569,0.48750,0.00000,0.02964
43.16,2,-4.43430,-0.86809,-1.43286,0.33735,0.56407,0.11903,0.01952
43.18,0,-3.38789,-2.48834,-0.01096,0.49404,0.01908,0.00000,
43.18,1,-4.24890,-1.97841,-0.78792,0.40419,0.53883,0.00068,0.03952
43.18,2,-4.43313,-0.87609,-1.42729,0.45549,0.03460,0.11761,0.02764
43.2,0,-3.37801,-2.48844,-0.01059,0.49404,0.01835,0.00000,
43.2,1,-4.24373,-1.98373,-0.77833,0.35779,0.47322,0.00211,0.04940
43.2,2,-4.43179,-0.88558,-1.42893,0.48129,-0.09969,0.11413,0.03505
43.22,0,-3.36813,-2.48855,-0.01023,0.49404,0.01765,0.00000,
43.22,1,-4.23713,-1.99017,-0.76765,0.51500,0.41198,0.00178,0.00988
43.22,2,-4.43051,-0.89471,-1.42964,0.44268,0.01697,0.11239,0.04427
43.24,0,-3.35825,-2.48865,-0.00988,0.49404,0.01698,0.00000,
43.24,1,-4.23033,-1.99683,-0.76104,0.44342,0.23021,0.00121,0.01976
43.24,2,-4.42930,-0.90319,-1.42879,0.42127,0.04677,0.11159,0.01461
43.26,0,-3.34837,-2.48875,-0.00955,0.49404,0.01633,0.00000,
43.26,1,-4.22359,-2.00312,-0.75211,0.46535,0.56039,0.00092,0.02964
43.26,2,-4.42822,-0.91122,-1.42581,0.36435,0.14482,0.11091,0.02384
43.28,0,-3.33849,-2.48884,-0.00923,0.49404,0.01571,0.00000,
43.28,1,-4.21801,-2.00856,-0.74289,0.36193,0.45893,0.00211,0.03952
43.28,2,-4.42704,-0.91892,-1.42401,0.39861,0.08738,0.10952,0.03162
43.3,0,-3.32861,-2.48893,-0.00892,0.49404,0.01511,0.00000,
43.3,1,-4.21279,-2.01348,-0.73340,0.35855,0.47192,0.00391,0.04940
43.3,2,-4.42570,-0.92778,-1.42318,0.47390,0.02341,0.10638,0.03880
43.32,0,-3.31873,-2.48902,-0.00863,0.49404,0.01454,0.00000,
43.32,1,-4.20746,-2.01830,-0.72437,0.35895,0.43304,0.00569,0.05928
43.32,2,-4.42431,-0.93654,-1.42337,0.43993,-0.00904,0.10329,0.04598
43.34,0,-3.30885,-2.48911,-0.00834,0.49404,0.01398,0.00000,
43.34,1,-4.20212,-2.02303,-0.71600,0.35333,0.41224,0.00756,0.06917
43.34,2,-4.42282,-0.94611,-1.42227,0.43023,0.08541,0.09930,0.01072
43.36,0,-3.29897,-2.48919,-0.00807,0.49404,0.01345,0.00000,
43.36,1,-4.19685,-2.02761,-0.70777,0.34622,0.41066,0.00958,0.07905
43.36,2,-4.42145,-0.95292,-1.43747,0.29521,-0.74808,0.09791,0.01770
43.38,0,-3.28908,-2.48927,-0.00781,0.49404,0.01294,0.00000,
43.38,1,-4.19164,-2.03207,-0.69965,0.34105,0.40053,0.01174,0.08893
43.38,2,-4.42013,-0.95629,-1.44969,0.12519,-0.56205,0.09978,0.02457
43.4,0,-3.27920,-2.48935,-0.00755,0.49404,0.01244,0.00000,
43.4,1,-4.18646,-2.03644,-0.69182,0.33668,0.38400,0.01402,0.09881
43.4,2,-4.41888,-0.95985,-1.46451,0.34413,-1.45694,0.10139,0.03134
43.42,0,-3.26932,-2.48942,-0.00731,0.49404,0.01197,0.00000,
43.42,1,-4.18131,-2.04070,-0.68430,0.33187,0.36950,0.01640,0.10869
43.42,2,-4.41822,-0.96488,-1.45875,0.21387,1.00989,0.10160,0.03802
43.44,0,-3.25944,-2.48949,-0.00707,0.49404,0.01151,0.00000,
43.44,1,-4.17573,-2.04515,-0.67614,0.46403,0.58106,0.01834,0.06917
43.44,2,-4.41765,-0.96909,-1.43628,0.21532,1.08929,0.10292,0.04516
43.46,0,-3.24956,-2.48956,-0.00685,0.49404,0.01107,0.00000,
43.46,1,-4.16804,-2.05107,-0.66676,0.45688,0.41928,0.01778,0.07905
43.46,2,-4.41700,-0.97444,-1.42546,0.32270,0.09617,0.10505,0.05485
43.48,0,-3.23968,-2.48963,-0.00663,0.49404,0.01065,0.00000,
43.48,1,-4.16086,-2.05663,-0.65847,0.44296,0.39396,0.01787,0.08893
43.48,2,-4.41600,-0.98147,-1.42751,0.38903,-0.10187,0.10502,0.06392
43.5,0,-3.22980,-2.48970,-0.00642,0.49404,0.01025,0.00000,
43.5,1,-4.15435,-2.06165,-0.65146,0.38667,0.33055,0.01883,0.09881
43.5,2,-4.41486,-0.98926,-1.42611,0.39950,0.34411,0.10359,0.03747
43.52,0,-3.21992,-2.48976,-0.00622,0.49404,0.00986,0.00000,
43.52,1,-4.14968,-2.06552,-0.64695,0.29030,0.30828,0.02198,0.10869
43.52,2,-4.41367,-0.99722,-1.41702,0.39129,0.38277,0.10043,0.04353
43.54,0,-3.21004,-2.48982,-0.00603,0.49404,0.00948,0.00000,
43.54,1,-4.14489,-2.06920,-0.63898,0.31117,0.42162,0.02511,0.11857
43.54,2,-4.41255,-1.00448,-1.41303,0.35069,0.08303,0.09785,0.04958
43.56,0,-3.20016,-2.48988,-0.00584,0.49404,0.00912,0.00000,
43.56,1,-4.13851,-2.07376,-0.62887,0.46054,0.56859,0.02648,0.07905
43.56,2,-4.41148,-1.01124,-1.41191,0.33960,0.06763,0.09702,0.05740
43.58,0,-3.19028,-2.48994,-0.00567,0.49404,0.00877,0.00000,
43.58,1,-4.13136,-2.07878,-0.61777,0.43617,0.55419,0.02698,0.08893
43.58,2,-4.41039,-1.01793,-1.40972,0.31534,0.17423,0.09693,0.06614
43.6,0,-3.18040,-2.48999,-0.00549,0.49404,0.00844,0.00000,
43.6,1,-4.12461,-2.08351,-0.60814,0.40749,0.37199,0.02799,0.09881
43.6,2,-4.40936,-1.02385,-1.40640,0.30844,0.12145,0.09725,0.07437
43.62,0,-3.17052,-2.49005,-0.00533,0.49404,0.00812,0.00000,
43.62,1,-4.11571,-2.08939,-0.60023,0.66419,-0.05629,0.02660,0.00988
43.62,2,-4.40840,-1.02954,-1.40103,0.25451,0.49294,0.09952,0.04439
43.64,0,-3.16064,-2.49010,-0.00517,0.49404,0.00781,0.00000,
43.64,1,-4.10413,-2.09680,-0.60639,0.68768,-0.32041,0.02219,0.01976
43.64,2,-4.40754,-1.03453,-1.39293,0.26475,0.25960,0.10476,0.05813
43.66,0,-3.15076,-2.49015,-0.00502,0.49404,0.00751,0.00000,
43.66,1,-4.09319,-2.10405,-0.61066,0.55630,-0.19947,0.01845,0.02964
43.66,2,-4.40653,-1.04014,-1.39054,0.29716,0.05582,0.10910,0.07125
43.68,0,-3.14088,-2.49020,-0.00487,0.49404,0.00722,0.00000,
43.68,1,-4.08368,-2.11063,-0.59502,0.53569,1.01301,0.01634,0.03952
43.68,2,-4.40547,-1.04600,-1.38910,0.29410,0.10096,0.11220,0.08282
43.7,0,-3.13099,-2.49025,-0.00473,0.49404,0.00695,0.00000,
43.7,1,-4.07710,-2.11645,-0.58213,0.41993,0.59100,0.01727,0.04940
43.7,2,-4.40438,-1.05348,-1.38473,0.36669,0.29313,0.11222,0.05337
43.72,0,-3.12111,-2.49030,-0.00459,0.49404,0.00668,0.00000,
43.72,1,-4.07075,-2.12190,-0.57118,0.38656,0.37765,0.01859,0.05929
43.72,2,-4.40320,-1.06015,-1.37710,0.32762,0.60361,0.11258,0.06170
43.74,0,-3.11123,-2.49034,-0.00446,0.49404,0.00643,0.00000,
43.74,1,-4.06498,-2.12597,-0.56522,0.34114,0.33264,0.02098,0.06917
43.74,2,-4.40154,-1.06843,-1.36588,0.49470,0.36434,0.10979,0.06876
43.76,0,-3.10135,-2.49039,-0.00434,0.49404,0.00618,0.00000,
43.76,1,-4.05942,-2.12953,-0.55787,0.31261,0.39242,0.02377,0.07905
43.76,2,-4.39945,-1.07881,-1.36328,0.53333,0.01869,0.10437,0.07536
43.78,0,-3.09147,-2.49043,-0.00422,0.49404,0.00595,0.00000,
43.78,1,-4.05357,-2.13318,-0.55040,0.36560,0.35376,0.02629,0.08893
43.78,2,-4.39743,-1.08863,-1.36270,0.48134,0.07569,0.09969,0.08224
43.8,0,-3.08159,-2.49047,-0.00410,0.49404,0.00572,0.00000,
43.8,1,-4.04726,-2.13705,-0.54368,0.36706,0.32540,0.02831,0.09881
43.8,2,-4.39547,-1.09792,-1.35999,0.47170,0.16214,0.09593,0.08963
43.82,0,-3.07171,-2.49051,-0.00399,0.49404,0.00550,0.00000,
43.82,1,-4.04064,-2.14121,-0.54486,0.38318,-0.29465,0.02997,0.00988
43.82,2,-4.39350,-1.10712,-1.35695,0.46996,0.13650,0.09264,0.09745
43.84,0,-3.06183,-2.49055,-0.00388,0.49404,0.00529,0.00000,
43.84,1,-4.03419,-2.14523,-0.54855,0.36606,0.09540,0.03186,0.01976
43.84,2,-4.39154,-1.11592,-1.35398,0.43375,0.15007,0.08957,0.10503
43.86,0,-3.05195,-2.49059,-0.00378,0.49404,0.00509,0.00000,
43.86,1,-4.02677,-2.14991,-0.54663,0.47243,0.34402,0.03264,0.02964
43.86,2,-4.38963,-1.12445,-1.35177,0.43811,0.09169,0.08776,0.11380
43.88,0,-3.04207,-2.49063,-0.00368,0.49404,0.00490,0.00000,
43.88,1,-4.01864,-2.15473,-0.53759,0.46056,0.48357,0.03272,0.03952
43.88,2,-4.38777,-1.13246,-1.34927,0.41015,0.10458,0.08687,0.06568
43.9,0,-3.03219,-2.49066,-0.00358,0.49404,0.00471,0.00000,
43.9,1,-4.01113,-2.15921,-0.52860,0.42074,0.41459,0.03354,0.04940
43.9,2,-4.38652,-1.13732,-1.34167,0.18459,0.35201,0.08866,0.07442
43.92,0,-3.02231,-2.49070,-0.00349,0.49404,0.00453,0.00000,
43.92,1,-4.00468,-2.16319,-0.52219,0.36921,0.35606,0.03553,0.05929
43.92,2,-4.38549,-1.14044,-1.33418,0.18003,0.33582,0.09135,0.08200
43.94,0,-3.01243,-2.49073,-0.00340,0.49404,0.00436,0.00000,
43.94,1,-3.99637,-2.16783,-0.51353,0.55026,0.36297,0.03557,0.01976
43.94,2,-4.38426,-1.14521,-1.32983,0.27910,0.08839,0.09372,0.09151
43.96,0,-3.00254,-2.49077,-0.00331,0.49404,0.00419,0.00000,
43.96,1,-3.98734,-2.17271,-0.50753,0.45649,0.36065,0.03488,0.02964
43.96,2,-4.38285,-1.15057,-1.33190,0.28718,-0.25880,0.09599,0.10175
43.98,0,-2.99266,-2.49080,-0.00323,0.49404,0.00403,0.00000,
43.98,1,-3.97924,-2.17725,-0.50146,0.47185,0.28695,0.03520,0.03952
43.98,2,-4.38132,-1.15642,-1.33453,0.32850,0.04699,0.09716,0.11103
44.0,0,-2.98278,-2.49083,-0.00315,0.49404,0.00388,0.00000,
44.0,1,-3.97218,-2.18152,-0.49755,0.36544,0.19757,0.03662,0.04940
44.0,2,-4.37961,-1.16345,-1.33088,0.38028,0.23345,0.09657,0.11928
44.02,0,-2.97290,-2.49086,-0.00308,0.49404,0.00373,0.00000,
44.02,1,-3.96598,-2.18519,-0.49147,0.36280,0.37458,0.03905,0.05929
44.02,2,-4.37773,-1.17115,-1.32218,0.40199,0.53684,0.09444,0.09048
44.04,0,-2.96302,-2.49089,-0.00300,0.49404,0.00359,0.00000,
44.04,1,-3.95943,-2.18870,-0.48362,0.37704,0.38393,0.04123,0.06917
44.04,2,-4.37585,-1.17857,-1.31492,0.36375,0.20594,0.09260,0.09790
44.06,0,-2.95314,-2.49092,-0.00293,0.49404,0.00345,0.00000,
44.06,1,-3.95275,-2.19219,-0.47651,0.37382,0.33636,0.04330,0.07905
44.06,2,-4.37406,-1.18544,-1.31144,0.37548,0.38269,0.09135,0.06314
44.08,0,-2.94326,-2.49095,-0.00287,0.49404,0.00332,0.00000,
44.08,1,-3.94633,-2.19552,-0.46942,0.36190,0.35075,0.04567,0.08893
44.08,2,-4.37177,-1.19396,-1.29849,0.52926,0.84833,0.08817,0.02580
44.1,0,-2.93338,-2.49098,-0.00280,0.49404,0.00320,0.00000,
44.1,1,-3.93742,-2.19978,-0.46041,0.53378,0.53185,0.04542,0.04940
44.1,2,-4.36902,-1.20377,-1.28658,0.43489,0.28319,0.08550,0.03567
44.12,0,-2.92350,-2.49101,-0.00274,0.49404,0.00307,0.00000,
44.12,1,-3.92810,-2.20436,-0.44927,0.50204,0.58651,0.04470,0.05929
44.12,2,-4.36679,-1.21140,-1.28341,0.37384,0.12160,0.08554,0.04605
44.14,0,-2.91362,-2.49103,-0.00268,0.49404,0.00296,0.00000,
44.14,1,-3.91941,-2.20861,-0.43977,0.46864,0.31888,0.04469,0.06917
44.14,2,-4.36478,-1.21809,-1.27954,0.28936,0.36016,0.08604,0.05573
44.16,0,-2.90374,-2.49106,-0.00262,0.49404,0.00284,0.00000,
44.16,1,-3.91234,-2.21226,-0.43745,0.32274,-0.01065,0.04643,0.07905
44.16,2,-4.36297,-1.22337,-1.27316,0.29822,0.21175,0.08672,0.06368
44.18,0,-2.89386,-2.49109,-0.00256,0.49404,0.00274,0.00000,
44.18,1,-3.90635,-2.21533,-0.43235,0.34888,0.40270,0.04938,0.08893
44.18,2,-4.36108,-1.22931,-1.27039,0.31567,0.12064,0.08582,0.07041
44.2,0,-2.88398,-2.49111,-0.00251,0.49404,0.00263,0.00000,
44.2,1,-3.89988,-2.21837,-0.42433,0.35985,0.35450,0.05188,0.09881
44.2,2,-4.35932,-1.23485,-1.26872,0.31006,0.13946,0.08555,0.07756
44.22,0,-2.87409,-2.49114,-0.00246,0.49404,0.00253,0.00000,
44.22,1,-3.89367,-2.22123,-0.41749,0.33652,0.32712,0.05469,0.10869
44.22,2,-4.35722,-1.24153,-1.26440,0.36763,0.23633,0.08382,0.08439
44.24,0,-2.86421,-2.49116,-0.00241,0.49404,0.00244,0.00000,
44.24,1,-3.88694,-2.22423,-0.41287,0.38508,0.19699,0.05698,0.11857
44.24,2,-4.35506,-1.24835,-1.26026,0.34321,0.17848,0.08235,0.09176
44.26,0,-2.85433,-2.49119,-0.00236,0.49404,0.00234,0.00000,
44.26,1,-3.87891,-2.22761,-0.40736,0.56650,0.44250,0.05794,0.07905
44.26,2,-4.35290,-1.25545,-1.25650,0.52343,0.34625,0.08155,0.05945
44.28,0,-2.84445,-2.49121,-0.00232,0.49404,0.00225,0.00000,
44.28,1,-3.86861,-2.23188,-0.39686,0.53477,0.59116,0.05648,0.08893
44.28,2,-4.34995,-1.26659,-1.25097,0.55112,0.17906,0.07864,0.07059
44.3,0,-2.83457,-2.49123,-0.00227,0.49404,0.00217,0.00000,
44.3,1,-3.85927,-2.23605,-0.38478,0.49229,0.48968,0.05599,0.09881
44.3,2,-4.34704,-1.27566,-1.25081,0.41994,0.33637,0.07716,0.04075
44.32,0,-2.82469,-2.49125,-0.00223,0.49404,0.00208,0.00000,
44.32,1,-3.85135,-2.23950,-0.38083,0.33243,-0.09447,0.05708,0.10869
44.32,2,-4.34419,-1.28348,-1.25264,0.34522,-0.02029,0.07557,0.04938
44.34,0,-2.81481,-2.49128,-0.00219,0.49404,0.00201,0.00000,
44.34,1,-3.84575,-2.24215,-0.38002,0.32259,0.22005,0.06061,0.06917
44.34,2,-4.34162,-1.28986,-1.25319,0.33986,0.01358,0.07366,0.05558
44.36,0,-2.80493,-2.49130,-0.00215,0.49404,0.00193,0.00000,
44.36,1,-3.83802,-2.24512,-0.38148,0.38458,-0.00095,0.06202,0.07905
44.36,2,-4.33950,-1.29598,-1.24986,0.30948,0.27530,0.07348,0.06385
44.38,0,-2.79505,-2.49132,-0.00211,0.49404,0.00186,0.00000,
44.38,1,-3.83099,-2.24796,-0.37716,0.41667,0.25519,0.06414,0.08893
44.38,2,-4.33764,-1.30167,-1.24361,0.29520,0.30850,0.07338,0.07143
44.4,0,-2.78517,-2.49134,-0.00208,0.49404,0.00179,0.00000,
44.4,1,-3.82275,-2.25125,-0.37212,0.44831,0.25372,0.06500,0.09881
44.4,2,-4.33576,-1.30728,-1.23817,0.29714,0.24375,0.07436,0.08029
44.42,0,-2.77529,-2.49136,-0.00204,0.49404,0.00172,0.00000,
44.42,1,-3.81513,-2.25435,-0.36815,0.36332,0.12099,0.06651,0.10869
44.42,2,-4.33363,-1.31378,-1.23116,0.39073,0.66991,0.07402,0.04304
44.44,0,-2.76541,-2.49138,-0.00201,0.49404,0.00165,0.00000,
44.44,1,-3.80843,-2.25703,-0.36358,0.36074,0.28770,0.06903,0.11857
44.44,2,-4.33106,-1.32114,-1.21796,0.36326,0.41650,0.07193,0.05025
44.46,0,-2.75558,-2.49140,-0.00197,0.50485,0.00156,0.00000,
44.46,1,-3.80131,-2.25970,-0.35758,0.48038,0.37196,0.07109,0.07899
44.46,2,-4.32825,-1.32869,-1.21257,0.43730,0.21134,0.06979,0.05785
44.48,0,-2.74533,-2.49142,-0.00194,0.51464,0.00146,0.00000,
44.48,1,-3.79041,-2.26329,-0.34877,0.58175,0.44514,0.06969,0.08924
44.48,2,-4.32512,-1.33702,-1.20837,0.43964,0.22325,0.06953,0.06930
44.5,0,-2.73510,-2.49144,-0.00191,0.50823,0.00147,0.00000,
44.5,1,-3.78110,-2.26663,-0.33800,0.48074,0.33502,0.06989,0.05007
44.5,2,-4.32213,-1.34490,-1.20356,0.40694,0.24876,0.06879,0.07919
44.52,0,-2.72500,-2.49146,-0.00188,0.50357,0.00143,0.00000,
44.52,1,-3.76840,-2.27076,-0.33165,0.70122,0.31356,0.06649,0.06017
44.52,2,-4.31927,-1.35232,-1.19865,0.39376,0.23944,0.07097,0.09253
44.54,0,-2.71492,-2.49148,-0.00186,0.50415,0.00136,0.00000,
44.54,1,-3.75550,-2.27489,-0.32819,0.72952,0.15241,0.06288,0.02018
44.54,2,-4.31640,-1.35966,-1.19403,0.39445,0.22540,0.07343,0.10606
44.56,0,-2.70540,-2.49150,-0.00184,0.47352,0.00118,0.00000,
44.56,1,-3.74049,-2.27979,-0.32280,0.72207,0.37624,0.05652,0.02970
44.56,2,-4.31365,-1.36633,-1.18835,0.35334,0.24271,0.07839,0.08268
44.58,0,-2.69581,-2.49151,-0.00181,0.48316,0.00145,0.00000,
44.58,1,-3.72852,-2.28398,-0.30974,0.57020,0.65646,0.05336,0.03929
44.58,2,-4.31076,-1.37338,-1.17771,0.38957,0.55345,0.08083,0.09536
44.6,0,-2.68613,-2.49153,-0.00178,0.48309,0.00123,0.00000,
44.6,1,-3.72012,-2.28708,-0.30453,0.32279,-0.09088,0.05401,0.04897
44.6,2,-4.30718,-1.38233,-1.16883,0.44340,0.25198,0.07852,0.05797
44.62,0,-2.67651,-2.49155,-0.00176,0.48004,0.00112,0.00000,
44.62,1,-3.71422,-2.28990,-0.30645,0.32625,-0.11676,0.05713,0.05859
44.62,2,-4.30347,-1.39014,-1.16451,0.43980,0.29810,0.07554,0.06447
44.64,0,-2.66703,-2.49157,-0.00173,0.47856,0.00119,0.00000,
44.64,1,-3.70805,-2.29234,-0.30760,0.35116,0.09935,0.05991,0.06807
44.64,2,-4.29931,-1.39880,-1.15565,0.55591,0.50468,0.07145,0.07110
44.66,0,-2.65717,-2.49158,-0.00171,0.50084,0.00101,0.00000,
44.66,1,-3.70124,-2.29457,-0.30148,0.34395,0.46851,0.06249,0.07793
44.66,2,-4.29473,-1.40881,-1.14665,0.57005,0.32316,0.06621,0.01706
44.68,0,-2.64725,-2.49160,-0.00169,0.50453,0.00104,0.00000,
44.68,1,-3.69344,-2.29700,-0.29535,0.44283,0.18483,0.06414,0.08785
44.68,2,-4.29017,-1.41925,-1.14020,0.56999,0.32287,0.06138,0.02522
44.7,0,-2.63702,-2.49162,-0.00167,0.51332,0.00094,0.00000,
44.7,1,-3.68500,-2.29954,-0.29258,0.42745,0.13706,0.06544,0.09808
44.7,2,-4.28560,-1.42945,-1.13446,0.52203,0.21394,0.05724,0.03403
44.72,0,-2.62682,-2.49163,-0.00165,0.50680,0.00096,0.00000,
44.72,1,-3.67725,-2.30186,-0.28918,0.38890,0.19369,0.06744,0.10828
44.72,2,-4.28243,-1.43574,-1.12766,0.28118,0.27998,0.05660,0.04211
44.74,0,-2.61674,-2.49165,-0.00163,0.50239,0.00094,0.00000,
44.74,1,-3.66905,-2.30426,-0.28411,0.51404,0.34823,0.06887,0.06939
44.74,2,-4.28022,-1.44032,-1.12302,0.24843,0.23044,0.05825,0.05065
44.76,0,-2.60669,-2.49167,-0.00161,0.50307,0.00089,0.00000,
44.76,1,-3.65921,-2.30718,-0.27695,0.49724,0.27597,0.06856,0.07944
44.76,2,-4.27802,-1.44503,-1.11643,0.22269,0.36271,0.06125,0.02276
44.78,0,-2.59661,-2.49168,-0.00160,0.50455,0.00085,0.00000,
44.78,1,-3.65038,-2.30974,-0.27362,0.42682,0.12179,0.06936,0.08952
44.78,2,-4.27592,-1.44911,-1.10814,0.24781,0.50047,0.06395,0.03195
44.8,0,-2.58709,-2.49170,-0.00159,0.47283,0.00071,0.00000,
44.8,1,-3.64268,-2.31193,-0.27101,0.36044,0.08401,0.07079,0.09904
44.8,2,-4.27316,-1.45454,-1.09964,0.34843,0.33156,0.06425,0.03995
44.82,0,-2.57752,-2.49172,-0.00157,0.48177,0.00096,0.00000,
44.82,1,-3.63729,-2.31381,-0.27286,0.27825,0.11257,0.07460,0.00957
44.82,2,-4.26991,-1.46092,-1.09526,0.33622,0.08632,0.06191,0.04566
44.84,0,-2.56787,-2.49173,-0.00155,0.48188,0.00079,0.00000,
44.84,1,-3.63185,-2.31563,-0.27061,0.35726,0.10989,0.07846,0.01922
44.84,2,-4.26650,-1.46752,-1.09060,0.38981,0.32154,0.05928,0.05139
44.86,0,-2.55827,-2.49175,-0.00154,0.47908,0.00070,0.00000,
44.86,1,-3.62239,-2.31819,-0.26996,0.47718,-0.05823,0.07818,0.02882
44.86,2,-4.26293,-1.47438,-1.08394,0.37760,0.31453,0.05939,0.06119
44.88,0,-2.54886,-2.49176,-0.00152,0.49222,0.00071,0.00000,
44.88,1,-3.61320,-2.32077,-0.27112,0.47718,-0.05867,0.07798,0.03822
44.88,2,-4.25954,-1.48081,-1.07845,0.35365,0.24831,0.05986,0.07073
44.9,0,-2.53862,-2.49178,-0.00151,0.52027,0.00056,0.00000,
44.9,1,-3.60414,-2.32315,-0.27052,0.45888,0.13770,0.07878,0.04847
44.9,2,-4.25624,-1.48695,-1.07368,0.34690,0.23700,0.06040,0.08009
44.92,0,-2.52830,-2.49179,-0.00149,0.51002,0.00065,0.00000,
44.92,1,-3.59560,-2.32556,-0.26337,0.36707,0.58385,0.08017,0.01032
44.92,2,-4.25313,-1.49260,-1.06821,0.31183,0.26522,0.06121,0.08897
44.94,0,-2.51824,-2.49181,-0.00148,0.49894,0.00066,0.00000,
44.94,1,-3.59022,-2.32764,-0.25473,0.26637,0.39328,0.08448,0.02038
44.94,2,-4.25007,-1.49812,-1.06366,0.31639,0.20919,0.05996,0.09472
44.96,0,-2.50828,-2.49182,-0.00147,0.49886,0.00061,0.00000,
44.96,1,-3.58610,-2.32963,-0.25245,0.23117,-0.18639,0.08996,0.03035
44.96,2,-4.24702,-1.50360,-1.05948,0.31075,0.21298,0.05789,0.09924
44.98,0,-2.49826,-2.49184,-0.00146,0.50208,0.00058,0.00000,
44.98,1,-3.58012,-2.33150,-0.25396,0.33860,0.18785,0.09368,0.04036
44.98,2,-4.24402,-1.50895,-1.05515,0.30313,0.21699,0.05705,0.10550
45.0,0,-2.48820,-2.49185,-0.00145,0.50299,0.00056,0.00000,
45.0,1,-3.57332,-2.33340,-0.24561,0.35536,0.47151,0.09662,0.05042
45.0,2,-4.24106,-1.51417,-1.05089,0.29837,0.20823,0.05689,0.11256
45.02,0,-2.47838,-2.49186,-0.00144,0.46502,0.00014,0.00000,
45.02,1,-3.56609,-2.33553,-0.24007,0.40836,0.07644,0.09889,0.06024
45.02,2,-4.23906,-1.51731,-1.05751,0.13452,-0.60215,0.05942,0.00391
45.04,0,-2.46896,-2.49188,-0.00143,0.47589,0.00062,0.00000,
45.04,1,-3.55731,-2.33773,-0.23931,0.47832,0.07096,0.09921,0.06966
45.04,2,-4.23740,-1.51961,-1.06761,0.16086,-0.09820,0.06388,0.01297
45.06,0,-2.45938,-2.49189,-0.00142,0.48051,0.00060,0.00000,
45.06,1,-3.54807,-2.33994,-0.23617,0.46107,0.22299,0.09925,0.07924
45.06,2,-4.23650,-1.52061,-1.08264,0.04197,-1.05008,0.07016,0.02247
45.08,0,-2.44979,-2.49191,-0.00141,0.47839,0.00046,0.00000,
45.08,1,-3.53911,-2.34206,-0.23198,0.45809,0.19122,0.09958,0.08884
45.08,2,-4.23528,-1.52181,-1.09556,0.14826,-0.04083,0.07586,0.03167
45.1,0,-2.44044,-2.49192,-0.00139,0.48471,0.00049,0.00000,
45.1,1,-3.53029,-2.34413,-0.22851,0.44875,0.16484,0.09982,0.09818
45.1,2,-4.23306,-1.52569,-1.08853,0.22849,0.28000,0.07876,0.04073
45.12,0,-2.43029,-2.49193,-0.00139,0.51797,0.00033,0.00000,
45.12,1,-3.52164,-2.34613,-0.22524,0.44059,0.16380,0.10104,0.10833
45.12,2,-4.23084,-1.52982,-1.08889,0.27724,-0.01805,0.08136,0.04961
45.14,0,-2.41999,-2.49195,-0.00138,0.50977,0.00042,0.00000,
45.14,1,-3.51311,-2.34808,-0.22196,0.43454,0.16251,0.10255,0.11864
45.14,2,-4.22770,-1.53567,-1.08129,0.36286,0.60004,0.08196,0.05836
45.16,0,-2.40994,-2.49196,-0.00137,0.49773,0.00044,0.00000,
45.16,1,-3.50501,-2.34996,-0.21925,0.39970,0.12589,0.10424,0.12868
45.16,2,-4.22422,-1.54220,-1.06988,0.36599,0.48746,0.08154,0.06667
45.18,0,-2.40001,-2.49198,-0.00136,0.49678,0.00040,0.00000,
45.18,1,-3.49715,-2.35174,-0.21612,0.40502,0.16949,0.10606,0.13861
45.18,2,-4.22088,-1.54836,-1.06211,0.33728,0.33628,0.08130,0.07473
45.2,0,-2.39004,-2.49199,-0.00135,0.50004,0.00038,0.00000,
45.2,1,-3.48656,-2.35392,-0.21108,0.60185,0.26766,0.10518,0.09817
45.2,2,-4.21769,-1.55410,-1.05540,0.32439,0.34774,0.08363,0.08554
45.22,0,-2.38002,-2.49200,-0.00135,0.50122,0.00037,0.00000,
45.22,1,-3.47642,-2.35618,-0.20558,0.46556,0.27603,0.10478,0.10819
45.22,2,-4.21449,-1.55975,-1.04815,0.32526,0.36832,0.08584,0.09593
45.24,0,-2.37000,-2.49202,-0.00134,0.50059,0.00036,0.00000,
45.24,1,-3.46725,-2.35819,-0.20186,0.50575,0.15308,0.10538,0.07044
45.24,2,-4.21125,-1.56538,-1.04093,0.32398,0.35183,0.08723,0.10532
45.26,0,-2.36000,-2.49203,-0.00133,0.50008,0.00034,0.00000,
45.26,1,-3.45525,-2.36059,-0.19773,0.62490,0.20348,0.10311,0.08045
45.26,2,-4.20810,-1.57083,-1.03212,0.26189,0.52064,0.09110,0.07236
45.28,0,-2.34999,-2.49204,-0.00133,0.50012,0.00033,0.00000,
45.28,1,-3.44449,-2.36273,-0.19437,0.48046,0.14148,0.10211,0.09045
45.28,2,-4.20538,-1.57531,-1.02135,0.25043,0.58835,0.09498,0.08333
45.3,0,-2.34061,-2.49206,-0.00132,0.47017,0.00026,0.00000,
45.3,1,-3.43341,-2.36458,-0.19174,0.59383,0.15030,0.10021,0.04942
45.3,2,-4.20227,-1.58018,-1.02014,0.37399,-0.90230,0.09836,0.04855
45.32,0,-2.33110,-2.49207,-0.00132,0.47848,0.00044,0.00000,
45.32,1,-3.42216,-2.36640,-0.18818,0.51014,0.23437,0.09827,0.05893
45.32,2,-4.19848,-1.58703,-1.03376,0.36679,-0.45933,0.10004,0.05995
45.34,0,-2.32153,-2.49208,-0.00131,0.47801,0.00031,0.00000,
45.34,1,-3.41198,-2.36828,-0.18539,0.49608,0.00457,0.09746,0.06851
45.34,2,-4.19503,-1.59308,-1.04413,0.35057,-0.54204,0.10186,0.07030
45.36,0,-2.31222,-2.49209,-0.00130,0.47745,0.00034,0.00000,
45.36,1,-3.40396,-2.37014,-0.18695,0.40207,-0.04107,0.09853,0.07782
45.36,2,-4.19052,-1.60125,-1.03341,0.54623,1.19967,0.09995,0.07853
45.38,0,-2.30216,-2.49211,-0.00130,0.51578,0.00015,0.00000,
45.38,1,-3.39602,-2.37180,-0.18587,0.41110,0.13338,0.10045,0.08788
45.38,2,-4.18506,-1.61081,-1.01354,0.50175,0.88217,0.09622,0.03215
45.4,0,-2.29186,-2.49212,-0.00129,0.50996,0.00025,0.00000,
45.4,1,-3.38785,-2.37332,-0.18252,0.41584,0.17096,0.10241,0.09818
45.4,2,-4.17997,-1.61899,-1.00024,0.48161,0.66492,0.09383,0.04045
45.42,0,-2.28182,-2.49213,-0.00129,0.49709,0.00028,0.00000,
45.42,1,-3.37979,-2.37479,-0.17951,0.39176,0.15295,0.10422,0.10822
45.42,2,-4.17466,-1.62720,-0.99010,0.50973,0.36779,0.09120,0.04865
45.44,0,-2.27191,-2.49215,-0.00128,0.49522,0.00025,0.00000,
45.44,1,-3.37188,-2.37622,-0.17697,0.40858,0.11448,0.10606,0.11812
45.44,2,-4.16859,-1.63645,-0.98227,0.57393,0.41913,0.08720,0.05668
45.46,0,-2.26197,-2.49216,-0.00128,0.49846,0.00023,0.00000,
45.46,1,-3.36361,-2.37766,-0.17431,0.46852,0.23181,0.10757,0.02989
45.46,2,-4.16230,-1.64589,-0.97341,0.55351,0.45214,0.08324,0.06508
45.48,0,-2.25198,-2.49217,-0.00127,0.49991,0.00022,0.00000,
45.48,1,-3.35513,-2.37908,-0.16573,0.42622,0.40052,0.10892,0.03988
45.48,2,-4.15629,-1.65474,-0.96462,0.52320,0.42448,0.08006,0.07368
45.5,0,-2.24199,-2.49218,-0.00127,0.49936,0.00022,0.00000,
45.5,1,-3.34627,-2.38054,-0.16134,0.45869,0.11015,0.10990,0.04987
45.5,2,-4.15040,-1.66325,-0.95648,0.51550,0.39576,0.07756,0.08266
45.52,0,-2.23201,-2.49220,-0.00126,0.49879,0.00021,0.00000,
45.52,1,-3.33674,-2.38210,-0.16008,0.49335,0.06551,0.11020,0.05985
45.52,2,-4.14493,-1.67097,-0.94818,0.46720,0.39038,0.07651,0.09231
45.54,0,-2.22204,-2.49221,-0.00126,0.49879,0.00020,0.00000,
45.54,1,-3.32680,-2.38370,-0.15833,0.50258,0.10847,0.11008,0.06983
45.54,2,-4.13955,-1.67844,-0.94067,0.45541,0.44126,0.07608,0.05779
45.56,0,-2.21206,-2.49222,-0.00125,0.49896,0.00019,0.00000,
45.56,1,-3.31618,-2.38531,-0.15550,0.65268,0.19916,0.10928,0.02993
45.56,2,-4.13412,-1.68567,-0.94867,0.45367,-0.42023,0.07634,0.06853
45.58,0,-2.20208,-2.49223,-0.00125,0.49900,0.00019,0.00000,
45.58,1,-3.30313,-2.38731,-0.15066,0.62830,0.26333,0.10604,0.03991
45.58,2,-4.12910,-1.69243,-0.95837,0.35917,-0.48119,0.07938,0.08173
45.6,0,-2.19210,-2.49225,-0.00125,0.49897,0.00018,0.00000,
45.6,1,-3.29122,-2.38919,-0.14670,0.56727,0.12630,0.10395,0.04989
45.6,2,-4.12575,-1.69709,-0.96296,0.26944,0.16191,0.08417,0.09379
45.62,0,-2.18268,-2.49226,-0.00125,0.46780,0.00008,0.00000,
45.62,1,-3.28216,-2.39077,-0.14682,0.35436,-0.12685,0.10416,0.05931
45.62,2,-4.12303,-1.70115,-0.95564,0.23672,0.33591,0.08749,0.10298
45.64,0,-2.17321,-2.49227,-0.00124,0.47685,0.00029,0.00000,
45.64,1,-3.27515,-2.39223,-0.14978,0.36361,-0.14783,0.10648,0.06878
45.64,2,-4.12021,-1.70549,-0.95055,0.28100,0.27400,0.08891,0.11014
45.66,0,-2.16366,-2.49228,-0.00124,0.47706,0.00019,0.00000,
45.66,1,-3.26746,-2.39348,-0.15006,0.41044,0.09890,0.10822,0.07833
45.66,2,-4.11686,-1.71002,-0.94548,0.28996,0.25699,0.09023,0.11793
45.68,0,-2.15435,-2.49229,-0.00123,0.48280,0.00017,0.00000,
45.68,1,-3.25945,-2.39469,-0.14614,0.44908,0.16980,0.10941,0.08764
45.68,2,-4.11242,-1.71605,-0.92907,0.37748,1.03703,0.09000,0.02691
45.7,0,-2.14424,-2.49231,-0.00123,0.51572,0.00003,0.00000,
45.7,1,-3.25005,-2.39605,-0.14393,0.47769,0.07882,0.10999,0.09775
45.7,2,-4.10797,-1.72211,-0.91393,0.39272,0.42284,0.09097,0.03641
45.72,0,-2.13398,-2.49232,-0.00123,0.50733,0.00014,0.00000,
45.72,1,-3.24102,-2.39735,-0.14236,0.43702,0.08689,0.11110,0.10801
45.72,2,-4.10220,-1.72951,-0.90555,0.51097,0.43202,0.08978,0.04553
45.74,0,-2.12399,-2.49233,-0.00123,0.49534,0.00016,0.00000,
45.74,1,-3.23267,-2.39854,-0.14040,0.41438,0.10335,0.11264,0.11800
45.74,2,-4.09588,-1.73750,-0.89646,0.49375,0.46947,0.08725,0.05396
45.76,0,-2.11410,-2.49234,-0.00122,0.49446,0.00014,0.00000,
45.76,1,-3.22353,-2.39974,-0.13548,0.47087,0.42797,0.11328,0.03014
45.76,2,-4.09003,-1.74478,-0.88707,0.44914,0.46168,0.08619,0.06318
45.78,0,-2.10418,-2.49236,-0.00122,0.49773,0.00012,0.00000,
45.78,1,-3.21411,-2.40099,-0.12886,0.48386,0.19175,0.11368,0.04006
45.78,2,-4.08502,-1.75099,-0.87855,0.38195,0.39876,0.08673,0.07268
45.8,0,-2.09421,-2.49237,-0.00122,0.49889,0.00012,0.00000,
45.8,1,-3.20433,-2.40225,-0.12750,0.49583,0.01611,0.11378,0.05004
45.8,2,-4.08006,-1.75701,-0.87050,0.39592,0.40976,0.08776,0.08253
45.82,0,-2.08423,-2.49238,-0.00122,0.49825,0.00012,0.00000,
45.82,1,-3.19468,-2.40349,-0.12660,0.49145,0.06795,0.11400,0.06001
45.82,2,-4.07501,-1.76298,-0.86302,0.36948,0.23832,0.08868,0.09226
45.84,0,-2.07428,-2.49239,-0.00121,0.49774,0.00011,0.00000,
45.84,1,-3.18488,-2.40473,-0.12484,0.49217,0.09782,0.11406,0.06997
45.84,2,-4.06977,-1.76902,-0.85616,0.42609,0.44257,0.08957,0.01476
45.86,0,-2.06432,-2.49240,-0.00121,0.49778,0.00011,0.00000,
45.86,1,-3.17527,-2.40594,-0.12294,0.47752,0.08930,0.11431,0.07992
45.86,2,-4.06311,-1.77682,-0.86877,0.51752,-0.84466,0.08814,0.02445
45.88,0,-2.05436,-2.49242,-0.00121,0.49794,0.00011,0.00000,
45.88,1,-3.16592,-2.40709,-0.12128,0.46671,0.07910,0.11483,0.08988
45.88,2,-4.05655,-1.78445,-0.88213,0.49808,-0.30813,0.08669,0.03386
45.9,0,-2.04440,-2.49243,-0.00121,0.49797,0.00010,0.00000,
45.9,1,-3.15672,-2.40822,-0.11973,0.46123,0.07746,0.11550,0.09984
45.9,2,-4.04995,-1.79233,-0.87539,0.51475,0.73066,0.08498,0.04313
45.92,0,-2.03445,-2.49244,-0.00121,0.49794,0.00010,0.00000,
45.92,1,-3.14762,-2.40931,-0.11819,0.45562,0.07652,0.11627,0.10980
45.92,2,-4.04424,-1.79942,-0.86125,0.42738,0.62691,0.08438,0.05230
45.94,0,-2.02449,-2.49245,-0.00120,0.49792,0.00009,0.00000,
45.94,1,-3.13916,-2.41035,-0.11703,0.47345,0.09295,0.11770,0.06972
45.94,2,-4.03878,-1.80591,-0.85068,0.42223,0.46861,0.08382,0.06082
45.96,0,-2.01453,-2.49246,-0.00120,0.49792,0.00009,0.00000,
45.96,1,-3.12724,-2.41161,-0.11428,0.61861,0.13149,0.11565,0.07968
45.96,2,-4.03314,-1.81236,-0.84115,0.47152,0.61839,0.08616,0.02508
45.98,0,-2.00457,-2.49248,-0.00120,0.49793,0.00009,0.00000,
45.98,1,-3.11656,-2.41292,-0.11106,0.61321,0.17305,0.11483,0.03983
45.98,2,-4.02614,-1.82012,-0.82634,0.50855,0.63097,0.08570,0.03584
46.0,0,-1.99469,-2.49249,-0.00120,0.45991,-0.00034,0.00000,
46.0,1,-3.10381,-2.41438,-0.09885,0.62212,0.58468,0.11186,0.04972
46.0,2,-4.01965,-1.82701,-0.81720,0.46893,0.47538,0.08802,0.04868
46.02,0,-1.98538,-2.49250,-0.00120,0.47043,0.00010,0.00000,
46.02,1,-3.09270,-2.41552,-0.09367,0.50779,0.01408,0.10999,0.05902
46.02,2,-4.01333,-1.83374,-0.80739,0.45543,0.48623,0.08905,0.05984
46.04,0,-1.97589,-2.49251,-0.00120,0.47677,0.00018,0.00000,
46.04,1,-3.08411,-2.41641,-0.09594,0.34671,-0.16566,0.11084,0.06852
46.04,2,-4.00782,-1.83965,-0.79894,0.38303,0.40473,0.08899,0.06847
46.06,0,-1.96647,-2.49252,-0.00119,0.44274,0.00040,0.00000,
46.06,1,-3.07683,-2.41729,-0.09931,0.38295,-0.17695,0.11291,0.07794
46.06,2,-4.00247,-1.84521,-0.79037,0.38807,0.44157,0.08816,0.07581
46.08,0,-1.95691,-2.49253,-0.00119,0.50194,-0.00002,0.00000,
46.08,1,-3.06872,-2.41811,-0.10022,0.42264,0.05791,0.11430,0.08749
46.08,2,-3.99703,-1.85074,-0.78169,0.38616,0.42052,0.08797,0.08396
46.1,0,-1.94666,-2.49255,-0.00119,0.51444,-0.00000,0.00000,
46.1,1,-3.06064,-2.41891,-0.09766,0.43672,0.11354,0.11641,0.09775
46.1,2,-3.99163,-1.85611,-0.77369,0.36780,0.35020,0.08789,0.09208
46.12,0,-1.93651,-2.49256,-0.00119,0.50057,0.00009,0.00000,
46.12,1,-3.05107,-2.41984,-0.09625,0.53964,0.07392,0.11693,0.05817
46.12,2,-3.98625,-1.86134,-0.76642,0.38812,0.40438,0.08926,0.10169
46.14,0,-1.92661,-2.49257,-0.00119,0.49304,0.00008,0.00000,
46.14,1,-3.04028,-2.42090,-0.09429,0.51149,0.10460,0.11598,0.06808
46.14,2,-3.98060,-1.86678,-0.75821,0.39121,0.40123,0.09144,0.11253
46.16,0,-1.91673,-2.49258,-0.00119,0.49501,0.00006,0.00000,
46.16,1,-3.03031,-2.42186,-0.09308,0.48549,0.03601,0.11582,0.07796
46.16,2,-3.97503,-1.87205,-0.75064,0.37643,0.36231,0.09306,0.12255
46.18,0,-1.90680,-2.49259,-0.00119,0.49776,0.00006,0.00000,
46.18,1,-3.02262,-2.42274,-0.09380,0.34546,-0.06879,0.11801,0.08789
46.18,2,-3.96961,-1.87710,-0.74360,0.36657,0.34693,0.09294,0.13029
46.2,0,-1.89684,-2.49261,-0.00119,0.49794,0.00006,0.00000,
46.2,1,-3.01552,-2.42357,-0.09518,0.37109,-0.02100,0.12081,0.09785
46.2,2,-3.96392,-1.88235,-0.73570,0.43390,0.67546,0.09196,0.08289
46.22,0,-1.88689,-2.49262,-0.00118,0.49719,0.00006,0.00000,
46.22,1,-3.00689,-2.42431,-0.09233,0.48588,0.44179,0.12208,0.00995
46.22,2,-3.95743,-1.88819,-0.71815,0.44577,0.76674,0.09130,0.09154
46.24,0,-1.87695,-2.49263,-0.00118,0.49693,0.00005,0.00000,
46.24,1,-2.99783,-2.42511,-0.08326,0.45024,0.43025,0.12292,0.01989
46.24,2,-3.95055,-1.89423,-0.70907,0.46342,0.25674,0.09064,0.10064
46.26,0,-1.86701,-2.49264,-0.00118,0.49707,0.00005,0.00000,
46.26,1,-2.98848,-2.42595,-0.07783,0.49571,0.09229,0.12346,0.02983
46.26,2,-3.94549,-1.89885,-0.71432,0.29155,-0.50743,0.09256,0.02335
46.28,0,-1.85706,-2.49265,-0.00118,0.49719,0.00005,0.00000,
46.28,1,-2.97809,-2.42677,-0.07824,0.53262,-0.05498,0.12296,0.03977
46.28,2,-3.94126,-1.90280,-0.72437,0.27063,-0.47189,0.09646,0.03377
46.3,0,-1.84712,-2.49266,-0.00118,0.49718,0.00005,0.00000,
46.3,1,-2.96776,-2.42759,-0.07874,0.47810,-0.01816,0.12253,0.04972
46.3,2,-3.93705,-1.90652,-0.73368,0.33502,-0.27892,0.10047,0.04414
46.32,0,-1.83718,-2.49268,-0.00118,0.49714,0.00005,0.00000,
46.32,1,-2.95831,-2.42835,-0.07837,0.47256,0.04442,0.12297,0.05966
46.32,2,-3.93260,-1.91063,-0.72139,0.32631,0.48082,0.10331,0.05362
46.34,0,-1.82723,-2.49269,-0.00118,0.49714,0.00005,0.00000,
46.34,1,-2.94891,-2.42910,-0.07733,0.46998,0.04953,0.12347,0.06960
46.34,2,-3.92775,-1.91506,-0.70963,0.33171,0.63841,0.10561,0.06305
46.36,0,-1.81729,-2.49270,-0.00118,0.49715,0.00004,0.00000,
46.36,1,-2.93961,-2.42982,-0.07653,0.46293,0.03345,0.12408,0.07955
46.36,2,-3.92326,-1.91892,-0.69048,0.25000,1.33926,0.10842,0.07238
46.38,0,-1.80735,-2.49271,-0.00118,0.49715,0.00004,0.00000,
46.38,1,-2.93047,-2.43052,-0.07591,0.45443,0.03084,0.12484,0.08949
46.38,2,-3.91920,-1.92223,-0.66760,0.29128,0.77503,0.11173,0.08154
46.4,0,-1.79740,-2.49272,-0.00118,0.49715,0.00004,0.00000,
46.4,1,-2.92149,-2.43121,-0.07527,0.44728,0.03306,0.12577,0.09943
46.4,2,-3.91382,-1.92646,-0.66102,0.37321,0.10973,0.11333,0.09055
46.42,0,-1.78746,-2.49273,-0.00117,0.49715,0.00004,0.00000,
46.42,1,-2.91264,-2.43187,-0.07461,0.44095,0.03238,0.12682,0.10937
46.42,2,-3.90787,-1.93111,-0.65819,0.37069,0.22499,0.11412,0.09942
46.44,0,-1.77752,-2.49275,-0.00117,0.49715,0.00004,0.00000,
46.44,1,-2.90391,-2.43253,-0.07398,0.43448,0.03059,0.12800,0.11932
46.44,2,-3.90228,-1.93543,-0.65181,0.34064,0.36352,0.11528,0.10817
46.46,0,-1.76758,-2.49276,-0.00117,0.49715,0.00004,0.00000,
46.46,1,-2.89524,-2.43317,-0.07266,0.40432,0.10718,0.12924,0.02983
46.46,2,-3.89661,-1.93986,-0.64145,0.34894,0.61589,0.11629,0.06798
46.48,0,-1.75763,-2.49277,-0.00117,0.49715,0.00003,0.00000,
46.48,1,-2.88723,-2.43370,-0.07237,0.41812,0.01359,0.13114,0.03977
46.48,2,-3.89082,-1.94405,-0.62980,0.37676,0.50119,0.11667,0.07601
46.5,0,-1.74805,-2.49278,-0.00118,0.46271,-0.00020,0.00000,
46.5,1,-2.87811,-2.43438,-0.07176,0.48314,0.04011,0.13157,0.04935
46.5,2,-3.88421,-1.94890,-0.62304,0.43080,0.24360,0.11710,0.08515
46.52,0,-1.73867,-2.49279,-0.00117,0.47346,0.00014,0.00000,
46.52,1,-2.86869,-2.43510,-0.07063,0.47411,0.05782,0.13149,0.05873
46.52,2,-3.87721,-1.95399,-0.61832,0.42687,0.25476,0.11739,0.09460
46.54,0,-1.72916,-2.49280,-0.00117,0.47602,0.00009,0.00000,
46.54,1,-2.85858,-2.43584,-0.06993,0.51965,0.02429,0.13086,0.06824
46.54,2,-3.87059,-1.95873,-0.61236,0.41411,0.30732,0.11883,0.01473
46.56,0,-1.71989,-2.49281,-0.00117,0.47557,0.00009,0.00000,
46.56,1,-2.84842,-2.43656,-0.06942,0.49593,0.02941,0.12993,0.07752
46.56,2,-3.86354,-1.96392,-0.61626,0.42721,-0.38765,0.11975,0.02492
46.58,0,-1.70987,-2.49283,-0.00117,0.51368,-0.00009,0.00000,
46.58,1,-2.83884,-2.43722,-0.06875,0.47011,0.03520,0.13034,0.08754
46.58,2,-3.85656,-1.96896,-0.62333,0.44019,-0.22590,0.12028,0.03452
46.6,0,-1.69962,-2.49284,-0.00117,0.50748,0.00002,0.00000,
46.6,1,-2.82970,-2.43786,-0.06815,0.42777,0.01172,0.13141,0.09779
46.6,2,-3.84904,-1.97429,-0.62021,0.47406,0.42279,0.11980,0.04369
46.62,0,-1.68963,-2.49285,-0.00117,0.49457,0.00006,0.00000,
46.62,1,-2.82102,-2.43848,-0.06766,0.44080,0.03389,0.13270,0.10778
46.62,2,-3.84131,-1.97985,-0.60997,0.47276,0.49995,0.11863,0.05238
46.64,0,-1.67977,-2.49286,-0.00117,0.49280,0.00003,0.00000,
46.64,1,-2.81156,-2.43908,-0.06534,0.45970,0.21411,0.13306,0.01985
46.64,2,-3.83373,-1.98520,-0.60169,0.45648,0.35133,0.11841,0.06186
46.66,0,-1.66988,-2.49287,-0.00117,0.49609,0.00002,0.00000,
46.66,1,-2.80237,-2.43966,-0.06219,0.47499,0.08030,0.13375,0.02974
46.66,2,-3.82632,-1.99032,-0.59525,0.44617,0.31603,0.11820,0.07107
46.68,0,-1.65994,-2.49288,-0.00117,0.49751,0.00002,0.00000,
46.68,1,-2.79243,-2.44027,-0.06190,0.51131,-0.01176,0.13372,0.03968
46.68,2,-3.81808,-1.99590,-0.58487,0.52372,0.58708,0.11777,0.03303
46.7,0,-1.64999,-2.49290,-0.00117,0.49695,0.00003,0.00000,
46.7,1,-2.78258,-2.44088,-0.06168,0.49316,0.02930,0.13378,0.04963
46.7,2,-3.80980,-2.00140,-0.57536,0.46367,0.38196,0.11729,0.04290
46.72,0,-1.64006,-2.49291,-0.00117,0.49637,0.00002,0.00000,
46.72,1,-2.77205,-2.44154,-0.06111,0.54281,0.02815,0.13315,0.05956
46.72,2,-3.80234,-2.00626,-0.56939,0.43598,0.26754,0.11847,0.05345
46.74,0,-1.63013,-2.49292,-0.00117,0.49638,0.00002,0.00000,
46.74,1,-2.76137,-2.44219,-0.06055,0.52245,0.02767,0.13237,0.06949
46.74,2,-3.79502,-2.01095,-0.56372,0.43576,0.30273,0.12000,0.06415
46.76,0,-1.62020,-2.49293,-0.00117,0.49655,0.00002,0.00000,
46.76,1,-2.74945,-2.44283,-0.05962,0.71534,0.07238,0.13036,0.02979
46.76,2,-3.78777,-2.01558,-0.55789,0.39076,0.16753,0.12279,0.07608
46.78,0,-1.61027,-2.49294,-0.00117,0.49660,0.00002,0.00000,
46.78,1,-2.73553,-2.44360,-0.05845,0.63459,0.04104,0.12634,0.03972
46.78,2,-3.78118,-2.01984,-0.55249,0.39437,0.33211,0.12825,0.09003
46.8,0,-1.60034,-2.49295,-0.00117,0.49656,0.00002,0.00000,
46.8,1,-2.72477,-2.44424,-0.05772,0.50339,0.02226,0.12549,0.04965
46.8,2,-3.77422,-2.02414,-0.54553,0.45635,0.45383,0.13041,0.05274
46.82,0,-1.59041,-2.49297,-0.00116,0.49653,0.00002,0.00000,
46.82,1,-2.71552,-2.44482,-0.05769,0.39410,-0.03118,0.12614,0.05958
46.82,2,-3.76702,-2.02849,-0.53308,0.42050,0.57518,0.13092,0.06201
46.84,0,-1.58048,-2.49298,-0.00116,0.49654,0.00002,0.00000,
46.84,1,-2.70720,-2.44541,-0.05930,0.43534,-0.10577,0.12773,0.06951
46.84,2,-3.75960,-2.03290,-0.52376,0.47430,0.32693,0.13035,0.07035
46.86,0,-1.57055,-2.49299,-0.00116,0.49655,0.00002,0.00000,
46.86,1,-2.69818,-2.44595,-0.05999,0.45918,0.02545,0.12861,0.07944
46.86,2,-3.75053,-2.03820,-0.51984,0.54518,0.16032,0.12858,0.07939
46.88,0,-1.56062,-2.49300,-0.00116,0.49655,0.00002,0.00000,
46.88,1,-2.68921,-2.44647,-0.05887,0.41626,0.07306,0.12955,0.08937
46.88,2,-3.74141,-2.04345,-0.51519,0.51101,0.27044,0.12674,0.08837
46.9,0,-1.55069,-2.49301,-0.00116,0.49655,0.00002,0.00000,
46.9,1,-2.68045,-2.44698,-0.05789,0.46654,0.02570,0.13070,0.09931
46.9,2,-3.73271,-2.04838,-0.50987,0.49248,0.25972,0.12522,0.09715
46.92,0,-1.54075,-2.49302,-0.00116,0.49655,0.00002,0.00000,
46.92,1,-2.67095,-2.44753,-0.05755,0.47355,0.01650,0.13111,0.10924
46.92,2,-3.72420,-2.05313,-0.50484,0.48442,0.24581,0.12467,0.10666
46.94,0,-1.53082,-2.49304,-0.00116,0.49655,0.00002,0.00000,
46.94,1,-2.66178,-2.44806,-0.05709,0.44716,0.02775,0.13185,0.11917
46.94,2,-3.71634,-2.05764,-0.50135,0.46746,0.26384,0.12451,0.05814
46.96,0,-1.52089,-2.49305,-0.00116,0.49655,0.00001,0.00000,
46.96,1,-2.65324,-2.44856,-0.05661,0.36755,-0.00451,0.13322,0.12910
46.96,2,-3.70684,-2.06285,-0.49509,0.54586,0.23245,0.12198,0.06670
46.98,0,-1.51096,-2.49306,-0.00116,0.49655,0.00001,0.00000,
46.98,1,-2.64554,-2.44902,-0.05631,0.45726,0.03884,0.13543,0.08938
46.98,2,-3.69838,-2.06755,-0.48859,0.46620,0.30643,0.11982,0.07441
47.0,0,-1.50103,-2.49307,-0.00116,0.49655,0.00001,0.00000,
47.0,1,-2.63413,-2.44948,-0.05479,0.51572,0.11455,0.13393,0.09931
47.0,2,-3.68944,-2.07229,-0.48390,0.59130,0.30787,0.12070,0.04164
47.02,0,-1.49110,-2.49308,-0.00116,0.49655,0.00001,0.00000,
47.02,1,-2.62469,-2.44992,-0.05219,0.47198,0.10406,0.13441,0.10924
47.02,2,-3.67814,-2.07814,-0.47666,0.61807,0.35124,0.11713,0.05109
47.04,0,-1.48117,-2.49309,-0.00116,0.49655,0.00001,0.00000,
47.04,1,-2.61608,-2.45041,-0.05176,0.35510,-0.04332,0.13571,0.11917
47.04,2,-3.66849,-2.08314,-0.47067,0.48653,0.25801,0.11465,0.05971
47.06,0,-1.47124,-2.49310,-0.00116,0.49655,0.00001,0.00000,
47.06,1,-2.60850,-2.45093,-0.05359,0.45305,-0.09918,0.13804,0.07945
47.06,2,-3.66092,-2.08718,-0.46742,0.34997,-0.03576,0.11351,0.06731
47.08,0,-1.46131,-2.49312,-0.00116,0.49655,0.00001,0.00000,
47.08,1,-2.59745,-2.45145,-0.04838,0.49228,0.33996,0.13691,0.08938
47.08,2,-3.65456,-2.09073,-0.46586,0.37613,0.11742,0.11696,0.07837
47.1,0,-1.45138,-2.49313,-0.00116,0.49655,0.00001,0.00000,
47.1,1,-2.58769,-2.45214,-0.04720,0.50462,-0.11013,0.13706,0.09931
47.1,2,-3.64748,-2.09434,-0.46183,0.41072,0.25572,0.11856,0.08815
47.12,0,-1.44200,-2.49314,-0.00116,0.46574,-0.00008,0.00000,
47.12,1,-2.57783,-2.45271,-0.04942,0.42258,-0.10259,0.13655,0.10869
47.12,2,-3.64037,-2.09793,-0.45493,0.41717,0.30728,0.12020,0.09803
47.14,0,-1.43257,-2.49315,-0.00116,0.47467,0.00013,0.00000,
47.14,1,-2.56986,-2.45311,-0.05004,0.40927,0.03276,0.13799,0.11811
47.14,2,-3.63234,-2.10187,-0.45094,0.45676,0.15483,0.11904,0.10601
47.16,0,-1.42310,-2.49316,-0.00116,0.45551,0.00021,0.00000,
47.16,1,-2.56152,-2.45349,-0.04898,0.42006,0.05013,0.13910,0.12758
47.16,2,-3.62435,-2.10574,-0.44748,0.42965,0.19736,0.11828,0.11436
47.18,0,-1.41369,-2.49317,-0.00116,0.49704,-0.00007,0.00000,
47.18,1,-2.55291,-2.45388,-0.04829,0.49915,0.04900,0.13990,0.08735
47.18,2,-3.61687,-2.10933,-0.44315,0.40637,0.22280,0.11836,0.12298
47.2,0,-1.40347,-2.49318,-0.00116,0.51407,-0.00008,0.00000,
47.2,1,-2.54174,-2.45428,-0.04695,0.56296,0.06744,0.13893,0.09756
47.2,2,-3.60957,-2.11280,-0.43886,0.40362,0.20549,0.12110,0.13415
47.22,0,-1.39332,-2.49320,-0.00116,0.50079,0.00003,0.00000,
47.22,1,-2.53135,-2.45466,-0.04510,0.49343,0.11269,0.13868,0.10771
47.22,2,-3.59980,-2.11718,-0.43199,0.59538,0.38440,0.12048,0.09815
47.24,0,-1.38342,-2.49321,-0.00116,0.49210,0.00003,0.00000,
47.24,1,-2.52207,-2.45507,-0.04410,0.36361,-0.02709,0.13929,0.11761
47.24,2,-3.58997,-2.12172,-0.42456,0.46204,0.36496,0.11872,0.10744
47.26,0,-1.37358,-2.49322,-0.00116,0.49357,0.00001,0.00000,
47.26,1,-2.51454,-2.45543,-0.04890,0.39854,-0.22615,0.14159,0.07780
47.26,2,-3.58172,-2.12542,-0.41773,0.49026,0.60992,0.11704,0.02174
47.28,0,-1.36367,-2.49323,-0.00116,0.49653,0.00001,0.00000,
47.28,1,-2.50647,-2.45560,-0.04914,0.38041,0.11770,0.14343,0.08771
47.28,2,-3.57252,-2.12944,-0.40396,0.51566,0.53428,0.11482,0.02981
47.3,0,-1.35373,-2.49324,-0.00116,0.49691,0.00001,0.00000,
47.3,1,-2.49744,-2.45604,-0.04740,0.50638,0.04327,0.14432,0.09765
47.3,2,-3.56286,-2.13357,-0.39871,0.52654,0.10632,0.11315,0.03885
47.32,0,-1.34380,-2.49325,-0.00116,0.49615,0.00001,0.00000,
47.32,1,-2.48715,-2.45660,-0.04710,0.50447,0.00756,0.14394,0.10758
47.32,2,-3.55332,-2.13759,-0.39682,0.50939,0.12800,0.11287,0.04915
47.34,0,-1.33388,-2.49326,-0.00116,0.49583,0.00001,0.00000,
47.34,1,-2.47766,-2.45708,-0.04675,0.45405,0.02537,0.14435,0.11749
47.34,2,-3.54409,-2.14145,-0.39314,0.49427,0.21570,0.11216,0.05866
47.36,0,-1.32396,-2.49328,-0.00116,0.49597,0.00001,0.00000,
47.36,1,-2.46792,-2.45751,-0.05695,0.53028,-1.88728,0.14451,0.07951
47.36,2,-3.53275,-2.14587,-0.38720,0.70911,0.31097,0.10950,0.02438
47.38,0,-1.31404,-2.49329,-0.00116,0.49610,0.00001,0.00000,
47.38,1,-2.45755,-2.45795,-0.09668,0.51511,-1.93906,0.14405,0.08943
47.38,2,-3.52022,-2.15076,-0.37900,0.60427,0.55355,0.10618,0.03476
47.4,0,-1.30412,-2.49330,-0.00116,0.49609,0.00001,0.00000,
47.4,1,-2.44772,-2.45878,-0.11409,0.47649,0.06203,0.14412,0.09935
47.4,2,-3.50900,-2.15527,-0.37389,0.59328,0.08463,0.10383,0.04462
47.42,0,-1.29420,-2.49331,-0.00116,0.49605,0.00001,0.00000,
47.42,1,-2.43841,-2.45976,-0.10355,0.46553,0.60048,0.14470,0.10927
47.42,2,-3.50086,-2.15923,-0.37908,0.42194,-0.32203,0.10414,0.05397
47.44,0,-1.28428,-2.49332,-0.00116,0.49604,0.00001,0.00000,
47.44,1,-2.42901,-2.46071,-0.09645,0.51789,0.16878,0.14519,0.06945
47.44,2,-3.49327,-2.16294,-0.38383,0.42445,-0.06475,0.10514,0.06341
47.46,0,-1.27436,-2.49333,-0.00116,0.49605,0.00001,0.00000,
47.46,1,-2.41624,-2.46186,-0.09431,0.65840,0.08962,0.14231,0.07937
47.46,2,-3.48518,-2.16629,-0.38049,0.44750,0.29128,0.10906,0.07623
47.48,0,-1.26444,-2.49335,-0.00116,0.49606,0.00001,0.00000,
47.48,1,-2.40499,-2.46297,-0.09160,0.52684,0.13950,0.14096,0.08929
47.48,2,-3.47697,-2.16958,-0.37371,0.45760,0.26723,0.11140,0.08753
47.5,0,-1.25452,-2.49336,-0.00116,0.49606,0.00001,0.00000,
47.5,1,-2.39496,-2.46390,-0.08896,0.49094,0.12689,0.14083,0.09921
47.5,2,-3.46816,-2.17303,-0.36850,0.47854,0.34355,0.11192,0.04830
47.52,0,-1.24459,-2.49337,-0.00116,0.49606,0.00001,0.00000,
47.52,1,-2.38784,-2.46477,-0.08880,0.33523,-0.03302,0.14360,0.10914
47.52,2,-3.45916,-2.17651,-0.36284,0.47730,0.22138,0.10943,0.05548
47.54,0,-1.23467,-2.49338,-0.00116,0.49606,0.00001,0.00000,
47.54,1,-2.38035,-2.46565,-0.08719,0.40614,0.42847,0.14601,0.01984
47.54,2,-3.45052,-2.17979,-0.35931,0.44977,0.15861,0.10770,0.06302
47.56,0,-1.22475,-2.49339,-0.00116,0.49606,0.00001,0.00000,
47.56,1,-2.37268,-2.46636,-0.07496,0.41334,0.75589,0.14825,0.02976
47.56,2,-3.44226,-2.18289,-0.35598,0.43753,0.17615,0.10650,0.07072
47.58,0,-1.21483,-2.49340,-0.00116,0.49606,0.00001,0.00000,
47.58,1,-2.36351,-2.46701,-0.05965,0.50160,0.49121,0.14899,0.03968
47.58,2,-3.43407,-2.18594,-0.35234,0.43614,0.18301,0.10684,0.07991
47.6,0,-1.20491,-2.49341,-0.00116,0.49606,0.00001,0.00000,
47.6,1,-2.35291,-2.46771,-0.05748,0.54153,-0.08992,0.14828,0.04961
47.6,2,-3.42669,-2.18881,-0.35024,0.38752,0.14892,0.10941,0.09053
47.62,0,-1.19499,-2.49343,-0.00116,0.49606,0.00001,0.00000,
47.62,1,-2.34247,-2.46835,-0.05896,0.51620,-0.01219,0.14776,0.05953
47.62,2,-3.41931,-2.19156,-0.34613,0.39622,0.21785,0.11184,0.10098
47.64,0,-1.18507,-2.49344,-0.00116,0.49606,0.00001,0.00000,
47.64,1,-2.33223,-2.46897,-0.05764,0.50930,0.10739,0.14742,0.06945
47.64,2,-3.41192,-2.19424,-0.34236,0.38904,0.16238,0.11410,0.11124
47.66,0,-1.17515,-2.49345,-0.00116,0.49606,0.00000,0.00000,
47.66,1,-2.32218,-2.46955,-0.05553,0.49845,0.09149,0.14728,0.07937
47.66,2,-3.40360,-2.19709,-0.33610,0.46352,0.66078,0.11521,0.02549
47.68,0,-1.16523,-2.49346,-0.00116,0.49606,0.00000,0.00000,
47.68,1,-2.31232,-2.47009,-0.05408,0.49014,0.06169,0.14733,0.08929
47.68,2,-3.39502,-2.20014,-0.32377,0.45925,0.54286,0.11585,0.03536
47.7,0,-1.15530,-2.49347,-0.00116,0.49606,0.00000,0.00000,
47.7,1,-2.30304,-2.47061,-0.05304,0.45056,0.05414,0.14797,0.09921
47.7,2,-3.38584,-2.20324,-0.31798,0.50590,0.10900,0.11532,0.04466
47.72,0,-1.14538,-2.49348,-0.00116,0.49606,0.00000,0.00000,
47.72,1,-2.29395,-2.47111,-0.05171,0.45771,0.07165,0.14879,0.10913
47.72,2,-3.37603,-2.20647,-0.31700,0.51673,0.05422,0.11397,0.05376
47.74,0,-1.13546,-2.49349,-0.00116,0.49606,0.00000,0.00000,
47.74,1,-2.28485,-2.47158,-0.05034,0.45191,0.06453,0.14960,0.11905
47.74,2,-3.36642,-2.20961,-0.31483,0.49580,0.14720,0.11284,0.01368
47.76,0,-1.12554,-2.49351,-0.00116,0.49606,0.00000,0.00000,
47.76,1,-2.27595,-2.47203,-0.04913,0.44091,0.05813,0.15061,0.12897
47.76,2,-3.35732,-2.21257,-0.30935,0.47063,0.28901,0.11206,0.02260
47.78,0,-1.11562,-2.49352,-0.00116,0.49606,0.00000,0.00000,
47.78,1,-2.26675,-2.47246,-0.04678,0.43247,0.19228,0.15132,0.03968
47.78,2,-3.34876,-2.21541,-0.30612,0.41657,0.03547,0.11213,0.03181
47.8,0,-1.10570,-2.49353,-0.00116,0.49606,0.00000,0.00000,
47.8,1,-2.25805,-2.47285,-0.04382,0.45734,0.08947,0.15254,0.04961
47.8,2,-3.34060,-2.21809,-0.30400,0.43813,0.15404,0.11212,0.04051
47.82,0,-1.09578,-2.49354,-0.00116,0.49606,0.00000,0.00000,
47.82,1,-2.24824,-2.47327,-0.04301,0.51062,0.02099,0.15264,0.05953
47.82,2,-3.33223,-2.22074,-0.30070,0.43606,0.15825,0.11301,0.05033
47.84,0,-1.08586,-2.49355,-0.00116,0.49606,0.00000,0.00000,
47.84,1,-2.23804,-2.47370,-0.04240,0.50361,0.04251,0.15235,0.06945
47.84,2,-3.32429,-2.22324,-0.29708,0.42252,0.15563,0.11476,0.06055
47.86,0,-1.07594,-2.49356,-0.00116,0.49606,0.00000,0.00000,
47.86,1,-2.22830,-2.47411,-0.04134,0.46111,0.06196,0.15253,0.07937
47.86,2,-3.31571,-2.22588,-0.29505,0.46071,0.08327,0.11538,0.07029
47.88,0,-1.06609,-2.49357,-0.00116,0.45836,-0.00040,0.00000,
47.88,1,-2.21887,-2.47451,-0.04024,0.48127,0.04902,0.15294,0.08921
47.88,2,-3.30702,-2.22852,-0.29308,0.44384,0.11460,0.11561,0.07973
47.9,0,-1.05682,-2.49359,-0.00116,0.46881,0.00002,0.00000,
47.9,1,-2.20918,-2.47490,-0.03934,0.48400,0.04367,0.15251,0.09849
47.9,2,-3.29877,-2.23101,-0.29060,0.42233,0.12614,0.11656,0.08943
47.92,0,-1.04736,-2.49360,-0.00116,0.47507,0.00010,0.00000,
47.92,1,-2.19970,-2.47527,-0.03799,0.39168,0.12341,0.15249,0.00946
47.92,2,-3.29116,-2.23337,-0.28905,0.36286,0.01677,0.11795,0.09892
47.94,0,-1.03806,-2.49361,-0.00116,0.45477,0.00022,0.00000,
47.94,1,-2.19204,-2.47567,-0.03789,0.39412,-0.02122,0.15412,0.01876
47.94,2,-3.28402,-2.23558,-0.28701,0.38184,0.14785,0.11806,0.10658
47.96,0,-1.02831,-2.49362,-0.00116,0.50745,-0.00012,0.00000,
47.96,1,-2.18367,-2.47605,-0.03831,0.44520,0.00407,0.15550,0.02851
47.96,2,-3.27666,-2.23777,-0.28412,0.38234,0.12741,0.11866,0.11496
47.98,0,-1.01805,-2.49363,-0.00116,0.51102,-0.00004,0.00000,
47.98,1,-2.17405,-2.47644,-0.03734,0.46247,0.08107,0.15612,0.03876
47.98,2,-3.26945,-2.23988,-0.28202,0.37014,0.09292,0.12065,0.12459
48.0,0,-1.00800,-2.49364,-0.00116,0.49657,0.00003,0.00000,
48.0,1,-2.16445,-2.47683,-0.03587,0.52815,0.05183,0.15657,0.04882
48.0,2,-3.26311,-2.24193,-0.27890,0.26357,0.15471,0.12350,0.08891
48.02,0,-0.99814,-2.49365,-0.00116,0.49150,0.00002,0.00000,
48.02,1,-2.15349,-2.47724,-0.03515,0.54740,0.03130,0.15546,0.05868
48.02,2,-3.25813,-2.24392,-0.27651,0.27822,-0.00360,0.12902,0.09988
48.04,0,-0.98828,-2.49367,-0.00116,0.49433,-0.00000,0.00000,
48.04,1,-2.14300,-2.47761,-0.03443,0.50499,0.04021,0.15483,0.06853
48.04,2,-3.25168,-2.24604,-0.27817,0.39467,-0.04322,0.13261,0.11037
48.06,0,-0.97837,-2.49368,-0.00116,0.49659,0.00000,0.00000,
48.06,1,-2.13343,-2.47795,-0.03365,0.40914,0.02108,0.15517,0.07845
48.06,2,-3.24316,-2.24843,-0.27555,0.55868,0.30277,0.13321,0.07100
48.08,0,-0.96844,-2.49369,-0.00116,0.49639,0.00001,0.00000,
48.08,1,-2.12499,-2.47826,-0.03298,0.43654,0.04193,0.15666,0.08838
48.08,2,-3.23143,-2.25134,-0.26620,0.57671,0.57228,0.12947,0.03403
48.1,0,-0.95852,-2.49370,-0.00116,0.49567,0.00000,0.00000,
48.1,1,-2.11607,-2.47856,-0.03210,0.44926,0.04272,0.15765,0.09830
48.1,2,-3.21989,-2.25435,-0.26416,0.55616,-0.98883,0.12636,0.04296
48.12,0,-0.94861,-2.49371,-0.00116,0.49553,0.00000,0.00000,
48.12,1,-2.10721,-2.47885,-0.03133,0.43564,0.03570,0.15870,0.10821
48.12,2,-3.20981,-2.25717,-0.24719,0.52316,1.03413,0.12466,0.05181
48.14,0,-0.93869,-2.49372,-0.00116,0.49571,0.00000,0.00000,
48.14,1,-2.09876,-2.47911,-0.03061,0.42480,0.03482,0.16016,0.06930
48.14,2,-3.20035,-2.25989,-0.23837,0.42731,-0.03815,0.12319,0.06027
48.16,0,-0.92878,-2.49373,-0.00116,0.49579,0.00000,0.00000,
48.16,1,-2.09131,-2.47938,-0.03010,0.32977,-0.01691,0.16262,0.07922
48.16,2,-3.19191,-2.26232,-0.23872,0.44617,0.01918,0.12180,0.06772
48.18,0,-0.91886,-2.49375,-0.00116,0.49577,0.00000,0.00000,
48.18,1,-2.08411,-2.47970,-0.03173,0.40977,-0.08647,0.16534,0.08913
48.18,2,-3.18337,-2.26454,-0.23644,0.42113,0.22214,0.12011,0.07493
48.2,0,-0.90895,-2.49376,-0.00116,0.49574,0.00000,0.00000,
48.2,1,-2.07472,-2.48000,-0.03197,0.50293,0.04268,0.16585,0.09905
48.2,2,-3.17365,-2.26699,-0.23413,0.54718,0.04456,0.11938,0.08433
48.22,0,-0.89903,-2.49377,-0.00116,0.49573,0.00000,0.00000,
48.22,1,-2.06480,-2.48030,-0.03066,0.45697,0.07393,0.16585,0.10896
48.22,2,-3.16293,-2.26955,-0.23364,0.53830,0.02911,0.11817,0.09425
48.24,0,-0.88912,-2.49378,-0.00116,0.49574,0.00000,0.00000,
48.24,1,-2.05540,-2.48058,-0.02963,0.47901,0.03528,0.16636,0.11888
48.24,2,-3.15528,-2.27168,-0.23125,0.27473,0.19433,0.11954,0.05623
48.26,0,-0.87920,-2.49379,-0.00116,0.49575,0.00000,0.00000,
48.26,1,-2.04543,-2.48087,-0.02903,0.60104,0.03605,0.16630,0.07931
48.26,2,-3.15228,-2.27315,-0.22942,0.10193,0.04358,0.12618,0.06621
48.28,0,-0.86929,-2.49380,-0.00116,0.49574,0.00000,0.00000,
48.28,1,-2.03156,-2.48116,-0.02760,0.65281,0.10443,0.16234,0.08923
48.28,2,-3.15092,-2.27435,-0.22862,0.07778,0.03890,0.13830,0.03811
48.3,0,-0.85937,-2.49381,-0.00116,0.49574,0.00000,0.00000,
48.3,1,-2.01861,-2.48153,-0.02514,0.62961,0.15608,0.15931,0.09914
48.3,2,-3.14638,-2.27573,-0.23111,0.31159,0.09861,0.14639,0.05106
48.32,0,-0.84946,-2.49383,-0.00116,0.49574,0.00000,0.00000,
48.32,1,-2.00746,-2.48183,-0.02311,0.44506,0.03674,0.15807,0.10906
48.32,2,-3.14156,-2.27701,-0.22990,0.20968,0.17218,0.15244,0.00518
48.34,0,-0.83954,-2.49384,-0.00116,0.49574,0.00000,0.00000,
48.34,1,-1.99960,-2.48204,-0.02269,0.40787,0.02384,0.16012,0.11897
48.34,2,-3.13757,-2.27821,-0.22443,0.22921,0.80027,0.15608,0.01304
48.36,0,-0.82963,-2.49385,-0.00116,0.49574,0.00000,0.00000,
48.36,1,-1.98963,-2.48223,-0.02213,0.60710,0.03336,0.16006,0.07932
48.36,2,-3.12813,-2.28016,-0.20431,0.57598,0.50117,0.15629,0.02301
48.38,0,-0.81971,-2.49386,-0.00116,0.49574,0.00000,0.00000,
48.38,1,-1.97905,-2.48241,-0.02130,0.47675,-0.00465,0.15940,0.08923
48.38,2,-3.11765,-2.28230,-0.19694,0.51256,0.16047,0.15605,0.03359
48.4,0,-0.80980,-2.49387,-0.00116,0.49574,0.00000,0.00000,
48.4,1,-1.96679,-2.48258,-0.02075,0.66660,0.03510,0.15705,0.04957
48.4,2,-3.10646,-2.28463,-0.19901,0.61175,-0.17019,0.15674,0.04586
48.42,0,-0.79988,-2.49388,-0.00116,0.49574,0.00000,0.00000,
48.42,1,-1.95428,-2.48279,-0.02022,0.54249,0.01393,0.15445,0.05949
48.42,2,-3.09424,-2.28711,-0.20033,0.61931,0.02734,0.15663,0.05837
48.44,0,-0.78997,-2.49389,-0.00116,0.49574,0.00000,0.00000,
48.44,1,-1.94499,-2.48300,-0.02007,0.46479,0.01540,0.15508,0.06940
48.44,2,-3.08251,-2.28949,-0.19874,0.58126,0.09211,0.15386,0.06766
48.46,0,-0.78005,-2.49391,-0.00116,0.49574,0.00000,0.00000,
48.46,1,-1.93555,-2.48320,-0.01960,0.47653,0.02618,0.15554,0.07932
48.46,2,-3.07072,-2.29177,-0.19617,0.60931,0.25413,0.15119,0.02473
48.48,0,-0.77014,-2.49392,-0.00116,0.49574,0.00000,0.00000,
48.48,1,-1.92626,-2.48338,-0.01909,0.45158,0.02497,0.15617,0.08923
48.48,2,-3.05895,-2.29405,-0.19146,0.60669,0.15275,0.14841,0.03402
48.5,0,-0.76022,-2.49393,-0.00116,0.49574,0.00000,0.00000,
48.5,1,-1.91669,-2.48357,-0.01871,0.49282,0.01601,0.15651,0.09915
48.5,2,-3.04665,-2.29643,-0.19047,0.63884,-0.00270,0.14535,0.04359
48.52,0,-0.75031,-2.49394,-0.00116,0.49574,0.00000,0.00000,
48.52,1,-1.90657,-2.48375,-0.01774,0.46428,0.06623,0.15631,0.00991
48.52,2,-3.03411,-2.29884,-0.19042,0.63356,0.02072,0.14259,0.05371
48.54,0,-0.74039,-2.49395,-0.00116,0.49574,0.00000,0.00000,
48.54,1,-1.89703,-2.48391,-0.01687,0.50321,0.02200,0.15667,0.01983
48.54,2,-3.02190,-2.30119,-0.18956,0.61227,0.05391,0.13961,0.06325
48.56,0,-0.73048,-2.49396,-0.00115,0.49574,0.00000,0.00000,
48.56,1,-1.88649,-2.48409,-0.01665,0.55123,0.00692,0.15606,0.02974
48.56,2,-3.01002,-2.30347,-0.18851,0.59983,0.04787,0.13795,0.07379
48.58,0,-0.72056,-2.49397,-0.00115,0.49574,0.00000,0.00000,
48.58,1,-1.87537,-2.48427,-0.01642,0.56577,0.01425,0.15485,0.03966
48.58,2,-2.99831,-2.30571,-0.18767,0.59378,0.03874,0.13704,0.08491
48.6,0,-0.71065,-2.49399,-0.00115,0.49574,0.00000,0.00000,
48.6,1,-1.86415,-2.48446,-0.01609,0.55108,0.01741,0.15354,0.04957
48.6,2,-2.98671,-2.30791,-0.18691,0.58630,0.03829,0.13636,0.09613
48.62,0,-0.70074,-2.49400,-0.00115,0.49574,0.00000,0.00000,
48.62,1,-1.85343,-2.48463,-0.01576,0.52615,0.01611,0.15273,0.05949
48.62,2,-2.97529,-2.31007,-0.18614,0.57682,0.03877,0.13536,0.10686
48.64,0,-0.69082,-2.49401,-0.00115,0.49574,0.00000,0.00000,
48.64,1,-1.84342,-2.48479,-0.01550,0.44175,0.00530,0.15263,0.06940
48.64,2,-2.96406,-2.31218,-0.18537,0.56760,0.03740,0.13386,0.11687
48.66,0,-0.68091,-2.49402,-0.00115,0.49574,0.00000,0.00000,
48.66,1,-1.83430,-2.48495,-0.01527,0.46811,0.01626,0.15343,0.07932
48.66,2,-2.95324,-2.31425,-0.18503,0.51924,-0.02067,0.13188,0.12598
48.68,0,-0.67099,-2.49403,-0.00115,0.49574,0.00000,0.00000,
48.68,1,-1.82482,-2.48509,-0.01492,0.47448,0.01645,0.15386,0.08923
48.68,2,-2.94296,-2.31623,-0.18458,0.52692,0.04973,0.13082,0.13547
48.7,0,-0.66108,-2.49404,-0.00115,0.49574,0.00000,0.00000,
48.7,1,-1.81494,-2.48524,-0.01459,0.60569,0.02271,0.15390,0.04957
48.7,2,-2.93276,-2.31817,-0.18343,0.44892,0.08456,0.13024,0.09643
48.72,0,-0.65116,-2.49405,-0.00115,0.49574,0.00000,0.00000,
48.72,1,-1.80264,-2.48538,-0.01402,0.59505,0.03098,0.15152,0.05949
48.72,2,-2.92826,-2.31976,-0.18061,0.14865,0.08997,0.13774,0.10872
48.74,0,-0.64125,-2.49407,-0.00115,0.49574,0.00000,0.00000,
48.74,1,-1.79128,-2.48549,-0.01330,0.55701,0.03602,0.15007,0.06940
48.74,2,-2.92591,-2.32117,-0.17900,0.09198,0.08379,0.14646,0.12009
48.76,0,-0.63133,-2.49408,-0.00115,0.49574,0.00000,0.00000,
48.76,1,-1.78073,-2.48563,-0.01294,0.42633,-0.00228,0.14943,0.07932
48.76,2,-2.92513,-2.32227,-0.17782,0.04930,-0.09503,0.15599,0.13064
48.78,0,-0.62142,-2.49409,-0.00115,0.49574,0.00000,0.00000,
48.78,1,-1.77247,-2.48577,-0.01296,0.43202,0.00104,0.15109,0.08923
48.78,2,-2.92239,-2.32330,-0.18367,0.20570,-0.16680,0.16134,0.13890
48.8,0,-0.61150,-2.49410,-0.00115,0.49574,0.00000,0.00000,
48.8,1,-1.76351,-2.48590,-0.01276,0.45445,0.01501,0.15204,0.09915
48.8,2,-2.91642,-2.32423,-0.17388,0.33378,0.82596,0.16419,0.09523
48.82,0,-0.60159,-2.49411,-0.00115,0.49574,0.00000,0.00000,
48.82,1,-1.75476,-2.48602,-0.01241,0.46778,0.01236,0.15321,0.10906
48.82,2,-2.90976,-2.32518,-0.15799,0.34871,0.63384,0.16614,0.10398
48.84,0,-0.59167,-2.49412,-0.00115,0.49574,0.00000,0.00000,
48.84,1,-1.74401,-2.48614,-0.01220,0.65738,0.01861,0.15236,0.06940
48.84,2,-2.90226,-2.32683,-0.15700,0.36901,-0.33789,0.16915,0.01529
48.86,0,-0.58218,-2.49413,-0.00116,0.46267,-0.00018,0.00000,
48.86,1,-1.73088,-2.48626,-0.01175,0.65632,0.02254,0.14872,0.07889
48.86,2,-2.89480,-2.32816,-0.16008,0.42015,0.20185,0.17461,0.02842
48.88,0,-0.57281,-2.49415,-0.00116,0.47290,0.00011,0.00000,
48.88,1,-1.71840,-2.48638,-0.01131,0.59390,0.01560,0.14562,0.08827
48.88,2,-2.88738,-2.32915,-0.15709,0.41491,0.12670,0.17951,0.04090
48.9,0,-0.56332,-2.49416,-0.00116,0.47457,0.00005,0.00000,
48.9,1,-1.70762,-2.48650,-0.01128,0.58142,-0.00279,0.14433,0.04818
48.9,2,-2.87929,-2.33045,-0.15599,0.40806,-0.12306,0.18202,0.05168
48.92,0,-0.55399,-2.49417,-0.00115,0.49194,-0.00005,0.00000,
48.92,1,-1.69599,-2.48662,-0.01133,0.58142,-0.00275,0.14202,0.05751
48.92,2,-2.87087,-2.33160,-0.14550,0.41415,2.28109,0.18506,0.00581
48.94,0,-0.54382,-2.49418,-0.00116,0.51392,-0.00010,0.00000,
48.94,1,-1.68564,-2.48676,-0.01144,0.45835,-0.03395,0.14184,0.06768
48.94,2,-2.86109,-2.33283,-0.12134,0.47241,0.99616,0.18549,0.01617
48.96,0,-0.53366,-2.49419,-0.00116,0.50161,0.00001,0.00000,
48.96,1,-1.67569,-2.48690,-0.01233,0.45863,-0.03772,0.14206,0.07784
48.96,2,-2.85175,-2.33379,-0.10315,0.52168,0.55372,0.18598,0.02612
48.98,0,-0.52376,-2.49420,-0.00116,0.49174,0.00003,0.00000,
48.98,1,-1.66732,-2.48704,-0.01314,0.41987,-0.04705,0.14359,0.08775
48.98,2,-2.83975,-2.33509,-0.10279,0.65308,-0.26934,0.18224,0.03448
49.0,0,-0.51392,-2.49421,-0.00116,0.49260,0.00000,0.00000,
49.0,1,-1.65879,-2.48717,-0.01351,0.43399,0.00800,0.14489,0.09758
49.0,2,-2.82693,-2.33652,-0.10778,0.65894,-0.17896,0.17781,0.04302
49.02,0,-0.50403,-2.49423,-0.00116,0.49573,-0.00000,0.00000,
49.02,1,-1.64960,-2.48729,-0.01298,0.54945,0.03654,0.14559,0.05928
49.02,2,-2.81394,-2.33797,-0.10929,0.56907,-0.01558,0.17387,0.00481
49.04,0,-0.49411,-2.49424,-0.00116,0.49634,0.00000,0.00000,
49.04,1,-1.63818,-2.48741,-0.01219,0.55665,0.04142,0.14409,0.06921
49.04,2,-2.80332,-2.33941,-0.10723,0.51598,0.12191,0.17450,0.01624
49.06,0,-0.48419,-2.49425,-0.00116,0.49560,0.00000,0.00000,
49.06,1,-1.62746,-2.48752,-0.01160,0.52525,0.01406,0.14329,0.07913
49.06,2,-2.79610,-2.34085,-0.10788,0.33601,-0.06394,0.17781,0.02696
49.08,0,-0.47428,-2.49426,-0.00116,0.49521,0.00000,0.00000,
49.08,1,-1.61757,-2.48763,-0.01153,0.41490,-0.00661,0.14331,0.08904
49.08,2,-2.78977,-2.34220,-0.10938,0.27494,-0.11313,0.18118,0.03684
49.1,0,-0.46438,-2.49427,-0.00116,0.49532,0.00000,0.00000,
49.1,1,-1.60951,-2.48773,-0.01152,0.41544,0.01523,0.14515,0.04955
49.1,2,-2.78337,-2.34314,-0.10977,0.33757,0.06084,0.18273,0.04491
49.12,0,-0.45447,-2.49428,-0.00116,0.49547,0.00000,0.00000,
49.12,1,-1.60116,-2.48783,-0.01123,0.42686,0.01372,0.14671,0.00991
49.12,2,-2.77515,-2.34407,-0.10861,0.43675,0.05219,0.18277,0.05326
49.14,0,-0.44456,-2.49429,-0.00116,0.49548,0.00000,0.00000,
49.14,1,-1.59210,-2.48793,-0.01097,0.46106,0.01477,0.14756,0.01982
49.14,2,-2.76639,-2.34484,-0.10727,0.44671,0.07672,0.18298,0.06232
49.16,0,-0.43465,-2.49431,-0.00116,0.49544,0.00000,0.00000,
49.16,1,-1.58142,-2.48805,-0.01074,0.57254,0.00959,0.14678,0.02973
49.16,2,-2.75727,-2.34575,-0.10675,0.49399,-0.03473,0.18443,0.07300
49.18,0,-0.42474,-2.49432,-0.00116,0.49542,0.00000,0.00000,
49.18,1,-1.57014,-2.48817,-0.01053,0.56431,0.00948,0.14542,0.03964
49.18,2,-2.74715,-2.34687,-0.10802,0.50861,-0.06797,0.18546,0.08428
49.2,0,-0.41483,-2.49433,-0.00115,0.49543,0.00000,0.00000,
49.2,1,-1.55922,-2.48828,-0.01034,0.52999,0.01021,0.14440,0.04954
49.2,2,-2.73737,-2.34796,-0.10907,0.47709,-0.03953,0.18648,0.09520
49.22,0,-0.40492,-2.49434,-0.00115,0.49544,0.00000,0.00000,
49.22,1,-1.54889,-2.48839,-0.01013,0.50959,0.01030,0.14398,0.05945
49.22,2,-2.72812,-2.34898,-0.10974,0.46000,-0.03202,0.18744,0.10554
49.24,0,-0.39502,-2.49435,-0.00115,0.49544,0.00000,0.00000,
49.24,1,-1.53873,-2.48849,-0.00993,0.50737,0.00977,0.14373,0.06936
49.24,2,-2.71962,-2.34997,-0.11083,0.43407,-0.03853,0.18899,0.11569
49.26,0,-0.38511,-2.49436,-0.00115,0.49543,0.00000,0.00000,
49.26,1,-1.52965,-2.48859,-0.00981,0.44446,0.00753,0.14455,0.07927
49.26,2,-2.71090,-2.35095,-0.11142,0.43979,-0.02722,0.18925,0.12478
49.28,0,-0.37520,-2.49437,-0.00115,0.49543,0.00000,0.00000,
49.28,1,-1.51857,-2.48868,-0.00956,0.66687,0.01571,0.14339,0.03963
49.28,2,-2.70225,-2.35192,-0.11203,0.42984,-0.03358,0.19156,0.13585
49.3,0,-0.36529,-2.49439,-0.00115,0.49543,0.00000,0.00000,
49.3,1,-1.50711,-2.48878,-0.00908,0.53989,0.02716,0.14183,0.04954
49.3,2,-2.69313,-2.35293,-0.11234,0.54928,0.03525,0.19378,0.04690
49.32,0,-0.35538,-2.49440,-0.00115,0.49543,0.00000,0.00000,
49.32,1,-1.49630,-2.48887,-0.00866,0.54117,0.01160,0.14093,0.05945
49.32,2,-2.68066,-2.35422,-0.10895,0.56930,0.23596,0.19200,0.05771
49.34,0,-0.34547,-2.49441,-0.00115,0.49543,0.00000,0.00000,
49.34,1,-1.48761,-2.48896,-0.00867,0.41677,-0.00023,0.14215,0.06936
49.34,2,-2.66984,-2.35550,-0.10541,0.55232,0.10357,0.18973,0.06640
49.36,0,-0.33556,-2.49442,-0.00115,0.49543,0.00000,0.00000,
49.36,1,-1.47879,-2.48904,-0.00855,0.45488,0.01003,0.14324,0.07927
49.36,2,-2.65856,-2.35672,-0.10552,0.57574,-0.06646,0.18717,0.07522
49.38,0,-0.32566,-2.49443,-0.00115,0.49543,0.00000,0.00000,
49.38,1,-1.46910,-2.48912,-0.00827,0.62124,0.01473,0.14345,0.03963
49.38,2,-2.64755,-2.35793,-0.10731,0.48920,-0.13085,0.18574,0.08491
49.4,0,-0.31575,-2.49444,-0.00115,0.49543,0.00000,0.00000,
49.4,1,-1.45741,-2.48920,-0.00792,0.57212,0.01850,0.14168,0.04954
49.4,2,-2.63770,-2.35906,-0.10842,0.50273,-0.00531,0.18744,0.09660
49.42,0,-0.30584,-2.49445,-0.00115,0.49543,0.00000,0.00000,
49.42,1,-1.44635,-2.48928,-0.00767,0.54797,0.00559,0.14052,0.05945
49.42,2,-2.62764,-2.36018,-0.10826,0.50573,0.00348,0.18833,0.10766
49.44,0,-0.29593,-2.49447,-0.00115,0.49543,0.00000,0.00000,
49.44,1,-1.43609,-2.48935,-0.00766,0.41459,-0.00570,0.14017,0.06936
49.44,2,-2.61855,-2.36130,-0.10755,0.38622,-0.00585,0.18937,0.06562
49.46,0,-0.28602,-2.49448,-0.00115,0.49543,0.00000,0.00000,
49.46,1,-1.42667,-2.48942,-0.00763,0.55990,0.00596,0.14066,0.02973
49.46,2,-2.61075,-2.36238,-0.12108,0.40054,-1.52389,0.19088,0.02518
49.48,0,-0.27611,-2.49449,-0.00115,0.49543,0.00000,0.00000,
49.48,1,-1.41599,-2.48950,-0.00749,0.47478,0.01007,0.13989,0.03963
49.48,2,-2.60199,-2.36346,-0.14337,0.45782,-0.87431,0.19268,0.03586
49.5,0,-0.26620,-2.49450,-0.00115,0.49543,0.00000,0.00000,
49.5,1,-1.40569,-2.48957,-0.00734,0.56371,0.00414,0.13949,0.04954
49.5,2,-2.59206,-2.36490,-0.14771,0.52288,0.22416,0.19291,0.04617
49.52,0,-0.25629,-2.49451,-0.00115,0.49543,0.00000,0.00000,
49.52,1,-1.39489,-2.48966,-0.00731,0.49312,0.00096,0.13860,0.05945
49.52,2,-2.58012,-2.36665,-0.14267,0.64483,0.18145,0.19160,0.05697
49.54,0,-0.24639,-2.49452,-0.00115,0.49543,0.00000,0.00000,
49.54,1,-1.38515,-2.48973,-0.00720,0.48184,0.00790,0.13877,0.06936
49.54,2,-2.56771,-2.36852,-0.14044,0.61830,0.06300,0.18876,0.06671
49.56,0,-0.23648,-2.49453,-0.00115,0.49543,0.00000,0.00000,
49.56,1,-1.37563,-2.48980,-0.00704,0.47186,0.00692,0.13916,0.07927
49.56,2,-2.55537,-2.37031,-0.13977,0.62071,0.03347,0.18579,0.07623
49.58,0,-0.22657,-2.49455,-0.00115,0.49543,0.00000,0.00000,
49.58,1,-1.36627,-2.48987,-0.00693,0.46456,0.00498,0.13971,0.08918
49.58,2,-2.54390,-2.37202,-0.13967,0.56399,-0.08451,0.18351,0.03364
49.6,0,-0.21666,-2.49456,-0.00115,0.49543,0.00000,0.00000,
49.6,1,-1.35705,-2.48993,-0.00683,0.45794,0.00501,0.14040,0.09909
49.6,2,-2.53338,-2.37367,-0.13466,0.53332,0.25972,0.18206,0.04286
49.62,0,-0.20675,-2.49457,-0.00115,0.49543,0.00000,0.00000,
49.62,1,-1.34797,-2.49000,-0.00673,0.45110,0.00526,0.14123,0.10900
49.62,2,-2.52325,-2.37484,-0.12900,0.49337,0.25613,0.18091,0.05194
49.64,0,-0.19684,-2.49458,-0.00115,0.49543,0.00000,0.00000,
49.64,1,-1.33902,-2.49006,-0.00663,0.44423,0.00506,0.14219,0.11890
49.64,2,-2.51109,-2.37642,-0.12781,0.68261,-0.03491,0.17756,0.06089
49.66,0,-0.18693,-2.49459,-0.00115,0.49543,0.00000,0.00000,
49.66,1,-1.33021,-2.49012,-0.00653,0.43753,0.00479,0.14329,0.12881
49.66,2,-2.49830,-2.37825,-0.12783,0.46827,0.10294,0.17343,0.02228
49.68,0,-0.17703,-2.49460,-0.00115,0.49543,0.00000,0.00000,
49.68,1,-1.31989,-2.49017,-0.00640,0.67123,0.00937,0.14288,0.08918
49.68,2,-2.49252,-2.38000,-0.12398,0.26331,0.16838,0.17779,0.03260
49.7,0,-0.16712,-2.49461,-0.00115,0.49543,0.00000,0.00000,
49.7,1,-1.30649,-2.49024,-0.00635,0.59026,-0.01370,0.13938,0.09909
49.7,2,-2.48814,-2.38175,-0.12141,0.15552,0.04659,0.18662,0.04601
49.72,0,-0.15721,-2.49463,-0.00115,0.49543,0.00000,0.00000,
49.72,1,-1.29459,-2.49029,-0.00535,0.59358,0.18659,0.13739,0.00991
49.72,2,-2.48573,-2.38346,-0.12076,0.08753,0.03463,0.19592,0.05790
49.74,0,-0.14730,-2.49464,-0.00115,0.49543,0.00000,0.00000,
49.74,1,-1.28415,-2.49019,-0.00379,0.39284,-0.02451,0.13685,0.01982
49.74,2,-2.48438,-2.38473,-0.11997,0.13677,0.04740,0.20486,0.06835
49.76,0,-0.13739,-2.49465,-0.00115,0.49543,0.00000,0.00000,
49.76,1,-1.27628,-2.49011,-0.00432,0.39607,-0.03931,0.13890,0.02973
49.76,2,-2.47889,-2.38554,-0.11625,0.35498,0.27715,0.20715,0.02443
49.78,0,-0.12748,-2.49466,-0.00115,0.49543,0.00000,0.00000,
49.78,1,-1.26809,-2.49013,-0.00498,0.39806,-0.01425,0.14062,0.03963
49.78,2,-2.47184,-2.38634,-0.11072,0.35498,0.27614,0.20821,0.03262
49.8,0,-0.11757,-2.49467,-0.00115,0.49543,0.00000,0.00000,
49.8,1,-1.25837,-2.49017,-0.00487,0.55017,0.01384,0.14081,0.04954
49.8,2,-2.46478,-2.38714,-0.10521,0.35497,0.27513,0.21080,0.04234
49.82,0,-0.10766,-2.49468,-0.00115,0.49543,0.00000,0.00000,
49.82,1,-1.24715,-2.49021,-0.00468,0.54952,0.00410,0.13949,0.05945
49.82,2,-2.45768,-2.38783,-0.09927,0.36651,0.39854,0.21485,0.05356
49.84,0,-0.09776,-2.49469,-0.00115,0.49543,0.00000,0.00000,
49.84,1,-1.23682,-2.49025,-0.00469,0.49160,-0.00183,0.13907,0.06936
49.84,2,-2.45020,-2.38795,-0.08574,0.40687,0.57558,0.21768,0.06389
49.86,0,-0.08785,-2.49471,-0.00115,0.49543,0.00000,0.00000,
49.86,1,-1.22726,-2.49030,-0.00470,0.47326,0.00071,0.13942,0.07927
49.86,2,-2.44046,-2.38836,-0.08263,0.52498,-0.05126,0.21748,0.07345
49.88,0,-0.07794,-2.49472,-0.00115,0.49543,0.00000,0.00000,
49.88,1,-1.21774,-2.49034,-0.00467,0.47893,0.00200,0.13981,0.08918
49.88,2,-2.43038,-2.38879,-0.08260,0.45241,0.21116,0.21689,0.08297
49.9,0,-0.06803,-2.49473,-0.00115,0.49543,0.00000,0.00000,
49.9,1,-1.20816,-2.49039,-0.00463,0.47707,0.00139,0.14014,0.09909
49.9,2,-2.42094,-2.38917,-0.06817,0.50120,1.01406,0.21700,0.09255
49.92,0,-0.05812,-2.49474,-0.00115,0.49543,0.00000,0.00000,
49.92,1,-1.19958,-2.49043,-0.00464,0.40869,-0.00020,0.14147,0.10900
49.92,2,-2.41011,-2.38962,-0.05427,0.58364,0.23051,0.21472,0.10113
49.94,0,-0.04821,-2.49475,-0.00115,0.49543,0.00000,0.00000,
49.94,1,-1.18813,-2.49047,-0.00458,0.59050,0.00515,0.13992,0.06936
49.94,2,-2.39523,-2.39051,-0.05642,0.85070,-0.22319,0.21123,0.06461
49.96,0,-0.03830,-2.49476,-0.00115,0.49543,0.00000,0.00000,
49.96,1,-1.17807,-2.49051,-0.00440,0.49143,0.00949,0.13977,0.02973
49.96,2,-2.37987,-2.39151,-0.05938,0.74519,-0.10887,0.20587,0.07467
49.98,0,-0.02840,-2.49477,-0.00115,0.49543,0.00000,0.00000,
49.98,1,-1.16831,-2.49056,-0.00431,0.42022,-0.00213,0.13992,0.03963
49.98,2,-2.36572,-2.39237,-0.06114,0.75007,-0.02542,0.20143,0.03533
50.0,0,-0.01849,-2.49479,-0.00115,0.49543,0.00000,0.00000,
50.0,1,-1.15913,-2.49060,-0.00433,0.48511,0.00001,0.14065,0.04954
50.0,2,-2.35115,-2.39323,-0.05593,0.70202,0.38155,0.19599,0.04450
50.02,0,-0.00858,-2.49480,-0.00115,0.49543,0.00000,0.00000,
50.02,1,-1.14949,-2.49064,-0.00430,0.44327,0.00367,0.14092,0.05945
50.02,2,-2.33889,-2.39423,-0.04527,0.56956,0.56053,0.19330,0.05414
50.04,0,0.00133,-2.49481,-0.00115,0.49543,0.00000,0.00000,
50.04,1,-1.13976,-2.49069,-0.00426,0.51272,0.00068,0.14110,0.06936
50.04,2,-2.32833,-2.39481,-0.04131,0.48724,-0.09298,0.19243,0.06387
50.06,0,0.01124,-2.49482,-0.00115,0.49543,0.00000,0.00000,
50.06,1,-1.12946,-2.49073,-0.00425,0.50801,0.00049,0.14070,0.07927
50.06,2,-2.31930,-2.39516,-0.04570,0.43513,-0.23003,0.19368,0.07418
50.08,0,0.02100,-2.49483,-0.00116,0.45846,-0.00037,0.00000,
50.08,1,-1.11964,-2.49077,-0.00424,0.47818,0.00109,0.14064,0.08903
50.08,2,-2.31063,-2.39553,-0.04871,0.40915,-0.10354,0.19479,0.08400
50.1,0,0.03028,-2.49484,-0.00116,0.46932,0.00005,0.00000,
50.1,1,-1.11024,-2.49081,-0.00421,0.46632,0.00110,0.14053,0.09831
50.1,2,-2.30220,-2.39594,-0.04997,0.43089,-0.04832,0.19573,0.09340
50.12,0,0.03974,-2.49485,-0.00116,0.47460,0.00009,0.00000,
50.12,1,-1.10093,-2.49085,-0.00419,0.46512,0.00093,0.14068,0.10777
50.12,2,-2.29357,-2.39637,-0.05112,0.42947,-0.06774,0.19638,0.10271
50.14,0,0.04899,-2.49486,-0.00115,0.46808,0.00011,0.00000,
50.14,1,-1.09251,-2.49089,-0.00420,0.43139,0.00290,0.14151,0.01871
50.14,2,-2.28357,-2.39681,-0.05191,0.60829,0.05182,0.19477,0.01307
50.16,0,0.05892,-2.49488,-0.00115,0.51132,-0.00013,0.00000,
50.16,1,-1.08480,-2.49093,-0.00410,0.39055,0.00461,0.14373,0.02864
50.16,2,-2.27203,-2.39724,-0.05025,0.57505,0.08478,0.19092,0.02078
50.18,0,0.06916,-2.49489,-0.00116,0.50768,-0.00002,0.00000,
50.18,1,-1.07638,-2.49096,-0.00404,0.42147,0.00223,0.14554,0.03887
50.18,2,-2.26073,-2.39781,-0.04877,0.53293,0.04913,0.18801,0.02920
50.2,0,0.07915,-2.49490,-0.00116,0.49398,0.00003,0.00000,
50.2,1,-1.06684,-2.49100,-0.00402,0.52245,0.00035,0.14599,0.04886
50.2,2,-2.24986,-2.39840,-0.04969,0.51546,-0.11123,0.18664,0.03874
50.22,0,0.08898,-2.49491,-0.00115,0.49124,0.00001,0.00000,
50.22,1,-1.05638,-2.49104,-0.00401,0.50983,0.00099,0.14537,0.05870
50.22,2,-2.23918,-2.39894,-0.05168,0.54200,-0.08200,0.18638,0.04920
50.24,0,0.09884,-2.49492,-0.00115,0.49449,-0.00000,0.00000,
50.24,1,-1.04635,-2.49108,-0.00399,0.49279,0.00102,0.14519,0.06855
50.24,2,-2.22850,-2.39947,-0.05296,0.52507,-0.05435,0.18569,0.05923
50.26,0,0.10875,-2.49493,-0.00115,0.49619,0.00000,0.00000,
50.26,1,-1.03669,-2.49112,-0.00397,0.47653,0.00104,0.14545,0.07847
50.26,2,-2.21825,-2.40000,-0.05402,0.50536,-0.05438,0.18507,0.06889
50.28,0,0.11867,-2.49495,-0.00115,0.49571,0.00000,0.00000,
50.28,1,-1.02731,-2.49116,-0.00395,0.43196,-0.00042,0.14599,0.08839
50.28,2,-2.20765,-2.40054,-0.05451,0.52152,0.02922,0.18381,0.03421
50.3,0,0.12858,-2.49496,-0.00115,0.49508,0.00000,0.00000,
50.3,1,-1.01915,-2.49119,-0.00396,0.41903,0.00096,0.14773,0.09829
50.3,2,-2.19736,-2.40108,-0.05422,0.52803,-0.01882,0.18166,0.04238
50.32,0,0.13848,-2.49497,-0.00115,0.49505,0.00000,0.00000,
50.32,1,-1.00934,-2.49123,-0.00384,0.50817,0.01015,0.14783,0.00990
50.32,2,-2.18630,-2.40167,-0.05529,0.57016,-0.06920,0.18036,0.00508
50.34,0,0.14838,-2.49498,-0.00115,0.49522,0.00000,0.00000,
50.34,1,-0.99979,-2.49127,-0.00366,0.49852,0.00549,0.14818,0.01980
50.34,2,-2.17331,-2.40232,-0.05558,0.67792,-0.00547,0.17688,0.01463
50.36,0,0.15829,-2.49499,-0.00115,0.49528,0.00000,0.00000,
50.36,1,-0.98858,-2.49131,-0.00364,0.59066,-0.00134,0.14687,0.02971
50.36,2,-2.16032,-2.40298,-0.05587,0.62195,-0.03021,0.17507,0.02584
50.38,0,0.16819,-2.49500,-0.00115,0.49524,0.00000,0.00000,
50.38,1,-0.97693,-2.49135,-0.00367,0.56485,-0.00040,0.14513,0.03961
50.38,2,-2.14826,-2.40365,-0.05683,0.59262,-0.05412,0.17460,0.03749
50.4,0,0.17810,-2.49501,-0.00115,0.49522,0.00000,0.00000,
50.4,1,-0.96614,-2.49139,-0.00365,0.52343,0.00116,0.14424,0.04952
50.4,2,-2.13763,-2.40430,-0.05830,0.50896,-0.06665,0.17472,0.04828
50.42,0,0.18800,-2.49503,-0.00115,0.49522,0.00000,0.00000,
50.42,1,-0.95662,-2.49143,-0.00365,0.44667,-0.00034,0.14463,0.05942
50.42,2,-2.12712,-2.40494,-0.05907,0.53754,-0.02445,0.17369,0.05780
50.44,0,0.19790,-2.49504,-0.00115,0.49523,0.00000,0.00000,
50.44,1,-0.94733,-2.49146,-0.00364,0.47711,0.00141,0.14524,0.06933
50.44,2,-2.11638,-2.40559,-0.05959,0.53380,-0.03118,0.17220,0.06709
50.46,0,0.20781,-2.49505,-0.00115,0.49523,0.00000,0.00000,
50.46,1,-0.93774,-2.49150,-0.00361,0.47636,0.00108,0.14555,0.07923
50.46,2,-2.10593,-2.40622,-0.06032,0.51518,-0.03930,0.17130,0.07668
50.48,0,0.21771,-2.49506,-0.00115,0.49523,0.00000,0.00000,
50.48,1,-0.92861,-2.49153,-0.00359,0.45552,0.00095,0.14633,0.08914
50.48,2,-2.09578,-2.40683,-0.06110,0.50402,-0.03727,0.17024,0.08581
50.5,0,0.22762,-2.49507,-0.00115,0.49523,0.00000,0.00000,
50.5,1,-0.91909,-2.49156,-0.00358,0.48576,0.00035,0.14671,0.09904
50.5,2,-2.08578,-2.40744,-0.06180,0.49898,-0.03429,0.16972,0.09533
50.52,0,0.23752,-2.49508,-0.00115,0.49523,0.00000,0.00000,
50.52,1,-0.90903,-2.49160,-0.00353,0.48180,0.00740,0.14656,0.00990
50.52,2,-2.07588,-2.40805,-0.06248,0.49292,-0.03330,0.16983,0.10539
50.54,0,0.24743,-2.49509,-0.00115,0.49523,0.00000,0.00000,
50.54,1,-0.89996,-2.49163,-0.00339,0.46244,0.00428,0.14739,0.01981
50.54,2,-2.06613,-2.40866,-0.06314,0.48500,-0.03255,0.16911,0.11446
50.56,0,0.25733,-2.49511,-0.00115,0.49523,0.00000,0.00000,
50.56,1,-0.88993,-2.49166,-0.00337,0.52956,-0.00085,0.14727,0.02971
50.56,2,-2.05591,-2.40930,-0.06351,0.59172,0.01710,0.16888,0.07111
50.58,0,0.26724,-2.49512,-0.00115,0.49523,0.00000,0.00000,
50.58,1,-0.87915,-2.49170,-0.00339,0.53744,-0.00011,0.14639,0.03962
50.58,2,-2.04404,-2.41009,-0.06287,0.57396,0.01726,0.16775,0.08190
50.6,0,0.27714,-2.49513,-0.00115,0.49523,0.00000,0.00000,
50.6,1,-0.86875,-2.49173,-0.00337,0.52281,0.00095,0.14589,0.04952
50.6,2,-2.03286,-2.41082,-0.06338,0.54026,-0.04548,0.16692,0.09230
50.62,0,0.28705,-2.49514,-0.00115,0.49523,0.00000,0.00000,
50.62,1,-0.85834,-2.49177,-0.00335,0.51598,0.00073,0.14539,0.05943
50.62,2,-2.02405,-2.41148,-0.06519,0.37881,-0.12857,0.16847,0.10270
50.64,0,0.29695,-2.49515,-0.00115,0.49523,0.00000,0.00000,
50.64,1,-0.84816,-2.49180,-0.00334,0.50357,0.00059,0.14512,0.06933
50.64,2,-2.01639,-2.41213,-0.06748,0.39647,-0.07798,0.17094,0.11288
50.66,0,0.30685,-2.49516,-0.00115,0.49523,0.00000,0.00000,
50.66,1,-0.83819,-2.49183,-0.00333,0.49490,0.00061,0.14505,0.07924
50.66,2,-2.00815,-2.41269,-0.06793,0.40604,0.01731,0.17263,0.12285
50.68,0,0.31676,-2.49517,-0.00115,0.49523,0.00000,0.00000,
50.68,1,-0.82852,-2.49187,-0.00332,0.45019,-0.00048,0.14528,0.08914
50.68,2,-1.99871,-2.41338,-0.07508,0.51257,-0.49219,0.17282,0.08572
50.7,0,0.32666,-2.49519,-0.00115,0.49523,0.00000,0.00000,
50.7,1,-0.81943,-2.49190,-0.00331,0.45833,0.00075,0.14610,0.09905
50.7,2,-1.98820,-2.41398,-0.08110,0.53097,-0.15469,0.17137,0.04409
50.72,0,0.33657,-2.49520,-0.00115,0.49523,0.00000,0.00000,
50.72,1,-0.81025,-2.49193,-0.00330,0.45762,0.00084,0.14682,0.10895
50.72,2,-1.97892,-2.41462,-0.07948,0.40088,0.37515,0.17123,0.05328
50.74,0,0.34647,-2.49521,-0.00115,0.49523,0.00000,0.00000,
50.74,1,-0.79740,-2.49196,-0.00325,0.72233,0.00347,0.14388,0.06933
50.74,2,-1.96994,-2.41540,-0.07273,0.50548,0.19522,0.17503,0.06612
50.76,0,0.35638,-2.49522,-0.00115,0.49523,0.00000,0.00000,
50.76,1,-0.78494,-2.49199,-0.00312,0.60856,0.00695,0.14132,0.07924
50.76,2,-1.95895,-2.41623,-0.07238,0.56978,-0.07229,0.17646,0.07858
50.78,0,0.36628,-2.49523,-0.00115,0.49523,0.00000,0.00000,
50.78,1,-0.77214,-2.49203,-0.00303,0.76713,0.00314,0.13843,0.03962
50.78,2,-1.94783,-2.41704,-0.07366,0.54054,-0.03290,0.17808,0.09139
50.8,0,0.37619,-2.49524,-0.00115,0.49523,0.00000,0.00000,
50.8,1,-0.75638,-2.49207,-0.00300,0.72638,-0.00012,0.13257,0.04952
50.8,2,-1.93746,-2.41780,-0.07352,0.50416,0.03894,0.18342,0.05846
50.82,0,0.38609,-2.49525,-0.00115,0.49523,0.00000,0.00000,
50.82,1,-0.74435,-2.49210,-0.00302,0.51692,-0.00133,0.13044,0.05943
50.82,2,-1.92769,-2.41852,-0.07219,0.48759,0.06016,0.18562,0.07049
50.84,0,0.39600,-2.49527,-0.00115,0.49523,0.00000,0.00000,
50.84,1,-0.73211,-2.49213,-0.00303,0.64504,-0.00004,0.12811,0.01981
50.84,2,-1.91783,-2.41923,-0.07160,0.49905,0.00830,0.18796,0.08273
50.86,0,0.40590,-2.49528,-0.00115,0.49523,0.00000,0.00000,
50.86,1,-0.71944,-2.49216,-0.00303,0.60474,0.00020,0.12534,0.02971
50.86,2,-1.90787,-2.41995,-0.07158,0.49728,0.00202,0.19062,0.09540
50.88,0,0.41580,-2.49529,-0.00115,0.49523,0.00000,0.00000,
50.88,1,-0.70886,-2.49220,-0.00303,0.48375,0.00045,0.12467,0.03962
50.88,2,-1.89856,-2.42064,-0.07165,0.45451,0.00435,0.19186,0.10598
50.9,0,0.42571,-2.49530,-0.00115,0.49523,0.00000,0.00000,
50.9,1,-0.69974,-2.49222,-0.00302,0.44646,0.00046,0.12546,0.04952
50.9,2,-1.88945,-2.42131,-0.07131,0.45759,0.02162,0.19182,0.11509
50.92,0,0.43561,-2.49531,-0.00115,0.49523,0.00000,0.00000,
50.92,1,-0.69051,-2.49225,-0.00301,0.47159,0.00073,0.12613,0.05943
50.92,2,-1.87948,-2.42196,-0.07058,0.48832,-0.03683,0.19105,0.05933
50.94,0,0.44552,-2.49532,-0.00115,0.49523,0.00000,0.00000,
50.94,1,-0.68107,-2.49228,-0.00299,0.46855,0.00043,0.12659,0.06933
50.94,2,-1.86974,-2.42262,-0.07131,0.48832,-0.03652,0.19071,0.06877
50.96,0,0.45542,-2.49533,-0.00115,0.49523,0.00000,0.00000,
50.96,1,-0.67195,-2.49231,-0.00299,0.44219,0.00061,0.12738,0.07924
50.96,2,-1.86275,-2.42329,-0.07142,0.20333,0.03355,0.19280,0.02324
50.98,0,0.46533,-2.49535,-0.00115,0.49523,0.00000,0.00000,
50.98,1,-0.66290,-2.49234,-0.00298,0.45943,0.00027,0.12823,0.08914
50.98,2,-1.85974,-2.42369,-0.07133,0.10758,-0.03592,0.19881,0.03229
51.0,0,0.47523,-2.49536,-0.00115,0.49523,0.00000,0.00000,
51.0,1,-0.65372,-2.49236,-0.00297,0.45516,0.00033,0.12896,0.09905
51.0,2,-1.85856,-2.42408,-0.07267,0.03913,-0.08057,0.20677,0.04147
51.02,0,0.48514,-2.49537,-0.00115,0.49523,0.00000,0.00000,
51.02,1,-0.64403,-2.49239,-0.00296,0.61574,0.00177,0.12917,0.05943
51.02,2,-1.85773,-2.42451,-0.07725,0.08895,-0.47714,0.21559,0.05116
51.04,0,0.49504,-2.49538,-0.00115,0.49523,0.00000,0.00000,
51.04,1,-0.63168,-2.49242,-0.00288,0.61770,0.00388,0.12673,0.06933
51.04,2,-1.85323,-2.42499,-0.08344,0.30286,-0.07477,0.22341,0.06351
51.06,0,0.50495,-2.49539,-0.00115,0.49523,0.00000,0.00000,
51.06,1,-0.61974,-2.49244,-0.00281,0.55465,0.00284,0.12469,0.07924
51.06,2,-1.84766,-2.42548,-0.08457,0.27922,-0.05511,0.22974,0.07545
51.08,0,0.51485,-2.49540,-0.00115,0.49523,0.00000,0.00000,
51.08,1,-0.60969,-2.49247,-0.00282,0.37967,-0.00414,0.12455,0.08914
51.08,2,-1.84209,-2.42598,-0.08574,0.28162,-0.08711,0.23419,0.03952
51.1,0,0.52475,-2.49541,-0.00115,0.49523,0.00000,0.00000,
51.1,1,-0.60240,-2.49251,-0.00291,0.36967,-0.01075,0.12716,0.09905
51.1,2,-1.83588,-2.42686,-0.09109,0.39467,-0.24854,0.23522,0.04681
51.12,0,0.53466,-2.49543,-0.00115,0.49523,0.00000,0.00000,
51.12,1,-0.59468,-2.49254,-0.00321,0.40046,-0.01010,0.12935,0.10895
51.12,2,-1.82474,-2.42792,-0.09234,0.64677,0.07425,0.23175,0.05453
51.14,0,0.54456,-2.49544,-0.00115,0.49523,0.00000,0.00000,
51.14,1,-0.58676,-2.49255,-0.00322,0.48296,0.00634,0.13132,0.06933
51.14,2,-1.81194,-2.42905,-0.08991,0.61045,0.12559,0.22683,0.06245
51.16,0,0.55447,-2.49545,-0.00115,0.49523,0.00000,0.00000,
51.16,1,-0.57410,-2.49256,-0.00300,0.62617,0.01207,0.12857,0.07924
51.16,2,-1.80083,-2.43000,-0.08804,0.52285,0.06905,0.22833,0.07511
51.18,0,0.56437,-2.49546,-0.00115,0.49523,0.00000,0.00000,
51.18,1,-0.56210,-2.49257,-0.00275,0.57934,0.01366,0.12647,0.08914
51.18,2,-1.79065,-2.43088,-0.08686,0.51089,0.05795,0.23011,0.08712
51.2,0,0.57428,-2.49547,-0.00115,0.49523,0.00000,0.00000,
51.2,1,-0.55102,-2.49261,-0.00258,0.52390,0.00384,0.12530,0.09905
51.2,2,-1.78030,-2.43178,-0.08558,0.52607,0.06874,0.23078,0.09819
51.22,0,0.58418,-2.49548,-0.00115,0.49523,0.00000,0.00000,
51.22,1,-0.54329,-2.49264,-0.00260,0.35068,-0.00090,0.12747,0.10895
51.22,2,-1.77034,-2.43266,-0.08447,0.49007,0.05949,0.22852,0.00343
51.24,0,0.59409,-2.49549,-0.00115,0.49523,0.00000,0.00000,
51.24,1,-0.53592,-2.49267,-0.00307,0.37775,-0.00667,0.13001,0.11885
51.24,2,-1.75802,-2.43367,-0.08194,0.65114,0.13259,0.22353,0.01079
51.26,0,0.60399,-2.49551,-0.00115,0.49523,0.00000,0.00000,
51.26,1,-0.52843,-2.49270,-0.00282,0.34862,0.01835,0.13243,0.12876
51.26,2,-1.74665,-2.43466,-0.07940,0.54179,0.09317,0.21960,0.01828
51.28,0,0.61390,-2.49552,-0.00115,0.49523,0.00000,0.00000,
51.28,1,-0.52030,-2.49272,-0.00264,0.45167,0.00066,0.13420,0.13866
51.28,2,-1.73582,-2.43556,-0.07838,0.54156,0.03703,0.21686,0.02641
51.3,0,0.62380,-2.49553,-0.00115,0.49523,0.00000,0.00000,
51.3,1,-0.51071,-2.49275,-0.00270,0.57809,-0.00329,0.13452,0.09905
51.3,2,-1.72694,-2.43642,-0.07875,0.42818,-0.04143,0.21753,0.03600
51.32,0,0.63370,-2.49554,-0.00115,0.49523,0.00000,0.00000,
51.32,1,-0.49770,-2.49277,-0.00270,0.60314,0.00267,0.13141,0.10895
51.32,2,-1.71813,-2.43719,-0.07890,0.45292,0.03826,0.22170,0.04901
51.34,0,0.64361,-2.49555,-0.00115,0.49523,0.00000,0.00000,
51.34,1,-0.48469,-2.49280,-0.00264,0.83842,0.00269,0.12831,0.01981
51.34,2,-1.70902,-2.43789,-0.07744,0.45608,0.08502,0.22555,0.06202
51.36,0,0.65351,-2.49556,-0.00115,0.49523,0.00000,0.00000,
51.36,1,-0.46871,-2.49283,-0.00253,0.74850,0.00664,0.12223,0.02971
51.36,2,-1.70036,-2.43855,-0.07568,0.44149,0.07544,0.23284,0.07800
51.38,0,0.66342,-2.49557,-0.00115,0.49523,0.00000,0.00000,
51.38,1,-0.45517,-2.49286,-0.00247,0.60921,0.00054,0.11859,0.03962
51.38,2,-1.68903,-2.43928,-0.07192,0.60212,0.33113,0.23502,0.04882
51.4,0,0.67332,-2.49559,-0.00115,0.49523,0.00000,0.00000,
51.4,1,-0.44641,-2.49289,-0.00253,0.34056,-0.00527,0.11974,0.04952
51.4,2,-1.67781,-2.44011,-0.06753,0.60060,-0.06348,0.23253,0.05758
51.42,0,0.68323,-2.49560,-0.00115,0.49523,0.00000,0.00000,
51.42,1,-0.43960,-2.49292,-0.00264,0.34056,-0.00526,0.12283,0.05943
51.42,2,-1.66402,-2.44106,-0.07035,0.75772,-0.09689,0.22551,0.06439
51.44,0,0.69313,-2.49561,-0.00115,0.49523,0.00000,0.00000,
51.44,1,-0.43229,-2.49295,-0.00269,0.39919,-0.00025,0.12543,0.06933
51.44,2,-1.64858,-2.44213,-0.06992,0.82272,0.07368,0.21735,0.07170
51.46,0,0.70304,-2.49562,-0.00115,0.49523,0.00000,0.00000,
51.46,1,-0.42405,-2.49298,-0.00265,0.40952,0.00325,0.12709,0.07924
51.46,2,-1.63192,-2.44330,-0.06821,0.80649,0.09870,0.20890,0.07995
51.48,0,0.71294,-2.49563,-0.00115,0.49523,0.00000,0.00000,
51.48,1,-0.41464,-2.49300,-0.00262,0.49984,0.00033,0.12759,0.08914
51.48,2,-1.61921,-2.44444,-0.06237,0.56023,0.46170,0.20554,0.02836
51.5,0,0.72285,-2.49564,-0.00115,0.49523,0.00000,0.00000,
51.5,1,-0.40480,-2.49303,-0.00262,0.47596,-0.00012,0.12764,0.09905
51.5,2,-1.61212,-2.44559,-0.05511,0.28397,0.32265,0.20826,0.03821
51.52,0,0.73275,-2.49565,-0.00115,0.49523,0.00000,0.00000,
51.52,1,-0.39458,-2.49306,-0.00261,0.65010,0.00189,0.12733,0.05943
51.52,2,-1.60650,-2.44674,-0.04872,0.28370,0.32205,0.21280,0.04843
51.54,0,0.74265,-2.49567,-0.00115,0.49523,0.00000,0.00000,
51.54,1,-0.38149,-2.49308,-0.00254,0.64327,0.00405,0.12414,0.06933
51.54,2,-1.60127,-2.44721,-0.04116,0.19800,0.51200,0.22064,0.06152
51.56,0,0.75256,-2.49568,-0.00115,0.49523,0.00000,0.00000,
51.56,1,-0.36957,-2.49310,-0.00245,0.57050,0.00229,0.12213,0.07924
51.56,2,-1.59648,-2.44728,-0.03322,0.24954,0.20184,0.22777,0.07344
51.58,0,0.76246,-2.49569,-0.00115,0.49523,0.00000,0.00000,
51.58,1,-0.36000,-2.49313,-0.00248,0.34629,-0.00419,0.12246,0.08914
51.58,2,-1.59034,-2.44740,-0.03474,0.33487,-0.26090,0.23120,0.08301
51.6,0,0.77237,-2.49570,-0.00115,0.49523,0.00000,0.00000,
51.6,1,-0.35296,-2.49315,-0.00259,0.35524,-0.00517,0.12533,0.09905
51.6,2,-1.58293,-2.44743,-0.03217,0.40210,0.46898,0.23082,0.04722
51.62,0,0.78227,-2.49571,-0.00115,0.49523,0.00000,0.00000,
51.62,1,-0.34237,-2.49317,-0.00261,0.60498,0.00252,0.12464,0.05943
51.62,2,-1.57290,-2.44764,-0.04385,0.56574,-0.83124,0.23137,0.05781
51.64,0,0.79218,-2.49572,-0.00115,0.49523,0.00000,0.00000,
51.64,1,-0.33147,-2.49320,-0.00253,0.53962,0.00419,0.12365,0.06933
51.64,2,-1.56077,-2.44814,-0.05085,0.58265,0.04220,0.23012,0.06871
51.66,0,0.80153,-2.49573,-0.00116,0.46462,-0.00009,0.00000,
51.66,1,-0.32071,-2.49322,-0.00246,0.53130,0.00298,0.12225,0.07869
51.66,2,-1.54899,-2.44870,-0.04723,0.58677,0.18561,0.22908,0.07946
51.68,0,0.81093,-2.49574,-0.00116,0.47348,0.00012,0.00000,
51.68,1,-0.31139,-2.49325,-0.00245,0.39335,-0.00148,0.12232,0.08809
51.68,2,-1.53798,-2.44924,-0.04562,0.47828,-0.00024,0.22738,0.08879
51.7,0,0.82031,-2.49576,-0.00115,0.44064,0.00034,0.00000,
51.7,1,-0.30328,-2.49327,-0.00246,0.41630,0.00042,0.12360,0.09747
51.7,2,-1.52826,-2.44972,-0.04566,0.49573,0.00397,0.22575,0.09690
51.72,0,0.82983,-2.49577,-0.00115,0.50042,-0.00010,0.00000,
51.72,1,-0.29484,-2.49329,-0.00244,0.42284,0.00075,0.12467,0.10699
51.72,2,-1.51823,-2.45018,-0.04538,0.50289,0.01940,0.22416,0.10534
51.74,0,0.84005,-2.49578,-0.00115,0.51254,-0.00007,0.00000,
51.74,1,-0.28669,-2.49331,-0.00242,0.43414,0.00023,0.12674,0.11721
51.74,2,-1.50831,-2.45064,-0.04500,0.48997,0.01686,0.22237,0.11349
51.76,0,0.85009,-2.49579,-0.00115,0.48447,0.00015,0.00000,
51.76,1,-0.27756,-2.49333,-0.00243,0.51946,0.00024,0.12766,0.07773
51.76,2,-1.49851,-2.45107,-0.04471,0.56180,0.01605,0.22168,0.07100
51.78,0,0.86002,-2.49580,-0.00115,0.50571,-0.00002,0.00000,
51.78,1,-0.26470,-2.49336,-0.00238,0.62346,0.00389,0.12473,0.08766
51.78,2,-1.48954,-2.45152,-0.04381,0.40479,0.00287,0.22555,0.03437
51.8,0,0.87024,-2.49581,-0.00115,0.51269,-0.00003,0.00000,
51.8,1,-0.25226,-2.49338,-0.00230,0.61484,0.00335,0.12250,0.09788
51.8,2,-1.48096,-2.45203,-0.04493,0.46963,-0.07292,0.22940,0.04682
51.82,0,0.88046,-2.49583,-0.00115,0.50838,0.00001,0.00000,
51.82,1,-0.24115,-2.49340,-0.00228,0.50015,-0.00045,0.12161,0.10809
51.82,2,-1.47063,-2.45250,-0.04538,0.54226,0.01752,0.23015,0.05792
51.84,0,0.89058,-2.49584,-0.00115,0.50513,0.00001,0.00000,
51.84,1,-0.23380,-2.49342,-0.00232,0.34332,-0.00153,0.12438,0.07027
51.84,2,-1.45986,-2.45298,-0.04465,0.52708,0.04028,0.22673,0.06527
51.86,0,0.90031,-2.49585,-0.00116,0.46959,-0.00024,0.00000,
51.86,1,-0.22670,-2.49346,-0.00249,0.36407,-0.01386,0.12701,0.07999
51.86,2,-1.44723,-2.45344,-0.04283,0.67128,0.12596,0.22118,0.01969
51.88,0,0.90984,-2.49586,-0.00116,0.48184,0.00011,0.00000,
51.88,1,-0.21870,-2.49347,-0.00210,0.38445,0.07285,0.12854,0.03960
51.88,2,-1.43381,-2.45389,-0.04030,0.67129,0.12608,0.21575,0.02770
51.9,0,0.91953,-2.49587,-0.00116,0.48482,0.00006,0.00000,
51.9,1,-0.20979,-2.49348,-0.00092,0.50339,0.02762,0.12932,0.04928
51.9,2,-1.42111,-2.45441,-0.03944,0.67860,-0.03025,0.21195,0.03660
51.92,0,0.92919,-2.49588,-0.00116,0.48183,-0.00002,0.00000,
51.92,1,-0.19831,-2.49349,-0.00031,0.60676,0.09737,0.12750,0.00967
51.92,2,-1.40881,-2.45497,-0.04095,0.59356,-0.10992,0.21111,0.04809
51.94,0,0.93881,-2.49589,-0.00116,0.48002,-0.00001,0.00000,
51.94,1,-0.18646,-2.49356,0.00170,0.57031,0.07950,0.12527,0.01928
51.94,2,-1.39693,-2.45549,-0.04262,0.59568,-0.03294,0.21106,0.05993
51.96,0,0.94835,-2.49590,-0.00115,0.49185,-0.00001,0.00000,
51.96,1,-0.17538,-2.49356,0.00205,0.54149,-0.02355,0.12373,0.02882
51.96,2,-1.38496,-2.45600,-0.04204,0.71377,0.05917,0.21017,0.02902
51.98,0,0.95836,-2.49592,-0.00116,0.50287,-0.00003,0.00000,
51.98,1,-0.16626,-2.49353,0.00140,0.43188,-0.02722,0.12462,0.03883
51.98,2,-1.36920,-2.45651,-0.04039,0.76646,0.09522,0.20351,0.03814
52.0,0,0.96830,-2.49593,-0.00115,0.50744,-0.00001,0.00000,
52.0,1,-0.15717,-2.49351,0.00113,0.46895,-0.00441,0.12547,0.04877
52.0,2,-1.35425,-2.45698,-0.03859,0.73024,0.05323,0.19763,0.04723
52.02,0,0.97853,-2.49594,-0.00115,0.51259,-0.00003,0.00000,
52.02,1,-0.14775,-2.49350,0.00109,0.46732,-0.00317,0.12629,0.05901
52.02,2,-1.34036,-2.45747,-0.03857,0.62052,-0.03447,0.19315,0.05665
52.04,0,0.98872,-2.49595,-0.00116,0.50643,0.00001,0.00000,
52.04,1,-0.13886,-2.49348,0.00097,0.46568,-0.00751,0.12759,0.06919
52.04,2,-1.32955,-2.45800,-0.03953,0.54623,-0.06939,0.19122,0.06554
52.06,0,0.99881,-2.49596,-0.00115,0.50320,0.00001,0.00000,
52.06,1,-0.12912,-2.49347,0.00082,0.49349,-0.00726,0.12793,0.07928
52.06,2,-1.31832,-2.45851,-0.04071,0.57412,-0.02329,0.18971,0.07528
52.08,0,1.00888,-2.49597,-0.00115,0.50410,0.00000,0.00000,
52.08,1,-0.11948,-2.49347,0.00068,0.46933,-0.00624,0.12836,0.08935
52.08,2,-1.30684,-2.45897,-0.04034,0.55168,0.04682,0.18786,0.08492
52.1,0,1.01867,-2.49599,-0.00116,0.46849,-0.00029,0.00000,
52.1,1,-0.11035,-2.49346,0.00056,0.44910,-0.00603,0.12902,0.09914
52.1,2,-1.29560,-2.45942,-0.03955,0.58524,0.02376,0.18574,0.09405
52.12,0,1.02817,-2.49600,-0.00116,0.47996,0.00010,0.00000,
52.12,1,-0.10249,-2.49345,0.00042,0.33892,-0.00811,0.13066,0.05987
52.12,2,-1.28378,-2.45988,-0.03929,0.58820,0.00968,0.18177,0.10192
52.14,0,1.03782,-2.49601,-0.00116,0.48334,0.00008,0.00000,
52.14,1,-0.09663,-2.49345,0.00026,0.19902,-0.00773,0.13445,0.06953
52.14,2,-1.27463,-2.46028,-0.03869,0.35749,0.02524,0.17847,0.05582
52.16,0,1.04746,-2.49602,-0.00116,0.48068,-0.00001,0.00000,
52.16,1,-0.09162,-2.49345,0.00013,0.32774,-0.00579,0.13908,0.07917
52.16,2,-1.26918,-2.46061,-0.03893,0.25772,-0.01916,0.17802,0.06083
52.18,0,1.05690,-2.49603,-0.00115,0.45422,0.00024,0.00000,
52.18,1,-0.08526,-2.49345,0.00002,0.29615,-0.00552,0.14216,0.08861
52.18,2,-1.26345,-2.46102,-0.04046,0.36973,-0.11836,0.17864,0.02070
52.2,0,1.06667,-2.49604,-0.00115,0.51065,-0.00008,0.00000,
52.2,1,-0.07926,-2.49345,-0.00009,0.31645,-0.00506,0.14593,0.09837
52.2,2,-1.25470,-2.46142,-0.04114,0.44612,0.04156,0.17587,0.02669
52.22,0,1.07705,-2.49605,-0.00116,0.51900,-0.00005,0.00000,
52.22,1,-0.07143,-2.49345,-0.00017,0.45204,-0.00401,0.14848,0.10875
52.22,2,-1.24519,-2.46183,-0.03846,0.47776,0.13723,0.17418,0.03452
52.24,0,1.08727,-2.49607,-0.00116,0.50478,0.00002,0.00000,
52.24,1,-0.06176,-2.49345,-0.00026,0.48906,-0.00444,0.14904,0.11898
52.24,2,-1.23544,-2.46240,-0.03741,0.49910,-0.00514,0.17408,0.04419
52.26,0,1.09728,-2.49608,-0.00116,0.49837,0.00002,0.00000,
52.26,1,-0.05261,-2.49345,-0.00035,0.44377,-0.00467,0.14989,0.12898
52.26,2,-1.22583,-2.46278,-0.03787,0.47542,-0.01375,0.17362,0.05335
52.28,0,1.10726,-2.49609,-0.00116,0.50075,0.00000,0.00000,
52.28,1,-0.04356,-2.49346,-0.00044,0.45695,-0.00437,0.15083,0.13897
52.28,2,-1.21629,-2.46310,-0.03766,0.47539,0.02502,0.17313,0.06240
52.3,0,1.11731,-2.49610,-0.00116,0.50329,0.00000,0.00000,
52.3,1,-0.03385,-2.49346,-0.00052,0.54265,-0.00327,0.15116,0.09864
52.3,2,-1.20692,-2.46343,-0.03710,0.46322,0.02662,0.17346,0.07211
52.32,0,1.12723,-2.49611,-0.00116,0.46510,-0.00037,0.00000,
52.32,1,-0.02300,-2.49347,-0.00058,0.51359,-0.00344,0.15023,0.10856
52.32,2,-1.19778,-2.46376,-0.03666,0.45348,0.01902,0.17515,0.08296
52.34,0,1.13664,-2.49612,-0.00116,0.47552,0.00005,0.00000,
52.34,1,-0.01376,-2.49347,-0.00066,0.42812,-0.00395,0.15040,0.11797
52.34,2,-1.18878,-2.46409,-0.03630,0.44769,0.01820,0.17539,0.09220
52.36,0,1.14622,-2.49613,-0.00116,0.48087,0.00010,0.00000,
52.36,1,-0.00528,-2.49348,-0.00074,0.49838,-0.00364,0.15150,0.07955
52.36,2,-1.17989,-2.46441,-0.03592,0.44193,0.01912,0.17497,0.07042
52.38,0,1.15583,-2.49615,-0.00116,0.47908,-0.00000,0.00000,
52.38,1,0.00166,-2.49348,-0.00081,0.25407,-0.00425,0.15417,0.08916
52.38,2,-1.17199,-2.46470,-0.03534,0.38034,0.03009,0.17400,0.07736
52.4,0,1.16527,-2.49616,-0.00115,0.47969,0.00001,0.00000,
52.4,1,0.00654,-2.49349,-0.00090,0.21186,-0.00436,0.15873,0.09860
52.4,2,-1.16491,-2.46497,-0.03505,0.36475,0.01393,0.17179,0.08224
52.42,0,1.17500,-2.49617,-0.00115,0.49444,0.00003,0.00000,
52.42,1,0.01245,-2.49349,-0.00096,0.32409,-0.00234,0.16256,0.10834
52.42,2,-1.15648,-2.46525,-0.03459,0.48400,0.05839,0.16927,0.04076
52.44,0,1.18519,-2.49618,-0.00116,0.51547,-0.00005,0.00000,
52.44,1,0.01963,-2.49350,-0.00101,0.36934,-0.00220,0.16556,0.11852
52.44,2,-1.14821,-2.46553,-0.03287,0.37908,0.09661,0.16818,0.04795
52.46,0,1.19544,-2.49619,-0.00116,0.50801,-0.00000,0.00000,
52.46,1,0.02866,-2.49351,-0.00104,0.56791,-0.00003,0.16679,0.07813
52.46,2,-1.14121,-2.46570,-0.02956,0.37422,0.29339,0.17019,0.05697
52.48,0,1.20550,-2.49620,-0.00116,0.49976,0.00002,0.00000,
52.48,1,0.04001,-2.49352,-0.00104,0.56509,-0.00032,0.16549,0.08819
52.48,2,-1.13177,-2.46591,-0.02500,0.54926,0.11228,0.17210,0.06832
52.5,0,1.21548,-2.49621,-0.00116,0.49964,0.00001,0.00000,
52.5,1,0.05090,-2.49352,-0.00107,0.52489,-0.00303,0.16459,0.09817
52.5,2,-1.12031,-2.46624,-0.02484,0.60181,-0.04381,0.17153,0.07921
52.52,0,1.22550,-2.49623,-0.00116,0.50202,0.00000,0.00000,
52.52,1,0.06038,-2.49353,-0.00115,0.42941,-0.00369,0.16512,0.10819
52.52,2,-1.10824,-2.46656,-0.02564,0.59110,-0.02285,0.16893,0.08870
52.54,0,1.23555,-2.49624,-0.00115,0.50272,0.00000,0.00000,
52.54,1,0.06958,-2.49354,-0.00120,0.44634,-0.00120,0.16597,0.02007
52.54,2,-1.09833,-2.46686,-0.02543,0.36101,0.05050,0.16822,0.06041
52.56,0,1.24560,-2.49625,-0.00115,0.50221,0.00001,0.00000,
52.56,1,0.07825,-2.49355,-0.00122,0.45485,-0.00151,0.16735,0.03012
52.56,2,-1.09391,-2.46711,-0.02481,0.12272,0.00724,0.17246,0.06908
52.58,0,1.25534,-2.49626,-0.00116,0.46556,-0.00028,0.00000,
52.58,1,0.08827,-2.49357,-0.00126,0.53090,-0.00259,0.16707,0.03986
52.58,2,-1.09248,-2.46736,-0.02491,0.05323,-0.00939,0.18105,0.07910
52.6,0,1.26478,-2.49627,-0.00116,0.47688,0.00010,0.00000,
52.6,1,0.09853,-2.49358,-0.00131,0.53558,-0.00233,0.16626,0.04930
52.6,2,-1.09143,-2.46761,-0.02534,0.18476,-0.04265,0.19024,0.04249
52.62,0,1.27437,-2.49628,-0.00116,0.48059,0.00008,0.00000,
52.62,1,0.11001,-2.49359,-0.00136,0.58724,-0.00230,0.16436,0.05889
52.62,2,-1.08650,-2.46782,-0.02057,0.22738,0.36271,0.19679,0.05398
52.64,0,1.28396,-2.49629,-0.00116,0.47808,-0.00001,0.00000,
52.64,1,0.12143,-2.49361,-0.00140,0.55179,-0.00207,0.16254,0.06848
52.64,2,-1.08248,-2.46802,-0.01322,0.19575,0.36964,0.20418,0.01727
52.66,0,1.29333,-2.49631,-0.00115,0.49037,-0.00001,0.00000,
52.66,1,0.13126,-2.49362,-0.00145,0.45443,-0.00253,0.16207,0.07785
52.66,2,-1.07800,-2.46820,0.00526,0.41698,1.54911,0.20953,0.02710
52.68,0,1.30353,-2.49632,-0.00116,0.51838,-0.00008,0.00000,
52.68,1,0.14194,-2.49364,-0.00148,0.63902,-0.00089,0.16159,0.03876
52.68,2,-1.06994,-2.46836,0.01802,0.37817,0.19723,0.21215,0.03779
52.7,0,1.31382,-2.49633,-0.00116,0.50820,0.00001,0.00000,
52.7,1,0.15399,-2.49366,-0.00149,0.54117,0.00010,0.15983,0.04904
52.7,2,-1.06181,-2.46859,0.01700,0.46028,-0.36361,0.21605,0.04983
52.72,0,1.32384,-2.49634,-0.00116,0.49715,0.00003,0.00000,
52.72,1,0.16485,-2.49368,-0.00150,0.54570,-0.00110,0.15900,0.05906
52.72,2,-1.05096,-2.46855,0.00980,0.60332,-0.25051,0.21607,0.06069
52.74,0,1.33377,-2.49635,-0.00115,0.49706,0.00001,0.00000,
52.74,1,0.17384,-2.49369,-0.00156,0.40583,-0.00352,0.15994,0.06899
52.74,2,-1.03785,-2.46840,0.00795,0.68089,-0.00855,0.21195,0.06968
52.76,0,1.34375,-2.49636,-0.00115,0.50026,0.00000,0.00000,
52.76,1,0.18209,-2.49371,-0.00161,0.42545,-0.00211,0.16167,0.07897
52.76,2,-1.02450,-2.46827,0.00780,0.65963,-0.02889,0.20685,0.07793
52.78,0,1.35377,-2.49638,-0.00115,0.50118,0.00001,0.00000,
52.78,1,0.19067,-2.49372,-0.00164,0.41801,-0.00054,0.16310,0.08899
52.78,2,-1.01156,-2.46817,0.00661,0.63412,-0.07512,0.20250,0.08651
52.8,0,1.36378,-2.49639,-0.00115,0.50049,0.00001,0.00000,
52.8,1,0.20005,-2.49374,-0.00166,0.49600,-0.00159,0.16374,0.09901
52.8,2,-0.99934,-2.46809,0.00516,0.56090,-0.06198,0.19966,0.04064
52.82,0,1.37379,-2.49640,-0.00115,0.50004,0.00001,0.00000,
52.82,1,0.20983,-2.49376,-0.00169,0.47096,-0.00155,0.16396,0.10901
52.82,2,-0.98672,-2.46802,0.00405,0.63757,-0.05476,0.19682,0.05042
52.84,0,1.38379,-2.49641,-0.00115,0.50011,0.00000,0.00000,
52.84,1,0.21878,-2.49377,-0.00170,0.38369,0.00057,0.16501,0.06997
52.84,2,-0.97489,-2.46797,0.00302,0.56651,-0.05115,0.19395,0.05938
52.86,0,1.39317,-2.49642,-0.00116,0.47013,-0.00004,0.00000,
52.86,1,0.22807,-2.49379,-0.00168,0.63036,0.00200,0.16510,0.02939
52.86,2,-0.96266,-2.46794,0.00200,0.63508,-0.05116,0.19101,0.06867
52.88,0,1.40268,-2.49643,-0.00116,0.47844,0.00012,0.00000,
52.88,1,0.24191,-2.49381,-0.00166,0.64056,0.00043,0.16077,0.03889
52.88,2,-0.95007,-2.46792,0.00114,0.62313,-0.04086,0.19227,0.03688
52.9,0,1.41225,-2.49644,-0.00116,0.47796,0.00002,0.00000,
52.9,1,0.25397,-2.49383,-0.00168,0.59918,-0.00199,0.15829,0.04847
52.9,2,-0.93805,-2.46790,0.00023,0.57944,-0.04936,0.19230,0.04894
52.92,0,1.42156,-2.49645,-0.00115,0.47740,0.00006,0.00000,
52.92,1,0.26485,-2.49385,-0.00173,0.42050,-0.00444,0.15672,0.05778
52.92,2,-0.92686,-2.46790,-0.00077,0.54856,-0.04873,0.19199,0.05982
52.94,0,1.43162,-2.49647,-0.00115,0.51572,-0.00010,0.00000,
52.94,1,0.27327,-2.49387,-0.00182,0.42399,-0.00392,0.15836,0.06784
52.94,2,-0.91656,-2.46791,-0.00172,0.51303,-0.04607,0.19011,0.01337
52.96,0,1.44192,-2.49648,-0.00116,0.50990,-0.00001,0.00000,
52.96,1,0.28219,-2.49389,-0.00186,0.46447,-0.00055,0.15973,0.07813
52.96,2,-0.90313,-2.46793,-0.00269,0.70934,-0.04786,0.18560,0.02229
52.98,0,1.45196,-2.49649,-0.00116,0.49704,0.00003,0.00000,
52.98,1,0.29136,-2.49391,-0.00185,0.49346,-0.00022,0.16060,0.08817
52.98,2,-0.89070,-2.46796,-0.00358,0.61209,-0.04252,0.18235,0.03147
53.0,0,1.46186,-2.49650,-0.00115,0.49517,0.00001,0.00000,
53.0,1,0.30171,-2.49393,-0.00187,0.52088,-0.00126,0.16015,0.09808
53.0,2,-0.87799,-2.46800,-0.00435,0.65513,-0.03630,0.17998,0.04182
53.02,0,1.47180,-2.49651,-0.00115,0.49841,0.00000,0.00000,
53.02,1,0.31226,-2.49395,-0.00188,0.45756,0.00207,0.15954,0.00994
53.02,2,-0.86546,-2.46806,-0.00512,0.62309,-0.03872,0.17800,0.05236
53.04,0,1.48179,-2.49652,-0.00115,0.49986,0.00000,0.00000,
53.04,1,0.32143,-2.49396,-0.00184,0.46325,0.00171,0.16037,0.01993
53.04,2,-0.85302,-2.46812,-0.00588,0.61770,-0.03765,0.17473,0.06153
53.06,0,1.49178,-2.49654,-0.00115,0.49931,0.00001,0.00000,
53.06,1,0.33142,-2.49398,-0.00183,0.53117,-0.00091,0.16036,0.02992
53.06,2,-0.84085,-2.46819,-0.00661,0.60070,-0.03545,0.17256,0.07153
53.08,0,1.50176,-2.49655,-0.00115,0.49873,0.00001,0.00000,
53.08,1,0.34226,-2.49400,-0.00186,0.54734,-0.00139,0.15950,0.03990
53.08,2,-0.82795,-2.46828,-0.00711,0.66582,-0.02051,0.17050,0.03535
53.1,0,1.51174,-2.49656,-0.00115,0.49874,0.00000,0.00000,
53.1,1,0.35331,-2.49402,-0.00188,0.54887,-0.00094,0.15843,0.04987
53.1,2,-0.81517,-2.46837,-0.00763,0.60914,-0.03124,0.16876,0.04640
53.12,0,1.52171,-2.49657,-0.00115,0.49890,0.00000,0.00000,
53.12,1,0.36403,-2.49404,-0.00190,0.52572,-0.00063,0.15768,0.05985
53.12,2,-0.80357,-2.46846,-0.00831,0.56456,-0.03446,0.16788,0.05712
53.14,0,1.53169,-2.49658,-0.00115,0.49895,0.00000,0.00000,
53.14,1,0.37438,-2.49406,-0.00191,0.51257,-0.00067,0.15731,0.06983
53.14,2,-0.79332,-2.46855,-0.00904,0.49553,-0.03463,0.16797,0.06747
53.16,0,1.54167,-2.49659,-0.00115,0.49891,0.00000,0.00000,
53.16,1,0.38458,-2.49408,-0.00192,0.50840,-0.00071,0.15709,0.07981
53.16,2,-0.78300,-2.46864,-0.00963,0.52789,-0.02696,0.16786,0.07767
53.18,0,1.55115,-2.49660,-0.00116,0.46654,-0.00013,0.00000,
53.18,1,0.39539,-2.49410,-0.00194,0.69131,0.00002,0.15576,0.03941
53.18,2,-0.77282,-2.46875,-0.01013,0.50947,-0.02518,0.16849,0.08848
53.2,0,1.56060,-2.49662,-0.00116,0.47632,0.00012,0.00000,
53.2,1,0.40883,-2.49412,-0.00193,0.60015,0.00169,0.15177,0.04886
53.2,2,-0.76185,-2.46886,-0.01069,0.56661,-0.02875,0.17095,0.10192
53.22,0,1.57015,-2.49663,-0.00115,0.47726,0.00004,0.00000,
53.22,1,0.42045,-2.49414,-0.00124,0.58811,0.03527,0.14970,0.05841
53.22,2,-0.75067,-2.46898,-0.01124,0.54545,-0.02694,0.17139,0.11353
53.24,0,1.57945,-2.49664,-0.00115,0.47665,0.00006,0.00000,
53.24,1,0.43057,-2.49415,-0.00096,0.41763,0.00214,0.14887,0.06771
53.24,2,-0.74012,-2.46910,-0.01176,0.51574,-0.02528,0.17097,0.12366
53.26,0,1.58949,-2.49665,-0.00115,0.51482,-0.00011,0.00000,
53.26,1,0.43896,-2.49417,-0.00093,0.42621,0.00058,0.15053,0.07775
53.26,2,-0.72887,-2.46922,-0.01219,0.69993,-0.01131,0.16810,0.08023
53.28,0,1.59976,-2.49666,-0.00115,0.50885,-0.00001,0.00000,
53.28,1,0.44787,-2.49417,-0.00097,0.45887,-0.00360,0.15189,0.08803
53.28,2,-0.71395,-2.46936,-0.01238,0.70237,-0.00850,0.16209,0.08914
53.3,0,1.60978,-2.49667,-0.00115,0.49599,0.00003,0.00000,
53.3,1,0.45679,-2.49417,-0.00105,0.44849,-0.00378,0.15300,0.09805
53.3,2,-0.70143,-2.46954,-0.01236,0.60972,-0.00255,0.15848,0.09806
53.32,0,1.61967,-2.49668,-0.00115,0.49416,0.00001,0.00000,
53.32,1,0.46692,-2.49418,-0.00111,0.60747,-0.00213,0.15275,0.05907
53.32,2,-0.69096,-2.46969,-0.01282,0.38319,-0.04156,0.15814,0.10819
53.34,0,1.62959,-2.49670,-0.00115,0.49742,0.00000,0.00000,
53.34,1,0.47947,-2.49419,-0.00114,0.61826,-0.00171,0.15012,0.06898
53.34,2,-0.68330,-2.46983,-0.01364,0.38319,-0.04148,0.16302,0.12074
53.36,0,1.63955,-2.49671,-0.00115,0.49885,0.00000,0.00000,
53.36,1,0.49134,-2.49421,-0.00118,0.55832,-0.00196,0.14822,0.07895
53.36,2,-0.67520,-2.46997,-0.01421,0.42904,-0.01779,0.16679,0.13260
53.38,0,1.64953,-2.49672,-0.00115,0.49830,0.00001,0.00000,
53.38,1,0.50048,-2.49422,-0.00123,0.37376,-0.00332,0.14905,0.08893
53.38,2,-0.66641,-2.47011,-0.01441,0.52124,-0.00713,0.16713,0.08589
53.4,0,1.65949,-2.49673,-0.00115,0.49772,0.00001,0.00000,
53.4,1,0.50806,-2.49423,-0.00129,0.39208,-0.00245,0.15143,0.09888
53.4,2,-0.65632,-2.47026,-0.01448,0.50674,-0.00711,0.16463,0.09347
53.42,0,1.66944,-2.49674,-0.00115,0.49773,0.00000,0.00000,
53.42,1,0.51626,-2.49424,-0.00133,0.33880,-0.00114,0.15318,0.05966
53.42,2,-0.64595,-2.47041,-0.01476,0.50141,-0.01441,0.16246,0.10167
53.44,0,1.67940,-2.49675,-0.00115,0.49790,0.00000,0.00000,
53.44,1,0.52218,-2.49420,0.00160,0.30620,0.27323,0.15721,0.06961
53.44,2,-0.63507,-2.47057,-0.01511,0.56865,-0.01839,0.15750,0.10760
53.46,0,1.68935,-2.49676,-0.00115,0.49794,0.00000,0.00000,
53.46,1,0.52964,-2.49408,0.00688,0.43500,0.13977,0.15972,0.07957
53.46,2,-0.62369,-2.47075,-0.01545,0.56018,-0.01552,0.15357,0.11505
53.48,0,1.69931,-2.49678,-0.00115,0.49791,0.00000,0.00000,
53.48,1,0.53883,-2.49403,0.00699,0.57259,-0.05638,0.16049,0.03983
53.48,2,-0.61285,-2.47091,-0.01574,0.52944,-0.01413,0.15191,0.12424
53.5,0,1.70927,-2.49679,-0.00115,0.49788,0.00000,0.00000,
53.5,1,0.55247,-2.49398,0.00932,0.63564,0.15748,0.15680,0.04979
53.5,2,-0.60569,-2.47107,-0.01588,0.21611,-0.01251,0.15839,0.09096
53.52,0,1.71923,-2.49680,-0.00115,0.49789,0.00000,0.00000,
53.52,1,0.56515,-2.49405,0.01272,0.62878,0.21639,0.15408,0.05974
53.52,2,-0.60224,-2.47122,-0.01626,0.16837,-0.01979,0.16761,0.00633
53.54,0,1.72919,-2.49681,-0.00115,0.49789,0.00000,0.00000,
53.54,1,0.57715,-2.49417,0.01627,0.56753,0.06750,0.15204,0.06970
53.54,2,-0.59865,-2.47138,-0.01692,0.25326,-0.10903,0.17602,0.01832
53.56,0,1.73914,-2.49682,-0.00115,0.49790,0.00000,0.00000,
53.56,1,0.58617,-2.49401,0.01649,0.44850,-0.03322,0.15298,0.07966
53.56,2,-0.59347,-2.47141,-0.01663,0.28506,0.14089,0.17986,0.02734
53.58,0,1.74854,-2.49683,-0.00116,0.46689,-0.00009,0.00000,
53.58,1,0.59544,-2.49377,0.01526,0.47271,-0.06734,0.15311,0.08906
53.58,2,-0.58785,-2.47137,-0.02169,0.28870,-0.14804,0.18351,0.03662
53.6,0,1.75799,-2.49684,-0.00116,0.47589,0.00012,0.00000,
53.6,1,0.60488,-2.49358,0.01416,0.46755,-0.04247,0.15312,0.09851
53.6,2,-0.58008,-2.47126,-0.01255,0.50733,0.63776,0.18518,0.04606
53.62,0,1.76753,-2.49685,-0.00115,0.47608,0.00003,0.00000,
53.62,1,0.61390,-2.49343,0.01347,0.46602,-0.02973,0.15363,0.10804
53.62,2,-0.56812,-2.47144,-0.00685,0.62648,-0.11788,0.18223,0.05508
53.64,0,1.77684,-2.49687,-0.00115,0.48782,-0.00002,0.00000,
53.64,1,0.62346,-2.49331,0.01286,0.48004,-0.03182,0.15339,0.11736
53.64,2,-0.55577,-2.47163,-0.00834,0.58855,0.39355,0.17943,0.01413
53.66,0,1.78699,-2.49688,-0.00115,0.51545,-0.00010,0.00000,
53.66,1,0.63505,-2.49318,0.01214,0.72453,-0.04164,0.15195,0.07772
53.66,2,-0.54628,-2.47182,0.01105,0.33472,0.99189,0.18152,0.02572
53.68,0,1.79721,-2.49689,-0.00115,0.50497,0.00001,0.00000,
53.68,1,0.64832,-2.49305,0.01113,0.64694,-0.05225,0.14890,0.08794
53.68,2,-0.54007,-2.47161,0.02917,0.31223,0.82744,0.18858,0.03899
53.7,0,1.80717,-2.49690,-0.00115,0.49395,0.00003,0.00000,
53.7,1,0.66088,-2.49292,0.01023,0.58959,-0.03313,0.14630,0.09790
53.7,2,-0.53347,-2.47126,0.03559,0.37171,-0.05367,0.19455,0.05155
53.72,0,1.81704,-2.49691,-0.00115,0.49395,0.00000,0.00000,
53.72,1,0.67076,-2.49282,0.00979,0.36300,-0.01215,0.14628,0.10777
53.72,2,-0.52412,-2.47096,0.03489,0.50166,0.15117,0.19508,0.06144
53.74,0,1.82696,-2.49692,-0.00115,0.49718,-0.00000,0.00000,
53.74,1,0.67782,-2.49272,0.00951,0.35958,-0.00658,0.14915,0.11769
53.74,2,-0.51434,-2.47059,0.03681,0.50040,-0.01263,0.19237,0.06849
53.76,0,1.83691,-2.49694,-0.00115,0.49807,0.00000,0.00000,
53.76,1,0.68543,-2.49262,0.00943,0.39991,-0.01254,0.15149,0.12764
53.76,2,-0.50379,-2.47024,0.03438,0.53693,-0.17115,0.18943,0.07611
53.78,0,1.84687,-2.49695,-0.00115,0.49737,0.00001,0.00000,
53.78,1,0.69329,-2.49256,0.00888,0.43080,-0.03275,0.15359,0.13760
53.78,2,-0.49331,-2.46990,0.03123,0.50961,-0.13286,0.18682,0.08396
53.8,0,1.85681,-2.49696,-0.00115,0.49692,0.00000,0.00000,
53.8,1,0.70258,-2.49249,0.00827,0.47318,-0.02762,0.15424,0.14754
53.8,2,-0.48432,-2.46960,0.02920,0.42515,-0.09158,0.18712,0.09326
53.82,0,1.86675,-2.49697,-0.00115,0.49700,0.00000,0.00000,
53.82,1,0.71375,-2.49240,0.00773,0.59824,-0.02654,0.15301,0.10875
53.82,2,-0.47558,-2.46934,0.02720,0.44573,-0.10620,0.18955,0.10443
53.84,0,1.87669,-2.49698,-0.00115,0.49715,0.00000,0.00000,
53.84,1,0.72520,-2.49231,0.00725,0.52795,-0.02358,0.15150,0.11870
53.84,2,-0.46664,-2.46909,0.02508,0.44447,-0.10365,0.19207,0.11588
53.86,0,1.88663,-2.49699,-0.00115,0.49717,0.00000,0.00000,
53.86,1,0.73465,-2.49225,0.00677,0.43986,-0.02372,0.15199,0.12864
53.86,2,-0.45752,-2.46886,0.02305,0.53755,-0.11660,0.19241,0.06824
53.88,0,1.89658,-2.49700,-0.00115,0.49713,0.00000,0.00000,
53.88,1,0.74177,-2.49219,0.00644,0.29706,0.01593,0.15482,0.13858
53.88,2,-0.44670,-2.46863,0.01979,0.54331,-0.16938,0.18870,0.07535
53.9,0,1.90652,-2.49702,-0.00115,0.49712,0.00000,0.00000,
53.9,1,0.74805,-2.49215,0.00635,0.40373,-0.02496,0.15848,0.09934
53.9,2,-0.43578,-2.46836,0.01705,0.54996,-0.09399,0.18407,0.08163
53.92,0,1.91646,-2.49703,-0.00115,0.49712,0.00000,0.00000,
53.92,1,0.75290,-2.49214,0.00434,0.22134,-0.19758,0.16358,0.10929
53.92,2,-0.42475,-2.46818,0.01575,0.55088,-0.05576,0.17789,0.08648
53.94,0,1.92640,-2.49704,-0.00115,0.49713,0.00000,0.00000,
53.94,1,0.75868,-2.49216,0.00039,0.33053,-0.12927,0.16774,0.11923
53.94,2,-0.41385,-2.46802,0.01444,0.53943,-0.07549,0.17277,0.09226
53.96,0,1.93635,-2.49705,-0.00115,0.49713,0.00000,0.00000,
53.96,1,0.76687,-2.49216,-0.00100,0.46926,-0.12694,0.16949,0.12917
53.96,2,-0.40319,-2.46788,0.01280,0.52861,-0.08365,0.17031,0.01615
53.98,0,1.94629,-2.49706,-0.00115,0.49713,0.00000,0.00000,
53.98,1,0.77618,-2.49221,-0.00445,0.55046,-0.12237,0.17012,0.08948
53.98,2,-0.39757,-2.46773,0.01104,0.15718,-0.08071,0.17401,0.02546
54.0,0,1.95623,-2.49707,-0.00115,0.49713,0.00000,0.00000,
54.0,1,0.78892,-2.49226,-0.00621,0.59041,-0.08991,0.16732,0.04971
54.0,2,-0.39559,-2.46757,0.00955,0.07831,-0.07251,0.18477,0.03820
54.02,0,1.96617,-2.49708,-0.00115,0.49713,0.00000,0.00000,
54.02,1,0.80064,-2.49238,-0.00737,0.57801,-0.01810,0.16555,0.05966
54.02,2,-0.39481,-2.46742,0.00815,-0.01241,-0.06705,0.19571,0.04991
54.04,0,1.97612,-2.49710,-0.00115,0.49713,0.00000,0.00000,
54.04,1,0.81085,-2.49244,-0.00721,0.41205,0.01215,0.16528,0.06960
54.04,2,-0.39448,-2.46724,0.00942,0.09660,0.11437,0.20560,0.06013
54.06,0,1.98606,-2.49711,-0.00115,0.49713,0.00000,0.00000,
54.06,1,0.81919,-2.49250,-0.00696,0.42499,0.01020,0.16688,0.07954
54.06,2,-0.39163,-2.46716,0.00982,0.19538,-0.16899,0.21108,0.06847
54.08,0,1.99533,-2.49712,-0.00116,0.46861,-0.00001,0.00000,
54.08,1,0.82802,-2.49257,-0.00682,0.42579,0.00692,0.16732,0.08881
54.08,2,-0.38772,-2.46708,0.00643,0.19537,-0.16973,0.21601,0.07730
54.1,0,2.00480,-2.49713,-0.00115,0.47585,0.00011,0.00000,
54.1,1,0.83730,-2.49265,-0.00670,0.51381,0.00445,0.16750,0.09828
54.1,2,-0.38367,-2.46669,0.00603,0.20811,0.12891,0.22125,0.08658
54.12,0,2.01421,-2.49714,-0.00115,0.44217,0.00032,0.00000,
54.12,1,0.84862,-2.49272,-0.00660,0.69884,0.00768,0.16559,0.05798
54.12,2,-0.37804,-2.46654,0.00800,0.35011,0.02680,0.22695,0.09790
54.14,0,2.02375,-2.49715,-0.00115,0.50148,-0.00009,0.00000,
54.14,1,0.86263,-2.49279,-0.00632,0.67932,0.01565,0.16113,0.06752
54.14,2,-0.37056,-2.46652,0.00696,0.37064,-0.09065,0.23347,0.11191
54.16,0,2.03400,-2.49716,-0.00115,0.51386,-0.00007,0.00000,
54.16,1,0.87612,-2.49287,-0.00603,0.65495,0.01140,0.15789,0.07776
54.16,2,-0.36357,-2.46652,0.00521,0.40589,-0.07903,0.23996,0.03353
54.18,0,2.04413,-2.49717,-0.00115,0.49992,0.00003,0.00000,
54.18,1,0.88857,-2.49294,-0.00594,0.61159,-0.00041,0.15557,0.03933
54.18,2,-0.35241,-2.46651,0.00291,0.56475,-0.12315,0.24125,0.04598
54.2,0,2.05402,-2.49719,-0.00115,0.49240,0.00002,0.00000,
54.2,1,0.90080,-2.49301,-0.00589,0.58038,0.00465,0.15323,0.04923
54.2,2,-0.34288,-2.46654,-0.00065,0.48399,-0.27626,0.24397,0.05821
54.22,0,2.06389,-2.49720,-0.00115,0.49440,0.00000,0.00000,
54.22,1,0.91129,-2.49307,-0.00578,0.48708,0.00570,0.15260,0.05909
54.22,2,-0.33141,-2.46656,-0.00480,0.63923,-0.10354,0.24299,0.06870
54.24,0,2.07381,-2.49721,-0.00115,0.49715,0.00000,0.00000,
54.24,1,0.92073,-2.49313,-0.00568,0.47014,0.00416,0.15308,0.06901
54.24,2,-0.31809,-2.46660,-0.00512,0.66642,0.01804,0.23910,0.07814
54.26,0,2.08376,-2.49722,-0.00115,0.49733,0.00001,0.00000,
54.26,1,0.93031,-2.49318,-0.00560,0.48539,0.00376,0.15346,0.07896
54.26,2,-0.30532,-2.46665,-0.00513,0.61406,-0.02330,0.23591,0.08772
54.28,0,2.09369,-2.49723,-0.00115,0.49657,0.00000,0.00000,
54.28,1,0.94004,-2.49324,-0.00552,0.48445,0.00399,0.15366,0.08890
54.28,2,-0.28973,-2.46671,-0.00514,0.88068,0.07369,0.23006,0.03376
54.3,0,2.10362,-2.49724,-0.00115,0.49631,0.00000,0.00000,
54.3,1,0.94876,-2.49329,-0.00541,0.34679,0.01123,0.15487,0.04960
54.3,2,-0.27356,-2.46679,-0.00351,0.77727,0.10645,0.22261,0.04248
54.32,0,2.11355,-2.49725,-0.00115,0.49646,0.00000,0.00000,
54.32,1,0.95562,-2.49334,-0.00519,0.30805,0.00929,0.15794,0.05953
54.32,2,-0.25857,-2.46704,-0.00005,0.71309,0.12801,0.21447,0.04934
54.34,0,2.12348,-2.49727,-0.00115,0.49658,0.00000,0.00000,
54.34,1,0.96077,-2.49339,-0.00509,0.31350,0.00524,0.16271,0.06946
54.34,2,-0.24726,-2.46703,0.00127,0.55227,0.04424,0.20832,0.05449
54.36,0,2.13341,-2.49728,-0.00115,0.49657,0.00000,0.00000,
54.36,1,0.96755,-2.49343,-0.00482,0.31372,0.02953,0.16587,0.07939
54.36,2,-0.23606,-2.46695,0.00142,0.56754,-0.03336,0.20390,0.06127
54.38,0,2.14334,-2.49729,-0.00115,0.49653,0.00000,0.00000,
54.38,1,0.97356,-2.49347,-0.00423,0.29981,0.03033,0.16979,0.03972
54.38,2,-0.22465,-2.46695,0.00022,0.56927,-0.06781,0.19850,0.06728
54.4,0,2.15327,-2.49730,-0.00115,0.49652,0.00000,0.00000,
54.4,1,0.98059,-2.49357,-0.00499,0.42981,-0.06632,0.17269,0.04965
54.4,2,-0.21348,-2.46696,-0.00095,0.53870,-0.05034,0.19437,0.07432
54.42,0,2.16320,-2.49731,-0.00115,0.49653,0.00000,0.00000,
54.42,1,0.99089,-2.49362,-0.00578,0.55895,-0.01058,0.17232,0.05958
54.42,2,-0.20263,-2.46698,-0.00186,0.58637,-0.04943,0.19382,0.03867
54.44,0,2.17313,-2.49732,-0.00115,0.49654,0.00000,0.00000,
54.44,1,1.00157,-2.49367,-0.00561,0.54181,0.01437,0.17157,0.06951
54.44,2,-0.18945,-2.46699,-0.00292,0.66215,-0.05306,0.19132,0.04935
54.46,0,2.18306,-2.49733,-0.00115,0.49654,0.00000,0.00000,
54.46,1,1.01303,-2.49372,-0.00539,0.67835,0.00855,0.17004,0.02979
54.46,2,-0.17763,-2.46700,-0.00442,0.56162,-0.07723,0.19095,0.06080
54.48,0,2.19300,-2.49735,-0.00115,0.49653,0.00000,0.00000,
54.48,1,1.02840,-2.49377,-0.00519,0.70901,0.01339,0.16460,0.03972
54.48,2,-0.16912,-2.46703,-0.00583,0.35272,-0.06871,0.19782,0.07618
54.5,0,2.20293,-2.49736,-0.00115,0.49653,0.00000,0.00000,
54.5,1,1.04238,-2.49380,-0.00531,0.67252,-0.03013,0.16055,0.04965
54.5,2,-0.16202,-2.46707,-0.00711,0.36226,-0.05112,0.20470,0.09016
54.52,0,2.21286,-2.49737,-0.00115,0.49653,0.00000,0.00000,
54.52,1,1.05362,-2.49387,-0.00579,0.43813,-0.01921,0.15925,0.05958
54.52,2,-0.15431,-2.46713,-0.00777,0.46970,-0.02441,0.20822,0.00483
54.54,0,2.22279,-2.49738,-0.00115,0.49653,0.00000,0.00000,
54.54,1,1.06245,-2.49399,-0.00634,0.44722,-0.03222,0.16034,0.06951
54.54,2,-0.14185,-2.46719,-0.00825,0.60316,-0.02142,0.20460,0.01367
54.56,0,2.23272,-2.49739,-0.00115,0.49653,0.00000,0.00000,
54.56,1,1.07176,-2.49404,-0.00664,0.47904,0.00199,0.16096,0.07945
54.56,2,-0.13007,-2.46726,-0.00866,0.53678,-0.01677,0.20213,0.02298
54.58,0,2.24265,-2.49740,-0.00115,0.49653,0.00000,0.00000,
54.58,1,1.08131,-2.49408,-0.00642,0.44736,0.01551,0.16134,0.08938
54.58,2,-0.11927,-2.46728,-0.00873,0.55627,0.03942,0.20088,0.03253
54.6,0,2.25258,-2.49741,-0.00115,0.49653,0.00000,0.00000,
54.6,1,1.09079,-2.49413,-0.00618,0.50362,0.00756,0.16180,0.09931
54.6,2,-0.10624,-2.46734,-0.00789,0.73448,0.01848,0.19733,0.04201
54.62,0,2.26251,-2.49743,-0.00115,0.49653,0.00000,0.00000,
54.62,1,1.10176,-2.49419,-0.00607,0.68192,0.00656,0.16076,0.05958
54.62,2,-0.09081,-2.46748,-0.00822,0.76163,-0.03687,0.19287,0.05297
54.64,0,2.27244,-2.49744,-0.00115,0.49653,0.00000,0.00000,
54.64,1,1.11615,-2.49426,-0.00585,0.65846,0.01535,0.15630,0.06951
54.64,2,-0.07631,-2.46762,-0.00904,0.68944,-0.03837,0.19275,0.06737
54.66,0,2.28237,-2.49745,-0.00115,0.49653,0.00000,0.00000,
54.66,1,1.12927,-2.49432,-0.00555,0.64626,0.01283,0.15310,0.07945
54.66,2,-0.06378,-2.46774,-0.00975,0.55530,-0.03643,0.19335,0.08049
54.68,0,2.29223,-2.49746,-0.00115,0.45875,-0.00040,0.00000,
54.68,1,1.13943,-2.49439,-0.00547,0.40580,-0.00032,0.15280,0.08930
54.68,2,-0.05226,-2.46787,-0.01034,0.59579,-0.02562,0.19198,0.09065
54.7,0,2.30151,-2.49747,-0.00116,0.46922,0.00002,0.00000,
54.7,1,1.14765,-2.49444,-0.00553,0.41535,0.00435,0.15386,0.09858
54.7,2,-0.04010,-2.46800,-0.01085,0.60995,-0.02592,0.18805,0.09887
54.72,0,2.31098,-2.49748,-0.00115,0.47550,0.00010,0.00000,
54.72,1,1.15572,-2.49448,-0.00531,0.42262,0.01043,0.15526,0.10805
54.72,2,-0.02810,-2.46813,-0.01138,0.58968,-0.02687,0.18412,0.05982
54.74,0,2.32028,-2.49749,-0.00115,0.45529,0.00022,0.00000,
54.74,1,1.16525,-2.49454,-0.00521,0.50061,0.00264,0.15504,0.11736
54.74,2,-0.02005,-2.46825,-0.01172,0.35073,-0.01442,0.18559,0.06935
54.76,0,2.33004,-2.49750,-0.00115,0.50769,-0.00012,0.00000,
54.76,1,1.17505,-2.49460,-0.00514,0.47249,0.00450,0.15500,0.12711
54.76,2,-0.01323,-2.46835,-0.01221,0.31500,-0.03097,0.18857,0.07915
54.78,0,2.34030,-2.49752,-0.00115,0.51125,-0.00004,0.00000,
54.78,1,1.18522,-2.49465,-0.00502,0.65011,0.00849,0.15508,0.08772
54.78,2,-0.00671,-2.46844,-0.01280,0.35877,-0.02514,0.19223,0.08932
54.8,0,2.35036,-2.49753,-0.00115,0.49687,0.00003,0.00000,
54.8,1,1.19801,-2.49469,-0.00478,0.63170,0.01227,0.15236,0.09778
54.8,2,-0.00141,-2.46853,-0.01302,0.19139,-0.00379,0.19970,0.04626
54.82,0,2.36022,-2.49754,-0.00115,0.49183,0.00002,0.00000,
54.82,1,1.20993,-2.49474,-0.00454,0.57569,0.00771,0.15029,0.10765
54.82,2,0.00407,-2.46861,-0.01322,0.36537,-0.01628,0.20615,0.05819
54.84,0,2.37009,-2.49755,-0.00115,0.49464,-0.00000,0.00000,
54.84,1,1.21969,-2.49478,-0.00452,0.35697,-0.00439,0.15040,0.11751
54.84,2,0.01282,-2.46873,-0.01361,0.43633,-0.01680,0.20716,0.06795
54.86,0,2.38001,-2.49756,-0.00115,0.49689,0.00000,0.00000,
54.86,1,1.22712,-2.49483,-0.00458,0.43142,-0.00206,0.15289,0.07850
54.86,2,0.02234,-2.46886,-0.01392,0.54086,-0.01609,0.20506,0.02302
54.88,0,2.38995,-2.49757,-0.00115,0.49669,0.00000,0.00000,
54.88,1,1.23527,-2.49487,-0.00455,0.31694,0.00515,0.15468,0.03958
54.88,2,0.03073,-2.46905,-0.01781,0.40110,-0.47798,0.20482,0.03117
54.9,0,2.39987,-2.49759,-0.00115,0.49598,0.00000,0.00000,
54.9,1,1.24200,-2.49491,-0.00441,0.39874,0.00681,0.15787,0.04951
54.9,2,0.04100,-2.46930,-0.02606,0.60692,-0.20796,0.20128,0.03790
54.92,0,2.40979,-2.49760,-0.00115,0.49584,0.00000,0.00000,
54.92,1,1.25126,-2.49496,-0.00429,0.50612,0.00536,0.15853,0.05943
54.92,2,0.05376,-2.46959,-0.02573,0.63958,0.11238,0.19777,0.04716
54.94,0,2.41971,-2.49761,-0.00115,0.49601,0.00000,0.00000,
54.94,1,1.26129,-2.49500,-0.00418,0.50732,0.00451,0.15842,0.01984
54.94,2,0.06736,-2.46994,-0.02420,0.69329,0.03183,0.19419,0.05719
54.96,0,2.42963,-2.49762,-0.00115,0.49610,0.00000,0.00000,
54.96,1,1.27536,-2.49505,-0.00403,0.71728,0.01001,0.15427,0.02976
54.96,2,0.08033,-2.47030,-0.02393,0.53521,0.08997,0.19529,0.02909
54.98,0,2.43955,-2.49763,-0.00115,0.49607,0.00000,0.00000,
54.98,1,1.28953,-2.49509,-0.00383,0.66287,0.00918,0.15002,0.03968
54.98,2,0.09073,-2.47065,-0.02217,0.43804,0.06933,0.19905,0.04325
55.0,0,2.44947,-2.49764,-0.00115,0.49604,0.00000,0.00000,
55.0,1,1.30171,-2.49514,-0.00376,0.48035,-0.00251,0.14777,0.04960
55.0,2,0.09770,-2.47099,-0.02115,0.34113,0.06548,0.20425,0.05543
55.02,0,2.45939,-2.49765,-0.00115,0.49604,0.00000,0.00000,
55.02,1,1.31071,-2.49517,-0.00380,0.45235,-0.00113,0.14869,0.05952
55.02,2,0.10512,-2.47096,-0.01717,0.41049,0.21599,0.20583,0.06443
55.04,0,2.46931,-2.49767,-0.00115,0.49605,0.00000,0.00000,
55.04,1,1.31999,-2.49521,-0.00377,0.47506,0.00310,0.14933,0.06944
55.04,2,0.11372,-2.47110,-0.01512,0.48170,0.00591,0.20651,0.07371
55.06,0,2.47924,-2.49768,-0.00115,0.49605,0.00000,0.00000,
55.06,1,1.32960,-2.49525,-0.00369,0.48039,0.00423,0.14964,0.07936
55.06,2,0.12427,-2.47133,-0.01600,0.52379,-0.05106,0.20556,0.08332
55.08,0,2.48916,-2.49769,-0.00115,0.49605,0.00000,0.00000,
55.08,1,1.33885,-2.49528,-0.00361,0.46290,0.00358,0.15030,0.08928
55.08,2,0.13509,-2.47154,-0.01661,0.54195,-0.01172,0.20399,0.09257
55.1,0,2.49908,-2.49770,-0.00115,0.49605,0.00000,0.00000,
55.1,1,1.34852,-2.49532,-0.00356,0.49240,0.00246,0.15056,0.09920
55.1,2,0.14559,-2.47172,-0.01664,0.50957,0.00007,0.20316,0.10224
55.12,0,2.50900,-2.49771,-0.00115,0.49605,0.00000,0.00000,
55.12,1,1.35826,-2.49535,-0.00350,0.47822,0.00279,0.15074,0.10913
55.12,2,0.15798,-2.47189,-0.01657,0.76836,0.01214,0.20050,0.05207
55.14,0,2.51892,-2.49772,-0.00115,0.49605,0.00000,0.00000,
55.14,1,1.36759,-2.49539,-0.00345,0.45904,0.00292,0.15133,0.11905
55.14,2,0.17272,-2.47206,-0.01646,0.65627,-0.01219,0.19509,0.06140
55.16,0,2.52884,-2.49773,-0.00115,0.49605,0.00000,0.00000,
55.16,1,1.37668,-2.49542,-0.00339,0.45213,0.00274,0.15216,0.12897
55.16,2,0.18560,-2.47225,-0.01707,0.61785,-0.03096,0.19131,0.07049
55.18,0,2.53876,-2.49775,-0.00115,0.49605,0.00000,0.00000,
55.18,1,1.38525,-2.49545,-0.00335,0.49054,0.00286,0.15351,0.08929
55.18,2,0.19440,-2.47244,-0.01816,0.40491,-0.06030,0.19107,0.07906
55.2,0,2.54868,-2.49776,-0.00115,0.49605,0.00000,0.00000,
55.2,1,1.39802,-2.49548,-0.00326,0.62839,0.00565,0.15066,0.09921
55.2,2,0.20254,-2.47266,-0.01938,0.41572,-0.05520,0.19569,0.09183
55.22,0,2.55860,-2.49777,-0.00115,0.49605,0.00000,0.00000,
55.22,1,1.40766,-2.49551,-0.00309,0.36359,0.00860,0.15095,0.00992
55.22,2,0.21128,-2.47285,-0.01982,0.45077,0.00158,0.19660,0.10147
55.24,0,2.56852,-2.49778,-0.00115,0.49605,0.00000,0.00000,
55.24,1,1.41281,-2.49554,-0.00301,0.15241,0.00060,0.15571,0.01984
55.24,2,0.22008,-2.47302,-0.01955,0.46926,0.00959,0.19295,0.10663
55.26,0,2.57844,-2.49779,-0.00115,0.49605,0.00000,0.00000,
55.26,1,1.41472,-2.49557,-0.00303,0.07598,-0.00165,0.16373,0.02976
55.26,2,0.22988,-2.47321,-0.01955,0.49336,-0.00526,0.18505,0.10853
55.28,0,2.58837,-2.49780,-0.00115,0.49605,0.00000,0.00000,
55.28,1,1.41661,-2.49564,-0.00390,0.15702,-0.11576,0.17175,0.03968
55.28,2,0.23954,-2.47339,-0.01954,0.41360,0.02362,0.17728,0.06319
55.3,0,2.59829,-2.49781,-0.00115,0.49605,0.00000,0.00000,
55.3,1,1.42216,-2.49568,-0.00582,0.34310,-0.04696,0.17613,0.04960
55.3,2,0.24700,-2.47361,-0.02137,0.37829,-0.16544,0.17536,0.06873
55.32,0,2.60821,-2.49783,-0.00115,0.49605,0.00000,0.00000,
55.32,1,1.42939,-2.49572,-0.00652,0.36161,-0.03517,0.17882,0.00992
55.32,2,0.25483,-2.47391,-0.02486,0.46614,-0.11773,0.17476,0.02585
55.34,0,2.61813,-2.49784,-0.00115,0.49605,0.00000,0.00000,
55.34,1,1.43663,-2.49577,-0.00728,0.36346,-0.05976,0.18150,0.01984
55.34,2,0.26309,-2.47406,-0.02523,0.39615,0.00959,0.17373,0.03309
55.36,0,2.62805,-2.49785,-0.00115,0.49605,0.00000,0.00000,
55.36,1,1.44466,-2.49596,-0.00967,0.48887,-0.09618,0.18339,0.02976
55.36,2,0.27100,-2.47414,-0.03118,0.44231,-0.63104,0.17387,0.04112
55.38,0,2.63797,-2.49786,-0.00115,0.49605,0.00000,0.00000,
55.38,1,1.45641,-2.49606,-0.01013,0.63023,0.02303,0.18156,0.03968
55.38,2,0.28108,-2.47436,-0.03540,0.54820,0.12808,0.17553,0.05287
55.4,0,2.64789,-2.49787,-0.00115,0.49605,0.00000,0.00000,
55.4,1,1.46851,-2.49615,-0.00940,0.58826,0.03323,0.17939,0.04960
55.4,2,0.29252,-2.47469,-0.03117,0.57709,0.17986,0.17618,0.06497
55.42,0,2.65781,-2.49788,-0.00115,0.49605,0.00000,0.00000,
55.42,1,1.47980,-2.49623,-0.00900,0.54790,0.01140,0.17801,0.05953
55.42,2,0.30412,-2.47504,-0.02945,0.62462,0.04160,0.17587,0.00555
55.44,0,2.66773,-2.49789,-0.00115,0.49605,0.00000,0.00000,
55.44,1,1.49381,-2.49631,-0.00847,0.80242,0.07854,0.17393,0.01984
55.44,2,0.31600,-2.47538,-0.02880,0.59727,0.02384,0.17799,0.01955
55.46,0,2.67750,-2.49790,-0.00115,0.45898,-0.00036,0.00000,
55.46,1,1.50852,-2.49645,-0.00662,0.70388,0.12260,0.16898,0.02961
55.46,2,0.32838,-2.47574,-0.02843,0.63181,0.01750,0.18033,0.03427
55.48,0,2.68680,-2.49792,-0.00115,0.46985,0.00005,0.00000,
55.48,1,1.52166,-2.49658,-0.00466,0.57260,0.04354,0.16514,0.03891
55.48,2,0.34100,-2.47610,-0.02803,0.62536,0.02183,0.18085,0.04741
55.5,0,2.69627,-2.49793,-0.00115,0.47516,0.00009,0.00000,
55.5,1,1.53146,-2.49657,-0.00377,0.48950,0.05407,0.16481,0.04838
55.5,2,0.35325,-2.47644,-0.02758,0.60320,0.02256,0.17838,0.05721
55.52,0,2.70554,-2.49794,-0.00115,0.46162,0.00016,0.00000,
55.52,1,1.54151,-2.49660,-0.00336,0.51314,-0.00149,0.16404,0.05765
55.52,2,0.36515,-2.47677,-0.02715,0.59100,0.02092,0.17652,0.06725
55.54,0,2.71539,-2.49795,-0.00115,0.50986,-0.00012,0.00000,
55.54,1,1.55185,-2.49666,-0.00347,0.51621,-0.00286,0.16353,0.06750
55.54,2,0.37691,-2.47709,-0.02674,0.58539,0.01993,0.17511,0.07760
55.56,0,2.72564,-2.49796,-0.00115,0.50969,-0.00003,0.00000,
55.56,1,1.56201,-2.49671,-0.00340,0.50069,0.00753,0.16363,0.07775
55.56,2,0.38854,-2.47740,-0.02635,0.57807,0.01949,0.17364,0.08776
55.58,0,2.73567,-2.49797,-0.00115,0.49549,0.00003,0.00000,
55.58,1,1.57188,-2.49675,-0.00325,0.48869,0.00668,0.16379,0.08778
55.58,2,0.39964,-2.47770,-0.02603,0.52711,0.01181,0.17239,0.09763
55.6,0,2.74552,-2.49798,-0.00115,0.49159,0.00001,0.00000,
55.6,1,1.58264,-2.49678,-0.00314,0.63928,0.00521,0.16288,0.04925
55.6,2,0.41028,-2.47798,-0.02568,0.53546,0.02105,0.17252,0.10839
55.62,0,2.75538,-2.49800,-0.00115,0.49467,-0.00000,0.00000,
55.62,1,1.59506,-2.49682,-0.00303,0.58001,0.00570,0.16032,0.05911
55.62,2,0.42097,-2.47826,-0.02527,0.53221,0.01933,0.17424,0.12081
55.64,0,2.76530,-2.49801,-0.00115,0.49666,0.00000,0.00000,
55.64,1,1.60659,-2.49685,-0.00294,0.56395,0.00329,0.15872,0.06903
55.64,2,0.43148,-2.47853,-0.02492,0.51981,0.01641,0.17525,0.13233
55.66,0,2.77523,-2.49802,-0.00115,0.49631,0.00000,0.00000,
55.66,1,1.61554,-2.49689,-0.00293,0.39445,-0.00080,0.15969,0.07896
55.66,2,0.44175,-2.47878,-0.02459,0.50963,0.01618,0.17393,0.07912
55.68,0,2.78515,-2.49803,-0.00115,0.49563,0.00000,0.00000,
55.68,1,1.62357,-2.49692,-0.00293,0.41547,0.00208,0.16158,0.08888
55.68,2,0.45263,-2.47905,-0.02410,0.55210,0.02574,0.17107,0.08715
55.7,0,2.79506,-2.49804,-0.00115,0.49555,0.00000,0.00000,
55.7,1,1.63225,-2.49695,-0.00285,0.44379,0.00508,0.16281,0.09879
55.7,2,0.46325,-2.47931,-0.02368,0.51016,0.01692,0.16913,0.09583
55.72,0,2.80497,-2.49805,-0.00115,0.49572,0.00000,0.00000,
55.72,1,1.64087,-2.49697,-0.00274,0.46289,0.00444,0.16410,0.10870
55.72,2,0.47308,-2.47954,-0.02339,0.48205,0.01387,0.16792,0.10445
55.74,0,2.81489,-2.49806,-0.00115,0.49579,0.00000,0.00000,
55.74,1,1.65044,-2.49700,-0.00266,0.47848,0.00321,0.16445,0.11862
55.74,2,0.48254,-2.47976,-0.02313,0.44385,0.00779,0.16803,0.01405
55.76,0,2.82480,-2.49808,-0.00115,0.49576,0.00000,0.00000,
55.76,1,1.65968,-2.49703,-0.00260,0.44706,0.00355,0.16513,0.12853
55.76,2,0.49458,-2.48000,-0.02259,0.64690,0.03093,0.16522,0.02328
55.78,0,2.83472,-2.49809,-0.00115,0.49573,0.00000,0.00000,
55.78,1,1.66983,-2.49705,-0.02599,0.52221,-2.01317,0.16489,0.08920
55.78,2,0.50569,-2.48028,-0.02163,0.51200,0.05679,0.16426,0.03344
55.8,0,2.84463,-2.49810,-0.00115,0.49573,0.00000,0.00000,
55.8,1,1.67982,-2.49717,-0.06302,0.44870,-1.33799,0.16481,0.09912
55.8,2,0.51603,-2.48055,-0.02104,0.52128,0.00889,0.16392,0.04343
55.82,0,2.85455,-2.49811,-0.00115,0.49574,0.00000,0.00000,
55.82,1,1.68939,-2.49769,-0.06760,0.50201,0.45468,0.16516,0.10903
55.82,2,0.52408,-2.48074,-0.02115,0.38969,0.00807,0.16543,0.05300
55.84,0,2.86446,-2.49812,-0.00115,0.49574,0.00000,0.00000,
55.84,1,1.69856,-2.49833,-0.05702,0.45263,0.40737,0.16590,0.11895
55.84,2,0.53213,-2.48093,-0.02095,0.41706,0.01240,0.16656,0.06219
55.86,0,2.87438,-2.49813,-0.00115,0.49574,0.00000,0.00000,
55.86,1,1.70806,-2.49889,-0.05257,0.46130,0.23300,0.16631,0.02974
55.86,2,0.54033,-2.48112,-0.02059,0.39716,0.02315,0.16787,0.07170
55.88,0,2.88429,-2.49814,-0.00115,0.49574,0.00000,0.00000,
55.88,1,1.71722,-2.49939,-0.04573,0.47524,0.29540,0.16707,0.03966
55.88,2,0.54940,-2.48131,-0.02030,0.48439,0.00950,0.16796,0.08087
55.9,0,2.89421,-2.49815,-0.00115,0.49574,0.00000,0.00000,
55.9,1,1.72724,-2.49984,-0.04270,0.49822,0.06760,0.16697,0.04957
55.9,2,0.55903,-2.48151,-0.02012,0.46878,0.01002,0.16835,0.09090
55.92,0,2.90412,-2.49817,-0.00115,0.49574,0.00000,0.00000,
55.92,1,1.73760,-2.50028,-0.04173,0.54356,0.05134,0.16653,0.05949
55.92,2,0.56798,-2.48169,-0.01989,0.43266,0.01241,0.16977,0.10126
55.94,0,2.91404,-2.49818,-0.00115,0.49574,0.00000,0.00000,
55.94,1,1.74837,-2.50072,-0.04013,0.54062,0.09529,0.16567,0.06940
55.94,2,0.57666,-2.48186,-0.01964,0.50804,0.01325,0.17187,0.01614
55.96,0,2.92395,-2.49819,-0.00115,0.49574,0.00000,0.00000,
55.96,1,1.75910,-2.50115,-0.03820,0.52946,0.09420,0.16486,0.07932
55.96,2,0.58625,-2.48203,-0.01896,0.46064,0.03689,0.17301,0.02687
55.98,0,2.93387,-2.49820,-0.00115,0.49574,0.00000,0.00000,
55.98,1,1.76946,-2.50155,-0.03643,0.51049,0.08387,0.16441,0.08923
55.98,2,0.59562,-2.48215,-0.01803,0.48923,0.05400,0.17400,0.03724
56.0,0,2.94378,-2.49821,-0.00115,0.49574,0.00000,0.00000,
56.0,1,1.77909,-2.50191,-0.03491,0.46711,0.07595,0.16469,0.09915
56.0,2,0.60621,-2.48233,-0.01744,0.55539,0.00859,0.17305,0.04688
56.02,0,2.95370,-2.49822,-0.00115,0.49574,0.00000,0.00000,
56.02,1,1.78832,-2.50224,-0.03338,0.57663,0.08640,0.16538,0.05949
56.02,2,0.61739,-2.48253,-0.01748,0.55340,-0.00471,0.17109,0.05611
56.04,0,2.96361,-2.49823,-0.00115,0.49574,0.00000,0.00000,
56.04,1,1.80089,-2.50257,-0.03135,0.55216,0.12606,0.16273,0.06940
56.04,2,0.62793,-2.48273,-0.01744,0.53535,0.00400,0.17312,0.06868
56.06,0,2.97353,-2.49825,-0.00115,0.49574,0.00000,0.00000,
56.06,1,1.81160,-2.50283,-0.02884,0.53716,0.10732,0.16193,0.07932
56.06,2,0.63895,-2.48293,-0.01736,0.55560,0.00413,0.17283,0.07940
56.08,0,2.98344,-2.49826,-0.00115,0.49574,0.00000,0.00000,
56.08,1,1.82129,-2.50313,-0.02758,0.39670,0.02944,0.16216,0.08923
56.08,2,0.64989,-2.48312,-0.01728,0.53824,0.00359,0.17156,0.08909
56.1,0,2.99336,-2.49827,-0.00115,0.49574,0.00000,0.00000,
56.1,1,1.82956,-2.50348,-0.02811,0.42767,-0.05904,0.16381,0.09915
56.1,2,0.66044,-2.48330,-0.01721,0.52019,0.00327,0.16930,0.09737
56.12,0,3.00327,-2.49828,-0.00115,0.49574,0.00000,0.00000,
56.12,1,1.83818,-2.50374,-0.02801,0.40265,0.07069,0.16510,0.10906
56.12,2,0.66971,-2.48348,-0.01727,0.45288,-0.00042,0.16865,0.10599
56.14,0,3.01319,-2.49829,-0.00115,0.49574,0.00000,0.00000,
56.14,1,1.84721,-2.50397,-0.02618,0.49416,0.08860,0.16599,0.11898
56.14,2,0.67801,-2.48362,-0.01744,0.39760,-0.01108,0.16938,0.06379
56.16,0,3.02310,-2.49830,-0.00115,0.49574,0.00000,0.00000,
56.16,1,1.85727,-2.50423,-0.02472,0.49622,0.06219,0.16584,0.12889
56.16,2,0.68637,-2.48377,-0.01753,0.43905,0.00127,0.17109,0.07385
56.18,0,3.03302,-2.49831,-0.00115,0.49574,0.00000,0.00000,
56.18,1,1.86675,-2.50446,-0.02355,0.45639,0.05838,0.16629,0.13881
56.18,2,0.69546,-2.48393,-0.01745,0.45981,0.00445,0.17147,0.08332
56.2,0,3.04293,-2.49833,-0.00115,0.49574,0.00000,0.00000,
56.2,1,1.87730,-2.50468,-0.02229,0.68179,0.07085,0.16565,0.09915
56.2,2,0.70432,-2.48409,-0.01735,0.45250,0.00210,0.17316,0.09388
56.22,0,3.05285,-2.49834,-0.00115,0.49574,0.00000,0.00000,
56.22,1,1.89072,-2.50489,-0.02102,0.61870,-0.20787,0.16215,0.05949
56.22,2,0.71359,-2.48425,-0.01736,0.46532,-0.00055,0.17731,0.10730
56.24,0,3.06276,-2.49835,-0.00115,0.49574,0.00000,0.00000,
56.24,1,1.90305,-2.50494,-0.02494,0.61041,-0.16440,0.15973,0.06940
56.24,2,0.72271,-2.48441,-0.01735,0.44693,0.00128,0.18052,0.11963
56.26,0,3.07268,-2.49836,-0.00115,0.49574,0.00000,0.00000,
56.26,1,1.91245,-2.50509,-0.02756,0.42961,-0.11614,0.16025,0.07932
56.26,2,0.73147,-2.48456,-0.01731,0.43245,0.00184,0.18116,0.12903
56.28,0,3.08259,-2.49837,-0.00115,0.49574,0.00000,0.00000,
56.28,1,1.92119,-2.50547,-0.02895,0.44847,0.00824,0.16143,0.08923
56.28,2,0.74046,-2.48471,-0.01729,0.55777,-0.00060,0.18091,0.08728
56.3,0,3.09250,-2.49838,-0.00115,0.49574,0.00000,0.00000,
56.3,1,1.93025,-2.50572,-0.02730,0.42941,0.12385,0.16227,0.09915
56.3,2,0.75408,-2.48486,-0.01649,0.69943,0.06573,0.17635,0.09635
56.32,0,3.10242,-2.49839,-0.00115,0.49574,0.00000,0.00000,
56.32,1,1.93952,-2.50595,-0.02522,0.48337,0.08167,0.16293,0.10906
56.32,2,0.76590,-2.48502,-0.01551,0.56579,0.01294,0.17380,0.10562
56.34,0,3.11233,-2.49841,-0.00115,0.49574,0.00000,0.00000,
56.34,1,1.95025,-2.50619,-0.02388,0.69121,0.06529,0.16211,0.06940
56.34,2,0.77520,-2.48521,-0.01594,0.35247,-0.03905,0.17524,0.11636
56.36,0,3.12225,-2.49842,-0.00115,0.49574,0.00000,0.00000,
56.36,1,1.96355,-2.50642,-0.01967,0.66289,0.22599,0.15873,0.07932
56.36,2,0.78226,-2.48541,-0.01675,0.35659,-0.04498,0.18147,0.12965
56.38,0,3.13216,-2.49843,-0.00115,0.49574,0.00000,0.00000,
56.38,1,1.97632,-2.50681,-0.01418,0.59323,0.31375,0.15587,0.08923
56.38,2,0.78978,-2.48557,-0.01727,0.39166,-0.00631,0.18673,0.14243
56.4,0,3.14208,-2.49844,-0.00115,0.49574,0.00000,0.00000,
56.4,1,1.98646,-2.50708,-0.01007,0.41690,0.13301,0.15565,0.04957
56.4,2,0.80004,-2.48570,-0.01652,0.60995,0.22423,0.18662,0.10213
56.42,0,3.15199,-2.49845,-0.00115,0.49574,0.00000,0.00000,
56.42,1,1.99729,-2.50726,0.00300,0.55670,0.70700,0.15473,0.05949
56.42,2,0.81137,-2.48583,-0.01189,0.56506,0.23284,0.18611,0.11296
56.44,0,3.16148,-2.49846,-0.00115,0.46267,-0.00018,0.00000,
56.44,1,2.00771,-2.50764,0.01390,0.47626,0.30248,0.15380,0.06898
56.44,2,0.82270,-2.48603,-0.00754,0.57163,0.15198,0.18521,0.12338
56.46,0,3.17086,-2.49847,-0.00115,0.47290,0.00011,0.00000,
56.46,1,2.01839,-2.50758,0.01491,0.56405,-0.09239,0.15251,0.07835
56.46,2,0.83398,-2.48656,-0.00938,0.57831,-0.21109,0.18459,0.13405
56.48,0,3.18035,-2.49848,-0.00115,0.47457,0.00005,0.00000,
56.48,1,2.02837,-2.50735,0.01796,0.51197,0.44301,0.15201,0.03827
56.48,2,0.84550,-2.48677,-0.01145,0.61031,0.05761,0.18304,0.14403
56.5,0,3.18967,-2.49850,-0.00115,0.49194,-0.00005,0.00000,
56.5,1,2.03875,-2.50741,0.02414,0.50057,0.17510,0.15096,0.04760
56.5,2,0.85674,-2.48672,-0.00952,0.52813,-0.08038,0.18219,0.10401
56.52,0,3.19984,-2.49851,-0.00115,0.51392,-0.00010,0.00000,
56.52,1,2.04861,-2.50729,0.02436,0.53839,-0.07546,0.15127,0.05776
56.52,2,0.86750,-2.48662,-0.01422,0.49088,-0.23452,0.18129,0.11386
56.54,0,3.21001,-2.49852,-0.00115,0.50161,0.00001,0.00000,
56.54,1,2.05992,-2.50698,0.02262,0.56906,-0.07610,0.15012,0.06793
56.54,2,0.87498,-2.48655,-0.01859,0.36156,-0.22934,0.18511,0.12517
56.56,0,3.21991,-2.49853,-0.00115,0.49174,0.00003,0.00000,
56.56,1,2.06969,-2.50670,0.02164,0.47185,-0.03738,0.15025,0.07783
56.56,2,0.88445,-2.48676,-0.01809,0.46002,0.27077,0.18541,0.07795
56.58,0,3.22974,-2.49854,-0.00115,0.49260,0.00000,0.00000,
56.58,1,2.07907,-2.50647,0.02105,0.46716,-0.02577,0.15070,0.08766
56.58,2,0.89367,-2.48702,-0.01303,0.46799,0.17722,0.18555,0.08733
56.6,0,3.23963,-2.49855,-0.00115,0.49573,-0.00000,0.00000,
56.6,1,2.08836,-2.50627,0.02053,0.46175,-0.02618,0.15130,0.09755
56.6,2,0.90372,-2.48741,-0.01365,0.53520,-0.12409,0.18479,0.09661
56.62,0,3.24956,-2.49856,-0.00115,0.49634,0.00000,0.00000,
56.62,1,2.09750,-2.50608,0.02000,0.45378,-0.02719,0.15208,0.10748
56.62,2,0.91486,-2.48756,-0.01567,0.56313,-0.05877,0.18279,0.10576
56.64,0,3.25948,-2.49858,-0.00115,0.49560,0.00000,0.00000,
56.64,1,2.10887,-2.50590,0.01923,0.61643,-0.04803,0.15063,0.06980
56.64,2,0.92588,-2.48769,-0.01595,0.53835,0.00905,0.18313,0.11713
56.66,0,3.26938,-2.49859,-0.00115,0.49521,0.00000,0.00000,
56.66,1,2.12074,-2.50572,0.01819,0.59378,-0.05213,0.14866,0.07971
56.66,2,0.93639,-2.48782,-0.01577,0.51767,0.00296,0.18449,0.12901
56.68,0,3.27929,-2.49860,-0.00115,0.49532,0.00000,0.00000,
56.68,1,2.13586,-2.50553,0.01693,0.85644,-0.05765,0.14345,0.03966
56.68,2,0.94564,-2.48796,-0.01573,0.43604,0.00046,0.19034,0.09242
56.7,0,3.28920,-2.49861,-0.00115,0.49547,0.00000,0.00000,
56.7,1,2.15107,-2.50531,0.01648,0.67458,-0.00189,0.13815,0.04956
56.7,2,0.95430,-2.48810,-0.01586,0.41514,-0.01289,0.19689,0.10763
56.72,0,3.29911,-2.49862,-0.00115,0.49547,0.00000,0.00000,
56.72,1,2.16196,-2.50513,0.01645,0.38712,0.01073,0.13716,0.05947
56.72,2,0.96357,-2.48824,-0.01595,0.55780,0.01163,0.19851,0.06902
56.74,0,3.30901,-2.49863,-0.00115,0.49543,0.00000,0.00000,
56.74,1,2.16870,-2.50496,0.01682,0.33437,0.01905,0.14034,0.01982
56.74,2,0.97548,-2.48842,-0.01583,0.54040,-0.00741,0.19333,0.07576
56.76,0,3.31892,-2.49864,-0.00115,0.49542,0.00000,0.00000,
56.76,1,2.17533,-2.50476,0.01761,0.32397,0.05842,0.14361,0.02973
56.76,2,0.98628,-2.48856,-0.01597,0.53934,-0.00730,0.18916,0.08240
56.78,0,3.32883,-2.49866,-0.00115,0.49543,0.00000,0.00000,
56.78,1,2.18284,-2.50460,0.01786,0.38334,-0.02800,0.14600,0.03964
56.78,2,0.99563,-2.48870,-0.01627,0.39449,-0.02228,0.18732,0.08991
56.8,0,3.33874,-2.49867,-0.00115,0.49543,0.00000,0.00000,
56.8,1,2.19180,-2.50444,0.01707,0.46122,-0.04013,0.14696,0.04954
56.8,2,1.00401,-2.48886,-0.01638,0.43754,0.00465,0.18789,0.09886
56.82,0,3.34865,-2.49868,-0.00115,0.49543,0.00000,0.00000,
56.82,1,2.20180,-2.50428,0.01635,0.61396,-0.03541,0.14687,0.00991
56.82,2,1.01245,-2.48902,-0.01614,0.43401,0.01087,0.18944,0.10886
56.84,0,3.35856,-2.49869,-0.00115,0.49543,0.00000,0.00000,
56.84,1,2.21561,-2.50411,0.01561,0.70159,-0.03649,0.14296,0.01982
56.84,2,1.02205,-2.48919,-0.01611,0.50032,-0.00322,0.19365,0.12268
56.86,0,3.36847,-2.49870,-0.00115,0.49543,0.00000,0.00000,
56.86,1,2.22875,-2.50397,0.01455,0.62936,-0.07019,0.13973,0.02973
56.86,2,1.03185,-2.48935,-0.01617,0.47375,-0.00136,0.19699,0.13582
56.88,0,3.37838,-2.49871,-0.00115,0.49543,0.00000,0.00000,
56.88,1,2.23981,-2.50382,0.01363,0.43866,-0.02222,0.13857,0.03963
56.88,2,1.04410,-2.48950,-0.01570,0.72159,0.05071,0.19580,0.08257
56.9,0,3.38828,-2.49872,-0.00115,0.49543,0.00000,0.00000,
56.9,1,2.24867,-2.50367,0.01344,0.44972,-0.01010,0.13962,0.04954
56.9,2,1.05787,-2.48965,-0.01458,0.64344,0.06273,0.19089,0.09143
56.92,0,3.39819,-2.49874,-0.00115,0.49543,0.00000,0.00000,
56.92,1,2.25803,-2.50353,0.01313,0.48044,-0.01887,0.14017,0.05945
56.92,2,1.07027,-2.48981,-0.00905,0.52937,1.03757,0.18784,0.06162
56.94,0,3.40810,-2.49875,-0.00115,0.49543,0.00000,0.00000,
56.94,1,2.26769,-2.50341,0.01274,0.47977,-0.01912,0.14042,0.06936
56.94,2,1.07771,-2.48995,0.01540,0.24632,1.04328,0.19005,0.07128
56.96,0,3.41801,-2.49876,-0.00115,0.49543,0.00000,0.00000,
56.96,1,2.27698,-2.50329,0.01235,0.48340,-0.01674,0.14104,0.07927
56.96,2,1.08185,-2.49005,0.03910,0.21196,1.30692,0.19520,0.08057
56.98,0,3.42792,-2.49877,-0.00115,0.49543,0.00000,0.00000,
56.98,1,2.28682,-2.50317,0.01204,0.49156,-0.01528,0.14111,0.08918
56.98,2,1.08626,-2.48966,0.06516,0.24135,1.03369,0.20063,0.09041
57.0,0,3.43783,-2.49878,-0.00115,0.49543,0.00000,0.00000,
57.0,1,2.29656,-2.50305,0.01172,0.53887,-0.01801,0.14127,0.04954
57.0,2,1.09222,-2.48941,0.06998,0.37756,-0.24774,0.20442,0.04329
57.02,0,3.44774,-2.49879,-0.00115,0.49543,0.00000,0.00000,
57.02,1,2.30999,-2.50294,0.01117,0.66895,-0.03294,0.13775,0.05945
57.02,2,1.09961,-2.48914,0.06298,0.37768,-0.25497,0.21046,0.05672
57.04,0,3.45764,-2.49880,-0.00115,0.49543,0.00000,0.00000,
57.04,1,2.32291,-2.50283,0.01049,0.61548,-0.03176,0.13474,0.06936
57.04,2,1.10802,-2.48856,0.06103,0.47880,-0.05282,0.21498,0.06964
57.06,0,3.46755,-2.49881,-0.00115,0.49543,0.00000,0.00000,
57.06,1,2.33430,-2.50272,0.01016,0.46581,-0.00192,0.13326,0.07927
57.06,2,1.11865,-2.48792,0.05904,0.54817,-0.14843,0.21574,0.08103
57.08,0,3.47746,-2.49883,-0.00115,0.49543,0.00000,0.00000,
57.08,1,2.34190,-2.50261,0.01024,0.37230,0.00474,0.13557,0.08918
57.08,2,1.13203,-2.48725,0.05432,0.74547,-0.31850,0.20996,0.03866
57.1,0,3.48737,-2.49884,-0.00115,0.49543,0.00000,0.00000,
57.1,1,2.35176,-2.50245,0.01026,0.66632,-0.02939,0.13561,0.04954
57.1,2,1.14634,-2.48654,0.04823,0.70235,-0.19607,0.20552,0.04852
57.12,0,3.49728,-2.49885,-0.00115,0.49543,0.00000,0.00000,
57.12,1,2.36343,-2.50229,0.00701,0.56475,-0.20205,0.13385,0.05945
57.12,2,1.16117,-2.48568,0.04798,0.77798,0.02914,0.20238,0.06019
57.14,0,3.50719,-2.49886,-0.00115,0.49543,0.00000,0.00000,
57.14,1,2.37471,-2.50202,0.00297,0.56188,-0.20129,0.13248,0.06936
57.14,2,1.17722,-2.48494,0.04706,0.81438,-0.11265,0.19761,0.07148
57.16,0,3.51710,-2.49887,-0.00115,0.49543,0.00000,0.00000,
57.16,1,2.38962,-2.50181,0.00048,0.82461,-0.04025,0.12748,0.02973
57.16,2,1.19340,-2.48421,0.04401,0.80264,-0.16479,0.19635,0.08638
57.18,0,3.52700,-2.49888,-0.00115,0.49543,0.00000,0.00000,
57.18,1,2.40386,-2.50182,0.00122,0.64099,0.07442,0.12315,0.03963
57.18,2,1.20928,-2.48353,0.04099,0.78972,-0.13680,0.19472,0.10062
57.2,0,3.53691,-2.49889,-0.00115,0.49543,0.00000,0.00000,
57.2,1,2.41354,-2.50187,0.00248,0.38297,0.05374,0.12338,0.04954
57.2,2,1.22505,-2.48289,0.03848,0.78999,-0.12064,0.18864,0.11030
57.22,0,3.54682,-2.49891,-0.00115,0.49543,0.00000,0.00000,
57.22,1,2.42120,-2.50192,0.00355,0.38297,0.05350,0.12563,0.05945
57.22,2,1.24088,-2.48228,0.03606,0.79394,-0.12199,0.18048,0.11796
57.24,0,3.55673,-2.49892,-0.00115,0.49543,0.00000,0.00000,
57.24,1,2.42924,-2.50186,0.00451,0.42557,0.02454,0.12750,0.06936
57.24,2,1.25608,-2.48173,0.03362,0.71976,-0.12112,0.17334,0.12600
57.26,0,3.56664,-2.49893,-0.00115,0.49543,0.00000,0.00000,
57.26,1,2.43799,-2.50183,0.00448,0.42718,-0.01474,0.12865,0.07927
57.26,2,1.26883,-2.48127,0.03150,0.52979,-0.07779,0.16934,0.13475
57.28,0,3.57655,-2.49894,-0.00115,0.49543,0.00000,0.00000,
57.28,1,2.44716,-2.50179,0.00424,0.47325,-0.00753,0.12940,0.08918
57.28,2,1.27954,-2.48085,0.03016,0.54510,-0.07157,0.16780,0.14392
57.3,0,3.58646,-2.49895,-0.00115,0.49543,0.00000,0.00000,
57.3,1,2.45643,-2.50176,0.00418,0.46471,-0.00021,0.13003,0.09909
57.3,2,1.29089,-2.48049,0.02827,0.56228,-0.11660,0.16573,0.15320
57.32,0,3.59637,-2.49896,-0.00115,0.49543,0.00000,0.00000,
57.32,1,2.46565,-2.50172,0.00417,0.45491,-0.00145,0.13072,0.10900
57.32,2,1.30162,-2.48015,0.02550,0.49856,-0.17342,0.16422,0.10787
57.34,0,3.60627,-2.49897,-0.00115,0.49543,0.00000,0.00000,
57.34,1,2.47458,-2.50169,0.00412,0.44068,-0.00332,0.13170,0.11890
57.34,2,1.31150,-2.47981,0.02202,0.45144,-0.16877,0.16329,0.11680
57.36,0,3.61618,-2.49899,-0.00115,0.49543,0.00000,0.00000,
57.36,1,2.48331,-2.50165,0.00405,0.43362,-0.00300,0.13288,0.12881
57.36,2,1.31844,-2.47957,0.02136,0.35626,-0.10586,0.16507,0.06594
57.38,0,3.62609,-2.49900,-0.00115,0.49543,0.00000,0.00000,
57.38,1,2.49154,-2.50162,0.00401,0.39948,-0.00192,0.13456,0.13872
57.38,2,1.32531,-2.47931,0.01684,0.29988,-0.59069,0.16644,0.07417
57.4,0,3.63600,-2.49901,-0.00115,0.49543,0.00000,0.00000,
57.4,1,2.50035,-2.50158,0.00395,0.57877,-0.00547,0.13565,0.09909
57.4,2,1.33043,-2.47917,-0.00021,0.26264,-0.97734,0.17013,0.08298
57.42,0,3.64591,-2.49902,-0.00115,0.49543,0.00000,0.00000,
57.42,1,2.51405,-2.50155,0.00380,0.62790,-0.01017,0.13187,0.05945
57.42,2,1.33839,-2.47914,-0.00653,0.48138,0.43043,0.17586,0.05298
57.44,0,3.65582,-2.49903,-0.00115,0.49543,0.00000,0.00000,
57.44,1,2.52558,-2.50152,0.00356,0.57344,-0.01210,0.13024,0.01982
57.44,2,1.34774,-2.47902,-0.00353,0.47428,0.04106,0.17806,0.06451
57.46,0,3.66573,-2.49904,-0.00115,0.49543,0.00000,0.00000,
57.46,1,2.53613,-2.50148,0.00341,0.40746,-0.00063,0.12960,0.02973
57.46,2,1.35780,-2.47903,-0.00351,0.63969,-0.00861,0.17855,0.02894
57.48,0,3.67563,-2.49905,-0.00115,0.49543,0.00000,0.00000,
57.48,1,2.54440,-2.50145,0.00341,0.44195,-0.00111,0.13124,0.03963
57.48,2,1.36864,-2.47896,-0.00349,0.54222,0.04278,0.17597,0.03720
57.5,0,3.68554,-2.49907,-0.00115,0.49543,0.00000,0.00000,
57.5,1,2.55273,-2.50142,0.00334,0.40439,-0.00460,0.13281,0.04954
57.5,2,1.38074,-2.47893,-0.00183,0.65553,0.02930,0.17221,0.04554
57.52,0,3.69545,-2.49908,-0.00115,0.49543,0.00000,0.00000,
57.52,1,2.56112,-2.50139,0.00326,0.44879,-0.00289,0.13434,0.05945
57.52,2,1.39515,-2.47901,-0.00676,0.75329,-0.35619,0.16618,0.05392
57.54,0,3.70536,-2.49909,-0.00115,0.49543,0.00000,0.00000,
57.54,1,2.57076,-2.50136,0.00322,0.47520,-0.00052,0.13460,0.06936
57.54,2,1.41089,-2.47911,-0.01067,0.80819,-0.05463,0.16008,0.06357
57.56,0,3.71527,-2.49910,-0.00115,0.49543,0.00000,0.00000,
57.56,1,2.58042,-2.50132,0.00319,0.48115,-0.00218,0.13485,0.07927
57.56,2,1.42747,-2.47926,-0.01017,0.83328,0.04382,0.15316,0.07322
57.58,0,3.72518,-2.49911,-0.00115,0.49543,0.00000,0.00000,
57.58,1,2.58981,-2.50129,0.00314,0.45946,-0.00245,0.13537,0.08918
57.58,2,1.44391,-2.47941,-0.00997,0.81072,-0.01885,0.14611,0.08261
57.6,0,3.73509,-2.49912,-0.00115,0.49543,0.00000,0.00000,
57.6,1,2.59999,-2.50127,0.00309,0.65790,-0.00474,0.13510,0.04954
57.6,2,1.45920,-2.47956,-0.01065,0.71835,-0.03756,0.14099,0.09279
57.62,0,3.74499,-2.49913,-0.00115,0.49543,0.00000,0.00000,
57.62,1,2.61295,-2.50124,0.00294,0.62656,-0.00804,0.13205,0.05945
57.62,2,1.46915,-2.47971,-0.01108,0.28295,-0.01473,0.14400,0.05615
57.64,0,3.75490,-2.49914,-0.00115,0.49543,0.00000,0.00000,
57.64,1,2.62538,-2.50121,0.00279,0.59018,-0.00675,0.12953,0.01982
57.64,2,1.47352,-2.47984,-0.01151,0.20527,-0.02312,0.15206,0.01869
57.66,0,3.76474,-2.49916,-0.00115,0.45783,-0.00040,0.00000,
57.66,1,2.63718,-2.50118,0.00273,0.53981,0.00054,0.12756,0.02965
57.66,2,1.47751,-2.47998,-0.01197,0.16303,-0.01902,0.15987,0.03050
57.68,0,3.77400,-2.49917,-0.00115,0.46827,0.00003,0.00000,
57.68,1,2.64604,-2.50115,0.00276,0.44190,0.00001,0.12796,0.03891
57.68,2,1.47971,-2.48007,-0.01220,0.09304,-0.00820,0.16652,0.03936
57.7,0,3.78345,-2.49918,-0.00115,0.47450,0.00011,0.00000,
57.7,1,2.65504,-2.50110,0.00298,0.45953,0.01081,0.12841,0.04836
57.7,2,1.48159,-2.48014,-0.01237,0.10195,-0.00810,0.17364,0.04836
57.72,0,3.79271,-2.49919,-0.00115,0.46133,0.00017,0.00000,
57.72,1,2.66589,-2.50108,0.00273,0.57673,-0.02787,0.12682,0.00926
57.72,2,1.48565,-2.48020,-0.01241,0.31074,0.00573,0.18043,0.05921
57.74,0,3.80255,-2.49920,-0.00115,0.50948,-0.00012,0.00000,
57.74,1,2.67659,-2.50102,0.00221,0.53240,-0.01804,0.12597,0.01910
57.74,2,1.49392,-2.48026,-0.01222,0.42695,0.00953,0.18285,0.01646
57.76,0,3.81280,-2.49921,-0.00115,0.50914,-0.00003,0.00000,
57.76,1,2.68717,-2.50099,0.00212,0.52577,0.00413,0.12562,0.02935
57.76,2,1.50246,-2.48032,-0.01204,0.42695,0.00938,0.18490,0.02705
57.78,0,3.82281,-2.49922,-0.00115,0.49493,0.00003,0.00000,
57.78,1,2.69689,-2.50097,0.00224,0.44353,0.00518,0.12593,0.03936
57.78,2,1.51094,-2.48033,-0.01167,0.40957,0.04890,0.18612,0.03676
57.8,0,3.83265,-2.49923,-0.00115,0.49107,0.00001,0.00000,
57.8,1,2.70600,-2.50095,0.00226,0.46524,-0.00218,0.12665,0.04920
57.8,2,1.52012,-2.48035,-0.01090,0.49629,0.00497,0.18607,0.04588
57.82,0,3.84250,-2.49925,-0.00115,0.49416,-0.00000,0.00000,
57.82,1,2.71536,-2.50093,0.00220,0.46622,-0.00246,0.12714,0.05905
57.82,2,1.53152,-2.48044,-0.01125,0.56085,-0.02501,0.18402,0.05524
57.84,0,3.85241,-2.49926,-0.00115,0.49614,0.00000,0.00000,
57.84,1,2.72453,-2.50091,0.00217,0.45179,-0.00090,0.12788,0.06896
57.84,2,1.54206,-2.48053,-0.01256,0.52827,-0.04796,0.18265,0.06441
57.86,0,3.86233,-2.49927,-0.00115,0.49579,0.00001,0.00000,
57.86,1,2.73344,-2.50089,0.00216,0.44109,-0.00083,0.12890,0.07888
57.86,2,1.55315,-2.48062,-0.01277,0.57740,0.00680,0.18046,0.07331
57.88,0,3.87224,-2.49928,-0.00115,0.49511,0.00000,0.00000,
57.88,1,2.74220,-2.50088,0.00214,0.43596,-0.00113,0.13004,0.08879
57.88,2,1.56477,-2.48077,-0.01272,0.54765,-0.00770,0.17760,0.08207
57.9,0,3.88214,-2.49929,-0.00115,0.49503,0.00000,0.00000,
57.9,1,2.75087,-2.50086,0.00211,0.43081,-0.00110,0.13128,0.09869
57.9,2,1.57568,-2.48092,-0.01297,0.54268,-0.01461,0.17536,0.09074
57.92,0,3.89204,-2.49930,-0.00115,0.49520,0.00000,0.00000,
57.92,1,2.75828,-2.50084,0.00204,0.29454,-0.00541,0.13377,0.05939
57.92,2,1.58644,-2.48107,-0.01324,0.53383,-0.01232,0.17201,0.09815
57.94,0,3.90195,-2.49931,-0.00115,0.49528,0.00000,0.00000,
57.94,1,2.76423,-2.50082,0.00193,0.31631,-0.00489,0.13772,0.01981
57.94,2,1.59701,-2.48121,-0.01346,0.52445,-0.01050,0.16739,0.10411
57.96,0,3.91186,-2.49933,-0.00115,0.49524,0.00000,0.00000,
57.96,1,2.77085,-2.50081,0.00187,0.41235,-0.00343,0.14101,0.02971
57.96,2,1.60664,-2.48134,-0.01354,0.42233,0.00491,0.16437,0.06016
57.98,0,3.92176,-2.49934,-0.00115,0.49521,0.00000,0.00000,
57.98,1,2.77904,-2.50079,0.00179,0.38247,-0.00433,0.14272,0.03962
57.98,2,1.61402,-2.48145,-0.01361,0.36484,-0.00945,0.16518,0.06835
58.0,0,3.93166,-2.49935,-0.00115,0.49522,0.00000,0.00000,
58.0,1,2.78669,-2.50077,0.00170,0.38548,-0.00412,0.14497,0.04952
58.0,2,1.62244,-2.48157,-0.01379,0.45730,-0.00846,0.16441,0.03143
58.02,0,3.94157,-2.49936,-0.00115,0.49522,0.00000,0.00000,
58.02,1,2.79505,-2.50076,0.00166,0.41572,0.00013,0.14652,0.05943
58.02,2,1.62905,-2.48166,-0.01373,0.28934,0.00474,0.16615,0.03979
58.04,0,3.95147,-2.49937,-0.00115,0.49523,0.00000,0.00000,
58.04,1,2.80433,-2.50074,0.00167,0.48868,-0.00014,0.14714,0.06933
58.04,2,1.63580,-2.48175,-0.01376,0.37642,-0.00557,0.16868,0.04907
58.06,0,3.96138,-2.49938,-0.00115,0.49522,0.00000,0.00000,
58.06,1,2.81356,-2.50073,0.00165,0.48698,-0.00083,0.14781,0.07924
58.06,2,1.64427,-2.48187,-0.01391,0.44907,-0.00721,0.16945,0.05831
58.08,0,3.97128,-2.49939,-0.00115,0.49522,0.00000,0.00000,
58.08,1,2.82386,-2.50071,0.00164,0.52122,-0.00043,0.14743,0.08914
58.08,2,1.65364,-2.48200,-0.01407,0.46863,-0.00765,0.17036,0.06860
58.1,0,3.98119,-2.49941,-0.00115,0.49522,0.00000,0.00000,
58.1,1,2.83395,-2.50069,0.00163,0.48813,-0.00059,0.14724,0.09904
58.1,2,1.66260,-2.48213,-0.01420,0.43026,-0.00607,0.17149,0.07869
58.12,0,3.99109,-2.49942,-0.00115,0.49522,0.00000,0.00000,
58.12,1,2.84340,-2.50068,0.00161,0.46383,-0.00064,0.14769,0.10895
58.12,2,1.67115,-2.48225,-0.01427,0.39713,0.00825,0.17240,0.05262
58.14,0,4.00100,-2.49943,-0.00115,0.49522,0.00000,0.00000,
58.14,1,2.85202,-2.50066,0.00161,0.39754,0.00009,0.14898,0.11885
58.14,2,1.67747,-2.48236,-0.01391,0.31061,0.03446,0.17469,0.06124
58.16,0,4.01090,-2.49944,-0.00115,0.49522,0.00000,0.00000,
58.16,1,2.86027,-2.50065,0.00160,0.42309,-0.00080,0.15063,0.12876
58.16,2,1.68248,-2.48241,-0.01537,0.26823,-0.35758,0.17794,0.06950
58.18,0,4.02080,-2.49945,-0.00115,0.49522,0.00000,0.00000,
58.18,1,2.86877,-2.50063,0.00158,0.42222,-0.00071,0.15203,0.13866
58.18,2,1.68878,-2.48250,-0.02304,0.31634,-0.24225,0.18013,0.07800
58.2,0,4.03071,-2.49946,-0.00115,0.49522,0.00000,0.00000,
58.2,1,2.87753,-2.50062,0.00156,0.54932,-0.00236,0.15318,0.09904
58.2,2,1.69577,-2.48257,-0.02627,0.35472,-0.15376,0.18190,0.03879
58.22,0,4.04061,-2.49947,-0.00115,0.49522,0.00000,0.00000,
58.22,1,2.88903,-2.50061,0.00151,0.54452,-0.00331,0.15158,0.10895
58.22,2,1.70300,-2.48285,-0.03075,0.38156,-0.36029,0.18616,0.05030
58.24,0,4.05052,-2.49948,-0.00115,0.49522,0.00000,0.00000,
58.24,1,2.89957,-2.50060,0.00144,0.51736,-0.00229,0.15095,0.11885
58.24,2,1.71118,-2.48330,-0.03598,0.45076,-0.09503,0.18852,0.06084
58.26,0,4.06042,-2.49950,-0.00115,0.49522,0.00000,0.00000,
58.26,1,2.90922,-2.50058,0.00144,0.43851,0.00125,0.15121,0.07924
58.26,2,1.72062,-2.48363,-0.03473,0.50226,0.12679,0.18872,0.07048
58.28,0,4.07033,-2.49951,-0.00115,0.49522,0.00000,0.00000,
58.28,1,2.91998,-2.50057,0.00144,0.54273,0.00032,0.15035,0.08914
58.28,2,1.73142,-2.48397,-0.03264,0.64252,0.09183,0.18868,0.03653
58.3,0,4.08023,-2.49952,-0.00115,0.49522,0.00000,0.00000,
58.3,1,2.92930,-2.50055,0.00143,0.40882,-0.00165,0.15093,0.09904
58.3,2,1.74447,-2.48433,-0.02928,0.62995,0.02763,0.18495,0.04586
58.32,0,4.09014,-2.49953,-0.00115,0.49522,0.00000,0.00000,
58.32,1,2.93790,-2.50054,0.00141,0.39899,0.00027,0.15224,0.10895
58.32,2,1.75737,-2.48485,-0.03123,0.65591,-0.10246,0.18063,0.05445
58.34,0,4.10004,-2.49954,-0.00115,0.49522,0.00000,0.00000,
58.34,1,2.94511,-2.50052,0.00143,0.36220,0.00077,0.15493,0.11885
58.34,2,1.76903,-2.48518,-0.03228,0.41932,-0.22517,0.17618,0.01158
58.36,0,4.10994,-2.49955,-0.00115,0.49522,0.00000,0.00000,
58.36,1,2.95246,-2.50051,0.00143,0.35382,-0.00091,0.15748,0.12876
58.36,2,1.77680,-2.48540,-0.03700,0.38858,-0.23262,0.17576,0.01894
58.38,0,4.11985,-2.49956,-0.00115,0.49522,0.00000,0.00000,
58.38,1,2.96300,-2.50049,0.00138,0.61544,-0.00341,0.15685,0.08914
58.38,2,1.78250,-2.48562,-0.04244,0.26917,-0.27971,0.18060,0.02947
58.4,0,4.12975,-2.49958,-0.00115,0.49522,0.00000,0.00000,
58.4,1,2.97478,-2.50048,0.00130,0.56799,-0.00400,0.15498,0.09904
58.4,2,1.78718,-2.48611,-0.05247,0.24082,-0.78802,0.18769,0.04125
58.42,0,4.13966,-2.49959,-0.00115,0.49522,0.00000,0.00000,
58.42,1,2.98552,-2.50047,0.00122,0.52609,-0.00262,0.15414,0.10895
58.42,2,1.79265,-2.48715,-0.06921,0.28819,-0.52495,0.19294,0.05200
58.44,0,4.14956,-2.49960,-0.00115,0.49522,0.00000,0.00000,
58.44,1,2.99444,-2.50046,0.00123,0.35000,0.00175,0.15512,0.11885
58.44,2,1.79977,-2.48783,-0.06965,0.46062,0.23993,0.19474,0.06092
58.46,0,4.15947,-2.49961,-0.00115,0.49522,0.00000,0.00000,
58.46,1,3.00209,-2.50045,0.00124,0.45422,-0.00023,0.15738,0.07924
58.46,2,1.80938,-2.48857,-0.06223,0.48899,0.29169,0.19277,0.06856
58.48,0,4.16937,-2.49962,-0.00115,0.49522,0.00000,0.00000,
58.48,1,3.01170,-2.50044,0.00122,0.45250,-0.00221,0.15767,0.03962
58.48,2,1.81893,-2.48947,-0.05839,0.47158,0.11298,0.19282,0.07817
58.5,0,4.17928,-2.49963,-0.00115,0.49522,0.00000,0.00000,
58.5,1,3.02077,-2.50043,0.00117,0.45905,-0.00201,0.15851,0.04952
58.5,2,1.83037,-2.49010,-0.05531,0.66000,0.29871,0.19045,0.04052
58.52,0,4.18918,-2.49964,-0.00115,0.49522,0.00000,0.00000,
58.52,1,3.02841,-2.50042,0.00117,0.36857,0.00028,0.16078,0.00990
58.52,2,1.84338,-2.49075,-0.04991,0.60714,0.20511,0.18507,0.04815
58.54,0,4.19908,-2.49966,-0.00115,0.49522,0.00000,0.00000,
58.54,1,3.03621,-2.50041,0.00117,0.40586,-0.00082,0.16288,0.01981
58.54,2,1.85548,-2.49134,-0.04795,0.60206,0.04139,0.18076,0.05596
58.56,0,4.20458,-2.49994,0.00786,0.15812,0.49552,0.00000,
58.56,1,3.04453,-2.50040,0.00114,0.43400,-0.00163,0.16004,0.02530
58.56,2,1.86726,-2.49191,-0.04713,0.54039,0.03884,0.17731,0.06428
58.58,0,4.20666,-2.50061,0.01655,0.07045,0.38874,0.00000,
58.58,1,3.05353,-2.50039,0.00111,0.48227,-0.00110,0.15313,0.02740
58.58,2,1.87715,-2.49244,-0.04620,0.50398,0.01539,0.17641,0.02874
58.6,0,4.20806,-2.50134,0.02435,0.05742,0.42029,0.00000,
58.6,1,3.06408,-2.50037,0.00109,0.55315,-0.00069,0.14398,0.02884
58.6,2,1.88769,-2.49296,-0.03750,0.57058,1.55932,0.17641,0.03929
58.62,0,4.20871,-2.50132,0.04220,-0.04225,2.10633,0.00000,
58.62,1,3.07514,-2.50036,0.00108,0.54318,-0.00082,0.13357,0.02948
58.62,2,1.89949,-2.49336,0.00973,0.59142,2.12941,0.17567,0.05034
58.64,0,4.20864,-2.50116,0.09033,0.07016,2.03715,0.00000,
58.64,1,3.08563,-2.50035,0.00106,0.51166,-0.00091,0.12301,0.02941
58.64,2,1.90993,-2.49334,0.02567,0.46007,-0.15279,0.17573,0.06084
58.66,0,4.21065,-2.50037,0.12381,0.11959,1.59329,0.00000,
58.66,1,3.09571,-2.50034,0.00104,0.50092,-0.00085,0.11494,0.03139
58.66,2,1.91841,-2.49324,0.01649,0.40729,-0.44480,0.17732,0.07092
58.68,0,4.21354,-2.49940,0.15653,0.18789,1.75845,0.00000,
58.68,1,3.10572,-2.50033,0.00102,0.49990,-0.00079,0.10781,0.03426
58.68,2,1.92625,-2.49316,0.01263,0.34960,-0.01775,0.17949,0.08093
58.7,0,4.21810,-2.49856,0.19493,0.25967,1.99833,0.00000,
58.7,1,3.11517,-2.50032,0.00101,0.46287,-0.00066,0.10294,0.03884
58.7,2,1.93363,-2.49309,0.01334,0.38337,0.03218,0.18156,0.09037
58.72,0,4.22334,-2.49753,0.23470,0.27155,1.96449,0.00000,
58.72,1,3.12449,-2.50031,0.00100,0.46711,-0.00086,0.09885,0.04411
58.72,2,1.94139,-2.49301,0.01307,0.38601,-0.04612,0.18313,0.09970
58.74,0,4.22901,-2.49619,0.27367,0.30218,1.93178,0.00000,
58.74,1,3.13376,-2.50030,0.00098,0.45939,-0.00075,0.09525,0.04985
58.74,2,1.94893,-2.49292,0.01194,0.36992,-0.05485,0.18485,0.10897
58.76,0,4.23491,-2.49455,0.31201,0.30747,1.90957,0.00000,
58.76,1,3.14283,-2.50029,0.00097,0.44879,-0.00067,0.09209,0.05586
58.76,2,1.95638,-2.49283,0.01105,0.44487,-0.03830,0.18648,0.07318
58.78,0,4.24072,-2.49269,0.35003,0.31426,1.91260,0.00000,
58.78,1,3.15172,-2.50028,0.00095,0.44153,-0.00067,0.08903,0.06184
58.78,2,1.96550,-2.49275,0.01057,0.40530,-0.00372,0.18624,0.08207
58.8,0,4.24687,-2.49046,0.38852,0.33520,1.92964,0.00000,
58.8,1,3.15654,-2.50027,0.00078,0.12717,-0.01324,0.09038,0.04030
58.8,2,1.97383,-2.49262,0.01115,0.46551,0.03660,0.18273,0.08689
58.82,0,4.25320,-2.48790,0.42709,0.34563,1.92630,0.00000,
58.82,1,3.15767,-2.50025,0.00060,0.01517,-0.00720,0.09560,0.04710
58.82,2,1.98420,-2.49250,0.01100,0.55145,-0.04018,0.17350,0.08803
58.84,0,4.25952,-2.48503,0.46520,0.36078,1.92387,0.00000,
58.84,1,3.15731,-2.50023,0.00047,-0.04228,-0.00689,0.10232,0.05398
58.84,2,1.99593,-2.49238,0.00998,0.59460,-0.05137,0.16140,0.08766
58.86,0,4.26618,-2.48172,0.50382,0.37804,1.93184,0.00000,
58.86,1,3.15615,-2.50026,0.00011,-0.04872,-0.03363,0.11018,0.06134
58.86,2,2.00739,-2.49226,0.00912,0.55158,-0.03614,0.14879,0.08651
58.88,0,4.27279,-2.47808,0.54194,0.38104,1.89622,0.00000,
58.88,1,3.15696,-2.50028,-0.00017,0.14934,0.03813,0.11605,0.05840
58.88,2,2.01804,-2.49216,0.00847,0.52218,-0.03189,0.13895,0.03714
58.9,0,4.27959,-2.47401,0.58039,0.40569,1.93457,0.00000,
58.9,1,3.15960,-2.50028,0.00059,0.13157,0.03809,0.12030,0.06620
58.9,2,2.02487,-2.49209,0.00776,0.22246,-0.05186,0.13476,0.00224
58.92,0,4.28650,-2.46952,0.61908,0.41520,1.93102,0.00000,
58.92,1,3.16193,-2.50028,0.00123,0.08169,0.01856,0.12499,0.04482
58.92,2,2.02755,-2.49202,0.00687,0.08427,-0.04154,0.13441,0.00457
58.94,0,4.29332,-2.46470,0.65760,0.41968,1.92297,0.00000,
58.94,1,3.16252,-2.50022,0.00272,0.04335,-0.12163,0.13136,0.05312
58.94,2,2.02877,-2.49195,0.00605,0.02874,-0.04131,0.13377,0.00516
58.96,0,4.29998,-2.45956,0.69525,0.43430,1.91930,0.00000,
58.96,1,3.16629,-2.50009,0.01385,0.22661,0.70230,0.13441,0.02499
58.96,2,2.02834,-2.49190,0.00517,-0.05449,-0.04046,0.13798,0.00893
58.98,0,4.30683,-2.45388,0.73399,0.45119,1.94140,0.00000,
58.98,1,3.17196,-2.50005,0.01558,0.32412,-0.35879,0.13581,0.03388
58.98,2,2.02769,-2.49166,0.00673,0.00460,0.09825,0.14430,0.01460
59.0,0,4.31361,-2.44782,0.77268,0.45585,1.92817,0.00000,
59.0,1,3.17815,-2.49992,0.01075,0.30261,-0.07282,0.13665,0.04293
59.0,2,2.02858,-2.49160,0.00736,0.09882,-0.02039,0.14959,0.02079
59.02,0,4.32019,-2.44146,0.81115,0.45878,1.92073,0.00000,
59.02,1,3.18625,-2.49970,0.01181,0.49635,0.09882,0.13543,0.05203
59.02,2,2.03150,-2.49154,0.00457,0.15751,-0.21932,0.15478,0.02890
59.04,0,4.32649,-2.43482,0.84867,0.46411,1.87962,0.00000,
59.04,1,3.19671,-2.49952,0.01315,0.51389,0.03308,0.13163,0.06112
59.04,2,2.03478,-2.49130,0.00173,0.17274,-0.05155,0.16196,0.03935
59.06,0,4.33281,-2.42766,0.88666,0.48598,1.81436,0.00000,
59.06,1,3.20615,-2.49937,0.01335,0.43940,0.00293,0.12895,0.07058
59.06,2,2.03840,-2.49124,0.00188,0.18486,0.02700,0.16777,0.04879
59.08,0,4.33900,-2.42014,0.91582,0.48351,1.19845,0.00000,
59.08,1,3.21363,-2.49926,0.01361,0.37156,0.01626,0.12815,0.08020
59.08,2,2.04091,-2.49126,0.00246,0.01113,0.13045,0.17275,0.05272
59.1,0,4.34479,-2.41265,0.93782,0.46469,1.09649,0.00000,
59.1,1,3.22136,-2.49915,0.01401,0.39580,0.02197,0.12675,0.08953
59.1,2,2.04106,-2.49131,0.00480,-0.00544,0.07790,0.18033,0.06045
59.12,0,4.35024,-2.40523,0.96094,0.45968,1.19287,0.00000,
59.12,1,3.22977,-2.49904,0.01587,0.47116,0.48552,0.12439,0.00921
59.12,2,2.04068,-2.49132,0.00854,-0.00232,0.38396,0.18911,0.06886
59.14,0,4.35557,-2.39763,0.98454,0.46806,1.15029,0.00000,
59.14,1,3.23886,-2.49889,0.03260,0.42278,0.70819,0.12129,0.01848
59.14,2,2.04477,-2.49123,0.01615,0.30135,0.27322,0.19411,0.01353
59.16,0,4.36080,-2.38979,1.00659,0.47350,1.06854,0.00000,
59.16,1,3.24800,-2.49863,0.03838,0.49509,0.00881,0.11811,0.02791
59.16,2,2.04929,-2.49107,0.01913,0.18915,0.14117,0.19874,0.02267
59.18,0,4.36588,-2.38179,1.02749,0.47344,1.03093,0.00000,
59.18,1,3.25808,-2.49823,0.03700,0.50137,-0.04843,0.11390,0.03738
59.18,2,2.05307,-2.49092,0.02199,0.18916,0.14001,0.20504,0.03276
59.2,0,4.37078,-2.37369,1.04780,0.47329,1.00142,0.00000,
59.2,1,3.26811,-2.49784,0.03789,0.49691,0.10480,0.10964,0.04683
59.2,2,2.05739,-2.49041,0.03087,0.30114,0.57861,0.21075,0.04280
59.22,0,4.37552,-2.36548,1.06742,0.47467,0.96302,0.00000,
59.22,1,3.27782,-2.49746,0.04027,0.47732,0.11253,0.10561,0.05630
59.22,2,2.06662,-2.49004,0.03624,0.61572,0.02841,0.21123,0.00481
59.24,0,4.38012,-2.35716,1.08626,0.47623,0.92517,0.00000,
59.24,1,3.28723,-2.49708,0.04209,0.46712,0.07673,0.10181,0.06579
59.24,2,2.07884,-2.48967,0.03163,0.63598,-0.24291,0.20841,0.01422
59.26,0,4.38457,-2.34872,1.10438,0.47733,0.89120,0.00000,
59.26,1,3.29567,-2.49670,0.04382,0.40489,0.08513,0.09891,0.07530
59.26,2,2.09163,-2.48916,0.02894,0.63177,-0.07143,0.20406,0.02267
59.28,0,4.38887,-2.34019,1.12184,0.47820,0.85821,0.00000,
59.28,1,3.30612,-2.49618,0.04969,0.58948,0.25673,0.09393,0.03808
59.28,2,2.10378,-2.48882,0.02811,0.58915,-0.03614,0.20236,0.03313
59.3,0,4.39303,-2.33156,1.13865,0.47905,0.82597,0.00000,
59.3,1,3.31650,-2.49573,0.05423,0.50740,0.27082,0.08897,0.04764
59.3,2,2.11531,-2.48853,0.02703,0.57091,-0.06964,0.20121,0.04353
59.32,0,4.39705,-2.32285,1.15483,0.47991,0.79463,0.00000,
59.32,1,3.32670,-2.49514,0.05901,0.50710,0.17488,0.08413,0.05722
59.32,2,2.12671,-2.48824,0.02546,0.57060,-0.08007,0.20000,0.05374
59.34,0,4.40093,-2.31407,1.17038,0.48070,0.76433,0.00000,
59.34,1,3.33499,-2.49455,0.06230,0.40218,0.12735,0.08111,0.06681
59.34,2,2.13768,-2.48795,0.02403,0.48619,-0.05720,0.19734,0.01342
59.36,0,4.40469,-2.30521,1.18535,0.48141,0.73522,0.00000,
59.36,1,3.34336,-2.49398,0.06453,0.46538,0.25262,0.07798,0.02882
59.36,2,2.14721,-2.48767,0.02256,0.46106,-0.07639,0.19617,0.02180
59.38,0,4.40831,-2.29628,1.19975,0.48207,0.70724,0.00000,
59.38,1,3.35443,-2.49318,0.07557,0.51537,0.46915,0.07212,0.03845
59.38,2,2.15663,-2.48741,0.02113,0.49567,-0.06104,0.19782,0.03290
59.4,0,4.41181,-2.28729,1.21359,0.48268,0.68051,0.00000,
59.4,1,3.36443,-2.49245,0.08155,0.50941,0.24733,0.06729,0.04809
59.4,2,2.16696,-2.48718,0.01995,0.55913,-0.05838,0.19748,0.04292
59.42,0,4.41519,-2.27824,1.22693,0.48329,0.65514,0.00000,
59.42,1,3.37339,-2.49162,0.08646,0.33649,0.31047,0.06343,0.05775
59.42,2,2.18016,-2.48693,0.01903,0.80864,-0.02708,0.19324,0.00393
59.44,0,4.41845,-2.26913,1.23976,0.48387,0.63071,0.00000,
59.44,1,3.38013,-2.49076,0.09300,0.34484,0.32200,0.06171,0.06741
59.44,2,2.19570,-2.48668,0.01798,0.77543,-0.05495,0.18444,0.01072
59.46,0,4.42160,-2.25997,1.25212,0.48439,0.60758,0.00000,
59.46,1,3.38738,-2.49002,0.09714,0.36389,0.10475,0.05950,0.07708
59.46,2,2.21049,-2.48647,0.01700,0.71049,-0.03185,0.17689,0.01800
59.48,0,4.42464,-2.25077,1.26402,0.48485,0.58528,0.00000,
59.48,1,3.39497,-2.48930,0.09841,0.42719,0.08019,0.05694,0.08676
59.48,2,2.22234,-2.48628,0.01682,0.50733,-0.00346,0.17263,0.02563
59.5,0,4.42757,-2.24152,1.27549,0.48526,0.56370,0.00000,
59.5,1,3.40385,-2.48846,0.10069,0.44496,0.13386,0.05307,0.09644
59.5,2,2.23252,-2.48606,0.01678,0.51514,-0.00377,0.17134,0.03455
59.52,0,4.43039,-2.23223,1.28653,0.48565,0.54293,0.00000,
59.52,1,3.41227,-2.48762,0.10337,0.40462,0.12724,0.04966,0.10613
59.52,2,2.24311,-2.48587,0.01624,0.53831,-0.04422,0.16917,0.04302
59.54,0,4.43312,-2.22290,1.29717,0.48602,0.52296,0.00000,
59.54,1,3.42006,-2.48681,0.10569,0.38581,0.10849,0.04687,0.11582
59.54,2,2.25386,-2.48571,0.01521,0.53378,-0.05268,0.16620,0.05085
59.56,0,4.43575,-2.21354,1.30742,0.48635,0.50374,0.00000,
59.56,1,3.42775,-2.48599,0.10780,0.38785,0.10468,0.04417,0.12551
59.56,2,2.26423,-2.48555,0.01420,0.53955,-0.04345,0.16352,0.05857
59.58,0,4.43828,-2.20415,1.31729,0.48666,0.48523,0.00000,
59.58,1,3.43547,-2.48516,0.10989,0.38709,0.10449,0.04144,0.13521
59.58,2,2.27522,-2.48540,0.01341,0.54944,-0.03840,0.16024,0.06634
59.6,0,4.44072,-2.19472,1.32680,0.48695,0.46741,0.00000,
59.6,1,3.44338,-2.48425,0.11109,0.42108,-0.39257,0.03852,0.04861
59.6,2,2.28396,-2.48527,0.01327,0.32434,0.01375,0.15942,0.03541
59.62,0,4.44308,-2.18527,1.33596,0.48723,0.45063,0.00000,
59.62,1,3.45151,-2.48336,0.09581,0.40142,-0.51761,0.03540,0.05835
59.62,2,2.28882,-2.48517,0.01434,0.22958,0.07819,0.16270,0.04359
59.64,0,4.44535,-2.17579,1.34479,0.48748,0.43411,0.00000,
59.64,1,3.45904,-2.48261,0.09794,0.41120,0.64323,0.03292,0.01949
59.64,2,2.29395,-2.48508,0.01540,0.31076,0.00754,0.16510,0.05116
59.66,0,4.44753,-2.16628,1.35329,0.48772,0.41772,0.00000,
59.66,1,3.46902,-2.48152,0.12024,0.52199,1.06196,0.02803,0.02924
59.66,2,2.30148,-2.48497,0.01460,0.37869,-0.06765,0.16755,0.06120
59.68,0,4.44964,-2.15676,1.36147,0.48792,0.40198,0.00000,
59.68,1,3.47810,-2.48043,0.13212,0.44783,0.28886,0.02404,0.03900
59.68,2,2.30977,-2.48486,0.01330,0.43713,-0.06141,0.16833,0.07034
59.7,0,4.45166,-2.14721,1.36934,0.48812,0.38692,0.00000,
59.7,1,3.48699,-2.47928,0.13579,0.44320,0.18822,0.02023,0.04876
59.7,2,2.31863,-2.48474,0.01233,0.45022,-0.03428,0.16837,0.07930
59.72,0,4.45362,-2.13764,1.37692,0.48830,0.37241,0.00000,
59.72,1,3.49518,-2.47812,0.14170,0.33702,0.44424,0.01711,0.05852
59.72,2,2.32773,-2.48463,0.01181,0.45608,-0.02397,0.16747,0.08758
59.74,0,4.45550,-2.12806,1.38422,0.48847,0.35843,0.00000,
59.74,1,3.50213,-2.47702,0.14897,0.36414,0.30091,0.01523,0.06828
59.74,2,2.33675,-2.48452,0.01127,0.44512,-0.03022,0.16540,0.09460
59.76,0,4.45731,-2.11846,1.39124,0.48863,0.34498,0.00000,
59.76,1,3.50946,-2.47589,0.15434,0.37193,0.26044,0.01301,0.07805
59.76,2,2.34512,-2.48443,0.01066,0.40435,-0.03037,0.16437,0.10201
59.78,0,4.45906,-2.10884,1.39799,0.48877,0.33204,0.00000,
59.78,1,3.51666,-2.47474,0.16057,0.37030,0.55968,0.01094,0.03908
59.78,2,2.35563,-2.48431,0.01084,0.58384,0.02172,0.16107,0.06978
59.8,0,4.46074,-2.09921,1.40450,0.48891,0.31958,0.00000,
59.8,1,3.52538,-2.47334,0.17164,0.45803,0.39343,0.00741,0.04885
59.8,2,2.36587,-2.48421,0.01084,0.44679,-0.01850,0.15956,0.07861
59.82,0,4.46236,-2.08956,1.41075,0.48903,0.30759,0.00000,
59.82,1,3.53392,-2.47198,0.17773,0.41424,0.27109,0.00411,0.05863
59.82,2,2.37497,-2.48412,0.01032,0.46146,-0.02690,0.15901,0.08725
59.84,0,4.46392,-2.07991,1.41678,0.48915,0.29605,0.00000,
59.84,1,3.54198,-2.47050,0.18374,0.40542,0.32389,0.00127,0.06841
59.84,2,2.38258,-2.48402,0.01005,0.34471,0.00544,0.15948,0.09543
59.86,0,4.46542,-2.07024,1.42258,0.48925,0.28495,0.00000,
59.86,1,3.54877,-2.46906,0.19213,0.33218,0.38769,0.00035,0.07819
59.86,2,2.38963,-2.48396,0.00983,0.36333,-0.02460,0.15924,0.10236
59.88,0,4.46686,-2.06056,1.42816,0.48935,0.27426,0.00000,
59.88,1,3.55555,-2.46767,0.19811,0.35264,0.25789,0.00188,0.08797
59.88,2,2.39701,-2.48388,0.00927,0.34801,-0.02806,0.15865,0.10927
59.9,0,4.46826,-2.05087,1.43353,0.48944,0.26397,0.00000,
59.9,1,3.56242,-2.46627,0.20337,0.34634,0.27620,0.00346,0.09776
59.9,2,2.40451,-2.48380,0.00890,0.34959,0.00626,0.15805,0.07218
59.92,0,4.46959,-2.04128,1.43887,0.48578,0.26438,0.00000,
59.92,1,3.56899,-2.46491,0.20903,0.31193,0.25822,0.00474,0.10744
59.92,2,2.40996,-2.48372,0.00879,0.26920,-0.00802,0.15918,0.07888
59.94,0,4.47090,-2.03136,1.44381,0.50838,0.23706,0.00000,
59.94,1,3.57550,-2.46352,0.21463,0.34775,0.28955,0.00576,0.11744
59.94,2,2.41435,-2.48365,0.00892,0.22244,0.01741,0.16133,0.08554
59.96,0,4.47219,-2.02126,1.44848,0.50748,0.23261,0.00000,
59.96,1,3.58238,-2.46202,0.22030,0.35032,0.27474,0.00700,0.12762
59.96,2,2.42032,-2.48356,0.00912,0.30354,-0.00015,0.16226,0.09258
59.98,0,4.47342,-2.01126,1.45309,0.50067,0.22790,0.00000,
59.98,1,3.58921,-2.46036,0.22029,0.33017,-0.60818,0.00827,0.03995
59.98,2,2.42575,-2.48347,0.01109,0.26790,0.07361,0.16369,0.06064
