event,t_ns,src,dst,seq,t_gen_ns,bytes,kind,reason
tx,0,0,-1,0,0,56,state,
tx,10000000,1,-1,0,10000000,56,state,
tx,20000000,2,-1,0,20000000,56,state,
rx,86754538,1,2,0,10000000,56,state,
rx,94250397,2,0,0,20000000,56,state,
tx,100000000,0,-1,1,100000000,56,state,
rx,109550898,1,0,0,10000000,56,state,
tx,110000000,1,-1,1,110000000,56,state,
tx,120000000,2,-1,1,120000000,56,state,
rx,120613197,0,1,1,100000000,56,state,
rx,121805170,0,2,0,0,56,state,
rx,163742408,0,1,0,0,56,state,
rx,181758170,2,1,0,20000000,56,state,
tx,200000000,0,-1,2,200000000,56,state,
tx,210000000,1,-1,2,210000000,56,state,
rx,214419737,1,0,2,210000000,56,state,
rx,217395095,0,2,1,100000000,56,state,
tx,220000000,2,-1,2,220000000,56,state,
rx,232289354,2,1,1,120000000,56,state,
rx,235656920,1,2,1,110000000,56,state,
rx,249572788,0,1,2,200000000,56,state,
rx,284825753,2,0,1,120000000,56,state,
rx,298244098,1,0,1,110000000,56,state,
tx,300000000,0,-1,3,300000000,56,state,
tx,310000000,1,-1,3,310000000,56,state,
rx,312775706,0,1,3,300000000,56,state,
tx,320000000,2,-1,3,320000000,56,state,
rx,354739101,1,0,3,310000000,56,state,
rx,367767102,0,2,2,200000000,56,state,
rx,378166788,1,2,2,210000000,56,state,
rx,378615739,1,2,3,310000000,56,state,
rx,387503585,2,1,2,220000000,56,state,
rx,393420623,2,1,3,320000000,56,state,
rx,395708379,2,0,3,320000000,56,state,
tx,400000000,0,-1,4,400000000,56,state,
rx,403323658,0,2,3,300000000,56,state,
rx,409233615,2,0,2,220000000,56,state,
tx,410000000,1,-1,4,410000000,56,state,
tx,420000000,2,-1,4,420000000,56,state,
rx,471050045,1,2,4,410000000,56,state,
rx,480824655,1,0,4,410000000,56,state,
rx,498026856,0,2,4,400000000,56,state,
tx,500000000,0,-1,5,500000000,56,state,
tx,510000000,1,-1,5,510000000,56,state,
tx,520000000,2,-1,5,520000000,56,state,
rx,521391421,2,1,5,520000000,56,state,
rx,532982216,1,2,5,510000000,56,state,
rx,560448961,0,2,5,500000000,56,state,
rx,560570990,2,1,4,420000000,56,state,
rx,592138890,0,1,4,400000000,56,state,
rx,595052520,0,1,5,500000000,56,state,
tx,600000000,0,-1,6,600000000,56,state,
rx,602455314,1,0,5,510000000,56,state,
rx,604845179,2,0,4,420000000,56,state,
tx,610000000,1,-1,6,610000000,56,state,
tx,620000000,2,-1,6,620000000,56,state,
rx,655168528,2,0,6,620000000,56,state,
rx,672462471,2,0,5,520000000,56,state,
rx,688937944,2,1,6,620000000,56,state,
tx,700000000,0,-1,7,700000000,56,state,
tx,710000000,1,-1,7,710000000,56,state,
rx,714619195,1,2,6,610000000,56,state,
rx,716457521,0,1,6,600000000,56,state,
tx,720000000,2,-1,7,720000000,56,state,
rx,728250507,1,0,6,610000000,56,state,
rx,731802761,0,2,7,700000000,56,state,
rx,750873533,0,2,6,600000000,56,state,
rx,773937062,2,1,7,720000000,56,state,
rx,784805152,1,0,7,710000000,56,state,
rx,786336003,1,2,7,710000000,56,state,
tx,800000000,0,-1,8,800000000,56,state,
tx,810000000,1,-1,8,810000000,56,state,
tx,820000000,2,-1,8,820000000,56,state,
rx,857730731,0,2,8,800000000,56,state,
rx,863968802,2,0,7,720000000,56,state,
rx,875043532,0,1,7,700000000,56,state,
rx,884573912,1,2,8,810000000,56,state,
tx,900000000,0,-1,9,900000000,56,state,
tx,910000000,1,-1,9,910000000,56,state,
rx,914193392,2,1,8,820000000,56,state,
rx,918742717,1,0,8,810000000,56,state,
tx,920000000,2,-1,9,920000000,56,state,
rx,925373396,0,2,9,900000000,56,state,
rx,932016333,0,1,8,800000000,56,state,
rx,932629371,0,1,9,900000000,56,state,
rx,936773477,2,0,8,820000000,56,state,
tx,1000000000,0,-1,10,1000000000,56,state,
rx,1002206592,2,0,9,920000000,56,state,
tx,1010000000,1,-1,10,1010000000,56,state,
rx,1012438704,0,2,10,1000000000,56,state,
tx,1020000000,2,-1,10,1020000000,56,state,
rx,1025708546,1,0,10,1010000000,56,state,
rx,1037318232,1,2,9,910000000,56,state,
rx,1045284529,2,1,9,920000000,56,state,
rx,1073437827,1,0,9,910000000,56,state,
tx,1100000000,0,-1,11,1100000000,56,state,
rx,1103984875,1,2,10,1010000000,56,state,
rx,1106319642,0,1,10,1000000000,56,state,
tx,1110000000,1,-1,11,1110000000,56,state,
tx,1120000000,2,-1,11,1120000000,56,state,
rx,1130672159,2,0,10,1020000000,56,state,
rx,1147386549,1,0,11,1110000000,56,state,
rx,1150150437,0,2,11,1100000000,56,state,
rx,1163293307,2,1,10,1020000000,56,state,
tx,1200000000,0,-1,12,1200000000,56,state,
tx,1210000000,1,-1,12,1210000000,56,state,
tx,1220000000,2,-1,12,1220000000,56,state,
rx,1264950149,2,0,11,1120000000,56,state,
rx,1291992226,2,1,11,1120000000,56,state,
rx,1292991515,0,1,11,1100000000,56,state,
tx,1300000000,0,-1,13,1300000000,56,state,
rx,1309709132,1,2,11,1110000000,56,state,
tx,1310000000,1,-1,13,1310000000,56,state,
rx,1314387906,1,2,12,1210000000,56,state,
tx,1320000000,2,-1,13,1320000000,56,state,
rx,1324695354,1,0,12,1210000000,56,state,
rx,1349135460,2,0,12,1220000000,56,state,
rx,1351327748,0,1,12,1200000000,56,state,
rx,1353938987,0,2,13,1300000000,56,state,
rx,1381461538,0,1,13,1300000000,56,state,
rx,1384091271,0,2,12,1200000000,56,state,
tx,1400000000,0,-1,14,1400000000,56,state,
rx,1400317625,1,2,13,1310000000,56,state,
rx,1402657397,2,1,12,1220000000,56,state,
tx,1410000000,1,-1,14,1410000000,56,state,
rx,1413991798,1,0,14,1410000000,56,state,
tx,1420000000,2,-1,14,1420000000,56,state,
rx,1445873246,1,0,13,1310000000,56,state,
rx,1454553926,2,0,13,1320000000,56,state,
rx,1488822756,0,1,14,1400000000,56,state,
tx,1500000000,0,-1,15,1500000000,56,state,
rx,1505840761,2,1,13,1320000000,56,state,
tx,1510000000,1,-1,15,1510000000,56,state,
tx,1520000000,2,-1,15,1520000000,56,state,
rx,1525798589,2,0,15,1520000000,56,state,
rx,1542649090,1,2,15,1510000000,56,state,
rx,1561647063,2,1,14,1420000000,56,state,
rx,1567035373,0,2,15,1500000000,56,state,
rx,1571293209,0,2,14,1400000000,56,state,
rx,1573411112,2,1,15,1520000000,56,state,
tx,1600000000,0,-1,16,1600000000,56,state,
rx,1609319089,0,1,15,1500000000,56,state,
tx,1610000000,1,-1,16,1610000000,56,state,
rx,1610096170,1,2,14,1410000000,56,state,
rx,1610574037,2,0,14,1420000000,56,state,
tx,1620000000,2,-1,16,1620000000,56,state,
rx,1620867031,2,0,16,1620000000,56,state,
rx,1678796057,1,0,15,1510000000,56,state,
rx,1693352195,0,2,16,1600000000,56,state,
tx,1700000000,0,-1,17,1700000000,56,state,
rx,1701089569,1,2,16,1610000000,56,state,
rx,1703827252,0,2,17,1700000000,56,state,
tx,1710000000,1,-1,17,1710000000,56,state,
tx,1720000000,2,-1,17,1720000000,56,state,
rx,1735228435,1,0,16,1610000000,56,state,
rx,1769589194,2,1,16,1620000000,56,state,
rx,1773702618,0,1,16,1600000000,56,state,
tx,1800000000,0,-1,18,1800000000,56,state,
rx,1801442816,0,2,18,1800000000,56,state,
tx,1810000000,1,-1,18,1810000000,56,state,
rx,1811893558,0,1,18,1800000000,56,state,
tx,1820000000,2,-1,18,1820000000,56,state,
rx,1824515542,1,2,18,1810000000,56,state,
rx,1841157353,2,0,17,1720000000,56,state,
rx,1848349800,1,0,17,1710000000,56,state,
rx,1863878696,2,1,17,1720000000,56,state,
rx,1876357349,2,1,18,1820000000,56,state,
rx,1880899067,1,2,17,1710000000,56,state,
rx,1880972990,1,0,18,1810000000,56,state,
rx,1898921256,0,1,17,1700000000,56,state,
tx,1900000000,0,-1,19,1900000000,56,state,
tx,1910000000,1,-1,19,1910000000,56,state,
tx,1920000000,2,-1,19,1920000000,56,state,
rx,1922625458,2,0,18,1820000000,56,state,
rx,1932520658,0,1,19,1900000000,56,state,
rx,1939024746,2,0,19,1920000000,56,state,
tx,2000000000,0,-1,20,2000000000,56,state,
tx,2010000000,1,-1,20,2010000000,56,state,
tx,2020000000,2,-1,20,2020000000,56,state,
rx,2026809767,1,0,20,2010000000,56,state,
rx,2030407706,1,2,20,2010000000,56,state,
rx,2039326447,1,0,19,1910000000,56,state,
rx,2050895234,0,2,20,2000000000,56,state,
rx,2058759688,2,1,19,1920000000,56,state,
rx,2069382486,0,2,19,1900000000,56,state,
rx,2087912561,0,1,20,2000000000,56,state,
rx,2098961376,1,2,19,1910000000,56,state,
tx,2100000000,0,-1,21,2100000000,56,state,
tx,2110000000,1,-1,21,2110000000,56,state,
tx,2120000000,2,-1,21,2120000000,56,state,
rx,2183594280,2,1,21,2120000000,56,state,
rx,2189364312,2,0,20,2020000000,56,state,
tx,2200000000,0,-1,22,2200000000,56,state,
tx,2210000000,1,-1,22,2210000000,56,state,
rx,2211827333,2,1,20,2020000000,56,state,
rx,2212619479,1,2,21,2110000000,56,state,
tx,2220000000,2,-1,22,2220000000,56,state,
rx,2221256201,0,1,21,2100000000,56,state,
rx,2222290113,1,0,22,2210000000,56,state,
rx,2223320625,0,1,22,2200000000,56,state,
rx,2267997372,2,0,21,2120000000,56,state,
rx,2279640901,0,2,21,2100000000,56,state,
rx,2297258630,1,0,21,2110000000,56,state,
tx,2300000000,0,-1,23,2300000000,56,state,
rx,2307277759,2,0,22,2220000000,56,state,
tx,2310000000,1,-1,23,2310000000,56,state,
tx,2320000000,2,-1,23,2320000000,56,state,
rx,2357694747,1,2,22,2210000000,56,state,
rx,2360930056,2,0,23,2320000000,56,state,
rx,2377631953,1,0,23,2310000000,56,state,
rx,2378539871,0,2,22,2200000000,56,state,
tx,2400000000,0,-1,24,2400000000,56,state,
tx,2410000000,1,-1,24,2410000000,56,state,
rx,2410022524,2,1,22,2220000000,56,state,
tx,2420000000,2,-1,24,2420000000,56,state,
rx,2435740506,0,2,24,2400000000,56,state,
rx,2444228799,1,0,24,2410000000,56,state,
rx,2462050918,0,2,23,2300000000,56,state,
rx,2462285944,1,2,23,2310000000,56,state,
rx,2491985955,0,1,23,2300000000,56,state,
tx,2500000000,0,-1,25,2500000000,56,state,
tx,2510000000,1,-1,25,2510000000,56,state,
rx,2514202351,2,1,24,2420000000,56,state,
rx,2518741004,2,1,23,2320000000,56,state,
tx,2520000000,2,-1,25,2520000000,56,state,
rx,2525618886,2,0,24,2420000000,56,state,
rx,2547374988,1,2,25,2510000000,56,state,
rx,2559821120,1,2,24,2410000000,56,state,
rx,2585672123,0,1,24,2400000000,56,state,
rx,2591857343,0,2,25,2500000000,56,state,
tx,2600000000,0,-1,26,2600000000,56,state,
tx,2610000000,1,-1,26,2610000000,56,state,
rx,2617661387,2,0,25,2520000000,56,state,
tx,2620000000,2,-1,26,2620000000,56,state,
rx,2651800757,0,1,26,2600000000,56,state,
rx,2681688775,1,0,25,2510000000,56,state,
rx,2683502164,1,2,26,2610000000,56,state,
rx,2686584754,0,1,25,2500000000,56,state,
rx,2693438271,1,0,26,2610000000,56,state,
rx,2696094127,2,1,25,2520000000,56,state,
tx,2700000000,0,-1,27,2700000000,56,state,
tx,2710000000,1,-1,27,2710000000,56,state,
rx,2716669325,2,0,26,2620000000,56,state,
tx,2720000000,2,-1,27,2720000000,56,state,
rx,2722704087,2,1,26,2620000000,56,state,
rx,2732793601,0,2,26,2600000000,56,state,
rx,2768759039,0,2,27,2700000000,56,state,
tx,2800000000,0,-1,28,2800000000,56,state,
tx,2810000000,1,-1,28,2810000000,56,state,
tx,2820000000,2,-1,28,2820000000,56,state,
rx,2828260628,2,0,27,2720000000,56,state,
rx,2849410419,1,0,28,2810000000,56,state,
rx,2849955842,0,1,27,2700000000,56,state,
rx,2873499856,2,1,27,2720000000,56,state,
rx,2895649748,1,2,27,2710000000,56,state,
tx,2900000000,0,-1,29,2900000000,56,state,
rx,2904563481,1,0,27,2710000000,56,state,
rx,2906160729,1,2,28,2810000000,56,state,
rx,2909775546,0,2,28,2800000000,56,state,
tx,2910000000,1,-1,29,2910000000,56,state,
rx,2916390914,0,1,28,2800000000,56,state,
tx,2920000000,2,-1,29,2920000000,56,state,
rx,2931792464,0,1,29,2900000000,56,state,
rx,2941251002,2,0,28,2820000000,56,state,
rx,2943814195,2,0,29,2920000000,56,state,
rx,2976211754,2,1,28,2820000000,56,state,
tx,3000000000,0,-1,30,3000000000,56,state,
tx,3010000000,1,-1,30,3010000000,56,state,
tx,3020000000,2,-1,30,3020000000,56,state,
rx,3024202670,1,0,29,2910000000,56,state,
rx,3036051887,0,2,29,2900000000,56,state,
rx,3044092924,1,2,30,3010000000,56,state,
rx,3046978493,0,1,30,3000000000,56,state,
rx,3052618750,2,1,30,3020000000,56,state,
rx,3090039950,1,2,29,2910000000,56,state,
rx,3093016386,0,2,30,3000000000,56,state,
rx,3097107138,2,1,29,2920000000,56,state,
tx,3100000000,0,-1,31,3100000000,56,state,
tx,3110000000,1,-1,31,3110000000,56,state,
rx,3116534994,2,0,30,3020000000,56,state,
tx,3120000000,2,-1,31,3120000000,56,state,
rx,3125947395,0,2,31,3100000000,56,state,
rx,3162972923,0,1,31,3100000000,56,state,
rx,3163833617,2,0,31,3120000000,56,state,
rx,3193096384,1,0,30,3010000000,56,state,
tx,3200000000,0,-1,32,3200000000,56,state,
tx,3210000000,1,-1,32,3210000000,56,state,
rx,3213249078,0,2,32,3200000000,56,state,
rx,3215449522,1,2,32,3210000000,56,state,
tx,3220000000,2,-1,32,3220000000,56,state,
rx,3229018814,1,0,31,3110000000,56,state,
rx,3253293928,1,2,31,3110000000,56,state,
rx,3275434563,1,0,32,3210000000,56,state,
rx,3299515318,2,1,31,3120000000,56,state,
tx,3300000000,0,-1,33,3300000000,56,state,
tx,3310000000,1,-1,33,3310000000,56,state,
rx,3318338503,1,2,33,3310000000,56,state,
tx,3320000000,2,-1,33,3320000000,56,state,
rx,3338279682,0,1,33,3300000000,56,state,
rx,3368714936,0,1,32,3200000000,56,state,
rx,3372303508,2,1,33,3320000000,56,state,
rx,3374270596,2,1,32,3220000000,56,state,
rx,3394780902,0,2,33,3300000000,56,state,
tx,3400000000,0,-1,34,3400000000,56,state,
rx,3401979180,2,0,32,3220000000,56,state,
tx,3410000000,1,-1,34,3410000000,56,state,
tx,3420000000,2,-1,34,3420000000,56,state,
rx,3440929079,1,0,33,3310000000,56,state,
rx,3459030503,0,2,34,3400000000,56,state,
rx,3496214655,2,1,34,3420000000,56,state,
tx,3500000000,0,-1,35,3500000000,56,state,
rx,3501346030,1,0,34,3410000000,56,state,
rx,3509862469,2,0,33,3320000000,56,state,
tx,3510000000,1,-1,35,3510000000,56,state,
rx,3515972718,0,1,34,3400000000,56,state,
tx,3520000000,2,-1,35,3520000000,56,state,
rx,3522325367,0,1,35,3500000000,56,state,
rx,3554301153,1,2,34,3410000000,56,state,
rx,3597858521,0,2,35,3500000000,56,state,
tx,3600000000,0,-1,36,3600000000,56,state,
rx,3603076110,1,2,35,3510000000,56,state,
rx,3603132603,2,0,34,3420000000,56,state,
tx,3610000000,1,-1,36,3610000000,56,state,
rx,3617417117,0,1,36,3600000000,56,state,
tx,3620000000,2,-1,36,3620000000,56,state,
rx,3623399151,1,0,35,3510000000,56,state,
rx,3664754602,2,0,35,3520000000,56,state,
rx,3684616995,2,1,35,3520000000,56,state,
rx,3694208898,2,0,36,3620000000,56,state,
rx,3696991269,0,2,36,3600000000,56,state,
tx,3700000000,0,-1,37,3700000000,56,state,
tx,3710000000,1,-1,37,3710000000,56,state,
rx,3719235257,0,2,37,3700000000,56,state,
tx,3720000000,2,-1,37,3720000000,56,state,
rx,3735725891,1,2,37,3710000000,56,state,
rx,3744343827,1,2,36,3610000000,56,state,
rx,3750994865,2,1,36,3620000000,56,state,
rx,3755210430,1,0,37,3710000000,56,state,
rx,3766831474,1,0,36,3610000000,56,state,
rx,3769374584,0,1,37,3700000000,56,state,
tx,3800000000,0,-1,38,3800000000,56,state,
rx,3805367537,2,0,37,3720000000,56,state,
tx,3810000000,1,-1,38,3810000000,56,state,
tx,3820000000,2,-1,38,3820000000,56,state,
rx,3825397116,1,2,38,3810000000,56,state,
rx,3836641728,0,1,38,3800000000,56,state,
rx,3842402467,1,0,38,3810000000,56,state,
rx,3843260860,2,0,38,3820000000,56,state,
rx,3852360165,2,1,38,3820000000,56,state,
rx,3861193054,0,2,38,3800000000,56,state,
tx,3900000000,0,-1,39,3900000000,56,state,
tx,3910000000,1,-1,39,3910000000,56,state,
rx,3916515367,2,1,37,3720000000,56,state,
tx,3920000000,2,-1,39,3920000000,56,state,
rx,3957802973,0,2,39,3900000000,56,state,
rx,3964499065,2,0,39,3920000000,56,state,
tx,4000000000,0,-1,40,4000000000,56,state,
rx,4003547996,1,0,39,3910000000,56,state,
tx,4010000000,1,-1,40,4010000000,56,state,
tx,4020000000,2,-1,40,4020000000,56,state,
rx,4022923365,0,1,39,3900000000,56,state,
rx,4052722780,2,0,40,4020000000,56,state,
rx,4069345144,2,1,39,3920000000,56,state,
rx,4074747780,1,2,39,3910000000,56,state,
rx,4084219421,1,0,40,4010000000,56,state,
rx,4096627398,0,2,40,4000000000,56,state,
rx,4099999055,2,1,40,4020000000,56,state,
tx,4100000000,0,-1,41,4100000000,56,state,
tx,4110000000,1,-1,41,4110000000,56,state,
tx,4120000000,2,-1,41,4120000000,56,state,
rx,4124734960,2,1,41,4120000000,56,state,
rx,4140981467,0,1,41,4100000000,56,state,
rx,4146565308,1,2,40,4010000000,56,state,
rx,4148995758,1,0,41,4110000000,56,state,
rx,4183423378,0,2,41,4100000000,56,state,
rx,4193659437,0,1,40,4000000000,56,state,
tx,4200000000,0,-1,42,4200000000,56,state,
tx,4210000000,1,-1,42,4210000000,56,state,
rx,4219983264,2,0,41,4120000000,56,state,
tx,4220000000,2,-1,42,4220000000,56,state,
rx,4228513280,1,2,41,4110000000,56,state,
rx,4290578270,2,0,42,4220000000,56,state,
rx,4294442454,1,2,42,4210000000,56,state,
tx,4300000000,0,-1,43,4300000000,56,state,
tx,4310000000,1,-1,43,4310000000,56,state,
rx,4310089805,0,2,42,4200000000,56,state,
tx,4320000000,2,-1,43,4320000000,56,state,
rx,4350938780,2,1,42,4220000000,56,state,
rx,4365217279,1,2,43,4310000000,56,state,
rx,4382505628,0,1,42,4200000000,56,state,
rx,4390948997,1,0,43,4310000000,56,state,
rx,4396413603,1,0,42,4210000000,56,state,
tx,4400000000,0,-1,44,4400000000,56,state,
rx,4404416095,0,2,43,4300000000,56,state,
rx,4408018827,0,1,43,4300000000,56,state,
tx,4410000000,1,-1,44,4410000000,56,state,
rx,4419162968,2,0,43,4320000000,56,state,
tx,4420000000,2,-1,44,4420000000,56,state,
rx,4454200916,2,1,44,4420000000,56,state,
rx,4457677123,1,2,44,4410000000,56,state,
rx,4480665097,2,1,43,4320000000,56,state,
rx,4496220709,2,0,44,4420000000,56,state,
tx,4500000000,0,-1,45,4500000000,56,state,
tx,4510000000,1,-1,45,4510000000,56,state,
tx,4520000000,2,-1,45,4520000000,56,state,
rx,4535805542,0,1,44,4400000000,56,state,
rx,4546253418,1,0,45,4510000000,56,state,
rx,4550376799,0,2,44,4400000000,56,state,
rx,4573288874,2,0,45,4520000000,56,state,
rx,4582744832,1,0,44,4410000000,56,state,
rx,4589769931,1,2,45,4510000000,56,state,
rx,4593556301,2,1,45,4520000000,56,state,
tx,4600000000,0,-1,46,4600000000,56,state,
tx,4610000000,1,-1,46,4610000000,56,state,
tx,4620000000,2,-1,46,4620000000,56,state,
rx,4623329741,0,1,45,4500000000,56,state,
rx,4697176627,0,2,45,4500000000,56,state,
rx,4699994363,1,2,46,4610000000,56,state,
tx,4700000000,0,-1,47,4700000000,56,state,
tx,4710000000,1,-1,47,4710000000,56,state,
tx,4720000000,2,-1,47,4720000000,56,state,
rx,4742771280,0,1,46,4600000000,56,state,
rx,4757877512,2,0,47,4720000000,56,state,
rx,4764159618,2,0,46,4620000000,56,state,
rx,4765382259,1,0,46,4610000000,56,state,
rx,4766314928,1,0,47,4710000000,56,state,
rx,4768781982,2,1,46,4620000000,56,state,
rx,4791507865,0,1,47,4700000000,56,state,
rx,4793077905,0,2,46,4600000000,56,state,
tx,4800000000,0,-1,48,4800000000,56,state,
tx,4810000000,1,-1,48,4810000000,56,state,
tx,4820000000,2,-1,48,4820000000,56,state,
rx,4857197386,0,1,48,4800000000,56,state,
rx,4860386819,1,2,47,4710000000,56,state,
rx,4865207767,2,1,47,4720000000,56,state,
rx,4883469183,0,2,48,4800000000,56,state,
rx,4890614119,0,2,47,4700000000,56,state,
tx,4900000000,0,-1,49,4900000000,56,state,
tx,4910000000,1,-1,49,4910000000,56,state,
tx,4920000000,2,-1,49,4920000000,56,state,
rx,4930876209,2,0,48,4820000000,56,state,
rx,4955119808,1,0,48,4810000000,56,state,
rx,4957077569,1,2,48,4810000000,56,state,
rx,4983996889,1,2,49,4910000000,56,state,
tx,5000000000,0,-1,50,5000000000,56,state,
tx,5010000000,1,-1,50,5010000000,56,state,
rx,5019627950,2,1,48,4820000000,56,state,
tx,5020000000,2,-1,50,5020000000,56,state,
rx,5027015374,1,2,50,5010000000,56,state,
rx,5050053838,0,2,49,4900000000,56,state,
rx,5050394210,2,1,50,5020000000,56,state,
rx,5054014195,2,1,49,4920000000,56,state,
rx,5065494323,2,0,49,4920000000,56,state,
rx,5077469533,0,1,49,4900000000,56,state,
rx,5084699879,1,0,49,4910000000,56,state,
rx,5088917925,0,1,50,5000000000,56,state,
tx,5100000000,0,-1,51,5100000000,56,state,
tx,5110000000,1,-1,51,5110000000,56,state,
tx,5120000000,2,-1,51,5120000000,56,state,
rx,5120204363,0,1,51,5100000000,56,state,
rx,5127254766,2,0,51,5120000000,56,state,
rx,5131778158,0,2,51,5100000000,56,state,
rx,5158137863,2,0,50,5020000000,56,state,
rx,5163479682,1,0,50,5010000000,56,state,
rx,5168823138,0,2,50,5000000000,56,state,
rx,5199896261,1,2,51,5110000000,56,state,
tx,5200000000,0,-1,52,5200000000,56,state,
tx,5210000000,1,-1,52,5210000000,56,state,
tx,5220000000,2,-1,52,5220000000,56,state,
rx,5222683900,1,0,51,5110000000,56,state,
rx,5225697791,2,0,52,5220000000,56,state,
rx,5238044407,2,1,52,5220000000,56,state,
rx,5284430758,2,1,51,5120000000,56,state,
rx,5286884982,1,2,52,5210000000,56,state,
rx,5296385033,1,0,52,5210000000,56,state,
tx,5300000000,0,-1,53,5300000000,56,state,
tx,5310000000,1,-1,53,5310000000,56,state,
tx,5320000000,2,-1,53,5320000000,56,state,
rx,5354971228,0,1,52,5200000000,56,state,
rx,5381238653,0,2,52,5200000000,56,state,
tx,5400000000,0,-1,54,5400000000,56,state,
rx,5403888709,2,0,53,5320000000,56,state,
rx,5404787092,0,1,53,5300000000,56,state,
tx,5410000000,1,-1,54,5410000000,56,state,
tx,5420000000,2,-1,54,5420000000,56,state,
rx,5423086548,1,2,54,5410000000,56,state,
rx,5432115842,1,0,54,5410000000,56,state,
rx,5436265790,2,0,54,5420000000,56,state,
rx,5438856711,2,1,53,5320000000,56,state,
rx,5465652242,2,1,54,5420000000,56,state,
rx,5467742631,1,0,53,5310000000,56,state,
rx,5481579941,0,2,53,5300000000,56,state,
rx,5495488670,1,2,53,5310000000,56,state,
tx,5500000000,0,-1,55,5500000000,56,state,
tx,5510000000,1,-1,55,5510000000,56,state,
tx,5520000000,2,-1,55,5520000000,56,state,
rx,5537304955,0,1,55,5500000000,56,state,
rx,5537640437,0,1,54,5400000000,56,state,
rx,5543651016,0,2,54,5400000000,56,state,
tx,5600000000,0,-1,56,5600000000,56,state,
tx,5610000000,1,-1,56,5610000000,56,state,
rx,5615114646,0,2,56,5600000000,56,state,
rx,5617324878,2,0,55,5520000000,56,state,
tx,5620000000,2,-1,56,5620000000,56,state,
rx,5623601055,2,1,56,5620000000,56,state,
rx,5625632676,1,2,56,5610000000,56,state,
rx,5677553745,2,0,56,5620000000,56,state,
rx,5680094721,0,2,55,5500000000,56,state,
rx,5683598560,1,0,55,5510000000,56,state,
rx,5687563858,2,1,55,5520000000,56,state,
rx,5693930617,1,2,55,5510000000,56,state,
tx,5700000000,0,-1,57,5700000000,56,state,
tx,5710000000,1,-1,57,5710000000,56,state,
tx,5720000000,2,-1,57,5720000000,56,state,
rx,5723720790,0,1,56,5600000000,56,state,
rx,5737746410,2,1,57,5720000000,56,state,
rx,5753415122,0,2,57,5700000000,56,state,
rx,5755757219,1,0,56,5610000000,56,state,
tx,5800000000,0,-1,58,5800000000,56,state,
rx,5807845256,0,1,58,5800000000,56,state,
tx,5810000000,1,-1,58,5810000000,56,state,
rx,5815133382,0,2,58,5800000000,56,state,
tx,5820000000,2,-1,58,5820000000,56,state,
rx,5842870744,0,1,57,5700000000,56,state,
rx,5847674082,2,0,57,5720000000,56,state,
rx,5881868778,1,0,57,5710000000,56,state,
tx,5900000000,0,-1,59,5900000000,56,state,
rx,5901876549,1,2,57,5710000000,56,state,
tx,5910000000,1,-1,59,5910000000,56,state,
rx,5918889640,2,0,58,5820000000,56,state,
tx,5920000000,2,-1,59,5920000000,56,state,
rx,5924106848,1,2,59,5910000000,56,state,
rx,5958318370,1,0,59,5910000000,56,state,
rx,5978969947,2,1,58,5820000000,56,state,
tx,6000000000,0,-1,60,6000000000,56,state,
rx,6002902369,0,2,59,5900000000,56,state,
rx,6006601917,1,0,58,5810000000,56,state,
rx,6008584108,1,2,58,5810000000,56,state,
tx,6010000000,1,-1,60,6010000000,56,state,
rx,6014359495,0,2,60,6000000000,56,state,
rx,6014716186,1,2,60,6010000000,56,state,
tx,6020000000,2,-1,60,6020000000,56,state,
rx,6026077593,0,1,59,5900000000,56,state,
rx,6076488669,2,1,59,5920000000,56,state,
tx,6100000000,0,-1,61,6100000000,56,state,
rx,6100097715,2,0,59,5920000000,56,state,
tx,6110000000,1,-1,61,6110000000,56,state,
tx,6120000000,2,-1,61,6120000000,56,state,
rx,6121175758,2,1,61,6120000000,56,state,
rx,6166006370,0,1,60,6000000000,56,state,
rx,6173805920,2,0,60,6020000000,56,state,
rx,6185635891,0,1,61,6100000000,56,state,
rx,6197862670,1,2,61,6110000000,56,state,
tx,6200000000,0,-1,62,6200000000,56,state,
rx,6204902568,1,0,60,6010000000,56,state,
rx,6209275143,2,1,60,6020000000,56,state,
rx,6209678066,0,2,61,6100000000,56,state,
tx,6210000000,1,-1,62,6210000000,56,state,
rx,6211238267,1,0,62,6210000000,56,state,
rx,6211546548,2,0,61,6120000000,56,state,
tx,6220000000,2,-1,62,6220000000,56,state,
rx,6235767314,0,1,62,6200000000,56,state,
rx,6243268959,2,1,62,6220000000,56,state,
rx,6255648950,1,2,62,6210000000,56,state,
rx,6274468859,1,0,61,6110000000,56,state,
tx,6300000000,0,-1,63,6300000000,56,state,
tx,6310000000,1,-1,63,6310000000,56,state,
tx,6320000000,2,-1,63,6320000000,56,state,
rx,6332533914,1,0,63,6310000000,56,state,
rx,6339920656,2,0,62,6220000000,56,state,
rx,6354762567,0,2,62,6200000000,56,state,
rx,6390344181,0,2,63,6300000000,56,state,
tx,6400000000,0,-1,64,6400000000,56,state,
rx,6405764189,0,2,64,6400000000,56,state,
tx,6410000000,1,-1,64,6410000000,56,state,
rx,6416824788,1,2,63,6310000000,56,state,
tx,6420000000,2,-1,64,6420000000,56,state,
rx,6444595695,2,0,63,6320000000,56,state,
rx,6447828590,2,0,64,6420000000,56,state,
rx,6476099381,0,1,64,6400000000,56,state,
rx,6487778627,0,1,63,6300000000,56,state,
rx,6487890865,2,1,63,6320000000,56,state,
tx,6500000000,0,-1,65,6500000000,56,state,
rx,6501261262,0,2,65,6500000000,56,state,
tx,6510000000,1,-1,65,6510000000,56,state,
tx,6520000000,2,-1,65,6520000000,56,state,
rx,6525139737,2,1,64,6420000000,56,state,
rx,6554762535,1,2,64,6410000000,56,state,
rx,6582763593,1,0,64,6410000000,56,state,
rx,6596801425,1,0,65,6510000000,56,state,
tx,6600000000,0,-1,66,6600000000,56,state,
tx,6610000000,1,-1,66,6610000000,56,state,
tx,6620000000,2,-1,66,6620000000,56,state,
rx,6638454363,2,1,65,6520000000,56,state,
rx,6640100819,1,2,65,6510000000,56,state,
rx,6652406816,0,1,65,6500000000,56,state,
rx,6670540533,1,0,66,6610000000,56,state,
rx,6680951326,2,0,65,6520000000,56,state,
rx,6694633956,0,1,66,6600000000,56,state,
tx,6700000000,0,-1,67,6700000000,56,state,
tx,6710000000,1,-1,67,6710000000,56,state,
tx,6720000000,2,-1,67,6720000000,56,state,
rx,6755413069,2,1,66,6620000000,56,state,
rx,6773519357,2,1,67,6720000000,56,state,
rx,6785089392,0,2,66,6600000000,56,state,
rx,6789552975,2,0,67,6720000000,56,state,
rx,6790871251,2,0,66,6620000000,56,state,
rx,6795607562,1,2,67,6710000000,56,state,
tx,6800000000,0,-1,68,6800000000,56,state,
rx,6809616648,1,2,66,6610000000,56,state,
rx,6809902834,0,1,67,6700000000,56,state,
tx,6810000000,1,-1,68,6810000000,56,state,
tx,6820000000,2,-1,68,6820000000,56,state,
rx,6827092033,2,1,68,6820000000,56,state,
rx,6832202222,0,2,67,6700000000,56,state,
rx,6833325842,0,1,68,6800000000,56,state,
rx,6835070936,1,0,67,6710000000,56,state,
rx,6882706647,1,2,68,6810000000,56,state,
rx,6889480683,0,2,68,6800000000,56,state,
tx,6900000000,0,-1,69,6900000000,56,state,
tx,6910000000,1,-1,69,6910000000,56,state,
tx,6920000000,2,-1,69,6920000000,56,state,
rx,6943206065,2,1,69,6920000000,56,state,
rx,6970299783,1,0,68,6810000000,56,state,
rx,6985277655,0,1,69,6900000000,56,state,
tx,7000000000,0,-1,70,7000000000,56,state,
rx,7005282346,2,0,68,6820000000,56,state,
tx,7010000000,1,-1,70,7010000000,56,state,
tx,7020000000,2,-1,70,7020000000,56,state,
rx,7046881539,1,2,70,7010000000,56,state,
rx,7054438306,1,0,70,7010000000,56,state,
rx,7059229840,1,0,69,6910000000,56,state,
rx,7082529183,1,2,69,6910000000,56,state,
rx,7089105373,0,2,69,6900000000,56,state,
rx,7093811650,2,0,69,6920000000,56,state,
tx,7100000000,0,-1,71,7100000000,56,state,
tx,7110000000,1,-1,71,7110000000,56,state,
rx,7116194199,0,1,71,7100000000,56,state,
tx,7120000000,2,-1,71,7120000000,56,state,
rx,7146236056,0,2,70,7000000000,56,state,
rx,7156254383,2,1,70,7020000000,56,state,
rx,7171961314,0,1,70,7000000000,56,state,
rx,7179415521,2,0,70,7020000000,56,state,
rx,7181200579,2,1,71,7120000000,56,state,
tx,7200000000,0,-1,72,7200000000,56,state,
tx,7210000000,1,-1,72,7210000000,56,state,
rx,7211900188,1,2,72,7210000000,56,state,
rx,7216046466,0,2,71,7100000000,56,state,
tx,7220000000,2,-1,72,7220000000,56,state,
rx,7227066488,0,2,72,7200000000,56,state,
rx,7234992816,2,0,72,7220000000,56,state,
rx,7236420407,1,0,71,7110000000,56,state,
rx,7247033910,0,1,72,7200000000,56,state,
rx,7255635340,2,0,71,7120000000,56,state,
rx,7260115654,1,0,72,7210000000,56,state,
rx,7260140836,1,2,71,7110000000,56,state,
tx,7300000000,0,-1,73,7300000000,56,state,
tx,7310000000,1,-1,73,7310000000,56,state,
rx,7318508611,0,2,73,7300000000,56,state,
tx,7320000000,2,-1,73,7320000000,56,state,
rx,7346506938,2,1,72,7220000000,56,state,
tx,7400000000,0,-1,74,7400000000,56,state,
rx,7401829347,1,2,73,7310000000,56,state,
rx,7405975369,0,1,74,7400000000,56,state,
tx,7410000000,1,-1,74,7410000000,56,state,
tx,7420000000,2,-1,74,7420000000,56,state,
rx,7434147683,0,1,73,7300000000,56,state,
rx,7447563673,1,0,73,7310000000,56,state,
rx,7457644606,1,0,74,7410000000,56,state,
rx,7478254935,1,2,74,7410000000,56,state,
rx,7484477065,2,1,73,7320000000,56,state,
tx,7500000000,0,-1,75,7500000000,56,state,
rx,7508455628,2,0,74,7420000000,56,state,
tx,7510000000,1,-1,75,7510000000,56,state,
rx,7514944539,2,0,73,7320000000,56,state,
tx,7520000000,2,-1,75,7520000000,56,state,
rx,7533887867,2,1,74,7420000000,56,state,
rx,7534682171,1,2,75,7510000000,56,state,
rx,7565421202,2,1,75,7520000000,56,state,
rx,7591339501,1,0,75,7510000000,56,state,
rx,7597665264,0,2,74,7400000000,56,state,
tx,7600000000,0,-1,76,7600000000,56,state,
rx,7609092453,0,1,75,7500000000,56,state,
tx,7610000000,1,-1,76,7610000000,56,state,
tx,7620000000,2,-1,76,7620000000,56,state,
rx,7645728556,2,1,76,7620000000,56,state,
rx,7676486118,1,2,76,7610000000,56,state,
rx,7697836879,0,2,75,7500000000,56,state,
rx,7698852106,2,0,76,7620000000,56,state,
tx,7700000000,0,-1,77,7700000000,56,state,
tx,7710000000,1,-1,77,7710000000,56,state,
rx,7719929655,2,0,75,7520000000,56,state,
tx,7720000000,2,-1,77,7720000000,56,state,
rx,7722164972,0,1,76,7600000000,56,state,
rx,7728952253,0,1,77,7700000000,56,state,
rx,7764053437,1,0,77,7710000000,56,state,
rx,7779999840,1,0,76,7610000000,56,state,
rx,7787473484,0,2,77,7700000000,56,state,
rx,7796982628,0,2,76,7600000000,56,state,
tx,7800000000,0,-1,78,7800000000,56,state,
rx,7805965846,2,0,77,7720000000,56,state,
tx,7810000000,1,-1,78,7810000000,56,state,
tx,7820000000,2,-1,78,7820000000,56,state,
rx,7838918779,1,0,78,7810000000,56,state,
rx,7843241364,1,2,77,7710000000,56,state,
rx,7871905949,2,1,77,7720000000,56,state,
rx,7874046643,0,2,78,7800000000,56,state,
rx,7887614750,2,0,78,7820000000,56,state,
tx,7900000000,0,-1,79,7900000000,56,state,
rx,7903402537,0,1,78,7800000000,56,state,
tx,7910000000,1,-1,79,7910000000,56,state,
tx,7920000000,2,-1,79,7920000000,56,state,
rx,7934779625,1,2,78,7810000000,56,state,
rx,7969968074,0,2,79,7900000000,56,state,
rx,7970552912,0,1,79,7900000000,56,state,
rx,7974068595,2,1,79,7920000000,56,state,
rx,7980517006,2,0,79,7920000000,56,state,
tx,8000000000,0,-1,80,8000000000,56,state,
rx,8002105339,2,1,78,7820000000,56,state,
rx,8003612329,0,1,80,8000000000,56,state,
tx,8010000000,1,-1,80,8010000000,56,state,
tx,8020000000,2,-1,80,8020000000,56,state,
rx,8023467060,1,2,79,7910000000,56,state,
rx,8031533661,1,2,80,8010000000,56,state,
rx,8062416090,1,0,79,7910000000,56,state,
rx,8085114308,0,2,80,8000000000,56,state,
tx,8100000000,0,-1,81,8100000000,56,state,
tx,8110000000,1,-1,81,8110000000,56,state,
rx,8111372414,1,0,80,8010000000,56,state,
tx,8120000000,2,-1,81,8120000000,56,state,
rx,8150759311,2,1,80,8020000000,56,state,
rx,8169691192,0,2,81,8100000000,56,state,
rx,8182188812,2,0,80,8020000000,56,state,
rx,8190090483,2,1,81,8120000000,56,state,
tx,8200000000,0,-1,82,8200000000,56,state,
tx,8210000000,1,-1,82,8210000000,56,state,
tx,8220000000,2,-1,82,8220000000,56,state,
rx,8235500309,0,1,81,8100000000,56,state,
rx,8237879415,1,0,81,8110000000,56,state,
rx,8242687389,1,2,81,8110000000,56,state,
rx,8262120614,2,0,81,8120000000,56,state,
rx,8280928214,0,2,82,8200000000,56,state,
rx,8280997475,0,1,82,8200000000,56,state,
tx,8300000000,0,-1,83,8300000000,56,state,
rx,8302135038,0,1,83,8300000000,56,state,
tx,8310000000,1,-1,83,8310000000,56,state,
tx,8320000000,2,-1,83,8320000000,56,state,
rx,8337923156,2,1,82,8220000000,56,state,
rx,8350301189,1,0,83,8310000000,56,state,
rx,8358817174,1,0,82,8210000000,56,state,
rx,8389296369,0,2,83,8300000000,56,state,
tx,8400000000,0,-1,84,8400000000,56,state,
rx,8404712823,1,2,82,8210000000,56,state,
tx,8410000000,1,-1,84,8410000000,56,state,
rx,8418423536,2,0,82,8220000000,56,state,
tx,8420000000,2,-1,84,8420000000,56,state,
rx,8433744270,0,1,84,8400000000,56,state,
rx,8484085383,0,2,84,8400000000,56,state,
tx,8500000000,0,-1,85,8500000000,56,state,
rx,8502403995,1,2,83,8310000000,56,state,
rx,8502484913,2,1,83,8320000000,56,state,
rx,8502874498,2,1,84,8420000000,56,state,
rx,8503582014,2,0,83,8320000000,56,state,
tx,8510000000,1,-1,85,8510000000,56,state,
rx,8512131613,2,0,84,8420000000,56,state,
tx,8520000000,2,-1,85,8520000000,56,state,
rx,8521572323,1,0,85,8510000000,56,state,
rx,8534663461,1,2,84,8410000000,56,state,
rx,8570957952,1,2,85,8510000000,56,state,
rx,8582662016,0,1,85,8500000000,56,state,
rx,8585720344,2,0,85,8520000000,56,state,
tx,8600000000,0,-1,86,8600000000,56,state,
rx,8603024518,1,0,84,8410000000,56,state,
rx,8607247311,2,1,85,8520000000,56,state,
tx,8610000000,1,-1,86,8610000000,56,state,
tx,8620000000,2,-1,86,8620000000,56,state,
rx,8627418285,0,2,85,8500000000,56,state,
rx,8642137061,1,2,86,8610000000,56,state,
rx,8657741290,2,0,86,8620000000,56,state,
tx,8700000000,0,-1,87,8700000000,56,state,
rx,8702012518,0,2,86,8600000000,56,state,
tx,8710000000,1,-1,87,8710000000,56,state,
tx,8720000000,2,-1,87,8720000000,56,state,
rx,8730821359,2,1,87,8720000000,56,state,
rx,8755742363,0,1,86,8600000000,56,state,
rx,8761914556,2,1,86,8620000000,56,state,
rx,8785401554,2,0,87,8720000000,56,state,
rx,8787717811,1,0,86,8610000000,56,state,
tx,8800000000,0,-1,88,8800000000,56,state,
tx,8810000000,1,-1,88,8810000000,56,state,
rx,8811195142,0,1,88,8800000000,56,state,
tx,8820000000,2,-1,88,8820000000,56,state,
rx,8833483777,0,1,87,8700000000,56,state,
rx,8844150330,2,1,88,8820000000,56,state,
rx,8845299401,2,0,88,8820000000,56,state,
rx,8856970869,0,2,87,8700000000,56,state,
rx,8860629118,1,0,88,8810000000,56,state,
rx,8867936361,1,0,87,8710000000,56,state,
rx,8896317039,1,2,88,8810000000,56,state,
tx,8900000000,0,-1,89,8900000000,56,state,
rx,8905479188,1,2,87,8710000000,56,state,
tx,8910000000,1,-1,89,8910000000,56,state,
tx,8920000000,2,-1,89,8920000000,56,state,
rx,8934839016,0,2,88,8800000000,56,state,
rx,8968873561,1,2,89,8910000000,56,state,
rx,8991872916,0,1,89,8900000000,56,state,
tx,9000000000,0,-1,90,9000000000,56,state,
rx,9007584178,2,0,89,8920000000,56,state,
tx,9010000000,1,-1,90,9010000000,56,state,
rx,9015808262,1,0,89,8910000000,56,state,
rx,9016368658,1,2,90,9010000000,56,state,
rx,9017329197,0,2,89,8900000000,56,state,
tx,9020000000,2,-1,90,9020000000,56,state,
rx,9039542387,0,2,90,9000000000,56,state,
rx,9077524134,2,1,89,8920000000,56,state,
tx,9100000000,0,-1,91,9100000000,56,state,
tx,9110000000,1,-1,91,9110000000,56,state,
rx,9117994163,0,2,91,9100000000,56,state,
tx,9120000000,2,-1,91,9120000000,56,state,
rx,9132865627,1,0,91,9110000000,56,state,
rx,9139239663,1,2,91,9110000000,56,state,
rx,9139651791,0,1,91,9100000000,56,state,
rx,9152216883,0,1,90,9000000000,56,state,
rx,9169746555,1,0,90,9010000000,56,state,
rx,9179076837,2,1,90,9020000000,56,state,
rx,9192333861,2,0,90,9020000000,56,state,
tx,9200000000,0,-1,92,9200000000,56,state,
rx,9204064921,2,1,91,9120000000,56,state,
tx,9210000000,1,-1,92,9210000000,56,state,
tx,9220000000,2,-1,92,9220000000,56,state,
rx,9226101037,2,0,92,9220000000,56,state,
tx,9300000000,0,-1,93,9300000000,56,state,
rx,9304161788,2,0,91,9120000000,56,state,
tx,9310000000,1,-1,93,9310000000,56,state,
rx,9315245855,0,1,92,9200000000,56,state,
rx,9319840844,1,0,92,9210000000,56,state,
tx,9320000000,2,-1,93,9320000000,56,state,
rx,9329439917,0,2,92,9200000000,56,state,
rx,9343493499,1,0,93,9310000000,56,state,
rx,9370010819,1,2,92,9210000000,56,state,
rx,9387457972,2,0,93,9320000000,56,state,
rx,9394697086,2,1,92,9220000000,56,state,
tx,9400000000,0,-1,94,9400000000,56,state,
rx,9408164619,0,1,94,9400000000,56,state,
tx,9410000000,1,-1,94,9410000000,56,state,
tx,9420000000,2,-1,94,9420000000,56,state,
rx,9429519827,2,0,94,9420000000,56,state,
rx,9430651480,2,1,93,9320000000,56,state,
rx,9438667099,0,1,93,9300000000,56,state,
rx,9444270947,1,0,94,9410000000,56,state,
rx,9446629726,1,2,94,9410000000,56,state,
rx,9473236001,1,2,93,9310000000,56,state,
rx,9488402972,0,2,93,9300000000,56,state,
tx,9500000000,0,-1,95,9500000000,56,state,
rx,9509232873,0,2,95,9500000000,56,state,
rx,9509456521,0,2,94,9400000000,56,state,
tx,9510000000,1,-1,95,9510000000,56,state,
tx,9520000000,2,-1,95,9520000000,56,state,
rx,9571996476,2,1,94,9420000000,56,state,
tx,9600000000,0,-1,96,9600000000,56,state,
tx,9610000000,1,-1,96,9610000000,56,state,
rx,9617310249,1,2,95,9510000000,56,state,
tx,9620000000,2,-1,96,9620000000,56,state,
rx,9637249653,0,1,96,9600000000,56,state,
rx,9648435544,2,0,95,9520000000,56,state,
rx,9650232141,2,1,95,9520000000,56,state,
rx,9666170969,0,1,95,9500000000,56,state,
rx,9672564951,1,0,96,9610000000,56,state,
rx,9677475464,1,0,95,9510000000,56,state,
tx,9700000000,0,-1,97,9700000000,56,state,
tx,9710000000,1,-1,97,9710000000,56,state,
rx,9719628491,2,1,96,9620000000,56,state,
tx,9720000000,2,-1,97,9720000000,56,state,
rx,9729218800,2,0,97,9720000000,56,state,
rx,9755546962,2,0,96,9620000000,56,state,
rx,9760425152,2,1,97,9720000000,56,state,
rx,9790409139,0,2,96,9600000000,56,state,
rx,9793697142,1,2,96,9610000000,56,state,
tx,9800000000,0,-1,98,9800000000,56,state,
rx,9804482925,0,2,97,9700000000,56,state,
tx,9810000000,1,-1,98,9810000000,56,state,
rx,9811813349,1,2,97,9710000000,56,state,
tx,9820000000,2,-1,98,9820000000,56,state,
rx,9835122873,2,0,98,9820000000,56,state,
rx,9881135019,0,1,97,9700000000,56,state,
rx,9882901908,1,0,97,9710000000,56,state,
tx,9900000000,0,-1,99,9900000000,56,state,
tx,9910000000,1,-1,99,9910000000,56,state,
rx,9915951577,2,1,98,9820000000,56,state,
tx,9920000000,2,-1,99,9920000000,56,state,
rx,9925710028,1,0,98,9810000000,56,state,
rx,9929096409,0,2,98,9800000000,56,state,
rx,9942640814,1,2,99,9910000000,56,state,
rx,9973033846,0,1,98,9800000000,56,state,
tx,10000000000,0,-1,100,10000000000,56,state,
rx,10006410108,1,2,98,9810000000,56,state,
rx,10008957429,0,2,100,10000000000,56,state,
tx,10010000000,1,-1,100,10010000000,56,state,
rx,10014532308,1,0,100,10010000000,56,state,
tx,10020000000,2,-1,100,10020000000,56,state,
rx,10050290634,1,0,99,9910000000,56,state,
rx,10055998481,0,2,99,9900000000,56,state,
rx,10059015320,0,1,100,10000000000,56,state,
rx,10061184982,2,1,99,9920000000,56,state,
rx,10073263314,2,0,99,9920000000,56,state,
rx,10074723206,0,1,99,9900000000,56,state,
rx,10082640421,1,2,100,10010000000,56,state,
tx,10100000000,0,-1,101,10100000000,56,state,
tx,10110000000,1,-1,101,10110000000,56,state,
tx,10120000000,2,-1,101,10120000000,56,state,
rx,10128117667,2,0,100,10020000000,56,state,
rx,10134850741,2,1,100,10020000000,56,state,
rx,10172942312,0,2,101,10100000000,56,state,
rx,10185373249,2,0,101,10120000000,56,state,
rx,10189481525,1,0,101,10110000000,56,state,
tx,10200000000,0,-1,102,10200000000,56,state,
tx,10210000000,1,-1,102,10210000000,56,state,
rx,10219537479,1,2,101,10110000000,56,state,
tx,10220000000,2,-1,102,10220000000,56,state,
rx,10223904165,2,0,102,10220000000,56,state,
rx,10236402046,0,1,101,10100000000,56,state,
rx,10298634388,2,1,101,10120000000,56,state,
tx,10300000000,0,-1,103,10300000000,56,state,
rx,10301997307,0,2,103,10300000000,56,state,
rx,10305859455,2,1,102,10220000000,56,state,
tx,10310000000,1,-1,103,10310000000,56,state,
rx,10315037915,0,2,102,10200000000,56,state,
rx,10317653823,0,1,103,10300000000,56,state,
tx,10320000000,2,-1,103,10320000000,56,state,
rx,10343124223,1,0,103,10310000000,56,state,
rx,10345360599,0,1,102,10200000000,56,state,
rx,10359162198,1,0,102,10210000000,56,state,
rx,10391023653,1,2,103,10310000000,56,state,
rx,10391216456,1,2,102,10210000000,56,state,
tx,10400000000,0,-1,104,10400000000,56,state,
tx,10410000000,1,-1,104,10410000000,56,state,
rx,10418726295,0,2,104,10400000000,56,state,
tx,10420000000,2,-1,104,10420000000,56,state,
rx,10422267336,2,1,104,10420000000,56,state,
rx,10425441675,2,0,103,10320000000,56,state,
rx,10494154334,2,1,103,10320000000,56,state,
tx,10500000000,0,-1,105,10500000000,56,state,
tx,10510000000,1,-1,105,10510000000,56,state,
tx,10520000000,2,-1,105,10520000000,56,state,
rx,10532952056,0,1,104,10400000000,56,state,
rx,10533865273,0,2,105,10500000000,56,state,
rx,10557327587,1,0,104,10410000000,56,state,
rx,10558676597,1,2,104,10410000000,56,state,
rx,10590713015,2,0,104,10420000000,56,state,
rx,10591712296,1,2,105,10510000000,56,state,
tx,10600000000,0,-1,106,10600000000,56,state,
rx,10606808881,1,0,105,10510000000,56,state,
tx,10610000000,1,-1,106,10610000000,56,state,
tx,10620000000,2,-1,106,10620000000,56,state,
rx,10625804377,2,0,106,10620000000,56,state,
rx,10626900103,0,1,106,10600000000,56,state,
rx,10627481124,0,1,105,10500000000,56,state,
rx,10651298348,2,1,105,10520000000,56,state,
rx,10697252518,1,2,106,10610000000,56,state,
rx,10697664187,1,0,106,10610000000,56,state,
tx,10700000000,0,-1,107,10700000000,56,state,
rx,10705132832,2,0,105,10520000000,56,state,
tx,10710000000,1,-1,107,10710000000,56,state,
rx,10710721353,2,1,106,10620000000,56,state,
tx,10720000000,2,-1,107,10720000000,56,state,
rx,10726293528,1,0,107,10710000000,56,state,
rx,10731805329,2,1,107,10720000000,56,state,
rx,10753679845,0,2,106,10600000000,56,state,
rx,10778060061,1,2,107,10710000000,56,state,
tx,10800000000,0,-1,108,10800000000,56,state,
tx,10810000000,1,-1,108,10810000000,56,state,
tx,10820000000,2,-1,108,10820000000,56,state,
rx,10825311639,1,2,108,10810000000,56,state,
rx,10827522537,1,0,108,10810000000,56,state,
rx,10830750367,0,1,107,10700000000,56,state,
rx,10838411375,2,0,107,10720000000,56,state,
rx,10861568661,2,1,108,10820000000,56,state,
rx,10864622623,0,2,108,10800000000,56,state,
rx,10881900814,2,0,108,10820000000,56,state,
rx,10888587068,0,2,107,10700000000,56,state,
tx,10900000000,0,-1,109,10900000000,56,state,
tx,10910000000,1,-1,109,10910000000,56,state,
tx,10920000000,2,-1,109,10920000000,56,state,
rx,10924834043,0,1,108,10800000000,56,state,
rx,10925515688,0,2,109,10900000000,56,state,
rx,10933606033,0,1,109,10900000000,56,state,
rx,10933755133,2,1,109,10920000000,56,state,
rx,10986944202,1,0,109,10910000000,56,state,
tx,11000000000,0,-1,110,11000000000,56,state,
rx,11004440405,1,2,109,10910000000,56,state,
rx,11009317446,0,2,110,11000000000,56,state,
tx,11010000000,1,-1,110,11010000000,56,state,
tx,11020000000,2,-1,110,11020000000,56,state,
rx,11038646599,2,0,110,11020000000,56,state,
rx,11080708630,0,1,110,11000000000,56,state,
tx,11100000000,0,-1,111,11100000000,56,state,
rx,11104996002,2,1,110,11020000000,56,state,
tx,11110000000,1,-1,111,11110000000,56,state,
rx,11112637435,2,0,109,10920000000,56,state,
rx,11116525565,1,0,110,11010000000,56,state,
tx,11120000000,2,-1,111,11120000000,56,state,
rx,11137479549,2,0,111,11120000000,56,state,
rx,11148830672,2,1,111,11120000000,56,state,
rx,11156886189,1,2,110,11010000000,56,state,
tx,11200000000,0,-1,112,11200000000,56,state,
rx,11206465288,0,2,111,11100000000,56,state,
tx,11210000000,1,-1,112,11210000000,56,state,
tx,11220000000,2,-1,112,11220000000,56,state,
rx,11223577102,2,1,112,11220000000,56,state,
rx,11225976881,0,2,112,11200000000,56,state,
rx,11241450228,1,2,111,11110000000,56,state,
rx,11242279164,1,2,112,11210000000,56,state,
rx,11264182655,2,0,112,11220000000,56,state,
rx,11276164772,1,0,111,11110000000,56,state,
rx,11285513749,0,1,111,11100000000,56,state,
tx,11300000000,0,-1,113,11300000000,56,state,
tx,11310000000,1,-1,113,11310000000,56,state,
tx,11320000000,2,-1,113,11320000000,56,state,
rx,11324340547,0,1,112,11200000000,56,state,
rx,11328430664,1,0,112,11210000000,56,state,
rx,11349243290,1,2,113,11310000000,56,state,
rx,11383459239,1,0,113,11310000000,56,state,
tx,11400000000,0,-1,114,11400000000,56,state,
rx,11404027760,2,1,113,11320000000,56,state,
tx,11410000000,1,-1,114,11410000000,56,state,
tx,11420000000,2,-1,114,11420000000,56,state,
rx,11428373050,2,0,113,11320000000,56,state,
rx,11429512458,0,1,114,11400000000,56,state,
rx,11439098234,0,2,113,11300000000,56,state,
rx,11472959088,2,0,114,11420000000,56,state,
rx,11481736130,0,1,113,11300000000,56,state,
rx,11490049527,2,1,114,11420000000,56,state,
tx,11500000000,0,-1,115,11500000000,56,state,
tx,11510000000,1,-1,115,11510000000,56,state,
tx,11520000000,2,-1,115,11520000000,56,state,
rx,11533660727,1,0,115,11510000000,56,state,
rx,11534198411,2,1,115,11520000000,56,state,
rx,11550258932,0,2,114,11400000000,56,state,
rx,11559724578,0,2,115,11500000000,56,state,
rx,11589055646,1,2,114,11410000000,56,state,
tx,11600000000,0,-1,116,11600000000,56,state,
rx,11600465723,2,0,115,11520000000,56,state,
rx,11607659119,1,0,114,11410000000,56,state,
tx,11610000000,1,-1,116,11610000000,56,state,
tx,11620000000,2,-1,116,11620000000,56,state,
rx,11627818303,0,1,115,11500000000,56,state,
rx,11649007544,1,2,115,11510000000,56,state,
rx,11654509259,0,2,116,11600000000,56,state,
rx,11658478386,2,1,116,11620000000,56,state,
tx,11700000000,0,-1,117,11700000000,56,state,
rx,11706481036,0,1,116,11600000000,56,state,
rx,11709976731,2,0,116,11620000000,56,state,
tx,11710000000,1,-1,117,11710000000,56,state,
rx,11716680998,1,0,117,11710000000,56,state,
tx,11720000000,2,-1,117,11720000000,56,state,
rx,11745816563,1,2,116,11610000000,56,state,
rx,11752641622,0,2,117,11700000000,56,state,
rx,11762164533,1,0,116,11610000000,56,state,
rx,11785685317,0,1,117,11700000000,56,state,
tx,11800000000,0,-1,118,11800000000,56,state,
tx,11810000000,1,-1,118,11810000000,56,state,
tx,11820000000,2,-1,118,11820000000,56,state,
rx,11839737628,1,2,118,11810000000,56,state,
rx,11853144400,0,1,118,11800000000,56,state,
rx,11876652165,1,2,117,11710000000,56,state,
rx,11886192673,2,1,117,11720000000,56,state,
rx,11899269281,2,0,117,11720000000,56,state,
tx,11900000000,0,-1,119,11900000000,56,state,
tx,11910000000,1,-1,119,11910000000,56,state,
tx,11920000000,2,-1,119,11920000000,56,state,
rx,11920149924,2,1,118,11820000000,56,state,
rx,11937541338,2,0,118,11820000000,56,state,
rx,11943557621,1,0,118,11810000000,56,state,
rx,11975159348,1,2,119,11910000000,56,state,
rx,11976223259,0,2,119,11900000000,56,state,
rx,11992807309,0,2,118,11800000000,56,state,
tx,12000000000,0,-1,120,12000000000,56,state,
rx,12006929520,1,0,119,11910000000,56,state,
tx,12010000000,1,-1,120,12010000000,56,state,
rx,12018798550,1,2,120,12010000000,56,state,
tx,12020000000,2,-1,120,12020000000,56,state,
rx,12033383340,1,0,120,12010000000,56,state,
rx,12044516377,0,2,120,12000000000,56,state,
rx,12076660153,0,1,119,11900000000,56,state,
rx,12078108406,2,0,119,11920000000,56,state,
rx,12081469801,2,1,119,11920000000,56,state,
tx,12100000000,0,-1,121,12100000000,56,state,
tx,12110000000,1,-1,121,12110000000,56,state,
tx,12120000000,2,-1,121,12120000000,56,state,
rx,12128777187,2,0,120,12020000000,56,state,
rx,12156460003,1,0,121,12110000000,56,state,
rx,12168361787,2,1,120,12020000000,56,state,
rx,12171925338,0,1,120,12000000000,56,state,
rx,12190826586,0,1,121,12100000000,56,state,
tx,12200000000,0,-1,122,12200000000,56,state,
tx,12210000000,1,-1,122,12210000000,56,state,
tx,12220000000,2,-1,122,12220000000,56,state,
rx,12248050395,1,0,122,12210000000,56,state,
rx,12269560772,2,0,122,12220000000,56,state,
rx,12277374301,1,2,121,12110000000,56,state,
rx,12279617931,0,1,122,12200000000,56,state,
rx,12293903621,2,0,121,12120000000,56,state,
rx,12296124730,0,2,121,12100000000,56,state,
tx,12300000000,0,-1,123,12300000000,56,state,
rx,12304961204,2,1,121,12120000000,56,state,
tx,12310000000,1,-1,123,12310000000,56,state,
tx,12320000000,2,-1,123,12320000000,56,state,
rx,12326990107,0,1,123,12300000000,56,state,
rx,12355045344,0,2,122,12200000000,56,state,
rx,12358715625,1,2,122,12210000000,56,state,
rx,12366755039,2,1,123,12320000000,56,state,
rx,12378090396,1,2,123,12310000000,56,state,
rx,12382540833,2,1,122,12220000000,56,state,
tx,12400000000,0,-1,124,12400000000,56,state,
tx,12410000000,1,-1,124,12410000000,56,state,
rx,12417920324,0,2,124,12400000000,56,state,
tx,12420000000,2,-1,124,12420000000,56,state,
rx,12439869960,2,0,124,12420000000,56,state,
rx,12465971224,1,0,123,12310000000,56,state,
rx,12474713636,0,2,123,12300000000,56,state,
rx,12485164423,1,0,124,12410000000,56,state,
rx,12491579233,2,0,123,12320000000,56,state,
tx,12500000000,0,-1,125,12500000000,56,state,
tx,12510000000,1,-1,125,12510000000,56,state,
rx,12513122620,1,2,124,12410000000,56,state,
rx,12513652992,0,2,125,12500000000,56,state,
tx,12520000000,2,-1,125,12520000000,56,state,
rx,12540768847,1,0,125,12510000000,56,state,
rx,12554750984,0,1,124,12400000000,56,state,
rx,12558431909,1,2,125,12510000000,56,state,
rx,12592716071,2,1,124,12420000000,56,state,
rx,12593233155,0,1,125,12500000000,56,state,
tx,12600000000,0,-1,126,12600000000,56,state,
tx,12610000000,1,-1,126,12610000000,56,state,
tx,12620000000,2,-1,126,12620000000,56,state,
rx,12644158733,2,1,125,12520000000,56,state,
rx,12658407503,0,1,126,12600000000,56,state,
rx,12687347240,1,2,126,12610000000,56,state,
rx,12699330072,0,2,126,12600000000,56,state,
tx,12700000000,0,-1,127,12700000000,56,state,
rx,12707948111,0,1,127,12700000000,56,state,
rx,12709189868,1,0,126,12610000000,56,state,
tx,12710000000,1,-1,127,12710000000,56,state,
tx,12720000000,2,-1,127,12720000000,56,state,
rx,12720258348,2,0,125,12520000000,56,state,
rx,12741784560,0,2,127,12700000000,56,state,
rx,12743250223,2,1,127,12720000000,56,state,
rx,12747288183,1,0,127,12710000000,56,state,
rx,12793368031,2,0,127,12720000000,56,state,
rx,12798530733,2,1,126,12620000000,56,state,
tx,12800000000,0,-1,128,12800000000,56,state,
rx,12806127535,2,0,126,12620000000,56,state,
tx,12810000000,1,-1,128,12810000000,56,state,
rx,12819707701,1,2,127,12710000000,56,state,
tx,12820000000,2,-1,128,12820000000,56,state,
rx,12850893752,2,1,128,12820000000,56,state,
rx,12855729617,1,2,128,12810000000,56,state,
rx,12871206573,1,0,128,12810000000,56,state,
rx,12890231413,0,2,128,12800000000,56,state,
tx,12900000000,0,-1,129,12900000000,56,state,
tx,12910000000,1,-1,129,12910000000,56,state,
tx,12920000000,2,-1,129,12920000000,56,state,
rx,12924868429,0,1,128,12800000000,56,state,
rx,12936476015,1,2,129,12910000000,56,state,
rx,12974597578,2,0,128,12820000000,56,state,
rx,12978389510,2,1,129,12920000000,56,state,
tx,13000000000,0,-1,130,13000000000,56,state,
tx,13010000000,1,-1,130,13010000000,56,state,
rx,13012528715,1,2,130,13010000000,56,state,
tx,13020000000,2,-1,130,13020000000,56,state,
rx,13034190785,1,0,129,12910000000,56,state,
rx,13038000029,0,1,129,12900000000,56,state,
rx,13056351108,0,2,129,12900000000,56,state,
rx,13072113856,2,0,129,12920000000,56,state,
rx,13098233250,1,0,130,13010000000,56,state,
tx,13100000000,0,-1,131,13100000000,56,state,
tx,13110000000,1,-1,131,13110000000,56,state,
tx,13120000000,2,-1,131,13120000000,56,state,
rx,13124529379,0,2,130,13000000000,56,state,
rx,13138501175,0,1,130,13000000000,56,state,
rx,13143539797,0,2,131,13100000000,56,state,
rx,13156249666,2,1,130,13020000000,56,state,
rx,13188450527,2,0,130,13020000000,56,state,
tx,13200000000,0,-1,132,13200000000,56,state,
tx,13210000000,1,-1,132,13210000000,56,state,
tx,13220000000,2,-1,132,13220000000,56,state,
rx,13220418835,1,2,131,13110000000,56,state,
rx,13228562279,0,1,131,13100000000,56,state,
rx,13251611751,0,1,132,13200000000,56,state,
rx,13260735217,1,0,132,13210000000,56,state,
rx,13264935944,2,1,131,13120000000,56,state,
rx,13280021354,1,0,131,13110000000,56,state,
rx,13288985959,2,0,131,13120000000,56,state,
rx,13293412487,1,2,132,13210000000,56,state,
tx,13300000000,0,-1,133,13300000000,56,state,
tx,13310000000,1,-1,133,13310000000,56,state,
rx,13316536644,0,2,132,13200000000,56,state,
tx,13320000000,2,-1,133,13320000000,56,state,
rx,13339791710,0,1,133,13300000000,56,state,
rx,13339857987,1,2,133,13310000000,56,state,
rx,13354011569,2,0,133,13320000000,56,state,
rx,13378318674,2,0,132,13220000000,56,state,
rx,13399722673,1,0,133,13310000000,56,state,
tx,13400000000,0,-1,134,13400000000,56,state,
rx,13409178642,2,1,132,13220000000,56,state,
tx,13410000000,1,-1,134,13410000000,56,state,
tx,13420000000,2,-1,134,13420000000,56,state,
rx,13427603574,1,2,134,13410000000,56,state,
rx,13431396938,1,0,134,13410000000,56,state,
rx,13461862768,0,2,134,13400000000,56,state,
rx,13470831568,2,1,133,13320000000,56,state,
rx,13498801250,0,2,133,13300000000,56,state,
tx,13500000000,0,-1,135,13500000000,56,state,
tx,13510000000,1,-1,135,13510000000,56,state,
rx,13516421841,1,0,135,13510000000,56,state,
rx,13517989855,2,0,134,13420000000,56,state,
tx,13520000000,2,-1,135,13520000000,56,state,
rx,13530597031,0,1,134,13400000000,56,state,
rx,13540602588,2,0,135,13520000000,56,state,
rx,13562957550,2,1,134,13420000000,56,state,
tx,13600000000,0,-1,136,13600000000,56,state,
tx,13610000000,1,-1,136,13610000000,56,state,
tx,13620000000,2,-1,136,13620000000,56,state,
rx,13643541505,2,1,136,13620000000,56,state,
rx,13654430642,0,2,135,13500000000,56,state,
rx,13660327674,1,2,135,13510000000,56,state,
rx,13665458403,0,1,135,13500000000,56,state,
rx,13688294115,0,1,136,13600000000,56,state,
tx,13700000000,0,-1,137,13700000000,56,state,
rx,13706330385,1,0,136,13610000000,56,state,
rx,13709038431,2,1,135,13520000000,56,state,
tx,13710000000,1,-1,137,13710000000,56,state,
tx,13720000000,2,-1,137,13720000000,56,state,
rx,13728191163,1,0,137,13710000000,56,state,
rx,13730813475,0,1,137,13700000000,56,state,
rx,13746127728,0,2,136,13600000000,56,state,
rx,13764760136,2,0,137,13720000000,56,state,
rx,13792879524,1,2,136,13610000000,56,state,
tx,13800000000,0,-1,138,13800000000,56,state,
rx,13806637546,2,0,136,13620000000,56,state,
tx,13810000000,1,-1,138,13810000000,56,state,
rx,13819911959,0,1,138,13800000000,56,state,
tx,13820000000,2,-1,138,13820000000,56,state,
rx,13832003398,0,2,137,13700000000,56,state,
rx,13834670057,1,2,137,13710000000,56,state,
rx,13841947699,0,2,138,13800000000,56,state,
rx,13853511025,2,0,138,13820000000,56,state,
rx,13888078568,2,1,137,13720000000,56,state,
tx,13900000000,0,-1,139,13900000000,56,state,
tx,13910000000,1,-1,139,13910000000,56,state,
tx,13920000000,2,-1,139,13920000000,56,state,
rx,13925860504,2,1,138,13820000000,56,state,
rx,13941736155,1,2,138,13810000000,56,state,
rx,13965148764,1,0,138,13810000000,56,state,
rx,13973970827,0,2,139,13900000000,56,state,
tx,14000000000,0,-1,140,14000000000,56,state,
rx,14007780286,0,1,139,13900000000,56,state,
tx,14010000000,1,-1,140,14010000000,56,state,
tx,14020000000,2,-1,140,14020000000,56,state,
rx,14020174392,0,2,140,14000000000,56,state,
rx,14074818063,2,0,139,13920000000,56,state,
rx,14091634711,1,0,139,13910000000,56,state,
tx,14100000000,0,-1,141,14100000000,56,state,
rx,14101603239,2,1,140,14020000000,56,state,
rx,14104014115,1,2,140,14010000000,56,state,
rx,14107170613,2,1,139,13920000000,56,state,
rx,14107784428,1,2,139,13910000000,56,state,
tx,14110000000,1,-1,141,14110000000,56,state,
tx,14120000000,2,-1,141,14120000000,56,state,
rx,14120238867,0,1,141,14100000000,56,state,
rx,14131975111,0,2,141,14100000000,56,state,
rx,14137940457,1,0,140,14010000000,56,state,
rx,14146185247,1,0,141,14110000000,56,state,
rx,14167816742,0,1,140,14000000000,56,state,
tx,14200000000,0,-1,142,14200000000,56,state,
tx,14210000000,1,-1,142,14210000000,56,state,
rx,14213903556,2,0,140,14020000000,56,state,
rx,14216065473,0,1,142,14200000000,56,state,
rx,14219082875,1,2,141,14110000000,56,state,
tx,14220000000,2,-1,142,14220000000,56,state,
rx,14226308379,0,2,142,14200000000,56,state,
rx,14256374204,2,1,142,14220000000,56,state,
rx,14264326515,2,1,141,14120000000,56,state,
rx,14291145666,2,0,141,14120000000,56,state,
tx,14300000000,0,-1,143,14300000000,56,state,
rx,14309098280,1,2,142,14210000000,56,state,
tx,14310000000,1,-1,143,14310000000,56,state,
tx,14320000000,2,-1,143,14320000000,56,state,
rx,14337069404,2,0,142,14220000000,56,state,
rx,14344717790,1,2,143,14310000000,56,state,
rx,14355895468,1,0,142,14210000000,56,state,
rx,14359267195,2,1,143,14320000000,56,state,
rx,14359606359,0,1,143,14300000000,56,state,
rx,14384789741,1,0,143,14310000000,56,state,
tx,14400000000,0,-1,144,14400000000,56,state,
tx,14410000000,1,-1,144,14410000000,56,state,
rx,14411208333,0,2,143,14300000000,56,state,
tx,14420000000,2,-1,144,14420000000,56,state,
rx,14478427068,2,0,143,14320000000,56,state,
tx,14500000000,0,-1,145,14500000000,56,state,
tx,14510000000,1,-1,145,14510000000,56,state,
rx,14512678298,0,1,145,14500000000,56,state,
tx,14520000000,2,-1,145,14520000000,56,state,
rx,14522158382,1,2,144,14410000000,56,state,
rx,14536353887,2,1,145,14520000000,56,state,
rx,14544736749,0,2,145,14500000000,56,state,
rx,14562263839,0,1,144,14400000000,56,state,
rx,14568839372,2,1,144,14420000000,56,state,
rx,14571523397,0,2,144,14400000000,56,state,
rx,14585496425,1,0,144,14410000000,56,state,
rx,14589835688,1,2,145,14510000000,56,state,
rx,14590289625,2,0,144,14420000000,56,state,
tx,14600000000,0,-1,146,14600000000,56,state,
rx,14606613140,1,0,145,14510000000,56,state,
tx,14610000000,1,-1,146,14610000000,56,state,
tx,14620000000,2,-1,146,14620000000,56,state,
rx,14631808451,0,2,146,14600000000,56,state,
rx,14646656353,0,1,146,14600000000,56,state,
rx,14647513188,2,0,146,14620000000,56,state,
rx,14665479128,1,2,146,14610000000,56,state,
rx,14671008087,2,1,146,14620000000,56,state,
rx,14696770354,2,0,145,14520000000,56,state,
tx,14700000000,0,-1,147,14700000000,56,state,
rx,14709496315,0,2,147,14700000000,56,state,
tx,14710000000,1,-1,147,14710000000,56,state,
tx,14720000000,2,-1,147,14720000000,56,state,
rx,14757690390,2,1,147,14720000000,56,state,
rx,14767927255,0,1,147,14700000000,56,state,
rx,14789898277,1,0,147,14710000000,56,state,
rx,14790621608,1,0,146,14610000000,56,state,
tx,14800000000,0,-1,148,14800000000,56,state,
tx,14810000000,1,-1,148,14810000000,56,state,
rx,14819372050,1,2,148,14810000000,56,state,
tx,14820000000,2,-1,148,14820000000,56,state,
rx,14831526108,0,1,148,14800000000,56,state,
rx,14879297649,1,0,148,14810000000,56,state,
rx,14890452530,1,2,147,14710000000,56,state,
tx,14900000000,0,-1,149,14900000000,56,state,
rx,14901650101,0,1,149,14900000000,56,state,
tx,14910000000,1,-1,149,14910000000,56,state,
rx,14910614561,2,0,147,14720000000,56,state,
tx,14920000000,2,-1,149,14920000000,56,state,
rx,14931916826,1,0,149,14910000000,56,state,
rx,14935156799,2,0,149,14920000000,56,state,
rx,14943307017,0,2,148,14800000000,56,state,
rx,14959714583,1,2,149,14910000000,56,state,
rx,14960316652,2,0,148,14820000000,56,state,
rx,14977837356,0,2,149,14900000000,56,state,
tx,15000000000,0,-1,150,15000000000,56,state,
tx,15010000000,1,-1,150,15010000000,56,state,
rx,15013113231,2,1,148,14820000000,56,state,
tx,15020000000,2,-1,150,15020000000,56,state,
rx,15042320120,2,1,150,15020000000,56,state,
rx,15045909141,2,0,150,15020000000,56,state,
rx,15061924038,2,1,149,14920000000,56,state,
tx,15100000000,0,-1,151,15100000000,56,state,
rx,15104606534,0,2,151,15100000000,56,state,
rx,15109500238,1,0,150,15010000000,56,state,
tx,15110000000,1,-1,151,15110000000,56,state,
rx,15111727723,0,2,150,15000000000,56,state,
tx,15120000000,2,-1,151,15120000000,56,state,
rx,15137460950,2,0,151,15120000000,56,state,
rx,15164061569,0,1,150,15000000000,56,state,
rx,15169501395,1,2,150,15010000000,56,state,
rx,15193204134,1,0,151,15110000000,56,state,
tx,15200000000,0,-1,152,15200000000,56,state,
tx,15210000000,1,-1,152,15210000000,56,state,
tx,15220000000,2,-1,152,15220000000,56,state,
rx,15221083446,1,2,151,15110000000,56,state,
rx,15229627474,2,1,151,15120000000,56,state,
rx,15247302783,0,1,151,15100000000,56,state,
rx,15253729753,0,2,152,15200000000,56,state,
rx,15259449353,2,0,152,15220000000,56,state,
tx,15300000000,0,-1,153,15300000000,56,state,
tx,15310000000,1,-1,153,15310000000,56,state,
rx,15315944478,2,1,152,15220000000,56,state,
tx,15320000000,2,-1,153,15320000000,56,state,
rx,15323700128,0,2,153,15300000000,56,state,
rx,15329055592,1,0,152,15210000000,56,state,
rx,15382643772,0,1,152,15200000000,56,state,
tx,15400000000,0,-1,154,15400000000,56,state,
rx,15405506345,1,2,153,15310000000,56,state,
rx,15408056182,1,2,152,15210000000,56,state,
tx,15410000000,1,-1,154,15410000000,56,state,
rx,15415442882,0,1,153,15300000000,56,state,
tx,15420000000,2,-1,154,15420000000,56,state,
rx,15433695462,1,2,154,15410000000,56,state,
rx,15445903884,2,0,153,15320000000,56,state,
rx,15471824059,0,2,154,15400000000,56,state,
rx,15479537143,2,0,154,15420000000,56,state,
rx,15497636632,1,0,153,15310000000,56,state,
tx,15500000000,0,-1,155,15500000000,56,state,
rx,15505043338,2,1,153,15320000000,56,state,
tx,15510000000,1,-1,155,15510000000,56,state,
rx,15513123165,2,1,154,15420000000,56,state,
tx,15520000000,2,-1,155,15520000000,56,state,
rx,15530724216,0,2,155,15500000000,56,state,
rx,15537283960,1,0,155,15510000000,56,state,
rx,15546219611,0,1,154,15400000000,56,state,
rx,15555739594,1,0,154,15410000000,56,state,
rx,15590452550,0,1,155,15500000000,56,state,
rx,15598767257,2,0,155,15520000000,56,state,
tx,15600000000,0,-1,156,15600000000,56,state,
tx,15610000000,1,-1,156,15610000000,56,state,
tx,15620000000,2,-1,156,15620000000,56,state,
rx,15634204035,1,2,155,15510000000,56,state,
rx,15667906978,0,1,156,15600000000,56,state,
rx,15669754087,0,2,156,15600000000,56,state,
tx,15700000000,0,-1,157,15700000000,56,state,
tx,15710000000,1,-1,157,15710000000,56,state,
rx,15711706200,2,1,155,15520000000,56,state,
tx,15720000000,2,-1,157,15720000000,56,state,
rx,15733718250,1,0,157,15710000000,56,state,
rx,15742243094,2,0,156,15620000000,56,state,
rx,15752892360,1,2,156,15610000000,56,state,
rx,15768591749,2,1,156,15620000000,56,state,
tx,15800000000,0,-1,158,15800000000,56,state,
rx,15801419001,0,2,157,15700000000,56,state,
rx,15806998255,1,2,157,15710000000,56,state,
rx,15809840985,1,0,156,15610000000,56,state,
tx,15810000000,1,-1,158,15810000000,56,state,
tx,15820000000,2,-1,158,15820000000,56,state,
rx,15824926332,2,1,157,15720000000,56,state,
rx,15826669023,0,1,157,15700000000,56,state,
rx,15842123268,0,2,158,15800000000,56,state,
rx,15888290522,1,0,158,15810000000,56,state,
rx,15896180104,2,0,158,15820000000,56,state,
tx,15900000000,0,-1,159,15900000000,56,state,
rx,15905702750,2,0,157,15720000000,56,state,
tx,15910000000,1,-1,159,15910000000,56,state,
tx,15920000000,2,-1,159,15920000000,56,state,
rx,15933218432,2,0,159,15920000000,56,state,
rx,15937793377,1,0,159,15910000000,56,state,
rx,15951654847,2,1,158,15820000000,56,state,
rx,15961340995,0,1,158,15800000000,56,state,
rx,15963629936,1,2,158,15810000000,56,state,
tx,16000000000,0,-1,160,16000000000,56,state,
rx,16002385699,0,1,160,16000000000,56,state,
tx,16010000000,1,-1,160,16010000000,56,state,
rx,16019121166,2,1,159,15920000000,56,state,
tx,16020000000,2,-1,160,16020000000,56,state,
rx,16025871035,1,2,160,16010000000,56,state,
rx,16037080716,0,1,159,15900000000,56,state,
rx,16062086098,2,1,160,16020000000,56,state,
rx,16078519674,2,0,160,16020000000,56,state,
rx,16083775131,0,2,160,16000000000,56,state,
rx,16087395757,0,2,159,15900000000,56,state,
tx,16100000000,0,-1,161,16100000000,56,state,
rx,16101662263,1,2,159,15910000000,56,state,
tx,16110000000,1,-1,161,16110000000,56,state,
rx,16117426630,1,2,161,16110000000,56,state,
tx,16120000000,2,-1,161,16120000000,56,state,
rx,16171611751,0,2,161,16100000000,56,state,
rx,16173949284,1,0,160,16010000000,56,state,
rx,16194130089,0,1,161,16100000000,56,state,
rx,16197406368,2,0,161,16120000000,56,state,
tx,16200000000,0,-1,162,16200000000,56,state,
tx,16210000000,1,-1,162,16210000000,56,state,
rx,16213836170,1,2,162,16210000000,56,state,
tx,16220000000,2,-1,162,16220000000,56,state,
rx,16235330410,2,1,161,16120000000,56,state,
rx,16249520080,0,1,162,16200000000,56,state,
rx,16297269000,1,0,161,16110000000,56,state,
tx,16300000000,0,-1,163,16300000000,56,state,
tx,16310000000,1,-1,163,16310000000,56,state,
tx,16320000000,2,-1,163,16320000000,56,state,
rx,16329186397,0,2,162,16200000000,56,state,
rx,16349464958,2,0,162,16220000000,56,state,
rx,16385438073,1,0,163,16310000000,56,state,
rx,16387865503,1,0,162,16210000000,56,state,
tx,16400000000,0,-1,164,16400000000,56,state,
tx,16410000000,1,-1,164,16410000000,56,state,
rx,16411530979,0,1,163,16300000000,56,state,
rx,16412510029,2,1,162,16220000000,56,state,
rx,16414748542,2,0,163,16320000000,56,state,
tx,16420000000,2,-1,164,16420000000,56,state,
rx,16439102443,2,1,163,16320000000,56,state,
rx,16448273886,0,1,164,16400000000,56,state,
rx,16452552967,1,2,163,16310000000,56,state,
rx,16482931246,0,2,164,16400000000,56,state,
rx,16496456583,0,2,163,16300000000,56,state,
tx,16500000000,0,-1,165,16500000000,56,state,
tx,16510000000,1,-1,165,16510000000,56,state,
tx,16520000000,2,-1,165,16520000000,56,state,
rx,16532076912,2,0,164,16420000000,56,state,
rx,16545554886,1,0,164,16410000000,56,state,
rx,16547941808,0,2,165,16500000000,56,state,
rx,16555047363,2,1,164,16420000000,56,state,
rx,16567362010,1,2,165,16510000000,56,state,
tx,16600000000,0,-1,166,16600000000,56,state,
rx,16603266011,1,2,164,16410000000,56,state,
tx,16610000000,1,-1,166,16610000000,56,state,
tx,16620000000,2,-1,166,16620000000,56,state,
rx,16625754408,2,1,165,16520000000,56,state,
rx,16631131346,1,0,166,16610000000,56,state,
rx,16632148167,2,1,166,16620000000,56,state,
rx,16656068139,1,2,166,16610000000,56,state,
rx,16662190211,0,1,165,16500000000,56,state,
rx,16680726687,0,2,166,16600000000,56,state,
rx,16699970574,1,0,165,16510000000,56,state,
tx,16700000000,0,-1,167,16700000000,56,state,
rx,16700491947,0,1,166,16600000000,56,state,
rx,16704753210,2,0,165,16520000000,56,state,
tx,16710000000,1,-1,167,16710000000,56,state,
rx,16712711686,1,0,167,16710000000,56,state,
tx,16720000000,2,-1,167,16720000000,56,state,
rx,16720498839,0,1,167,16700000000,56,state,
rx,16762600651,2,0,166,16620000000,56,state,
rx,16770689877,2,1,167,16720000000,56,state,
tx,16800000000,0,-1,168,16800000000,56,state,
tx,16810000000,1,-1,168,16810000000,56,state,
tx,16820000000,2,-1,168,16820000000,56,state,
rx,16826433535,1,2,167,16710000000,56,state,
rx,16830050523,2,0,167,16720000000,56,state,
rx,16874474848,0,1,168,16800000000,56,state,
rx,16877535032,0,2,167,16700000000,56,state,
rx,16877609102,1,0,168,16810000000,56,state,
rx,16894024363,1,2,168,16810000000,56,state,
tx,16900000000,0,-1,169,16900000000,56,state,
tx,16910000000,1,-1,169,16910000000,56,state,
tx,16920000000,2,-1,169,16920000000,56,state,
rx,16920508762,2,1,168,16820000000,56,state,
rx,16924624788,0,2,168,16800000000,56,state,
rx,16936006768,0,2,169,16900000000,56,state,
rx,16987017392,2,0,168,16820000000,56,state,
rx,16987711434,1,2,169,16910000000,56,state,
tx,17000000000,0,-1,170,17000000000,56,state,
tx,17010000000,1,-1,170,17010000000,56,state,
tx,17020000000,2,-1,170,17020000000,56,state,
rx,17031769586,1,0,169,16910000000,56,state,
rx,17041219206,0,1,169,16900000000,56,state,
rx,17050156062,2,0,170,17020000000,56,state,
rx,17062377412,2,1,169,16920000000,56,state,
rx,17069743645,0,1,170,17000000000,56,state,
rx,17071720449,2,0,169,16920000000,56,state,
tx,17100000000,0,-1,171,17100000000,56,state,
tx,17110000000,1,-1,171,17110000000,56,state,
rx,17110258536,1,2,170,17010000000,56,state,
tx,17120000000,2,-1,171,17120000000,56,state,
rx,17137943784,2,1,170,17020000000,56,state,
rx,17180943307,1,0,171,17110000000,56,state,
rx,17184312019,1,0,170,17010000000,56,state,
rx,17196814349,0,2,170,17000000000,56,state,
tx,17200000000,0,-1,172,17200000000,56,state,
tx,17210000000,1,-1,172,17210000000,56,state,
rx,17212131331,1,2,171,17110000000,56,state,
tx,17220000000,2,-1,172,17220000000,56,state,
rx,17224594956,0,1,171,17100000000,56,state,
rx,17251036029,2,0,172,17220000000,56,state,
rx,17269734719,1,0,172,17210000000,56,state,
rx,17274150438,0,2,172,17200000000,56,state,
rx,17281165532,2,1,171,17120000000,56,state,
rx,17288294781,0,2,171,17100000000,56,state,
rx,17299036709,2,0,171,17120000000,56,state,
tx,17300000000,0,-1,173,17300000000,56,state,
rx,17303035944,2,1,172,17220000000,56,state,
tx,17310000000,1,-1,173,17310000000,56,state,
tx,17320000000,2,-1,173,17320000000,56,state,
rx,17323132196,0,1,172,17200000000,56,state,
rx,17327517485,0,2,173,17300000000,56,state,
rx,17373703017,1,2,172,17210000000,56,state,
rx,17374852545,1,2,173,17310000000,56,state,
tx,17400000000,0,-1,174,17400000000,56,state,
tx,17410000000,1,-1,174,17410000000,56,state,
rx,17413217580,0,1,173,17300000000,56,state,
tx,17420000000,2,-1,174,17420000000,56,state,
rx,17422789687,2,1,174,17420000000,56,state,
rx,17429399799,1,0,173,17310000000,56,state,
rx,17441777279,0,1,174,17400000000,56,state,
rx,17480281482,2,0,173,17320000000,56,state,
rx,17484396643,1,0,174,17410000000,56,state,
rx,17485538908,2,1,173,17320000000,56,state,
tx,17500000000,0,-1,175,17500000000,56,state,
tx,17510000000,1,-1,175,17510000000,56,state,
tx,17520000000,2,-1,175,17520000000,56,state,
rx,17520119150,1,2,174,17410000000,56,state,
rx,17520592172,0,2,175,17500000000,56,state,
rx,17544362245,2,1,175,17520000000,56,state,
rx,17584959970,2,0,174,17420000000,56,state,
rx,17585763020,0,2,174,17400000000,56,state,
rx,17594704528,2,0,175,17520000000,56,state,
tx,17600000000,0,-1,176,17600000000,56,state,
tx,17610000000,1,-1,176,17610000000,56,state,
tx,17620000000,2,-1,176,17620000000,56,state,
rx,17637548531,0,1,175,17500000000,56,state,
rx,17640187731,1,2,176,17610000000,56,state,
rx,17648434794,0,2,176,17600000000,56,state,
rx,17651347911,0,1,176,17600000000,56,state,
rx,17652582442,1,0,175,17510000000,56,state,
rx,17676619437,2,0,176,17620000000,56,state,
rx,17689290435,2,1,176,17620000000,56,state,
tx,17700000000,0,-1,177,17700000000,56,state,
rx,17707299656,1,2,175,17510000000,56,state,
tx,17710000000,1,-1,177,17710000000,56,state,
rx,17710481462,0,1,177,17700000000,56,state,
rx,17712141763,1,0,176,17610000000,56,state,
tx,17720000000,2,-1,177,17720000000,56,state,
rx,17755404201,2,1,177,17720000000,56,state,
tx,17800000000,0,-1,178,17800000000,56,state,
tx,17810000000,1,-1,178,17810000000,56,state,
rx,17813510309,1,2,178,17810000000,56,state,
tx,17820000000,2,-1,178,17820000000,56,state,
rx,17821569022,2,0,177,17720000000,56,state,
rx,17833955980,0,1,178,17800000000,56,state,
rx,17834942489,1,2,177,17710000000,56,state,
rx,17847351692,0,2,178,17800000000,56,state,
rx,17853901685,1,0,177,17710000000,56,state,
rx,17892180877,0,2,177,17700000000,56,state,
tx,17900000000,0,-1,179,17900000000,56,state,
tx,17910000000,1,-1,179,17910000000,56,state,
tx,17920000000,2,-1,179,17920000000,56,state,
rx,17927396675,2,1,178,17820000000,56,state,
rx,17930773155,0,1,179,17900000000,56,state,
rx,17932832115,2,1,179,17920000000,56,state,
rx,17944919253,2,0,178,17820000000,56,state,
rx,17996011404,1,0,178,17810000000,56,state,
tx,18000000000,0,-1,180,18000000000,56,state,
rx,18008203105,1,2,179,17910000000,56,state,
tx,18010000000,1,-1,180,18010000000,56,state,
tx,18020000000,2,-1,180,18020000000,56,state,
rx,18034571053,1,0,180,18010000000,56,state,
rx,18043402493,0,1,180,18000000000,56,state,
rx,18057854917,0,2,180,18000000000,56,state,
rx,18064372437,2,0,179,17920000000,56,state,
rx,18075651136,0,2,179,17900000000,56,state,
rx,18092649405,1,2,180,18010000000,56,state,
rx,18099630082,1,0,179,17910000000,56,state,
tx,18100000000,0,-1,181,18100000000,56,state,
tx,18110000000,1,-1,181,18110000000,56,state,
tx,18120000000,2,-1,181,18120000000,56,state,
rx,18130336124,2,0,180,18020000000,56,state,
rx,18132821239,0,2,181,18100000000,56,state,
rx,18149298181,1,2,181,18110000000,56,state,
rx,18161173939,2,1,181,18120000000,56,state,
rx,18163356917,2,0,181,18120000000,56,state,
rx,18173789135,2,1,180,18020000000,56,state,
rx,18199498150,0,1,181,18100000000,56,state,
tx,18200000000,0,-1,182,18200000000,56,state,
tx,18210000000,1,-1,182,18210000000,56,state,
tx,18220000000,2,-1,182,18220000000,56,state,
rx,18232549907,0,2,182,18200000000,56,state,
rx,18232698706,2,0,182,18220000000,56,state,
rx,18263045804,1,0,181,18110000000,56,state,
rx,18279997274,2,1,182,18220000000,56,state,
rx,18296411278,0,1,182,18200000000,56,state,
tx,18300000000,0,-1,183,18300000000,56,state,
tx,18310000000,1,-1,183,18310000000,56,state,
tx,18320000000,2,-1,183,18320000000,56,state,
rx,18331962820,1,2,183,18310000000,56,state,
rx,18332337672,1,2,182,18210000000,56,state,
rx,18360952278,1,0,183,18310000000,56,state,
rx,18377222480,1,0,182,18210000000,56,state,
tx,18400000000,0,-1,184,18400000000,56,state,
tx,18410000000,1,-1,184,18410000000,56,state,
tx,18420000000,2,-1,184,18420000000,56,state,
rx,18433045471,0,2,184,18400000000,56,state,
rx,18434008413,2,1,183,18320000000,56,state,
rx,18436841741,1,0,184,18410000000,56,state,
rx,18450003870,0,1,183,18300000000,56,state,
rx,18450674030,2,0,183,18320000000,56,state,
rx,18457834572,0,2,183,18300000000,56,state,
tx,18500000000,0,-1,185,18500000000,56,state,
tx,18510000000,1,-1,185,18510000000,56,state,
rx,18515416947,1,2,184,18410000000,56,state,
rx,18515985107,2,1,184,18420000000,56,state,
tx,18520000000,2,-1,185,18520000000,56,state,
rx,18551920355,1,2,185,18510000000,56,state,
rx,18597647093,0,1,184,18400000000,56,state,
rx,18599546858,2,0,184,18420000000,56,state,
tx,18600000000,0,-1,186,18600000000,56,state,
rx,18606756516,2,1,185,18520000000,56,state,
tx,18610000000,1,-1,186,18610000000,56,state,
rx,18618749075,1,0,185,18510000000,56,state,
tx,18620000000,2,-1,186,18620000000,56,state,
rx,18647737410,2,0,185,18520000000,56,state,
rx,18666842068,0,1,185,18500000000,56,state,
rx,18679982063,0,2,186,18600000000,56,state,
rx,18681663064,0,2,185,18500000000,56,state,
rx,18689100064,1,0,186,18610000000,56,state,
rx,18691814098,2,1,186,18620000000,56,state,
tx,18700000000,0,-1,187,18700000000,56,state,
tx,18710000000,1,-1,187,18710000000,56,state,
rx,18716737284,1,0,187,18710000000,56,state,
rx,18719396268,1,2,186,18610000000,56,state,
tx,18720000000,2,-1,187,18720000000,56,state,
rx,18752113598,2,1,187,18720000000,56,state,
rx,18752193200,2,0,186,18620000000,56,state,
rx,18762520403,0,2,187,18700000000,56,state,
rx,18765412683,2,0,187,18720000000,56,state,
rx,18794130898,0,1,186,18600000000,56,state,
tx,18800000000,0,-1,188,18800000000,56,state,
tx,18810000000,1,-1,188,18810000000,56,state,
tx,18820000000,2,-1,188,18820000000,56,state,
rx,18824358186,0,2,188,18800000000,56,state,
rx,18853875204,1,2,187,18710000000,56,state,
rx,18860375919,2,0,188,18820000000,56,state,
rx,18861581887,1,0,188,18810000000,56,state,
rx,18877440988,1,2,188,18810000000,56,state,
rx,18886224095,0,1,187,18700000000,56,state,
tx,18900000000,0,-1,189,18900000000,56,state,
tx,18910000000,1,-1,189,18910000000,56,state,
tx,18920000000,2,-1,189,18920000000,56,state,
rx,18927292497,0,2,189,18900000000,56,state,
rx,18931734927,2,0,189,18920000000,56,state,
rx,18938728616,1,0,189,18910000000,56,state,
rx,18990377864,0,1,188,18800000000,56,state,
tx,19000000000,0,-1,190,19000000000,56,state,
rx,19002010622,1,2,189,18910000000,56,state,
tx,19010000000,1,-1,190,19010000000,56,state,
rx,19018185143,2,1,188,18820000000,56,state,
tx,19020000000,2,-1,190,19020000000,56,state,
rx,19072377153,0,2,190,19000000000,56,state,
rx,19077515649,0,1,189,18900000000,56,state,
rx,19078348517,1,0,190,19010000000,56,state,
rx,19090059642,2,1,189,18920000000,56,state,
tx,19100000000,0,-1,191,19100000000,56,state,
tx,19110000000,1,-1,191,19110000000,56,state,
tx,19120000000,2,-1,191,19120000000,56,state,
rx,19146971967,0,1,190,19000000000,56,state,
rx,19158589101,1,2,190,19010000000,56,state,
rx,19186079963,0,2,191,19100000000,56,state,
rx,19193781351,1,0,191,19110000000,56,state,
tx,19200000000,0,-1,192,19200000000,56,state,
tx,19210000000,1,-1,192,19210000000,56,state,
rx,19210203193,2,0,190,19020000000,56,state,
rx,19214515429,2,1,190,19020000000,56,state,
tx,19220000000,2,-1,192,19220000000,56,state,
rx,19234661511,0,1,192,19200000000,56,state,
rx,19246509559,0,2,192,19200000000,56,state,
rx,19247129958,1,2,192,19210000000,56,state,
rx,19260135936,1,2,191,19110000000,56,state,
rx,19267364075,2,0,191,19120000000,56,state,
rx,19296146211,0,1,191,19100000000,56,state,
tx,19300000000,0,-1,193,19300000000,56,state,
rx,19308608832,2,1,191,19120000000,56,state,
tx,19310000000,1,-1,193,19310000000,56,state,
rx,19311397529,1,2,193,19310000000,56,state,
tx,19320000000,2,-1,193,19320000000,56,state,
rx,19336672489,1,0,192,19210000000,56,state,
rx,19341523352,2,1,192,19220000000,56,state,
rx,19362440856,2,0,192,19220000000,56,state,
tx,19400000000,0,-1,194,19400000000,56,state,
rx,19409173064,0,1,194,19400000000,56,state,
tx,19410000000,1,-1,194,19410000000,56,state,
tx,19420000000,2,-1,194,19420000000,56,state,
rx,19436046280,2,1,193,19320000000,56,state,
rx,19443128471,2,0,193,19320000000,56,state,
rx,19447429293,1,0,193,19310000000,56,state,
rx,19452480395,0,2,193,19300000000,56,state,
rx,19457678815,2,0,194,19420000000,56,state,
rx,19479354681,0,1,193,19300000000,56,state,
rx,19480085905,1,2,194,19410000000,56,state,
rx,19498478822,2,1,194,19420000000,56,state,
tx,19500000000,0,-1,195,19500000000,56,state,
tx,19510000000,1,-1,195,19510000000,56,state,
tx,19520000000,2,-1,195,19520000000,56,state,
rx,19526613904,1,2,195,19510000000,56,state,
rx,19548777197,0,1,195,19500000000,56,state,
rx,19552216025,0,2,195,19500000000,56,state,
rx,19566385903,1,0,194,19410000000,56,state,
rx,19568654601,2,1,195,19520000000,56,state,
rx,19571378571,0,2,194,19400000000,56,state,
rx,19586223091,2,0,195,19520000000,56,state,
tx,19600000000,0,-1,196,19600000000,56,state,
tx,19610000000,1,-1,196,19610000000,56,state,
tx,19620000000,2,-1,196,19620000000,56,state,
rx,19623260665,1,2,196,19610000000,56,state,
rx,19637543871,2,1,196,19620000000,56,state,
rx,19646248123,0,1,196,19600000000,56,state,
rx,19696051004,1,0,195,19510000000,56,state,
tx,19700000000,0,-1,197,19700000000,56,state,
rx,19708897719,2,0,196,19620000000,56,state,
tx,19710000000,1,-1,197,19710000000,56,state,
tx,19720000000,2,-1,197,19720000000,56,state,
rx,19735966588,1,0,196,19610000000,56,state,
rx,19743566048,0,2,196,19600000000,56,state,
rx,19746439323,0,2,197,19700000000,56,state,
tx,19800000000,0,-1,198,19800000000,56,state,
rx,19803349632,0,1,197,19700000000,56,state,
rx,19808492957,1,0,197,19710000000,56,state,
tx,19810000000,1,-1,198,19810000000,56,state,
tx,19820000000,2,-1,198,19820000000,56,state,
rx,19822436948,2,0,197,19720000000,56,state,
rx,19823048039,2,1,197,19720000000,56,state,
rx,19840553167,1,2,197,19710000000,56,state,
tx,19900000000,0,-1,199,19900000000,56,state,
rx,19909477619,0,2,199,19900000000,56,state,
tx,19910000000,1,-1,199,19910000000,56,state,
rx,19915494495,1,2,199,19910000000,56,state,
tx,19920000000,2,-1,199,19920000000,56,state,
rx,19921448433,0,2,198,19800000000,56,state,
rx,19930478270,2,1,198,19820000000,56,state,
rx,19944791172,2,0,198,19820000000,56,state,
rx,19958874461,0,1,198,19800000000,56,state,
rx,19966507427,1,0,198,19810000000,56,state,
rx,19966934714,1,2,198,19810000000,56,state,
rx,19979125423,2,0,199,19920000000,56,state,
rx,19991572209,0,1,199,19900000000,56,state,
tx,20000000000,0,-1,200,20000000000,56,state,
rx,20001373826,2,1,199,19920000000,56,state,
tx,20010000000,1,-1,200,20010000000,56,state,
rx,20013558021,1,0,199,19910000000,56,state,
tx,20020000000,2,-1,200,20020000000,56,state,
rx,20040734629,1,0,200,20010000000,56,state,
rx,20077334088,0,1,200,20000000000,56,state,
rx,20093752106,0,2,200,20000000000,56,state,
rx,20094475287,2,0,200,20020000000,56,state,
rx,20098667789,2,1,200,20020000000,56,state,
tx,20100000000,0,-1,201,20100000000,56,state,
tx,20110000000,1,-1,201,20110000000,56,state,
rx,20110891824,0,1,201,20100000000,56,state,
tx,20120000000,2,-1,201,20120000000,56,state,
rx,20126265308,1,0,201,20110000000,56,state,
rx,20126643360,2,1,201,20120000000,56,state,
rx,20189511551,1,2,201,20110000000,56,state,
tx,20200000000,0,-1,202,20200000000,56,state,
rx,20202802947,1,2,200,20010000000,56,state,
rx,20209461167,2,0,201,20120000000,56,state,
tx,20210000000,1,-1,202,20210000000,56,state,
tx,20220000000,2,-1,202,20220000000,56,state,
rx,20220954097,1,0,202,20210000000,56,state,
rx,20229002178,2,1,202,20220000000,56,state,
rx,20230906552,0,2,201,20100000000,56,state,
rx,20248155539,1,2,202,20210000000,56,state,
rx,20276083558,2,0,202,20220000000,56,state,
tx,20300000000,0,-1,203,20300000000,56,state,
tx,20310000000,1,-1,203,20310000000,56,state,
tx,20320000000,2,-1,203,20320000000,56,state,
rx,20358194629,2,0,203,20320000000,56,state,
rx,20361871411,1,2,203,20310000000,56,state,
rx,20370224180,2,1,203,20320000000,56,state,
rx,20370419703,0,2,202,20200000000,56,state,
rx,20391611474,1,0,203,20310000000,56,state,
rx,20393465535,0,1,203,20300000000,56,state,
rx,20393553601,0,1,202,20200000000,56,state,
rx,20394160529,0,2,203,20300000000,56,state,
tx,20400000000,0,-1,204,20400000000,56,state,
tx,20410000000,1,-1,204,20410000000,56,state,
tx,20420000000,2,-1,204,20420000000,56,state,
rx,20436226505,2,0,204,20420000000,56,state,
rx,20492036501,2,1,204,20420000000,56,state,
tx,20500000000,0,-1,205,20500000000,56,state,
tx,20510000000,1,-1,205,20510000000,56,state,
rx,20516068079,1,0,204,20410000000,56,state,
tx,20520000000,2,-1,205,20520000000,56,state,
rx,20528439487,1,2,205,20510000000,56,state,
rx,20531452909,0,2,204,20400000000,56,state,
rx,20558931971,0,1,204,20400000000,56,state,
rx,20579320935,1,2,204,20410000000,56,state,
rx,20582705167,0,1,205,20500000000,56,state,
tx,20600000000,0,-1,206,20600000000,56,state,
tx,20610000000,1,-1,206,20610000000,56,state,
rx,20615356383,1,2,206,20610000000,56,state,
tx,20620000000,2,-1,206,20620000000,56,state,
rx,20644694173,0,2,205,20500000000,56,state,
rx,20645794201,2,1,205,20520000000,56,state,
rx,20646191785,2,0,205,20520000000,56,state,
rx,20654164688,1,0,205,20510000000,56,state,
rx,20657132341,2,0,206,20620000000,56,state,
tx,20700000000,0,-1,207,20700000000,56,state,
tx,20710000000,1,-1,207,20710000000,56,state,
rx,20715289588,1,0,207,20710000000,56,state,
rx,20716719482,1,0,206,20610000000,56,state,
tx,20720000000,2,-1,207,20720000000,56,state,
rx,20733614939,2,1,206,20620000000,56,state,
rx,20737984998,2,0,207,20720000000,56,state,
rx,20749901417,0,2,206,20600000000,56,state,
rx,20774738764,0,1,207,20700000000,56,state,
rx,20792816256,0,1,206,20600000000,56,state,
tx,20800000000,0,-1,208,20800000000,56,state,
tx,20810000000,1,-1,208,20810000000,56,state,
tx,20820000000,2,-1,208,20820000000,56,state,
rx,20826190952,0,2,207,20700000000,56,state,
rx,20830798647,2,1,207,20720000000,56,state,
rx,20882556566,2,0,208,20820000000,56,state,
rx,20892928954,1,2,207,20710000000,56,state,
tx,20900000000,0,-1,209,20900000000,56,state,
tx,20910000000,1,-1,209,20910000000,56,state,
rx,20910662396,0,1,209,20900000000,56,state,
rx,20917934870,0,1,208,20800000000,56,state,
rx,20917969726,1,2,209,20910000000,56,state,
tx,20920000000,2,-1,209,20920000000,56,state,
rx,20923373647,1,0,208,20810000000,56,state,
rx,20927372443,1,2,208,20810000000,56,state,
rx,20963437049,2,0,209,20920000000,56,state,
rx,20974478268,2,1,208,20820000000,56,state,
rx,20980688541,0,2,208,20800000000,56,state,
tx,21000000000,0,-1,210,21000000000,56,state,
tx,21010000000,1,-1,210,21010000000,56,state,
tx,21020000000,2,-1,210,21020000000,56,state,
rx,21056633356,2,1,209,20920000000,56,state,
rx,21057210217,2,0,210,21020000000,56,state,
rx,21057572419,0,2,209,20900000000,56,state,
rx,21060217893,0,1,210,21000000000,56,state,
rx,21062702219,1,2,210,21010000000,56,state,
rx,21078204324,1,0,209,20910000000,56,state,
rx,21084144502,0,2,210,21000000000,56,state,
tx,21100000000,0,-1,211,21100000000,56,state,
tx,21110000000,1,-1,211,21110000000,56,state,
rx,21113510217,0,2,211,21100000000,56,state,
tx,21120000000,2,-1,211,21120000000,56,state,
rx,21153418477,2,1,210,21020000000,56,state,
rx,21173473612,2,0,211,21120000000,56,state,
rx,21180466497,1,0,210,21010000000,56,state,
tx,21200000000,0,-1,212,21200000000,56,state,
tx,21210000000,1,-1,212,21210000000,56,state,
tx,21220000000,2,-1,212,21220000000,56,state,
rx,21232031498,0,2,212,21200000000,56,state,
rx,21232812514,1,2,211,21110000000,56,state,
rx,21251496055,2,1,211,21120000000,56,state,
rx,21265039951,1,0,212,21210000000,56,state,
rx,21268794935,0,1,212,21200000000,56,state,
rx,21271326972,2,1,212,21220000000,56,state,
rx,21271810810,0,1,211,21100000000,56,state,
rx,21285456395,1,0,211,21110000000,56,state,
tx,21300000000,0,-1,213,21300000000,56,state,
tx,21310000000,1,-1,213,21310000000,56,state,
tx,21320000000,2,-1,213,21320000000,56,state,
rx,21347834051,2,0,213,21320000000,56,state,
rx,21351971149,0,2,213,21300000000,56,state,
rx,21353947438,1,2,213,21310000000,56,state,
rx,21381552917,1,2,212,21210000000,56,state,
rx,21382760441,1,0,213,21310000000,56,state,
rx,21385860286,2,0,212,21220000000,56,state,
tx,21400000000,0,-1,214,21400000000,56,state,
tx,21410000000,1,-1,214,21410000000,56,state,
tx,21420000000,2,-1,214,21420000000,56,state,
rx,21444128377,0,1,214,21400000000,56,state,
rx,21499100370,0,1,213,21300000000,56,state,
tx,21500000000,0,-1,215,21500000000,56,state,
rx,21501939385,2,1,213,21320000000,56,state,
rx,21502101351,1,0,214,21410000000,56,state,
rx,21506222168,0,1,215,21500000000,56,state,
tx,21510000000,1,-1,215,21510000000,56,state,
tx,21520000000,2,-1,215,21520000000,56,state,
rx,21528158133,1,2,215,21510000000,56,state,
rx,21553889560,1,2,214,21410000000,56,state,
rx,21565409533,2,0,214,21420000000,56,state,
rx,21586873087,0,2,214,21400000000,56,state,
tx,21600000000,0,-1,216,21600000000,56,state,
rx,21601879910,2,1,214,21420000000,56,state,
tx,21610000000,1,-1,216,21610000000,56,state,
rx,21615271093,2,1,215,21520000000,56,state,
rx,21615420087,1,0,215,21510000000,56,state,
tx,21620000000,2,-1,216,21620000000,56,state,
rx,21623009659,2,0,216,21620000000,56,state,
rx,21638079942,2,0,215,21520000000,56,state,
rx,21685682603,0,2,215,21500000000,56,state,
rx,21687106530,2,1,216,21620000000,56,state,
tx,21700000000,0,-1,217,21700000000,56,state,
rx,21702170957,0,1,216,21600000000,56,state,
rx,21708892511,0,1,217,21700000000,56,state,
tx,21710000000,1,-1,217,21710000000,56,state,
tx,21720000000,2,-1,217,21720000000,56,state,
rx,21741705200,2,0,217,21720000000,56,state,
rx,21746543300,2,1,217,21720000000,56,state,
rx,21755073436,1,2,216,21610000000,56,state,
rx,21763481895,0,2,217,21700000000,56,state,
rx,21782228998,0,2,216,21600000000,56,state,
rx,21785605875,1,0,216,21610000000,56,state,
rx,21794461830,1,2,217,21710000000,56,state,
tx,21800000000,0,-1,218,21800000000,56,state,
tx,21810000000,1,-1,218,21810000000,56,state,
tx,21820000000,2,-1,218,21820000000,56,state,
rx,21839251836,1,0,217,21710000000,56,state,
rx,21891683965,1,0,218,21810000000,56,state,
tx,21900000000,0,-1,219,21900000000,56,state,
rx,21909473544,1,2,218,21810000000,56,state,
tx,21910000000,1,-1,219,21910000000,56,state,
tx,21920000000,2,-1,219,21920000000,56,state,
rx,21921073101,2,0,219,21920000000,56,state,
rx,21938222228,2,0,218,21820000000,56,state,
rx,21944737053,0,1,218,21800000000,56,state,
rx,21945013043,0,2,219,21900000000,56,state,
rx,21962599407,0,2,218,21800000000,56,state,
rx,21978437342,2,1,218,21820000000,56,state,
rx,21993664820,1,2,219,21910000000,56,state,
tx,22000000000,0,-1,220,22000000000,56,state,
tx,22010000000,1,-1,220,22010000000,56,state,
rx,22017844209,1,2,220,22010000000,56,state,
tx,22020000000,2,-1,220,22020000000,56,state,
rx,22051466367,0,1,220,22000000000,56,state,
rx,22055546692,1,0,219,21910000000,56,state,
rx,22058548844,2,0,220,22020000000,56,state,
rx,22063404181,0,1,219,21900000000,56,state,
rx,22069286101,2,1,219,21920000000,56,state,
tx,22100000000,0,-1,221,22100000000,56,state,
rx,22104199002,2,1,220,22020000000,56,state,
tx,22110000000,1,-1,221,22110000000,56,state,
tx,22120000000,2,-1,221,22120000000,56,state,
rx,22133925225,0,2,220,22000000000,56,state,
rx,22146290554,2,0,221,22120000000,56,state,
rx,22155496475,1,0,220,22010000000,56,state,
rx,22159791935,1,2,221,22110000000,56,state,
tx,22200000000,0,-1,222,22200000000,56,state,
tx,22210000000,1,-1,222,22210000000,56,state,
tx,22220000000,2,-1,222,22220000000,56,state,
rx,22223823000,0,2,221,22100000000,56,state,
rx,22234945525,2,1,222,22220000000,56,state,
rx,22276152737,1,2,222,22210000000,56,state,
rx,22276549174,0,2,222,22200000000,56,state,
rx,22277211710,0,1,221,22100000000,56,state,
rx,22277637439,1,0,221,22110000000,56,state,
rx,22280026799,2,1,221,22120000000,56,state,
tx,22300000000,0,-1,223,22300000000,56,state,
tx,22310000000,1,-1,223,22310000000,56,state,
tx,22320000000,2,-1,223,22320000000,56,state,
rx,22335997269,0,2,223,22300000000,56,state,
rx,22373659812,2,0,222,22220000000,56,state,
rx,22378779971,0,1,222,22200000000,56,state,
rx,22381775790,2,1,223,22320000000,56,state,
rx,22389136635,1,0,222,22210000000,56,state,
tx,22400000000,0,-1,224,22400000000,56,state,
tx,22410000000,1,-1,224,22410000000,56,state,
rx,22419560362,1,2,224,22410000000,56,state,
tx,22420000000,2,-1,224,22420000000,56,state,
rx,22429706869,1,0,224,22410000000,56,state,
rx,22449004675,1,2,223,22310000000,56,state,
rx,22468247699,0,1,223,22300000000,56,state,
rx,22469821591,2,0,224,22420000000,56,state,
rx,22490582866,0,2,224,22400000000,56,state,
rx,22493244850,1,0,223,22310000000,56,state,
tx,22500000000,0,-1,225,22500000000,56,state,
rx,22507490730,2,0,223,22320000000,56,state,
tx,22510000000,1,-1,225,22510000000,56,state,
rx,22510639345,2,1,224,22420000000,56,state,
tx,22520000000,2,-1,225,22520000000,56,state,
rx,22559784018,0,1,224,22400000000,56,state,
rx,22581995546,0,2,225,22500000000,56,state,
rx,22585973773,2,0,225,22520000000,56,state,
tx,22600000000,0,-1,226,22600000000,56,state,
tx,22610000000,1,-1,226,22610000000,56,state,
rx,22616640731,2,1,225,22520000000,56,state,
tx,22620000000,2,-1,226,22620000000,56,state,
rx,22633967222,1,2,225,22510000000,56,state,
rx,22635198729,1,2,226,22610000000,56,state,
rx,22653802883,0,1,225,22500000000,56,state,
rx,22657641274,2,0,226,22620000000,56,state,
rx,22665193465,1,0,225,22510000000,56,state,
rx,22694437960,0,1,226,22600000000,56,state,
tx,22700000000,0,-1,227,22700000000,56,state,
tx,22710000000,1,-1,227,22710000000,56,state,
rx,22710800638,0,2,226,22600000000,56,state,
tx,22720000000,2,-1,227,22720000000,56,state,
rx,22728817627,2,0,227,22720000000,56,state,
rx,22744231782,2,1,226,22620000000,56,state,
rx,22762417325,0,1,227,22700000000,56,state,
rx,22774121062,1,0,226,22610000000,56,state,
rx,22778703737,0,2,227,22700000000,56,state,
tx,22800000000,0,-1,228,22800000000,56,state,
tx,22810000000,1,-1,228,22810000000,56,state,
rx,22815863429,1,0,227,22710000000,56,state,
tx,22820000000,2,-1,228,22820000000,56,state,
rx,22833181315,2,0,228,22820000000,56,state,
rx,22840870263,1,0,228,22810000000,56,state,
rx,22856124295,1,2,228,22810000000,56,state,
rx,22885727746,0,2,228,22800000000,56,state,
rx,22888609915,0,1,228,22800000000,56,state,
rx,22898622607,1,2,227,22710000000,56,state,
rx,22899080478,2,1,227,22720000000,56,state,
tx,22900000000,0,-1,229,22900000000,56,state,
tx,22910000000,1,-1,229,22910000000,56,state,
tx,22920000000,2,-1,229,22920000000,56,state,
rx,22961092718,0,2,229,22900000000,56,state,
rx,22966614664,1,0,229,22910000000,56,state,
rx,22972334645,2,1,228,22820000000,56,state,
rx,22986239176,2,1,229,22920000000,56,state,
rx,22996225868,1,2,229,22910000000,56,state,
tx,23000000000,0,-1,230,23000000000,56,state,
tx,23010000000,1,-1,230,23010000000,56,state,
tx,23020000000,2,-1,230,23020000000,56,state,
rx,23025612043,0,1,230,23000000000,56,state,
rx,23025630390,0,2,230,23000000000,56,state,
rx,23053128762,2,1,230,23020000000,56,state,
rx,23070017681,2,0,230,23020000000,56,state,
rx,23076616186,0,1,229,22900000000,56,state,
rx,23077201119,1,0,230,23010000000,56,state,
rx,23079236329,1,2,230,23010000000,56,state,
tx,23100000000,0,-1,231,23100000000,56,state,
rx,23100825263,2,0,229,22920000000,56,state,
tx,23110000000,1,-1,231,23110000000,56,state,
tx,23120000000,2,-1,231,23120000000,56,state,
rx,23159111258,1,0,231,23110000000,56,state,
rx,23161581899,1,2,231,23110000000,56,state,
rx,23184133775,2,1,231,23120000000,56,state,
tx,23200000000,0,-1,232,23200000000,56,state,
tx,23210000000,1,-1,232,23210000000,56,state,
tx,23220000000,2,-1,232,23220000000,56,state,
rx,23243891181,2,0,232,23220000000,56,state,
rx,23259383705,1,0,232,23210000000,56,state,
rx,23269391847,2,0,231,23120000000,56,state,
rx,23275383575,0,1,231,23100000000,56,state,
rx,23275774465,0,1,232,23200000000,56,state,
rx,23278146852,0,2,232,23200000000,56,state,
rx,23286264281,0,2,231,23100000000,56,state,
tx,23300000000,0,-1,233,23300000000,56,state,
tx,23310000000,1,-1,233,23310000000,56,state,
tx,23320000000,2,-1,233,23320000000,56,state,
rx,23329944219,2,1,232,23220000000,56,state,
rx,23344674946,2,0,233,23320000000,56,state,
rx,23348064278,1,2,232,23210000000,56,state,
rx,23361384419,0,1,233,23300000000,56,state,
rx,23363458741,2,1,233,23320000000,56,state,
tx,23400000000,0,-1,234,23400000000,56,state,
rx,23409457961,1,2,233,23310000000,56,state,
tx,23410000000,1,-1,234,23410000000,56,state,
tx,23420000000,2,-1,234,23420000000,56,state,
rx,23423474147,0,2,233,23300000000,56,state,
rx,23428229842,0,2,234,23400000000,56,state,
rx,23428754985,2,0,234,23420000000,56,state,
rx,23437158566,0,1,234,23400000000,56,state,
rx,23475143253,1,0,233,23310000000,56,state,
rx,23494632216,1,2,234,23410000000,56,state,
tx,23500000000,0,-1,235,23500000000,56,state,
tx,23510000000,1,-1,235,23510000000,56,state,
rx,23515035550,1,0,235,23510000000,56,state,
tx,23520000000,2,-1,235,23520000000,56,state,
rx,23520296168,1,2,235,23510000000,56,state,
rx,23521305961,1,0,234,23410000000,56,state,
rx,23523242513,2,1,234,23420000000,56,state,
rx,23549707030,2,0,235,23520000000,56,state,
tx,23600000000,0,-1,236,23600000000,56,state,
tx,23610000000,1,-1,236,23610000000,56,state,
tx,23620000000,2,-1,236,23620000000,56,state,
rx,23622882001,2,1,236,23620000000,56,state,
rx,23625012531,2,1,235,23520000000,56,state,
rx,23640400775,0,2,236,23600000000,56,state,
rx,23644272530,1,0,236,23610000000,56,state,
rx,23674172870,2,0,236,23620000000,56,state,
rx,23677160901,0,1,235,23500000000,56,state,
rx,23677626372,1,2,236,23610000000,56,state,
rx,23688098437,0,2,235,23500000000,56,state,
tx,23700000000,0,-1,237,23700000000,56,state,
tx,23710000000,1,-1,237,23710000000,56,state,
tx,23720000000,2,-1,237,23720000000,56,state,
rx,23729041165,2,0,237,23720000000,56,state,
rx,23744635286,2,1,237,23720000000,56,state,
rx,23749840233,0,1,236,23600000000,56,state,
rx,23770740753,0,2,237,23700000000,56,state,
tx,23800000000,0,-1,238,23800000000,56,state,
tx,23810000000,1,-1,238,23810000000,56,state,
rx,23814054303,0,1,237,23700000000,56,state,
tx,23820000000,2,-1,238,23820000000,56,state,
rx,23821223993,1,0,237,23710000000,56,state,
rx,23891067090,1,2,237,23710000000,56,state,
rx,23891255089,0,2,238,23800000000,56,state,
rx,23894759228,0,1,238,23800000000,56,state,
tx,23900000000,0,-1,239,23900000000,56,state,
tx,23910000000,1,-1,239,23910000000,56,state,
rx,23916960199,1,0,238,23810000000,56,state,
tx,23920000000,2,-1,239,23920000000,56,state,
rx,23949111586,2,1,239,23920000000,56,state,
rx,23956384936,1,2,238,23810000000,56,state,
rx,23962209568,2,0,238,23820000000,56,state,
rx,23964214901,0,2,239,23900000000,56,state,
rx,23967836268,1,0,239,23910000000,56,state,
rx,23982101975,2,1,238,23820000000,56,state,
tx,24000000000,0,-1,240,24000000000,56,state,
tx,24010000000,1,-1,240,24010000000,56,state,
tx,24020000000,2,-1,240,24020000000,56,state,
rx,24030554949,0,2,240,24000000000,56,state,
rx,24037283274,1,0,240,24010000000,56,state,
rx,24080802178,0,1,239,23900000000,56,state,
rx,24094389546,2,0,239,23920000000,56,state,
rx,24097390261,1,2,239,23910000000,56,state,
tx,24100000000,0,-1,241,24100000000,56,state,
tx,24110000000,1,-1,241,24110000000,56,state,
rx,24111226506,2,0,240,24020000000,56,state,
tx,24120000000,2,-1,241,24120000000,56,state,
rx,24124545981,2,1,240,24020000000,56,state,
rx,24153493298,1,2,240,24010000000,56,state,
rx,24162728453,2,1,241,24120000000,56,state,
rx,24174657034,0,1,240,24000000000,56,state,
rx,24199125575,2,0,241,24120000000,56,state,
tx,24200000000,0,-1,242,24200000000,56,state,
tx,24210000000,1,-1,242,24210000000,56,state,
tx,24220000000,2,-1,242,24220000000,56,state,
rx,24236594074,1,0,242,24210000000,56,state,
rx,24238864859,1,2,242,24210000000,56,state,
rx,24243199912,1,0,241,24110000000,56,state,
rx,24247470650,2,0,242,24220000000,56,state,
rx,24249323779,0,1,241,24100000000,56,state,
rx,24261265680,1,2,241,24110000000,56,state,
rx,24261363177,2,1,242,24220000000,56,state,
rx,24270143503,0,2,241,24100000000,56,state,
tx,24300000000,0,-1,243,24300000000,56,state,
tx,24310000000,1,-1,243,24310000000,56,state,
tx,24320000000,2,-1,243,24320000000,56,state,
rx,24340233530,0,1,242,24200000000,56,state,
rx,24366992352,0,2,242,24200000000,56,state,
rx,24384179812,1,2,243,24310000000,56,state,
rx,24391075332,0,2,243,24300000000,56,state,
tx,24400000000,0,-1,244,24400000000,56,state,
tx,24410000000,1,-1,244,24410000000,56,state,
rx,24410540002,0,1,243,24300000000,56,state,
tx,24420000000,2,-1,244,24420000000,56,state,
rx,24456397744,1,0,243,24310000000,56,state,
rx,24473544987,2,0,243,24320000000,56,state,
rx,24487222034,2,1,244,24420000000,56,state,
rx,24490003121,2,1,243,24320000000,56,state,
tx,24500000000,0,-1,245,24500000000,56,state,
tx,24510000000,1,-1,245,24510000000,56,state,
tx,24520000000,2,-1,245,24520000000,56,state,
rx,24520303661,0,1,244,24400000000,56,state,
rx,24526940965,0,2,245,24500000000,56,state,
rx,24531337368,0,2,244,24400000000,56,state,
rx,24533195571,0,1,245,24500000000,56,state,
rx,24541722591,1,0,244,24410000000,56,state,
rx,24554902509,2,1,245,24520000000,56,state,
rx,24573635172,1,2,244,24410000000,56,state,
rx,24574724952,2,0,244,24420000000,56,state,
tx,24600000000,0,-1,246,24600000000,56,state,
tx,24610000000,1,-1,246,24610000000,56,state,
rx,24618241499,1,2,245,24510000000,56,state,
tx,24620000000,2,-1,246,24620000000,56,state,
rx,24636517788,1,2,246,24610000000,56,state,
rx,24648655582,2,1,246,24620000000,56,state,
rx,24675665822,2,0,245,24520000000,56,state,
tx,24700000000,0,-1,247,24700000000,56,state,
rx,24706792691,1,0,245,24510000000,56,state,
rx,24707047235,0,1,246,24600000000,56,state,
tx,24710000000,1,-1,247,24710000000,56,state,
tx,24720000000,2,-1,247,24720000000,56,state,
rx,24738932351,1,0,247,24710000000,56,state,
rx,24773149580,1,0,246,24610000000,56,state,
rx,24778031946,2,0,246,24620000000,56,state,
rx,24782081974,0,2,246,24600000000,56,state,
rx,24785145727,2,1,247,24720000000,56,state,
tx,24800000000,0,-1,248,24800000000,56,state,
rx,24802357129,0,1,247,24700000000,56,state,
tx,24810000000,1,-1,248,24810000000,56,state,
tx,24820000000,2,-1,248,24820000000,56,state,
rx,24846393601,0,1,248,24800000000,56,state,
rx,24861476731,1,2,247,24710000000,56,state,
rx,24865956250,2,0,247,24720000000,56,state,
rx,24869163458,0,2,248,24800000000,56,state,
rx,24869918000,0,2,247,24700000000,56,state,
rx,24887613152,2,0,248,24820000000,56,state,
tx,24900000000,0,-1,249,24900000000,56,state,
rx,24903942738,1,0,248,24810000000,56,state,
tx,24910000000,1,-1,249,24910000000,56,state,
rx,24911141299,2,1,248,24820000000,56,state,
tx,24920000000,2,-1,249,24920000000,56,state,
rx,24967505160,1,2,248,24810000000,56,state,
rx,24982052713,2,0,249,24920000000,56,state,
tx,25000000000,0,-1,250,25000000000,56,state,
tx,25010000000,1,-1,250,25010000000,56,state,
rx,25014091823,1,2,250,25010000000,56,state,
tx,25020000000,2,-1,250,25020000000,56,state,
rx,25020943511,0,1,250,25000000000,56,state,
rx,25040564530,1,0,250,25010000000,56,state,
rx,25041325477,1,2,249,24910000000,56,state,
rx,25063769634,2,1,249,24920000000,56,state,
rx,25067332658,0,1,249,24900000000,56,state,
rx,25069917601,1,0,249,24910000000,56,state,
rx,25073639971,0,2,249,24900000000,56,state,
tx,25100000000,0,-1,251,25100000000,56,state,
tx,25110000000,1,-1,251,25110000000,56,state,
tx,25120000000,2,-1,251,25120000000,56,state,
rx,25125854163,1,2,251,25110000000,56,state,
rx,25149079820,2,1,250,25020000000,56,state,
rx,25150180616,0,2,250,25000000000,56,state,
rx,25161220249,0,2,251,25100000000,56,state,
rx,25184998826,2,0,250,25020000000,56,state,
tx,25200000000,0,-1,252,25200000000,56,state,
tx,25210000000,1,-1,252,25210000000,56,state,
tx,25220000000,2,-1,252,25220000000,56,state,
rx,25223580273,1,2,252,25210000000,56,state,
rx,25255116203,1,0,251,25110000000,56,state,
rx,25260877485,2,1,252,25220000000,56,state,
rx,25269295124,1,0,252,25210000000,56,state,
rx,25271652764,2,0,252,25220000000,56,state,
rx,25274769356,0,1,251,25100000000,56,state,
rx,25285123332,2,0,251,25120000000,56,state,
rx,25292612024,2,1,251,25120000000,56,state,
rx,25293126810,0,2,252,25200000000,56,state,
tx,25300000000,0,-1,253,25300000000,56,state,
tx,25310000000,1,-1,253,25310000000,56,state,
tx,25320000000,2,-1,253,25320000000,56,state,
rx,25337360981,0,1,252,25200000000,56,state,
rx,25345101823,2,0,253,25320000000,56,state,
rx,25362717941,1,0,253,25310000000,56,state,
rx,25367416067,0,2,253,25300000000,56,state,
tx,25400000000,0,-1,254,25400000000,56,state,
tx,25410000000,1,-1,254,25410000000,56,state,
tx,25420000000,2,-1,254,25420000000,56,state,
rx,25453676558,1,2,253,25310000000,56,state,
rx,25454718236,0,2,254,25400000000,56,state,
rx,25464773682,2,1,253,25320000000,56,state,
rx,25499655954,0,1,253,25300000000,56,state,
tx,25500000000,0,-1,255,25500000000,56,state,
rx,25504851152,2,1,254,25420000000,56,state,
tx,25510000000,1,-1,255,25510000000,56,state,
rx,25513162106,1,0,254,25410000000,56,state,
rx,25513873101,0,2,255,25500000000,56,state,
tx,25520000000,2,-1,255,25520000000,56,state,
rx,25570838666,1,0,255,25510000000,56,state,
rx,25572387553,2,0,255,25520000000,56,state,
rx,25573029803,1,2,254,25410000000,56,state,
rx,25589547021,0,1,254,25400000000,56,state,
tx,25600000000,0,-1,256,25600000000,56,state,
tx,25610000000,1,-1,256,25610000000,56,state,
rx,25610113669,0,1,255,25500000000,56,state,
rx,25611429491,1,0,256,25610000000,56,state,
rx,25616865393,2,0,254,25420000000,56,state,
tx,25620000000,2,-1,256,25620000000,56,state,
rx,25621004377,1,2,255,25510000000,56,state,
rx,25624267370,0,2,256,25600000000,56,state,
rx,25664385978,2,1,255,25520000000,56,state,
tx,25700000000,0,-1,257,25700000000,56,state,
rx,25707366210,0,2,257,25700000000,56,state,
tx,25710000000,1,-1,257,25710000000,56,state,
tx,25720000000,2,-1,257,25720000000,56,state,
rx,25720562369,2,0,257,25720000000,56,state,
rx,25739763708,2,1,257,25720000000,56,state,
rx,25751922048,0,1,256,25600000000,56,state,
rx,25767666951,1,2,256,25610000000,56,state,
rx,25771830566,1,0,257,25710000000,56,state,
rx,25782189475,2,0,256,25620000000,56,state,
tx,25800000000,0,-1,258,25800000000,56,state,
tx,25810000000,1,-1,258,25810000000,56,state,
rx,25810088147,0,2,258,25800000000,56,state,
rx,25812570418,2,1,256,25620000000,56,state,
tx,25820000000,2,-1,258,25820000000,56,state,
rx,25834284989,0,1,257,25700000000,56,state,
rx,25849169080,0,1,258,25800000000,56,state,
rx,25858905436,1,2,257,25710000000,56,state,
tx,25900000000,0,-1,259,25900000000,56,state,
tx,25910000000,1,-1,259,25910000000,56,state,
tx,25920000000,2,-1,259,25920000000,56,state,
rx,25920563136,1,2,258,25810000000,56,state,
rx,25923212806,1,2,259,25910000000,56,state,
rx,25923266908,1,0,258,25810000000,56,state,
rx,25941210403,2,1,258,25820000000,56,state,
rx,25965693125,2,0,258,25820000000,56,state,
rx,25967185713,1,0,259,25910000000,56,state,
tx,26000000000,0,-1,260,26000000000,56,state,
tx,26010000000,1,-1,260,26010000000,56,state,
tx,26020000000,2,-1,260,26020000000,56,state,
rx,26055730348,2,0,259,25920000000,56,state,
rx,26059418071,0,1,259,25900000000,56,state,
rx,26070413806,0,2,260,26000000000,56,state,
rx,26081278110,2,1,260,26020000000,56,state,
rx,26081574125,2,0,260,26020000000,56,state,
rx,26082674043,2,1,259,25920000000,56,state,
rx,26097346897,0,1,260,26000000000,56,state,
rx,26099975367,0,2,259,25900000000,56,state,
tx,26100000000,0,-1,261,26100000000,56,state,
rx,26107772855,0,1,261,26100000000,56,state,
tx,26110000000,1,-1,261,26110000000,56,state,
rx,26113157412,1,2,261,26110000000,56,state,
rx,26119947583,1,0,261,26110000000,56,state,
tx,26120000000,2,-1,261,26120000000,56,state,
rx,26182295755,1,0,260,26010000000,56,state,
rx,26185344432,2,1,261,26120000000,56,state,
rx,26187001085,1,2,260,26010000000,56,state,
tx,26200000000,0,-1,262,26200000000,56,state,
tx,26210000000,1,-1,262,26210000000,56,state,
tx,26220000000,2,-1,262,26220000000,56,state,
rx,26228455354,2,1,262,26220000000,56,state,
rx,26251373270,2,0,261,26120000000,56,state,
rx,26255134813,1,0,262,26210000000,56,state,
rx,26255518817,0,2,261,26100000000,56,state,
tx,26300000000,0,-1,263,26300000000,56,state,
tx,26310000000,1,-1,263,26310000000,56,state,
rx,26318947016,0,1,262,26200000000,56,state,
tx,26320000000,2,-1,263,26320000000,56,state,
rx,26320566808,0,2,262,26200000000,56,state,
rx,26346125297,1,2,262,26210000000,56,state,
rx,26361686474,2,0,262,26220000000,56,state,
rx,26370817627,1,2,263,26310000000,56,state,
tx,26400000000,0,-1,264,26400000000,56,state,
rx,26408667521,1,0,263,26310000000,56,state,
tx,26410000000,1,-1,264,26410000000,56,state,
tx,26420000000,2,-1,264,26420000000,56,state,
rx,26432049096,2,1,263,26320000000,56,state,
rx,26441903667,0,2,264,26400000000,56,state,
rx,26456416521,2,0,264,26420000000,56,state,
rx,26477633980,1,0,264,26410000000,56,state,
rx,26483328217,0,2,263,26300000000,56,state,
rx,26489850430,1,2,264,26410000000,56,state,
rx,26497124688,2,0,263,26320000000,56,state,
rx,26498218035,0,1,263,26300000000,56,state,
tx,26500000000,0,-1,265,26500000000,56,state,
tx,26510000000,1,-1,265,26510000000,56,state,
rx,26511053050,0,1,264,26400000000,56,state,
tx,26520000000,2,-1,265,26520000000,56,state,
rx,26538321297,1,2,265,26510000000,56,state,
rx,26586421346,2,1,264,26420000000,56,state,
rx,26589526862,0,2,265,26500000000,56,state,
tx,26600000000,0,-1,266,26600000000,56,state,
tx,26610000000,1,-1,266,26610000000,56,state,
rx,26610731573,0,1,265,26500000000,56,state,
rx,26616507459,2,0,265,26520000000,56,state,
tx,26620000000,2,-1,266,26620000000,56,state,
rx,26628695025,2,1,265,26520000000,56,state,
rx,26669041628,2,1,266,26620000000,56,state,
rx,26673773294,1,0,265,26510000000,56,state,
tx,26700000000,0,-1,267,26700000000,56,state,
rx,26702887519,2,0,266,26620000000,56,state,
rx,26707535890,0,2,267,26700000000,56,state,
tx,26710000000,1,-1,267,26710000000,56,state,
tx,26720000000,2,-1,267,26720000000,56,state,
rx,26733752316,0,2,266,26600000000,56,state,
rx,26733975278,1,0,266,26610000000,56,state,
rx,26757836274,0,1,266,26600000000,56,state,
rx,26763008217,1,0,267,26710000000,56,state,
rx,26769248606,1,2,266,26610000000,56,state,
rx,26781703515,2,0,267,26720000000,56,state,
tx,26800000000,0,-1,268,26800000000,56,state,
tx,26810000000,1,-1,268,26810000000,56,state,
rx,26816423036,1,0,268,26810000000,56,state,
tx,26820000000,2,-1,268,26820000000,56,state,
rx,26831300792,0,1,268,26800000000,56,state,
rx,26850069372,1,2,267,26710000000,56,state,
rx,26858858732,2,0,268,26820000000,56,state,
rx,26876851318,2,1,267,26720000000,56,state,
rx,26898425360,0,1,267,26700000000,56,state,
tx,26900000000,0,-1,269,26900000000,56,state,
rx,26907126069,1,2,268,26810000000,56,state,
tx,26910000000,1,-1,269,26910000000,56,state,
tx,26920000000,2,-1,269,26920000000,56,state,
rx,26947766860,1,2,269,26910000000,56,state,
rx,26956422019,0,1,269,26900000000,56,state,
rx,26979259764,2,0,269,26920000000,56,state,
rx,26979435231,2,1,268,26820000000,56,state,
rx,26995187883,0,2,269,26900000000,56,state,
rx,26995719280,0,2,268,26800000000,56,state,
tx,27000000000,0,-1,270,27000000000,56,state,
rx,27008561171,2,1,269,26920000000,56,state,
tx,27010000000,1,-1,270,27010000000,56,state,
rx,27013621509,0,2,270,27000000000,56,state,
tx,27020000000,2,-1,270,27020000000,56,state,
rx,27023753074,1,0,270,27010000000,56,state,
rx,27082609997,2,0,270,27020000000,56,state,
rx,27088428236,1,0,269,26910000000,56,state,
tx,27100000000,0,-1,271,27100000000,56,state,
tx,27110000000,1,-1,271,27110000000,56,state,
rx,27117951903,0,2,271,27100000000,56,state,
rx,27118026839,1,0,271,27110000000,56,state,
tx,27120000000,2,-1,271,27120000000,56,state,
rx,27120704971,0,1,270,27000000000,56,state,
rx,27135923495,2,0,271,27120000000,56,state,
rx,27198292443,1,2,270,27010000000,56,state,
tx,27200000000,0,-1,272,27200000000,56,state,
rx,27204662849,2,1,271,27120000000,56,state,
rx,27207705482,2,1,270,27020000000,56,state,
tx,27210000000,1,-1,272,27210000000,56,state,
tx,27220000000,2,-1,272,27220000000,56,state,
rx,27254323644,0,2,272,27200000000,56,state,
rx,27267779144,0,1,271,27100000000,56,state,
rx,27269833274,1,2,271,27110000000,56,state,
tx,27300000000,0,-1,273,27300000000,56,state,
rx,27300519327,0,1,272,27200000000,56,state,
rx,27300907582,2,0,272,27220000000,56,state,
rx,27305988434,2,1,272,27220000000,56,state,
tx,27310000000,1,-1,273,27310000000,56,state,
rx,27315128896,1,0,272,27210000000,56,state,
tx,27320000000,2,-1,273,27320000000,56,state,
rx,27364836461,0,1,273,27300000000,56,state,
rx,27395706135,0,2,273,27300000000,56,state,
tx,27400000000,0,-1,274,27400000000,56,state,
rx,27401663431,1,2,272,27210000000,56,state,
tx,27410000000,1,-1,274,27410000000,56,state,
rx,27413101883,1,0,273,27310000000,56,state,
tx,27420000000,2,-1,274,27420000000,56,state,
rx,27440400044,2,1,274,27420000000,56,state,
rx,27442527398,1,2,274,27410000000,56,state,
rx,27450829447,1,0,274,27410000000,56,state,
rx,27472805733,2,0,274,27420000000,56,state,
rx,27489577466,1,2,273,27310000000,56,state,
rx,27494942698,2,1,273,27320000000,56,state,
tx,27500000000,0,-1,275,27500000000,56,state,
rx,27502131378,2,0,273,27320000000,56,state,
tx,27510000000,1,-1,275,27510000000,56,state,
tx,27520000000,2,-1,275,27520000000,56,state,
rx,27569222059,0,2,274,27400000000,56,state,
rx,27571828490,1,0,275,27510000000,56,state,
rx,27578450089,1,2,275,27510000000,56,state,
rx,27579519757,0,1,274,27400000000,56,state,
rx,27586347431,0,2,275,27500000000,56,state,
rx,27598158225,2,1,275,27520000000,56,state,
tx,27600000000,0,-1,276,27600000000,56,state,
tx,27610000000,1,-1,276,27610000000,56,state,
tx,27620000000,2,-1,276,27620000000,56,state,
rx,27655916254,1,2,276,27610000000,56,state,
rx,27665704380,2,0,276,27620000000,56,state,
rx,27677377894,2,0,275,27520000000,56,state,
tx,27700000000,0,-1,277,27700000000,56,state,
rx,27700309410,0,1,275,27500000000,56,state,
tx,27710000000,1,-1,277,27710000000,56,state,
rx,27711800391,1,0,277,27710000000,56,state,
rx,27713645708,0,1,276,27600000000,56,state,
tx,27720000000,2,-1,277,27720000000,56,state,
rx,27721081168,0,2,276,27600000000,56,state,
rx,27735600031,1,2,277,27710000000,56,state,
rx,27738859860,2,1,277,27720000000,56,state,
rx,27763140559,1,0,276,27610000000,56,state,
rx,27786518667,2,1,276,27620000000,56,state,
tx,27800000000,0,-1,278,27800000000,56,state,
rx,27804014322,2,0,277,27720000000,56,state,
tx,27810000000,1,-1,278,27810000000,56,state,
rx,27811713005,0,2,277,27700000000,56,state,
tx,27820000000,2,-1,278,27820000000,56,state,
rx,27838805778,2,0,278,27820000000,56,state,
rx,27853493699,0,1,277,27700000000,56,state,
rx,27889351853,1,2,278,27810000000,56,state,
tx,27900000000,0,-1,279,27900000000,56,state,
tx,27910000000,1,-1,279,27910000000,56,state,
rx,27914079237,0,2,278,27800000000,56,state,
rx,27917716392,0,2,279,27900000000,56,state,
tx,27920000000,2,-1,279,27920000000,56,state,
rx,27927978245,2,1,278,27820000000,56,state,
rx,27931245330,1,0,278,27810000000,56,state,
rx,27939339850,0,1,279,27900000000,56,state,
rx,27951616175,2,1,279,27920000000,56,state,
rx,27959936198,0,1,278,27800000000,56,state,
tx,28000000000,0,-1,280,28000000000,56,state,
rx,28008862864,0,1,280,28000000000,56,state,
tx,28010000000,1,-1,280,28010000000,56,state,
tx,28020000000,2,-1,280,28020000000,56,state,
rx,28034394284,1,2,280,28010000000,56,state,
rx,28035494427,1,0,279,27910000000,56,state,
rx,28043423866,2,0,279,27920000000,56,state,
rx,28071268700,1,0,280,28010000000,56,state,
rx,28094405145,2,0,280,28020000000,56,state,
tx,28100000000,0,-1,281,28100000000,56,state,
rx,28104319337,1,2,279,27910000000,56,state,
rx,28106067138,0,1,281,28100000000,56,state,
tx,28110000000,1,-1,281,28110000000,56,state,
tx,28120000000,2,-1,281,28120000000,56,state,
rx,28125567877,1,0,281,28110000000,56,state,
rx,28135395589,2,0,281,28120000000,56,state,
rx,28139808835,0,2,280,28000000000,56,state,
rx,28193773893,2,1,280,28020000000,56,state,
tx,28200000000,0,-1,282,28200000000,56,state,
tx,28210000000,1,-1,282,28210000000,56,state,
rx,28213968589,1,0,282,28210000000,56,state,
rx,28215687195,0,2,282,28200000000,56,state,
tx,28220000000,2,-1,282,28220000000,56,state,
rx,28269553284,1,2,281,28110000000,56,state,
rx,28295689899,0,2,281,28100000000,56,state,
tx,28300000000,0,-1,283,28300000000,56,state,
tx,28310000000,1,-1,283,28310000000,56,state,
rx,28317754522,2,1,281,28120000000,56,state,
tx,28320000000,2,-1,283,28320000000,56,state,
rx,28350266883,0,1,283,28300000000,56,state,
rx,28356108762,0,1,282,28200000000,56,state,
rx,28356374318,1,2,282,28210000000,56,state,
rx,28379501934,1,2,283,28310000000,56,state,
rx,28381529840,2,0,282,28220000000,56,state,
rx,28381841185,2,0,283,28320000000,56,state,
rx,28392606751,2,1,283,28320000000,56,state,
tx,28400000000,0,-1,284,28400000000,56,state,
rx,28403296547,2,1,282,28220000000,56,state,
tx,28410000000,1,-1,284,28410000000,56,state,
tx,28420000000,2,-1,284,28420000000,56,state,
rx,28425962874,0,1,284,28400000000,56,state,
rx,28432803826,2,1,284,28420000000,56,state,
rx,28450824500,1,0,283,28310000000,56,state,
rx,28488889618,0,2,283,28300000000,56,state,
tx,28500000000,0,-1,285,28500000000,56,state,
tx,28510000000,1,-1,285,28510000000,56,state,
tx,28520000000,2,-1,285,28520000000,56,state,
rx,28537470977,1,0,284,28410000000,56,state,
rx,28549064072,1,2,284,28410000000,56,state,
rx,28567495492,0,2,284,28400000000,56,state,
rx,28570774419,1,2,285,28510000000,56,state,
tx,28600000000,0,-1,286,28600000000,56,state,
tx,28610000000,1,-1,286,28610000000,56,state,
rx,28614402585,2,0,284,28420000000,56,state,
rx,28615083539,0,2,285,28500000000,56,state,
rx,28616215994,0,1,285,28500000000,56,state,
rx,28617600224,0,2,286,28600000000,56,state,
tx,28620000000,2,-1,286,28620000000,56,state,
rx,28626520022,0,1,286,28600000000,56,state,
rx,28655894989,2,1,285,28520000000,56,state,
rx,28693597329,1,0,285,28510000000,56,state,
tx,28700000000,0,-1,287,28700000000,56,state,
rx,28708145081,2,0,286,28620000000,56,state,
tx,28710000000,1,-1,287,28710000000,56,state,
rx,28716069658,2,0,285,28520000000,56,state,
rx,28719875270,1,2,287,28710000000,56,state,
tx,28720000000,2,-1,287,28720000000,56,state,
rx,28728193690,1,0,286,28610000000,56,state,
rx,28735284575,1,2,286,28610000000,56,state,
rx,28748137316,0,1,287,28700000000,56,state,
rx,28749306767,0,2,287,28700000000,56,state,
tx,28800000000,0,-1,288,28800000000,56,state,
rx,28800654683,0,1,288,28800000000,56,state,
tx,28810000000,1,-1,288,28810000000,56,state,
rx,28817509642,2,1,286,28620000000,56,state,
rx,28818700910,2,0,287,28720000000,56,state,
tx,28820000000,2,-1,288,28820000000,56,state,
rx,28868184343,1,0,288,28810000000,56,state,
rx,28881536277,1,0,287,28710000000,56,state,
rx,28887330578,1,2,288,28810000000,56,state,
tx,28900000000,0,-1,289,28900000000,56,state,
rx,28901778385,0,2,288,28800000000,56,state,
rx,28902634790,0,1,289,28900000000,56,state,
rx,28904496811,2,1,287,28720000000,56,state,
tx,28910000000,1,-1,289,28910000000,56,state,
tx,28920000000,2,-1,289,28920000000,56,state,
rx,28955049626,2,0,288,28820000000,56,state,
tx,29000000000,0,-1,290,29000000000,56,state,
tx,29010000000,1,-1,290,29010000000,56,state,
rx,29015218996,2,1,288,28820000000,56,state,
tx,29020000000,2,-1,290,29020000000,56,state,
rx,29030123836,0,2,290,29000000000,56,state,
rx,29053863135,2,1,289,28920000000,56,state,
rx,29070407821,1,2,289,28910000000,56,state,
rx,29073720979,0,2,289,28900000000,56,state,
rx,29089659024,1,0,289,28910000000,56,state,
rx,29099069867,2,0,289,28920000000,56,state,
tx,29100000000,0,-1,291,29100000000,56,state,
tx,29110000000,1,-1,291,29110000000,56,state,
rx,29112864728,0,1,290,29000000000,56,state,
rx,29117448017,0,1,291,29100000000,56,state,
tx,29120000000,2,-1,291,29120000000,56,state,
rx,29126125676,2,0,290,29020000000,56,state,
rx,29132522011,1,0,290,29010000000,56,state,
rx,29137846150,2,1,290,29020000000,56,state,
rx,29168337029,1,2,290,29010000000,56,state,
rx,29172305959,1,2,291,29110000000,56,state,
tx,29200000000,0,-1,292,29200000000,56,state,
rx,29201771138,0,2,292,29200000000,56,state,
tx,29210000000,1,-1,292,29210000000,56,state,
tx,29220000000,2,-1,292,29220000000,56,state,
rx,29247095854,2,0,291,29120000000,56,state,
rx,29258342943,0,2,291,29100000000,56,state,
rx,29282176845,2,1,291,29120000000,56,state,
rx,29293218821,0,1,292,29200000000,56,state,
tx,29300000000,0,-1,293,29300000000,56,state,
rx,29306303768,1,0,291,29110000000,56,state,
tx,29310000000,1,-1,293,29310000000,56,state,
rx,29317436249,1,2,292,29210000000,56,state,
tx,29320000000,2,-1,293,29320000000,56,state,
rx,29321507553,0,2,293,29300000000,56,state,
rx,29325149503,0,1,293,29300000000,56,state,
rx,29342310797,1,0,292,29210000000,56,state,
rx,29363314105,2,1,292,29220000000,56,state,
rx,29369478660,2,0,292,29220000000,56,state,
rx,29380100675,2,1,293,29320000000,56,state,
rx,29387554488,2,0,293,29320000000,56,state,
tx,29400000000,0,-1,294,29400000000,56,state,
tx,29410000000,1,-1,294,29410000000,56,state,
tx,29420000000,2,-1,294,29420000000,56,state,
rx,29426337159,0,2,294,29400000000,56,state,
rx,29446889756,1,2,293,29310000000,56,state,
rx,29471217527,1,2,294,29410000000,56,state,
rx,29493131642,1,0,293,29310000000,56,state,
tx,29500000000,0,-1,295,29500000000,56,state,
tx,29510000000,1,-1,295,29510000000,56,state,
tx,29520000000,2,-1,295,29520000000,56,state,
rx,29541846772,0,1,294,29400000000,56,state,
rx,29578517438,1,0,294,29410000000,56,state,
rx,29580855060,2,1,294,29420000000,56,state,
rx,29594735344,2,0,294,29420000000,56,state,
tx,29600000000,0,-1,296,29600000000,56,state,
tx,29610000000,1,-1,296,29610000000,56,state,
tx,29620000000,2,-1,296,29620000000,56,state,
rx,29621498730,1,0,296,29610000000,56,state,
rx,29625153539,1,2,295,29510000000,56,state,
rx,29638534114,2,0,295,29520000000,56,state,
rx,29639647408,0,2,295,29500000000,56,state,
rx,29640880735,0,1,295,29500000000,56,state,
rx,29653187938,1,0,295,29510000000,56,state,
rx,29666751082,0,1,296,29600000000,56,state,
rx,29685976413,2,1,295,29520000000,56,state,
tx,29700000000,0,-1,297,29700000000,56,state,
tx,29710000000,1,-1,297,29710000000,56,state,
tx,29720000000,2,-1,297,29720000000,56,state,
rx,29720425235,2,1,296,29620000000,56,state,
rx,29728879982,1,2,296,29610000000,56,state,
rx,29741075309,1,2,297,29710000000,56,state,
rx,29771117807,2,1,297,29720000000,56,state,
rx,29773509877,0,2,296,29600000000,56,state,
tx,29800000000,0,-1,298,29800000000,56,state,
rx,29807610048,2,0,296,29620000000,56,state,
tx,29810000000,1,-1,298,29810000000,56,state,
tx,29820000000,2,-1,298,29820000000,56,state,
rx,29827111246,0,1,297,29700000000,56,state,
rx,29849570189,1,2,298,29810000000,56,state,
rx,29856290371,0,1,298,29800000000,56,state,
rx,29856614953,0,2,298,29800000000,56,state,
rx,29857617150,2,0,297,29720000000,56,state,
rx,29880864452,1,0,297,29710000000,56,state,
rx,29881269698,0,2,297,29700000000,56,state,
rx,29898243981,2,1,298,29820000000,56,state,
tx,29900000000,0,-1,299,29900000000,56,state,
tx,29910000000,1,-1,299,29910000000,56,state,
tx,29920000000,2,-1,299,29920000000,56,state,
rx,29921356992,1,0,299,29910000000,56,state,
rx,29931331502,2,0,298,29820000000,56,state,
rx,29959993254,0,1,299,29900000000,56,state,
rx,29973295402,1,0,298,29810000000,56,state,
rx,29990275958,1,2,299,29910000000,56,state,
rx,29990302805,0,2,299,29900000000,56,state,
tx,30000000000,0,-1,300,30000000000,56,state,
rx,30002362956,0,1,300,30000000000,56,state,
tx,30010000000,1,-1,300,30010000000,56,state,
rx,30015718068,2,0,299,29920000000,56,state,
tx,30020000000,2,-1,300,30020000000,56,state,
rx,30033070711,2,1,299,29920000000,56,state,
rx,30049492745,1,2,300,30010000000,56,state,
rx,30071400648,2,0,300,30020000000,56,state,
tx,30100000000,0,-1,301,30100000000,56,state,
rx,30101103606,0,2,300,30000000000,56,state,
tx,30110000000,1,-1,301,30110000000,56,state,
tx,30120000000,2,-1,301,30120000000,56,state,
rx,30137758299,1,0,300,30010000000,56,state,
rx,30160053423,1,0,301,30110000000,56,state,
rx,30162706440,2,1,300,30020000000,56,state,
rx,30172688414,2,1,301,30120000000,56,state,
rx,30198768016,0,1,301,30100000000,56,state,
tx,30200000000,0,-1,302,30200000000,56,state,
tx,30210000000,1,-1,302,30210000000,56,state,
tx,30220000000,2,-1,302,30220000000,56,state,
rx,30226654090,0,2,302,30200000000,56,state,
rx,30245921120,2,0,301,30120000000,56,state,
rx,30252999516,1,2,301,30110000000,56,state,
rx,30262773355,0,2,301,30100000000,56,state,
rx,30274735820,2,1,302,30220000000,56,state,
rx,30284125867,2,0,302,30220000000,56,state,
tx,30300000000,0,-1,303,30300000000,56,state,
rx,30307168774,1,0,302,30210000000,56,state,
tx,30310000000,1,-1,303,30310000000,56,state,
tx,30320000000,2,-1,303,30320000000,56,state,
rx,30327638060,2,0,303,30320000000,56,state,
rx,30359976842,2,1,303,30320000000,56,state,
rx,30362984765,0,2,303,30300000000,56,state,
rx,30389506095,0,1,302,30200000000,56,state,
tx,30400000000,0,-1,304,30400000000,56,state,
rx,30407614103,1,2,302,30210000000,56,state,
rx,30408287597,1,0,303,30310000000,56,state,
rx,30408310246,0,2,304,30400000000,56,state,
rx,30408690509,1,2,303,30310000000,56,state,
tx,30410000000,1,-1,304,30410000000,56,state,
tx,30420000000,2,-1,304,30420000000,56,state,
rx,30447102409,2,0,304,30420000000,56,state,
rx,30478410315,2,1,304,30420000000,56,state,
rx,30499641239,0,1,303,30300000000,56,state,
tx,30500000000,0,-1,305,30500000000,56,state,
tx,30510000000,1,-1,305,30510000000,56,state,
tx,30520000000,2,-1,305,30520000000,56,state,
rx,30554872427,1,0,304,30410000000,56,state,
rx,30578970760,1,0,305,30510000000,56,state,
rx,30584177775,0,1,304,30400000000,56,state,
rx,30594203815,2,0,305,30520000000,56,state,
tx,30600000000,0,-1,306,30600000000,56,state,
rx,30604415315,0,2,306,30600000000,56,state,
rx,30607495232,1,2,304,30410000000,56,state,
tx,30610000000,1,-1,306,30610000000,56,state,
rx,30611251553,0,1,305,30500000000,56,state,
tx,30620000000,2,-1,306,30620000000,56,state,
rx,30639988835,2,1,305,30520000000,56,state,
rx,30640069490,0,2,305,30500000000,56,state,
rx,30641620700,1,0,306,30610000000,56,state,
rx,30664269959,0,1,306,30600000000,56,state,
rx,30667227546,1,2,306,30610000000,56,state,
rx,30677747773,1,2,305,30510000000,56,state,
rx,30687810669,2,0,306,30620000000,56,state,
tx,30700000000,0,-1,307,30700000000,56,state,
tx,30710000000,1,-1,307,30710000000,56,state,
tx,30720000000,2,-1,307,30720000000,56,state,
rx,30738467948,1,2,307,30710000000,56,state,
rx,30751836010,0,1,307,30700000000,56,state,
rx,30772220783,2,1,306,30620000000,56,state,
rx,30780402915,0,2,307,30700000000,56,state,
rx,30784450677,1,0,307,30710000000,56,state,
tx,30800000000,0,-1,308,30800000000,56,state,
rx,30808182037,2,1,307,30720000000,56,state,
tx,30810000000,1,-1,308,30810000000,56,state,
tx,30820000000,2,-1,308,30820000000,56,state,
rx,30830674094,0,2,308,30800000000,56,state,
rx,30848801611,2,0,308,30820000000,56,state,
rx,30875998672,1,2,308,30810000000,56,state,
rx,30876094525,2,0,307,30720000000,56,state,
tx,30900000000,0,-1,309,30900000000,56,state,
tx,30910000000,1,-1,309,30910000000,56,state,
rx,30917461393,2,1,308,30820000000,56,state,
tx,30920000000,2,-1,309,30920000000,56,state,
rx,30927257975,2,1,309,30920000000,56,state,
rx,30962545620,0,1,309,30900000000,56,state,
rx,30963621036,1,0,309,30910000000,56,state,
rx,30970685373,1,0,308,30810000000,56,state,
rx,30975334365,0,1,308,30800000000,56,state,
rx,30993829788,0,2,309,30900000000,56,state,
tx,31000000000,0,-1,310,31000000000,56,state,
tx,31010000000,1,-1,310,31010000000,56,state,
rx,31016027099,1,2,310,31010000000,56,state,
tx,31020000000,2,-1,310,31020000000,56,state,
rx,31028430718,1,2,309,30910000000,56,state,
rx,31030427512,1,0,310,31010000000,56,state,
tx,31100000000,0,-1,311,31100000000,56,state,
rx,31109707504,2,0,309,30920000000,56,state,
tx,31110000000,1,-1,311,31110000000,56,state,
tx,31120000000,2,-1,311,31120000000,56,state,
rx,31120110088,2,1,310,31020000000,56,state,
rx,31122497158,2,1,311,31120000000,56,state,
rx,31124021392,0,2,310,31000000000,56,state,
rx,31124084006,2,0,311,31120000000,56,state,
rx,31176145144,0,2,311,31100000000,56,state,
rx,31180844458,2,0,310,31020000000,56,state,
rx,31187288923,0,1,310,31000000000,56,state,
tx,31200000000,0,-1,312,31200000000,56,state,
tx,31210000000,1,-1,312,31210000000,56,state,
tx,31220000000,2,-1,312,31220000000,56,state,
rx,31222831167,0,1,312,31200000000,56,state,
rx,31263970625,1,0,311,31110000000,56,state,
rx,31269513466,1,0,312,31210000000,56,state,
rx,31272261211,0,1,311,31100000000,56,state,
rx,31277417476,1,2,311,31110000000,56,state,
tx,31300000000,0,-1,313,31300000000,56,state,
tx,31310000000,1,-1,313,31310000000,56,state,
rx,31312321663,0,2,313,31300000000,56,state,
rx,31315975255,1,2,312,31210000000,56,state,
tx,31320000000,2,-1,313,31320000000,56,state,
rx,31342261919,2,1,312,31220000000,56,state,
rx,31346671392,2,0,313,31320000000,56,state,
rx,31373856967,0,1,313,31300000000,56,state,
rx,31379765585,0,2,312,31200000000,56,state,
tx,31400000000,0,-1,314,31400000000,56,state,
tx,31410000000,1,-1,314,31410000000,56,state,
rx,31411211450,2,0,312,31220000000,56,state,
rx,31411426998,0,1,314,31400000000,56,state,
tx,31420000000,2,-1,314,31420000000,56,state,
rx,31424869938,1,0,313,31310000000,56,state,
rx,31435799988,1,2,313,31310000000,56,state,
rx,31472852648,2,1,314,31420000000,56,state,
tx,31500000000,0,-1,315,31500000000,56,state,
rx,31500551438,2,1,313,31320000000,56,state,
rx,31506939726,1,2,314,31410000000,56,state,
rx,31507833621,0,2,315,31500000000,56,state,
tx,31510000000,1,-1,315,31510000000,56,state,
rx,31513641782,0,1,315,31500000000,56,state,
tx,31520000000,2,-1,315,31520000000,56,state,
rx,31524158540,2,0,314,31420000000,56,state,
rx,31540885383,1,0,314,31410000000,56,state,
rx,31580987643,0,2,314,31400000000,56,state,
tx,31600000000,0,-1,316,31600000000,56,state,
tx,31610000000,1,-1,316,31610000000,56,state,
rx,31611195262,1,2,315,31510000000,56,state,
tx,31620000000,2,-1,316,31620000000,56,state,
rx,31627323225,1,0,315,31510000000,56,state,
rx,31629498083,2,0,315,31520000000,56,state,
rx,31635459454,1,0,316,31610000000,56,state,
rx,31655952955,2,1,316,31620000000,56,state,
rx,31670188227,1,2,316,31610000000,56,state,
tx,31700000000,0,-1,317,31700000000,56,state,
rx,31702700375,2,1,315,31520000000,56,state,
tx,31710000000,1,-1,317,31710000000,56,state,
tx,31720000000,2,-1,317,31720000000,56,state,
rx,31729297339,0,2,317,31700000000,56,state,
rx,31732260640,2,0,316,31620000000,56,state,
rx,31741425541,0,2,316,31600000000,56,state,
rx,31749658931,1,2,317,31710000000,56,state,
rx,31760158713,0,1,317,31700000000,56,state,
rx,31789924827,0,1,316,31600000000,56,state,
tx,31800000000,0,-1,318,31800000000,56,state,
tx,31810000000,1,-1,318,31810000000,56,state,
rx,31813463786,0,2,318,31800000000,56,state,
rx,31815106331,1,0,317,31710000000,56,state,
tx,31820000000,2,-1,318,31820000000,56,state,
rx,31832320811,2,0,317,31720000000,56,state,
rx,31864238570,0,1,318,31800000000,56,state,
rx,31872685601,1,2,318,31810000000,56,state,
rx,31886678810,2,1,317,31720000000,56,state,
tx,31900000000,0,-1,319,31900000000,56,state,
tx,31910000000,1,-1,319,31910000000,56,state,
rx,31913018768,1,0,319,31910000000,56,state,
rx,31919957320,2,0,318,31820000000,56,state,
tx,31920000000,2,-1,319,31920000000,56,state,
rx,31949498390,1,2,319,31910000000,56,state,
rx,31966437201,2,1,318,31820000000,56,state,
rx,31995362877,1,0,318,31810000000,56,state,
tx,32000000000,0,-1,320,32000000000,56,state,
tx,32010000000,1,-1,320,32010000000,56,state,
rx,32015987503,0,1,319,31900000000,56,state,
tx,32020000000,2,-1,320,32020000000,56,state,
rx,32029434921,2,0,320,32020000000,56,state,
rx,32032106566,0,1,320,32000000000,56,state,
rx,32044806632,2,1,319,31920000000,56,state,
rx,32046652825,0,2,319,31900000000,56,state,
rx,32077311528,2,0,319,31920000000,56,state,
tx,32100000000,0,-1,321,32100000000,56,state,
tx,32110000000,1,-1,321,32110000000,56,state,
tx,32120000000,2,-1,321,32120000000,56,state,
rx,32121826039,0,2,320,32000000000,56,state,
rx,32140543762,0,1,321,32100000000,56,state,
rx,32154638816,1,2,321,32110000000,56,state,
rx,32165601720,2,1,321,32120000000,56,state,
rx,32193642149,0,2,321,32100000000,56,state,
rx,32198626675,1,2,320,32010000000,56,state,
tx,32200000000,0,-1,322,32200000000,56,state,
rx,32205140533,2,0,321,32120000000,56,state,
rx,32205319305,1,0,320,32010000000,56,state,
tx,32210000000,1,-1,322,32210000000,56,state,
rx,32217663457,2,1,320,32020000000,56,state,
tx,32220000000,2,-1,322,32220000000,56,state,
rx,32257759754,1,0,321,32110000000,56,state,
rx,32294189003,0,2,322,32200000000,56,state,
rx,32295401777,1,2,322,32210000000,56,state,
rx,32297908643,2,1,322,32220000000,56,state,
tx,32300000000,0,-1,323,32300000000,56,state,
tx,32310000000,1,-1,323,32310000000,56,state,
tx,32320000000,2,-1,323,32320000000,56,state,
rx,32325186162,1,0,322,32210000000,56,state,
rx,32326700402,0,1,323,32300000000,56,state,
rx,32335984192,2,0,323,32320000000,56,state,
rx,32345925151,0,1,322,32200000000,56,state,
rx,32385670482,1,2,323,32310000000,56,state,
rx,32394452564,2,0,322,32220000000,56,state,
tx,32400000000,0,-1,324,32400000000,56,state,
rx,32406105609,1,0,323,32310000000,56,state,
tx,32410000000,1,-1,324,32410000000,56,state,
tx,32420000000,2,-1,324,32420000000,56,state,
rx,32455179626,0,2,323,32300000000,56,state,
rx,32456317406,2,0,324,32420000000,56,state,
rx,32471404323,2,1,323,32320000000,56,state,
rx,32477407325,0,1,324,32400000000,56,state,
rx,32480838076,1,2,324,32410000000,56,state,
tx,32500000000,0,-1,325,32500000000,56,state,
rx,32500676646,2,1,324,32420000000,56,state,
tx,32510000000,1,-1,325,32510000000,56,state,
rx,32514271142,0,1,325,32500000000,56,state,
tx,32520000000,2,-1,325,32520000000,56,state,
rx,32533536858,1,0,324,32410000000,56,state,
rx,32565699877,1,0,325,32510000000,56,state,
rx,32567600784,1,2,325,32510000000,56,state,
rx,32599595257,0,2,324,32400000000,56,state,
tx,32600000000,0,-1,326,32600000000,56,state,
tx,32610000000,1,-1,326,32610000000,56,state,
tx,32620000000,2,-1,326,32620000000,56,state,
rx,32629456826,2,0,325,32520000000,56,state,
rx,32634148955,2,1,325,32520000000,56,state,
rx,32643602154,0,2,325,32500000000,56,state,
rx,32652932041,1,2,326,32610000000,56,state,
rx,32657463589,0,2,326,32600000000,56,state,
rx,32664355409,2,0,326,32620000000,56,state,
rx,32689358907,0,1,326,32600000000,56,state,
tx,32700000000,0,-1,327,32700000000,56,state,
tx,32710000000,1,-1,327,32710000000,56,state,
rx,32712765302,1,0,326,32610000000,56,state,
rx,32713472120,1,0,327,32710000000,56,state,
rx,32715174587,2,1,326,32620000000,56,state,
tx,32720000000,2,-1,327,32720000000,56,state,
rx,32739395789,0,1,327,32700000000,56,state,
rx,32759216459,2,1,327,32720000000,56,state,
rx,32773581903,0,2,327,32700000000,56,state,
tx,32800000000,0,-1,328,32800000000,56,state,
tx,32810000000,1,-1,328,32810000000,56,state,
rx,32816456747,0,2,328,32800000000,56,state,
tx,32820000000,2,-1,328,32820000000,56,state,
rx,32851078423,1,0,328,32810000000,56,state,
rx,32883075900,0,1,328,32800000000,56,state,
rx,32886365701,1,2,327,32710000000,56,state,
rx,32888310028,2,0,327,32720000000,56,state,
tx,32900000000,0,-1,329,32900000000,56,state,
tx,32910000000,1,-1,329,32910000000,56,state,
rx,32914857552,0,2,329,32900000000,56,state,
rx,32916238106,0,1,329,32900000000,56,state,
tx,32920000000,2,-1,329,32920000000,56,state,
rx,32922108518,2,0,328,32820000000,56,state,
rx,32940767890,1,2,329,32910000000,56,state,
rx,32962910696,2,0,329,32920000000,56,state,
rx,32976789638,1,2,328,32810000000,56,state,
tx,33000000000,0,-1,330,33000000000,56,state,
rx,33003819830,2,1,328,32820000000,56,state,
tx,33010000000,1,-1,330,33010000000,56,state,
tx,33020000000,2,-1,330,33020000000,56,state,
rx,33069491397,1,0,329,32910000000,56,state,
rx,33071105545,2,1,329,32920000000,56,state,
rx,33092361094,1,2,330,33010000000,56,state,
tx,33100000000,0,-1,331,33100000000,56,state,
tx,33110000000,1,-1,331,33110000000,56,state,
rx,33111877538,2,1,330,33020000000,56,state,
rx,33118233912,2,0,330,33020000000,56,state,
tx,33120000000,2,-1,331,33120000000,56,state,
rx,33160611734,1,0,330,33010000000,56,state,
rx,33162236213,0,1,330,33000000000,56,state,
rx,33173186305,1,2,331,33110000000,56,state,
rx,33180170355,0,2,330,33000000000,56,state,
rx,33192259662,1,0,331,33110000000,56,state,
tx,33200000000,0,-1,332,33200000000,56,state,
tx,33210000000,1,-1,332,33210000000,56,state,
tx,33220000000,2,-1,332,33220000000,56,state,
rx,33220752262,2,0,331,33120000000,56,state,
rx,33232285122,2,1,331,33120000000,56,state,
rx,33234964246,0,2,331,33100000000,56,state,
rx,33244307187,0,2,332,33200000000,56,state,
rx,33258992857,0,1,331,33100000000,56,state,
rx,33278279007,1,0,332,33210000000,56,state,
rx,33289571591,2,0,332,33220000000,56,state,
tx,33300000000,0,-1,333,33300000000,56,state,
rx,33304710405,0,1,332,33200000000,56,state,
rx,33308830975,1,2,332,33210000000,56,state,
tx,33310000000,1,-1,333,33310000000,56,state,
tx,33320000000,2,-1,333,33320000000,56,state,
rx,33336557481,2,1,332,33220000000,56,state,
rx,33344827672,2,1,333,33320000000,56,state,
rx,33373466717,1,2,333,33310000000,56,state,
rx,33385816017,0,2,333,33300000000,56,state,
rx,33394708090,0,1,333,33300000000,56,state,
tx,33400000000,0,-1,334,33400000000,56,state,
tx,33410000000,1,-1,334,33410000000,56,state,
rx,33411714828,2,0,333,33320000000,56,state,
tx,33420000000,2,-1,334,33420000000,56,state,
rx,33438832541,1,0,333,33310000000,56,state,
rx,33447125797,2,1,334,33420000000,56,state,
rx,33464849653,1,2,334,33410000000,56,state,
rx,33483980601,0,2,334,33400000000,56,state,
tx,33500000000,0,-1,335,33500000000,56,state,
rx,33502734481,0,2,335,33500000000,56,state,
tx,33510000000,1,-1,335,33510000000,56,state,
rx,33518728738,0,1,334,33400000000,56,state,
rx,33519663843,1,0,335,33510000000,56,state,
tx,33520000000,2,-1,335,33520000000,56,state,
rx,33528502888,1,2,335,33510000000,56,state,
rx,33546482104,2,0,335,33520000000,56,state,
rx,33553725343,1,0,334,33410000000,56,state,
rx,33586745303,2,0,334,33420000000,56,state,
tx,33600000000,0,-1,336,33600000000,56,state,
tx,33610000000,1,-1,336,33610000000,56,state,
tx,33620000000,2,-1,336,33620000000,56,state,
rx,33643860238,2,0,336,33620000000,56,state,
rx,33671548869,2,1,335,33520000000,56,state,
rx,33677145439,0,1,335,33500000000,56,state,
rx,33698010763,1,0,336,33610000000,56,state,
tx,33700000000,0,-1,337,33700000000,56,state,
tx,33710000000,1,-1,337,33710000000,56,state,
rx,33715993554,1,2,336,33610000000,56,state,
rx,33718459753,1,2,337,33710000000,56,state,
tx,33720000000,2,-1,337,33720000000,56,state,
rx,33721489542,0,1,337,33700000000,56,state,
rx,33722157061,0,1,336,33600000000,56,state,
rx,33722793515,1,0,337,33710000000,56,state,
rx,33726144385,2,0,337,33720000000,56,state,
rx,33733022910,0,2,336,33600000000,56,state,
rx,33740113510,2,1,336,33620000000,56,state,
rx,33784055987,0,2,337,33700000000,56,state,
tx,33800000000,0,-1,338,33800000000,56,state,
tx,33810000000,1,-1,338,33810000000,56,state,
tx,33820000000,2,-1,338,33820000000,56,state,
rx,33860962346,2,0,338,33820000000,56,state,
rx,33889900267,2,1,337,33720000000,56,state,
tx,33900000000,0,-1,339,33900000000,56,state,
rx,33900218886,2,1,338,33820000000,56,state,
tx,33910000000,1,-1,339,33910000000,56,state,
tx,33920000000,2,-1,339,33920000000,56,state,
rx,33939948293,1,2,338,33810000000,56,state,
rx,33977211100,1,2,339,33910000000,56,state,
rx,33992194290,0,2,338,33800000000,56,state,
rx,33992518821,0,1,338,33800000000,56,state,
rx,33999299306,1,0,338,33810000000,56,state,
tx,34000000000,0,-1,340,34000000000,56,state,
rx,34000528094,0,2,340,34000000000,56,state,
tx,34010000000,1,-1,340,34010000000,56,state,
rx,34012232397,1,0,339,33910000000,56,state,
tx,34020000000,2,-1,340,34020000000,56,state,
rx,34038847353,0,1,339,33900000000,56,state,
rx,34067020746,2,0,339,33920000000,56,state,
rx,34084898006,2,1,339,33920000000,56,state,
rx,34092555338,2,0,340,34020000000,56,state,
rx,34097190059,0,2,339,33900000000,56,state,
tx,34100000000,0,-1,341,34100000000,56,state,
rx,34106047990,0,1,340,34000000000,56,state,
tx,34110000000,1,-1,341,34110000000,56,state,
rx,34114800373,2,1,340,34020000000,56,state,
rx,34117483785,0,1,341,34100000000,56,state,
tx,34120000000,2,-1,341,34120000000,56,state,
rx,34175754952,1,0,340,34010000000,56,state,
rx,34182726384,2,1,341,34120000000,56,state,
rx,34191297079,1,0,341,34110000000,56,state,
tx,34200000000,0,-1,342,34200000000,56,state,
rx,34205739022,1,2,340,34010000000,56,state,
tx,34210000000,1,-1,342,34210000000,56,state,
rx,34210916451,0,2,342,34200000000,56,state,
tx,34220000000,2,-1,342,34220000000,56,state,
rx,34227369269,1,0,342,34210000000,56,state,
rx,34235189006,1,2,341,34110000000,56,state,
rx,34244533250,0,2,341,34100000000,56,state,
rx,34246243660,1,2,342,34210000000,56,state,
tx,34300000000,0,-1,343,34300000000,56,state,
rx,34308518988,0,1,342,34200000000,56,state,
tx,34310000000,1,-1,343,34310000000,56,state,
rx,34311710771,2,0,341,34120000000,56,state,
tx,34320000000,2,-1,343,34320000000,56,state,
rx,34345886951,0,2,343,34300000000,56,state,
rx,34361185452,1,2,343,34310000000,56,state,
rx,34372250225,2,0,342,34220000000,56,state,
rx,34385447244,0,1,343,34300000000,56,state,
tx,34400000000,0,-1,344,34400000000,56,state,
tx,34410000000,1,-1,344,34410000000,56,state,
rx,34418216354,2,1,342,34220000000,56,state,
tx,34420000000,2,-1,344,34420000000,56,state,
rx,34460468258,0,1,344,34400000000,56,state,
rx,34465080389,1,0,343,34310000000,56,state,
rx,34473424510,2,1,343,34320000000,56,state,
rx,34482896416,1,0,344,34410000000,56,state,
rx,34487397593,2,0,343,34320000000,56,state,
rx,34492679472,1,2,344,34410000000,56,state,
tx,34500000000,0,-1,345,34500000000,56,state,
rx,34507373450,0,2,345,34500000000,56,state,
tx,34510000000,1,-1,345,34510000000,56,state,
tx,34520000000,2,-1,345,34520000000,56,state,
rx,34535014069,1,2,345,34510000000,56,state,
rx,34544545391,1,0,345,34510000000,56,state,
rx,34555898343,0,1,345,34500000000,56,state,
rx,34563525384,2,1,344,34420000000,56,state,
rx,34575298997,0,2,344,34400000000,56,state,
rx,34582167472,2,0,344,34420000000,56,state,
tx,34600000000,0,-1,346,34600000000,56,state,
tx,34610000000,1,-1,346,34610000000,56,state,
tx,34620000000,2,-1,346,34620000000,56,state,
rx,34644455064,2,1,345,34520000000,56,state,
rx,34660143325,0,1,346,34600000000,56,state,
rx,34660592501,2,0,346,34620000000,56,state,
rx,34664245373,2,0,345,34520000000,56,state,
rx,34686308039,1,2,346,34610000000,56,state,
tx,34700000000,0,-1,347,34700000000,56,state,
rx,34702537086,0,2,346,34600000000,56,state,
tx,34710000000,1,-1,347,34710000000,56,state,
tx,34720000000,2,-1,347,34720000000,56,state,
rx,34736516852,0,2,347,34700000000,56,state,
rx,34755829055,2,1,347,34720000000,56,state,
rx,34760056481,1,0,347,34710000000,56,state,
rx,34777054662,1,0,346,34610000000,56,state,
tx,34800000000,0,-1,348,34800000000,56,state,
rx,34805815270,2,0,347,34720000000,56,state,
rx,34809130992,1,2,347,34710000000,56,state,
tx,34810000000,1,-1,348,34810000000,56,state,
rx,34811261041,2,1,346,34620000000,56,state,
tx,34820000000,2,-1,348,34820000000,56,state,
rx,34827710173,0,2,348,34800000000,56,state,
rx,34828872215,0,1,347,34700000000,56,state,
rx,34831242971,1,2,348,34810000000,56,state,
rx,34836163577,2,0,348,34820000000,56,state,
tx,34900000000,0,-1,349,34900000000,56,state,
rx,34906974852,0,1,349,34900000000,56,state,
tx,34910000000,1,-1,349,34910000000,56,state,
rx,34913549250,2,1,348,34820000000,56,state,
tx,34920000000,2,-1,349,34920000000,56,state,
rx,34948768104,1,0,348,34810000000,56,state,
rx,34964893430,2,1,349,34920000000,56,state,
rx,34970919754,0,2,349,34900000000,56,state,
rx,34974528987,1,2,349,34910000000,56,state,
rx,34983847421,0,1,348,34800000000,56,state,
tx,35000000000,0,-1,350,35000000000,56,state,
tx,35010000000,1,-1,350,35010000000,56,state,
tx,35020000000,2,-1,350,35020000000,56,state,
rx,35020679287,1,2,350,35010000000,56,state,
rx,35026722820,2,1,350,35020000000,56,state,
rx,35059641830,1,0,349,34910000000,56,state,
rx,35067823763,2,0,349,34920000000,56,state,
rx,35088686284,0,2,350,35000000000,56,state,
tx,35100000000,0,-1,351,35100000000,56,state,
tx,35110000000,1,-1,351,35110000000,56,state,
rx,35116884185,1,2,351,35110000000,56,state,
tx,35120000000,2,-1,351,35120000000,56,state,
rx,35126909394,1,0,350,35010000000,56,state,
rx,35130841493,0,1,350,35000000000,56,state,
rx,35173490491,2,0,350,35020000000,56,state,
rx,35177966799,0,1,351,35100000000,56,state,
rx,35183314134,1,0,351,35110000000,56,state,
rx,35193717625,0,2,351,35100000000,56,state,
tx,35200000000,0,-1,352,35200000000,56,state,
rx,35204471991,2,0,351,35120000000,56,state,
tx,35210000000,1,-1,352,35210000000,56,state,
rx,35210956333,0,1,352,35200000000,56,state,
tx,35220000000,2,-1,352,35220000000,56,state,
rx,35278155374,2,1,351,35120000000,56,state,
tx,35300000000,0,-1,353,35300000000,56,state,
tx,35310000000,1,-1,353,35310000000,56,state,
tx,35320000000,2,-1,353,35320000000,56,state,
rx,35344052457,0,2,352,35200000000,56,state,
rx,35350167444,1,0,352,35210000000,56,state,
rx,35357922883,1,2,352,35210000000,56,state,
rx,35363076076,0,1,353,35300000000,56,state,
rx,35364771260,1,0,353,35310000000,56,state,
rx,35372587226,2,1,353,35320000000,56,state,
tx,35400000000,0,-1,354,35400000000,56,state,
tx,35410000000,1,-1,354,35410000000,56,state,
rx,35412384403,2,1,352,35220000000,56,state,
rx,35415280047,2,0,352,35220000000,56,state,
tx,35420000000,2,-1,354,35420000000,56,state,
rx,35446424082,1,2,353,35310000000,56,state,
rx,35447100926,0,2,353,35300000000,56,state,
rx,35457086500,2,0,353,35320000000,56,state,
tx,35500000000,0,-1,355,35500000000,56,state,
rx,35500220940,1,2,354,35410000000,56,state,
tx,35510000000,1,-1,355,35510000000,56,state,
tx,35520000000,2,-1,355,35520000000,56,state,
rx,35527152319,2,1,354,35420000000,56,state,
rx,35543003768,1,2,355,35510000000,56,state,
rx,35589025907,0,1,355,35500000000,56,state,
rx,35592505790,0,1,354,35400000000,56,state,
rx,35594459016,0,2,354,35400000000,56,state,
rx,35599027805,2,1,355,35520000000,56,state,
tx,35600000000,0,-1,356,35600000000,56,state,
rx,35604953852,2,0,354,35420000000,56,state,
rx,35606296569,1,0,354,35410000000,56,state,
tx,35610000000,1,-1,356,35610000000,56,state,
tx,35620000000,2,-1,356,35620000000,56,state,
rx,35638357516,0,2,355,35500000000,56,state,
rx,35650516992,2,1,356,35620000000,56,state,
rx,35661085733,2,0,355,35520000000,56,state,
rx,35674442225,1,0,356,35610000000,56,state,
rx,35680144212,1,0,355,35510000000,56,state,
tx,35700000000,0,-1,357,35700000000,56,state,
tx,35710000000,1,-1,357,35710000000,56,state,
rx,35713293958,0,1,356,35600000000,56,state,
rx,35719705825,1,2,356,35610000000,56,state,
tx,35720000000,2,-1,357,35720000000,56,state,
rx,35765701232,0,1,357,35700000000,56,state,
rx,35781414206,0,2,356,35600000000,56,state,
tx,35800000000,0,-1,358,35800000000,56,state,
tx,35810000000,1,-1,358,35810000000,56,state,
rx,35813722925,2,1,357,35720000000,56,state,
rx,35818949594,2,0,356,35620000000,56,state,
tx,35820000000,2,-1,358,35820000000,56,state,
rx,35822251652,2,1,358,35820000000,56,state,
rx,35822896089,1,0,357,35710000000,56,state,
rx,35852346045,1,2,358,35810000000,56,state,
rx,35858632243,2,0,357,35720000000,56,state,
rx,35876408492,0,2,357,35700000000,56,state,
rx,35883239891,1,2,357,35710000000,56,state,
rx,35899791509,0,1,358,35800000000,56,state,
tx,35900000000,0,-1,359,35900000000,56,state,
tx,35910000000,1,-1,359,35910000000,56,state,
rx,35914484752,1,0,359,35910000000,56,state,
tx,35920000000,2,-1,359,35920000000,56,state,
rx,35944805341,2,1,359,35920000000,56,state,
rx,35947288967,0,2,359,35900000000,56,state,
rx,35964635918,2,0,358,35820000000,56,state,
rx,35985160162,0,1,359,35900000000,56,state,
rx,35993814145,0,2,358,35800000000,56,state,
tx,36000000000,0,-1,360,36000000000,56,state,
rx,36008509154,1,0,358,35810000000,56,state,
tx,36010000000,1,-1,360,36010000000,56,state,
rx,36010654981,2,0,359,35920000000,56,state,
tx,36020000000,2,-1,360,36020000000,56,state,
rx,36041673176,1,0,360,36010000000,56,state,
rx,36078568316,1,2,359,35910000000,56,state,
rx,36078600906,2,1,360,36020000000,56,state,
tx,36100000000,0,-1,361,36100000000,56,state,
tx,36110000000,1,-1,361,36110000000,56,state,
rx,36116861741,1,2,361,36110000000,56,state,
tx,36120000000,2,-1,361,36120000000,56,state,
rx,36124163996,0,1,360,36000000000,56,state,
rx,36134927838,2,1,361,36120000000,56,state,
rx,36140711527,1,2,360,36010000000,56,state,
rx,36150139378,0,2,360,36000000000,56,state,
rx,36161943010,2,0,360,36020000000,56,state,
tx,36200000000,0,-1,362,36200000000,56,state,
tx,36210000000,1,-1,362,36210000000,56,state,
tx,36220000000,2,-1,362,36220000000,56,state,
rx,36248995528,0,1,361,36100000000,56,state,
rx,36295136319,0,2,361,36100000000,56,state,
rx,36295445993,1,0,361,36110000000,56,state,
rx,36295886442,2,0,361,36120000000,56,state,
rx,36297646937,2,0,362,36220000000,56,state,
tx,36300000000,0,-1,363,36300000000,56,state,
tx,36310000000,1,-1,363,36310000000,56,state,
tx,36320000000,2,-1,363,36320000000,56,state,
rx,36330434060,0,2,363,36300000000,56,state,
rx,36333986024,2,1,362,36220000000,56,state,
rx,36338611517,1,0,363,36310000000,56,state,
rx,36360854158,2,0,363,36320000000,56,state,
rx,36363505432,1,2,362,36210000000,56,state,
rx,36368063050,0,1,362,36200000000,56,state,
rx,36373391812,1,0,362,36210000000,56,state,
rx,36379247897,2,1,363,36320000000,56,state,
rx,36391576553,0,2,362,36200000000,56,state,
tx,36400000000,0,-1,364,36400000000,56,state,
tx,36410000000,1,-1,364,36410000000,56,state,
tx,36420000000,2,-1,364,36420000000,56,state,
rx,36432601672,0,1,363,36300000000,56,state,
rx,36487125885,1,2,363,36310000000,56,state,
tx,36500000000,0,-1,365,36500000000,56,state,
tx,36510000000,1,-1,365,36510000000,56,state,
tx,36520000000,2,-1,365,36520000000,56,state,
rx,36524131954,1,2,364,36410000000,56,state,
rx,36529816386,1,2,365,36510000000,56,state,
rx,36543813411,2,1,365,36520000000,56,state,
rx,36561921275,2,0,365,36520000000,56,state,
rx,36566794125,1,0,364,36410000000,56,state,
rx,36574915134,2,1,364,36420000000,56,state,
rx,36588116227,0,1,364,36400000000,56,state,
rx,36599776907,0,2,364,36400000000,56,state,
tx,36600000000,0,-1,366,36600000000,56,state,
rx,36608308442,2,0,364,36420000000,56,state,
tx,36610000000,1,-1,366,36610000000,56,state,
tx,36620000000,2,-1,366,36620000000,56,state,
rx,36621676854,0,2,365,36500000000,56,state,
rx,36633562511,1,2,366,36610000000,56,state,
rx,36649034673,1,0,365,36510000000,56,state,
rx,36677010273,0,1,365,36500000000,56,state,
tx,36700000000,0,-1,367,36700000000,56,state,
rx,36702241244,0,2,367,36700000000,56,state,
tx,36710000000,1,-1,367,36710000000,56,state,
tx,36720000000,2,-1,367,36720000000,56,state,
rx,36726726307,2,0,366,36620000000,56,state,
rx,36729470505,1,2,367,36710000000,56,state,
rx,36752394579,0,1,366,36600000000,56,state,
rx,36778560648,1,0,366,36610000000,56,state,
rx,36791716960,0,2,366,36600000000,56,state,
tx,36800000000,0,-1,368,36800000000,56,state,
rx,36808799101,2,1,366,36620000000,56,state,
tx,36810000000,1,-1,368,36810000000,56,state,
tx,36820000000,2,-1,368,36820000000,56,state,
rx,36826995821,2,0,367,36720000000,56,state,
rx,36834799803,2,0,368,36820000000,56,state,
rx,36836468265,1,0,367,36710000000,56,state,
rx,36868934200,0,1,367,36700000000,56,state,
rx,36889915778,2,1,368,36820000000,56,state,
rx,36899346166,2,1,367,36720000000,56,state,
tx,36900000000,0,-1,369,36900000000,56,state,
tx,36910000000,1,-1,369,36910000000,56,state,
tx,36920000000,2,-1,369,36920000000,56,state,
rx,36931737682,0,2,368,36800000000,56,state,
rx,36936206313,1,0,368,36810000000,56,state,
rx,36949814282,0,1,369,36900000000,56,state,
rx,36958711942,2,1,369,36920000000,56,state,
rx,36966990048,0,1,368,36800000000,56,state,
rx,36988600624,1,2,368,36810000000,56,state,
rx,36996101979,1,0,369,36910000000,56,state,
tx,37000000000,0,-1,370,37000000000,56,state,
tx,37010000000,1,-1,370,37010000000,56,state,
tx,37020000000,2,-1,370,37020000000,56,state,
rx,37029988312,0,2,369,36900000000,56,state,
rx,37045199460,2,1,370,37020000000,56,state,
rx,37049610960,2,0,369,36920000000,56,state,
rx,37079852740,1,2,369,36910000000,56,state,
tx,37100000000,0,-1,371,37100000000,56,state,
tx,37110000000,1,-1,371,37110000000,56,state,
tx,37120000000,2,-1,371,37120000000,56,state,
rx,37120205346,1,2,370,37010000000,56,state,
rx,37128641090,0,2,370,37000000000,56,state,
rx,37140891319,0,1,370,37000000000,56,state,
rx,37166890403,2,0,370,37020000000,56,state,
rx,37173759970,1,0,370,37010000000,56,state,
rx,37182899040,0,1,371,37100000000,56,state,
tx,37200000000,0,-1,372,37200000000,56,state,
rx,37205923068,2,1,371,37120000000,56,state,
rx,37208439532,2,0,371,37120000000,56,state,
tx,37210000000,1,-1,372,37210000000,56,state,
rx,37215483854,1,2,372,37210000000,56,state,
tx,37220000000,2,-1,372,37220000000,56,state,
rx,37252685977,1,0,371,37110000000,56,state,
rx,37258701122,0,2,371,37100000000,56,state,
rx,37263079740,1,2,371,37110000000,56,state,
rx,37276306936,2,1,372,37220000000,56,state,
tx,37300000000,0,-1,373,37300000000,56,state,
rx,37309302530,0,2,372,37200000000,56,state,
tx,37310000000,1,-1,373,37310000000,56,state,
tx,37320000000,2,-1,373,37320000000,56,state,
rx,37334606814,0,1,372,37200000000,56,state,
rx,37340480388,0,1,373,37300000000,56,state,
rx,37344408799,1,2,373,37310000000,56,state,
rx,37346262649,2,0,372,37220000000,56,state,
rx,37348674659,1,0,372,37210000000,56,state,
tx,37400000000,0,-1,374,37400000000,56,state,
tx,37410000000,1,-1,374,37410000000,56,state,
rx,37414157511,2,0,373,37320000000,56,state,
tx,37420000000,2,-1,374,37420000000,56,state,
rx,37425563346,2,1,374,37420000000,56,state,
rx,37439371146,1,2,374,37410000000,56,state,
rx,37439716860,1,0,374,37410000000,56,state,
rx,37465294847,0,2,373,37300000000,56,state,
rx,37471978878,0,1,374,37400000000,56,state,
tx,37500000000,0,-1,375,37500000000,56,state,
rx,37502886265,1,0,373,37310000000,56,state,
rx,37504258474,0,1,375,37500000000,56,state,
rx,37506589108,2,1,373,37320000000,56,state,
rx,37508768256,0,2,375,37500000000,56,state,
tx,37510000000,1,-1,375,37510000000,56,state,
tx,37520000000,2,-1,375,37520000000,56,state,
rx,37536508753,1,0,375,37510000000,56,state,
rx,37548803784,2,0,375,37520000000,56,state,
rx,37564257588,1,2,375,37510000000,56,state,
rx,37567786767,0,2,374,37400000000,56,state,
tx,37600000000,0,-1,376,37600000000,56,state,
rx,37600864364,2,0,374,37420000000,56,state,
tx,37610000000,1,-1,376,37610000000,56,state,
rx,37612781325,1,0,376,37610000000,56,state,
tx,37620000000,2,-1,376,37620000000,56,state,
rx,37631276170,0,2,376,37600000000,56,state,
rx,37632534187,1,2,376,37610000000,56,state,
rx,37644056670,2,1,375,37520000000,56,state,
rx,37688274043,2,1,376,37620000000,56,state,
tx,37700000000,0,-1,377,37700000000,56,state,
tx,37710000000,1,-1,377,37710000000,56,state,
tx,37720000000,2,-1,377,37720000000,56,state,
rx,37728676895,1,2,377,37710000000,56,state,
rx,37748413756,1,0,377,37710000000,56,state,
rx,37763344031,0,2,377,37700000000,56,state,
rx,37783165393,2,0,376,37620000000,56,state,
rx,37787526309,0,1,376,37600000000,56,state,
rx,37787850831,0,1,377,37700000000,56,state,
tx,37800000000,0,-1,378,37800000000,56,state,
tx,37810000000,1,-1,378,37810000000,56,state,
tx,37820000000,2,-1,378,37820000000,56,state,
rx,37883041285,0,2,378,37800000000,56,state,
rx,37894411956,2,0,377,37720000000,56,state,
rx,37898389955,0,1,378,37800000000,56,state,
tx,37900000000,0,-1,379,37900000000,56,state,
rx,37902745317,2,1,377,37720000000,56,state,
tx,37910000000,1,-1,379,37910000000,56,state,
rx,37910377425,0,2,379,37900000000,56,state,
tx,37920000000,2,-1,379,37920000000,56,state,
rx,37927134089,1,2,378,37810000000,56,state,
rx,37929885072,2,0,379,37920000000,56,state,
rx,37946231544,2,1,378,37820000000,56,state,
rx,37969431818,2,1,379,37920000000,56,state,
rx,37985991836,2,0,378,37820000000,56,state,
tx,38000000000,0,-1,380,38000000000,56,state,
rx,38002007045,1,0,378,37810000000,56,state,
tx,38010000000,1,-1,380,38010000000,56,state,
tx,38020000000,2,-1,380,38020000000,56,state,
rx,38023462185,2,0,380,38020000000,56,state,
rx,38031056340,0,2,380,38000000000,56,state,
rx,38042804975,1,0,379,37910000000,56,state,
rx,38072875587,1,2,380,38010000000,56,state,
rx,38083990116,1,2,379,37910000000,56,state,
rx,38091680872,0,1,379,37900000000,56,state,
rx,38091894975,1,0,380,38010000000,56,state,
tx,38100000000,0,-1,381,38100000000,56,state,
tx,38110000000,1,-1,381,38110000000,56,state,
rx,38116101331,2,1,380,38020000000,56,state,
tx,38120000000,2,-1,381,38120000000,56,state,
rx,38132334773,0,1,380,38000000000,56,state,
rx,38178113812,2,1,381,38120000000,56,state,
tx,38200000000,0,-1,382,38200000000,56,state,
tx,38210000000,1,-1,382,38210000000,56,state,
rx,38216240183,1,0,381,38110000000,56,state,
rx,38216702559,0,1,381,38100000000,56,state,
tx,38220000000,2,-1,382,38220000000,56,state,
rx,38227495290,1,2,381,38110000000,56,state,
rx,38245833041,0,2,381,38100000000,56,state,
rx,38263680894,0,2,382,38200000000,56,state,
rx,38288259378,2,0,381,38120000000,56,state,
tx,38300000000,0,-1,383,38300000000,56,state,
rx,38300808618,2,1,382,38220000000,56,state,
rx,38303533467,0,1,383,38300000000,56,state,
tx,38310000000,1,-1,383,38310000000,56,state,
tx,38320000000,2,-1,383,38320000000,56,state,
rx,38328653102,2,1,383,38320000000,56,state,
rx,38338208297,2,0,382,38220000000,56,state,
rx,38376952980,0,1,382,38200000000,56,state,
rx,38383628755,1,2,382,38210000000,56,state,
rx,38398318121,1,2,383,38310000000,56,state,
rx,38399586283,1,0,382,38210000000,56,state,
tx,38400000000,0,-1,384,38400000000,56,state,
tx,38410000000,1,-1,384,38410000000,56,state,
tx,38420000000,2,-1,384,38420000000,56,state,
rx,38425366699,1,0,384,38410000000,56,state,
rx,38433189350,2,0,383,38320000000,56,state,
rx,38436662834,2,0,384,38420000000,56,state,
rx,38439701708,0,2,383,38300000000,56,state,
rx,38446986745,1,2,384,38410000000,56,state,
rx,38475262162,2,1,384,38420000000,56,state,
rx,38481596838,1,0,383,38310000000,56,state,
tx,38500000000,0,-1,385,38500000000,56,state,
rx,38503128840,0,2,384,38400000000,56,state,
tx,38510000000,1,-1,385,38510000000,56,state,
tx,38520000000,2,-1,385,38520000000,56,state,
rx,38535078487,2,0,385,38520000000,56,state,
rx,38556529693,2,1,385,38520000000,56,state,
rx,38562900952,0,2,385,38500000000,56,state,
rx,38582168280,0,1,385,38500000000,56,state,
rx,38587876950,0,1,384,38400000000,56,state,
tx,38600000000,0,-1,386,38600000000,56,state,
tx,38610000000,1,-1,386,38610000000,56,state,
tx,38620000000,2,-1,386,38620000000,56,state,
rx,38627496814,2,0,386,38620000000,56,state,
rx,38661418436,2,1,386,38620000000,56,state,
rx,38670813377,1,0,385,38510000000,56,state,
rx,38672949364,1,2,385,38510000000,56,state,
tx,38700000000,0,-1,387,38700000000,56,state,
tx,38710000000,1,-1,387,38710000000,56,state,
tx,38720000000,2,-1,387,38720000000,56,state,
rx,38728098802,1,0,386,38610000000,56,state,
rx,38735731352,1,0,387,38710000000,56,state,
rx,38740986079,0,2,386,38600000000,56,state,
rx,38746885482,2,0,387,38720000000,56,state,
rx,38757764593,0,1,386,38600000000,56,state,
rx,38789530888,1,2,386,38610000000,56,state,
rx,38792154364,1,2,387,38710000000,56,state,
tx,38800000000,0,-1,388,38800000000,56,state,
tx,38810000000,1,-1,388,38810000000,56,state,
tx,38820000000,2,-1,388,38820000000,56,state,
rx,38821273894,0,2,387,38700000000,56,state,
rx,38822770899,0,2,388,38800000000,56,state,
rx,38846193368,1,2,388,38810000000,56,state,
rx,38883699803,0,1,388,38800000000,56,state,
rx,38890087879,0,1,387,38700000000,56,state,
rx,38897254285,2,0,388,38820000000,56,state,
tx,38900000000,0,-1,389,38900000000,56,state,
rx,38906941627,2,1,387,38720000000,56,state,
tx,38910000000,1,-1,389,38910000000,56,state,
rx,38911332155,2,1,388,38820000000,56,state,
tx,38920000000,2,-1,389,38920000000,56,state,
rx,38921173395,1,0,388,38810000000,56,state,
rx,38937683852,2,0,389,38920000000,56,state,
rx,38973723329,0,2,389,38900000000,56,state,
tx,39000000000,0,-1,390,39000000000,56,state,
rx,39000655425,1,0,389,38910000000,56,state,
tx,39010000000,1,-1,390,39010000000,56,state,
tx,39020000000,2,-1,390,39020000000,56,state,
rx,39034683798,2,1,389,38920000000,56,state,
rx,39058060711,2,1,390,39020000000,56,state,
rx,39064138458,0,1,389,38900000000,56,state,
rx,39070854808,0,2,390,39000000000,56,state,
rx,39090371000,2,0,390,39020000000,56,state,
rx,39090717823,1,2,389,38910000000,56,state,
rx,39096783107,1,2,390,39010000000,56,state,
tx,39100000000,0,-1,391,39100000000,56,state,
tx,39110000000,1,-1,391,39110000000,56,state,
tx,39120000000,2,-1,391,39120000000,56,state,
rx,39125761730,0,2,391,39100000000,56,state,
rx,39131702609,0,1,391,39100000000,56,state,
rx,39154160286,2,1,391,39120000000,56,state,
rx,39154624791,1,0,390,39010000000,56,state,
rx,39187696115,0,1,390,39000000000,56,state,
tx,39200000000,0,-1,392,39200000000,56,state,
tx,39210000000,1,-1,392,39210000000,56,state,
rx,39211046603,0,2,392,39200000000,56,state,
tx,39220000000,2,-1,392,39220000000,56,state,
rx,39222798942,2,0,391,39120000000,56,state,
rx,39244328089,1,2,392,39210000000,56,state,
rx,39244756203,0,1,392,39200000000,56,state,
rx,39284713147,2,0,392,39220000000,56,state,
rx,39296591248,1,2,391,39110000000,56,state,
tx,39300000000,0,-1,393,39300000000,56,state,
rx,39304989599,1,0,391,39110000000,56,state,
tx,39310000000,1,-1,393,39310000000,56,state,
rx,39315435446,2,1,392,39220000000,56,state,
rx,39316986016,0,2,393,39300000000,56,state,
tx,39320000000,2,-1,393,39320000000,56,state,
rx,39323138351,1,0,392,39210000000,56,state,
rx,39328404877,2,0,393,39320000000,56,state,
rx,39386952429,1,2,393,39310000000,56,state,
tx,39400000000,0,-1,394,39400000000,56,state,
tx,39410000000,1,-1,394,39410000000,56,state,
tx,39420000000,2,-1,394,39420000000,56,state,
rx,39469125391,0,2,394,39400000000,56,state,
rx,39481459256,0,1,393,39300000000,56,state,
rx,39492151929,2,1,393,39320000000,56,state,
rx,39498709473,1,0,394,39410000000,56,state,
tx,39500000000,0,-1,395,39500000000,56,state,
rx,39504060247,2,0,394,39420000000,56,state,
rx,39507780166,1,0,393,39310000000,56,state,
tx,39510000000,1,-1,395,39510000000,56,state,
tx,39520000000,2,-1,395,39520000000,56,state,
rx,39532453382,0,1,394,39400000000,56,state,
rx,39577659501,2,1,395,39520000000,56,state,
rx,39580505306,2,1,394,39420000000,56,state,
rx,39595340743,1,2,394,39410000000,56,state,
tx,39600000000,0,-1,396,39600000000,56,state,
tx,39610000000,1,-1,396,39610000000,56,state,
tx,39620000000,2,-1,396,39620000000,56,state,
rx,39633093257,0,2,395,39500000000,56,state,
rx,39640963292,1,2,395,39510000000,56,state,
rx,39647681028,1,2,396,39610000000,56,state,
rx,39665537059,0,1,395,39500000000,56,state,
rx,39667164242,1,0,395,39510000000,56,state,
rx,39694456981,0,2,396,39600000000,56,state,
tx,39700000000,0,-1,397,39700000000,56,state,
rx,39701798929,0,1,396,39600000000,56,state,
tx,39710000000,1,-1,397,39710000000,56,state,
rx,39717144089,2,0,395,39520000000,56,state,
tx,39720000000,2,-1,397,39720000000,56,state,
rx,39722306004,0,1,397,39700000000,56,state,
rx,39735986683,2,0,396,39620000000,56,state,
rx,39737821946,2,1,396,39620000000,56,state,
rx,39744782980,1,0,396,39610000000,56,state,
rx,39770498709,0,2,397,39700000000,56,state,
rx,39779954026,2,0,397,39720000000,56,state,
tx,39800000000,0,-1,398,39800000000,56,state,
tx,39810000000,1,-1,398,39810000000,56,state,
rx,39811026727,0,2,398,39800000000,56,state,
tx,39820000000,2,-1,398,39820000000,56,state,
rx,39822431024,1,2,397,39710000000,56,state,
rx,39837236415,1,0,397,39710000000,56,state,
rx,39845632817,2,1,397,39720000000,56,state,
rx,39888190834,2,1,398,39820000000,56,state,
tx,39900000000,0,-1,399,39900000000,56,state,
tx,39910000000,1,-1,399,39910000000,56,state,
tx,39920000000,2,-1,399,39920000000,56,state,
rx,39921400451,1,2,399,39910000000,56,state,
rx,39922774679,2,0,398,39820000000,56,state,
rx,39949177164,1,0,398,39810000000,56,state,
rx,39959823625,0,1,398,39800000000,56,state,
rx,39970813110,1,0,399,39910000000,56,state,
rx,39983633383,1,2,398,39810000000,56,state,
rx,39997720723,0,2,399,39900000000,56,state,
tx,40000000000,0,-1,400,40000000000,56,state,
rx,40009677601,0,1,399,39900000000,56,state,
tx,40010000000,1,-1,400,40010000000,56,state,
rx,40013154604,2,1,399,39920000000,56,state,
tx,40020000000,2,-1,400,40020000000,56,state,
rx,40034865783,2,1,400,40020000000,56,state,
rx,40070434572,0,1,400,40000000000,56,state,
rx,40089732532,2,0,400,40020000000,56,state,
rx,40097376330,2,0,399,39920000000,56,state,
tx,40100000000,0,-1,401,40100000000,56,state,
tx,40110000000,1,-1,401,40110000000,56,state,
tx,40120000000,2,-1,401,40120000000,56,state,
rx,40120430341,0,2,400,40000000000,56,state,
rx,40123046790,2,1,401,40120000000,56,state,
rx,40138241130,1,2,400,40010000000,56,state,
rx,40146811334,1,0,400,40010000000,56,state,
rx,40152081833,1,0,401,40110000000,56,state,
tx,40200000000,0,-1,402,40200000000,56,state,
rx,40206833095,0,2,402,40200000000,56,state,
tx,40210000000,1,-1,402,40210000000,56,state,
tx,40220000000,2,-1,402,40220000000,56,state,
rx,40220976654,2,0,401,40120000000,56,state,
rx,40229548140,1,2,401,40110000000,56,state,
rx,40249098169,0,2,401,40100000000,56,state,
rx,40269819323,0,1,401,40100000000,56,state,
tx,40300000000,0,-1,403,40300000000,56,state,
tx,40310000000,1,-1,403,40310000000,56,state,
tx,40320000000,2,-1,403,40320000000,56,state,
rx,40323637873,0,1,402,40200000000,56,state,
rx,40333387772,2,1,403,40320000000,56,state,
rx,40358730717,0,1,403,40300000000,56,state,
rx,40360266048,1,0,403,40310000000,56,state,
rx,40384575027,2,1,402,40220000000,56,state,
rx,40393498122,2,0,402,40220000000,56,state,
tx,40400000000,0,-1,404,40400000000,56,state,
rx,40400419934,1,0,402,40210000000,56,state,
rx,40407308807,1,2,402,40210000000,56,state,
rx,40409853957,0,2,403,40300000000,56,state,
tx,40410000000,1,-1,404,40410000000,56,state,
tx,40420000000,2,-1,404,40420000000,56,state,
rx,40421861315,1,0,404,40410000000,56,state,
rx,40449790228,1,2,403,40310000000,56,state,
rx,40458781299,2,0,403,40320000000,56,state,
rx,40467140492,2,0,404,40420000000,56,state,
rx,40497828723,2,1,404,40420000000,56,state,
tx,40500000000,0,-1,405,40500000000,56,state,
tx,40510000000,1,-1,405,40510000000,56,state,
rx,40516551181,1,0,405,40510000000,56,state,
tx,40520000000,2,-1,405,40520000000,56,state,
rx,40535894212,1,2,405,40510000000,56,state,
rx,40543474578,0,2,405,40500000000,56,state,
rx,40552401325,0,1,404,40400000000,56,state,
rx,40558877998,1,2,404,40410000000,56,state,
rx,40561216545,0,2,404,40400000000,56,state,
tx,40600000000,0,-1,406,40600000000,56,state,
tx,40610000000,1,-1,406,40610000000,56,state,
rx,40610642586,0,1,405,40500000000,56,state,
tx,40620000000,2,-1,406,40620000000,56,state,
rx,40630300779,1,0,406,40610000000,56,state,
rx,40636274609,2,0,405,40520000000,56,state,
rx,40671835922,2,1,405,40520000000,56,state,
tx,40700000000,0,-1,407,40700000000,56,state,
rx,40707250168,2,1,406,40620000000,56,state,
tx,40710000000,1,-1,407,40710000000,56,state,
rx,40710427525,1,2,406,40610000000,56,state,
rx,40712869945,0,1,406,40600000000,56,state,
tx,40720000000,2,-1,407,40720000000,56,state,
rx,40731273633,0,2,406,40600000000,56,state,
rx,40740365140,2,0,406,40620000000,56,state,
rx,40751874076,2,0,407,40720000000,56,state,
tx,40800000000,0,-1,408,40800000000,56,state,
rx,40801918254,0,2,407,40700000000,56,state,
rx,40807806522,0,1,408,40800000000,56,state,
tx,40810000000,1,-1,408,40810000000,56,state,
tx,40820000000,2,-1,408,40820000000,56,state,
rx,40827804293,0,1,407,40700000000,56,state,
rx,40839289078,2,1,407,40720000000,56,state,
rx,40883358338,1,0,407,40710000000,56,state,
rx,40887773152,1,2,407,40710000000,56,state,
rx,40897503216,1,2,408,40810000000,56,state,
tx,40900000000,0,-1,409,40900000000,56,state,
tx,40910000000,1,-1,409,40910000000,56,state,
tx,40920000000,2,-1,409,40920000000,56,state,
rx,40921115779,2,0,409,40920000000,56,state,
rx,40926905109,0,1,409,40900000000,56,state,
rx,40927123940,1,0,408,40810000000,56,state,
rx,40968688704,0,2,408,40800000000,56,state,
rx,40969714295,2,1,408,40820000000,56,state,
rx,40990414830,2,0,408,40820000000,56,state,
tx,41000000000,0,-1,410,41000000000,56,state,
rx,41008370997,2,1,409,40920000000,56,state,
tx,41010000000,1,-1,410,41010000000,56,state,
rx,41015639463,1,0,409,40910000000,56,state,
rx,41015749304,1,2,409,40910000000,56,state,
tx,41020000000,2,-1,410,41020000000,56,state,
rx,41031022819,2,0,410,41020000000,56,state,
rx,41086455938,0,2,410,41000000000,56,state,
rx,41094000221,0,2,409,40900000000,56,state,
tx,41100000000,0,-1,411,41100000000,56,state,
tx,41110000000,1,-1,411,41110000000,56,state,
rx,41119463660,1,2,411,41110000000,56,state,
tx,41120000000,2,-1,411,41120000000,56,state,
rx,41138892015,0,1,410,41000000000,56,state,
rx,41141833073,0,1,411,41100000000,56,state,
rx,41182474559,1,2,410,41010000000,56,state,
rx,41184685316,1,0,410,41010000000,56,state,
rx,41194697982,2,0,411,41120000000,56,state,
rx,41195154502,2,1,410,41020000000,56,state,
tx,41200000000,0,-1,412,41200000000,56,state,
rx,41202981237,2,1,411,41120000000,56,state,
rx,41207037428,0,2,411,41100000000,56,state,
tx,41210000000,1,-1,412,41210000000,56,state,
rx,41210972105,1,0,411,41110000000,56,state,
tx,41220000000,2,-1,412,41220000000,56,state,
rx,41228258667,0,2,412,41200000000,56,state,
rx,41233532387,1,2,412,41210000000,56,state,
rx,41289703025,1,0,412,41210000000,56,state,
tx,41300000000,0,-1,413,41300000000,56,state,
tx,41310000000,1,-1,413,41310000000,56,state,
rx,41317885642,2,0,412,41220000000,56,state,
tx,41320000000,2,-1,413,41320000000,56,state,
rx,41338805772,0,1,412,41200000000,56,state,
rx,41397892453,2,1,412,41220000000,56,state,
tx,41400000000,0,-1,414,41400000000,56,state,
tx,41410000000,1,-1,414,41410000000,56,state,
rx,41414215901,2,0,413,41320000000,56,state,
tx,41420000000,2,-1,414,41420000000,56,state,
rx,41421903809,1,0,413,41310000000,56,state,
rx,41425838588,0,2,413,41300000000,56,state,
rx,41434239504,0,1,414,41400000000,56,state,
rx,41435851490,1,0,414,41410000000,56,state,
rx,41464448406,0,1,413,41300000000,56,state,
rx,41469813991,0,2,414,41400000000,56,state,
rx,41475140750,2,1,413,41320000000,56,state,
rx,41483767339,1,2,413,41310000000,56,state,
tx,41500000000,0,-1,415,41500000000,56,state,
tx,41510000000,1,-1,415,41510000000,56,state,
tx,41520000000,2,-1,415,41520000000,56,state,
rx,41520287773,1,2,414,41410000000,56,state,
rx,41565778970,0,2,415,41500000000,56,state,
rx,41575704577,2,0,415,41520000000,56,state,
rx,41588582668,2,1,414,41420000000,56,state,
rx,41591343956,2,0,414,41420000000,56,state,
tx,41600000000,0,-1,416,41600000000,56,state,
tx,41610000000,1,-1,416,41610000000,56,state,
rx,41611097064,1,2,415,41510000000,56,state,
rx,41611885222,0,1,415,41500000000,56,state,
tx,41620000000,2,-1,416,41620000000,56,state,
rx,41628166518,1,0,415,41510000000,56,state,
rx,41649815792,1,0,416,41610000000,56,state,
rx,41654687854,0,2,416,41600000000,56,state,
rx,41665457123,2,1,415,41520000000,56,state,
tx,41700000000,0,-1,417,41700000000,56,state,
tx,41710000000,1,-1,417,41710000000,56,state,
tx,41720000000,2,-1,417,41720000000,56,state,
rx,41744550413,0,2,417,41700000000,56,state,
rx,41751899288,0,1,416,41600000000,56,state,
rx,41752522044,1,2,416,41610000000,56,state,
rx,41781700522,2,1,416,41620000000,56,state,
rx,41798594232,2,0,416,41620000000,56,state,
tx,41800000000,0,-1,418,41800000000,56,state,
tx,41810000000,1,-1,418,41810000000,56,state,
tx,41820000000,2,-1,418,41820000000,56,state,
rx,41831020805,2,1,418,41820000000,56,state,
rx,41851051271,2,0,417,41720000000,56,state,
rx,41856140989,1,0,417,41710000000,56,state,
rx,41860125234,0,1,418,41800000000,56,state,
rx,41861884375,1,0,418,41810000000,56,state,
rx,41862753039,1,2,417,41710000000,56,state,
rx,41875812258,0,1,417,41700000000,56,state,
rx,41886036415,0,2,418,41800000000,56,state,
tx,41900000000,0,-1,419,41900000000,56,state,
rx,41904514086,2,1,417,41720000000,56,state,
tx,41910000000,1,-1,419,41910000000,56,state,
tx,41920000000,2,-1,419,41920000000,56,state,
rx,41928356750,1,2,418,41810000000,56,state,
rx,41928399823,0,1,419,41900000000,56,state,
rx,41949336561,0,2,419,41900000000,56,state,
rx,41952739756,2,1,419,41920000000,56,state,
rx,41970051714,2,0,418,41820000000,56,state,
rx,41989704168,1,0,419,41910000000,56,state,
tx,42000000000,0,-1,420,42000000000,56,state,
rx,42003309711,0,1,420,42000000000,56,state,
tx,42010000000,1,-1,420,42010000000,56,state,
tx,42020000000,2,-1,420,42020000000,56,state,
rx,42058252362,1,2,420,42010000000,56,state,
rx,42081047906,2,0,419,41920000000,56,state,
rx,42083664588,1,2,419,41910000000,56,state,
tx,42100000000,0,-1,421,42100000000,56,state,
tx,42110000000,1,-1,421,42110000000,56,state,
rx,42113713149,0,2,421,42100000000,56,state,
tx,42120000000,2,-1,421,42120000000,56,state,
rx,42126950017,1,2,421,42110000000,56,state,
rx,42127072465,2,0,421,42120000000,56,state,
rx,42130773981,1,0,420,42010000000,56,state,
rx,42149241819,2,1,420,42020000000,56,state,
rx,42177060090,0,2,420,42000000000,56,state,
rx,42186451780,2,0,420,42020000000,56,state,
tx,42200000000,0,-1,422,42200000000,56,state,
rx,42209352159,0,2,422,42200000000,56,state,
tx,42210000000,1,-1,422,42210000000,56,state,
tx,42220000000,2,-1,422,42220000000,56,state,
rx,42230631205,2,0,422,42220000000,56,state,
rx,42238075799,0,1,421,42100000000,56,state,
rx,42245448323,2,1,422,42220000000,56,state,
rx,42264652547,2,1,421,42120000000,56,state,
rx,42277336526,1,2,422,42210000000,56,state,
rx,42279162556,1,0,421,42110000000,56,state,
tx,42300000000,0,-1,423,42300000000,56,state,
rx,42309429215,0,1,423,42300000000,56,state,
tx,42310000000,1,-1,423,42310000000,56,state,
tx,42320000000,2,-1,423,42320000000,56,state,
rx,42320413869,1,0,423,42310000000,56,state,
rx,42339206104,0,2,423,42300000000,56,state,
rx,42343292329,1,2,423,42310000000,56,state,
rx,42381028074,0,1,422,42200000000,56,state,
rx,42395855141,1,0,422,42210000000,56,state,
tx,42400000000,0,-1,424,42400000000,56,state,
tx,42410000000,1,-1,424,42410000000,56,state,
tx,42420000000,2,-1,424,42420000000,56,state,
rx,42427719481,2,0,424,42420000000,56,state,
rx,42431474530,2,1,423,42320000000,56,state,
tx,42500000000,0,-1,425,42500000000,56,state,
rx,42500092573,2,1,424,42420000000,56,state,
tx,42510000000,1,-1,425,42510000000,56,state,
rx,42513163530,0,1,424,42400000000,56,state,
rx,42519508352,1,2,424,42410000000,56,state,
rx,42519649453,2,0,423,42320000000,56,state,
tx,42520000000,2,-1,425,42520000000,56,state,
rx,42520912076,2,1,425,42520000000,56,state,
rx,42523895452,1,2,425,42510000000,56,state,
rx,42538207126,0,1,425,42500000000,56,state,
rx,42558505220,0,2,424,42400000000,56,state,
rx,42560708797,0,2,425,42500000000,56,state,
rx,42571975080,1,0,424,42410000000,56,state,
tx,42600000000,0,-1,426,42600000000,56,state,
tx,42610000000,1,-1,426,42610000000,56,state,
tx,42620000000,2,-1,426,42620000000,56,state,
rx,42643725925,2,0,426,42620000000,56,state,
rx,42644829946,0,2,426,42600000000,56,state,
rx,42660889725,2,0,425,42520000000,56,state,
rx,42663013885,1,0,426,42610000000,56,state,
rx,42682775652,1,0,425,42510000000,56,state,
tx,42700000000,0,-1,427,42700000000,56,state,
tx,42710000000,1,-1,427,42710000000,56,state,
tx,42720000000,2,-1,427,42720000000,56,state,
rx,42721889719,0,1,426,42600000000,56,state,
rx,42728950398,1,0,427,42710000000,56,state,
rx,42743809765,1,2,426,42610000000,56,state,
rx,42747781807,0,2,427,42700000000,56,state,
rx,42773707131,1,2,427,42710000000,56,state,
rx,42790610865,2,0,427,42720000000,56,state,
rx,42796265795,2,1,426,42620000000,56,state,
rx,42796393732,0,1,427,42700000000,56,state,
tx,42800000000,0,-1,428,42800000000,56,state,
tx,42810000000,1,-1,428,42810000000,56,state,
tx,42820000000,2,-1,428,42820000000,56,state,
rx,42832262979,2,1,427,42720000000,56,state,
rx,42835034382,2,1,428,42820000000,56,state,
rx,42871091446,1,2,428,42810000000,56,state,
tx,42900000000,0,-1,429,42900000000,56,state,
tx,42910000000,1,-1,429,42910000000,56,state,
rx,42912612734,0,1,428,42800000000,56,state,
tx,42920000000,2,-1,429,42920000000,56,state,
rx,42930093216,0,2,428,42800000000,56,state,
rx,42937524503,1,0,428,42810000000,56,state,
rx,42971565797,2,0,428,42820000000,56,state,
rx,42991057151,1,2,429,42910000000,56,state,
rx,42996423179,1,0,429,42910000000,56,state,
rx,42999893143,0,1,429,42900000000,56,state,
tx,43000000000,0,-1,430,43000000000,56,state,
tx,43010000000,1,-1,430,43010000000,56,state,
rx,43011675785,2,1,429,42920000000,56,state,
tx,43020000000,2,-1,430,43020000000,56,state,
rx,43034795695,2,1,430,43020000000,56,state,
rx,43078691044,0,2,429,42900000000,56,state,
rx,43083428029,2,0,429,42920000000,56,state,
rx,43087833692,1,2,430,43010000000,56,state,
rx,43094871796,0,1,430,43000000000,56,state,
tx,43100000000,0,-1,431,43100000000,56,state,
tx,43110000000,1,-1,431,43110000000,56,state,
rx,43110965504,1,0,431,43110000000,56,state,
rx,43118770780,1,2,431,43110000000,56,state,
tx,43120000000,2,-1,431,43120000000,56,state,
rx,43126858588,0,1,431,43100000000,56,state,
rx,43136902750,2,1,431,43120000000,56,state,
rx,43147131368,0,2,430,43000000000,56,state,
rx,43176706319,0,2,431,43100000000,56,state,
rx,43186381029,1,0,430,43010000000,56,state,
tx,43200000000,0,-1,432,43200000000,56,state,
rx,43203882965,0,1,432,43200000000,56,state,
rx,43208274809,2,0,430,43020000000,56,state,
tx,43210000000,1,-1,432,43210000000,56,state,
tx,43220000000,2,-1,432,43220000000,56,state,
rx,43238605135,1,2,432,43210000000,56,state,
rx,43243635073,2,0,431,43120000000,56,state,
rx,43255209038,1,0,432,43210000000,56,state,
rx,43271189776,2,1,432,43220000000,56,state,
rx,43292651925,2,0,432,43220000000,56,state,
tx,43300000000,0,-1,433,43300000000,56,state,
tx,43310000000,1,-1,433,43310000000,56,state,
tx,43320000000,2,-1,433,43320000000,56,state,
rx,43333450681,0,2,432,43200000000,56,state,
rx,43337198872,1,2,433,43310000000,56,state,
rx,43350747442,1,0,433,43310000000,56,state,
rx,43369714292,2,0,433,43320000000,56,state,
rx,43390039571,0,2,433,43300000000,56,state,
rx,43390930856,2,1,433,43320000000,56,state,
tx,43400000000,0,-1,434,43400000000,56,state,
tx,43410000000,1,-1,434,43410000000,56,state,
rx,43418560231,0,2,434,43400000000,56,state,
tx,43420000000,2,-1,434,43420000000,56,state,
rx,43433938145,0,1,433,43300000000,56,state,
rx,43449247410,1,0,434,43410000000,56,state,
rx,43453234191,2,0,434,43420000000,56,state,
rx,43492655223,1,2,434,43410000000,56,state,
tx,43500000000,0,-1,435,43500000000,56,state,
rx,43509466429,0,2,435,43500000000,56,state,
tx,43510000000,1,-1,435,43510000000,56,state,
tx,43520000000,2,-1,435,43520000000,56,state,
rx,43528276080,2,1,434,43420000000,56,state,
rx,43529979761,1,0,435,43510000000,56,state,
rx,43547933500,0,1,434,43400000000,56,state,
tx,43600000000,0,-1,436,43600000000,56,state,
rx,43605702424,0,1,435,43500000000,56,state,
rx,43607670684,1,2,435,43510000000,56,state,
tx,43610000000,1,-1,436,43610000000,56,state,
rx,43614126701,0,1,436,43600000000,56,state,
tx,43620000000,2,-1,436,43620000000,56,state,
rx,43621825005,1,0,436,43610000000,56,state,
rx,43651344891,2,0,436,43620000000,56,state,
rx,43654748838,2,1,435,43520000000,56,state,
rx,43670974906,0,2,436,43600000000,56,state,
rx,43674665359,2,0,435,43520000000,56,state,
rx,43680750924,1,2,436,43610000000,56,state,
tx,43700000000,0,-1,437,43700000000,56,state,
tx,43710000000,1,-1,437,43710000000,56,state,
tx,43720000000,2,-1,437,43720000000,56,state,
rx,43742701004,0,2,437,43700000000,56,state,
rx,43744864133,2,0,437,43720000000,56,state,
tx,43800000000,0,-1,438,43800000000,56,state,
rx,43801468909,0,1,438,43800000000,56,state,
rx,43807008508,2,1,436,43620000000,56,state,
rx,43807207972,1,0,437,43710000000,56,state,
tx,43810000000,1,-1,438,43810000000,56,state,
tx,43820000000,2,-1,438,43820000000,56,state,
rx,43826383130,1,0,438,43810000000,56,state,
rx,43859819377,2,1,437,43720000000,56,state,
rx,43878936112,1,2,437,43710000000,56,state,
rx,43883597840,0,1,437,43700000000,56,state,
rx,43896655727,2,0,438,43820000000,56,state,
tx,43900000000,0,-1,439,43900000000,56,state,
tx,43910000000,1,-1,439,43910000000,56,state,
tx,43920000000,2,-1,439,43920000000,56,state,
rx,43921667467,0,2,438,43800000000,56,state,
rx,43925876481,2,1,439,43920000000,56,state,
rx,43925907284,0,1,439,43900000000,56,state,
rx,43967104358,2,1,438,43820000000,56,state,
rx,43987036032,1,0,439,43910000000,56,state,
tx,44000000000,0,-1,440,44000000000,56,state,
rx,44003507636,0,2,439,43900000000,56,state,
rx,44003802029,1,2,438,43810000000,56,state,
tx,44010000000,1,-1,440,44010000000,56,state,
tx,44020000000,2,-1,440,44020000000,56,state,
rx,44030241641,0,2,440,44000000000,56,state,
rx,44053945112,1,2,439,43910000000,56,state,
rx,44068180730,1,2,440,44010000000,56,state,
rx,44080417839,2,0,440,44020000000,56,state,
rx,44083860284,0,1,440,44000000000,56,state,
rx,44097183093,2,0,439,43920000000,56,state,
tx,44100000000,0,-1,441,44100000000,56,state,
tx,44110000000,1,-1,441,44110000000,56,state,
rx,44119883186,1,0,441,44110000000,56,state,
tx,44120000000,2,-1,441,44120000000,56,state,
rx,44124679134,2,1,440,44020000000,56,state,
rx,44185382880,0,2,441,44100000000,56,state,
tx,44200000000,0,-1,442,44200000000,56,state,
tx,44210000000,1,-1,442,44210000000,56,state,
rx,44210313360,1,0,440,44010000000,56,state,
tx,44220000000,2,-1,442,44220000000,56,state,
rx,44230557198,2,0,441,44120000000,56,state,
rx,44251014819,0,1,441,44100000000,56,state,
rx,44252713820,1,2,441,44110000000,56,state,
rx,44253379491,2,1,441,44120000000,56,state,
rx,44265850368,2,0,442,44220000000,56,state,
rx,44281045306,1,2,442,44210000000,56,state,
tx,44300000000,0,-1,443,44300000000,56,state,
tx,44310000000,1,-1,443,44310000000,56,state,
tx,44320000000,2,-1,443,44320000000,56,state,
rx,44338703784,2,1,442,44220000000,56,state,
rx,44339038219,0,1,442,44200000000,56,state,
rx,44343765625,1,0,442,44210000000,56,state,
rx,44359221417,1,0,443,44310000000,56,state,
rx,44365616960,0,2,442,44200000000,56,state,
rx,44396231252,2,0,443,44320000000,56,state,
tx,44400000000,0,-1,444,44400000000,56,state,
rx,44408060949,1,2,443,44310000000,56,state,
tx,44410000000,1,-1,444,44410000000,56,state,
tx,44420000000,2,-1,444,44420000000,56,state,
rx,44423670992,2,1,443,44320000000,56,state,
rx,44455403886,0,1,443,44300000000,56,state,
rx,44487974217,0,2,443,44300000000,56,state,
rx,44492540755,0,2,444,44400000000,56,state,
rx,44498232834,0,1,444,44400000000,56,state,
tx,44500000000,0,-1,445,44500000000,56,state,
tx,44510000000,1,-1,445,44510000000,56,state,
rx,44515866034,2,1,444,44420000000,56,state,
tx,44520000000,2,-1,445,44520000000,56,state,
rx,44531402850,1,0,444,44410000000,56,state,
rx,44534197615,0,1,445,44500000000,56,state,
rx,44540180903,2,0,444,44420000000,56,state,
rx,44558095372,1,2,444,44410000000,56,state,
rx,44580275721,1,2,445,44510000000,56,state,
tx,44600000000,0,-1,446,44600000000,56,state,
rx,44601996885,2,1,445,44520000000,56,state,
tx,44610000000,1,-1,446,44610000000,56,state,
tx,44620000000,2,-1,446,44620000000,56,state,
rx,44622690286,1,0,445,44510000000,56,state,
rx,44647034591,1,2,446,44610000000,56,state,
rx,44647578308,0,2,445,44500000000,56,state,
rx,44655958738,0,2,446,44600000000,56,state,
rx,44696411399,2,0,445,44520000000,56,state,
tx,44700000000,0,-1,447,44700000000,56,state,
tx,44710000000,1,-1,447,44710000000,56,state,
tx,44720000000,2,-1,447,44720000000,56,state,
rx,44728148733,0,1,446,44600000000,56,state,
rx,44746397944,1,2,447,44710000000,56,state,
rx,44748747084,2,0,446,44620000000,56,state,
rx,44750560184,1,0,446,44610000000,56,state,
rx,44761559646,1,0,447,44710000000,56,state,
rx,44773119638,2,1,446,44620000000,56,state,
rx,44796768106,0,2,447,44700000000,56,state,
tx,44800000000,0,-1,448,44800000000,56,state,
rx,44808640363,0,1,448,44800000000,56,state,
tx,44810000000,1,-1,448,44810000000,56,state,
rx,44811335003,2,1,447,44720000000,56,state,
tx,44820000000,2,-1,448,44820000000,56,state,
rx,44825075822,2,0,447,44720000000,56,state,
rx,44834860391,0,1,447,44700000000,56,state,
rx,44864826452,2,1,448,44820000000,56,state,
rx,44874628571,1,0,448,44810000000,56,state,
tx,44900000000,0,-1,449,44900000000,56,state,
rx,44904922981,0,1,449,44900000000,56,state,
tx,44910000000,1,-1,449,44910000000,56,state,
rx,44912711764,0,2,448,44800000000,56,state,
tx,44920000000,2,-1,449,44920000000,56,state,
rx,44936852529,0,2,449,44900000000,56,state,
rx,44966866140,2,0,449,44920000000,56,state,
rx,44976907785,2,0,448,44820000000,56,state,
tx,45000000000,0,-1,450,45000000000,56,state,
rx,45003955969,1,2,448,44810000000,56,state,
rx,45006999147,1,0,449,44910000000,56,state,
tx,45010000000,1,-1,450,45010000000,56,state,
rx,45019292407,1,2,450,45010000000,56,state,
tx,45020000000,2,-1,450,45020000000,56,state,
rx,45028219474,2,1,449,44920000000,56,state,
rx,45035252174,2,0,450,45020000000,56,state,
rx,45055606580,1,2,449,44910000000,56,state,
rx,45062344544,0,2,450,45000000000,56,state,
rx,45068649504,1,0,450,45010000000,56,state,
tx,45100000000,0,-1,451,45100000000,56,state,
tx,45110000000,1,-1,451,45110000000,56,state,
tx,45120000000,2,-1,451,45120000000,56,state,
rx,45138164967,2,1,450,45020000000,56,state,
rx,45151302451,2,1,451,45120000000,56,state,
rx,45181865442,0,1,450,45000000000,56,state,
tx,45200000000,0,-1,452,45200000000,56,state,
tx,45210000000,1,-1,452,45210000000,56,state,
tx,45220000000,2,-1,452,45220000000,56,state,
rx,45236002583,0,1,451,45100000000,56,state,
rx,45236663559,2,1,452,45220000000,56,state,
rx,45240485860,0,2,451,45100000000,56,state,
rx,45247731867,1,2,451,45110000000,56,state,
rx,45255281680,2,0,452,45220000000,56,state,
rx,45276448945,1,0,451,45110000000,56,state,
rx,45278959262,2,0,451,45120000000,56,state,
rx,45280739690,0,1,452,45200000000,56,state,
rx,45282888224,1,2,452,45210000000,56,state,
rx,45283318818,0,2,452,45200000000,56,state,
tx,45300000000,0,-1,453,45300000000,56,state,
tx,45310000000,1,-1,453,45310000000,56,state,
tx,45320000000,2,-1,453,45320000000,56,state,
rx,45335777723,1,0,452,45210000000,56,state,
rx,45349429068,2,0,453,45320000000,56,state,
rx,45356124267,1,0,453,45310000000,56,state,
rx,45373933808,1,2,453,45310000000,56,state,
tx,45400000000,0,-1,454,45400000000,56,state,
tx,45410000000,1,-1,454,45410000000,56,state,
tx,45420000000,2,-1,454,45420000000,56,state,
rx,45455192327,0,1,454,45400000000,56,state,
rx,45460999263,0,2,453,45300000000,56,state,
rx,45466214657,2,1,453,45320000000,56,state,
rx,45469719645,0,1,453,45300000000,56,state,
tx,45500000000,0,-1,455,45500000000,56,state,
tx,45510000000,1,-1,455,45510000000,56,state,
tx,45520000000,2,-1,455,45520000000,56,state,
rx,45523070814,2,1,454,45420000000,56,state,
rx,45535191646,1,2,454,45410000000,56,state,
rx,45551162920,0,1,455,45500000000,56,state,
rx,45559112666,2,0,455,45520000000,56,state,
rx,45562646016,1,0,454,45410000000,56,state,
rx,45577649749,1,0,455,45510000000,56,state,
rx,45597142154,0,2,454,45400000000,56,state,
rx,45597542623,2,0,454,45420000000,56,state,
tx,45600000000,0,-1,456,45600000000,56,state,
rx,45604873910,0,2,456,45600000000,56,state,
tx,45610000000,1,-1,456,45610000000,56,state,
tx,45620000000,2,-1,456,45620000000,56,state,
rx,45648305145,2,0,456,45620000000,56,state,
rx,45654678520,0,2,455,45500000000,56,state,
rx,45660844591,1,2,456,45610000000,56,state,
rx,45664884036,1,2,455,45510000000,56,state,
rx,45666292948,2,1,455,45520000000,56,state,
tx,45700000000,0,-1,457,45700000000,56,state,
tx,45710000000,1,-1,457,45710000000,56,state,
tx,45720000000,2,-1,457,45720000000,56,state,
rx,45736476581,1,0,457,45710000000,56,state,
rx,45744846435,0,1,457,45700000000,56,state,
rx,45756374114,2,1,456,45620000000,56,state,
rx,45776168673,1,0,456,45610000000,56,state,
rx,45788644089,0,1,456,45600000000,56,state,
tx,45800000000,0,-1,458,45800000000,56,state,
tx,45810000000,1,-1,458,45810000000,56,state,
tx,45820000000,2,-1,458,45820000000,56,state,
rx,45838874580,1,2,458,45810000000,56,state,
rx,45845180413,1,0,458,45810000000,56,state,
rx,45848023584,2,1,457,45720000000,56,state,
rx,45848976716,0,2,457,45700000000,56,state,
rx,45851007098,1,2,457,45710000000,56,state,
rx,45857025267,2,0,457,45720000000,56,state,
rx,45875686601,2,0,458,45820000000,56,state,
rx,45889966018,0,2,458,45800000000,56,state,
tx,45900000000,0,-1,459,45900000000,56,state,
tx,45910000000,1,-1,459,45910000000,56,state,
tx,45920000000,2,-1,459,45920000000,56,state,
rx,45925221899,1,0,459,45910000000,56,state,
rx,45927284966,2,1,458,45820000000,56,state,
rx,45936727296,0,1,458,45800000000,56,state,
rx,45955693651,1,2,459,45910000000,56,state,
rx,45956645754,2,1,459,45920000000,56,state,
rx,45974299503,2,0,459,45920000000,56,state,
rx,45975615245,0,1,459,45900000000,56,state,
tx,46000000000,0,-1,460,46000000000,56,state,
tx,46010000000,1,-1,460,46010000000,56,state,
tx,46020000000,2,-1,460,46020000000,56,state,
rx,46054870002,0,2,459,45900000000,56,state,
tx,46100000000,0,-1,461,46100000000,56,state,
tx,46110000000,1,-1,461,46110000000,56,state,
rx,46112185166,0,1,460,46000000000,56,state,
rx,46112232430,2,1,460,46020000000,56,state,
tx,46120000000,2,-1,461,46120000000,56,state,
rx,46133031494,1,0,460,46010000000,56,state,
rx,46149975236,0,2,461,46100000000,56,state,
rx,46172251560,0,2,460,46000000000,56,state,
rx,46177958921,1,0,461,46110000000,56,state,
rx,46180596407,2,0,460,46020000000,56,state,
rx,46193266974,1,2,460,46010000000,56,state,
tx,46200000000,0,-1,462,46200000000,56,state,
rx,46208995346,0,1,462,46200000000,56,state,
tx,46210000000,1,-1,462,46210000000,56,state,
tx,46220000000,2,-1,462,46220000000,56,state,
rx,46220995263,2,0,461,46120000000,56,state,
rx,46235404949,2,1,462,46220000000,56,state,
rx,46243601153,1,2,462,46210000000,56,state,
rx,46248218701,2,1,461,46120000000,56,state,
rx,46254177995,0,1,461,46100000000,56,state,
rx,46295377934,1,2,461,46110000000,56,state,
tx,46300000000,0,-1,463,46300000000,56,state,
tx,46310000000,1,-1,463,46310000000,56,state,
rx,46311378465,0,2,462,46200000000,56,state,
tx,46320000000,2,-1,463,46320000000,56,state,
rx,46338930867,2,0,462,46220000000,56,state,
rx,46352108080,2,1,463,46320000000,56,state,
rx,46367072313,1,0,462,46210000000,56,state,
tx,46400000000,0,-1,464,46400000000,56,state,
tx,46410000000,1,-1,464,46410000000,56,state,
tx,46420000000,2,-1,464,46420000000,56,state,
rx,46422443628,1,0,463,46310000000,56,state,
rx,46445599140,1,2,463,46310000000,56,state,
rx,46447369408,2,1,464,46420000000,56,state,
rx,46449265929,0,1,464,46400000000,56,state,
rx,46468926178,0,1,463,46300000000,56,state,
rx,46486442543,0,2,463,46300000000,56,state,
rx,46495241361,1,0,464,46410000000,56,state,
rx,46495968391,2,0,463,46320000000,56,state,
tx,46500000000,0,-1,465,46500000000,56,state,
tx,46510000000,1,-1,465,46510000000,56,state,
rx,46510368595,0,2,465,46500000000,56,state,
tx,46520000000,2,-1,465,46520000000,56,state,
rx,46525050851,2,0,465,46520000000,56,state,
rx,46526367411,2,0,464,46420000000,56,state,
rx,46534040408,2,1,465,46520000000,56,state,
rx,46538981556,1,2,465,46510000000,56,state,
rx,46569500326,1,0,465,46510000000,56,state,
rx,46582620866,1,2,464,46410000000,56,state,
rx,46594005423,0,2,464,46400000000,56,state,
tx,46600000000,0,-1,466,46600000000,56,state,
tx,46610000000,1,-1,466,46610000000,56,state,
tx,46620000000,2,-1,466,46620000000,56,state,
rx,46625067814,0,1,466,46600000000,56,state,
rx,46632588346,2,1,466,46620000000,56,state,
rx,46637063368,0,1,465,46500000000,56,state,
rx,46639795514,2,0,466,46620000000,56,state,
rx,46661934112,1,2,466,46610000000,56,state,
tx,46700000000,0,-1,467,46700000000,56,state,
rx,46705911683,0,2,467,46700000000,56,state,
tx,46710000000,1,-1,467,46710000000,56,state,
tx,46720000000,2,-1,467,46720000000,56,state,
rx,46720264678,1,0,466,46610000000,56,state,
rx,46746733723,0,1,467,46700000000,56,state,
rx,46756582577,1,0,467,46710000000,56,state,
rx,46778436056,0,2,466,46600000000,56,state,
rx,46795579248,1,2,467,46710000000,56,state,
tx,46800000000,0,-1,468,46800000000,56,state,
rx,46801899122,0,2,468,46800000000,56,state,
tx,46810000000,1,-1,468,46810000000,56,state,
tx,46820000000,2,-1,468,46820000000,56,state,
rx,46830999288,2,1,468,46820000000,56,state,
rx,46836024381,2,1,467,46720000000,56,state,
rx,46840960040,1,0,468,46810000000,56,state,
rx,46845906927,2,0,468,46820000000,56,state,
rx,46865492053,2,0,467,46720000000,56,state,
tx,46900000000,0,-1,469,46900000000,56,state,
tx,46910000000,1,-1,469,46910000000,56,state,
tx,46920000000,2,-1,469,46920000000,56,state,
rx,46937458318,1,2,468,46810000000,56,state,
rx,46977823701,0,1,468,46800000000,56,state,
rx,46992090980,1,2,469,46910000000,56,state,
tx,47000000000,0,-1,470,47000000000,56,state,
tx,47010000000,1,-1,470,47010000000,56,state,
tx,47020000000,2,-1,470,47020000000,56,state,
rx,47029571700,2,0,469,46920000000,56,state,
rx,47029887096,0,2,469,46900000000,56,state,
rx,47056038608,0,1,469,46900000000,56,state,
rx,47061559447,2,0,470,47020000000,56,state,
rx,47068645532,1,0,469,46910000000,56,state,
tx,47100000000,0,-1,471,47100000000,56,state,
tx,47110000000,1,-1,471,47110000000,56,state,
rx,47117706258,2,1,469,46920000000,56,state,
tx,47120000000,2,-1,471,47120000000,56,state,
rx,47126501348,1,0,471,47110000000,56,state,
rx,47126568860,2,1,471,47120000000,56,state,
rx,47147393886,1,0,470,47010000000,56,state,
rx,47165349125,2,1,470,47020000000,56,state,
rx,47174517028,0,1,470,47000000000,56,state,
rx,47188416223,0,2,471,47100000000,56,state,
rx,47198470813,0,2,470,47000000000,56,state,
tx,47200000000,0,-1,472,47200000000,56,state,
rx,47200498608,1,2,470,47010000000,56,state,
tx,47210000000,1,-1,472,47210000000,56,state,
tx,47220000000,2,-1,472,47220000000,56,state,
rx,47245004454,0,1,471,47100000000,56,state,
rx,47251527268,1,2,472,47210000000,56,state,
rx,47257639855,1,2,471,47110000000,56,state,
rx,47267851935,2,0,471,47120000000,56,state,
rx,47270071899,0,2,472,47200000000,56,state,
rx,47291904813,2,0,472,47220000000,56,state,
tx,47300000000,0,-1,473,47300000000,56,state,
rx,47300883528,2,1,472,47220000000,56,state,
tx,47310000000,1,-1,473,47310000000,56,state,
tx,47320000000,2,-1,473,47320000000,56,state,
rx,47344981672,1,2,473,47310000000,56,state,
rx,47348640244,0,1,472,47200000000,56,state,
rx,47385861146,1,0,472,47210000000,56,state,
tx,47400000000,0,-1,474,47400000000,56,state,
rx,47409438745,2,1,473,47320000000,56,state,
tx,47410000000,1,-1,474,47410000000,56,state,
tx,47420000000,2,-1,474,47420000000,56,state,
rx,47427050944,0,2,473,47300000000,56,state,
rx,47436928958,0,1,473,47300000000,56,state,
rx,47487882786,1,2,474,47410000000,56,state,
rx,47499963480,2,0,473,47320000000,56,state,
tx,47500000000,0,-1,475,47500000000,56,state,
rx,47502923591,1,0,473,47310000000,56,state,
tx,47510000000,1,-1,475,47510000000,56,state,
tx,47520000000,2,-1,475,47520000000,56,state,
rx,47529053091,0,1,475,47500000000,56,state,
rx,47532067692,0,1,474,47400000000,56,state,
rx,47537162571,0,2,474,47400000000,56,state,
rx,47556105667,2,0,474,47420000000,56,state,
rx,47557717908,1,0,474,47410000000,56,state,
rx,47567526953,2,1,475,47520000000,56,state,
rx,47595981244,2,1,474,47420000000,56,state,
tx,47600000000,0,-1,476,47600000000,56,state,
tx,47610000000,1,-1,476,47610000000,56,state,
tx,47620000000,2,-1,476,47620000000,56,state,
rx,47626654961,0,2,475,47500000000,56,state,
rx,47637584100,2,0,475,47520000000,56,state,
rx,47644267654,1,0,475,47510000000,56,state,
rx,47645593879,0,2,476,47600000000,56,state,
rx,47646471715,1,2,476,47610000000,56,state,
rx,47650712221,1,2,475,47510000000,56,state,
tx,47700000000,0,-1,477,47700000000,56,state,
tx,47710000000,1,-1,477,47710000000,56,state,
tx,47720000000,2,-1,477,47720000000,56,state,
rx,47723102829,2,1,477,47720000000,56,state,
rx,47738766280,1,2,477,47710000000,56,state,
rx,47765276242,0,1,477,47700000000,56,state,
rx,47768992470,1,0,476,47610000000,56,state,
rx,47783493918,0,1,476,47600000000,56,state,
rx,47786553027,1,0,477,47710000000,56,state,
rx,47793245131,2,1,476,47620000000,56,state,
tx,47800000000,0,-1,478,47800000000,56,state,
tx,47810000000,1,-1,478,47810000000,56,state,
rx,47811343407,2,0,476,47620000000,56,state,
tx,47820000000,2,-1,478,47820000000,56,state,
rx,47878030997,2,0,477,47720000000,56,state,
rx,47883352346,0,2,477,47700000000,56,state,
rx,47899660629,2,0,478,47820000000,56,state,
tx,47900000000,0,-1,479,47900000000,56,state,
rx,47908503440,0,1,479,47900000000,56,state,
tx,47910000000,1,-1,479,47910000000,56,state,
tx,47920000000,2,-1,479,47920000000,56,state,
rx,47961882237,0,1,478,47800000000,56,state,
rx,47963661738,1,0,478,47810000000,56,state,
rx,47967395632,2,1,478,47820000000,56,state,
rx,47979730753,0,2,478,47800000000,56,state,
rx,47984365307,1,2,478,47810000000,56,state,
rx,47990882921,2,0,479,47920000000,56,state,
tx,48000000000,0,-1,480,48000000000,56,state,
tx,48010000000,1,-1,480,48010000000,56,state,
tx,48020000000,2,-1,480,48020000000,56,state,
rx,48028194312,2,1,479,47920000000,56,state,
rx,48037443466,0,2,479,47900000000,56,state,
rx,48053055871,1,2,479,47910000000,56,state,
rx,48053909768,1,0,480,48010000000,56,state,
rx,48061887002,1,0,479,47910000000,56,state,
rx,48073347084,1,2,480,48010000000,56,state,
rx,48084634014,2,0,480,48020000000,56,state,
tx,48100000000,0,-1,481,48100000000,56,state,
tx,48110000000,1,-1,481,48110000000,56,state,
tx,48120000000,2,-1,481,48120000000,56,state,
rx,48122791611,0,2,480,48000000000,56,state,
rx,48139219007,0,1,480,48000000000,56,state,
rx,48151174322,2,1,480,48020000000,56,state,
tx,48200000000,0,-1,482,48200000000,56,state,
tx,48210000000,1,-1,482,48210000000,56,state,
tx,48220000000,2,-1,482,48220000000,56,state,
rx,48225284198,2,0,481,48120000000,56,state,
rx,48225372430,1,2,481,48110000000,56,state,
rx,48234577451,0,2,482,48200000000,56,state,
rx,48237766460,1,0,481,48110000000,56,state,
rx,48254743790,0,1,481,48100000000,56,state,
rx,48259180263,0,2,481,48100000000,56,state,
rx,48268419634,1,2,482,48210000000,56,state,
rx,48291641797,2,0,482,48220000000,56,state,
rx,48298243781,2,1,482,48220000000,56,state,
tx,48300000000,0,-1,483,48300000000,56,state,
tx,48310000000,1,-1,483,48310000000,56,state,
rx,48312829247,1,2,483,48310000000,56,state,
rx,48313766906,2,1,481,48120000000,56,state,
rx,48317312398,1,0,483,48310000000,56,state,
tx,48320000000,2,-1,483,48320000000,56,state,
rx,48349896945,0,1,482,48200000000,56,state,
rx,48353522441,1,0,482,48210000000,56,state,
rx,48381755173,2,0,483,48320000000,56,state,
rx,48382105878,0,1,483,48300000000,56,state,
tx,48400000000,0,-1,484,48400000000,56,state,
tx,48410000000,1,-1,484,48410000000,56,state,
tx,48420000000,2,-1,484,48420000000,56,state,
rx,48448452896,1,2,484,48410000000,56,state,
rx,48454341398,2,1,483,48320000000,56,state,
rx,48460292031,2,1,484,48420000000,56,state,
rx,48483286054,0,2,484,48400000000,56,state,
rx,48491607361,0,2,483,48300000000,56,state,
tx,48500000000,0,-1,485,48500000000,56,state,
rx,48501862958,0,1,485,48500000000,56,state,
rx,48503304466,1,0,484,48410000000,56,state,
tx,48510000000,1,-1,485,48510000000,56,state,
tx,48520000000,2,-1,485,48520000000,56,state,
rx,48524814446,0,1,484,48400000000,56,state,
rx,48543070161,2,0,484,48420000000,56,state,
rx,48563743966,2,0,485,48520000000,56,state,
rx,48593566874,2,1,485,48520000000,56,state,
tx,48600000000,0,-1,486,48600000000,56,state,
tx,48610000000,1,-1,486,48610000000,56,state,
tx,48620000000,2,-1,486,48620000000,56,state,
rx,48641166729,0,2,485,48500000000,56,state,
rx,48683619513,1,0,485,48510000000,56,state,
rx,48693439775,0,1,486,48600000000,56,state,
rx,48696619171,1,2,485,48510000000,56,state,
tx,48700000000,0,-1,487,48700000000,56,state,
tx,48710000000,1,-1,487,48710000000,56,state,
tx,48720000000,2,-1,487,48720000000,56,state,
rx,48777153060,0,2,487,48700000000,56,state,
rx,48782658178,1,2,486,48610000000,56,state,
rx,48785018780,0,2,486,48600000000,56,state,
rx,48789491236,2,0,486,48620000000,56,state,
tx,48800000000,0,-1,488,48800000000,56,state,
rx,48807671591,2,1,486,48620000000,56,state,
rx,48809154723,1,0,486,48610000000,56,state,
tx,48810000000,1,-1,488,48810000000,56,state,
rx,48815335940,1,0,488,48810000000,56,state,
tx,48820000000,2,-1,488,48820000000,56,state,
rx,48821531432,1,2,488,48810000000,56,state,
rx,48828846396,2,1,487,48720000000,56,state,
rx,48830455450,1,2,487,48710000000,56,state,
rx,48830611439,0,1,487,48700000000,56,state,
rx,48874667216,1,0,487,48710000000,56,state,
rx,48877397579,2,0,487,48720000000,56,state,
rx,48892898929,0,1,488,48800000000,56,state,
tx,48900000000,0,-1,489,48900000000,56,state,
tx,48910000000,1,-1,489,48910000000,56,state,
rx,48910692451,1,2,489,48910000000,56,state,
rx,48911003341,0,2,488,48800000000,56,state,
tx,48920000000,2,-1,489,48920000000,56,state,
rx,48949104430,2,0,488,48820000000,56,state,
rx,48952686813,2,1,489,48920000000,56,state,
tx,49000000000,0,-1,490,49000000000,56,state,
tx,49010000000,1,-1,490,49010000000,56,state,
rx,49010702536,0,1,489,48900000000,56,state,
rx,49011467447,2,1,488,48820000000,56,state,
rx,49012699845,0,2,490,49000000000,56,state,
rx,49016330860,0,2,489,48900000000,56,state,
rx,49017956225,1,2,490,49010000000,56,state,
tx,49020000000,2,-1,490,49020000000,56,state,
rx,49053382970,2,1,490,49020000000,56,state,
rx,49061410901,2,0,489,48920000000,56,state,
rx,49083472965,1,0,489,48910000000,56,state,
rx,49094106023,0,1,490,49000000000,56,state,
tx,49100000000,0,-1,491,49100000000,56,state,
rx,49104790391,0,1,491,49100000000,56,state,
rx,49106736125,0,2,491,49100000000,56,state,
tx,49110000000,1,-1,491,49110000000,56,state,
tx,49120000000,2,-1,491,49120000000,56,state,
rx,49157277120,2,0,490,49020000000,56,state,
rx,49169118714,2,1,491,49120000000,56,state,
rx,49176739963,1,0,491,49110000000,56,state,
tx,49200000000,0,-1,492,49200000000,56,state,
rx,49200995959,1,0,490,49010000000,56,state,
tx,49210000000,1,-1,492,49210000000,56,state,
tx,49220000000,2,-1,492,49220000000,56,state,
rx,49256002673,2,1,492,49220000000,56,state,
rx,49267528959,0,1,492,49200000000,56,state,
rx,49290299874,2,0,491,49120000000,56,state,
rx,49290915596,1,2,491,49110000000,56,state,
rx,49298925654,1,2,492,49210000000,56,state,
tx,49300000000,0,-1,493,49300000000,56,state,
tx,49310000000,1,-1,493,49310000000,56,state,
tx,49320000000,2,-1,493,49320000000,56,state,
rx,49320976607,2,0,493,49320000000,56,state,
rx,49349670759,2,1,493,49320000000,56,state,
rx,49353263865,1,0,493,49310000000,56,state,
rx,49371570225,0,1,493,49300000000,56,state,
rx,49376263062,1,0,492,49210000000,56,state,
rx,49378979645,2,0,492,49220000000,56,state,
rx,49383735385,0,2,493,49300000000,56,state,
rx,49395783604,0,2,492,49200000000,56,state,
tx,49400000000,0,-1,494,49400000000,56,state,
tx,49410000000,1,-1,494,49410000000,56,state,
tx,49420000000,2,-1,494,49420000000,56,state,
rx,49423464817,1,2,493,49310000000,56,state,
rx,49448588796,1,2,494,49410000000,56,state,
rx,49450971949,0,1,494,49400000000,56,state,
rx,49495433209,0,2,494,49400000000,56,state,
tx,49500000000,0,-1,495,49500000000,56,state,
tx,49510000000,1,-1,495,49510000000,56,state,
tx,49520000000,2,-1,495,49520000000,56,state,
rx,49520319204,2,1,494,49420000000,56,state,
rx,49557387115,2,0,495,49520000000,56,state,
rx,49558728993,2,0,494,49420000000,56,state,
rx,49561141364,1,0,494,49410000000,56,state,
rx,49577530085,1,2,495,49510000000,56,state,
rx,49598068997,1,0,495,49510000000,56,state,
tx,49600000000,0,-1,496,49600000000,56,state,
rx,49606308681,0,2,495,49500000000,56,state,
tx,49610000000,1,-1,496,49610000000,56,state,
tx,49620000000,2,-1,496,49620000000,56,state,
rx,49622087984,2,1,495,49520000000,56,state,
rx,49626618124,0,2,496,49600000000,56,state,
rx,49638132067,1,0,496,49610000000,56,state,
rx,49653419064,1,2,496,49610000000,56,state,
rx,49669117284,0,1,495,49500000000,56,state,
tx,49700000000,0,-1,497,49700000000,56,state,
rx,49705592415,2,1,496,49620000000,56,state,
rx,49708923441,0,1,497,49700000000,56,state,
tx,49710000000,1,-1,497,49710000000,56,state,
tx,49720000000,2,-1,497,49720000000,56,state,
rx,49733077383,0,2,497,49700000000,56,state,
rx,49742723677,2,0,496,49620000000,56,state,
rx,49745874482,1,2,497,49710000000,56,state,
rx,49776270868,0,1,496,49600000000,56,state,
tx,49800000000,0,-1,498,49800000000,56,state,
tx,49810000000,1,-1,498,49810000000,56,state,
tx,49820000000,2,-1,498,49820000000,56,state,
rx,49872546598,2,0,497,49720000000,56,state,
rx,49880416710,2,1,497,49720000000,56,state,
tx,49900000000,0,-1,499,49900000000,56,state,
rx,49901257827,0,2,499,49900000000,56,state,
rx,49903257676,1,0,497,49710000000,56,state,
tx,49910000000,1,-1,499,49910000000,56,state,
rx,49911279591,2,1,498,49820000000,56,state,
rx,49917396434,0,2,498,49800000000,56,state,
tx,49920000000,2,-1,499,49920000000,56,state,
rx,49920651164,0,1,498,49800000000,56,state,
rx,49920660992,2,0,499,49920000000,56,state,
rx,49923039504,1,2,498,49810000000,56,state,
rx,49940929505,0,1,499,49900000000,56,state,
rx,49972260168,1,2,499,49910000000,56,state,
rx,49973534686,2,0,498,49820000000,56,state,
rx,49988291268,1,0,498,49810000000,56,state,
rx,49993462129,1,0,499,49910000000,56,state,
tx,50000000000,0,-1,500,50000000000,56,state,
tx,50010000000,1,-1,500,50010000000,56,state,
rx,50017184521,2,1,499,49920000000,56,state,
tx,50020000000,2,-1,500,50020000000,56,state,
rx,50039216974,2,1,500,50020000000,56,state,
tx,50100000000,0,-1,501,50100000000,56,state,
tx,50110000000,1,-1,501,50110000000,56,state,
rx,50112700311,0,2,501,50100000000,56,state,
tx,50120000000,2,-1,501,50120000000,56,state,
rx,50128661402,1,2,501,50110000000,56,state,
rx,50135676040,0,1,501,50100000000,56,state,
rx,50135865255,1,0,501,50110000000,56,state,
rx,50178459033,1,2,500,50010000000,56,state,
rx,50187733296,1,0,500,50010000000,56,state,
rx,50192379406,0,2,500,50000000000,56,state,
rx,50193807552,2,0,500,50020000000,56,state,
rx,50196575985,0,1,500,50000000000,56,state,
tx,50200000000,0,-1,502,50200000000,56,state,
tx,50210000000,1,-1,502,50210000000,56,state,
rx,50212249997,2,1,501,50120000000,56,state,
tx,50220000000,2,-1,502,50220000000,56,state,
rx,50247304087,2,0,501,50120000000,56,state,
rx,50252184538,2,0,502,50220000000,56,state,
rx,50261243510,2,1,502,50220000000,56,state,
rx,50264221374,0,2,502,50200000000,56,state,
rx,50267138749,1,2,502,50210000000,56,state,
tx,50300000000,0,-1,503,50300000000,56,state,
rx,50302648093,0,1,503,50300000000,56,state,
tx,50310000000,1,-1,503,50310000000,56,state,
rx,50318230935,1,2,503,50310000000,56,state,
tx,50320000000,2,-1,503,50320000000,56,state,
rx,50337086760,1,0,503,50310000000,56,state,
rx,50345151975,0,1,502,50200000000,56,state,
rx,50359687848,2,0,503,50320000000,56,state,
rx,50360027220,1,0,502,50210000000,56,state,
tx,50400000000,0,-1,504,50400000000,56,state,
tx,50410000000,1,-1,504,50410000000,56,state,
tx,50420000000,2,-1,504,50420000000,56,state,
rx,50426896594,2,0,504,50420000000,56,state,
rx,50431709848,0,2,503,50300000000,56,state,
rx,50438979010,2,1,503,50320000000,56,state,
rx,50496662323,0,2,504,50400000000,56,state,
rx,50497522920,1,0,504,50410000000,56,state,
tx,50500000000,0,-1,505,50500000000,56,state,
rx,50509831276,0,1,505,50500000000,56,state,
tx,50510000000,1,-1,505,50510000000,56,state,
tx,50520000000,2,-1,505,50520000000,56,state,
rx,50524001384,2,1,504,50420000000,56,state,
rx,50551179586,1,2,504,50410000000,56,state,
rx,50577152371,0,1,504,50400000000,56,state,
tx,50600000000,0,-1,506,50600000000,56,state,
tx,50610000000,1,-1,506,50610000000,56,state,
rx,50610694441,1,0,505,50510000000,56,state,
tx,50620000000,2,-1,506,50620000000,56,state,
rx,50620894037,2,0,505,50520000000,56,state,
rx,50663343610,1,2,505,50510000000,56,state,
rx,50681658871,2,1,505,50520000000,56,state,
rx,50686620908,0,2,505,50500000000,56,state,
rx,50698358534,1,2,506,50610000000,56,state,
tx,50700000000,0,-1,507,50700000000,56,state,
tx,50710000000,1,-1,507,50710000000,56,state,
rx,50718490767,1,0,506,50610000000,56,state,
tx,50720000000,2,-1,507,50720000000,56,state,
rx,50720320407,0,1,506,50600000000,56,state,
rx,50721085890,0,2,507,50700000000,56,state,
rx,50739902526,0,2,506,50600000000,56,state,
rx,50742342028,2,0,506,50620000000,56,state,
rx,50751958733,2,1,506,50620000000,56,state,
rx,50770364093,0,1,507,50700000000,56,state,
rx,50797162806,1,0,507,50710000000,56,state,
rx,50797941605,1,2,507,50710000000,56,state,
tx,50800000000,0,-1,508,50800000000,56,state,
tx,50810000000,1,-1,508,50810000000,56,state,
rx,50816341032,0,2,508,50800000000,56,state,
tx,50820000000,2,-1,508,50820000000,56,state,
rx,50821643867,0,1,508,50800000000,56,state,
rx,50865716330,1,0,508,50810000000,56,state,
rx,50872634153,2,1,508,50820000000,56,state,
rx,50882955318,2,0,507,50720000000,56,state,
tx,50900000000,0,-1,509,50900000000,56,state,
rx,50909969721,1,2,508,50810000000,56,state,
tx,50910000000,1,-1,509,50910000000,56,state,
rx,50918261584,2,1,507,50720000000,56,state,
tx,50920000000,2,-1,509,50920000000,56,state,
rx,50928545134,0,2,509,50900000000,56,state,
rx,50946246490,1,2,509,50910000000,56,state,
rx,50992170226,2,0,508,50820000000,56,state,
tx,51000000000,0,-1,510,51000000000,56,state,
tx,51010000000,1,-1,510,51010000000,56,state,
rx,51010753098,0,2,510,51000000000,56,state,
rx,51012470518,2,1,509,50920000000,56,state,
rx,51013155488,0,1,509,50900000000,56,state,
tx,51020000000,2,-1,510,51020000000,56,state,
rx,51031322876,2,0,509,50920000000,56,state,
rx,51038517555,2,1,510,51020000000,56,state,
rx,51049932381,2,0,510,51020000000,56,state,
rx,51051306089,1,0,510,51010000000,56,state,
rx,51071479870,1,2,510,51010000000,56,state,
rx,51089111287,1,0,509,50910000000,56,state,
tx,51100000000,0,-1,511,51100000000,56,state,
tx,51110000000,1,-1,511,51110000000,56,state,
tx,51120000000,2,-1,511,51120000000,56,state,
rx,51126511677,2,1,511,51120000000,56,state,
rx,51136129189,0,1,510,51000000000,56,state,
tx,51200000000,0,-1,512,51200000000,56,state,
tx,51210000000,1,-1,512,51210000000,56,state,
rx,51216588873,0,2,511,51100000000,56,state,
rx,51218484860,1,2,512,51210000000,56,state,
tx,51220000000,2,-1,512,51220000000,56,state,
rx,51230504546,2,1,512,51220000000,56,state,
rx,51234589597,1,2,511,51110000000,56,state,
rx,51279157460,1,0,511,51110000000,56,state,
rx,51294428736,0,1,511,51100000000,56,state,
tx,51300000000,0,-1,513,51300000000,56,state,
rx,51304381762,1,0,512,51210000000,56,state,
rx,51309093483,2,0,511,51120000000,56,state,
tx,51310000000,1,-1,513,51310000000,56,state,
tx,51320000000,2,-1,513,51320000000,56,state,
rx,51320243098,0,1,513,51300000000,56,state,
rx,51331631872,2,0,512,51220000000,56,state,
rx,51334285177,2,0,513,51320000000,56,state,
rx,51362412078,1,2,513,51310000000,56,state,
rx,51372818355,0,1,512,51200000000,56,state,
rx,51389885233,0,2,512,51200000000,56,state,
tx,51400000000,0,-1,514,51400000000,56,state,
tx,51410000000,1,-1,514,51410000000,56,state,
tx,51420000000,2,-1,514,51420000000,56,state,
rx,51462340529,1,2,514,51410000000,56,state,
rx,51483689987,2,1,513,51320000000,56,state,
rx,51484126676,1,0,513,51310000000,56,state,
rx,51484467052,0,2,514,51400000000,56,state,
rx,51498515030,0,2,513,51300000000,56,state,
tx,51500000000,0,-1,515,51500000000,56,state,
tx,51510000000,1,-1,515,51510000000,56,state,
rx,51511831863,0,1,514,51400000000,56,state,
tx,51520000000,2,-1,515,51520000000,56,state,
rx,51525297130,2,1,515,51520000000,56,state,
rx,51529505829,2,1,514,51420000000,56,state,
rx,51534158227,1,0,514,51410000000,56,state,
rx,51534630560,2,0,514,51420000000,56,state,
rx,51551330408,2,0,515,51520000000,56,state,
rx,51559237149,0,2,515,51500000000,56,state,
rx,51588204790,1,2,515,51510000000,56,state,
tx,51600000000,0,-1,516,51600000000,56,state,
rx,51603435047,0,1,515,51500000000,56,state,
rx,51606821090,1,0,515,51510000000,56,state,
tx,51610000000,1,-1,516,51610000000,56,state,
tx,51620000000,2,-1,516,51620000000,56,state,
rx,51643199396,2,1,516,51620000000,56,state,
rx,51690530797,0,2,516,51600000000,56,state,
tx,51700000000,0,-1,517,51700000000,56,state,
rx,51700256891,1,0,516,51610000000,56,state,
tx,51710000000,1,-1,517,51710000000,56,state,
tx,51720000000,2,-1,517,51720000000,56,state,
rx,51725882133,2,1,517,51720000000,56,state,
rx,51757580707,0,1,516,51600000000,56,state,
rx,51757930427,1,2,516,51610000000,56,state,
rx,51761708994,1,2,517,51710000000,56,state,
rx,51769741855,2,0,516,51620000000,56,state,
rx,51785067226,1,0,517,51710000000,56,state,
tx,51800000000,0,-1,518,51800000000,56,state,
tx,51810000000,1,-1,518,51810000000,56,state,
rx,51818011280,0,2,517,51700000000,56,state,
tx,51820000000,2,-1,518,51820000000,56,state,
rx,51821725246,2,1,518,51820000000,56,state,
rx,51829475249,0,1,517,51700000000,56,state,
rx,51842834679,1,2,518,51810000000,56,state,
rx,51867807706,0,1,518,51800000000,56,state,
rx,51871262430,2,0,517,51720000000,56,state,
rx,51897872885,0,2,518,51800000000,56,state,
tx,51900000000,0,-1,519,51900000000,56,state,
rx,51904666945,0,1,519,51900000000,56,state,
tx,51910000000,1,-1,519,51910000000,56,state,
tx,51920000000,2,-1,519,51920000000,56,state,
rx,51929692498,1,0,518,51810000000,56,state,
rx,51955709696,1,2,519,51910000000,56,state,
tx,52000000000,0,-1,520,52000000000,56,state,
tx,52010000000,1,-1,520,52010000000,56,state,
rx,52015330541,2,1,519,51920000000,56,state,
rx,52019934762,2,0,518,51820000000,56,state,
tx,52020000000,2,-1,520,52020000000,56,state,
rx,52024669728,2,0,519,51920000000,56,state,
rx,52030320217,2,0,520,52020000000,56,state,
rx,52043119561,0,2,519,51900000000,56,state,
tx,52100000000,0,-1,521,52100000000,56,state,
rx,52102602040,1,0,519,51910000000,56,state,
rx,52105325456,0,1,520,52000000000,56,state,
rx,52106744513,0,2,520,52000000000,56,state,
tx,52110000000,1,-1,521,52110000000,56,state,
tx,52120000000,2,-1,521,52120000000,56,state,
rx,52121131283,1,2,520,52010000000,56,state,
rx,52129388720,2,1,520,52020000000,56,state,
rx,52163263277,2,0,521,52120000000,56,state,
rx,52172047317,1,2,521,52110000000,56,state,
rx,52191241424,1,0,520,52010000000,56,state,
rx,52192823335,2,1,521,52120000000,56,state,
tx,52200000000,0,-1,522,52200000000,56,state,
tx,52210000000,1,-1,522,52210000000,56,state,
tx,52220000000,2,-1,522,52220000000,56,state,
rx,52264706168,1,0,521,52110000000,56,state,
rx,52266858101,0,2,522,52200000000,56,state,
rx,52269713626,1,0,522,52210000000,56,state,
rx,52289888315,0,1,521,52100000000,56,state,
rx,52291680555,2,1,522,52220000000,56,state,
rx,52291914288,0,2,521,52100000000,56,state,
tx,52300000000,0,-1,523,52300000000,56,state,
tx,52310000000,1,-1,523,52310000000,56,state,
rx,52317065632,2,0,522,52220000000,56,state,
tx,52320000000,2,-1,523,52320000000,56,state,
rx,52353332713,2,1,523,52320000000,56,state,
rx,52357497666,0,1,522,52200000000,56,state,
rx,52358783474,1,2,522,52210000000,56,state,
rx,52365479492,0,2,523,52300000000,56,state,
rx,52374448605,2,0,523,52320000000,56,state,
tx,52400000000,0,-1,524,52400000000,56,state,
rx,52405977307,1,0,523,52310000000,56,state,
tx,52410000000,1,-1,524,52410000000,56,state,
rx,52412671901,1,2,523,52310000000,56,state,
tx,52420000000,2,-1,524,52420000000,56,state,
rx,52446745125,0,1,523,52300000000,56,state,
rx,52477583630,2,1,524,52420000000,56,state,
tx,52500000000,0,-1,525,52500000000,56,state,
rx,52501994460,1,0,524,52410000000,56,state,
rx,52504404493,2,0,524,52420000000,56,state,
tx,52510000000,1,-1,525,52510000000,56,state,
rx,52512757950,1,0,525,52510000000,56,state,
tx,52520000000,2,-1,525,52520000000,56,state,
rx,52529509041,1,2,524,52410000000,56,state,
rx,52529865725,0,1,525,52500000000,56,state,
rx,52579184788,0,2,525,52500000000,56,state,
rx,52579610032,0,1,524,52400000000,56,state,
rx,52585563870,0,2,524,52400000000,56,state,
rx,52586101175,2,0,525,52520000000,56,state,
rx,52594573699,1,2,525,52510000000,56,state,
tx,52600000000,0,-1,526,52600000000,56,state,
tx,52610000000,1,-1,526,52610000000,56,state,
tx,52620000000,2,-1,526,52620000000,56,state,
rx,52630861414,1,2,526,52610000000,56,state,
rx,52649766998,2,1,525,52520000000,56,state,
rx,52651092949,2,0,526,52620000000,56,state,
rx,52667435915,0,1,526,52600000000,56,state,
rx,52688261927,2,1,526,52620000000,56,state,
tx,52700000000,0,-1,527,52700000000,56,state,
tx,52710000000,1,-1,527,52710000000,56,state,
tx,52720000000,2,-1,527,52720000000,56,state,
rx,52744602655,0,2,526,52600000000,56,state,
rx,52770989838,1,0,527,52710000000,56,state,
rx,52775652962,1,0,526,52610000000,56,state,
rx,52796735599,1,2,527,52710000000,56,state,
tx,52800000000,0,-1,528,52800000000,56,state,
tx,52810000000,1,-1,528,52810000000,56,state,
rx,52811253153,1,0,528,52810000000,56,state,
tx,52820000000,2,-1,528,52820000000,56,state,
rx,52825291792,0,1,527,52700000000,56,state,
rx,52839994565,2,1,527,52720000000,56,state,
rx,52847772297,2,1,528,52820000000,56,state,
rx,52849119817,0,1,528,52800000000,56,state,
rx,52852460013,0,2,527,52700000000,56,state,
rx,52855650635,2,0,528,52820000000,56,state,
rx,52860254064,1,2,528,52810000000,56,state,
rx,52865318979,2,0,527,52720000000,56,state,
tx,52900000000,0,-1,529,52900000000,56,state,
tx,52910000000,1,-1,529,52910000000,56,state,
tx,52920000000,2,-1,529,52920000000,56,state,
rx,52920677508,2,0,529,52920000000,56,state,
rx,52939665846,1,2,529,52910000000,56,state,
rx,52943129252,1,0,529,52910000000,56,state,
rx,52969963608,0,2,529,52900000000,56,state,
rx,52976686564,0,2,528,52800000000,56,state,
tx,53000000000,0,-1,530,53000000000,56,state,
rx,53006174109,0,1,529,52900000000,56,state,
rx,53008057207,0,1,530,53000000000,56,state,
tx,53010000000,1,-1,530,53010000000,56,state,
rx,53011767345,0,2,530,53000000000,56,state,
tx,53020000000,2,-1,530,53020000000,56,state,
rx,53055382294,2,1,529,52920000000,56,state,
rx,53060626080,1,2,530,53010000000,56,state,
tx,53100000000,0,-1,531,53100000000,56,state,
tx,53110000000,1,-1,531,53110000000,56,state,
rx,53111873201,0,2,531,53100000000,56,state,
tx,53120000000,2,-1,531,53120000000,56,state,
rx,53142681046,2,1,530,53020000000,56,state,
rx,53171996567,0,1,531,53100000000,56,state,
rx,53192289148,2,0,530,53020000000,56,state,
tx,53200000000,0,-1,532,53200000000,56,state,
rx,53201310581,1,0,530,53010000000,56,state,
tx,53210000000,1,-1,532,53210000000,56,state,
tx,53220000000,2,-1,532,53220000000,56,state,
rx,53235368281,2,1,532,53220000000,56,state,
rx,53250900595,1,2,531,53110000000,56,state,
rx,53271468712,2,0,532,53220000000,56,state,
rx,53288929571,2,0,531,53120000000,56,state,
rx,53298169160,1,0,531,53110000000,56,state,
tx,53300000000,0,-1,533,53300000000,56,state,
rx,53306831417,0,2,533,53300000000,56,state,
tx,53310000000,1,-1,533,53310000000,56,state,
rx,53310545610,2,1,531,53120000000,56,state,
rx,53313710766,0,1,532,53200000000,56,state,
rx,53315709428,0,2,532,53200000000,56,state,
tx,53320000000,2,-1,533,53320000000,56,state,
rx,53349748789,1,0,533,53310000000,56,state,
rx,53358314459,1,0,532,53210000000,56,state,
rx,53375402801,1,2,532,53210000000,56,state,
tx,53400000000,0,-1,534,53400000000,56,state,
tx,53410000000,1,-1,534,53410000000,56,state,
rx,53410521312,0,1,533,53300000000,56,state,
tx,53420000000,2,-1,534,53420000000,56,state,
rx,53461278799,2,1,533,53320000000,56,state,
rx,53465278906,2,0,534,53420000000,56,state,
rx,53477962134,0,1,534,53400000000,56,state,
rx,53481505688,1,2,533,53310000000,56,state,
tx,53500000000,0,-1,535,53500000000,56,state,
rx,53509247987,1,0,534,53410000000,56,state,
tx,53510000000,1,-1,535,53510000000,56,state,
rx,53510323002,2,0,533,53320000000,56,state,
rx,53511562488,1,2,535,53510000000,56,state,
tx,53520000000,2,-1,535,53520000000,56,state,
rx,53525690168,0,2,534,53400000000,56,state,
rx,53554115712,1,0,535,53510000000,56,state,
rx,53575205613,1,2,534,53410000000,56,state,
rx,53590450992,2,1,534,53420000000,56,state,
rx,53595932605,2,0,535,53520000000,56,state,
tx,53600000000,0,-1,536,53600000000,56,state,
tx,53610000000,1,-1,536,53610000000,56,state,
rx,53613525301,1,0,536,53610000000,56,state,
tx,53620000000,2,-1,536,53620000000,56,state,
rx,53624868034,1,2,536,53610000000,56,state,
rx,53644165275,2,1,535,53520000000,56,state,
rx,53646793410,0,1,535,53500000000,56,state,
rx,53681356519,0,2,535,53500000000,56,state,
tx,53700000000,0,-1,537,53700000000,56,state,
tx,53710000000,1,-1,537,53710000000,56,state,
tx,53720000000,2,-1,537,53720000000,56,state,
rx,53746922590,2,1,536,53620000000,56,state,
rx,53752163973,0,2,537,53700000000,56,state,
rx,53768316958,2,0,536,53620000000,56,state,
rx,53780655383,1,0,537,53710000000,56,state,
rx,53784930620,0,2,536,53600000000,56,state,
tx,53800000000,0,-1,538,53800000000,56,state,
rx,53800427423,0,1,536,53600000000,56,state,
tx,53810000000,1,-1,538,53810000000,56,state,
rx,53815594353,2,0,537,53720000000,56,state,
tx,53820000000,2,-1,538,53820000000,56,state,
rx,53832626265,2,1,538,53820000000,56,state,
rx,53854643374,2,1,537,53720000000,56,state,
rx,53855815142,1,2,537,53710000000,56,state,
rx,53879212132,1,0,538,53810000000,56,state,
rx,53897712050,0,1,537,53700000000,56,state,
tx,53900000000,0,-1,539,53900000000,56,state,
tx,53910000000,1,-1,539,53910000000,56,state,
rx,53912009910,0,2,539,53900000000,56,state,
rx,53917626368,1,0,539,53910000000,56,state,
tx,53920000000,2,-1,539,53920000000,56,state,
rx,53944205449,2,1,539,53920000000,56,state,
rx,53958463125,1,2,539,53910000000,56,state,
rx,53977560835,0,1,538,53800000000,56,state,
rx,53985658624,0,1,539,53900000000,56,state,
rx,53987956813,0,2,538,53800000000,56,state,
rx,53993113019,1,2,538,53810000000,56,state,
tx,54000000000,0,-1,540,54000000000,56,state,
tx,54010000000,1,-1,540,54010000000,56,state,
rx,54012786593,2,0,538,53820000000,56,state,
rx,54013566377,2,0,539,53920000000,56,state,
tx,54020000000,2,-1,540,54020000000,56,state,
rx,54054306941,0,2,540,54000000000,56,state,
rx,54063277741,1,0,540,54010000000,56,state,
tx,54100000000,0,-1,541,54100000000,56,state,
tx,54110000000,1,-1,541,54110000000,56,state,
rx,54112760423,2,0,540,54020000000,56,state,
rx,54113583348,0,1,540,54000000000,56,state,
tx,54120000000,2,-1,541,54120000000,56,state,
rx,54157699018,1,2,541,54110000000,56,state,
rx,54158602613,1,2,540,54010000000,56,state,
rx,54163792995,2,0,541,54120000000,56,state,
rx,54169642141,0,1,541,54100000000,56,state,
rx,54180835008,0,2,541,54100000000,56,state,
rx,54184194370,2,1,540,54020000000,56,state,
rx,54186358330,1,0,541,54110000000,56,state,
tx,54200000000,0,-1,542,54200000000,56,state,
tx,54210000000,1,-1,542,54210000000,56,state,
tx,54220000000,2,-1,542,54220000000,56,state,
rx,54223319013,2,1,542,54220000000,56,state,
rx,54242918988,1,0,542,54210000000,56,state,
rx,54258532368,0,2,542,54200000000,56,state,
rx,54263012717,1,2,542,54210000000,56,state,
rx,54285131919,2,1,541,54120000000,56,state,
rx,54288729461,0,1,542,54200000000,56,state,
rx,54289421480,2,0,542,54220000000,56,state,
tx,54300000000,0,-1,543,54300000000,56,state,
tx,54310000000,1,-1,543,54310000000,56,state,
tx,54320000000,2,-1,543,54320000000,56,state,
rx,54359030864,2,0,543,54320000000,56,state,
rx,54364098571,2,1,543,54320000000,56,state,
rx,54374580502,0,1,543,54300000000,56,state,
rx,54380443086,1,0,543,54310000000,56,state,
tx,54400000000,0,-1,544,54400000000,56,state,
tx,54410000000,1,-1,544,54410000000,56,state,
rx,54412339610,1,2,543,54310000000,56,state,
rx,54417434590,0,2,544,54400000000,56,state,
rx,54418081683,0,2,543,54300000000,56,state,
tx,54420000000,2,-1,544,54420000000,56,state,
rx,54455567889,0,1,544,54400000000,56,state,
tx,54500000000,0,-1,545,54500000000,56,state,
rx,54502528827,2,1,544,54420000000,56,state,
tx,54510000000,1,-1,545,54510000000,56,state,
rx,54517492719,1,2,545,54510000000,56,state,
tx,54520000000,2,-1,545,54520000000,56,state,
rx,54525755349,1,2,544,54410000000,56,state,
rx,54537169037,2,0,544,54420000000,56,state,
rx,54573824956,0,2,545,54500000000,56,state,
rx,54579182671,1,0,544,54410000000,56,state,
rx,54580589354,1,0,545,54510000000,56,state,
rx,54581224628,2,1,545,54520000000,56,state,
tx,54600000000,0,-1,546,54600000000,56,state,
tx,54610000000,1,-1,546,54610000000,56,state,
rx,54613215761,0,1,545,54500000000,56,state,
tx,54620000000,2,-1,546,54620000000,56,state,
rx,54622823450,2,0,546,54620000000,56,state,
rx,54656603353,2,0,545,54520000000,56,state,
tx,54700000000,0,-1,547,54700000000,56,state,
tx,54710000000,1,-1,547,54710000000,56,state,
rx,54718837143,1,2,546,54610000000,56,state,
tx,54720000000,2,-1,547,54720000000,56,state,
rx,54727537751,0,2,547,54700000000,56,state,
rx,54746473936,2,1,546,54620000000,56,state,
rx,54746481094,1,0,546,54610000000,56,state,
rx,54749137855,0,2,546,54600000000,56,state,
rx,54764226926,2,1,547,54720000000,56,state,
rx,54770330960,0,1,546,54600000000,56,state,
rx,54783545579,1,2,547,54710000000,56,state,
tx,54800000000,0,-1,548,54800000000,56,state,
tx,54810000000,1,-1,548,54810000000,56,state,
rx,54818810712,0,2,548,54800000000,56,state,
tx,54820000000,2,-1,548,54820000000,56,state,
rx,54823949832,1,0,547,54710000000,56,state,
rx,54851340735,1,2,548,54810000000,56,state,
rx,54854338797,0,1,547,54700000000,56,state,
rx,54861337697,0,1,548,54800000000,56,state,
rx,54865951346,2,0,548,54820000000,56,state,
rx,54897164889,2,0,547,54720000000,56,state,
tx,54900000000,0,-1,549,54900000000,56,state,
tx,54910000000,1,-1,549,54910000000,56,state,
tx,54920000000,2,-1,549,54920000000,56,state,
rx,54939464925,0,1,549,54900000000,56,state,
rx,54950138489,1,2,549,54910000000,56,state,
rx,54950337615,0,2,549,54900000000,56,state,
rx,54966104366,2,1,549,54920000000,56,state,
rx,54977859902,1,0,548,54810000000,56,state,
tx,55000000000,0,-1,550,55000000000,56,state,
rx,55004305565,2,1,548,54820000000,56,state,
tx,55010000000,1,-1,550,55010000000,56,state,
tx,55020000000,2,-1,550,55020000000,56,state,
rx,55031962847,0,2,550,55000000000,56,state,
rx,55042520819,1,0,549,54910000000,56,state,
rx,55066572233,2,0,549,54920000000,56,state,
rx,55084938480,2,0,550,55020000000,56,state,
rx,55089660157,1,0,550,55010000000,56,state,
tx,55100000000,0,-1,551,55100000000,56,state,
rx,55106172560,1,2,550,55010000000,56,state,
tx,55110000000,1,-1,551,55110000000,56,state,
rx,55113711181,0,2,551,55100000000,56,state,
tx,55120000000,2,-1,551,55120000000,56,state,
rx,55170387300,2,0,551,55120000000,56,state,
rx,55176908248,0,1,550,55000000000,56,state,
rx,55186924362,2,1,550,55020000000,56,state,
rx,55192331699,2,1,551,55120000000,56,state,
tx,55200000000,0,-1,552,55200000000,56,state,
rx,55201769327,0,1,552,55200000000,56,state,
tx,55210000000,1,-1,552,55210000000,56,state,
tx,55220000000,2,-1,552,55220000000,56,state,
rx,55231674383,0,1,551,55100000000,56,state,
rx,55234713745,0,2,552,55200000000,56,state,
rx,55257309605,1,0,551,55110000000,56,state,
rx,55271715462,1,2,551,55110000000,56,state,
rx,55273490563,2,0,552,55220000000,56,state,
tx,55300000000,0,-1,553,55300000000,56,state,
tx,55310000000,1,-1,553,55310000000,56,state,
rx,55310951778,0,1,553,55300000000,56,state,
rx,55316112727,2,1,552,55220000000,56,state,
rx,55316496638,1,2,552,55210000000,56,state,
tx,55320000000,2,-1,553,55320000000,56,state,
rx,55325147369,1,0,552,55210000000,56,state,
rx,55362241990,2,1,553,55320000000,56,state,
rx,55393654087,2,0,553,55320000000,56,state,
rx,55393703219,0,2,553,55300000000,56,state,
tx,55400000000,0,-1,554,55400000000,56,state,
tx,55410000000,1,-1,554,55410000000,56,state,
rx,55412637396,1,2,554,55410000000,56,state,
tx,55420000000,2,-1,554,55420000000,56,state,
rx,55422778209,0,1,554,55400000000,56,state,
rx,55439322663,1,0,553,55310000000,56,state,
rx,55443941682,1,0,554,55410000000,56,state,
rx,55462850991,0,2,554,55400000000,56,state,
rx,55499607777,1,2,553,55310000000,56,state,
tx,55500000000,0,-1,555,55500000000,56,state,
tx,55510000000,1,-1,555,55510000000,56,state,
tx,55520000000,2,-1,555,55520000000,56,state,
rx,55552001946,2,0,555,55520000000,56,state,
rx,55555627112,2,0,554,55420000000,56,state,
rx,55589368811,0,1,555,55500000000,56,state,
tx,55600000000,0,-1,556,55600000000,56,state,
rx,55607456493,2,1,554,55420000000,56,state,
tx,55610000000,1,-1,556,55610000000,56,state,
tx,55620000000,2,-1,556,55620000000,56,state,
rx,55645594952,2,1,556,55620000000,56,state,
rx,55650094756,0,2,555,55500000000,56,state,
rx,55658264166,1,2,555,55510000000,56,state,
rx,55658899836,1,0,555,55510000000,56,state,
rx,55659266364,2,1,555,55520000000,56,state,
rx,55690188903,2,0,556,55620000000,56,state,
tx,55700000000,0,-1,557,55700000000,56,state,
rx,55706365580,0,2,556,55600000000,56,state,
tx,55710000000,1,-1,557,55710000000,56,state,
tx,55720000000,2,-1,557,55720000000,56,state,
rx,55738177894,1,2,557,55710000000,56,state,
rx,55739400086,1,0,557,55710000000,56,state,
rx,55747139193,1,2,556,55610000000,56,state,
rx,55749875445,1,0,556,55610000000,56,state,
rx,55752579197,0,2,557,55700000000,56,state,
rx,55755879256,2,1,557,55720000000,56,state,
rx,55763815359,0,1,556,55600000000,56,state,
tx,55800000000,0,-1,558,55800000000,56,state,
tx,55810000000,1,-1,558,55810000000,56,state,
tx,55820000000,2,-1,558,55820000000,56,state,
rx,55840335468,2,0,558,55820000000,56,state,
rx,55840967405,2,0,557,55720000000,56,state,
rx,55849337953,0,1,558,55800000000,56,state,
rx,55870291880,0,2,558,55800000000,56,state,
rx,55893647879,0,1,557,55700000000,56,state,
tx,55900000000,0,-1,559,55900000000,56,state,
tx,55910000000,1,-1,559,55910000000,56,state,
rx,55910990215,1,0,558,55810000000,56,state,
rx,55919658049,1,0,559,55910000000,56,state,
tx,55920000000,2,-1,559,55920000000,56,state,
rx,55936129801,1,2,559,55910000000,56,state,
rx,55947134638,2,0,559,55920000000,56,state,
rx,55953254953,1,2,558,55810000000,56,state,
rx,55993077987,2,1,558,55820000000,56,state,
tx,56000000000,0,-1,560,56000000000,56,state,
tx,56010000000,1,-1,560,56010000000,56,state,
rx,56014224368,0,1,559,55900000000,56,state,
tx,56020000000,2,-1,560,56020000000,56,state,
rx,56022003850,0,2,560,56000000000,56,state,
rx,56022658535,2,1,559,55920000000,56,state,
rx,56093270323,0,2,559,55900000000,56,state,
rx,56097008083,2,1,560,56020000000,56,state,
tx,56100000000,0,-1,561,56100000000,56,state,
tx,56110000000,1,-1,561,56110000000,56,state,
tx,56120000000,2,-1,561,56120000000,56,state,
rx,56121471192,1,2,560,56010000000,56,state,
rx,56149987828,2,0,560,56020000000,56,state,
rx,56178423613,1,0,560,56010000000,56,state,
rx,56181995181,2,1,561,56120000000,56,state,
rx,56188676592,0,1,560,56000000000,56,state,
rx,56189041743,1,0,561,56110000000,56,state,
tx,56200000000,0,-1,562,56200000000,56,state,
tx,56210000000,1,-1,562,56210000000,56,state,
rx,56214425725,2,0,561,56120000000,56,state,
rx,56215972476,0,2,561,56100000000,56,state,
rx,56215974056,0,1,561,56100000000,56,state,
tx,56220000000,2,-1,562,56220000000,56,state,
rx,56229755264,0,2,562,56200000000,56,state,
rx,56231244242,2,1,562,56220000000,56,state,
rx,56274141461,1,2,561,56110000000,56,state,
rx,56299792126,2,0,562,56220000000,56,state,
tx,56300000000,0,-1,563,56300000000,56,state,
tx,56310000000,1,-1,563,56310000000,56,state,
tx,56320000000,2,-1,563,56320000000,56,state,
rx,56320417381,1,0,563,56310000000,56,state,
rx,56331231197,0,1,562,56200000000,56,state,
rx,56370692108,0,2,563,56300000000,56,state,
rx,56374028636,1,0,562,56210000000,56,state,
rx,56386969449,1,2,562,56210000000,56,state,
rx,56398769161,0,1,563,56300000000,56,state,
tx,56400000000,0,-1,564,56400000000,56,state,
tx,56410000000,1,-1,564,56410000000,56,state,
rx,56414680588,2,1,563,56320000000,56,state,
tx,56420000000,2,-1,564,56420000000,56,state,
rx,56454745541,2,0,563,56320000000,56,state,
rx,56469338704,0,1,564,56400000000,56,state,
rx,56493728718,1,2,563,56310000000,56,state,
tx,56500000000,0,-1,565,56500000000,56,state,
rx,56508518030,2,0,564,56420000000,56,state,
tx,56510000000,1,-1,565,56510000000,56,state,
rx,56517556610,2,1,564,56420000000,56,state,
tx,56520000000,2,-1,565,56520000000,56,state,
rx,56533333308,0,2,564,56400000000,56,state,
rx,56540339145,1,2,564,56410000000,56,state,
rx,56552092865,1,0,565,56510000000,56,state,
rx,56567264572,0,2,565,56500000000,56,state,
tx,56600000000,0,-1,566,56600000000,56,state,
rx,56604474177,2,0,565,56520000000,56,state,
rx,56609803551,1,0,564,56410000000,56,state,
tx,56610000000,1,-1,566,56610000000,56,state,
tx,56620000000,2,-1,566,56620000000,56,state,
rx,56623690356,0,1,565,56500000000,56,state,
rx,56656753047,2,1,565,56520000000,56,state,
rx,56661001937,1,2,565,56510000000,56,state,
rx,56661691718,0,1,566,56600000000,56,state,
rx,56678302257,2,1,566,56620000000,56,state,
tx,56700000000,0,-1,567,56700000000,56,state,
tx,56710000000,1,-1,567,56710000000,56,state,
rx,56714943781,1,2,566,56610000000,56,state,
tx,56720000000,2,-1,567,56720000000,56,state,
rx,56732081034,0,1,567,56700000000,56,state,
rx,56768372888,1,0,566,56610000000,56,state,
rx,56785287217,2,1,567,56720000000,56,state,
rx,56788059042,0,2,566,56600000000,56,state,
tx,56800000000,0,-1,568,56800000000,56,state,
tx,56810000000,1,-1,568,56810000000,56,state,
rx,56812173604,0,1,568,56800000000,56,state,
rx,56812445209,2,0,566,56620000000,56,state,
tx,56820000000,2,-1,568,56820000000,56,state,
rx,56845988864,2,0,568,56820000000,56,state,
rx,56847867565,0,2,567,56700000000,56,state,
rx,56854650499,1,0,568,56810000000,56,state,
rx,56865385552,1,2,567,56710000000,56,state,
rx,56881170121,1,0,567,56710000000,56,state,
tx,56900000000,0,-1,569,56900000000,56,state,
tx,56910000000,1,-1,569,56910000000,56,state,
rx,56912175467,1,2,568,56810000000,56,state,
rx,56913547940,2,0,567,56720000000,56,state,
tx,56920000000,2,-1,569,56920000000,56,state,
rx,56938114804,0,2,568,56800000000,56,state,
rx,56946564506,2,1,569,56920000000,56,state,
rx,56956446409,0,2,569,56900000000,56,state,
rx,56957477214,1,0,569,56910000000,56,state,
rx,56972295678,2,0,569,56920000000,56,state,
rx,56994966250,1,2,569,56910000000,56,state,
rx,56996236710,0,1,569,56900000000,56,state,
rx,56997081431,2,1,568,56820000000,56,state,
tx,57000000000,0,-1,570,57000000000,56,state,
tx,57010000000,1,-1,570,57010000000,56,state,
tx,57020000000,2,-1,570,57020000000,56,state,
rx,57064206286,1,2,570,57010000000,56,state,
rx,57087203317,0,1,570,57000000000,56,state,
rx,57095561875,2,1,570,57020000000,56,state,
tx,57100000000,0,-1,571,57100000000,56,state,
tx,57110000000,1,-1,571,57110000000,56,state,
tx,57120000000,2,-1,571,57120000000,56,state,
rx,57127989329,2,0,570,57020000000,56,state,
rx,57141173337,0,1,571,57100000000,56,state,
rx,57169036937,0,2,570,57000000000,56,state,
rx,57193701988,1,0,570,57010000000,56,state,
tx,57200000000,0,-1,572,57200000000,56,state,
tx,57210000000,1,-1,572,57210000000,56,state,
tx,57220000000,2,-1,572,57220000000,56,state,
rx,57223729293,2,1,571,57120000000,56,state,
rx,57249630591,2,0,571,57120000000,56,state,
rx,57252895139,0,2,571,57100000000,56,state,
rx,57271664605,1,0,571,57110000000,56,state,
rx,57289440640,0,2,572,57200000000,56,state,
tx,57300000000,0,-1,573,57300000000,56,state,
rx,57308112702,1,2,571,57110000000,56,state,
tx,57310000000,1,-1,573,57310000000,56,state,
tx,57320000000,2,-1,573,57320000000,56,state,
rx,57334998766,2,0,573,57320000000,56,state,
rx,57348876500,1,0,573,57310000000,56,state,
rx,57350357395,1,2,572,57210000000,56,state,
rx,57354881994,2,0,572,57220000000,56,state,
rx,57363176501,1,0,572,57210000000,56,state,
rx,57392402309,0,1,572,57200000000,56,state,
tx,57400000000,0,-1,574,57400000000,56,state,
rx,57402912425,0,1,573,57300000000,56,state,
rx,57404691209,1,2,573,57310000000,56,state,
tx,57410000000,1,-1,574,57410000000,56,state,
rx,57415067455,2,1,572,57220000000,56,state,
tx,57420000000,2,-1,574,57420000000,56,state,
rx,57420830198,0,1,574,57400000000,56,state,
rx,57426240799,0,2,573,57300000000,56,state,
rx,57434016826,2,0,574,57420000000,56,state,
rx,57454786788,1,2,574,57410000000,56,state,
rx,57486008690,2,1,573,57320000000,56,state,
tx,57500000000,0,-1,575,57500000000,56,state,
tx,57510000000,1,-1,575,57510000000,56,state,
rx,57512495904,0,2,574,57400000000,56,state,
tx,57520000000,2,-1,575,57520000000,56,state,
rx,57522590195,1,0,574,57410000000,56,state,
rx,57538221531,2,1,575,57520000000,56,state,
rx,57538985193,1,0,575,57510000000,56,state,
rx,57560090857,2,1,574,57420000000,56,state,
rx,57561070480,0,2,575,57500000000,56,state,
rx,57591475882,0,1,575,57500000000,56,state,
tx,57600000000,0,-1,576,57600000000,56,state,
rx,57604244803,1,2,575,57510000000,56,state,
tx,57610000000,1,-1,576,57610000000,56,state,
tx,57620000000,2,-1,576,57620000000,56,state,
rx,57629208810,0,1,576,57600000000,56,state,
rx,57633927906,2,0,575,57520000000,56,state,
rx,57638134760,1,2,576,57610000000,56,state,
tx,57700000000,0,-1,577,57700000000,56,state,
rx,57701477309,0,1,577,57700000000,56,state,
tx,57710000000,1,-1,577,57710000000,56,state,
tx,57720000000,2,-1,577,57720000000,56,state,
rx,57721353696,0,2,576,57600000000,56,state,
rx,57724647107,1,2,577,57710000000,56,state,
rx,57754612029,1,0,576,57610000000,56,state,
rx,57756364692,2,0,577,57720000000,56,state,
rx,57784316736,2,1,576,57620000000,56,state,
rx,57791307765,2,0,576,57620000000,56,state,
tx,57800000000,0,-1,578,57800000000,56,state,
rx,57801901602,2,1,577,57720000000,56,state,
tx,57810000000,1,-1,578,57810000000,56,state,
rx,57810102584,1,0,577,57710000000,56,state,
tx,57820000000,2,-1,578,57820000000,56,state,
rx,57845202992,0,2,577,57700000000,56,state,
rx,57864089043,1,0,578,57810000000,56,state,
rx,57884063371,0,2,578,57800000000,56,state,
tx,57900000000,0,-1,579,57900000000,56,state,
rx,57902936932,0,1,578,57800000000,56,state,
tx,57910000000,1,-1,579,57910000000,56,state,
tx,57920000000,2,-1,579,57920000000,56,state,
rx,57930629449,1,0,579,57910000000,56,state,
rx,57933289740,0,1,579,57900000000,56,state,
rx,57946519222,1,2,578,57810000000,56,state,
rx,57959455628,2,1,579,57920000000,56,state,
rx,57999578197,1,2,579,57910000000,56,state,
tx,58000000000,0,-1,580,58000000000,56,state,
rx,58005899829,0,2,580,58000000000,56,state,
tx,58010000000,1,-1,580,58010000000,56,state,
rx,58011139225,2,0,578,57820000000,56,state,
tx,58020000000,2,-1,580,58020000000,56,state,
rx,58020203541,2,1,578,57820000000,56,state,
rx,58082345618,1,0,580,58010000000,56,state,
rx,58088688921,2,0,580,58020000000,56,state,
rx,58098951555,0,2,579,57900000000,56,state,
tx,58100000000,0,-1,581,58100000000,56,state,
rx,58102686492,2,0,579,57920000000,56,state,
rx,58105113759,0,2,581,58100000000,56,state,
tx,58110000000,1,-1,581,58110000000,56,state,
rx,58113843721,1,2,580,58010000000,56,state,
tx,58120000000,2,-1,581,58120000000,56,state,
rx,58182572758,1,2,581,58110000000,56,state,
rx,58193649075,0,1,580,58000000000,56,state,
tx,58200000000,0,-1,582,58200000000,56,state,
rx,58200863444,2,1,580,58020000000,56,state,
tx,58210000000,1,-1,582,58210000000,56,state,
tx,58220000000,2,-1,582,58220000000,56,state,
rx,58226999759,1,0,582,58210000000,56,state,
rx,58246214572,1,0,581,58110000000,56,state,
rx,58256392776,0,1,581,58100000000,56,state,
rx,58267736622,2,0,581,58120000000,56,state,
rx,58268284629,0,2,582,58200000000,56,state,
rx,58274183603,1,2,582,58210000000,56,state,
rx,58276144983,2,1,581,58120000000,56,state,
tx,58300000000,0,-1,583,58300000000,56,state,
tx,58310000000,1,-1,583,58310000000,56,state,
tx,58320000000,2,-1,583,58320000000,56,state,
rx,58326430700,1,2,583,58310000000,56,state,
rx,58336667367,2,0,582,58220000000,56,state,
rx,58336727985,0,2,583,58300000000,56,state,
rx,58342398225,2,1,582,58220000000,56,state,
rx,58363622952,0,1,582,58200000000,56,state,
rx,58380884494,1,0,583,58310000000,56,state,
tx,58400000000,0,-1,584,58400000000,56,state,
tx,58410000000,1,-1,584,58410000000,56,state,
rx,58413855785,0,2,584,58400000000,56,state,
tx,58420000000,2,-1,584,58420000000,56,state,
rx,58421538621,2,0,583,58320000000,56,state,
rx,58438459880,2,1,583,58320000000,56,state,
rx,58456192193,0,1,583,58300000000,56,state,
rx,58475609732,0,1,584,58400000000,56,state,
rx,58477352868,1,0,584,58410000000,56,state,
rx,58487392288,1,2,584,58410000000,56,state,
tx,58500000000,0,-1,585,58500000000,56,state,
rx,58508361872,2,1,584,58420000000,56,state,
tx,58510000000,1,-1,585,58510000000,56,state,
rx,58519126070,0,1,585,58500000000,56,state,
tx,58520000000,2,-1,585,58520000000,56,state,
rx,58572790184,1,2,585,58510000000,56,state,
tx,58600000000,0,-1,586,58600000000,56,state,
tx,58610000000,1,-1,586,58610000000,56,state,
rx,58612573345,0,2,585,58500000000,56,state,
rx,58617208550,2,0,584,58420000000,56,state,
tx,58620000000,2,-1,586,58620000000,56,state,
rx,58622181238,2,0,585,58520000000,56,state,
rx,58657159996,1,0,586,58610000000,56,state,
rx,58665550727,2,1,585,58520000000,56,state,
rx,58682098607,1,0,585,58510000000,56,state,
rx,58694418900,2,0,586,58620000000,56,state,
tx,58700000000,0,-1,587,58700000000,56,state,
tx,58710000000,1,-1,587,58710000000,56,state,
tx,58720000000,2,-1,587,58720000000,56,state,
rx,58751948947,0,2,586,58600000000,56,state,
rx,58757078844,1,2,586,58610000000,56,state,
rx,58763600987,2,1,586,58620000000,56,state,
rx,58782705466,0,1,586,58600000000,56,state,
rx,58793378327,2,0,587,58720000000,56,state,
tx,58800000000,0,-1,588,58800000000,56,state,
rx,58804930082,0,2,587,58700000000,56,state,
tx,58810000000,1,-1,588,58810000000,56,state,
tx,58820000000,2,-1,588,58820000000,56,state,
rx,58842826614,0,2,588,58800000000,56,state,
rx,58844805280,2,0,588,58820000000,56,state,
rx,58853060988,1,0,587,58710000000,56,state,
rx,58868352412,0,1,587,58700000000,56,state,
rx,58879549026,1,2,587,58710000000,56,state,
rx,58887983638,2,1,587,58720000000,56,state,
rx,58889403192,1,2,588,58810000000,56,state,
rx,58894754505,1,0,588,58810000000,56,state,
tx,58900000000,0,-1,589,58900000000,56,state,
tx,58910000000,1,-1,589,58910000000,56,state,
rx,58916966781,0,1,588,58800000000,56,state,
rx,58918595969,2,1,588,58820000000,56,state,
tx,58920000000,2,-1,589,58920000000,56,state,
rx,58931018174,2,0,589,58920000000,56,state,
rx,58942175705,0,1,589,58900000000,56,state,
rx,58949228457,0,2,589,58900000000,56,state,
rx,58964632978,1,0,589,58910000000,56,state,
tx,59000000000,0,-1,590,59000000000,56,state,
tx,59010000000,1,-1,590,59010000000,56,state,
tx,59020000000,2,-1,590,59020000000,56,state,
rx,59031793357,1,0,590,59010000000,56,state,
rx,59064454300,1,2,589,58910000000,56,state,
rx,59074044183,2,1,589,58920000000,56,state,
tx,59100000000,0,-1,591,59100000000,56,state,
rx,59105048261,2,1,590,59020000000,56,state,
tx,59110000000,1,-1,591,59110000000,56,state,
rx,59113523907,0,1,591,59100000000,56,state,
tx,59120000000,2,-1,591,59120000000,56,state,
rx,59124608133,1,2,591,59110000000,56,state,
rx,59147600780,2,0,590,59020000000,56,state,
rx,59150780145,2,0,591,59120000000,56,state,
rx,59182948730,0,2,590,59000000000,56,state,
rx,59188025486,0,1,590,59000000000,56,state,
rx,59197377734,1,2,590,59010000000,56,state,
tx,59200000000,0,-1,592,59200000000,56,state,
tx,59210000000,1,-1,592,59210000000,56,state,
rx,59217057030,1,2,592,59210000000,56,state,
tx,59220000000,2,-1,592,59220000000,56,state,
rx,59235764565,2,1,591,59120000000,56,state,
rx,59238054240,2,1,592,59220000000,56,state,
rx,59244508039,2,0,592,59220000000,56,state,
rx,59247186243,0,2,592,59200000000,56,state,
rx,59253373884,0,2,591,59100000000,56,state,
rx,59263247333,0,1,592,59200000000,56,state,
rx,59265291492,1,0,591,59110000000,56,state,
tx,59300000000,0,-1,593,59300000000,56,state,
tx,59310000000,1,-1,593,59310000000,56,state,
rx,59315520249,1,0,593,59310000000,56,state,
tx,59320000000,2,-1,593,59320000000,56,state,
rx,59331400497,0,2,593,59300000000,56,state,
rx,59335077447,2,0,593,59320000000,56,state,
rx,59339380139,1,2,593,59310000000,56,state,
rx,59357390461,0,1,593,59300000000,56,state,
tx,59400000000,0,-1,594,59400000000,56,state,
rx,59403366284,1,0,592,59210000000,56,state,
rx,59407504418,2,1,593,59320000000,56,state,
tx,59410000000,1,-1,594,59410000000,56,state,
rx,59411295045,1,2,594,59410000000,56,state,
tx,59420000000,2,-1,594,59420000000,56,state,
rx,59439806105,2,0,594,59420000000,56,state,
tx,59500000000,0,-1,595,59500000000,56,state,
tx,59510000000,1,-1,595,59510000000,56,state,
tx,59520000000,2,-1,595,59520000000,56,state,
rx,59557197975,2,0,595,59520000000,56,state,
rx,59574210721,0,2,594,59400000000,56,state,
rx,59579700428,2,1,594,59420000000,56,state,
rx,59582630068,1,2,595,59510000000,56,state,
rx,59592779916,0,1,595,59500000000,56,state,
rx,59593517305,0,1,594,59400000000,56,state,
rx,59599746404,2,1,595,59520000000,56,state,
tx,59600000000,0,-1,596,59600000000,56,state,
rx,59608160938,1,0,594,59410000000,56,state,
tx,59610000000,1,-1,596,59610000000,56,state,
tx,59620000000,2,-1,596,59620000000,56,state,
rx,59628434292,0,2,595,59500000000,56,state,
rx,59637663513,0,1,596,59600000000,56,state,
rx,59641704054,2,1,596,59620000000,56,state,
rx,59686106592,1,0,595,59510000000,56,state,
rx,59686769237,0,2,596,59600000000,56,state,
rx,59687195817,1,0,596,59610000000,56,state,
tx,59700000000,0,-1,597,59700000000,56,state,
tx,59710000000,1,-1,597,59710000000,56,state,
tx,59720000000,2,-1,597,59720000000,56,state,
rx,59733220616,1,0,597,59710000000,56,state,
rx,59748986525,2,1,597,59720000000,56,state,
rx,59760745000,1,2,596,59610000000,56,state,
rx,59767783140,0,2,597,59700000000,56,state,
rx,59773786824,2,0,596,59620000000,56,state,
rx,59775754372,0,1,597,59700000000,56,state,
tx,59800000000,0,-1,598,59800000000,56,state,
tx,59810000000,1,-1,598,59810000000,56,state,
tx,59820000000,2,-1,598,59820000000,56,state,
rx,59844003876,2,0,598,59820000000,56,state,
rx,59846279921,0,2,598,59800000000,56,state,
rx,59892398075,1,2,597,59710000000,56,state,
tx,59900000000,0,-1,599,59900000000,56,state,
rx,59906292928,2,0,597,59720000000,56,state,
tx,59910000000,1,-1,599,59910000000,56,state,
tx,59920000000,2,-1,599,59920000000,56,state,
rx,59967483594,0,1,599,59900000000,56,state,
rx,59970526949,1,2,598,59810000000,56,state,
rx,59971207987,1,0,598,59810000000,56,state,
rx,59972822165,0,2,599,59900000000,56,state,
rx,59974898833,2,1,598,59820000000,56,state,
rx,59984012926,0,1,598,59800000000,56,state,
rx,60007831581,2,1,599,59920000000,56,state,
rx,60020598340,1,2,599,59910000000,56,state,
rx,60055002114,1,0,599,59910000000,56,state,
rx,60056030988,2,0,599,59920000000,56,state,
