t,id,x,y,theta,v,omega,gap_err,belief_err
0.0,0,3.00000,-2.50000,0.00000,0.00000,0.00000,0.00000,
0.0,1,2.00000,-2.50000,0.00000,0.00000,0.00000,0.00000,
0.0,2,1.00000,-2.50000,0.00000,0.00000,0.00000,0.00000,
0.02,0,3.00253,-2.50003,-0.00728,0.12497,-1.18294,0.00000,
0.02,1,2.00000,-2.50000,0.00000,0.00000,0.00003,0.00253,0.00253
0.02,2,1.00000,-2.50000,0.00000,0.00000,-0.00000,0.00000,
0.04,0,3.00505,-2.50074,-0.02857,0.14771,-1.15619,0.00000,
0.04,1,2.00000,-2.50000,0.00000,-0.00000,-0.00000,0.00505,0.00510
0.04,2,1.00000,-2.50000,-0.00000,0.00000,-0.00000,0.00000,0.00000
0.06,0,3.00956,-2.50137,-0.03977,0.32252,0.04178,0.00000,
0.06,1,2.00000,-2.50000,0.00000,-0.00000,-0.00002,0.00956,0.00966
0.06,2,1.00000,-2.50000,-0.00000,-0.00000,-0.00002,0.00000,0.00000
0.08,0,3.01768,-2.50174,-0.03347,0.45142,0.34436,0.00000,
0.08,1,2.00000,-2.50000,-0.00000,0.00000,-0.00001,0.01768,0.01776
0.08,2,1.00000,-2.50000,-0.00000,-0.00000,-0.00001,0.00000,0.00000
0.1,0,3.02741,-2.50212,-0.03382,0.48811,-0.15035,0.00000,
0.1,1,2.00000,-2.50000,-0.00000,0.00000,0.00000,0.02741,0.02749
0.1,2,1.00000,-2.50000,-0.00000,0.00000,0.00000,0.00000,0.00000
0.12,0,3.03751,-2.50246,-0.03514,0.52835,0.02697,0.00000,
0.12,1,2.00000,-2.50000,-0.00000,0.00000,0.00000,0.03752,0.03760
0.12,2,1.00000,-2.50000,-0.00000,0.00000,0.00002,0.00000,0.00000
0.14,0,3.04817,-2.50280,-0.03323,0.53033,0.11916,0.00000,
0.14,1,2.00000,-2.50000,-0.00000,-0.00000,-0.00000,0.04818,0.02078
0.14,2,1.00000,-2.50000,-0.00000,0.00000,0.00002,0.00000,0.00000
0.16,0,3.05858,-2.50313,-0.03123,0.51280,0.07916,0.00000,
0.16,1,2.00501,-2.50000,-0.00013,0.23845,-0.00893,0.05357,0.03118
0.16,2,1.00000,-2.50000,-0.00000,0.00000,-0.00000,0.00501,0.00501
0.18,0,3.06874,-2.50344,-0.02995,0.50712,0.05794,0.00000,
0.18,1,2.00903,-2.50000,-0.00030,0.19339,-0.00903,0.05972,0.04135
0.18,2,1.00000,-2.50000,-0.00000,-0.00000,-0.00000,0.00903,0.00903
0.2,0,3.07775,-2.50374,-0.02893,0.45035,0.06131,0.00000,
0.2,1,2.01258,-2.50000,-0.00047,0.18341,-0.00668,0.06517,0.05037
0.2,2,1.00000,-2.50000,-0.00000,0.00000,0.00000,0.01258,0.01258
0.22,0,3.08700,-2.50402,-0.02753,0.47018,0.07170,0.00000,
0.22,1,2.01957,-2.49999,-0.00070,0.51254,-0.02189,0.06744,0.00926
0.22,2,1.00000,-2.50000,-0.00000,0.00000,0.00000,0.01957,0.01957
0.24,0,3.09612,-2.50428,-0.02611,0.44772,0.07019,0.00000,
0.24,1,2.03022,-2.49998,-0.00107,0.55089,-0.01190,0.06591,0.01838
0.24,2,1.00000,-2.50000,-0.00000,0.00000,0.00000,0.03022,0.03022
0.26,0,3.10598,-2.50454,-0.02495,0.52014,0.05259,0.00000,
0.26,1,2.04059,-2.49998,-0.00119,0.48038,-0.00334,0.06540,0.02824
0.26,2,1.00000,-2.50000,-0.00000,0.00000,0.00000,0.04059,0.02549
0.28,0,3.11648,-2.50480,-0.02388,0.52140,0.05519,0.00000,
0.28,1,2.04923,-2.49999,-0.00127,0.35287,-0.00503,0.06727,0.03875
0.28,2,1.00413,-2.50000,0.00000,0.19263,0.00008,0.04509,0.03413
0.3,0,3.12667,-2.50504,-0.02275,0.50053,0.05695,0.00000,
0.3,1,2.05568,-2.50000,-0.00138,0.34544,-0.00505,0.07100,0.04894
0.3,2,1.00721,-2.50000,0.00000,0.14106,0.00008,0.04847,0.04058
0.32,0,3.13658,-2.50527,-0.02163,0.49436,0.05422,0.00000,
0.32,1,2.06305,-2.50001,-0.00147,0.37903,-0.00440,0.07354,0.05885
0.32,2,1.01074,-2.50000,0.00000,0.22572,0.00002,0.05231,0.04795
0.34,0,3.14651,-2.50548,-0.02058,0.49876,0.05160,0.00000,
0.34,1,2.07011,-2.50002,-0.00155,0.36605,-0.00422,0.07642,0.06878
0.34,2,1.01625,-2.50000,0.00000,0.29974,0.00000,0.05386,0.01082
0.36,0,3.15652,-2.50569,-0.01957,0.50179,0.05006,0.00000,
0.36,1,2.07835,-2.50003,-0.00171,0.37572,-0.01632,0.07819,0.02986
0.36,2,1.02083,-2.50000,0.00000,0.16570,-0.00007,0.05753,0.01906
0.38,0,3.16656,-2.50589,-0.01858,0.50134,0.04857,0.00000,
0.38,1,2.08519,-2.50004,-0.00202,0.35904,-0.01096,0.08138,0.03989
0.38,2,1.02436,-2.50000,0.00000,0.20945,-0.00005,0.06084,0.02590
0.4,0,3.17657,-2.50607,-0.01763,0.50034,0.04690,0.00000,
0.4,1,2.09353,-2.50007,-0.00213,0.45824,-0.00315,0.08305,0.04991
0.4,2,1.03005,-2.50000,0.00000,0.33672,0.00000,0.06348,0.03424
0.42,0,3.18657,-2.50625,-0.01671,0.50019,0.04529,0.00000,
0.42,1,2.10301,-2.50009,-0.00220,0.47254,-0.00423,0.08358,0.05991
0.42,2,1.03714,-2.50000,0.00000,0.35156,0.00001,0.06587,0.04372
0.44,0,3.19658,-2.50642,-0.01582,0.50045,0.04378,0.00000,
0.44,1,2.11208,-2.50011,-0.00231,0.43799,-0.00584,0.08451,0.06992
0.44,2,1.04617,-2.50000,-0.00001,0.48322,-0.00055,0.06591,0.01384
0.46,0,3.20590,-2.50657,-0.01500,0.47159,0.04288,0.00000,
0.46,1,2.12226,-2.50013,-0.00248,0.66223,-0.01318,0.08367,0.02934
0.46,2,1.05579,-2.50000,-0.00002,0.45902,-0.00055,0.06647,0.02401
0.48,0,3.21543,-2.50672,-0.01414,0.47894,0.04209,0.00000,
0.48,1,2.13502,-2.50015,-0.00271,0.56839,-0.01000,0.08043,0.03887
0.48,2,1.06476,-2.50000,-0.00002,0.48563,-0.00013,0.07026,0.03677
0.5,0,3.22501,-2.50685,-0.01334,0.47789,0.03889,0.00000,
0.5,1,2.14631,-2.50017,-0.00291,0.55395,-0.00938,0.07871,0.04844
0.5,2,1.07302,-2.50000,-0.00003,0.40241,-0.00011,0.07329,0.04807
0.52,0,3.23433,-2.50698,-0.01254,0.48369,0.03829,0.00000,
0.52,1,2.15452,-2.50018,-0.00314,0.36718,-0.01084,0.07984,0.05777
0.52,2,1.08126,-2.50000,-0.00003,0.41252,-0.00012,0.07326,0.05627
0.54,0,3.24446,-2.50710,-0.01181,0.51669,0.03560,0.00000,
0.54,1,2.16218,-2.50023,-0.00414,0.39452,-0.07082,0.08230,0.06790
0.54,2,1.08911,-2.50000,-0.00003,0.36777,-0.00010,0.07307,0.06394
0.56,0,3.25474,-2.50723,-0.01110,0.50847,0.03569,0.00000,
0.56,1,2.17036,-2.50025,-0.00488,0.48787,0.01249,0.08440,0.02973
0.56,2,1.09625,-2.50000,-0.00004,0.28994,-0.00143,0.07411,0.01946
0.58,0,3.26476,-2.50734,-0.01039,0.49651,0.03486,0.00000,
0.58,1,2.18011,-2.50029,-0.00462,0.48649,0.01694,0.08467,0.03976
0.58,2,1.10140,-2.50000,-0.00007,0.21739,-0.00096,0.07871,0.02921
0.6,0,3.27466,-2.50744,-0.00971,0.49559,0.03344,0.00000,
0.6,1,2.18941,-2.50037,-0.00434,0.46971,0.00496,0.08527,0.04966
0.6,2,1.10636,-2.50000,-0.00008,0.26601,-0.00045,0.08305,0.03851
0.62,0,3.28461,-2.50754,-0.00905,0.49883,0.03226,0.00000,
0.62,1,2.19734,-2.50042,-0.00494,0.28851,-0.10068,0.08730,0.00995
0.62,2,1.11235,-2.50000,-0.00009,0.35024,-0.00094,0.08499,0.00323
0.64,0,3.29460,-2.50763,-0.00842,0.50000,0.03127,0.00000,
0.64,1,2.20093,-2.50047,-0.00708,0.13653,-0.10938,0.09369,0.01994
0.64,2,1.12057,-2.50000,-0.00013,0.41414,-0.00201,0.08037,0.00683
0.66,0,3.30460,-2.50771,-0.00780,0.49938,0.03027,0.00000,
0.66,1,2.20330,-2.50053,-0.00956,0.07216,-0.21846,0.10133,0.02994
0.66,2,1.12874,-2.50000,-0.00017,0.38048,-0.00191,0.07456,0.00919
0.68,0,3.31458,-2.50779,-0.00721,0.49886,0.02926,0.00000,
0.68,1,2.20552,-2.50082,-0.02264,0.19727,-0.73996,0.10908,0.03992
0.68,2,1.13665,-2.50000,-0.00018,0.43654,-0.00054,0.06887,0.01142
0.7,0,3.32456,-2.50786,-0.00664,0.49891,0.02830,0.00000,
0.7,1,2.21015,-2.50102,-0.02750,0.25113,0.15840,0.11442,0.04989
0.7,2,1.14387,-2.50000,-0.00019,0.36470,-0.00044,0.06629,0.01606
0.72,0,3.33454,-2.50793,-0.00608,0.49907,0.02737,0.00000,
0.72,1,2.21553,-2.50125,-0.02890,0.29753,-0.40429,0.11902,0.05987
0.72,2,1.15126,-2.50000,-0.00020,0.36674,-0.00038,0.06427,0.02144
0.74,0,3.34452,-2.50799,-0.00554,0.49910,0.02648,0.00000,
0.74,1,2.22203,-2.50201,-0.04288,0.32574,-0.75783,0.12250,0.06986
0.74,2,1.15814,-2.50000,-0.00021,0.35403,-0.00035,0.06389,0.02797
0.76,0,3.35420,-2.50804,-0.00503,0.46324,0.02472,0.00000,
0.76,1,2.22944,-2.50252,-0.04702,0.36210,0.40482,0.12477,0.02965
0.76,2,1.16568,-2.50000,-0.00024,0.47188,-0.00666,0.06377,0.01680
0.78,0,3.36359,-2.50809,-0.00453,0.47434,0.02541,0.00000,
0.78,1,2.23615,-2.50269,-0.03732,0.30834,0.56553,0.12745,0.03904
0.78,2,1.17539,-2.50003,0.00369,0.45802,0.27480,0.06077,0.02350
0.8,0,3.37313,-2.50814,-0.00403,0.47786,0.02387,0.00000,
0.8,1,2.24334,-2.50292,-0.02937,0.40109,0.07601,0.12980,0.04858
0.8,2,1.18325,-2.50019,0.00970,0.36678,0.19354,0.06010,0.03069
0.82,0,3.38248,-2.50817,-0.00356,0.45696,0.02382,0.00000,
0.82,1,2.25148,-2.50323,-0.03092,0.42899,-0.08071,0.13101,0.05792
0.82,2,1.18823,-2.50019,0.01079,0.16030,0.00172,0.06326,0.03883
0.84,0,3.39226,-2.50821,-0.00311,0.50916,0.02192,0.00000,
0.84,1,2.26109,-2.50350,-0.02693,0.54152,0.30555,0.13118,0.01913
0.84,2,1.19153,-2.50007,0.01244,0.18145,0.11658,0.06957,0.01363
0.86,0,3.40255,-2.50824,-0.00268,0.51310,0.02155,0.00000,
0.86,1,2.27342,-2.50380,-0.02318,0.62448,0.10499,0.12914,0.02942
0.86,2,1.19837,-2.50003,0.00973,0.31587,-0.24090,0.07506,0.02597
0.88,0,3.41266,-2.50827,-0.00225,0.49889,0.02113,0.00000,
0.88,1,2.28520,-2.50397,-0.02330,0.55624,-0.04574,0.12747,0.03952
0.88,2,1.20391,-2.49996,0.00556,0.27984,-0.08573,0.08129,0.03774
0.9,0,3.42256,-2.50829,-0.00183,0.49378,0.02038,0.00000,
0.9,1,2.29553,-2.50422,-0.02358,0.43141,-0.00192,0.12704,0.04942
0.9,2,1.21042,-2.49977,0.00739,0.36733,0.12977,0.08512,0.04808
0.92,0,3.43246,-2.50831,-0.00143,0.49652,0.01966,0.00000,
0.92,1,2.30319,-2.50448,-0.02416,0.38813,-0.04441,0.12927,0.05933
0.92,2,1.21832,-2.49974,0.00856,0.40349,-0.00263,0.08489,0.05575
0.94,0,3.44242,-2.50832,-0.00105,0.49878,0.01906,0.00000,
0.94,1,2.31154,-2.50470,-0.02381,0.43730,0.07579,0.13088,0.01986
0.94,2,1.22613,-2.49972,0.00778,0.37671,-0.04969,0.08542,0.06410
0.96,0,3.45240,-2.50833,-0.00067,0.49860,0.01847,0.00000,
0.96,1,2.31765,-2.50490,-0.02316,0.29038,-0.00157,0.13475,0.02984
0.96,2,1.23292,-2.49969,0.00700,0.36129,-0.03354,0.08474,0.01832
0.98,0,3.46236,-2.50834,-0.00031,0.49789,0.01788,0.00000,
0.98,1,2.32430,-2.50514,-0.02394,0.39699,-0.03446,0.13806,0.03980
0.98,2,1.24278,-2.49966,0.00694,0.48901,0.04969,0.08153,0.02498
1.0,0,3.47231,-2.50834,0.00004,0.49775,0.01730,0.00000,
1.0,1,2.33328,-2.50538,-0.02359,0.50160,0.05024,0.13903,0.04976
1.0,2,1.25124,-2.49963,0.00780,0.42739,0.01443,0.08206,0.03396
1.02,0,3.48227,-2.50834,0.00038,0.49792,0.01676,0.00000,
1.02,1,2.34394,-2.50564,-0.02243,0.54822,0.05409,0.13833,0.05971
1.02,2,1.25991,-2.49956,0.00736,0.39538,-0.04011,0.08405,0.04463
1.04,0,3.49223,-2.50834,0.00071,0.49801,0.01623,0.00000,
1.04,1,2.35649,-2.50590,-0.02140,0.72150,0.05453,0.13574,0.01992
1.04,2,1.26819,-2.49948,0.00660,0.43721,-0.03819,0.08832,0.01797
1.06,0,3.50219,-2.50833,0.00103,0.49798,0.01572,0.00000,
1.06,1,2.37031,-2.50615,-0.02019,0.66737,0.06493,0.13188,0.02988
1.06,2,1.27661,-2.49941,0.00585,0.38542,-0.03400,0.09372,0.03180
1.08,0,3.51215,-2.50832,0.00134,0.49795,0.01522,0.00000,
1.08,1,2.38318,-2.50634,-0.01965,0.60655,0.00619,0.12897,0.03984
1.08,2,1.28578,-2.49935,0.00532,0.54089,-0.02153,0.09742,0.04467
1.1,0,3.52211,-2.50831,0.00164,0.49795,0.01474,0.00000,
1.1,1,2.39291,-2.50655,-0.01960,0.41797,0.00755,0.12920,0.04979
1.1,2,1.29724,-2.49929,0.00493,0.57036,-0.02002,0.09569,0.05440
1.12,0,3.53207,-2.50829,0.00193,0.49796,0.01428,0.00000,
1.12,1,2.40164,-2.50678,-0.01992,0.45105,-0.04145,0.13043,0.05975
1.12,2,1.30792,-2.49923,0.00449,0.50400,-0.02323,0.09375,0.06313
1.14,0,3.54195,-2.50827,0.00221,0.45995,0.01483,0.00000,
1.14,1,2.41089,-2.50697,-0.02004,0.46641,0.02857,0.13107,0.06964
1.14,2,1.31605,-2.49919,0.00409,0.40842,-0.01974,0.09486,0.07238
1.16,0,3.55126,-2.50825,0.00249,0.47046,0.01353,0.00000,
1.16,1,2.42182,-2.50714,-0.01813,0.65808,0.24875,0.12943,0.02915
1.16,2,1.32397,-2.49916,0.00359,0.34585,-0.03340,0.09789,0.02463
1.18,0,3.56075,-2.50823,0.00275,0.47680,0.01261,0.00000,
1.18,1,2.43449,-2.50732,-0.01306,0.63287,0.25739,0.12626,0.03864
1.18,2,1.33073,-2.49913,0.00297,0.35588,-0.02551,0.10379,0.03730
1.2,0,3.57018,-2.50820,0.00300,0.44277,0.01176,0.00000,
1.2,1,2.44628,-2.50771,-0.00810,0.57831,0.15079,0.12389,0.04807
1.2,2,1.33846,-2.49911,0.00257,0.38262,-0.01865,0.10786,0.04910
1.22,0,3.57973,-2.50817,0.00324,0.50197,0.01233,0.00000,
1.22,1,2.45581,-2.50788,-0.00708,0.43225,0.04495,0.12391,0.00955
1.22,2,1.34687,-2.49909,0.00220,0.45194,-0.01859,0.10898,0.05863
1.24,0,3.58998,-2.50814,0.00348,0.51447,0.01197,0.00000,
1.24,1,2.46465,-2.50782,-0.00505,0.45075,0.10139,0.12533,0.01981
1.24,2,1.35593,-2.49907,0.00181,0.44315,-0.01961,0.10876,0.06747
1.26,0,3.60013,-2.50810,0.00372,0.50060,0.01141,0.00000,
1.26,1,2.47379,-2.50788,-0.00413,0.45769,0.00551,0.12634,0.02995
1.26,2,1.36454,-2.49905,0.00139,0.37652,-0.03013,0.10928,0.02226
1.28,0,3.61004,-2.50807,0.00394,0.49307,0.01105,0.00000,
1.28,1,2.48263,-2.50795,-0.00430,0.44907,-0.00932,0.12741,0.03986
1.28,2,1.37050,-2.49903,0.00068,0.29403,-0.03550,0.11216,0.03109
1.3,0,3.61991,-2.50803,0.00416,0.49504,0.01075,0.00000,
1.3,1,2.49196,-2.50801,-0.00428,0.47272,0.00905,0.12796,0.04974
1.3,2,1.37402,-2.49903,-0.00082,0.14912,0.08149,0.11797,0.04043
1.32,0,3.62985,-2.50799,0.00437,0.49779,0.01044,0.00000,
1.32,1,2.50126,-2.50805,-0.00403,0.45560,0.01244,0.12859,0.05967
1.32,2,1.37880,-2.49903,0.00337,0.27847,0.17664,0.12249,0.04972
1.34,0,3.63981,-2.50794,0.00458,0.49797,0.01012,0.00000,
1.34,1,2.51052,-2.50809,-0.00379,0.44880,0.01682,0.12929,0.01990
1.34,2,1.38389,-2.49903,0.00354,0.23903,-0.02501,0.12667,0.05899
1.36,0,3.64976,-2.50790,0.00477,0.49722,0.00981,0.00000,
1.36,1,2.51867,-2.50812,-0.00346,0.41557,0.01275,0.13109,0.02985
1.36,2,1.38897,-2.49894,0.00437,0.26275,-0.22259,0.12974,0.02202
1.38,0,3.65970,-2.50785,0.00497,0.49696,0.00952,0.00000,
1.38,1,2.52798,-2.50814,-0.00331,0.50290,0.00498,0.13172,0.03979
1.38,2,1.39572,-2.49924,-0.00480,0.41428,-0.39454,0.13229,0.03133
1.4,0,3.66964,-2.50780,0.00515,0.49711,0.00923,0.00000,
1.4,1,2.53835,-2.50818,-0.00320,0.51888,0.00578,0.13129,0.04973
1.4,2,1.40484,-2.49939,-0.00747,0.49568,0.02766,0.13355,0.04170
1.42,0,3.67958,-2.50775,0.00534,0.49723,0.00896,0.00000,
1.42,1,2.54840,-2.50821,-0.00307,0.48721,0.00733,0.13119,0.05967
1.42,2,1.41551,-2.49953,-0.00612,0.49720,0.00885,0.13291,0.00494
1.44,0,3.68953,-2.50770,0.00551,0.49721,0.00869,0.00000,
1.44,1,2.55790,-2.50824,-0.00292,0.46886,0.00698,0.13163,0.01989
1.44,2,1.42405,-2.49966,-0.00130,0.42354,0.28613,0.13388,0.01444
1.46,0,3.69947,-2.50764,0.00568,0.49718,0.00844,0.00000,
1.46,1,2.57066,-2.50827,-0.00271,0.64588,0.01231,0.12882,0.02983
1.46,2,1.43294,-2.49945,0.00493,0.47550,0.22547,0.13775,0.02720
1.48,0,3.70942,-2.50759,0.00585,0.49717,0.00819,0.00000,
1.48,1,2.58332,-2.50829,-0.00245,0.59760,0.01298,0.12609,0.03978
1.48,2,1.44326,-2.49938,0.00572,0.53853,-0.07317,0.14010,0.03987
1.5,0,3.71936,-2.50753,0.00601,0.49718,0.00795,0.00000,
1.5,1,2.59505,-2.50832,-0.00228,0.56948,0.00539,0.12431,0.04972
1.5,2,1.45400,-2.49935,0.00386,0.52731,-0.07759,0.14109,0.05159
1.52,0,3.72930,-2.50747,0.00617,0.49718,0.00772,0.00000,
1.52,1,2.60368,-2.50835,-0.00226,0.42108,-0.01747,0.12562,0.05966
1.52,2,1.46420,-2.49933,0.00308,0.49850,-0.01419,0.13951,0.06022
1.54,0,3.73925,-2.50741,0.00632,0.49718,0.00749,0.00000,
1.54,1,2.61228,-2.50835,-0.00200,0.44077,0.02633,0.12697,0.06961
1.54,2,1.47397,-2.49931,0.00291,0.45407,-0.01032,0.13834,0.01275
1.56,0,3.74919,-2.50734,0.00647,0.49718,0.00728,0.00000,
1.56,1,2.62347,-2.50838,-0.00218,0.60207,-0.12184,0.12572,0.02983
1.56,2,1.48082,-2.49929,0.00260,0.25825,-0.01843,0.14269,0.02394
1.58,0,3.75913,-2.50728,0.00661,0.49718,0.00707,0.00000,
1.58,1,2.63514,-2.50842,-0.00459,0.58371,-0.12248,0.12399,0.03977
1.58,2,1.48603,-2.49926,0.00245,0.27158,0.01714,0.14915,0.03562
1.6,0,3.76908,-2.50721,0.00675,0.49718,0.00687,0.00000,
1.6,1,2.64673,-2.50819,-0.00743,0.56895,-0.15359,0.12234,0.04972
1.6,2,1.49251,-2.49923,0.00298,0.37247,0.00910,0.15426,0.04720
1.62,0,3.77902,-2.50715,0.00688,0.49718,0.00667,0.00000,
1.62,1,2.65687,-2.50815,-0.00891,0.41427,-0.02855,0.12215,0.00994
1.62,2,1.49993,-2.49922,0.00271,0.42839,-0.02174,0.15697,0.05734
1.64,0,3.78841,-2.50708,0.00704,0.46629,0.00709,0.00000,
1.64,1,2.66904,-2.50819,-0.01298,0.59672,-0.34792,0.11937,0.01933
1.64,2,1.51016,-2.49919,0.00376,0.64002,0.01092,0.15891,0.01677
1.66,0,3.79784,-2.50701,0.00716,0.47525,0.00552,0.00000,
1.66,1,2.68016,-2.50821,-0.01979,0.55489,-0.32939,0.11769,0.02877
1.66,2,1.52148,-2.49913,0.00399,0.54579,0.02751,0.15871,0.02789
1.68,0,3.80736,-2.50694,0.00727,0.47544,0.00580,0.00000,
1.68,1,2.69119,-2.50788,-0.02481,0.53363,-0.16400,0.11617,0.03829
1.68,2,1.53285,-2.49902,0.00464,0.58992,0.01120,0.15838,0.03893
1.7,0,3.81671,-2.50687,0.00738,0.49267,0.00619,0.00000,
1.7,1,2.70139,-2.50801,-0.02521,0.43431,0.04804,0.11531,0.04763
1.7,2,1.54399,-2.49898,0.00428,0.52877,-0.03372,0.15743,0.04913
1.72,0,3.82689,-2.50680,0.00751,0.51494,0.00635,0.00000,
1.72,1,2.71036,-2.50836,-0.02355,0.45889,0.08927,0.11654,0.05782
1.72,2,1.55475,-2.49894,0.00355,0.54143,-0.03395,0.15564,0.05809
1.74,0,3.83708,-2.50672,0.00762,0.50284,0.00556,0.00000,
1.74,1,2.71959,-2.50870,-0.02199,0.46033,0.06364,0.11749,0.06800
1.74,2,1.56544,-2.49891,0.00301,0.50954,-0.02289,0.15419,0.06733
1.76,0,3.84701,-2.50665,0.00773,0.49294,0.00532,0.00000,
1.76,1,2.73051,-2.50898,-0.02073,0.61321,0.07242,0.11650,0.03030
1.76,2,1.57516,-2.49888,0.00259,0.43757,-0.01718,0.15539,0.02471
1.78,0,3.85686,-2.50657,0.00784,0.49374,0.00531,0.00000,
1.78,1,2.74227,-2.50924,-0.01918,0.56807,0.08004,0.11460,0.04016
1.78,2,1.58240,-2.49885,0.00239,0.30221,0.04231,0.15991,0.03647
1.8,0,3.86677,-2.50649,0.00794,0.49685,0.00519,0.00000,
1.8,1,2.75343,-2.50935,-0.01831,0.54165,0.01552,0.11334,0.05007
1.8,2,1.58852,-2.49889,0.00278,0.31995,-0.05098,0.16496,0.04764
1.82,0,3.87672,-2.50641,0.00805,0.49748,0.00503,0.00000,
1.82,1,2.76293,-2.50952,-0.01813,0.40327,0.00498,0.11380,0.06002
1.82,2,1.59599,-2.49890,0.00105,0.38725,-0.07975,0.16699,0.05713
1.84,0,3.88666,-2.50633,0.00814,0.49675,0.00489,0.00000,
1.84,1,2.77331,-2.50971,-0.01888,0.62999,-0.17746,0.11336,0.01989
1.84,2,1.60502,-2.49888,0.00021,0.57666,-0.01491,0.16834,0.01460
1.86,0,3.89659,-2.50625,0.00824,0.49636,0.00477,0.00000,
1.86,1,2.78472,-2.50989,-0.02090,0.52816,0.06758,0.11188,0.02982
1.86,2,1.61555,-2.49886,0.00022,0.52386,-0.00848,0.16922,0.02602
1.88,0,3.90652,-2.50617,0.00833,0.49647,0.00465,0.00000,
1.88,1,2.79554,-2.50978,-0.01713,0.54400,0.18887,0.11098,0.03975
1.88,2,1.62638,-2.49886,-0.00030,0.57271,-0.03110,0.16921,0.03684
1.9,0,3.91645,-2.50609,0.00843,0.49661,0.00453,0.00000,
1.9,1,2.80513,-2.50992,-0.01520,0.42382,0.03708,0.11133,0.04968
1.9,2,1.63811,-2.49886,-0.00082,0.58647,-0.02088,0.16707,0.04642
1.92,0,3.92638,-2.50601,0.00852,0.49662,0.00441,0.00000,
1.92,1,2.81620,-2.51014,-0.02136,0.60779,-0.60627,0.11019,0.00993
1.92,2,1.64954,-2.49886,-0.00116,0.55778,-0.01582,0.16672,0.05749
1.94,0,3.93631,-2.50592,0.00860,0.49658,0.00430,0.00000,
1.94,1,2.82689,-2.51030,-0.03005,0.52305,-0.20222,0.10943,0.01986
1.94,2,1.66046,-2.49888,-0.00149,0.53952,-0.01698,0.16649,0.01678
1.96,0,3.94624,-2.50584,0.00869,0.49656,0.00420,0.00000,
1.96,1,2.83738,-2.51053,-0.03286,0.52668,-0.02791,0.10888,0.02980
1.96,2,1.67240,-2.49889,-0.00197,0.58374,-0.02712,0.16504,0.02727
1.98,0,3.95618,-2.50575,0.00877,0.49657,0.00409,0.00000,
1.98,1,2.84661,-2.51092,-0.03159,0.42870,0.10356,0.10958,0.03973
1.98,2,1.68423,-2.49892,-0.00241,0.60032,-0.01698,0.16245,0.03650
2.0,0,3.96611,-2.50566,0.00885,0.49658,0.00399,0.00000,
2.0,1,2.85557,-2.51131,-0.02943,0.45986,0.09983,0.11055,0.04966
2.0,2,1.69635,-2.49894,-0.00269,0.60672,-0.01307,0.15928,0.04547
2.02,0,3.97604,-2.50557,0.00893,0.49658,0.00390,0.00000,
2.02,1,2.86451,-2.51162,-0.02771,0.42435,0.08004,0.11154,0.05959
2.02,2,1.70808,-2.49898,-0.00298,0.52698,-0.01825,0.15650,0.00433
2.04,0,3.98597,-2.50549,0.00901,0.49658,0.00381,0.00000,
2.04,1,2.87419,-2.51190,-0.02640,0.61358,0.06574,0.11179,0.01986
2.04,2,1.71495,-2.49901,-0.00284,0.23052,0.03488,0.15932,0.01402
2.06,0,3.99590,-2.50540,0.00908,0.49658,0.00372,0.00000,
2.06,1,2.88784,-2.51217,-0.02320,0.67158,0.19764,0.10808,0.02979
2.06,2,1.71751,-2.49905,-0.00219,0.07296,0.03139,0.17040,0.02767
2.08,0,4.00583,-2.50531,0.00916,0.49658,0.00364,0.00000,
2.08,1,2.90060,-2.51251,-0.01965,0.60869,0.12402,0.10525,0.03973
2.08,2,1.71863,-2.49908,-0.00149,0.02575,0.08215,0.18205,0.04043
2.1,0,4.01576,-2.50521,0.00923,0.49658,0.00356,0.00000,
2.1,1,2.91117,-2.51286,-0.01857,0.38787,0.02422,0.10462,0.04966
2.1,2,1.72084,-2.49896,0.00565,0.21695,0.35078,0.19041,0.05101
2.12,0,4.02569,-2.50512,0.00930,0.49658,0.00348,0.00000,
2.12,1,2.91909,-2.51300,-0.01675,0.40356,0.11324,0.10663,0.05959
2.12,2,1.72596,-2.49889,0.00952,0.25627,0.15198,0.19322,0.05893
2.14,0,4.03562,-2.50503,0.00937,0.49658,0.00340,0.00000,
2.14,1,2.92744,-2.51315,-0.01545,0.42785,0.03385,0.10821,0.06952
2.14,2,1.73108,-2.49883,0.01257,0.25627,0.15109,0.19645,0.06728
2.16,0,4.04556,-2.50494,0.00943,0.49658,0.00333,0.00000,
2.16,1,2.93706,-2.51330,-0.01478,0.61637,0.03702,0.10853,0.02979
2.16,2,1.73640,-2.49844,0.01788,0.27976,0.42463,0.20074,0.02197
2.18,0,4.05549,-2.50484,0.00950,0.49658,0.00326,0.00000,
2.18,1,2.94933,-2.51346,-0.01404,0.58893,0.04026,0.10619,0.03973
2.18,2,1.74395,-2.49812,0.02309,0.46967,0.06858,0.20548,0.03424
2.2,0,4.06542,-2.50475,0.00956,0.49658,0.00320,0.00000,
2.2,1,2.96025,-2.51353,-0.01326,0.53910,0.02996,0.10520,0.04966
2.2,2,1.75463,-2.49792,0.02130,0.51896,-0.16099,0.20572,0.04517
2.22,0,4.07535,-2.50465,0.00963,0.49658,0.00313,0.00000,
2.22,1,2.96945,-2.51365,-0.01279,0.38269,0.01982,0.10593,0.05959
2.22,2,1.76518,-2.49775,0.01884,0.52288,-0.08365,0.20438,0.05437
2.24,0,4.08485,-2.50456,0.00972,0.46339,0.00457,0.00000,
2.24,1,2.97758,-2.51380,-0.01209,0.42593,0.04378,0.10731,0.06909
2.24,2,1.77696,-2.49757,0.01632,0.57087,-0.15839,0.20073,0.01211
2.26,0,4.09424,-2.50447,0.00978,0.47365,0.00194,0.00000,
2.26,1,2.98785,-2.51394,-0.01102,0.55096,0.06375,0.10643,0.02883
2.26,2,1.78853,-2.49738,0.01405,0.60000,-0.06841,0.19944,0.02238
2.28,0,4.10375,-2.50437,0.00982,0.47534,0.00241,0.00000,
2.28,1,2.99887,-2.51408,-0.00975,0.55096,0.06360,0.10492,0.03833
2.28,2,1.80066,-2.49721,0.01320,0.60415,-0.03567,0.19833,0.03339
2.3,0,4.11305,-2.50428,0.00985,0.48717,0.00299,0.00000,
2.3,1,3.00929,-2.51416,-0.00853,0.52639,0.04764,0.10381,0.04763
2.3,2,1.81247,-2.49705,0.01229,0.57906,-0.05451,0.19693,0.04381
2.32,0,4.12318,-2.50418,0.00992,0.51452,0.00371,0.00000,
2.32,1,3.02021,-2.51424,-0.00846,0.61822,-0.11021,0.10302,0.01013
2.32,2,1.82344,-2.49691,0.01114,0.48252,-0.05391,0.19689,0.05473
2.34,0,4.13338,-2.50408,0.00999,0.50385,0.00276,0.00000,
2.34,1,3.03239,-2.51432,-0.01069,0.56050,-0.09701,0.10104,0.02034
2.34,2,1.83336,-2.49679,0.01002,0.50906,-0.05609,0.19916,0.06691
2.36,0,4.14332,-2.50398,0.01004,0.49286,0.00252,0.00000,
2.36,1,3.04294,-2.51420,-0.00848,0.53694,0.21662,0.10043,0.03027
2.36,2,1.84369,-2.49669,0.00894,0.51762,-0.05144,0.19938,0.02864
2.38,0,4.15316,-2.50388,0.01009,0.49293,0.00267,0.00000,
2.38,1,3.05236,-2.51420,-0.00548,0.39761,0.07598,0.10085,0.04012
2.38,2,1.85671,-2.49659,0.00781,0.66009,-0.05833,0.19578,0.03807
2.4,0,4.16306,-2.50378,0.01014,0.49616,0.00268,0.00000,
2.4,1,3.06065,-2.51434,-0.00587,0.42671,-0.06421,0.10246,0.05001
2.4,2,1.86945,-2.49650,0.00661,0.60917,-0.06048,0.19134,0.04635
2.42,0,4.17300,-2.50368,0.01020,0.49704,0.00261,0.00000,
2.42,1,3.07145,-2.51444,-0.00637,0.57568,0.00041,0.10160,0.00994
2.42,2,1.88190,-2.49645,0.00569,0.71169,-0.04696,0.18968,0.00603
2.44,0,4.18293,-2.50358,0.01025,0.49633,0.00257,0.00000,
2.44,1,3.08297,-2.51453,-0.00637,0.57568,0.00044,0.10002,0.01987
2.44,2,1.89768,-2.49635,0.00436,0.79541,-0.06723,0.18542,0.01755
2.46,0,4.19285,-2.50348,0.01030,0.49588,0.00255,0.00000,
2.46,1,3.09364,-2.51461,-0.00625,0.52509,0.01402,0.09926,0.02979
2.46,2,1.91231,-2.49626,0.00322,0.67534,-0.04797,0.18148,0.02823
2.48,0,4.20230,-2.50339,0.01090,0.34968,0.27794,0.00000,
2.48,1,3.10300,-2.51468,-0.00577,0.40188,0.03002,0.09935,0.03924
2.48,2,1.92503,-2.49621,0.00242,0.61997,-0.03643,0.17811,0.03758
2.5,0,4.20657,-2.50371,0.02423,0.14903,0.60275,0.00000,
2.5,1,3.11158,-2.51474,-0.00503,0.44739,0.03883,0.09504,0.04351
2.5,2,1.93599,-2.49618,0.00169,0.56756,-0.03824,0.17574,0.04616
2.52,0,4.20840,-2.50436,0.03457,0.06256,0.47889,0.00000,
2.52,1,3.12051,-2.51480,-0.00430,0.41558,0.03486,0.08794,0.04535
2.52,2,1.94702,-2.49616,0.00092,0.41544,-0.03596,0.17364,0.00441
2.54,0,4.20957,-2.50509,0.04410,0.03858,0.49513,0.00000,
2.54,1,3.12672,-2.51484,-0.00037,0.24704,-0.03838,0.08289,0.00330
2.54,2,1.95418,-2.49614,0.00022,0.29684,-0.03339,0.17269,0.01062
2.56,0,4.21060,-2.50519,0.05658,0.02265,1.29726,0.00000,
2.56,1,3.13085,-2.51487,-0.00093,0.13785,-0.01735,0.07979,0.00430
2.56,2,1.96059,-2.49615,-0.00007,0.35287,-0.06313,0.17041,0.01475
2.58,0,4.21108,-2.50432,0.09079,0.03980,1.83203,0.00000,
2.58,1,3.13307,-2.51487,-0.00119,0.10425,-0.00959,0.07806,0.00455
2.58,2,1.96789,-2.49617,-0.00153,0.36015,0.03162,0.16533,0.01696
2.6,0,4.21190,-2.50322,0.12776,0.06841,1.86962,0.00000,
2.6,1,3.13468,-2.51478,0.01851,0.00411,0.92437,0.07728,0.00535
2.6,2,1.97538,-2.49627,-0.00264,0.40848,-0.16546,0.15945,0.01858
2.62,0,4.21448,-2.50252,0.16348,0.18597,1.80264,0.00000,
2.62,1,3.13558,-2.51495,0.02625,0.08147,-0.04420,0.07898,0.00800
2.62,2,1.98488,-2.49632,-0.00537,0.51922,-0.07866,0.15085,0.01947
2.64,0,4.21905,-2.50165,0.20143,0.26477,1.96085,0.00000,
2.64,1,3.13413,-2.51513,0.02212,-0.13195,-0.21508,0.08500,0.00732
2.64,2,1.99526,-2.49636,-0.00580,0.51315,0.00413,0.13903,0.01803
2.66,0,4.22460,-2.50049,0.24103,0.27927,1.95652,0.00000,
2.66,1,3.13254,-2.51516,0.02023,-0.02735,0.01997,0.09216,0.01299
2.66,2,2.00125,-2.49641,-0.00457,0.18878,0.10771,0.13144,0.00243
2.68,0,4.23043,-2.49905,0.27993,0.31177,1.93057,0.00000,
2.68,1,3.13338,-2.51515,0.02127,0.09524,0.03138,0.09717,0.01899
2.68,2,2.00299,-2.49655,-0.00293,0.03071,0.06225,0.13054,0.00160
2.7,0,4.23651,-2.49732,0.31826,0.31704,1.90924,0.00000,
2.7,1,3.13553,-2.51513,0.02101,0.08326,-0.04233,0.10112,0.02530
2.7,2,2.00283,-2.49673,-0.00182,-0.03458,0.05594,0.13285,0.00064
2.72,0,4.24256,-2.49535,0.35646,0.32007,1.91350,0.00000,
2.72,1,3.13738,-2.51510,0.02013,0.11715,-0.03577,0.10535,0.03165
2.72,2,2.00175,-2.49672,-0.00006,-0.05266,0.19092,0.13578,0.00244
2.74,0,4.24866,-2.49310,0.39486,0.32985,1.92391,0.00000,
2.74,1,3.14083,-2.51504,0.01973,0.27728,-0.01209,0.10805,0.01286
2.74,2,2.00170,-2.49658,0.00308,0.02102,0.06387,0.13928,0.00588
2.76,0,4.25489,-2.49054,0.43338,0.34222,1.92678,0.00000,
2.76,1,3.14658,-2.51496,0.01940,0.27468,-0.01711,0.10858,0.01959
2.76,2,2.00334,-2.49653,0.00273,0.16985,-0.05824,0.14338,0.01023
2.78,0,4.26114,-2.48766,0.47150,0.35692,1.91855,0.00000,
2.78,1,3.15194,-2.51491,0.01880,0.29812,-0.02566,0.10954,0.02646
2.78,2,2.00693,-2.49659,-0.00391,0.17846,-0.33578,0.14516,0.01560
2.8,0,4.26776,-2.48431,0.51011,0.37871,1.93370,0.00000,
2.8,1,3.15929,-2.51476,0.01866,0.40217,0.00250,0.10888,0.03385
2.8,2,2.01075,-2.49629,-0.00753,0.20466,-0.04374,0.14869,0.02295
2.82,0,4.27440,-2.48059,0.54818,0.39410,1.92611,0.00000,
2.82,1,3.16718,-2.51460,0.01869,0.37667,-0.00234,0.10774,0.04142
2.82,2,2.01457,-2.49593,-0.00680,0.14949,0.04951,0.15276,0.03084
2.84,0,4.28130,-2.47641,0.58686,0.40828,1.93420,0.00000,
2.84,1,3.17447,-2.51446,0.01865,0.37642,0.03135,0.10749,0.01568
2.84,2,2.01788,-2.49600,-0.00639,0.17309,-0.01002,0.15674,0.03813
2.86,0,4.28817,-2.47189,0.62544,0.41282,1.92481,0.00000,
2.86,1,3.17984,-2.51431,0.01794,0.22716,-0.12249,0.10914,0.02389
2.86,2,2.02244,-2.49610,-0.00710,0.43818,-0.08870,0.15754,0.01653
2.88,0,4.29486,-2.46705,0.66317,0.42650,1.91974,0.00000,
2.88,1,3.18358,-2.51417,0.01273,0.21415,-0.39944,0.11228,0.03213
2.88,2,2.03142,-2.49621,-0.01510,0.42654,-0.39609,0.15230,0.02027
2.9,0,4.30177,-2.46169,0.70188,0.44331,1.93977,0.00000,
2.9,1,3.18907,-2.51405,0.00837,0.27796,-0.05389,0.11393,0.04085
2.9,2,2.03941,-2.49627,-0.02210,0.39175,-0.20201,0.14980,0.02576
2.92,0,4.30862,-2.45595,0.74056,0.44843,1.92782,0.00000,
2.92,1,3.19435,-2.51394,0.00515,0.25594,-0.20774,0.11577,0.04974
2.92,2,2.04746,-2.49582,-0.01916,0.40104,0.42351,0.14703,0.03104
2.94,0,4.31529,-2.44990,0.77902,0.45190,1.92120,0.00000,
2.94,1,3.20019,-2.51387,0.00291,0.34102,0.00001,0.11694,0.05868
2.94,2,2.05631,-2.49556,-0.01093,0.47516,0.24316,0.14403,0.03688
2.96,0,4.32180,-2.44354,0.81746,0.45740,1.92257,0.00000,
2.96,1,3.20808,-2.51387,0.00651,0.36776,0.40927,0.11593,0.02703
2.96,2,2.06445,-2.49572,-0.01025,0.41657,-0.07440,0.14378,0.01629
2.98,0,4.32807,-2.43682,0.85491,0.47259,1.92039,0.00000,
2.98,1,3.21524,-2.51382,0.01355,0.37912,0.21395,0.11549,0.03619
2.98,2,2.07311,-2.49593,-0.02860,0.49231,-0.85313,0.14227,0.02344
3.0,0,4.33442,-2.42956,0.89253,0.48710,1.71105,0.00000,
3.0,1,3.22369,-2.51369,0.01487,0.45089,-0.00444,0.11391,0.04580
3.0,2,2.08178,-2.49613,-0.05342,0.38880,-1.26551,0.14205,0.03190
3.02,0,4.34053,-2.42205,0.91969,0.47816,1.13750,0.00000,
3.02,1,3.23283,-2.51354,0.01504,0.45198,0.03825,0.11148,0.05544
3.02,2,2.09014,-2.49665,-0.06258,0.48320,0.78800,0.14281,0.04104
3.04,0,4.34622,-2.41462,0.94152,0.46021,1.11538,0.00000,
3.04,1,3.24175,-2.51342,0.01589,0.50771,-0.18368,0.10887,0.01904
3.04,2,2.09805,-2.49713,-0.05364,0.33755,0.14554,0.14382,0.04996
3.06,0,4.35162,-2.40722,0.96495,0.45914,1.19716,0.00000,
3.06,1,3.25301,-2.51347,0.01172,0.56610,-0.16734,0.10373,0.02819
3.06,2,2.10518,-2.49752,-0.05099,0.35907,0.22259,0.14794,0.02474
3.08,0,4.35691,-2.39960,0.98837,0.46812,1.13486,0.00000,
3.08,1,3.26350,-2.51331,0.01032,0.53437,0.07009,0.09931,0.03747
3.08,2,2.11237,-2.49786,-0.04643,0.36373,0.26459,0.15124,0.03524
3.1,0,4.36211,-2.39174,1.01015,0.47224,1.05941,0.00000,
3.1,1,3.27350,-2.51320,0.01392,0.43561,0.22120,0.09537,0.04687
3.1,2,2.12006,-2.49787,-0.04014,0.38578,0.25699,0.15354,0.04523
3.12,0,4.36714,-2.38375,1.03095,0.47173,1.02675,0.00000,
3.12,1,3.28239,-2.51312,0.01726,0.45035,0.11438,0.09244,0.05630
3.12,2,2.12994,-2.49820,-0.03780,0.67401,0.04058,0.15255,0.00448
3.14,0,4.37200,-2.37567,1.05116,0.47189,0.99562,0.00000,
3.14,1,3.29142,-2.51297,0.01923,0.44965,0.10146,0.08927,0.01887
3.14,2,2.14380,-2.49859,-0.03733,0.68714,0.00930,0.14771,0.01351
3.16,0,4.37671,-2.36747,1.07064,0.47343,0.95656,0.00000,
3.16,1,3.30169,-2.51274,0.03082,0.49131,0.65661,0.08479,0.02833
3.16,2,2.15685,-2.49887,-0.03724,0.62913,-0.03396,0.14493,0.02378
3.18,0,4.38126,-2.35915,1.08936,0.47494,0.91940,0.00000,
3.18,1,3.31196,-2.51242,0.03855,0.51556,0.16707,0.08024,0.03781
3.18,2,2.16820,-2.49917,-0.03811,0.44171,-0.05236,0.14384,0.03405
3.2,0,4.38567,-2.35072,1.10737,0.47597,0.88581,0.00000,
3.2,1,3.32187,-2.51205,0.03986,0.47781,0.05173,0.07597,0.04731
3.2,2,2.17649,-2.49961,-0.03915,0.42205,-0.06975,0.14544,0.04397
3.22,0,4.38994,-2.34220,1.12473,0.47682,0.85287,0.00000,
3.22,1,3.33033,-2.51169,0.04221,0.36453,0.16350,0.07307,0.05682
3.22,2,2.18523,-2.50001,-0.03951,0.44797,0.03615,0.14517,0.05244
3.24,0,4.39406,-2.33359,1.14143,0.47768,0.82078,0.00000,
3.24,1,3.33914,-2.51125,0.04661,0.49228,0.06113,0.06977,0.01907
3.24,2,2.19292,-2.50036,-0.03929,0.32634,-0.11399,0.14628,0.01261
3.26,0,4.39804,-2.32489,1.15750,0.47854,0.78961,0.00000,
3.26,1,3.34813,-2.51081,0.04643,0.40430,0.03543,0.06625,0.02864
3.26,2,2.19973,-2.50087,-0.04371,0.37274,-0.31769,0.14845,0.02161
3.28,0,4.40189,-2.31612,1.17296,0.47932,0.75950,0.00000,
3.28,1,3.35735,-2.51034,0.05006,0.49492,0.26353,0.06245,0.03821
3.28,2,2.20849,-2.50132,-0.04668,0.46583,0.02141,0.14890,0.03084
3.3,0,4.40561,-2.30728,1.18783,0.48002,0.73057,0.00000,
3.3,1,3.36721,-2.50982,0.05546,0.44941,0.27529,0.05797,0.04780
3.3,2,2.21840,-2.50176,-0.04433,0.53734,0.13731,0.14884,0.04072
3.32,0,4.40921,-2.29837,1.20214,0.48067,0.70277,0.00000,
3.32,1,3.37684,-2.50917,0.06562,0.54269,0.57880,0.05367,0.00961
3.32,2,2.22921,-2.50223,-0.04221,0.52870,0.07842,0.14766,0.05037
3.34,0,4.41267,-2.28939,1.21590,0.48129,0.67629,0.00000,
3.34,1,3.38701,-2.50858,0.07407,0.44085,0.26107,0.04882,0.01923
3.34,2,2.24068,-2.50266,-0.04074,0.74300,0.09973,0.14635,0.01550
3.36,0,4.41602,-2.28036,1.22914,0.48190,0.65108,0.00000,
3.36,1,3.39607,-2.50789,0.07801,0.46344,0.18375,0.04502,0.02886
3.36,2,2.25505,-2.50308,-0.03818,0.70687,0.13282,0.14103,0.02459
3.38,0,4.41926,-2.27127,1.24190,0.48248,0.62683,0.00000,
3.38,1,3.40511,-2.50714,0.08250,0.39131,0.30488,0.04121,0.03850
3.38,2,2.26837,-2.50350,-0.03533,0.64554,0.12792,0.13675,0.03366
3.4,0,4.42237,-2.26214,1.25418,0.48299,0.60386,0.00000,
3.4,1,3.41255,-2.50644,0.08822,0.38450,0.24182,0.03896,0.04815
3.4,2,2.27967,-2.50392,-0.03400,0.42409,0.01156,0.13288,0.04112
3.42,0,4.42538,-2.25295,1.26601,0.48344,0.58168,0.00000,
3.42,1,3.42037,-2.50573,0.09248,0.39470,0.20251,0.03632,0.05781
3.42,2,2.28836,-2.50429,-0.03365,0.44607,-0.00572,0.13200,0.04897
3.44,0,4.42829,-2.24372,1.27741,0.48385,0.56021,0.00000,
3.44,1,3.42785,-2.50502,0.09639,0.37472,0.19930,0.03399,0.06748
3.44,2,2.29655,-2.50460,-0.03317,0.32098,0.07905,0.13130,0.01147
3.46,0,4.43109,-2.23446,1.28838,0.48424,0.53957,0.00000,
3.46,1,3.43678,-2.50410,0.10496,0.54919,0.82330,0.03022,0.02902
3.46,2,2.30258,-2.50479,-0.03129,0.28753,0.07875,0.13420,0.02045
3.48,0,4.43379,-2.22515,1.29895,0.48460,0.51972,0.00000,
3.48,1,3.44728,-2.50296,0.11881,0.52679,0.52518,0.02488,0.03871
3.48,2,2.30975,-2.50502,-0.02988,0.40863,0.06165,0.13753,0.03100
3.5,0,4.43639,-2.21581,1.30914,0.48494,0.50060,0.00000,
3.5,1,3.45721,-2.50183,0.12522,0.46816,0.18655,0.02010,0.04840
3.5,2,2.31797,-2.50527,-0.02868,0.37498,0.06944,0.13924,0.04100
3.52,0,4.43890,-2.20644,1.31895,0.48525,0.48220,0.00000,
3.52,1,3.46472,-2.50070,0.12975,0.29469,0.31199,0.01765,0.05810
3.52,2,2.32635,-2.50553,-0.02742,0.46520,0.05320,0.13838,0.04859
3.54,0,4.44132,-2.19704,1.32840,0.48553,0.46450,0.00000,
3.54,1,3.47080,-2.49961,0.13730,0.32485,0.37106,0.01659,0.06780
3.54,2,2.33588,-2.50580,-0.02642,0.47032,0.05010,0.13494,0.05475
3.56,0,4.44364,-2.18770,1.33785,0.48551,0.46269,0.00000,
3.56,1,3.47868,-2.49843,0.14901,0.42143,0.66433,0.01376,0.02903
3.56,2,2.34599,-2.50604,-0.02505,0.64350,0.11024,0.13271,0.01733
3.58,0,4.44595,-2.17801,1.34651,0.50460,0.41662,0.00000,
3.58,1,3.48688,-2.49706,0.15626,0.41821,0.31093,0.01074,0.03899
3.58,2,2.35963,-2.50636,-0.02235,0.64227,0.17732,0.12729,0.02565
3.6,0,4.44819,-2.16818,1.35475,0.50236,0.41033,0.00000,
3.6,1,3.49508,-2.49560,0.16162,0.41383,0.23457,0.00778,0.04907
3.6,2,2.36999,-2.50662,-0.01964,0.47317,0.07128,0.12514,0.03398
3.62,0,4.45033,-2.15843,1.36288,0.49642,0.40191,0.00000,
3.62,1,3.50280,-2.49426,0.16691,0.32325,0.38473,0.00528,0.05905
3.62,2,2.37807,-2.50679,-0.01921,0.29666,-0.00722,0.12479,0.04181
3.64,0,4.45237,-2.14873,1.37074,0.49568,0.38537,0.00000,
3.64,1,3.50943,-2.49304,0.17285,0.34910,0.23809,0.00384,0.01989
3.64,2,2.38361,-2.50697,-0.01944,0.27785,-0.01934,0.12590,0.04855
3.66,0,4.45435,-2.13900,1.37827,0.49739,0.36954,0.00000,
3.66,1,3.51900,-2.49130,0.18409,0.45919,0.36060,0.00050,0.02982
3.66,2,2.39050,-2.50716,-0.01940,0.50732,0.07443,0.12861,0.02019
3.68,0,4.45625,-2.12922,1.38551,0.49824,0.35601,0.00000,
3.68,1,3.52724,-2.48947,0.18936,0.42035,0.26611,0.00359,0.03978
3.68,2,2.40083,-2.50732,-0.01685,0.49739,0.13756,0.12656,0.02863
3.7,0,4.45809,-2.11943,1.39249,0.49814,0.34296,0.00000,
3.7,1,3.53519,-2.48770,0.19555,0.33997,0.44826,0.00634,0.04974
3.7,2,2.41077,-2.50749,-0.01411,0.49739,0.13792,0.12459,0.03677
3.72,0,4.45985,-2.10963,1.39920,0.49802,0.33002,0.00000,
3.72,1,3.54180,-2.48617,0.20276,0.35619,0.26282,0.00773,0.05970
3.72,2,2.42029,-2.50784,-0.01096,0.40330,0.20249,0.12172,0.00349
3.74,0,4.46151,-2.10047,1.40520,0.47018,0.32176,0.00000,
3.74,1,3.55029,-2.48431,0.21748,0.43616,0.85504,0.01124,0.01927
3.74,2,2.42538,-2.50804,-0.00745,0.18391,0.14455,0.12516,0.01218
3.76,0,4.46309,-2.09111,1.41171,0.47721,0.31878,0.00000,
3.76,1,3.55817,-2.48231,0.22884,0.40521,0.45779,0.01413,0.02876
3.76,2,2.43062,-2.50808,-0.00536,0.30035,0.09278,0.12784,0.02031
3.78,0,4.46461,-2.08168,1.41775,0.47639,0.29015,0.00000,
3.78,1,3.56612,-2.48039,0.23555,0.41121,0.26404,0.01701,0.03831
3.78,2,2.43623,-2.50806,-0.00027,0.27953,0.30508,0.13023,0.02849
3.8,0,4.46605,-2.07250,1.42386,0.47617,0.29223,0.00000,
3.8,1,3.57297,-2.47855,0.24282,0.31832,0.38833,0.01895,0.04760
3.8,2,2.44249,-2.50826,0.00044,0.34833,-0.11286,0.13087,0.03558
3.82,0,4.46752,-2.06259,1.42919,0.51319,0.25591,0.00000,
3.82,1,3.57944,-2.47685,0.24845,0.34401,0.23263,0.02005,0.05761
3.82,2,2.45009,-2.50827,-0.00130,0.39433,-0.02839,0.12978,0.04226
3.84,0,4.46897,-2.05245,1.43433,0.50765,0.25949,0.00000,
3.84,1,3.58588,-2.47518,0.25280,0.30448,0.17988,0.02095,0.06786
3.84,2,2.45917,-2.50823,0.00034,0.52524,0.16617,0.12719,0.01007
3.86,0,4.47033,-2.04254,1.43951,0.49540,0.25589,0.00000,
3.86,1,3.59285,-2.47334,0.26424,0.40355,1.02528,0.02247,0.03027
3.86,2,2.46990,-2.50827,0.00233,0.50478,0.11544,0.12349,0.01727
3.88,0,4.47162,-2.03275,1.44450,0.49373,0.24389,0.00000,
3.88,1,3.60070,-2.47120,0.28105,0.38425,0.51939,0.02494,0.04014
3.88,2,2.47951,-2.50824,0.00402,0.45199,0.05287,0.12180,0.02541
3.9,0,4.47287,-2.02292,1.44925,0.49691,0.23349,0.00000,
3.9,1,3.60783,-2.46917,0.28636,0.36021,0.15777,0.02664,0.05005
3.9,2,2.48681,-2.50819,0.00480,0.27861,0.03837,0.12170,0.03282
3.92,0,4.47407,-2.01304,1.45383,0.49834,0.22529,0.00000,
3.92,1,3.61460,-2.46719,0.29031,0.34923,0.25539,0.02792,0.06000
3.92,2,2.49288,-2.50815,0.00583,0.37734,0.07338,0.12247,0.00350
3.94,0,4.47524,-2.00314,1.45825,0.49787,0.21713,0.00000,
3.94,1,3.62129,-2.46519,0.29641,0.34889,0.32405,0.02906,0.06997
3.94,2,2.50234,-2.50812,0.00505,0.41481,-0.02178,0.11977,0.01048
3.96,0,4.47635,-1.99325,1.46250,0.49739,0.20888,0.00000,
3.96,1,3.62956,-2.46270,0.31013,0.50334,0.64133,0.03178,0.02987
3.96,2,2.51042,-2.50800,0.00950,0.42210,0.32472,0.12005,0.01911
3.98,0,4.47743,-1.98336,1.46659,0.49744,0.20099,0.00000,
3.98,1,3.63831,-2.46000,0.32076,0.39437,0.37168,0.03496,0.03982
3.98,2,2.51897,-2.50793,0.01359,0.37361,0.10563,0.12036,0.02828
4.0,0,4.47846,-1.97347,1.47053,0.49765,0.19348,0.00000,
4.0,1,3.64599,-2.45734,0.32850,0.41797,0.37332,0.03712,0.04977
4.0,2,2.52609,-2.50788,0.01438,0.36506,0.00746,0.12104,0.03640
4.02,0,4.47946,-1.96356,1.47432,0.49774,0.18626,0.00000,
4.02,1,3.65243,-2.45485,0.33975,0.32905,1.03074,0.03805,0.00995
4.02,2,2.53347,-2.50778,0.01473,0.36900,0.03280,0.12021,0.04329
4.04,0,4.48042,-1.95365,1.47796,0.49775,0.17928,0.00000,
4.04,1,3.65889,-2.45258,0.35679,0.35557,0.66060,0.03884,0.01991
4.04,2,2.54130,-2.50765,0.01643,0.46210,0.19170,0.11895,0.00991
4.06,0,4.48134,-1.94389,1.48137,0.46073,0.14652,0.00000,
4.06,1,3.66505,-2.45038,0.36291,0.32922,0.15373,0.03934,0.02971
4.06,2,2.55054,-2.50749,0.02007,0.48027,0.12960,0.11597,0.01645
4.08,0,4.48220,-1.93460,1.48461,0.47155,0.17195,0.00000,
4.08,1,3.67227,-2.44756,0.36847,0.41533,0.35755,0.04130,0.03904
4.08,2,2.55959,-2.50732,0.02130,0.42116,0.02643,0.11429,0.02421
4.1,0,4.48303,-1.92513,1.48802,0.47685,0.16521,0.00000,
4.1,1,3.67985,-2.44459,0.37600,0.39110,0.36935,0.04348,0.04855
4.1,2,2.56740,-2.50716,0.02186,0.37425,0.03876,0.11421,0.03235
4.12,0,4.48382,-1.91574,1.49124,0.44291,0.17872,0.00000,
4.12,1,3.68728,-2.44163,0.39338,0.39314,1.02843,0.04552,0.00942
4.12,2,2.57408,-2.50701,0.02305,0.27513,0.07699,0.11511,0.04034
4.14,0,4.48458,-1.90622,1.49433,0.50156,0.14048,0.00000,
4.14,1,3.69427,-2.43875,0.40686,0.36229,0.37894,0.04701,0.01897
4.14,2,2.58014,-2.50685,0.02427,0.32302,0.04826,0.11621,0.04789
4.16,0,4.48536,-1.89601,1.49707,0.51409,0.13692,0.00000,
4.16,1,3.70016,-2.43616,0.41267,0.30375,0.24894,0.04694,0.02922
4.16,2,2.58690,-2.50670,0.02578,0.28678,0.15707,0.11549,0.01797
4.18,0,4.48611,-1.88590,1.49984,0.50042,0.13869,0.00000,
4.18,1,3.70579,-2.43368,0.41790,0.31095,0.29537,0.04660,0.03936
4.18,2,2.59203,-2.50654,0.02823,0.27051,0.12978,0.11613,0.02413
4.2,0,4.48681,-1.87601,1.50256,0.49298,0.13345,0.00000,
4.2,1,3.71149,-2.43115,0.42449,0.31111,0.34383,0.04643,0.04926
4.2,2,2.59891,-2.50635,0.02972,0.38688,0.03602,0.11511,0.03036
4.22,0,4.48749,-1.86616,1.50516,0.49494,0.12703,0.00000,
4.22,1,3.71838,-2.42801,0.43452,0.44326,0.45214,0.04754,0.00987
4.22,2,2.60758,-2.50611,0.03039,0.45068,0.04045,0.11355,0.03794
4.24,0,4.48814,-1.85625,1.50764,0.49767,0.12230,0.00000,
4.24,1,3.72629,-2.42426,0.44035,0.40668,0.14735,0.04971,0.01981
4.24,2,2.61683,-2.50584,0.03152,0.45919,0.06489,0.11245,0.04668
4.26,0,4.48877,-1.84631,1.51004,0.49788,0.11804,0.00000,
4.26,1,3.73349,-2.42081,0.44452,0.38860,0.28573,0.05106,0.02976
4.26,2,2.62532,-2.50557,0.03394,0.37970,0.22401,0.11141,0.02110
4.28,0,4.48937,-1.83638,1.51235,0.49715,0.11363,0.00000,
4.28,1,3.74000,-2.41762,0.45210,0.30583,0.47849,0.05164,0.03971
4.28,2,2.63256,-2.50532,0.03795,0.33893,0.15232,0.11090,0.02836
4.3,0,4.48995,-1.82646,1.51458,0.49691,0.10930,0.00000,
4.3,1,3.74529,-2.41490,0.46028,0.30514,0.33322,0.05090,0.04965
4.3,2,2.63901,-2.50505,0.03990,0.34976,0.04754,0.10995,0.03430
4.32,0,4.49051,-1.81654,1.51672,0.49707,0.10522,0.00000,
4.32,1,3.75083,-2.41209,0.46644,0.31184,0.30819,0.05036,0.05959
4.32,2,2.64636,-2.50473,0.04055,0.37261,0.03626,0.10835,0.04051
4.34,0,4.49105,-1.80661,1.51878,0.49720,0.10130,0.00000,
4.34,1,3.75642,-2.40924,0.47330,0.35915,0.53168,0.04982,0.01988
4.34,2,2.65274,-2.50446,0.04414,0.29189,0.26709,0.10778,0.00939
4.36,0,4.49156,-1.79668,1.52076,0.49720,0.09751,0.00000,
4.36,1,3.76353,-2.40554,0.47995,0.37280,0.05316,0.05093,0.02983
4.36,2,2.65918,-2.50416,0.04801,0.34944,0.11214,0.10875,0.01741
4.38,0,4.49206,-1.78675,1.52267,0.49718,0.09387,0.00000,
4.38,1,3.77013,-2.40201,0.48239,0.37304,0.24482,0.05145,0.03977
4.38,2,2.66648,-2.50381,0.04905,0.36900,0.03008,0.10833,0.02489
4.4,0,4.49254,-1.77681,1.52451,0.49718,0.09036,0.00000,
4.4,1,3.77650,-2.39857,0.49017,0.32245,0.49295,0.05169,0.04971
4.4,2,2.67365,-2.50346,0.04994,0.34904,0.06095,0.10783,0.03214
4.42,0,4.49300,-1.76688,1.52628,0.49720,0.08698,0.00000,
4.42,1,3.78167,-2.39572,0.49929,0.29795,0.37939,0.05056,0.05966
4.42,2,2.68043,-2.50312,0.05140,0.33407,0.07675,0.10646,0.03803
4.44,0,4.49344,-1.75695,1.52799,0.49721,0.08373,0.00000,
4.44,1,3.78695,-2.39282,0.50601,0.30224,0.32277,0.04949,0.06960
4.44,2,2.68707,-2.50278,0.05284,0.33175,0.06728,0.10537,0.04406
4.46,0,4.49387,-1.74701,1.52963,0.49722,0.08060,0.00000,
4.46,1,3.79278,-2.38951,0.51480,0.39713,0.53575,0.04904,0.02983
4.46,2,2.69505,-2.50235,0.05716,0.43238,0.26190,0.10351,0.01569
4.48,0,4.49428,-1.73707,1.53120,0.49722,0.07759,0.00000,
4.48,1,3.79960,-2.38557,0.52087,0.37155,0.17715,0.04967,0.03978
4.48,2,2.70303,-2.50189,0.06058,0.36201,0.09194,0.10272,0.02356
4.5,0,4.49467,-1.72714,1.53272,0.49723,0.07469,0.00000,
4.5,1,3.80594,-2.38197,0.52618,0.35875,0.34466,0.04966,0.04972
4.5,2,2.70954,-2.50150,0.06153,0.30708,0.03576,0.10290,0.03086
4.52,0,4.49505,-1.71749,1.53411,0.46177,0.06397,0.00000,
4.52,1,3.81202,-2.37835,0.53431,0.35070,0.42670,0.04960,0.05937
4.52,2,2.71568,-2.50113,0.06258,0.31310,0.06839,0.10319,0.03793
4.54,0,4.49540,-1.70814,1.53551,0.47277,0.07282,0.00000,
4.54,1,3.81793,-2.37472,0.54650,0.42067,0.77185,0.04959,0.01901
4.54,2,2.72208,-2.50072,0.06412,0.32486,0.07844,0.10307,0.04486
4.56,0,4.49574,-1.69864,1.53692,0.47623,0.06789,0.00000,
4.56,1,3.82496,-2.37042,0.55771,0.36177,0.34206,0.05067,0.02852
4.56,2,2.72798,-2.50032,0.06580,0.23124,-0.00983,0.10465,0.01870
4.58,0,4.49605,-1.68937,1.53831,0.46921,0.06706,0.00000,
4.58,1,3.83075,-2.36644,0.56463,0.36873,0.46900,0.05075,0.03780
4.58,2,2.73105,-2.49995,0.06638,0.08685,0.01251,0.10777,0.02571
4.6,0,4.49638,-1.67943,1.53952,0.51228,0.05767,0.00000,
4.6,1,3.83696,-2.36238,0.57464,0.32684,0.51250,0.05066,0.04774
4.6,2,2.73411,-2.49965,0.06530,0.23533,-0.02881,0.11137,0.03314
4.62,0,4.49670,-1.66917,1.54067,0.50898,0.05863,0.00000,
4.62,1,3.84214,-2.35902,0.58329,0.30661,0.37140,0.04904,0.05800
4.62,2,2.73899,-2.49925,0.06484,0.22340,-0.10253,0.11203,0.03931
4.64,0,4.49700,-1.65916,1.54185,0.49543,0.05808,0.00000,
4.64,1,3.84858,-2.35476,0.59251,0.47659,0.39616,0.04905,0.02028
4.64,2,2.74321,-2.49886,0.06270,0.21882,-0.08644,0.11473,0.01080
4.66,0,4.49729,-1.64930,1.54298,0.49264,0.05532,0.00000,
4.66,1,3.85554,-2.34986,0.59599,0.40567,0.10863,0.04994,0.03014
4.66,2,2.74887,-2.49845,0.06340,0.34160,0.12641,0.11661,0.01931
4.68,0,4.49756,-1.63942,1.54406,0.49583,0.05291,0.00000,
4.68,1,3.86206,-2.34510,0.59951,0.39457,0.28173,0.05034,0.04003
4.68,2,2.75642,-2.49795,0.06666,0.38922,0.16653,0.11615,0.02737
4.7,0,4.49783,-1.62948,1.54510,0.49753,0.05106,0.00000,
4.7,1,3.86828,-2.34079,0.60773,0.36759,0.48179,0.05011,0.04997
4.7,2,2.76385,-2.49745,0.06953,0.35421,0.12403,0.11549,0.03494
4.72,0,4.49808,-1.61954,1.54610,0.49708,0.04924,0.00000,
4.72,1,3.87349,-2.33724,0.61697,0.31229,0.42764,0.04857,0.05991
4.72,2,2.77138,-2.49692,0.07293,0.47567,0.31392,0.11362,0.00310
4.74,0,4.49833,-1.60961,1.54706,0.49645,0.04737,0.00000,
4.74,1,3.87873,-2.33354,0.62532,0.35183,0.54387,0.04712,0.01988
4.74,2,2.78106,-2.49625,0.07829,0.47250,0.19474,0.10966,0.00953
4.76,0,4.49856,-1.59968,1.54799,0.49642,0.04559,0.00000,
4.76,1,3.88557,-2.32857,0.64159,0.41624,0.69784,0.04762,0.02981
4.76,2,2.78989,-2.49560,0.08125,0.40989,0.11519,0.10834,0.01798
4.78,0,4.49879,-1.58976,1.54888,0.49659,0.04389,0.00000,
4.78,1,3.89165,-2.32399,0.65012,0.38082,0.40613,0.04726,0.03974
4.78,2,2.79739,-2.49496,0.08342,0.33093,0.13779,0.10753,0.02558
4.8,0,4.49901,-1.57983,1.54974,0.49665,0.04226,0.00000,
4.8,1,3.89764,-2.31941,0.65852,0.37086,0.42197,0.04678,0.04967
4.8,2,2.80266,-2.49437,0.08704,0.27687,0.16300,0.10887,0.03312
4.82,0,4.49922,-1.56989,1.55057,0.49662,0.04068,0.00000,
4.82,1,3.90284,-2.31542,0.66674,0.33607,0.50873,0.04529,0.00993
4.82,2,2.80868,-2.49378,0.08943,0.31587,0.09263,0.10860,0.03968
4.84,0,4.49942,-1.55996,1.55137,0.49660,0.03916,0.00000,
4.84,1,3.90942,-2.31026,0.67617,0.42503,0.41197,0.04552,0.01986
4.84,2,2.81450,-2.49323,0.09092,0.28673,0.07528,0.11010,0.04804
4.86,0,4.49961,-1.55003,1.55213,0.49660,0.03770,0.00000,
4.86,1,3.91513,-2.30563,0.68143,0.36850,0.37190,0.04473,0.02980
4.86,2,2.82342,-2.49254,0.09391,0.56167,0.01128,0.10760,0.01873
4.88,0,4.49980,-1.54010,1.55287,0.49661,0.03630,0.00000,
4.88,1,3.92118,-2.30056,0.69220,0.40465,0.56789,0.04444,0.03973
4.88,2,2.83314,-2.49174,0.09279,0.47616,-0.07812,0.10470,0.02663
4.9,0,4.49997,-1.53017,1.55358,0.49662,0.03495,0.00000,
4.9,1,3.92667,-2.29605,0.70186,0.31660,0.42378,0.04332,0.04966
4.9,2,2.84219,-2.49076,0.09151,0.42578,0.02080,0.10183,0.03373
4.92,0,4.50015,-1.52024,1.55427,0.49662,0.03364,0.00000,
4.92,1,3.93144,-2.29207,0.70978,0.30680,0.38231,0.04128,0.05959
4.92,2,2.84813,-2.49003,0.09484,0.28326,0.17091,0.10125,0.03994
4.94,0,4.50031,-1.51031,1.55493,0.49662,0.03239,0.00000,
4.94,1,3.93707,-2.28715,0.71925,0.45115,0.41197,0.04046,0.01986
4.94,2,2.85412,-2.48943,0.09766,0.31259,0.12446,0.10167,0.04741
4.96,0,4.50047,-1.50038,1.55556,0.49662,0.03118,0.00000,
4.96,1,3.94311,-2.28181,0.72334,0.39421,0.16912,0.04017,0.02980
4.96,2,2.86043,-2.48881,0.10062,0.35035,0.26082,0.10229,0.01862
4.98,0,4.50062,-1.49045,1.55617,0.49662,0.03002,0.00000,
4.98,1,3.94887,-2.27665,0.72909,0.37776,0.39112,0.03951,0.03973
4.98,2,2.86832,-2.48808,0.10339,0.38277,0.00831,0.10104,0.02635
5.0,0,4.50076,-1.48052,1.55676,0.49662,0.02890,0.00000,
5.0,1,3.95427,-2.27180,0.73795,0.32407,0.42061,0.03834,0.04966
5.0,2,2.87612,-2.48729,0.10469,0.38893,0.12677,0.09947,0.03360
5.02,0,4.50090,-1.47059,1.55733,0.49662,0.02783,0.00000,
5.02,1,3.95922,-2.26736,0.74660,0.41111,0.37344,0.03654,0.00993
5.02,2,2.88347,-2.48648,0.10816,0.32817,0.21916,0.09784,0.04026
5.04,0,4.50104,-1.46065,1.55787,0.49662,0.02679,0.00000,
5.04,1,3.96530,-2.26189,0.75055,0.37085,0.10375,0.03616,0.01986
5.04,2,2.88883,-2.48576,0.11257,0.27836,0.15406,0.09950,0.04844
5.06,0,4.50116,-1.45072,1.55840,0.49662,0.02579,0.00000,
5.06,1,3.97080,-2.25664,0.75581,0.40485,0.50145,0.03523,0.02980
5.06,2,2.89607,-2.48488,0.11907,0.40582,0.38191,0.09870,0.01946
5.08,0,4.50129,-1.44079,1.55890,0.49662,0.02483,0.00000,
5.08,1,3.97670,-2.25104,0.76724,0.36733,0.50832,0.03476,0.03973
5.08,2,2.90301,-2.48401,0.12387,0.35969,0.16659,0.09867,0.02760
5.1,0,4.50141,-1.43108,1.55937,0.46026,0.02099,0.00000,
5.1,1,3.98167,-2.24641,0.77619,0.33246,0.42292,0.03311,0.04944
5.1,2,2.91042,-2.48308,0.12662,0.37215,0.12964,0.09709,0.03439
5.12,0,4.50152,-1.42176,1.55983,0.47133,0.02402,0.00000,
5.12,1,3.98638,-2.24183,0.78430,0.32612,0.39478,0.03155,0.05877
5.12,2,2.91717,-2.48219,0.12981,0.26698,0.23979,0.09590,0.04096
5.14,0,4.50162,-1.41227,1.56030,0.47570,0.02267,0.00000,
5.14,1,3.99100,-2.23725,0.79205,0.32427,0.38289,0.02977,0.01882
5.14,2,2.92229,-2.48141,0.13350,0.27154,0.12670,0.09625,0.04746
5.16,0,4.50172,-1.40300,1.56076,0.46890,0.02224,0.00000,
5.16,1,3.99614,-2.23202,0.80769,0.37812,0.82169,0.02897,0.02809
5.16,2,2.92849,-2.48058,0.12499,0.34898,-1.69082,0.09620,0.01710
5.18,0,4.50182,-1.39306,1.56116,0.51198,0.01924,0.00000,
5.18,1,4.00109,-2.22686,0.81931,0.33588,0.39679,0.02739,0.03803
5.18,2,2.93500,-2.47990,0.09184,0.28083,-1.38704,0.09570,0.02425
5.2,0,4.50192,-1.38281,1.56155,0.50851,0.01952,0.00000,
5.2,1,4.00541,-2.22226,0.82556,0.30491,0.29878,0.02470,0.04828
5.2,2,2.94023,-2.47966,0.07507,0.26934,-0.18740,0.09584,0.03056
5.22,0,4.50201,-1.37280,1.56194,0.49491,0.01931,0.00000,
5.22,1,4.00987,-2.21762,0.82405,0.31560,-0.37989,0.02229,0.01001
5.22,2,2.94625,-2.47913,0.08340,0.28231,0.69972,0.09530,0.03700
5.24,0,4.50210,-1.36295,1.56231,0.49214,0.01841,0.00000,
5.24,1,4.01425,-2.21303,0.81681,0.32449,-0.27663,0.01988,0.01986
5.24,2,2.95261,-2.47851,0.09404,0.37316,0.41925,0.09434,0.00950
5.26,0,4.50218,-1.35307,1.56267,0.49536,0.01761,0.00000,
5.26,1,4.02006,-2.20722,0.81025,0.43351,0.17469,0.01918,0.02974
5.26,2,2.96126,-2.47766,0.10202,0.39214,0.26444,0.09279,0.01771
5.28,0,4.50226,-1.34314,1.56302,0.49706,0.01700,0.00000,
5.28,1,4.02643,-2.20078,0.81764,0.45710,0.38982,0.01921,0.03967
5.28,2,2.96904,-2.47671,0.10724,0.39160,0.24764,0.09280,0.02678
5.3,0,4.50234,-1.33321,1.56335,0.49659,0.01639,0.00000,
5.3,1,4.03220,-2.19404,0.82342,0.42260,0.25131,0.01915,0.04960
5.3,2,2.97615,-2.47580,0.11271,0.27627,0.36434,0.09299,0.03563
5.32,0,4.50241,-1.32328,1.56367,0.49596,0.01577,0.00000,
5.32,1,4.03748,-2.18831,0.83050,0.36833,0.44783,0.01795,0.05953
5.32,2,2.98169,-2.47505,0.11871,0.29832,0.24078,0.09403,0.04342
5.34,0,4.50248,-1.31336,1.56398,0.49593,0.01518,0.00000,
5.34,1,4.04211,-2.18350,0.83932,0.35203,0.54008,0.01558,0.01984
5.34,2,2.98744,-2.47438,0.12424,0.21605,0.27054,0.09404,0.01044
5.36,0,4.50255,-1.30344,1.56428,0.49610,0.01462,0.00000,
5.36,1,4.04794,-2.17714,0.84911,0.43929,0.40716,0.01510,0.02976
5.36,2,2.99139,-2.47377,0.12973,0.18437,0.36994,0.09740,0.01906
5.38,0,4.50262,-1.29352,1.56456,0.49616,0.01408,0.00000,
5.38,1,4.05314,-2.17135,0.85575,0.38098,0.36618,0.01379,0.03969
5.38,2,2.99682,-2.47293,0.13932,0.36111,0.44406,0.09853,0.02684
5.4,0,4.50268,-1.28360,1.56484,0.49612,0.01355,0.00000,
5.4,1,4.05835,-2.16526,0.86573,0.40949,0.54072,0.01270,0.04961
5.4,2,3.00487,-2.47179,0.14531,0.44418,0.22514,0.09717,0.03485
5.42,0,4.50274,-1.27368,1.56511,0.49610,0.01305,0.00000,
5.42,1,4.06409,-2.15834,0.87507,0.50853,0.32793,0.01256,0.00992
5.42,2,3.01359,-2.47051,0.14940,0.43017,0.21478,0.09590,0.04384
5.44,0,4.50279,-1.26375,1.56536,0.49610,0.01256,0.00000,
5.44,1,4.07057,-2.15058,0.88226,0.49410,0.46553,0.01345,0.01984
5.44,2,3.02285,-2.46915,0.13705,0.49316,-1.54652,0.09509,0.01503
5.46,0,4.50285,-1.25383,1.56561,0.49611,0.01210,0.00000,
5.46,1,4.07608,-2.14396,0.89067,0.41907,0.48943,0.01285,0.02977
5.46,2,3.03233,-2.46791,0.11021,0.44386,-0.89843,0.09286,0.02364
5.48,0,4.50290,-1.24391,1.56584,0.49611,0.01165,0.00000,
5.48,1,4.08108,-2.13794,0.90013,0.32836,0.31592,0.01145,0.03969
5.48,2,3.04081,-2.46693,0.11148,0.42953,0.65147,0.09105,0.03147
5.5,0,4.50295,-1.23399,1.56607,0.49611,0.01122,0.00000,
5.5,1,4.08535,-2.13284,0.90873,0.33666,0.48685,0.00887,0.04961
5.5,2,3.04950,-2.46587,0.12588,0.44322,0.60225,0.08806,0.03811
5.52,0,4.50300,-1.22407,1.56629,0.49611,0.01080,0.00000,
5.52,1,4.09048,-2.12623,0.91805,0.46767,0.35716,0.00800,0.00992
5.52,2,3.05720,-2.46479,0.13504,0.39282,0.29247,0.08733,0.04648
5.54,0,4.50304,-1.21414,1.56650,0.49611,0.01040,0.00000,
5.54,1,4.09539,-2.11963,0.92553,0.41031,0.47413,0.00699,0.01984
5.54,2,3.06655,-2.46356,0.14169,0.60637,0.39824,0.08480,0.01290
5.56,0,4.50308,-1.20422,1.56671,0.49611,0.01001,0.00000,
5.56,1,4.10050,-2.11272,0.93604,0.43795,0.51017,0.00630,0.02977
5.56,2,3.07771,-2.46208,0.14609,0.48546,0.14422,0.08081,0.02148
5.58,0,4.50312,-1.19430,1.56690,0.49611,0.00964,0.00000,
5.58,1,4.10520,-2.10679,0.94307,0.34710,0.34444,0.00452,0.03969
5.58,2,3.08753,-2.46048,0.15162,0.50071,0.35107,0.07738,0.02905
5.6,0,4.50316,-1.18438,1.56709,0.49611,0.00928,0.00000,
5.6,1,4.10937,-2.10124,0.95176,0.34728,0.46945,0.00215,0.04961
5.6,2,3.09533,-2.45902,0.16174,0.34562,0.51468,0.07531,0.03599
5.62,0,4.50320,-1.17446,1.56727,0.49611,0.00894,0.00000,
5.62,1,4.11349,-2.09551,0.96075,0.40408,0.49512,0.00011,0.00992
5.62,2,3.10220,-2.45768,0.17114,0.35891,0.38765,0.07418,0.04305
5.64,0,4.50323,-1.16453,1.56745,0.49611,0.00861,0.00000,
5.64,1,4.11891,-2.08735,0.97197,0.49497,0.52740,0.00035,0.01984
5.64,2,3.10883,-2.45648,0.17808,0.21370,0.48758,0.07541,0.01338
5.66,0,4.50327,-1.15461,1.56762,0.49611,0.00829,0.00000,
5.66,1,4.12397,-2.07970,0.98259,0.45289,0.49765,0.00017,0.02977
5.66,2,3.11152,-2.45572,0.18866,0.14728,0.60146,0.08002,0.02255
5.68,0,4.50330,-1.14469,1.56778,0.49611,0.00798,0.00000,
5.68,1,4.12868,-2.07230,0.99003,0.42364,0.30393,0.00040,0.03969
5.68,2,3.11579,-2.45477,0.19999,0.27626,0.45418,0.08269,0.03132
5.7,0,4.50333,-1.13477,1.56794,0.49611,0.00768,0.00000,
5.7,1,4.13292,-2.06619,0.99454,0.32367,0.20124,0.00237,0.04961
5.7,2,3.12232,-2.45346,0.20556,0.35467,0.19344,0.08226,0.03876
5.72,0,4.50336,-1.12484,1.56809,0.49611,0.00740,0.00000,
5.72,1,4.13674,-2.06059,1.00228,0.40102,0.54221,0.00500,0.00992
5.72,2,3.12852,-2.45214,0.20870,0.34169,0.23494,0.08158,0.04554
5.74,0,4.50338,-1.11492,1.56823,0.49611,0.00712,0.00000,
5.74,1,4.14195,-2.05225,1.01165,0.45777,0.46151,0.00460,0.01984
5.74,2,3.13705,-2.45029,0.21959,0.49280,0.70064,0.08086,0.01333
5.76,0,4.50341,-1.10500,1.56837,0.49611,0.00686,0.00000,
5.76,1,4.14646,-2.04483,1.02189,0.43426,0.52118,0.00533,0.02977
5.76,2,3.14576,-2.44833,0.22966,0.41897,0.35325,0.07899,0.02202
5.78,0,4.50343,-1.09508,1.56851,0.49611,0.00661,0.00000,
5.78,1,4.15085,-2.03745,1.02993,0.40063,0.25961,0.00617,0.03969
5.78,2,3.15324,-2.44661,0.23476,0.36018,0.22020,0.07826,0.03060
5.8,0,4.50346,-1.08516,1.56863,0.49611,0.00636,0.00000,
5.8,1,4.15469,-2.03169,1.03389,0.34526,0.32958,0.00874,0.04961
5.8,2,3.15886,-2.44510,0.24167,0.23553,0.42764,0.07823,0.03752
5.82,0,4.50348,-1.07523,1.56876,0.49611,0.00613,0.00000,
5.82,1,4.15910,-2.02422,1.04263,0.52368,0.35828,0.00954,0.00992
5.82,2,3.16373,-2.44371,0.24975,0.26855,0.35544,0.08015,0.04619
5.84,0,4.50350,-1.06531,1.56888,0.49611,0.00590,0.00000,
5.84,1,4.16385,-2.01631,1.05190,0.43476,0.50518,0.00983,0.01984
5.84,2,3.16915,-2.44234,0.25692,0.22173,0.40191,0.08209,0.01428
5.86,0,4.50352,-1.05606,1.56899,0.46774,0.00576,0.00000,
5.86,1,4.16799,-2.00869,1.06087,0.43272,0.37036,0.00999,0.02910
5.86,2,3.17294,-2.44107,0.26464,0.21608,0.52485,0.08492,0.02295
5.88,0,4.50353,-1.04661,1.56911,0.47494,0.00561,0.00000,
5.88,1,4.17198,-2.00199,1.06481,0.34372,0.11429,0.01128,0.03855
5.88,2,3.17848,-2.43940,0.27414,0.36669,0.37079,0.08553,0.03075
5.9,0,4.50355,-1.03727,1.56921,0.44799,0.00566,0.00000,
5.9,1,4.17559,-1.99590,1.07109,0.36142,0.41711,0.01318,0.04789
5.9,2,3.18647,-2.43714,0.27874,0.45105,0.19297,0.08307,0.03782
5.92,0,4.50356,-1.02763,1.56932,0.50449,0.00488,0.00000,
5.92,1,4.17915,-1.98955,1.07923,0.36339,0.36634,0.01515,0.05753
5.92,2,3.19505,-2.43469,0.28294,0.43182,0.23188,0.08010,0.04511
5.94,0,4.50358,-1.01738,1.56941,0.51223,0.00479,0.00000,
5.94,1,4.18251,-1.98339,1.08696,0.37848,0.43766,0.01798,0.01989
5.94,2,3.20302,-2.43237,0.28831,0.39371,0.37376,0.07749,0.01065
5.96,0,4.50359,-1.00729,1.56951,0.49782,0.00474,0.00000,
5.96,1,4.18635,-1.97611,1.09679,0.41968,0.44550,0.01943,0.02998
5.96,2,3.20988,-2.43033,0.30031,0.32656,0.61646,0.07695,0.01889
5.98,0,4.50361,-0.99742,1.56960,0.49154,0.00455,0.00000,
5.98,1,4.19001,-1.96899,1.10360,0.38005,0.27445,0.02093,0.03985
5.98,2,3.21546,-2.42848,0.31048,0.30645,0.37458,0.07744,0.02689
6.0,0,4.50362,-0.98757,1.56969,0.49401,0.00436,0.00000,
6.0,1,4.19328,-1.96252,1.10875,0.35398,0.26149,0.02315,0.04970
6.0,2,3.22151,-2.42647,0.31629,0.32796,0.22371,0.07685,0.03414
6.02,0,4.50363,-0.97766,1.56978,0.49653,0.00420,0.00000,
6.02,1,4.19643,-1.95619,1.11430,0.35514,0.28694,0.02562,0.05961
6.02,2,3.22755,-2.42447,0.31940,0.30662,0.10827,0.07611,0.00354
6.04,0,4.50364,-0.96773,1.56986,0.49651,0.00405,0.00000,
6.04,1,4.19953,-1.95035,1.12298,0.27130,0.51884,0.02861,0.01985
6.04,2,3.23550,-2.42173,0.32792,0.42627,0.35737,0.07310,0.01015
6.06,0,4.50365,-0.95780,1.56994,0.49576,0.00390,0.00000,
6.06,1,4.20213,-1.94667,1.13099,0.17053,0.28228,0.03381,0.02977
6.06,2,3.24362,-2.41895,0.33261,0.41959,0.18177,0.06854,0.01463
6.08,0,4.50366,-0.94789,1.57001,0.49557,0.00375,0.00000,
6.08,1,4.20440,-1.94423,1.13506,0.13350,-0.03694,0.04031,0.03968
6.08,2,3.25111,-2.41634,0.33643,0.37909,0.21020,0.06379,0.01789
6.1,0,4.50366,-0.93798,1.57009,0.49573,0.00361,0.00000,
6.1,1,4.20643,-1.94074,1.13569,0.23632,0.28288,0.04588,0.04959
6.1,2,3.25652,-2.41417,0.34334,0.28462,0.26804,0.06136,0.02193
6.12,0,4.50367,-0.92806,1.57016,0.49583,0.00348,0.00000,
6.12,1,4.20856,-1.93538,1.15073,0.32181,1.12269,0.04966,0.00992
6.12,2,3.26217,-2.41206,0.34680,0.31158,0.14440,0.05966,0.02762
6.14,0,4.50368,-0.91815,1.57023,0.49581,0.00335,0.00000,
6.14,1,4.21089,-1.92921,1.17138,0.35107,0.77347,0.05260,0.01983
6.14,2,3.26771,-2.41001,0.34923,0.28542,0.11165,0.05866,0.03415
6.16,0,4.50368,-0.90823,1.57029,0.49578,0.00323,0.00000,
6.16,1,4.21413,-1.92253,1.17879,0.39132,0.11481,0.05482,0.02975
6.16,2,3.27307,-2.40799,0.35458,0.19398,0.42689,0.05890,0.01716
6.18,0,4.50369,-0.89832,1.57036,0.49577,0.00311,0.00000,
6.18,1,4.21769,-1.91393,1.17871,0.50182,0.01513,0.05512,0.03966
6.18,2,3.27572,-2.40691,0.36242,0.11895,0.35523,0.06317,0.02646
6.2,0,4.50369,-0.88840,1.57042,0.49578,0.00299,0.00000,
6.2,1,4.22134,-1.90493,1.18087,0.44846,0.13283,0.05501,0.04958
6.2,2,3.27762,-2.40621,0.37035,0.10292,0.23124,0.06859,0.03617
6.22,0,4.50370,-0.87848,1.57048,0.49579,0.00288,0.00000,
6.22,1,4.22466,-1.89645,1.18571,0.55026,0.37954,0.05551,0.00992
6.22,2,3.28058,-2.40506,0.37138,0.18752,-0.01801,0.07236,0.04528
6.24,0,4.50370,-0.86857,1.57053,0.49578,0.00278,0.00000,
6.24,1,4.22847,-1.88544,1.19422,0.58058,0.43813,0.05346,0.01983
6.24,2,3.28502,-2.40342,0.36752,0.30741,-0.40477,0.07629,0.01638
6.26,0,4.50370,-0.85865,1.57059,0.49578,0.00267,0.00000,
6.26,1,4.23220,-1.87605,1.20522,0.50603,0.34100,0.05300,0.02975
6.26,2,3.29092,-2.40163,0.35942,0.30758,-0.40444,0.07807,0.02648
6.28,0,4.50370,-0.84874,1.57064,0.49578,0.00258,0.00000,
6.28,1,4.23591,-1.86699,1.20575,0.40178,-0.26790,0.05288,0.03966
6.28,2,3.29685,-2.39991,0.35191,0.30681,-0.27459,0.07974,0.03627
6.3,0,4.50371,-0.83882,1.57069,0.49578,0.00248,0.00000,
6.3,1,4.23920,-1.86019,1.20118,0.37488,-0.18665,0.05507,0.04958
6.3,2,3.30347,-2.39760,0.35339,0.40933,0.36109,0.07907,0.04380
6.32,0,4.50371,-0.82891,1.57074,0.49578,0.00239,0.00000,
6.32,1,4.24213,-1.85315,1.20175,0.38798,0.20124,0.05712,0.05949
6.32,2,3.31167,-2.39452,0.36365,0.42824,0.75873,0.07650,0.00385
6.34,0,4.50371,-0.81899,1.57078,0.49578,0.00230,0.00000,
6.34,1,4.24492,-1.84594,1.20781,0.37379,0.37081,0.05906,0.06941
6.34,2,3.31907,-2.39166,0.37895,0.36060,0.64147,0.07471,0.01158
6.36,0,4.50371,-0.80907,1.57083,0.49578,0.00222,0.00000,
6.36,1,4.24814,-1.83649,1.21722,0.58114,0.68192,0.05872,0.02975
6.36,2,3.32546,-2.38902,0.38698,0.35491,0.21090,0.07547,0.02156
6.38,0,4.50371,-0.79916,1.57087,0.49578,0.00213,0.00000,
6.38,1,4.25166,-1.82608,1.23297,0.54390,0.80258,0.05740,0.03966
6.38,2,3.33217,-2.38627,0.39046,0.36534,0.19834,0.07669,0.03254
6.4,0,4.50371,-0.78924,1.57092,0.49578,0.00206,0.00000,
6.4,1,4.25536,-1.81637,1.24717,0.51782,0.42860,0.05672,0.04958
6.4,2,3.33885,-2.38351,0.39561,0.35645,0.29320,0.07780,0.04294
6.42,0,4.50371,-0.77933,1.57096,0.49578,0.00198,0.00000,
6.42,1,4.25861,-1.80785,1.24734,0.38715,-0.16370,0.05733,0.05949
6.42,2,3.34532,-2.38081,0.40152,0.34627,0.28631,0.07813,0.05205
6.44,0,4.50370,-0.76941,1.57099,0.49578,0.00191,0.00000,
6.44,1,4.26124,-1.80046,1.24870,0.39638,0.21767,0.05918,0.06941
6.44,2,3.35152,-2.37817,0.40637,0.33974,0.23237,0.07766,0.05989
6.46,0,4.50370,-0.75950,1.57103,0.49578,0.00184,0.00000,
6.46,1,4.26420,-1.79070,1.25578,0.59291,0.42839,0.05865,0.02975
6.46,2,3.35805,-2.37535,0.41158,0.36309,0.27041,0.07839,0.02207
6.48,0,4.50370,-0.74958,1.57107,0.49578,0.00177,0.00000,
6.48,1,4.26747,-1.78085,1.26742,0.50051,0.49001,0.05797,0.03966
6.48,2,3.36504,-2.37242,0.42182,0.35593,0.52962,0.07905,0.03245
6.5,0,4.50370,-0.73966,1.57110,0.49578,0.00170,0.00000,
6.5,1,4.27076,-1.77116,1.27217,0.50700,0.06802,0.05747,0.04958
6.5,2,3.37190,-2.36926,0.43035,0.40525,0.30842,0.07967,0.04268
6.52,0,4.50369,-0.72975,1.57114,0.49578,0.00164,0.00000,
6.52,1,4.27345,-1.76352,1.26997,0.37963,-0.00042,0.05910,0.05949
6.52,2,3.37953,-2.36577,0.43417,0.41518,0.09889,0.07787,0.05078
6.54,0,4.50369,-0.71983,1.57117,0.49578,0.00158,0.00000,
6.54,1,4.27600,-1.75491,1.27579,0.53351,0.57082,0.05982,0.01983
6.54,2,3.38771,-2.36197,0.43865,0.46764,0.30104,0.07591,0.05975
6.56,0,4.50369,-0.70992,1.57120,0.49578,0.00152,0.00000,
6.56,1,4.27893,-1.74568,1.28869,0.44414,0.62729,0.05987,0.02975
6.56,2,3.39572,-2.35819,0.44555,0.33160,0.50859,0.07481,0.02242
6.58,0,4.50368,-0.70000,1.57123,0.49578,0.00147,0.00000,
6.58,1,4.28153,-1.73696,1.29741,0.46753,0.21102,0.06049,0.03966
6.58,2,3.39939,-2.35611,0.45333,0.14503,0.27299,0.07774,0.03153
6.6,0,4.50368,-0.69009,1.57126,0.49578,0.00141,0.00000,
6.6,1,4.28403,-1.72890,1.29648,0.39658,-0.08632,0.06178,0.04958
6.6,2,3.40109,-2.35510,0.45839,0.07811,0.24469,0.08245,0.03996
6.62,0,4.50367,-0.68017,1.57129,0.49578,0.00136,0.00000,
6.62,1,4.28636,-1.72092,1.29805,0.47966,0.21774,0.06320,0.00992
6.62,2,3.40219,-2.35448,0.46289,0.03804,0.15198,0.08773,0.04827
6.64,0,4.50367,-0.67026,1.57131,0.49578,0.00131,0.00000,
6.64,1,4.28914,-1.70994,1.30162,0.50820,0.23633,0.06159,0.01983
6.64,2,3.40430,-2.35354,0.46275,0.16130,-0.13642,0.09415,0.05959
6.66,0,4.50366,-0.66034,1.57134,0.49578,0.00126,0.00000,
6.66,1,4.29188,-1.70083,1.30538,0.48752,0.03037,0.06182,0.02975
6.66,2,3.40805,-2.35182,0.45757,0.22116,-0.39796,0.09770,0.02510
6.68,0,4.50366,-0.65042,1.57136,0.49578,0.00122,0.00000,
6.68,1,4.29451,-1.69235,1.30311,0.38774,-0.14989,0.06271,0.03966
6.68,2,3.41214,-2.35008,0.44952,0.22329,-0.41882,0.10054,0.03397
6.7,0,4.50365,-0.64051,1.57139,0.49578,0.00117,0.00000,
6.7,1,4.29681,-1.68480,1.30297,0.39764,0.06653,0.06458,0.04958
6.7,2,3.41825,-2.34731,0.45855,0.42790,0.88644,0.10036,0.04186
6.72,0,4.50365,-0.63059,1.57141,0.49578,0.00113,0.00000,
6.72,1,4.29898,-1.67702,1.30567,0.40776,0.16454,0.06625,0.05949
6.72,2,3.42655,-2.34348,0.46937,0.46902,0.39293,0.09786,0.04995
6.74,0,4.50364,-0.62068,1.57143,0.49578,0.00109,0.00000,
6.74,1,4.30138,-1.66722,1.31181,0.54892,0.50952,0.06591,0.01983
6.74,2,3.43468,-2.33970,0.47592,0.42605,0.26717,0.09700,0.06002
6.76,0,4.50364,-0.61076,1.57145,0.49578,0.00105,0.00000,
6.76,1,4.30396,-1.65655,1.32200,0.54901,0.50969,0.06468,0.02975
6.76,2,3.44250,-2.33558,0.48289,0.52041,0.57319,0.09690,0.02513
6.78,0,4.50363,-0.60085,1.57147,0.49578,0.00101,0.00000,
6.78,1,4.30655,-1.64638,1.33188,0.50793,0.36418,0.06394,0.03966
6.78,2,3.45254,-2.33021,0.49566,0.55383,0.55754,0.09406,0.03563
6.8,0,4.50362,-0.59154,1.57150,0.46629,0.00102,0.00000,
6.8,1,4.30901,-1.63768,1.33167,0.36893,-0.23085,0.06408,0.04897
6.8,2,3.46103,-2.32567,0.50360,0.42509,0.29343,0.09198,0.04467
6.82,0,4.50362,-0.58211,1.57151,0.47436,0.00086,0.00000,
6.82,1,4.31108,-1.63023,1.33131,0.39818,0.13330,0.06566,0.05840
6.82,2,3.46753,-2.32209,0.50936,0.30273,0.36586,0.09098,0.05239
6.84,0,4.50361,-0.57272,1.57153,0.44091,0.00069,0.00000,
6.84,1,4.31329,-1.62145,1.33699,0.47110,0.43191,0.06585,0.01882
6.84,2,3.47289,-2.31900,0.51617,0.32959,0.30245,0.09217,0.06145
6.86,0,4.50360,-0.56325,1.57155,0.50981,0.00093,0.00000,
6.86,1,4.31558,-1.61267,1.34334,0.45153,0.28752,0.06613,0.02829
6.86,2,3.47872,-2.31561,0.52089,0.31694,0.09742,0.09292,0.02207
6.88,0,4.50359,-0.55271,1.57157,0.53100,0.00090,0.00000,
6.88,1,4.31760,-1.60394,1.34657,0.41577,0.00786,0.06756,0.03884
6.88,2,3.48544,-2.31163,0.52280,0.41383,-0.04878,0.09239,0.03103
6.9,0,4.50359,-0.54228,1.57158,0.51150,0.00079,0.00000,
6.9,1,4.31946,-1.59704,1.34547,0.36686,0.03939,0.07071,0.04926
6.9,2,3.49257,-2.30773,0.52397,0.39678,0.21024,0.09033,0.03817
6.92,0,4.50358,-0.53221,1.57160,0.49985,0.00076,0.00000,
6.92,1,4.32125,-1.58963,1.34798,0.38677,0.15401,0.07303,0.05933
6.92,2,3.49931,-2.30377,0.53108,0.42085,0.50315,0.08885,0.00386
6.94,0,4.50357,-0.52220,1.57161,0.50232,0.00075,0.00000,
6.94,1,4.32294,-1.58177,1.35387,0.45283,0.43944,0.07486,0.02008
6.94,2,3.50805,-2.29841,0.54352,0.49999,0.42420,0.08518,0.01190
6.96,0,4.50356,-0.51268,1.57163,0.47425,0.00080,0.00000,
6.96,1,4.32473,-1.57283,1.36140,0.46311,0.24148,0.07513,0.02960
6.96,2,3.51632,-2.29329,0.55178,0.46365,0.38553,0.08286,0.02102
6.98,0,4.50355,-0.50307,1.57164,0.48407,0.00061,0.00000,
6.98,1,4.32670,-1.56356,1.36298,0.47914,-0.00014,0.07514,0.03921
6.98,2,3.52353,-2.28882,0.55869,0.36441,0.35130,0.08217,0.03049
7.0,0,4.50355,-0.49338,1.57166,0.48333,0.00063,0.00000,
7.0,1,4.32868,-1.55425,1.36319,0.47092,0.04041,0.07518,0.04890
7.0,2,3.52911,-2.28523,0.56548,0.33686,0.30562,0.08335,0.04001
7.02,0,4.50354,-0.48376,1.57167,0.48004,0.00065,0.00000,
7.02,1,4.33059,-1.54519,1.36469,0.45705,0.09219,0.07543,0.05853
7.02,2,3.53494,-2.28150,0.57136,0.35041,0.29311,0.08408,0.04927
7.04,0,4.50353,-0.47428,1.57168,0.47869,0.00059,0.00000,
7.04,1,4.33244,-1.53647,1.36624,0.41636,0.02649,0.07587,0.06800
7.04,2,3.54077,-2.27776,0.57808,0.31983,0.29413,0.08456,0.01351
7.06,0,4.50352,-0.46442,1.57169,0.50103,0.00063,0.00000,
7.06,1,4.33438,-1.52716,1.36845,0.55772,0.19959,0.07612,0.02897
7.06,2,3.54595,-2.27421,0.58292,0.31520,0.14781,0.08614,0.02302
7.08,0,4.50351,-0.45450,1.57170,0.50157,0.00056,0.00000,
7.08,1,4.33659,-1.51646,1.37208,0.48282,0.18542,0.07500,0.03888
7.08,2,3.55272,-2.26961,0.58867,0.47806,0.39192,0.08706,0.03394
7.1,0,4.50350,-0.44430,1.57172,0.51307,0.00058,0.00000,
7.1,1,4.33844,-1.50760,1.37436,0.45519,0.04250,0.07603,0.04908
7.1,2,3.56104,-2.26409,0.59653,0.49397,0.36951,0.08473,0.04300
7.12,0,4.50349,-0.43409,1.57173,0.50772,0.00053,0.00000,
7.12,1,4.34025,-1.49880,1.37458,0.39327,-0.07707,0.07715,0.05930
7.12,2,3.56872,-2.25891,0.60318,0.43896,0.30806,0.08306,0.05198
7.14,0,4.50348,-0.42400,1.57174,0.50284,0.00050,0.00000,
7.14,1,4.34193,-1.49093,1.37508,0.40966,0.09492,0.07909,0.06939
7.14,2,3.57570,-2.25412,0.60912,0.41738,0.29343,0.08146,0.01245
7.16,0,4.50347,-0.41394,1.57175,0.50305,0.00049,0.00000,
7.16,1,4.34361,-1.48331,1.37854,0.32032,0.25657,0.08125,0.03036
7.16,2,3.58484,-2.24767,0.61880,0.58993,0.43614,0.07702,0.02024
7.18,0,4.50346,-0.40386,1.57176,0.50453,0.00048,0.00000,
7.18,1,4.34523,-1.47725,1.38342,0.27145,0.16800,0.08499,0.04044
7.18,2,3.59363,-2.24153,0.62569,0.50995,0.35077,0.07193,0.02651
7.2,0,4.50345,-0.39434,1.57177,0.47293,0.00054,0.00000,
7.2,1,4.34658,-1.47151,1.38540,0.36047,0.09576,0.08853,0.04996
7.2,2,3.60157,-2.23574,0.63345,0.45280,0.38429,0.06728,0.03241
7.22,0,4.50345,-0.38477,1.57178,0.48192,0.00034,0.00000,
7.22,1,4.34805,-1.46498,1.38960,0.32865,0.24286,0.09133,0.00957
7.22,2,3.60783,-2.23104,0.64083,0.38598,0.33051,0.06525,0.03910
7.24,0,4.50344,-0.37512,1.57179,0.48200,0.00039,0.00000,
7.24,1,4.34937,-1.45840,1.39520,0.35722,0.32163,0.09418,0.01922
7.24,2,3.61388,-2.22650,0.64665,0.38508,0.27908,0.06345,0.01003
7.26,0,4.50343,-0.36551,1.57179,0.47918,0.00042,0.00000,
7.26,1,4.35082,-1.45019,1.39909,0.46077,0.08308,0.09536,0.02883
7.26,2,3.62063,-2.22163,0.64561,0.45090,-0.46897,0.06222,0.01837
7.28,0,4.50342,-0.35602,1.57180,0.48720,0.00041,0.00000,
7.28,1,4.35247,-1.44086,1.39969,0.46613,0.02635,0.09529,0.03832
7.28,2,3.62626,-2.21746,0.65028,0.31672,0.39857,0.06324,0.02784
7.3,0,4.50341,-0.34618,1.57181,0.49325,0.00033,0.00000,
7.3,1,4.35407,-1.43170,1.40035,0.45949,0.04634,0.09574,0.04816
7.3,2,3.63121,-2.21354,0.65616,0.31610,0.24631,0.06480,0.03714
7.32,0,4.50340,-0.33603,1.57182,0.51441,0.00041,0.00000,
7.32,1,4.35567,-1.42157,1.38290,0.53557,-1.87141,0.09555,0.01015
7.32,2,3.63620,-2.20965,0.66132,0.31621,0.27983,0.06710,0.04739
7.34,0,4.50339,-0.32577,1.57182,0.50968,0.00036,0.00000,
7.34,1,4.35728,-1.41162,1.34673,0.47289,-1.74667,0.09564,0.02041
7.34,2,3.64311,-2.20434,0.65728,0.47896,-0.57238,0.06698,0.01545
7.36,0,4.50338,-0.31567,1.57183,0.50214,0.00033,0.00000,
7.36,1,4.35930,-1.40219,1.32981,0.49336,0.02774,0.09603,0.03051
7.36,2,3.65031,-2.19895,0.64649,0.43107,-0.51827,0.06654,0.02509
7.38,0,4.50337,-0.30564,1.57184,0.50142,0.00032,0.00000,
7.38,1,4.36154,-1.39350,1.33813,0.42433,0.48839,0.09706,0.04054
7.38,2,3.65706,-2.19383,0.63770,0.47445,0.18417,0.06622,0.03404
7.4,0,4.50335,-0.29559,1.57184,0.50343,0.00032,0.00000,
7.4,1,4.36371,-1.38507,1.34464,0.44212,0.18901,0.09839,0.05059
7.4,2,3.66476,-2.18821,0.64078,0.47932,0.18179,0.06468,0.04273
7.42,0,4.50334,-0.28551,1.57185,0.50419,0.00030,0.00000,
7.42,1,4.36568,-1.37663,1.34758,0.40158,0.20396,0.09977,0.06067
7.42,2,3.67143,-2.18341,0.64770,0.41133,0.40226,0.06437,0.05140
7.44,0,4.50333,-0.27601,1.57186,0.47197,0.00038,0.00000,
7.44,1,4.36765,-1.36714,1.33079,0.49252,-1.57119,0.09954,0.01959
7.44,2,3.67821,-2.17830,0.65592,0.41821,0.34181,0.06457,0.06109
7.46,0,4.50332,-0.26645,1.57186,0.48093,0.00017,0.00000,
7.46,1,4.36973,-1.35769,1.30284,0.45206,-0.84720,0.09938,0.02914
7.46,2,3.68473,-2.17307,0.66109,0.40810,0.45248,0.06493,0.02361
7.48,0,4.50331,-0.25682,1.57187,0.48121,0.00024,0.00000,
7.48,1,4.37217,-1.34853,1.30424,0.50177,0.58956,0.09956,0.03877
7.48,2,3.68991,-2.16898,0.66946,0.32678,0.33864,0.06706,0.03307
7.5,0,4.50330,-0.24727,1.57187,0.45989,0.00012,0.00000,
7.5,1,4.37487,-1.33876,1.31639,0.45125,0.37695,0.09903,0.04833
7.5,2,3.69422,-2.16556,0.67476,0.26779,0.13007,0.07092,0.04320
7.52,0,4.50329,-0.23770,1.57188,0.49152,0.00029,0.00000,
7.52,1,4.37751,-1.32929,1.32340,0.52109,0.33645,0.09881,0.00956
7.52,2,3.69892,-2.16191,0.67680,0.32463,0.20047,0.07412,0.05303
7.54,0,4.50328,-0.22785,1.57188,0.50263,0.00024,0.00000,
7.54,1,4.38002,-1.31957,1.32935,0.46193,0.30369,0.09866,0.01942
7.54,2,3.70364,-2.15777,0.67803,0.33063,-0.03824,0.07706,0.06307
7.56,0,4.50327,-0.21761,1.57189,0.51470,0.00027,0.00000,
7.56,1,4.38219,-1.31092,1.33507,0.46185,0.23482,0.09999,0.02966
7.56,2,3.70976,-2.15296,0.68430,0.46422,1.14070,0.07759,0.02410
7.58,0,4.50326,-0.20739,1.57189,0.50629,0.00022,0.00000,
7.58,1,4.38441,-1.30170,1.33951,0.47723,0.22670,0.10074,0.03987
7.58,2,3.71635,-2.14790,0.71650,0.39913,1.70940,0.07813,0.03358
7.6,0,4.50325,-0.19735,1.57190,0.50039,0.00020,0.00000,
7.6,1,4.38657,-1.29256,1.34433,0.46178,0.24913,0.10141,0.04992
7.6,2,3.72215,-2.14271,0.74190,0.39515,0.70363,0.07899,0.04297
7.62,0,4.50324,-0.18734,1.57190,0.50121,0.00021,0.00000,
7.62,1,4.38854,-1.28451,1.34819,0.39431,0.20201,0.10315,0.05993
7.62,2,3.72837,-2.13697,0.74607,0.44301,0.00504,0.07820,0.05126
7.64,0,4.50323,-0.17729,1.57190,0.50316,0.00020,0.00000,
7.64,1,4.39039,-1.27644,1.35332,0.43356,0.33397,0.10492,0.02006
7.64,2,3.73492,-2.13092,0.74769,0.43610,0.16965,0.07694,0.05954
7.66,0,4.50322,-0.16722,1.57191,0.50346,0.00019,0.00000,
7.66,1,4.39221,-1.26963,1.36195,0.34887,0.44043,0.10799,0.03013
7.66,2,3.74091,-2.12543,0.75463,0.28935,0.53857,0.07545,0.01924
7.68,0,4.50320,-0.15753,1.57192,0.46762,0.00042,0.00000,
7.68,1,4.39391,-1.26201,1.36868,0.43426,0.23136,0.10988,0.03982
7.68,2,3.74441,-2.12228,0.76196,0.19486,0.28588,0.07792,0.02705
7.7,0,4.50319,-0.14805,1.57192,0.47844,0.00008,0.00000,
7.7,1,4.39580,-1.25319,1.37294,0.47933,0.19430,0.11035,0.04930
7.7,2,3.74639,-2.12076,0.76671,0.08512,0.21787,0.08371,0.03607
7.72,0,4.50318,-0.13844,1.57192,0.48121,0.00011,0.00000,
7.72,1,4.39793,-1.24247,1.37671,0.64888,0.24271,0.10904,0.00961
7.72,2,3.74896,-2.11853,0.77169,0.35649,0.48432,0.09026,0.00590
7.74,0,4.50317,-0.12884,1.57192,0.47858,0.00018,0.00000,
7.74,1,4.40039,-1.22991,1.38332,0.63973,0.33462,0.10586,0.01921
7.74,2,3.75361,-2.11414,0.77496,0.28059,0.10011,0.09554,0.01870
7.76,0,4.50316,-0.11946,1.57192,0.49105,0.00017,0.00000,
7.76,1,4.40260,-1.21843,1.38898,0.54703,0.20139,0.10357,0.02859
7.76,2,3.75767,-2.11027,0.77697,0.28058,0.09908,0.10060,0.03038
7.78,0,4.50315,-0.10924,1.57193,0.51899,0.00024,0.00000,
7.78,1,4.40446,-1.20904,1.39083,0.36693,-0.06649,0.10422,0.03881
7.78,2,3.76133,-2.10618,0.78036,0.29717,0.38215,0.10384,0.03996
7.8,0,4.50314,-0.09894,1.57193,0.50883,0.00014,0.00000,
7.8,1,4.40612,-1.20222,1.38856,0.35412,-0.12878,0.10754,0.04911
7.8,2,3.76699,-2.10006,0.79245,0.47719,0.50176,0.10209,0.04697
7.82,0,4.50313,-0.08890,1.57194,0.49780,0.00012,0.00000,
7.82,1,4.40753,-1.19505,1.38959,0.34330,0.05193,0.11027,0.01004
7.82,2,3.77411,-2.09290,0.80020,0.51504,0.26647,0.09880,0.00346
7.84,0,4.50312,-0.07896,1.57194,0.49771,0.00013,0.00000,
7.84,1,4.40874,-1.18786,1.39235,0.40677,0.20136,0.11290,0.01998
7.84,2,3.78149,-2.08608,0.80547,0.50711,0.25737,0.09556,0.01076
7.86,0,4.50310,-0.06897,1.57194,0.50091,0.00013,0.00000,
7.86,1,4.41051,-1.17813,1.39606,0.50981,0.22530,0.11301,0.02997
7.86,2,3.78880,-2.07904,0.81058,0.50700,0.25732,0.09461,0.02065
7.88,0,4.50309,-0.05894,1.57194,0.50182,0.00013,0.00000,
7.88,1,4.41248,-1.16735,1.39976,0.55794,0.16615,0.11211,0.04000
7.88,2,3.79492,-2.07297,0.80789,0.38252,-0.97267,0.09614,0.03160
7.9,0,4.50308,-0.04891,1.57195,0.50114,0.00012,0.00000,
7.9,1,4.41435,-1.15675,1.40314,0.51802,0.17434,0.11139,0.05003
7.9,2,3.80074,-2.06708,0.78601,0.37633,-0.58382,0.09782,0.04237
7.92,0,4.50307,-0.03889,1.57195,0.50068,0.00012,0.00000,
7.92,1,4.41609,-1.14590,1.40705,0.67281,0.24530,0.11042,0.01002
7.92,2,3.80576,-2.06210,0.77980,0.35160,-0.19563,0.10087,0.05335
7.94,0,4.50306,-0.02956,1.57196,0.47172,0.00013,0.00000,
7.94,1,4.41824,-1.13211,1.41287,0.67055,0.34505,0.10581,0.01935
7.94,2,3.81037,-2.05743,0.78152,0.32455,0.33500,0.10712,0.06730
7.96,0,4.50305,-0.02003,1.57196,0.47929,-0.00000,0.00000,
7.96,1,4.42029,-1.11967,1.41925,0.58263,0.23837,0.10275,0.02888
7.96,2,3.81580,-2.05185,0.79270,0.43185,0.63763,0.11102,0.03250
7.98,0,4.50304,-0.01045,1.57196,0.47829,0.00009,0.00000,
7.98,1,4.42190,-1.10937,1.42187,0.42807,-0.00096,0.10191,0.03846
7.98,2,3.82143,-2.04571,0.80275,0.41580,0.49559,0.11234,0.04292
8.0,0,4.50302,-0.00113,1.57196,0.47781,0.00005,0.00000,
8.0,1,4.42336,-1.10185,1.42056,0.39020,-0.11709,0.10360,0.04778
8.0,2,3.82715,-2.03984,0.80815,0.44211,0.11613,0.11143,0.05058
8.02,0,4.50301,0.00894,1.57196,0.51616,0.00020,0.00000,
8.02,1,4.42470,-1.09363,1.42014,0.43749,0.09525,0.10535,0.05785
8.02,2,3.83396,-2.03270,0.81181,0.52034,0.27988,0.10943,0.05890
8.04,0,4.50300,0.01924,1.57196,0.51038,0.00010,0.00000,
8.04,1,4.42601,-1.08471,1.42405,0.46925,0.31086,0.10663,0.02037
8.04,2,3.84092,-2.02535,0.81879,0.48330,0.37406,0.10777,0.06792
8.06,0,4.50299,0.02930,1.57196,0.49753,0.00006,0.00000,
8.06,1,4.42736,-1.07399,1.43200,0.50293,0.48886,0.10587,0.03042
8.06,2,3.84710,-2.01878,0.82744,0.38114,0.58590,0.10876,0.02411
8.08,0,4.50298,0.03921,1.57197,0.49565,0.00008,0.00000,
8.08,1,4.42886,-1.06388,1.43876,0.51469,0.18573,0.10557,0.04034
8.08,2,3.85141,-2.01457,0.83736,0.29446,0.56160,0.11233,0.03433
8.1,0,4.50297,0.04916,1.57197,0.49888,0.00009,0.00000,
8.1,1,4.43021,-1.05424,1.43984,0.39618,-0.07384,0.10580,0.05028
8.1,2,3.85577,-2.00972,0.85036,0.35961,0.56369,0.11486,0.04406
8.12,0,4.50295,0.05916,1.57197,0.50033,0.00008,0.00000,
8.12,1,4.43138,-1.04618,1.44062,0.41978,0.13023,0.10765,0.01000
8.12,2,3.86091,-2.00397,0.85792,0.37799,0.25918,0.11481,0.05221
8.14,0,4.50294,0.06916,1.57197,0.49978,0.00007,0.00000,
8.14,1,4.43254,-1.03848,1.44565,0.36978,0.27183,0.10988,0.02000
8.14,2,3.86710,-1.99670,0.86395,0.56340,0.24843,0.11262,0.01193
8.16,0,4.50293,0.07915,1.57197,0.49921,0.00007,0.00000,
8.16,1,4.43353,-1.03063,1.45098,0.43124,0.20068,0.11194,0.02999
8.16,2,3.87405,-1.98853,0.86900,0.50630,0.25525,0.10932,0.01984
8.18,0,4.50292,0.08913,1.57197,0.49921,0.00007,0.00000,
8.18,1,4.43465,-1.02170,1.45396,0.49225,0.09992,0.11293,0.03997
8.18,2,3.88044,-1.98086,0.87413,0.48739,0.27136,0.10776,0.02884
8.2,0,4.50291,0.09912,1.57197,0.49938,0.00007,0.00000,
8.2,1,4.43590,-1.01127,1.45547,0.53067,0.07701,0.11241,0.04996
8.2,2,3.88581,-1.97472,0.87812,0.36407,0.20529,0.10943,0.03934
8.22,0,4.50290,0.10910,1.57198,0.49943,0.00006,0.00000,
8.22,1,4.43706,-1.00128,1.45753,0.48304,0.11841,0.11234,0.00999
8.22,2,3.89059,-1.96909,0.88462,0.37529,0.38499,0.11143,0.04940
8.24,0,4.50288,0.11841,1.57198,0.47058,0.00008,0.00000,
8.24,1,4.43823,-0.98789,1.46229,0.68189,0.33926,0.10819,0.01930
8.24,2,3.89576,-1.96285,0.89391,0.38403,0.46906,0.11571,0.01830
8.26,0,4.50287,0.12792,1.57198,0.47789,-0.00005,0.00000,
8.26,1,4.43948,-0.97447,1.46927,0.63316,0.38928,0.10421,0.02881
8.26,2,3.90045,-1.95676,0.90406,0.40831,0.56217,0.12047,0.03179
8.28,0,4.50286,0.13748,1.57198,0.47688,0.00005,0.00000,
8.28,1,4.44074,-0.96261,1.47396,0.49836,0.05372,0.10184,0.03836
8.28,2,3.90614,-1.94947,0.91268,0.49878,0.34520,0.12236,0.04371
8.3,0,4.50285,0.14684,1.57198,0.47478,-0.00003,0.00000,
8.3,1,4.44190,-0.95458,1.47339,0.39689,-0.03819,0.10310,0.04772
8.3,2,3.91271,-1.94104,0.91822,0.54536,0.25498,0.11944,0.05182
8.32,0,4.50284,0.15684,1.57198,0.51374,0.00015,0.00000,
8.32,1,4.44298,-0.94655,1.47286,0.41817,0.01387,0.10501,0.05772
8.32,2,3.91911,-1.93270,0.92382,0.51394,0.29460,0.11666,0.05991
8.34,0,4.50283,0.16712,1.57198,0.51045,0.00007,0.00000,
8.34,1,4.44385,-0.93786,1.47450,0.46025,0.17008,0.10656,0.02029
8.34,2,3.92521,-1.92465,0.92975,0.49892,0.29320,0.11478,0.01284
8.36,0,4.50281,0.17719,1.57198,0.49810,0.00003,0.00000,
8.36,1,4.44470,-0.92684,1.47978,0.53213,0.35299,0.10555,0.03035
8.36,2,3.92923,-1.91979,0.93708,0.22825,0.23711,0.11878,0.02390
8.38,0,4.50280,0.18711,1.57199,0.49563,0.00004,0.00000,
8.38,1,4.44571,-0.91642,1.48430,0.52453,0.10875,0.10500,0.04027
8.38,2,3.93215,-1.91679,0.94126,0.20623,0.20774,0.12449,0.03436
8.4,0,4.50279,0.19705,1.57199,0.49855,0.00005,0.00000,
8.4,1,4.44659,-0.90632,1.48483,0.45677,-0.03381,0.10479,0.05021
8.4,2,3.93450,-1.91470,0.94385,0.15924,-0.02108,0.13097,0.04451
8.42,0,4.50278,0.20704,1.57199,0.50008,0.00004,0.00000,
8.42,1,4.44737,-0.89839,1.48435,0.40745,0.04382,0.10682,0.06020
8.42,2,3.93733,-1.91117,0.94435,0.26067,0.19757,0.13396,0.05247
8.44,0,4.50277,0.21704,1.57199,0.49965,0.00004,0.00000,
8.44,1,4.44810,-0.89054,1.48791,0.37336,0.22882,0.10893,0.01999
8.44,2,3.94053,-1.90581,0.95361,0.32710,0.56844,0.13508,0.01189
8.46,0,4.50275,0.22703,1.57199,0.49909,0.00004,0.00000,
8.46,1,4.44865,-0.88262,1.49320,0.42913,0.21023,0.11097,0.02998
8.46,2,3.94400,-1.90008,0.96320,0.35184,0.28150,0.13573,0.01983
8.48,0,4.50274,0.23701,1.57199,0.49906,0.00004,0.00000,
8.48,1,4.44938,-0.87373,1.49540,0.46787,0.04938,0.11202,0.03996
8.48,2,3.94864,-1.89391,0.96451,0.41466,0.02984,0.13644,0.02875
8.5,0,4.50273,0.24699,1.57199,0.49921,0.00004,0.00000,
8.5,1,4.45018,-0.86353,1.49573,0.52732,0.01484,0.11176,0.04994
8.5,2,3.95351,-1.88689,0.96805,0.43917,0.28298,0.13752,0.03898
8.52,0,4.50272,0.25697,1.57199,0.49927,0.00004,0.00000,
8.52,1,4.45095,-0.85333,1.49648,0.49230,0.05442,0.11151,0.05993
8.52,2,3.95856,-1.87943,0.97432,0.45044,0.31346,0.13812,0.04921
8.54,0,4.50271,0.26696,1.57199,0.49923,0.00003,0.00000,
8.54,1,4.45165,-0.84391,1.49769,0.46072,0.05973,0.11205,0.06991
8.54,2,3.96361,-1.87183,0.98045,0.52165,0.43525,0.13789,0.01446
8.56,0,4.50270,0.27651,1.57200,0.46561,0.00022,0.00000,
8.56,1,4.45233,-0.83205,1.49956,0.72693,0.18322,0.10970,0.02952
8.56,2,3.96955,-1.86275,0.99517,0.54894,0.68849,0.13817,0.02634
8.58,0,4.50268,0.28595,1.57200,0.47601,-0.00009,0.00000,
8.58,1,4.45302,-0.81907,1.50428,0.64230,0.24102,0.10614,0.03896
8.58,2,3.97534,-1.85398,1.00468,0.52778,0.30188,0.13983,0.03933
8.6,0,4.50267,0.29550,1.57200,0.47776,-0.00002,0.00000,
8.6,1,4.45384,-0.80669,1.50886,0.58203,0.15631,0.10328,0.04851
8.6,2,3.98136,-1.84455,1.00765,0.57330,0.11275,0.14034,0.05174
8.62,0,4.50266,0.30480,1.57199,0.47052,-0.00007,0.00000,
8.62,1,4.45450,-0.79701,1.50947,0.41595,-0.04133,0.10286,0.00930
8.62,2,3.98758,-1.83457,1.00761,0.62608,-0.95429,0.13778,0.00421
8.64,0,4.50265,0.31477,1.57200,0.51361,0.00015,0.00000,
8.64,1,4.45515,-0.78699,1.50930,0.51008,-0.00593,0.10279,0.01927
8.64,2,3.99415,-1.82379,0.97874,0.63137,-1.45391,0.13467,0.01425
8.66,0,4.50264,0.32506,1.57200,0.51051,0.00005,0.00000,
8.66,1,4.45581,-0.77782,1.50950,0.45824,0.00088,0.10387,0.02956
8.66,2,4.00074,-1.81410,0.95899,0.49931,-0.46089,0.13181,0.02345
8.68,0,4.50262,0.33511,1.57200,0.49701,-0.00000,0.00000,
8.68,1,4.45647,-0.76755,1.50959,0.54076,0.01839,0.10363,0.03961
8.68,2,4.00640,-1.80632,0.96337,0.50073,0.59217,0.13209,0.03374
8.7,0,4.50261,0.34500,1.57200,0.49416,0.00002,0.00000,
8.7,1,4.45711,-0.75789,1.50973,0.44996,0.01057,0.10383,0.04950
8.7,2,4.01201,-1.79801,0.97498,0.50727,0.51995,0.13135,0.04342
8.72,0,4.50260,0.35492,1.57200,0.49732,0.00003,0.00000,
8.72,1,4.45767,-0.74903,1.51045,0.43996,0.04930,0.10486,0.05942
8.72,2,4.01813,-1.78888,0.98279,0.56847,0.31821,0.12893,0.05229
8.74,0,4.50259,0.36489,1.57200,0.49903,0.00002,0.00000,
8.74,1,4.45821,-0.74022,1.51162,0.38474,0.10955,0.10600,0.01989
8.74,2,4.02403,-1.78012,0.99004,0.43120,0.49517,0.12690,0.01324
8.76,0,4.50258,0.37487,1.57200,0.49858,0.00002,0.00000,
8.76,1,4.45876,-0.73385,1.51067,0.32173,-0.10646,0.10958,0.02986
8.76,2,4.02815,-1.77431,0.99834,0.28517,0.26797,0.12605,0.01963
8.78,0,4.50257,0.38483,1.57200,0.49795,0.00002,0.00000,
8.78,1,4.45937,-0.72846,1.50559,0.28591,-0.04099,0.11413,0.03983
8.78,2,4.03173,-1.76974,0.99908,0.31030,-0.14368,0.12568,0.02506
8.8,0,4.50255,0.39479,1.57200,0.49791,0.00002,0.00000,
8.8,1,4.45982,-0.72176,1.51037,0.33618,0.32387,0.11737,0.04979
8.8,2,4.03575,-1.76379,0.99923,0.38358,0.22727,0.12501,0.03176
8.82,0,4.50254,0.40475,1.57200,0.49808,0.00002,0.00000,
8.82,1,4.46028,-0.71417,1.51685,0.38386,0.32537,0.11972,0.00996
8.82,2,4.03994,-1.75693,1.00771,0.45186,0.45664,0.12429,0.03937
8.84,0,4.50253,0.41471,1.57200,0.49814,0.00002,0.00000,
8.84,1,4.46073,-0.70645,1.52310,0.39936,0.25488,0.12195,0.01992
8.84,2,4.04474,-1.74919,1.01460,0.41896,0.40313,0.12265,0.01157
8.86,0,4.50252,0.42467,1.57200,0.49811,0.00002,0.00000,
8.86,1,4.46117,-0.69734,1.52488,0.50092,-0.01685,0.12278,0.02989
8.86,2,4.04859,-1.74303,1.02344,0.31986,0.29387,0.12414,0.02069
8.88,0,4.50251,0.43464,1.57200,0.49808,0.00002,0.00000,
8.88,1,4.46165,-0.68691,1.52401,0.52499,-0.03404,0.12229,0.03985
8.88,2,4.05210,-1.73792,1.02605,0.32506,0.06728,0.12799,0.03114
8.9,0,4.50249,0.44460,1.57200,0.49809,0.00002,0.00000,
8.9,1,4.46212,-0.67678,1.52401,0.49052,0.02315,0.12210,0.04981
8.9,2,4.05582,-1.73198,1.02930,0.35555,0.28572,0.13072,0.04128
8.92,0,4.50248,0.45456,1.57200,0.49809,0.00002,0.00000,
8.92,1,4.46256,-0.66724,1.52463,0.47043,0.03029,0.12251,0.05977
8.92,2,4.05959,-1.72566,1.03715,0.41324,0.38832,0.13254,0.05082
8.94,0,4.50247,0.46390,1.57201,0.46827,0.00007,0.00000,
8.94,1,4.46300,-0.65536,1.52583,0.64579,0.08525,0.11996,0.01931
8.94,2,4.06423,-1.71772,1.04658,0.45173,0.44428,0.13474,0.01662
8.96,0,4.50246,0.47337,1.57201,0.47645,-0.00011,0.00000,
8.96,1,4.46343,-0.64245,1.52754,0.64580,0.08514,0.11651,0.02878
8.96,2,4.06883,-1.70971,1.05397,0.45789,0.39760,0.13787,0.02953
8.98,0,4.50245,0.48291,1.57200,0.47600,-0.00001,0.00000,
8.98,1,4.46385,-0.63045,1.52874,0.59328,0.01694,0.11402,0.03831
8.98,2,4.07385,-1.70102,1.06009,0.52646,0.26566,0.13940,0.04155
9.0,0,4.50243,0.49226,1.57200,0.49320,0.00007,0.00000,
9.0,1,4.46430,-0.62150,1.52777,0.40166,-0.06548,0.11442,0.04767
9.0,2,4.07902,-1.69185,1.06564,0.51805,0.29613,0.13758,0.05050
9.02,0,4.50242,0.50246,1.57200,0.51555,0.00011,0.00000,
9.02,1,4.46475,-0.61265,1.52631,0.57228,-0.00514,0.11575,0.01020
9.02,2,4.08388,-1.68309,1.07184,0.48815,0.31352,0.13618,0.05936
9.04,0,4.50241,0.51266,1.57201,0.50355,-0.00000,0.00000,
9.04,1,4.46517,-0.60161,1.53005,0.53254,0.22877,0.11489,0.02040
9.04,2,4.08848,-1.67465,1.07792,0.47765,0.29378,0.13724,0.07041
9.06,0,4.50240,0.52260,1.57200,0.49366,-0.00001,0.00000,
9.06,1,4.46580,-0.59095,1.53416,0.53462,0.16069,0.11416,0.03034
9.06,2,4.09286,-1.66648,1.08576,0.44392,0.52982,0.13835,0.02652
9.08,0,4.50239,0.53247,1.57200,0.49442,0.00001,0.00000,
9.08,1,4.46633,-0.58045,1.53523,0.51600,-0.01932,0.11350,0.04021
9.08,2,4.09678,-1.65950,1.09345,0.41163,0.39177,0.14058,0.03704
9.1,0,4.50237,0.54240,1.57201,0.49753,0.00001,0.00000,
9.1,1,4.46666,-0.57087,1.53425,0.42780,-0.05701,0.11384,0.05013
9.1,2,4.10076,-1.65190,1.10017,0.43798,0.28614,0.14128,0.04662
9.12,0,4.50236,0.55236,1.57201,0.49816,0.00001,0.00000,
9.12,1,4.46695,-0.56207,1.53392,0.45145,0.01151,0.11499,0.06010
9.12,2,4.10472,-1.64416,1.10528,0.42849,0.24503,0.14111,0.05543
9.14,0,4.50235,0.56232,1.57201,0.49743,0.00001,0.00000,
9.14,1,4.46726,-0.54950,1.53644,0.63089,0.23109,0.11237,0.01992
9.14,2,4.10848,-1.63668,1.11031,0.41148,0.25874,0.14485,0.06800
9.16,0,4.50234,0.57226,1.57201,0.49704,0.00001,0.00000,
9.16,1,4.46759,-0.53803,1.54136,0.56933,0.24000,0.11083,0.02986
9.16,2,4.11232,-1.62913,1.10551,0.41359,-0.49737,0.14748,0.02852
9.18,0,4.50233,0.58220,1.57201,0.49715,0.00001,0.00000,
9.18,1,4.46828,-0.52677,1.54507,0.51231,0.10574,0.10949,0.03980
9.18,2,4.11608,-1.62191,1.09675,0.38605,-0.19804,0.15038,0.03979
9.2,0,4.50231,0.59215,1.57201,0.49729,0.00001,0.00000,
9.2,1,4.46862,-0.51846,1.54631,0.41399,0.07352,0.11112,0.04975
9.2,2,4.12017,-1.61409,1.09999,0.50491,0.33226,0.14971,0.04811
9.22,0,4.50230,0.60209,1.57201,0.49730,0.00001,0.00000,
9.22,1,4.46867,-0.51024,1.54729,0.38608,0.01730,0.11284,0.05969
9.22,2,4.12503,-1.60457,1.10767,0.53648,0.38000,0.14702,0.05632
9.24,0,4.50229,0.61204,1.57201,0.49726,0.00001,0.00000,
9.24,1,4.46882,-0.50115,1.54687,0.49542,-0.03741,0.11369,0.06964
9.24,2,4.12958,-1.59566,1.11381,0.55837,0.41958,0.14587,0.01311
9.26,0,4.50228,0.62198,1.57201,0.49725,0.00001,0.00000,
9.26,1,4.46904,-0.48886,1.54606,0.67546,-0.10539,0.11134,0.02984
9.26,2,4.13505,-1.58431,1.12265,0.62489,0.43265,0.14523,0.02540
9.28,0,4.50227,0.63193,1.57201,0.49726,0.00001,0.00000,
9.28,1,4.46925,-0.47541,1.54396,0.64785,-0.09965,0.10783,0.03978
9.28,2,4.13977,-1.57453,1.13110,0.47859,0.39824,0.14744,0.03885
9.3,0,4.50225,0.64187,1.57201,0.49726,0.00001,0.00000,
9.3,1,4.46934,-0.46310,1.54241,0.59162,-0.06490,0.10546,0.04973
9.3,2,4.14373,-1.56608,1.13647,0.46631,0.20982,0.15004,0.05116
9.32,0,4.50224,0.65182,1.57201,0.49726,0.00001,0.00000,
9.32,1,4.46960,-0.45385,1.54129,0.40990,-0.04365,0.10615,0.05967
9.32,2,4.14752,-1.55841,1.13854,0.40803,0.14614,0.15056,0.06041
9.34,0,4.50223,0.66176,1.57201,0.49726,0.00001,0.00000,
9.34,1,4.46997,-0.44403,1.52982,0.52472,-0.51647,0.10626,0.01989
9.34,2,4.15118,-1.55078,1.14474,0.43144,0.37785,0.15175,0.01390
9.36,0,4.50222,0.67171,1.57201,0.49726,0.00001,0.00000,
9.36,1,4.47014,-0.43411,1.52499,0.48885,-0.01984,0.10628,0.02984
9.36,2,4.15528,-1.54146,1.12706,0.51190,-1.13467,0.15125,0.02382
9.38,0,4.50221,0.68165,1.57201,0.49726,0.00001,0.00000,
9.38,1,4.47063,-0.42343,1.52676,0.55302,0.12229,0.10554,0.03978
9.38,2,4.15935,-1.53357,1.11113,0.42109,-0.55756,0.15295,0.03451
9.4,0,4.50219,0.69137,1.57201,0.46078,0.00035,0.00000,
9.4,1,4.47116,-0.41316,1.52838,0.45327,0.04387,0.10497,0.04950
9.4,2,4.16346,-1.52571,1.10952,0.41263,0.09231,0.15432,0.04479
9.42,0,4.50218,0.70071,1.57201,0.47188,-0.00007,0.00000,
9.42,1,4.47159,-0.40414,1.52906,0.45189,0.02693,0.10527,0.05884
9.42,2,4.16745,-1.51812,1.11615,0.43121,0.34960,0.15476,0.05383
9.44,0,4.50217,0.71021,1.57201,0.47628,-0.00008,0.00000,
9.44,1,4.47205,-0.39357,1.52987,0.56550,0.04429,0.10419,0.01884
9.44,2,4.17138,-1.51026,1.12307,0.44496,0.34688,0.15646,0.06441
9.46,0,4.50216,0.71950,1.57201,0.46252,-0.00016,0.00000,
9.46,1,4.47248,-0.38341,1.53078,0.48032,0.03775,0.10332,0.02813
9.46,2,4.17555,-1.50129,1.11273,0.51696,-1.39264,0.15664,0.02525
9.48,0,4.50215,0.72936,1.57201,0.51053,0.00013,0.00000,
9.48,1,4.47289,-0.37357,1.53121,0.49762,0.01514,0.10332,0.03799
9.48,2,4.17979,-1.49265,1.08878,0.43629,-0.91219,0.15683,0.03511
9.5,0,4.50213,0.73963,1.57201,0.51050,0.00004,0.00000,
9.5,1,4.47327,-0.36478,1.53129,0.42451,0.01423,0.10479,0.04826
9.5,2,4.18394,-1.48536,1.07946,0.42634,0.05897,0.15732,0.04390
9.52,0,4.50212,0.74968,1.57201,0.49641,-0.00003,0.00000,
9.52,1,4.47362,-0.35617,1.53188,0.43401,0.03520,0.10622,0.05831
9.52,2,4.18794,-1.47809,1.08714,0.42946,0.63973,0.15772,0.05252
9.54,0,4.50211,0.75955,1.57201,0.49250,-0.00001,0.00000,
9.54,1,4.47397,-0.34755,1.53250,0.42743,0.02610,0.10745,0.06817
9.54,2,4.19261,-1.46915,1.09992,0.56165,0.43685,0.15635,0.01296
9.56,0,4.50210,0.76943,1.57201,0.49554,0.00001,0.00000,
9.56,1,4.47429,-0.33898,1.53349,0.37336,0.09251,0.10876,0.02979
9.56,2,4.19721,-1.46028,1.11106,0.48619,0.67707,0.15502,0.02153
9.58,0,4.50209,0.77936,1.57201,0.49752,0.00000,0.00000,
9.58,1,4.47454,-0.33173,1.53504,0.39236,0.04895,0.11144,0.03973
9.58,2,4.20177,-1.45107,1.12275,0.53102,0.47625,0.15209,0.02879
9.6,0,4.50207,0.78931,1.57201,0.49718,-0.00000,0.00000,
9.6,1,4.47485,-0.32271,1.53539,0.48955,0.00318,0.11236,0.04968
9.6,2,4.20619,-1.44268,1.12789,0.45121,0.30592,0.15174,0.03781
9.62,0,4.50206,0.79925,1.57201,0.49651,0.00000,0.00000,
9.62,1,4.47520,-0.31275,1.53553,0.49284,0.01401,0.11232,0.05962
9.62,2,4.21016,-1.43471,1.13564,0.44369,0.43304,0.15284,0.04778
9.64,0,4.50205,0.80918,1.57201,0.49642,0.00000,0.00000,
9.64,1,4.47552,-0.30221,1.53623,0.63227,0.05947,0.11170,0.01986
9.64,2,4.21392,-1.42666,1.14425,0.44474,0.41263,0.15448,0.05833
9.66,0,4.50204,0.81911,1.57201,0.49659,0.00000,0.00000,
9.66,1,4.47585,-0.28952,1.53936,0.63553,0.16657,0.10894,0.02979
9.66,2,4.21767,-1.41823,1.15277,0.51372,0.50320,0.15787,0.02822
9.68,0,4.50203,0.82904,1.57201,0.49667,0.00000,0.00000,
9.68,1,4.47630,-0.27750,1.54270,0.56207,0.10895,0.10684,0.03973
9.68,2,4.22186,-1.40860,1.16421,0.52029,0.52904,0.15936,0.04025
9.7,0,4.50201,0.83897,1.57201,0.49664,0.00000,0.00000,
9.7,1,4.47661,-0.26766,1.54305,0.37541,-0.03892,0.10693,0.04966
9.7,2,4.22617,-1.39870,1.17099,0.55031,0.25556,0.15843,0.05009
9.72,0,4.50200,0.84891,1.57201,0.49661,0.00000,0.00000,
9.72,1,4.47688,-0.25877,1.54566,0.49218,0.27100,0.10796,0.00993
9.72,2,4.23043,-1.38861,1.17659,0.54083,0.32031,0.15641,0.05899
9.74,0,4.50199,0.85884,1.57201,0.49661,0.00000,0.00000,
9.74,1,4.47737,-0.24937,1.54986,0.43253,0.14190,0.10848,0.01986
9.74,2,4.23449,-1.37883,1.18375,0.52178,0.37411,0.15527,0.06839
9.76,0,4.50198,0.86877,1.57201,0.49662,0.00000,0.00000,
9.76,1,4.47763,-0.23929,1.55083,0.55742,-0.01756,0.10833,0.02980
9.76,2,4.23894,-1.36788,1.19338,0.62503,0.50050,0.15355,0.02440
9.78,0,4.50197,0.87870,1.57201,0.49662,0.00000,0.00000,
9.78,1,4.47779,-0.22798,1.55001,0.55442,-0.04274,0.10695,0.03973
9.78,2,4.24331,-1.35689,1.20168,0.55142,0.34789,0.15300,0.03571
9.8,0,4.50195,0.88863,1.57201,0.49662,0.00000,0.00000,
9.8,1,4.47795,-0.21843,1.54927,0.45374,-0.02374,0.10732,0.04966
9.8,2,4.24701,-1.34734,1.20784,0.49059,0.29563,0.15230,0.04526
9.82,0,4.50194,0.89857,1.57201,0.49662,0.00000,0.00000,
9.82,1,4.47814,-0.20934,1.54920,0.45547,0.00682,0.10816,0.00993
9.82,2,4.25043,-1.33865,1.21280,0.43302,0.18347,0.15204,0.05436
9.84,0,4.50193,0.90850,1.57201,0.49662,0.00000,0.00000,
9.84,1,4.47834,-0.19644,1.54975,0.61963,0.04589,0.10519,0.01986
9.84,2,4.25370,-1.33024,1.21896,0.46434,0.36997,0.15584,0.06726
9.86,0,4.50192,0.91843,1.57201,0.49662,0.00000,0.00000,
9.86,1,4.47854,-0.18446,1.55075,0.59897,0.05007,0.10314,0.02980
9.86,2,4.25710,-1.32086,1.22652,0.61174,0.42893,0.15777,0.02943
9.88,0,4.50191,0.92836,1.57201,0.49662,0.00000,0.00000,
9.88,1,4.47875,-0.17297,1.55123,0.54564,0.00005,0.10158,0.03973
9.88,2,4.26139,-1.30920,1.23847,0.58716,0.71788,0.15683,0.04092
9.9,0,4.50189,0.93830,1.57201,0.49662,0.00000,0.00000,
9.9,1,4.47894,-0.16417,1.55087,0.42470,-0.01282,0.10270,0.04966
9.9,2,4.26572,-1.29828,1.25242,0.58228,0.62872,0.15398,0.04973
9.92,0,4.50188,0.94823,1.57201,0.49662,0.00000,0.00000,
9.92,1,4.47913,-0.15535,1.55081,0.45116,0.00157,0.10381,0.05959
9.92,2,4.26935,-1.28785,1.25994,0.52402,0.20398,0.15176,0.05855
9.94,0,4.50187,0.95816,1.57201,0.49662,0.00000,0.00000,
9.94,1,4.47932,-0.14355,1.55115,0.61304,0.03801,0.10194,0.01986
9.94,2,4.27259,-1.27706,1.26348,0.63836,0.33863,0.15221,0.01628
9.96,0,4.50186,0.96809,1.57201,0.49662,0.00000,0.00000,
9.96,1,4.47950,-0.13129,1.55191,0.61305,0.03799,0.09961,0.02980
9.96,2,4.27602,-1.26496,1.27114,0.57879,0.56062,0.15179,0.02854
9.98,0,4.50185,0.97803,1.57201,0.49662,0.00000,0.00000,
9.98,1,4.47968,-0.11989,1.55301,0.56533,0.04386,0.09814,0.03973
9.98,2,4.27935,-1.25451,1.28050,0.56413,0.25325,0.15217,0.03994
10.0,0,4.50183,0.98747,1.57201,0.46460,0.00014,0.00000,
10.0,1,4.47987,-0.11099,1.55293,0.38295,-0.02445,0.09868,0.04917
10.0,2,4.28253,-1.24550,1.27954,0.42937,-0.10453,0.15155,0.04884
10.02,0,4.50182,0.99688,1.57201,0.47426,-0.00012,0.00000,
10.02,1,4.48004,-0.10269,1.55234,0.49619,-0.00032,0.09978,0.00941
10.02,2,4.28536,-1.23738,1.27887,0.43442,0.07376,0.15128,0.05714
10.04,0,4.50181,1.00638,1.57201,0.47516,-0.00004,0.00000,
10.04,1,4.48025,-0.09275,1.55268,0.48321,0.01661,0.09935,0.01892
10.04,2,4.28795,-1.22877,1.28370,0.47415,0.39078,0.15217,0.01439
10.06,0,4.50180,1.01572,1.57201,0.49241,0.00005,0.00000,
10.06,1,4.48042,-0.08285,1.55110,0.49805,-0.04472,0.09877,0.02826
10.06,2,4.29064,-1.21956,1.29148,0.47059,0.32992,0.15245,0.02430
10.08,0,4.50179,1.02590,1.57201,0.51450,0.00010,0.00000,
10.08,1,4.48059,-0.07416,1.55082,0.40065,0.00235,0.10027,0.03844
10.08,2,4.29308,-1.21109,1.29704,0.44023,0.20720,0.15228,0.03298
10.1,0,4.50177,1.03608,1.57201,0.50233,-0.00001,0.00000,
10.1,1,4.48077,-0.06578,1.55107,0.43044,0.01263,0.10206,0.04861
10.1,2,4.29551,-1.20245,1.30052,0.45215,0.17499,0.15166,0.04137
10.12,0,4.50176,1.04600,1.57201,0.49246,-0.00003,0.00000,
10.12,1,4.48095,-0.05717,1.55118,0.42671,-0.00005,0.10336,0.05853
10.12,2,4.29790,-1.19381,1.30450,0.44260,0.21530,0.15129,0.04998
10.14,0,4.50175,1.05584,1.57201,0.49328,-0.00000,0.00000,
10.14,1,4.48114,-0.04771,1.55121,0.50048,0.00370,0.10374,0.01976
10.14,2,4.30023,-1.18562,1.31060,0.34957,0.37052,0.15221,0.01376
10.16,0,4.50174,1.06574,1.57201,0.49640,0.00000,0.00000,
10.16,1,4.48133,-0.03791,1.55131,0.50190,0.00302,0.10384,0.02967
10.16,2,4.30241,-1.17934,1.31660,0.26498,0.01626,0.15537,0.02356
10.18,0,4.50173,1.07568,1.57201,0.49702,-0.00000,0.00000,
10.18,1,4.48153,-0.02747,1.55131,0.52897,-0.00160,0.10333,0.03961
10.18,2,4.30441,-1.17399,1.31455,0.35079,0.03272,0.16013,0.03400
10.2,0,4.50171,1.08562,1.57201,0.49628,-0.00000,0.00000,
10.2,1,4.48173,-0.01708,1.55129,0.50859,0.00026,0.10287,0.04954
10.2,2,4.30654,-1.16708,1.31990,0.32812,0.37293,0.16327,0.04439
10.22,0,4.50170,1.09554,1.57201,0.49589,-0.00000,0.00000,
10.22,1,4.48192,-0.00829,1.55114,0.43332,-0.00286,0.10400,0.05946
10.22,2,4.30864,-1.16093,1.32752,0.33922,0.33571,0.16560,0.05318
10.24,0,4.50169,1.10545,1.57201,0.49600,-0.00000,0.00000,
10.24,1,4.48210,0.00203,1.55131,0.66183,0.02183,0.10360,0.01984
10.24,2,4.31071,-1.15305,1.33181,0.46235,0.13987,0.16772,0.06350
10.26,0,4.50168,1.11538,1.57201,0.49614,-0.00000,0.00000,
10.26,1,4.48229,0.01418,1.55204,0.53595,0.04965,0.10137,0.02976
10.26,2,4.31325,-1.14166,1.33534,0.71813,0.25606,0.16813,0.02677
10.28,0,4.50167,1.12530,1.57201,0.49615,-0.00000,0.00000,
10.28,1,4.48248,0.02480,1.55285,0.48751,0.01599,0.10067,0.03968
10.28,2,4.31620,-1.12894,1.34366,0.64613,0.43195,0.16566,0.03739
10.3,0,4.50165,1.13522,1.57201,0.49611,-0.00000,0.00000,
10.3,1,4.48268,0.03248,1.55236,0.37466,-0.04661,0.10291,0.04961
10.3,2,4.31918,-1.11681,1.35295,0.58175,0.46773,0.16086,0.04507
10.32,0,4.50164,1.14514,1.57201,0.49610,-0.00000,0.00000,
10.32,1,4.48285,0.04030,1.55188,0.40944,-0.00249,0.10500,0.05953
10.32,2,4.32169,-1.10712,1.35630,0.41638,-0.00356,0.15869,0.05290
10.34,0,4.50163,1.15507,1.57201,0.49611,-0.00000,0.00000,
10.34,1,4.48299,0.05029,1.55435,0.58036,0.28045,0.10493,0.01984
10.34,2,4.32381,-1.09822,1.35889,0.52419,0.25199,0.15949,0.01400
10.36,0,4.50162,1.16499,1.57201,0.49611,-0.00000,0.00000,
10.36,1,4.48320,0.06113,1.55990,0.53705,0.25084,0.10401,0.02977
10.36,2,4.32608,-1.08779,1.36393,0.49665,0.24562,0.15961,0.02484
10.38,0,4.50161,1.17491,1.57201,0.49611,-0.00000,0.00000,
10.38,1,4.48365,0.07151,1.56270,0.52492,0.00842,0.10355,0.03969
10.38,2,4.32804,-1.07876,1.36789,0.47326,0.11166,0.16075,0.03523
10.4,0,4.50159,1.18483,1.57201,0.49611,-0.00000,0.00000,
10.4,1,4.48375,0.08142,1.56125,0.41816,-0.09754,0.10356,0.04961
10.4,2,4.33001,-1.06931,1.36958,0.48422,0.09038,0.16096,0.04514
10.42,0,4.50158,1.19476,1.57201,0.49611,-0.00000,0.00000,
10.42,1,4.48379,0.09134,1.56271,0.59798,0.44607,0.10356,0.00992
10.42,2,4.33186,-1.06082,1.37075,0.41115,0.08636,0.16213,0.05506
10.44,0,4.50157,1.20468,1.57201,0.49611,-0.00000,0.00000,
10.44,1,4.48398,0.10242,1.57241,0.48504,0.38659,0.10240,0.01984
10.44,2,4.33360,-1.05273,1.37470,0.36218,0.33896,0.16489,0.01675
10.46,0,4.50156,1.21460,1.57201,0.49611,-0.00000,0.00000,
10.46,1,4.48406,0.11227,1.57589,0.50195,0.10697,0.10247,0.02977
10.46,2,4.33523,-1.04558,1.38163,0.38242,0.34007,0.16737,0.02660
10.48,0,4.50155,1.22452,1.57201,0.49611,-0.00000,0.00000,
10.48,1,4.48395,0.12054,1.57676,0.36721,0.08710,0.10412,0.03969
10.48,2,4.33690,-1.03705,1.38584,0.47341,0.11009,0.16689,0.03487
10.5,0,4.50153,1.23444,1.57201,0.49611,-0.00000,0.00000,
10.5,1,4.48376,0.12811,1.57963,0.38934,0.08338,0.10648,0.04961
10.5,2,4.33872,-1.02747,1.38731,0.46985,0.10351,0.16465,0.04244
10.52,0,4.50152,1.24437,1.57201,0.49611,-0.00000,0.00000,
10.52,1,4.48370,0.13691,1.57783,0.55180,-0.37284,0.10760,0.00992
10.52,2,4.34047,-1.01827,1.38979,0.49206,0.10129,0.16404,0.05125
10.54,0,4.50151,1.25429,1.57201,0.49611,-0.00000,0.00000,
10.54,1,4.48365,0.14795,1.57036,0.55194,-0.37182,0.10648,0.01984
10.54,2,4.34228,-1.00844,1.39169,0.49768,0.09676,0.16500,0.06228
10.56,0,4.50150,1.26421,1.57201,0.49611,-0.00000,0.00000,
10.56,1,4.48315,0.15900,1.56350,0.55060,-0.32115,0.10536,0.02977
10.56,2,4.34388,-0.99958,1.39486,0.41281,0.19286,0.16692,0.02709
10.58,0,4.50149,1.27413,1.57201,0.49611,-0.00000,0.00000,
10.58,1,4.48297,0.16914,1.56030,0.44977,-0.04621,0.10514,0.03969
10.58,2,4.34530,-0.99258,1.39650,0.33357,0.02608,0.16986,0.03723
10.6,0,4.50147,1.28406,1.57201,0.49611,-0.00000,0.00000,
10.6,1,4.48314,0.17792,1.56033,0.45457,0.02022,0.10628,0.04961
10.6,2,4.34671,-0.98562,1.39490,0.37542,-0.06557,0.17151,0.04601
10.62,0,4.50146,1.29398,1.57201,0.49611,-0.00000,0.00000,
10.62,1,4.48343,0.18973,1.55955,0.63657,-0.15277,0.10440,0.00992
10.62,2,4.34805,-0.97841,1.39680,0.37957,0.18531,0.17595,0.05781
10.64,0,4.50145,1.30390,1.57201,0.49611,-0.00000,0.00000,
10.64,1,4.48366,0.20209,1.55629,0.58440,-0.19777,0.10195,0.01984
10.64,2,4.34963,-0.96813,1.40216,0.59217,0.52907,0.17787,0.01884
10.66,0,4.50144,1.31382,1.57201,0.49611,-0.00000,0.00000,
10.66,1,4.48344,0.21364,1.55198,0.56552,-0.19514,0.10033,0.02977
10.66,2,4.35141,-0.95710,1.41227,0.58029,0.24831,0.17817,0.03039
10.68,0,4.50143,1.32374,1.57201,0.49611,-0.00000,0.00000,
10.68,1,4.48356,0.22417,1.55057,0.43931,-0.00590,0.09972,0.03969
10.68,2,4.35365,-0.94474,1.41111,0.70041,-0.12408,0.17611,0.04092
10.7,0,4.50141,1.33367,1.57201,0.49611,-0.00000,0.00000,
10.7,1,4.48380,0.23252,1.55070,0.43382,0.01779,0.10128,0.04961
10.7,2,4.35596,-0.93000,1.41074,0.74713,0.06367,0.16953,0.04927
10.72,0,4.50140,1.34359,1.57201,0.49611,-0.00000,0.00000,
10.72,1,4.48405,0.24151,1.55108,0.45630,0.01585,0.10222,0.05953
10.72,2,4.35810,-0.91609,1.41290,0.66681,0.12007,0.16443,0.05826
10.74,0,4.50139,1.35329,1.57201,0.45984,0.00034,0.00000,
10.74,1,4.48429,0.25308,1.55244,0.60287,0.18161,0.10034,0.01962
10.74,2,4.36006,-0.90362,1.41519,0.62062,0.16092,0.16335,0.01612
10.76,0,4.50138,1.36261,1.57201,0.47088,-0.00008,0.00000,
10.76,1,4.48452,0.26513,1.55607,0.60287,0.18207,0.09760,0.02894
10.76,2,4.36195,-0.89161,1.39210,0.53572,-1.37089,0.16321,0.02818
10.78,0,4.50137,1.37209,1.57201,0.47524,-0.00009,0.00000,
10.78,1,4.48489,0.27649,1.55987,0.55170,0.12642,0.09572,0.03842
10.78,2,4.36383,-0.88147,1.36427,0.45454,-1.42714,0.16427,0.03954
10.8,0,4.50135,1.38135,1.57201,0.46842,-0.00012,0.00000,
10.8,1,4.48505,0.28549,1.56044,0.40770,-0.01529,0.09598,0.04768
10.8,2,4.36580,-0.87335,1.34728,0.39699,-0.22307,0.16496,0.04854
10.82,0,4.50134,1.39128,1.57201,0.51175,0.00013,0.00000,
10.82,1,4.48504,0.29390,1.56107,0.43045,0.05000,0.09750,0.05761
10.82,2,4.36760,-0.86528,1.35389,0.43329,0.55983,0.16512,0.05695
10.84,0,4.50133,1.40153,1.57201,0.50826,0.00002,0.00000,
10.84,1,4.48510,0.30282,1.56146,0.50112,-0.00479,0.09882,0.02018
10.84,2,4.36946,-0.85677,1.36403,0.45789,0.36879,0.16535,0.06587
10.86,0,4.50132,1.41153,1.57201,0.49458,-0.00003,0.00000,
10.86,1,4.48521,0.31359,1.56117,0.55717,-0.03392,0.09806,0.03018
10.86,2,4.37160,-0.84615,1.36888,0.59314,0.29407,0.16529,0.02395
10.88,0,4.50131,1.42137,1.57201,0.49180,-0.00001,0.00000,
10.88,1,4.48531,0.32417,1.56027,0.50396,-0.03683,0.09732,0.04003
10.88,2,4.37399,-0.83419,1.37611,0.58212,0.38910,0.16369,0.03453
10.9,0,4.50129,1.43124,1.57201,0.49503,0.00000,0.00000,
10.9,1,4.48541,0.33385,1.55994,0.47124,-0.00346,0.09751,0.04990
10.9,2,4.37615,-0.82339,1.38143,0.52198,0.17846,0.16239,0.04421
10.92,0,4.50128,1.44117,1.57201,0.49674,-0.00000,0.00000,
10.92,1,4.48551,0.34203,1.55983,0.36357,-0.00646,0.09925,0.00992
10.92,2,4.37803,-0.81446,1.38288,0.39879,-0.01800,0.16148,0.00375
10.94,0,4.50127,1.45110,1.57201,0.49627,-0.00001,0.00000,
10.94,1,4.48562,0.34930,1.55970,0.36357,-0.00645,0.10191,0.01986
10.94,2,4.37982,-0.80577,1.37962,0.44773,-0.17266,0.15991,0.01102
10.96,0,4.50126,1.46102,1.57201,0.49564,-0.00000,0.00000,
10.96,1,4.48571,0.35671,1.55961,0.36534,-0.00072,0.10441,0.02977
10.96,2,4.38142,-0.79744,1.38075,0.41098,0.25132,0.15886,0.01843
10.98,0,4.50125,1.47093,1.57201,0.49560,-0.00000,0.00000,
10.98,1,4.48582,0.36593,1.55953,0.52959,-0.00735,0.10511,0.03968
10.98,2,4.38323,-0.78811,1.38591,0.51016,0.23573,0.15859,0.02765
11.0,0,4.50123,1.48084,1.57201,0.49578,-0.00000,0.00000,
11.0,1,4.48594,0.37675,1.55936,0.52817,-0.00815,0.10420,0.04960
11.0,2,4.38512,-0.77812,1.38997,0.49456,0.18513,0.15927,0.03847
11.02,0,4.50122,1.49076,1.57201,0.49584,-0.00000,0.00000,
11.02,1,4.48605,0.38660,1.55922,0.46633,-0.00658,0.10426,0.05952
11.02,2,4.38682,-0.76886,1.39360,0.45450,0.18173,0.15972,0.04832
11.04,0,4.50121,1.50067,1.57201,0.49580,-0.00000,0.00000,
11.04,1,4.48616,0.39565,1.55909,0.44874,-0.00592,0.10512,0.06943
11.04,2,4.38833,-0.76114,1.39606,0.39997,0.16990,0.16092,0.05738
11.06,0,4.50120,1.51059,1.57201,0.49577,-0.00000,0.00000,
11.06,1,4.48626,0.40637,1.55906,0.69848,0.00715,0.10433,0.02975
11.06,2,4.38988,-0.75206,1.40101,0.53011,0.37943,0.16243,0.02453
11.08,0,4.50119,1.52051,1.57201,0.49578,-0.00000,0.00000,
11.08,1,4.48637,0.42015,1.55930,0.61105,0.02131,0.10046,0.03966
11.08,2,4.39168,-0.74200,1.40952,0.48285,0.48303,0.16599,0.03831
11.1,0,4.50117,1.53042,1.57201,0.49578,-0.00000,0.00000,
11.1,1,4.48649,0.43207,1.55947,0.58306,-0.00498,0.09845,0.04958
11.1,2,4.39336,-0.73184,1.42010,0.54305,0.39547,0.16763,0.05024
11.12,0,4.50116,1.54034,1.57201,0.49579,-0.00000,0.00000,
11.12,1,4.48662,0.44040,1.55899,0.34706,-0.03133,0.10004,0.05950
11.12,2,4.39508,-0.72076,1.42366,0.56504,0.05783,0.16475,0.05856
11.14,0,4.50115,1.55025,1.57201,0.49578,-0.00000,0.00000,
11.14,1,4.48676,0.44735,1.55831,0.35132,-0.04818,0.10300,0.01983
11.14,2,4.39670,-0.71041,1.42424,0.44130,0.06485,0.16125,0.01047
11.16,0,4.50114,1.56017,1.57201,0.49578,-0.00000,0.00000,
11.16,1,4.48691,0.45495,1.55747,0.37890,-0.01922,0.10531,0.02975
11.16,2,4.39805,-0.70410,1.42618,0.30012,0.10614,0.16245,0.01807
11.18,0,4.50113,1.57008,1.57201,0.49578,-0.00000,0.00000,
11.18,1,4.48704,0.46401,1.55749,0.52157,0.00955,0.10616,0.03966
11.18,2,4.39917,-0.69813,1.42874,0.35637,0.16382,0.16545,0.02714
11.2,0,4.50111,1.58000,1.57201,0.49578,-0.00000,0.00000,
11.2,1,4.48717,0.47477,1.55763,0.52873,0.00226,0.10532,0.04958
11.2,2,4.40038,-0.69047,1.43265,0.37550,0.24402,0.16846,0.03790
11.22,0,4.50110,1.58992,1.57201,0.49578,-0.00000,0.00000,
11.22,1,4.48729,0.48467,1.55759,0.46921,-0.00327,0.10533,0.05949
11.22,2,4.40162,-0.68224,1.43819,0.42505,0.28769,0.17005,0.04780
11.24,0,4.50109,1.59983,1.57201,0.49578,-0.00000,0.00000,
11.24,1,4.48741,0.49640,1.55769,0.68741,0.01634,0.10352,0.01983
11.24,2,4.40279,-0.67352,1.44204,0.45264,0.11456,0.17298,0.05953
11.26,0,4.50108,1.60975,1.57201,0.49578,-0.00000,0.00000,
11.26,1,4.48753,0.50917,1.55814,0.63624,0.02278,0.10066,0.02975
11.26,2,4.40412,-0.66283,1.44549,0.59667,0.28375,0.17496,0.02929
11.28,0,4.50107,1.61966,1.57201,0.49578,-0.00000,0.00000,
11.28,1,4.48766,0.52156,1.55848,0.58626,0.00748,0.09818,0.03966
11.28,2,4.40560,-0.65153,1.45104,0.58551,0.17670,0.17596,0.04169
11.3,0,4.50105,1.62958,1.57201,0.49578,-0.00000,0.00000,
11.3,1,4.48779,0.53086,1.55834,0.39532,-0.01149,0.09880,0.04958
11.3,2,4.40704,-0.63976,1.45259,0.58790,0.03743,0.17340,0.05099
11.32,0,4.50104,1.63949,1.57201,0.49578,-0.00000,0.00000,
11.32,1,4.48790,0.53912,1.55828,0.42814,0.00224,0.10045,0.05949
11.32,2,4.40837,-0.62857,1.45381,0.51187,0.10851,0.17040,0.00422
11.34,0,4.50103,1.64941,1.57201,0.49578,-0.00000,0.00000,
11.34,1,4.48801,0.54764,1.55837,0.39428,0.00687,0.10185,0.06941
11.34,2,4.40949,-0.62124,1.45499,0.31298,-0.00056,0.17151,0.01274
11.36,0,4.50102,1.65932,1.57201,0.49578,-0.00000,0.00000,
11.36,1,4.48812,0.55862,1.55855,0.65709,0.01199,0.10078,0.02975
11.36,2,4.41058,-0.61479,1.45427,0.35857,-0.05460,0.17598,0.02372
11.38,0,4.50101,1.66924,1.57201,0.49578,-0.00000,0.00000,
11.38,1,4.48823,0.57062,1.55892,0.56369,0.02114,0.09869,0.03966
11.38,2,4.41160,-0.60675,1.45505,0.40153,0.14625,0.17987,0.03572
11.4,0,4.50099,1.67916,1.57201,0.49578,-0.00000,0.00000,
11.4,1,4.48834,0.58185,1.55908,0.54861,-0.00257,0.09738,0.04958
11.4,2,4.41272,-0.59762,1.45814,0.51648,0.12263,0.18189,0.04695
11.42,0,4.50098,1.68907,1.57201,0.49578,-0.00000,0.00000,
11.42,1,4.48845,0.59058,1.55881,0.45906,-0.01017,0.09856,0.00992
11.42,2,4.41392,-0.58711,1.45995,0.52076,0.07705,0.18004,0.05568
11.44,0,4.50097,1.69899,1.57201,0.49578,-0.00000,0.00000,
11.44,1,4.48859,0.59976,1.55861,0.45951,-0.00726,0.09930,0.01983
11.44,2,4.41500,-0.57742,1.46168,0.47003,0.09102,0.17948,0.06486
11.46,0,4.50096,1.70890,1.57201,0.49578,-0.00000,0.00000,
11.46,1,4.48869,0.60852,1.55865,0.45038,0.00645,0.10046,0.02975
11.46,2,4.41602,-0.56811,1.46346,0.46818,0.08780,0.17887,0.02210
11.48,0,4.50095,1.71882,1.57201,0.49578,-0.00000,0.00000,
11.48,1,4.48880,0.61855,1.55873,0.52564,0.00158,0.10033,0.03966
11.48,2,4.41727,-0.55616,1.46595,0.63644,0.12594,0.17688,0.03214
11.5,0,4.50093,1.72873,1.57201,0.49578,-0.00000,0.00000,
11.5,1,4.48892,0.62888,1.55872,0.49984,-0.00086,0.09992,0.04958
11.5,2,4.41846,-0.54475,1.46806,0.50978,0.09039,0.17574,0.04246
11.52,0,4.50092,1.73865,1.57201,0.49578,-0.00000,0.00000,
11.52,1,4.48903,0.63918,1.55876,0.63963,0.00868,0.09953,0.00992
11.52,2,4.41940,-0.53567,1.46963,0.43109,0.07462,0.17692,0.05277
11.54,0,4.50091,1.74857,1.57201,0.49578,-0.00000,0.00000,
11.54,1,4.48915,0.65329,1.55906,0.64458,0.02389,0.09534,0.01983
11.54,2,4.42028,-0.52758,1.47068,0.35514,0.00751,0.18288,0.06687
11.56,0,4.50090,1.75848,1.57201,0.49578,-0.00000,0.00000,
11.56,1,4.48928,0.66556,1.55947,0.59158,0.01013,0.09298,0.02975
11.56,2,4.42112,-0.51990,1.47189,0.40833,0.09443,0.18742,0.03182
11.58,0,4.50089,1.76840,1.57201,0.49578,-0.00000,0.00000,
11.58,1,4.48941,0.67489,1.55932,0.37220,-0.01733,0.09357,0.03966
11.58,2,4.42204,-0.51035,1.47679,0.42812,0.30475,0.18715,0.04114
11.6,0,4.50087,1.77831,1.57201,0.49578,-0.00000,0.00000,
11.6,1,4.48956,0.68235,1.55893,0.37741,-0.02861,0.09602,0.04958
11.6,2,4.42293,-0.50179,1.48261,0.46493,0.21435,0.18601,0.04860
11.62,0,4.50086,1.78823,1.57201,0.49578,-0.00000,0.00000,
11.62,1,4.48969,0.69037,1.55850,0.42087,-0.00867,0.09791,0.05949
11.62,2,4.42387,-0.49142,1.48432,0.55431,0.01383,0.18362,0.05663
11.64,0,4.50085,1.79814,1.57201,0.49578,-0.00000,0.00000,
11.64,1,4.48978,0.69982,1.55867,0.64900,0.02480,0.09838,0.01983
11.64,2,4.42480,-0.48079,1.48476,0.47678,0.06022,0.18240,0.01358
11.66,0,4.50084,1.80806,1.57201,0.49578,-0.00000,0.00000,
11.66,1,4.48987,0.71275,1.56197,0.61033,0.18418,0.09536,0.02975
11.66,2,4.42558,-0.47188,1.48633,0.41604,0.05652,0.18638,0.02651
11.68,0,4.50083,1.81775,1.57201,0.45956,0.00034,0.00000,
11.68,1,4.49006,0.72489,1.56584,0.58179,0.23621,0.09292,0.03944
11.68,2,4.42635,-0.46349,1.48730,0.45395,0.06240,0.19008,0.03864
11.7,0,4.50081,1.82707,1.57201,0.47059,-0.00008,0.00000,
11.7,1,4.49039,0.73563,1.56859,0.45406,0.03390,0.09149,0.04875
11.7,2,4.42715,-0.45407,1.48864,0.47718,0.06599,0.19137,0.04939
11.72,0,4.50080,1.83654,1.57201,0.47494,-0.00009,0.00000,
11.72,1,4.49054,0.74312,1.57300,0.40799,0.70135,0.09347,0.00948
11.72,2,4.42791,-0.44509,1.49014,0.46262,0.06120,0.18985,0.05688
11.74,0,4.50079,1.84580,1.57201,0.47490,-0.00007,0.00000,
11.74,1,4.49079,0.75135,1.58430,0.39111,0.33564,0.09449,0.01873
11.74,2,4.42869,-0.43541,1.49104,0.49328,0.04010,0.18838,0.06512
11.76,0,4.50078,1.85580,1.57201,0.51281,0.00013,0.00000,
11.76,1,4.49097,0.75970,1.58553,0.48569,-0.07981,0.09614,0.02874
11.76,2,4.42950,-0.42536,1.49231,0.50755,0.08000,0.18666,0.02039
11.78,0,4.50077,1.86603,1.57201,0.50633,0.00001,0.00000,
11.78,1,4.49079,0.77027,1.58361,0.53628,-0.09403,0.09581,0.03897
11.78,2,4.43026,-0.41567,1.49376,0.46639,0.06141,0.18748,0.03095
11.8,0,4.50075,1.87600,1.57201,0.49341,-0.00003,0.00000,
11.8,1,4.49059,0.78036,1.58218,0.44397,-0.05061,0.09569,0.04894
11.8,2,4.43095,-0.40669,1.49477,0.44169,0.04581,0.18855,0.04105
11.82,0,4.50074,1.88584,1.57201,0.49171,-0.00001,0.00000,
11.82,1,4.49046,0.78806,1.58133,0.39087,-0.04224,0.09782,0.05877
11.82,2,4.43162,-0.39836,1.49540,0.37909,0.01190,0.18788,0.04874
11.84,0,4.50073,1.89571,1.57201,0.49503,0.00000,0.00000,
11.84,1,4.49036,0.79618,1.58042,0.35563,-0.06015,0.09957,0.01970
11.84,2,4.43225,-0.39051,1.49622,0.40455,0.05829,0.18811,0.05687
11.86,0,4.50072,1.90563,1.57201,0.49644,-0.00000,0.00000,
11.86,1,4.49017,0.80291,1.58488,0.34707,0.32352,0.10276,0.02962
11.86,2,4.43287,-0.38223,1.49767,0.37612,0.13207,0.18653,0.01872
11.88,0,4.50071,1.91555,1.57201,0.49586,-0.00001,0.00000,
11.88,1,4.48991,0.81036,1.58946,0.44236,0.06250,0.10524,0.03955
11.88,2,4.43348,-0.37619,1.50059,0.30158,0.15799,0.18790,0.02617
11.9,0,4.50069,1.92546,1.57201,0.49529,-0.00000,0.00000,
11.9,1,4.48976,0.82047,1.58779,0.52863,-0.14164,0.10504,0.04946
11.9,2,4.43395,-0.36923,1.50422,0.40407,0.13044,0.19101,0.03628
11.92,0,4.50068,1.93537,1.57201,0.49530,-0.00000,0.00000,
11.92,1,4.48962,0.83050,1.58538,0.50393,-0.07892,0.10493,0.05936
11.92,2,4.43456,-0.36046,1.50552,0.47438,0.01978,0.19223,0.04630
11.94,0,4.50067,1.94527,1.57201,0.49547,-0.00000,0.00000,
11.94,1,4.48949,0.84315,1.58429,0.75867,-0.09684,0.10218,0.01981
11.94,2,4.43523,-0.35072,1.50572,0.49970,0.00964,0.19510,0.05895
11.96,0,4.50066,1.95518,1.57201,0.49551,-0.00000,0.00000,
11.96,1,4.48935,0.85707,1.58218,0.66986,-0.11941,0.09817,0.02972
11.96,2,4.43591,-0.33880,1.50761,0.61938,0.09766,0.19707,0.03162
11.98,0,4.50065,1.96509,1.57201,0.49548,-0.00000,0.00000,
11.98,1,4.48918,0.86954,1.57996,0.57251,-0.07784,0.09562,0.03963
11.98,2,4.43661,-0.32667,1.50941,0.58027,0.07437,0.19736,0.04408
12.0,0,4.50063,1.97500,1.57201,0.49545,-0.00000,0.00000,
12.0,1,4.48907,0.87779,1.57903,0.36139,-0.03945,0.09727,0.04954
12.0,2,4.43733,-0.31470,1.51005,0.60962,0.01114,0.19361,0.05234
12.02,0,4.50062,1.98491,1.57201,0.49546,-0.00000,0.00000,
12.02,1,4.48895,0.88674,1.57831,0.61946,-0.02819,0.09823,0.00991
12.02,2,4.43805,-0.30430,1.50991,0.37716,0.03739,0.19213,0.00534
12.04,0,4.50061,1.99482,1.57201,0.49547,-0.00000,0.00000,
12.04,1,4.48883,0.89854,1.57822,0.54052,0.02099,0.09634,0.01982
12.04,2,4.43874,-0.29835,1.51573,0.24029,0.25810,0.19794,0.01714
12.06,0,4.50060,2.00473,1.57201,0.49547,-0.00000,0.00000,
12.06,1,4.48877,0.90935,1.57860,0.53986,0.01508,0.09545,0.02973
12.06,2,4.43907,-0.29345,1.52587,0.23840,0.75608,0.20382,0.02794
12.08,0,4.50059,2.01464,1.57201,0.49546,-0.00000,0.00000,
12.08,1,4.48876,0.91785,1.57877,0.37211,0.00194,0.09685,0.03964
12.08,2,4.43933,-0.28730,1.53690,0.37103,0.21923,0.20617,0.03645
12.1,0,4.50057,2.02455,1.57201,0.49546,-0.00000,0.00000,
12.1,1,4.48863,0.92567,1.57983,0.38645,0.05297,0.09894,0.04955
12.1,2,4.43976,-0.27992,1.53767,0.41573,0.12688,0.20658,0.04427
12.12,0,4.50056,2.03446,1.57201,0.49546,-0.00000,0.00000,
12.12,1,4.48851,0.93451,1.58123,0.57474,0.31450,0.10002,0.00991
12.12,2,4.44008,-0.27128,1.54327,0.43560,0.20794,0.20676,0.05310
12.14,0,4.50055,2.04437,1.57201,0.49546,-0.00000,0.00000,
12.14,1,4.48845,0.94533,1.58586,0.52947,0.07038,0.09911,0.01982
12.14,2,4.44036,-0.26249,1.54375,0.45674,-0.08622,0.20877,0.06393
12.16,0,4.50054,2.05428,1.57201,0.49546,-0.00000,0.00000,
12.16,1,4.48862,0.95610,1.58492,0.53705,-0.09573,0.09824,0.02973
12.16,2,4.44066,-0.25334,1.54196,0.36494,-0.03346,0.21040,0.02675
12.18,0,4.50053,2.06419,1.57201,0.49546,-0.00000,0.00000,
12.18,1,4.48846,0.96653,1.58301,0.50791,-0.08647,0.09772,0.03964
12.18,2,4.44095,-0.24683,1.54158,0.32595,-0.01996,0.21429,0.03717
12.2,0,4.50051,2.07410,1.57201,0.49546,-0.00000,0.00000,
12.2,1,4.48827,0.97477,1.58172,0.41486,-0.05229,0.09939,0.04955
12.2,2,4.44093,-0.24100,1.54301,0.27971,0.04305,0.21670,0.04541
12.22,0,4.50050,2.08400,1.57201,0.49546,-0.00000,0.00000,
12.22,1,4.48812,0.98342,1.58078,0.44186,-0.04475,0.10066,0.00991
12.22,2,4.44116,-0.23446,1.53848,0.31690,-0.34028,0.21878,0.05406
12.24,0,4.50049,2.09391,1.57201,0.49546,-0.00000,0.00000,
12.24,1,4.48799,0.99503,1.58016,0.57977,-0.02444,0.09895,0.01982
12.24,2,4.44145,-0.22799,1.53314,0.32257,-0.25768,0.22391,0.06568
12.26,0,4.50048,2.10382,1.57201,0.49546,-0.00000,0.00000,
12.26,1,4.48786,1.00663,1.57967,0.57977,-0.02412,0.09727,0.02973
12.26,2,4.44155,-0.22028,1.53132,0.49357,0.01996,0.22778,0.02760
12.28,0,4.50047,2.11373,1.57201,0.49546,-0.00000,0.00000,
12.28,1,4.48789,1.01744,1.57901,0.54201,-0.04842,0.09636,0.03964
12.28,2,4.44195,-0.20934,1.53226,0.53010,0.05691,0.22764,0.03841
12.3,0,4.50045,2.12364,1.57201,0.49546,-0.00000,0.00000,
12.3,1,4.48784,1.02584,1.57828,0.38812,-0.03037,0.09787,0.04955
12.3,2,4.44246,-0.19782,1.53258,0.59638,-0.00883,0.22450,0.04682
12.32,0,4.50044,2.13355,1.57201,0.49546,-0.00000,0.00000,
12.32,1,4.48774,1.03483,1.58569,0.45555,0.34293,0.09879,0.00991
12.32,2,4.44295,-0.18614,1.53233,0.56770,-0.00891,0.22179,0.05581
12.34,0,4.50043,2.14346,1.57201,0.49546,-0.00000,0.00000,
12.34,1,4.48773,1.04347,1.58800,0.45401,0.21264,0.10007,0.01982
12.34,2,4.44338,-0.17521,1.53229,0.53381,0.00220,0.21948,0.06444
12.36,0,4.50042,2.15337,1.57201,0.49546,-0.00000,0.00000,
12.36,1,4.48750,1.05322,1.59230,0.51168,0.10473,0.10022,0.02973
12.36,2,4.44378,-0.16571,1.53231,0.45097,0.03114,0.21972,0.02309
12.38,0,4.50041,2.16328,1.57201,0.49546,-0.00000,0.00000,
12.38,1,4.48728,1.06336,1.59142,0.47810,-0.11334,0.10000,0.03964
12.38,2,4.44414,-0.15664,1.53306,0.46512,0.05213,0.22077,0.03323
12.4,0,4.50039,2.17319,1.57201,0.49546,-0.00000,0.00000,
12.4,1,4.48709,1.07284,1.58914,0.46979,-0.09693,0.10043,0.04955
12.4,2,4.44450,-0.14667,1.53380,0.49534,0.02705,0.22025,0.04271
12.42,0,4.50038,2.18310,1.57201,0.49546,-0.00000,0.00000,
12.42,1,4.48692,1.08212,1.58774,0.46027,-0.05441,0.10106,0.05946
12.42,2,4.44493,-0.13567,1.53383,0.56035,-0.00507,0.21852,0.05200
12.44,0,4.50037,2.19301,1.57201,0.49546,-0.00000,0.00000,
12.44,1,4.48676,1.09103,1.58672,0.41904,-0.05096,0.10206,0.06936
12.44,2,4.44537,-0.12338,1.53378,0.74916,0.02000,0.21512,0.01353
12.46,0,4.50036,2.20243,1.57237,0.33947,0.18333,0.00000,
12.46,1,4.48661,1.10299,1.58560,0.65975,-0.05856,0.09952,0.02924
12.46,2,4.44582,-0.10858,1.53479,0.73982,0.05155,0.21226,0.02549
12.48,0,4.50060,2.20577,1.57999,0.10843,0.28641,0.00000,
12.48,1,4.48647,1.11406,1.58413,0.53307,-0.07585,0.09180,0.03258
12.48,2,4.44623,-0.09393,1.53541,0.70865,-0.00986,0.20867,0.03656
12.5,0,4.50101,2.20730,1.58494,0.06412,0.23529,0.00000,
12.5,1,4.48637,1.12453,1.58296,0.47537,-0.04324,0.08286,0.03412
12.5,2,4.44667,-0.08120,1.53489,0.54539,-0.03338,0.20638,0.04703
12.52,0,4.50147,2.20828,1.58952,0.01706,0.22909,0.00000,
12.52,1,4.48624,1.12993,1.58164,0.19911,-0.09675,0.07845,0.00108
12.52,2,4.44709,-0.07167,1.53439,0.49054,0.00278,0.20224,0.05244
12.54,0,4.50133,2.20788,1.60514,-0.11393,2.19392,0.00000,
12.54,1,4.48611,1.13228,1.57987,0.05560,-0.08272,0.07571,0.00067
12.54,2,4.44749,-0.06141,1.53474,0.52546,0.01944,0.19432,0.05479
12.56,0,4.50079,2.20658,1.65543,0.02294,2.44599,0.00000,
12.56,1,4.48603,1.13271,1.57814,0.00648,-0.11322,0.07398,0.00075
12.56,2,4.44786,-0.05263,1.53567,0.33505,0.10121,0.18595,0.00477
12.58,0,4.49977,2.20768,1.69293,0.08603,1.57012,0.00000,
12.58,1,4.48603,1.13341,1.57611,0.05230,-0.07088,0.07436,0.00131
12.58,2,4.44809,-0.04668,1.53715,0.25238,0.02053,0.18070,0.00547
12.6,0,4.49838,2.20994,1.72839,0.13907,1.63576,0.00000,
12.6,1,4.48600,1.13465,1.57528,0.08880,-0.02565,0.07536,0.00373
12.6,2,4.44832,-0.04251,1.53760,0.20374,0.02385,0.17777,0.00672
12.62,0,4.49752,2.21347,1.76139,0.21497,1.72670,0.00000,
12.62,1,4.48597,1.13662,1.57431,0.02869,-0.17250,0.07691,0.00363
12.62,2,4.44854,-0.03779,1.53738,0.27073,-0.02142,0.17500,0.00868
12.64,0,4.49659,2.21824,1.79850,0.25985,1.94292,0.00000,
12.64,1,4.48600,1.13722,1.57034,0.02940,-0.26844,0.08107,0.00849
12.64,2,4.44874,-0.03234,1.53733,0.29896,0.00838,0.17016,0.00929
12.66,0,4.49539,2.22350,1.83806,0.27484,1.98088,0.00000,
12.66,1,4.48605,1.13797,1.56456,0.07485,-0.21561,0.08556,0.01388
12.66,2,4.44898,-0.02502,1.53746,0.42380,0.00844,0.16358,0.00202
12.68,0,4.49396,2.22871,1.87686,0.28142,1.92487,0.00000,
12.68,1,4.48602,1.14057,1.56352,0.13518,0.05008,0.08817,0.01928
12.68,2,4.44927,-0.01660,1.53771,0.41994,0.00574,0.15775,0.00462
12.7,0,4.49215,2.23448,1.91533,0.31460,1.92107,0.00000,
12.7,1,4.48599,1.14330,1.56474,0.16102,0.04078,0.09120,0.02532
12.7,2,4.44953,-0.00885,1.53771,0.35831,-0.00159,0.15273,0.00735
12.72,0,4.49003,2.24044,1.95346,0.32214,1.90769,0.00000,
12.72,1,4.48599,1.14769,1.56478,0.25017,-0.02178,0.09275,0.03162
12.72,2,4.44975,-0.00206,1.53772,0.35577,0.00327,0.15033,0.00242
12.74,0,4.48754,2.24665,1.99190,0.34223,1.92882,0.00000,
12.74,1,4.48601,1.15512,1.56464,0.45201,-0.07823,0.09153,0.01301
12.74,2,4.45001,0.00559,1.53769,0.40543,0.00582,0.15009,0.00985
12.76,0,4.48475,2.25292,2.03015,0.34774,1.90639,0.00000,
12.76,1,4.48602,1.16297,1.56316,0.38401,-0.07236,0.08995,0.01987
12.76,2,4.45026,0.01307,1.53785,0.34002,0.00727,0.15045,0.01770
12.78,0,4.48154,2.25944,2.06865,0.37285,1.93287,0.00000,
12.78,1,4.48602,1.17053,1.56241,0.37067,-0.00296,0.08892,0.02711
12.78,2,4.45047,0.01924,1.53794,0.29257,0.00239,0.15184,0.02526
12.8,0,4.47795,2.26612,2.10728,0.38301,1.92823,0.00000,
12.8,1,4.48608,1.17646,1.56260,0.27025,0.01181,0.08968,0.03468
12.8,2,4.45066,0.02509,1.53797,0.29746,0.00174,0.15191,0.03119
12.82,0,4.47405,2.27270,2.14543,0.37956,1.87372,0.00000,
12.82,1,4.48616,1.18224,1.56281,0.30071,0.00749,0.09053,0.04229
12.82,2,4.45086,0.03143,1.53812,0.31480,0.03424,0.15135,0.00297
12.84,0,4.46974,2.27937,2.18366,0.40906,1.93263,0.00000,
12.84,1,4.48622,1.18821,1.56291,0.27595,0.00527,0.09129,0.05017
12.84,2,4.45099,0.03624,1.53883,0.24057,0.01457,0.15251,0.00893
12.86,0,4.46497,2.28622,2.22241,0.42214,1.93540,0.00000,
12.86,1,4.48628,1.19422,1.56367,0.29433,0.15583,0.09221,0.02393
12.86,2,4.45118,0.04234,1.53882,0.35767,-0.00769,0.15242,0.01494
12.88,0,4.45984,2.29301,2.26099,0.42675,1.92431,0.00000,
12.88,1,4.48630,1.19945,1.56674,0.28117,0.08036,0.09387,0.03242
12.88,2,4.45144,0.05006,1.53873,0.39280,-0.00034,0.14992,0.02018
12.9,0,4.45439,2.29959,2.29858,0.44035,1.91806,0.00000,
12.9,1,4.48632,1.20623,1.56698,0.37968,-0.01699,0.09382,0.04093
12.9,2,4.45169,0.05733,1.53891,0.38322,0.00521,0.14942,0.02696
12.92,0,4.44842,2.30634,2.33732,0.45675,1.94189,0.00000,
12.92,1,4.48639,1.21321,1.56912,0.29103,0.03430,0.09379,0.00902
12.92,2,4.45194,0.06527,1.53893,0.39824,-0.00062,0.14846,0.03394
12.94,0,4.44206,2.31299,2.37602,0.46151,1.92842,0.00000,
12.94,1,4.48630,1.21955,1.57096,0.36065,0.12367,0.09434,0.01821
12.94,2,4.45219,0.07321,1.53898,0.40135,0.02044,0.14685,0.00934
12.96,0,4.43542,2.31944,2.41448,0.46442,1.92051,0.00000,
12.96,1,4.48634,1.22756,1.57289,0.40877,0.07242,0.09307,0.02747
12.96,2,4.45243,0.07835,1.53979,0.17582,0.02160,0.14971,0.01735
12.98,0,4.42849,2.32561,2.45217,0.46480,1.85165,0.00000,
12.98,1,4.48637,1.23676,1.57393,0.48167,0.04399,0.09039,0.03672
12.98,2,4.45267,0.08086,1.53993,0.11767,0.00438,0.15639,0.02654
13.0,0,4.42110,2.33171,2.48700,0.48747,1.50260,0.00000,
13.0,1,4.48635,1.24615,1.57490,0.45201,0.05317,0.08752,0.04627
13.0,2,4.45282,0.08299,1.54101,0.17808,0.09134,0.16364,0.03594
13.02,0,4.41341,2.33765,2.51155,0.47993,1.08950,0.00000,
13.02,1,4.48632,1.25477,1.57601,0.41797,0.05610,0.08533,0.05593
13.02,2,4.45298,0.08764,1.54249,0.25237,0.06171,0.16760,0.04455
13.04,0,4.40582,2.34320,2.53352,0.46429,1.13768,0.00000,
13.04,1,4.48627,1.26305,1.57709,0.41370,0.05204,0.08315,0.01912
13.04,2,4.45315,0.09269,1.54372,0.25237,0.06128,0.17083,0.01250
13.06,0,4.39821,2.34851,2.55695,0.46534,1.17637,0.00000,
13.06,1,4.48629,1.27038,1.58026,0.32528,0.05766,0.08172,0.02839
13.06,2,4.45327,0.09761,1.54420,0.35882,-0.48808,0.17324,0.01984
13.08,0,4.39039,2.35371,2.57971,0.47329,1.09948,0.00000,
13.08,1,4.48631,1.27566,1.58049,0.24185,-0.18552,0.08231,0.03778
13.08,2,4.45370,0.10627,1.53012,0.44338,-0.27984,0.16984,0.02511
13.1,0,4.38235,2.35879,2.60093,0.47613,1.03766,0.00000,
13.1,1,4.48625,1.28117,1.57871,0.29844,0.09184,0.08261,0.04727
13.1,2,4.45416,0.11514,1.52773,0.42888,-0.22854,0.16648,0.03063
13.12,0,4.37419,2.36370,2.62134,0.47572,1.00762,0.00000,
13.12,1,4.48610,1.28804,1.58377,0.36110,0.17546,0.08147,0.00952
13.12,2,4.45476,0.12454,1.52322,0.50548,-0.11754,0.16392,0.03750
13.14,0,4.36594,2.36844,2.64114,0.47629,0.97371,0.00000,
13.14,1,4.48608,1.29532,1.58653,0.37348,0.03699,0.07982,0.01904
13.14,2,4.45529,0.13482,1.52360,0.48506,0.07993,0.16091,0.01090
13.16,0,4.35757,2.37302,2.66018,0.47783,0.93443,0.00000,
13.16,1,4.48611,1.30353,1.58660,0.44234,0.04801,0.07719,0.02858
13.16,2,4.45581,0.14042,1.52586,0.17156,0.10623,0.16351,0.01910
13.18,0,4.34948,2.37738,2.67760,0.45297,0.88572,0.00000,
13.18,1,4.48593,1.31263,1.58927,0.46110,0.18506,0.07345,0.03776
13.18,2,4.45632,0.14358,1.52788,0.11077,0.08062,0.16943,0.02821
13.2,0,4.34133,2.38151,2.69575,0.45958,0.89895,0.00000,
13.2,1,4.48571,1.32193,1.59313,0.46092,0.18541,0.06937,0.04689
13.2,2,4.45675,0.14563,1.52662,0.17292,-0.15878,0.17665,0.03750
13.22,0,4.33301,2.38551,2.71290,0.46205,0.82523,0.00000,
13.22,1,4.48547,1.33091,1.59647,0.43985,0.15436,0.06556,0.05610
13.22,2,4.45704,0.15038,1.52528,0.24986,0.01447,0.18087,0.04648
13.24,0,4.32465,2.38934,2.72899,0.44756,0.81290,0.00000,
13.24,1,4.48521,1.34012,1.60481,0.49785,0.77624,0.06144,0.01843
13.24,2,4.45734,0.15514,1.52566,0.23757,0.02020,0.18531,0.05570
13.26,0,4.31620,2.39306,2.74506,0.48218,0.77414,0.00000,
13.26,1,4.48486,1.35000,1.61736,0.47513,0.38836,0.05661,0.02766
13.26,2,4.45776,0.16116,1.52525,0.49916,0.07285,0.18914,0.02354
13.28,0,4.30710,2.39688,2.76000,0.49687,0.72849,0.00000,
13.28,1,4.48447,1.35885,1.62064,0.42114,0.06377,0.05308,0.03753
13.28,2,4.45819,0.17314,1.52982,0.62201,0.24652,0.18600,0.03239
13.3,0,4.29796,2.40055,2.77431,0.48827,0.70701,0.00000,
13.3,1,4.48407,1.36707,1.62249,0.40983,0.14137,0.05011,0.04737
13.3,2,4.45862,0.18460,1.53513,0.55067,0.27503,0.18275,0.04063
13.32,0,4.28891,2.40403,2.78822,0.48249,0.68505,0.00000,
13.32,1,4.48364,1.37534,1.62624,0.41696,0.20671,0.04696,0.05705
13.32,2,4.45917,0.19533,1.53917,0.54565,0.08936,0.18026,0.04890
13.34,0,4.27985,2.40737,2.80163,0.48380,0.65808,0.00000,
13.34,1,4.48318,1.38318,1.63041,0.38931,0.18935,0.04419,0.01934
13.34,2,4.45960,0.20508,1.53912,0.48248,-0.00291,0.17834,0.01201
13.36,0,4.27070,2.41061,2.81450,0.48633,0.63208,0.00000,
13.36,1,4.48254,1.39165,1.61216,0.41871,-1.17481,0.04075,0.02905
13.36,2,4.45989,0.21518,1.54131,0.46959,0.15406,0.17669,0.02051
13.38,0,4.26148,2.41374,2.82688,0.48722,0.60835,0.00000,
13.38,1,4.48226,1.39937,1.59949,0.37213,-0.06370,0.03812,0.03879
13.38,2,4.46018,0.22432,1.53932,0.48925,-0.22197,0.17526,0.02823
13.4,0,4.25221,2.41676,2.83879,0.48725,0.58590,0.00000,
13.4,1,4.48193,1.40708,1.60795,0.40078,0.60582,0.03548,0.04853
13.4,2,4.46051,0.23470,1.53685,0.53185,-0.01827,0.17257,0.03595
13.42,0,4.24291,2.41966,2.85027,0.48745,0.56392,0.00000,
13.42,1,4.48153,1.41538,1.61807,0.44649,0.54373,0.03224,0.00975
13.42,2,4.46085,0.24515,1.53794,0.51003,0.07915,0.17041,0.04426
13.44,0,4.23357,2.42247,2.86131,0.48790,0.54272,0.00000,
13.44,1,4.48097,1.42545,1.63551,0.48858,0.83286,0.02725,0.01950
13.44,2,4.46116,0.25384,1.53881,0.43559,0.02886,0.17178,0.05434
13.46,0,4.22419,2.42517,2.87194,0.48835,0.52241,0.00000,
13.46,1,4.48033,1.43531,1.64572,0.48290,0.28187,0.02246,0.02926
13.46,2,4.46147,0.26526,1.53950,0.65661,-0.01180,0.17020,0.02419
13.48,0,4.21477,2.42777,2.88218,0.48869,0.50288,0.00000,
13.48,1,4.47967,1.44440,1.64983,0.43601,0.21139,0.01842,0.03903
13.48,2,4.46182,0.27627,1.53960,0.53040,0.01169,0.16827,0.03330
13.5,0,4.20532,2.43028,2.89203,0.48899,0.48407,0.00000,
13.5,1,4.47901,1.45163,1.65606,0.32120,0.35190,0.01620,0.04881
13.5,2,4.46220,0.28672,1.53998,0.47759,0.01282,0.16503,0.04055
13.52,0,4.19584,2.43269,2.90151,0.48927,0.46598,0.00000,
13.52,1,4.47826,1.45947,1.66590,0.40754,0.42054,0.01338,0.00978
13.52,2,4.46249,0.29465,1.54025,0.40312,0.06411,0.16492,0.04843
13.54,0,4.18633,2.43502,2.91064,0.48955,0.44897,0.00000,
13.54,1,4.47754,1.46674,1.67270,0.36994,0.32148,0.01113,0.01957
13.54,2,4.46274,0.30334,1.54233,0.52680,0.11588,0.16349,0.01140
13.56,0,4.17680,2.43726,2.91943,0.48981,0.43217,0.00000,
13.56,1,4.47663,1.47524,1.67971,0.45671,0.35958,0.00766,0.02936
13.56,2,4.46300,0.31406,1.54465,0.52650,0.11531,0.16127,0.01996
13.58,0,4.16724,2.43942,2.92789,0.49004,0.41555,0.00000,
13.58,1,4.47563,1.48421,1.68678,0.43642,0.34651,0.00376,0.03916
13.58,2,4.46320,0.32426,1.54663,0.49587,0.06025,0.16002,0.02898
13.6,0,4.15766,2.44150,2.93603,0.49025,0.39961,0.00000,
13.6,1,4.47467,1.49245,1.69354,0.40048,0.33126,0.00060,0.04896
13.6,2,4.46345,0.33414,1.54683,0.41560,-0.02583,0.15836,0.03727
13.62,0,4.14806,2.44350,2.94385,0.49044,0.38436,0.00000,
13.62,1,4.47371,1.49949,1.70197,0.41105,0.68306,0.00139,0.00981
13.62,2,4.46370,0.34272,1.54677,0.43885,0.01802,0.15681,0.04438
13.64,0,4.13844,2.44543,2.95138,0.49062,0.36969,0.00000,
13.64,1,4.47241,1.50895,1.72001,0.47865,0.74761,0.00575,0.01962
13.64,2,4.46393,0.35155,1.54739,0.44024,0.03382,0.15743,0.05392
13.66,0,4.12880,2.44729,2.95861,0.49079,0.35556,0.00000,
13.66,1,4.47120,1.51709,1.72799,0.40043,0.23859,0.00878,0.02943
13.66,2,4.46413,0.35957,1.54856,0.34773,0.09286,0.15754,0.02144
13.68,0,4.11915,2.44907,2.96557,0.49095,0.34197,0.00000,
13.68,1,4.46995,1.52512,1.73292,0.40855,0.28922,0.01170,0.03925
13.68,2,4.46428,0.36647,1.55001,0.36370,0.04448,0.15866,0.02957
13.7,0,4.10948,2.45079,2.97227,0.49109,0.32891,0.00000,
13.7,1,4.46865,1.53292,1.74006,0.34094,0.47543,0.01436,0.04907
13.7,2,4.46445,0.37438,1.55042,0.41527,0.01034,0.15855,0.03748
13.72,0,4.09979,2.45245,2.97871,0.49122,0.31634,0.00000,
13.72,1,4.46740,1.53977,1.74784,0.35456,0.32348,0.01607,0.05889
13.72,2,4.46462,0.38273,1.55070,0.41208,0.01959,0.15704,0.04444
13.74,0,4.09010,2.45404,2.98490,0.49134,0.30425,0.00000,
13.74,1,4.46605,1.54714,1.75580,0.43815,0.78702,0.01826,0.01965
13.74,2,4.46477,0.39064,1.55120,0.38402,0.02753,0.15650,0.05193
13.76,0,4.08039,2.45557,2.99086,0.49146,0.29263,0.00000,
13.76,1,4.46426,1.55646,1.77462,0.44545,0.76409,0.02237,0.02948
13.76,2,4.46493,0.40105,1.55242,0.55751,0.02713,0.15541,0.02050
13.78,0,4.07067,2.45705,2.99659,0.49156,0.28145,0.00000,
13.78,1,4.46264,1.56430,1.78332,0.39793,0.27312,0.02499,0.03931
13.78,2,4.46508,0.41220,1.55297,0.55751,0.02696,0.15210,0.02850
13.8,0,4.06094,2.45847,3.00210,0.49166,0.27070,0.00000,
13.8,1,4.46100,1.57203,1.78833,0.39117,0.27549,0.02746,0.04914
13.8,2,4.46523,0.42279,1.55346,0.49070,0.02255,0.14925,0.03640
13.82,0,4.05120,2.45984,3.00740,0.49175,0.26036,0.00000,
13.82,1,4.45942,1.57866,1.79633,0.31595,0.41252,0.02886,0.05897
13.82,2,4.46537,0.43050,1.55378,0.32768,0.01272,0.14817,0.04322
13.84,0,4.04146,2.46115,3.01249,0.49183,0.25041,0.00000,
13.84,1,4.45757,1.58627,1.81014,0.45974,0.94168,0.03120,0.01967
13.84,2,4.46549,0.43855,1.55516,0.49546,0.13320,0.14774,0.01094
13.86,0,4.03170,2.46242,3.01740,0.49191,0.24084,0.00000,
13.86,1,4.45562,1.59432,1.82259,0.36036,0.31977,0.03392,0.02951
13.86,2,4.46565,0.44784,1.55728,0.43347,0.02014,0.14653,0.01923
13.88,0,4.02194,2.46364,3.02211,0.49198,0.23164,0.00000,
13.88,1,4.45370,1.60181,1.82805,0.40095,0.28418,0.03607,0.03935
13.88,2,4.46581,0.45672,1.55613,0.44558,-0.05789,0.14515,0.02696
13.9,0,4.01217,2.46481,3.02665,0.49204,0.22280,0.00000,
13.9,1,4.45170,1.60906,1.83573,0.31995,0.50960,0.03797,0.04919
13.9,2,4.46592,0.46523,1.55612,0.35854,0.02821,0.14392,0.03448
13.92,0,4.00239,2.46594,3.03101,0.49210,0.21428,0.00000,
13.92,1,4.44989,1.61532,1.84336,0.32979,0.30151,0.03885,0.05903
13.92,2,4.46603,0.47204,1.55690,0.35218,0.04706,0.14340,0.04099
13.94,0,3.99261,2.46703,3.03520,0.49216,0.20610,0.00000,
13.94,1,4.44755,1.62347,1.85925,0.46743,0.98336,0.04158,0.01968
13.94,2,4.46614,0.48075,1.55881,0.54477,0.15475,0.14287,0.01176
13.96,0,3.98282,2.46807,3.03924,0.49221,0.19823,0.00000,
13.96,1,4.44525,1.63121,1.87174,0.37714,0.36556,0.04387,0.02953
13.96,2,4.46628,0.49049,1.56066,0.46485,0.03527,0.14091,0.01983
13.98,0,3.97303,2.46908,3.04312,0.49226,0.19065,0.00000,
13.98,1,4.44293,1.63872,1.87771,0.39856,0.29204,0.04590,0.03937
13.98,2,4.46635,0.49959,1.56124,0.44195,0.03152,0.13937,0.02769
14.0,0,3.96333,2.47004,3.04697,0.48848,0.19026,0.00000,
14.0,1,4.44073,1.64518,1.88607,0.30156,0.44980,0.04695,0.04911
14.0,2,4.46642,0.50668,1.56186,0.29035,0.02930,0.13879,0.03451
14.02,0,3.95332,2.47099,3.05053,0.51116,0.17129,0.00000,
14.02,1,4.43872,1.65103,1.89284,0.31450,0.28316,0.04714,0.05917
14.02,2,4.46648,0.51307,1.56277,0.36788,0.09306,0.13830,0.00313
14.04,0,3.94312,2.47192,3.05391,0.51026,0.16774,0.00000,
14.04,1,4.43665,1.65715,1.89968,0.36795,0.66498,0.04741,0.02030
14.04,2,4.46654,0.52139,1.56609,0.37509,0.12853,0.13615,0.00958
14.06,0,3.93303,2.47281,3.05723,0.50340,0.16403,0.00000,
14.06,1,4.43396,1.66445,1.91546,0.38268,0.56388,0.04901,0.03043
14.06,2,4.46656,0.52893,1.56859,0.38260,0.10829,0.13599,0.01736
14.08,0,3.92303,2.47365,3.06044,0.50180,0.15729,0.00000,
14.08,1,4.43136,1.67177,1.92314,0.38265,0.28139,0.05057,0.04047
14.08,2,4.46656,0.53649,1.56992,0.31707,0.04327,0.13583,0.02513
14.1,0,3.91301,2.47447,3.06351,0.50339,0.15073,0.00000,
14.1,1,4.42880,1.67859,1.92876,0.35038,0.30687,0.05160,0.05052
14.1,2,4.46657,0.54321,1.57070,0.34961,0.04205,0.13601,0.03242
14.12,0,3.90353,2.47524,3.06622,0.47262,0.14150,0.00000,
14.12,1,4.42645,1.68462,1.93637,0.27996,0.46328,0.05209,0.06003
14.12,2,4.46658,0.55027,1.57167,0.35082,0.05175,0.13505,0.03888
14.14,0,3.89399,2.47597,3.06918,0.48161,0.14762,0.00000,
14.14,1,4.42358,1.69228,1.94876,0.45268,0.48911,0.05415,0.01908
14.14,2,4.46657,0.55690,1.57268,0.32836,0.04872,0.13620,0.04707
14.16,0,3.88437,2.47668,3.07198,0.48160,0.13368,0.00000,
14.16,1,4.42069,1.69973,1.95537,0.37524,0.28327,0.05593,0.02872
14.16,2,4.46656,0.56414,1.57365,0.44797,0.06416,0.13652,0.01920
14.18,0,3.87480,2.47735,3.07456,0.47875,0.12668,0.00000,
14.18,1,4.41760,1.70717,1.96371,0.41214,0.46775,0.05777,0.03832
14.18,2,4.46654,0.57320,1.54072,0.45922,-1.86648,0.13503,0.02725
14.2,0,3.86534,2.47798,3.07717,0.48670,0.12397,0.00000,
14.2,1,4.41480,1.71351,1.97399,0.31284,0.46114,0.05855,0.04780
14.2,2,4.46662,0.58161,1.51101,0.42902,-0.76144,0.13308,0.03417
14.22,0,3.85553,2.47862,3.07962,0.49274,0.12337,0.00000,
14.22,1,4.41186,1.72014,1.99073,0.38734,0.94880,0.05936,0.00983
14.22,2,4.46708,0.59012,1.51420,0.41860,0.61609,0.13137,0.00383
14.24,0,3.84541,2.47925,3.08194,0.51383,0.11166,0.00000,
14.24,1,4.40893,1.72666,2.00320,0.31228,0.29722,0.05982,0.01997
14.24,2,4.46754,0.59973,1.49665,0.48548,-1.27968,0.12845,0.01098
14.26,0,3.83518,2.47986,3.08414,0.50917,0.10955,0.00000,
14.26,1,4.40617,1.73265,2.00870,0.34915,0.32692,0.05960,0.03022
14.26,2,4.46811,0.60929,1.47639,0.47140,-0.53501,0.12507,0.01758
14.28,0,3.82510,2.48044,3.08631,0.50170,0.10702,0.00000,
14.28,1,4.40315,1.73911,2.01643,0.35586,0.41363,0.05994,0.04031
14.28,2,4.46881,0.61728,1.47901,0.38521,0.52792,0.12376,0.02471
14.3,0,3.81510,2.48099,3.08840,0.50099,0.10260,0.00000,
14.3,1,4.40018,1.74532,2.02457,0.31698,0.41951,0.06004,0.05033
14.3,2,4.46948,0.62495,1.48995,0.38675,0.44895,0.12251,0.03159
14.32,0,3.80507,2.48152,3.09040,0.50300,0.09835,0.00000,
14.32,1,4.39679,1.75240,2.03680,0.44721,0.52407,0.06099,0.01004
14.32,2,4.47010,0.63266,1.49588,0.38515,0.21072,0.12213,0.03944
14.34,0,3.79501,2.48204,3.09233,0.50377,0.09467,0.00000,
14.34,1,4.39322,1.75958,2.04372,0.35785,0.19765,0.06203,0.02011
14.34,2,4.47069,0.64031,1.50125,0.31390,0.51830,0.12195,0.01243
14.36,0,3.78546,2.48253,3.09404,0.47047,0.08693,0.00000,
14.36,1,4.38961,1.76642,2.05128,0.40583,0.49024,0.06309,0.02968
14.36,2,4.47118,0.64602,1.50561,0.28883,0.20383,0.12337,0.02016
14.38,0,3.77595,2.48299,3.09588,0.48010,0.09289,0.00000,
14.38,1,4.38616,1.77284,2.06173,0.31457,0.51381,0.06369,0.03921
14.38,2,4.47166,0.65298,1.51070,0.40493,0.27769,0.12311,0.02745
14.4,0,3.76633,2.48343,3.09765,0.48113,0.08434,0.00000,
14.4,1,4.38319,1.77829,2.06980,0.30735,0.34094,0.06311,0.04883
14.4,2,4.47224,0.66148,1.51655,0.46215,0.27962,0.12035,0.03365
14.42,0,3.75675,2.48386,3.09927,0.47837,0.07940,0.00000,
14.42,1,4.38027,1.78364,2.07641,0.30337,0.33707,0.06241,0.05842
14.42,2,4.47280,0.67055,1.51908,0.34198,-0.32555,0.11692,0.00304
14.44,0,3.74733,2.48426,3.10096,0.49649,0.07695,0.00000,
14.44,1,4.37735,1.78891,2.08341,0.29932,0.35629,0.06169,0.06785
14.44,2,4.47341,0.67726,1.49496,0.33295,-1.25100,0.11579,0.00907
14.46,0,3.73707,2.48467,3.10242,0.51925,0.07162,0.00000,
14.46,1,4.37422,1.79434,2.09400,0.34044,0.81876,0.06058,0.02928
14.46,2,4.47390,0.68225,1.47550,0.15804,-0.43483,0.11655,0.01533
14.48,0,3.72680,2.48508,3.10386,0.50755,0.07221,0.00000,
14.48,1,4.37063,1.80066,2.10901,0.35370,0.51825,0.06035,0.03956
14.48,2,4.47441,0.68540,1.47183,0.19196,0.03555,0.12007,0.02260
14.5,0,3.71679,2.48545,3.10529,0.49762,0.07013,0.00000,
14.5,1,4.36713,1.80656,2.11580,0.33938,0.28921,0.05987,0.04958
14.5,2,4.47482,0.68979,1.47894,0.24054,0.51216,0.12195,0.02946
14.52,0,3.70685,2.48581,3.10665,0.49830,0.06681,0.00000,
14.52,1,4.36292,1.81341,2.12517,0.52017,0.66395,0.06055,0.00995
14.52,2,4.47521,0.69550,1.48569,0.29470,0.29220,0.12354,0.00469
14.54,0,3.69685,2.48616,3.10796,0.50139,0.06412,0.00000,
14.54,1,4.35760,1.82230,2.13769,0.48167,0.71055,0.06336,0.01995
14.54,2,4.47561,0.70494,1.49582,0.49452,0.55299,0.12357,0.01505
14.56,0,3.68682,2.48650,3.10921,0.50205,0.06181,0.00000,
14.56,1,4.35295,1.82958,2.14884,0.41505,0.45797,0.06444,0.02999
14.56,2,4.47617,0.71422,1.50634,0.44948,0.42322,0.12215,0.02369
14.58,0,3.67679,2.48683,3.11042,0.50134,0.05949,0.00000,
14.58,1,4.34892,1.83558,2.15659,0.28672,0.38379,0.06411,0.04002
14.58,2,4.47675,0.72284,1.51229,0.36032,0.22233,0.12006,0.03091
14.6,0,3.66721,2.48713,3.11150,0.46708,0.05323,0.00000,
14.6,1,4.34568,1.84034,2.16363,0.29160,0.34805,0.06263,0.04961
14.6,2,4.47725,0.72882,1.51670,0.30284,0.21107,0.11929,0.03667
14.62,0,3.65775,2.48743,3.11265,0.47766,0.05832,0.00000,
14.62,1,4.34235,1.84524,2.17114,0.30818,0.53927,0.06134,0.00947
14.62,2,4.47765,0.73513,1.52126,0.32706,0.27094,0.11833,0.04260
14.64,0,3.64816,2.48771,3.11376,0.47958,0.05327,0.00000,
14.64,1,4.33857,1.85061,2.18822,0.31097,0.69278,0.06056,0.01906
14.64,2,4.47794,0.74159,1.53003,0.33546,0.61272,0.11774,0.00955
14.66,0,3.63875,2.48797,3.11483,0.45173,0.05707,0.00000,
14.66,1,4.33459,1.85607,2.19868,0.35613,0.41205,0.06006,0.02847
14.66,2,4.47824,0.74919,1.54036,0.39754,0.38661,0.11616,0.01630
14.68,0,3.62905,2.48823,3.11583,0.50749,0.04655,0.00000,
14.68,1,4.33045,1.86176,2.20555,0.34134,0.32174,0.05956,0.03817
14.68,2,4.47850,0.75680,1.54605,0.36169,0.24447,0.11483,0.02334
14.7,0,3.61874,2.48850,3.11674,0.51580,0.04565,0.00000,
14.7,1,4.32665,1.86693,2.21232,0.28111,0.34857,0.05794,0.04849
14.7,2,4.47869,0.76386,1.55125,0.34858,0.28226,0.11349,0.02975
14.72,0,3.60858,2.48875,3.11766,0.50177,0.04574,0.00000,
14.72,1,4.32361,1.87105,2.21932,0.25828,0.35298,0.05510,0.05865
14.72,2,4.47882,0.77079,1.55722,0.34564,0.30289,0.11115,0.03487
14.74,0,3.59864,2.48899,3.11856,0.49543,0.04390,0.00000,
14.74,1,4.32034,1.87539,2.22637,0.27091,0.38776,0.05271,0.02011
14.74,2,4.47891,0.77645,1.56668,0.24265,0.51320,0.11033,0.00800
14.76,0,3.58871,2.48921,3.11941,0.49778,0.04185,0.00000,
14.76,1,4.31714,1.87961,2.21590,0.26267,-0.54771,0.05015,0.03004
14.76,2,4.47893,0.78182,1.57430,0.29006,0.27879,0.10964,0.01330
14.78,0,3.57873,2.48944,3.12023,0.50028,0.04028,0.00000,
14.78,1,4.31447,1.88324,2.21020,0.18806,0.02246,0.04669,0.04002
14.78,2,4.47890,0.78784,1.57894,0.30215,0.22427,0.10768,0.01780
14.8,0,3.56872,2.48965,3.12102,0.50029,0.03882,0.00000,
14.8,1,4.31095,1.88813,2.21265,0.34927,0.51510,0.04463,0.05003
14.8,2,4.47884,0.79359,1.58388,0.25980,0.26550,0.10734,0.02383
14.82,0,3.55873,2.48986,3.12178,0.49956,0.03734,0.00000,
14.82,1,4.30569,1.89484,2.22948,0.50463,1.10030,0.04501,0.01000
14.82,2,4.47877,0.79929,1.58929,0.30255,0.26839,0.10913,0.03235
14.84,0,3.54874,2.49005,3.12251,0.49936,0.03589,0.00000,
14.84,1,4.29966,1.90266,2.24852,0.44633,0.67266,0.04663,0.01999
14.84,2,4.47865,0.80587,1.59461,0.43231,0.33214,0.11130,0.01465
14.86,0,3.53875,2.49024,3.12322,0.49952,0.03452,0.00000,
14.86,1,4.29458,1.90903,2.25823,0.37790,0.37923,0.04654,0.02997
14.86,2,4.47845,0.81538,1.60116,0.48172,0.26615,0.10899,0.02279
14.88,0,3.52899,2.49043,3.12386,0.46280,0.02859,0.00000,
14.88,1,4.29004,1.91459,2.26546,0.33387,0.36445,0.04565,0.03974
14.88,2,4.47827,0.82422,1.60611,0.43595,0.22853,0.10650,0.02997
14.9,0,3.51961,2.49060,3.12449,0.47397,0.03350,0.00000,
14.9,1,4.28630,1.91915,2.27271,0.29926,0.38829,0.04378,0.04912
14.9,2,4.47797,0.83318,1.61056,0.45451,0.22639,0.10276,0.03587
14.92,0,3.51007,2.49076,3.12515,0.47841,0.03159,0.00000,
14.92,1,4.28233,1.92389,2.28096,0.31385,0.41771,0.04202,0.05866
14.92,2,4.47761,0.84126,1.61573,0.39274,0.25591,0.10010,0.04205
14.94,0,3.50062,2.49092,3.12577,0.44397,0.03402,0.00000,
14.94,1,4.27830,1.92859,2.28864,0.29152,0.27510,0.04031,0.06811
14.94,2,4.47723,0.84923,1.62055,0.40106,0.23134,0.09754,0.04823
14.96,0,3.49105,2.49107,3.12636,0.50293,0.02709,0.00000,
14.96,1,4.27390,1.93349,2.29794,0.39747,0.83783,0.03888,0.02856
14.96,2,4.47690,0.85404,1.62601,0.12125,0.13292,0.09838,0.01590
14.98,0,3.48077,2.49123,3.12689,0.51563,0.02633,0.00000,
14.98,1,4.26859,1.93944,2.31224,0.37762,0.45538,0.03817,0.03884
14.98,2,4.47678,0.85498,1.62808,0.00338,0.08413,0.10426,0.02387
15.0,0,3.47061,2.49138,3.12742,0.50189,0.02655,0.00000,
15.0,1,4.26349,1.94501,2.32039,0.37056,0.37682,0.03709,0.04901
15.0,2,4.47691,0.85484,1.62528,0.02169,-0.42621,0.11086,0.03142
15.02,0,3.46067,2.49152,3.12794,0.49433,0.02554,0.00000,
15.02,1,4.25900,1.94991,2.32722,0.28161,0.30231,0.03529,0.05894
15.02,2,4.47681,0.85734,1.62068,0.16654,0.02310,0.11407,0.03807
15.04,0,3.45077,2.49165,3.12844,0.49626,0.02431,0.00000,
15.04,1,4.25464,1.95456,2.32786,0.36159,-0.48955,0.03322,0.01983
15.04,2,4.47659,0.86104,1.62196,0.18047,0.02802,0.11582,0.04444
15.06,0,3.44082,2.49178,3.12891,0.49900,0.02339,0.00000,
15.06,1,4.24982,1.95959,2.31613,0.27365,-1.14226,0.03164,0.02979
15.06,2,4.47655,0.86479,1.62085,0.20200,-0.20218,0.11803,0.01636
15.08,0,3.43083,2.49191,3.12937,0.49920,0.02255,0.00000,
15.08,1,4.24614,1.96336,2.30765,0.24371,-0.21353,0.02835,0.03978
15.08,2,4.47679,0.86821,1.60245,0.22304,-0.31227,0.11917,0.02162
15.1,0,3.42086,2.49203,3.12981,0.49845,0.02169,0.00000,
15.1,1,4.24272,1.96744,2.30900,0.30382,0.36429,0.02498,0.04975
15.1,2,4.47655,0.87474,1.61127,0.39041,0.74082,0.11744,0.02694
15.12,0,3.41089,2.49215,3.13024,0.49819,0.02085,0.00000,
15.12,1,4.23796,1.97264,2.32061,0.41951,0.74443,0.02330,0.00997
15.12,2,4.47633,0.88212,1.62032,0.38933,0.17564,0.11627,0.03399
15.14,0,3.40093,2.49226,3.13064,0.49834,0.02006,0.00000,
15.14,1,4.23060,1.98027,2.33731,0.54362,0.81540,0.02506,0.01993
15.14,2,4.47588,0.89149,1.62648,0.48631,0.41236,0.11606,0.01433
15.16,0,3.39096,2.49237,3.13104,0.49845,0.01929,0.00000,
15.16,1,4.22384,1.98691,2.34927,0.45689,0.49989,0.02574,0.02990
15.16,2,4.47532,0.90078,1.63448,0.46241,0.36373,0.11486,0.02381
15.18,0,3.38099,2.49248,3.13142,0.49844,0.01856,0.00000,
15.18,1,4.21763,1.99296,2.35767,0.37566,0.33658,0.02559,0.03987
15.18,2,4.47473,0.90939,1.64101,0.35646,0.34994,0.11366,0.03248
15.2,0,3.37102,2.49258,3.13178,0.49841,0.01785,0.00000,
15.2,1,4.21331,1.99751,2.36406,0.30489,0.40731,0.02300,0.04984
15.2,2,4.47417,0.91567,1.64813,0.32353,0.35518,0.11285,0.03875
15.22,0,3.36106,2.49268,3.13213,0.49840,0.01717,0.00000,
15.22,1,4.20804,2.00279,2.37016,0.39666,0.17081,0.02154,0.00997
15.22,2,4.47361,0.92240,1.65458,0.34627,0.28990,0.11255,0.04621
15.24,0,3.35152,2.49277,3.13244,0.46494,0.01531,0.00000,
15.24,1,4.20278,2.00773,2.37351,0.37792,0.29373,0.02025,0.01950
15.24,2,4.47305,0.92915,1.65978,0.31066,0.23376,0.11192,0.05342
15.26,0,3.34210,2.49286,3.13277,0.47530,0.01688,0.00000,
15.26,1,4.19678,2.01346,2.38404,0.43077,0.62167,0.02005,0.02893
15.26,2,4.47244,0.93615,1.66480,0.45209,0.25369,0.11203,0.01949
15.28,0,3.33256,2.49294,3.13309,0.47702,0.01541,0.00000,
15.28,1,4.19077,2.01924,2.39538,0.36943,0.44915,0.01973,0.03847
15.28,2,4.47187,0.94170,1.67007,0.25570,0.18030,0.11360,0.02783
15.3,0,3.32327,2.49302,3.13341,0.47644,0.01504,0.00000,
15.3,1,4.18586,2.02402,2.40410,0.33706,0.45902,0.01815,0.04776
15.3,2,4.47141,0.94639,1.67394,0.20171,0.25477,0.11482,0.03468
15.32,0,3.31323,2.49311,3.13368,0.51444,0.01323,0.00000,
15.32,1,4.18078,2.02866,2.41390,0.38934,0.64131,0.01595,0.01004
15.32,2,4.47086,0.95164,1.67953,0.28868,0.25497,0.11540,0.04156
15.34,0,3.30297,2.49319,3.13395,0.50838,0.01349,0.00000,
15.34,1,4.17418,2.03441,2.42855,0.41657,0.58707,0.01537,0.02030
15.34,2,4.47018,0.95682,1.68611,0.24917,0.35293,0.11750,0.01227
15.36,0,3.29295,2.49326,3.13422,0.49555,0.01328,0.00000,
15.36,1,4.16792,2.03973,2.43796,0.41265,0.44279,0.01448,0.03031
15.36,2,4.46959,0.96230,1.69111,0.31722,0.18302,0.11887,0.02049
15.38,0,3.28308,2.49334,3.13448,0.49376,0.01262,0.00000,
15.38,1,4.16181,2.04494,2.44656,0.39016,0.42359,0.01348,0.04019
15.38,2,4.46871,0.96955,1.69532,0.37737,0.24175,0.11832,0.02852
15.4,0,3.27317,2.49341,3.13472,0.49702,0.01208,0.00000,
15.4,1,4.15680,2.04934,2.45368,0.32014,0.39680,0.01106,0.05010
15.4,2,4.46772,0.97727,1.70099,0.38882,0.30155,0.11625,0.03519
15.42,0,3.26321,2.49347,3.13496,0.49844,0.01165,0.00000,
15.42,1,4.15160,2.05364,2.46128,0.38755,-0.19888,0.00870,0.00996
15.42,2,4.46667,0.98514,1.70754,0.43904,0.46245,0.11398,0.00353
15.44,0,3.25324,2.49354,3.13519,0.49788,0.01122,0.00000,
15.44,1,4.14411,2.05939,2.45537,0.47514,-0.33962,0.00897,0.01992
15.44,2,4.46533,0.99467,1.71886,0.45863,0.48903,0.11212,0.01296
15.46,0,3.24329,2.49360,3.13541,0.49731,0.01079,0.00000,
15.46,1,4.13759,2.06477,2.45170,0.38319,-0.01316,0.00820,0.02988
15.46,2,4.46404,1.00334,1.72572,0.41496,0.24850,0.11050,0.02142
15.48,0,3.23335,2.49367,3.13562,0.49732,0.01037,0.00000,
15.48,1,4.13147,2.06996,2.45561,0.39451,0.33447,0.00695,0.03982
15.48,2,4.46283,1.01102,1.73026,0.34612,0.28345,0.10958,0.02944
15.5,0,3.22340,2.49373,3.13582,0.49749,0.00998,0.00000,
15.5,1,4.12641,2.07446,2.46236,0.32523,0.42003,0.00440,0.04977
15.5,2,4.46172,1.01647,1.73781,0.28041,0.39414,0.10985,0.03620
15.52,0,3.21345,2.49378,3.13602,0.49753,0.00960,0.00000,
15.52,1,4.11945,2.08017,2.47224,0.48219,0.40172,0.00405,0.00995
15.52,2,4.46064,1.02235,1.74466,0.31215,0.27498,0.11148,0.04520
15.54,0,3.20350,2.49384,3.13621,0.49750,0.00923,0.00000,
15.54,1,4.11270,2.08541,2.47861,0.41667,0.33396,0.00327,0.01990
15.54,2,4.45959,1.02821,1.74837,0.31633,0.17341,0.11266,0.05375
15.56,0,3.19355,2.49389,3.13639,0.49747,0.00888,0.00000,
15.56,1,4.10568,2.09087,2.48736,0.45617,0.50113,0.00280,0.02985
15.56,2,4.45821,1.03670,1.75368,0.54278,0.29055,0.11155,0.02229
15.58,0,3.18360,2.49394,3.13656,0.49748,0.00854,0.00000,
15.58,1,4.09978,2.09578,2.49520,0.35596,0.43579,0.00104,0.03980
15.58,2,4.45652,1.04696,1.75656,0.48810,0.08608,0.10784,0.02996
15.6,0,3.17365,2.49399,3.13673,0.49748,0.00822,0.00000,
15.6,1,4.09427,2.10012,2.50460,0.34976,0.47651,0.00133,0.04975
15.6,2,4.45459,1.05662,1.75926,0.49757,0.19049,0.10396,0.03698
15.62,0,3.16370,2.49404,3.13689,0.49749,0.00790,0.00000,
15.62,1,4.08626,2.10581,2.51620,0.51950,0.53319,0.00092,0.00995
15.62,2,4.45270,1.06640,1.76426,0.49586,0.28493,0.10211,0.04679
15.64,0,3.15375,2.49409,3.13704,0.49748,0.00760,0.00000,
15.64,1,4.07865,2.11116,2.52659,0.45415,0.51342,0.00103,0.01990
15.64,2,4.45107,1.07474,1.77351,0.30897,0.54987,0.10129,0.01465
15.66,0,3.14380,2.49413,3.13719,0.49748,0.00731,0.00000,
15.66,1,4.07127,2.11625,2.53527,0.44128,0.38279,0.00149,0.02985
15.66,2,4.44978,1.07988,1.78533,0.22673,0.60306,0.10333,0.02362
15.68,0,3.13441,2.49418,3.13732,0.46654,0.00682,0.00000,
15.68,1,4.06571,2.12052,2.54033,0.33450,0.37530,0.00346,0.03924
15.68,2,4.44859,1.08390,1.79935,0.22212,0.92185,0.10507,0.03063
15.7,0,3.12497,2.49422,3.13747,0.47552,0.00720,0.00000,
15.7,1,4.06011,2.12452,2.55026,0.35082,0.52386,0.00557,0.04869
15.7,2,4.44690,1.08884,1.82142,0.32760,0.87268,0.10555,0.03751
15.72,0,3.11544,2.49426,3.13760,0.47571,0.00649,0.00000,
15.72,1,4.05368,2.12873,2.56158,0.41748,0.55746,0.00692,0.00952
15.72,2,4.44512,1.09568,1.82608,0.39517,-0.23777,0.10473,0.04519
15.74,0,3.10609,2.49430,3.13774,0.49288,0.00605,0.00000,
15.74,1,4.04662,2.13319,2.57260,0.41587,0.52144,0.00747,0.01887
15.74,2,4.44319,1.10349,1.82300,0.42061,0.04024,0.10342,0.05352
15.76,0,3.09591,2.49433,3.13785,0.51508,0.00569,0.00000,
15.76,1,4.03970,2.13751,2.58072,0.40052,0.33801,0.00899,0.02906
15.76,2,4.44092,1.11044,1.82982,0.26821,0.73935,0.10265,0.02060
15.78,0,3.08572,2.49437,3.13797,0.50302,0.00583,0.00000,
15.78,1,4.03305,2.14168,2.58747,0.38779,0.35610,0.01085,0.03925
15.78,2,4.43936,1.11501,1.84627,0.20339,0.81623,0.10415,0.02845
15.8,0,3.07578,2.49441,3.13808,0.49315,0.00565,0.00000,
15.8,1,4.02701,2.14557,2.59383,0.34636,0.35870,0.01318,0.04918
15.8,2,4.43799,1.11917,1.86381,0.25520,0.73428,0.10563,0.03563
15.82,0,3.06592,2.49444,3.13819,0.49394,0.00536,0.00000,
15.82,1,4.02078,2.14939,2.60102,0.41734,-0.23530,0.01529,0.00986
15.82,2,4.43629,1.12475,1.86877,0.29376,-0.10427,0.10568,0.04294
15.84,0,3.05601,2.49448,3.13830,0.49704,0.00515,0.00000,
15.84,1,4.01211,2.15419,2.59636,0.49673,-0.25201,0.01485,0.01978
15.84,2,4.43445,1.13111,1.86965,0.34198,0.08379,0.10682,0.01372
15.86,0,3.04606,2.49451,3.13840,0.49767,0.00497,0.00000,
15.86,1,4.00470,2.15877,2.59631,0.41395,0.10414,0.01573,0.02973
15.86,2,4.43248,1.13801,1.87104,0.37518,0.10081,0.10678,0.02243
15.88,0,3.03611,2.49454,3.13850,0.49694,0.00478,0.00000,
15.88,1,3.99747,2.16333,2.60001,0.39383,0.16452,0.01682,0.03967
15.88,2,4.43018,1.14541,1.87412,0.39146,0.18507,0.10608,0.03097
15.9,0,3.02618,2.49457,3.13859,0.49655,0.00459,0.00000,
15.9,1,3.99177,2.16726,2.60421,0.33531,0.31893,0.01956,0.04961
15.9,2,4.42786,1.15275,1.87789,0.37791,0.18159,0.10427,0.03789
15.92,0,3.01625,2.49460,3.13868,0.49666,0.00442,0.00000,
15.92,1,3.98600,2.17085,2.61184,0.34699,0.41462,0.02237,0.05954
15.92,2,4.42561,1.15980,1.88124,0.36474,0.15785,0.10249,0.04468
15.94,0,3.00631,2.49463,3.13877,0.49680,0.00425,0.00000,
15.94,1,3.97988,2.17442,2.61997,0.35721,0.39021,0.02488,0.01987
15.94,2,4.42308,1.16760,1.88734,0.47827,0.50573,0.10005,0.01052
15.96,0,2.99637,2.49466,3.13885,0.49681,0.00409,0.00000,
15.96,1,3.97132,2.17871,2.63719,0.49720,0.94212,0.02486,0.02980
15.96,2,4.42019,1.17637,1.89523,0.41426,0.21953,0.09826,0.02008
15.98,0,2.98644,2.49469,3.13893,0.49677,0.00393,0.00000,
15.98,1,3.96288,2.18300,2.65436,0.46505,0.67877,0.02498,0.03974
15.98,2,4.41765,1.18396,1.89848,0.39005,0.13966,0.09768,0.02954
16.0,0,2.97650,2.49471,3.13901,0.49676,0.00378,0.00000,
16.0,1,3.95461,2.18770,2.66320,0.47112,0.27462,0.02516,0.04967
16.0,2,4.41526,1.19072,1.90261,0.28997,0.37274,0.09825,0.03906
16.02,0,2.96657,2.49474,3.13908,0.49677,0.00364,0.00000,
16.02,1,3.94735,2.19166,2.66593,0.36666,0.11623,0.02654,0.05961
16.02,2,4.41311,1.19646,1.90691,0.31999,0.11507,0.09879,0.04733
16.04,0,2.95663,2.49476,3.13915,0.49677,0.00350,0.00000,
16.04,1,3.94019,2.19525,2.67271,0.52457,0.58794,0.02815,0.01987
16.04,2,4.41092,1.20262,1.90878,0.32741,0.10540,0.09859,0.05533
16.06,0,2.94670,2.49479,3.13922,0.49677,0.00337,0.00000,
16.06,1,3.92994,2.19984,2.68809,0.52359,0.83865,0.02653,0.02981
16.06,2,4.40865,1.20934,1.91274,0.39950,0.38120,0.10012,0.02296
16.08,0,2.93676,2.49481,3.13929,0.49677,0.00324,0.00000,
16.08,1,3.92103,2.20431,2.70268,0.50391,0.55147,0.02624,0.03974
16.08,2,4.40613,1.21671,1.91748,0.38276,0.16646,0.10031,0.03293
16.1,0,2.92683,2.49483,3.13935,0.49677,0.00312,0.00000,
16.1,1,3.91230,2.20849,2.70895,0.46119,0.17972,0.02623,0.04968
16.1,2,4.40334,1.22431,1.92107,0.42282,0.18401,0.09988,0.04261
16.12,0,2.91689,2.49486,3.13941,0.49677,0.00300,0.00000,
16.12,1,3.90600,2.21177,2.70898,0.33884,0.16004,0.02882,0.05961
16.12,2,4.40035,1.23240,1.92471,0.43116,0.17951,0.09706,0.04971
16.14,0,2.90696,2.49488,3.13947,0.49677,0.00288,0.00000,
16.14,1,3.89965,2.21476,2.71593,0.35907,0.40793,0.03146,0.06955
16.14,2,4.39741,1.24031,1.92824,0.41344,0.17492,0.09422,0.05672
16.16,0,2.89702,2.49490,3.13953,0.49677,0.00277,0.00000,
16.16,1,3.89119,2.21838,2.72763,0.48176,0.73550,0.03191,0.02981
16.16,2,4.39496,1.24669,1.93428,0.21511,0.52636,0.09452,0.01957
16.18,0,2.88709,2.49492,3.13958,0.49677,0.00267,0.00000,
16.18,1,3.88250,2.22211,2.74243,0.44071,0.75897,0.03212,0.03974
16.18,2,4.39362,1.24976,1.94225,0.10586,0.37844,0.09851,0.02903
16.2,0,2.87715,2.49494,3.13963,0.49677,0.00257,0.00000,
16.2,1,3.87419,2.22585,2.75208,0.46112,0.24390,0.03271,0.04968
16.2,2,4.39310,1.25109,1.94762,0.07949,0.00169,0.10427,0.03814
16.22,0,2.86736,2.49496,3.13968,0.45958,0.00189,0.00000,
16.22,1,3.86658,2.22921,2.75280,0.34649,-0.10277,0.03395,0.05946
16.22,2,4.39204,1.25400,1.94331,0.20587,-0.20911,0.10776,0.04646
16.24,0,2.85806,2.49498,3.13972,0.47048,0.00249,0.00000,
16.24,1,3.86007,2.23203,2.75599,0.36261,0.31897,0.03594,0.06877
16.24,2,4.39029,1.25848,1.93672,0.26584,-0.49696,0.10857,0.01084
16.26,0,2.84857,2.49500,3.13977,0.47582,0.00241,0.00000,
16.26,1,3.85080,2.23547,2.76563,0.53410,0.59657,0.03528,0.02858
16.26,2,4.38851,1.26350,1.92673,0.26590,-0.49605,0.11080,0.02072
16.28,0,2.83925,2.49501,3.13982,0.45524,0.00253,0.00000,
16.28,1,3.84209,2.23897,2.78013,0.46031,0.69833,0.03500,0.03790
16.28,2,4.38698,1.26872,1.91520,0.30277,-0.46451,0.11279,0.03010
16.3,0,2.82950,2.49503,3.13987,0.50779,0.00193,0.00000,
16.3,1,3.83341,2.24263,2.78980,0.47146,0.26795,0.03515,0.04765
16.3,2,4.38460,1.27557,1.91844,0.41947,0.46420,0.11312,0.03952
16.32,0,2.81923,2.49505,3.13990,0.51186,0.00196,0.00000,
16.32,1,3.82370,2.24599,2.79321,0.62557,0.49903,0.03489,0.01027
16.32,2,4.38157,1.28353,1.92587,0.47197,0.38073,0.11245,0.04978
16.34,0,2.80916,2.49507,3.13994,0.49759,0.00200,0.00000,
16.34,1,3.81241,2.24950,2.80523,0.52221,0.79670,0.03287,0.02034
16.34,2,4.37817,1.29262,1.93240,0.45771,0.21376,0.11162,0.06158
16.36,0,2.79928,2.49508,3.13998,0.49242,0.00190,0.00000,
16.36,1,3.80264,2.25310,2.81896,0.53041,0.55789,0.03213,0.03022
16.36,2,4.37462,1.30198,1.93927,0.59516,0.59650,0.10986,0.02806
16.38,0,2.78941,2.49510,3.14002,0.49517,0.00181,0.00000,
16.38,1,3.79286,2.25698,2.82732,0.47494,0.16122,0.03132,0.04009
16.38,2,4.37038,1.31304,1.94793,0.56654,0.31855,0.10659,0.03857
16.4,0,2.77947,2.49511,3.14006,0.49744,0.00174,0.00000,
16.4,1,3.78595,2.25972,2.82661,0.36031,0.07444,0.03364,0.05003
16.4,2,4.36649,1.32288,1.95391,0.49729,0.29022,0.10213,0.04600
16.42,0,2.76952,2.49513,3.14009,0.49726,0.00168,0.00000,
16.42,1,3.77901,2.26194,2.83058,0.34608,0.31175,0.03607,0.00995
16.42,2,4.36314,1.33066,1.96170,0.34803,0.51689,0.09932,0.05328
16.44,0,2.75959,2.49514,3.14012,0.49655,0.00162,0.00000,
16.44,1,3.77007,2.26417,2.84413,0.47869,0.75225,0.03655,0.01989
16.44,2,4.36014,1.33708,1.97152,0.36582,0.41645,0.09894,0.06246
16.46,0,2.74966,2.49516,3.14015,0.49641,0.00155,0.00000,
16.46,1,3.76096,2.26670,2.85844,0.44662,0.64684,0.03679,0.02981
16.46,2,4.35797,1.34218,1.98318,0.21011,0.67910,0.10053,0.02230
16.48,0,2.73973,2.49517,3.14018,0.49657,0.00149,0.00000,
16.48,1,3.75192,2.26938,2.86338,0.47965,-0.00076,0.03707,0.03974
16.48,2,4.35593,1.34684,1.99280,0.31147,0.31279,0.10268,0.03172
16.5,0,2.72980,2.49519,3.14021,0.49666,0.00144,0.00000,
16.5,1,3.74407,2.27182,2.86040,0.38452,-0.06149,0.03858,0.04968
16.5,2,4.35290,1.35352,1.99716,0.39336,0.19517,0.10179,0.03994
16.52,0,2.71986,2.49520,3.14024,0.49664,0.00138,0.00000,
16.52,1,3.73438,2.27431,2.86444,0.58398,0.32367,0.03829,0.00993
16.52,2,4.34975,1.36027,2.00027,0.38831,0.24874,0.10188,0.04994
16.54,0,2.70993,2.49521,3.14027,0.49661,0.00133,0.00000,
16.54,1,3.72436,2.27703,2.87302,0.48802,0.35571,0.03763,0.01987
16.54,2,4.34637,1.36759,2.00682,0.40400,0.34250,0.10181,0.01616
16.56,0,2.70000,2.49523,3.14029,0.49660,0.00128,0.00000,
16.56,1,3.71471,2.27992,2.87569,0.50450,0.01340,0.03730,0.02980
16.56,2,4.34212,1.37690,2.01887,0.50683,0.61007,0.09959,0.02623
16.58,0,2.69007,2.49524,3.14032,0.49661,0.00123,0.00000,
16.58,1,3.70701,2.28236,2.87256,0.35326,-0.11890,0.03899,0.03973
16.58,2,4.33771,1.38593,2.02641,0.50957,0.25123,0.09606,0.03430
16.6,0,2.68013,2.49525,3.14034,0.49662,0.00118,0.00000,
16.6,1,3.69986,2.28444,2.87413,0.38377,0.18895,0.04129,0.04966
16.6,2,4.33324,1.39503,2.03074,0.50098,0.22397,0.09189,0.04175
16.62,0,2.67020,2.49526,3.14037,0.49661,0.00114,0.00000,
16.62,1,3.69277,2.28644,2.87882,0.34104,0.27766,0.04367,0.05959
16.62,2,4.32887,1.40383,2.03591,0.48434,0.28089,0.08794,0.04912
16.64,0,2.66027,2.49528,3.14039,0.49661,0.00110,0.00000,
16.64,1,3.68508,2.28856,2.88129,0.43285,0.03889,0.04545,0.01986
16.64,2,4.32457,1.41239,2.04161,0.47598,0.28065,0.08472,0.01149
16.66,0,2.65034,2.49529,3.14041,0.49661,0.00105,0.00000,
16.66,1,3.67327,2.29135,2.88589,0.59175,0.38406,0.04306,0.02980
16.66,2,4.32134,1.41810,2.03313,0.28654,-0.50278,0.08746,0.02362
16.68,0,2.64041,2.49530,3.14043,0.49661,0.00101,0.00000,
16.68,1,3.66185,2.29434,2.89384,0.58364,0.45056,0.04103,0.03973
16.68,2,4.31877,1.42120,2.02594,0.16514,-0.32329,0.09267,0.03542
16.7,0,2.63047,2.49531,3.14045,0.49661,0.00097,0.00000,
16.7,1,3.65166,2.29705,2.90095,0.49393,0.17733,0.04026,0.04966
16.7,2,4.31656,1.42346,2.02022,0.12040,-0.10765,0.09784,0.04596
16.72,0,2.62054,2.49532,3.14047,0.49661,0.00094,0.00000,
16.72,1,3.64498,2.29920,2.89931,0.32567,-0.02449,0.04304,0.05959
16.72,2,4.31491,1.42573,2.03093,0.20057,0.45003,0.10080,0.05298
16.74,0,2.61061,2.49533,3.14049,0.49661,0.00090,0.00000,
16.74,1,3.63706,2.30123,2.90244,0.47797,0.34663,0.04464,0.01986
16.74,2,4.31293,1.42943,2.03264,0.19769,-0.06236,0.10311,0.06115
16.76,0,2.60068,2.49535,3.14051,0.49661,0.00087,0.00000,
16.76,1,3.62895,2.30334,2.91015,0.42311,0.26220,0.04604,0.02980
16.76,2,4.31094,1.43285,2.03139,0.19768,-0.06230,0.10583,0.01974
16.78,0,2.59074,2.49536,3.14052,0.49661,0.00083,0.00000,
16.78,1,3.61975,2.30557,2.91136,0.49488,-0.02833,0.04636,0.03973
16.78,2,4.30883,1.43698,2.03188,0.29426,0.22400,0.10873,0.02920
16.8,0,2.58081,2.49537,3.14054,0.49661,0.00080,0.00000,
16.8,1,3.61040,2.30776,2.91122,0.43158,-0.03277,0.04654,0.04966
16.8,2,4.30554,1.44348,2.04045,0.39776,0.50477,0.10915,0.03881
16.82,0,2.57088,2.49538,3.14056,0.49661,0.00077,0.00000,
16.82,1,3.60274,2.30969,2.91143,0.39447,0.09767,0.04843,0.05959
16.82,2,4.30202,1.45036,2.04937,0.36447,0.37373,0.10789,0.04670
16.84,0,2.56162,2.49539,3.14057,0.46817,0.00074,0.00000,
16.84,1,3.59501,2.31152,2.91402,0.39860,0.12689,0.04962,0.06886
16.84,2,4.29877,1.45660,2.05653,0.34322,0.35347,0.10732,0.05465
16.86,0,2.55216,2.49540,3.14058,0.47539,0.00081,0.00000,
16.86,1,3.58469,2.31361,2.91768,0.64412,0.24157,0.04842,0.02865
16.86,2,4.29552,1.46280,2.06381,0.35773,0.46509,0.10867,0.02240
16.88,0,2.54281,2.49541,3.14060,0.44857,0.00092,0.00000,
16.88,1,3.57331,2.31603,2.92515,0.52909,0.47005,0.04600,0.03800
16.88,2,4.29266,1.46789,2.07197,0.29047,0.39030,0.11211,0.03404
16.9,0,2.53316,2.49542,3.14061,0.50478,0.00056,0.00000,
16.9,1,3.56314,2.31847,2.93207,0.50663,0.17935,0.04507,0.04765
16.9,2,4.28979,1.47272,2.08097,0.26110,0.54421,0.11504,0.04450
16.92,0,2.52290,2.49543,3.14062,0.51247,0.00058,0.00000,
16.92,1,3.55417,2.32052,2.93349,0.51879,0.27847,0.04599,0.01025
16.92,2,4.28666,1.47810,2.08807,0.32091,0.20807,0.11634,0.00496
16.94,0,2.51281,2.49544,3.14064,0.49813,0.00063,0.00000,
16.94,1,3.54425,2.32265,2.94022,0.46082,0.46061,0.04581,0.02035
16.94,2,4.28300,1.48411,2.09045,0.36971,-0.04973,0.11755,0.01511
16.96,0,2.50294,2.49545,3.14065,0.49189,0.00060,0.00000,
16.96,1,3.53573,2.32476,2.94521,0.46572,-0.00024,0.04680,0.03022
16.96,2,4.27952,1.49070,2.08999,0.37585,0.11307,0.11753,0.02388
16.98,0,2.49308,2.49545,3.14066,0.49435,0.00056,0.00000,
16.98,1,3.52636,2.32668,2.94319,0.42508,-0.19885,0.04697,0.04008
16.98,2,4.27569,1.49739,2.09673,0.39171,0.46519,0.11769,0.03345
17.0,0,2.48316,2.49546,3.14067,0.49686,0.00054,0.00000,
17.0,1,3.51801,2.32842,2.94251,0.42562,0.08488,0.04825,0.05000
17.0,2,4.27168,1.50415,2.10616,0.39151,0.43959,0.11689,0.04197
17.02,0,2.47322,2.49547,3.14068,0.49683,0.00053,0.00000,
17.02,1,3.50875,2.33019,2.94566,0.59798,0.23616,0.04864,0.00994
17.02,2,4.26772,1.51077,2.11392,0.38082,0.35762,0.11690,0.05139
17.04,0,2.46329,2.49548,3.14069,0.49609,0.00051,0.00000,
17.04,1,3.49648,2.33249,2.95032,0.55641,0.27645,0.04596,0.01987
17.04,2,4.26382,1.51720,2.12091,0.37264,0.34906,0.11960,0.06388
17.06,0,2.45337,2.49549,3.14070,0.49590,0.00049,0.00000,
17.06,1,3.48623,2.33454,2.95326,0.51259,0.02283,0.04533,0.02979
17.06,2,4.26003,1.52336,2.12834,0.31350,0.27129,0.12106,0.02812
17.08,0,2.44345,2.49550,3.14071,0.49606,0.00047,0.00000,
17.08,1,3.47756,2.33640,2.95123,0.32928,-0.27333,0.04627,0.03971
17.08,2,4.25659,1.52861,2.13376,0.31354,0.27161,0.12224,0.03700
17.1,0,2.43353,2.49551,3.14072,0.49616,0.00045,0.00000,
17.1,1,3.47117,2.33808,2.94607,0.33350,-0.22767,0.04951,0.04963
17.1,2,4.25328,1.53383,2.13998,0.32672,0.33807,0.12184,0.04359
17.12,0,2.42361,2.49552,3.14073,0.49614,0.00043,0.00000,
17.12,1,3.46419,2.33956,2.94507,0.37618,0.08593,0.05220,0.05955
17.12,2,4.24936,1.53969,2.14373,0.35432,0.01178,0.12084,0.05072
17.14,0,2.41369,2.49553,3.14074,0.49611,0.00042,0.00000,
17.14,1,3.45678,2.34099,2.94856,0.42484,0.25610,0.05448,0.01985
17.14,2,4.24522,1.54598,2.14400,0.35213,0.27332,0.11969,0.01123
17.16,0,2.40376,2.49553,3.14075,0.49610,0.00040,0.00000,
17.16,1,3.44547,2.34253,2.95930,0.56637,0.69343,0.05288,0.02977
17.16,2,4.24116,1.55213,2.15117,0.38908,0.41422,0.12155,0.02263
17.18,0,2.39384,2.49554,3.14075,0.49611,0.00039,0.00000,
17.18,1,3.43459,2.34428,2.97293,0.53735,0.60472,0.05168,0.03969
17.18,2,4.23693,1.55843,2.15999,0.38123,0.40995,0.12308,0.03365
17.2,0,2.38392,2.49555,3.14076,0.49611,0.00037,0.00000,
17.2,1,3.42408,2.34639,2.98056,0.51655,0.13993,0.05080,0.04961
17.2,2,4.23266,1.56477,2.16752,0.37847,0.36449,0.12461,0.04437
17.22,0,2.37400,2.49556,3.14077,0.49611,0.00036,0.00000,
17.22,1,3.41439,2.34797,2.97953,0.57916,-0.00445,0.05081,0.00992
17.22,2,4.22853,1.57083,2.17454,0.34433,0.26720,0.12550,0.05418
17.24,0,2.36407,2.49557,3.14078,0.49611,0.00034,0.00000,
17.24,1,3.40250,2.34949,2.98435,0.57290,0.29430,0.04865,0.01984
17.24,2,4.22427,1.57705,2.18207,0.39189,0.60736,0.12781,0.01693
17.26,0,2.35415,2.49558,3.14078,0.49611,0.00033,0.00000,
17.26,1,3.39226,2.35114,2.98827,0.52198,0.06009,0.04811,0.02977
17.26,2,4.22010,1.58306,2.19399,0.37013,0.61844,0.12927,0.02730
17.28,0,2.34423,2.49558,3.14079,0.49611,0.00032,0.00000,
17.28,1,3.38219,2.35313,2.98882,0.46054,-0.04010,0.04769,0.03969
17.28,2,4.21538,1.58939,2.20460,0.42109,0.36304,0.13026,0.03755
17.3,0,2.33431,2.49559,3.14080,0.49611,0.00031,0.00000,
17.3,1,3.37512,2.35461,2.98709,0.35785,0.01021,0.05032,0.04961
17.3,2,4.20986,1.59695,2.21116,0.48266,0.27195,0.12731,0.04477
17.32,0,2.32439,2.49560,3.14080,0.49611,0.00029,0.00000,
17.32,1,3.36792,2.35572,2.98879,0.34126,0.14411,0.05287,0.05953
17.32,2,4.20402,1.60483,2.21790,0.48555,0.37715,0.12379,0.05206
17.34,0,2.31446,2.49561,3.14081,0.49611,0.00028,0.00000,
17.34,1,3.36028,2.35690,2.99034,0.42485,0.01301,0.05498,0.06946
17.34,2,4.19838,1.61232,2.22548,0.45597,0.36649,0.12107,0.05979
17.36,0,2.30454,2.49561,3.14081,0.49611,0.00027,0.00000,
17.36,1,3.35086,2.35819,2.99107,0.60396,0.13805,0.05530,0.02977
17.36,2,4.19358,1.61866,2.23625,0.34270,0.69848,0.12121,0.02085
17.38,0,2.29462,2.49562,3.14082,0.49611,0.00026,0.00000,
17.38,1,3.33912,2.35951,2.99423,0.53857,0.23143,0.05333,0.03969
17.38,2,4.19000,1.62338,2.24837,0.29461,0.63834,0.12512,0.03266
17.4,0,2.28470,2.49563,3.14082,0.49611,0.00025,0.00000,
17.4,1,3.32869,2.36083,2.99702,0.50565,0.04057,0.05266,0.04961
17.4,2,4.18580,1.62862,2.25879,0.36919,0.38147,0.12729,0.04317
17.42,0,2.27477,2.49564,3.14083,0.49611,0.00024,0.00000,
17.42,1,3.32102,2.36218,2.99463,0.32935,-0.17838,0.05473,0.05953
17.42,2,4.18097,1.63456,2.26410,0.36643,0.15222,0.12647,0.05095
17.44,0,2.26485,2.49565,3.14083,0.49611,0.00023,0.00000,
17.44,1,3.31434,2.36343,2.99143,0.35525,-0.08315,0.05778,0.06946
17.44,2,4.17602,1.64044,2.26788,0.46174,0.40718,0.12481,0.01013
17.46,0,2.25493,2.49565,3.14084,0.49611,0.00022,0.00000,
17.46,1,3.30429,2.36465,2.99476,0.53178,0.43295,0.05751,0.02977
17.46,2,4.16884,1.64898,2.27438,0.53878,0.18872,0.12233,0.02024
17.48,0,2.24501,2.49566,3.14084,0.49611,0.00022,0.00000,
17.48,1,3.29437,2.36594,3.00431,0.49878,0.48138,0.05735,0.03969
17.48,2,4.16208,1.65669,2.27702,0.50377,0.12877,0.12070,0.03024
17.5,0,2.23509,2.49567,3.14085,0.49611,0.00021,0.00000,
17.5,1,3.28449,2.36760,3.01260,0.49850,0.30279,0.05719,0.04961
17.5,2,4.15603,1.66368,2.28135,0.38763,0.24883,0.12030,0.04026
17.52,0,2.22516,2.49568,3.14085,0.49611,0.00020,0.00000,
17.52,1,3.27528,2.36895,3.01402,0.38789,-0.12135,0.05774,0.05953
17.52,2,4.15143,1.66908,2.28660,0.35514,0.29744,0.12136,0.04956
17.54,0,2.21524,2.49568,3.14085,0.49611,0.00019,0.00000,
17.54,1,3.26803,2.36998,3.01231,0.37662,-0.01680,0.06026,0.01984
17.54,2,4.14670,1.67453,2.29322,0.36397,0.34221,0.12059,0.05689
17.56,0,2.20532,2.49569,3.14086,0.49611,0.00018,0.00000,
17.56,1,3.25687,2.37096,3.01689,0.52977,0.40943,0.05892,0.02977
17.56,2,4.14191,1.67990,2.29822,0.43560,0.21117,0.12288,0.02295
17.58,0,2.19582,2.49570,3.14086,0.46299,0.00007,0.00000,
17.58,1,3.24632,2.37198,3.02506,0.52969,0.40388,0.05776,0.03926
17.58,2,4.13624,1.68626,2.31206,0.43863,0.77920,0.12346,0.03355
17.6,0,2.18644,2.49570,3.14086,0.47323,0.00024,0.00000,
17.6,1,3.23628,2.37347,3.03240,0.49431,0.23734,0.05693,0.04864
17.6,2,4.13003,1.69299,2.32159,0.49132,0.32469,0.12332,0.04370
17.62,0,2.17695,2.49571,3.14087,0.47491,0.00019,0.00000,
17.62,1,3.22806,2.37463,3.03190,0.34828,-0.13072,0.05806,0.05814
17.62,2,4.12317,1.70038,2.32648,0.50989,0.23437,0.12064,0.05200
17.64,0,2.16765,2.49572,3.14087,0.48681,0.00015,0.00000,
17.64,1,3.21996,2.37546,3.03869,0.46420,0.70929,0.05916,0.01879
17.64,2,4.11628,1.70771,2.33229,0.48093,0.41499,0.11771,0.01171
17.66,0,2.15752,2.49573,3.14087,0.51430,0.00008,0.00000,
17.66,1,3.21163,2.37645,3.04761,0.42039,0.20033,0.06084,0.02892
17.66,2,4.11032,1.71399,2.34523,0.41971,0.62379,0.11646,0.02009
17.68,0,2.14733,2.49573,3.14088,0.50358,0.00015,0.00000,
17.68,1,3.20306,2.37726,3.05087,0.44102,0.05994,0.06236,0.03912
17.68,2,4.10487,1.71964,2.35321,0.39095,0.29558,0.11612,0.02870
17.7,0,2.13739,2.49574,3.14088,0.49254,0.00016,0.00000,
17.7,1,3.19491,2.37806,3.04922,0.36016,-0.16187,0.06404,0.04905
17.7,2,4.09910,1.72546,2.35864,0.42049,0.26943,0.11510,0.03689
17.72,0,2.12756,2.49575,3.14088,0.49260,0.00014,0.00000,
17.72,1,3.18766,2.37880,3.05140,0.34303,0.33453,0.06653,0.00984
17.72,2,4.09320,1.73130,2.36470,0.39018,0.35577,0.11322,0.00343
17.74,0,2.11767,2.49575,3.14089,0.49585,0.00013,0.00000,
17.74,1,3.18068,2.37920,3.05879,0.35929,0.36822,0.06938,0.01973
17.74,2,4.08739,1.73687,2.37416,0.42718,0.52878,0.11118,0.01042
17.76,0,2.10774,2.49576,3.14089,0.49673,0.00013,0.00000,
17.76,1,3.17325,2.37977,3.06174,0.42175,-0.05060,0.07181,0.02966
17.76,2,4.08104,1.74297,2.38244,0.44228,0.31148,0.10887,0.01787
17.78,0,2.09781,2.49577,3.14089,0.49603,0.00012,0.00000,
17.78,1,3.16370,2.38062,3.05880,0.50096,-0.15524,0.07209,0.03959
17.78,2,4.07480,1.74890,2.38747,0.41942,0.23403,0.10868,0.02746
17.8,0,2.08789,2.49577,3.14089,0.49557,0.00012,0.00000,
17.8,1,3.15419,2.38146,3.05691,0.45963,-0.05255,0.07240,0.04950
17.8,2,4.06883,1.75451,2.39254,0.40351,0.27100,0.10890,0.03701
17.82,0,2.07798,2.49578,3.14090,0.49566,0.00011,0.00000,
17.82,1,3.14526,2.38224,3.05614,0.44086,-0.03801,0.07330,0.05941
17.82,2,4.06348,1.75957,2.39750,0.36404,0.26435,0.10944,0.04597
17.84,0,2.06807,2.49579,3.14090,0.49581,0.00011,0.00000,
17.84,1,3.13655,2.38299,3.05517,0.43482,-0.05582,0.07442,0.06933
17.84,2,4.05809,1.76456,2.40300,0.36861,0.27275,0.10982,0.05471
17.86,0,2.05815,2.49580,3.14090,0.49583,0.00010,0.00000,
17.86,1,3.12717,2.38373,3.05415,0.62036,0.00841,0.07488,0.02974
17.86,2,4.05279,1.76950,2.40881,0.32044,0.20660,0.11087,0.02258
17.88,0,2.04823,2.49580,3.14090,0.49579,0.00010,0.00000,
17.88,1,3.11479,2.38445,3.05059,0.55856,-0.26308,0.07236,0.03966
17.88,2,4.04811,1.77390,2.41292,0.32150,0.19274,0.11528,0.03498
17.9,0,2.03832,2.49581,3.14090,0.49577,0.00010,0.00000,
17.9,1,3.10460,2.38526,3.04675,0.51635,-0.11354,0.07199,0.04958
17.9,2,4.04297,1.77871,2.41581,0.37356,0.15210,0.11734,0.04521
17.92,0,2.02840,2.49582,3.14091,0.49578,0.00009,0.00000,
17.92,1,3.09582,2.38626,3.04482,0.34264,-0.15763,0.07302,0.05949
17.92,2,4.03646,1.78447,2.42027,0.47789,0.27475,0.11667,0.05404
17.94,0,2.01849,2.49582,3.14091,0.49579,0.00009,0.00000,
17.94,1,3.08891,2.38726,3.04061,0.35547,-0.23597,0.07591,0.06941
17.94,2,4.02923,1.79080,2.42607,0.45950,0.27868,0.11354,0.06101
17.96,0,2.00857,2.49583,3.14091,0.49579,0.00009,0.00000,
17.96,1,3.07941,2.38811,3.03944,0.60559,0.16985,0.07624,0.02975
17.96,2,4.02047,1.79811,2.42080,0.60462,-0.46923,0.11072,0.02027
17.98,0,1.99866,2.49584,3.14091,0.49579,0.00008,0.00000,
17.98,1,3.06868,2.38897,3.04799,0.52740,0.44874,0.07535,0.03966
17.98,2,4.01177,1.80561,2.41346,0.55541,-0.30595,0.10893,0.03102
18.0,0,1.98874,2.49584,3.14091,0.49579,0.00008,0.00000,
18.0,1,3.05817,2.39011,3.05638,0.53049,0.38698,0.07465,0.04958
18.0,2,4.00406,1.81285,2.41195,0.51078,0.15621,0.10812,0.04160
18.02,0,1.97882,2.49585,3.14091,0.49579,0.00008,0.00000,
18.02,1,3.04837,2.39137,3.06037,0.39081,-0.01527,0.07464,0.00992
18.02,2,3.99740,1.81906,2.41719,0.39316,0.25004,0.10824,0.05147
18.04,0,1.96891,2.49586,3.14092,0.49579,0.00007,0.00000,
18.04,1,3.03694,2.39241,3.06411,0.56892,0.41998,0.07303,0.01983
18.04,2,3.99142,1.82448,2.42413,0.41316,0.39038,0.11066,0.06295
18.06,0,1.95899,2.49586,3.14092,0.49579,0.00007,0.00000,
18.06,1,3.02575,2.39345,3.07260,0.52513,0.45141,0.07166,0.02975
18.06,2,3.98511,1.82999,2.43107,0.39232,0.24358,0.11259,0.02733
18.08,0,1.94908,2.49587,3.14092,0.49579,0.00007,0.00000,
18.08,1,3.01527,2.39454,3.07944,0.52190,0.16361,0.07099,0.03966
18.08,2,3.97967,1.83479,2.43890,0.33533,0.64380,0.11508,0.03787
18.1,0,1.93916,2.49588,3.14092,0.49579,0.00007,0.00000,
18.1,1,3.00571,2.39525,3.07817,0.38135,-0.20917,0.07128,0.04958
18.1,2,3.97453,1.83949,2.45191,0.37743,0.66380,0.11691,0.04745
18.12,0,1.92925,2.49588,3.14092,0.49579,0.00006,0.00000,
18.12,1,2.99760,2.39580,3.07543,0.55566,0.00417,0.07303,0.00992
18.12,2,3.96790,1.84482,2.46369,0.45006,0.44313,0.11583,0.05557
18.14,0,1.91933,2.49589,3.14092,0.49579,0.00006,0.00000,
18.14,1,2.98726,2.39632,3.07585,0.44509,0.01752,0.07256,0.01983
18.14,2,3.96186,1.84974,2.47000,0.36484,0.20849,0.11741,0.01487
18.16,0,1.90941,2.49590,3.14092,0.49579,0.00006,0.00000,
18.16,1,2.97828,2.39703,3.07122,0.47449,-0.33954,0.07343,0.02975
18.16,2,3.95656,1.85423,2.47865,0.29372,1.13027,0.11877,0.02387
18.18,0,1.89950,2.49590,3.14092,0.49579,0.00006,0.00000,
18.18,1,2.96941,2.39772,3.06625,0.41107,-0.15122,0.07441,0.03966
18.18,2,3.95461,1.85764,2.49366,0.12902,0.61723,0.12351,0.03277
18.2,0,1.88958,2.49591,3.14093,0.49579,0.00005,0.00000,
18.2,1,2.96085,2.39837,3.06576,0.43783,0.03106,0.07570,0.04958
18.2,2,3.95292,1.85995,2.50961,0.16126,1.03309,0.12876,0.04136
18.22,0,1.87967,2.49592,3.14093,0.49579,0.00005,0.00000,
18.22,1,2.95182,2.39903,3.06611,0.55138,0.02322,0.07652,0.00992
18.22,2,3.95187,1.86092,2.55063,0.07750,1.69336,0.13563,0.05041
18.24,0,1.86975,2.49592,3.14093,0.49579,0.00005,0.00000,
18.24,1,2.94035,2.39968,3.06794,0.56595,0.10439,0.07491,0.01983
18.24,2,3.94961,1.86251,2.57727,0.15699,1.37378,0.14331,0.06190
18.26,0,1.85984,2.49593,3.14093,0.49579,0.00005,0.00000,
18.26,1,2.92907,2.40031,3.06987,0.55824,0.06041,0.07350,0.02975
18.26,2,3.94590,1.86383,2.60298,0.25331,0.63199,0.14967,0.02747
18.28,0,1.84992,2.49594,3.14093,0.49579,0.00005,0.00000,
18.28,1,2.91874,2.40098,3.06951,0.49376,-0.06608,0.07303,0.03966
18.28,2,3.94112,1.86594,2.61554,0.29285,0.63511,0.15392,0.03782
18.3,0,1.84000,2.49594,3.14093,0.49579,0.00004,0.00000,
18.3,1,2.91053,2.40165,3.06740,0.38949,-0.08151,0.07467,0.04958
18.3,2,3.93390,1.86985,2.62386,0.49035,0.16204,0.15330,0.04605
18.32,0,1.83009,2.49595,3.14093,0.49579,0.00004,0.00000,
18.32,1,2.90235,2.40231,3.06675,0.42418,-0.00993,0.07634,0.00992
18.32,2,3.92512,1.87490,2.62488,0.52057,-0.05625,0.15075,0.05426
18.34,0,1.82017,2.49596,3.14093,0.49579,0.00004,0.00000,
18.34,1,2.89044,2.40299,3.06816,0.55623,0.13661,0.07429,0.01983
18.34,2,3.91627,1.87994,2.62356,0.49091,-0.02890,0.15148,0.06619
18.36,0,1.81026,2.49596,3.14093,0.49579,0.00004,0.00000,
18.36,1,2.87933,2.40366,3.07087,0.55528,0.12594,0.07305,0.02975
18.36,2,3.90738,1.88493,2.62597,0.57657,0.31551,0.15150,0.02725
18.38,0,1.80034,2.49597,3.14093,0.49579,0.00004,0.00000,
18.38,1,2.86876,2.40432,3.07143,0.50254,-0.04199,0.07234,0.03966
18.38,2,3.89741,1.89059,2.63257,0.53825,0.29424,0.14980,0.03785
18.4,0,1.79043,2.49598,3.14093,0.49579,0.00004,0.00000,
18.4,1,2.86015,2.40500,3.06947,0.34658,-0.13762,0.07358,0.04958
18.4,2,3.88855,1.89561,2.63449,0.48595,-0.00847,0.14765,0.04648
18.42,0,1.78051,2.49598,3.14094,0.49579,0.00004,0.00000,
18.42,1,2.85258,2.40564,3.06819,0.46239,-0.00360,0.07587,0.00992
18.42,2,3.88079,1.90007,2.63334,0.38955,-0.12584,0.14578,0.05407
18.44,0,1.77059,2.49599,3.14094,0.49579,0.00003,0.00000,
18.44,1,2.84266,2.40628,3.06481,0.44888,-0.01759,0.07581,0.01983
18.44,2,3.87377,1.90411,2.63428,0.44298,0.26006,0.14689,0.01393
18.46,0,1.76068,2.49600,3.14094,0.49579,0.00003,0.00000,
18.46,1,2.83329,2.40675,3.06810,0.48071,0.20208,0.07632,0.02975
18.46,2,3.86531,1.90883,2.64182,0.48717,0.31911,0.14586,0.02331
18.48,0,1.75076,2.49600,3.14094,0.49579,0.00003,0.00000,
18.48,1,2.82361,2.40747,3.06975,0.48477,-0.01088,0.07649,0.03966
18.48,2,3.85764,1.91313,2.64677,0.42992,0.10486,0.14613,0.03302
18.5,0,1.74085,2.49601,3.14094,0.49579,0.00003,0.00000,
18.5,1,2.81445,2.40823,3.06835,0.40148,-0.11084,0.07719,0.04958
18.5,2,3.84987,1.91738,2.64647,0.44903,-0.03625,0.14587,0.04221
18.52,0,1.73136,2.49601,3.14094,0.46271,-0.00007,0.00000,
18.52,1,2.80630,2.40891,3.06723,0.41720,-0.01715,0.07846,0.05907
18.52,2,3.84205,1.92161,2.64697,0.43797,0.07534,0.14465,0.05039
18.54,0,1.72198,2.49602,3.14094,0.47293,0.00009,0.00000,
18.54,1,2.79626,2.40957,3.06767,0.65928,0.07138,0.07775,0.01887
18.54,2,3.83516,1.92547,2.64767,0.38134,0.07910,0.14615,0.06045
18.56,0,1.71249,2.49603,3.14094,0.47461,0.00005,0.00000,
18.56,1,2.78457,2.41023,3.07224,0.56145,0.24616,0.07550,0.02836
18.56,2,3.82820,1.92930,2.64645,0.40014,-0.49823,0.14912,0.02591
18.58,0,1.70330,2.49603,3.14094,0.48846,0.00003,0.00000,
18.58,1,2.77346,2.41107,3.07694,0.54359,0.18294,0.07353,0.03755
18.58,2,3.82117,1.93318,2.63676,0.40727,-0.41164,0.15156,0.03705
18.6,0,1.69292,2.49604,3.14094,0.53176,-0.00006,0.00000,
18.6,1,2.76355,2.41177,3.07751,0.40888,-0.09836,0.07394,0.04793
18.6,2,3.81366,1.93700,2.63482,0.40884,0.24541,0.15245,0.04698
18.62,0,1.68239,2.49605,3.14094,0.51798,0.00002,0.00000,
18.62,1,2.75582,2.41232,3.07585,0.40212,-0.04773,0.07668,0.05845
18.62,2,3.80584,1.94137,2.64063,0.48708,0.20757,0.15080,0.05473
18.64,0,1.67224,2.49605,3.14094,0.50144,0.00004,0.00000,
18.64,1,2.74734,2.41287,3.07536,0.50541,-0.01272,0.07832,0.02068
18.64,2,3.79609,1.94669,2.64518,0.63507,0.31733,0.14769,0.01244
18.66,0,1.66224,2.49606,3.14094,0.50087,0.00002,0.00000,
18.66,1,2.74015,2.41343,3.07436,0.34636,-0.12251,0.08108,0.03068
18.66,2,3.78546,1.95248,2.65076,0.54760,0.22326,0.14243,0.01965
18.68,0,1.65254,2.49607,3.14094,0.46977,-0.00012,0.00000,
18.68,1,2.73243,2.41408,3.07103,0.43161,-0.12381,0.08300,0.04038
18.68,2,3.77712,1.95699,2.65393,0.43009,0.12175,0.14031,0.02740
18.7,0,1.64300,2.49607,3.14094,0.48238,0.00008,0.00000,
18.7,1,2.72331,2.41473,3.07034,0.49771,0.00559,0.08337,0.04992
18.7,2,3.76999,1.96087,2.65542,0.35608,-0.07806,0.14085,0.03655
18.72,0,1.63331,2.49608,3.14094,0.48425,0.00006,0.00000,
18.72,1,2.71322,2.41545,3.07057,0.51455,-0.00270,0.08292,0.05961
18.72,2,3.76334,1.96456,2.65693,0.39948,0.17604,0.14282,0.04666
18.74,0,1.62366,2.49609,3.14094,0.48084,0.00001,0.00000,
18.74,1,2.70306,2.41618,3.07050,0.52118,0.02620,0.08235,0.01933
18.74,2,3.75612,1.96841,2.66085,0.40942,0.18009,0.14431,0.05684
18.76,0,1.61416,2.49609,3.14094,0.46791,0.00008,0.00000,
18.76,1,2.69279,2.41691,3.07115,0.49751,0.01953,0.08154,0.02884
18.76,2,3.74854,1.97229,2.66507,0.54801,0.25290,0.14556,0.02562
18.78,0,1.60444,2.49610,3.14094,0.49739,-0.00000,0.00000,
18.78,1,2.68338,2.41758,3.07108,0.45502,-0.01737,0.08179,0.03856
18.78,2,3.73825,1.97702,2.67470,0.56602,0.48173,0.14317,0.03506
18.8,0,1.59452,2.49610,3.14094,0.49333,0.00006,0.00000,
18.8,1,2.67444,2.41821,3.07070,0.44707,-0.01622,0.08272,0.04848
18.8,2,3.72908,1.98150,2.68651,0.50544,0.55894,0.14148,0.04402
18.82,0,1.58441,2.49611,3.14094,0.51222,-0.00001,0.00000,
18.82,1,2.66555,2.41885,3.07043,0.41391,-0.03219,0.08390,0.01012
18.82,2,3.71970,1.98622,2.69165,0.51341,-0.03424,0.13947,0.05294
18.84,0,1.57416,2.49612,3.14094,0.50990,0.00001,0.00000,
18.84,1,2.65417,2.41948,3.07044,0.58699,0.00532,0.08272,0.02036
18.84,2,3.71078,1.99073,2.69019,0.50683,0.01965,0.14029,0.06433
18.86,0,1.56404,2.49612,3.14095,0.50370,0.00002,0.00000,
18.86,1,2.64407,2.42014,3.07151,0.44931,0.04939,0.08270,0.03048
18.86,2,3.70197,1.99500,2.69573,0.47708,0.37746,0.14013,0.02594
18.88,0,1.55399,2.49613,3.14095,0.50265,0.00002,0.00000,
18.88,1,2.63477,2.42086,3.07051,0.42136,-0.12302,0.08340,0.04053
18.88,2,3.69340,1.99910,2.70104,0.47632,0.15290,0.13955,0.03527
18.9,0,1.54392,2.49614,3.14095,0.50417,0.00001,0.00000,
18.9,1,2.62752,2.42156,3.06766,0.36044,-0.14414,0.08617,0.05060
18.9,2,3.68476,2.00318,2.70257,0.47777,0.05076,0.13701,0.04255
18.92,0,1.53420,2.49614,3.14094,0.46931,-0.00012,0.00000,
18.92,1,2.61919,2.42237,3.05200,0.44458,-1.80894,0.08750,0.00972
18.92,2,3.67618,2.00720,2.70401,0.46977,0.09461,0.13560,0.05092
18.94,0,1.52469,2.49615,3.14094,0.48018,0.00007,0.00000,
18.94,1,2.61132,2.42320,3.02285,0.38912,-1.13036,0.08908,0.01923
18.94,2,3.66562,2.01188,2.70802,0.67267,0.23295,0.13170,0.01248
18.96,0,1.51504,2.49616,3.14095,0.48265,0.00005,0.00000,
18.96,1,2.60324,2.42426,3.01408,0.43744,0.11709,0.09058,0.02888
18.96,2,3.65436,2.01712,2.71591,0.58014,0.49138,0.12721,0.02062
18.98,0,1.50541,2.49616,3.14095,0.47991,0.00000,0.00000,
18.98,1,2.59388,2.42546,3.02126,0.49003,0.37879,0.09076,0.03850
18.98,2,3.64392,2.02211,2.72198,0.56466,0.12481,0.12485,0.03006
19.0,0,1.49595,2.49617,3.14095,0.47774,0.00003,0.00000,
19.0,1,2.58432,2.42662,3.02595,0.47795,0.11505,0.09058,0.04796
19.0,2,3.63590,2.02614,2.72027,0.43223,0.01970,0.12526,0.03970
19.02,0,1.48615,2.49618,3.14095,0.48135,0.00009,0.00000,
19.02,1,2.57485,2.42772,3.02697,0.47214,0.03902,0.09086,0.00981
19.02,2,3.62793,2.02980,2.72315,0.44237,0.18756,0.12575,0.04922
19.04,0,1.47614,2.49618,3.14095,0.51159,-0.00001,0.00000,
19.04,1,2.56351,2.42904,3.02947,0.58401,0.16745,0.08944,0.01981
19.04,2,3.61970,2.03347,2.72628,0.44111,0.16305,0.12784,0.01616
19.06,0,1.46586,2.49619,3.14095,0.51238,-0.00000,0.00000,
19.06,1,2.55218,2.43035,3.03202,0.54056,0.09997,0.08832,0.03009
19.06,2,3.61195,2.03705,2.71037,0.42435,-0.82029,0.13040,0.02757
19.08,0,1.45571,2.49619,3.14095,0.50372,0.00002,0.00000,
19.08,1,2.54225,2.43146,3.03379,0.47459,0.08625,0.08846,0.04024
19.08,2,3.60480,2.04075,2.69856,0.37504,-0.23659,0.13211,0.03757
19.1,0,1.44568,2.49620,3.14095,0.50107,0.00002,0.00000,
19.1,1,2.53506,2.43248,3.03313,0.35512,-0.09446,0.09124,0.05027
19.1,2,3.59678,2.04466,2.70026,0.50707,0.25117,0.13033,0.04482
19.12,0,1.43564,2.49621,3.14095,0.50286,0.00001,0.00000,
19.12,1,2.52757,2.43341,3.03195,0.39677,0.02188,0.09373,0.06031
19.12,2,3.58711,2.04917,2.70556,0.53505,0.23014,0.12706,0.05237
19.14,0,1.42557,2.49621,3.14095,0.50414,0.00001,0.00000,
19.14,1,2.52020,2.43427,3.03446,0.29116,-0.01784,0.09638,0.02011
19.14,2,3.57783,2.05344,2.70899,0.48945,0.13692,0.12410,0.05979
19.16,0,1.41586,2.49622,3.14095,0.46849,-0.00012,0.00000,
19.16,1,2.51451,2.43516,3.03282,0.28206,-0.20607,0.10035,0.02982
19.16,2,3.57174,2.05668,2.71177,0.24541,0.17238,0.12293,0.01705
19.18,0,1.40636,2.49623,3.14095,0.47915,0.00007,0.00000,
19.18,1,2.50669,2.43614,3.02982,0.47675,-0.01740,0.10197,0.03932
19.18,2,3.56824,2.05909,2.71416,0.18121,0.08363,0.12652,0.02494
19.2,0,1.39674,2.49623,3.14095,0.48180,0.00004,0.00000,
19.2,1,2.49673,2.43728,3.03238,0.53041,0.17155,0.10158,0.04894
19.2,2,3.56570,2.06107,2.71284,0.17182,-0.20689,0.13324,0.03496
19.22,0,1.38713,2.49624,3.14095,0.47918,-0.00000,0.00000,
19.22,1,2.48633,2.43843,3.03541,0.50499,0.12655,0.10072,0.05855
19.22,2,3.56140,2.06321,2.71338,0.30766,0.39437,0.13866,0.00515
19.24,0,1.37766,2.49625,3.14095,0.48356,0.00001,0.00000,
19.24,1,2.47683,2.43946,3.03748,0.46015,0.09276,0.10063,0.06802
19.24,2,3.55468,2.06571,2.72451,0.35714,0.56212,0.14081,0.01471
19.26,0,1.36787,2.49625,3.14095,0.49219,0.00004,0.00000,
19.26,1,2.46636,2.44049,3.03978,0.63008,0.14633,0.09990,0.02887
19.26,2,3.54797,2.06821,2.73575,0.35736,0.56151,0.14389,0.02523
19.28,0,1.35772,2.49626,3.14095,0.51448,-0.00002,0.00000,
19.28,1,2.45420,2.44173,3.04278,0.56392,0.14308,0.09783,0.03902
19.28,2,3.54117,2.07056,2.74905,0.41913,0.68754,0.14859,0.03745
19.3,0,1.34746,2.49626,3.14095,0.50929,0.00000,0.00000,
19.3,1,2.44381,2.44278,3.04485,0.49126,0.08249,0.09764,0.04927
19.3,2,3.53146,2.07453,2.75539,0.57925,0.05860,0.14830,0.04790
19.32,0,1.33738,2.49627,3.14095,0.50130,0.00002,0.00000,
19.32,1,2.43534,2.44371,3.04567,0.34167,-0.01323,0.09922,0.05936
19.32,2,3.52055,2.07903,2.75564,0.57544,0.02593,0.14484,0.05641
19.34,0,1.32737,2.49628,3.14095,0.50058,0.00001,0.00000,
19.34,1,2.42829,2.44462,3.04383,0.37314,-0.09444,0.10213,0.06937
19.34,2,3.51066,2.08314,2.75825,0.53423,0.11047,0.14114,0.06352
19.36,0,1.31733,2.49628,3.14095,0.50272,0.00001,0.00000,
19.36,1,2.42043,2.44540,3.04517,0.33231,0.30747,0.10427,0.03013
19.36,2,3.50075,2.08716,2.76025,0.53955,0.13921,0.13817,0.01874
19.38,0,1.30727,2.49629,3.14095,0.50352,0.00001,0.00000,
19.38,1,2.41435,2.44604,3.04512,0.31327,-0.05837,0.10822,0.04020
19.38,2,3.49049,2.09128,2.76526,0.55154,0.25306,0.13311,0.02485
19.4,0,1.29735,2.49630,3.14095,0.46491,-0.00020,0.00000,
19.4,1,2.40715,2.44677,3.04529,0.43588,0.05339,0.11090,0.05011
19.4,2,3.48092,2.09516,2.76786,0.49312,0.08675,0.12987,0.03209
19.42,0,1.28794,2.49630,3.14095,0.47572,0.00004,0.00000,
19.42,1,2.39746,2.44777,3.04726,0.51837,0.11437,0.11058,0.05952
19.42,2,3.47197,2.09875,2.76967,0.45508,0.02922,0.12977,0.04183
19.44,0,1.27835,2.49631,3.14095,0.48130,0.00006,0.00000,
19.44,1,2.38696,2.44880,3.04939,0.50418,0.11294,0.10962,0.01900
19.44,2,3.46345,2.10216,2.77156,0.46247,0.13015,0.13093,0.05238
19.46,0,1.26874,2.49632,3.14095,0.47947,0.00000,0.00000,
19.46,1,2.37589,2.44984,3.05195,0.56433,0.12277,0.10812,0.02862
19.46,2,3.45194,2.10628,2.77558,0.69192,0.22905,0.12956,0.02671
19.48,0,1.25940,2.49632,3.14095,0.47282,0.00006,0.00000,
19.48,1,2.36536,2.45079,3.05405,0.49530,0.09266,0.10690,0.03796
19.48,2,3.44085,2.11082,2.78694,0.58063,0.63470,0.12794,0.03728
19.5,0,1.24938,2.49633,3.14095,0.51623,-0.00005,0.00000,
19.5,1,2.35601,2.45161,3.05581,0.45747,0.08734,0.10754,0.04798
19.5,2,3.43009,2.11540,2.79734,0.57984,0.34926,0.12548,0.04667
19.52,0,1.23903,2.49634,3.14095,0.51340,-0.00000,0.00000,
19.52,1,2.34784,2.45238,3.05705,0.40712,0.07484,0.10968,0.05832
19.52,2,3.42082,2.11913,2.79737,0.45294,-0.08232,0.12354,0.05488
19.54,0,1.22892,2.49634,3.14095,0.49989,0.00002,0.00000,
19.54,1,2.33942,2.45310,3.05926,0.38997,0.04812,0.11134,0.02045
19.54,2,3.41226,2.12225,2.79819,0.45828,0.11086,0.12270,0.01244
19.56,0,1.21898,2.49635,3.14095,0.49695,0.00001,0.00000,
19.56,1,2.33119,2.45382,3.05986,0.44706,0.03707,0.11303,0.03040
19.56,2,3.40643,2.12448,2.80258,0.27778,0.17728,0.12454,0.02070
19.58,0,1.20900,2.49635,3.14095,0.50009,0.00000,0.00000,
19.58,1,2.32155,2.45461,3.06126,0.50211,0.09242,0.11333,0.04037
19.58,2,3.40237,2.12630,2.79930,0.20490,-0.25600,0.12959,0.03037
19.6,0,1.19898,2.49636,3.14095,0.50182,0.00001,0.00000,
19.6,1,2.31199,2.45543,3.06369,0.51637,0.09764,0.11376,0.05040
19.6,2,3.39782,2.12823,2.79448,0.30206,-0.10389,0.13406,0.03997
19.62,0,1.18894,2.49637,3.14095,0.50138,0.00001,0.00000,
19.62,1,2.30124,2.45628,3.06517,0.54139,0.06560,0.11302,0.06043
19.62,2,3.39165,2.13054,2.79802,0.35158,0.33068,0.13803,0.05075
19.64,0,1.17892,2.49637,3.14095,0.50075,0.00001,0.00000,
19.64,1,2.29053,2.45708,3.06665,0.60255,0.09688,0.11230,0.02005
19.64,2,3.38414,2.13316,2.80606,0.41225,0.41620,0.14057,0.01618
19.66,0,1.16941,2.49638,3.14095,0.46803,-0.00007,0.00000,
19.66,1,2.27675,2.45802,3.06892,0.68437,0.10650,0.10800,0.02956
19.66,2,3.37400,2.13655,2.81063,0.53173,0.31654,0.14337,0.02998
19.68,0,1.15993,2.49639,3.14095,0.47808,0.00007,0.00000,
19.68,1,2.26493,2.45887,3.07072,0.51816,0.07672,0.10564,0.03905
19.68,2,3.36376,2.13978,2.81821,0.53798,0.36611,0.14422,0.04184
19.7,0,1.15034,2.49639,3.14095,0.47911,0.00003,0.00000,
19.7,1,2.25553,2.45953,3.07206,0.45518,0.06484,0.10580,0.04863
19.7,2,3.35351,2.14310,2.82259,0.56583,0.05753,0.14267,0.05127
19.72,0,1.14098,2.49640,3.14095,0.45802,0.00011,0.00000,
19.72,1,2.24417,2.46027,3.07381,0.65741,0.10096,0.10378,0.00936
19.72,2,3.34261,2.14683,2.82193,0.54837,-0.11368,0.14229,0.06265
19.74,0,1.13117,2.49640,3.14095,0.51039,-0.00005,0.00000,
19.74,1,2.23162,2.46110,3.07557,0.57554,0.07703,0.10101,0.01917
19.74,2,3.33237,2.15036,2.82214,0.53471,0.09426,0.14377,0.07522
19.76,0,1.12085,2.49641,3.14095,0.51458,-0.00002,0.00000,
19.76,1,2.22148,2.46177,3.07692,0.46815,0.06257,0.10117,0.02949
19.76,2,3.32229,2.15374,2.82232,0.51705,-0.52084,0.14310,0.02907
19.78,0,1.11072,2.49642,3.14095,0.50040,0.00002,0.00000,
19.78,1,2.21329,2.46236,3.07769,0.37455,0.02819,0.10309,0.03962
19.78,2,3.31251,2.15709,2.81191,0.51852,-0.50317,0.14082,0.03728
19.8,0,1.10079,2.49642,3.14095,0.49522,0.00001,0.00000,
19.8,1,2.20511,2.46292,3.07893,0.43420,0.08031,0.10483,0.04955
19.8,2,3.30224,2.16035,2.80713,0.55349,0.01958,0.13809,0.04548
19.82,0,1.09086,2.49643,3.14095,0.49793,0.00000,0.00000,
19.82,1,2.19648,2.46349,3.08063,0.39722,0.09781,0.10611,0.05948
19.82,2,3.29192,2.16395,2.81228,0.58317,0.23816,0.13565,0.05412
19.84,0,1.08087,2.49644,3.14095,0.50020,0.00000,0.00000,
19.84,1,2.18764,2.46403,3.08205,0.54852,0.05451,0.10724,0.01992
19.84,2,3.28242,2.16757,2.81694,0.34517,0.45198,0.13421,0.01309
19.86,0,1.07087,2.49644,3.14095,0.50003,0.00001,0.00000,
19.86,1,2.18025,2.46460,3.08225,0.34902,-0.03705,0.10984,0.02992
19.86,2,3.27804,2.17046,2.82487,0.17906,0.25741,0.13651,0.02050
19.88,0,1.06088,2.49645,3.14095,0.49932,0.00001,0.00000,
19.88,1,2.17417,2.46531,3.07880,0.25192,-0.22995,0.11373,0.03991
19.88,2,3.27539,2.17311,2.82977,0.15062,0.24488,0.13933,0.02661
19.9,0,1.05089,2.49646,3.14095,0.49917,0.00000,0.00000,
19.9,1,2.16787,2.46584,3.08178,0.32607,0.39666,0.11740,0.04990
19.9,2,3.27402,2.17527,2.83478,0.09334,0.32663,0.14368,0.03294
19.92,0,1.04091,2.49646,3.14095,0.49934,0.00000,0.00000,
19.92,1,2.16159,2.46630,3.08782,0.30978,0.26406,0.12109,0.05988
19.92,2,3.27086,2.17660,2.84520,0.23275,0.54226,0.14648,0.03924
19.94,0,1.03092,2.49647,3.14095,0.49943,0.00000,0.00000,
19.94,1,2.15480,2.46672,3.09175,0.39061,0.10039,0.12427,0.06987
19.94,2,3.26497,2.17831,2.85533,0.35538,0.52815,0.14702,0.04604
19.96,0,1.02143,2.49648,3.14095,0.46698,-0.00007,0.00000,
19.96,1,2.14504,2.46714,3.11232,0.52019,2.30899,0.12399,0.02946
19.96,2,3.25833,2.18014,2.86305,0.31773,0.05217,0.14969,0.01967
19.98,0,1.01197,2.49648,3.14095,0.47674,0.00007,0.00000,
19.98,1,2.13523,2.46749,-3.12536,0.46242,2.24218,0.12363,0.03892
19.98,2,3.25164,2.18198,2.87849,0.35215,1.67306,0.15234,0.02949
20.0,0,1.00241,2.49649,3.14095,0.47768,0.00003,0.00000,
20.0,1,2.12553,2.46748,-3.10071,0.50135,0.17807,0.12349,0.04848
20.0,2,3.24647,2.18332,2.89589,0.25515,0.13912,0.15640,0.03918
20.02,0,0.99300,2.49649,3.14095,0.47774,0.00001,0.00000,
20.02,1,2.11533,2.46710,-3.11030,0.51235,-0.65427,0.12272,0.05789
20.02,2,3.24029,2.18488,2.89029,0.43447,-0.37791,0.15982,0.00512
20.04,0,0.98326,2.49650,3.14095,0.50726,-0.00004,0.00000,
20.04,1,2.10417,2.46671,-3.11840,0.65339,-0.18801,0.12131,0.01915
20.04,2,3.23116,2.18702,2.89056,0.46224,0.09752,0.16117,0.01629
20.06,0,0.97297,2.49651,3.14095,0.51405,-0.00002,0.00000,
20.06,1,2.09108,2.46637,-3.11935,0.61057,0.00096,0.11851,0.02944
20.06,2,3.22229,2.18907,2.89471,0.44042,0.27014,0.16471,0.02939
20.08,0,0.96283,2.49651,3.14095,0.50101,0.00001,0.00000,
20.08,1,2.08047,2.46616,-3.12009,0.47721,-0.07747,0.11805,0.03958
20.08,2,3.21173,2.19178,2.89554,0.60759,-0.08477,0.16406,0.04000
20.1,0,0.95289,2.49652,3.14095,0.49538,0.00001,0.00000,
20.1,1,2.07131,2.46597,-3.12227,0.45764,-0.12083,0.11884,0.04952
20.1,2,3.19981,2.19485,2.89384,0.60110,-0.05162,0.16061,0.04916
20.12,0,0.94297,2.49653,3.14095,0.49763,0.00000,0.00000,
20.12,1,2.06314,2.46579,-3.12482,0.36747,-0.13756,0.12059,0.00993
20.12,2,3.18883,2.19765,2.89376,0.54129,0.02185,0.15719,0.05733
20.14,0,0.93299,2.49653,3.14095,0.49990,0.00000,0.00000,
20.14,1,2.05578,2.46563,-3.12764,0.37262,-0.15737,0.12322,0.01991
20.14,2,3.18002,2.19995,2.89616,0.34835,0.14674,0.15521,0.01104
20.16,0,0.92299,2.49654,3.14095,0.49987,0.00000,0.00000,
20.16,1,2.04905,2.46555,-3.13007,0.38856,-0.08684,0.12650,0.02991
20.16,2,3.17520,2.20183,2.89484,0.23447,-0.12328,0.15661,0.01776
20.18,0,0.91300,2.49654,3.14095,0.49920,0.00000,0.00000,
20.18,1,2.04175,2.46543,-3.13065,0.36718,0.04861,0.12918,0.03990
20.18,2,3.17033,2.20373,2.88924,0.30380,-0.37563,0.15853,0.02507
20.2,0,0.90301,2.49655,3.14095,0.49902,0.00000,0.00000,
20.2,1,2.03431,2.46542,-3.13067,0.38706,-0.13527,0.13172,0.04988
20.2,2,3.16332,2.20571,2.88656,0.37231,0.13411,0.15850,0.03251
20.22,0,0.89303,2.49656,3.14095,0.49917,0.00000,0.00000,
20.22,1,2.02319,2.46549,-3.13427,0.76068,-0.12912,0.13059,0.00998
20.22,2,3.15498,2.20783,2.89169,0.45562,0.33169,0.16074,0.04362
20.24,0,0.88305,2.49656,3.14095,0.49926,0.00000,0.00000,
20.24,1,2.00927,2.46553,-3.13373,0.67098,0.05699,0.12665,0.01997
20.24,2,3.14603,2.21012,2.89573,0.46614,0.06715,0.16510,0.02074
20.26,0,0.87306,2.49657,3.14095,0.49925,0.00000,0.00000,
20.26,1,1.99589,2.46565,-3.13228,0.66305,0.13665,0.12325,0.02995
20.26,2,3.13602,2.21251,2.89924,0.48778,0.22201,0.16790,0.03413
20.28,0,0.86330,2.49658,3.14095,0.46243,-0.00018,0.00000,
20.28,1,1.98458,2.46583,-3.12993,0.43923,0.05709,0.12170,0.03971
20.28,2,3.12601,2.21496,2.90144,0.53851,0.02570,0.16868,0.04543
20.3,0,0.85393,2.49658,3.14095,0.47361,0.00004,0.00000,
20.3,1,1.97574,2.46574,-3.13078,0.44847,-0.10607,0.12223,0.04908
20.3,2,3.11537,2.21759,2.90161,0.56552,-0.01257,0.16634,0.05428
20.32,0,0.84439,2.49659,3.14095,0.47808,0.00005,0.00000,
20.32,1,1.96707,2.46558,-3.13336,0.44762,-0.12392,0.12311,0.05862
20.32,2,3.10445,2.22027,2.90172,0.55318,0.02447,0.16353,0.06294
20.34,0,0.83501,2.49660,3.14095,0.45044,0.00014,0.00000,
20.34,1,1.95712,2.46546,-3.13514,0.52071,-0.06706,0.12255,0.06801
20.34,2,3.09400,2.22282,2.90247,0.52694,0.04192,0.16248,0.07289
20.36,0,0.82532,2.49660,3.14095,0.50630,-0.00005,0.00000,
20.36,1,1.94562,2.46537,-3.13625,0.65109,-0.04762,0.12074,0.02861
20.36,2,3.08522,2.22496,2.90590,0.41535,0.20896,0.16468,0.02570
20.38,0,0.81504,2.49661,3.14095,0.51435,-0.00003,0.00000,
20.38,1,1.93343,2.46530,-3.13741,0.59082,-0.06689,0.11883,0.03890
20.38,2,3.07830,2.22692,2.90523,0.36274,-0.20825,0.16943,0.03789
20.4,0,0.80490,2.49661,3.14095,0.50022,0.00002,0.00000,
20.4,1,1.92259,2.46526,-3.13886,0.50588,-0.07328,0.11813,0.04903
20.4,2,3.07071,2.22897,2.89983,0.42125,-0.16711,0.17218,0.04874
20.42,0,0.79499,2.49662,3.14095,0.49393,0.00001,0.00000,
20.42,1,1.91377,2.46523,-3.14028,0.40282,-0.07183,0.11922,0.00991
20.42,2,3.06267,2.23099,2.90143,0.42686,0.19690,0.17254,0.05756
20.44,0,0.78509,2.49663,3.14095,0.49631,0.00000,0.00000,
20.44,1,1.90571,2.46521,3.14145,0.40379,-0.07995,0.12106,0.01981
20.44,2,3.05323,2.23333,2.90374,0.51392,0.05123,0.17071,0.06561
20.46,0,0.77513,2.49663,3.14095,0.49882,0.00000,0.00000,
20.46,1,1.89703,2.46524,3.13975,0.46560,-0.07514,0.12233,0.02977
20.46,2,3.04178,2.23598,2.90578,0.66448,0.24686,0.16748,0.02089
20.48,0,0.76515,2.49664,3.14095,0.49881,0.00000,0.00000,
20.48,1,1.88746,2.46523,3.13850,0.45084,-0.05589,0.12275,0.03975
20.48,2,3.02949,2.23898,2.91145,0.63023,0.28693,0.16422,0.03046
20.5,0,0.75518,2.49665,3.14095,0.49808,0.00000,0.00000,
20.5,1,1.87750,2.46525,3.13746,0.52482,-0.05162,0.12275,0.04972
20.5,2,3.01791,2.24180,2.91608,0.55349,0.12628,0.16209,0.04042
20.52,0,0.74522,2.49665,3.14095,0.49788,0.00000,0.00000,
20.52,1,1.86701,2.46528,3.13640,0.51417,-0.05420,0.12223,0.05968
20.52,2,3.00988,2.24405,2.91391,0.37817,-0.08945,0.16409,0.05090
20.54,0,0.73527,2.49666,3.14095,0.49804,0.00000,0.00000,
20.54,1,1.85710,2.46532,3.13534,0.48216,-0.05128,0.12228,0.06964
20.54,2,3.00248,2.24601,2.91246,0.39234,-0.02535,0.16619,0.06081
20.56,0,0.72530,2.49667,3.14095,0.49814,0.00000,0.00000,
20.56,1,1.84445,2.46538,3.13448,0.73985,-0.06297,0.11958,0.02988
20.56,2,2.99432,2.24785,2.91458,0.46668,0.30082,0.17027,0.02777
20.58,0,0.71534,2.49667,3.14095,0.49812,0.00000,0.00000,
20.58,1,1.83115,2.46546,3.13313,0.62492,-0.08405,0.11625,0.03984
20.58,2,2.98546,2.24971,2.91771,0.45300,0.15644,0.17429,0.04106
20.6,0,0.70538,2.49668,3.14095,0.49809,0.00000,0.00000,
20.6,1,1.81954,2.46555,3.13141,0.47650,-0.07877,0.11460,0.04980
20.6,2,2.97660,2.25168,2.92044,0.46222,0.11899,0.17666,0.05267
20.62,0,0.69542,2.49668,3.14095,0.49808,0.00000,0.00000,
20.62,1,1.81180,2.46566,3.12956,0.37886,-0.09629,0.11681,0.05977
20.62,2,2.96587,2.25409,2.92120,0.60189,0.00648,0.17331,0.06042
20.64,0,0.68546,2.49669,3.14095,0.49809,0.00000,0.00000,
20.64,1,1.80400,2.46584,3.12749,0.40790,-0.08389,0.11897,0.06973
20.64,2,2.95465,2.25672,2.91894,0.51487,-0.80677,0.16949,0.01159
20.66,0,0.67593,2.49670,3.14095,0.46465,-0.00010,0.00000,
20.66,1,1.79433,2.46594,3.12721,0.62019,0.20132,0.11882,0.02945
20.66,2,2.94468,2.25933,2.90279,0.51509,-0.80623,0.16876,0.02126
20.68,0,0.66651,2.49670,3.14095,0.47500,0.00006,0.00000,
20.68,1,1.78208,2.46604,3.13130,0.56944,0.21074,0.11599,0.03887
20.68,2,2.93636,2.26190,2.88573,0.38057,-0.94705,0.17220,0.03351
20.7,0,0.65698,2.49671,3.14095,0.47672,0.00003,0.00000,
20.7,1,1.77107,2.46630,3.13525,0.55170,0.18011,0.11451,0.04840
20.7,2,2.92837,2.26390,2.87441,0.43701,-0.17903,0.17487,0.04452
20.72,0,0.64769,2.49672,3.14095,0.47615,0.00003,0.00000,
20.72,1,1.76018,2.46677,3.13740,0.53172,0.00894,0.11289,0.05769
20.72,2,2.92034,2.26595,2.87983,0.50217,0.39415,0.17742,0.00539
20.74,0,0.63766,2.49672,3.14095,0.51427,-0.00006,0.00000,
20.74,1,1.75133,2.46682,3.13646,0.41473,-0.05867,0.11407,0.06772
20.74,2,2.91064,2.26839,2.89081,0.47871,0.65636,0.17617,0.01423
20.76,0,0.62740,2.49673,3.14095,0.50820,-0.00000,0.00000,
20.76,1,1.74136,2.46679,3.13554,0.60556,-0.01773,0.11437,0.02958
20.76,2,2.90123,2.27066,2.90383,0.50007,0.57964,0.17633,0.02420
20.78,0,0.61739,2.49673,3.14095,0.49532,0.00002,0.00000,
20.78,1,1.73036,2.46677,3.13617,0.53081,0.05719,0.11337,0.03959
20.78,2,2.89063,2.27318,2.90980,0.56596,0.13516,0.17631,0.03521
20.8,0,0.60752,2.49674,3.14095,0.49352,0.00000,0.00000,
20.8,1,1.71988,2.46692,3.13689,0.51294,-0.00557,0.11276,0.04946
20.8,2,2.87906,2.27599,2.91100,0.61478,0.04445,0.17480,0.04568
20.82,0,0.59761,2.49675,3.14095,0.49679,-0.00000,0.00000,
20.82,1,1.71078,2.46696,3.13594,0.38904,-0.06060,0.11356,0.05936
20.82,2,2.86702,2.27886,2.91261,0.61159,0.11737,0.17144,0.05479
20.84,0,0.58766,2.49675,3.14095,0.49822,0.00000,0.00000,
20.84,1,1.70263,2.46700,3.13486,0.42235,-0.04818,0.11538,0.06932
20.84,2,2.85479,2.28172,2.91711,0.63091,0.26149,0.16696,0.01221
20.86,0,0.57770,2.49676,3.14095,0.49766,0.00000,0.00000,
20.86,1,1.69468,2.46704,3.13407,0.31657,-0.03146,0.11738,0.02982
20.86,2,2.84298,2.28442,2.92113,0.58276,0.14510,0.16274,0.02017
20.88,0,0.56775,2.49677,3.14095,0.49709,0.00000,0.00000,
20.88,1,1.68832,2.46709,3.13345,0.32610,-0.03084,0.12096,0.03977
20.88,2,2.83197,2.28689,2.92332,0.55476,0.09800,0.15776,0.02652
20.9,0,0.55781,2.49677,3.14095,0.49709,0.00000,0.00000,
20.9,1,1.68055,2.46715,3.13280,0.44361,-0.03486,0.12313,0.04971
20.9,2,2.82116,2.28929,2.92548,0.55452,0.11775,0.15440,0.03430
20.92,0,0.54786,2.49678,3.14095,0.49726,0.00000,0.00000,
20.92,1,1.67016,2.46723,3.13214,0.68698,-0.02229,0.12268,0.00994
20.92,2,2.81104,2.29160,2.92720,0.52488,0.12704,0.15432,0.04469
20.94,0,0.53792,2.49679,3.14095,0.49731,0.00000,0.00000,
20.94,1,1.65675,2.46732,3.13173,0.63407,-0.01733,0.11921,0.01989
20.94,2,2.80049,2.29392,2.93089,0.55218,0.22358,0.15682,0.01935
20.96,0,0.52797,2.49679,3.14095,0.49727,0.00000,0.00000,
20.96,1,1.64447,2.46740,3.13142,0.58914,-0.01342,0.11688,0.02984
20.96,2,2.78990,2.29619,2.93452,0.52788,0.13655,0.15815,0.03162
20.98,0,0.51803,2.49680,3.14095,0.49725,0.00000,0.00000,
20.98,1,1.63345,2.46751,3.13092,0.43746,-0.04115,0.11580,0.03978
20.98,2,2.77990,2.29830,2.93659,0.49974,0.09103,0.15888,0.04265
21.0,0,0.50808,2.49680,3.14095,0.49725,0.00000,0.00000,
21.0,1,1.62548,2.46762,3.12980,0.41145,-0.08353,0.11778,0.04973
21.0,2,2.77021,2.30031,2.93854,0.49343,0.10523,0.15689,0.05061
21.02,0,0.49814,2.49681,3.14095,0.49726,0.00000,0.00000,
21.02,1,1.61703,2.46772,3.12905,0.41553,-0.01096,0.11927,0.00995
21.02,2,2.76107,2.30226,2.94015,0.46451,0.10145,0.15595,0.05907
21.04,0,0.48819,2.49682,3.14095,0.49726,0.00000,0.00000,
21.04,1,1.60640,2.46783,3.12845,0.54642,-0.03862,0.11859,0.01989
21.04,2,2.75079,2.30436,2.94352,0.60756,0.23235,0.15600,0.01490
21.06,0,0.47825,2.49682,3.14095,0.49726,0.00000,0.00000,
21.06,1,1.59570,2.46789,3.12771,0.49641,-0.02779,0.11783,0.02984
21.06,2,2.73956,2.30671,2.94851,0.53262,0.23385,0.15515,0.02560
21.08,0,0.46830,2.49683,3.14095,0.49726,0.00000,0.00000,
21.08,1,1.58564,2.46798,3.12720,0.44771,-0.03947,0.11771,0.03978
21.08,2,2.72905,2.30884,2.95062,0.53171,0.04337,0.15443,0.03566
21.1,0,0.45836,2.49684,3.14095,0.49726,0.00000,0.00000,
21.1,1,1.57608,2.46814,3.12652,0.49315,-0.02723,0.11809,0.04973
21.1,2,2.71959,2.31082,2.95042,0.37962,-0.14174,0.15428,0.04522
21.12,0,0.44841,2.49684,3.14095,0.49726,0.00000,0.00000,
21.12,1,1.56425,2.46831,3.12571,0.70705,-0.13564,0.11620,0.00995
21.12,2,2.71213,2.31259,2.94851,0.39045,-0.05478,0.15840,0.05706
21.14,0,0.43914,2.49685,3.14095,0.46872,-0.00001,0.00000,
21.14,1,1.55204,2.46847,3.12327,0.59535,-0.12724,0.11326,0.01922
21.14,2,2.70412,2.31420,2.94962,0.42076,0.12828,0.16236,0.01897
21.16,0,0.42967,2.49686,3.14095,0.47597,0.00006,0.00000,
21.16,1,1.54037,2.46844,3.12050,0.56610,-0.09879,0.11107,0.02869
21.16,2,2.69380,2.31578,2.95867,0.53223,0.52027,0.16348,0.03064
21.18,0,0.42026,2.49686,3.14095,0.44233,0.00018,0.00000,
21.18,1,1.53083,2.46865,3.11935,0.43186,-0.03634,0.11093,0.03810
21.18,2,2.68373,2.31742,2.96865,0.48331,0.33355,0.16277,0.04018
21.2,0,0.41071,2.49687,3.14095,0.50156,-0.00005,0.00000,
21.2,1,1.52183,2.46890,3.11925,0.46363,0.00941,0.11147,0.04765
21.2,2,2.67291,2.31948,2.96747,0.60328,-0.19098,0.16074,0.04918
21.22,0,0.40046,2.49687,3.14095,0.51392,-0.00004,0.00000,
21.22,1,1.51129,2.46916,3.11947,0.68307,0.01706,0.11117,0.01025
21.22,2,2.66089,2.32163,2.96519,0.58831,-0.03003,0.15903,0.05973
21.24,0,0.39033,2.49688,3.14095,0.49999,0.00001,0.00000,
21.24,1,1.49914,2.46941,3.12027,0.59385,0.04229,0.10915,0.02038
21.24,2,2.64954,2.32366,2.96716,0.56482,0.15854,0.15959,0.07188
21.26,0,0.38043,2.49689,3.14095,0.49249,0.00001,0.00000,
21.26,1,1.48729,2.46961,3.12103,0.58832,0.01715,0.10719,0.03028
21.26,2,2.63864,2.32557,2.97001,0.54639,0.11245,0.16033,0.08374
21.28,0,0.37057,2.49689,3.14095,0.49449,0.00000,0.00000,
21.28,1,1.47677,2.46978,3.12066,0.42979,-0.04096,0.10653,0.04014
21.28,2,2.63026,2.32715,2.97229,0.30638,0.02784,0.16228,0.04040
21.3,0,0.36065,2.49690,3.14095,0.49723,0.00000,0.00000,
21.3,1,1.46801,2.46999,3.12026,0.44733,-0.00568,0.10769,0.05006
21.3,2,2.62364,2.32854,2.97083,0.36178,-0.08147,0.16426,0.04916
21.32,0,0.35070,2.49691,3.14095,0.49741,0.00000,0.00000,
21.32,1,1.45903,2.47021,3.12028,0.42331,0.00620,0.10866,0.06001
21.32,2,2.61554,2.32995,2.97203,0.42842,0.17295,0.16498,0.05813
21.34,0,0.34076,2.49691,3.14095,0.49666,0.00000,0.00000,
21.34,1,1.44847,2.47041,3.12038,0.70313,0.01368,0.10803,0.01989
21.34,2,2.60676,2.33152,2.97617,0.50424,0.14162,0.16658,0.06870
21.36,0,0.33083,2.49692,3.14095,0.49640,0.00000,0.00000,
21.36,1,1.43545,2.47062,3.12086,0.62032,0.02998,0.10494,0.02982
21.36,2,2.59465,2.33337,2.98158,0.60315,0.43342,0.16730,0.02804
21.38,0,0.32090,2.49692,3.14095,0.49655,0.00000,0.00000,
21.38,1,1.42350,2.47081,3.12122,0.57940,-0.00248,0.10291,0.03975
21.38,2,2.58315,2.33536,2.98680,0.58919,0.08328,0.16754,0.04000
21.4,0,0.31097,2.49693,3.14095,0.49666,0.00000,0.00000,
21.4,1,1.41383,2.47101,3.12068,0.39639,-0.03837,0.10317,0.04968
21.4,2,2.57272,2.33716,2.98549,0.45316,-0.14216,0.16659,0.04967
21.42,0,0.30103,2.49694,3.14095,0.49665,0.00000,0.00000,
21.42,1,1.40563,2.47127,3.11909,0.42267,-0.10524,0.10489,0.05961
21.42,2,2.56357,2.33872,2.98567,0.47338,0.11016,0.16551,0.05787
21.44,0,0.29110,2.49694,3.14095,0.49661,0.00000,0.00000,
21.44,1,1.39691,2.47145,3.11795,0.44257,-0.01292,0.10610,0.06955
21.44,2,2.55413,2.34023,2.98839,0.47849,0.12436,0.16464,0.06660
21.46,0,0.28117,2.49695,3.14095,0.49661,0.00000,0.00000,
21.46,1,1.38584,2.47163,3.11866,0.58046,0.06168,0.10496,0.02980
21.46,2,2.54415,2.34178,2.99079,0.54637,0.13802,0.16557,0.02395
21.48,0,0.27124,2.49696,3.14095,0.49662,0.00000,0.00000,
21.48,1,1.37423,2.47180,3.11989,0.58046,0.06191,0.10328,0.03973
21.48,2,2.53390,2.34342,2.99377,0.52708,0.09395,0.16675,0.03556
21.5,0,0.26130,2.49696,3.14095,0.49662,0.00000,0.00000,
21.5,1,1.36314,2.47208,3.12118,0.52424,0.04797,0.10212,0.04966
21.5,2,2.52356,2.34498,2.99475,0.51103,0.03588,0.16736,0.04665
21.52,0,0.25137,2.49697,3.14095,0.49662,0.00000,0.00000,
21.52,1,1.35422,2.47231,3.12117,0.39453,-0.02205,0.10312,0.05960
21.52,2,2.51424,2.34642,2.99517,0.38195,-0.07355,0.16683,0.00393
21.54,0,0.24144,2.49698,3.14095,0.49662,0.00000,0.00000,
21.54,1,1.34512,2.47248,3.12091,0.60463,0.00685,0.10395,0.01986
21.54,2,2.50637,2.34780,2.99999,0.39049,0.32310,0.16792,0.01303
21.56,0,0.23151,2.49698,3.14095,0.49662,0.00000,0.00000,
21.56,1,1.33392,2.47265,3.12487,0.51031,0.14178,0.10268,0.02980
21.56,2,2.49832,2.34874,3.00782,0.42495,0.36766,0.17098,0.02423
21.58,0,0.22157,2.49699,3.14095,0.49662,0.00000,0.00000,
21.58,1,1.32351,2.47308,3.12513,0.52493,-0.04185,0.10220,0.03973
21.58,2,2.48957,2.34991,3.01193,0.50886,0.03290,0.17254,0.03465
21.6,0,0.21164,2.49699,3.14095,0.49662,0.00000,0.00000,
21.6,1,1.31337,2.47329,3.12417,0.43191,-0.05257,0.10199,0.04966
21.6,2,2.47868,2.35140,3.01124,0.55690,-0.03376,0.17166,0.04478
21.62,0,0.20171,2.49700,3.14095,0.49662,0.00000,0.00000,
21.62,1,1.30503,2.47340,3.12358,0.49112,0.00021,0.10358,0.00993
21.62,2,2.46813,2.35283,3.01183,0.55623,0.09079,0.16933,0.00431
21.64,0,0.19178,2.49701,3.14095,0.49662,0.00000,0.00000,
21.64,1,1.29338,2.47349,3.12689,0.52031,0.14634,0.10186,0.01986
21.64,2,2.45622,2.35441,3.01429,0.59010,0.12306,0.16892,0.01596
21.66,0,0.18184,2.49701,3.14095,0.49662,0.00000,0.00000,
21.66,1,1.28289,2.47383,3.12527,0.53505,-0.18456,0.10129,0.02980
21.66,2,2.44513,2.35585,3.01566,0.52912,0.03473,0.16821,0.02645
21.68,0,0.17191,2.49702,3.14095,0.49662,0.00000,0.00000,
21.68,1,1.27227,2.47415,3.12286,0.52425,-0.05415,0.10059,0.03973
21.68,2,2.43515,2.35712,3.01622,0.49022,0.03185,0.16875,0.03708
21.7,0,0.16198,2.49703,3.14095,0.49662,0.00000,0.00000,
21.7,1,1.26331,2.47427,3.12239,0.45009,0.00160,0.10157,0.04966
21.7,2,2.42716,2.35831,3.01530,0.40727,-0.05682,0.16961,0.04604
21.72,0,0.15234,2.49703,3.14095,0.46121,-0.00015,0.00000,
21.72,1,1.25417,2.47437,3.12251,0.46044,0.00275,0.10206,0.05930
21.72,2,2.41873,2.35945,3.01483,0.43790,0.02231,0.17022,0.05518
21.74,0,0.14299,2.49704,3.14095,0.47221,0.00005,0.00000,
21.74,1,1.24503,2.47452,3.12241,0.45217,-0.00902,0.10227,0.06865
21.74,2,2.40976,2.36058,3.01669,0.41481,0.22921,0.17029,0.01374
21.76,0,0.13349,2.49704,3.14095,0.47565,0.00004,0.00000,
21.76,1,1.23396,2.47469,3.12238,0.70122,0.01033,0.10069,0.02849
21.76,2,2.40222,2.36153,3.02080,0.39822,0.22631,0.17373,0.02481
21.78,0,0.12423,2.49705,3.14096,0.47536,0.00003,0.00000,
21.78,1,1.22116,2.47487,3.12288,0.62300,0.02781,0.09716,0.03775
21.78,2,2.39329,2.36263,3.02397,0.48340,0.09639,0.17749,0.03760
21.8,0,0.11421,2.49706,3.14095,0.51332,-0.00007,0.00000,
21.8,1,1.20928,2.47507,3.12333,0.57371,0.00861,0.09528,0.04777
21.8,2,2.38267,2.36396,3.02445,0.54496,0.00903,0.17864,0.04949
21.82,0,0.10397,2.49706,3.14095,0.50699,-0.00001,0.00000,
21.82,1,1.19966,2.47527,3.12302,0.39335,-0.02698,0.09591,0.05801
21.82,2,2.37171,2.36528,3.02470,0.54595,0.02516,0.17720,0.05911
21.84,0,0.09399,2.49707,3.14095,0.49410,0.00002,0.00000,
21.84,1,1.19154,2.47546,3.12229,0.41664,-0.05893,0.09776,0.06799
21.84,2,2.36126,2.36649,3.02663,0.47799,0.00171,0.17478,0.01224
21.86,0,0.08414,2.49708,3.14095,0.49237,0.00000,0.00000,
21.86,1,1.18332,2.47569,3.11717,0.39733,-0.35940,0.09939,0.03007
21.86,2,2.35123,2.36760,3.02573,0.54018,-0.03263,0.17290,0.02046
21.88,0,0.07426,2.49708,3.14095,0.49566,-0.00000,0.00000,
21.88,1,1.17502,2.47606,3.11161,0.43853,-0.11912,0.10097,0.03995
21.88,2,2.33982,2.36895,3.02615,0.59066,0.05768,0.16971,0.02877
21.9,0,0.06432,2.49709,3.14095,0.49708,0.00000,0.00000,
21.9,1,1.16604,2.47629,3.11237,0.49748,0.09847,0.10191,0.04989
21.9,2,2.32823,2.37031,3.02751,0.57105,0.06491,0.16702,0.03776
21.92,0,0.05439,2.49710,3.14095,0.49651,0.00000,0.00000,
21.92,1,1.15567,2.47656,3.11387,0.51744,0.04169,0.10148,0.05982
21.92,2,2.31722,2.37158,3.02855,0.54320,0.04231,0.16628,0.04813
21.94,0,0.04447,2.49710,3.14095,0.49594,0.00000,0.00000,
21.94,1,1.14550,2.47682,3.11413,0.56824,0.00806,0.10123,0.01986
21.94,2,2.30670,2.37279,3.02915,0.49484,-0.00066,0.16585,0.05830
21.96,0,0.03455,2.49711,3.14095,0.49595,0.00000,0.00000,
21.96,1,1.13294,2.47712,3.11465,0.64349,0.02997,0.09858,0.02978
21.96,2,2.29550,2.37397,3.00981,0.57988,-1.58031,0.16712,0.02795
21.98,0,0.02463,2.49711,3.14095,0.49612,0.00000,0.00000,
21.98,1,1.12076,2.47742,3.11513,0.56138,0.01727,0.09631,0.03970
21.98,2,2.28408,2.37517,2.98115,0.53706,-0.94714,0.16780,0.04013
22.0,0,0.01470,2.49712,3.14095,0.49616,0.00000,0.00000,
22.0,1,1.11061,2.47769,3.11540,0.47750,0.01262,0.09608,0.04962
22.0,2,2.27311,2.37678,2.97913,0.59062,0.38397,0.16687,0.05029
22.02,0,0.00478,2.49713,3.14095,0.49612,0.00000,0.00000,
22.02,1,1.10336,2.47794,3.11501,0.32840,-0.04703,0.09875,0.05954
22.02,2,2.26119,2.37873,2.98809,0.60241,0.36249,0.16207,0.05755
22.04,0,-0.00514,2.49713,3.14095,0.49610,0.00000,0.00000,
22.04,1,1.09447,2.47818,3.11447,0.61522,0.00504,0.09977,0.01984
22.04,2,2.25099,2.38051,2.99164,0.51312,0.12833,0.16064,0.06644
22.06,0,-0.01506,2.49714,3.14095,0.49610,0.00000,0.00000,
22.06,1,1.08425,2.47842,3.11530,0.48284,0.04918,0.09948,0.02977
22.06,2,2.24109,2.38209,2.98939,0.51254,-0.74089,0.16084,0.02237
22.08,0,-0.02499,2.49715,3.14095,0.49611,0.00000,0.00000,
22.08,1,1.07458,2.47869,3.11619,0.48670,0.03098,0.09973,0.03969
22.08,2,2.23135,2.38361,2.97067,0.43272,-1.49595,0.16066,0.03204
22.1,0,-0.03491,2.49715,3.14095,0.49611,0.00000,0.00000,
22.1,1,1.06590,2.47896,3.11627,0.37845,-0.00702,0.10096,0.04961
22.1,2,2.22336,2.38519,2.95517,0.39373,-0.02226,0.16125,0.04073
22.12,0,-0.04483,2.49716,3.14095,0.49611,0.00000,0.00000,
22.12,1,1.05746,2.47918,3.11654,0.50840,0.04213,0.10244,0.00992
22.12,2,2.21624,2.38667,2.96329,0.35911,0.53230,0.16246,0.04918
22.14,0,-0.05475,2.49717,3.14095,0.49611,0.00000,0.00000,
22.14,1,1.04744,2.47939,3.11773,0.49802,0.06011,0.10234,0.01984
22.14,2,2.20881,2.38810,2.97114,0.38771,0.24750,0.16495,0.01451
22.16,0,-0.06467,2.49717,3.14095,0.49611,0.00000,0.00000,
22.16,1,1.03752,2.47959,3.11893,0.48011,0.06065,0.10234,0.02977
22.16,2,2.20138,2.38940,2.97649,0.33150,0.25177,0.16735,0.02443
22.18,0,-0.07460,2.49718,3.14095,0.49611,0.00000,0.00000,
22.18,1,1.02802,2.47982,3.11957,0.44429,-0.00286,0.10275,0.03969
22.18,2,2.19425,2.39059,2.98043,0.37521,0.20340,0.16964,0.03394
22.2,0,-0.08452,2.49718,3.14095,0.49611,0.00000,0.00000,
22.2,1,1.01906,2.48005,3.11948,0.46772,0.00444,0.10372,0.04961
22.2,2,2.18552,2.39205,2.98399,0.49503,0.14815,0.16977,0.04289
22.22,0,-0.09444,2.49719,3.14095,0.49611,0.00000,0.00000,
22.22,1,1.00976,2.48026,3.11977,0.44101,0.02140,0.10433,0.05953
22.22,2,2.17574,2.39365,2.98734,0.51050,0.15181,0.16919,0.05220
22.24,0,-0.10436,2.49720,3.14095,0.49611,0.00000,0.00000,
22.24,1,0.99889,2.48046,3.12043,0.69385,0.05944,0.10338,0.01984
22.24,2,2.16580,2.39516,2.99191,0.45956,0.14679,0.17002,0.01547
22.26,0,-0.11429,2.49720,3.14095,0.49611,0.00000,0.00000,
22.26,1,0.98609,2.48065,3.12183,0.63795,0.07073,0.10050,0.02977
22.26,2,2.15629,2.39656,2.99345,0.51059,0.07355,0.17322,0.02828
22.28,0,-0.12421,2.49721,3.14095,0.49611,0.00000,0.00000,
22.28,1,0.97438,2.48086,3.12307,0.56740,0.03258,0.09871,0.03969
22.28,2,2.14561,2.39819,2.99588,0.55344,0.15769,0.17414,0.03999
22.3,0,-0.13413,2.49722,3.14095,0.49611,0.00000,0.00000,
22.3,1,0.96531,2.48106,3.12300,0.36983,-0.01706,0.09956,0.04961
22.3,2,2.13479,2.39979,2.99932,0.53663,0.17166,0.17229,0.04906
22.32,0,-0.14405,2.49722,3.14095,0.49611,0.00000,0.00000,
22.32,1,0.95761,2.48128,3.12229,0.45442,-0.02889,0.10178,0.00992
22.32,2,2.12445,2.40128,3.00248,0.51224,0.14697,0.16958,0.05676
22.34,0,-0.15397,2.49723,3.14095,0.49611,0.00000,0.00000,
22.34,1,0.94626,2.48150,3.12567,0.52526,0.30156,0.10035,0.01984
22.34,2,2.11733,2.40256,3.00521,0.28501,0.12866,0.17373,0.01530
22.36,0,-0.16390,2.49723,3.14095,0.49611,0.00000,0.00000,
22.36,1,0.93575,2.48176,3.13154,0.52722,0.27004,0.09975,0.02977
22.36,2,2.11161,2.40368,3.00692,0.32031,0.05851,0.17846,0.02582
22.38,0,-0.17382,2.49724,3.14095,0.49611,0.00000,0.00000,
22.38,1,0.92518,2.48228,3.13480,0.52425,0.04691,0.09910,0.03969
22.38,2,2.10389,2.40478,3.00898,0.43319,0.13751,0.18126,0.03640
22.4,0,-0.18374,2.49725,3.14095,0.49611,0.00000,0.00000,
22.4,1,0.91653,2.48242,3.13448,0.41863,-0.03426,0.10038,0.04961
22.4,2,2.09581,2.40596,3.01312,0.45075,0.18121,0.18175,0.04504
22.42,0,-0.19366,2.49725,3.14095,0.49611,0.00000,0.00000,
22.42,1,0.90791,2.48241,3.13377,0.43775,-0.02768,0.10168,0.05953
22.42,2,2.08581,2.40726,3.01581,0.53627,0.17747,0.18029,0.00436
22.44,0,-0.20359,2.49726,3.14095,0.49611,0.00000,0.00000,
22.44,1,0.89783,2.48240,3.13389,0.67243,0.17157,0.10152,0.01984
22.44,2,2.07556,2.40866,3.01586,0.51693,0.04027,0.18003,0.01444
22.46,0,-0.21351,2.49727,3.14095,0.49611,0.00000,0.00000,
22.46,1,0.88548,2.48241,3.13744,0.61444,0.18601,0.09909,0.02977
22.46,2,2.06542,2.40996,3.01812,0.51177,0.15255,0.18216,0.02679
22.48,0,-0.22276,2.49727,3.14095,0.46774,-0.00001,0.00000,
22.48,1,0.87399,2.48274,3.14106,0.56449,0.13459,0.09685,0.03902
22.48,2,2.05503,2.41123,3.02107,0.52757,0.13559,0.18320,0.03828
22.5,0,-0.23221,2.49728,3.14095,0.47494,0.00006,0.00000,
22.5,1,0.86391,2.48286,-3.14145,0.38365,-0.00384,0.09622,0.04847
22.5,2,2.04467,2.41248,3.02351,0.51430,0.11532,0.18286,0.04836
22.52,0,-0.24155,2.49728,3.14095,0.44799,0.00015,0.00000,
22.52,1,0.85599,2.48280,-3.14110,0.40769,0.05401,0.09764,0.00934
22.52,2,2.03464,2.41366,3.02579,0.49879,0.11418,0.18067,0.05628
22.54,0,-0.25119,2.49729,3.14096,0.50449,-0.00006,0.00000,
22.54,1,0.84528,2.48271,-3.14064,0.52105,-0.06540,0.09657,0.01898
22.54,2,2.02482,2.41481,3.02808,0.49168,0.11369,0.18149,0.06699
22.56,0,-0.26144,2.49730,3.14095,0.51223,-0.00003,0.00000,
22.56,1,0.83487,2.48265,3.14127,0.51779,-0.05631,0.09641,0.02923
22.56,2,2.01629,2.41588,3.02954,0.43610,0.10417,0.18331,0.02514
22.58,0,-0.27153,2.49730,3.14095,0.49782,0.00002,0.00000,
22.58,1,0.82479,2.48262,3.14054,0.49086,-0.02399,0.09642,0.03932
22.58,2,2.00553,2.41712,3.03266,0.54728,0.18880,0.18255,0.03522
22.6,0,-0.28140,2.49731,3.14095,0.49154,0.00001,0.00000,
22.6,1,0.81639,2.48261,3.14010,0.38485,-0.02388,0.09789,0.04919
22.6,2,1.99544,2.41837,3.03620,0.52571,0.11148,0.18080,0.04362
22.62,0,-0.29125,2.49732,3.14095,0.49401,-0.00000,0.00000,
22.62,1,0.80829,2.48262,3.13958,0.41921,-0.02693,0.09964,0.05904
22.62,2,1.98490,2.41953,3.03764,0.52313,0.06479,0.17830,0.05172
22.64,0,-0.30116,2.49732,3.14095,0.49654,-0.00000,0.00000,
22.64,1,0.80000,2.48263,3.13905,0.30813,-0.02506,0.10126,0.01976
22.64,2,1.97492,2.42062,3.03625,0.55817,-0.26925,0.17655,0.01243
22.66,0,-0.31109,2.49733,3.14095,0.49651,0.00000,0.00000,
22.66,1,0.79384,2.48265,3.13855,0.30813,-0.02505,0.10503,0.02970
22.66,2,1.96401,2.42162,3.03068,0.49760,-0.23537,0.17176,0.01859
22.68,0,-0.32102,2.49734,3.14095,0.49576,0.00000,0.00000,
22.68,1,0.78698,2.48267,3.13812,0.39015,-0.01989,0.10809,0.03962
22.68,2,1.95453,2.42257,3.03148,0.51610,0.17413,0.16910,0.02545
22.7,0,-0.33093,2.49734,3.14095,0.49557,0.00000,0.00000,
22.7,1,0.77739,2.48271,3.13772,0.52471,-0.01968,0.10841,0.04953
22.7,2,1.94431,2.42380,3.03458,0.48386,0.11657,0.16841,0.03504
22.72,0,-0.34084,2.49735,3.14095,0.49573,0.00000,0.00000,
22.72,1,0.76725,2.48275,3.13732,0.51067,-0.02059,0.10819,0.05944
22.72,2,1.93469,2.42494,3.03713,0.47968,0.12904,0.16887,0.04518
22.74,0,-0.35076,2.49735,3.14095,0.49583,0.00000,0.00000,
22.74,1,0.75602,2.48279,3.13695,0.71199,-0.01364,0.10687,0.01983
22.74,2,1.92516,2.42596,3.03961,0.51258,0.17467,0.17052,0.01632
22.76,0,-0.36067,2.49736,3.14095,0.49581,0.00000,0.00000,
22.76,1,0.74172,2.48283,3.13673,0.64853,-0.00731,0.10249,0.02975
22.76,2,1.91503,2.42696,3.04657,0.51268,0.33322,0.17464,0.03062
22.78,0,-0.37059,2.49737,3.14095,0.49578,0.00000,0.00000,
22.78,1,0.72894,2.48288,3.13656,0.61433,-0.01103,0.09963,0.03966
22.78,2,1.90509,2.42794,3.05062,0.48369,0.13363,0.17742,0.04339
22.8,0,-0.38051,2.49737,3.14095,0.49577,0.00000,0.00000,
22.8,1,0.71997,2.48294,3.13617,0.39278,-0.02171,0.10057,0.04958
22.8,2,1.89412,2.42897,3.05197,0.58847,0.04327,0.17539,0.05237
22.82,0,-0.39042,2.49738,3.14095,0.49578,0.00000,0.00000,
22.82,1,0.71204,2.48300,3.13577,0.40542,-0.01725,0.10255,0.05949
22.82,2,1.88238,2.43001,3.05314,0.57733,0.07489,0.17154,0.06030
22.84,0,-0.40034,2.49739,3.14095,0.49579,0.00000,0.00000,
22.84,1,0.70197,2.48306,3.13557,0.60861,-0.00408,0.10240,0.01983
22.84,2,1.87250,2.43095,3.05518,0.36914,0.13470,0.17169,0.01407
22.86,0,-0.41025,2.49739,3.14095,0.49579,0.00000,0.00000,
22.86,1,0.69021,2.48311,3.13551,0.54235,-0.00026,0.10056,0.02975
22.86,2,1.86766,2.43167,3.05599,0.15520,-0.05428,0.17857,0.02583
22.88,0,-0.42017,2.49740,3.14095,0.49578,0.00000,0.00000,
22.88,1,0.67937,2.48314,3.13548,0.53990,-0.00723,0.09963,0.03966
22.88,2,1.86504,2.43238,3.05455,0.13231,-0.07317,0.18676,0.03667
22.9,0,-0.43008,2.49741,3.14095,0.49578,0.00000,0.00000,
22.9,1,0.66932,2.48318,3.13515,0.40234,-0.02369,0.09950,0.04958
22.9,2,1.86160,2.43305,3.05094,0.26262,-0.12340,0.19333,0.04672
22.92,0,-0.44000,2.49741,3.14095,0.49578,0.00000,0.00000,
22.92,1,0.66104,2.48326,3.13483,0.42800,-0.01164,0.10113,0.05949
22.92,2,1.85569,2.43367,3.05247,0.30266,0.17742,0.19568,0.00422
22.94,0,-0.44991,2.49742,3.14095,0.49578,0.00000,0.00000,
22.94,1,0.65111,2.48336,3.13465,0.65246,-0.00756,0.10111,0.01983
22.94,2,1.84966,2.43429,3.05601,0.30264,0.17786,0.19956,0.01414
22.96,0,-0.45983,2.49742,3.14095,0.49578,0.00000,0.00000,
22.96,1,0.63924,2.48345,3.13463,0.58602,-0.00060,0.09916,0.02975
22.96,2,1.84147,2.43502,3.05310,0.61570,0.21710,0.20321,0.02602
22.98,0,-0.46975,2.49743,3.14095,0.49578,0.00000,0.00000,
22.98,1,0.62785,2.48352,3.13462,0.53806,-0.00276,0.09768,0.03966
22.98,2,1.82839,2.43589,3.07828,0.61810,1.30153,0.20149,0.03740
23.0,0,-0.47966,2.49744,3.14095,0.49578,0.00000,0.00000,
23.0,1,0.61741,2.48357,3.13436,0.42374,-0.02563,0.09716,0.04958
23.0,2,1.81566,2.43673,3.09909,0.63449,0.91971,0.19916,0.04784
23.02,0,-0.48958,2.49744,3.14095,0.49578,0.00000,0.00000,
23.02,1,0.60928,2.48363,3.13391,0.42090,-0.01597,0.09895,0.05949
23.02,2,1.80492,2.43728,3.10679,0.45948,0.04042,0.19654,0.05597
23.04,0,-0.49949,2.49745,3.14095,0.49578,0.00000,0.00000,
23.04,1,0.60063,2.48370,3.13370,0.43721,-0.00759,0.10020,0.06941
23.04,2,1.79574,2.43766,3.10458,0.46198,-0.14361,0.19600,0.01280
23.06,0,-0.50941,2.49746,3.14095,0.49578,0.00000,0.00000,
23.06,1,0.58942,2.48378,3.13373,0.57273,0.00647,0.09892,0.02975
23.06,2,1.78305,2.43802,3.09989,0.62871,-0.39083,0.19450,0.02400
23.08,0,-0.51932,2.49746,3.14095,0.49578,0.00000,0.00000,
23.08,1,0.57797,2.48385,3.13386,0.57273,0.00645,0.09738,0.03966
23.08,2,1.77202,2.43843,3.09215,0.54356,-0.37903,0.19491,0.03545
23.1,0,-0.52924,2.49747,3.14095,0.49578,0.00000,0.00000,
23.1,1,0.56718,2.48392,3.13393,0.53643,-0.00481,0.09651,0.04958
23.1,2,1.76244,2.43897,3.08794,0.40560,-0.12445,0.19610,0.04624
23.12,0,-0.53916,2.49747,3.14095,0.49578,0.00000,0.00000,
23.12,1,0.55800,2.48400,3.13359,0.56021,-0.01280,0.09724,0.00992
23.12,2,1.75428,2.43959,3.08510,0.41680,-0.13460,0.19710,0.05542
23.14,0,-0.54907,2.49748,3.14095,0.49578,0.00000,0.00000,
23.14,1,0.54733,2.48407,3.13338,0.46253,-0.00492,0.09649,0.01983
23.14,2,1.74554,2.44011,3.08435,0.45209,0.03794,0.19902,0.06609
23.16,0,-0.55899,2.49749,3.14095,0.49578,0.00000,0.00000,
23.16,1,0.53860,2.48414,3.13332,0.43530,-0.00261,0.09767,0.02975
23.16,2,1.73589,2.44062,3.08607,0.51265,0.13346,0.19808,0.02432
23.18,0,-0.56890,2.49749,3.14095,0.49578,0.00000,0.00000,
23.18,1,0.52986,2.48423,3.13319,0.38123,-0.01373,0.09884,0.03966
23.18,2,1.72462,2.44117,3.08915,0.56863,0.16039,0.19554,0.03306
23.2,0,-0.57882,2.49750,3.14095,0.49578,0.00000,0.00000,
23.2,1,0.52140,2.48432,3.13300,0.44968,-0.00764,0.10029,0.04958
23.2,2,1.71388,2.44173,3.09093,0.50535,0.03275,0.19325,0.04153
23.22,0,-0.58873,2.49751,3.14095,0.49578,0.00000,0.00000,
23.22,1,0.51272,2.48441,3.13290,0.42791,-0.00418,0.10153,0.05949
23.22,2,1.70436,2.44223,3.09107,0.46204,0.00323,0.19239,0.05021
23.24,0,-0.59865,2.49751,3.14095,0.49578,0.00000,0.00000,
23.24,1,0.50289,2.48449,3.13276,0.61820,-0.00407,0.10162,0.01983
23.24,2,1.69576,2.44269,3.09116,0.40029,0.00595,0.19361,0.06003
23.26,0,-0.60857,2.49752,3.14095,0.49578,0.00000,0.00000,
23.26,1,0.48916,2.48458,3.13283,0.66832,0.00595,0.09780,0.02975
23.26,2,1.68710,2.44313,3.09216,0.41651,0.05941,0.19866,0.02773
23.28,0,-0.61848,2.49753,3.14095,0.49578,0.00000,0.00000,
23.28,1,0.47671,2.48467,3.13298,0.59841,0.00289,0.09527,0.03966
23.28,2,1.67855,2.44351,3.09131,0.45502,-0.06381,0.20254,0.04017
23.3,0,-0.62840,2.49753,3.14095,0.49578,0.00000,0.00000,
23.3,1,0.46667,2.48477,3.13279,0.36578,-0.02070,0.09514,0.04958
23.3,2,1.66902,2.44401,3.09111,0.45704,0.04604,0.20304,0.05021
23.32,0,-0.63831,2.49754,3.14095,0.49578,0.00000,0.00000,
23.32,1,0.45929,2.48486,3.13217,0.37210,-0.02902,0.09767,0.05949
23.32,2,1.65875,2.44457,3.09202,0.54557,0.03951,0.20014,0.05760
23.34,0,-0.64823,2.49754,3.14095,0.49578,0.00000,0.00000,
23.34,1,0.45068,2.48494,3.13192,0.58669,0.00383,0.09898,0.01983
23.34,2,1.64799,2.44512,3.09283,0.51892,0.04768,0.19797,0.01231
23.36,0,-0.65814,2.49755,3.14095,0.49578,0.00000,0.00000,
23.36,1,0.43887,2.48502,3.13223,0.59093,0.01650,0.09709,0.02975
23.36,2,1.63804,2.44560,3.09369,0.48628,0.03614,0.19982,0.02411
23.38,0,-0.66806,2.49756,3.14095,0.49578,0.00000,0.00000,
23.38,1,0.42711,2.48510,3.13257,0.56342,0.01902,0.09524,0.03966
23.38,2,1.62837,2.44607,3.09428,0.48498,0.02642,0.20190,0.03588
23.4,0,-0.67798,2.49756,3.14095,0.49578,0.00000,0.00000,
23.4,1,0.41660,2.48522,3.13219,0.54039,-0.04030,0.09465,0.04958
23.4,2,1.61866,2.44653,3.09482,0.48601,0.02770,0.20268,0.04638
23.42,0,-0.68722,2.49757,3.14095,0.46746,-0.00001,0.00000,
23.42,1,0.40883,2.48532,3.13147,0.35651,-0.01320,0.09612,0.05883
23.42,2,1.61000,2.44697,3.09508,0.42185,0.01976,0.20179,0.05416
23.44,0,-0.69667,2.49758,3.14095,0.47464,0.00006,0.00000,
23.44,1,0.40166,2.48547,3.13101,0.36556,-0.04178,0.09839,0.06827
23.44,2,1.60140,2.44738,3.09572,0.43540,0.03648,0.20034,0.06133
23.46,0,-0.70596,2.49758,3.14096,0.45484,0.00012,0.00000,
23.46,1,0.39180,2.48563,3.13324,0.53158,0.24286,0.09783,0.02799
23.46,2,1.59029,2.44779,3.09776,0.56411,0.23145,0.19909,0.02058
23.48,0,-0.71571,2.49759,3.14096,0.50729,-0.00007,0.00000,
23.48,1,0.38117,2.48582,3.13812,0.53089,0.24327,0.09694,0.03774
23.48,2,1.57902,2.44821,3.10238,0.56412,0.23201,0.19844,0.03121
23.5,0,-0.72596,2.49759,3.14095,0.51068,-0.00003,0.00000,
23.5,1,0.37126,2.48616,3.14094,0.51022,0.01330,0.09728,0.04798
23.5,2,1.56787,2.44882,3.10670,0.54269,0.15973,0.19720,0.04112
23.52,0,-0.73601,2.49760,3.14095,0.49624,0.00002,0.00000,
23.52,1,0.36201,2.48621,3.13919,0.44750,-0.38822,0.09808,0.01005
23.52,2,1.55829,2.44926,3.10781,0.50043,0.03913,0.19685,0.00427
23.54,0,-0.74586,2.49761,3.14095,0.49123,0.00001,0.00000,
23.54,1,0.35363,2.48630,3.12717,0.41300,-0.51711,0.09955,0.01990
23.54,2,1.54829,2.44959,3.10895,0.49005,0.11683,0.19522,0.01265
23.56,0,-0.75571,2.49761,3.14095,0.49406,-0.00000,0.00000,
23.56,1,0.34586,2.48679,3.11922,0.36554,-0.25626,0.10162,0.02975
23.56,2,1.53797,2.44988,3.11331,0.52544,0.18036,0.19268,0.02043
23.58,0,-0.76562,2.49762,3.14095,0.49632,0.00000,0.00000,
23.58,1,0.33665,2.48702,3.11878,0.53314,0.10551,0.10233,0.03966
23.58,2,1.52688,2.45022,3.11423,0.56737,-0.03917,0.19079,0.02963
23.6,0,-0.77555,2.49763,3.14095,0.49611,0.00000,0.00000,
23.6,1,0.32556,2.48720,3.12085,0.54814,0.06932,0.10116,0.04959
23.6,2,1.51579,2.45055,3.11315,0.55451,-0.04408,0.19079,0.04072
23.62,0,-0.78546,2.49763,3.14095,0.49539,0.00000,0.00000,
23.62,1,0.31527,2.48736,3.12131,0.48862,-0.00124,0.10078,0.05950
23.62,2,1.50479,2.45087,3.11282,0.54445,0.00129,0.19008,0.05102
23.64,0,-0.79537,2.49764,3.14095,0.49526,0.00000,0.00000,
23.64,1,0.30327,2.48755,3.12147,0.68706,0.02039,0.09869,0.01982
23.64,2,1.49341,2.45118,3.11313,0.58100,0.03707,0.19069,0.01699
23.66,0,-0.80528,2.49764,3.14095,0.49543,0.00000,0.00000,
23.66,1,0.29048,2.48779,3.12202,0.57221,0.02992,0.09579,0.02973
23.66,2,1.48225,2.45149,3.11367,0.52609,0.00176,0.19232,0.02979
23.68,0,-0.81519,2.49765,3.14095,0.49552,0.00000,0.00000,
23.68,1,0.28054,2.48798,3.12254,0.45455,0.02183,0.09577,0.03964
23.68,2,1.47126,2.45180,3.11348,0.56787,-0.01378,0.19127,0.03973
23.7,0,-0.82510,2.49766,3.14095,0.49549,0.00000,0.00000,
23.7,1,0.27155,2.48816,3.12292,0.45736,0.01825,0.09669,0.04955
23.7,2,1.45976,2.45212,3.11326,0.57370,-0.00694,0.18876,0.04872
23.72,0,-0.83500,2.49766,3.14095,0.49546,0.00000,0.00000,
23.72,1,0.26327,2.48833,3.12318,0.43272,0.01897,0.09832,0.05946
23.72,2,1.44856,2.45244,3.11319,0.53189,0.00128,0.18583,0.05700
23.74,0,-0.84491,2.49767,3.14095,0.49545,0.00000,0.00000,
23.74,1,0.25365,2.48849,3.12366,0.61799,0.03075,0.09860,0.01982
23.74,2,1.43773,2.45275,3.11316,0.56511,-0.00622,0.18463,0.06663
23.76,0,-0.85482,2.49768,3.14095,0.49546,0.00000,0.00000,
23.76,1,0.24124,2.48866,3.12484,0.56611,0.07220,0.09610,0.02973
23.76,2,1.42890,2.45305,3.11319,0.31755,0.00217,0.18819,0.02627
23.78,0,-0.86473,2.49768,3.14095,0.49547,0.00000,0.00000,
23.78,1,0.22992,2.48884,3.12627,0.56502,0.06886,0.09469,0.03964
23.78,2,1.42471,2.45332,3.11193,0.17323,-0.08237,0.19531,0.03759
23.8,0,-0.87464,2.49769,3.14095,0.49547,0.00000,0.00000,
23.8,1,0.22036,2.48901,3.12698,0.39162,0.01324,0.09504,0.04955
23.8,2,1.42146,2.45354,3.11090,0.14798,0.03024,0.20162,0.04715
23.82,0,-0.88455,2.49770,3.14095,0.49546,0.00000,0.00000,
23.82,1,0.21226,2.48915,3.12719,0.41630,0.01025,0.09685,0.00991
23.82,2,1.41638,2.45374,3.11254,0.29752,0.08974,0.20464,0.00412
23.84,0,-0.89446,2.49770,3.14095,0.49546,0.00000,0.00000,
23.84,1,0.20123,2.48929,3.12763,0.57156,0.02393,0.09572,0.01982
23.84,2,1.40967,2.45394,3.11392,0.33349,0.06581,0.20895,0.01515
23.86,0,-0.90437,2.49771,3.14095,0.49546,0.00000,0.00000,
23.86,1,0.19049,2.48942,3.12820,0.52603,0.02975,0.09489,0.02973
23.86,2,1.40300,2.45413,3.11528,0.33519,0.08381,0.21302,0.02590
23.88,0,-0.91428,2.49771,3.14095,0.49546,0.00000,0.00000,
23.88,1,0.18073,2.48955,3.12879,0.50233,0.01772,0.09504,0.03964
23.88,2,1.39559,2.45416,3.11792,0.44912,0.09653,0.21537,0.03565
23.9,0,-0.92419,2.49772,3.14095,0.49546,0.00000,0.00000,
23.9,1,0.17265,2.48966,3.12875,0.38674,-0.00444,0.09686,0.04955
23.9,2,1.38482,2.45442,3.11824,0.57712,-0.03117,0.21269,0.04374
23.92,0,-0.93410,2.49773,3.14095,0.49546,0.00000,0.00000,
23.92,1,0.16326,2.48977,3.12878,0.56677,0.01224,0.09738,0.00991
23.92,2,1.37376,2.45470,3.11749,0.52306,-0.02939,0.21101,0.05313
23.94,0,-0.94401,2.49773,3.14095,0.49546,0.00000,0.00000,
23.94,1,0.15341,2.48987,3.12921,0.48175,0.02292,0.09744,0.01982
23.94,2,1.36363,2.45496,3.11718,0.49649,-0.00698,0.21073,0.01530
23.96,0,-0.95392,2.49774,3.14095,0.49546,0.00000,0.00000,
23.96,1,0.14370,2.49000,3.12959,0.49238,0.01387,0.09765,0.02973
23.96,2,1.35020,2.45524,3.11729,0.71740,0.00584,0.20700,0.02501
23.98,0,-0.96383,2.49775,3.14095,0.49546,0.00000,0.00000,
23.98,1,0.13386,2.49013,3.12976,0.46344,0.00354,0.09772,0.03964
23.98,2,1.33758,2.45555,3.11736,0.60423,0.00627,0.20421,0.03485
24.0,0,-0.97373,2.49775,3.14095,0.49546,0.00000,0.00000,
24.0,1,0.12452,2.49024,3.12990,0.46903,0.00961,0.09828,0.04955
24.0,2,1.32620,2.45584,3.11748,0.50237,-0.00942,0.20217,0.04419
24.02,0,-0.98364,2.49776,3.14095,0.49546,0.00000,0.00000,
24.02,1,0.11445,2.49035,3.13014,0.63724,0.01689,0.09812,0.00991
24.02,2,1.31810,2.45611,3.11688,0.39653,-0.03587,0.20414,0.05427
24.04,0,-0.99355,2.49777,3.14095,0.49546,0.00000,0.00000,
24.04,1,0.10056,2.49046,3.13059,0.62866,0.03210,0.09414,0.01982
24.04,2,1.30980,2.45637,3.11618,0.43419,-0.02335,0.20972,0.06815
24.06,0,-1.00346,2.49777,3.14095,0.49546,0.00000,0.00000,
24.06,1,0.08858,2.49055,3.13091,0.58004,-0.00487,0.09206,0.02973
24.06,2,1.30035,2.45659,3.11633,0.46784,0.05936,0.21224,0.03126
24.08,0,-1.01337,2.49778,3.14095,0.49546,0.00000,0.00000,
24.08,1,0.07878,2.49067,3.13067,0.35772,-0.01949,0.09218,0.03964
24.08,2,1.29009,2.45684,3.11730,0.56050,0.01842,0.21178,0.04106
24.1,0,-1.02328,2.49778,3.14095,0.49546,0.00000,0.00000,
24.1,1,0.07160,2.49082,3.13005,0.36133,-0.03855,0.09491,0.04955
24.1,2,1.27858,2.45712,3.11708,0.57500,-0.02316,0.20744,0.04824
24.12,0,-1.03319,2.49779,3.14096,0.49546,0.00000,0.00000,
24.12,1,0.06159,2.49097,3.13018,0.57911,0.17735,0.09480,0.00991
24.12,2,1.26706,2.45741,3.11666,0.57015,-0.01489,0.20593,0.05825
24.14,0,-1.04310,2.49780,3.14096,0.49546,0.00000,0.00000,
24.14,1,0.05001,2.49111,3.13374,0.57910,0.17796,0.09313,0.01982
24.14,2,1.25594,2.45768,3.11650,0.54498,-0.00443,0.20640,0.06983
24.16,0,-1.05301,2.49780,3.14096,0.49546,0.00000,0.00000,
24.16,1,0.03927,2.49143,3.13523,0.53593,-0.03862,0.09230,0.02973
24.16,2,1.24489,2.45795,3.11660,0.51913,0.02599,0.20608,0.02821
24.18,0,-1.06292,2.49781,3.14096,0.49546,0.00000,0.00000,
24.18,1,0.02934,2.49163,3.13393,0.38730,-0.05548,0.09228,0.03964
24.18,2,1.23503,2.45819,3.11703,0.51102,0.00713,0.20615,0.03814
24.2,0,-1.07283,2.49782,3.14096,0.49546,0.00000,0.00000,
24.2,1,0.02124,2.49166,3.13377,0.42228,0.02469,0.09408,0.04955
24.2,2,1.22453,2.45845,3.11680,0.56766,-0.01389,0.20375,0.04625
24.22,0,-1.08274,2.49782,3.14096,0.49546,0.00000,0.00000,
24.22,1,0.01268,2.49167,3.13421,0.40217,0.01487,0.09543,0.05946
24.22,2,1.21281,2.45874,3.11658,0.58704,-0.00764,0.20058,0.05481
24.24,0,-1.09265,2.49783,3.14096,0.49546,0.00000,0.00000,
24.24,1,0.00171,2.49170,3.13444,0.58763,0.01370,0.09437,0.01982
24.24,2,1.20164,2.45902,3.11651,0.50670,0.00379,0.20038,0.01522
24.26,0,-1.10256,2.49783,3.14096,0.49546,0.00000,0.00000,
24.26,1,-0.01000,2.49174,3.13471,0.56576,0.01426,0.09257,0.02973
24.26,2,1.19196,2.45926,3.11658,0.49329,0.00010,0.20240,0.02693
24.28,0,-1.11246,2.49784,3.14096,0.49546,0.00000,0.00000,
24.28,1,-0.02096,2.49180,3.13487,0.55168,0.00208,0.09152,0.03964
24.28,2,1.18167,2.45952,3.11643,0.51030,-0.01486,0.20306,0.03789
24.3,0,-1.12237,2.49785,3.14096,0.49546,0.00000,0.00000,
24.3,1,-0.02901,2.49187,3.13473,0.37828,-0.00650,0.09337,0.04955
24.3,2,1.17115,2.45980,3.11625,0.53065,-0.00443,0.20060,0.04595
24.32,0,-1.13228,2.49785,3.14096,0.49546,0.00000,0.00000,
24.32,1,-0.03672,2.49197,3.13445,0.39732,-0.01502,0.09558,0.05946
24.32,2,1.16072,2.46006,3.11620,0.51209,-0.00235,0.19786,0.05365
24.34,0,-1.14219,2.49786,3.14096,0.49546,0.00000,0.00000,
24.34,1,-0.04600,2.49201,3.13449,0.59967,0.01802,0.09620,0.01982
24.34,2,1.15070,2.46032,3.11613,0.49390,-0.00460,0.19713,0.01320
24.36,0,-1.15210,2.49787,3.14096,0.49546,0.00000,0.00000,
24.36,1,-0.05732,2.49205,3.13490,0.53314,0.02247,0.09480,0.02973
24.36,2,1.14032,2.46058,3.11629,0.52527,0.00970,0.19805,0.02451
24.38,0,-1.16201,2.49787,3.14096,0.49546,0.00000,0.00000,
24.38,1,-0.06796,2.49211,3.13531,0.52770,0.01633,0.09407,0.03964
24.38,2,1.13013,2.46084,3.11635,0.49425,-0.00244,0.19849,0.03515
24.4,0,-1.17192,2.49788,3.14096,0.49546,0.00000,0.00000,
24.4,1,-0.07796,2.49218,3.13543,0.42219,-0.00212,0.09398,0.04955
24.4,2,1.12054,2.46108,3.11624,0.47148,-0.00574,0.19890,0.04515
24.42,0,-1.18183,2.49789,3.14096,0.49546,0.00000,0.00000,
24.42,1,-0.08801,2.49225,3.13480,0.63108,-0.15035,0.09384,0.00991
24.42,2,1.11116,2.46132,3.11616,0.46874,-0.00299,0.19956,0.05520
24.44,0,-1.19174,2.49789,3.14096,0.49546,0.00000,0.00000,
24.44,1,-0.09927,2.49231,3.13186,0.52995,-0.14613,0.09249,0.01982
24.44,2,1.10180,2.46156,3.11611,0.46695,-0.00209,0.20146,0.06646
24.46,0,-1.20165,2.49790,3.14096,0.49546,0.00000,0.00000,
24.46,1,-0.10986,2.49213,3.12914,0.52744,-0.12153,0.09180,0.02973
24.46,2,1.09177,2.46180,3.11623,0.56445,0.03405,0.20202,0.02782
24.48,0,-1.21156,2.49790,3.14096,0.49546,0.00000,0.00000,
24.48,1,-0.12009,2.49213,3.12830,0.51011,0.02288,0.09148,0.03964
24.48,2,1.08036,2.46208,3.11708,0.56540,0.02911,0.20082,0.03805
24.5,0,-1.22147,2.49791,3.14096,0.49546,0.00000,0.00000,
24.5,1,-0.12858,2.49229,3.12902,0.41433,0.03854,0.09291,0.04955
24.5,2,1.06963,2.46234,3.11722,0.54290,-0.00982,0.19858,0.04654
24.52,0,-1.23138,2.49792,3.14096,0.49546,0.00000,0.00000,
24.52,1,-0.13717,2.49247,3.12962,0.43866,0.02060,0.09421,0.05946
24.52,2,1.05849,2.46261,3.11694,0.56130,-0.01207,0.19604,0.05514
24.54,0,-1.24129,2.49792,3.14096,0.49546,0.00000,0.00000,
24.54,1,-0.14790,2.49263,3.13001,0.57747,0.02663,0.09339,0.01982
24.54,2,1.04743,2.46288,3.11683,0.54407,-0.00113,0.19571,0.06587
24.56,0,-1.25119,2.49793,3.14096,0.49546,0.00000,0.00000,
24.56,1,-0.15945,2.49279,3.13055,0.57747,0.02637,0.09175,0.02973
24.56,2,1.03584,2.46317,3.11697,0.63996,0.01540,0.19566,0.02664
24.58,0,-1.26110,2.49794,3.14096,0.49546,0.00000,0.00000,
24.58,1,-0.17056,2.49281,3.13050,0.53017,-0.03486,0.09055,0.03964
24.58,2,1.02325,2.46348,3.11717,0.59481,0.00362,0.19418,0.03775
24.6,0,-1.27072,2.49794,3.14095,0.46024,-0.00015,0.00000,
24.6,1,-0.17975,2.49290,3.12973,0.36553,-0.03808,0.09099,0.04925
24.6,2,1.01242,2.46375,3.11713,0.50828,-0.00457,0.19252,0.04693
24.62,0,-1.28005,2.49795,3.14095,0.47118,0.00005,0.00000,
24.62,1,-0.18761,2.49308,3.12871,0.44905,-0.09000,0.09245,0.00933
24.62,2,1.00300,2.46399,3.11695,0.42627,-0.01574,0.19097,0.05480
24.64,0,-1.28953,2.49795,3.14095,0.47459,0.00004,0.00000,
24.64,1,-0.19698,2.49327,3.12822,0.44725,0.05766,0.09256,0.01881
24.64,2,0.99336,2.46424,3.11694,0.54546,0.01138,0.19069,0.01345
24.66,0,-1.29879,2.49796,3.14096,0.48076,0.00001,0.00000,
24.66,1,-0.20599,2.49351,3.12897,0.45859,0.01062,0.09281,0.02807
24.66,2,0.98260,2.46452,3.11720,0.48075,0.01832,0.18894,0.02247
24.68,0,-1.30886,2.49797,3.14095,0.51345,-0.00006,0.00000,
24.68,1,-0.21497,2.49365,3.12896,0.37653,-0.00808,0.09390,0.03813
24.68,2,0.97269,2.46477,3.11731,0.51677,-0.00469,0.18800,0.03145
24.7,0,-1.31906,2.49797,3.14095,0.50457,-0.00000,0.00000,
24.7,1,-0.22284,2.49375,3.12912,0.40676,0.01978,0.09623,0.04834
24.7,2,0.96228,2.46502,3.11719,0.51611,-0.00455,0.18546,0.03932
24.72,0,-1.32900,2.49798,3.14095,0.49250,0.00002,0.00000,
24.72,1,-0.23097,2.49385,3.12959,0.37973,0.02594,0.09804,0.05828
24.72,2,0.95327,2.46527,3.11694,0.43226,-0.00762,0.18459,0.04745
24.74,0,-1.33883,2.49799,3.14095,0.49175,0.00000,0.00000,
24.74,1,-0.23908,2.49394,3.12999,0.43328,0.01463,0.09976,0.01977
24.74,2,0.94448,2.46549,3.11698,0.44399,0.00619,0.18390,0.05555
24.76,0,-1.34870,2.49799,3.14095,0.49508,-0.00000,0.00000,
24.76,1,-0.24699,2.49403,3.13034,0.34367,-0.01021,0.10172,0.02964
24.76,2,0.93545,2.46571,3.11708,0.52501,0.00446,0.18278,0.02004
24.78,0,-1.35862,2.49800,3.14095,0.49621,0.00000,0.00000,
24.78,1,-0.25477,2.49412,3.13035,0.44003,0.01102,0.10386,0.03956
24.78,2,0.92869,2.46593,3.11766,0.31159,0.03206,0.18380,0.02782
24.8,0,-1.36854,2.49800,3.14095,0.49556,0.00000,0.00000,
24.8,1,-0.26444,2.49424,3.13071,0.50223,0.02035,0.10411,0.04948
24.8,2,0.92247,2.46614,3.11814,0.28797,0.00255,0.18724,0.03749
24.82,0,-1.37844,2.49801,3.14095,0.49504,0.00000,0.00000,
24.82,1,-0.27407,2.49435,3.13111,0.46602,0.01810,0.10438,0.05938
24.82,2,0.91494,2.46633,3.11815,0.41406,0.00432,0.18934,0.04712
24.84,0,-1.38835,2.49802,3.14095,0.49509,0.00000,0.00000,
24.84,1,-0.28374,2.49445,3.13140,0.54039,0.01397,0.10461,0.01981
24.84,2,0.90681,2.46653,3.11839,0.41714,0.01259,0.19087,0.05679
24.86,0,-1.39825,2.49802,3.14095,0.49526,0.00000,0.00000,
24.86,1,-0.29709,2.49456,3.13180,0.63348,0.02644,0.10117,0.02971
24.86,2,0.89998,2.46674,3.11871,0.34888,0.02644,0.19739,0.02766
24.88,0,-1.40815,2.49803,3.14095,0.49529,0.00000,0.00000,
24.88,1,-0.30934,2.49466,3.13221,0.60308,0.00095,0.09882,0.03961
24.88,2,0.89367,2.46694,3.11909,0.22407,-0.00075,0.20332,0.03991
24.9,0,-1.41806,2.49804,3.14095,0.49525,0.00000,0.00000,
24.9,1,-0.31909,2.49476,3.13196,0.41271,-0.01279,0.09898,0.04952
24.9,2,0.88955,2.46717,3.11620,0.27218,-0.23769,0.20895,0.04966
24.92,0,-1.42796,2.49804,3.14095,0.49523,0.00000,0.00000,
24.92,1,-0.32747,2.49493,3.13130,0.42731,-0.02871,0.10050,0.05942
24.92,2,0.88255,2.46738,3.11441,0.34808,0.13601,0.21034,0.05804
24.94,0,-1.43787,2.49805,3.14095,0.49524,0.00000,0.00000,
24.94,1,-0.33615,2.49501,3.13128,0.43597,0.01828,0.10172,0.06933
24.94,2,0.87576,2.46761,3.11694,0.34562,0.06470,0.21222,0.01291
24.96,0,-1.44777,2.49806,3.14095,0.49524,0.00000,0.00000,
24.96,1,-0.34736,2.49506,3.13383,0.59268,0.22437,0.10042,0.02971
24.96,2,0.86792,2.46822,3.11158,0.44648,-0.38798,0.21557,0.02412
24.98,0,-1.45768,2.49806,3.14095,0.49524,0.00000,0.00000,
24.98,1,-0.35875,2.49519,3.13778,0.55344,0.14112,0.09894,0.03962
24.98,2,0.85800,2.46859,3.10756,0.52833,-0.03710,0.21704,0.03551
25.0,0,-1.46758,2.49807,3.14096,0.49524,0.00000,0.00000,
25.0,1,-0.36966,2.49556,3.13993,0.53023,0.05409,0.09792,0.04952
25.0,2,0.84673,2.46892,3.10873,0.57139,0.08832,0.21668,0.04643
25.02,0,-1.47749,2.49807,3.14096,0.49524,0.00000,0.00000,
25.02,1,-0.37913,2.49558,3.13989,0.38844,-0.02094,0.09836,0.05943
25.02,2,0.83514,2.46924,3.11010,0.64334,0.08046,0.21455,0.00431
25.04,0,-1.48739,2.49808,3.14096,0.49524,0.00000,0.00000,
25.04,1,-0.38723,2.49553,3.13962,0.42135,-0.00550,0.10017,0.06933
25.04,2,0.82236,2.46962,3.11185,0.65039,0.05959,0.20986,0.01241
25.06,0,-1.49730,2.49809,3.14096,0.49524,0.00000,0.00000,
25.06,1,-0.39900,2.49548,3.14150,0.59042,0.17069,0.09830,0.02971
25.06,2,0.80928,2.47000,3.11223,0.64741,-0.00192,0.20855,0.02418
25.08,0,-1.50720,2.49809,3.14096,0.49524,0.00000,0.00000,
25.08,1,-0.40980,2.49550,-3.13981,0.53495,0.08759,0.09741,0.03962
25.08,2,0.79671,2.47038,3.11224,0.61458,0.00791,0.20676,0.03498
25.1,0,-1.51711,2.49810,3.14096,0.49524,0.00000,0.00000,
25.1,1,-0.42030,2.49575,-3.13831,0.47580,0.04293,0.09681,0.04952
25.1,2,0.78463,2.47073,3.11256,0.59826,0.02034,0.20520,0.04548
25.12,0,-1.52701,2.49811,3.14096,0.49524,0.00000,0.00000,
25.12,1,-0.42811,2.49571,-3.13746,0.39211,0.06355,0.09891,0.05943
25.12,2,0.77281,2.47108,3.11293,0.54777,0.00558,0.20117,0.05329
25.14,0,-1.53692,2.49811,3.14096,0.49524,0.00000,0.00000,
25.14,1,-0.43614,2.49556,-3.13658,0.38338,0.01014,0.10078,0.06933
25.14,2,0.76245,2.47140,3.11303,0.53020,0.01487,0.19884,0.06132
25.16,0,-1.54682,2.49812,3.14096,0.49524,0.00000,0.00000,
25.16,1,-0.44593,2.49545,-3.13696,0.61800,-0.03210,0.10090,0.02971
25.16,2,0.75298,2.47172,3.11353,0.30411,0.04060,0.19914,0.02169
25.18,0,-1.55673,2.49812,3.14096,0.49524,0.00000,0.00000,
25.18,1,-0.45781,2.49536,-3.13762,0.55057,-0.03425,0.09892,0.03962
25.18,2,0.74700,2.47205,3.11395,0.26707,-0.03265,0.20503,0.03358
25.2,0,-1.56663,2.49813,3.14096,0.49524,0.00000,0.00000,
25.2,1,-0.46876,2.49534,-3.13813,0.53871,-0.01009,0.09788,0.04952
25.2,2,0.74175,2.47241,3.11535,0.27550,0.11746,0.21072,0.04452
25.22,0,-1.57654,2.49814,3.14096,0.49524,0.00000,0.00000,
25.22,1,-0.47804,2.49531,-3.13817,0.40499,-0.00126,0.09850,0.05943
25.22,2,0.73578,2.47270,3.11550,0.30432,-0.02046,0.21403,0.05380
25.24,0,-1.58644,2.49814,3.14096,0.49524,0.00000,0.00000,
25.24,1,-0.48888,2.49527,-3.13734,0.64598,0.14639,0.09757,0.01981
25.24,2,0.72929,2.47298,3.11759,0.32580,0.13333,0.21837,0.06464
25.26,0,-1.59635,2.49815,3.14096,0.49524,0.00000,0.00000,
25.26,1,-0.50048,2.49523,-3.13564,0.52294,-0.06205,0.09587,0.02971
25.26,2,0.72162,2.47329,3.11778,0.53638,-0.00345,0.22230,0.02654
25.28,0,-1.60625,2.49816,3.14096,0.49524,0.00000,0.00000,
25.28,1,-0.51122,2.49541,-3.13931,0.54110,-0.17846,0.09504,0.03962
25.28,2,0.70779,2.47356,3.11956,0.67580,0.11815,0.21920,0.03727
25.3,0,-1.61616,2.49816,3.14096,0.49524,0.00000,0.00000,
25.3,1,-0.51942,2.49543,-3.14051,0.37144,0.05520,0.09674,0.04952
25.3,2,0.69546,2.47385,3.12216,0.61086,0.13278,0.21508,0.04548
25.32,0,-1.62606,2.49817,3.14096,0.49524,0.00000,0.00000,
25.32,1,-0.52721,2.49530,-3.13768,0.40521,0.12638,0.09886,0.05943
25.32,2,0.68382,2.47426,3.12398,0.47417,0.03876,0.21121,0.00398
25.34,0,-1.63597,2.49818,3.14096,0.49524,0.00000,0.00000,
25.34,1,-0.53573,2.49532,-3.13699,0.58499,-0.03558,0.10024,0.01981
25.34,2,0.67644,2.47449,3.12365,0.36252,-0.02732,0.21235,0.01251
25.36,0,-1.64587,2.49818,3.14096,0.49524,0.00000,0.00000,
25.36,1,-0.54747,2.49533,3.14054,0.56309,-0.25102,0.09840,0.02971
25.36,2,0.66801,2.47461,3.12372,0.47223,0.01638,0.21566,0.02425
25.38,0,-1.65578,2.49819,3.14096,0.49524,0.00000,0.00000,
25.38,1,-0.55847,2.49502,3.13576,0.52969,-0.20633,0.09731,0.03962
25.38,2,0.65808,2.47479,3.12399,0.47085,0.01236,0.21672,0.03524
25.4,0,-1.66568,2.49819,3.14096,0.49524,0.00000,0.00000,
25.4,1,-0.56885,2.49503,3.13437,0.44468,0.01793,0.09683,0.04952
25.4,2,0.64826,2.47499,3.12408,0.52921,-0.00309,0.21728,0.04563
25.42,0,-1.67559,2.49820,3.14096,0.49524,0.00000,0.00000,
25.42,1,-0.57673,2.49521,3.13432,0.39995,-0.05619,0.09886,0.05943
25.42,2,0.63747,2.47518,3.12399,0.53451,-0.00340,0.21436,0.05350
25.44,0,-1.68549,2.49821,3.14096,0.49524,0.00000,0.00000,
25.44,1,-0.58502,2.49535,3.13328,0.42433,-0.02498,0.10047,0.06933
25.44,2,0.62719,2.47536,3.12398,0.49727,0.00116,0.21238,0.06179
25.46,0,-1.69540,2.49821,3.14096,0.49524,0.00000,0.00000,
25.46,1,-0.59428,2.49541,3.13358,0.63252,0.04182,0.10112,0.02971
25.46,2,0.61409,2.47553,3.12450,0.76050,0.08366,0.20854,0.02151
25.48,0,-1.70530,2.49822,3.14096,0.49524,0.00000,0.00000,
25.48,1,-0.60660,2.49546,3.13809,0.59783,0.22704,0.09871,0.03962
25.48,2,0.60004,2.47576,3.12690,0.63833,0.12534,0.20680,0.03383
25.5,0,-1.71520,2.49823,3.14096,0.49524,0.00000,0.00000,
25.5,1,-0.61793,2.49576,-3.14034,0.54993,0.17847,0.09728,0.04952
25.5,2,0.58816,2.47594,3.12773,0.48745,-0.01996,0.20625,0.04516
25.52,0,-1.72511,2.49823,3.14096,0.49524,0.00000,0.00000,
25.52,1,-0.62796,2.49586,-3.13932,0.44792,0.00752,0.09716,0.00990
25.52,2,0.58026,2.47610,3.12719,0.38626,-0.02734,0.20838,0.05519
25.54,0,-1.73501,2.49824,3.14096,0.49524,0.00000,0.00000,
25.54,1,-0.63875,2.49590,-3.13192,0.54547,0.42737,0.09627,0.01981
25.54,2,0.57139,2.47633,3.12720,0.42366,0.07541,0.21030,0.01541
25.56,0,-1.74492,2.49824,3.14096,0.49524,0.00000,0.00000,
25.56,1,-0.64859,2.49604,-3.12568,0.45208,0.03921,0.09633,0.02971
25.56,2,0.56356,2.47645,3.12884,0.40775,0.06486,0.21231,0.02524
25.58,0,-1.75482,2.49825,3.14096,0.49524,0.00000,0.00000,
25.58,1,-0.65837,2.49616,-3.13011,0.51489,-0.27230,0.09645,0.03962
25.58,2,0.55327,2.47657,3.13014,0.55782,0.22535,0.21180,0.03503
25.6,0,-1.76473,2.49826,3.14096,0.49524,0.00000,0.00000,
25.6,1,-0.66738,2.49598,-3.13310,0.43007,-0.04238,0.09735,0.04952
25.6,2,0.54174,2.47681,3.13378,0.59197,0.03525,0.20927,0.04403
25.62,0,-1.77463,2.49826,3.14096,0.49524,0.00000,0.00000,
25.62,1,-0.67825,2.49576,-3.13268,0.67884,0.03050,0.09638,0.00990
25.62,2,0.52969,2.47695,3.13264,0.62491,-0.08665,0.20809,0.05491
25.64,0,-1.78454,2.49827,3.14096,0.49524,0.00000,0.00000,
25.64,1,-0.68969,2.49554,-3.13224,0.55102,0.02192,0.09485,0.01981
25.64,2,0.51715,2.47705,3.13149,0.62026,-0.02810,0.20698,0.06634
25.66,0,-1.79444,2.49828,3.14096,0.49524,0.00000,0.00000,
25.66,1,-0.70066,2.49559,-3.13158,0.54337,0.04706,0.09378,0.02971
25.66,2,0.50334,2.47718,3.13150,0.71804,0.01427,0.20414,0.02879
25.68,0,-1.80435,2.49828,3.14096,0.49524,0.00000,0.00000,
25.68,1,-0.70966,2.49559,-3.13078,0.38966,0.03351,0.09470,0.03962
25.68,2,0.48938,2.47733,3.13156,0.68295,-0.00971,0.19917,0.03778
25.7,0,-1.81425,2.49829,3.14096,0.49524,0.00000,0.00000,
25.7,1,-0.71787,2.49543,-3.13099,0.42633,-0.03713,0.09638,0.04952
25.7,2,0.47674,2.47746,3.13119,0.52789,-0.02822,0.19475,0.04600
25.72,0,-1.82416,2.49830,3.14096,0.49524,0.00000,0.00000,
25.72,1,-0.72615,2.49525,-3.13197,0.45584,-0.04097,0.09801,0.05943
25.72,2,0.46690,2.47760,3.13060,0.49606,-0.03606,0.19318,0.05427
25.74,0,-1.83406,2.49830,3.14096,0.49524,0.00000,0.00000,
25.74,1,-0.73596,2.49512,-3.13252,0.55676,-0.02079,0.09811,0.01981
25.74,2,0.45660,2.47772,3.13000,0.53063,-0.01864,0.19268,0.06408
25.76,0,-1.84397,2.49831,3.14096,0.49524,0.00000,0.00000,
25.76,1,-0.74890,2.49501,-3.13308,0.65023,-0.02965,0.09507,0.02971
25.76,2,0.44922,2.47782,3.12995,0.28869,0.00250,0.19825,0.02709
25.78,0,-1.85387,2.49831,3.14096,0.49524,0.00000,0.00000,
25.78,1,-0.76151,2.49491,-3.13358,0.58954,-0.01053,0.09237,0.03962
25.78,2,0.44359,2.47789,3.13057,0.26595,0.08057,0.20522,0.03970
25.8,0,-1.86378,2.49832,3.14096,0.49524,0.00000,0.00000,
25.8,1,-0.77223,2.49484,-3.13357,0.40689,0.01018,0.09155,0.04952
25.8,2,0.43766,2.47807,3.12922,0.34822,-0.16401,0.21000,0.05042
25.82,0,-1.87368,2.49833,3.14096,0.49524,0.00000,0.00000,
25.82,1,-0.78052,2.49476,-3.13369,0.42535,-0.01867,0.09317,0.00990
25.82,2,0.42985,2.47818,3.12711,0.38976,-0.04306,0.21048,0.00420
25.84,0,-1.88359,2.49833,3.14096,0.49524,0.00000,0.00000,
25.84,1,-0.79141,2.49470,-3.13400,0.53934,0.00536,0.09218,0.01981
25.84,2,0.42118,2.47829,3.12481,0.42812,-0.14641,0.21271,0.01510
25.86,0,-1.89349,2.49834,3.14096,0.49524,0.00000,0.00000,
25.86,1,-0.80089,2.49463,-3.13395,0.47915,-0.00643,0.09261,0.02971
25.86,2,0.41221,2.47866,3.12052,0.47771,-0.18403,0.21320,0.02457
25.88,0,-1.90340,2.49835,3.14096,0.49524,0.00000,0.00000,
25.88,1,-0.81112,2.49454,-3.13433,0.52561,-0.02766,0.09228,0.03962
25.88,2,0.40209,2.47888,3.11946,0.53058,0.03239,0.21331,0.03480
25.9,0,-1.91330,2.49835,3.14096,0.49524,0.00000,0.00000,
25.9,1,-0.82039,2.49445,-3.13487,0.44317,-0.02669,0.09292,0.04952
25.9,2,0.39132,2.47907,3.12062,0.52995,0.05549,0.21180,0.04407
25.92,0,-1.92321,2.49836,3.14096,0.49524,0.00000,0.00000,
25.92,1,-0.82927,2.49439,-3.13536,0.44359,-0.02211,0.09395,0.05943
25.92,2,0.38068,2.47927,3.12118,0.52888,0.00935,0.21004,0.05295
25.94,0,-1.93311,2.49836,3.14096,0.49524,0.00000,0.00000,
25.94,1,-0.83847,2.49433,-3.13577,0.56342,-0.01962,0.09465,0.01981
25.94,2,0.37083,2.47947,3.12120,0.42930,-0.05749,0.20939,0.01364
25.96,0,-1.94302,2.49837,3.14096,0.49524,0.00000,0.00000,
25.96,1,-0.85130,2.49427,-3.13625,0.57604,-0.02913,0.09172,0.02971
25.96,2,0.36302,2.47976,3.11882,0.33265,-0.12701,0.21441,0.02648
25.98,0,-1.95292,2.49838,3.14096,0.49524,0.00000,0.00000,
25.98,1,-0.86282,2.49422,-3.13684,0.57604,-0.02912,0.09010,0.03962
25.98,2,0.35528,2.47993,3.12297,0.44197,0.30735,0.21819,0.03800
26.0,0,-1.96283,2.49838,3.14096,0.49524,0.00000,0.00000,
26.0,1,-0.87278,2.49416,-3.13724,0.36303,-0.01247,0.09005,0.04952
26.0,2,0.34652,2.48014,3.12694,0.43360,0.13809,0.21938,0.04795
26.02,0,-1.97273,2.49839,3.14096,0.49524,0.00000,0.00000,
26.02,1,-0.88035,2.49412,-3.13753,0.39403,-0.01636,0.09239,0.05943
26.02,2,0.33764,2.48017,3.13113,0.46509,0.27168,0.21807,0.05552
26.04,0,-1.98263,2.49840,3.14096,0.49524,0.00000,0.00000,
26.04,1,-0.88848,2.49409,-3.13791,0.44832,-0.02030,0.09417,0.01981
26.04,2,0.32755,2.48026,3.13406,0.48845,0.03570,0.21611,0.01200
26.06,0,-1.99254,2.49840,3.14096,0.49524,0.00000,0.00000,
26.06,1,-0.89744,2.49405,-3.13831,0.44832,-0.02028,0.09511,0.02971
26.06,2,0.31772,2.48038,3.13367,0.49512,-0.04164,0.21524,0.02096
26.08,0,-2.00244,2.49841,3.14096,0.49524,0.00000,0.00000,
26.08,1,-0.90637,2.49407,-3.13888,0.39833,-0.02530,0.09608,0.03962
26.08,2,0.30780,2.48049,3.13307,0.49504,-0.01517,0.21424,0.02989
26.1,0,-2.01235,2.49841,3.14096,0.49524,0.00000,0.00000,
26.1,1,-0.91441,2.49403,-3.13922,0.42558,-0.01180,0.09795,0.04952
26.1,2,0.29800,2.48058,3.13300,0.48470,0.00152,0.21248,0.03793
26.12,0,-2.02225,2.49842,3.14096,0.49524,0.00000,0.00000,
26.12,1,-0.92267,2.49398,-3.13947,0.44704,-0.01145,0.09960,0.05943
26.12,2,0.28843,2.48066,3.13298,0.47466,-0.00429,0.21116,0.04619
26.14,0,-2.03173,2.49843,3.14095,0.46225,-0.00010,0.00000,
26.14,1,-0.93226,2.49394,-3.13970,0.48818,-0.01259,0.09948,0.06891
26.14,2,0.27623,2.48074,3.13302,0.62822,0.00561,0.20856,0.01383
26.16,0,-2.04110,2.49843,3.14095,0.47245,0.00006,0.00000,
26.16,1,-0.94379,2.49391,-3.13996,0.64917,-0.01353,0.09732,0.02875
26.16,2,0.26413,2.48082,3.13317,0.60383,0.00686,0.20799,0.02536
26.18,0,-2.05058,2.49844,3.14095,0.47411,0.00003,0.00000,
26.18,1,-0.95584,2.49389,-3.14025,0.59850,-0.01376,0.09475,0.03823
26.18,2,0.25266,2.48091,3.13318,0.55936,-0.00558,0.20857,0.03741
26.2,0,-2.05990,2.49845,3.14096,0.49157,-0.00003,0.00000,
26.2,1,-0.96709,2.49388,-3.14047,0.52548,-0.00879,0.09281,0.04755
26.2,2,0.24352,2.48100,3.13295,0.44157,-0.00871,0.21068,0.04866
26.22,0,-2.07006,2.49845,3.14095,0.51367,-0.00005,0.00000,
26.22,1,-0.97805,2.49387,-3.14064,0.62196,-0.00880,0.09202,0.01016
26.22,2,0.23436,2.48108,3.13286,0.46827,-0.00265,0.21248,0.05962
26.24,0,-2.08022,2.49846,3.14095,0.50131,0.00001,0.00000,
26.24,1,-0.99049,2.49386,-3.14081,0.62196,-0.00882,0.08974,0.02032
26.24,2,0.22370,2.48116,3.13285,0.69492,0.00825,0.21425,0.01831
26.26,0,-2.09006,2.49846,3.14096,0.50210,0.00000,0.00000,
26.26,1,-1.00161,2.49385,-3.14099,0.54992,-0.00902,0.08847,0.03017
26.26,2,0.21103,2.48125,3.13320,0.62521,0.01800,0.21270,0.02943
26.28,0,-2.10025,2.49847,3.14096,0.51267,-0.00002,0.00000,
26.28,1,-1.01129,2.49385,-3.14118,0.40479,-0.01026,0.08897,0.04036
26.28,2,0.19876,2.48135,3.13347,0.57464,-0.00165,0.21011,0.03911
26.3,0,-2.11048,2.49848,3.14096,0.50945,0.00000,0.00000,
26.3,1,-1.01950,2.49384,-3.14139,0.41540,-0.00955,0.09099,0.05058
26.3,2,0.18714,2.48145,3.13306,0.53115,-0.03035,0.20671,0.04732
26.32,0,-2.12062,2.49848,3.14096,0.50545,0.00001,0.00000,
26.32,1,-1.02809,2.49384,-3.14157,0.38476,-0.00963,0.09254,0.01014
26.32,2,0.17584,2.48155,3.13274,0.58216,-0.00406,0.20399,0.05591
26.34,0,-2.13049,2.49849,3.14095,0.46731,-0.00019,0.00000,
26.34,1,-1.03419,2.49383,3.14141,0.30140,-0.01000,0.09631,0.02001
26.34,2,0.16435,2.48164,3.13275,0.53538,0.00200,0.19860,0.01048
26.36,0,-2.13998,2.49850,3.14095,0.47992,0.00004,0.00000,
26.36,1,-1.04111,2.49384,3.14124,0.40701,-0.00764,0.09888,0.02949
26.36,2,0.15565,2.48172,3.13283,0.42067,0.00175,0.19682,0.01740
26.38,0,-2.14965,2.49850,3.14095,0.48500,0.00005,0.00000,
26.38,1,-1.05025,2.49384,3.14109,0.44815,-0.00750,0.09941,0.03917
26.38,2,0.14622,2.48180,3.13279,0.51652,-0.00470,0.19653,0.02654
26.4,0,-2.15933,2.49851,3.14095,0.48249,-0.00000,0.00000,
26.4,1,-1.06025,2.49385,3.14093,0.52367,-0.00819,0.09909,0.04884
26.4,2,0.13534,2.48189,3.13269,0.55170,-0.00405,0.19564,0.03654
26.42,0,-2.16895,2.49852,3.14095,0.48016,-0.00001,0.00000,
26.42,1,-1.07061,2.49385,3.14077,0.53487,-0.00728,0.09835,0.00962
26.42,2,0.12461,2.48199,3.13263,0.52016,-0.00254,0.19528,0.04690
26.44,0,-2.17845,2.49852,3.14096,0.48615,0.00001,0.00000,
26.44,1,-1.08249,2.49386,3.14066,0.60497,-0.00528,0.09597,0.01912
26.44,2,0.11321,2.48209,3.13270,0.62285,0.01394,0.19576,0.01703
26.46,0,-2.18841,2.49853,3.14095,0.50281,-0.00002,0.00000,
26.46,1,-1.09408,2.49387,3.14053,0.54418,-0.00727,0.09434,0.02908
26.46,2,0.10081,2.48219,3.13293,0.58736,0.00661,0.19495,0.02861
26.48,0,-2.19833,2.49853,3.14096,0.50362,0.00000,0.00000,
26.48,1,-1.10395,2.49388,3.14038,0.40686,-0.00808,0.09439,0.03900
26.48,2,0.08916,2.48230,3.13292,0.61203,-0.00596,0.19317,0.03848
26.5,0,-2.20854,2.49854,3.14095,0.51308,-0.00002,0.00000,
26.5,1,-1.11119,2.49390,3.14023,0.36640,-0.00717,0.09736,0.04922
26.5,2,0.07664,2.48241,3.13279,0.62631,-0.00532,0.18789,0.04572
26.52,0,-2.21876,2.49855,3.14095,0.50769,0.00000,0.00000,
26.52,1,-1.11897,2.49391,3.14010,0.40847,-0.00566,0.09979,0.05943
26.52,2,0.06502,2.48252,3.13267,0.51540,-0.00876,0.18405,0.05350
26.54,0,-2.22885,2.49855,3.14095,0.50340,0.00001,0.00000,
26.54,1,-1.12772,2.49392,3.13999,0.47942,-0.00630,0.10114,0.02031
26.54,2,0.05728,2.48262,3.13261,0.33241,-0.00506,0.18506,0.01275
26.56,0,-2.23892,2.49856,3.14095,0.50378,0.00000,0.00000,
26.56,1,-1.13732,2.49393,3.13987,0.48312,-0.00571,0.10161,0.03038
26.56,2,0.05240,2.48274,3.13215,0.24507,-0.06134,0.18977,0.02236
26.58,0,-2.24886,2.49857,3.14095,0.46656,-0.00021,0.00000,
26.58,1,-1.14706,2.49395,3.13977,0.50328,-0.00489,0.10181,0.04031
26.58,2,0.04601,2.48283,3.13093,0.34972,-0.03242,0.19312,0.03209
26.6,0,-2.25831,2.49857,3.14095,0.47805,0.00003,0.00000,
26.6,1,-1.15726,2.49396,3.13967,0.50810,-0.00528,0.10107,0.04977
26.6,2,0.03840,2.48290,3.13189,0.39930,0.10869,0.19571,0.04229
26.62,0,-2.26795,2.49858,3.14095,0.48340,0.00006,0.00000,
26.62,1,-1.16720,2.49398,3.13956,0.48761,-0.00523,0.10076,0.05940
26.62,2,0.03017,2.48314,3.13225,0.43129,-0.06054,0.19742,0.05223
26.64,0,-2.27760,2.49859,3.14095,0.48129,-0.00000,0.00000,
26.64,1,-1.17679,2.49400,3.13946,0.47471,-0.00487,0.10082,0.06905
26.64,2,0.01972,2.48326,3.13155,0.61874,0.04836,0.19655,0.01451
26.66,0,-2.28716,2.49859,3.14095,0.46052,0.00008,0.00000,
26.66,1,-1.18697,2.49402,3.13938,0.55689,-0.00248,0.10020,0.02885
26.66,2,0.00711,2.48337,3.13547,0.63140,0.21197,0.19413,0.02469
26.68,0,-2.29669,2.49860,3.14096,0.50281,-0.00002,0.00000,
26.68,1,-1.19786,2.49405,3.13933,0.51188,-0.00348,0.09884,0.03838
26.68,2,-0.00550,2.48376,3.13953,0.62772,0.18565,0.19241,0.03558
26.7,0,-2.30703,2.49860,3.14095,0.52054,-0.00004,0.00000,
26.7,1,-1.20699,2.49407,3.13925,0.42606,-0.00423,0.10005,0.04872
26.7,2,-0.01767,2.48394,3.14088,0.59022,-0.02600,0.18936,0.04471
26.72,0,-2.31731,2.49861,3.14095,0.50750,0.00001,0.00000,
26.72,1,-1.21579,2.49409,3.13916,0.45327,-0.00420,0.10153,0.05900
26.72,2,-0.02859,2.48391,3.13953,0.48767,-0.07338,0.18725,0.05351
26.74,0,-2.32734,2.49862,3.14095,0.49867,0.00001,0.00000,
26.74,1,-1.22483,2.49411,3.13911,0.38386,-0.00056,0.10252,0.02031
26.74,2,-0.03862,2.48387,3.13871,0.51212,-0.01300,0.18626,0.01352
26.76,0,-2.33732,2.49862,3.14095,0.50003,0.00000,0.00000,
26.76,1,-1.23168,2.49413,3.13857,0.28831,-0.04145,0.10565,0.03029
26.76,2,-0.04901,2.48386,3.13868,0.52212,-0.00028,0.18271,0.02036
26.78,0,-2.34736,2.49863,3.14095,0.50299,0.00000,0.00000,
26.78,1,-1.23771,2.49413,3.13836,0.33739,0.03449,0.10965,0.04033
26.78,2,-0.05912,2.48387,3.13853,0.50692,-0.01263,0.17863,0.02640
26.8,0,-2.35742,2.49864,3.14095,0.50341,0.00000,0.00000,
26.8,1,-1.24562,2.49415,3.13907,0.39802,0.02397,0.11181,0.05040
26.8,2,-0.06971,2.48391,3.13824,0.53853,-0.01470,0.17596,0.03431
26.82,0,-2.36680,2.49864,3.14095,0.47338,-0.00000,0.00000,
26.82,1,-1.25473,2.49418,3.13964,0.49324,0.06510,0.11207,0.05977
26.82,2,-0.08034,2.48394,3.13798,0.52165,-0.01123,0.17444,0.04342
26.84,0,-2.37636,2.49865,3.14095,0.48055,0.00006,0.00000,
26.84,1,-1.26454,2.49422,3.14026,0.48605,-0.00005,0.11183,0.06933
26.84,2,-0.09094,2.48398,3.13778,0.63909,-0.00853,0.17364,0.01469
26.86,0,-2.38597,2.49865,3.14095,0.47966,0.00001,0.00000,
26.86,1,-1.27547,2.49423,3.13995,0.65714,-0.01627,0.11050,0.02854
26.86,2,-0.10602,2.48402,3.13765,0.71243,-0.00398,0.16950,0.02562
26.88,0,-2.39542,2.49866,3.14095,0.47297,0.00003,0.00000,
26.88,1,-1.28792,2.49428,3.14131,0.60038,0.10589,0.10751,0.03799
26.88,2,-0.11936,2.48406,3.13760,0.66046,-0.00294,0.16860,0.03807
26.9,0,-2.40509,2.49867,3.14096,0.48563,0.00004,0.00000,
26.9,1,-1.29919,2.49431,-3.14045,0.53216,0.01858,0.10591,0.04767
26.9,2,-0.13040,2.48410,3.13743,0.44956,-0.01220,0.16883,0.04934
26.92,0,-2.41519,2.49867,3.14096,0.51440,-0.00003,0.00000,
26.92,1,-1.30798,2.49428,-3.14061,0.42337,0.02069,0.10722,0.01009
26.92,2,-0.13957,2.48414,3.13722,0.46735,-0.00918,0.16846,0.05813
26.94,0,-2.42546,2.49868,3.14095,0.51030,-0.00001,0.00000,
26.94,1,-1.31648,2.49428,-3.14033,0.43117,-0.00200,0.10899,0.02037
26.94,2,-0.14998,2.48418,3.13708,0.59025,-0.00367,0.16655,0.01238
26.96,0,-2.43555,2.49869,3.14095,0.50071,0.00001,0.00000,
26.96,1,-1.32496,2.49429,-3.14063,0.43174,-0.01853,0.11060,0.03046
26.96,2,-0.16141,2.48424,3.13704,0.56957,-0.00221,0.16360,0.02085
26.98,0,-2.44554,2.49869,3.14095,0.49923,0.00001,0.00000,
26.98,1,-1.33485,2.49427,-3.14090,0.52542,-0.00928,0.11070,0.04045
26.98,2,-0.17241,2.48429,3.13693,0.53019,-0.00772,0.16248,0.03074
27.0,0,-2.45555,2.49870,3.14095,0.50163,0.00000,0.00000,
27.0,1,-1.34521,2.49426,-3.14106,0.50109,-0.00869,0.11035,0.05046
27.0,2,-0.18263,2.48433,3.13675,0.50009,-0.00984,0.16262,0.04110
27.02,0,-2.46560,2.49871,3.14096,0.50272,0.00000,0.00000,
27.02,1,-1.35496,2.49425,-3.14126,0.48098,-0.01091,0.11065,0.01005
27.02,2,-0.19101,2.48438,3.13650,0.41499,-0.01042,0.16399,0.05085
27.04,0,-2.47565,2.49871,3.14096,0.50232,0.00000,0.00000,
27.04,1,-1.36197,2.49425,-3.14151,0.33853,-0.01257,0.11369,0.02010
27.04,2,-0.20024,2.48441,3.13639,0.46738,0.00244,0.16177,0.01189
27.06,0,-2.48554,2.49872,3.14095,0.46382,-0.00021,0.00000,
27.06,1,-1.36708,2.49424,3.14143,0.23068,-0.01247,0.11847,0.02999
27.06,2,-0.20929,2.48443,3.13642,0.48831,-0.01242,0.15783,0.01700
27.08,0,-2.49493,2.49872,3.14095,0.47493,0.00003,0.00000,
27.08,1,-1.37278,2.49423,3.14028,0.30889,0.00185,0.12216,0.03938
27.08,2,-0.22051,2.48451,3.13599,0.59466,-0.01950,0.15231,0.02270
27.1,0,-2.50451,2.49873,3.14095,0.48059,0.00006,0.00000,
27.1,1,-1.37856,2.49422,3.14072,0.27637,0.02470,0.12596,0.04896
27.1,2,-0.23216,2.48459,3.13581,0.56062,-0.00209,0.14644,0.02848
27.12,0,-2.51410,2.49874,3.14095,0.47869,0.00000,0.00000,
27.12,1,-1.38459,2.49425,3.14030,0.35634,-0.06501,0.12953,0.05856
27.12,2,-0.24245,2.48466,3.13580,0.48105,0.00015,0.14218,0.00324
27.14,0,-2.52344,2.49874,3.14096,0.47854,0.00003,0.00000,
27.14,1,-1.39452,2.49427,3.13929,0.65343,-0.02742,0.12892,0.01893
27.14,2,-0.25283,2.48473,3.13577,0.50947,-0.00361,0.14173,0.01318
27.16,0,-2.53352,2.49875,3.14096,0.51703,-0.00005,0.00000,
27.16,1,-1.40672,2.49428,3.13899,0.60412,-0.01309,0.12681,0.02901
27.16,2,-0.26072,2.48478,3.13562,0.37922,-0.00716,0.14604,0.02538
27.18,0,-2.54384,2.49876,3.14095,0.51130,-0.00000,0.00000,
27.18,1,-1.41877,2.49436,3.13895,0.59495,0.03165,0.12508,0.03933
27.18,2,-0.26804,2.48483,3.13551,0.35337,-0.00422,0.15077,0.03742
27.2,0,-2.55391,2.49876,3.14095,0.49842,0.00002,0.00000,
27.2,1,-1.42888,2.49444,3.13966,0.43510,0.02347,0.12504,0.04940
27.2,2,-0.27488,2.48487,3.13543,0.33623,-0.00406,0.15404,0.04753
27.22,0,-2.56384,2.49877,3.14096,0.49651,0.00001,0.00000,
27.22,1,-1.43767,2.49442,3.13966,0.44478,-0.01319,0.12618,0.05933
27.22,2,-0.28158,2.48492,3.13534,0.33481,-0.00472,0.15614,0.05633
27.24,0,-2.57381,2.49878,3.14096,0.49975,0.00000,0.00000,
27.24,1,-1.44652,2.49440,3.13935,0.41560,-0.01291,0.12730,0.06930
27.24,2,-0.28896,2.48496,3.13526,0.42480,0.00118,0.15760,0.01327
27.26,0,-2.58382,2.49878,3.14096,0.50120,0.00000,0.00000,
27.26,1,-1.45486,2.49440,3.13928,0.35310,0.00583,0.12897,0.02991
27.26,2,-0.29617,2.48500,3.13536,0.36047,0.00478,0.15873,0.02161
27.28,0,-2.59384,2.49879,3.14096,0.50066,0.00000,0.00000,
27.28,1,-1.46197,2.49440,3.13939,0.34585,0.00243,0.13188,0.03993
27.28,2,-0.30325,2.48504,3.13545,0.35226,0.00354,0.15876,0.02872
27.3,0,-2.60385,2.49879,3.14096,0.50008,0.00000,0.00000,
27.3,1,-1.46905,2.49442,3.13934,0.41527,-0.00414,0.13481,0.04994
27.3,2,-0.31258,2.48509,3.13539,0.53739,-0.00711,0.15651,0.03580
27.32,0,-2.61385,2.49880,3.14096,0.50008,0.00000,0.00000,
27.32,1,-1.47778,2.49444,3.13928,0.41980,-0.00158,0.13608,0.01000
27.32,2,-0.32357,2.48515,3.13523,0.53635,-0.00693,0.15424,0.04453
27.34,0,-2.62335,2.49881,3.14095,0.46768,-0.00007,0.00000,
27.34,1,-1.48618,2.49446,3.13925,0.42228,-0.00159,0.13718,0.01950
27.34,2,-0.33386,2.48521,3.13513,0.56604,-0.00160,0.15236,0.01273
27.36,0,-2.63283,2.49881,3.14095,0.47757,0.00007,0.00000,
27.36,1,-1.49545,2.49448,3.13921,0.50297,-0.00270,0.13739,0.02898
27.36,2,-0.34644,2.48528,3.13517,0.64208,0.00064,0.14905,0.02199
27.38,0,-2.64240,2.49882,3.14095,0.47850,0.00002,0.00000,
27.38,1,-1.50593,2.49450,3.13914,0.53034,-0.00315,0.13647,0.03855
27.38,2,-0.35869,2.48536,3.13475,0.56999,-0.03777,0.14728,0.03248
27.4,0,-2.65173,2.49883,3.14096,0.46434,0.00008,0.00000,
27.4,1,-1.51667,2.49453,3.13908,0.53335,-0.00324,0.13507,0.04788
27.4,2,-0.36907,2.48543,3.13430,0.48870,-0.00686,0.14764,0.04321
27.42,0,-2.66162,2.49883,3.14096,0.51243,-0.00006,0.00000,
27.42,1,-1.52721,2.49456,3.13902,0.55594,-0.00187,0.13442,0.00989
27.42,2,-0.37643,2.48550,3.13411,0.32998,-0.01068,0.15081,0.05375
27.44,0,-2.67193,2.49884,3.14095,0.51282,-0.00001,0.00000,
27.44,1,-1.53919,2.49459,3.13900,0.59575,-0.00102,0.13275,0.02021
27.44,2,-0.38326,2.48557,3.13394,0.36514,-0.00446,0.15596,0.01726
27.46,0,-2.68203,2.49884,3.14096,0.49883,0.00002,0.00000,
27.46,1,-1.55007,2.49462,3.13897,0.51818,-0.00253,0.13197,0.03030
27.46,2,-0.39273,2.48565,3.13389,0.46072,0.00065,0.15737,0.02814
27.48,0,-2.69194,2.49885,3.14096,0.49482,0.00001,0.00000,
27.48,1,-1.56010,2.49464,3.13891,0.49422,-0.00288,0.13185,0.04022
27.48,2,-0.40195,2.48573,3.13391,0.46072,0.00059,0.15819,0.03817
27.5,0,-2.70187,2.49886,3.14096,0.49780,0.00000,0.00000,
27.5,1,-1.56908,2.49467,3.13884,0.43351,-0.00325,0.13279,0.05014
27.5,2,-0.41178,2.48580,3.13391,0.52595,-0.00082,0.15733,0.04715
27.52,0,-2.71185,2.49886,3.14096,0.49980,0.00000,0.00000,
27.52,1,-1.57808,2.49469,3.13880,0.45914,-0.00165,0.13378,0.06012
27.52,2,-0.42284,2.48588,3.13388,0.56332,-0.00151,0.15527,0.05615
27.54,0,-2.72185,2.49887,3.14096,0.49948,0.00000,0.00000,
27.54,1,-1.58714,2.49472,3.13878,0.36706,0.00166,0.13471,0.01998
27.54,2,-0.43355,2.48596,3.13389,0.49703,0.00280,0.15362,0.01362
27.56,0,-2.73183,2.49888,3.14096,0.49881,0.00000,0.00000,
27.56,1,-1.59459,2.49475,3.13881,0.39236,0.00066,0.13725,0.02996
27.56,2,-0.44262,2.48603,3.13390,0.42291,-0.00176,0.15200,0.02107
27.58,0,-2.74180,2.49888,3.14096,0.49871,0.00000,0.00000,
27.58,1,-1.60364,2.49477,3.13879,0.49698,-0.00216,0.13817,0.03993
27.58,2,-0.45170,2.48611,3.13389,0.47604,0.00058,0.15197,0.03012
27.6,0,-2.75178,2.49889,3.14096,0.49888,0.00000,0.00000,
27.6,1,-1.61356,2.49480,3.13875,0.51189,-0.00217,0.13823,0.04991
27.6,2,-0.46117,2.48618,3.13392,0.43699,0.00372,0.15242,0.04004
27.62,0,-2.76176,2.49890,3.14096,0.49896,0.00000,0.00000,
27.62,1,-1.62432,2.49483,3.13870,0.54389,-0.00222,0.13744,0.05989
27.62,2,-0.47078,2.48626,3.13394,0.50752,-0.00089,0.15357,0.05080
27.64,0,-2.77173,2.49890,3.14096,0.49893,0.00000,0.00000,
27.64,1,-1.63485,2.49486,3.13867,0.50960,-0.00168,0.13689,0.01996
27.64,2,-0.48098,2.48633,3.13392,0.50258,-0.00073,0.15390,0.06134
27.66,0,-2.78135,2.49891,3.14095,0.46419,-0.00012,0.00000,
27.66,1,-1.64916,2.49489,3.13868,0.73546,0.00242,0.13219,0.02957
27.66,2,-0.49195,2.48641,3.13401,0.59201,0.01430,0.15724,0.03029
27.68,0,-2.79076,2.49891,3.14095,0.47503,0.00006,0.00000,
27.68,1,-1.66247,2.49492,3.13877,0.65421,0.00379,0.12830,0.03898
27.68,2,-0.50341,2.48650,3.13428,0.57641,0.00716,0.15909,0.04359
27.7,0,-2.80030,2.49892,3.14096,0.47764,0.00004,0.00000,
27.7,1,-1.67368,2.49496,3.13876,0.43841,-0.00413,0.12662,0.04852
27.7,2,-0.51520,2.48659,3.13427,0.59168,-0.00447,0.15852,0.05481
27.72,0,-2.80961,2.49893,3.14096,0.46357,0.00008,0.00000,
27.72,1,-1.68249,2.49501,3.13861,0.44544,-0.01333,0.12713,0.05784
27.72,2,-0.52681,2.48667,3.13420,0.56955,-0.00178,0.15571,0.06362
27.74,0,-2.81949,2.49893,3.14096,0.51156,-0.00006,0.00000,
27.74,1,-1.69163,2.49503,3.13839,0.46412,-0.00615,0.12787,0.06772
27.74,2,-0.53798,2.48675,3.13420,0.55123,0.00078,0.15369,0.07276
27.76,0,-2.82978,2.49894,3.14096,0.51177,-0.00001,0.00000,
27.76,1,-1.70233,2.49505,3.13841,0.56606,0.00592,0.12746,0.02948
27.76,2,-0.54694,2.48683,3.13418,0.35274,0.00310,0.15542,0.02425
27.78,0,-2.83986,2.49895,3.14096,0.49775,0.00002,0.00000,
27.78,1,-1.71383,2.49506,3.13850,0.57641,0.00482,0.12604,0.03956
27.78,2,-0.55299,2.48690,3.13420,0.26424,-0.00219,0.16086,0.03575
27.8,0,-2.84975,2.49895,3.14096,0.49379,0.00001,0.00000,
27.8,1,-1.72505,2.49510,3.13857,0.53974,0.00181,0.12471,0.04945
27.8,2,-0.55917,2.48696,3.13418,0.36961,0.00078,0.16592,0.04698
27.82,0,-2.85966,2.49896,3.14096,0.49679,0.00000,0.00000,
27.82,1,-1.73364,2.49514,3.13854,0.42558,-0.00074,0.12602,0.05936
27.82,2,-0.56741,2.48702,3.13423,0.39913,0.00551,0.16626,0.05557
27.84,0,-2.86962,2.49896,3.14096,0.49878,0.00000,0.00000,
27.84,1,-1.74239,2.49517,3.13854,0.44415,-0.00045,0.12723,0.06932
27.84,2,-0.57694,2.48709,3.13429,0.59175,0.00221,0.16548,0.01296
27.86,0,-2.87959,2.49897,3.14096,0.49846,0.00000,0.00000,
27.86,1,-1.75049,2.49520,3.13856,0.33632,0.00263,0.12911,0.02984
27.86,2,-0.58800,2.48716,3.13437,0.53907,0.00309,0.16251,0.02106
27.88,0,-2.88955,2.49898,3.14096,0.49778,0.00000,0.00000,
27.88,1,-1.75727,2.49523,3.13861,0.35344,0.00197,0.13229,0.03980
27.88,2,-0.59908,2.48724,3.13437,0.55419,-0.00160,0.15822,0.02784
27.9,0,-2.89951,2.49898,3.14096,0.49769,0.00000,0.00000,
27.9,1,-1.76537,2.49525,3.13862,0.46172,-0.00061,0.13415,0.04976
27.9,2,-0.60772,2.48731,3.13420,0.39765,-0.00901,0.15767,0.03594
27.92,0,-2.90946,2.49899,3.14096,0.49787,0.00000,0.00000,
27.92,1,-1.77557,2.49528,3.13859,0.53066,-0.00157,0.13390,0.05971
27.92,2,-0.61584,2.48741,3.13389,0.41751,-0.01363,0.15976,0.04614
27.94,0,-2.91942,2.49900,3.14096,0.49794,0.00000,0.00000,
27.94,1,-1.78618,2.49531,3.13857,0.58007,-0.00029,0.13324,0.01991
27.94,2,-0.62409,2.48746,3.13384,0.42235,0.00476,0.16212,0.05675
27.96,0,-2.92938,2.49900,3.14096,0.49791,0.00000,0.00000,
27.96,1,-1.80019,2.49534,3.13862,0.69311,0.00364,0.12920,0.02987
27.96,2,-0.63498,2.48751,3.13427,0.57271,0.03397,0.16523,0.02981
27.98,0,-2.93934,2.49901,3.14096,0.49788,0.00000,0.00000,
27.98,1,-1.81387,2.49537,3.13869,0.63967,0.00349,0.12547,0.03983
27.98,2,-0.64644,2.48759,3.13493,0.57306,0.02911,0.16746,0.04350
28.0,0,-2.94930,2.49902,3.14096,0.49788,0.00000,0.00000,
28.0,1,-1.82582,2.49540,3.13869,0.49024,-0.00378,0.12348,0.04979
28.0,2,-0.65791,2.48770,3.13514,0.57285,-0.00385,0.16793,0.05544
28.02,0,-2.95925,2.49902,3.14096,0.49789,0.00000,0.00000,
28.02,1,-1.83576,2.49544,3.13860,0.51974,-0.00453,0.12350,0.00996
28.02,2,-0.66943,2.48776,3.13495,0.69234,-0.00390,0.16636,0.00520
28.04,0,-2.96921,2.49903,3.14096,0.49789,0.00000,0.00000,
28.04,1,-1.84583,2.49547,3.13852,0.44366,-0.00210,0.12339,0.01992
28.04,2,-0.68375,2.48783,3.13494,0.64127,0.00482,0.16211,0.01527
28.06,0,-2.97874,2.49903,3.14095,0.46447,-0.00010,0.00000,
28.06,1,-1.85443,2.49553,3.13749,0.47833,-0.07612,0.12431,0.02944
28.06,2,-0.69584,2.48789,3.13508,0.60297,0.00746,0.15861,0.02387
28.08,0,-2.98815,2.49904,3.14095,0.47481,0.00007,0.00000,
28.08,1,-1.86411,2.49557,3.13660,0.46779,-0.01657,0.12404,0.03886
28.08,2,-0.70779,2.48797,3.13520,0.54858,0.00221,0.15634,0.03356
28.1,0,-2.99768,2.49905,3.14096,0.47653,0.00003,0.00000,
28.1,1,-1.87385,2.49561,3.13677,0.49039,0.01840,0.12384,0.04838
28.1,2,-0.71706,2.48806,3.13514,0.47950,-0.00076,0.15681,0.04329
28.12,0,-3.00696,2.49905,3.14096,0.47597,0.00003,0.00000,
28.12,1,-1.88297,2.49565,3.13707,0.45748,0.00869,0.12400,0.05767
28.12,2,-0.72654,2.48814,3.13519,0.51858,-0.00034,0.15645,0.05241
28.14,0,-3.01699,2.49906,3.14096,0.51417,-0.00006,0.00000,
28.14,1,-1.89298,2.49570,3.13710,0.52089,-0.00147,0.12402,0.06769
28.14,2,-0.73775,2.48822,3.13515,0.57364,-0.00164,0.15525,0.01440
28.16,0,-3.02725,2.49907,3.14096,0.50808,-0.00000,0.00000,
28.16,1,-1.90537,2.49576,3.13712,0.68429,0.00361,0.12189,0.02957
28.16,2,-0.74734,2.48829,3.13518,0.45344,0.00201,0.15805,0.02679
28.18,0,-3.03726,2.49907,3.14096,0.49518,0.00002,0.00000,
28.18,1,-1.91770,2.49581,3.13722,0.58311,0.00402,0.11956,0.03958
28.18,2,-0.75685,2.48836,3.13520,0.49990,-0.00016,0.16087,0.03912
28.2,0,-3.04712,2.49908,3.14096,0.49338,0.00001,0.00000,
28.2,1,-1.92831,2.49586,3.13728,0.46059,0.00080,0.11882,0.04944
28.2,2,-0.76593,2.48842,3.13514,0.46931,-0.00093,0.16240,0.04973
28.22,0,-3.05703,2.49908,3.14096,0.49665,0.00000,0.00000,
28.22,1,-1.93579,2.49590,3.13725,0.36902,-0.00100,0.12125,0.05935
28.22,2,-0.77543,2.48848,3.13515,0.47288,0.00112,0.16038,0.05721
28.24,0,-3.06698,2.49909,3.14096,0.49809,0.00000,0.00000,
28.24,1,-1.94281,2.49594,3.13732,0.31144,0.00625,0.12417,0.01986
28.24,2,-0.78450,2.48854,3.13517,0.41468,0.00217,0.15834,0.06424
28.26,0,-3.07694,2.49910,3.14096,0.49753,0.00000,0.00000,
28.26,1,-1.95012,2.49598,3.13741,0.42565,0.00311,0.12682,0.02981
28.26,2,-0.79358,2.48860,3.13518,0.48109,-0.00096,0.15656,0.01801
28.28,0,-3.08688,2.49910,3.14096,0.49695,0.00000,0.00000,
28.28,1,-1.95922,2.49601,3.13748,0.45519,0.00411,0.12767,0.03976
28.28,2,-0.80240,2.48866,3.13518,0.42371,0.00073,0.15684,0.02711
28.3,0,-3.09682,2.49911,3.14096,0.49696,0.00000,0.00000,
28.3,1,-1.96955,2.49606,3.13753,0.54491,0.00207,0.12727,0.04970
28.3,2,-0.81019,2.48871,3.13515,0.38390,-0.00138,0.15939,0.03744
28.32,0,-3.10676,2.49912,3.14096,0.49713,0.00000,0.00000,
28.32,1,-1.98024,2.49610,3.13758,0.51639,0.00228,0.12652,0.05964
28.32,2,-0.81832,2.48876,3.13516,0.41894,0.00098,0.16195,0.04814
28.34,0,-3.11670,2.49912,3.14096,0.49717,0.00000,0.00000,
28.34,1,-1.99348,2.49614,3.13768,0.68354,0.00740,0.12323,0.01988
28.34,2,-0.82666,2.48882,3.13517,0.41098,0.00044,0.16684,0.06137
28.36,0,-3.12665,2.49913,3.14096,0.49713,0.00000,0.00000,
28.36,1,-2.00670,2.49618,3.13784,0.63129,0.00812,0.11995,0.02983
28.36,2,-0.83618,2.48887,3.13523,0.53114,0.00604,0.17054,0.03171
28.38,0,-3.13659,2.49913,3.14096,0.49711,0.00000,0.00000,
28.38,1,-2.01847,2.49623,3.13792,0.48384,-0.00144,0.11812,0.03977
28.38,2,-0.84610,2.48891,3.13545,0.49292,0.02624,0.17240,0.04349
28.4,0,-3.14653,2.49914,3.14096,0.49712,0.00000,0.00000,
28.4,1,-2.02637,2.49627,3.13784,0.38711,-0.00420,0.12017,0.04971
28.4,2,-0.85657,2.48895,3.13604,0.56708,0.01915,0.16982,0.05139
28.42,0,-3.15647,2.49915,3.14096,0.49712,0.00000,0.00000,
28.42,1,-2.03435,2.49631,3.13779,0.41813,0.00055,0.12213,0.05965
28.42,2,-0.86840,2.48904,3.13612,0.59679,-0.00414,0.16597,0.05936
28.44,0,-3.16642,2.49915,3.14096,0.49712,0.00000,0.00000,
28.44,1,-2.04584,2.49635,3.13788,0.62317,0.00591,0.12058,0.01988
28.44,2,-0.88001,2.48912,3.13602,0.56379,-0.00405,0.16586,0.07086
28.46,0,-3.17636,2.49916,3.14096,0.49712,0.00000,0.00000,
28.46,1,-2.05766,2.49639,3.13803,0.57455,0.00755,0.11870,0.02983
28.46,2,-0.88990,2.48919,3.13604,0.44280,0.00571,0.16778,0.02740
28.48,0,-3.18630,2.49917,3.14096,0.49712,0.00000,0.00000,
28.48,1,-2.06847,2.49643,3.13818,0.53703,0.00523,0.11783,0.03977
28.48,2,-0.89794,2.48926,3.13612,0.28936,-0.00223,0.17056,0.03821
28.5,0,-3.19624,2.49917,3.14096,0.49712,0.00000,0.00000,
28.5,1,-2.07791,2.49646,3.13818,0.40248,-0.00331,0.11834,0.04971
28.5,2,-0.90265,2.48931,3.13630,0.24882,0.04477,0.17528,0.04764
28.52,0,-3.20619,2.49918,3.14096,0.49712,0.00000,0.00000,
28.52,1,-2.08724,2.49648,3.13818,0.62010,0.00331,0.11894,0.00994
28.52,2,-0.90849,2.48934,3.13717,0.30390,0.02630,0.17878,0.05698
28.54,0,-3.21613,2.49919,3.14096,0.49712,0.00000,0.00000,
28.54,1,-2.09828,2.49651,3.13829,0.48475,0.00773,0.11785,0.01988
28.54,2,-0.91534,2.48938,3.13747,0.34882,0.01407,0.18296,0.01619
28.56,0,-3.22552,2.49919,3.14096,0.46624,-0.00005,0.00000,
28.56,1,-2.10802,2.49654,3.13843,0.49561,0.00568,0.11750,0.02927
28.56,2,-0.92067,2.48932,3.13985,0.30274,-0.25048,0.18738,0.02593
28.58,0,-3.23495,2.49920,3.14096,0.47520,0.00007,0.00000,
28.58,1,-2.11660,2.49658,3.13845,0.41408,-0.00074,0.11836,0.03871
28.58,2,-0.92871,2.48920,3.13488,0.43785,-0.15944,0.18791,0.03450
28.6,0,-3.24447,2.49920,3.14096,0.47538,0.00002,0.00000,
28.6,1,-2.12552,2.49661,3.13846,0.44225,0.00245,0.11895,0.04823
28.6,2,-0.93823,2.48920,3.13544,0.49916,0.10763,0.18731,0.04343
28.62,0,-3.25381,2.49921,3.14096,0.49263,-0.00003,0.00000,
28.62,1,-2.13435,2.49664,3.13853,0.48909,0.00221,0.11947,0.05757
28.62,2,-0.94798,2.48923,3.13696,0.46034,0.03254,0.18639,0.05226
28.64,0,-3.26400,2.49922,3.14096,0.51492,-0.00005,0.00000,
28.64,1,-2.14481,2.49668,3.13855,0.56603,0.00123,0.11919,0.01953
28.64,2,-0.95793,2.48928,3.13678,0.51831,-0.02707,0.18691,0.06272
28.66,0,-3.27418,2.49922,3.14096,0.50281,0.00001,0.00000,
28.66,1,-2.15745,2.49671,3.13861,0.61864,0.00337,0.11674,0.02971
28.66,2,-0.96892,2.48932,3.13637,0.66210,-0.01075,0.18856,0.02775
28.68,0,-3.28411,2.49923,3.14096,0.49291,0.00001,0.00000,
28.68,1,-2.16946,2.49675,3.13864,0.56998,0.00084,0.11465,0.03964
28.68,2,-0.98304,2.48939,3.13631,0.68112,0.00003,0.18644,0.03976
28.7,0,-3.29397,2.49924,3.14096,0.49370,0.00000,0.00000,
28.7,1,-2.17859,2.49678,3.13861,0.38550,-0.00314,0.11538,0.04950
28.7,2,-0.99582,2.48948,3.13712,0.58544,0.03959,0.18279,0.04889
28.72,0,-3.30388,2.49924,3.14096,0.49682,0.00000,0.00000,
28.72,1,-2.18593,2.49682,3.13861,0.27038,0.00538,0.11795,0.00991
28.72,2,-1.00632,2.48951,3.13731,0.45544,-0.01083,0.17963,0.05624
28.74,0,-3.31382,2.49925,3.14096,0.49745,0.00000,0.00000,
28.74,1,-2.19104,2.49684,3.13873,0.27250,0.00403,0.12279,0.01986
28.74,2,-1.01380,2.48954,3.13728,0.37194,-0.00715,0.17726,0.06134
28.76,0,-3.32377,2.49925,3.14096,0.49671,0.00000,0.00000,
28.76,1,-2.19697,2.49686,3.13879,0.34584,0.00228,0.12679,0.02980
28.76,2,-1.02202,2.48960,3.13655,0.47362,-0.00127,0.17498,0.01436
28.78,0,-3.33369,2.49926,3.14096,0.49632,0.00000,0.00000,
28.78,1,-2.20446,2.49688,3.13884,0.38185,0.00324,0.12923,0.03973
28.78,2,-1.03035,2.48963,3.13825,0.41067,0.08928,0.17414,0.02185
28.8,0,-3.34362,2.49927,3.14096,0.49643,0.00000,0.00000,
28.8,1,-2.21219,2.49690,3.13891,0.40324,0.00249,0.13143,0.04966
28.8,2,-1.03903,2.48964,3.13908,0.49604,0.00453,0.17318,0.02958
28.82,0,-3.35355,2.49927,3.14096,0.49657,0.00000,0.00000,
28.82,1,-2.22402,2.49692,3.13897,0.75162,0.00456,0.12953,0.00993
28.82,2,-1.04965,2.48966,3.13878,0.56182,-0.02049,0.17440,0.04141
28.84,0,-3.36348,2.49928,3.14096,0.49658,0.00000,0.00000,
28.84,1,-2.23729,2.49695,3.13910,0.63766,0.00733,0.12619,0.01986
28.84,2,-1.06114,2.48968,3.13848,0.56852,-0.00955,0.17617,0.05468
28.86,0,-3.37342,2.49929,3.14096,0.49654,0.00000,0.00000,
28.86,1,-2.24995,2.49697,3.13923,0.61733,0.00418,0.12347,0.02979
28.86,2,-1.07201,2.48971,3.13836,0.52314,-0.00473,0.17796,0.03304
28.88,0,-3.38335,2.49929,3.14096,0.49653,0.00000,0.00000,
28.88,1,-2.26022,2.49699,3.13924,0.45850,-0.00069,0.12313,0.03972
28.88,2,-1.08511,2.48975,3.13828,0.64036,-0.00338,0.17513,0.04331
28.9,0,-3.39328,2.49930,3.14096,0.49654,0.00000,0.00000,
28.9,1,-2.26957,2.49702,3.13925,0.47510,0.00084,0.12371,0.04965
28.9,2,-1.09832,2.48979,3.13817,0.66286,-0.00715,0.17127,0.05266
28.92,0,-3.40321,2.49930,3.14096,0.49654,0.00000,0.00000,
28.92,1,-2.28227,2.49704,3.13930,0.62429,0.00454,0.12094,0.00993
28.92,2,-1.11122,2.48984,3.13802,0.62754,-0.00674,0.17107,0.06536
28.94,0,-3.41314,2.49931,3.14096,0.49654,0.00000,0.00000,
28.94,1,-2.29435,2.49706,3.13940,0.60386,0.00498,0.11879,0.01986
28.94,2,-1.12380,2.48988,3.13791,0.63351,-0.00290,0.17057,0.01885
28.96,0,-3.42307,2.49932,3.14096,0.49654,0.00000,0.00000,
28.96,1,-2.30612,2.49709,3.13946,0.56732,0.00079,0.11695,0.02979
28.96,2,-1.13527,2.48992,3.13786,0.59542,-0.00373,0.17088,0.03063
28.98,0,-3.43300,2.49932,3.14096,0.49654,0.00000,0.00000,
28.98,1,-2.31568,2.49711,3.13943,0.43338,-0.00174,0.11732,0.03972
28.98,2,-1.14885,2.48997,3.13794,0.73940,-0.00184,0.16686,0.04018
29.0,0,-3.44293,2.49933,3.14096,0.49654,0.00000,0.00000,
29.0,1,-2.32473,2.49713,3.13942,0.46632,0.00080,0.11821,0.04965
29.0,2,-1.16392,2.49003,3.13782,0.70374,-0.00617,0.16083,0.04923
29.02,0,-3.45286,2.49934,3.14096,0.49654,0.00000,0.00000,
29.02,1,-2.33414,2.49715,3.13944,0.46913,0.00073,0.11872,0.05958
29.02,2,-1.17864,2.49009,3.13769,0.75527,-0.00582,0.15552,0.05864
29.04,0,-3.46279,2.49934,3.14096,0.49654,0.00000,0.00000,
29.04,1,-2.34361,2.49717,3.13946,0.59827,0.00087,0.11918,0.01986
29.04,2,-1.19366,2.49015,3.13759,0.66654,-0.00412,0.14998,0.01418
29.06,0,-3.47272,2.49935,3.14096,0.49654,0.00000,0.00000,
29.06,1,-2.35671,2.49719,3.13951,0.64808,0.00296,0.11601,0.02979
29.06,2,-1.20787,2.49021,3.13756,0.71056,-0.00152,0.14887,0.02728
29.08,0,-3.48265,2.49936,3.14096,0.49654,0.00000,0.00000,
29.08,1,-2.36930,2.49721,3.13957,0.59201,0.00312,0.11336,0.03972
29.08,2,-1.22152,2.49030,3.13805,0.56865,0.04804,0.14780,0.03987
29.1,0,-3.49258,2.49936,3.14096,0.49654,0.00000,0.00000,
29.1,1,-2.38022,2.49723,3.13958,0.41825,-0.00273,0.11236,0.04965
29.1,2,-1.23180,2.49034,3.13849,0.47400,-0.00156,0.14845,0.05079
29.12,0,-3.50252,2.49937,3.14096,0.49654,0.00000,0.00000,
29.12,1,-2.38939,2.49725,3.13955,0.49542,-0.00073,0.11312,0.00993
29.12,2,-1.24089,2.49034,3.13815,0.45034,-0.02144,0.14853,0.05996
29.14,0,-3.51245,2.49937,3.14096,0.49654,0.00000,0.00000,
29.14,1,-2.39925,2.49727,3.13954,0.48823,0.00016,0.11320,0.01986
29.14,2,-1.25007,2.49036,3.13785,0.46715,-0.00852,0.14919,0.06981
29.16,0,-3.52238,2.49938,3.14096,0.49654,0.00000,0.00000,
29.16,1,-2.40865,2.49729,3.13956,0.50331,0.00045,0.11373,0.02979
29.16,2,-1.25999,2.49039,3.13779,0.52746,0.00154,0.14868,0.02421
29.18,0,-3.53164,2.49939,3.14096,0.46811,-0.00000,0.00000,
29.18,1,-2.41914,2.49731,3.13956,0.52800,0.00004,0.11250,0.03905
29.18,2,-1.27091,2.49043,3.13779,0.55366,-0.00349,0.14824,0.03470
29.2,0,-3.54110,2.49939,3.14096,0.47532,0.00006,0.00000,
29.2,1,-2.42939,2.49733,3.13957,0.49770,0.00021,0.11171,0.04851
29.2,2,-1.28139,2.49047,3.13767,0.49537,-0.00614,0.14802,0.04495
29.22,0,-3.55044,2.49940,3.14096,0.44849,0.00015,0.00000,
29.22,1,-2.43907,2.49735,3.13957,0.47696,0.00029,0.11137,0.05786
29.22,2,-1.29084,2.49051,3.13757,0.46157,-0.00468,0.14826,0.05463
29.24,0,-3.56009,2.49940,3.14096,0.50474,-0.00006,0.00000,
29.24,1,-2.44962,2.49737,3.13958,0.62968,0.00136,0.11048,0.01900
29.24,2,-1.29892,2.49054,3.13744,0.37788,-0.00617,0.15072,0.06518
29.26,0,-3.57035,2.49941,3.14096,0.51243,-0.00003,0.00000,
29.26,1,-2.46240,2.49740,3.13961,0.59896,0.00068,0.10794,0.02925
29.26,2,-1.30730,2.49058,3.13738,0.43111,-0.00070,0.15512,0.02813
29.28,0,-3.58044,2.49942,3.14096,0.49808,0.00002,0.00000,
29.28,1,-2.47270,2.49742,3.13961,0.46697,0.00021,0.10774,0.03934
29.28,2,-1.31573,2.49061,3.13737,0.40438,0.00025,0.15699,0.03842
29.3,0,-3.59031,2.49942,3.14096,0.49183,0.00001,0.00000,
29.3,1,-2.48180,2.49743,3.13962,0.45694,0.00015,0.10852,0.04922
29.3,2,-1.32571,2.49066,3.13733,0.55595,-0.00362,0.15610,0.04752
29.32,0,-3.60017,2.49943,3.14096,0.49430,0.00000,0.00000,
29.32,1,-2.48982,2.49745,3.13962,0.36109,0.00138,0.11035,0.00986
29.32,2,-1.33702,2.49070,3.13724,0.55442,-0.00455,0.15281,0.05554
29.34,0,-3.61009,2.49944,3.14096,0.49681,0.00000,0.00000,
29.34,1,-2.49706,2.49747,3.13965,0.36878,0.00122,0.11303,0.01978
29.34,2,-1.34764,2.49075,3.13716,0.56860,-0.00271,0.14944,0.01096
29.36,0,-3.62003,2.49944,3.14096,0.49678,0.00000,0.00000,
29.36,1,-2.50406,2.49749,3.13965,0.40194,0.00037,0.11597,0.02971
29.36,2,-1.36120,2.49079,3.13719,0.68331,0.00262,0.14288,0.01796
29.38,0,-3.62995,2.49945,3.14096,0.49604,0.00000,0.00000,
29.38,1,-2.51207,2.49750,3.13968,0.43599,0.00142,0.11788,0.03964
29.38,2,-1.37476,2.49083,3.13723,0.65874,0.00081,0.13733,0.02598
29.4,0,-3.63987,2.49946,3.14096,0.49585,0.00000,0.00000,
29.4,1,-2.52073,2.49752,3.13971,0.43509,0.00099,0.11914,0.04956
29.4,2,-1.38667,2.49088,3.13718,0.54557,-0.00421,0.13408,0.03463
29.42,0,-3.64979,2.49946,3.14096,0.49601,0.00000,0.00000,
29.42,1,-2.53315,2.49754,3.13974,0.70158,0.00267,0.11664,0.00992
29.42,2,-1.39562,2.49093,3.13705,0.42467,-0.00583,0.13755,0.04705
29.44,0,-3.65971,2.49947,3.14096,0.49611,0.00000,0.00000,
29.44,1,-2.54644,2.49755,3.13981,0.62614,0.00395,0.11327,0.01984
29.44,2,-1.40472,2.49097,3.13699,0.47575,-0.00153,0.14174,0.06035
29.46,0,-3.66963,2.49947,3.14096,0.49609,0.00000,0.00000,
29.46,1,-2.55878,2.49757,3.13987,0.59709,0.00116,0.11086,0.02976
29.46,2,-1.41521,2.49102,3.13699,0.52244,0.00336,0.14359,0.03265
29.48,0,-3.67955,2.49948,3.14096,0.49606,0.00000,0.00000,
29.48,1,-2.56798,2.49759,3.13984,0.42862,-0.00107,0.11157,0.03968
29.48,2,-1.42514,2.49106,3.13707,0.45887,0.00602,0.14286,0.04186
29.5,0,-3.68947,2.49949,3.14096,0.49605,0.00000,0.00000,
29.5,1,-2.57693,2.49760,3.13984,0.46045,0.00048,0.11254,0.04960
29.5,2,-1.43480,2.49106,3.13795,0.53496,0.05913,0.14215,0.05081
29.52,0,-3.69940,2.49949,3.14096,0.49606,0.00000,0.00000,
29.52,1,-2.58609,2.49762,3.13985,0.42711,0.00076,0.11331,0.05953
29.52,2,-1.44724,2.49112,3.13852,0.67034,0.00186,0.13887,0.05996
29.54,0,-3.70932,2.49950,3.14096,0.49606,0.00000,0.00000,
29.54,1,-2.59777,2.49763,3.13988,0.63872,0.00252,0.11155,0.01984
29.54,2,-1.46085,2.49119,3.13704,0.74152,-0.18241,0.13694,0.01620
29.56,0,-3.71924,2.49951,3.14096,0.49606,0.00000,0.00000,
29.56,1,-2.61054,2.49765,3.13993,0.63872,0.00251,0.10870,0.02976
29.56,2,-1.47562,2.49118,3.13271,0.72597,-0.33842,0.13494,0.02897
29.58,0,-3.72916,2.49951,3.14096,0.49606,0.00000,0.00000,
29.58,1,-2.62242,2.49767,3.13997,0.58449,0.00008,0.10674,0.03968
29.58,2,-1.48887,2.49100,3.12392,0.59061,-0.30538,0.13358,0.04085
29.6,0,-3.73908,2.49952,3.14096,0.49606,0.00000,0.00000,
29.6,1,-2.63148,2.49768,3.13993,0.42100,-0.00152,0.10760,0.04961
29.6,2,-1.49780,2.49113,3.12241,0.42905,0.08487,0.13370,0.04991
29.62,0,-3.74900,2.49952,3.14096,0.49606,0.00000,0.00000,
29.62,1,-2.64027,2.49770,3.13993,0.45234,0.00053,0.10873,0.05953
29.62,2,-1.50665,2.49133,3.12490,0.45501,0.10641,0.13364,0.05870
29.64,0,-3.75892,2.49953,3.14096,0.49606,0.00000,0.00000,
29.64,1,-2.64951,2.49771,3.13994,0.52025,0.00050,0.10941,0.01984
29.64,2,-1.51597,2.49150,3.12585,0.50776,0.01139,0.13355,0.01371
29.66,0,-3.76884,2.49954,3.14096,0.49606,0.00000,0.00000,
29.66,1,-2.66179,2.49773,3.13997,0.61711,0.00206,0.10706,0.02976
29.66,2,-1.52808,2.49169,3.12608,0.57101,0.02131,0.13372,0.02599
29.68,0,-3.77877,2.49954,3.14096,0.49606,0.00000,0.00000,
29.68,1,-2.67319,2.49774,3.14003,0.55108,0.00287,0.10557,0.03968
29.68,2,-1.53933,2.49187,3.12648,0.54043,0.01968,0.13387,0.03739
29.7,0,-3.78869,2.49955,3.14096,0.49606,0.00000,0.00000,
29.7,1,-2.68354,2.49776,3.14004,0.41339,-0.00192,0.10515,0.04961
29.7,2,-1.54948,2.49202,3.12688,0.48603,0.01956,0.13407,0.04774
29.72,0,-3.79861,2.49956,3.14096,0.49606,0.00000,0.00000,
29.72,1,-2.69156,2.49777,3.14001,0.42071,-0.00080,0.10705,0.05953
29.72,2,-1.55705,2.49216,3.12686,0.35255,-0.01949,0.13452,0.05576
29.74,0,-3.80853,2.49956,3.14096,0.49606,0.00000,0.00000,
29.74,1,-2.70030,2.49779,3.14001,0.44351,0.00032,0.10823,0.06945
29.74,2,-1.56444,2.49227,3.12714,0.38944,0.03170,0.13588,0.06450
29.76,0,-3.81845,2.49957,3.14096,0.49606,0.00000,0.00000,
29.76,1,-2.71049,2.49780,3.14003,0.57116,0.00152,0.10796,0.02976
29.76,2,-1.57294,2.49240,3.12785,0.44086,0.03867,0.13756,0.02305
29.78,0,-3.82837,2.49957,3.14096,0.49606,0.00000,0.00000,
29.78,1,-2.72128,2.49781,3.14007,0.51278,0.00186,0.10710,0.03968
29.78,2,-1.58265,2.49253,3.12848,0.48681,0.02132,0.13864,0.03383
29.8,0,-3.83829,2.49958,3.14096,0.49606,0.00000,0.00000,
29.8,1,-2.73170,2.49783,3.14008,0.52468,-0.00065,0.10659,0.04961
29.8,2,-1.59204,2.49264,3.12870,0.45408,0.00897,0.13967,0.04426
29.82,0,-3.84821,2.49959,3.14096,0.49606,0.00000,0.00000,
29.82,1,-2.74042,2.49784,3.14004,0.42471,-0.00126,0.10780,0.05953
29.82,2,-1.60085,2.49277,3.12897,0.43381,0.01776,0.13957,0.05297
29.84,0,-3.85814,2.49959,3.14096,0.49606,0.00000,0.00000,
29.84,1,-2.74934,2.49785,3.14004,0.51484,0.00062,0.10880,0.01984
29.84,2,-1.60869,2.49289,3.12929,0.37733,0.01630,0.14066,0.06190
29.86,0,-3.86806,2.49960,3.14096,0.49606,0.00000,0.00000,
29.86,1,-2.76138,2.49787,3.14007,0.53203,0.00310,0.10667,0.02976
29.86,2,-1.61565,2.49299,3.12983,0.32120,0.03013,0.14575,0.02515
29.88,0,-3.87798,2.49961,3.14096,0.49606,0.00000,0.00000,
29.88,1,-2.77202,2.49788,3.14013,0.53076,0.00203,0.10596,0.03968
29.88,2,-1.62231,2.49309,3.13037,0.36195,0.02030,0.14972,0.03579
29.9,0,-3.88790,2.49961,3.14096,0.49606,0.00000,0.00000,
29.9,1,-2.78149,2.49790,3.14013,0.38351,-0.00222,0.10642,0.04961
29.9,2,-1.63056,2.49317,3.13062,0.44463,0.00957,0.15093,0.04525
29.92,0,-3.89782,2.49962,3.14096,0.49606,0.00000,0.00000,
29.92,1,-2.78963,2.49791,3.14010,0.42657,-0.00036,0.10820,0.05953
29.92,2,-1.63938,2.49327,3.13085,0.40367,0.01630,0.15026,0.05339
29.94,0,-3.90745,2.49963,3.14096,0.46075,-0.00015,0.00000,
29.94,1,-2.80028,2.49792,3.14012,0.48545,0.00249,0.10717,0.01955
29.94,2,-1.64823,2.49336,3.13114,0.51734,0.01475,0.15205,0.01484
29.96,0,-3.91679,2.49963,3.14096,0.47172,0.00006,0.00000,
29.96,1,-2.80973,2.49794,3.14018,0.47257,0.00267,0.10706,0.02889
29.96,2,-1.66096,2.49345,3.13160,0.61785,0.02851,0.14878,0.02429
29.98,0,-3.92628,2.49964,3.14096,0.47514,0.00004,0.00000,
29.98,1,-2.81850,2.49795,3.14019,0.37522,-0.00113,0.10778,0.03838
29.98,2,-1.67330,2.49355,3.13216,0.61024,0.02560,0.14521,0.03306
30.0,0,-3.93553,2.49964,3.14096,0.47487,0.00004,0.00000,
30.0,1,-2.82680,2.49796,3.14018,0.42134,-0.00028,0.10873,0.04763
30.0,2,-1.68444,2.49364,3.13246,0.50827,0.00781,0.14237,0.04136
30.02,0,-3.94554,2.49965,3.14096,0.51306,-0.00006,0.00000,
30.02,1,-2.83555,2.49798,3.14018,0.51944,-0.00000,0.10999,0.01001
30.02,2,-1.69174,2.49373,3.13245,0.35138,0.00311,0.14382,0.05011
30.04,0,-3.95578,2.49966,3.14096,0.50670,-0.00000,0.00000,
30.04,1,-2.84731,2.49799,3.14020,0.58181,0.00126,0.10847,0.02024
30.04,2,-1.69937,2.49382,3.13151,0.38637,-0.04658,0.14795,0.01643
30.06,0,-3.96575,2.49966,3.14096,0.49373,0.00002,0.00000,
30.06,1,-2.85853,2.49801,3.14021,0.54090,0.00013,0.10722,0.03022
30.06,2,-1.70615,2.49397,3.12340,0.31628,-0.55483,0.15239,0.02766
30.08,0,-3.97559,2.49967,3.14096,0.49199,0.00001,0.00000,
30.08,1,-2.86884,2.49802,3.14020,0.46142,-0.00137,0.10675,0.04006
30.08,2,-1.71349,2.49428,3.11217,0.42178,-0.31732,0.15535,0.03797
30.1,0,-3.98547,2.49967,3.14096,0.49530,0.00000,0.00000,
30.1,1,-2.87649,2.49804,3.14015,0.38490,-0.00680,0.10898,0.04993
30.1,2,-1.72262,2.49449,3.11253,0.48948,0.18446,0.15388,0.04561
30.12,0,-3.99539,2.49968,3.14096,0.49673,0.00000,0.00000,
30.12,1,-2.88438,2.49809,3.13669,0.36996,-0.46531,0.11102,0.00993
30.12,2,-1.73274,2.49474,3.11596,0.50283,0.11962,0.15165,0.05350
30.14,0,-4.00532,2.49969,3.14096,0.49615,0.00000,0.00000,
30.14,1,-2.89177,2.49835,3.12742,0.35965,-0.34603,0.11355,0.01986
30.14,2,-1.74265,2.49499,3.11737,0.44636,0.07082,0.14913,0.01121
30.16,0,-4.01524,2.49969,3.14096,0.49558,0.00000,0.00000,
30.16,1,-2.90101,2.49851,3.12607,0.52706,0.10403,0.11423,0.02977
30.16,2,-1.75088,2.49520,3.11865,0.42744,0.05137,0.15013,0.02045
30.18,0,-4.02515,2.49970,3.14096,0.49559,0.00000,0.00000,
30.18,1,-2.91160,2.49865,3.12870,0.54236,0.10112,0.11355,0.03968
30.18,2,-1.76056,2.49542,3.11946,0.52486,0.03526,0.15105,0.03105
30.2,0,-4.03506,2.49971,3.14096,0.49576,0.00000,0.00000,
30.2,1,-2.92234,2.49879,3.12952,0.52355,0.00555,0.11272,0.04960
30.2,2,-1.77135,2.49565,3.12018,0.53820,0.03828,0.15100,0.04179
30.22,0,-4.04498,2.49971,3.14096,0.49580,0.00000,0.00000,
30.22,1,-2.93240,2.49891,3.12954,0.48934,0.00763,0.11258,0.00992
30.22,2,-1.78173,2.49588,3.12098,0.50282,0.04070,0.15068,0.05185
30.24,0,-4.05490,2.49972,3.14096,0.49576,0.00000,0.00000,
30.24,1,-2.94645,2.49904,3.12997,0.75686,0.02668,0.10845,0.01983
30.24,2,-1.79161,2.49608,3.12191,0.42503,0.06693,0.15485,0.01899
30.26,0,-4.06481,2.49973,3.14096,0.49574,0.00000,0.00000,
30.26,1,-2.95997,2.49918,3.13052,0.59620,0.02747,0.10484,0.02975
30.26,2,-1.79931,2.49632,3.12093,0.39142,-0.13266,0.16066,0.03251
30.28,0,-4.07472,2.49973,3.14096,0.49575,0.00000,0.00000,
30.28,1,-2.97087,2.49930,3.13097,0.47475,0.01552,0.10385,0.03966
30.28,2,-1.80618,2.49662,3.12058,0.38051,0.26333,0.16469,0.04341
30.3,0,-4.08464,2.49974,3.14096,0.49575,0.00000,0.00000,
30.3,1,-2.97808,2.49942,3.13107,0.34432,0.00386,0.10656,0.04958
30.3,2,-1.81433,2.49679,3.12695,0.41107,0.36658,0.16375,0.05062
30.32,0,-4.09456,2.49974,3.14096,0.49575,0.00000,0.00000,
30.32,1,-2.98517,2.49957,3.13088,0.37749,-0.01747,0.10939,0.05949
30.32,2,-1.82267,2.49697,3.13335,0.43690,0.19783,0.16250,0.05771
30.34,0,-4.10447,2.49975,3.14096,0.49575,0.00000,0.00000,
30.34,1,-2.99322,2.49966,3.13090,0.38849,0.02002,0.11125,0.01983
30.34,2,-1.83231,2.49708,3.13389,0.49551,-0.05962,0.16091,0.06577
30.36,0,-4.11439,2.49976,3.14096,0.49575,0.00000,0.00000,
30.36,1,-3.00541,2.49974,3.13161,0.64684,0.03937,0.10898,0.02975
30.36,2,-1.84257,2.49716,3.13284,0.53750,-0.03446,0.16284,0.02388
30.38,0,-4.12430,2.49976,3.14096,0.49575,0.00000,0.00000,
30.38,1,-3.01758,2.49983,3.13247,0.59633,0.04420,0.10672,0.03966
30.38,2,-1.85050,2.49725,3.13327,0.38977,0.02345,0.16708,0.03606
30.4,0,-4.13422,2.49977,3.14096,0.49575,0.00000,0.00000,
30.4,1,-3.02875,2.49993,3.13334,0.54796,0.03454,0.10547,0.04958
30.4,2,-1.85570,2.49733,3.13356,0.19220,0.00947,0.17305,0.04722
30.42,0,-4.14413,2.49978,3.14096,0.49575,0.00000,0.00000,
30.42,1,-3.03764,2.50003,3.13366,0.36584,0.00831,0.10649,0.05949
30.42,2,-1.85961,2.49731,3.13437,0.20536,0.10934,0.17804,0.05612
30.44,0,-4.15405,2.49978,3.14096,0.49575,0.00000,0.00000,
30.44,1,-3.04556,2.50011,3.13393,0.41875,0.01800,0.10849,0.06941
30.44,2,-1.86518,2.49728,3.13638,0.37641,0.07691,0.18038,0.01168
30.46,0,-4.16396,2.49979,3.14096,0.49575,0.00000,0.00000,
30.46,1,-3.05475,2.50018,3.13437,0.48611,0.02424,0.10922,0.02975
30.46,2,-1.87370,2.49728,3.13649,0.42929,0.00206,0.18105,0.02086
30.48,0,-4.17388,2.49979,3.14096,0.49575,0.00000,0.00000,
30.48,1,-3.06404,2.50025,3.13488,0.43911,0.02553,0.10984,0.03966
30.48,2,-1.88228,2.49728,3.13652,0.42929,0.00172,0.18176,0.03016
30.5,0,-4.18379,2.49980,3.14096,0.49575,0.00000,0.00000,
30.5,1,-3.07354,2.50031,3.13524,0.50329,0.01244,0.11026,0.04958
30.5,2,-1.89021,2.49716,3.14031,0.45193,0.27983,0.18333,0.03965
30.52,0,-4.19371,2.49981,3.14096,0.49575,0.00000,0.00000,
30.52,1,-3.08306,2.50038,3.13542,0.45013,0.00942,0.11064,0.05949
30.52,2,-1.90003,2.49713,-3.13971,0.52913,0.03912,0.18304,0.04918
30.54,0,-4.20273,2.49985,-3.14068,0.28943,0.51740,0.00000,
30.54,1,-3.09370,2.50043,3.13570,0.66190,0.01635,0.10904,0.01894
30.54,2,-1.91082,2.49713,-3.14053,0.52990,-0.06792,0.18288,0.05981
30.56,0,-4.20606,2.50035,-3.12918,0.10688,0.45223,0.00000,
30.56,1,-3.10552,2.50049,3.13610,0.52203,0.02394,0.10053,0.02227
30.56,2,-1.92155,2.49713,-3.14130,0.53784,-0.00958,0.18397,0.02693
30.58,0,-4.20777,2.50111,-3.12075,0.08051,0.41444,0.00000,
30.58,1,-3.11596,2.50055,3.13650,0.48493,0.01221,0.09182,0.02402
30.58,2,-1.93238,2.49713,-3.14146,0.54586,-0.00637,0.18358,0.03736
30.6,0,-4.20899,2.50154,-3.11129,0.07210,0.65569,0.00000,
30.6,1,-3.12361,2.50060,3.13661,0.36988,0.00506,0.08538,0.02526
30.6,2,-1.94333,2.49713,-3.14157,0.54589,-0.00535,0.18029,0.04502
30.62,0,-4.20915,2.50122,-3.07506,-0.04995,2.89893,0.00000,
30.62,1,-3.13125,2.50065,3.13675,0.40165,0.00893,0.07790,0.02540
30.62,2,-1.95412,2.49713,3.14150,0.53351,-0.00587,0.17713,0.05266
30.64,0,-4.20974,2.50099,-3.01948,0.10033,2.32371,0.00000,
30.64,1,-3.13928,2.50070,3.13700,0.42582,0.01410,0.07046,0.02598
30.64,2,-1.96466,2.49713,3.14138,0.52215,-0.00589,0.17463,0.06069
30.66,0,-4.21193,2.50020,-2.97837,0.12668,1.93329,0.00000,
30.66,1,-3.14605,2.50075,3.13727,0.20732,0.01482,0.06588,0.00323
30.66,2,-1.97474,2.49713,3.14126,0.42595,-0.00656,0.17131,0.01871
30.68,0,-4.21488,2.49889,-2.93858,0.17507,1.89920,0.00000,
30.68,1,-3.14885,2.50079,3.13757,0.05691,0.01469,0.06604,0.00646
30.68,2,-1.98053,2.49713,3.14112,0.19410,-0.00723,0.16833,0.02151
30.7,0,-4.21916,2.49790,-2.90259,0.25370,1.78782,0.00000,
30.7,1,-3.14892,2.50082,3.13786,-0.02956,0.01444,0.07025,0.01080
30.7,2,-1.98340,2.49713,3.14097,0.13554,-0.00752,0.16553,0.02158
30.72,0,-4.22449,2.49665,-2.86553,0.27982,1.90757,0.00000,
30.72,1,-3.14815,2.50084,3.13812,-0.01718,0.00878,0.07635,0.01625
30.72,2,-1.98664,2.49714,3.14084,0.23474,-0.00572,0.16151,0.02081
30.74,0,-4.23013,2.49508,-2.82651,0.29733,1.95526,0.00000,
30.74,1,-3.14854,2.50085,3.13821,0.02683,0.00333,0.08161,0.02211
30.74,2,-1.99105,2.49714,3.14075,0.11667,-0.00351,0.15750,0.00007
30.76,0,-4.23614,2.49314,-2.78746,0.32642,1.94069,0.00000,
30.76,1,-3.15106,2.50086,3.13869,0.13989,0.03441,0.08511,0.01763
30.76,2,-1.99338,2.49715,3.14068,0.11667,-0.00352,0.15768,0.00259
30.78,0,-4.24230,2.49086,-2.74924,0.34026,1.91437,0.00000,
30.78,1,-3.15383,2.50087,3.13937,0.12919,0.03055,0.08851,0.02419
30.78,2,-1.99516,2.49716,3.14061,0.05213,-0.00355,0.15868,0.00536
30.8,0,-4.24877,2.48821,-2.71085,0.35456,1.92200,0.00000,
30.8,1,-3.15695,2.50093,3.13867,0.21776,-0.04927,0.09189,0.03115
30.8,2,-1.99640,2.49716,3.14053,0.08030,-0.00421,0.16056,0.00848
30.82,0,-4.25521,2.48527,-2.67269,0.35433,1.89583,0.00000,
30.82,1,-3.16412,2.50095,3.14029,0.40076,0.20262,0.09120,0.00708
30.82,2,-1.99812,2.49716,3.14045,0.07100,-0.00406,0.16600,0.01565
30.84,0,-4.26182,2.48193,-2.63427,0.38145,1.93342,0.00000,
30.84,1,-3.17225,2.50095,-3.13979,0.42409,0.07924,0.08974,0.01449
30.84,2,-2.00154,2.49716,3.14039,0.24047,-0.00277,0.17072,0.01216
30.86,0,-4.26864,2.47817,-2.59559,0.39338,1.93088,0.00000,
30.86,1,-3.18053,2.50094,-3.13959,0.39892,-0.01948,0.08834,0.02226
30.86,2,-2.00635,2.49716,3.14033,0.24047,-0.00278,0.17419,0.02044
30.88,0,-4.27544,2.47409,-2.55707,0.39874,1.92305,0.00000,
30.88,1,-3.18814,2.50092,-3.13975,0.36917,0.00875,0.08762,0.03018
30.88,2,-2.01071,2.49716,3.14024,0.22217,-0.01373,0.17744,0.02805
30.9,0,-4.28207,2.46970,-2.51926,0.40703,1.90246,0.00000,
30.9,1,-3.19545,2.50091,-3.13928,0.36483,0.02920,0.08707,0.03810
30.9,2,-2.01992,2.49716,3.13997,0.54586,-0.01024,0.17554,0.03536
30.92,0,-4.28893,2.46481,-2.48067,0.43018,1.93995,0.00000,
30.92,1,-3.20181,2.50090,-3.13873,0.32638,0.02283,0.08772,0.04649
30.92,2,-2.03021,2.49715,3.13974,0.49110,-0.01252,0.17161,0.04173
30.94,0,-4.29583,2.45949,-2.44194,0.43779,1.93133,0.00000,
30.94,1,-3.20774,2.50088,-3.13818,0.23991,-0.08300,0.08888,0.01713
30.94,2,-2.03969,2.49715,3.13959,0.39801,-0.00327,0.16806,0.00914
30.96,0,-4.30253,2.45388,-2.40379,0.42985,1.83753,0.00000,
30.96,1,-3.21278,2.50091,-3.13999,0.28443,-0.07761,0.09077,0.02586
30.96,2,-2.04556,2.49716,3.13947,0.27727,-0.00642,0.16723,0.01418
30.98,0,-4.30914,2.44787,-2.36590,0.45826,1.92926,0.00000,
30.98,1,-3.21980,2.50092,-3.13989,0.39549,0.06341,0.09064,0.03477
30.98,2,-2.05142,2.49720,3.13895,0.32160,-0.03448,0.16838,0.02120
31.0,0,-4.31583,2.44136,-2.32708,0.47106,1.94154,0.00000,
31.0,1,-3.22778,2.50091,-3.13818,0.36484,0.08775,0.08967,0.04408
31.0,2,-2.05819,2.49721,3.13858,0.32947,-0.00545,0.16960,0.02918
31.02,0,-4.32235,2.43450,-2.28842,0.47407,1.92572,0.00000,
31.02,1,-3.23564,2.50088,-3.13681,0.40878,0.05354,0.08873,0.00946
31.02,2,-2.06628,2.49722,3.13862,0.44413,0.00444,0.16937,0.03704
31.04,0,-4.32864,2.42737,-2.25109,0.47610,1.69884,0.00000,
31.04,1,-3.24328,2.50090,-3.13228,0.33994,0.16728,0.08784,0.01897
31.04,2,-2.07520,2.49724,3.13868,0.37705,0.00156,0.16808,0.01168
31.06,0,-4.33460,2.42006,-2.22425,0.46154,1.07447,0.00000,
31.06,1,-3.25063,2.50073,-3.12873,0.40715,0.14751,0.08697,0.02840
31.06,2,-2.08288,2.49722,3.14077,0.41183,0.10075,0.16776,0.01903
31.08,0,-4.34026,2.41267,-2.20251,0.46729,1.14166,0.00000,
31.08,1,-3.25961,2.50067,-3.12681,0.46969,0.06798,0.08423,0.03768
31.08,2,-2.09182,2.49723,3.14145,0.44253,-0.01348,0.16779,0.02800
31.1,0,-4.34582,2.40510,-2.17861,0.47176,1.20940,0.00000,
31.1,1,-3.26880,2.50057,-3.12544,0.44559,0.07503,0.08124,0.04706
31.1,2,-2.10145,2.49725,3.14089,0.49994,-0.02654,0.16735,0.03720
31.12,0,-4.35125,2.39732,-2.15521,0.47594,1.12863,0.00000,
31.12,1,-3.27952,2.50033,-3.11881,0.59832,0.33691,0.07666,0.00949
31.12,2,-2.11131,2.49725,3.14063,0.48076,-0.00354,0.16821,0.04792
31.14,0,-4.35652,2.38938,-2.13349,0.47676,1.06010,0.00000,
31.14,1,-3.29076,2.50021,-3.11399,0.54148,0.19796,0.07151,0.01902
31.14,2,-2.12059,2.49726,3.14062,0.45252,-0.00029,0.17018,0.05916
31.16,0,-4.36162,2.38132,-2.11263,0.47664,1.03087,0.00000,
31.16,1,-3.30127,2.49991,-3.11123,0.50867,0.09850,0.06696,0.02855
31.16,2,-2.12999,2.49727,3.14057,0.58878,-0.00281,0.17128,0.02760
31.18,0,-4.36653,2.37327,-2.09282,0.45052,0.89211,0.00000,
31.18,1,-3.30859,2.49957,-3.10810,0.34106,0.19415,0.06546,0.03798
31.18,2,-2.14399,2.49728,3.14055,0.71037,-0.00051,0.16460,0.03492
31.2,0,-4.37115,2.36546,-2.07359,0.45658,0.99294,0.00000,
31.2,1,-3.31561,2.49925,-3.10483,0.36891,0.12354,0.06398,0.04705
31.2,2,-2.15659,2.49729,3.14053,0.64190,-0.00329,0.15903,0.04195
31.22,0,-4.37561,2.35741,-2.05422,0.46187,0.93508,0.00000,
31.22,1,-3.32293,2.49898,-3.10302,0.36621,0.07777,0.06216,0.00920
31.22,2,-2.16869,2.49730,3.14044,0.49936,-0.00503,0.15424,0.00355
31.24,0,-4.37993,2.34923,-2.03628,0.46231,0.87335,0.00000,
31.24,1,-3.33289,2.49852,-3.09255,0.54354,0.54370,0.05762,0.01845
31.24,2,-2.17868,2.49732,3.14034,0.49936,-0.00503,0.15422,0.01352
31.26,0,-4.38408,2.34098,-2.01908,0.46144,0.85175,0.00000,
31.26,1,-3.34292,2.49811,-3.08642,0.48554,0.13683,0.05295,0.02768
31.26,2,-2.18858,2.49733,3.13934,0.45719,-0.45134,0.15434,0.02356
31.28,0,-4.38803,2.33278,-2.00208,0.46176,0.84243,0.00000,
31.28,1,-3.35214,2.49761,-3.08499,0.44341,0.06865,0.04892,0.03678
31.28,2,-2.19837,2.49748,3.10979,0.42813,-1.30493,0.15377,0.03279
31.3,0,-4.39209,2.32400,-1.98582,0.49591,0.78922,0.00000,
31.3,1,-3.35948,2.49712,-3.08218,0.32409,0.17312,0.04702,0.04645
31.3,2,-2.20584,2.49784,3.10327,0.38885,0.28347,0.15364,0.04014
31.32,0,-4.39611,2.31490,-1.97049,0.49487,0.75232,0.00000,
31.32,1,-3.36678,2.49663,-3.08050,0.43768,-0.54805,0.04525,0.00995
31.32,2,-2.21430,2.49815,3.11137,0.44233,0.32502,0.15248,0.04746
31.34,0,-4.39992,2.30588,-1.95567,0.48592,0.73138,0.00000,
31.34,1,-3.37536,2.49603,-3.09286,0.38917,-0.37307,0.04205,0.01974
31.34,2,-2.22492,2.49846,3.11456,0.56705,0.04774,0.15045,0.01255
31.36,0,-4.40355,2.29690,-1.94131,0.48435,0.70628,0.00000,
31.36,1,-3.38357,2.49555,-3.09680,0.42713,-0.17048,0.03914,0.02942
31.36,2,-2.23494,2.49874,3.11481,0.47868,0.00904,0.14864,0.02078
31.38,0,-4.40707,2.28784,-1.92750,0.48696,0.67817,0.00000,
31.38,1,-3.39194,2.49516,-3.09521,0.36798,0.27753,0.03608,0.03914
31.38,2,-2.24406,2.49898,3.11552,0.40730,0.04643,0.14789,0.02916
31.4,0,-4.41048,2.27870,-1.91422,0.48873,0.65207,0.00000,
31.4,1,-3.39978,2.49477,-3.08877,0.40732,0.31393,0.03354,0.04889
31.4,2,-2.25073,2.49923,3.11588,0.33772,-0.02994,0.14905,0.03700
31.42,0,-4.41378,2.26949,-1.90145,0.48909,0.62796,0.00000,
31.42,1,-3.40795,2.49435,-3.08342,0.40473,0.23322,0.03065,0.05866
31.42,2,-2.25787,2.49944,3.11543,0.37043,0.01283,0.15009,0.04518
31.44,0,-4.41695,2.26023,-1.88914,0.48921,0.60515,0.00000,
31.44,1,-3.41552,2.49392,-3.07922,0.40127,0.21331,0.02834,0.06844
31.44,2,-2.26518,2.49961,3.11656,0.33542,0.08552,0.15035,0.05276
31.46,0,-4.42002,2.25094,-1.87729,0.48961,0.58288,0.00000,
31.46,1,-3.42554,2.49323,-3.06488,0.54770,0.88937,0.02357,0.02935
31.46,2,-2.27313,2.49978,3.11920,0.41035,0.16551,0.15243,0.02170
31.48,0,-4.42297,2.24160,-1.86587,0.49013,0.56134,0.00000,
31.48,1,-3.43551,2.49247,-3.05321,0.47265,0.32323,0.01883,0.03915
31.48,2,-2.28176,2.49996,3.12154,0.45028,0.06796,0.15377,0.03170
31.5,0,-4.42582,2.23221,-1.85487,0.49055,0.54068,0.00000,
31.5,1,-3.44441,2.49173,-3.04964,0.42887,0.14259,0.01515,0.04895
31.5,2,-2.29085,2.50015,3.12233,0.48246,0.02689,0.15359,0.04063
31.52,0,-4.42857,2.22279,-1.84427,0.49090,0.52080,0.00000,
31.52,1,-3.45151,2.49099,-3.04477,0.31599,0.29634,0.01320,0.05876
31.52,2,-2.30063,2.50033,3.12304,0.48374,0.04481,0.15093,0.04777
31.54,0,-4.43118,2.21373,-1.83464,0.46072,0.48020,0.00000,
31.54,1,-3.45892,2.49016,-3.03474,0.44143,0.68405,0.01080,0.01925
31.54,2,-2.30984,2.50050,3.12426,0.43113,0.08896,0.14913,0.01058
31.56,0,-4.43365,2.20474,-1.82454,0.46958,0.50782,0.00000,
31.56,1,-3.46709,2.48932,-3.02700,0.36811,0.18970,0.00758,0.02856
31.56,2,-2.31817,2.50065,3.12605,0.41685,0.07484,0.14898,0.01880
31.58,0,-4.43603,2.19562,-1.81482,0.47167,0.46589,0.00000,
31.58,1,-3.47542,2.48835,-3.02280,0.45627,0.25829,0.00422,0.03799
31.58,2,-2.32527,2.50078,3.12706,0.37112,0.04324,0.15021,0.02718
31.6,0,-4.43828,2.18669,-1.80512,0.46577,0.47921,0.00000,
31.6,1,-3.48434,2.48724,-3.01649,0.38386,0.40602,0.00017,0.04720
31.6,2,-2.33307,2.50089,3.12792,0.39749,0.04440,0.15134,0.03616
31.62,0,-4.44058,2.17713,-1.79657,0.50556,0.40195,0.00000,
31.62,1,-3.49183,2.48622,-3.00999,0.37459,0.26982,0.00217,0.00983
31.62,2,-2.34056,2.50100,3.12890,0.39886,0.04672,0.15136,0.04372
31.64,0,-4.44285,2.16726,-1.78854,0.50273,0.40582,0.00000,
31.64,1,-3.49939,2.48518,-2.99335,0.38429,0.89174,0.00442,0.01996
31.64,2,-2.34910,2.50111,3.12976,0.43535,0.04080,0.15040,0.05136
31.66,0,-4.44499,2.15758,-1.78038,0.49065,0.40546,0.00000,
31.66,1,-3.50691,2.48405,-2.98223,0.37507,0.29895,0.00674,0.02987
31.66,2,-2.35860,2.50121,3.11543,0.51579,-1.92259,0.14844,0.01900
31.68,0,-4.44702,2.14802,-1.77246,0.48845,0.38730,0.00000,
31.68,1,-3.51416,2.48289,-2.97840,0.36074,0.18241,0.00885,0.03964
31.68,2,-2.36848,2.50134,3.07776,0.43749,-1.69407,0.14582,0.02634
31.7,0,-4.44898,2.13842,-1.76492,0.49153,0.36982,0.00000,
31.7,1,-3.52119,2.48173,-2.97339,0.35409,0.30209,0.01073,0.04944
31.7,2,-2.37743,2.50181,3.06539,0.45879,0.23066,0.14394,0.03346
31.72,0,-4.45089,2.12875,-1.75767,0.49318,0.35662,0.00000,
31.72,1,-3.52815,2.48055,-2.96698,0.35193,0.31836,0.01248,0.05929
31.72,2,-2.38537,2.50245,3.07564,0.35570,0.46595,0.14299,0.04052
31.74,0,-4.45272,2.11906,-1.75068,0.49290,0.34389,0.00000,
31.74,1,-3.53475,2.47935,-2.96016,0.39028,0.47922,0.01386,0.01972
31.74,2,-2.39284,2.50314,3.08056,0.38837,0.09794,0.14215,0.04723
31.76,0,-4.45448,2.10937,-1.74394,0.49250,0.33084,0.00000,
31.76,1,-3.54492,2.47758,-2.94724,0.50611,0.54103,0.01873,0.02957
31.76,2,-2.40039,2.50360,3.08199,0.34602,0.10961,0.14483,0.02055
31.78,0,-4.45618,2.09966,-1.73746,0.49261,0.31828,0.00000,
31.78,1,-3.55337,2.47582,-2.93816,0.42180,0.48711,0.02196,0.03942
31.78,2,-2.40962,2.50411,3.08631,0.50266,0.24675,0.14411,0.02918
31.8,0,-4.45781,2.08994,-1.73123,0.49288,0.30638,0.00000,
31.8,1,-3.56108,2.47403,-2.92855,0.31106,0.56535,0.02447,0.04927
31.8,2,-2.41942,2.50465,3.09034,0.47567,0.15683,0.14207,0.03709
31.82,0,-4.45939,2.08021,-1.72523,0.49305,0.29493,0.00000,
31.82,1,-3.56659,2.47248,-2.91807,0.28912,0.48652,0.02482,0.05913
31.82,2,-2.42833,2.50511,3.09298,0.42416,0.12601,0.13873,0.04280
31.84,0,-4.46090,2.07047,-1.71945,0.49312,0.28387,0.00000,
31.84,1,-3.57306,2.47091,-2.90775,0.42199,0.83493,0.02603,0.01972
31.84,2,-2.43550,2.50552,3.09526,0.30205,0.10297,0.13809,0.04946
31.86,0,-4.46236,2.06071,-1.71389,0.49320,0.27322,0.00000,
31.86,1,-3.58057,2.46895,-2.89866,0.39093,0.27069,0.02829,0.02958
31.86,2,-2.44203,2.50587,3.09793,0.32489,0.17933,0.13914,0.01729
31.88,0,-4.46377,2.05095,-1.70854,0.49329,0.26298,0.00000,
31.88,1,-3.58796,2.46698,-2.89351,0.37844,0.27564,0.03039,0.03945
31.88,2,-2.44736,2.50613,3.10276,0.25497,0.22735,0.14127,0.02493
31.9,0,-4.46513,2.04117,-1.70339,0.49338,0.25312,0.00000,
31.9,1,-3.59529,2.46509,-2.88716,0.37678,0.34057,0.03236,0.04932
31.9,2,-2.45310,2.50635,3.10603,0.31710,0.12114,0.14293,0.03250
31.92,0,-4.46643,2.03139,-1.69843,0.49346,0.24364,0.00000,
31.92,1,-3.60249,2.46320,-2.88034,0.36860,0.33342,0.03416,0.05918
31.92,2,-2.45950,2.50659,3.10841,0.34686,0.11855,0.14381,0.03995
31.94,0,-4.46769,2.02160,-1.69366,0.49353,0.23451,0.00000,
31.94,1,-3.60851,2.46144,-2.87218,0.30885,0.33197,0.03478,0.06905
31.94,2,-2.46703,2.50684,3.11082,0.38429,0.12422,0.14238,0.04622
31.96,0,-4.46890,2.01181,-1.68907,0.49360,0.22572,0.00000,
31.96,1,-3.61566,2.45939,-2.86110,0.45169,0.91520,0.03649,0.02961
31.96,2,-2.47456,2.50706,3.11336,0.43889,0.12689,0.14209,0.01741
31.98,0,-4.47006,2.00200,-1.68465,0.49366,0.21727,0.00000,
31.98,1,-3.62343,2.45712,-2.84859,0.36154,0.34568,0.03879,0.03948
31.98,2,-2.48199,2.50726,3.11965,0.35138,0.32514,0.14254,0.02550
32.0,0,-4.47118,1.99219,-1.68039,0.49372,0.20913,0.00000,
32.0,1,-3.63099,2.45483,-2.84271,0.41078,0.28709,0.04086,0.04936
32.0,2,-2.48950,2.50741,3.12370,0.40024,0.11014,0.14271,0.03341
32.02,0,-4.47226,1.98238,-1.67630,0.49377,0.20129,0.00000,
32.02,1,-3.63799,2.45253,-2.83496,0.28559,0.55086,0.04236,0.05923
32.02,2,-2.49788,2.50756,3.12516,0.42589,0.07124,0.14143,0.04076
32.04,0,-4.47330,1.97255,-1.67235,0.49382,0.19376,0.00000,
32.04,1,-3.64344,2.45059,-2.82677,0.29250,0.32623,0.04230,0.06910
32.04,2,-2.50617,2.50769,3.12710,0.39959,0.11658,0.13871,0.04655
32.06,0,-4.47430,1.96273,-1.66856,0.49387,0.18650,0.00000,
32.06,1,-3.64988,2.44842,-2.81679,0.42402,0.89312,0.04315,0.02963
32.06,2,-2.51373,2.50781,3.12991,0.29833,0.07671,0.13770,0.01585
32.08,0,-4.47527,1.95290,-1.66491,0.49391,0.17952,0.00000,
32.08,1,-3.65675,2.44569,-2.80710,0.35822,0.31621,0.04458,0.03951
32.08,2,-2.51974,2.50795,3.13127,0.31230,0.03751,0.13871,0.02323
32.1,0,-4.47620,1.94306,-1.66139,0.49395,0.17279,0.00000,
32.1,1,-3.66347,2.44300,-2.80085,0.36466,0.30677,0.04581,0.04938
32.1,2,-2.52622,2.50808,3.13227,0.36582,0.08949,0.13911,0.03047
32.12,0,-4.47709,1.93322,-1.65801,0.49399,0.16632,0.00000,
32.12,1,-3.66974,2.44062,-2.79311,0.28644,0.49150,0.04645,0.05926
32.12,2,-2.53415,2.50815,3.13479,0.37422,0.14460,0.13760,0.03718
32.14,0,-4.47795,1.92338,-1.65475,0.49402,0.16010,0.00000,
32.14,1,-3.67635,2.43809,-2.78048,0.43299,0.84398,0.04737,0.01976
32.14,2,-2.54230,2.50822,3.13815,0.42669,0.13502,0.13621,0.01013
32.16,0,-4.47878,1.91354,-1.65161,0.49405,0.15411,0.00000,
32.16,1,-3.68347,2.43515,-2.76984,0.35632,0.40020,0.04890,0.02964
32.16,2,-2.55101,2.50826,3.14061,0.44205,0.11755,0.13481,0.01783
32.18,0,-4.47958,1.90369,-1.64860,0.49408,0.14834,0.00000,
32.18,1,-3.69028,2.43231,-2.76126,0.37589,0.41186,0.05003,0.03952
32.18,2,-2.55986,2.50826,-3.14022,0.43992,0.11920,0.13296,0.02521
32.2,0,-4.48035,1.89383,-1.64569,0.49411,0.14279,0.00000,
32.2,1,-3.69708,2.42953,-2.75357,0.32330,0.43966,0.05107,0.04940
32.2,2,-2.56819,2.50824,-3.13777,0.39627,0.12266,0.13163,0.03256
32.22,0,-4.48109,1.88398,-1.64289,0.49413,0.13744,0.00000,
32.22,1,-3.70245,2.42718,-2.74533,0.29717,0.32273,0.05062,0.05929
32.22,2,-2.57537,2.50824,-3.13470,0.23916,0.22838,0.13000,0.00295
32.24,0,-4.48180,1.87412,-1.64020,0.49415,0.13230,0.00000,
32.24,1,-3.70943,2.42419,-2.73328,0.40444,0.58478,0.05178,0.01977
32.24,2,-2.57872,2.50824,-3.12846,0.16595,0.41213,0.13383,0.01053
32.26,0,-4.48248,1.86426,-1.63761,0.49418,0.12735,0.00000,
32.26,1,-3.71613,2.42107,-2.72660,0.38273,0.32841,0.05272,0.02965
32.26,2,-2.58307,2.50817,-3.12326,0.27515,0.12225,0.13640,0.01792
32.28,0,-4.48314,1.85440,-1.63512,0.49419,0.12259,0.00000,
32.28,1,-3.72324,2.41787,-2.71891,0.38668,0.40896,0.05398,0.03953
32.28,2,-2.58937,2.50808,-3.12226,0.30298,0.03109,0.13745,0.02572
32.3,0,-4.48378,1.84454,-1.63271,0.49421,0.11800,0.00000,
32.3,1,-3.72989,2.41484,-2.71079,0.31571,0.44307,0.05470,0.04942
32.3,2,-2.59612,2.50797,-3.12096,0.38413,0.09792,0.13759,0.03302
32.32,0,-4.48439,1.83467,-1.63040,0.49423,0.11359,0.00000,
32.32,1,-3.73502,2.41235,-2.70264,0.28919,0.33089,0.05382,0.05930
32.32,2,-2.60406,2.50782,-3.11864,0.39122,0.12007,0.13499,0.03873
32.34,0,-4.48498,1.82481,-1.62818,0.49425,0.10934,0.00000,
32.34,1,-3.74035,2.40982,-2.69657,0.29752,0.30361,0.05305,0.06918
32.34,2,-2.61140,2.50766,-3.11644,0.34826,0.10100,0.13319,0.04463
32.36,0,-4.48554,1.81494,-1.62604,0.49426,0.10525,0.00000,
32.36,1,-3.74622,2.40695,-2.68773,0.38764,0.59361,0.05286,0.02965
32.36,2,-2.61934,2.50744,-3.11297,0.48112,0.27547,0.13135,0.01529
32.38,0,-4.48609,1.80507,-1.62398,0.49427,0.10131,0.00000,
32.38,1,-3.75312,2.40355,-2.68089,0.36345,0.18938,0.05373,0.03954
32.38,2,-2.62859,2.50717,-3.10843,0.41849,0.15981,0.12930,0.02299
32.4,0,-4.48662,1.79519,-1.62199,0.49429,0.09753,0.00000,
32.4,1,-3.75958,2.40039,-2.67581,0.35493,0.32754,0.05404,0.04943
32.4,2,-2.63650,2.50692,-3.10640,0.37731,0.07468,0.12812,0.03018
32.42,0,-4.48712,1.78532,-1.62008,0.49430,0.09388,0.00000,
32.42,1,-3.76781,2.39610,-2.65914,0.51476,1.00395,0.05636,0.00989
32.42,2,-2.64252,2.50668,-3.10442,0.24820,0.11726,0.13071,0.03946
32.44,0,-4.48761,1.77545,-1.61824,0.49431,0.09037,0.00000,
32.44,1,-3.77641,2.39169,-2.64125,0.42878,0.65061,0.05897,0.01977
32.44,2,-2.64804,2.50644,-3.10232,0.29677,0.09455,0.13419,0.04913
32.46,0,-4.48808,1.76557,-1.61647,0.49432,0.08699,0.00000,
32.46,1,-3.78304,2.38811,-2.63300,0.34464,0.29044,0.05945,0.02966
32.46,2,-2.65487,2.50619,-3.10040,0.32130,0.10975,0.13433,0.02228
32.48,0,-4.48853,1.75570,-1.61477,0.49433,0.08374,0.00000,
32.48,1,-3.78857,2.38502,-2.62658,0.26488,0.41585,0.05873,0.03954
32.48,2,-2.66030,2.50593,-3.09860,0.26148,0.08520,0.13473,0.02860
32.5,0,-4.48896,1.74582,-1.61313,0.49434,0.08061,0.00000,
32.5,1,-3.79347,2.38222,-2.61883,0.29728,0.37078,0.05728,0.04943
32.5,2,-2.66552,2.50561,-3.09594,0.27090,0.22645,0.13469,0.03425
32.52,0,-4.48938,1.73594,-1.61155,0.49434,0.07760,0.00000,
32.52,1,-3.79877,2.37918,-2.61160,0.30665,0.35619,0.05623,0.05932
32.52,2,-2.67358,2.50518,-3.09146,0.50793,0.17823,0.13223,0.04035
32.54,0,-4.48978,1.72606,-1.61003,0.49435,0.07470,0.00000,
32.54,1,-3.80495,2.37545,-2.60183,0.40476,0.41384,0.05623,0.01977
32.54,2,-2.68429,2.50465,-3.08937,0.53555,0.06853,0.12809,0.01030
32.56,0,-4.49017,1.71618,-1.60857,0.49436,0.07191,0.00000,
32.56,1,-3.81163,2.37147,-2.59661,0.37753,0.26409,0.05670,0.02966
32.56,2,-2.69546,2.50409,-3.08668,0.59534,0.10825,0.12402,0.01807
32.58,0,-4.49055,1.70630,-1.60716,0.49436,0.06922,0.00000,
32.58,1,-3.81783,2.36774,-2.58985,0.35679,0.41488,0.05657,0.03955
32.58,2,-2.70659,2.50359,-3.08267,0.49349,0.23055,0.11951,0.02530
32.6,0,-4.49091,1.69642,-1.60580,0.49437,0.06664,0.00000,
32.6,1,-3.82379,2.36398,-2.58113,0.34959,0.42606,0.05624,0.04944
32.6,2,-2.71424,2.50306,-3.07915,0.25977,0.16412,0.11823,0.03235
32.62,0,-4.49125,1.68654,-1.60450,0.49438,0.06415,0.00000,
32.62,1,-3.82883,2.36077,-2.57280,0.29594,0.37005,0.05481,0.05932
32.62,2,-2.71869,2.50253,-3.07461,0.22700,0.27137,0.11915,0.03832
32.64,0,-4.49158,1.67666,-1.60324,0.49438,0.06175,0.00000,
32.64,1,-3.83425,2.35725,-2.56421,0.41203,0.70866,0.05380,0.01978
32.64,2,-2.72377,2.50213,-3.07131,0.28120,0.07915,0.11989,0.04478
32.66,0,-4.49191,1.66678,-1.60203,0.49439,0.05945,0.00000,
32.66,1,-3.84139,2.35250,-2.55312,0.38495,0.31783,0.05481,0.02966
32.66,2,-2.72936,2.50177,-3.07054,0.33444,0.10505,0.12200,0.01798
32.68,0,-4.49221,1.65689,-1.60087,0.49439,0.05723,0.00000,
32.68,1,-3.84760,2.34821,-2.54677,0.38606,0.41405,0.05478,0.03955
32.68,2,-2.73775,2.50131,-3.07177,0.43175,-0.16770,0.12036,0.02553
32.7,0,-4.49251,1.64701,-1.59974,0.49439,0.05509,0.00000,
32.7,1,-3.85371,2.34400,-2.53767,0.31604,0.45759,0.05455,0.04944
32.7,2,-2.74571,2.50076,-3.07238,0.36672,0.08904,0.11903,0.03294
32.72,0,-4.49280,1.63713,-1.59867,0.49440,0.05304,0.00000,
32.72,1,-3.85842,2.34075,-2.52943,0.28537,0.36859,0.05263,0.05933
32.72,2,-2.75248,2.50026,-3.06928,0.32712,0.17109,0.11738,0.03868
32.74,0,-4.49307,1.62724,-1.59763,0.49440,0.05106,0.00000,
32.74,1,-3.86331,2.33728,-2.52156,0.37111,0.61138,0.05092,0.01978
32.74,2,-2.76047,2.49964,-3.06385,0.48098,0.36354,0.11472,0.00884
32.76,0,-4.49334,1.61736,-1.59663,0.49440,0.04915,0.00000,
32.76,1,-3.86952,2.33247,-2.51362,0.37911,0.19827,0.05103,0.02966
32.76,2,-2.76973,2.49892,-3.05857,0.42117,0.16717,0.11231,0.01669
32.78,0,-4.49359,1.60747,-1.59566,0.49441,0.04732,0.00000,
32.78,1,-3.87549,2.32790,-2.50956,0.36484,0.21510,0.05075,0.03955
32.78,2,-2.77692,2.49834,-3.05657,0.32347,0.07567,0.11171,0.02421
32.8,0,-4.49384,1.59759,-1.59474,0.49441,0.04555,0.00000,
32.8,1,-3.88125,2.32362,-2.50273,0.35344,0.42432,0.05006,0.04944
32.8,2,-2.78319,2.49781,-3.05474,0.31831,0.10874,0.11179,0.03138
32.82,0,-4.49408,1.58770,-1.59384,0.49441,0.04385,0.00000,
32.82,1,-3.88656,2.31966,-2.49382,0.28113,0.42801,0.04877,0.05933
32.82,2,-2.78883,2.49727,-3.05167,0.28088,0.14836,0.11201,0.03801
32.84,0,-4.49430,1.57782,-1.59299,0.49441,0.04222,0.00000,
32.84,1,-3.89109,2.31625,-2.48599,0.28745,0.37524,0.04651,0.01978
32.84,2,-2.79491,2.49671,-3.04913,0.27803,0.18246,0.11094,0.00879
32.86,0,-4.49452,1.56793,-1.59216,0.49442,0.04064,0.00000,
32.86,1,-3.89741,2.31127,-2.47674,0.38651,0.24071,0.04653,0.02966
32.86,2,-2.79940,2.49620,-3.04762,0.22719,0.06155,0.11347,0.01684
32.88,0,-4.49473,1.55804,-1.59136,0.49442,0.03913,0.00000,
32.88,1,-3.90293,2.30666,-2.47354,0.35990,0.20700,0.04572,0.03955
32.88,2,-2.80465,2.49567,-3.04605,0.28278,0.07970,0.11443,0.02403
32.9,0,-4.49494,1.54816,-1.59060,0.49442,0.03767,0.00000,
32.9,1,-3.90860,2.30207,-2.46664,0.34840,0.42177,0.04492,0.04944
32.9,2,-2.81211,2.49495,-3.04354,0.42470,0.14433,0.11332,0.03132
32.92,0,-4.49513,1.53827,-1.58986,0.49442,0.03626,0.00000,
32.92,1,-3.91335,2.29830,-2.45831,0.29922,0.42428,0.04286,0.05933
32.92,2,-2.82039,2.49414,-3.04089,0.42074,0.13576,0.11037,0.03738
32.94,0,-4.49532,1.52838,-1.58915,0.49442,0.03491,0.00000,
32.94,1,-3.91925,2.29344,-2.44805,0.44674,0.41259,0.04231,0.01978
32.94,2,-2.82851,2.49333,-3.03824,0.39371,0.12719,0.10890,0.04503
32.96,0,-4.49550,1.51850,-1.58846,0.49442,0.03361,0.00000,
32.96,1,-3.92532,2.28831,-2.44292,0.38382,0.24820,0.04203,0.02967
32.96,2,-2.83601,2.49255,-3.03569,0.35280,0.18849,0.10830,0.01858
32.98,0,-4.49568,1.50861,-1.58781,0.49443,0.03236,0.00000,
32.98,1,-3.93121,2.28326,-2.43485,0.38567,0.48576,0.04151,0.03955
32.98,2,-2.84085,2.49197,-3.02805,0.20249,0.38846,0.11016,0.02633
33.0,0,-4.49585,1.49872,-1.58717,0.49443,0.03115,0.00000,
33.0,1,-3.93666,2.27861,-2.42544,0.29960,0.40774,0.04036,0.04944
33.0,2,-2.84535,2.49132,-3.01962,0.25754,0.32626,0.11184,0.03350
33.02,0,-4.49601,1.48884,-1.58656,0.49443,0.02999,0.00000,
33.02,1,-3.94228,2.27380,-2.41737,0.42289,0.23832,0.03938,0.00989
33.02,2,-2.85081,2.49065,-3.01693,0.26043,-0.00173,0.11280,0.04090
33.04,0,-4.49616,1.47895,-1.58597,0.49443,0.02887,0.00000,
33.04,1,-3.94817,2.26865,-2.41403,0.35375,0.10033,0.03879,0.01978
33.04,2,-2.85693,2.48988,-3.01664,0.36051,0.07348,0.11344,0.04872
33.06,0,-4.49631,1.46906,-1.58541,0.49443,0.02780,0.00000,
33.06,1,-3.95376,2.26355,-2.40631,0.40164,0.59527,0.03793,0.02967
33.06,2,-2.86467,2.48895,-3.01417,0.42272,0.17174,0.11217,0.01952
33.08,0,-4.49646,1.45917,-1.58486,0.49443,0.02676,0.00000,
33.08,1,-3.95953,2.25837,-2.39475,0.34352,0.48794,0.03719,0.03955
33.08,2,-2.87110,2.48814,-3.00996,0.30500,0.13656,0.11242,0.02728
33.1,0,-4.49660,1.44929,-1.58434,0.49443,0.02577,0.00000,
33.1,1,-3.96449,2.25389,-2.38591,0.32793,0.41541,0.03536,0.04944
33.1,2,-2.87798,2.48722,-3.00815,0.38616,0.08115,0.11128,0.03397
33.12,0,-4.49673,1.43940,-1.58384,0.49443,0.02481,0.00000,
33.12,1,-3.96923,2.24947,-2.37783,0.32210,0.39849,0.03332,0.05933
33.12,2,-2.88617,2.48615,-3.00605,0.42165,0.12511,0.10862,0.04045
33.14,0,-4.49686,1.42951,-1.58335,0.49443,0.02388,0.00000,
33.14,1,-3.97423,2.24460,-2.36877,0.45026,0.65225,0.03174,0.01978
33.14,2,-2.89430,2.48506,-3.00336,0.39693,0.13578,0.10638,0.04741
33.16,0,-4.49699,1.41962,-1.58288,0.49443,0.02299,0.00000,
33.16,1,-3.98094,2.23788,-2.35908,0.43304,0.36276,0.03261,0.02967
33.16,2,-2.90157,2.48406,-2.99994,0.29746,0.32152,0.10709,0.01970
33.18,0,-4.49710,1.40974,-1.58243,0.49444,0.02214,0.00000,
33.18,1,-3.98683,2.23193,-2.35217,0.40933,0.34751,0.03233,0.03955
33.18,2,-2.90661,2.48335,-2.99262,0.26474,0.29361,0.10909,0.02807
33.2,0,-4.49722,1.39985,-1.58200,0.49444,0.02131,0.00000,
33.2,1,-3.99223,2.22643,-2.34480,0.33691,0.33478,0.03137,0.04944
33.2,2,-2.91194,2.48248,-2.98791,0.30700,0.15355,0.11022,0.03578
33.22,0,-4.49733,1.38996,-1.58158,0.49444,0.02052,0.00000,
33.22,1,-3.99644,2.22230,-2.33807,0.29466,0.40220,0.02857,0.05933
33.22,2,-2.91869,2.48138,-2.98454,0.36354,0.34166,0.10845,0.00292
33.24,0,-4.49744,1.38007,-1.58118,0.49444,0.01976,0.00000,
33.24,1,-4.00139,2.21708,-2.32802,0.45504,0.46177,0.02704,0.01978
33.24,2,-2.92528,2.48027,-2.97768,0.35131,0.29015,0.10782,0.01010
33.26,0,-4.49754,1.37018,-1.58079,0.49444,0.01902,0.00000,
33.26,1,-4.00700,2.21113,-2.32191,0.38659,0.27089,0.02644,0.02967
33.26,2,-2.93271,2.47903,-2.97393,0.38268,0.11949,0.10719,0.01829
33.28,0,-4.49764,1.36029,-1.58042,0.49444,0.01831,0.00000,
33.28,1,-4.01215,2.20530,-2.31614,0.38926,0.31456,0.02546,0.03955
33.28,2,-2.93997,2.47780,-2.97191,0.35282,0.10572,0.10627,0.02606
33.3,0,-4.49773,1.35041,-1.58006,0.49444,0.01763,0.00000,
33.3,1,-4.01727,2.19974,-2.30888,0.33923,0.33761,0.02419,0.04944
33.3,2,-2.94666,2.47665,-2.96940,0.33246,0.13803,0.10584,0.03362
33.32,0,-4.49783,1.34052,-1.57971,0.49444,0.01698,0.00000,
33.32,1,-4.02220,2.19437,-2.29994,0.46656,0.53724,0.02261,0.00989
33.32,2,-2.95226,2.47558,-2.96550,0.27586,0.16840,0.10628,0.04091
33.34,0,-4.49791,1.33063,-1.57938,0.49444,0.01635,0.00000,
33.34,1,-4.02853,2.18742,-2.29247,0.43285,0.31608,0.02306,0.01978
33.34,2,-2.95798,2.47453,-2.96330,0.29794,0.08530,0.10839,0.05031
33.36,0,-4.49800,1.32074,-1.57906,0.49444,0.01574,0.00000,
33.36,1,-4.03402,2.18104,-2.28531,0.43119,0.46369,0.02256,0.02967
33.36,2,-2.96408,2.47343,-2.96252,0.35531,-0.52051,0.10917,0.02189
33.38,0,-4.49808,1.31085,-1.57875,0.49444,0.01515,0.00000,
33.38,1,-4.03940,2.17491,-2.27632,0.33966,0.32686,0.02174,0.03956
33.38,2,-2.97097,2.47244,-2.99237,0.33270,-1.55630,0.10908,0.03004
33.4,0,-4.49816,1.30096,-1.57846,0.49444,0.01459,0.00000,
33.4,1,-4.04374,2.17023,-2.26911,0.31591,0.39456,0.01913,0.04944
33.4,2,-2.97712,2.47190,-3.01942,0.28118,-0.98554,0.10847,0.03643
33.42,0,-4.49823,1.29108,-1.57817,0.49444,0.01405,0.00000,
33.42,1,-4.04919,2.16367,-2.25995,0.48065,0.36763,0.01864,0.00989
33.42,2,-2.98283,2.47135,-3.02188,0.30931,0.45334,0.10986,0.04495
33.44,0,-4.49831,1.28119,-1.57790,0.49444,0.01353,0.00000,
33.44,1,-4.05444,2.15710,-2.25283,0.41289,0.43658,0.01804,0.01978
33.44,2,-2.99027,2.47044,-3.00974,0.50133,0.61462,0.10934,0.01318
33.46,0,-4.49838,1.27130,-1.57763,0.49444,0.01302,0.00000,
33.46,1,-4.05976,2.15036,-2.24268,0.43504,0.49970,0.01758,0.02967
33.46,2,-3.00130,2.46909,-2.99978,0.51124,0.35076,0.10540,0.02176
33.48,0,-4.49845,1.26141,-1.57738,0.49444,0.01254,0.00000,
33.48,1,-4.06441,2.14495,-2.23577,0.34327,0.38620,0.01561,0.03956
33.48,2,-3.01116,2.46758,-2.99252,0.49775,0.32329,0.10156,0.02890
33.5,0,-4.49851,1.25152,-1.57713,0.49444,0.01207,0.00000,
33.5,1,-4.06874,2.13961,-2.22722,0.34328,0.43000,0.01338,0.04944
33.5,2,-3.02089,2.46612,-2.98716,0.48575,0.24134,0.09754,0.03577
33.52,0,-4.49857,1.24163,-1.57689,0.49444,0.01162,0.00000,
33.52,1,-4.07299,2.13412,-2.21910,0.39638,0.46542,0.01124,0.00989
33.52,2,-3.02874,2.46473,-2.98034,0.31657,0.36499,0.09534,0.00352
33.54,0,-4.49863,1.23174,-1.57667,0.49444,0.01119,0.00000,
33.54,1,-4.07873,2.12623,-2.20912,0.45704,0.45088,0.01186,0.01978
33.54,2,-3.03444,2.46353,-2.99436,0.28153,-0.70942,0.09741,0.01327
33.56,0,-4.49869,1.22186,-1.57645,0.49444,0.01078,0.00000,
33.56,1,-4.08414,2.11887,-2.20015,0.45476,0.43070,0.01182,0.02967
33.56,2,-3.03867,2.46291,-3.00129,0.19998,0.04468,0.10062,0.02241
33.58,0,-4.49875,1.21197,-1.57624,0.49444,0.01038,0.00000,
33.58,1,-4.08921,2.11184,-2.19311,0.41261,0.31489,0.01132,0.03956
33.58,2,-3.04358,2.46213,-2.99449,0.24963,0.42203,0.10274,0.03108
33.6,0,-4.49880,1.20208,-1.57603,0.49444,0.00999,0.00000,
33.6,1,-4.09340,2.10633,-2.18850,0.31754,0.27663,0.00903,0.04944
33.6,2,-3.04894,2.46130,-2.99060,0.27999,0.06434,0.10314,0.03800
33.62,0,-4.49885,1.19219,-1.57584,0.49444,0.00962,0.00000,
33.62,1,-4.09801,2.09970,-2.17960,0.49180,0.41620,0.00790,0.00989
33.62,2,-3.05482,2.46034,-2.98752,0.32424,0.25340,0.10377,0.04607
33.64,0,-4.49890,1.18230,-1.57565,0.49444,0.00926,0.00000,
33.64,1,-4.10308,2.09228,-2.17100,0.40204,0.43685,0.00766,0.01978
33.64,2,-3.06226,2.45922,-2.98445,0.44869,-0.76089,0.10361,0.01373
33.66,0,-4.49895,1.17241,-1.57547,0.49444,0.00892,0.00000,
33.66,1,-4.10760,2.08541,-2.16209,0.41981,0.40709,0.00666,0.02967
33.66,2,-3.07103,2.45803,-3.01661,0.43986,-1.69417,0.10151,0.02195
33.68,0,-4.49900,1.16252,-1.57529,0.49444,0.00859,0.00000,
33.68,1,-4.11194,2.07937,-2.15737,0.32777,0.16981,0.00480,0.03956
33.68,2,-3.07865,2.45711,-3.03473,0.38742,0.02195,0.10017,0.02939
33.7,0,-4.49904,1.15263,-1.57512,0.49444,0.00827,0.00000,
33.7,1,-4.11574,2.07408,-2.15194,0.32627,0.33026,0.00201,0.04944
33.7,2,-3.08681,2.45620,-3.02057,0.42584,0.93231,0.09760,0.03590
33.72,0,-4.49908,1.14275,-1.57496,0.49444,0.00796,0.00000,
33.72,1,-4.11941,2.06857,-2.14473,0.32439,0.36575,0.00066,0.05933
33.72,2,-3.09407,2.45523,-3.00415,0.35739,0.61858,0.09582,0.04252
33.74,0,-4.49913,1.13286,-1.57481,0.49444,0.00767,0.00000,
33.74,1,-4.12304,2.06295,-2.13766,0.36360,0.32881,0.00325,0.06922
33.74,2,-3.10090,2.45423,-2.99395,0.31047,0.61056,0.09447,0.01002
33.76,0,-4.49916,1.12297,-1.57466,0.49444,0.00738,0.00000,
33.76,1,-4.12769,2.05536,-2.12967,0.56554,0.46239,0.00366,0.02967
33.76,2,-3.10661,2.45338,-2.98088,0.29447,0.57344,0.09591,0.01892
33.78,0,-4.49920,1.11308,-1.57451,0.49444,0.00711,0.00000,
33.78,1,-4.13319,2.04635,-2.11942,0.50401,0.53169,0.00248,0.03956
33.78,2,-3.11299,2.45235,-2.97220,0.34372,0.35208,0.09801,0.02946
33.8,0,-4.49924,1.10319,-1.57437,0.49444,0.00685,0.00000,
33.8,1,-4.13839,2.03795,-2.10963,0.47107,0.39893,0.00199,0.04944
33.8,2,-3.11991,2.45117,-2.96537,0.34955,0.35494,0.09911,0.03935
33.82,0,-4.49928,1.09330,-1.57424,0.49444,0.00659,0.00000,
33.82,1,-4.14272,2.03086,-2.10438,0.33539,0.08145,0.00307,0.05933
33.82,2,-3.12645,2.45000,-2.95802,0.33725,0.38850,0.09931,0.04766
33.84,0,-4.49931,1.08341,-1.57411,0.49444,0.00635,0.00000,
33.84,1,-4.14610,2.02568,-2.10106,0.31784,0.32468,0.00629,0.06922
33.84,2,-3.13326,2.44873,-2.95020,0.34885,0.38222,0.09764,0.01003
33.86,0,-4.49934,1.07352,-1.57398,0.49444,0.00611,0.00000,
33.86,1,-4.15029,2.01809,-2.09045,0.47706,0.60319,0.00700,0.02967
33.86,2,-3.14093,2.44739,-2.93560,0.36955,0.84160,0.09685,0.01868
33.88,0,-4.49937,1.06364,-1.57386,0.49444,0.00589,0.00000,
33.88,1,-4.15448,2.01080,-2.07962,0.42019,0.37551,0.00801,0.03956
33.88,2,-3.14839,2.44585,-2.92393,0.38439,0.35079,0.09611,0.02709
33.9,0,-4.49940,1.05375,-1.57375,0.49444,0.00567,0.00000,
33.9,1,-4.15871,2.00334,-2.07529,0.42863,0.16458,0.00886,0.04944
33.9,2,-3.15677,2.44399,-2.91831,0.45324,0.27637,0.09456,0.03567
33.92,0,-4.49943,1.04386,-1.57364,0.49444,0.00546,0.00000,
33.92,1,-4.16259,1.99644,-2.07238,0.40285,0.19341,0.01038,0.00989
33.92,2,-3.16549,2.44199,-2.91213,0.44745,0.35063,0.09211,0.04358
33.94,0,-4.49946,1.03397,-1.57353,0.49444,0.00526,0.00000,
33.94,1,-4.16711,1.98758,-2.06691,0.50343,0.25723,0.00986,0.01978
33.94,2,-3.17421,2.43994,-2.90416,0.48220,0.56147,0.09109,0.01363
33.96,0,-4.49949,1.02408,-1.57343,0.49444,0.00506,0.00000,
33.96,1,-4.17139,1.97957,-2.05914,0.42617,0.45221,0.01025,0.02967
33.96,2,-3.18447,2.43743,-2.89033,0.52523,0.62206,0.08795,0.02271
33.98,0,-4.49951,1.01419,-1.57333,0.49444,0.00487,0.00000,
33.98,1,-4.17573,1.97154,-2.05388,0.44124,0.11545,0.01062,0.03956
33.98,2,-3.19369,2.43508,-2.88171,0.43379,0.30456,0.08595,0.03184
34.0,0,-4.49954,1.00430,-1.57323,0.49444,0.00469,0.00000,
34.0,1,-4.17951,1.96539,-2.05355,0.33859,0.11309,0.01297,0.04944
34.0,2,-3.20154,2.43301,-2.87635,0.39559,0.27492,0.08402,0.03905
34.02,0,-4.49956,0.99441,-1.57314,0.49444,0.00452,0.00000,
34.02,1,-4.18280,1.95951,-2.04866,0.34093,0.32547,0.01575,0.05933
34.02,2,-3.20929,2.43091,-2.87015,0.40869,0.33212,0.08164,0.04578
34.04,0,-4.49959,0.98452,-1.57305,0.49444,0.00435,0.00000,
34.04,1,-4.18597,1.95331,-2.04197,0.35249,0.31871,0.01828,0.06922
34.04,2,-3.21636,2.42880,-2.86199,0.37711,0.32850,0.07993,0.01035
34.06,0,-4.49961,0.97464,-1.57297,0.49444,0.00419,0.00000,
34.06,1,-4.18949,1.94596,-2.03318,0.50973,0.63466,0.01963,0.02967
34.06,2,-3.22070,2.42736,-2.85301,0.16325,0.37862,0.08180,0.01849
34.08,0,-4.49963,0.96475,-1.57288,0.49444,0.00404,0.00000,
34.08,1,-4.19353,1.93699,-2.01988,0.46545,0.70817,0.01929,0.03956
34.08,2,-3.22351,2.42624,-2.84530,0.17161,0.38046,0.08641,0.02832
34.1,0,-4.49965,0.95486,-1.57281,0.49444,0.00389,0.00000,
34.1,1,-4.19753,1.92863,-2.00728,0.45603,0.46043,0.01956,0.04944
34.1,2,-3.22791,2.42480,-2.83884,0.24909,0.21478,0.08920,0.03759
34.12,0,-4.49967,0.94497,-1.57273,0.49444,0.00374,0.00000,
34.12,1,-4.20121,1.92077,-2.00228,0.41621,0.14551,0.02042,0.05933
34.12,2,-3.23314,2.42309,-2.83665,0.31174,-0.02046,0.09063,0.04627
34.14,0,-4.49969,0.93508,-1.57266,0.49444,0.00361,0.00000,
34.14,1,-4.20435,1.91449,-2.00113,0.44116,0.31060,0.02297,0.01978
34.14,2,-3.23970,2.42114,-2.83670,0.39546,0.30122,0.08960,0.01125
34.16,0,-4.49971,0.92519,-1.57259,0.49444,0.00347,0.00000,
34.16,1,-4.20814,1.90537,-1.99572,0.47323,0.30973,0.02263,0.02967
34.16,2,-3.24657,2.41898,-2.82280,0.35803,0.76697,0.09014,0.02112
34.18,0,-4.49973,0.91530,-1.57252,0.49444,0.00334,0.00000,
34.18,1,-4.21158,1.89787,-1.98678,0.41278,0.41434,0.02395,0.03956
34.18,2,-3.25403,2.41644,-2.81114,0.41852,0.36692,0.08894,0.02937
34.2,0,-4.49974,0.90541,-1.57245,0.49444,0.00322,0.00000,
34.2,1,-4.21516,1.89001,-1.98201,0.39668,0.01120,0.02490,0.04944
34.2,2,-3.26250,2.41356,-2.80614,0.45651,0.21414,0.08704,0.03801
34.22,0,-4.49976,0.89552,-1.57239,0.49444,0.00310,0.00000,
34.22,1,-4.21840,1.88357,-1.98157,0.35545,0.12847,0.02733,0.05933
34.22,2,-3.27060,2.41075,-2.80080,0.35771,0.47310,0.08455,0.00358
34.24,0,-4.49977,0.88564,-1.57233,0.49444,0.00299,0.00000,
34.24,1,-4.22133,1.87707,-1.97701,0.35927,0.27939,0.02979,0.06922
34.24,2,-3.27570,2.40892,-2.78808,0.22401,0.64038,0.08494,0.01071
34.26,0,-4.49979,0.87575,-1.57227,0.49444,0.00288,0.00000,
34.26,1,-4.22461,1.86900,-1.96996,0.57719,0.48273,0.03067,0.02967
34.26,2,-3.27900,2.40771,-2.77377,0.15774,0.70745,0.08829,0.01942
34.28,0,-4.49980,0.86586,-1.57221,0.49444,0.00277,0.00000,
34.28,1,-4.22863,1.85950,-1.95784,0.49147,0.67560,0.02998,0.03956
34.28,2,-3.28286,2.40640,-2.76654,0.25651,0.13229,0.09251,0.02973
34.3,0,-4.49982,0.85597,-1.57216,0.49444,0.00267,0.00000,
34.3,1,-4.23267,1.85054,-1.94475,0.48776,0.58545,0.02982,0.04944
34.3,2,-3.28788,2.40432,-2.76701,0.28871,-0.06091,0.09513,0.03956
34.32,0,-4.49983,0.84608,-1.57211,0.49444,0.00257,0.00000,
34.32,1,-4.23669,1.84051,-1.93658,0.66884,0.39199,0.02866,0.00989
34.32,2,-3.29395,2.40198,-2.77093,0.33514,-0.26367,0.09727,0.05036
34.34,0,-4.49985,0.83619,-1.57206,0.49444,0.00247,0.00000,
34.34,1,-4.24134,1.82831,-1.92912,0.59795,0.30773,0.02524,0.01978
34.34,2,-3.30043,2.39951,-2.77089,0.35653,0.23684,0.10072,0.06341
34.36,0,-4.49986,0.82630,-1.57201,0.49444,0.00238,0.00000,
34.36,1,-4.24496,1.81857,-1.92534,0.46267,0.13541,0.02448,0.02967
34.36,2,-3.30731,2.39679,-2.76364,0.44549,0.38270,0.10160,0.02950
34.38,0,-4.49987,0.81641,-1.57196,0.49444,0.00230,0.00000,
34.38,1,-4.24776,1.81250,-1.92769,0.27310,-0.24758,0.02750,0.03956
34.38,2,-3.31472,2.39395,-2.74969,0.38588,0.68446,0.09938,0.03617
34.4,0,-4.49988,0.80653,-1.57192,0.49444,0.00221,0.00000,
34.4,1,-4.25036,1.80760,-1.93256,0.28140,-0.21170,0.03171,0.04944
34.4,2,-3.32227,2.39083,-2.74102,0.42871,0.25522,0.09613,0.04169
34.42,0,-4.49989,0.79664,-1.57187,0.49444,0.00213,0.00000,
34.42,1,-4.25273,1.80180,-1.93198,0.32723,0.26246,0.03510,0.00989
34.42,2,-3.33019,2.38743,-2.73799,0.44537,0.17483,0.09273,0.04796
34.44,0,-4.49990,0.78675,-1.57183,0.49444,0.00205,0.00000,
34.44,1,-4.25539,1.79220,-1.91502,0.53857,1.04060,0.03475,0.01978
34.44,2,-3.33863,2.38380,-2.73260,0.46106,0.31785,0.09108,0.05786
34.46,0,-4.49991,0.77686,-1.57179,0.49444,0.00197,0.00000,
34.46,1,-4.25802,1.78236,-1.89331,0.47252,1.13491,0.03419,0.02967
34.46,2,-3.34685,2.38020,-2.72976,0.48915,-0.22129,0.08979,0.02341
34.48,0,-4.49992,0.76697,-1.57175,0.49444,0.00190,0.00000,
34.48,1,-4.26126,1.77309,-1.87553,0.50906,0.67714,0.03404,0.03956
34.48,2,-3.35582,2.37630,-2.73411,0.48624,-0.18454,0.08797,0.03322
34.5,0,-4.49993,0.75708,-1.57172,0.49444,0.00183,0.00000,
34.5,1,-4.26448,1.76397,-1.86938,0.42241,-0.12075,0.03405,0.04944
34.5,2,-3.36441,2.37306,-2.72768,0.48528,1.27590,0.08680,0.04289
34.52,0,-4.49994,0.74719,-1.57168,0.49444,0.00176,0.00000,
34.52,1,-4.26696,1.75719,-1.87224,0.36049,0.04556,0.03652,0.05933
34.52,2,-3.37180,2.36944,-2.70930,0.30594,0.09712,0.08451,0.05010
34.54,0,-4.49995,0.73730,-1.57164,0.49444,0.00170,0.00000,
34.54,1,-4.26908,1.75018,-1.86865,0.36793,0.22417,0.03886,0.06922
34.54,2,-3.37696,2.36681,-2.70674,0.23710,0.16949,0.08449,0.05742
34.56,0,-4.49996,0.72741,-1.57161,0.49444,0.00164,0.00000,
34.56,1,-4.27138,1.74161,-1.86184,0.55972,0.38790,0.03964,0.02967
34.56,2,-3.38158,2.36465,-2.70547,0.30387,0.52756,0.08624,0.01976
34.58,0,-4.49997,0.71753,-1.57158,0.49444,0.00158,0.00000,
34.58,1,-4.27402,1.73171,-1.85136,0.50155,0.55541,0.03905,0.03956
34.58,2,-3.38698,2.36218,-2.69772,0.28664,0.26759,0.08828,0.03001
34.6,0,-4.49997,0.70764,-1.57155,0.49444,0.00152,0.00000,
34.6,1,-4.27675,1.72235,-1.84176,0.47717,0.30078,0.03897,0.04944
34.6,2,-3.39225,2.35973,-2.69465,0.34167,0.23172,0.09023,0.03976
34.62,0,-4.49998,0.69775,-1.57152,0.49444,0.00146,0.00000,
34.62,1,-4.27922,1.71441,-1.84194,0.35274,-0.14291,0.04035,0.05933
34.62,2,-3.39941,2.35633,-2.68753,0.41622,0.39627,0.08909,0.00366
34.64,0,-4.49999,0.68786,-1.57149,0.49444,0.00141,0.00000,
34.64,1,-4.28130,1.70741,-1.84126,0.37382,0.14521,0.04275,0.06922
34.64,2,-3.40619,2.35300,-2.67643,0.34997,0.59313,0.08747,0.01095
34.66,0,-4.50000,0.67797,-1.57146,0.49444,0.00136,0.00000,
34.66,1,-4.28373,1.69756,-1.83623,0.53315,0.35194,0.04228,0.02967
34.66,2,-3.41241,2.34959,-2.66394,0.36415,0.65378,0.08827,0.02109
34.68,0,-4.50000,0.66808,-1.57144,0.49444,0.00131,0.00000,
34.68,1,-4.28638,1.68821,-1.82674,0.48176,0.48584,0.04225,0.03956
34.68,2,-3.41824,2.34635,-2.65297,0.35848,0.32514,0.08941,0.03082
34.7,0,-4.50001,0.65819,-1.57141,0.49444,0.00126,0.00000,
34.7,1,-4.28890,1.67905,-1.81964,0.46276,0.17290,0.04246,0.04944
34.7,2,-3.42437,2.34294,-2.65247,0.37920,-0.02656,0.09003,0.04031
34.72,0,-4.50001,0.64830,-1.57139,0.49444,0.00121,0.00000,
34.72,1,-4.29112,1.67057,-1.81982,0.52342,0.02092,0.04339,0.00989
34.72,2,-3.43141,2.33931,-2.65504,0.40618,-0.04859,0.08918,0.00431
34.74,0,-4.50002,0.63841,-1.57136,0.49444,0.00117,0.00000,
34.74,1,-4.29345,1.65916,-1.81846,0.53797,0.17343,0.04144,0.01978
34.74,2,-3.44001,2.33474,-2.64451,0.51129,0.72468,0.08847,0.01595
34.76,0,-4.50003,0.62853,-1.57134,0.49444,0.00113,0.00000,
34.76,1,-4.29579,1.64985,-1.81219,0.47185,0.33552,0.04154,0.02967
34.76,2,-3.44841,2.33020,-2.63331,0.43524,0.35962,0.08671,0.02555
34.78,0,-4.50003,0.61864,-1.57132,0.49444,0.00108,0.00000,
34.78,1,-4.29829,1.64094,-1.80801,0.39799,-0.02543,0.04202,0.03956
34.78,2,-3.45565,2.32618,-2.62792,0.40442,0.24216,0.08610,0.03480
34.8,0,-4.50004,0.60875,-1.57130,0.49444,0.00104,0.00000,
34.8,1,-4.30035,1.63454,-1.80929,0.34551,0.05914,0.04505,0.04944
34.8,2,-3.46272,2.32220,-2.62253,0.40893,0.29572,0.08374,0.04150
34.82,0,-4.50004,0.59886,-1.57128,0.49444,0.00101,0.00000,
34.82,1,-4.30210,1.62796,-1.80537,0.32569,0.28527,0.04797,0.05933
34.82,2,-3.46950,2.31828,-2.61576,0.36930,0.35746,0.08155,0.04831
34.84,0,-4.50005,0.58897,-1.57126,0.49444,0.00097,0.00000,
34.84,1,-4.30398,1.61990,-1.79876,0.56477,0.45735,0.04941,0.01978
34.84,2,-3.47587,2.31456,-2.60950,0.34455,0.37977,0.08089,0.01155
34.86,0,-4.50005,0.57908,-1.57124,0.49444,0.00093,0.00000,
34.86,1,-4.30617,1.60942,-1.79132,0.49768,0.42214,0.04843,0.02967
34.86,2,-3.48060,2.31182,-2.59768,0.26024,0.56999,0.08394,0.02224
34.88,0,-4.50006,0.56919,-1.57122,0.49444,0.00090,0.00000,
34.88,1,-4.30812,1.59996,-1.78663,0.47126,0.07142,0.04848,0.03956
34.88,2,-3.48522,2.30902,-2.58931,0.30663,0.28746,0.08625,0.03191
34.9,0,-4.50006,0.55930,-1.57120,0.49444,0.00087,0.00000,
34.9,1,-4.31004,1.59267,-1.78955,0.32715,-0.21538,0.05070,0.04944
34.9,2,-3.49089,2.30549,-2.58474,0.34341,0.22074,0.08587,0.03943
34.92,0,-4.50006,0.54941,-1.57118,0.49444,0.00083,0.00000,
34.92,1,-4.31192,1.58459,-1.79133,0.56686,0.23180,0.05214,0.00989
34.92,2,-3.49630,2.30206,-2.58123,0.30536,0.14576,0.08628,0.04773
34.94,0,-4.50007,0.53953,-1.57117,0.49444,0.00080,0.00000,
34.94,1,-4.31398,1.57531,-1.78274,0.43047,0.52786,0.05237,0.01978
34.94,2,-3.50221,2.29830,-2.57480,0.42179,0.53580,0.08705,0.01450
34.96,0,-4.50007,0.52964,-1.57115,0.49444,0.00077,0.00000,
34.96,1,-4.31629,1.56666,-1.77618,0.46446,0.14243,0.05318,0.02967
34.96,2,-3.51019,2.29313,-2.56311,0.44624,0.37239,0.08515,0.02344
34.98,0,-4.50007,0.51975,-1.57114,0.49444,0.00075,0.00000,
34.98,1,-4.31843,1.55820,-1.77724,0.38731,-0.14434,0.05421,0.03956
34.98,2,-3.51729,2.28846,-2.55677,0.40786,0.30879,0.08403,0.03218
35.0,0,-4.50008,0.50986,-1.57112,0.49444,0.00072,0.00000,
35.0,1,-4.32012,1.55038,-1.77738,0.40606,0.08284,0.05597,0.04944
35.0,2,-3.52323,2.28450,-2.55066,0.28540,0.32956,0.08350,0.04017
35.02,0,-4.50008,0.49997,-1.57111,0.49444,0.00069,0.00000,
35.02,1,-4.32174,1.54127,-1.77302,0.56642,0.56544,0.05646,0.00989
35.02,2,-3.52802,2.28125,-2.54509,0.29534,0.24874,0.08515,0.04941
35.04,0,-4.50008,0.49008,-1.57109,0.49444,0.00067,0.00000,
35.04,1,-4.32340,1.53027,-1.76127,0.52396,0.64989,0.05509,0.01978
35.04,2,-3.53300,2.27787,-2.53962,0.24760,0.26696,0.08796,0.01632
35.06,0,-4.50009,0.48019,-1.57108,0.49444,0.00064,0.00000,
35.06,1,-4.32545,1.52016,-1.74995,0.51140,0.42404,0.05453,0.02967
35.06,2,-3.53704,2.27501,-2.53429,0.24762,0.26682,0.09151,0.02663
35.08,0,-4.50009,0.47030,-1.57107,0.49444,0.00062,0.00000,
35.08,1,-4.32751,1.51029,-1.74801,0.43178,-0.19134,0.05420,0.03956
35.08,2,-3.54112,2.27186,-2.52998,0.29662,0.14473,0.09472,0.03671
35.1,0,-4.50009,0.46041,-1.57106,0.49444,0.00060,0.00000,
35.1,1,-4.32913,1.50279,-1.75128,0.38990,-0.02878,0.05631,0.04944
35.1,2,-3.54763,2.26717,-2.52460,0.45811,0.32497,0.09317,0.04438
35.12,0,-4.50010,0.45053,-1.57104,0.49444,0.00057,0.00000,
35.12,1,-4.33060,1.49243,-1.74511,0.54413,0.60449,0.05560,0.00989
35.12,2,-3.55517,2.26191,-2.51819,0.44265,0.30428,0.09242,0.05483
35.14,0,-4.50010,0.44064,-1.57103,0.49444,0.00055,0.00000,
35.14,1,-4.33222,1.48224,-1.73753,0.52698,0.17893,0.05504,0.01978
35.14,2,-3.56186,2.25717,-2.51260,0.38724,0.26286,0.09269,0.06515
35.16,0,-4.50010,0.43075,-1.57102,0.49444,0.00053,0.00000,
35.16,1,-4.33421,1.47190,-1.73514,0.51466,0.07428,0.05428,0.02967
35.16,2,-3.56812,2.25266,-2.50758,0.45777,0.23840,0.09384,0.02664
35.18,0,-4.50010,0.42086,-1.57101,0.49444,0.00051,0.00000,
35.18,1,-4.33576,1.46271,-1.73562,0.37160,-0.16801,0.05473,0.03956
35.18,2,-3.57755,2.24580,-2.50028,0.59926,0.31695,0.09001,0.03596
35.2,0,-4.50010,0.41097,-1.57100,0.49444,0.00049,0.00000,
35.2,1,-4.33704,1.45518,-1.73695,0.39492,0.01009,0.05686,0.04944
35.2,2,-3.58676,2.23910,-2.49531,0.51909,0.05013,0.08511,0.04360
35.22,0,-4.50011,0.40108,-1.57099,0.49444,0.00048,0.00000,
35.22,1,-4.33837,1.44645,-1.73570,0.57803,0.14472,0.05781,0.00989
35.22,2,-3.59549,2.23245,-2.49224,0.58116,0.30274,0.08151,0.05243
35.24,0,-4.50011,0.39119,-1.57098,0.49444,0.00046,0.00000,
35.24,1,-4.33991,1.43509,-1.72855,0.54425,0.43082,0.05611,0.01978
35.24,2,-3.60333,2.22641,-2.48445,0.47909,0.35879,0.08109,0.01627
35.26,0,-4.50011,0.38130,-1.57097,0.49444,0.00044,0.00000,
35.26,1,-4.34165,1.42435,-1.72005,0.54286,0.42135,0.05501,0.02967
35.26,2,-3.61080,2.22067,-2.45256,0.43297,2.17231,0.08087,0.02715
35.28,0,-4.50011,0.37141,-1.57097,0.49444,0.00043,0.00000,
35.28,1,-4.34345,1.41416,-1.71466,0.49662,0.06615,0.05445,0.03956
35.28,2,-3.61565,2.21659,-2.41876,0.31192,1.52267,0.08332,0.03749
35.3,0,-4.50011,0.36153,-1.57096,0.49444,0.00041,0.00000,
35.3,1,-4.34477,1.40617,-1.71677,0.39034,-0.09429,0.05614,0.04944
35.3,2,-3.62077,2.21223,-2.40472,0.33909,0.27649,0.08347,0.04558
35.32,0,-4.50012,0.35164,-1.57095,0.49444,0.00040,0.00000,
35.32,1,-4.34590,1.39822,-1.71742,0.40875,0.00242,0.05788,0.05933
35.32,2,-3.62577,2.20762,-2.40124,0.34771,0.11372,0.08338,0.05362
35.34,0,-4.50012,0.34175,-1.57094,0.49444,0.00038,0.00000,
35.34,1,-4.34706,1.39000,-1.71726,0.47170,0.03307,0.05937,0.01978
35.34,2,-3.63160,2.20217,-2.39758,0.51232,0.36537,0.08236,0.01236
35.36,0,-4.50012,0.33186,-1.57093,0.49444,0.00037,0.00000,
35.36,1,-4.34837,1.37845,-1.71401,0.56627,0.22856,0.05753,0.02967
35.36,2,-3.63875,2.19544,-2.39498,0.46060,0.05340,0.08214,0.02399
35.38,0,-4.50012,0.32197,-1.57093,0.49444,0.00035,0.00000,
35.38,1,-4.34972,1.36733,-1.70934,0.52577,0.25804,0.05612,0.03956
35.38,2,-3.64548,2.18939,-2.39247,0.44157,0.18234,0.08247,0.03519
35.4,0,-4.50012,0.31208,-1.57092,0.49444,0.00034,0.00000,
35.4,1,-4.35118,1.35715,-1.70751,0.46970,-0.08246,0.05563,0.04944
35.4,2,-3.65160,2.18366,-2.38843,0.37087,0.18912,0.08284,0.04547
35.42,0,-4.50012,0.30219,-1.57091,0.49444,0.00033,0.00000,
35.42,1,-4.35250,1.34978,-1.71278,0.41036,-0.70347,0.05794,0.00989
35.42,2,-3.65671,2.17882,-2.38510,0.35452,0.16279,0.08233,0.05295
35.44,0,-4.50012,0.29230,-1.57091,0.49444,0.00032,0.00000,
35.44,1,-4.35353,1.34138,-1.72280,0.41754,-0.25393,0.05927,0.01978
35.44,2,-3.66190,2.17387,-2.38164,0.36091,0.18055,0.08231,0.06141
35.46,0,-4.50012,0.28241,-1.57090,0.49444,0.00030,0.00000,
35.46,1,-4.35464,1.33310,-1.72261,0.46904,0.09195,0.06071,0.02967
35.46,2,-3.66684,2.16916,-2.37260,0.32513,0.61077,0.08262,0.02052
35.48,0,-4.50013,0.27253,-1.57089,0.49444,0.00029,0.00000,
35.48,1,-4.35619,1.32314,-1.72118,0.51026,0.04534,0.06043,0.03956
35.48,2,-3.67156,2.16460,-2.36385,0.33530,0.26426,0.08479,0.03060
35.5,0,-4.50013,0.26264,-1.57089,0.49444,0.00028,0.00000,
35.5,1,-4.35769,1.31374,-1.72103,0.39803,-0.07959,0.06071,0.04944
35.5,2,-3.67644,2.15979,-2.36091,0.34521,0.10702,0.08623,0.04011
35.52,0,-4.50013,0.25275,-1.57088,0.49444,0.00027,0.00000,
35.52,1,-4.35899,1.30591,-1.72146,0.40012,0.02374,0.06258,0.05933
35.52,2,-3.68130,2.15498,-2.35812,0.33745,0.17358,0.08637,0.04805
35.54,0,-4.50013,0.24286,-1.57088,0.49444,0.00026,0.00000,
35.54,1,-4.36034,1.29464,-1.72059,0.61526,-0.05020,0.06103,0.01978
35.54,2,-3.68600,2.15030,-2.35420,0.32776,0.20176,0.08945,0.01533
35.56,0,-4.50013,0.23297,-1.57087,0.49444,0.00025,0.00000,
35.56,1,-4.36180,1.28456,-1.72016,0.48635,0.02436,0.06064,0.02967
35.56,2,-3.69079,2.14557,-2.36292,0.32492,-0.62758,0.09161,0.02552
35.58,0,-4.50013,0.22308,-1.57087,0.49444,0.00024,0.00000,
35.58,1,-4.36336,1.27533,-1.72072,0.38103,-0.14342,0.06110,0.03956
35.58,2,-3.69536,2.14107,-2.37464,0.28468,-0.21102,0.09349,0.03487
35.6,0,-4.50013,0.21319,-1.57086,0.49444,0.00024,0.00000,
35.6,1,-4.36476,1.26850,-1.72401,0.35405,-0.18885,0.06396,0.04944
35.6,2,-3.70034,2.13662,-2.37707,0.37498,0.06297,0.09320,0.04183
35.62,0,-4.50013,0.20330,-1.57086,0.49444,0.00023,0.00000,
35.62,1,-4.36599,1.26119,-1.72583,0.38434,0.01013,0.06636,0.05933
35.62,2,-3.70577,2.13116,-2.37336,0.41338,-0.01538,0.09213,0.04925
35.64,0,-4.50013,0.19341,-1.57085,0.49444,0.00022,0.00000,
35.64,1,-4.36717,1.25141,-1.71890,0.52758,0.47775,0.06631,0.01978
35.64,2,-3.71300,2.12413,-2.38262,0.51615,-0.38919,0.09068,0.05909
35.66,0,-4.50013,0.18353,-1.57085,0.49444,0.00021,0.00000,
35.66,1,-4.36844,1.24182,-1.70874,0.48077,0.42127,0.06646,0.02967
35.66,2,-3.72144,2.11640,-2.39950,0.60004,-0.73739,0.08789,0.02331
35.68,0,-4.50013,0.17364,-1.57085,0.49444,0.00020,0.00000,
35.68,1,-4.37016,1.23210,-1.70432,0.49443,0.05397,0.06642,0.03956
35.68,2,-3.73016,2.10830,-2.40519,0.54084,0.14051,0.08505,0.03317
35.7,0,-4.50013,0.16375,-1.57084,0.49444,0.00020,0.00000,
35.7,1,-4.37144,1.22260,-1.70530,0.46591,-0.08329,0.06664,0.04944
35.7,2,-3.73680,2.10236,-2.39537,0.36446,0.56222,0.08478,0.04276
35.72,0,-4.50013,0.15386,-1.57084,0.49444,0.00019,0.00000,
35.72,1,-4.37254,1.21386,-1.70693,0.56991,0.05487,0.06765,0.00989
35.72,2,-3.74120,2.09880,-2.38676,0.26442,0.40068,0.08707,0.05157
35.74,0,-4.50013,0.14397,-1.57083,0.49444,0.00018,0.00000,
35.74,1,-4.37364,1.20141,-1.70210,0.56472,0.33897,0.06498,0.01978
35.74,2,-3.74583,2.09459,-2.38285,0.42184,-0.34897,0.09175,0.01718
35.76,0,-4.50013,0.13408,-1.57083,0.49444,0.00017,0.00000,
35.76,1,-4.37499,1.19060,-1.69810,0.54917,0.12662,0.06391,0.02967
35.76,2,-3.75186,2.08902,-2.39179,0.36449,-0.35674,0.09337,0.02807
35.78,0,-4.50013,0.12419,-1.57083,0.49444,0.00017,0.00000,
35.78,1,-4.37660,1.18026,-1.69628,0.43432,-0.03537,0.06327,0.03956
35.78,2,-3.75720,2.08448,-2.39837,0.34797,-0.30731,0.09603,0.03853
35.8,0,-4.50013,0.11430,-1.57082,0.49444,0.00016,0.00000,
35.8,1,-4.37779,1.17309,-1.69749,0.36925,0.00846,0.06584,0.04944
35.8,2,-3.76265,2.07971,-2.39763,0.38083,0.34742,0.09560,0.04579
35.82,0,-4.50014,0.10442,-1.57082,0.49444,0.00016,0.00000,
35.82,1,-4.37871,1.16573,-1.69630,0.34629,0.10419,0.06824,0.05933
35.82,2,-3.76818,2.07465,-2.38797,0.37110,0.52683,0.09493,0.05320
35.84,0,-4.50014,0.09453,-1.57082,0.49444,0.00015,0.00000,
35.84,1,-4.37974,1.15772,-1.69537,0.44947,-0.00388,0.06998,0.06922
35.84,2,-3.77361,2.06956,-2.37812,0.36936,0.44881,0.09492,0.06129
35.86,0,-4.50014,0.08464,-1.57081,0.49444,0.00015,0.00000,
35.86,1,-4.38092,1.14640,-1.69428,0.62418,0.15472,0.06843,0.02967
35.86,2,-3.77892,2.06447,-2.36985,0.40696,0.46835,0.09785,0.02309
35.88,0,-4.50014,0.07475,-1.57081,0.49444,0.00014,0.00000,
35.88,1,-4.38215,1.13411,-1.69101,0.57747,0.20982,0.06592,0.03956
35.88,2,-3.78596,2.05745,-2.36084,0.47364,0.31320,0.09909,0.03543
35.9,0,-4.50014,0.06486,-1.57081,0.49444,0.00013,0.00000,
35.9,1,-4.38346,1.12303,-1.68864,0.52835,0.02921,0.06459,0.04944
35.9,2,-3.79230,2.05099,-2.35527,0.44533,0.29608,0.10026,0.04658
35.92,0,-4.50014,0.05497,-1.57081,0.49444,0.00013,0.00000,
35.92,1,-4.38468,1.11250,-1.69076,0.58173,-0.19246,0.06382,0.00989
35.92,2,-3.79825,2.04499,-2.34831,0.37179,0.32894,0.10156,0.05719
35.94,0,-4.50014,0.04508,-1.57080,0.49444,0.00013,0.00000,
35.94,1,-4.38586,1.10095,-1.69485,0.57577,-0.24668,0.06203,0.01978
35.94,2,-3.80443,2.03868,-2.33659,0.45500,0.67069,0.10336,0.01740
35.96,0,-4.50014,0.03519,-1.57080,0.49444,0.00012,0.00000,
35.96,1,-4.38694,1.09096,-1.69793,0.51017,-0.07088,0.06182,0.02967
35.96,2,-3.81092,2.03223,-2.32634,0.44057,0.31888,0.10353,0.02745
35.98,0,-4.50014,0.02530,-1.57080,0.49444,0.00012,0.00000,
35.98,1,-4.38821,1.08235,-1.69988,0.39636,-0.11623,0.06296,0.03956
35.98,2,-3.81764,2.02509,-2.31992,0.53873,0.38158,0.10196,0.03615
36.0,0,-4.50014,0.01542,-1.57080,0.49444,0.00011,0.00000,
36.0,1,-4.38950,1.07447,-1.70178,0.40404,-0.03973,0.06481,0.04944
36.0,2,-3.82511,2.01696,-2.31165,0.54706,0.41827,0.09856,0.04413
36.02,0,-4.50014,0.00553,-1.57079,0.49444,0.00011,0.00000,
36.02,1,-4.39059,1.06634,-1.70108,0.41252,0.07410,0.06645,0.05933
36.02,2,-3.83215,2.00921,-2.30363,0.50375,0.38531,0.09584,0.05233
36.04,0,-4.50014,-0.00436,-1.57079,0.49444,0.00010,0.00000,
36.04,1,-4.39163,1.05790,-1.69941,0.49524,0.15046,0.06779,0.01978
36.04,2,-3.83858,2.00211,-2.29654,0.43875,0.29833,0.09426,0.06083
36.06,0,-4.50014,-0.01425,-1.57079,0.49444,0.00010,0.00000,
36.06,1,-4.39266,1.04648,-1.69275,0.55094,0.40169,0.06617,0.02967
36.06,2,-3.84451,1.99554,-2.28983,0.44746,0.36394,0.09598,0.07229
36.08,0,-4.50014,-0.02414,-1.57079,0.49444,0.00010,0.00000,
36.08,1,-4.39388,1.03592,-1.68446,0.53135,0.39876,0.06538,0.03956
36.08,2,-3.84875,1.99100,-2.28118,0.27553,0.40664,0.09970,0.03471
36.1,0,-4.50014,-0.03403,-1.57079,0.49444,0.00009,0.00000,
36.1,1,-4.39518,1.02584,-1.68012,0.49443,0.04281,0.06506,0.04944
36.1,2,-3.85177,1.98816,-2.27515,0.16889,0.16426,0.10515,0.04487
36.12,0,-4.50014,-0.04392,-1.57078,0.49444,0.00009,0.00000,
36.12,1,-4.39619,1.01831,-1.68173,0.37404,-0.04686,0.06730,0.05933
36.12,2,-3.85486,1.98485,-2.27224,0.26880,0.19820,0.10781,0.05247
36.14,0,-4.50014,-0.05381,-1.57078,0.49444,0.00009,0.00000,
36.14,1,-4.39705,1.01054,-1.68144,0.40022,0.04518,0.06933,0.06922
36.14,2,-3.85832,1.98034,-2.26827,0.30182,0.03783,0.10938,0.01149
36.16,0,-4.50014,-0.06370,-1.57078,0.49444,0.00008,0.00000,
36.16,1,-4.39789,1.00193,-1.67932,0.55225,0.36892,0.07052,0.02967
36.16,2,-3.86223,1.97566,-2.26762,0.31497,0.05477,0.11134,0.02014
36.18,0,-4.50014,-0.07358,-1.57078,0.49444,0.00008,0.00000,
36.18,1,-4.39871,0.99128,-1.67170,0.49562,0.37527,0.06968,0.03956
36.18,2,-3.86668,1.97031,-2.26316,0.37676,0.36043,0.11426,0.03082
36.2,0,-4.50014,-0.08347,-1.57078,0.49444,0.00008,0.00000,
36.2,1,-4.39992,0.98123,-1.66754,0.50576,0.07209,0.06941,0.04944
36.2,2,-3.87173,1.96414,-2.25454,0.40470,0.43858,0.11584,0.04094
36.22,0,-4.50014,-0.09336,-1.57078,0.49444,0.00007,0.00000,
36.22,1,-4.40088,0.97195,-1.66858,0.37204,-0.15644,0.06992,0.05933
36.22,2,-3.87665,1.95804,-2.24674,0.38625,0.36308,0.11678,0.05027
36.24,0,-4.50014,-0.10325,-1.57077,0.49444,0.00007,0.00000,
36.24,1,-4.40168,0.96479,-1.67021,0.37598,0.00041,0.07257,0.06922
36.24,2,-3.88140,1.95210,-2.23980,0.37587,0.33920,0.11600,0.05747
36.26,0,-4.50013,-0.11314,-1.57077,0.49444,0.00007,0.00000,
36.26,1,-4.40246,0.95572,-1.66869,0.52904,0.18333,0.07331,0.02967
36.26,2,-3.88724,1.94451,-2.22722,0.50441,0.72273,0.11497,0.02067
36.28,0,-4.50013,-0.12303,-1.57077,0.49444,0.00007,0.00000,
36.28,1,-4.40324,0.94556,-1.66465,0.50922,0.20215,0.07297,0.03956
36.28,2,-3.89330,1.93679,-2.21621,0.49640,0.41866,0.11470,0.03086
36.3,0,-4.50013,-0.13292,-1.57077,0.49444,0.00006,0.00000,
36.3,1,-4.40406,0.93621,-1.66064,0.46986,0.11569,0.07344,0.04944
36.3,2,-3.89957,1.92838,-2.21017,0.53508,0.25270,0.11306,0.04024
36.32,0,-4.50013,-0.14281,-1.57077,0.49444,0.00006,0.00000,
36.32,1,-4.40494,0.92484,-1.66008,0.70785,0.02877,0.07188,0.00989
36.32,2,-3.90580,1.91992,-2.20474,0.51241,0.29747,0.11325,0.05165
36.34,0,-4.50013,-0.15270,-1.57077,0.49444,0.00006,0.00000,
36.34,1,-4.40583,0.91065,-1.65820,0.67801,0.10396,0.06752,0.01978
36.34,2,-3.91136,1.91254,-2.19967,0.44476,0.29007,0.11726,0.06586
36.36,0,-4.50013,-0.16258,-1.57077,0.49444,0.00006,0.00000,
36.36,1,-4.40675,0.89863,-1.65747,0.58488,-0.04162,0.06532,0.02967
36.36,2,-3.91673,1.90520,-2.19295,0.53009,0.34518,0.11951,0.03276
36.38,0,-4.50013,-0.17247,-1.57077,0.49444,0.00006,0.00000,
36.38,1,-4.40769,0.89004,-1.66081,0.37795,-0.20284,0.06653,0.03956
36.38,2,-3.92176,1.89860,-2.18435,0.40655,0.40893,0.11952,0.04140
36.4,0,-4.50013,-0.18236,-1.57077,0.49444,0.00005,0.00000,
36.4,1,-4.40868,0.88251,-1.66471,0.38412,-0.16298,0.06880,0.04944
36.4,2,-3.92672,1.89184,-2.17641,0.44755,0.34973,0.11850,0.04898
36.42,0,-4.50013,-0.19225,-1.57076,0.49444,0.00005,0.00000,
36.42,1,-4.40950,0.87457,-1.66574,0.41061,0.02441,0.07066,0.05933
36.42,2,-3.93235,1.88377,-2.17066,0.51898,0.26079,0.11631,0.05697
36.44,0,-4.50013,-0.20214,-1.57076,0.49444,0.00005,0.00000,
36.44,1,-4.41025,0.86476,-1.66410,0.61408,0.17343,0.07068,0.01978
36.44,2,-3.93818,1.87529,-2.16477,0.52533,0.28613,0.11536,0.06680
36.46,0,-4.50013,-0.21203,-1.57076,0.49444,0.00005,0.00000,
36.46,1,-4.41100,0.85264,-1.65826,0.59045,0.31697,0.06839,0.02967
36.46,2,-3.94374,1.86725,-2.15870,0.44871,0.34134,0.11704,0.02604
36.48,0,-4.50013,-0.22192,-1.57076,0.49444,0.00005,0.00000,
36.48,1,-4.41184,0.84154,-1.65175,0.53696,0.27737,0.06712,0.03956
36.48,2,-3.94892,1.85992,-2.15187,0.44862,0.34110,0.11865,0.03717
36.5,0,-4.50013,-0.23181,-1.57076,0.49444,0.00004,0.00000,
36.5,1,-4.41282,0.83147,-1.65027,0.40103,-0.09317,0.06685,0.04944
36.5,2,-3.95369,1.85348,-2.14077,0.34123,0.43434,0.12041,0.04729
36.52,0,-4.50013,-0.24170,-1.57076,0.49444,0.00004,0.00000,
36.52,1,-4.41358,0.82427,-1.65184,0.37632,-0.02468,0.06947,0.05933
36.52,2,-3.95778,1.84807,-2.13194,0.34673,0.50288,0.12068,0.05453
36.54,0,-4.50013,-0.25158,-1.57076,0.49444,0.00004,0.00000,
36.54,1,-4.41422,0.81581,-1.65139,0.52937,0.10070,0.07084,0.01978
36.54,2,-3.96138,1.84161,-2.11844,0.39887,0.82991,0.12131,0.01217
36.56,0,-4.50013,-0.26147,-1.57076,0.49444,0.00004,0.00000,
36.56,1,-4.41486,0.80589,-1.64426,0.49473,0.35836,0.07076,0.02967
36.56,2,-3.96543,1.83490,-2.10624,0.40835,0.37504,0.12288,0.02210
36.58,0,-4.50013,-0.27136,-1.57076,0.49444,0.00004,0.00000,
36.58,1,-4.41583,0.79630,-1.63813,0.44949,0.21134,0.07099,0.03956
36.58,2,-3.97001,1.82745,-2.10291,0.44490,0.09927,0.12340,0.03174
36.6,0,-4.50013,-0.28125,-1.57076,0.49444,0.00004,0.00000,
36.6,1,-4.41664,0.78723,-1.63834,0.40331,-0.14303,0.07174,0.04944
36.6,2,-3.97443,1.82011,-2.09979,0.41191,0.21539,0.12355,0.04084
36.62,0,-4.50013,-0.29114,-1.57076,0.49444,0.00004,0.00000,
36.62,1,-4.41722,0.77879,-1.64042,0.43246,-0.05770,0.07314,0.05933
36.62,2,-3.97831,1.81380,-2.09596,0.35138,0.22452,0.12422,0.00430
36.64,0,-4.50013,-0.30103,-1.57075,0.49444,0.00003,0.00000,
36.64,1,-4.41775,0.77023,-1.64088,0.42200,-0.00826,0.07443,0.06922
36.64,2,-3.98203,1.80790,-2.08893,0.33223,0.35212,0.12543,0.01288
36.66,0,-4.50013,-0.31092,-1.57075,0.49444,0.00003,0.00000,
36.66,1,-4.41829,0.75994,-1.64046,0.62641,0.07728,0.07398,0.02967
36.66,2,-3.98554,1.80201,-2.08176,0.36803,0.33368,0.12835,0.02318
36.68,0,-4.50013,-0.32081,-1.57075,0.49444,0.00003,0.00000,
36.68,1,-4.41884,0.74842,-1.63825,0.57455,0.11216,0.07231,0.03956
36.68,2,-3.98960,1.79481,-2.07668,0.44171,0.20472,0.13101,0.03472
36.7,0,-4.50013,-0.33070,-1.57075,0.49444,0.00003,0.00000,
36.7,1,-4.41946,0.73752,-1.63622,0.53174,0.05045,0.07126,0.04944
36.7,2,-3.99389,1.78722,-2.07145,0.45153,0.22727,0.13269,0.04563
36.72,0,-4.50013,-0.34058,-1.57075,0.49444,0.00003,0.00000,
36.72,1,-4.42015,0.72554,-1.63638,0.67518,-0.01031,0.06912,0.00989
36.72,2,-3.99839,1.77908,-2.06789,0.46534,0.16750,0.13483,0.05764
36.74,0,-4.50013,-0.35047,-1.57075,0.49444,0.00003,0.00000,
36.74,1,-4.42083,0.71205,-1.63660,0.67518,-0.01039,0.06548,0.01978
36.74,2,-4.00299,1.77042,-2.06340,0.61201,0.44188,0.13787,0.02009
36.76,0,-4.50013,-0.36036,-1.57075,0.49444,0.00003,0.00000,
36.76,1,-4.42149,0.70039,-1.63668,0.56866,-0.02894,0.06367,0.02967
36.76,2,-4.00858,1.75941,-2.05278,0.60819,0.54999,0.13666,0.03176
36.78,0,-4.50013,-0.37025,-1.57075,0.49444,0.00003,0.00000,
36.78,1,-4.42219,0.69182,-1.63900,0.34206,-0.16653,0.06492,0.03956
36.78,2,-4.01419,1.74915,-2.04323,0.59799,0.25552,0.13332,0.04036
36.8,0,-4.50013,-0.38014,-1.57075,0.49444,0.00003,0.00000,
36.8,1,-4.42295,0.68499,-1.64247,0.34647,-0.20204,0.06792,0.04944
36.8,2,-4.01990,1.73830,-2.04143,0.61588,0.04309,0.12779,0.04722
36.82,0,-4.50012,-0.39003,-1.57075,0.49444,0.00003,0.00000,
36.82,1,-4.42365,0.67764,-1.64510,0.41488,-0.00876,0.07041,0.00989
36.82,2,-4.02505,1.72854,-2.04124,0.53742,0.14558,0.12395,0.05460
36.84,0,-4.50012,-0.39992,-1.57075,0.49444,0.00002,0.00000,
36.84,1,-4.42423,0.66641,-1.63871,0.58968,0.44612,0.06902,0.01978
36.84,2,-4.02982,1.71914,-2.03562,0.55547,0.46449,0.12420,0.01507
36.86,0,-4.50012,-0.40981,-1.57075,0.49444,0.00002,0.00000,
36.86,1,-4.42487,0.65583,-1.62921,0.52674,0.44028,0.06829,0.02967
36.86,2,-4.03475,1.70888,-2.02926,0.56947,0.31814,0.12299,0.02567
36.88,0,-4.50012,-0.41970,-1.57075,0.49444,0.00002,0.00000,
36.88,1,-4.42606,0.64541,-1.62222,0.49488,0.26089,0.06768,0.03956
36.88,2,-4.03927,1.69929,-2.02579,0.47645,0.09954,0.12262,0.03614
36.9,0,-4.50012,-0.42958,-1.57075,0.49444,0.00002,0.00000,
36.9,1,-4.42676,0.63637,-1.62150,0.34884,-0.10001,0.06847,0.04944
36.9,2,-4.04282,1.69237,-2.02517,0.31215,-0.06018,0.12364,0.04521
36.92,0,-4.50012,-0.43947,-1.57075,0.49444,0.00002,0.00000,
36.92,1,-4.42703,0.62911,-1.62149,0.37384,0.08245,0.07108,0.05933
36.92,2,-4.04583,1.68655,-2.02197,0.34450,0.28254,0.12405,0.05247
36.94,0,-4.50012,-0.44936,-1.57075,0.49444,0.00002,0.00000,
36.94,1,-4.42726,0.62018,-1.62043,0.59245,-0.12687,0.07203,0.01978
36.94,2,-4.04897,1.68011,-2.01640,0.36313,0.23878,0.12541,0.06139
36.96,0,-4.50012,-0.45925,-1.57075,0.49444,0.00002,0.00000,
36.96,1,-4.42752,0.60929,-1.62251,0.54230,-0.10330,0.07101,0.02967
36.96,2,-4.05231,1.67289,-2.01059,0.53303,0.38731,0.12783,0.02351
36.98,0,-4.50012,-0.46914,-1.57075,0.49444,0.00002,0.00000,
36.98,1,-4.42767,0.59919,-1.62301,0.48511,0.10118,0.07078,0.03956
36.98,2,-4.05637,1.66379,-2.00104,0.47776,0.52860,0.12750,0.03362
37.0,0,-4.50012,-0.47903,-1.57075,0.49444,0.00002,0.00000,
37.0,1,-4.42796,0.58999,-1.62150,0.36089,-0.02863,0.07146,0.04944
37.0,2,-4.06033,1.65539,-1.99112,0.46063,0.33735,0.12704,0.04282
37.02,0,-4.50012,-0.48892,-1.57075,0.49444,0.00002,0.00000,
37.02,1,-4.42845,0.58232,-1.62858,0.45654,-0.87877,0.07363,0.00989
37.02,2,-4.06402,1.64749,-1.98921,0.36269,-0.13409,0.12579,0.05050
37.04,0,-4.50012,-0.49881,-1.57074,0.49444,0.00002,0.00000,
37.04,1,-4.42888,0.57338,-1.63941,0.40747,-0.20175,0.07455,0.01978
37.04,2,-4.06706,1.64146,-1.98946,0.39281,0.23597,0.12770,0.01314
37.06,0,-4.50012,-0.50870,-1.57074,0.49444,0.00002,0.00000,
37.06,1,-4.42947,0.56482,-1.64517,0.45119,-0.41889,0.07584,0.02967
37.06,2,-4.07055,1.63327,-1.98661,0.40944,0.21753,0.12712,0.02171
37.08,0,-4.50012,-0.51858,-1.57074,0.49444,0.00002,0.00000,
37.08,1,-4.43024,0.55614,-1.65053,0.39628,-0.12730,0.07699,0.03956
37.08,2,-4.07377,1.62602,-1.98174,0.43179,0.14038,0.12771,0.03043
37.1,0,-4.50012,-0.52847,-1.57074,0.49444,0.00002,0.00000,
37.1,1,-4.43096,0.54779,-1.64962,0.43094,0.12238,0.07848,0.04944
37.1,2,-4.07749,1.61753,-1.98012,0.47057,0.08625,0.12663,0.03881
37.12,0,-4.50012,-0.53836,-1.57074,0.49444,0.00001,0.00000,
37.12,1,-4.43165,0.53941,-1.64757,0.38386,0.08193,0.07995,0.05933
37.12,2,-4.08092,1.61024,-1.97982,0.40764,0.21283,0.12680,0.00409
37.14,0,-4.50012,-0.54825,-1.57074,0.49444,0.00001,0.00000,
37.14,1,-4.43230,0.52947,-1.64662,0.64259,0.08945,0.07985,0.01978
37.14,2,-4.08428,1.60280,-1.97549,0.41154,0.22986,0.12834,0.01405
37.16,0,-4.50012,-0.55814,-1.57074,0.49444,0.00001,0.00000,
37.16,1,-4.43297,0.51708,-1.64452,0.59367,0.12358,0.07732,0.02967
37.16,2,-4.08753,1.59518,-1.97043,0.39892,0.34579,0.13209,0.02646
37.18,0,-4.50012,-0.56803,-1.57074,0.49444,0.00001,0.00000,
37.18,1,-4.43356,0.50567,-1.64288,0.54877,0.02331,0.07576,0.03956
37.18,2,-4.09118,1.58669,-1.96659,0.49832,0.10988,0.13394,0.03788
37.2,0,-4.50012,-0.57792,-1.57074,0.49444,0.00001,0.00000,
37.2,1,-4.43427,0.49633,-1.64371,0.36800,-0.09631,0.07626,0.04944
37.2,2,-4.09506,1.57748,-1.96438,0.48792,0.13304,0.13311,0.04725
37.22,0,-4.50011,-0.58781,-1.57074,0.49444,0.00001,0.00000,
37.22,1,-4.43497,0.48872,-1.64516,0.39312,-0.08048,0.07849,0.05933
37.22,2,-4.09868,1.56877,-1.96056,0.48053,0.30682,0.13120,0.00388
37.24,0,-4.50011,-0.59770,-1.57074,0.49444,0.00001,0.00000,
37.24,1,-4.43562,0.48061,-1.64575,0.41408,0.01583,0.08023,0.06922
37.24,2,-4.10240,1.55971,-1.95374,0.48359,0.29515,0.12938,0.01201
37.26,0,-4.50011,-0.60758,-1.57074,0.49444,0.00001,0.00000,
37.26,1,-4.43624,0.47143,-1.64452,0.55395,0.14166,0.08090,0.02967
37.26,2,-4.10586,1.55114,-1.94974,0.44571,0.14032,0.12912,0.02121
37.28,0,-4.50011,-0.61747,-1.57074,0.49444,0.00001,0.00000,
37.28,1,-4.43685,0.46055,-1.63769,0.54506,0.34220,0.07987,0.03956
37.28,2,-4.10899,1.54363,-1.94862,0.38293,0.06297,0.13162,0.03211
37.3,0,-4.50011,-0.62736,-1.57074,0.49444,0.00001,0.00000,
37.3,1,-4.43772,0.44972,-1.63082,0.53558,0.33030,0.07889,0.04944
37.3,2,-4.11196,1.53634,-1.94514,0.40167,0.22181,0.13439,0.04297
37.32,0,-4.50011,-0.63725,-1.57074,0.49444,0.00001,0.00000,
37.32,1,-4.43846,0.43972,-1.62794,0.47084,-0.00348,0.07874,0.05933
37.32,2,-4.11493,1.52883,-1.94113,0.40158,0.16997,0.13615,0.05300
37.34,0,-4.50011,-0.64714,-1.57074,0.49444,0.00001,0.00000,
37.34,1,-4.43896,0.42852,-1.62861,0.67492,0.06318,0.07740,0.01978
37.34,2,-4.11783,1.52131,-1.93829,0.47316,0.13284,0.13900,0.01606
37.36,0,-4.50011,-0.65703,-1.57074,0.49444,0.00001,0.00000,
37.36,1,-4.43947,0.41552,-1.62643,0.57713,0.13980,0.07426,0.02967
37.36,2,-4.12131,1.51155,-1.92957,0.50483,0.51971,0.14127,0.02907
37.38,0,-4.50011,-0.66692,-1.57074,0.49444,0.00001,0.00000,
37.38,1,-4.44018,0.40412,-1.62435,0.55291,0.06488,0.07272,0.03956
37.38,2,-4.12492,1.50232,-1.92010,0.49907,0.33040,0.14255,0.04048
37.4,0,-4.50011,-0.67681,-1.57074,0.49444,0.00001,0.00000,
37.4,1,-4.44076,0.39568,-1.62473,0.35827,-0.02390,0.07413,0.04944
37.4,2,-4.12862,1.49233,-1.91785,0.55232,0.01021,0.14020,0.04895
37.42,0,-4.50011,-0.68669,-1.57074,0.49444,0.00001,0.00000,
37.42,1,-4.44125,0.38842,-1.62529,0.37517,-0.02864,0.07673,0.05933
37.42,2,-4.13235,1.48195,-1.91723,0.54275,0.07431,0.13632,0.05622
37.44,0,-4.50011,-0.69658,-1.57074,0.49444,0.00001,0.00000,
37.44,1,-4.44171,0.38041,-1.62543,0.46261,0.04666,0.07857,0.01978
37.44,2,-4.13571,1.47306,-1.91566,0.41203,0.00191,0.13469,0.01171
37.46,0,-4.50011,-0.70647,-1.57074,0.49444,0.00001,0.00000,
37.46,1,-4.44217,0.36921,-1.62424,0.56497,0.06036,0.07724,0.02967
37.46,2,-4.13871,1.46615,-1.91699,0.31028,-0.16302,0.13814,0.02292
37.48,0,-4.50011,-0.71636,-1.57074,0.49444,0.00001,0.00000,
37.48,1,-4.44263,0.35909,-1.62243,0.50053,0.09283,0.07699,0.03956
37.48,2,-4.14146,1.46146,-1.90989,0.20969,0.70615,0.14277,0.03305
37.5,0,-4.50011,-0.72625,-1.57074,0.49444,0.00001,0.00000,
37.5,1,-4.44303,0.34928,-1.62150,0.48904,-0.00003,0.07704,0.04944
37.5,2,-4.14376,1.45934,-1.89996,0.14497,0.45409,0.14970,0.04287
37.52,0,-4.50011,-0.73614,-1.57074,0.49444,0.00001,0.00000,
37.52,1,-4.44350,0.34144,-1.62271,0.37714,-0.05294,0.07907,0.05933
37.52,2,-4.14539,1.45556,-1.89207,0.23895,0.43421,0.15332,0.05072
37.54,0,-4.50011,-0.74603,-1.57074,0.49444,0.00001,0.00000,
37.54,1,-4.44396,0.33277,-1.62288,0.57961,0.03410,0.08026,0.01978
37.54,2,-4.14684,1.45055,-1.87546,0.27148,0.95499,0.15659,0.05940
37.56,0,-4.50011,-0.75592,-1.57074,0.49444,0.00001,0.00000,
37.56,1,-4.44443,0.32214,-1.62123,0.52479,0.08576,0.07949,0.02967
37.56,2,-4.14882,1.44411,-1.86926,0.39119,-0.25425,0.16026,0.02301
37.58,0,-4.50010,-0.76581,-1.57074,0.49444,0.00001,0.00000,
37.58,1,-4.44489,0.31213,-1.61938,0.47042,0.08865,0.07935,0.03956
37.58,2,-4.15120,1.43593,-1.86733,0.44655,0.26334,0.16154,0.03303
37.6,0,-4.50010,-0.77569,-1.57074,0.49444,0.00001,0.00000,
37.6,1,-4.44536,0.30263,-1.61916,0.40145,-0.06930,0.07971,0.04944
37.6,2,-4.15372,1.42729,-1.86311,0.44504,0.13266,0.16186,0.04254
37.62,0,-4.50010,-0.78558,-1.57074,0.49444,0.00001,0.00000,
37.62,1,-4.44580,0.29473,-1.62030,0.41269,-0.02509,0.08168,0.05933
37.62,2,-4.15622,1.41902,-1.86190,0.42188,0.02791,0.16099,0.05045
37.64,0,-4.50010,-0.79547,-1.57074,0.49444,0.00001,0.00000,
37.64,1,-4.44623,0.28444,-1.61986,0.53253,0.06363,0.08125,0.01978
37.64,2,-4.15862,1.41108,-1.86121,0.41152,0.04864,0.16277,0.06075
37.66,0,-4.50010,-0.80536,-1.57074,0.49444,0.00001,0.00000,
37.66,1,-4.44668,0.27482,-1.61814,0.47741,0.07666,0.08150,0.02967
37.66,2,-4.16100,1.40305,-1.85995,0.49347,0.07133,0.16383,0.02398
37.68,0,-4.50010,-0.81525,-1.57074,0.49444,0.00001,0.00000,
37.68,1,-4.44715,0.26514,-1.61768,0.48967,-0.01505,0.08169,0.03956
37.68,2,-4.16328,1.39673,-1.85718,0.29149,0.06907,0.16665,0.03367
37.7,0,-4.50010,-0.82514,-1.57074,0.49444,0.00001,0.00000,
37.7,1,-4.44759,0.25690,-1.61870,0.40622,-0.03708,0.08331,0.04944
37.7,2,-4.16524,1.39275,-1.86023,0.21888,-0.39298,0.17042,0.04193
37.72,0,-4.50010,-0.83503,-1.57074,0.49444,0.00000,0.00000,
37.72,1,-4.44800,0.24736,-1.61865,0.63340,0.04435,0.08365,0.00989
37.72,2,-4.16728,1.38790,-1.87102,0.31294,-0.40634,0.17457,0.05147
37.74,0,-4.50010,-0.84492,-1.57074,0.49444,0.00000,0.00000,
37.74,1,-4.44841,0.23650,-1.61694,0.51180,0.10023,0.08265,0.01978
37.74,2,-4.16935,1.38118,-1.86958,0.38690,0.45427,0.17821,0.01626
37.76,0,-4.50010,-0.85481,-1.57074,0.49444,0.00000,0.00000,
37.76,1,-4.44888,0.22628,-1.61513,0.51018,0.06124,0.08230,0.02967
37.76,2,-4.17142,1.37335,-1.85683,0.40825,0.63218,0.18015,0.02649
37.78,0,-4.50010,-0.86469,-1.57074,0.49444,0.00000,0.00000,
37.78,1,-4.44933,0.21709,-1.61529,0.39581,-0.05072,0.08298,0.03956
37.78,2,-4.17407,1.36495,-1.85069,0.47334,0.04560,0.18040,0.03569
37.8,0,-4.50010,-0.87458,-1.57074,0.49444,0.00000,0.00000,
37.8,1,-4.44971,0.20884,-1.61589,0.42620,-0.01206,0.08460,0.04944
37.8,2,-4.17686,1.35537,-1.85172,0.50799,-0.05193,0.17855,0.04394
37.82,0,-4.50010,-0.88447,-1.57074,0.49444,0.00000,0.00000,
37.82,1,-4.45008,0.20032,-1.61589,0.40005,0.01253,0.08594,0.05933
37.82,2,-4.17959,1.34580,-1.85127,0.48572,0.07943,0.17698,0.05248
37.84,0,-4.50010,-0.89436,-1.57074,0.49444,0.00000,0.00000,
37.84,1,-4.45047,0.19164,-1.61588,0.51186,0.00228,0.08714,0.01978
37.84,2,-4.18270,1.33327,-1.84529,0.67434,0.43782,0.17261,0.01291
37.86,0,-4.50010,-0.90425,-1.57074,0.49444,0.00000,0.00000,
37.86,1,-4.45086,0.17986,-1.61501,0.59285,0.04864,0.08523,0.02967
37.86,2,-4.18594,1.32017,-1.83652,0.67450,0.43814,0.17068,0.02470
37.88,0,-4.50010,-0.91414,-1.57074,0.49444,0.00000,0.00000,
37.88,1,-4.45123,0.16817,-1.61424,0.54549,0.01308,0.08341,0.03956
37.88,2,-4.18931,1.30848,-1.82625,0.60618,0.33592,0.17000,0.03639
37.9,0,-4.50010,-0.92403,-1.57074,0.49444,0.00000,0.00000,
37.9,1,-4.45166,0.15767,-1.61474,0.46873,-0.05273,0.08278,0.04944
37.9,2,-4.19248,1.29939,-1.82822,0.40232,-0.21083,0.17077,0.04690
37.92,0,-4.50010,-0.93392,-1.57074,0.49444,0.00000,0.00000,
37.92,1,-4.45209,0.14844,-1.61898,0.53601,-0.46593,0.08342,0.00989
37.92,2,-4.19523,1.29170,-1.83132,0.41001,-0.11588,0.17176,0.05614
37.94,0,-4.50009,-0.94381,-1.57074,0.49444,0.00000,0.00000,
37.94,1,-4.45246,0.13822,-1.62782,0.45009,-0.30405,0.08308,0.01978
37.94,2,-4.19751,1.28396,-1.83006,0.42629,0.14453,0.17376,0.06636
37.96,0,-4.50009,-0.95369,-1.57074,0.49444,0.00000,0.00000,
37.96,1,-4.45285,0.12921,-1.62781,0.46186,0.04269,0.08394,0.02967
37.96,2,-4.20006,1.27411,-1.83891,0.55785,-1.74535,0.17247,0.02449
37.98,0,-4.50009,-0.96358,-1.57074,0.49444,0.00000,0.00000,
37.98,1,-4.45347,0.12056,-1.62810,0.36993,-0.05619,0.08515,0.03956
37.98,2,-4.20279,1.26358,-1.87441,0.51823,-1.70273,0.17018,0.03316
38.0,0,-4.50009,-0.97347,-1.57074,0.49444,0.00000,0.00000,
38.0,1,-4.45406,0.11253,-1.62825,0.42321,0.02600,0.08698,0.04944
38.0,2,-4.20573,1.25406,-1.89664,0.49070,-0.30031,0.16823,0.04121
38.02,0,-4.50009,-0.98336,-1.57074,0.49444,0.00000,0.00000,
38.02,1,-4.45462,0.10438,-1.62694,0.47172,0.08564,0.08869,0.00989
38.02,2,-4.20888,1.24472,-1.88980,0.44598,0.45954,0.16651,0.04938
38.04,0,-4.50009,-0.99325,-1.57074,0.49444,0.00000,0.00000,
38.04,1,-4.45518,0.09285,-1.62485,0.53061,0.13156,0.08703,0.01978
38.04,2,-4.21192,1.23588,-1.88083,0.49954,0.40918,0.16863,0.01555
38.06,0,-4.50009,-1.00314,-1.57074,0.49444,0.00000,0.00000,
38.06,1,-4.45559,0.08232,-1.62297,0.52136,0.04245,0.08637,0.02967
38.06,2,-4.21511,1.22606,-1.87482,0.50974,0.20826,0.16875,0.02609
38.08,0,-4.50009,-1.01303,-1.57074,0.49444,0.00000,0.00000,
38.08,1,-4.45611,0.07284,-1.62317,0.36893,-0.06701,0.08676,0.03956
38.08,2,-4.21801,1.21689,-1.87163,0.45858,0.14720,0.16856,0.03558
38.1,0,-4.50009,-1.02292,-1.57074,0.49444,0.00000,0.00000,
38.1,1,-4.45666,0.06517,-1.62468,0.39799,-0.08837,0.08896,0.04944
38.1,2,-4.22064,1.20847,-1.86803,0.44351,0.18385,0.16740,0.04327
38.12,0,-4.50009,-1.03281,-1.57074,0.49444,0.00000,0.00000,
38.12,1,-4.45714,0.05694,-1.62520,0.40311,0.03400,0.09059,0.05933
38.12,2,-4.22329,1.19980,-1.86441,0.45838,0.17869,0.16654,0.05152
38.14,0,-4.50009,-1.04269,-1.57074,0.49444,0.00000,0.00000,
38.14,1,-4.45758,0.04730,-1.62355,0.64608,0.10636,0.09082,0.01978
38.14,2,-4.22606,1.19024,-1.87214,0.53265,-1.81263,0.16615,0.01381
38.16,0,-4.50009,-1.05258,-1.57074,0.49444,0.00000,0.00000,
38.16,1,-4.45803,0.03513,-1.62106,0.57313,0.14144,0.08853,0.02967
38.16,2,-4.22895,1.17999,-1.90828,0.52767,-1.76095,0.16755,0.02599
38.18,0,-4.50009,-1.06247,-1.57074,0.49444,0.00000,0.00000,
38.18,1,-4.45840,0.02387,-1.61933,0.54446,0.01904,0.08714,0.03956
38.18,2,-4.23200,1.17113,-1.92405,0.46972,0.07243,0.16938,0.03725
38.2,0,-4.50009,-1.07236,-1.57074,0.49444,0.00000,0.00000,
38.2,1,-4.45888,0.01481,-1.62008,0.37361,-0.05950,0.08796,0.04944
38.2,2,-4.23530,1.16236,-1.91392,0.42333,0.51181,0.16912,0.04632
38.22,0,-4.50009,-1.08225,-1.57074,0.49444,0.00000,0.00000,
38.22,1,-4.45935,0.00692,-1.62026,0.41345,0.02481,0.08993,0.05933
38.22,2,-4.23845,1.15413,-1.90459,0.44799,0.35241,0.16828,0.05423
38.24,0,-4.50009,-1.09214,-1.57074,0.49444,0.00000,0.00000,
38.24,1,-4.45983,-0.00309,-1.61893,0.53901,0.11904,0.08979,0.01978
38.24,2,-4.24205,1.14391,-1.89742,0.56984,0.49501,0.16749,0.01408
38.26,0,-4.50009,-1.10203,-1.57074,0.49444,0.00000,0.00000,
38.26,1,-4.46030,-0.01386,-1.61655,0.53902,0.11886,0.08890,0.02967
38.26,2,-4.24599,1.13402,-1.88473,0.52820,0.63014,0.16771,0.02486
38.28,0,-4.50008,-1.11192,-1.57074,0.49444,0.00000,0.00000,
38.28,1,-4.46070,-0.02398,-1.61389,0.51455,0.09422,0.08865,0.03956
38.28,2,-4.24949,1.12421,-1.87664,0.47814,0.14276,0.16746,0.03499
38.3,0,-4.50008,-1.12181,-1.57074,0.49444,0.00000,0.00000,
38.3,1,-4.46113,-0.03311,-1.61380,0.38904,-0.04577,0.08939,0.04944
38.3,2,-4.25237,1.11625,-1.87491,0.42784,0.20963,0.16817,0.04413
38.32,0,-4.50008,-1.13169,-1.57074,0.49444,0.00000,0.00000,
38.32,1,-4.46151,-0.04127,-1.61414,0.42184,0.00826,0.09111,0.05933
38.32,2,-4.25503,1.10794,-1.86905,0.43984,0.31338,0.16761,0.05230
38.34,0,-4.50008,-1.14158,-1.57074,0.49444,0.00000,0.00000,
38.34,1,-4.46189,-0.04967,-1.61365,0.39142,0.03797,0.09258,0.01978
38.34,2,-4.25798,1.09737,-1.86232,0.64492,0.45230,0.16502,0.01258
38.36,0,-4.50008,-1.15147,-1.57074,0.49444,0.00000,0.00000,
38.36,1,-4.46224,-0.05990,-1.61225,0.52702,0.07166,0.09223,0.02967
38.36,2,-4.26132,1.08584,-1.85068,0.59817,0.58789,0.16322,0.02281
38.38,0,-4.50008,-1.16136,-1.57074,0.49444,0.00000,0.00000,
38.38,1,-4.46256,-0.07041,-1.61096,0.52049,0.04118,0.09160,0.03956
38.38,2,-4.26475,1.07515,-1.83788,0.55774,0.51490,0.16251,0.03332
38.4,0,-4.50008,-1.17125,-1.57074,0.49444,0.00000,0.00000,
38.4,1,-4.46291,-0.08039,-1.61080,0.48149,-0.00682,0.09149,0.04944
38.4,2,-4.26771,1.06490,-1.83293,0.47835,0.01665,0.16181,0.04331
38.42,0,-4.50008,-1.18114,-1.57074,0.49444,0.00000,0.00000,
38.42,1,-4.46329,-0.08890,-1.61117,0.40524,-0.01159,0.09285,0.05933
38.42,2,-4.27012,1.05724,-1.83339,0.40620,0.13658,0.16231,0.05184
38.44,0,-4.50008,-1.19103,-1.57074,0.49444,0.00000,0.00000,
38.44,1,-4.46365,-0.09730,-1.61098,0.43063,0.02033,0.09433,0.06922
38.44,2,-4.27236,1.04909,-1.82844,0.43131,0.27536,0.16224,0.06024
38.46,0,-4.50008,-1.20092,-1.57074,0.49444,0.00000,0.00000,
38.46,1,-4.46402,-0.10853,-1.61017,0.64998,0.07065,0.09298,0.02967
38.46,2,-4.27455,1.04073,-1.82307,0.50464,0.30014,0.16477,0.02365
38.48,0,-4.50008,-1.21081,-1.57074,0.49444,0.00000,0.00000,
38.48,1,-4.46439,-0.12019,-1.60826,0.57698,0.09790,0.09120,0.03956
38.48,2,-4.27716,1.02941,-1.81429,0.54960,0.57598,0.16474,0.03532
38.5,0,-4.50008,-1.22069,-1.57074,0.49444,0.00000,0.00000,
38.5,1,-4.46471,-0.13158,-1.60681,0.55134,0.02535,0.08968,0.04944
38.5,2,-4.27996,1.01879,-1.80354,0.54309,0.44430,0.16512,0.04672
38.52,0,-4.50008,-1.23058,-1.57074,0.49444,0.00000,0.00000,
38.52,1,-4.46507,-0.14118,-1.60717,0.38790,-0.04489,0.08996,0.05933
38.52,2,-4.28239,1.00879,-1.79915,0.49014,0.07530,0.16439,0.05632
38.54,0,-4.50008,-1.24047,-1.57074,0.49444,0.00000,0.00000,
38.54,1,-4.46542,-0.15033,-1.60735,0.62106,0.02037,0.09070,0.01978
38.54,2,-4.28440,1.00125,-1.80035,0.37227,0.02897,0.16572,0.06547
38.56,0,-4.50008,-1.25036,-1.57074,0.49444,0.00000,0.00000,
38.56,1,-4.46576,-0.16221,-1.60933,0.51682,-0.01499,0.08869,0.02967
38.56,2,-4.28632,0.99296,-1.79676,0.53388,0.31407,0.16903,0.02536
38.58,0,-4.50008,-1.26025,-1.57074,0.49444,0.00000,0.00000,
38.58,1,-4.46594,-0.17240,-1.60786,0.51029,0.07646,0.08839,0.03956
38.58,2,-4.28854,0.98344,-1.78917,0.43641,0.48358,0.16937,0.03555
38.6,0,-4.50007,-1.27014,-1.57074,0.49444,0.00000,0.00000,
38.6,1,-4.46614,-0.18081,-1.60813,0.34850,-0.12414,0.08985,0.04944
38.6,2,-4.29075,0.97427,-1.78304,0.51671,0.17712,0.16832,0.04396
38.62,0,-4.50007,-1.28003,-1.57074,0.49444,0.00000,0.00000,
38.62,1,-4.46671,-0.19014,-1.61244,0.58630,-0.05782,0.09040,0.00989
38.62,2,-4.29311,0.96364,-1.78201,0.55796,0.02216,0.16677,0.05331
38.64,0,-4.50007,-1.28992,-1.57074,0.49444,0.00000,0.00000,
38.64,1,-4.46735,-0.20042,-1.61047,0.50337,0.10303,0.08999,0.01978
38.64,2,-4.29548,0.95265,-1.78031,0.55552,0.12870,0.16580,0.06360
38.66,0,-4.50007,-1.29981,-1.57074,0.49444,0.00000,0.00000,
38.66,1,-4.46795,-0.21047,-1.60847,0.50240,0.08380,0.08981,0.02967
38.66,2,-4.29771,0.94220,-1.77746,0.49333,0.16032,0.16517,0.02600
38.68,0,-4.50007,-1.30969,-1.57074,0.49444,0.00000,0.00000,
38.68,1,-4.46837,-0.22039,-1.60776,0.49054,0.00460,0.08976,0.03956
38.68,2,-4.29937,0.93483,-1.77447,0.28621,0.02082,0.16752,0.03593
38.7,0,-4.50007,-1.31958,-1.57074,0.49444,0.00000,0.00000,
38.7,1,-4.46873,-0.22930,-1.60803,0.41612,-0.01293,0.09073,0.04944
38.7,2,-4.30094,0.92840,-1.77664,0.37161,-0.19798,0.16979,0.04484
38.72,0,-4.50007,-1.32947,-1.57074,0.49444,0.00000,0.00000,
38.72,1,-4.46906,-0.23786,-1.60784,0.43695,0.02313,0.09205,0.05933
38.72,2,-4.30267,0.92038,-1.77715,0.39943,0.18426,0.17013,0.05341
38.74,0,-4.50007,-1.33936,-1.57074,0.49444,0.00000,0.00000,
38.74,1,-4.46940,-0.24825,-1.60714,0.67420,0.05347,0.09154,0.01978
38.74,2,-4.30445,0.91065,-1.77111,0.51270,0.31275,0.17059,0.01473
38.76,0,-4.50007,-1.34925,-1.57074,0.49444,0.00000,0.00000,
38.76,1,-4.46973,-0.26040,-1.60548,0.59985,0.08570,0.08927,0.02967
38.76,2,-4.30624,0.90057,-1.76545,0.51084,0.20617,0.17242,0.02689
38.78,0,-4.50007,-1.35914,-1.57074,0.49444,0.00000,0.00000,
38.78,1,-4.47005,-0.27191,-1.60356,0.55639,0.09404,0.08764,0.03956
38.78,2,-4.30816,0.89064,-1.76315,0.51456,0.05569,0.17377,0.03840
38.8,0,-4.50007,-1.36903,-1.57074,0.49444,0.00000,0.00000,
38.8,1,-4.47038,-0.28192,-1.60284,0.38193,-0.01556,0.08751,0.04944
38.8,2,-4.31014,0.88053,-1.76196,0.51196,0.07883,0.17345,0.04842
38.82,0,-4.50007,-1.37892,-1.57074,0.49444,0.00000,0.00000,
38.82,1,-4.47068,-0.28984,-1.60293,0.41182,0.00634,0.08948,0.05933
38.82,2,-4.31205,0.87100,-1.76043,0.46374,0.07712,0.17163,0.05634
38.84,0,-4.50007,-1.38881,-1.57074,0.49444,0.00000,0.00000,
38.84,1,-4.47097,-0.29987,-1.60251,0.63570,0.03572,0.08932,0.01978
38.84,2,-4.31411,0.86031,-1.75726,0.60428,0.19590,0.17074,0.01408
38.86,0,-4.50007,-1.39869,-1.57074,0.49444,0.00000,0.00000,
38.86,1,-4.47126,-0.31056,-1.60118,0.51513,0.07241,0.08851,0.02967
38.86,2,-4.31625,0.84906,-1.75413,0.52614,0.11798,0.16994,0.02478
38.88,0,-4.50007,-1.40858,-1.57074,0.49444,0.00000,0.00000,
38.88,1,-4.47153,-0.32083,-1.60004,0.50942,0.02938,0.08813,0.03956
38.88,2,-4.31798,0.83987,-1.75192,0.45541,0.08232,0.17081,0.03505
38.9,0,-4.50007,-1.41847,-1.57074,0.49444,0.00000,0.00000,
38.9,1,-4.47182,-0.32939,-1.60028,0.40468,-0.01921,0.08945,0.04944
38.9,2,-4.31966,0.83073,-1.75042,0.47385,0.07919,0.17006,0.04362
38.92,0,-4.50007,-1.42836,-1.57074,0.49444,0.00000,0.00000,
38.92,1,-4.47211,-0.33896,-1.60026,0.63946,0.02216,0.08976,0.00989
38.92,2,-4.32134,0.82187,-1.74957,0.49960,0.03081,0.17058,0.00542
38.94,0,-4.50006,-1.43825,-1.57074,0.49444,0.00000,0.00000,
38.94,1,-4.47239,-0.35084,-1.59931,0.57754,0.05238,0.08777,0.01978
38.94,2,-4.32301,0.81446,-1.74586,0.37355,0.19313,0.17483,0.01730
38.96,0,-4.50006,-1.44814,-1.57074,0.49444,0.00000,0.00000,
38.96,1,-4.47265,-0.36163,-1.59807,0.51637,0.06201,0.08686,0.02967
38.96,2,-4.32453,0.80679,-1.74218,0.42334,0.14691,0.17776,0.02810
38.98,0,-4.50006,-1.45803,-1.57074,0.49444,0.00000,0.00000,
38.98,1,-4.47290,-0.37122,-1.59773,0.37609,-0.03295,0.08715,0.03956
38.98,2,-4.32613,0.79775,-1.74012,0.45112,0.12030,0.17815,0.03769
39.0,0,-4.50006,-1.46792,-1.57074,0.49444,0.00000,0.00000,
39.0,1,-4.47316,-0.37926,-1.59815,0.42441,-0.00585,0.08899,0.04944
39.0,2,-4.32784,0.78816,-1.73831,0.51866,0.06023,0.17643,0.04574
39.02,0,-4.50006,-1.47780,-1.57074,0.49444,0.00000,0.00000,
39.02,1,-4.47342,-0.38799,-1.59800,0.43858,0.01265,0.09014,0.05933
39.02,2,-4.32962,0.77724,-1.74446,0.59295,-1.64493,0.17407,0.00439
39.04,0,-4.50006,-1.48769,-1.57074,0.49444,0.00000,0.00000,
39.04,1,-4.47366,-0.39620,-1.59770,0.42563,0.00811,0.09181,0.06922
39.04,2,-4.33143,0.76555,-1.77938,0.53578,-1.63783,0.17042,0.01261
39.06,0,-4.50006,-1.49758,-1.57074,0.49444,0.00000,0.00000,
39.06,1,-4.47391,-0.40799,-1.59696,0.71650,0.14283,0.08991,0.02967
39.06,2,-4.33346,0.75487,-1.80249,0.54945,-0.38006,0.17131,0.02440
39.08,0,-4.50006,-1.50747,-1.57074,0.49444,0.00000,0.00000,
39.08,1,-4.47416,-0.42080,-1.59372,0.63327,0.16469,0.08698,0.03956
39.08,2,-4.33586,0.74500,-1.79741,0.45175,0.44482,0.17397,0.03721
39.1,0,-4.50006,-1.51736,-1.57074,0.49444,0.00000,0.00000,
39.1,1,-4.47460,-0.43289,-1.58965,0.56188,0.15597,0.08477,0.04944
39.1,2,-4.33817,0.73611,-1.79051,0.46798,0.23422,0.17694,0.04931
39.12,0,-4.50006,-1.52725,-1.57074,0.49444,0.00000,0.00000,
39.12,1,-4.47484,-0.44433,-1.58838,0.65260,0.11640,0.08321,0.00989
39.12,2,-4.34027,0.72686,-1.78728,0.47520,0.14127,0.17890,0.06076
39.14,0,-4.50006,-1.53714,-1.57074,0.49444,0.00000,0.00000,
39.14,1,-4.47506,-0.45747,-1.58515,0.65704,0.16224,0.07996,0.01978
39.14,2,-4.34223,0.71788,-1.78341,0.46631,0.20585,0.18284,0.07390
39.16,0,-4.50006,-1.54703,-1.57074,0.49444,0.00000,0.00000,
39.16,1,-4.47529,-0.46895,-1.58365,0.56890,-0.02052,0.07836,0.02967
39.16,2,-4.34452,0.70629,-1.77565,0.62215,0.39994,0.18250,0.03074
39.18,0,-4.50006,-1.55692,-1.57074,0.49444,0.00000,0.00000,
39.18,1,-4.47547,-0.47820,-1.58507,0.37170,-0.08056,0.07900,0.03956
39.18,2,-4.34693,0.69436,-1.76775,0.60280,0.32997,0.17959,0.03999
39.2,0,-4.50006,-1.56680,-1.57074,0.49444,0.00000,0.00000,
39.2,1,-4.47565,-0.48565,-1.58662,0.37712,-0.06545,0.08143,0.04944
39.2,2,-4.34935,0.68215,-1.76417,0.62893,0.10189,0.17461,0.04744
39.22,0,-4.50006,-1.57669,-1.57074,0.49444,0.00000,0.00000,
39.22,1,-4.47579,-0.49474,-1.58714,0.62433,0.00631,0.08223,0.00989
39.22,2,-4.35158,0.67146,-1.76601,0.40530,-0.47026,0.17280,0.00522
39.24,0,-4.50006,-1.58658,-1.57074,0.49444,0.00000,0.00000,
39.24,1,-4.47593,-0.50632,-1.58858,0.56859,-0.09422,0.08053,0.01978
39.24,2,-4.35352,0.66396,-1.77596,0.31732,-0.59974,0.17666,0.01680
39.26,0,-4.50006,-1.59647,-1.57074,0.49444,0.00000,0.00000,
39.26,1,-4.47606,-0.51769,-1.59046,0.56793,-0.10197,0.07905,0.02967
39.26,2,-4.35535,0.65830,-1.78858,0.29619,-0.63084,0.18217,0.02817
39.28,0,-4.50005,-1.60636,-1.57074,0.49444,0.00000,0.00000,
39.28,1,-4.47600,-0.52861,-1.59289,0.51653,-0.08750,0.07802,0.03956
39.28,2,-4.35687,0.65398,-1.80027,0.25030,-0.31865,0.18857,0.03909
39.3,0,-4.50005,-1.61625,-1.57074,0.49444,0.00000,0.00000,
39.3,1,-4.47617,-0.53718,-1.59371,0.38630,-0.01559,0.07934,0.04944
39.3,2,-4.35824,0.64847,-1.79609,0.32318,0.48004,0.19150,0.04765
39.32,0,-4.50005,-1.62614,-1.57074,0.49444,0.00000,0.00000,
39.32,1,-4.47640,-0.54524,-1.59355,0.41675,0.01652,0.08115,0.05933
39.32,2,-4.35961,0.64214,-1.78891,0.32388,0.35930,0.19312,0.05572
39.34,0,-4.50005,-1.63603,-1.57074,0.49444,0.00000,0.00000,
39.34,1,-4.47663,-0.55520,-1.59310,0.56595,0.03335,0.08108,0.01978
39.34,2,-4.36100,0.63543,-1.78110,0.38832,0.39994,0.19623,0.01407
39.36,0,-4.50005,-1.64592,-1.57074,0.49444,0.00000,0.00000,
39.36,1,-4.47687,-0.56637,-1.59241,0.52088,0.04191,0.07979,0.02967
39.36,2,-4.36292,0.62628,-1.77495,0.51720,0.23002,0.19809,0.02525
39.38,0,-4.50005,-1.65580,-1.57074,0.49444,0.00000,0.00000,
39.38,1,-4.47699,-0.57644,-1.59162,0.50313,0.02205,0.07961,0.03956
39.38,2,-4.36505,0.61623,-1.77051,0.51240,0.21130,0.19791,0.03532
39.4,0,-4.50005,-1.66569,-1.57074,0.49444,0.00000,0.00000,
39.4,1,-4.47717,-0.58493,-1.59193,0.37399,-0.03279,0.08101,0.04944
39.4,2,-4.36713,0.60607,-1.76669,0.51515,0.19191,0.19607,0.04381
39.42,0,-4.50005,-1.67558,-1.57074,0.49444,0.00000,0.00000,
39.42,1,-4.47738,-0.59291,-1.59224,0.41614,-0.00183,0.08291,0.00989
39.42,2,-4.36909,0.59623,-1.76258,0.49062,0.21377,0.19406,0.05179
39.44,0,-4.50005,-1.68547,-1.57074,0.49444,0.00000,0.00000,
39.44,1,-4.47760,-0.60402,-1.59348,0.52954,-0.10618,0.08168,0.01978
39.44,2,-4.37093,0.58664,-1.75831,0.53806,0.22536,0.19543,0.01521
39.46,0,-4.50005,-1.69536,-1.57074,0.49444,0.00000,0.00000,
39.46,1,-4.47779,-0.61461,-1.59559,0.52875,-0.10933,0.08098,0.02967
39.46,2,-4.37316,0.57328,-1.75246,0.65916,0.40236,0.19248,0.02580
39.48,0,-4.50005,-1.70525,-1.57074,0.49444,0.00000,0.00000,
39.48,1,-4.47768,-0.62473,-1.59778,0.50274,-0.07023,0.08075,0.03956
39.48,2,-4.37558,0.56091,-1.74313,0.61320,0.46437,0.19003,0.03592
39.5,0,-4.50005,-1.71514,-1.57074,0.49444,0.00000,0.00000,
39.5,1,-4.47788,-0.63298,-1.59882,0.40027,-0.02056,0.08238,0.04944
39.5,2,-4.37756,0.54982,-1.73747,0.48898,0.09233,0.18705,0.04417
39.52,0,-4.50005,-1.72503,-1.57074,0.49444,0.00000,0.00000,
39.52,1,-4.47826,-0.64293,-1.60298,0.56134,-0.58537,0.08232,0.00989
39.52,2,-4.37921,0.54235,-1.73822,0.36997,-0.04218,0.18941,0.05412
39.54,0,-4.50005,-1.73492,-1.57074,0.49444,0.00000,0.00000,
39.54,1,-4.47867,-0.65334,-1.60923,0.53167,-0.10438,0.08179,0.01978
39.54,2,-4.38074,0.53488,-1.73881,0.39826,0.04316,0.19225,0.06454
39.56,0,-4.50005,-1.74480,-1.57074,0.49444,0.00000,0.00000,
39.56,1,-4.47874,-0.66383,-1.61012,0.50686,-0.00878,0.08119,0.02967
39.56,2,-4.38210,0.52690,-1.73497,0.49120,0.26628,0.19464,0.02660
39.58,0,-4.50005,-1.75469,-1.57074,0.49444,0.00000,0.00000,
39.58,1,-4.47914,-0.67397,-1.60951,0.46737,0.04706,0.08092,0.03956
39.58,2,-4.38374,0.51569,-1.72483,0.56919,0.56838,0.19348,0.03675
39.6,0,-4.50004,-1.76458,-1.57074,0.49444,0.00000,0.00000,
39.6,1,-4.47959,-0.68214,-1.60869,0.41688,0.04873,0.08263,0.04944
39.6,2,-4.38554,0.50461,-1.71502,0.56232,0.33196,0.19048,0.04493
39.62,0,-4.50004,-1.77447,-1.57074,0.49444,0.00000,0.00000,
39.62,1,-4.47999,-0.69069,-1.60768,0.43249,0.04667,0.08397,0.05933
39.62,2,-4.38724,0.49299,-1.71258,0.59829,0.02793,0.18730,0.00431
39.64,0,-4.50004,-1.78436,-1.57074,0.49444,0.00000,0.00000,
39.64,1,-4.48033,-0.69925,-1.60689,0.42274,0.03463,0.08529,0.06922
39.64,2,-4.38887,0.48174,-1.71193,0.54406,0.06716,0.18453,0.01288
39.66,0,-4.50004,-1.79425,-1.57074,0.49444,0.00000,0.00000,
39.66,1,-4.48063,-0.71011,-1.60569,0.62000,0.07428,0.08431,0.02967
39.66,2,-4.39037,0.47167,-1.71000,0.50250,0.13637,0.18522,0.02374
39.68,0,-4.50004,-1.80414,-1.57074,0.49444,0.00000,0.00000,
39.68,1,-4.48093,-0.72188,-1.60400,0.57229,0.08941,0.08243,0.03956
39.68,2,-4.39180,0.46167,-1.70687,0.50566,0.15463,0.18690,0.03551
39.7,0,-4.50004,-1.81403,-1.57074,0.49444,0.00000,0.00000,
39.7,1,-4.48117,-0.73269,-1.60314,0.53252,0.01032,0.08150,0.04944
39.7,2,-4.39318,0.45173,-1.70417,0.49737,0.11997,0.18769,0.04634
39.72,0,-4.50004,-1.82392,-1.57074,0.49444,0.00000,0.00000,
39.72,1,-4.48149,-0.74067,-1.60368,0.35922,-0.04178,0.08340,0.05933
39.72,2,-4.39449,0.44200,-1.70192,0.48605,0.11108,0.18587,0.05432
39.74,0,-4.50004,-1.83380,-1.57074,0.49444,0.00000,0.00000,
39.74,1,-4.48187,-0.74812,-1.60556,0.38743,-0.07499,0.08583,0.06922
39.74,2,-4.39575,0.43246,-1.69965,0.47815,0.11466,0.18372,0.06178
39.76,0,-4.50004,-1.84369,-1.57074,0.49444,0.00000,0.00000,
39.76,1,-4.48214,-0.75707,-1.60431,0.54125,0.31043,0.08677,0.02967
39.76,2,-4.39699,0.42284,-1.69711,0.49669,0.14364,0.18298,0.01995
39.78,0,-4.50004,-1.85358,-1.57074,0.49444,0.00000,0.00000,
39.78,1,-4.48240,-0.76765,-1.59821,0.48472,0.26077,0.08608,0.03956
39.78,2,-4.39823,0.41308,-1.69442,0.48176,0.12110,0.18372,0.03053
39.8,0,-4.50004,-1.86347,-1.57074,0.49444,0.00000,0.00000,
39.8,1,-4.48304,-0.77767,-1.59685,0.50868,-0.01382,0.08594,0.04944
39.8,2,-4.39938,0.40389,-1.69215,0.46222,0.10016,0.18452,0.04056
39.82,0,-4.50004,-1.87336,-1.57074,0.49444,0.00000,0.00000,
39.82,1,-4.48342,-0.78764,-1.59732,0.48671,-0.02088,0.08585,0.05933
39.82,2,-4.40051,0.39465,-1.69026,0.46655,0.09469,0.18519,0.05054
39.84,0,-4.50004,-1.88325,-1.57074,0.49444,0.00000,0.00000,
39.84,1,-4.48361,-0.79548,-1.59775,0.39248,0.00383,0.08790,0.06922
39.84,2,-4.40162,0.38466,-1.68791,0.63409,0.22182,0.18298,0.01277
39.86,0,-4.50004,-1.89314,-1.57074,0.49444,0.00000,0.00000,
39.86,1,-4.48375,-0.80630,-1.59531,0.56960,0.25457,0.08696,0.02967
39.86,2,-4.40282,0.37095,-1.68158,0.62964,0.34960,0.18002,0.02359
39.88,0,-4.50004,-1.90303,-1.57074,0.49444,0.00000,0.00000,
39.88,1,-4.48394,-0.81689,-1.59007,0.52782,0.25748,0.08625,0.03956
39.88,2,-4.40414,0.35861,-1.67749,0.61916,0.12892,0.17821,0.03419
39.9,0,-4.50004,-1.91292,-1.57074,0.49444,0.00000,0.00000,
39.9,1,-4.48453,-0.82728,-1.58535,0.49968,0.16456,0.08574,0.04944
39.9,2,-4.40540,0.34726,-1.67688,0.47831,-0.06751,0.17720,0.04459
39.92,0,-4.50004,-1.92280,-1.57074,0.49444,0.00000,0.00000,
39.92,1,-4.48470,-0.83664,-1.58472,0.37938,-0.04400,0.08627,0.05933
39.92,2,-4.40659,0.33755,-1.67780,0.49793,-0.04351,0.17678,0.05395
39.94,0,-4.50003,-1.93269,-1.57074,0.49444,0.00000,0.00000,
39.94,1,-4.48475,-0.84452,-1.58550,0.40840,-0.02302,0.08828,0.06922
39.94,2,-4.40769,0.32707,-1.67722,0.62170,0.10820,0.17412,0.01229
39.96,0,-4.50003,-1.94258,-1.57074,0.49444,0.00000,0.00000,
39.96,1,-4.48478,-0.85491,-1.58509,0.62742,0.15264,0.08778,0.02967
39.96,2,-4.40892,0.31386,-1.67217,0.63416,0.34079,0.17123,0.02269
39.98,0,-4.50003,-1.95247,-1.57074,0.49444,0.00000,0.00000,
39.98,1,-4.48482,-0.86616,-1.58186,0.55645,0.16375,0.08641,0.03956
39.98,2,-4.41025,0.30124,-1.66541,0.63352,0.33501,0.16979,0.03394
40.0,0,-4.50003,-1.96236,-1.57074,0.49444,0.00000,0.00000,
40.0,1,-4.48519,-0.87719,-1.57801,0.54120,0.22592,0.08527,0.04944
40.0,2,-4.41159,0.28977,-1.66166,0.47713,0.05537,0.16928,0.04497
40.02,0,-4.50003,-1.97225,-1.57074,0.49444,0.00000,0.00000,
40.02,1,-4.48542,-0.88741,-1.57569,0.51175,0.01765,0.08494,0.00989
40.02,2,-4.41255,0.28013,-1.66070,0.49265,0.04744,0.16981,0.05519
40.04,0,-4.50003,-1.98214,-1.57074,0.49444,0.00000,0.00000,
40.04,1,-4.48546,-0.90073,-1.57504,0.69001,0.00987,0.08151,0.01978
40.04,2,-4.41341,0.27040,-1.65956,0.45554,0.08772,0.17334,0.06851
40.06,0,-4.50003,-1.99203,-1.57074,0.49444,0.00000,0.00000,
40.06,1,-4.48542,-0.91289,-1.57896,0.57218,-0.18546,0.07923,0.02967
40.06,2,-4.41431,0.26025,-1.65805,0.48948,0.14432,0.17530,0.03046
40.08,0,-4.50003,-2.00192,-1.57074,0.49444,0.00000,0.00000,
40.08,1,-4.48566,-0.92339,-1.57996,0.41048,0.00520,0.07862,0.03956
40.08,2,-4.41526,0.25161,-1.65747,0.43675,-0.02084,0.17710,0.04096
40.1,0,-4.50003,-2.01180,-1.57074,0.49444,0.00000,0.00000,
40.1,1,-4.48572,-0.93070,-1.57867,0.37302,0.14624,0.08120,0.04944
40.1,2,-4.41622,0.24299,-1.65906,0.43692,-0.06304,0.17574,0.04827
40.12,0,-4.50003,-2.02169,-1.57074,0.49444,0.00000,0.00000,
40.12,1,-4.48575,-0.93855,-1.57646,0.40670,0.04255,0.08324,0.05933
40.12,2,-4.41713,0.23389,-1.65817,0.35530,0.12872,0.17445,0.00401
40.14,0,-4.50003,-2.03158,-1.57074,0.49444,0.00000,0.00000,
40.14,1,-4.48585,-0.94645,-1.57687,0.49016,-0.05010,0.08522,0.01978
40.14,2,-4.41801,0.22830,-1.65523,0.28688,0.09019,0.17672,0.01192
40.16,0,-4.50003,-2.04147,-1.57074,0.49444,0.00000,0.00000,
40.16,1,-4.48595,-0.95902,-1.57779,0.58303,-0.04163,0.08254,0.02967
40.16,2,-4.41875,0.22101,-1.65469,0.40749,0.03381,0.18194,0.02449
40.18,0,-4.50003,-2.05136,-1.57074,0.49444,0.00000,0.00000,
40.18,1,-4.48598,-0.97065,-1.57881,0.57311,-0.07912,0.08081,0.03956
40.18,2,-4.41959,0.21147,-1.65373,0.49635,0.07148,0.18397,0.03611
40.2,0,-4.50003,-2.06125,-1.57074,0.49444,0.00000,0.00000,
40.2,1,-4.48602,-0.98125,-1.58009,0.45950,-0.03771,0.08009,0.04944
40.2,2,-4.42047,0.20100,-1.65259,0.52956,0.04795,0.18407,0.04672
40.22,0,-4.50003,-2.07114,-1.57074,0.49444,0.00000,0.00000,
40.22,1,-4.48611,-0.98942,-1.58119,0.52416,-0.26590,0.08180,0.00989
40.22,2,-4.42130,0.19087,-1.65168,0.48819,0.04604,0.18207,0.05489
40.24,0,-4.50003,-2.08103,-1.57074,0.49444,0.00000,0.00000,
40.24,1,-4.48615,-0.99957,-1.58661,0.45003,-0.23136,0.08154,0.01978
40.24,2,-4.42206,0.18155,-1.65078,0.42374,0.02053,0.18286,0.06504
40.26,0,-4.50003,-2.09092,-1.57074,0.49444,0.00000,0.00000,
40.26,1,-4.48617,-1.00847,-1.58556,0.48532,0.18252,0.08253,0.02967
40.26,2,-4.42277,0.17363,-1.65053,0.48355,0.04160,0.18381,0.02345
40.28,0,-4.50002,-2.10080,-1.57074,0.49444,0.00000,0.00000,
40.28,1,-4.48634,-1.01839,-1.58311,0.42028,0.04812,0.08250,0.03956
40.28,2,-4.42348,0.16394,-1.65422,0.42917,-0.12540,0.18400,0.03337
40.3,0,-4.50002,-2.11069,-1.57074,0.49444,0.00000,0.00000,
40.3,1,-4.48651,-1.02693,-1.58325,0.43074,-0.03501,0.08384,0.04944
40.3,2,-4.42419,0.15514,-1.65402,0.48240,0.08001,0.18371,0.04191
40.32,0,-4.50002,-2.12058,-1.57074,0.49444,0.00000,0.00000,
40.32,1,-4.48666,-1.03804,-1.58048,0.56525,0.35108,0.08263,0.00989
40.32,2,-4.42501,0.14514,-1.65210,0.50177,0.08909,0.18478,0.05302
40.34,0,-4.50002,-2.13047,-1.57074,0.49444,0.00000,0.00000,
40.34,1,-4.48685,-1.04837,-1.57764,0.51700,0.02476,0.08218,0.01978
40.34,2,-4.42578,0.13648,-1.65131,0.41279,0.03531,0.18643,0.06336
40.36,0,-4.50002,-2.14036,-1.57074,0.49444,0.00000,0.00000,
40.36,1,-4.48711,-1.05847,-1.57764,0.43084,-0.01573,0.08196,0.02967
40.36,2,-4.42649,0.12671,-1.64942,0.58765,0.22274,0.18674,0.02651
40.38,0,-4.50002,-2.15025,-1.57074,0.49444,0.00000,0.00000,
40.38,1,-4.48711,-1.06577,-1.57638,0.37030,0.16827,0.08456,0.03956
40.38,2,-4.42718,0.11565,-1.64532,0.53706,0.14024,0.18294,0.03381
40.4,0,-4.50002,-2.16014,-1.57074,0.49444,0.00000,0.00000,
40.4,1,-4.48706,-1.07330,-1.57377,0.35606,0.05782,0.08692,0.04944
40.4,2,-4.42807,0.10363,-1.64929,0.65175,-0.24938,0.17841,0.04134
40.42,0,-4.50002,-2.17003,-1.57074,0.49444,0.00000,0.00000,
40.42,1,-4.48708,-1.08181,-1.57417,0.47802,-0.05710,0.08830,0.00989
40.42,2,-4.42910,0.09021,-1.65085,0.67413,0.05806,0.17345,0.04984
40.44,0,-4.50002,-2.17992,-1.57074,0.49444,0.00000,0.00000,
40.44,1,-4.48712,-1.09434,-1.57518,0.61213,-0.04712,0.08565,0.01978
40.44,2,-4.43012,0.07719,-1.64851,0.63391,0.12224,0.17291,0.01712
40.46,0,-4.50002,-2.18980,-1.57074,0.49444,0.00000,0.00000,
40.46,1,-4.48714,-1.10657,-1.57617,0.60778,-0.06309,0.08331,0.02967
40.46,2,-4.43110,0.06325,-1.64603,0.74567,0.07632,0.17116,0.02936
40.48,0,-4.50002,-2.19969,-1.57074,0.49444,0.00000,0.00000,
40.48,1,-4.48717,-1.11784,-1.57727,0.52033,-0.03314,0.08193,0.03956
40.48,2,-4.43201,0.04884,-1.64622,0.66684,-0.10240,0.16798,0.04063
40.5,0,-4.50017,-2.20501,-1.56508,0.16407,0.22974,0.00000,
40.5,1,-4.48724,-1.12615,-1.57763,0.40191,-0.00806,0.07893,0.04487
40.5,2,-4.43282,0.03761,-1.64734,0.49191,0.01162,0.16504,0.04894
40.52,0,-4.50048,-2.20698,-1.56088,0.06110,0.19070,0.00000,
40.52,1,-4.48732,-1.13458,-1.57773,0.43406,-0.00578,0.07248,0.04684
40.52,2,-4.43354,0.03037,-1.64793,0.33225,-0.11584,0.16619,0.05737
40.54,0,-4.50084,-2.20791,-1.55722,0.04259,0.18412,0.00000,
40.54,1,-4.48739,-1.14330,-1.57791,0.43266,-0.01133,0.06469,0.04778
40.54,2,-4.43424,0.02352,-1.65044,0.36546,-0.04588,0.16803,0.06609
40.56,0,-4.50102,-2.20793,-1.54850,-0.09292,1.45267,0.00000,
40.56,1,-4.48745,-1.15091,-1.57811,0.38001,-0.00385,0.05710,0.00304
40.56,2,-4.43486,0.01303,-1.64719,0.54858,0.39108,0.16513,0.02063
40.58,0,-4.50111,-2.20571,-1.49703,-0.04743,2.89550,0.00000,
40.58,1,-4.48751,-1.15851,-1.57818,0.38001,-0.00384,0.04729,0.00118
40.58,2,-4.43548,0.00207,-1.63937,0.54865,0.39217,0.16175,0.02823
40.6,0,-4.50027,-2.20642,-1.44899,0.06529,1.99841,0.00000,
40.6,1,-4.48757,-1.16526,-1.57828,0.25846,-0.00745,0.04124,0.00141
40.6,2,-4.43648,-0.00874,-1.63183,0.51135,0.36054,0.15765,0.03497
40.62,0,-4.49857,-2.20766,-1.40943,0.09517,1.82259,0.00000,
40.62,1,-4.48761,-1.16798,-1.57849,0.09349,-0.00937,0.03973,0.00310
40.62,2,-4.43733,-0.01805,-1.62850,0.30298,0.02667,0.15103,0.00100
40.64,0,-4.49677,-2.21017,-1.37162,0.17080,1.83657,0.00000,
40.64,1,-4.48764,-1.17031,-1.57863,0.13626,-0.00697,0.03990,0.00513
40.64,2,-4.43816,-0.02470,-1.60480,0.33988,1.26320,0.14667,0.00333
40.66,0,-4.49578,-2.21439,-1.33606,0.24956,1.79326,0.00000,
40.66,1,-4.48766,-1.17450,-1.57867,0.22988,0.00016,0.03993,0.00915
40.66,2,-4.43893,-0.03160,-1.58107,0.35992,1.00955,0.14394,0.00752
40.68,0,-4.49459,-2.21966,-1.29859,0.27935,1.93696,0.00000,
40.68,1,-4.48769,-1.17790,-1.57858,0.13943,0.00698,0.04178,0.01441
40.68,2,-4.43991,-0.03799,-1.56611,0.26296,0.58748,0.14091,0.01092
40.7,0,-4.49313,-2.22504,-1.25934,0.28422,1.96941,0.00000,
40.7,1,-4.48771,-1.18066,-1.57858,0.13506,-0.00649,0.04439,0.01994
40.7,2,-4.44018,-0.04274,-1.56071,0.20033,-0.03079,0.13891,0.01368
40.72,0,-4.49133,-2.23064,-1.22046,0.31126,1.93685,0.00000,
40.72,1,-4.48772,-1.18236,-1.57878,0.04560,-0.01371,0.04829,0.02582
40.72,2,-4.44008,-0.04622,-1.56492,0.19272,-0.25754,0.13713,0.01537
40.74,0,-4.48915,-2.23664,-1.18220,0.32614,1.90205,0.00000,
40.74,1,-4.48773,-1.18330,-1.57902,0.05769,-0.00944,0.05334,0.03220
40.74,2,-4.43998,-0.05091,-1.56849,0.22765,-0.11047,0.13340,0.00151
40.76,0,-4.48658,-2.24294,-1.14388,0.34797,1.92317,0.00000,
40.76,1,-4.48774,-1.18544,-1.57861,0.08772,0.05428,0.05749,0.01906
40.76,2,-4.43993,-0.05365,-1.56996,0.11130,-0.06063,0.13280,0.00365
40.78,0,-4.48370,-2.24927,-1.10574,0.35675,1.91543,0.00000,
40.78,1,-4.48775,-1.18705,-1.57758,0.06217,0.04722,0.06224,0.02601
40.78,2,-4.43990,-0.05557,-1.57140,0.10827,-0.08261,0.13249,0.00526
40.8,0,-4.48041,-2.25589,-1.06715,0.37726,1.93436,0.00000,
40.8,1,-4.48757,-1.18887,-1.57427,0.14637,0.23316,0.06704,0.03337
40.8,2,-4.43989,-0.05873,-1.57310,0.18281,-0.08437,0.13115,0.00709
40.82,0,-4.47674,-2.26260,-1.02853,0.38553,1.92709,0.00000,
40.82,1,-4.48754,-1.19430,-1.57190,0.38279,0.05137,0.06835,0.00765
40.82,2,-4.43990,-0.06184,-1.57475,0.15498,-0.08227,0.13346,0.01252
40.84,0,-4.47276,-2.26928,-0.99005,0.39150,1.92228,0.00000,
40.84,1,-4.48756,-1.20096,-1.57070,0.31406,0.04561,0.06842,0.01542
40.84,2,-4.43991,-0.06594,-1.57631,0.24075,-0.07415,0.13602,0.01918
40.86,0,-4.46847,-2.27583,-0.95214,0.39603,1.88695,0.00000,
40.86,1,-4.48757,-1.20743,-1.57031,0.32923,0.00452,0.06857,0.02324
40.86,2,-4.43995,-0.07351,-1.57812,0.39303,-0.09822,0.13492,0.01647
40.88,0,-4.46370,-2.28257,-0.91370,0.42367,1.93866,0.00000,
40.88,1,-4.48757,-1.21447,-1.57025,0.37063,0.00618,0.06836,0.03148
40.88,2,-4.44002,-0.08111,-1.57910,0.37577,-0.04529,0.13435,0.02351
40.9,0,-4.45847,-2.28940,-0.87493,0.43369,1.93416,0.00000,
40.9,1,-4.48756,-1.22206,-1.57002,0.37787,0.01471,0.06774,0.04006
40.9,2,-4.44009,-0.08835,-1.58021,0.35074,-0.06561,0.13470,0.03110
40.92,0,-4.45294,-2.29602,-0.83716,0.43673,1.88582,0.00000,
40.92,1,-4.48756,-1.22936,-1.56972,0.35397,0.01394,0.06723,0.04864
40.92,2,-4.44014,-0.09449,-1.58174,0.24513,-0.08512,0.13586,0.03839
40.94,0,-4.44692,-2.30272,-0.79871,0.45834,1.93981,0.00000,
40.94,1,-4.48755,-1.23627,-1.56947,0.34180,0.01154,0.06722,0.05757
40.94,2,-4.44020,-0.09982,-1.58321,0.28349,-0.06442,0.13744,0.04531
40.96,0,-4.44048,-2.30939,-0.75992,0.46595,1.93429,0.00000,
40.96,1,-4.48757,-1.24261,-1.56724,0.25500,0.06289,0.06781,0.02689
40.96,2,-4.44027,-0.10581,-1.58439,0.37583,-0.05594,0.13779,0.01684
40.98,0,-4.43373,-2.31586,-0.72139,0.46869,1.92206,0.00000,
40.98,1,-4.48743,-1.24762,-1.56535,0.21986,0.04059,0.06959,0.03622
40.98,2,-4.44035,-0.11268,-1.58543,0.35361,-0.04482,0.13592,0.02185
41.0,0,-4.42669,-2.32211,-0.68297,0.47258,1.92069,0.00000,
41.0,1,-4.48738,-1.25259,-1.57060,0.29301,-0.31297,0.07124,0.04560
41.0,2,-4.44043,-0.12018,-1.58605,0.39740,-0.03395,0.13338,0.02682
41.02,0,-4.41938,-2.32807,-0.65067,0.47275,1.31764,0.00000,
41.02,1,-4.48732,-1.25863,-1.57298,0.30493,0.01125,0.07159,0.00943
41.02,2,-4.44057,-0.12836,-1.58700,0.41265,-0.05633,0.13124,0.03286
41.04,0,-4.41181,-2.33386,-0.62745,0.47614,1.10632,0.00000,
41.04,1,-4.48725,-1.26590,-1.56745,0.36020,0.30590,0.07062,0.01896
41.04,2,-4.44072,-0.13676,-1.58819,0.41942,-0.05892,0.13009,0.04013
41.06,0,-4.40417,-2.33940,-0.60468,0.46906,1.16982,0.00000,
41.06,1,-4.48702,-1.27344,-1.56166,0.40264,0.21044,0.06918,0.02839
41.06,2,-4.44086,-0.14430,-1.58921,0.27993,-0.03701,0.13008,0.01776
41.08,0,-4.39646,-2.34475,-0.58121,0.47026,1.15855,0.00000,
41.08,1,-4.48692,-1.28199,-1.55947,0.45291,0.05818,0.06660,0.03777
41.08,2,-4.44095,-0.14848,-1.58998,0.16135,-0.05201,0.13444,0.02632
41.1,0,-4.38856,-2.34995,-0.55886,0.47484,1.08297,0.00000,
41.1,1,-4.48684,-1.29117,-1.55826,0.45386,0.07557,0.06334,0.04721
41.1,2,-4.44106,-0.15181,-1.59124,0.17739,-0.08714,0.14028,0.03550
41.12,0,-4.38050,-2.35502,-0.53779,0.47659,1.03462,0.00000,
41.12,1,-4.48675,-1.29992,-1.55635,0.42473,0.10585,0.06043,0.05671
41.12,2,-4.44117,-0.15653,-1.59291,0.28593,-0.06220,0.14429,0.04425
41.14,0,-4.37231,-2.35991,-0.51745,0.47701,1.00324,0.00000,
41.14,1,-4.48654,-1.30965,-1.54963,0.58370,0.63415,0.05645,0.01906
41.14,2,-4.44129,-0.16219,-1.59365,0.31634,-0.03054,0.14835,0.05398
41.16,0,-4.36402,-2.36464,-0.49777,0.47806,0.96657,0.00000,
41.16,1,-4.48636,-1.32082,-1.53979,0.55349,0.35337,0.05097,0.02861
41.16,2,-4.44144,-0.17108,-1.59416,0.45640,-0.01820,0.15062,0.02521
41.18,0,-4.35604,-2.36912,-0.47977,0.45394,0.92870,0.00000,
41.18,1,-4.48609,-1.33096,-1.53636,0.46609,0.06189,0.04628,0.03775
41.18,2,-4.44163,-0.17983,-1.59545,0.47923,-0.08788,0.15198,0.03534
41.2,0,-4.34794,-2.37339,-0.46096,0.46042,0.92450,0.00000,
41.2,1,-4.48576,-1.33961,-1.53533,0.38663,0.08508,0.04292,0.04689
41.2,2,-4.44188,-0.19020,-1.59672,0.53366,-0.03944,0.15025,0.04400
41.22,0,-4.33968,-2.37751,-0.44332,0.46255,0.85021,0.00000,
41.22,1,-4.48538,-1.34674,-1.52866,0.38704,0.35975,0.04102,0.00924
41.22,2,-4.44215,-0.20061,-1.59719,0.50436,-0.01851,0.14695,0.05115
41.24,0,-4.33133,-2.38148,-0.42674,0.46152,0.81765,0.00000,
41.24,1,-4.48513,-1.35465,-1.52475,0.37872,0.10578,0.03829,0.01848
41.24,2,-4.44239,-0.20919,-1.59785,0.42873,-0.02833,0.14626,0.05905
41.26,0,-4.32304,-2.38527,-0.41020,0.47054,0.81209,0.00000,
41.26,1,-4.48476,-1.36207,-1.52248,0.41650,0.15634,0.03590,0.02759
41.26,2,-4.44260,-0.21651,-1.59788,0.29731,0.02107,0.14633,0.01913
41.28,0,-4.31408,-2.38918,-0.39459,0.49715,0.75671,0.00000,
41.28,1,-4.48427,-1.37111,-1.51873,0.46209,0.19659,0.03220,0.03736
41.28,2,-4.44276,-0.22187,-1.59792,0.29578,-0.01695,0.14998,0.02818
41.3,0,-4.30493,-2.39300,-0.37983,0.49220,0.72683,0.00000,
41.3,1,-4.48379,-1.37995,-1.51501,0.42322,0.17419,0.02871,0.04727
41.3,2,-4.44297,-0.22904,-1.59838,0.39405,-0.02538,0.15164,0.03704
41.32,0,-4.29588,-2.39661,-0.36551,0.48420,0.70688,0.00000,
41.32,1,-4.48334,-1.38715,-1.51133,0.35468,0.16304,0.02671,0.00974
41.32,2,-4.44319,-0.23634,-1.59869,0.39040,-0.01659,0.15151,0.04426
41.34,0,-4.28685,-2.40006,-0.35165,0.48392,0.68055,0.00000,
41.34,1,-4.48279,-1.39553,-1.52800,0.42755,-1.10597,0.02347,0.01941
41.34,2,-4.44344,-0.24597,-1.59891,0.61529,0.01666,0.15023,0.01191
41.36,0,-4.27774,-2.40341,-0.33834,0.48662,0.65320,0.00000,
41.36,1,-4.48241,-1.40372,-1.53967,0.37003,0.02895,0.02043,0.02912
41.36,2,-4.44373,-0.25798,-1.59871,0.58146,0.00433,0.14639,0.02011
41.38,0,-4.26854,-2.40665,-0.32556,0.48804,0.62794,0.00000,
41.38,1,-4.48208,-1.41173,-1.53046,0.42260,0.59822,0.01758,0.03887
41.38,2,-4.44402,-0.26900,-1.59878,0.50872,-0.01331,0.14336,0.02812
41.4,0,-4.25929,-2.40977,-0.31326,0.48821,0.60479,0.00000,
41.4,1,-4.48170,-1.42032,-1.52127,0.42827,0.32328,0.01414,0.04863
41.4,2,-4.44427,-0.27677,-1.59950,0.31081,-0.04710,0.14416,0.03672
41.42,0,-4.25000,-2.41278,-0.30141,0.48833,0.58230,0.00000,
41.42,1,-4.48120,-1.42974,-1.50913,0.52093,0.92891,0.00986,0.00977
41.42,2,-4.44451,-0.28320,-1.60055,0.33414,-0.03573,0.14713,0.04616
41.44,0,-4.24067,-2.41568,-0.29001,0.48876,0.56039,0.00000,
41.44,1,-4.48059,-1.43952,-1.49471,0.45314,0.46463,0.00521,0.01954
41.44,2,-4.44473,-0.29126,-1.60047,0.52353,0.07414,0.14882,0.01486
41.46,0,-4.23129,-2.41848,-0.27903,0.48924,0.53937,0.00000,
41.46,1,-4.47996,-1.44820,-1.48950,0.42215,0.17905,0.00164,0.02932
41.46,2,-4.44498,-0.30066,-1.59811,0.45608,0.12437,0.14807,0.02356
41.48,0,-4.22188,-2.42117,-0.26847,0.48963,0.51920,0.00000,
41.48,1,-4.47930,-1.45591,-1.48471,0.32470,0.32916,0.00100,0.03910
41.48,2,-4.44531,-0.30984,-1.59614,0.46968,0.03674,0.14657,0.03129
41.5,0,-4.21244,-2.42377,-0.25830,0.48994,0.49978,0.00000,
41.5,1,-4.47866,-1.46277,-1.47848,0.36047,0.29268,0.00280,0.04890
41.5,2,-4.44562,-0.31977,-1.59669,0.51542,-0.05510,0.14348,0.03819
41.52,0,-4.20296,-2.42628,-0.24851,0.49024,0.48108,0.00000,
41.52,1,-4.47790,-1.47065,-1.46965,0.47051,0.86294,0.00561,0.00980
41.52,2,-4.44587,-0.32949,-1.59767,0.48976,-0.02902,0.14161,0.04610
41.54,0,-4.19345,-2.42869,-0.23909,0.49052,0.46315,0.00000,
41.54,1,-4.47690,-1.47971,-1.45307,0.45093,0.58775,0.00960,0.01961
41.54,2,-4.44609,-0.33594,-1.59725,0.21821,0.03110,0.14419,0.01337
41.56,0,-4.18392,-2.43101,-0.23001,0.49080,0.44626,0.00000,
41.56,1,-4.47585,-1.48862,-1.44660,0.43582,0.18672,0.01343,0.02942
41.56,2,-4.44628,-0.33839,-1.59581,0.06661,0.06255,0.15061,0.02234
41.58,0,-4.17436,-2.43325,-0.22127,0.49106,0.42944,0.00000,
41.58,1,-4.47479,-1.49683,-1.44264,0.39921,0.24254,0.01657,0.03924
41.58,2,-4.44657,-0.33983,-1.59696,0.11557,-0.27224,0.15735,0.03062
41.6,0,-4.16477,-2.43541,-0.21286,0.49128,0.41290,0.00000,
41.6,1,-4.47379,-1.50329,-1.43539,0.30370,0.36902,0.01799,0.04906
41.6,2,-4.44680,-0.34433,-1.60169,0.26871,-0.12028,0.15927,0.03715
41.62,0,-4.15517,-2.43748,-0.20478,0.49149,0.39709,0.00000,
41.62,1,-4.47283,-1.50975,-1.42952,0.34048,0.25367,0.01939,0.05889
41.62,2,-4.44701,-0.35011,-1.60273,0.28927,-0.04370,0.15992,0.04368
41.64,0,-4.14554,-2.43948,-0.19701,0.49168,0.38194,0.00000,
41.64,1,-4.47177,-1.51666,-1.42216,0.37141,0.56236,0.02121,0.01966
41.64,2,-4.44732,-0.35594,-1.60403,0.30134,-0.12968,0.16098,0.05066
41.66,0,-4.13590,-2.44141,-0.18953,0.49186,0.36736,0.00000,
41.66,1,-4.47071,-1.52453,-1.41676,0.40540,0.16762,0.02391,0.02949
41.66,2,-4.44770,-0.36312,-1.60578,0.41741,0.01804,0.16164,0.01829
41.68,0,-4.12623,-2.44326,-0.18234,0.49202,0.35332,0.00000,
41.68,1,-4.46956,-1.53223,-1.41241,0.39583,0.30381,0.02642,0.03933
41.68,2,-4.44799,-0.37170,-1.60410,0.42384,0.09677,0.16072,0.02607
41.7,0,-4.11655,-2.44504,-0.17542,0.49217,0.33982,0.00000,
41.7,1,-4.46827,-1.54000,-1.40515,0.38922,0.37986,0.02902,0.04917
41.7,2,-4.44826,-0.38057,-1.60309,0.44758,0.01664,0.15960,0.03395
41.72,0,-4.10686,-2.44676,-0.16877,0.49231,0.32684,0.00000,
41.72,1,-4.46697,-1.54692,-1.39551,0.36501,0.79833,0.03078,0.00985
41.72,2,-4.44853,-0.38924,-1.60302,0.42018,0.00262,0.15783,0.04099
41.74,0,-4.09715,-2.44842,-0.16237,0.49244,0.31435,0.00000,
41.74,1,-4.46541,-1.55533,-1.37776,0.43601,0.73043,0.03397,0.01969
41.74,2,-4.44878,-0.39785,-1.60272,0.52067,0.04639,0.15760,0.01181
41.76,0,-4.08743,-2.45001,-0.15621,0.49256,0.30234,0.00000,
41.76,1,-4.46399,-1.56269,-1.36959,0.38464,0.28018,0.03609,0.02954
41.76,2,-4.44904,-0.40772,-1.60159,0.42090,0.07923,0.15507,0.01931
41.78,0,-4.07770,-2.45154,-0.15029,0.49267,0.29079,0.00000,
41.78,1,-4.46234,-1.57061,-1.36385,0.40900,0.31486,0.03876,0.03939
41.78,2,-4.44946,-0.41573,-1.60429,0.42182,-0.28290,0.15495,0.02740
41.8,0,-4.06796,-2.45302,-0.14460,0.49278,0.27968,0.00000,
41.8,1,-4.46073,-1.57748,-1.35526,0.29746,0.48353,0.04040,0.04925
41.8,2,-4.44980,-0.42365,-1.60807,0.35468,-0.08266,0.15388,0.03445
41.82,0,-4.05820,-2.45444,-0.13912,0.49287,0.26900,0.00000,
41.82,1,-4.45930,-1.58347,-1.34840,0.31570,0.26835,0.04112,0.05910
41.82,2,-4.45008,-0.43130,-1.60709,0.39715,0.11043,0.15221,0.00313
41.84,0,-4.04844,-2.45580,-0.13386,0.49296,0.25873,0.00000,
41.84,1,-4.45787,-1.58966,-1.34308,0.31594,0.28304,0.04196,0.06896
41.84,2,-4.45036,-0.43907,-1.60315,0.35308,0.19257,0.15062,0.00948
41.86,0,-4.03867,-2.45712,-0.12879,0.49304,0.24884,0.00000,
41.86,1,-4.45618,-1.59655,-1.33238,0.40525,0.50255,0.04350,0.02957
41.86,2,-4.45061,-0.44677,-1.60121,0.41646,0.02830,0.14979,0.01657
41.88,0,-4.02889,-2.45839,-0.12392,0.49312,0.23934,0.00000,
41.88,1,-4.45448,-1.60450,-1.32479,0.37726,0.30090,0.04593,0.03944
41.88,2,-4.45087,-0.45526,-1.60104,0.42053,0.01319,0.14924,0.02470
41.9,0,-4.01910,-2.45961,-0.11923,0.49318,0.23020,0.00000,
41.9,1,-4.45267,-1.61173,-1.31826,0.36817,0.35042,0.04771,0.04930
41.9,2,-4.45112,-0.46334,-1.60035,0.39124,0.04887,0.14840,0.03216
41.92,0,-4.00931,-2.46078,-0.11473,0.49325,0.22141,0.00000,
41.92,1,-4.45082,-1.61858,-1.31057,0.30712,0.48910,0.04908,0.05916
41.92,2,-4.45134,-0.47098,-1.59930,0.37846,0.05088,0.14759,0.03924
41.94,0,-3.99950,-2.46191,-0.11039,0.49331,0.21295,0.00000,
41.94,1,-4.44885,-1.62514,-1.29509,0.40188,0.82101,0.05022,0.01973
41.94,2,-4.45155,-0.47774,-1.59853,0.33262,0.03771,0.14740,0.04609
41.96,0,-3.98970,-2.46299,-0.10622,0.49336,0.20482,0.00000,
41.96,1,-4.44685,-1.63245,-1.28365,0.32953,0.32059,0.05195,0.02960
41.96,2,-4.45175,-0.48477,-1.59770,0.43170,0.04377,0.14769,0.01787
41.98,0,-3.97989,-2.46404,-0.10221,0.49341,0.19699,0.00000,
41.98,1,-4.44479,-1.63924,-1.27757,0.39001,0.35595,0.05320,0.03946
41.98,2,-4.45196,-0.49050,-1.59819,0.26904,-0.13259,0.14877,0.02497
42.0,0,-3.97007,-2.46505,-0.09836,0.49346,0.18947,0.00000,
42.0,1,-4.44247,-1.64658,-1.26900,0.32355,0.56671,0.05499,0.04933
42.0,2,-4.45226,-0.49674,-1.60116,0.36039,-0.06703,0.14989,0.03267
42.02,0,-3.96025,-2.46602,-0.09465,0.49350,0.18224,0.00000,
42.02,1,-4.44044,-1.65266,-1.26054,0.31689,0.32878,0.05547,0.05920
42.02,2,-4.45249,-0.50446,-1.60013,0.39664,0.11362,0.14826,0.03906
42.04,0,-3.95042,-2.46695,-0.09108,0.49355,0.17528,0.00000,
42.04,1,-4.43813,-1.65965,-1.24858,0.44395,0.99007,0.05681,0.01974
42.04,2,-4.45273,-0.51310,-1.59594,0.44417,0.22702,0.14665,0.01055
42.06,0,-3.94059,-2.46785,-0.08765,0.49358,0.16858,0.00000,
42.06,1,-4.43553,-1.66758,-1.23258,0.36123,0.47696,0.05905,0.02961
42.06,2,-4.45295,-0.52172,-1.59311,0.41624,0.07307,0.14600,0.01890
42.08,0,-3.93076,-2.46871,-0.08435,0.49362,0.16215,0.00000,
42.08,1,-4.43309,-1.67456,-1.22557,0.37184,0.30277,0.06031,0.03948
42.08,2,-4.45314,-0.52972,-1.59232,0.39070,0.03346,0.14502,0.02629
42.1,0,-3.92092,-2.46954,-0.08117,0.49365,0.15595,0.00000,
42.1,1,-4.43066,-1.68118,-1.21850,0.29397,0.47972,0.06119,0.04936
42.1,2,-4.45330,-0.53748,-1.59131,0.38778,0.06383,0.14392,0.03333
42.12,0,-3.91108,-2.47034,-0.07812,0.49368,0.15000,0.00000,
42.12,1,-4.42858,-1.68647,-1.21007,0.29195,0.34302,0.06071,0.05923
42.12,2,-4.45346,-0.54524,-1.58991,0.38817,0.07047,0.14150,0.00289
42.14,0,-3.90123,-2.47111,-0.07518,0.49371,0.14427,0.00000,
42.14,1,-4.42638,-1.69219,-1.20271,0.36376,0.66454,0.06059,0.01975
42.14,2,-4.45361,-0.55328,-1.58590,0.40360,0.21757,0.13924,0.00902
42.16,0,-3.89139,-2.47186,-0.07236,0.49373,0.13876,0.00000,
42.16,1,-4.42334,-1.69937,-1.18848,0.37885,0.48044,0.06207,0.02962
42.16,2,-4.45373,-0.56094,-1.58306,0.35241,0.08792,0.13884,0.01681
42.18,0,-3.88154,-2.47257,-0.06964,0.49375,0.13347,0.00000,
42.18,1,-4.42048,-1.70634,-1.18020,0.36548,0.37030,0.06321,0.03950
42.18,2,-4.45382,-0.56795,-1.58185,0.35051,0.04999,0.13888,0.02434
42.2,0,-3.87169,-2.47326,-0.06703,0.49378,0.12837,0.00000,
42.2,1,-4.41777,-1.71273,-1.17321,0.33435,0.34701,0.06372,0.04937
42.2,2,-4.45390,-0.57496,-1.58074,0.34991,0.06229,0.13834,0.03128
42.22,0,-3.86183,-2.47392,-0.06452,0.49380,0.12347,0.00000,
42.22,1,-4.41519,-1.71877,-1.16598,0.32720,0.37189,0.06381,0.05925
42.22,2,-4.45397,-0.58190,-1.57941,0.34429,0.06780,0.13753,0.03785
42.24,0,-3.85198,-2.47456,-0.06210,0.49381,0.11876,0.00000,
42.24,1,-4.41240,-1.72501,-1.15252,0.40482,0.82379,0.06411,0.01975
42.24,2,-4.45403,-0.58845,-1.57811,0.40210,0.06243,0.13733,0.01011
42.26,0,-3.84212,-2.47517,-0.05977,0.49383,0.11422,0.00000,
42.26,1,-4.40933,-1.73224,-1.13988,0.34382,0.39641,0.06529,0.02963
42.26,2,-4.45408,-0.59315,-1.57676,0.21535,0.02776,0.13997,0.01796
42.28,0,-3.83226,-2.47576,-0.05754,0.49385,0.10986,0.00000,
42.28,1,-4.40638,-1.73861,-1.13262,0.36692,0.39304,0.06565,0.03951
42.28,2,-4.45413,-0.59733,-1.57607,0.20863,0.04697,0.14228,0.02497
42.3,0,-3.82240,-2.47633,-0.05539,0.49386,0.10567,0.00000,
42.3,1,-4.40323,-1.74523,-1.12452,0.36076,0.40254,0.06626,0.04938
42.3,2,-4.45417,-0.60298,-1.57466,0.29209,0.08405,0.14339,0.03231
42.32,0,-3.81254,-2.47687,-0.05332,0.49388,0.10163,0.00000,
42.32,1,-4.40058,-1.75053,-1.11579,0.27842,0.38565,0.06546,0.05926
42.32,2,-4.45422,-0.60923,-1.57295,0.32371,0.08594,0.14256,0.03823
42.34,0,-3.80267,-2.47740,-0.05133,0.49389,0.09775,0.00000,
42.34,1,-4.39803,-1.75564,-1.10881,0.32305,0.49543,0.06438,0.01976
42.34,2,-4.45426,-0.61593,-1.57139,0.35337,0.06886,0.14110,0.04394
42.36,0,-3.79281,-2.47791,-0.04941,0.49390,0.09402,0.00000,
42.36,1,-4.39431,-1.76246,-1.09596,0.35655,0.32845,0.06530,0.02963
42.36,2,-4.45427,-0.62287,-1.56807,0.32819,0.26023,0.14117,0.01625
42.38,0,-3.78294,-2.47839,-0.04757,0.49391,0.09043,0.00000,
42.38,1,-4.39060,-1.76842,-1.09051,0.35075,0.28974,0.06549,0.03951
42.38,2,-4.45425,-0.62954,-1.56391,0.34459,0.13815,0.14066,0.02326
42.4,0,-3.77308,-2.47886,-0.04580,0.49392,0.08698,0.00000,
42.4,1,-4.38724,-1.77453,-1.08366,0.34525,0.38341,0.06550,0.04939
42.4,2,-4.45420,-0.63668,-1.56241,0.36287,0.04659,0.13982,0.03023
42.42,0,-3.76321,-2.47932,-0.04410,0.49393,0.08366,0.00000,
42.42,1,-4.38363,-1.78118,-1.06989,0.43376,0.74807,0.06602,0.00988
42.42,2,-4.45414,-0.64382,-1.56133,0.32542,0.07102,0.13954,0.03779
42.44,0,-3.75334,-2.47975,-0.04246,0.49394,0.08047,0.00000,
42.44,1,-4.37980,-1.78864,-1.05651,0.36969,0.49940,0.06722,0.01976
42.44,2,-4.45409,-0.65094,-1.55717,0.33664,0.32954,0.14013,0.01261
42.46,0,-3.74347,-2.48017,-0.04089,0.49395,0.07740,0.00000,
42.46,1,-4.37628,-1.79482,-1.04827,0.36866,0.43194,0.06718,0.02964
42.46,2,-4.45400,-0.65795,-1.55231,0.37424,0.14129,0.13953,0.01972
42.48,0,-3.73360,-2.48058,-0.03937,0.49395,0.07444,0.00000,
42.48,1,-4.37275,-1.80080,-1.03898,0.29781,0.48562,0.06693,0.03951
42.48,2,-4.45385,-0.66576,-1.55108,0.37136,0.02734,0.13793,0.02665
42.5,0,-3.72373,-2.48096,-0.03791,0.49396,0.07160,0.00000,
42.5,1,-4.36970,-1.80589,-1.03086,0.29606,0.36183,0.06565,0.04939
42.5,2,-4.45368,-0.67415,-1.55006,0.44618,0.07592,0.13484,0.03258
42.52,0,-3.71385,-2.48134,-0.03651,0.49397,0.06887,0.00000,
42.52,1,-4.36565,-1.81261,-1.01988,0.42158,0.47414,0.06617,0.00988
42.52,2,-4.45349,-0.68305,-1.54822,0.43442,0.09596,0.13298,0.04043
42.54,0,-3.70398,-2.48170,-0.03516,0.49397,0.06624,0.00000,
42.54,1,-4.36183,-1.81879,-1.01487,0.36412,0.33889,0.06608,0.01976
42.54,2,-4.45333,-0.69296,-1.57198,0.50201,-1.78986,0.12954,0.01147
42.56,0,-3.69411,-2.48205,-0.03387,0.49398,0.06371,0.00000,
42.56,1,-4.35778,-1.82523,-1.00509,0.38404,0.53379,0.06626,0.02964
42.56,2,-4.45322,-0.70252,-1.60590,0.44405,-1.32031,0.12676,0.01908
42.58,0,-3.68423,-2.48238,-0.03262,0.49398,0.06128,0.00000,
42.58,1,-4.35427,-1.83076,-0.99502,0.29816,0.44776,0.06535,0.03952
42.58,2,-4.45348,-0.71193,-1.61060,0.48837,0.48138,0.12322,0.02562
42.6,0,-3.67436,-2.48270,-0.03142,0.49399,0.05894,0.00000,
42.6,1,-4.35106,-1.83572,-0.98731,0.29390,0.35804,0.06378,0.04940
42.6,2,-4.45387,-0.72011,-1.59897,0.41469,0.48615,0.12033,0.03153
42.62,0,-3.66448,-2.48301,-0.03027,0.49399,0.05669,0.00000,
42.62,1,-4.34768,-1.84080,-0.97925,0.37371,0.64007,0.06234,0.00988
42.62,2,-4.45423,-0.72803,-1.59330,0.32180,0.05947,0.11786,0.00317
42.64,0,-3.65461,-2.48331,-0.02916,0.49399,0.05453,0.00000,
42.64,1,-4.34298,-1.84725,-0.97024,0.39119,0.26906,0.06275,0.01976
42.64,2,-4.45455,-0.73363,-1.59098,0.26572,0.29885,0.11920,0.01115
42.66,0,-3.64473,-2.48360,-0.02809,0.49400,0.05245,0.00000,
42.66,1,-4.33860,-1.85343,-0.96519,0.36436,0.26703,0.06268,0.02964
42.66,2,-4.45467,-0.73954,-1.59677,0.29977,-0.09337,0.11992,0.01873
42.68,0,-3.63486,-2.48388,-0.02706,0.49400,0.05045,0.00000,
42.68,1,-4.33437,-1.85942,-0.95712,0.36557,0.46946,0.06231,0.03952
42.68,2,-4.45459,-0.74453,-1.58107,0.25561,0.83829,0.12135,0.02606
42.7,0,-3.62498,-2.48415,-0.02607,0.49400,0.04852,0.00000,
42.7,1,-4.33089,-1.86433,-0.94816,0.29047,0.40708,0.06059,0.04940
42.7,2,-4.45455,-0.74999,-1.57171,0.26725,0.20458,0.12117,0.03207
42.72,0,-3.61510,-2.48440,-0.02512,0.49401,0.04667,0.00000,
42.72,1,-4.32747,-1.86907,-0.94048,0.29395,0.37501,0.05867,0.05928
42.72,2,-4.45452,-0.75649,-1.56946,0.36614,0.10174,0.11982,0.03792
42.74,0,-3.60523,-2.48465,-0.02421,0.49401,0.04489,0.00000,
42.74,1,-4.32396,-1.87388,-0.93272,0.33835,0.51825,0.05681,0.01976
42.74,2,-4.45445,-0.76391,-1.56639,0.36187,0.19227,0.11761,0.04388
42.76,0,-3.59535,-2.48489,-0.02333,0.49401,0.04318,0.00000,
42.76,1,-4.31894,-1.88020,-0.92323,0.39841,0.26703,0.05701,0.02964
42.76,2,-4.45439,-0.77115,-1.56148,0.43045,0.38956,0.11729,0.01696
42.78,0,-3.58547,-2.48512,-0.02249,0.49401,0.04153,0.00000,
42.78,1,-4.31417,-1.88638,-0.91791,0.36546,0.22740,0.05687,0.03952
42.78,2,-4.45430,-0.78041,-1.55340,0.47639,0.32826,0.11481,0.02476
42.8,0,-3.57559,-2.48534,-0.02167,0.49402,0.03995,0.00000,
42.8,1,-4.30970,-1.89216,-0.91039,0.36303,0.45426,0.05619,0.04940
42.8,2,-4.45420,-0.78895,-1.54908,0.38067,0.15233,0.11263,0.03207
42.82,0,-3.56572,-2.48556,-0.02089,0.49402,0.03842,0.00000,
42.82,1,-4.30596,-1.89698,-0.90186,0.28781,0.39999,0.05428,0.05928
42.82,2,-4.45405,-0.79583,-1.54616,0.32771,0.15840,0.11106,0.03817
42.84,0,-3.55584,-2.48576,-0.02014,0.49402,0.03696,0.00000,
42.84,1,-4.30215,-1.90173,-0.89333,0.38090,0.61932,0.05233,0.01976
42.84,2,-4.45388,-0.80168,-1.54141,0.33726,0.25699,0.11046,0.00896
42.86,0,-3.54596,-2.48596,-0.01941,0.49402,0.03555,0.00000,
42.86,1,-4.29657,-1.90833,-0.88308,0.39632,0.31090,0.05286,0.02964
42.86,2,-4.45368,-0.80854,-1.53814,0.32087,0.15695,0.11095,0.01760
42.88,0,-3.53608,-2.48615,-0.01872,0.49402,0.03419,0.00000,
42.88,1,-4.29168,-1.91410,-0.87773,0.37354,0.31108,0.05228,0.03952
42.88,2,-4.45348,-0.81443,-1.53470,0.32581,0.19983,0.11152,0.02517
42.9,0,-3.52620,-2.48634,-0.01805,0.49403,0.03289,0.00000,
42.9,1,-4.28697,-1.91965,-0.87012,0.33820,0.40155,0.05137,0.04940
42.9,2,-4.45318,-0.82205,-1.53048,0.40418,0.20786,0.11012,0.03245
42.92,0,-3.51632,-2.48652,-0.01741,0.49403,0.03163,0.00000,
42.92,1,-4.28334,-1.92400,-0.86266,0.27727,0.38775,0.04882,0.05928
42.92,2,-4.45286,-0.82935,-1.52625,0.29579,0.22843,0.10769,0.03811
42.94,0,-3.50644,-2.48669,-0.01679,0.49403,0.03043,0.00000,
42.94,1,-4.27959,-1.92837,-0.85434,0.33646,0.53321,0.04634,0.01976
42.94,2,-4.45257,-0.83524,-1.52241,0.29484,0.17045,0.10674,0.04387
42.96,0,-3.49657,-2.48686,-0.01619,0.49403,0.02927,0.00000,
42.96,1,-4.27437,-1.93424,-0.84679,0.37634,0.18118,0.04586,0.02964
42.96,2,-4.45225,-0.84140,-1.51823,0.35741,0.37301,0.10722,0.01636
42.98,0,-3.48669,-2.48702,-0.01562,0.49403,0.02815,0.00000,
42.98,1,-4.26943,-1.93980,-0.84350,0.35835,0.10786,0.04494,0.03952
42.98,2,-4.45184,-0.84879,-1.50971,0.33644,0.35308,0.10615,0.02381
43.0,0,-3.47681,-2.48717,-0.01507,0.49403,0.02708,0.00000,
43.0,1,-4.26448,-1.94528,-0.83745,0.37327,0.43943,0.04393,0.04940
43.0,2,-4.45140,-0.85600,-1.50516,0.36777,0.15072,0.10521,0.03119
43.02,0,-3.46693,-2.48732,-0.01454,0.49403,0.02604,0.00000,
43.02,1,-4.25771,-1.95245,-0.82473,0.53882,0.63691,0.04531,0.00988
43.02,2,-4.45094,-0.86309,-1.50244,0.34201,0.14566,0.10637,0.04105
43.04,0,-3.45705,-2.48746,-0.01403,0.49403,0.02505,0.00000,
43.04,1,-4.25091,-1.96011,-0.80763,0.48018,1.00685,0.04694,0.01976
43.04,2,-4.45051,-0.86819,-1.49845,0.25396,0.18333,0.11001,0.05129
43.06,0,-3.44717,-2.48760,-0.01354,0.49403,0.02410,0.00000,
43.06,1,-4.24522,-1.96617,-0.79292,0.36585,0.47583,0.04670,0.02964
43.06,2,-4.45010,-0.87452,-1.49481,0.38283,0.29154,0.11071,0.02393
43.08,0,-3.43729,-2.48773,-0.01306,0.49403,0.02318,0.00000,
43.08,1,-4.24060,-1.97080,-0.78682,0.27702,0.21768,0.04473,0.03952
43.08,2,-4.44972,-0.88120,-1.48948,0.28473,0.30110,0.10948,0.03046
43.1,0,-3.42741,-2.48786,-0.01261,0.49403,0.02229,0.00000,
43.1,1,-4.23668,-1.97474,-0.78118,0.29316,0.37043,0.04176,0.04940
43.1,2,-4.44906,-0.88813,-1.47823,0.42098,0.55463,0.10717,0.03602
43.12,0,-3.41753,-2.48799,-0.01217,0.49404,0.02144,0.00000,
43.12,1,-4.23233,-1.97904,-0.77278,0.31102,0.42680,0.03931,0.05928
43.12,2,-4.44820,-0.89774,-1.47232,0.50662,0.11609,0.10264,0.04213
43.14,0,-3.40765,-2.48811,-0.01175,0.49404,0.02062,0.00000,
43.14,1,-4.22782,-1.98334,-0.76568,0.39494,0.47268,0.03695,0.01976
43.14,2,-4.44721,-0.90727,-1.46696,0.48115,0.45341,0.09821,0.00934
43.16,0,-3.39777,-2.48822,-0.01135,0.49404,0.01984,0.00000,
43.16,1,-4.22120,-1.98952,-0.76042,0.42827,0.17114,0.03732,0.02964
43.16,2,-4.44625,-0.91617,-1.45933,0.41157,0.26698,0.09669,0.01839
43.18,0,-3.38789,-2.48834,-0.01096,0.49404,0.01908,0.00000,
43.18,1,-4.21514,-1.99523,-0.75675,0.40890,0.23307,0.03694,0.03952
43.18,2,-4.44540,-0.92185,-1.45371,0.26438,0.26715,0.09780,0.02672
43.2,0,-3.37801,-2.48844,-0.01059,0.49404,0.01835,0.00000,
43.2,1,-4.20955,-2.00049,-0.75019,0.33371,0.32262,0.03586,0.04940
43.2,2,-4.44468,-0.92738,-1.44990,0.29294,0.13933,0.09857,0.03439
43.22,0,-3.36813,-2.48855,-0.01023,0.49404,0.01765,0.00000,
43.22,1,-4.20539,-2.00459,-0.74344,0.29196,0.42048,0.03293,0.05928
43.22,2,-4.44395,-0.93336,-1.44744,0.29101,0.11374,0.09748,0.04023
43.24,0,-3.35825,-2.48865,-0.00988,0.49404,0.01698,0.00000,
43.24,1,-4.20099,-2.00867,-0.73457,0.30445,0.42813,0.03016,0.06917
43.24,2,-4.44315,-0.93960,-1.44280,0.39393,0.46281,0.09615,0.00889
43.26,0,-3.34837,-2.48875,-0.00955,0.49404,0.01633,0.00000,
43.26,1,-4.19541,-2.01349,-0.72533,0.43147,0.37463,0.02874,0.02964
43.26,2,-4.44208,-0.94773,-1.43436,0.39635,0.30023,0.09394,0.01626
43.28,0,-3.33849,-2.48884,-0.00923,0.49404,0.01571,0.00000,
43.28,1,-4.18881,-2.01905,-0.71783,0.43154,0.37465,0.02853,0.03952
43.28,2,-4.44108,-0.95519,-1.43081,0.35601,0.11352,0.09336,0.02489
43.3,0,-3.32861,-2.48893,-0.00892,0.49404,0.01511,0.00000,
43.3,1,-4.18281,-2.02428,-0.71188,0.39509,0.25299,0.02760,0.04940
43.3,2,-4.44015,-0.96187,-1.42851,0.32678,0.13311,0.09314,0.03285
43.32,0,-3.31873,-2.48902,-0.00863,0.49404,0.01454,0.00000,
43.32,1,-4.17725,-2.02921,-0.70683,0.30774,0.19385,0.02609,0.05928
43.32,2,-4.43930,-0.96667,-1.42380,0.24455,0.19503,0.09438,0.04028
43.34,0,-3.30885,-2.48911,-0.00834,0.49404,0.01398,0.00000,
43.34,1,-4.17285,-2.03319,-0.70029,0.29863,0.43620,0.02308,0.01976
43.34,2,-4.43846,-0.97194,-1.42114,0.27799,0.10817,0.09398,0.04621
43.36,0,-3.29897,-2.48919,-0.00807,0.49404,0.01345,0.00000,
43.36,1,-4.16665,-2.03846,-0.69320,0.38457,0.24985,0.02223,0.02964
43.36,2,-4.43761,-0.97836,-1.41913,0.41958,0.02771,0.09418,0.01748
43.38,0,-3.28908,-2.48927,-0.00781,0.49404,0.01294,0.00000,
43.38,1,-4.16076,-2.04316,-0.68587,0.39192,0.50624,0.02080,0.03952
43.38,2,-4.43670,-0.98671,-1.41855,0.41957,0.02802,0.09189,0.02501
43.4,0,-3.27920,-2.48935,-0.00755,0.49404,0.01244,0.00000,
43.4,1,-4.15452,-2.04818,-0.67601,0.40043,0.44510,0.01979,0.04940
43.4,2,-4.43591,-0.99403,-1.42140,0.37541,-0.20716,0.09106,0.03301
43.42,0,-3.26932,-2.48942,-0.00731,0.49404,0.01197,0.00000,
43.42,1,-4.14817,-2.05336,-0.66824,0.48355,0.33193,0.01892,0.00988
43.42,2,-4.43480,-1.00166,-1.42092,0.35027,0.25332,0.09006,0.04121
43.44,0,-3.25944,-2.48949,-0.00707,0.49404,0.01151,0.00000,
43.44,1,-4.14062,-2.05940,-0.66286,0.45155,0.26773,0.01946,0.01976
43.44,2,-4.43358,-1.00908,-1.41567,0.38863,0.23828,0.09041,0.05087
43.46,0,-3.24956,-2.48956,-0.00685,0.49404,0.01107,0.00000,
43.46,1,-4.13385,-2.06469,-0.65660,0.44083,0.37191,0.01894,0.02964
43.46,2,-4.43247,-1.01565,-1.40973,0.22564,0.45696,0.09071,0.02275
43.48,0,-3.23968,-2.48963,-0.00663,0.49404,0.01065,0.00000,
43.48,1,-4.12724,-2.06988,-0.64929,0.35001,0.23623,0.01819,0.03952
43.48,2,-4.43176,-1.01972,-1.40169,0.23740,0.29286,0.09342,0.03116
43.5,0,-3.22980,-2.48970,-0.00642,0.49404,0.01025,0.00000,
43.5,1,-4.12222,-2.07408,-0.64325,0.32126,0.36689,0.01554,0.04940
43.5,2,-4.43073,-1.02547,-1.39755,0.33073,0.15883,0.09305,0.03770
43.52,0,-3.21992,-2.48976,-0.00622,0.49404,0.00986,0.00000,
43.52,1,-4.11707,-2.07800,-0.63532,0.32707,0.39973,0.01287,0.05928
43.52,2,-4.42949,-1.03236,-1.39462,0.35016,0.15575,0.09132,0.04417
43.54,0,-3.21004,-2.48982,-0.00603,0.49404,0.00948,0.00000,
43.54,1,-4.10946,-2.08335,-0.62518,0.48176,0.44796,0.01300,0.01976
43.54,2,-4.42834,-1.03876,-1.39128,0.28833,0.14781,0.09218,0.05346
43.56,0,-3.20016,-2.48988,-0.00584,0.49404,0.00912,0.00000,
43.56,1,-4.10225,-2.08847,-0.61613,0.43617,0.45218,0.01263,0.02964
43.56,2,-4.42696,-1.04617,-1.38399,0.44390,0.51519,0.09171,0.02140
43.58,0,-3.19028,-2.48994,-0.00567,0.49404,0.00877,0.00000,
43.58,1,-4.09520,-2.09338,-0.60833,0.41931,0.33270,0.01200,0.03952
43.58,2,-4.42535,-1.05469,-1.37756,0.42868,0.18606,0.08990,0.02999
43.6,0,-3.18040,-2.48999,-0.00549,0.49404,0.00844,0.00000,
43.6,1,-4.08965,-2.09755,-0.60407,0.30832,0.24242,0.00967,0.04940
43.6,2,-4.42384,-1.06248,-1.37485,0.37059,0.13346,0.08768,0.03693
43.62,0,-3.17052,-2.49005,-0.00533,0.49404,0.00812,0.00000,
43.62,1,-4.08342,-2.10184,-0.59511,0.48407,0.43001,0.00798,0.00988
43.62,2,-4.42250,-1.06841,-1.36993,0.22546,0.35698,0.08764,0.04449
43.64,0,-3.16064,-2.49010,-0.00517,0.49404,0.00781,0.00000,
43.64,1,-4.07623,-2.10666,-0.58601,0.39368,0.46777,0.00736,0.01976
43.64,2,-4.42123,-1.07351,-1.36253,0.34574,0.54129,0.08923,0.01310
43.66,0,-3.15076,-2.49015,-0.00502,0.49404,0.00751,0.00000,
43.66,1,-4.06958,-2.11091,-0.57678,0.39824,0.42454,0.00599,0.02964
43.66,2,-4.41952,-1.08069,-1.35438,0.33008,0.12389,0.08803,0.02100
43.68,0,-3.14088,-2.49020,-0.00487,0.49404,0.00722,0.00000,
43.68,1,-4.06332,-2.11507,-0.57145,0.33018,0.12044,0.00420,0.03952
43.68,2,-4.41781,-1.08715,-1.34865,0.35130,0.37374,0.08733,0.02851
43.7,0,-3.13099,-2.49025,-0.00473,0.49404,0.00695,0.00000,
43.7,1,-4.05769,-2.11889,-0.56530,0.34590,0.41533,0.00166,0.04940
43.7,2,-4.41618,-1.09409,-1.34242,0.31451,0.33262,0.08569,0.03531
43.72,0,-3.12111,-2.49030,-0.00459,0.49404,0.00668,0.00000,
43.72,1,-4.05189,-2.12265,-0.55684,0.33430,0.39992,0.00076,0.05929
43.72,2,-4.41473,-1.09994,-1.33797,0.30738,0.12431,0.08517,0.04222
43.74,0,-3.11123,-2.49034,-0.00446,0.49404,0.00643,0.00000,
43.74,1,-4.04524,-2.12669,-0.54838,0.53563,0.55819,0.00230,0.01976
43.74,2,-4.41323,-1.10630,-1.33921,0.35751,-1.05326,0.08472,0.01123
43.76,0,-3.10135,-2.49039,-0.00434,0.49404,0.00618,0.00000,
43.76,1,-4.03636,-2.13189,-0.53831,0.49538,0.52429,0.00138,0.02964
43.76,2,-4.41154,-1.11335,-1.37118,0.35494,-1.49996,0.08545,0.02151
43.78,0,-3.09147,-2.49043,-0.00422,0.49404,0.00595,0.00000,
43.78,1,-4.02822,-2.13674,-0.52765,0.45694,0.49841,0.00129,0.03952
43.78,2,-4.41036,-1.11927,-1.38567,0.29251,0.05535,0.08687,0.03099
43.8,0,-3.08159,-2.49047,-0.00410,0.49404,0.00572,0.00000,
43.8,1,-4.02095,-2.14116,-0.52228,0.34540,0.04341,0.00220,0.04940
43.8,2,-4.40892,-1.12611,-1.37389,0.38532,0.72807,0.08667,0.03950
43.82,0,-3.07171,-2.49051,-0.00399,0.49404,0.00550,0.00000,
43.82,1,-4.01563,-2.14467,-0.51905,0.32294,0.34287,0.00528,0.05929
43.82,2,-4.40730,-1.13380,-1.36363,0.38794,0.31955,0.08409,0.04587
43.84,0,-3.06183,-2.49055,-0.00388,0.49404,0.00529,0.00000,
43.84,1,-4.00903,-2.14842,-0.51010,0.49687,0.43108,0.00710,0.01976
43.84,2,-4.40579,-1.14045,-1.35831,0.29026,0.28705,0.08324,0.05345
43.86,0,-3.05195,-2.49059,-0.00378,0.49404,0.00509,0.00000,
43.86,1,-4.00150,-2.15267,-0.49958,0.42017,0.54267,0.00789,0.02964
43.86,2,-4.40446,-1.14626,-1.35364,0.30444,0.21940,0.08409,0.01943
43.88,0,-3.04207,-2.49063,-0.00368,0.49404,0.00490,0.00000,
43.88,1,-3.99428,-2.15666,-0.48916,0.40073,0.45164,0.00908,0.03952
43.88,2,-4.40299,-1.15275,-1.34186,0.34048,0.64102,0.08392,0.02768
43.9,0,-3.03219,-2.49066,-0.00358,0.49404,0.00471,0.00000,
43.9,1,-3.98706,-2.16054,-0.48423,0.37491,0.04138,0.01033,0.04940
43.9,2,-4.40157,-1.15879,-1.33377,0.32365,0.27153,0.08412,0.03587
43.92,0,-3.02231,-2.49070,-0.00349,0.49404,0.00453,0.00000,
43.92,1,-3.98106,-2.16400,-0.48214,0.34943,0.28302,0.01289,0.05929
43.92,2,-4.39993,-1.16556,-1.32917,0.35663,0.22549,0.08274,0.04279
43.94,0,-3.01243,-2.49073,-0.00340,0.49404,0.00436,0.00000,
43.94,1,-3.97486,-2.16732,-0.47481,0.35154,0.37057,0.01532,0.06917
43.94,2,-4.39821,-1.17270,-1.32362,0.46833,0.45267,0.08096,0.01051
43.96,0,-3.00254,-2.49077,-0.00331,0.49404,0.00419,0.00000,
43.96,1,-3.96705,-2.17109,-0.46400,0.48488,0.72187,0.01610,0.02964
43.96,2,-4.39591,-1.18375,-1.31590,0.57309,0.32546,0.07646,0.01918
43.98,0,-2.99266,-2.49080,-0.00323,0.49404,0.00403,0.00000,
43.98,1,-3.95858,-2.17504,-0.44928,0.44249,0.74929,0.01622,0.03952
43.98,2,-4.39366,-1.19311,-1.31268,0.45736,0.21445,0.07400,0.02852
44.0,0,-2.98278,-2.49083,-0.00315,0.49404,0.00388,0.00000,
44.0,1,-3.95063,-2.17885,-0.43816,0.43530,0.31734,0.01689,0.04940
44.0,2,-4.39153,-1.20064,-1.30527,0.28566,0.54211,0.07297,0.03733
44.02,0,-2.97290,-2.49086,-0.00308,0.49404,0.00373,0.00000,
44.02,1,-3.94194,-2.18278,-0.43382,0.60768,0.32055,0.01684,0.00988
44.02,2,-4.38979,-1.20519,-1.29318,0.23797,0.60190,0.07529,0.04686
44.04,0,-2.96302,-2.49089,-0.00300,0.49404,0.00359,0.00000,
44.04,1,-3.92995,-2.18794,-0.42627,0.65066,0.43005,0.01328,0.01976
44.04,2,-4.38812,-1.21016,-1.28310,0.23938,0.37705,0.07980,0.01830
44.06,0,-2.95314,-2.49092,-0.00293,0.49404,0.00345,0.00000,
44.06,1,-3.91961,-2.19257,-0.41773,0.48082,0.34677,0.01147,0.02964
44.06,2,-4.38676,-1.21492,-1.27892,0.29117,0.13384,0.08353,0.02963
44.08,0,-2.94326,-2.49095,-0.00287,0.49404,0.00332,0.00000,
44.08,1,-3.91214,-2.19586,-0.41318,0.37387,0.16345,0.01282,0.03952
44.08,2,-4.38461,-1.22209,-1.27526,0.39072,0.14727,0.08233,0.03779
44.1,0,-2.93338,-2.49098,-0.00280,0.49404,0.00320,0.00000,
44.1,1,-3.90708,-2.19847,-0.41412,0.27015,-0.09448,0.01669,0.04940
44.1,2,-4.38213,-1.23029,-1.27229,0.43506,0.12395,0.07845,0.04348
44.12,0,-2.92350,-2.49101,-0.00274,0.49404,0.00307,0.00000,
44.12,1,-3.90196,-2.20101,-0.41573,0.30746,0.03194,0.02053,0.05929
44.12,2,-4.37965,-1.23841,-1.26835,0.41341,0.25859,0.07462,0.04920
44.14,0,-2.91362,-2.49103,-0.00268,0.49404,0.00296,0.00000,
44.14,1,-3.89391,-2.20414,-0.40624,0.45665,0.80271,0.02141,0.01976
44.14,2,-4.37729,-1.24585,-1.26667,0.37586,-1.01307,0.07331,0.01160
44.16,0,-2.90374,-2.49106,-0.00262,0.49404,0.00284,0.00000,
44.16,1,-3.88534,-2.20735,-0.39018,0.45751,0.79452,0.02178,0.02964
44.16,2,-4.37496,-1.25299,-1.28689,0.37287,-0.97524,0.07262,0.02074
44.18,0,-2.89386,-2.49109,-0.00256,0.49404,0.00274,0.00000,
44.18,1,-3.87736,-2.21099,-0.37703,0.44683,0.40626,0.02261,0.03952
44.18,2,-4.37336,-1.25818,-1.29600,0.17886,-0.00245,0.07419,0.02950
44.2,0,-2.88398,-2.49111,-0.00251,0.49404,0.00263,0.00000,
44.2,1,-3.86903,-2.21460,-0.37527,0.40325,-0.16287,0.02312,0.04940
44.2,2,-4.37198,-1.26187,-1.29038,0.21982,0.43382,0.07734,0.03858
44.22,0,-2.87409,-2.49114,-0.00246,0.49404,0.00253,0.00000,
44.22,1,-3.86241,-2.21750,-0.37635,0.36119,0.16863,0.02550,0.05929
44.22,2,-4.37069,-1.26576,-1.28304,0.21935,0.30771,0.07896,0.04581
44.24,0,-2.86421,-2.49116,-0.00241,0.49404,0.00244,0.00000,
44.24,1,-3.85565,-2.22013,-0.37082,0.36249,0.29272,0.02782,0.06917
44.24,2,-4.36924,-1.27088,-1.27203,0.25625,0.68966,0.07928,0.01085
44.26,0,-2.85433,-2.49119,-0.00236,0.49404,0.00234,0.00000,
44.26,1,-3.84748,-2.22302,-0.36297,0.49887,0.57635,0.02872,0.02964
44.26,2,-4.36744,-1.27615,-1.25792,0.30933,0.59536,0.08024,0.01951
44.28,0,-2.84445,-2.49121,-0.00232,0.49404,0.00225,0.00000,
44.28,1,-3.83821,-2.22613,-0.35094,0.45079,0.69367,0.02850,0.03952
44.28,2,-4.36529,-1.28278,-1.25002,0.36941,0.28241,0.08062,0.02929
44.3,0,-2.83457,-2.49123,-0.00227,0.49404,0.00217,0.00000,
44.3,1,-3.82974,-2.22922,-0.34015,0.44829,0.30188,0.02908,0.04940
44.3,2,-4.36304,-1.28964,-1.24486,0.34638,0.26115,0.08038,0.03831
44.32,0,-2.82469,-2.49125,-0.00223,0.49404,0.00208,0.00000,
44.32,1,-3.82203,-2.23212,-0.33950,0.33091,-0.21632,0.03045,0.05929
44.32,2,-4.36077,-1.29639,-1.23811,0.36002,0.37629,0.07974,0.04654
44.34,0,-2.81481,-2.49128,-0.00219,0.49404,0.00201,0.00000,
44.34,1,-3.81333,-2.23502,-0.33964,0.51271,0.00757,0.03088,0.01976
44.34,2,-4.35845,-1.30314,-1.23076,0.35296,0.34812,0.07961,0.05571
44.36,0,-2.80493,-2.49130,-0.00215,0.49404,0.00193,0.00000,
44.36,1,-3.80470,-2.23807,-0.33578,0.39469,0.39652,0.03135,0.02964
44.36,2,-4.35619,-1.30971,-1.22181,0.30481,0.44390,0.07981,0.02212
44.38,0,-2.79505,-2.49132,-0.00211,0.49404,0.00186,0.00000,
44.38,1,-3.79688,-2.24100,-0.33030,0.44019,0.17020,0.03263,0.03952
44.38,2,-4.35394,-1.31555,-1.21275,0.33755,0.47688,0.08018,0.03047
44.4,0,-2.78517,-2.49134,-0.00208,0.49404,0.00179,0.00000,
44.4,1,-3.78969,-2.24385,-0.33085,0.36201,-0.03085,0.03456,0.04940
44.4,2,-4.35123,-1.32282,-1.20480,0.42193,0.33204,0.07871,0.03820
44.42,0,-2.77529,-2.49136,-0.00204,0.49404,0.00172,0.00000,
44.42,1,-3.78289,-2.24640,-0.32979,0.36664,0.13694,0.03695,0.05929
44.42,2,-4.34819,-1.33088,-1.19877,0.42651,0.29674,0.07598,0.00365
44.44,0,-2.76541,-2.49138,-0.00201,0.49404,0.00165,0.00000,
44.44,1,-3.77590,-2.24881,-0.32607,0.37048,0.19711,0.03920,0.06917
44.44,2,-4.34616,-1.33588,-1.18720,0.22861,0.56393,0.07641,0.01104
44.46,0,-2.75558,-2.49140,-0.00197,0.50485,0.00156,0.00000,
44.46,1,-3.76748,-2.25131,-0.31927,0.53904,0.44182,0.03999,0.02959
44.46,2,-4.34459,-1.33942,-1.17626,0.19449,0.34370,0.07917,0.01982
44.48,0,-2.74533,-2.49142,-0.00194,0.51464,0.00146,0.00000,
44.48,1,-3.75753,-2.25410,-0.30899,0.48295,0.61742,0.03965,0.03984
44.48,2,-4.34263,-1.34406,-1.17389,0.29569,0.08799,0.08190,0.03014
44.5,0,-2.73510,-2.49144,-0.00191,0.50823,0.00147,0.00000,
44.5,1,-3.74839,-2.25689,-0.29905,0.46664,0.28794,0.04009,0.05007
44.5,2,-4.34021,-1.34911,-1.17423,0.29734,-0.10765,0.08366,0.03970
44.52,0,-2.72500,-2.49146,-0.00188,0.50357,0.00143,0.00000,
44.52,1,-3.73788,-2.25984,-0.29584,0.72033,0.20284,0.03903,0.01010
44.52,2,-4.33781,-1.35495,-1.17830,0.33063,-0.09362,0.08570,0.05061
44.54,0,-2.71492,-2.49148,-0.00186,0.50415,0.00136,0.00000,
44.54,1,-3.72357,-2.26345,-0.29136,0.70903,0.30591,0.03410,0.02018
44.54,2,-4.33512,-1.36140,-1.17414,0.36058,0.39762,0.08981,0.06536
44.56,0,-2.70540,-2.49150,-0.00184,0.47352,0.00118,0.00000,
44.56,1,-3.71113,-2.26709,-0.28272,0.60930,0.37165,0.03046,0.02970
44.56,2,-4.33233,-1.36817,-1.16294,0.31897,0.69744,0.09268,0.03408
44.58,0,-2.69581,-2.49151,-0.00181,0.48316,0.00145,0.00000,
44.58,1,-3.70181,-2.27009,-0.28088,0.35136,-0.20470,0.03008,0.03929
44.58,2,-4.32971,-1.37391,-1.15056,0.32837,0.63265,0.09426,0.04386
44.6,0,-2.68613,-2.49153,-0.00178,0.48309,0.00123,0.00000,
44.6,1,-3.69596,-2.27272,-0.28617,0.31576,-0.26927,0.03327,0.04897
44.6,2,-4.32674,-1.38037,-1.13986,0.37957,0.40477,0.09278,0.05021
44.62,0,-2.67651,-2.49155,-0.00176,0.48004,0.00112,0.00000,
44.62,1,-3.68997,-2.27514,-0.29014,0.33588,-0.05843,0.03631,0.05859
44.62,2,-4.32340,-1.38767,-1.13507,0.38303,0.09266,0.09034,0.05665
44.64,0,-2.66703,-2.49157,-0.00173,0.47856,0.00119,0.00000,
44.64,1,-3.68312,-2.27722,-0.28679,0.40661,0.41284,0.03845,0.01910
44.64,2,-4.31996,-1.39481,-1.13185,0.43208,0.31821,0.08822,0.06381
44.66,0,-2.65717,-2.49158,-0.00171,0.50084,0.00101,0.00000,
44.66,1,-3.67353,-2.27976,-0.27624,0.48000,0.66970,0.03820,0.02896
44.66,2,-4.31647,-1.40207,-1.12805,0.29186,-0.36087,0.08799,0.02035
44.68,0,-2.64725,-2.49160,-0.00169,0.50453,0.00104,0.00000,
44.68,1,-3.66432,-2.28252,-0.26397,0.47835,0.47756,0.03834,0.03888
44.68,2,-4.31370,-1.40717,-1.13509,0.26882,-0.28948,0.08993,0.02996
44.7,0,-2.63702,-2.49162,-0.00167,0.51332,0.00094,0.00000,
44.7,1,-3.65555,-2.28496,-0.26001,0.43394,0.02615,0.03928,0.04911
44.7,2,-4.31158,-1.41043,-1.13425,0.20840,-0.11351,0.09324,0.03907
44.72,0,-2.62682,-2.49163,-0.00165,0.50680,0.00096,0.00000,
44.72,1,-3.64783,-2.28707,-0.26181,0.38035,-0.49524,0.04130,0.01020
44.72,2,-4.30925,-1.41598,-1.14987,0.32551,-0.91436,0.09374,0.04707
44.74,0,-2.61674,-2.49165,-0.00163,0.50239,0.00094,0.00000,
44.74,1,-3.64087,-2.28919,-0.27524,0.36279,-0.67796,0.04395,0.02028
44.74,2,-4.30691,-1.42176,-1.16463,0.30707,-0.71808,0.09363,0.05434
44.76,0,-2.60669,-2.49167,-0.00161,0.50307,0.00089,0.00000,
44.76,1,-3.63355,-2.29111,-0.28501,0.40277,-0.17459,0.04626,0.03033
44.76,2,-4.30434,-1.42943,-1.19303,0.44212,-1.25513,0.09199,0.01862
44.78,0,-2.59661,-2.49168,-0.00160,0.50455,0.00085,0.00000,
44.78,1,-3.62575,-2.29333,-0.28039,0.43633,0.37654,0.04808,0.04041
44.78,2,-4.30119,-1.43835,-1.21332,0.48916,-0.36183,0.08960,0.02673
44.8,0,-2.58709,-2.49170,-0.00159,0.47283,0.00071,0.00000,
44.8,1,-3.61669,-2.29600,-0.27461,0.48193,0.20534,0.04804,0.04993
44.8,2,-4.29798,-1.44704,-1.20277,0.43748,0.98785,0.08853,0.03617
44.82,0,-2.57752,-2.49172,-0.00157,0.48177,0.00096,0.00000,
44.82,1,-3.60711,-2.29877,-0.27032,0.53021,0.27753,0.04752,0.00957
44.82,2,-4.29502,-1.45489,-1.18409,0.41172,0.76298,0.08873,0.04614
44.84,0,-2.56787,-2.49173,-0.00155,0.48188,0.00079,0.00000,
44.84,1,-3.59732,-2.30151,-0.26517,0.47526,0.21794,0.04687,0.01922
44.84,2,-4.29195,-1.46252,-1.17290,0.41223,0.45653,0.08922,0.05631
44.86,0,-2.55827,-2.49175,-0.00154,0.47908,0.00070,0.00000,
44.86,1,-3.58891,-2.30381,-0.26175,0.41325,0.14511,0.04764,0.02882
44.86,2,-4.28900,-1.46943,-1.16162,0.33651,0.78707,0.08919,0.02408
44.88,0,-2.54886,-2.49176,-0.00152,0.49222,0.00071,0.00000,
44.88,1,-3.58107,-2.30593,-0.25905,0.38024,0.07487,0.04880,0.03822
44.88,2,-4.28634,-1.47531,-1.14895,0.32367,0.64515,0.08965,0.03220
44.9,0,-2.53862,-2.49178,-0.00151,0.52027,0.00056,0.00000,
44.9,1,-3.57396,-2.30794,-0.25703,0.38312,0.16903,0.05154,0.04847
44.9,2,-4.28324,-1.48167,-1.13517,0.39300,0.63651,0.08894,0.03958
44.92,0,-2.52830,-2.49179,-0.00149,0.51002,0.00065,0.00000,
44.92,1,-3.56637,-2.30999,-0.25249,0.33384,0.36168,0.05387,0.01032
44.92,2,-4.27957,-1.48954,-1.12444,0.45440,0.47718,0.08710,0.04745
44.94,0,-2.51824,-2.49181,-0.00148,0.49894,0.00066,0.00000,
44.94,1,-3.55994,-2.31193,-0.24528,0.34316,0.34704,0.05712,0.02038
44.94,2,-4.27634,-1.49606,-1.11405,0.24089,0.77372,0.08575,0.01069
44.96,0,-2.50828,-2.49182,-0.00147,0.49886,0.00061,0.00000,
44.96,1,-3.55243,-2.31387,-0.24063,0.40979,0.17622,0.05921,0.03035
44.96,2,-4.27441,-1.49990,-1.09955,0.16347,0.70361,0.08802,0.01845
44.98,0,-2.49826,-2.49184,-0.00146,0.50208,0.00058,0.00000,
44.98,1,-3.54380,-2.31606,-0.23769,0.48844,0.09291,0.06021,0.04036
44.98,2,-4.27352,-1.50229,-1.08675,0.12879,0.50547,0.09303,0.02735
45.0,0,-2.48820,-2.49185,-0.00145,0.50299,0.00056,0.00000,
45.0,1,-3.53418,-2.31839,-0.23583,0.48548,0.10858,0.06026,0.05042
45.0,2,-4.27220,-1.50577,-1.08407,0.24603,0.02024,0.09774,0.03725
45.02,0,-2.47838,-2.49186,-0.00144,0.46502,0.00014,0.00000,
45.02,1,-3.52284,-2.32091,-0.23079,0.61007,0.30663,0.05835,0.00982
45.02,2,-4.26958,-1.51053,-1.08394,0.31412,0.11905,0.10198,0.04886
45.04,0,-2.46896,-2.49188,-0.00143,0.47589,0.00062,0.00000,
45.04,1,-3.51151,-2.32361,-0.22414,0.56310,0.26700,0.05604,0.01924
45.04,2,-4.26625,-1.51697,-1.08700,0.39760,-0.52432,0.10467,0.01790
45.06,0,-2.45938,-2.49189,-0.00142,0.48051,0.00060,0.00000,
45.06,1,-3.50137,-2.32593,-0.22117,0.48880,0.07955,0.05513,0.02883
45.06,2,-4.26206,-1.52502,-1.08434,0.44526,0.10007,0.10458,0.02830
45.08,0,-2.44979,-2.49191,-0.00141,0.47839,0.00046,0.00000,
45.08,1,-3.49415,-2.32790,-0.22313,0.33787,-0.13943,0.05717,0.03842
45.08,2,-4.25785,-1.53342,-1.08690,0.48636,-0.17739,0.10201,0.03577
45.1,0,-2.44044,-2.49192,-0.00139,0.48471,0.00049,0.00000,
45.1,1,-3.48736,-2.32971,-0.22553,0.37022,-0.02255,0.05941,0.04776
45.1,2,-4.25309,-1.54273,-1.08319,0.55179,0.50287,0.09803,0.04280
45.12,0,-2.43029,-2.49193,-0.00139,0.51797,0.00033,0.00000,
45.12,1,-3.47833,-2.33166,-0.21984,0.48632,0.58375,0.06023,0.01015
45.12,2,-4.24771,-1.55274,-1.06981,0.57268,0.69587,0.09484,0.05204
45.14,0,-2.41999,-2.49195,-0.00138,0.50977,0.00042,0.00000,
45.14,1,-3.46882,-2.33376,-0.20832,0.48886,0.54058,0.06070,0.02046
45.14,2,-4.24240,-1.56233,-1.05721,0.45546,0.70767,0.09248,0.01466
45.16,0,-2.40994,-2.49196,-0.00137,0.49773,0.00044,0.00000,
45.16,1,-3.45930,-2.33607,-0.20088,0.48146,0.18343,0.06088,0.03050
45.16,2,-4.23888,-1.56827,-1.04488,0.27245,0.54821,0.09419,0.02446
45.18,0,-2.40001,-2.49197,-0.00136,0.49678,0.00040,0.00000,
45.18,1,-3.45026,-2.33791,-0.19993,0.44643,-0.00366,0.06149,0.04043
45.18,2,-4.23619,-1.57273,-1.03393,0.26040,0.54750,0.09689,0.03369
45.2,0,-2.39004,-2.49199,-0.00135,0.50004,0.00038,0.00000,
45.2,1,-3.44221,-2.33956,-0.20016,0.35079,-0.05155,0.06315,0.05040
45.2,2,-4.23357,-1.57719,-1.02489,0.30046,0.33814,0.09885,0.04191
45.22,0,-2.38002,-2.49200,-0.00135,0.50122,0.00037,0.00000,
45.22,1,-3.43498,-2.34109,-0.19861,0.38510,0.15133,0.06570,0.06042
45.22,2,-4.23059,-1.58201,-1.02548,0.21883,-0.35092,0.09964,0.00379
45.24,0,-2.37000,-2.49202,-0.00134,0.50059,0.00036,0.00000,
45.24,1,-3.42597,-2.34274,-0.21481,0.45881,-1.32452,0.06647,0.02004
45.24,2,-4.22834,-1.58576,-1.03244,0.21884,-0.35218,0.10309,0.01294
45.26,0,-2.36000,-2.49203,-0.00133,0.50008,0.00034,0.00000,
45.26,1,-3.41790,-2.34439,-0.23855,0.41867,-1.02997,0.06816,0.03004
45.26,2,-4.22569,-1.58967,-1.03514,0.25161,0.26997,0.10550,0.02118
45.28,0,-2.34999,-2.49204,-0.00133,0.50012,0.00033,0.00000,
45.28,1,-3.40912,-2.34638,-0.24441,0.46847,0.26139,0.06910,0.04004
45.28,2,-4.22277,-1.59390,-1.02351,0.29292,0.69124,0.10826,0.03018
45.3,0,-2.34061,-2.49206,-0.00132,0.47017,0.00026,0.00000,
45.3,1,-3.39999,-2.34865,-0.23501,0.46635,0.46646,0.06903,0.04942
45.3,2,-4.21967,-1.59862,-1.01660,0.27906,0.01935,0.11105,0.03959
45.32,0,-2.33110,-2.49207,-0.00132,0.47848,0.00044,0.00000,
45.32,1,-3.39115,-2.35080,-0.22889,0.44517,0.18828,0.06942,0.05893
45.32,2,-4.21641,-1.60415,-1.01822,0.38346,0.29998,0.11290,0.00449
45.34,0,-2.32153,-2.49208,-0.00131,0.47801,0.00031,0.00000,
45.34,1,-3.38263,-2.35281,-0.22614,0.43391,0.13053,0.07020,0.06851
45.34,2,-4.21234,-1.61093,-1.00043,0.41674,1.09410,0.11302,0.01325
45.36,0,-2.31222,-2.49209,-0.00130,0.47745,0.00034,0.00000,
45.36,1,-3.37418,-2.35480,-0.22337,0.49508,0.22906,0.07080,0.02840
45.36,2,-4.20765,-1.61806,-0.98324,0.42972,0.50827,0.11241,0.02193
45.38,0,-2.30216,-2.49211,-0.00130,0.51578,0.00015,0.00000,
45.38,1,-3.36455,-2.35705,-0.21994,0.43991,0.19095,0.07095,0.03846
45.38,2,-4.20237,-1.62606,-0.97438,0.50394,0.43619,0.11188,0.03181
45.4,0,-2.29186,-2.49212,-0.00129,0.50996,0.00025,0.00000,
45.4,1,-3.35636,-2.35894,-0.21608,0.43897,0.15372,0.07280,0.04875
45.4,2,-4.19681,-1.63435,-0.96481,0.48581,0.51022,0.10969,0.04022
45.42,0,-2.28182,-2.49213,-0.00129,0.49709,0.00028,0.00000,
45.42,1,-3.34753,-2.36088,-0.21314,0.45468,0.15449,0.07376,0.05879
45.42,2,-4.19152,-1.64204,-0.95452,0.45452,0.50496,0.10863,0.04926
45.44,0,-2.27191,-2.49215,-0.00128,0.49522,0.00025,0.00000,
45.44,1,-3.33971,-2.36271,-0.21117,0.35658,0.07779,0.07561,0.06870
45.44,2,-4.18633,-1.64937,-0.94488,0.44716,0.46559,0.10709,0.05730
45.46,0,-2.26197,-2.49216,-0.00128,0.49846,0.00023,0.00000,
45.46,1,-3.33252,-2.36439,-0.20435,0.35683,0.53538,0.07814,0.02989
45.46,2,-4.18095,-1.65679,-0.93487,0.54213,0.63415,0.10478,0.01997
45.48,0,-2.25198,-2.49217,-0.00127,0.49991,0.00022,0.00000,
45.48,1,-3.32532,-2.36571,-0.19354,0.38146,0.46202,0.08076,0.03988
45.48,2,-4.17419,-1.66616,-0.92442,0.56782,0.56291,0.09998,0.02729
45.5,0,-2.24199,-2.49218,-0.00127,0.49936,0.00022,0.00000,
45.5,1,-3.31762,-2.36725,-0.18761,0.45717,0.11169,0.08286,0.04987
45.5,2,-4.16822,-1.67409,-0.91638,0.47803,0.44422,0.09726,0.03513
45.52,0,-2.23201,-2.49220,-0.00126,0.49879,0.00021,0.00000,
45.52,1,-3.30770,-2.36921,-0.18690,0.51800,0.03919,0.08270,0.05985
45.52,2,-4.16236,-1.68154,-0.90613,0.43161,0.51445,0.09696,0.04524
45.54,0,-2.22204,-2.49221,-0.00126,0.49879,0.00020,0.00000,
45.54,1,-3.29803,-2.37106,-0.18485,0.46653,0.14753,0.08279,0.06983
45.54,2,-4.15721,-1.68814,-0.89645,0.41149,0.48951,0.09753,0.01503
45.56,0,-2.21206,-2.49222,-0.00125,0.49896,0.00019,0.00000,
45.56,1,-3.28707,-2.37295,-0.18050,0.65949,0.26617,0.08161,0.02993
45.56,2,-4.15219,-1.69456,-0.88590,0.37138,0.87183,0.09938,0.02614
45.58,0,-2.20208,-2.49223,-0.00125,0.49900,0.00019,0.00000,
45.58,1,-3.27507,-2.37521,-0.17440,0.58751,0.31262,0.07935,0.03991
45.58,2,-4.14775,-1.70024,-0.86455,0.37260,1.07286,0.10325,0.03836
45.6,0,-2.19210,-2.49225,-0.00125,0.49897,0.00018,0.00000,
45.6,1,-3.26421,-2.37719,-0.17009,0.51660,0.12625,0.07827,0.04989
45.6,2,-4.14224,-1.70653,-0.85051,0.45732,0.39342,0.10486,0.04940
45.62,0,-2.18268,-2.49226,-0.00125,0.46780,0.00008,0.00000,
45.62,1,-3.25460,-2.37884,-0.16969,0.52625,-0.00042,0.07790,0.00942
45.62,2,-4.13645,-1.71318,-0.84556,0.36537,0.39966,0.10488,0.00502
45.64,0,-2.17321,-2.49227,-0.00124,0.47685,0.00029,0.00000,
45.64,1,-3.24420,-2.38048,-0.16964,0.52625,-0.00019,0.07681,0.01889
45.64,2,-4.13212,-1.71815,-0.83651,0.31776,0.50918,0.10774,0.01554
45.66,0,-2.16366,-2.49228,-0.00124,0.47706,0.00019,0.00000,
45.66,1,-3.23525,-2.38215,-0.16996,0.44677,-0.14865,0.07724,0.02844
45.66,2,-4.12843,-1.72218,-0.83033,0.27510,0.08717,0.11056,0.02464
45.68,0,-2.15435,-2.49229,-0.00123,0.48280,0.00017,0.00000,
45.68,1,-3.22604,-2.38394,-0.17291,0.42812,-0.13231,0.07716,0.03775
45.68,2,-4.12456,-1.72676,-0.83086,0.30532,-0.00525,0.11320,0.03402
45.7,0,-2.14424,-2.49231,-0.00123,0.51572,0.00003,0.00000,
45.7,1,-3.21724,-2.38562,-0.17103,0.45570,0.22426,0.07829,0.04786
45.7,2,-4.11978,-1.73159,-0.83052,0.37942,0.01040,0.11460,0.04298
45.72,0,-2.13398,-2.49232,-0.00123,0.50733,0.00014,0.00000,
45.72,1,-3.20840,-2.38719,-0.16638,0.43982,0.19936,0.07955,0.05811
45.72,2,-4.11449,-1.73764,-0.83238,0.42621,-0.49016,0.11486,0.00444
45.74,0,-2.12399,-2.49233,-0.00123,0.49534,0.00016,0.00000,
45.74,1,-3.19682,-2.38880,-0.16009,0.62993,0.49732,0.07781,0.02026
45.74,2,-4.10920,-1.74375,-0.84633,0.42306,-0.48106,0.11738,0.01614
45.76,0,-2.11410,-2.49234,-0.00122,0.49446,0.00014,0.00000,
45.76,1,-3.18475,-2.39048,-0.14950,0.58403,0.56943,0.07548,0.03014
45.76,2,-4.10222,-1.75172,-0.86626,0.61636,-1.52538,0.11793,0.02832
45.78,0,-2.10418,-2.49236,-0.00122,0.49773,0.00012,0.00000,
45.78,1,-3.17346,-2.39244,-0.13902,0.55406,0.41339,0.07393,0.04006
45.78,2,-4.09462,-1.76058,-0.88505,0.54678,-0.39301,0.11705,0.03978
45.8,0,-2.09421,-2.49237,-0.00122,0.49889,0.00012,0.00000,
45.8,1,-3.16399,-2.39407,-0.13673,0.40170,-0.03973,0.07429,0.05004
45.8,2,-4.08834,-1.76834,-0.88214,0.44888,0.48542,0.11623,0.04939
45.82,0,-2.08423,-2.49238,-0.00122,0.49825,0.00012,0.00000,
45.82,1,-3.15430,-2.39537,-0.13132,0.54615,0.58223,0.07445,0.00997
45.82,2,-4.08373,-1.77418,-0.87239,0.35684,0.48744,0.11791,0.05916
45.84,0,-2.07428,-2.49239,-0.00121,0.49774,0.00011,0.00000,
45.84,1,-3.14443,-2.39686,-0.12006,0.47848,0.38643,0.07441,0.01993
45.84,2,-4.07909,-1.77997,-0.86317,0.45395,0.43519,0.11989,0.01539
45.86,0,-2.06432,-2.49240,-0.00121,0.49778,0.00011,0.00000,
45.86,1,-3.13428,-2.39818,-0.11855,0.52502,-0.08194,0.07410,0.02988
45.86,2,-4.07502,-1.78512,-0.84984,0.31543,0.65154,0.12287,0.02562
45.88,0,-2.05436,-2.49242,-0.00121,0.49794,0.00011,0.00000,
45.88,1,-3.12449,-2.39940,-0.12046,0.39982,-0.15299,0.07416,0.03984
45.88,2,-4.07059,-1.78958,-0.83795,0.32204,0.35913,0.12560,0.03548
45.9,0,-2.04440,-2.49243,-0.00121,0.49797,0.00010,0.00000,
45.9,1,-3.11643,-2.40048,-0.12101,0.41495,0.06873,0.07596,0.04980
45.9,2,-4.06535,-1.79541,-0.83481,0.45802,0.19351,0.12542,0.04362
45.92,0,-2.03445,-2.49244,-0.00121,0.49794,0.00010,0.00000,
45.92,1,-3.10807,-2.40154,-0.11877,0.42281,0.11336,0.07746,0.05976
45.92,2,-4.05862,-1.80276,-0.82775,0.50983,0.43289,0.12343,0.05204
45.94,0,-2.02449,-2.49245,-0.00120,0.49792,0.00009,0.00000,
45.94,1,-3.10004,-2.40251,-0.11682,0.40358,0.07640,0.07931,0.06972
45.94,2,-4.05150,-1.81045,-0.81620,0.52441,0.61941,0.12062,0.01231
45.96,0,-2.01453,-2.49246,-0.00120,0.49792,0.00009,0.00000,
45.96,1,-3.08856,-2.40354,-0.11385,0.62607,0.30845,0.07771,0.02988
45.96,2,-4.04606,-1.81637,-0.80218,0.36950,0.59084,0.12319,0.02384
45.98,0,-2.00457,-2.49248,-0.00120,0.49793,0.00009,0.00000,
45.98,1,-3.07651,-2.40459,-0.10721,0.60493,0.33234,0.07553,0.03983
45.98,2,-4.04131,-1.82123,-0.79440,0.33065,0.24514,0.12745,0.03594
46.0,0,-1.99469,-2.49249,-0.00120,0.45991,-0.00034,0.00000,
46.0,1,-3.06505,-2.40587,-0.10092,0.53959,0.20719,0.07386,0.04972
46.0,2,-4.03646,-1.82634,-0.79032,0.37417,0.28458,0.13114,0.04747
46.02,0,-1.98538,-2.49250,-0.00120,0.47043,0.00010,0.00000,
46.02,1,-3.05566,-2.40692,-0.10024,0.44567,-0.03249,0.07370,0.00931
46.02,2,-4.03108,-1.83157,-0.78429,0.39938,0.37049,0.13246,0.05691
46.04,0,-1.97589,-2.49251,-0.00120,0.47677,0.00018,0.00000,
46.04,1,-3.04653,-2.40796,-0.10035,0.45576,0.02223,0.07397,0.01880
46.04,2,-4.02480,-1.83776,-0.77416,0.45949,0.55586,0.13232,0.06610
46.06,0,-1.96647,-2.49252,-0.00119,0.44274,0.00040,0.00000,
46.06,1,-3.03823,-2.40886,-0.09895,0.41238,0.07849,0.07502,0.02822
46.06,2,-4.01824,-1.84429,-0.76799,0.45998,-0.17085,0.13100,0.02190
46.08,0,-1.95691,-2.49253,-0.00119,0.50194,-0.00002,0.00000,
46.08,1,-3.02934,-2.40973,-0.09802,0.46366,0.02755,0.07562,0.03778
46.08,2,-4.01176,-1.85083,-0.77130,0.46306,-0.13113,0.13027,0.03083
46.1,0,-1.94666,-2.49255,-0.00119,0.51444,-0.00000,0.00000,
46.1,1,-3.02020,-2.41062,-0.09752,0.44944,0.02834,0.07666,0.04803
46.1,2,-4.00411,-1.85809,-0.77740,0.58624,-0.47126,0.12844,0.04002
46.12,0,-1.93651,-2.49256,-0.00119,0.50057,0.00009,0.00000,
46.12,1,-3.01200,-2.41146,-0.09724,0.36408,-0.01501,0.07854,0.05817
46.12,2,-3.99666,-1.86605,-0.77204,0.54857,0.34795,0.12563,0.04826
46.14,0,-1.92661,-2.49257,-0.00119,0.49304,0.00008,0.00000,
46.14,1,-3.00457,-2.41223,-0.09682,0.38210,0.04489,0.08095,0.02005
46.14,2,-3.98841,-1.87365,-0.76304,0.58765,0.71172,0.12161,0.01131
46.16,0,-1.91673,-2.49258,-0.00119,0.49501,0.00006,0.00000,
46.16,1,-2.99720,-2.41289,-0.09504,0.33549,0.00481,0.08340,0.02993
46.16,2,-3.98006,-1.88139,-0.74874,0.53623,0.65144,0.11736,0.01870
46.18,0,-1.90680,-2.49259,-0.00119,0.49776,0.00006,0.00000,
46.18,1,-2.98969,-2.41358,-0.09532,0.42002,-0.00418,0.08578,0.03986
46.18,2,-3.97293,-1.88817,-0.73782,0.46433,0.48451,0.11481,0.02624
46.2,0,-1.89684,-2.49261,-0.00119,0.49794,0.00006,0.00000,
46.2,1,-2.98102,-2.41447,-0.09448,0.45341,0.06262,0.08700,0.04982
46.2,2,-3.96699,-1.89390,-0.72967,0.39719,0.42302,0.11496,0.03496
46.22,0,-1.88689,-2.49262,-0.00118,0.49719,0.00006,0.00000,
46.22,1,-2.97096,-2.41543,-0.09352,0.59490,0.06386,0.08682,0.00995
46.22,2,-3.96094,-1.89946,-0.71995,0.42094,0.51450,0.11637,0.04506
46.24,0,-1.87695,-2.49263,-0.00118,0.49693,0.00005,0.00000,
46.24,1,-2.95865,-2.41643,-0.09101,0.62331,0.12841,0.08438,0.01989
46.24,2,-3.95460,-1.90508,-0.71001,0.42177,0.47035,0.11955,0.05742
46.26,0,-1.86701,-2.49264,-0.00118,0.49707,0.00005,0.00000,
46.26,1,-2.94676,-2.41740,-0.08972,0.55474,0.01570,0.08238,0.02983
46.26,2,-3.94831,-1.91052,-0.70114,0.38233,0.67169,0.12251,0.02958
46.28,0,-1.85706,-2.49265,-0.00118,0.49719,0.00005,0.00000,
46.28,1,-2.93671,-2.41829,-0.08955,0.47521,0.01664,0.08221,0.03977
46.28,2,-3.94286,-1.91548,-0.69068,0.36817,0.52132,0.12479,0.03967
46.3,0,-1.84712,-2.49266,-0.00118,0.49718,0.00005,0.00000,
46.3,1,-2.92939,-2.41913,-0.09094,0.36568,-0.12255,0.08476,0.04972
46.3,2,-3.93708,-1.92022,-0.68012,0.35823,0.31248,0.12443,0.04704
46.32,0,-1.83718,-2.49268,-0.00118,0.49714,0.00005,0.00000,
46.32,1,-2.91925,-2.41998,-0.09024,0.54239,0.20327,0.08452,0.00994
46.32,2,-3.93097,-1.92518,-0.67305,0.40376,0.40688,0.12623,0.05721
46.34,0,-1.82723,-2.49269,-0.00118,0.49714,0.00005,0.00000,
46.34,1,-2.90975,-2.42084,-0.08935,0.47170,-0.06648,0.08490,0.01989
46.34,2,-3.92447,-1.93038,-0.66746,0.43581,0.09188,0.12704,0.06675
46.36,0,-1.81729,-2.49270,-0.00118,0.49715,0.00004,0.00000,
46.36,1,-2.90014,-2.42168,-0.08944,0.45872,0.01180,0.08518,0.02983
46.36,2,-3.91717,-1.93625,-0.66459,0.49972,0.43217,0.12694,0.02487
46.38,0,-1.80735,-2.49271,-0.00118,0.49715,0.00004,0.00000,
46.38,1,-2.89181,-2.42251,-0.08911,0.43544,0.05782,0.08673,0.03977
46.38,2,-3.90951,-1.94210,-0.65995,0.48574,0.25302,0.12539,0.03324
46.4,0,-1.79740,-2.49272,-0.00118,0.49715,0.00004,0.00000,
46.4,1,-2.88293,-2.42333,-0.08768,0.44741,0.06800,0.08774,0.04971
46.4,2,-3.90143,-1.94828,-0.65258,0.51901,0.43741,0.12385,0.04216
46.42,0,-1.78746,-2.49273,-0.00117,0.49715,0.00004,0.00000,
46.42,1,-2.87447,-2.42410,-0.08635,0.43838,0.04604,0.08918,0.05966
46.42,2,-3.89287,-1.95488,-0.64339,0.55875,0.45556,0.12129,0.05065
46.44,0,-1.77752,-2.49275,-0.00117,0.49715,0.00004,0.00000,
46.44,1,-2.86526,-2.42490,-0.08579,0.47089,0.02412,0.08986,0.06960
46.44,2,-3.88468,-1.96130,-0.63792,0.51350,0.09448,0.11988,0.01348
46.46,0,-1.76758,-2.49276,-0.00117,0.49715,0.00004,0.00000,
46.46,1,-2.85357,-2.42572,-0.08411,0.65443,0.23398,0.08806,0.02983
46.46,2,-3.87658,-1.96762,-0.63600,0.51306,0.08341,0.12090,0.02521
46.48,0,-1.75763,-2.49277,-0.00117,0.49715,0.00003,0.00000,
46.48,1,-2.84055,-2.42655,-0.07938,0.62801,0.25881,0.08494,0.03977
46.48,2,-3.86836,-1.97312,-0.63502,0.42401,-0.04540,0.12338,0.03824
46.5,0,-1.74805,-2.49278,-0.00118,0.46271,-0.00020,0.00000,
46.5,1,-2.82876,-2.42749,-0.07600,0.56307,0.06193,0.08267,0.04935
46.5,2,-3.86115,-1.97853,-0.64641,0.45940,-0.53171,0.12579,0.05008
46.52,0,-1.73867,-2.49279,-0.00117,0.47346,0.00014,0.00000,
46.52,1,-2.82024,-2.42832,-0.07713,0.36208,-0.09348,0.08348,0.05873
46.52,2,-3.85462,-1.98341,-0.65004,0.37684,0.04254,0.12601,0.05864
46.54,0,-1.72916,-2.49280,-0.00117,0.47602,0.00009,0.00000,
46.54,1,-2.81289,-2.42908,-0.07899,0.40458,-0.04309,0.08560,0.01889
46.54,2,-3.84866,-1.98807,-0.64881,0.38608,0.14520,0.12575,0.06602
46.56,0,-1.71989,-2.49281,-0.00117,0.47557,0.00009,0.00000,
46.56,1,-2.80333,-2.42989,-0.07753,0.45973,0.14331,0.08527,0.02816
46.56,2,-3.84336,-1.99237,-0.64491,0.33667,0.38826,0.12831,0.02062
46.58,0,-1.70987,-2.49283,-0.00117,0.51368,-0.00009,0.00000,
46.58,1,-2.79352,-2.43070,-0.07573,0.51240,0.03635,0.08543,0.03818
46.58,2,-3.83655,-1.99754,-0.65468,0.43434,-0.65272,0.12941,0.03047
46.6,0,-1.69962,-2.49284,-0.00117,0.50748,0.00002,0.00000,
46.6,1,-2.78358,-2.43147,-0.07550,0.47902,0.00840,0.08570,0.04843
46.6,2,-3.83008,-2.00238,-0.66032,0.39291,0.10069,0.13105,0.04043
46.62,0,-1.68963,-2.49285,-0.00117,0.49457,0.00006,0.00000,
46.62,1,-2.77531,-2.43216,-0.07525,0.37695,0.23064,0.08738,0.00999
46.62,2,-3.82365,-2.00708,-0.65794,0.43201,0.23948,0.13123,0.00386
46.64,0,-1.67977,-2.49286,-0.00117,0.49280,0.00003,0.00000,
46.64,1,-2.76774,-2.43269,-0.07022,0.38603,0.30758,0.08963,0.01985
46.64,2,-3.81582,-2.01311,-0.64962,0.51435,0.62008,0.12895,0.01145
46.66,0,-1.66988,-2.49287,-0.00117,0.49609,0.00002,0.00000,
46.66,1,-2.75967,-2.43314,-0.06573,0.39425,0.12805,0.09143,0.02974
46.66,2,-3.80819,-2.01908,-0.63611,0.45356,0.63791,0.12731,0.01953
46.68,0,-1.65994,-2.49288,-0.00117,0.49751,0.00002,0.00000,
46.68,1,-2.75043,-2.43379,-0.06543,0.51654,-0.04069,0.09210,0.03968
46.68,2,-3.80138,-2.02419,-0.62512,0.41111,0.49231,0.12795,0.02880
46.7,0,-1.64999,-2.49290,-0.00117,0.49695,0.00003,0.00000,
46.7,1,-2.73996,-2.43451,-0.06597,0.51413,-0.00234,0.09153,0.04963
46.7,2,-3.79474,-2.02899,-0.61563,0.41216,0.47489,0.13005,0.03930
46.72,0,-1.64006,-2.49291,-0.00117,0.49637,0.00002,0.00000,
46.72,1,-2.72995,-2.43516,-0.06543,0.56904,0.06030,0.09142,0.00993
46.72,2,-3.78795,-2.03380,-0.60593,0.41789,0.48942,0.13157,0.04933
46.74,0,-1.63013,-2.49292,-0.00117,0.49638,0.00002,0.00000,
46.74,1,-2.71723,-2.43585,-0.06344,0.64037,0.10921,0.08859,0.01986
46.74,2,-3.78111,-2.03852,-0.59626,0.41208,0.47523,0.13566,0.06206
46.76,0,-1.62020,-2.49293,-0.00117,0.49655,0.00002,0.00000,
46.76,1,-2.70506,-2.43655,-0.06177,0.56804,0.04361,0.08632,0.02979
46.76,2,-3.77400,-2.04337,-0.58531,0.44083,0.84729,0.13896,0.02998
46.78,0,-1.61027,-2.49294,-0.00117,0.49660,0.00002,0.00000,
46.78,1,-2.69478,-2.43719,-0.06178,0.42245,-0.05229,0.08594,0.03972
46.78,2,-3.76674,-2.04812,-0.56765,0.43935,0.82081,0.14038,0.04027
46.8,0,-1.60034,-2.49295,-0.00117,0.49656,0.00002,0.00000,
46.8,1,-2.68731,-2.43781,-0.06377,0.38429,-0.15301,0.08837,0.04965
46.8,2,-3.75889,-2.05312,-0.55646,0.48620,0.37634,0.13854,0.04777
46.82,0,-1.59041,-2.49297,-0.00116,0.49654,0.00002,0.00000,
46.82,1,-2.67678,-2.43848,-0.05895,0.55590,0.45737,0.08773,0.00993
46.82,2,-3.75026,-2.05857,-0.54918,0.52113,0.60862,0.13873,0.00560
46.84,0,-1.58048,-2.49298,-0.00116,0.49654,0.00002,0.00000,
46.84,1,-2.66715,-2.43926,-0.05133,0.50210,0.18683,0.08800,0.01986
46.84,2,-3.74211,-2.06372,-0.53492,0.46820,0.69497,0.13867,0.01526
46.86,0,-1.57055,-2.49299,-0.00116,0.49655,0.00002,0.00000,
46.86,1,-2.65625,-2.43987,-0.05158,0.56175,-0.10436,0.08700,0.02979
46.86,2,-3.73355,-2.06863,-0.52095,0.54743,0.59885,0.13947,0.02617
46.88,0,-1.56062,-2.49300,-0.00116,0.49655,0.00002,0.00000,
46.88,1,-2.64726,-2.44039,-0.05422,0.43966,-0.10856,0.08792,0.03972
46.88,2,-3.72334,-2.07455,-0.51243,0.59759,0.36839,0.13657,0.03517
46.9,0,-1.55069,-2.49301,-0.00116,0.49655,0.00002,0.00000,
46.9,1,-2.63848,-2.44089,-0.05503,0.43994,0.01247,0.08904,0.04965
46.9,2,-3.71286,-2.08053,-0.50614,0.59782,0.31054,0.13321,0.04398
46.92,0,-1.54075,-2.49302,-0.00116,0.49655,0.00002,0.00000,
46.92,1,-2.62975,-2.44139,-0.05434,0.43399,0.03596,0.09022,0.05959
46.92,2,-3.70299,-2.08607,-0.50059,0.50015,-0.31921,0.13053,0.00436
46.94,0,-1.53082,-2.49304,-0.00116,0.49655,0.00002,0.00000,
46.94,1,-2.61938,-2.44186,-0.05314,0.58399,0.08244,0.08976,0.01986
46.94,2,-3.69590,-2.09050,-0.50701,0.41537,-0.34017,0.13242,0.01474
46.96,0,-1.52089,-2.49305,-0.00116,0.49655,0.00001,0.00000,
46.96,1,-2.60776,-2.44234,-0.05147,0.55809,0.09474,0.08805,0.02979
46.96,2,-3.69092,-2.09379,-0.51417,0.26089,-0.36325,0.13786,0.02636
46.98,0,-1.51096,-2.49306,-0.00116,0.49655,0.00001,0.00000,
46.98,1,-2.59737,-2.44277,-0.04868,0.52827,0.11107,0.08757,0.03972
46.98,2,-3.68581,-2.09722,-0.52937,0.38427,-1.23928,0.14197,0.03676
47.0,0,-1.50103,-2.49307,-0.00116,0.49655,0.00001,0.00000,
47.0,1,-2.58918,-2.44325,-0.04889,0.37577,-0.09285,0.08929,0.04965
47.0,2,-3.67913,-2.10095,-0.53691,0.39324,0.29723,0.14243,0.04496
47.02,0,-1.49110,-2.49308,-0.00116,0.49655,0.00001,0.00000,
47.02,1,-2.58152,-2.44372,-0.05041,0.40295,-0.03883,0.09154,0.00993
47.02,2,-3.67120,-2.10531,-0.53055,0.47439,0.17692,0.14102,0.05264
47.04,0,-1.48117,-2.49309,-0.00116,0.49655,0.00001,0.00000,
47.04,1,-2.57334,-2.44415,-0.05005,0.41705,0.04916,0.09326,0.01986
47.04,2,-3.66313,-2.11026,-0.52642,0.47013,0.29934,0.13979,0.06083
47.06,0,-1.47124,-2.49310,-0.00116,0.49655,0.00001,0.00000,
47.06,1,-2.56343,-2.44466,-0.04952,0.53613,0.00847,0.09327,0.02979
47.06,2,-3.65597,-2.11462,-0.51786,0.39764,0.64236,0.14130,0.02203
47.08,0,-1.46131,-2.49312,-0.00116,0.49655,0.00001,0.00000,
47.08,1,-2.55283,-2.44519,-0.04951,0.51321,-0.00021,0.09257,0.03972
47.08,2,-3.64891,-2.11863,-0.50498,0.41496,0.56403,0.14370,0.03265
47.1,0,-1.45138,-2.49313,-0.00116,0.49655,0.00001,0.00000,
47.1,1,-2.54314,-2.44567,-0.04941,0.46615,0.00854,0.09279,0.04965
47.1,2,-3.64154,-2.12269,-0.49608,0.42181,0.37718,0.14490,0.04235
47.12,0,-1.44200,-2.49314,-0.00116,0.46574,-0.00008,0.00000,
47.12,1,-2.53399,-2.44612,-0.04921,0.45645,0.01000,0.09300,0.05903
47.12,2,-3.63422,-2.12665,-0.48870,0.40940,0.37956,0.14568,0.05151
47.14,0,-1.43257,-2.49315,-0.00116,0.47467,0.00013,0.00000,
47.14,1,-2.52517,-2.44658,-0.04919,0.39357,-0.01975,0.09358,0.06846
47.14,2,-3.62711,-2.13043,-0.48075,0.39853,0.40654,0.14640,0.06034
47.16,0,-1.42310,-2.49316,-0.00116,0.45551,0.00021,0.00000,
47.16,1,-2.51551,-2.44700,-0.04909,0.61933,0.01254,0.09338,0.02827
47.16,2,-3.61994,-2.13415,-0.47274,0.47702,0.39163,0.14788,0.02306
47.18,0,-1.41369,-2.49317,-0.00116,0.49704,-0.00007,0.00000,
47.18,1,-2.50442,-2.44743,-0.04824,0.49883,0.06840,0.09170,0.03769
47.18,2,-3.61280,-2.13781,-0.46072,0.39128,0.57285,0.15081,0.03416
47.2,0,-1.40347,-2.49318,-0.00116,0.51407,-0.00008,0.00000,
47.2,1,-2.49445,-2.44779,-0.04711,0.49925,0.03399,0.09192,0.04790
47.2,2,-3.60530,-2.14147,-0.45094,0.42504,0.49212,0.15231,0.04414
47.22,0,-1.39332,-2.49320,-0.00116,0.50079,0.00003,0.00000,
47.22,1,-2.48576,-2.44824,-0.04739,0.40168,-0.02709,0.09336,0.05805
47.22,2,-3.59674,-2.14573,-0.44338,0.51859,0.27759,0.15143,0.05283
47.24,0,-1.38342,-2.49321,-0.00116,0.49210,0.00003,0.00000,
47.24,1,-2.47721,-2.44870,-0.04738,0.43389,0.02658,0.09469,0.02005
47.24,2,-3.58732,-2.15024,-0.43785,0.51170,0.30261,0.14953,0.06140
47.26,0,-1.37358,-2.49322,-0.00116,0.49357,0.00001,0.00000,
47.26,1,-2.47023,-2.44910,-0.04124,0.35412,0.41050,0.09755,0.02990
47.26,2,-3.57849,-2.15438,-0.43111,0.47043,0.35293,0.14677,0.01951
47.28,0,-1.36367,-2.49323,-0.00116,0.49653,0.00001,0.00000,
47.28,1,-2.46263,-2.44915,-0.03202,0.41320,0.33026,0.09984,0.03980
47.28,2,-3.56877,-2.15885,-0.42132,0.55263,0.48939,0.14360,0.02711
47.3,0,-1.35373,-2.49324,-0.00116,0.49691,0.00001,0.00000,
47.3,1,-2.45392,-2.44948,-0.03054,0.47212,-0.08055,0.10106,0.04974
47.3,2,-3.55925,-2.16312,-0.41345,0.48930,0.32221,0.14182,0.03582
47.32,0,-1.34380,-2.49325,-0.00116,0.49615,0.00001,0.00000,
47.32,1,-2.44219,-2.44987,-0.03254,0.67796,-0.06268,0.09924,0.00993
47.32,2,-3.55083,-2.16683,-0.40767,0.44540,0.28267,0.14420,0.04756
47.34,0,-1.33388,-2.49326,-0.00116,0.49583,0.00001,0.00000,
47.34,1,-2.42921,-2.45026,-0.03323,0.64796,-0.03318,0.09617,0.01985
47.34,2,-3.54072,-2.17089,-0.39972,0.65465,0.49861,0.14609,0.01961
47.36,0,-1.32396,-2.49328,-0.00116,0.49597,0.00001,0.00000,
47.36,1,-2.41671,-2.45065,-0.03377,0.58606,-0.01857,0.09358,0.02977
47.36,2,-3.52910,-2.17550,-0.38816,0.57876,0.66915,0.14591,0.03211
47.38,0,-1.31404,-2.49329,-0.00116,0.49610,0.00001,0.00000,
47.38,1,-2.40733,-2.45100,-0.03433,0.43191,-0.02221,0.09410,0.03969
47.38,2,-3.51796,-2.18012,-0.38056,0.61877,0.19822,0.14319,0.04151
47.4,0,-1.30412,-2.49330,-0.00116,0.49609,0.00001,0.00000,
47.4,1,-2.39846,-2.45132,-0.03450,0.45298,-0.00316,0.09514,0.04961
47.4,2,-3.50691,-2.18470,-0.37862,0.51222,-0.12480,0.14007,0.05038
47.42,0,-1.29420,-2.49331,-0.00116,0.49605,0.00001,0.00000,
47.42,1,-2.38636,-2.45164,-0.03357,0.66359,0.13611,0.09295,0.00992
47.42,2,-3.49758,-2.18878,-0.37681,0.50539,0.20052,0.14189,0.06249
47.44,0,-1.28428,-2.49332,-0.00116,0.49604,0.00001,0.00000,
47.44,1,-2.37447,-2.45198,-0.03038,0.58713,0.16911,0.09097,0.01984
47.44,2,-3.48790,-2.19264,-0.37110,0.60097,0.32182,0.14324,0.01872
47.46,0,-1.27436,-2.49333,-0.00116,0.49605,0.00001,0.00000,
47.46,1,-2.36309,-2.45248,-0.02750,0.54573,0.06572,0.08949,0.02976
47.46,2,-3.47817,-2.19644,-0.35950,0.49755,0.59127,0.14411,0.03011
47.48,0,-1.26444,-2.49335,-0.00116,0.49606,0.00001,0.00000,
47.48,1,-2.35412,-2.45276,-0.02770,0.41864,-0.02871,0.09044,0.03968
47.48,2,-3.46747,-2.20053,-0.35264,0.62697,0.19153,0.14156,0.03908
47.5,0,-1.25452,-2.49336,-0.00116,0.49606,0.00001,0.00000,
47.5,1,-2.34542,-2.45297,-0.02828,0.44630,-0.02684,0.09165,0.04961
47.5,2,-3.45555,-2.20505,-0.34827,0.65026,0.22193,0.13748,0.04778
47.52,0,-1.24459,-2.49337,-0.00116,0.49606,0.00001,0.00000,
47.52,1,-2.33645,-2.45320,-0.02876,0.44582,-0.02158,0.09260,0.05953
47.52,2,-3.44325,-2.20956,-0.34384,0.64861,0.23336,0.13329,0.05675
47.54,0,-1.23467,-2.49338,-0.00116,0.49606,0.00001,0.00000,
47.54,1,-2.32774,-2.45345,-0.02910,0.48235,-0.00691,0.09380,0.01984
47.54,2,-3.43140,-2.21381,-0.33890,0.61397,0.25283,0.12938,0.01319
47.56,0,-1.22475,-2.49339,-0.00116,0.49606,0.00001,0.00000,
47.56,1,-2.31537,-2.45368,-0.02877,0.60801,0.02804,0.09134,0.02976
47.56,2,-3.42038,-2.21778,-0.35237,0.58992,-0.97748,0.12991,0.02557
47.58,0,-1.21483,-2.49340,-0.00116,0.49606,0.00001,0.00000,
47.58,1,-2.30366,-2.45392,-0.02810,0.58141,0.02751,0.08954,0.03968
47.58,2,-3.41099,-2.22144,-0.37143,0.42312,-0.73361,0.13147,0.03729
47.6,0,-1.20491,-2.49341,-0.00116,0.49606,0.00001,0.00000,
47.6,1,-2.29274,-2.45419,-0.02814,0.51288,-0.02316,0.08854,0.04961
47.6,2,-3.40345,-2.22487,-0.38351,0.39801,-0.33575,0.13413,0.04820
47.62,0,-1.19499,-2.49343,-0.00116,0.49606,0.00001,0.00000,
47.62,1,-2.28462,-2.45445,-0.02909,0.36884,-0.04426,0.09033,0.05953
47.62,2,-3.39606,-2.22794,-0.38025,0.40970,0.47652,0.13428,0.00361
47.64,0,-1.18507,-2.49344,-0.00116,0.49606,0.00001,0.00000,
47.64,1,-2.27668,-2.45470,-0.02949,0.41679,-0.00707,0.09230,0.06945
47.64,2,-3.38865,-2.23080,-0.36730,0.39792,0.61080,0.13429,0.01155
47.66,0,-1.17515,-2.49345,-0.00116,0.49606,0.00000,0.00000,
47.66,1,-2.26667,-2.45496,-0.02928,0.53617,0.04234,0.09220,0.02976
47.66,2,-3.38106,-2.23366,-0.35849,0.39214,0.39848,0.13616,0.02157
47.68,0,-1.16523,-2.49346,-0.00116,0.49606,0.00000,0.00000,
47.68,1,-2.25628,-2.45522,-0.02834,0.51946,0.04705,0.09173,0.03968
47.68,2,-3.37313,-2.23662,-0.35270,0.44148,0.25107,0.13804,0.03196
47.7,0,-1.15530,-2.49347,-0.00116,0.49606,0.00000,0.00000,
47.7,1,-2.24596,-2.45549,-0.02761,0.50725,0.01322,0.09132,0.04961
47.7,2,-3.36484,-2.23966,-0.34716,0.43470,0.30440,0.13950,0.04228
47.72,0,-1.14538,-2.49348,-0.00116,0.49606,0.00000,0.00000,
47.72,1,-2.23655,-2.45575,-0.02798,0.40587,-0.04041,0.09182,0.05953
47.72,2,-3.35691,-2.24253,-0.34075,0.41233,0.32291,0.14047,0.05170
47.74,0,-1.13546,-2.49349,-0.00116,0.49606,0.00000,0.00000,
47.74,1,-2.22827,-2.45600,-0.02848,0.42390,-0.01425,0.09345,0.06945
47.74,2,-3.34820,-2.24550,-0.33270,0.53070,0.62904,0.13954,0.01273
47.76,0,-1.12554,-2.49351,-0.00116,0.49606,0.00000,0.00000,
47.76,1,-2.21802,-2.45625,-0.02850,0.67149,0.01754,0.09312,0.02976
47.76,2,-3.33854,-2.24886,-0.31869,0.51373,0.62852,0.13955,0.02298
47.78,0,-1.11562,-2.49352,-0.00116,0.49606,0.00000,0.00000,
47.78,1,-2.20568,-2.45650,-0.02771,0.58199,0.04916,0.09068,0.03968
47.78,2,-3.32864,-2.25212,-0.31054,0.52852,0.24123,0.14141,0.03533
47.8,0,-1.10570,-2.49353,-0.00116,0.49606,0.00000,0.00000,
47.8,1,-2.19410,-2.45675,-0.02682,0.56625,0.02846,0.08903,0.04961
47.8,2,-3.31854,-2.25536,-0.30697,0.52751,0.17804,0.14233,0.04691
47.82,0,-1.09578,-2.49354,-0.00116,0.49606,0.00000,0.00000,
47.82,1,-2.18241,-2.45702,-0.02680,0.71173,-0.00043,0.08725,0.00992
47.82,2,-3.30863,-2.25849,-0.30246,0.51360,0.26058,0.14358,0.05860
47.84,0,-1.08586,-2.49355,-0.00116,0.49606,0.00000,0.00000,
47.84,1,-2.16752,-2.45736,-0.02688,0.69416,-0.01220,0.08227,0.01984
47.84,2,-3.29928,-2.26155,-0.29458,0.42709,0.47717,0.14858,0.02115
47.86,0,-1.07594,-2.49356,-0.00116,0.49606,0.00000,0.00000,
47.86,1,-2.15598,-2.45765,-0.02730,0.49571,-0.02391,0.08064,0.02976
47.86,2,-3.29271,-2.26443,-0.28915,0.33945,0.22355,0.15304,0.03269
47.88,0,-1.06609,-2.49357,-0.00116,0.45836,-0.00040,0.00000,
47.88,1,-2.14809,-2.45790,-0.02801,0.30407,-0.05271,0.08259,0.03961
47.88,2,-3.28714,-2.26716,-0.28961,0.33675,-0.22331,0.15491,0.04059
47.9,0,-1.05682,-2.49359,-0.00116,0.46881,0.00002,0.00000,
47.9,1,-2.14195,-2.45817,-0.02921,0.32032,-0.07612,0.08571,0.04888
47.9,2,-3.27947,-2.26976,-0.29071,0.42025,0.24539,0.15302,0.04673
47.92,0,-1.04736,-2.49360,-0.00116,0.47507,0.00010,0.00000,
47.92,1,-2.13420,-2.45843,-0.03012,0.49950,-0.00247,0.08741,0.00946
47.92,2,-3.27045,-2.27251,-0.28326,0.50383,0.39918,0.15136,0.00430
47.94,0,-1.03806,-2.49361,-0.00116,0.45477,0.00022,0.00000,
47.94,1,-2.12418,-2.45872,-0.02935,0.49492,0.04764,0.08668,0.01876
47.94,2,-3.26156,-2.27531,-0.26566,0.46495,0.87225,0.15208,0.01432
47.96,0,-1.02831,-2.49362,-0.00116,0.50745,-0.00012,0.00000,
47.96,1,-2.11428,-2.45901,-0.02842,0.49389,0.04091,0.08653,0.02851
47.96,2,-3.25237,-2.27746,-0.25700,0.55075,-0.64069,0.15248,0.02422
47.98,0,-1.01805,-2.49363,-0.00116,0.51102,-0.00004,0.00000,
47.98,1,-2.10510,-2.45930,-0.02831,0.40628,-0.02309,0.08759,0.03876
47.98,2,-3.24136,-2.28032,-0.27518,0.56013,-0.79381,0.15027,0.03341
48.0,0,-1.00800,-2.49364,-0.00116,0.49657,0.00003,0.00000,
48.0,1,-2.09683,-2.45955,-0.02870,0.42083,-0.01371,0.08936,0.04882
48.0,2,-3.23190,-2.28299,-0.27789,0.45051,0.31033,0.14872,0.04169
48.02,0,-0.99814,-2.49365,-0.00116,0.49150,0.00002,0.00000,
48.02,1,-2.08835,-2.45980,-0.02885,0.42343,-0.00511,0.09074,0.00986
48.02,2,-3.22374,-2.28528,-0.26875,0.41384,0.43631,0.14872,0.05016
48.04,0,-0.98828,-2.49367,-0.00116,0.49433,-0.00000,0.00000,
48.04,1,-2.08118,-2.46005,-0.02825,0.31590,0.03888,0.09341,0.01971
48.04,2,-3.21647,-2.28739,-0.26024,0.35571,0.44176,0.14835,0.01142
48.06,0,-0.97837,-2.49368,-0.00116,0.49659,0.00000,0.00000,
48.06,1,-2.07449,-2.46024,-0.02706,0.37508,0.06687,0.09663,0.02963
48.06,2,-3.20988,-2.28916,-0.25177,0.31125,0.32162,0.14821,0.01811
48.08,0,-0.96844,-2.49369,-0.00116,0.49639,0.00001,0.00000,
48.08,1,-2.06569,-2.46048,-0.02656,0.48012,-0.00754,0.09776,0.03956
48.08,2,-3.20275,-2.29106,-0.24613,0.37816,0.30292,0.14961,0.02691
48.1,0,-0.95852,-2.49370,-0.00116,0.49567,0.00000,0.00000,
48.1,1,-2.05609,-2.46075,-0.02698,0.44388,-0.01804,0.09807,0.04948
48.1,2,-3.19518,-2.29315,-0.24036,0.40979,0.25789,0.15135,0.03652
48.12,0,-0.94861,-2.49371,-0.00116,0.49553,0.00000,0.00000,
48.12,1,-2.04623,-2.46100,-0.02719,0.64722,0.00593,0.09811,0.00991
48.12,2,-3.18667,-2.29510,-0.23410,0.45907,0.31032,0.15244,0.00542
48.14,0,-0.93869,-2.49372,-0.00116,0.49571,0.00000,0.00000,
48.14,1,-2.03268,-2.46126,-0.02502,0.64206,0.14035,0.09447,0.01982
48.14,2,-3.18025,-2.29696,-0.22480,0.31699,0.53346,0.15927,0.01897
48.16,0,-0.92878,-2.49373,-0.00116,0.49579,0.00000,0.00000,
48.16,1,-2.01996,-2.46166,-0.02170,0.61798,0.20051,0.09166,0.02974
48.16,2,-3.17431,-2.29856,-0.21663,0.33700,0.25329,0.16581,0.03169
48.18,0,-0.91886,-2.49375,-0.00116,0.49577,0.00000,0.00000,
48.18,1,-2.00895,-2.46197,-0.01977,0.44093,-0.00378,0.09055,0.03965
48.18,2,-3.16630,-2.30052,-0.21281,0.41317,0.23403,0.16855,0.04271
48.2,0,-0.90895,-2.49376,-0.00116,0.49574,0.00000,0.00000,
48.2,1,-2.00156,-2.46215,-0.01979,0.37516,0.07176,0.09307,0.04957
48.2,2,-3.15869,-2.30253,-0.20852,0.39232,0.23870,0.16809,0.05010
48.22,0,-0.89903,-2.49377,-0.00116,0.49573,0.00000,0.00000,
48.22,1,-1.99377,-2.46230,-0.01961,0.40493,-0.03283,0.09519,0.05948
48.22,2,-3.15038,-2.30425,-0.20245,0.45506,0.29673,0.16736,0.00398
48.24,0,-0.88912,-2.49378,-0.00116,0.49574,0.00000,0.00000,
48.24,1,-1.98579,-2.46248,-0.02040,0.44555,-0.03924,0.09712,0.06940
48.24,2,-3.14101,-2.30620,-0.19768,0.49307,0.17400,0.16574,0.01196
48.26,0,-0.87920,-2.49379,-0.00116,0.49575,0.00000,0.00000,
48.26,1,-1.97376,-2.46268,-0.02061,0.64681,0.00984,0.09500,0.02974
48.26,2,-3.13134,-2.30817,-0.19523,0.48796,0.10115,0.16784,0.02399
48.28,0,-0.86929,-2.49380,-0.00116,0.49574,0.00000,0.00000,
48.28,1,-1.96098,-2.46287,-0.02038,0.59792,0.01946,0.09213,0.03966
48.28,2,-3.12199,-2.31004,-0.19307,0.46784,0.11793,0.17103,0.03677
48.3,0,-0.85937,-2.49381,-0.00116,0.49574,0.00000,0.00000,
48.3,1,-1.94932,-2.46309,-0.02021,0.55704,-0.00704,0.09038,0.04957
48.3,2,-3.11307,-2.31181,-0.19078,0.42435,0.07496,0.17354,0.04843
48.32,0,-0.84946,-2.49383,-0.00116,0.49574,0.00000,0.00000,
48.32,1,-1.93919,-2.46330,-0.02074,0.55606,-0.02602,0.09016,0.00991
48.32,2,-3.10465,-2.31349,-0.18862,0.43408,0.12850,0.17505,0.05857
48.34,0,-0.83954,-2.49384,-0.00116,0.49574,0.00000,0.00000,
48.34,1,-1.92807,-2.46352,-0.02124,0.55606,-0.02598,0.08895,0.01983
48.34,2,-3.09610,-2.31513,-0.18604,0.43418,0.12211,0.17742,0.06969
48.36,0,-0.82963,-2.49385,-0.00116,0.49574,0.00000,0.00000,
48.36,1,-1.91871,-2.46377,-0.02261,0.47471,-0.12881,0.08950,0.02974
48.36,2,-3.08838,-2.31678,-0.18180,0.31352,0.30311,0.17887,0.02574
48.38,0,-0.81971,-2.49386,-0.00116,0.49574,0.00000,0.00000,
48.38,1,-1.90905,-2.46402,-0.02464,0.40350,-0.08279,0.08974,0.03966
48.38,2,-3.08244,-2.31836,-0.17593,0.26651,0.22859,0.18240,0.03541
48.4,0,-0.80980,-2.49387,-0.00116,0.49574,0.00000,0.00000,
48.4,1,-1.90077,-2.46430,-0.02634,0.41614,-0.08209,0.09137,0.04957
48.4,2,-3.07663,-2.31971,-0.17299,0.37113,0.12933,0.18472,0.04369
48.42,0,-0.79988,-2.49388,-0.00116,0.49574,0.00000,0.00000,
48.42,1,-1.89236,-2.46454,-0.02704,0.42378,0.00006,0.09287,0.05949
48.42,2,-3.06974,-2.32118,-0.16862,0.33219,0.26797,0.18608,0.05210
48.44,0,-0.78997,-2.49389,-0.00116,0.49574,0.00000,0.00000,
48.44,1,-1.88409,-2.46474,-0.02668,0.44589,0.01344,0.09451,0.06940
48.44,2,-3.06313,-2.32252,-0.16298,0.35667,0.29206,0.18758,0.06037
48.46,0,-0.78005,-2.49391,-0.00116,0.49574,0.00000,0.00000,
48.46,1,-1.87217,-2.46497,-0.02541,0.64879,0.16675,0.09250,0.02974
48.46,2,-3.05553,-2.32382,-0.15845,0.31145,0.21360,0.19175,0.02442
48.48,0,-0.77014,-2.49392,-0.00116,0.49574,0.00000,0.00000,
48.48,1,-1.85920,-2.46520,-0.02203,0.64746,0.18266,0.08944,0.03966
48.48,2,-3.04943,-2.32490,-0.15580,0.32001,0.01500,0.19847,0.03739
48.5,0,-0.76022,-2.49393,-0.00116,0.49574,0.00000,0.00000,
48.5,1,-1.84757,-2.46562,-0.01915,0.56567,0.05060,0.08771,0.04957
48.5,2,-3.04253,-2.32600,-0.15691,0.37989,0.08575,0.20309,0.04903
48.52,0,-0.75031,-2.49394,-0.00116,0.49574,0.00000,0.00000,
48.52,1,-1.83433,-2.46592,-0.01804,0.70440,0.13531,0.08438,0.00991
48.52,2,-3.03395,-2.32733,-0.15386,0.46912,0.15162,0.20761,0.06228
48.54,0,-0.74039,-2.49395,-0.00116,0.49574,0.00000,0.00000,
48.54,1,-1.82032,-2.46621,-0.01553,0.66577,0.08039,0.08029,0.01983
48.54,2,-3.02319,-2.32878,-0.14926,0.58839,0.23525,0.21070,0.02102
48.56,0,-0.73048,-2.49396,-0.00115,0.49574,0.00000,0.00000,
48.56,1,-1.80849,-2.46641,-0.01598,0.57606,-0.07179,0.07836,0.02974
48.56,2,-3.01151,-2.33025,-0.14458,0.58845,0.23403,0.21071,0.03285
48.58,0,-0.72056,-2.49397,-0.00115,0.49574,0.00000,0.00000,
48.58,1,-1.80062,-2.46661,-0.01789,0.34936,-0.10180,0.08040,0.03966
48.58,2,-2.99998,-2.33147,-0.13558,0.60226,0.57754,0.20695,0.04072
48.6,0,-0.71065,-2.49399,-0.00115,0.49574,0.00000,0.00000,
48.6,1,-1.79361,-2.46687,-0.02001,0.35653,-0.11609,0.08330,0.04957
48.6,2,-2.98544,-2.33338,-0.12968,0.81946,0.06442,0.19928,0.04774
48.62,0,-0.70074,-2.49400,-0.00115,0.49574,0.00000,0.00000,
48.62,1,-1.78614,-2.46708,-0.02135,0.36168,-0.01699,0.08574,0.05949
48.62,2,-2.96857,-2.33565,-0.13054,0.85171,-0.06302,0.18971,0.05521
48.64,0,-0.69082,-2.49401,-0.00115,0.49574,0.00000,0.00000,
48.64,1,-1.77770,-2.46725,-0.02126,0.46944,0.00655,0.08721,0.06940
48.64,2,-2.95622,-2.33788,-0.12529,0.54063,0.48205,0.18561,0.01221
48.66,0,-0.68091,-2.49402,-0.00115,0.49574,0.00000,0.00000,
48.66,1,-1.76582,-2.46743,-0.02095,0.66524,0.03309,0.08524,0.02974
48.66,2,-2.94864,-2.34010,-0.11918,0.35910,0.26707,0.18965,0.02409
48.68,0,-0.67099,-2.49403,-0.00115,0.49574,0.00000,0.00000,
48.68,1,-1.75257,-2.46761,-0.02027,0.63770,0.03856,0.08191,0.03966
48.68,2,-2.94202,-2.34218,-0.11387,0.27411,0.27146,0.19604,0.03734
48.7,0,-0.66108,-2.49404,-0.00115,0.49574,0.00000,0.00000,
48.7,1,-1.74073,-2.46781,-0.01948,0.57550,0.02355,0.07998,0.04957
48.7,2,-2.93660,-2.34322,-0.10474,0.28943,0.55338,0.20234,0.04918
48.72,0,-0.65116,-2.49405,-0.00115,0.49574,0.00000,0.00000,
48.72,1,-1.73097,-2.46803,-0.01983,0.53253,-0.05399,0.08012,0.00991
48.72,2,-2.93064,-2.34405,-0.09907,0.31049,0.07763,0.20606,0.05894
48.74,0,-0.64125,-2.49407,-0.00115,0.49574,0.00000,0.00000,
48.74,1,-1.72032,-2.46824,-0.02091,0.53253,-0.05405,0.07939,0.01983
48.74,2,-2.92229,-2.34509,-0.09982,0.50195,-0.07251,0.20826,0.06959
48.76,0,-0.63133,-2.49408,-0.00115,0.49574,0.00000,0.00000,
48.76,1,-1.71173,-2.46844,-0.02149,0.40295,-0.00119,0.08071,0.02974
48.76,2,-2.91198,-2.34611,-0.09915,0.47443,0.12152,0.20647,0.02398
48.78,0,-0.62142,-2.49409,-0.00115,0.49574,0.00000,0.00000,
48.78,1,-1.70352,-2.46861,-0.02120,0.35524,-0.00450,0.08240,0.03966
48.78,2,-2.90256,-2.34709,-0.09696,0.46960,0.07871,0.20519,0.03219
48.8,0,-0.61150,-2.49410,-0.00115,0.49574,0.00000,0.00000,
48.8,1,-1.69543,-2.46882,-0.02145,0.43459,-0.01918,0.08422,0.04957
48.8,2,-2.89266,-2.34807,-0.09680,0.52108,-0.03276,0.20330,0.04029
48.82,0,-0.60159,-2.49411,-0.00115,0.49574,0.00000,0.00000,
48.82,1,-1.68641,-2.46903,-0.02217,0.50872,-0.30552,0.08511,0.00991
48.82,2,-2.88190,-2.34912,-0.09766,0.54348,-0.03687,0.20149,0.04931
48.84,0,-0.59167,-2.49412,-0.00115,0.49574,0.00000,0.00000,
48.84,1,-1.67622,-2.46918,-0.02803,0.51187,-0.25567,0.08483,0.01983
48.84,2,-2.87207,-2.35016,-0.09783,0.41464,-0.07066,0.20176,0.01480
48.86,0,-0.58218,-2.49413,-0.00116,0.46267,-0.00018,0.00000,
48.86,1,-1.66624,-2.46909,-0.03148,0.48673,-0.07209,0.08434,0.02932
48.86,2,-2.86404,-2.35125,-0.10004,0.34569,-0.28331,0.20359,0.02478
48.88,0,-0.57281,-2.49415,-0.00116,0.47290,0.00011,0.00000,
48.88,1,-1.65641,-2.46938,-0.03117,0.44430,0.04655,0.08389,0.03869
48.88,2,-2.85787,-2.35231,-0.10532,0.35058,0.07463,0.20715,0.03461
48.9,0,-0.56332,-2.49416,-0.00116,0.47457,0.00005,0.00000,
48.9,1,-1.64737,-2.46975,-0.03014,0.45618,0.04287,0.08433,0.04818
48.9,2,-2.85071,-2.35323,-0.10180,0.33368,-0.01005,0.20897,0.04366
48.92,0,-0.55399,-2.49417,-0.00115,0.49194,-0.00005,0.00000,
48.92,1,-1.63589,-2.47013,-0.02951,0.62825,0.01964,0.08216,0.00933
48.92,2,-2.84381,-2.35396,-0.09928,0.37499,0.36251,0.21350,0.05515
48.94,0,-0.54382,-2.49418,-0.00116,0.51392,-0.00010,0.00000,
48.94,1,-1.62492,-2.47050,-0.02905,0.51504,0.01866,0.08135,0.01950
48.94,2,-2.83487,-2.35476,-0.09298,0.50694,0.16370,0.21548,0.06612
48.96,0,-0.53366,-2.49419,-0.00116,0.50161,0.00001,0.00000,
48.96,1,-1.61478,-2.47081,-0.02884,0.49921,0.00822,0.08137,0.02966
48.96,2,-2.82283,-2.35579,-0.09188,0.72487,0.10431,0.21352,0.02733
48.98,0,-0.52376,-2.49420,-0.00116,0.49174,0.00003,0.00000,
48.98,1,-1.60696,-2.47110,-0.02922,0.36295,-0.03444,0.08345,0.03956
48.98,2,-2.80837,-2.35682,-0.08981,0.72490,0.10382,0.20683,0.03515
49.0,0,-0.51392,-2.49421,-0.00116,0.49260,0.00000,0.00000,
49.0,1,-1.59948,-2.47136,-0.02954,0.38939,0.00604,0.08580,0.04940
49.0,2,-2.79530,-2.35785,-0.08651,0.64903,0.16803,0.20119,0.04264
49.02,0,-0.50403,-2.49423,-0.00116,0.49573,-0.00000,0.00000,
49.02,1,-1.59161,-2.47160,-0.02907,0.36827,0.03779,0.08781,0.00989
49.02,2,-2.78275,-2.35877,-0.08496,0.53111,-0.09050,0.19647,0.05052
49.04,0,-0.49411,-2.49424,-0.00116,0.49634,0.00000,0.00000,
49.04,1,-1.58246,-2.47184,-0.02821,0.49080,0.03915,0.08858,0.01981
49.04,2,-2.77186,-2.35976,-0.10045,0.57309,-1.16376,0.19467,0.01304
49.06,0,-0.48419,-2.49425,-0.00116,0.49560,0.00000,0.00000,
49.06,1,-1.57237,-2.47212,-0.02781,0.50474,0.00865,0.08841,0.02973
49.06,2,-2.76040,-2.36073,-0.12325,0.58112,-1.03139,0.19324,0.02313
49.08,0,-0.47428,-2.49426,-0.00116,0.49521,0.00000,0.00000,
49.08,1,-1.56258,-2.47239,-0.02766,0.47648,0.00987,0.08852,0.03964
49.08,2,-2.74959,-2.36156,-0.13521,0.54149,-0.16058,0.19217,0.03293
49.1,0,-0.46438,-2.49427,-0.00116,0.49532,0.00000,0.00000,
49.1,1,-1.55328,-2.47265,-0.02739,0.45856,0.01557,0.08912,0.04955
49.1,2,-2.73950,-2.36298,-0.13453,0.44043,0.00341,0.19128,0.04223
49.12,0,-0.45447,-2.49428,-0.00116,0.49547,0.00000,0.00000,
49.12,1,-1.54136,-2.47290,-0.02683,0.72680,0.04133,0.08710,0.00991
49.12,2,-2.73076,-2.36454,-0.13490,0.44534,-0.03200,0.19433,0.05416
49.14,0,-0.44456,-2.49429,-0.00116,0.49548,0.00000,0.00000,
49.14,1,-1.52819,-2.47315,-0.02566,0.59994,0.07283,0.08384,0.01982
49.14,2,-2.72093,-2.36597,-0.13337,0.54656,0.41569,0.19755,0.02012
49.16,0,-0.43465,-2.49431,-0.00116,0.49544,0.00000,0.00000,
49.16,1,-1.51668,-2.47338,-0.02483,0.47556,-0.00204,0.08224,0.02973
49.16,2,-2.71100,-2.36731,-0.12353,0.50777,0.68032,0.19902,0.03163
49.18,0,-0.42474,-2.49432,-0.00116,0.49542,0.00000,0.00000,
49.18,1,-1.50933,-2.47363,-0.02591,0.35453,-0.08472,0.08479,0.03964
49.18,2,-2.70062,-2.36835,-0.10856,0.54888,0.55782,0.19593,0.03899
49.2,0,-0.41483,-2.49433,-0.00115,0.49543,0.00000,0.00000,
49.2,1,-1.50205,-2.47394,-0.02759,0.38174,-0.05064,0.08740,0.04954
49.2,2,-2.68786,-2.36983,-0.10604,0.69402,-0.11309,0.19038,0.04628
49.22,0,-0.40492,-2.49434,-0.00115,0.49544,0.00000,0.00000,
49.22,1,-1.49444,-2.47416,-0.02724,0.43932,0.04588,0.08970,0.05945
49.22,2,-2.67409,-2.37139,-0.10839,0.67406,-0.05864,0.18413,0.05389
49.24,0,-0.39502,-2.49435,-0.00115,0.49544,0.00000,0.00000,
49.24,1,-1.48213,-2.47439,-0.02570,0.64088,0.11671,0.08730,0.01982
49.24,2,-2.66197,-2.37281,-0.10706,0.54929,0.25769,0.18420,0.01637
49.26,0,-0.38511,-2.49436,-0.00115,0.49543,0.00000,0.00000,
49.26,1,-1.46932,-2.47462,-0.02337,0.64089,0.11692,0.08439,0.02973
49.26,2,-2.65222,-2.37403,-0.10153,0.41806,0.19117,0.18717,0.02919
49.28,0,-0.37520,-2.49437,-0.00115,0.49543,0.00000,0.00000,
49.28,1,-1.45703,-2.47494,-0.02090,0.57688,0.10223,0.08201,0.03963
49.28,2,-2.64387,-2.37516,-0.09842,0.42621,0.08731,0.19103,0.04148
49.3,0,-0.36529,-2.49439,-0.00115,0.49543,0.00000,0.00000,
49.3,1,-1.44773,-2.47519,-0.02017,0.39490,0.00912,0.08261,0.04954
49.3,2,-2.63528,-2.37602,-0.09811,0.43373,-0.01618,0.19169,0.05078
49.32,0,-0.35538,-2.49440,-0.00115,0.49543,0.00000,0.00000,
49.32,1,-1.43952,-2.47537,-0.02012,0.42324,-0.00049,0.08431,0.05945
49.32,2,-2.62672,-2.37684,-0.09826,0.42508,0.00765,0.19128,0.05899
49.34,0,-0.34547,-2.49441,-0.00115,0.49543,0.00000,0.00000,
49.34,1,-1.42822,-2.47553,-0.01873,0.58925,0.16986,0.08291,0.01982
49.34,2,-2.61821,-2.37764,-0.09777,0.49926,0.03821,0.19401,0.01548
49.36,0,-0.33556,-2.49442,-0.00115,0.49543,0.00000,0.00000,
49.36,1,-1.41727,-2.47576,-0.01517,0.54431,0.18667,0.08186,0.02973
49.36,2,-2.60963,-2.37842,-0.09384,0.41198,0.19963,0.19633,0.02644
49.38,0,-0.32566,-2.49443,-0.00115,0.49543,0.00000,0.00000,
49.38,1,-1.40666,-2.47615,-0.01212,0.51236,0.06831,0.08116,0.03963
49.38,2,-2.60092,-2.37921,-0.09202,0.44575,0.02546,0.19819,0.03705
49.4,0,-0.31575,-2.49444,-0.00115,0.49543,0.00000,0.00000,
49.4,1,-1.39768,-2.47625,-0.01240,0.38162,-0.04183,0.08208,0.04954
49.4,2,-2.59141,-2.38011,-0.09192,0.52349,-0.01155,0.19760,0.04603
49.42,0,-0.30584,-2.49445,-0.00115,0.49543,0.00000,0.00000,
49.42,1,-1.38967,-2.47630,-0.01296,0.41669,-0.01450,0.08398,0.05945
49.42,2,-2.58072,-2.38108,-0.09193,0.53134,0.01196,0.19485,0.05404
49.44,0,-0.29593,-2.49447,-0.00115,0.49543,0.00000,0.00000,
49.44,1,-1.38043,-2.47638,-0.01305,0.59948,0.00685,0.08465,0.01982
49.44,2,-2.56923,-2.38205,-0.09116,0.69233,0.07362,0.19254,0.01334
49.46,0,-0.28602,-2.49448,-0.00115,0.49543,0.00000,0.00000,
49.46,1,-1.36898,-2.47646,-0.01267,0.55095,0.02220,0.08311,0.02973
49.46,2,-2.55610,-2.38319,-0.08883,0.64757,0.12469,0.19078,0.02479
49.48,0,-0.27611,-2.49449,-0.00115,0.49543,0.00000,0.00000,
49.48,1,-1.35798,-2.47656,-0.01218,0.54582,0.03263,0.08201,0.03963
49.48,2,-2.54379,-2.38430,-0.08676,0.58020,0.05346,0.18940,0.03579
49.5,0,-0.26620,-2.49450,-0.00115,0.49543,0.00000,0.00000,
49.5,1,-1.34770,-2.47670,-0.01185,0.45261,-0.00498,0.08164,0.04954
49.5,2,-2.53496,-2.38524,-0.08776,0.41055,-0.07974,0.19078,0.04607
49.52,0,-0.25629,-2.49451,-0.00115,0.49543,0.00000,0.00000,
49.52,1,-1.33898,-2.47681,-0.01201,0.54867,-0.00138,0.08283,0.00991
49.52,2,-2.52663,-2.38610,-0.08902,0.43053,-0.01478,0.19111,0.05479
49.54,0,-0.24639,-2.49452,-0.00115,0.49543,0.00000,0.00000,
49.54,1,-1.32591,-2.47690,-0.01039,0.61251,0.11888,0.07967,0.01982
49.54,2,-2.51815,-2.38687,-0.08782,0.33317,0.02843,0.19564,0.01765
49.56,0,-0.23648,-2.49453,-0.00115,0.49543,0.00000,0.00000,
49.56,1,-1.31477,-2.47711,-0.00791,0.55075,0.13288,0.07843,0.02973
49.56,2,-2.51171,-2.38769,-0.09026,0.33511,-0.22879,0.20028,0.02879
49.58,0,-0.22657,-2.49455,-0.00115,0.49543,0.00000,0.00000,
49.58,1,-1.30483,-2.47735,-0.00628,0.37400,0.04434,0.07840,0.03963
49.58,2,-2.50421,-2.38863,-0.09551,0.41368,-0.14243,0.20265,0.03873
49.6,0,-0.21666,-2.49456,-0.00115,0.49543,0.00000,0.00000,
49.6,1,-1.29767,-2.47730,-0.00416,0.36883,0.16722,0.08115,0.04954
49.6,2,-2.49411,-2.38961,-0.09546,0.55560,0.08383,0.19965,0.04589
49.62,0,-0.20675,-2.49457,-0.00115,0.49543,0.00000,0.00000,
49.62,1,-1.29008,-2.47728,-0.00233,0.36003,0.00807,0.08347,0.05945
49.62,2,-2.48340,-2.39062,-0.09334,0.53188,0.08296,0.19646,0.05348
49.64,0,-0.19684,-2.49458,-0.00115,0.49543,0.00000,0.00000,
49.64,1,-1.28179,-2.47734,-0.00335,0.45924,-0.07054,0.08508,0.06936
49.64,2,-2.47290,-2.39159,-0.09258,0.51853,0.01522,0.19419,0.01208
49.66,0,-0.18693,-2.49459,-0.00115,0.49543,0.00000,0.00000,
49.66,1,-1.26961,-2.47740,-0.00446,0.64100,-0.04841,0.08282,0.02973
49.66,2,-2.46027,-2.39275,-0.09147,0.66040,0.06705,0.19366,0.02425
49.68,0,-0.17703,-2.49460,-0.00115,0.49543,0.00000,0.00000,
49.68,1,-1.25695,-2.47746,-0.00542,0.59029,-0.04606,0.08006,0.03963
49.68,2,-2.44838,-2.39384,-0.09035,0.53601,0.04500,0.19436,0.03692
49.7,0,-0.16712,-2.49461,-0.00115,0.49543,0.00000,0.00000,
49.7,1,-1.24571,-2.47748,-0.00597,0.54558,-0.01323,0.07873,0.04954
49.7,2,-2.43868,-2.39472,-0.08963,0.46469,0.03170,0.19584,0.04816
49.72,0,-0.15721,-2.49463,-0.00115,0.49543,0.00000,0.00000,
49.72,1,-1.23822,-2.47754,-0.00670,0.33663,-0.07174,0.08115,0.05945
49.72,2,-2.43096,-2.39553,-0.08994,0.40542,0.01482,0.19556,0.05565
49.74,0,-0.14730,-2.49464,-0.00115,0.49543,0.00000,0.00000,
49.74,1,-1.23129,-2.47763,-0.00793,0.37061,-0.04094,0.08412,0.01982
49.74,2,-2.42201,-2.39638,-0.08888,0.52194,0.09451,0.19349,0.01027
49.76,0,-0.13739,-2.49465,-0.00115,0.49543,0.00000,0.00000,
49.76,1,-1.22355,-2.47769,-0.00824,0.42387,-0.00438,0.08629,0.02973
49.76,2,-2.41162,-2.39740,-0.08648,0.52448,0.07501,0.19079,0.01802
49.78,0,-0.12748,-2.49466,-0.00115,0.49543,0.00000,0.00000,
49.78,1,-1.21394,-2.47777,-0.00839,0.49682,-0.01194,0.08659,0.03963
49.78,2,-2.40139,-2.39831,-0.08555,0.49941,0.02797,0.19010,0.02762
49.8,0,-0.11757,-2.49467,-0.00115,0.49543,0.00000,0.00000,
49.8,1,-1.20402,-2.47786,-0.00872,0.49766,-0.01869,0.08658,0.04954
49.8,2,-2.39177,-2.39914,-0.08506,0.47208,0.02718,0.19036,0.03754
49.82,0,-0.10766,-2.49468,-0.00115,0.49543,0.00000,0.00000,
49.82,1,-1.19430,-2.47794,-0.00908,0.47394,-0.01635,0.08676,0.05945
49.82,2,-2.38396,-2.39991,-0.08529,0.38693,0.01281,0.19222,0.04727
49.84,0,-0.09776,-2.49469,-0.00115,0.49543,0.00000,0.00000,
49.84,1,-1.18391,-2.47803,-0.00932,0.66582,-0.00441,0.08628,0.01982
49.84,2,-2.37587,-2.40064,-0.08434,0.41721,0.05965,0.19446,0.05765
49.86,0,-0.08785,-2.49471,-0.00115,0.49543,0.00000,0.00000,
49.86,1,-1.16965,-2.47812,-0.00937,0.66927,-0.00153,0.08193,0.02973
49.86,2,-2.36532,-2.40137,-0.08143,0.55089,0.22694,0.19813,0.02944
49.88,0,-0.07794,-2.49472,-0.00115,0.49543,0.00000,0.00000,
49.88,1,-1.15811,-2.47822,-0.00947,0.54283,-0.01193,0.08030,0.03963
49.88,2,-2.35433,-2.40211,-0.07689,0.55092,0.22694,0.19863,0.04098
49.9,0,-0.06803,-2.49473,-0.00115,0.49543,0.00000,0.00000,
49.9,1,-1.14954,-2.47832,-0.00992,0.34239,-0.02941,0.08163,0.04954
49.9,2,-2.34395,-2.40290,-0.07390,0.55245,0.02033,0.19680,0.04956
49.92,0,-0.05812,-2.49474,-0.00115,0.49543,0.00000,0.00000,
49.92,1,-1.14265,-2.47844,-0.01062,0.35290,-0.04572,0.08465,0.05945
49.92,2,-2.33310,-2.40375,-0.07519,0.52997,-0.07599,0.19280,0.05645
49.94,0,-0.04821,-2.49475,-0.00115,0.49543,0.00000,0.00000,
49.94,1,-1.13424,-2.47854,-0.01124,0.58157,-0.00693,0.08615,0.01982
49.94,2,-2.32232,-2.40458,-0.07539,0.54180,0.03472,0.19037,0.06485
49.96,0,-0.03830,-2.49476,-0.00115,0.49543,0.00000,0.00000,
49.96,1,-1.12225,-2.47862,-0.01095,0.57379,0.02004,0.08406,0.02973
49.96,2,-2.31190,-2.40538,-0.07443,0.51998,0.05262,0.19191,0.02387
49.98,0,-0.02840,-2.49477,-0.00115,0.49543,0.00000,0.00000,
49.98,1,-1.11077,-2.47871,-0.01055,0.57380,0.02016,0.08250,0.03963
49.98,2,-2.30396,-2.40617,-0.07152,0.39350,0.14914,0.19539,0.03534
50.0,0,-0.01849,-2.49479,-0.00115,0.49543,0.00000,0.00000,
50.0,1,-1.09996,-2.47887,-0.00988,0.52425,0.03010,0.08159,0.04954
50.0,2,-2.29662,-2.40683,-0.06921,0.29954,0.02943,0.19883,0.04616
50.02,0,-0.00858,-2.49480,-0.00115,0.49543,0.00000,0.00000,
50.02,1,-1.09211,-2.47898,-0.00973,0.38321,-0.00337,0.08365,0.05945
50.02,2,-2.28965,-2.40739,-0.06899,0.36423,0.01390,0.19967,0.05400
50.04,0,0.00133,-2.49481,-0.00115,0.49543,0.00000,0.00000,
50.04,1,-1.08401,-2.47903,-0.01000,0.41585,-0.01742,0.08546,0.01982
50.04,2,-2.28226,-2.40798,-0.06839,0.42437,0.01789,0.20035,0.06211
50.06,0,0.01124,-2.49482,-0.00115,0.49543,0.00000,0.00000,
50.06,1,-1.07412,-2.47909,-0.01000,0.49161,0.00244,0.08547,0.02973
50.06,2,-2.27249,-2.40856,-0.06442,0.48937,0.40594,0.20044,0.02172
50.08,0,0.02100,-2.49483,-0.00116,0.45846,-0.00037,0.00000,
50.08,1,-1.06429,-2.47916,-0.00995,0.49103,0.00359,0.08540,0.03949
50.08,2,-2.26324,-2.40903,-0.06021,0.48525,0.01727,0.20100,0.03155
50.1,0,0.03028,-2.49484,-0.00116,0.46932,0.00005,0.00000,
50.1,1,-1.05462,-2.47929,-0.00996,0.47479,-0.00722,0.08502,0.04877
50.1,2,-2.25323,-2.40960,-0.06177,0.50499,-0.09458,0.20063,0.04122
50.12,0,0.03974,-2.49485,-0.00116,0.47460,0.00009,0.00000,
50.12,1,-1.04540,-2.47937,-0.01023,0.42199,-0.01937,0.08525,0.05823
50.12,2,-2.24373,-2.41019,-0.06293,0.41318,-0.05733,0.20033,0.05044
50.14,0,0.04899,-2.49486,-0.00115,0.46808,0.00011,0.00000,
50.14,1,-1.03689,-2.47945,-0.01054,0.43075,-0.01233,0.08599,0.06748
50.14,2,-2.23539,-2.41075,-0.06316,0.42406,0.01837,0.20047,0.05896
50.16,0,0.05892,-2.49488,-0.00115,0.51132,-0.00013,0.00000,
50.16,1,-1.02634,-2.47954,-0.01059,0.59658,0.00288,0.08537,0.02864
50.16,2,-2.22668,-2.41131,-0.06265,0.51260,0.02600,0.20228,0.02360
50.18,0,0.06916,-2.49489,-0.00116,0.50768,-0.00002,0.00000,
50.18,1,-1.01538,-2.47966,-0.01061,0.46504,-0.00195,0.08465,0.03887
50.18,2,-2.21554,-2.41199,-0.06036,0.53441,0.14429,0.20207,0.03455
50.2,0,0.07915,-2.49490,-0.00116,0.49398,0.00003,0.00000,
50.2,1,-1.00643,-2.47976,-0.01075,0.44171,-0.01006,0.08569,0.04886
50.2,2,-2.20485,-2.41264,-0.05766,0.54094,0.10299,0.20029,0.04350
50.22,0,0.08898,-2.49491,-0.00115,0.49124,0.00001,0.00000,
50.22,1,-0.99811,-2.47985,-0.01101,0.35557,-0.01778,0.08720,0.00983
50.22,2,-2.19380,-2.41330,-0.05710,0.56105,-0.01768,0.19753,0.05182
50.24,0,0.09884,-2.49492,-0.00115,0.49449,-0.00000,0.00000,
50.24,1,-0.99048,-2.47995,-0.01122,0.37543,-0.00965,0.08942,0.01969
50.24,2,-2.18229,-2.41396,-0.05770,0.65263,-0.01333,0.19363,0.01152
50.26,0,0.10875,-2.49493,-0.00115,0.49619,0.00000,0.00000,
50.26,1,-0.98275,-2.48004,-0.01137,0.38994,-0.00402,0.09160,0.02960
50.26,2,-2.16867,-2.41470,-0.05739,0.63354,0.03741,0.18772,0.01925
50.28,0,0.11867,-2.49495,-0.00115,0.49571,0.00000,0.00000,
50.28,1,-0.97426,-2.48014,-0.01142,0.48556,-0.00440,0.09303,0.03952
50.28,2,-2.15710,-2.41544,-0.05621,0.57125,0.05303,0.18461,0.02774
50.3,0,0.12858,-2.49496,-0.00115,0.49508,0.00000,0.00000,
50.3,1,-0.96403,-2.48026,-0.01154,0.51115,-0.00679,0.09270,0.04943
50.3,2,-2.14587,-2.41609,-0.05584,0.55595,-0.00548,0.18358,0.03797
50.32,0,0.13848,-2.49497,-0.00115,0.49505,0.00000,0.00000,
50.32,1,-0.95133,-2.48037,-0.01144,0.66183,0.01037,0.08991,0.00990
50.32,2,-2.13619,-2.41668,-0.05655,0.48186,-0.01929,0.18657,0.05067
50.34,0,0.14838,-2.49498,-0.00115,0.49522,0.00000,0.00000,
50.34,1,-0.93815,-2.48049,-0.01123,0.63478,0.01178,0.08663,0.01980
50.34,2,-2.12632,-2.41725,-0.05645,0.50057,0.01569,0.18985,0.06385
50.36,0,0.15829,-2.49499,-0.00115,0.49528,0.00000,0.00000,
50.36,1,-0.92635,-2.48061,-0.01117,0.52957,-0.00971,0.08473,0.02971
50.36,2,-2.11425,-2.41782,-0.05571,0.78440,0.08585,0.18956,0.03160
50.38,0,0.16819,-2.49500,-0.00115,0.49524,0.00000,0.00000,
50.38,1,-0.91826,-2.48073,-0.01167,0.38951,-0.03610,0.08655,0.03961
50.38,2,-2.10024,-2.41839,-0.05312,0.66071,0.15100,0.18362,0.03969
50.4,0,0.17810,-2.49501,-0.00115,0.49522,0.00000,0.00000,
50.4,1,-0.91032,-2.48084,-0.01219,0.40928,-0.01158,0.08851,0.04952
50.4,2,-2.08703,-2.41897,-0.05011,0.66324,0.14256,0.17833,0.04763
50.42,0,0.18800,-2.49503,-0.00115,0.49522,0.00000,0.00000,
50.42,1,-0.90216,-2.48094,-0.01216,0.38302,0.00995,0.09025,0.05942
50.42,2,-2.07293,-2.41964,-0.04896,0.74872,-0.00868,0.17237,0.05579
50.44,0,0.19790,-2.49504,-0.00115,0.49523,0.00000,0.00000,
50.44,1,-0.89329,-2.48104,-0.01210,0.47817,-0.00274,0.09129,0.06933
50.44,2,-2.05959,-2.42033,-0.04864,0.57397,0.07595,0.16788,0.01285
50.46,0,0.20781,-2.49505,-0.00115,0.49523,0.00000,0.00000,
50.46,1,-0.88205,-2.48116,-0.01213,0.71084,0.00523,0.08995,0.02971
50.46,2,-2.05094,-2.42090,-0.04797,0.39708,0.01739,0.17045,0.02410
50.48,0,0.21771,-2.49506,-0.00115,0.49523,0.00000,0.00000,
50.48,1,-0.86882,-2.48129,-0.01182,0.62721,0.01966,0.08662,0.03962
50.48,2,-2.04311,-2.42151,-0.04816,0.35360,-0.06293,0.17582,0.03733
50.5,0,0.22762,-2.49507,-0.00115,0.49523,0.00000,0.00000,
50.5,1,-0.85642,-2.48142,-0.01148,0.59717,0.01033,0.08412,0.04952
50.5,2,-2.03517,-2.42196,-0.04892,0.40895,-0.00418,0.18025,0.04973
50.52,0,0.23752,-2.49508,-0.00115,0.49523,0.00000,0.00000,
50.52,1,-0.84635,-2.48155,-0.01196,0.59303,-0.20684,0.08396,0.00990
50.52,2,-2.02674,-2.42239,-0.04854,0.47966,0.01239,0.18187,0.05980
50.54,0,0.24743,-2.49509,-0.00115,0.49523,0.00000,0.00000,
50.54,1,-0.83502,-2.48168,-0.01581,0.49846,-0.11342,0.08253,0.01981
50.54,2,-2.01659,-2.42288,-0.04861,0.50002,-0.00798,0.18303,0.07113
50.56,0,0.25733,-2.49511,-0.00115,0.49523,0.00000,0.00000,
50.56,1,-0.82513,-2.48160,-0.01274,0.50778,0.28343,0.08254,0.02971
50.56,2,-2.00467,-2.42336,-0.04835,0.67617,0.03425,0.18098,0.02639
50.58,0,0.26724,-2.49512,-0.00115,0.49523,0.00000,0.00000,
50.58,1,-0.81589,-2.48159,-0.00931,0.37814,0.05093,0.08321,0.03962
50.58,2,-1.99195,-2.42383,-0.04748,0.60679,0.03004,0.17747,0.03563
50.6,0,0.27714,-2.49513,-0.00115,0.49523,0.00000,0.00000,
50.6,1,-0.80787,-2.48175,-0.01009,0.41821,-0.07130,0.08509,0.04952
50.6,2,-1.98052,-2.42435,-0.04776,0.47403,-0.06540,0.17406,0.04365
50.62,0,0.28705,-2.49514,-0.00115,0.49523,0.00000,0.00000,
50.62,1,-0.79829,-2.48190,-0.01228,0.52124,-0.25280,0.08542,0.00990
50.62,2,-1.97249,-2.42487,-0.04945,0.33191,-0.08367,0.17558,0.00521
50.64,0,0.29695,-2.49515,-0.00115,0.49523,0.00000,0.00000,
50.64,1,-0.78787,-2.48205,-0.01733,0.52137,-0.25119,0.08489,0.01981
50.64,2,-1.96938,-2.42534,-0.05069,0.09197,-0.03257,0.18287,0.01563
50.66,0,0.30685,-2.49516,-0.00115,0.49523,0.00000,0.00000,
50.66,1,-0.77752,-2.48172,-0.02169,0.48926,-0.16530,0.08446,0.02971
50.66,2,-1.96844,-2.42563,-0.05353,0.02665,-0.46426,0.19224,0.02597
50.68,0,0.31676,-2.49517,-0.00115,0.49523,0.00000,0.00000,
50.68,1,-0.76825,-2.48179,-0.02281,0.38110,-0.01700,0.08509,0.03962
50.68,2,-1.96468,-2.42595,-0.06000,0.29341,-0.15143,0.19773,0.03525
50.7,0,0.32666,-2.49519,-0.00115,0.49523,0.00000,0.00000,
50.7,1,-0.76022,-2.48212,-0.02331,0.41151,-0.06630,0.08697,0.04952
50.7,2,-1.95955,-2.42632,-0.07147,0.24166,-0.61395,0.20062,0.04327
50.72,0,0.33657,-2.49520,-0.00115,0.49523,0.00000,0.00000,
50.72,1,-0.75145,-2.48245,-0.02390,0.59022,0.01184,0.08810,0.00990
50.72,2,-1.95421,-2.42655,-0.07791,0.31599,0.21105,0.20406,0.05205
50.74,0,0.34647,-2.49521,-0.00115,0.49523,0.00000,0.00000,
50.74,1,-0.73900,-2.48274,-0.02313,0.60756,0.04398,0.08554,0.01981
50.74,2,-1.94688,-2.42665,-0.06660,0.43067,0.30748,0.20919,0.06450
50.76,0,0.35638,-2.49522,-0.00115,0.49523,0.00000,0.00000,
50.76,1,-0.72753,-2.48300,-0.02212,0.56159,0.03816,0.08397,0.02971
50.76,2,-1.93918,-2.42728,-0.07022,0.26548,-0.31081,0.21293,0.02865
50.78,0,0.36628,-2.49523,-0.00115,0.49523,0.00000,0.00000,
50.78,1,-0.71676,-2.48313,-0.02207,0.47857,-0.01463,0.08311,0.03962
50.78,2,-1.93475,-2.42785,-0.07994,0.23777,-0.76093,0.21925,0.03942
50.8,0,0.37619,-2.49524,-0.00115,0.49523,0.00000,0.00000,
50.8,1,-0.70892,-2.48334,-0.02237,0.39828,0.00827,0.08517,0.04952
50.8,2,-1.92902,-2.42824,-0.08571,0.34906,0.14006,0.22134,0.04726
50.82,0,0.38609,-2.49525,-0.00115,0.49523,0.00000,0.00000,
50.82,1,-0.69943,-2.48357,-0.02175,0.63502,0.04147,0.08558,0.00990
50.82,2,-1.92145,-2.42869,-0.07950,0.42705,0.39140,0.22326,0.00539
50.84,0,0.39600,-2.49527,-0.00115,0.49523,0.00000,0.00000,
50.84,1,-0.68842,-2.48380,-0.02344,0.53795,-0.08308,0.08447,0.01981
50.84,2,-1.91291,-2.42911,-0.07164,0.42920,0.40376,0.22572,0.01640
50.86,0,0.40590,-2.49528,-0.00115,0.49523,0.00000,0.00000,
50.86,1,-0.67769,-2.48380,-0.02533,0.53188,-0.11943,0.08365,0.02971
50.86,2,-1.90381,-2.42961,-0.06630,0.52309,0.10466,0.22732,0.02713
50.88,0,0.41580,-2.49529,-0.00115,0.49523,0.00000,0.00000,
50.88,1,-0.66745,-2.48389,-0.02657,0.49320,0.00560,0.08332,0.03962
50.88,2,-1.89226,-2.43038,-0.06635,0.59852,-0.03533,0.22597,0.03737
50.9,0,0.42571,-2.49530,-0.00115,0.49523,0.00000,0.00000,
50.9,1,-0.65887,-2.48417,-0.02588,0.38232,0.03444,0.08463,0.04952
50.9,2,-1.88073,-2.43116,-0.06638,0.55288,0.03285,0.22302,0.04595
50.92,0,0.43561,-2.49531,-0.00115,0.49523,0.00000,0.00000,
50.92,1,-0.65080,-2.48446,-0.02509,0.41965,0.03853,0.08647,0.05943
50.92,2,-1.87019,-2.43186,-0.06525,0.51462,0.06431,0.22053,0.05402
50.94,0,0.44552,-2.49532,-0.00115,0.49523,0.00000,0.00000,
50.94,1,-0.64041,-2.48474,-0.02518,0.55416,-0.10512,0.08598,0.01981
50.94,2,-1.85997,-2.43253,-0.06413,0.51339,0.04705,0.22068,0.06442
50.96,0,0.45542,-2.49533,-0.00115,0.49523,0.00000,0.00000,
50.96,1,-0.62933,-2.48501,-0.02729,0.55369,-0.11052,0.08480,0.02971
50.96,2,-1.84844,-2.43321,-0.06312,0.69858,0.06796,0.22021,0.02561
50.98,0,0.46533,-2.49535,-0.00115,0.49523,0.00000,0.00000,
50.98,1,-0.61885,-2.48491,-0.02989,0.50675,-0.08514,0.08422,0.03962
50.98,2,-1.83439,-2.43404,-0.06184,0.63687,0.06529,0.21660,0.03609
51.0,0,0.47523,-2.49536,-0.00115,0.49523,0.00000,0.00000,
51.0,1,-0.60981,-2.48509,-0.03025,0.38696,0.00530,0.08509,0.04952
51.0,2,-1.82311,-2.43476,-0.06076,0.53064,0.03741,0.21434,0.04513
51.02,0,0.48514,-2.49537,-0.00115,0.49523,0.00000,0.00000,
51.02,1,-0.60182,-2.48548,-0.03095,0.40973,-0.04501,0.08700,0.05943
51.02,2,-1.81304,-2.43539,-0.06027,0.43310,-0.01372,0.21226,0.05312
51.04,0,0.49504,-2.49538,-0.00115,0.49523,0.00000,0.00000,
51.04,1,-0.59351,-2.48581,-0.03080,0.40222,0.05186,0.08859,0.01981
51.04,2,-1.80529,-2.43603,-0.06157,0.39118,-0.08306,0.21280,0.06144
51.06,0,0.50495,-2.49539,-0.00115,0.49523,0.00000,0.00000,
51.06,1,-0.58234,-2.48608,-0.02899,0.55380,0.10430,0.08733,0.02971
51.06,2,-1.79703,-2.43660,-0.06212,0.43508,0.02701,0.21569,0.02354
51.08,0,0.51485,-2.49540,-0.00115,0.49523,0.00000,0.00000,
51.08,1,-0.57148,-2.48635,-0.02683,0.51241,0.12182,0.08637,0.03962
51.08,2,-1.78619,-2.43714,-0.05975,0.55269,0.13491,0.21571,0.03441
51.1,0,0.52475,-2.49541,-0.00115,0.49523,0.00000,0.00000,
51.1,1,-0.56124,-2.48657,-0.02501,0.50890,0.05414,0.08603,0.04952
51.1,2,-1.77515,-2.43767,-0.05705,0.55270,0.13497,0.21489,0.04465
51.12,0,0.53466,-2.49543,-0.00115,0.49523,0.00000,0.00000,
51.12,1,-0.55327,-2.48681,-0.02477,0.45602,0.01289,0.08796,0.00990
51.12,2,-1.76468,-2.43822,-0.05504,0.53253,0.04816,0.21238,0.05262
51.14,0,0.54456,-2.49544,-0.00115,0.49523,0.00000,0.00000,
51.14,1,-0.54272,-2.48700,-0.02904,0.48153,-0.23727,0.08731,0.01981
51.14,2,-1.75571,-2.43879,-0.05553,0.43970,-0.01915,0.21396,0.06317
51.16,0,0.55447,-2.49545,-0.00115,0.49523,0.00000,0.00000,
51.16,1,-0.53368,-2.48713,-0.02813,0.47705,0.21927,0.08817,0.02971
51.16,2,-1.74556,-2.43937,-0.05496,0.56238,0.06868,0.21283,0.02354
51.18,0,0.56437,-2.49546,-0.00115,0.49523,0.00000,0.00000,
51.18,1,-0.52352,-2.48745,-0.02443,0.52175,0.11674,0.08793,0.03962
51.18,2,-1.73568,-2.43999,-0.05408,0.48548,0.05221,0.21308,0.03369
51.2,0,0.57428,-2.49547,-0.00115,0.49523,0.00000,0.00000,
51.2,1,-0.51485,-2.48775,-0.02364,0.41811,0.01162,0.08915,0.04952
51.2,2,-1.72584,-2.44053,-0.05318,0.46514,0.01655,0.21192,0.04237
51.22,0,0.58418,-2.49548,-0.00115,0.49523,0.00000,0.00000,
51.22,1,-0.50597,-2.48798,-0.02330,0.55221,0.03127,0.09018,0.00990
51.22,2,-1.71742,-2.44105,-0.05317,0.43830,0.01978,0.21235,0.05125
51.24,0,0.59409,-2.49549,-0.00115,0.49523,0.00000,0.00000,
51.24,1,-0.49463,-2.48819,-0.01985,0.53854,0.21068,0.08874,0.01981
51.24,2,-1.70844,-2.44156,-0.05245,0.45189,0.04121,0.21470,0.06259
51.26,0,0.60399,-2.49551,-0.00115,0.49523,0.00000,0.00000,
51.26,1,-0.48387,-2.48855,-0.01570,0.53614,0.20513,0.08789,0.02971
51.26,2,-1.69949,-2.44202,-0.05112,0.47138,0.09445,0.21650,0.02676
51.28,0,0.61390,-2.49552,-0.00115,0.49523,0.00000,0.00000,
51.28,1,-0.47350,-2.48889,-0.01349,0.50100,0.02719,0.08742,0.03962
51.28,2,-1.68968,-2.44250,-0.04960,0.51415,0.04649,0.21706,0.03714
51.3,0,0.62380,-2.49553,-0.00115,0.49523,0.00000,0.00000,
51.3,1,-0.46468,-2.48901,-0.01366,0.41784,-0.00721,0.08850,0.04952
51.3,2,-1.67902,-2.44302,-0.04922,0.54098,0.00680,0.21521,0.04596
51.32,0,0.63370,-2.49554,-0.00115,0.49523,0.00000,0.00000,
51.32,1,-0.45532,-2.48908,-0.01344,0.61326,0.03210,0.08904,0.00990
51.32,2,-1.66848,-2.44354,-0.04896,0.51987,0.02014,0.21402,0.05532
51.34,0,0.64361,-2.49555,-0.00115,0.49523,0.00000,0.00000,
51.34,1,-0.44244,-2.48916,-0.01101,0.58061,0.15138,0.08606,0.01981
51.34,2,-1.65802,-2.44405,-0.04851,0.52417,0.02327,0.21642,0.06820
51.36,0,0.65351,-2.49556,-0.00115,0.49523,0.00000,0.00000,
51.36,1,-0.43089,-2.48942,-0.00749,0.57020,0.22212,0.08442,0.02971
51.36,2,-1.64722,-2.44456,-0.04802,0.65316,0.03424,0.21716,0.02954
51.38,0,0.66342,-2.49557,-0.00115,0.49523,0.00000,0.00000,
51.38,1,-0.42017,-2.48961,-0.00475,0.47041,0.04121,0.08360,0.03962
51.38,2,-1.63219,-2.44506,-0.04536,0.69144,0.19922,0.21285,0.04026
51.4,0,0.67332,-2.49559,-0.00115,0.49523,0.00000,0.00000,
51.4,1,-0.41245,-2.48964,-0.00446,0.39245,0.00342,0.08579,0.04952
51.4,2,-1.61881,-2.44563,-0.04108,0.66470,0.23449,0.20716,0.04797
51.42,0,0.68323,-2.49560,-0.00115,0.49523,0.00000,0.00000,
51.42,1,-0.40420,-2.48960,-0.00457,0.42426,-0.01171,0.08744,0.05943
51.42,2,-1.60772,-2.44625,-0.03831,0.45135,0.06790,0.20430,0.05623
51.44,0,0.69313,-2.49561,-0.00115,0.49523,0.00000,0.00000,
51.44,1,-0.39599,-2.48962,-0.00476,0.49037,-0.00568,0.08914,0.01981
51.44,2,-1.59858,-2.44661,-0.03717,0.46402,0.04663,0.20336,0.06443
51.46,0,0.70304,-2.49562,-0.00115,0.49523,0.00000,0.00000,
51.46,1,-0.38360,-2.48965,-0.00745,0.59341,-0.19005,0.08665,0.02971
51.46,2,-1.58732,-2.44697,-0.03663,0.61664,0.03170,0.20448,0.02480
51.48,0,0.71294,-2.49563,-0.00115,0.49523,0.00000,0.00000,
51.48,1,-0.37179,-2.48952,-0.01173,0.58279,-0.28302,0.08475,0.03962
51.48,2,-1.57576,-2.44738,-0.03729,0.57642,-0.03321,0.20471,0.03661
51.5,0,0.72284,-2.49564,-0.00115,0.49523,0.00000,0.00000,
51.5,1,-0.36086,-2.48943,-0.01572,0.51064,-0.07141,0.08373,0.04952
51.5,2,-1.56438,-2.44763,-0.03814,0.55740,-0.03293,0.20424,0.04754
51.52,0,0.73275,-2.49565,-0.00115,0.49523,0.00000,0.00000,
51.52,1,-0.35315,-2.48957,-0.01597,0.38002,0.02315,0.08591,0.05943
51.52,2,-1.55508,-2.44802,-0.03897,0.43698,-0.02633,0.20265,0.05525
51.54,0,0.74265,-2.49567,-0.00115,0.49523,0.00000,0.00000,
51.54,1,-0.34498,-2.48976,-0.01519,0.48268,0.03999,0.08765,0.01981
51.54,2,-1.54600,-2.44844,-0.03881,0.46550,0.02434,0.20174,0.06343
51.56,0,0.75256,-2.49568,-0.00115,0.49523,0.00000,0.00000,
51.56,1,-0.33406,-2.48995,-0.01423,0.53184,0.05119,0.08664,0.02971
51.56,2,-1.53630,-2.44887,-0.03782,0.48084,0.06103,0.20294,0.02281
51.58,0,0.76246,-2.49569,-0.00115,0.49523,0.00000,0.00000,
51.58,1,-0.32376,-2.49010,-0.01291,0.48099,0.12727,0.08624,0.03962
51.58,2,-1.52578,-2.44930,-0.03731,0.54342,0.00039,0.20271,0.03311
51.6,0,0.77237,-2.49570,-0.00115,0.49523,0.00000,0.00000,
51.6,1,-0.31405,-2.49013,-0.01017,0.42692,0.09032,0.08643,0.04952
51.6,2,-1.51522,-2.44970,-0.03746,0.50902,-0.00617,0.20185,0.04282
51.62,0,0.78227,-2.49571,-0.00115,0.49523,0.00000,0.00000,
51.62,1,-0.30487,-2.49023,-0.00982,0.56741,-0.03622,0.08715,0.00990
51.62,2,-1.50610,-2.45006,-0.03767,0.37730,-0.03024,0.20190,0.05201
51.64,0,0.79218,-2.49572,-0.00115,0.49523,0.00000,0.00000,
51.64,1,-0.29455,-2.49032,-0.01046,0.44006,-0.02627,0.08674,0.01981
51.64,2,-1.49804,-2.45039,-0.03769,0.40476,0.01466,0.20416,0.01568
51.66,0,0.80153,-2.49573,-0.00116,0.46462,-0.00009,0.00000,
51.66,1,-0.28557,-2.49025,-0.00974,0.46569,0.09593,0.08711,0.02916
51.66,2,-1.48981,-2.45071,-0.03743,0.41020,0.01681,0.20489,0.02466
51.68,0,0.81093,-2.49574,-0.00116,0.47348,0.00012,0.00000,
51.68,1,-0.27696,-2.49029,-0.00841,0.41628,0.02822,0.08790,0.03857
51.68,2,-1.48094,-2.45105,-0.03703,0.50761,0.01021,0.20463,0.03327
51.7,0,0.82031,-2.49576,-0.00115,0.44064,0.00034,0.00000,
51.7,1,-0.26815,-2.49041,-0.00838,0.45092,-0.00946,0.08847,0.04794
51.7,2,-1.47020,-2.45144,-0.03696,0.53922,0.00159,0.20268,0.04208
51.72,0,0.82983,-2.49577,-0.00115,0.50043,-0.00010,0.00000,
51.72,1,-0.25959,-2.49052,-0.00839,0.40416,0.00819,0.08943,0.05746
51.72,2,-1.46006,-2.45181,-0.03683,0.49102,0.00727,0.20110,0.05064
51.74,0,0.84005,-2.49578,-0.00115,0.51254,-0.00007,0.00000,
51.74,1,-0.25037,-2.49061,-0.00817,0.49268,0.01164,0.09043,0.01974
51.74,2,-1.45038,-2.45217,-0.03670,0.48109,0.00677,0.20063,0.05986
51.76,0,0.85009,-2.49579,-0.00115,0.48447,0.00015,0.00000,
51.76,1,-0.24060,-2.49069,-0.00799,0.47422,0.00685,0.09070,0.02978
51.76,2,-1.44051,-2.45252,-0.03651,0.53882,0.03031,0.20052,0.02306
51.78,0,0.86002,-2.49580,-0.00115,0.50572,-0.00002,0.00000,
51.78,1,-0.23157,-2.49077,-0.00787,0.43599,0.00547,0.09161,0.03971
51.78,2,-1.43148,-2.45284,-0.03525,0.39825,0.04489,0.20051,0.03208
51.8,0,0.87024,-2.49581,-0.00115,0.51269,-0.00003,0.00000,
51.8,1,-0.22380,-2.49083,-0.00780,0.37240,0.00433,0.09405,0.04993
51.8,2,-1.42278,-2.45314,-0.03284,0.47200,0.13147,0.19958,0.03986
51.82,0,0.88046,-2.49583,-0.00115,0.50839,0.00001,0.00000,
51.82,1,-0.21541,-2.49090,-0.00757,0.42889,0.02123,0.09588,0.01021
51.82,2,-1.41278,-2.45348,-0.03171,0.49115,0.00352,0.19796,0.04825
51.84,0,0.89058,-2.49584,-0.00115,0.50514,0.00001,0.00000,
51.84,1,-0.20680,-2.49096,-0.00720,0.44306,0.01203,0.09739,0.02034
51.84,2,-1.40277,-2.45383,-0.03186,0.47669,0.02295,0.19655,0.01302
51.86,0,0.90031,-2.49585,-0.00116,0.46959,-0.00024,0.00000,
51.86,1,-0.19796,-2.49103,-0.00703,0.49552,0.00490,0.09827,0.03006
51.86,2,-1.39439,-2.45419,-0.03422,0.42093,-0.16875,0.19701,0.02186
51.88,0,0.90984,-2.49586,-0.00116,0.48184,0.00011,0.00000,
51.88,1,-0.18732,-2.49110,-0.00696,0.54048,0.00310,0.09717,0.03960
51.88,2,-1.38521,-2.45466,-0.03817,0.47981,-0.13212,0.19845,0.03250
51.9,0,0.91953,-2.49587,-0.00116,0.48482,0.00006,0.00000,
51.9,1,-0.17693,-2.49117,-0.00688,0.49789,0.00505,0.09647,0.04928
51.9,2,-1.37462,-2.45507,-0.03838,0.55450,0.05858,0.19823,0.04289
51.92,0,0.92919,-2.49588,-0.00116,0.48183,-0.00002,0.00000,
51.92,1,-0.16617,-2.49124,-0.00674,0.61500,0.00815,0.09537,0.00967
51.92,2,-1.36404,-2.45548,-0.03695,0.52124,0.05741,0.19841,0.05365
51.94,0,0.93881,-2.49589,-0.00116,0.48002,-0.00001,0.00000,
51.94,1,-0.15432,-2.49133,-0.00658,0.58246,0.00573,0.09313,0.01928
51.94,2,-1.35302,-2.45589,-0.03659,0.56444,-0.00335,0.19923,0.06550
51.96,0,0.94835,-2.49590,-0.00115,0.49185,-0.00001,0.00000,
51.96,1,-0.14340,-2.49140,-0.00650,0.51527,0.00360,0.09176,0.02882
51.96,2,-1.34190,-2.45630,-0.03665,0.54467,0.00273,0.19901,0.02861
51.98,0,0.95836,-2.49592,-0.00116,0.50287,-0.00003,0.00000,
51.98,1,-0.13474,-2.49146,-0.00649,0.39539,0.00015,0.09310,0.03883
51.98,2,-1.33165,-2.45665,-0.03589,0.46006,-0.00726,0.19742,0.03727
52.0,0,0.96830,-2.49593,-0.00115,0.50744,-0.00001,0.00000,
52.0,1,-0.12634,-2.49152,-0.00641,0.43758,0.00660,0.09464,0.04877
52.0,2,-1.32256,-2.45697,-0.03748,0.45564,-0.24185,0.19672,0.04567
52.02,0,0.97854,-2.49594,-0.00115,0.51259,-0.00003,0.00000,
52.02,1,-0.11748,-2.49158,-0.00628,0.44095,0.00569,0.09602,0.05901
52.02,2,-1.31259,-2.45739,-0.04268,0.53285,-0.15340,0.19560,0.05453
52.04,0,0.98872,-2.49595,-0.00116,0.50643,0.00001,0.00000,
52.04,1,-0.11016,-2.49164,-0.00604,0.30303,0.01435,0.09889,0.02043
52.04,2,-1.30218,-2.45781,-0.04243,0.48034,0.10894,0.19251,0.01175
52.06,0,0.99881,-2.49596,-0.00115,0.50320,0.00001,0.00000,
52.06,1,-0.10396,-2.49169,-0.00577,0.33510,0.01085,0.10278,0.03051
52.06,2,-1.29179,-2.45825,-0.04057,0.55272,0.05979,0.18830,0.01795
52.08,0,1.00888,-2.49597,-0.00115,0.50410,0.00000,0.00000,
52.08,1,-0.09571,-2.49174,-0.00567,0.46986,0.00180,0.10460,0.04058
52.08,2,-1.28041,-2.45871,-0.04009,0.57154,0.00729,0.18516,0.02620
52.1,0,1.01867,-2.49599,-0.00116,0.46849,-0.00029,0.00000,
52.1,1,-0.08618,-2.49179,-0.00562,0.51099,0.00215,0.10486,0.05037
52.1,2,-1.26927,-2.45916,-0.03988,0.54376,0.01745,0.18354,0.03573
52.12,0,1.02817,-2.49600,-0.00116,0.47996,0.00010,0.00000,
52.12,1,-0.07567,-2.49185,-0.00557,0.54209,0.00380,0.10385,0.00950
52.12,2,-1.25906,-2.45958,-0.03951,0.48680,0.01931,0.18383,0.04624
52.14,0,1.03782,-2.49601,-0.00116,0.48334,0.00008,0.00000,
52.14,1,-0.06419,-2.49192,-0.00545,0.55619,0.00664,0.10202,0.01915
52.14,2,-1.24920,-2.45998,-0.03897,0.49872,0.02906,0.18544,0.05772
52.16,0,1.04746,-2.49602,-0.00116,0.48068,-0.00001,0.00000,
52.16,1,-0.05335,-2.49198,-0.00536,0.52248,0.00280,0.10082,0.02879
52.16,2,-1.23889,-2.46038,-0.03839,0.57562,0.04913,0.18596,0.02760
52.18,0,1.05690,-2.49603,-0.00115,0.45422,0.00024,0.00000,
52.18,1,-0.04401,-2.49203,-0.00535,0.38323,-0.00244,0.10092,0.03823
52.18,2,-1.22785,-2.46078,-0.03655,0.54436,0.08529,0.18425,0.03694
52.2,0,1.06667,-2.49604,-0.00115,0.51065,-0.00008,0.00000,
52.2,1,-0.03598,-2.49208,-0.00532,0.41969,0.00399,0.10265,0.04800
52.2,2,-1.21686,-2.46117,-0.03572,0.55540,0.01157,0.18129,0.04497
52.22,0,1.07705,-2.49605,-0.00116,0.51900,-0.00005,0.00000,
52.22,1,-0.02712,-2.49213,-0.00522,0.46467,0.00733,0.10417,0.01038
52.22,2,-1.20664,-2.46155,-0.03550,0.43948,0.01701,0.17992,0.00457
52.24,0,1.08727,-2.49607,-0.00116,0.50478,0.00002,0.00000,
52.24,1,-0.01985,-2.49217,-0.00500,0.36113,0.01217,0.10713,0.02060
52.24,2,-1.19864,-2.46185,-0.03517,0.34817,-0.00569,0.17918,0.01185
52.26,0,1.09728,-2.49608,-0.00116,0.49837,0.00002,0.00000,
52.26,1,-0.01178,-2.49221,-0.00486,0.43836,0.00316,0.10907,0.03061
52.26,2,-1.19166,-2.46216,-0.03537,0.35169,-0.02143,0.18026,0.01991
52.28,0,1.10726,-2.49609,-0.00116,0.50075,0.00000,0.00000,
52.28,1,-0.00187,-2.49226,-0.00484,0.53439,0.00032,0.10914,0.04060
52.28,2,-1.18379,-2.46250,-0.03601,0.43843,-0.01563,0.18229,0.02982
52.3,0,1.11731,-2.49610,-0.00116,0.50329,0.00000,0.00000,
52.3,1,0.00881,-2.49231,-0.00481,0.53597,0.00236,0.10851,0.05064
52.3,2,-1.17497,-2.46283,-0.03553,0.49162,0.03593,0.18414,0.04050
52.32,0,1.12723,-2.49611,-0.00116,0.46510,-0.00037,0.00000,
52.32,1,0.02191,-2.49237,-0.00470,0.72949,0.00755,0.10532,0.00991
52.32,2,-1.16412,-2.46322,-0.03497,0.55901,0.02049,0.18639,0.05361
52.34,0,1.13664,-2.49612,-0.00116,0.47551,0.00005,0.00000,
52.34,1,0.03570,-2.49242,-0.00452,0.66662,0.00808,0.10094,0.01933
52.34,2,-1.15117,-2.46360,-0.03401,0.71828,0.09963,0.18722,0.02095
52.36,0,1.14622,-2.49613,-0.00116,0.48087,0.00010,0.00000,
52.36,1,0.04803,-2.49247,-0.00445,0.57080,0.00054,0.09820,0.02891
52.36,2,-1.13681,-2.46398,-0.03202,0.71829,0.09975,0.18518,0.03328
52.38,0,1.15583,-2.49615,-0.00116,0.47908,-0.00000,0.00000,
52.38,1,0.05636,-2.49252,-0.00455,0.36555,-0.00679,0.09947,0.03852
52.38,2,-1.12283,-2.46440,-0.03062,0.71536,0.01217,0.17953,0.04161
52.4,0,1.16527,-2.49616,-0.00115,0.47968,0.00001,0.00000,
52.4,1,0.06373,-2.49256,-0.00467,0.37957,-0.00383,0.10154,0.04796
52.4,2,-1.10763,-2.46490,-0.03125,0.74071,-0.05035,0.17168,0.04898
52.42,0,1.17500,-2.49617,-0.00115,0.49444,0.00003,0.00000,
52.42,1,0.07194,-2.49261,-0.00464,0.41504,0.00516,0.10307,0.05769
52.42,2,-1.09227,-2.46539,-0.03146,0.77853,0.01989,0.16452,0.05719
52.44,0,1.18519,-2.49618,-0.00116,0.51547,-0.00005,0.00000,
52.44,1,0.08112,-2.49266,-0.00453,0.57761,0.00554,0.10408,0.01992
52.44,2,-1.07919,-2.46590,-0.03043,0.63322,0.06364,0.16062,0.01341
52.46,0,1.19544,-2.49619,-0.00116,0.50801,-0.00000,0.00000,
52.46,1,0.09327,-2.49271,-0.00438,0.61524,0.00776,0.10217,0.03017
52.46,2,-1.06831,-2.46636,-0.02954,0.39929,0.00357,0.16188,0.02556
52.48,0,1.20550,-2.49620,-0.00116,0.49976,0.00002,0.00000,
52.48,1,0.10480,-2.49273,-0.00488,0.55460,-0.03408,0.10070,0.04023
52.48,2,-1.06031,-2.46672,-0.02935,0.40213,0.01058,0.16540,0.03709
52.5,0,1.21548,-2.49621,-0.00116,0.49964,0.00001,0.00000,
52.5,1,0.11461,-2.49280,-0.00522,0.37250,-0.00998,0.10087,0.05021
52.5,2,-1.05231,-2.46700,-0.02903,0.37789,0.02661,0.16721,0.04690
52.52,0,1.22550,-2.49623,-0.00116,0.50202,0.00000,0.00000,
52.52,1,0.12214,-2.49289,0.00104,0.32296,0.86284,0.10336,0.01002
52.52,2,-1.04331,-2.46728,-0.02872,0.49290,0.00898,0.16573,0.05443
52.54,0,1.23555,-2.49624,-0.00115,0.50271,0.00000,0.00000,
52.54,1,0.12901,-2.49288,0.00035,0.34201,0.24675,0.10654,0.02007
52.54,2,-1.03338,-2.46757,-0.02855,0.48501,0.00965,0.16267,0.06131
52.56,0,1.24560,-2.49625,-0.00115,0.50221,0.00001,0.00000,
52.56,1,0.13683,-2.49281,0.00799,0.42243,0.42682,0.10878,0.03012
52.56,2,-1.02375,-2.46784,-0.02827,0.54656,0.02287,0.16084,0.01842
52.58,0,1.25534,-2.49626,-0.00116,0.46555,-0.00028,0.00000,
52.58,1,0.14539,-2.49265,0.01258,0.42521,0.04517,0.10996,0.03986
52.58,2,-1.01225,-2.46817,-0.02768,0.58221,0.02195,0.15790,0.02699
52.6,0,1.26478,-2.49627,-0.00116,0.47687,0.00010,0.00000,
52.6,1,0.15522,-2.49253,0.01114,0.52692,-0.11073,0.10956,0.04930
52.6,2,-1.00139,-2.46848,-0.02745,0.50328,0.00629,0.15687,0.03682
52.62,0,1.27437,-2.49628,-0.00116,0.48059,0.00008,0.00000,
52.62,1,0.16723,-2.49240,0.00950,0.63031,-0.05590,0.10715,0.00959
52.62,2,-0.99226,-2.46873,-0.02737,0.37676,-0.01111,0.15973,0.04883
52.64,0,1.28396,-2.49629,-0.00116,0.47808,-0.00001,0.00000,
52.64,1,0.17990,-2.49227,0.00895,0.60277,-0.01248,0.10407,0.01918
52.64,2,-0.98472,-2.46897,-0.02828,0.41994,-0.07418,0.16486,0.01914
52.66,0,1.29333,-2.49631,-0.00115,0.49037,-0.00001,0.00000,
52.66,1,0.19080,-2.49218,0.00867,0.50566,-0.01876,0.10254,0.02855
52.66,2,-0.97458,-2.46920,-0.03874,0.50981,-0.40442,0.16560,0.03004
52.68,0,1.30353,-2.49632,-0.00116,0.51838,-0.00008,0.00000,
52.68,1,0.19907,-2.49210,0.00834,0.35872,-0.01375,0.10447,0.03876
52.68,2,-0.96488,-2.46954,-0.04774,0.49502,-0.55058,0.16416,0.03831
52.7,0,1.31382,-2.49633,-0.00116,0.50820,0.00001,0.00000,
52.7,1,0.20648,-2.49200,0.00836,0.39209,0.00575,0.10735,0.04904
52.7,2,-0.95462,-2.47050,-0.06080,0.53575,-0.56449,0.16130,0.04572
52.72,0,1.32384,-2.49634,-0.00116,0.49715,0.00003,0.00000,
52.72,1,0.21486,-2.49194,0.00814,0.43354,-0.02451,0.10899,0.05906
52.72,2,-0.94303,-2.47122,-0.06398,0.61218,0.12340,0.15807,0.05410
52.74,0,1.33377,-2.49635,-0.00115,0.49706,0.00001,0.00000,
52.74,1,0.22328,-2.49189,0.00749,0.51689,-0.03205,0.11050,0.01995
52.74,2,-0.93058,-2.47190,-0.05932,0.69783,0.28713,0.15403,0.01271
52.76,0,1.34375,-2.49636,-0.00115,0.50026,0.00000,0.00000,
52.76,1,0.23112,-2.49182,0.00663,0.37208,-0.04285,0.11263,0.02993
52.76,2,-0.91628,-2.47261,-0.05317,0.66015,0.41599,0.14756,0.02056
52.78,0,1.35377,-2.49638,-0.00115,0.50118,0.00001,0.00000,
52.78,1,0.23960,-2.49177,0.00603,0.47443,-0.02057,0.11417,0.03995
52.78,2,-0.90404,-2.47329,-0.04675,0.57762,0.16718,0.14379,0.02903
52.8,0,1.36378,-2.49639,-0.00115,0.50049,0.00001,0.00000,
52.8,1,0.24918,-2.49171,0.00571,0.49813,-0.01705,0.11462,0.04997
52.8,2,-0.89520,-2.47384,-0.04638,0.32926,-0.04929,0.14452,0.03861
52.82,0,1.37379,-2.49640,-0.00115,0.50004,0.00001,0.00000,
52.82,1,0.25896,-2.49166,0.00531,0.45875,-0.02261,0.11484,0.05997
52.82,2,-0.88863,-2.47440,-0.04740,0.33116,-0.06808,0.14772,0.04839
52.84,0,1.38379,-2.49641,-0.00115,0.50011,0.00000,0.00000,
52.84,1,0.26807,-2.49161,0.00486,0.48170,-0.02050,0.11573,0.06997
52.84,2,-0.88154,-2.47495,-0.04867,0.38296,-0.00921,0.14973,0.05750
52.86,0,1.39317,-2.49642,-0.00116,0.47013,-0.00004,0.00000,
52.86,1,0.28078,-2.49156,0.00446,0.70763,-0.02240,0.11240,0.02939
52.86,2,-0.87151,-2.47534,-0.04528,0.62884,0.38049,0.15240,0.02663
52.88,0,1.40268,-2.49643,-0.00116,0.47844,0.00012,0.00000,
52.88,1,0.29392,-2.49150,0.00397,0.65499,-0.02457,0.10877,0.03889
52.88,2,-0.85953,-2.47572,-0.03739,0.55695,0.41364,0.15356,0.03978
52.9,0,1.41225,-2.49644,-0.00116,0.47796,0.00002,0.00000,
52.9,1,0.30622,-2.49146,0.00358,0.56859,-0.01497,0.10604,0.04847
52.9,2,-0.84834,-2.47637,-0.03010,0.56517,0.29647,0.15467,0.05208
52.92,0,1.42156,-2.49645,-0.00115,0.47740,0.00006,0.00000,
52.92,1,0.31497,-2.49143,0.00334,0.44480,-0.01197,0.10661,0.00931
52.92,2,-0.83737,-2.47706,-0.02737,0.52192,0.00050,0.15243,0.06082
52.94,0,1.43162,-2.49647,-0.00115,0.51572,-0.00010,0.00000,
52.94,1,0.32460,-2.49139,0.00310,0.47776,-0.01240,0.10704,0.01937
52.94,2,-0.82856,-2.47734,-0.02743,0.44398,0.06890,0.15324,0.07045
52.96,0,1.44192,-2.49648,-0.00116,0.50990,-0.00001,0.00000,
52.96,1,0.33341,-2.49137,0.00280,0.45445,-0.01622,0.10852,0.02966
52.96,2,-0.82167,-2.47739,-0.02545,0.29688,0.08101,0.15516,0.02251
52.98,0,1.45196,-2.49649,-0.00116,0.49704,0.00003,0.00000,
52.98,1,0.34354,-2.49134,0.00249,0.53073,-0.01529,0.10843,0.03971
52.98,2,-0.81479,-2.47755,-0.02471,0.39640,0.01023,0.15842,0.03264
53.0,0,1.46186,-2.49650,-0.00115,0.49517,0.00001,0.00000,
53.0,1,0.35396,-2.49131,0.00218,0.50436,-0.01505,0.10791,0.04961
53.0,2,-0.80601,-2.47778,-0.02455,0.43977,0.01710,0.16005,0.04306
53.02,0,1.47180,-2.49651,-0.00115,0.49841,0.00000,0.00000,
53.02,1,0.36239,-2.49129,0.00184,0.36608,-0.01923,0.10942,0.00994
53.02,2,-0.79705,-2.47801,-0.02394,0.45351,0.04985,0.15952,0.00366
53.04,0,1.48179,-2.49652,-0.00115,0.49986,0.00000,0.00000,
53.04,1,0.36971,-2.49127,0.00145,0.36608,-0.01921,0.11209,0.01993
53.04,2,-0.78913,-2.47827,-0.02429,0.40123,-0.05370,0.15892,0.01098
53.06,0,1.49178,-2.49654,-0.00115,0.49931,0.00001,0.00000,
53.06,1,0.37607,-2.49125,0.00115,0.35366,-0.01226,0.11573,0.02992
53.06,2,-0.78151,-2.47853,-0.02516,0.41941,-0.00444,0.15765,0.01734
53.08,0,1.50176,-2.49655,-0.00115,0.49874,0.00001,0.00000,
53.08,1,0.38332,-2.49125,0.00089,0.41392,-0.01345,0.11845,0.03990
53.08,2,-0.77239,-2.47878,-0.02444,0.43728,0.06061,0.15578,0.02459
53.1,0,1.51174,-2.49656,-0.00115,0.49874,0.00000,0.00000,
53.1,1,0.39160,-2.49124,0.00062,0.41392,-0.01346,0.12015,0.04987
53.1,2,-0.76342,-2.47904,-0.02359,0.48726,-0.01638,0.15508,0.03287
53.12,0,1.52171,-2.49657,-0.00115,0.49891,0.00000,0.00000,
53.12,1,0.40028,-2.49123,0.00040,0.45559,-0.00987,0.12145,0.05985
53.12,2,-0.75355,-2.47927,-0.02348,0.49757,0.02400,0.15389,0.04154
53.14,0,1.53169,-2.49658,-0.00115,0.49895,0.00000,0.00000,
53.14,1,0.40968,-2.49123,0.00020,0.46025,-0.01028,0.12202,0.06983
53.14,2,-0.74067,-2.47953,-0.02264,0.71158,0.04530,0.15041,0.01386
53.16,0,1.54167,-2.49659,-0.00115,0.49892,0.00000,0.00000,
53.16,1,0.42162,-2.49123,-0.00000,0.68564,-0.00988,0.12006,0.02993
53.16,2,-0.72803,-2.47981,-0.02187,0.55461,0.03348,0.14971,0.02580
53.18,0,1.55115,-2.49660,-0.00116,0.46654,-0.00013,0.00000,
53.18,1,0.43533,-2.49123,-0.00020,0.68564,-0.00988,0.11583,0.03941
53.18,2,-0.71781,-2.48004,-0.02138,0.48946,0.02035,0.15320,0.03951
53.2,0,1.56060,-2.49662,-0.00116,0.47632,0.00012,0.00000,
53.2,1,0.44812,-2.49126,-0.00045,0.60623,-0.01992,0.11249,0.04886
53.2,2,-0.71008,-2.48026,-0.02155,0.36022,-0.02810,0.15825,0.05230
53.22,0,1.57015,-2.49663,-0.00116,0.47726,0.00004,0.00000,
53.22,1,0.45816,-2.49127,-0.00083,0.39946,-0.01134,0.11200,0.00955
53.22,2,-0.70252,-2.48046,-0.02173,0.40270,0.01383,0.16073,0.06234
53.24,0,1.57945,-2.49664,-0.00115,0.47665,0.00006,0.00000,
53.24,1,0.46712,-2.49128,0.00227,0.44917,0.16936,0.11234,0.01885
53.24,2,-0.69411,-2.48064,-0.02111,0.40162,0.04258,0.16127,0.01316
53.26,0,1.58949,-2.49665,-0.00115,0.51482,-0.00011,0.00000,
53.26,1,0.47539,-2.49145,0.00368,0.37525,-0.14127,0.11411,0.02889
53.26,2,-0.68439,-2.48083,-0.02196,0.48303,-0.08266,0.15983,0.02144
53.28,0,1.59976,-2.49666,-0.00115,0.50885,-0.00001,0.00000,
53.28,1,0.48457,-2.49152,-0.00041,0.53353,-0.15517,0.11521,0.03916
53.28,2,-0.67473,-2.48119,-0.02423,0.46854,-0.13824,0.15935,0.03061
53.3,0,1.60978,-2.49667,-0.00115,0.49599,0.00003,0.00000,
53.3,1,0.49526,-2.49150,-0.00134,0.51729,0.01625,0.11454,0.04918
53.3,2,-0.66403,-2.48151,-0.02538,0.59488,0.01121,0.15933,0.04130
53.32,0,1.61967,-2.49668,-0.00115,0.49416,0.00001,0.00000,
53.32,1,0.50531,-2.49148,-0.00078,0.56098,0.02295,0.11437,0.00988
53.32,2,-0.65174,-2.48179,-0.02437,0.61105,0.06119,0.15709,0.05135
53.34,0,1.62959,-2.49670,-0.00115,0.49742,0.00000,0.00000,
53.34,1,0.51271,-2.49147,-0.00063,0.28184,0.00560,0.11688,0.01980
53.34,2,-0.64003,-2.48204,-0.02343,0.58424,0.03535,0.15278,0.01241
53.36,0,1.63955,-2.49671,-0.00115,0.49885,0.00000,0.00000,
53.36,1,0.51774,-2.49146,-0.00051,0.20573,0.00485,0.12183,0.02977
53.36,2,-0.62738,-2.48232,-0.02282,0.63696,0.02739,0.14516,0.01743
53.38,0,1.64953,-2.49672,-0.00115,0.49830,0.00001,0.00000,
53.38,1,0.52232,-2.49156,-0.00256,0.30299,-0.14919,0.12722,0.03974
53.38,2,-0.61543,-2.48259,-0.02226,0.56271,0.02952,0.13779,0.02201
53.4,0,1.65949,-2.49673,-0.00115,0.49772,0.00001,0.00000,
53.4,1,0.52913,-2.49159,-0.00429,0.36308,-0.04111,0.13036,0.04970
53.4,2,-0.60527,-2.48283,-0.02168,0.50299,0.03281,0.13443,0.02882
53.42,0,1.66944,-2.49674,-0.00115,0.49773,0.00000,0.00000,
53.42,1,0.53639,-2.49163,-0.00512,0.36308,-0.04071,0.13306,0.05966
53.42,2,-0.59569,-2.48305,-0.02110,0.48630,0.03038,0.13212,0.03609
53.44,0,1.67940,-2.49675,-0.00115,0.49790,0.00000,0.00000,
53.44,1,0.54584,-2.49178,-0.02070,0.55265,-1.14419,0.13356,0.01991
53.44,2,-0.58583,-2.48326,-0.02050,0.49430,0.02876,0.13170,0.01308
53.46,0,1.68935,-2.49676,-0.00115,0.49794,0.00000,0.00000,
53.46,1,0.55752,-2.49195,-0.03276,0.61554,-0.08776,0.13184,0.02987
53.46,2,-0.57747,-2.48347,-0.03019,0.41100,-0.70758,0.13503,0.02476
53.48,0,1.69931,-2.49678,-0.00115,0.49791,0.00000,0.00000,
53.48,1,0.56940,-2.49225,-0.02829,0.56461,0.30492,0.12993,0.03983
53.48,2,-0.56922,-2.48361,-0.04368,0.41724,-0.54225,0.13865,0.03664
53.5,0,1.70927,-2.49679,-0.00115,0.49788,0.00000,0.00000,
53.5,1,0.58002,-2.49252,-0.02464,0.51238,0.07078,0.12926,0.04979
53.5,2,-0.56088,-2.48388,-0.04620,0.41306,0.14963,0.14094,0.04727
53.52,0,1.71923,-2.49680,-0.00115,0.49789,0.00000,0.00000,
53.52,1,0.58880,-2.49277,-0.02425,0.48649,0.01307,0.13043,0.00996
53.52,2,-0.55280,-2.48425,-0.04162,0.39766,0.21356,0.14164,0.05605
53.54,0,1.72919,-2.49681,-0.00115,0.49789,0.00000,0.00000,
53.54,1,0.59850,-2.49297,-0.02383,0.46490,0.03709,0.13070,0.01992
53.54,2,-0.54495,-2.48460,-0.03908,0.39028,0.06545,0.14348,0.01426
53.56,0,1.73914,-2.49682,-0.00115,0.49790,0.00000,0.00000,
53.56,1,0.60799,-2.49321,-0.02294,0.52674,0.03895,0.13116,0.02987
53.56,2,-0.53765,-2.48490,-0.03716,0.31466,0.09951,0.14567,0.02377
53.58,0,1.74854,-2.49683,-0.00116,0.46689,-0.00009,0.00000,
53.58,1,0.61908,-2.49348,-0.02221,0.55829,0.03750,0.12947,0.03927
53.58,2,-0.53246,-2.48507,-0.03809,0.25003,-0.15376,0.15157,0.03486
53.6,0,1.75799,-2.49684,-0.00116,0.47589,0.00012,0.00000,
53.6,1,0.62980,-2.49373,-0.02141,0.51563,0.04115,0.12820,0.04872
53.6,2,-0.52640,-2.48526,-0.03823,0.35829,0.09242,0.15623,0.04558
53.62,0,1.76753,-2.49685,-0.00115,0.47608,0.00003,0.00000,
53.62,1,0.63978,-2.49394,-0.02060,0.49040,0.03915,0.12775,0.00953
53.62,2,-0.51909,-2.48553,-0.03558,0.39624,0.12896,0.15890,0.05556
53.64,0,1.77684,-2.49687,-0.00115,0.48782,-0.00002,0.00000,
53.64,1,0.65237,-2.49418,-0.01974,0.66911,0.04151,0.12447,0.01885
53.64,2,-0.51008,-2.48581,-0.03801,0.51329,0.05148,0.16248,0.01753
53.66,0,1.78699,-2.49688,-0.00115,0.51545,-0.00010,0.00000,
53.66,1,0.66422,-2.49443,-0.01886,0.55634,0.04035,0.12278,0.02900
53.66,2,-0.50023,-2.48613,-0.04039,0.53236,0.22508,0.16448,0.02938
53.68,0,1.79722,-2.49689,-0.00115,0.50497,0.00001,0.00000,
53.68,1,0.67472,-2.49464,-0.01823,0.44056,0.01767,0.12250,0.03922
53.68,2,-0.48953,-2.48657,-0.03889,0.49689,-0.55318,0.16427,0.03988
53.7,0,1.80717,-2.49690,-0.00115,0.49395,0.00003,0.00000,
53.7,1,0.68239,-2.49484,-0.01803,0.38386,0.00088,0.12478,0.04918
53.7,2,-0.47911,-2.48707,-0.04541,0.54201,-0.05270,0.16153,0.04756
53.72,0,1.81704,-2.49691,-0.00115,0.49395,0.00000,0.00000,
53.72,1,0.69054,-2.49503,-0.01796,0.42856,0.01668,0.12650,0.05905
53.72,2,-0.46806,-2.48757,-0.04245,0.55450,0.21884,0.15863,0.05570
53.74,0,1.82696,-2.49692,-0.00115,0.49718,-0.00000,0.00000,
53.74,1,0.69907,-2.49518,-0.01727,0.39709,0.04843,0.12789,0.06896
53.74,2,-0.45743,-2.48803,-0.03918,0.49491,0.10552,0.15653,0.06424
53.76,0,1.83691,-2.49694,-0.00115,0.49807,0.00000,0.00000,
53.76,1,0.70689,-2.49532,-0.01594,0.34815,0.07510,0.13002,0.02974
53.76,2,-0.44776,-2.48842,-0.03778,0.42644,0.04903,0.15468,0.02055
53.78,0,1.84687,-2.49695,-0.00115,0.49737,0.00001,0.00000,
53.78,1,0.71402,-2.49542,-0.01397,0.34934,0.08260,0.13285,0.03969
53.78,2,-0.44165,-2.48873,-0.03735,0.29302,-0.01892,0.15569,0.02768
53.8,0,1.85681,-2.49696,-0.00115,0.49692,0.00000,0.00000,
53.8,1,0.72217,-2.49556,-0.01622,0.44247,-0.21161,0.13464,0.04964
53.8,2,-0.43478,-2.48901,-0.03634,0.39518,0.09048,0.15698,0.03583
53.82,0,1.86675,-2.49697,-0.00115,0.49700,0.00000,0.00000,
53.82,1,0.73078,-2.49571,-0.01846,0.43902,-0.02638,0.13597,0.05957
53.82,2,-0.42607,-2.48931,-0.03453,0.45240,0.07908,0.15686,0.04444
53.84,0,1.87669,-2.49698,-0.00115,0.49715,0.00000,0.00000,
53.84,1,0.74047,-2.49591,-0.02081,0.50292,-0.16194,0.13622,0.01988
53.84,2,-0.41516,-2.48963,-0.03277,0.57228,0.08977,0.15565,0.01387
53.86,0,1.88663,-2.49699,-0.00115,0.49717,0.00000,0.00000,
53.86,1,0.75383,-2.49613,-0.02447,0.64976,-0.21628,0.13281,0.02982
53.86,2,-0.40451,-2.48994,-0.03073,0.50771,0.10880,0.15836,0.02723
53.88,0,1.89658,-2.49700,-0.00115,0.49713,0.00000,0.00000,
53.88,1,0.76678,-2.49625,-0.02906,0.64047,-0.26167,0.12979,0.03977
53.88,2,-0.39434,-2.49013,-0.02888,0.50989,0.06674,0.16114,0.04018
53.9,0,1.90652,-2.49702,-0.00115,0.49712,0.00000,0.00000,
53.9,1,0.77864,-2.49647,-0.03162,0.51270,0.00189,0.12788,0.04971
53.9,2,-0.38543,-2.49042,-0.02824,0.41270,0.02333,0.16408,0.05204
53.92,0,1.91646,-2.49703,-0.00115,0.49712,0.00000,0.00000,
53.92,1,0.78745,-2.49680,-0.03079,0.44765,0.07612,0.12901,0.05965
53.92,2,-0.37681,-2.49072,-0.02738,0.44263,0.05490,0.16427,0.06086
53.94,0,1.92640,-2.49704,-0.00115,0.49713,0.00000,0.00000,
53.94,1,0.79926,-2.49713,-0.03111,0.64870,-0.14713,0.12714,0.01988
53.94,2,-0.36775,-2.49101,-0.02621,0.46687,0.04999,0.16703,0.01623
53.96,0,1.93635,-2.49705,-0.00115,0.49713,0.00000,0.00000,
53.96,1,0.81032,-2.49737,-0.03376,0.51764,-0.06725,0.12602,0.02983
53.96,2,-0.35834,-2.49124,-0.02541,0.47718,0.04851,0.16868,0.02730
53.98,0,1.94629,-2.49706,-0.00115,0.49713,0.00000,0.00000,
53.98,1,0.82037,-2.49774,-0.03446,0.41652,-0.01240,0.12592,0.03977
53.98,2,-0.34851,-2.49150,-0.02441,0.50123,0.04737,0.16889,0.03735
54.0,0,1.95623,-2.49707,-0.00115,0.49713,0.00000,0.00000,
54.0,1,0.82800,-2.49814,-0.03624,0.38462,-0.13837,0.12823,0.04971
54.0,2,-0.33848,-2.49176,-0.02355,0.49734,0.04052,0.16650,0.04499
54.02,0,1.96617,-2.49708,-0.00115,0.49713,0.00000,0.00000,
54.02,1,0.83599,-2.49855,-0.03772,0.40107,0.02681,0.13019,0.05966
54.02,2,-0.32872,-2.49200,-0.02276,0.48104,0.03905,0.16473,0.05298
54.04,0,1.97612,-2.49710,-0.00115,0.49713,0.00000,0.00000,
54.04,1,0.84445,-2.49887,-0.03555,0.48751,0.13031,0.13167,0.06960
54.04,2,-0.31922,-2.49221,-0.02198,0.47137,0.03849,0.16369,0.06145
54.06,0,1.98606,-2.49711,-0.00115,0.49713,0.00000,0.00000,
54.06,1,0.85689,-2.49923,-0.03274,0.71725,0.25218,0.12917,0.02983
54.06,2,-0.30980,-2.49242,-0.02124,0.49310,0.03134,0.16671,0.02500
54.08,0,1.99533,-2.49712,-0.00116,0.46861,-0.00001,0.00000,
54.08,1,0.87023,-2.49959,-0.02739,0.66477,0.26946,0.12510,0.03910
54.08,2,-0.29858,-2.49266,-0.02088,0.57106,0.01701,0.16883,0.03834
54.1,0,2.00480,-2.49713,-0.00115,0.47585,0.00011,0.00000,
54.1,1,0.88306,-2.50014,-0.02113,0.60426,0.26228,0.12175,0.04857
54.1,2,-0.28818,-2.49288,-0.02031,0.49170,0.03345,0.17126,0.05118
54.12,0,2.01421,-2.49714,-0.00115,0.44216,0.00032,0.00000,
54.12,1,0.89306,-2.50041,-0.01884,0.39122,0.03805,0.12115,0.05798
54.12,2,-0.27885,-2.49307,-0.01962,0.45379,0.03426,0.17194,0.00430
54.14,0,2.02375,-2.49715,-0.00115,0.50148,-0.00009,0.00000,
54.14,1,0.90133,-2.50057,-0.01821,0.43492,0.03390,0.12243,0.06752
54.14,2,-0.26836,-2.49326,-0.02062,0.50102,-0.11537,0.16971,0.01257
54.16,0,2.03400,-2.49716,-0.00115,0.51386,-0.00007,0.00000,
54.16,1,0.91166,-2.50072,-0.01714,0.54200,0.14955,0.12234,0.02920
54.16,2,-0.25815,-2.49363,-0.02382,0.53119,-0.17815,0.16983,0.02290
54.18,0,2.04413,-2.49717,-0.00115,0.49992,0.00003,0.00000,
54.18,1,0.92248,-2.50095,-0.01412,0.53877,0.15648,0.12165,0.03933
54.18,2,-0.24674,-2.49394,-0.02507,0.59599,0.02912,0.16925,0.03373
54.2,0,2.05402,-2.49719,-0.00115,0.49240,0.00002,0.00000,
54.2,1,0.93276,-2.50117,-0.01202,0.51941,0.04837,0.12127,0.04923
54.2,2,-0.23474,-2.49421,-0.02364,0.59438,0.07960,0.16753,0.04401
54.22,0,2.06389,-2.49720,-0.00115,0.49440,0.00000,0.00000,
54.22,1,0.94216,-2.50128,-0.01182,0.49135,0.00185,0.12173,0.00986
54.22,2,-0.22318,-2.49446,-0.02250,0.56541,0.03861,0.16536,0.05341
54.24,0,2.07381,-2.49721,-0.00115,0.49715,0.00000,0.00000,
54.24,1,0.95009,-2.50139,-0.01618,0.39488,-0.26146,0.12373,0.01978
54.24,2,-0.21206,-2.49470,-0.02192,0.55204,0.02654,0.16216,0.06133
54.26,0,2.08376,-2.49722,-0.00115,0.49733,0.00001,0.00000,
54.26,1,0.95826,-2.50182,-0.02207,0.42976,-0.22882,0.12551,0.02973
54.26,2,-0.20110,-2.49494,-0.02127,0.56171,0.03417,0.15938,0.06951
54.28,0,2.09369,-2.49723,-0.00115,0.49657,0.00000,0.00000,
54.28,1,0.96717,-2.50206,-0.02262,0.45801,0.10215,0.12653,0.03967
54.28,2,-0.19094,-2.49515,-0.02071,0.47809,0.02520,0.15813,0.02932
54.3,0,2.10362,-2.49724,-0.00115,0.49631,0.00000,0.00000,
54.3,1,0.97739,-2.50224,-0.02022,0.53465,0.10062,0.12624,0.04960
54.3,2,-0.18186,-2.49535,-0.02027,0.44757,0.02345,0.15927,0.03954
54.32,0,2.11355,-2.49725,-0.00115,0.49646,0.00000,0.00000,
54.32,1,0.98787,-2.50242,-0.01898,0.50674,0.03833,0.12569,0.05953
54.32,2,-0.17220,-2.49556,-0.01962,0.50352,0.03629,0.16009,0.00516
54.34,0,2.12348,-2.49727,-0.00115,0.49658,0.00000,0.00000,
54.34,1,0.99932,-2.50259,-0.01826,0.72767,0.04364,0.12418,0.01986
54.34,2,-0.16255,-2.49575,-0.01856,0.45559,0.07074,0.16189,0.01660
54.36,0,2.13341,-2.49728,-0.00115,0.49657,0.00000,0.00000,
54.36,1,1.01296,-2.50277,-0.01713,0.67918,0.05681,0.12046,0.02979
54.36,2,-0.15308,-2.49592,-0.01719,0.52159,0.04587,0.16606,0.03025
54.38,0,2.14334,-2.49729,-0.00115,0.49653,0.00000,0.00000,
54.38,1,1.02579,-2.50294,-0.01599,0.61978,0.04947,0.11757,0.03972
54.38,2,-0.14139,-2.49614,-0.01681,0.59114,0.01132,0.16720,0.04308
54.4,0,2.15327,-2.49730,-0.00115,0.49652,0.00000,0.00000,
54.4,1,1.03599,-2.50313,-0.01542,0.43341,0.02055,0.11730,0.04965
54.4,2,-0.12944,-2.49636,-0.01650,0.60928,0.01914,0.16545,0.05328
54.42,0,2.16320,-2.49731,-0.00115,0.49653,0.00000,0.00000,
54.42,1,1.04476,-2.50329,-0.01506,0.44527,0.02617,0.11846,0.05958
54.42,2,-0.11748,-2.49656,-0.01603,0.58438,0.02544,0.16226,0.06206
54.44,0,2.17313,-2.49732,-0.00115,0.49654,0.00000,0.00000,
54.44,1,1.05425,-2.50343,-0.01426,0.58659,0.04899,0.11890,0.01986
54.44,2,-0.10706,-2.49674,-0.01567,0.44792,0.00898,0.16133,0.07155
54.46,0,2.18306,-2.49733,-0.00115,0.49654,0.00000,0.00000,
54.46,1,1.06750,-2.50356,-0.01304,0.63568,0.06773,0.11558,0.02979
54.46,2,-0.09778,-2.49692,-0.01607,0.47759,-0.04654,0.16530,0.08480
54.48,0,2.19300,-2.49735,-0.00115,0.49653,0.00000,0.00000,
54.48,1,1.07995,-2.50368,-0.01161,0.57550,0.08793,0.11307,0.03972
54.48,2,-0.08949,-2.49705,-0.01662,0.38280,-0.00037,0.16945,0.03960
54.5,0,2.20293,-2.49736,-0.00115,0.49653,0.00000,0.00000,
54.5,1,1.09126,-2.50380,-0.01014,0.47784,0.04810,0.11169,0.04965
54.5,2,-0.08140,-2.49718,-0.01609,0.40776,0.04171,0.17267,0.05091
54.52,0,2.21286,-2.49737,-0.00115,0.49653,0.00000,0.00000,
54.52,1,1.10096,-2.50393,-0.00954,0.50833,0.02731,0.11191,0.00993
54.52,2,-0.07200,-2.49732,-0.01543,0.50616,0.02434,0.17298,0.06062
54.54,0,2.22279,-2.49738,-0.00115,0.49653,0.00000,0.00000,
54.54,1,1.11080,-2.50405,-0.00896,0.43086,0.03393,0.11200,0.01986
54.54,2,-0.06114,-2.49749,-0.01486,0.56313,0.03746,0.17196,0.01492
54.56,0,2.23272,-2.49739,-0.00115,0.49653,0.00000,0.00000,
54.56,1,1.11961,-2.50413,-0.00701,0.50461,0.09569,0.11313,0.02979
54.56,2,-0.04976,-2.49765,-0.01425,0.56699,0.02371,0.16938,0.02373
54.58,0,2.24265,-2.49740,-0.00115,0.49653,0.00000,0.00000,
54.58,1,1.12997,-2.50422,-0.00600,0.50868,0.02243,0.11270,0.03972
54.58,2,-0.03809,-2.49782,-0.01392,0.59008,0.01368,0.16807,0.03409
54.6,0,2.25258,-2.49741,-0.00115,0.49653,0.00000,0.00000,
54.6,1,1.14012,-2.50429,-0.00572,0.49762,0.01486,0.11248,0.04965
54.6,2,-0.02643,-2.49798,-0.01362,0.57422,0.01664,0.16656,0.04424
54.62,0,2.26251,-2.49743,-0.00115,0.49653,0.00000,0.00000,
54.62,1,1.14971,-2.50434,-0.00528,0.46613,0.02630,0.11283,0.05958
54.62,2,-0.01517,-2.49814,-0.01327,0.55466,0.01833,0.16490,0.00471
54.64,0,2.27244,-2.49744,-0.00115,0.49653,0.00000,0.00000,
54.64,1,1.15887,-2.50439,-0.00474,0.45514,0.02632,0.11359,0.06951
54.64,2,-0.00178,-2.49831,-0.01294,0.70036,0.01495,0.16067,0.01388
54.66,0,2.28237,-2.49745,-0.00115,0.49653,0.00000,0.00000,
54.66,1,1.17157,-2.50444,-0.00425,0.66171,0.02735,0.11083,0.02979
54.66,2,0.01109,-2.49848,-0.01264,0.58606,0.01564,0.16049,0.02657
54.68,0,2.29223,-2.49746,-0.00115,0.45875,-0.00040,0.00000,
54.68,1,1.18433,-2.50448,-0.00368,0.63793,0.02825,0.10792,0.03965
54.68,2,0.02184,-2.49862,-0.01232,0.51464,0.01586,0.16250,0.03933
54.7,0,2.30151,-2.49747,-0.00116,0.46922,0.00002,0.00000,
54.7,1,1.19628,-2.50450,-0.00385,0.56388,-0.01095,0.10525,0.04893
54.7,2,0.03076,-2.49874,-0.01213,0.43604,0.01059,0.16554,0.05129
54.72,0,2.31098,-2.49748,-0.00115,0.47550,0.00010,0.00000,
54.72,1,1.20536,-2.50455,-0.00386,0.38970,0.00634,0.10564,0.05840
54.72,2,0.04013,-2.49886,-0.01181,0.48776,0.01806,0.16524,0.06037
54.74,0,2.32029,-2.49749,-0.00115,0.45529,0.00022,0.00000,
54.74,1,1.21363,-2.50460,-0.00346,0.43203,0.02777,0.10668,0.06771
54.74,2,0.04942,-2.49898,-0.01141,0.47209,0.01847,0.16422,0.06863
54.76,0,2.33004,-2.49750,-0.00115,0.50769,-0.00012,0.00000,
54.76,1,1.22419,-2.50465,-0.00297,0.52549,0.02269,0.10588,0.02853
54.76,2,0.06046,-2.49911,-0.01114,0.66411,0.01318,0.16374,0.02274
54.78,0,2.34030,-2.49752,-0.00115,0.51125,-0.00004,0.00000,
54.78,1,1.23420,-2.50470,-0.00251,0.49919,0.02140,0.10612,0.03879
54.78,2,0.07360,-2.49925,-0.01078,0.64802,0.02609,0.16061,0.03275
54.8,0,2.35036,-2.49753,-0.00115,0.49687,0.00003,0.00000,
54.8,1,1.24344,-2.50472,-0.00215,0.36213,0.01544,0.10695,0.04886
54.8,2,0.08587,-2.49939,-0.00995,0.57636,0.03696,0.15758,0.04199
54.82,0,2.36022,-2.49754,-0.00115,0.49183,0.00002,0.00000,
54.82,1,1.25131,-2.50474,-0.00179,0.39270,0.01896,0.10894,0.00986
54.82,2,0.09463,-2.49950,-0.00957,0.39961,0.01471,0.15669,0.04986
54.84,0,2.37009,-2.49755,-0.00115,0.49464,-0.00000,0.00000,
54.84,1,1.25909,-2.50476,-0.00143,0.37086,0.01710,0.11102,0.01972
54.84,2,0.10283,-2.49961,-0.00931,0.42769,0.01071,0.15627,0.01172
54.86,0,2.38001,-2.49756,-0.00115,0.49689,0.00000,0.00000,
54.86,1,1.26801,-2.50478,-0.00109,0.53126,0.01639,0.11202,0.02965
54.86,2,0.11174,-2.49970,-0.00912,0.45330,0.00880,0.15628,0.02063
54.88,0,2.38995,-2.49757,-0.00115,0.49669,0.00000,0.00000,
54.88,1,1.27934,-2.50479,-0.00078,0.56610,0.01541,0.11063,0.03958
54.88,2,0.12042,-2.49978,-0.00890,0.45074,0.01033,0.15893,0.03196
54.9,0,2.39987,-2.49759,-0.00115,0.49598,0.00000,0.00000,
54.9,1,1.28994,-2.50480,-0.00047,0.49943,0.01586,0.10995,0.04951
54.9,2,0.12992,-2.49987,-0.00873,0.48272,0.00833,0.16003,0.04256
54.92,0,2.40979,-2.49760,-0.00115,0.49584,0.00000,0.00000,
54.92,1,1.29951,-2.50480,-0.00015,0.46965,0.01528,0.11030,0.05943
54.92,2,0.13934,-2.49995,-0.00856,0.45773,0.00883,0.16018,0.05213
54.94,0,2.41971,-2.49761,-0.00115,0.49601,0.00000,0.00000,
54.94,1,1.30889,-2.50480,0.00013,0.58443,0.01186,0.11084,0.01984
54.94,2,0.14822,-2.50003,-0.00838,0.43637,0.00887,0.16068,0.06151
54.96,0,2.42963,-2.49762,-0.00115,0.49610,0.00000,0.00000,
54.96,1,1.32024,-2.50480,0.00036,0.50788,0.01135,0.10941,0.02976
54.96,2,0.15724,-2.50010,-0.00819,0.52239,0.01415,0.16301,0.02545
54.98,0,2.43955,-2.49763,-0.00115,0.49607,0.00000,0.00000,
54.98,1,1.33057,-2.50480,0.00061,0.56200,0.01287,0.10901,0.03968
54.98,2,0.16798,-2.50018,-0.00769,0.53922,0.02391,0.16259,0.03578
55.0,0,2.44947,-2.49764,-0.00115,0.49604,0.00000,0.00000,
55.0,1,1.34051,-2.50479,0.00089,0.46991,0.01496,0.10898,0.04960
55.0,2,0.17852,-2.50026,-0.00743,0.51487,0.00561,0.16200,0.04572
55.02,0,2.45939,-2.49765,-0.00115,0.49604,0.00000,0.00000,
55.02,1,1.34987,-2.50478,0.00116,0.46430,0.01210,0.10954,0.05952
55.02,2,0.18859,-2.50034,-0.00737,0.49651,0.00334,0.16129,0.05508
55.04,0,2.46931,-2.49767,-0.00115,0.49605,0.00000,0.00000,
55.04,1,1.35902,-2.50477,0.00139,0.45156,0.01105,0.11032,0.06944
55.04,2,0.19842,-2.50041,-0.00725,0.47452,0.00813,0.16061,0.06423
55.06,0,2.47924,-2.49768,-0.00115,0.49605,0.00000,0.00000,
55.06,1,1.37101,-2.50476,0.00155,0.64949,0.00622,0.10825,0.02976
55.06,2,0.21038,-2.50048,-0.00684,0.66961,0.10654,0.16063,0.02580
55.08,0,2.48916,-2.49769,-0.00115,0.49605,0.00000,0.00000,
55.08,1,1.38353,-2.50475,0.00167,0.62612,0.00583,0.10565,0.03968
55.08,2,0.22377,-2.50056,-0.00469,0.66842,0.11673,0.15976,0.03832
55.1,0,2.49908,-2.49770,-0.00115,0.49605,0.00000,0.00000,
55.1,1,1.39537,-2.50473,0.00179,0.56688,0.00720,0.10373,0.04960
55.1,2,0.23622,-2.50078,-0.00141,0.59725,0.12112,0.15916,0.05016
55.12,0,2.50900,-2.49771,-0.00115,0.49605,0.00000,0.00000,
55.12,1,1.40478,-2.50471,0.00199,0.46446,0.00910,0.10424,0.00992
55.12,2,0.24573,-2.50081,-0.00013,0.42609,0.03385,0.15905,0.00414
55.14,0,2.51892,-2.49772,-0.00115,0.49605,0.00000,0.00000,
55.14,1,1.41561,-2.50472,0.00727,0.54113,0.30936,0.10333,0.01984
55.14,2,0.25554,-2.50091,0.00966,0.50747,0.33898,0.16008,0.01497
55.16,0,2.52884,-2.49773,-0.00115,0.49605,0.00000,0.00000,
55.16,1,1.42510,-2.50488,0.01067,0.47504,-0.04143,0.10376,0.02976
55.16,2,0.26527,-2.50110,0.01172,0.49134,-0.04722,0.15984,0.02446
55.18,0,2.53876,-2.49775,-0.00115,0.49605,0.00000,0.00000,
55.18,1,1.43554,-2.50479,0.00833,0.54614,-0.11310,0.10325,0.03968
55.18,2,0.27631,-2.50098,0.00995,0.58027,-0.08844,0.15923,0.03490
55.2,0,2.54868,-2.49776,-0.00115,0.49605,0.00000,0.00000,
55.2,1,1.44511,-2.50464,0.00731,0.46742,-0.00668,0.10359,0.04960
55.2,2,0.28761,-2.50080,0.00882,0.50850,-0.03015,0.15751,0.04447
55.22,0,2.55860,-2.49777,-0.00115,0.49605,0.00000,0.00000,
55.22,1,1.45440,-2.50454,0.00759,0.46043,0.01744,0.10423,0.00992
55.22,2,0.29748,-2.50068,0.00843,0.45191,-0.01543,0.15693,0.05376
55.24,0,2.56852,-2.49778,-0.00115,0.49605,0.00000,0.00000,
55.24,1,1.46752,-2.50446,0.00766,0.64607,-0.00499,0.10102,0.01984
55.24,2,0.30919,-2.50058,0.00804,0.63959,-0.02048,0.15834,0.01775
55.26,0,2.57844,-2.49779,-0.00115,0.49605,0.00000,0.00000,
55.26,1,1.47955,-2.50437,0.00749,0.59578,-0.00747,0.09891,0.02976
55.26,2,0.32074,-2.50048,0.00769,0.56561,-0.01513,0.15882,0.02978
55.28,0,2.58837,-2.49780,-0.00115,0.49605,0.00000,0.00000,
55.28,1,1.49076,-2.50429,0.00742,0.49206,0.00069,0.09762,0.03968
55.28,2,0.33250,-2.50040,0.00734,0.59049,-0.02004,0.15827,0.04099
55.3,0,2.59829,-2.49781,-0.00115,0.49605,0.00000,0.00000,
55.3,1,1.49882,-2.50422,0.00750,0.40852,-0.00008,0.09949,0.04960
55.3,2,0.34213,-2.50033,0.00704,0.45811,-0.01535,0.15669,0.04904
55.32,0,2.60821,-2.49783,-0.00115,0.49605,0.00000,0.00000,
55.32,1,1.50740,-2.50415,0.00741,0.44095,-0.00565,0.10082,0.05953
55.32,2,0.35157,-2.50024,0.00684,0.52878,-0.01112,0.15584,0.00437
55.34,0,2.61813,-2.49784,-0.00115,0.49605,0.00000,0.00000,
55.34,1,1.51581,-2.50408,0.00730,0.41444,-0.00532,0.10234,0.06945
55.34,2,0.36296,-2.50017,0.00647,0.54512,-0.02398,0.15286,0.01278
55.36,0,2.62805,-2.49785,-0.00115,0.49605,0.00000,0.00000,
55.36,1,1.52755,-2.50402,0.00718,0.71182,-0.00854,0.10052,0.02976
55.36,2,0.37430,-2.50010,0.00604,0.56639,-0.02003,0.15326,0.02452
55.38,0,2.63797,-2.49786,-0.00115,0.49605,0.00000,0.00000,
55.38,1,1.54028,-2.50395,0.00690,0.62918,-0.01411,0.09771,0.03968
55.38,2,0.38507,-2.50004,0.00566,0.47996,-0.01644,0.15521,0.03725
55.4,0,2.64789,-2.49787,-0.00115,0.49605,0.00000,0.00000,
55.4,1,1.55240,-2.50388,0.00670,0.56724,-0.00362,0.09550,0.04960
55.4,2,0.39343,-2.49998,0.00536,0.42705,-0.01733,0.15898,0.04937
55.42,0,2.65781,-2.49788,-0.00115,0.49605,0.00000,0.00000,
55.42,1,1.56172,-2.50382,0.00676,0.33911,0.00893,0.09611,0.05953
55.42,2,0.40227,-2.49993,0.00497,0.44935,-0.02064,0.15946,0.05869
55.44,0,2.66773,-2.49789,-0.00115,0.49605,0.00000,0.00000,
55.44,1,1.56931,-2.50380,0.00998,0.41019,0.14981,0.09844,0.01984
55.44,2,0.41113,-2.49989,0.00457,0.45990,-0.02074,0.15818,0.01155
55.46,0,2.67750,-2.49790,-0.00115,0.45898,-0.00036,0.00000,
55.46,1,1.57751,-2.50393,0.00925,0.39011,-0.10276,0.10001,0.02961
55.46,2,0.42086,-2.49984,0.00410,0.48034,-0.02387,0.15665,0.01975
55.48,0,2.68680,-2.49792,-0.00115,0.46985,0.00005,0.00000,
55.48,1,1.58704,-2.50386,0.00832,0.52597,-0.00071,0.09978,0.03891
55.48,2,0.43057,-2.49981,0.00365,0.50062,-0.01830,0.15647,0.02928
55.5,0,2.69627,-2.49793,-0.00115,0.47516,0.00009,0.00000,
55.5,1,1.59761,-2.50371,0.00860,0.51446,0.01142,0.09867,0.04838
55.5,2,0.44124,-2.49977,0.00338,0.55460,-0.01125,0.15638,0.03985
55.52,0,2.70554,-2.49794,-0.00115,0.46162,0.00016,0.00000,
55.52,1,1.60731,-2.50360,0.00856,0.46432,-0.01092,0.09824,0.05765
55.52,2,0.45240,-2.49974,0.00314,0.55307,-0.01321,0.15492,0.04955
55.54,0,2.71539,-2.49795,-0.00115,0.50986,-0.00012,0.00000,
55.54,1,1.61885,-2.50350,0.00821,0.61051,-0.01889,0.09655,0.01912
55.54,2,0.46318,-2.49971,0.00285,0.52816,-0.01494,0.15568,0.06109
55.56,0,2.72564,-2.49796,-0.00115,0.50969,-0.00003,0.00000,
55.56,1,1.63047,-2.50341,0.00798,0.55619,-0.00476,0.09518,0.02937
55.56,2,0.47500,-2.49967,0.00262,0.60114,-0.01060,0.15547,0.02788
55.58,0,2.73567,-2.49797,-0.00115,0.49549,0.00003,0.00000,
55.58,1,1.64075,-2.50333,0.00794,0.48611,-0.00244,0.09493,0.03940
55.58,2,0.48722,-2.49964,0.00240,0.59909,-0.01209,0.15354,0.03816
55.6,0,2.74552,-2.49798,-0.00115,0.49159,0.00001,0.00000,
55.6,1,1.64806,-2.50325,0.00803,0.32644,0.00652,0.09747,0.04925
55.6,2,0.49857,-2.49961,0.00214,0.54372,-0.01299,0.14950,0.04547
55.62,0,2.75538,-2.49800,-0.00115,0.49466,-0.00000,0.00000,
55.62,1,1.65480,-2.50318,0.00810,0.35752,-0.00104,0.10060,0.05911
55.62,2,0.50784,-2.49959,0.00192,0.42568,-0.01033,0.14696,0.05221
55.64,0,2.76530,-2.49801,-0.00115,0.49666,0.00000,0.00000,
55.64,1,1.66157,-2.50311,0.00788,0.23368,-0.01920,0.10374,0.01978
55.64,2,0.51688,-2.49957,0.00169,0.47092,-0.01181,0.14469,0.05898
55.66,0,2.77523,-2.49802,-0.00115,0.49631,0.00000,0.00000,
55.66,1,1.66591,-2.50304,0.00748,0.22788,-0.01873,0.10933,0.02971
55.66,2,0.52606,-2.49955,0.00146,0.38659,-0.01152,0.13985,0.01457
55.68,0,2.78515,-2.49803,-0.00115,0.49563,0.00000,0.00000,
55.68,1,1.67226,-2.50299,0.00720,0.40331,-0.01128,0.11290,0.03963
55.68,2,0.53537,-2.49954,0.00123,0.44566,-0.01164,0.13689,0.02092
55.7,0,2.79506,-2.49804,-0.00115,0.49554,0.00000,0.00000,
55.7,1,1.68176,-2.50293,0.00701,0.51752,-0.00737,0.11331,0.04954
55.7,2,0.54342,-2.49952,0.00099,0.39944,-0.01135,0.13835,0.03042
55.72,0,2.80497,-2.49805,-0.00115,0.49572,0.00000,0.00000,
55.72,1,1.69225,-2.50286,0.00691,0.52585,-0.00304,0.11274,0.05946
55.72,2,0.55119,-2.49951,0.00081,0.32226,-0.00734,0.14107,0.04091
55.74,0,2.81489,-2.49806,-0.00115,0.49579,0.00000,0.00000,
55.74,1,1.70549,-2.50279,0.00675,0.69340,-0.01022,0.10941,0.01983
55.74,2,0.55806,-2.49951,0.00066,0.35923,-0.00801,0.14744,0.01851
55.76,0,2.82480,-2.49808,-0.00115,0.49576,0.00000,0.00000,
55.76,1,1.71846,-2.50271,0.00651,0.62502,-0.01027,0.10636,0.02974
55.76,2,0.56688,-2.49950,0.00047,0.42390,-0.01041,0.15158,0.03148
55.78,0,2.83472,-2.49809,-0.00115,0.49573,0.00000,0.00000,
55.78,1,1.72980,-2.50264,0.00641,0.45967,0.00203,0.10493,0.03966
55.78,2,0.57417,-2.49949,0.00026,0.35368,-0.00988,0.15563,0.04282
55.8,0,2.84463,-2.49810,-0.00115,0.49573,0.00000,0.00000,
55.8,1,1.73733,-2.50257,0.00653,0.36949,0.00611,0.10731,0.04957
55.8,2,0.58294,-2.49949,0.00010,0.51362,-0.00624,0.15440,0.05036
55.82,0,2.85455,-2.49811,-0.00115,0.49574,0.00000,0.00000,
55.82,1,1.74501,-2.50247,0.00692,0.40540,0.01877,0.10954,0.05949
55.82,2,0.59403,-2.49950,-0.00001,0.53562,-0.00577,0.15098,0.05804
55.84,0,2.86446,-2.49812,-0.00115,0.49574,0.00000,0.00000,
55.84,1,1.75315,-2.50242,0.00699,0.41633,-0.00676,0.11132,0.06940
55.84,2,0.60516,-2.49950,-0.00014,0.56232,-0.00646,0.14799,0.06617
55.86,0,2.87438,-2.49813,-0.00115,0.49574,0.00000,0.00000,
55.86,1,1.76506,-2.50237,0.00671,0.69287,-0.01997,0.10933,0.02974
55.86,2,0.61601,-2.49950,-0.00027,0.53951,-0.00629,0.14905,0.02399
55.88,0,2.88429,-2.49814,-0.00115,0.49574,0.00000,0.00000,
55.88,1,1.77795,-2.50232,0.00625,0.64234,-0.02331,0.10635,0.03966
55.88,2,0.62422,-2.49950,-0.00037,0.33796,-0.00530,0.15373,0.03688
55.9,0,2.89421,-2.49815,-0.00115,0.49574,0.00000,0.00000,
55.9,1,1.79039,-2.50226,0.00582,0.57982,-0.01719,0.10382,0.04957
55.9,2,0.62922,-2.49950,-0.00048,0.23707,-0.00566,0.16117,0.04932
55.92,0,2.90412,-2.49817,-0.00115,0.49574,0.00000,0.00000,
55.92,1,1.80234,-2.50219,0.00566,0.67574,-0.00533,0.10179,0.00991
55.92,2,0.63327,-2.49950,-0.00059,0.18522,-0.00501,0.16907,0.06127
55.94,0,2.91404,-2.49818,-0.00115,0.49574,0.00000,0.00000,
55.94,1,1.81585,-2.50211,0.00555,0.67574,-0.00531,0.09819,0.01983
55.94,2,0.63810,-2.49951,-0.00067,0.25962,-0.00341,0.17776,0.07479
55.96,0,2.92395,-2.49819,-0.00115,0.49574,0.00000,0.00000,
55.96,1,1.82732,-2.50204,0.00534,0.55318,-0.01070,0.09664,0.02974
55.96,2,0.64409,-2.49951,-0.00074,0.30717,-0.00342,0.18324,0.03134
55.98,0,2.93387,-2.49820,-0.00115,0.49574,0.00000,0.00000,
55.98,1,1.83674,-2.50197,0.00528,0.37036,0.00315,0.09713,0.03966
55.98,2,0.65120,-2.49951,-0.00081,0.55017,-0.00287,0.18555,0.04077
56.0,0,2.94378,-2.49821,-0.00115,0.49574,0.00000,0.00000,
56.0,1,1.84457,-2.50190,0.00536,0.39966,0.01167,0.09922,0.04957
56.0,2,0.66427,-2.49951,-0.00086,0.64450,-0.00259,0.18030,0.04859
56.02,0,2.95370,-2.49822,-0.00115,0.49574,0.00000,0.00000,
56.02,1,1.85504,-2.50184,0.00478,0.56983,-0.15944,0.09867,0.00991
56.02,2,0.67716,-2.49951,-0.00091,0.64450,-0.00260,0.17788,0.05906
56.04,0,2.96361,-2.49823,-0.00115,0.49574,0.00000,0.00000,
56.04,1,1.86607,-2.50179,0.00157,0.55145,-0.16109,0.09755,0.01983
56.04,2,0.68905,-2.49952,-0.00096,0.53516,-0.00391,0.17702,0.07009
56.06,0,2.97353,-2.49825,-0.00115,0.49574,0.00000,0.00000,
56.06,1,1.87702,-2.50150,-0.00160,0.52685,-0.14343,0.09651,0.02974
56.06,2,0.70093,-2.49953,-0.00100,0.66210,0.00024,0.17609,0.02799
56.08,0,2.98344,-2.49826,-0.00115,0.49574,0.00000,0.00000,
56.08,1,1.88692,-2.50140,-0.00274,0.40950,-0.00333,0.09653,0.03966
56.08,2,0.71318,-2.49953,-0.00098,0.55758,0.00145,0.17374,0.03789
56.1,0,2.99336,-2.49827,-0.00115,0.49574,0.00000,0.00000,
56.1,1,1.89500,-2.50144,-0.00238,0.42386,0.02195,0.09836,0.04957
56.1,2,0.72431,-2.49954,-0.00095,0.54400,0.00133,0.17069,0.04596
56.12,0,3.00327,-2.49828,-0.00115,0.49574,0.00000,0.00000,
56.12,1,1.90353,-2.50154,-0.00195,0.44108,0.02080,0.09975,0.00991
56.12,2,0.73555,-2.49956,-0.00096,0.51211,-0.00189,0.16798,0.05449
56.14,0,3.01319,-2.49829,-0.00115,0.49574,0.00000,0.00000,
56.14,1,1.91426,-2.50159,-0.00680,0.53980,-0.25638,0.09894,0.01983
56.14,2,0.74618,-2.49958,-0.00100,0.50222,0.00003,0.16808,0.01493
56.16,0,3.02310,-2.49830,-0.00115,0.49574,0.00000,0.00000,
56.16,1,1.92475,-2.50134,-0.01112,0.49786,-0.13219,0.09835,0.02974
56.16,2,0.75376,-2.49959,-0.00093,0.35392,0.00301,0.17099,0.02543
56.18,0,3.03302,-2.49831,-0.00115,0.49574,0.00000,0.00000,
56.18,1,1.93509,-2.50145,-0.01115,0.48772,0.07675,0.09793,0.03966
56.18,2,0.76033,-2.49960,-0.00091,0.32510,0.00043,0.17476,0.03576
56.2,0,3.04293,-2.49833,-0.00115,0.49574,0.00000,0.00000,
56.2,1,1.94371,-2.50163,-0.00961,0.43855,0.06033,0.09922,0.04957
56.2,2,0.76769,-2.49961,-0.00092,0.41602,-0.00096,0.17603,0.04438
56.22,0,3.05285,-2.49834,-0.00115,0.49574,0.00000,0.00000,
56.22,1,1.95263,-2.50179,-0.00887,0.44754,0.02226,0.10022,0.05949
56.22,2,0.77632,-2.49961,-0.00094,0.44489,-0.00168,0.17631,0.05330
56.24,0,3.06276,-2.49835,-0.00115,0.49574,0.00000,0.00000,
56.24,1,1.96305,-2.50190,-0.00761,0.59836,0.23423,0.09971,0.01983
56.24,2,0.78513,-2.49962,-0.00098,0.41817,-0.00190,0.17793,0.01491
56.26,0,3.07267,-2.49836,-0.00115,0.49574,0.00000,0.00000,
56.26,1,1.97480,-2.50200,-0.00302,0.55573,0.19556,0.09788,0.02974
56.26,2,0.79371,-2.49963,-0.00102,0.45481,-0.00161,0.18109,0.02665
56.28,0,3.08259,-2.49837,-0.00115,0.49574,0.00000,0.00000,
56.28,1,1.98593,-2.50236,-0.00044,0.54791,0.08127,0.09667,0.03966
56.28,2,0.80370,-2.49964,-0.00105,0.52767,-0.00137,0.18223,0.03778
56.3,0,3.09250,-2.49838,-0.00115,0.49574,0.00000,0.00000,
56.3,1,1.99616,-2.50241,-0.00011,0.42705,-0.01394,0.09635,0.04957
56.3,2,0.81432,-2.49965,-0.00108,0.52394,-0.00152,0.18184,0.04801
56.32,0,3.10242,-2.49839,-0.00115,0.49574,0.00000,0.00000,
56.32,1,2.00650,-2.50238,0.00286,0.60629,0.40596,0.09593,0.00991
56.32,2,0.82436,-2.49966,-0.00111,0.48638,-0.00152,0.18214,0.05835
56.34,0,3.11233,-2.49841,-0.00115,0.49574,0.00000,0.00000,
56.34,1,2.01762,-2.50240,0.01096,0.50306,0.26381,0.09472,0.01983
56.34,2,0.83423,-2.49967,-0.00114,0.49915,-0.00157,0.18339,0.06948
56.36,0,3.12225,-2.49842,-0.00115,0.49574,0.00000,0.00000,
56.36,1,2.02817,-2.50268,0.01118,0.53822,-0.10611,0.09409,0.02974
56.36,2,0.84421,-2.49968,-0.00117,0.49624,-0.00145,0.18395,0.02765
56.38,0,3.13216,-2.49843,-0.00115,0.49574,0.00000,0.00000,
56.38,1,2.03833,-2.50262,0.00915,0.41021,-0.07178,0.09385,0.03966
56.38,2,0.85612,-2.49970,-0.00131,0.60007,-0.00906,0.18221,0.03781
56.4,0,3.14208,-2.49844,-0.00115,0.49574,0.00000,0.00000,
56.4,1,2.04671,-2.50245,0.00847,0.43025,-0.00754,0.09538,0.04957
56.4,2,0.86758,-2.49971,-0.00142,0.57471,-0.00302,0.17913,0.04619
56.42,0,3.15199,-2.49845,-0.00115,0.49574,0.00000,0.00000,
56.42,1,2.05801,-2.50228,0.00998,0.57344,0.17269,0.09399,0.00991
56.42,2,0.87939,-2.49973,-0.00145,0.59543,-0.00065,0.17862,0.05749
56.44,0,3.16148,-2.49846,-0.00115,0.46267,-0.00018,0.00000,
56.44,1,2.06909,-2.50216,0.01339,0.55351,0.17557,0.09239,0.01940
56.44,2,0.89168,-2.49974,-0.00146,0.67470,-0.00010,0.17742,0.01729
56.46,0,3.17086,-2.49847,-0.00115,0.47290,0.00011,0.00000,
56.46,1,2.08002,-2.50238,0.01664,0.53317,0.09929,0.09084,0.02878
56.46,2,0.90560,-2.49976,-0.00145,0.69761,-0.00006,0.17443,0.02822
56.48,0,3.18035,-2.49848,-0.00115,0.47457,0.00005,0.00000,
56.48,1,2.09015,-2.50223,0.01649,0.45393,-0.06151,0.09020,0.03827
56.48,2,0.91883,-2.49978,-0.00147,0.66875,-0.00196,0.17133,0.03835
56.5,0,3.18967,-2.49850,-0.00115,0.49194,-0.00005,0.00000,
56.5,1,2.09817,-2.50202,0.01555,0.41465,-0.03718,0.09151,0.04760
56.5,2,0.93231,-2.49980,-0.00152,0.67232,-0.00216,0.16586,0.04637
56.52,0,3.19984,-2.49851,-0.00115,0.51392,-0.00010,0.00000,
56.52,1,2.10681,-2.50182,0.01498,0.44018,-0.02328,0.09304,0.05776
56.52,2,0.94496,-2.49982,-0.00156,0.51630,-0.00201,0.16185,0.00438
56.54,0,3.21001,-2.49852,-0.00115,0.50162,0.00001,0.00000,
56.54,1,2.11736,-2.50165,0.01438,0.56986,-0.03428,0.09265,0.02033
56.54,2,0.95472,-2.49984,-0.00161,0.47955,-0.00225,0.16264,0.01493
56.56,0,3.21991,-2.49853,-0.00115,0.49174,0.00003,0.00000,
56.56,1,2.12812,-2.50148,0.01360,0.50759,-0.04378,0.09180,0.03024
56.56,2,0.96347,-2.49986,-0.00166,0.31202,-0.00497,0.16465,0.02569
56.58,0,3.22974,-2.49854,-0.00115,0.49260,0.00000,0.00000,
56.58,1,2.13830,-2.50141,0.01287,0.50987,-0.02698,0.09145,0.04007
56.58,2,0.96871,-2.49988,-0.00062,0.31998,0.14852,0.16959,0.03587
56.6,0,3.23963,-2.49855,-0.00115,0.49573,-0.00000,0.00000,
56.6,1,2.14662,-2.50128,0.01267,0.42151,-0.01288,0.09301,0.04996
56.6,2,0.97554,-2.49988,0.00350,0.30284,0.26389,0.17108,0.04419
56.62,0,3.24956,-2.49856,-0.00115,0.49634,0.00000,0.00000,
56.62,1,2.15613,-2.50113,0.01225,0.62668,-0.02518,0.09343,0.00993
56.62,2,0.98164,-2.49994,0.00827,0.31497,0.12768,0.17449,0.05371
56.64,0,3.25948,-2.49858,-0.00115,0.49560,0.00000,0.00000,
56.64,1,2.16834,-2.50099,0.01418,0.55336,0.10624,0.09114,0.01984
56.64,2,0.98930,-2.50001,0.00683,0.44457,-0.14580,0.17904,0.01741
56.66,0,3.26938,-2.49859,-0.00115,0.49521,0.00000,0.00000,
56.66,1,2.17940,-2.50102,0.01631,0.55101,0.12331,0.08999,0.02975
56.66,2,1.00273,-2.49998,0.00564,0.70632,0.03504,0.17667,0.02846
56.68,0,3.27929,-2.49860,-0.00115,0.49533,0.00000,0.00000,
56.68,1,2.18907,-2.50112,0.01818,0.38351,0.08350,0.09022,0.03966
56.68,2,1.01653,-2.49994,0.00635,0.63029,0.03558,0.17254,0.03814
56.7,0,3.28920,-2.49861,-0.00115,0.49547,0.00000,0.00000,
56.7,1,2.19708,-2.50092,0.01853,0.41560,-0.02760,0.09212,0.04956
56.7,2,1.02907,-2.50011,0.00754,0.61889,0.14173,0.16801,0.04615
56.72,0,3.29911,-2.49862,-0.00115,0.49548,0.00000,0.00000,
56.72,1,2.20586,-2.50064,0.01723,0.58571,-0.06948,0.09325,0.00991
56.72,2,1.03958,-2.50036,0.01051,0.37834,0.14425,0.16627,0.05492
56.74,0,3.30901,-2.49863,-0.00115,0.49544,0.00000,0.00000,
56.74,1,2.21784,-2.50037,0.01574,0.58199,-0.07673,0.09118,0.01982
56.74,2,1.04785,-2.50021,0.01594,0.43613,0.40437,0.16999,0.01665
56.76,0,3.31892,-2.49864,-0.00115,0.49542,0.00000,0.00000,
56.76,1,2.22895,-2.50027,0.01380,0.54246,-0.11026,0.08997,0.02973
56.76,2,1.05619,-2.49993,0.02020,0.45542,0.03150,0.17276,0.02777
56.78,0,3.32883,-2.49866,-0.00115,0.49543,0.00000,0.00000,
56.78,1,2.23935,-2.50020,0.01255,0.43845,-0.02335,0.08948,0.03964
56.78,2,1.06627,-2.49972,0.01843,0.52159,-0.12769,0.17308,0.03817
56.8,0,3.33874,-2.49867,-0.00115,0.49544,0.00000,0.00000,
56.8,1,2.24719,-2.50006,0.01241,0.40712,-0.00144,0.09156,0.04954
56.8,2,1.07635,-2.49954,0.01661,0.48300,-0.05249,0.17084,0.04600
56.82,0,3.34865,-2.49868,-0.00115,0.49544,0.00000,0.00000,
56.82,1,2.25569,-2.49990,0.01211,0.43414,-0.02667,0.09296,0.05945
56.82,2,1.08557,-2.49938,0.01609,0.44871,-0.01718,0.17012,0.05451
56.84,0,3.35856,-2.49869,-0.00115,0.49543,0.00000,0.00000,
56.84,1,2.26589,-2.49977,0.01137,0.54579,-0.04009,0.09267,0.01982
56.84,2,1.09441,-2.49924,0.01561,0.40959,-0.02718,0.17148,0.01451
56.86,0,3.36847,-2.49870,-0.00115,0.49543,0.00000,0.00000,
56.86,1,2.27618,-2.49965,0.01049,0.48527,-0.04980,0.09228,0.02973
56.86,2,1.10200,-2.49910,0.01693,0.36172,0.11008,0.17418,0.02481
56.88,0,3.37838,-2.49871,-0.00115,0.49543,0.00000,0.00000,
56.88,1,2.28608,-2.49958,0.00970,0.50390,-0.02656,0.09230,0.03963
56.88,2,1.10950,-2.49874,0.02065,0.40048,0.21635,0.17657,0.03470
56.9,0,3.38828,-2.49872,-0.00115,0.49543,0.00000,0.00000,
56.9,1,2.29430,-2.49948,0.00950,0.39758,-0.00836,0.09398,0.04954
56.9,2,1.11840,-2.49853,0.02229,0.47330,-0.02921,0.17590,0.04293
56.92,0,3.39819,-2.49874,-0.00115,0.49543,0.00000,0.00000,
56.92,1,2.30306,-2.49939,0.00917,0.55343,-0.02135,0.09514,0.00991
56.92,2,1.12772,-2.49836,0.02057,0.50085,-0.08967,0.17534,0.05168
56.94,0,3.40810,-2.49875,-0.00115,0.49543,0.00000,0.00000,
56.94,1,2.31332,-2.49930,0.00858,0.50618,-0.03039,0.09478,0.01982
56.94,2,1.13859,-2.49818,0.01929,0.65477,-0.04793,0.17473,0.01491
56.96,0,3.41801,-2.49876,-0.00115,0.49543,0.00000,0.00000,
56.96,1,2.32312,-2.49921,0.00799,0.47329,-0.02493,0.09490,0.02973
56.96,2,1.15194,-2.49800,0.01707,0.66590,-0.13675,0.17118,0.02471
56.98,0,3.42792,-2.49877,-0.00115,0.49543,0.00000,0.00000,
56.98,1,2.33301,-2.49913,0.00772,0.42921,-0.00330,0.09491,0.03963
56.98,2,1.16446,-2.49772,0.01360,0.59514,-0.15301,0.16856,0.03460
57.0,0,3.43783,-2.49878,-0.00115,0.49543,0.00000,0.00000,
57.0,1,2.34194,-2.49906,0.00753,0.45546,-0.01448,0.09589,0.04954
57.0,2,1.17456,-2.49756,0.01216,0.37186,-0.02999,0.16738,0.04353
57.02,0,3.44774,-2.49879,-0.00115,0.49543,0.00000,0.00000,
57.02,1,2.35100,-2.49899,0.00719,0.44749,-0.01765,0.09673,0.05945
57.02,2,1.18207,-2.49740,0.01138,0.37750,-0.02909,0.16894,0.05260
57.04,0,3.45765,-2.49880,-0.00115,0.49543,0.00000,0.00000,
57.04,1,2.36141,-2.49892,0.00682,0.59049,-0.02154,0.09623,0.01982
57.04,2,1.19006,-2.49728,0.01113,0.41928,-0.01038,0.17136,0.06300
57.06,0,3.46755,-2.49881,-0.00115,0.49543,0.00000,0.00000,
57.06,1,2.37279,-2.49886,0.00636,0.56895,-0.02291,0.09476,0.02973
57.06,2,1.19859,-2.49718,0.01059,0.42654,-0.05090,0.17420,0.02629
57.08,0,3.47746,-2.49883,-0.00115,0.49543,0.00000,0.00000,
57.08,1,2.38362,-2.49882,0.00594,0.53966,-0.01565,0.09384,0.03963
57.08,2,1.20642,-2.49711,0.00950,0.40728,-0.04351,0.17720,0.03712
57.1,0,3.48737,-2.49884,-0.00115,0.49543,0.00000,0.00000,
57.1,1,2.39289,-2.49875,0.00577,0.38557,-0.00498,0.09448,0.04954
57.1,2,1.21570,-2.49703,0.00898,0.50443,-0.01617,0.17719,0.04639
57.12,0,3.49728,-2.49885,-0.00115,0.49543,0.00000,0.00000,
57.12,1,2.40098,-2.49869,0.00557,0.42057,-0.01373,0.09630,0.05945
57.12,2,1.22576,-2.49695,0.00865,0.49502,-0.01893,0.17521,0.05448
57.14,0,3.50719,-2.49886,-0.00115,0.49543,0.00000,0.00000,
57.14,1,2.41157,-2.49863,0.00712,0.51247,0.16827,0.09562,0.01982
57.14,2,1.23633,-2.49685,0.00825,0.54191,-0.02104,0.17524,0.06507
57.16,0,3.51710,-2.49887,-0.00115,0.49543,0.00000,0.00000,
57.16,1,2.42154,-2.49865,0.01007,0.50240,0.10280,0.09556,0.02973
57.16,2,1.24699,-2.49677,0.00782,0.52861,-0.02038,0.17455,0.02470
57.18,0,3.52701,-2.49888,-0.00115,0.49543,0.00000,0.00000,
57.18,1,2.43170,-2.49883,0.01047,0.50966,-0.03795,0.09530,0.03963
57.18,2,1.25744,-2.49668,0.00751,0.49432,-0.01367,0.17426,0.03486
57.2,0,3.53691,-2.49889,-0.00115,0.49543,0.00000,0.00000,
57.2,1,2.44061,-2.49873,0.00956,0.44057,-0.04367,0.09631,0.04954
57.2,2,1.26709,-2.49661,0.00716,0.47277,-0.02014,0.17352,0.04377
57.22,0,3.54682,-2.49891,-0.00115,0.49543,0.00000,0.00000,
57.22,1,2.44956,-2.49857,0.00888,0.45060,-0.02557,0.09726,0.05945
57.22,2,1.27618,-2.49654,0.00676,0.42612,-0.01806,0.17338,0.05272
57.24,0,3.55673,-2.49892,-0.00115,0.49543,0.00000,0.00000,
57.24,1,2.45850,-2.49844,0.00847,0.44186,-0.01801,0.09824,0.01982
57.24,2,1.28481,-2.49648,0.00640,0.43652,-0.01802,0.17368,0.06166
57.26,0,3.56664,-2.49893,-0.00115,0.49543,0.00000,0.00000,
57.26,1,2.47071,-2.49834,0.00796,0.60392,-0.03202,0.09593,0.02973
57.26,2,1.29370,-2.49642,0.00598,0.39089,-0.02912,0.17701,0.02565
57.28,0,3.57655,-2.49894,-0.00115,0.49543,0.00000,0.00000,
57.28,1,2.48278,-2.49823,0.00731,0.60392,-0.03191,0.09376,0.03963
57.28,2,1.30093,-2.49639,0.00572,0.38704,-0.00569,0.18185,0.03773
57.3,0,3.58646,-2.49895,-0.00115,0.49543,0.00000,0.00000,
57.3,1,2.49389,-2.49821,0.00742,0.50077,0.01924,0.09257,0.04954
57.3,2,1.30998,-2.49634,0.00552,0.49775,-0.01395,0.18391,0.04883
57.32,0,3.59637,-2.49896,-0.00115,0.49543,0.00000,0.00000,
57.32,1,2.50445,-2.49815,0.00914,0.61841,0.21865,0.09191,0.00991
57.32,2,1.31985,-2.49627,0.00516,0.51667,-0.01780,0.18461,0.05940
57.34,0,3.60628,-2.49897,-0.00115,0.49543,0.00000,0.00000,
57.34,1,2.51602,-2.49809,0.01348,0.49884,0.21058,0.09026,0.01982
57.34,2,1.33150,-2.49621,0.00481,0.58248,-0.01759,0.18452,0.01762
57.36,0,3.61618,-2.49899,-0.00115,0.49543,0.00000,0.00000,
57.36,1,2.52581,-2.49818,0.01668,0.49799,0.07256,0.09037,0.02973
57.36,2,1.34290,-2.49615,0.00449,0.58244,-0.01358,0.18292,0.02742
57.38,0,3.62609,-2.49900,-0.00115,0.49543,0.00000,0.00000,
57.38,1,2.53489,-2.49839,0.01643,0.34994,0.00713,0.09121,0.03963
57.38,2,1.35469,-2.49610,0.00424,0.57953,-0.01245,0.18020,0.03649
57.4,0,3.63600,-2.49901,-0.00115,0.49543,0.00000,0.00000,
57.4,1,2.54231,-2.49816,0.01890,0.38699,0.17711,0.09369,0.04954
57.4,2,1.36655,-2.49605,0.00400,0.59846,-0.01221,0.17577,0.04392
57.42,0,3.64591,-2.49902,-0.00115,0.49543,0.00000,0.00000,
57.42,1,2.55178,-2.49783,0.02358,0.53162,0.34668,0.09413,0.00991
57.42,2,1.37840,-2.49600,0.00375,0.58469,-0.01236,0.17338,0.05338
57.44,0,3.65582,-2.49903,-0.00115,0.49543,0.00000,0.00000,
57.44,1,2.56242,-2.49759,0.03037,0.53335,0.30607,0.09340,0.01982
57.44,2,1.38972,-2.49596,0.00352,0.57436,-0.01017,0.17270,0.01596
57.46,0,3.66573,-2.49904,-0.00115,0.49543,0.00000,0.00000,
57.46,1,2.57239,-2.49777,0.03171,0.51369,-0.12264,0.09334,0.02973
57.46,2,1.40367,-2.49593,0.00342,0.71378,0.02312,0.16873,0.02593
57.48,0,3.67564,-2.49905,-0.00115,0.49543,0.00000,0.00000,
57.48,1,2.58261,-2.49754,0.02825,0.44373,-0.15187,0.09303,0.03963
57.48,2,1.41614,-2.49591,0.00413,0.59210,0.01813,0.16647,0.03615
57.5,0,3.68554,-2.49907,-0.00115,0.49543,0.00000,0.00000,
57.5,1,2.59101,-2.49720,0.02632,0.43015,-0.06124,0.09453,0.04954
57.5,2,1.42780,-2.49584,0.00396,0.50636,-0.02286,0.16322,0.04456
57.52,0,3.69545,-2.49908,-0.00115,0.49543,0.00000,0.00000,
57.52,1,2.60183,-2.49686,0.02644,0.56979,0.11235,0.09363,0.00991
57.52,2,1.43733,-2.49576,0.00367,0.48095,-0.01017,0.16450,0.05537
57.54,0,3.70536,-2.49909,-0.00115,0.49543,0.00000,0.00000,
57.54,1,2.61321,-2.49656,0.02876,0.56761,0.13301,0.09215,0.01982
57.54,2,1.44723,-2.49572,0.00346,0.50548,-0.01085,0.16598,0.06676
57.56,0,3.71527,-2.49910,-0.00115,0.49543,0.00000,0.00000,
57.56,1,2.62394,-2.49663,0.03087,0.52976,0.01824,0.09134,0.02973
57.56,2,1.45764,-2.49569,0.00324,0.55158,-0.01206,0.16629,0.02819
57.58,0,3.72518,-2.49911,-0.00115,0.49543,0.00000,0.00000,
57.58,1,2.63370,-2.49638,0.02962,0.38268,-0.07153,0.09148,0.03963
57.58,2,1.46756,-2.49566,0.00300,0.50891,-0.01049,0.16614,0.03796
57.6,0,3.73509,-2.49912,-0.00115,0.49543,0.00000,0.00000,
57.6,1,2.64162,-2.49599,0.02902,0.40808,0.02034,0.09347,0.04954
57.6,2,1.47864,-2.49563,0.00282,0.58569,-0.00787,0.16297,0.04588
57.62,0,3.74500,-2.49913,-0.00115,0.49543,0.00000,0.00000,
57.62,1,2.64985,-2.49567,0.02883,0.38651,-0.05635,0.09515,0.05945
57.62,2,1.49032,-2.49559,0.00266,0.60032,-0.00824,0.15953,0.05412
57.64,0,3.75491,-2.49914,-0.00115,0.49543,0.00000,0.00000,
57.64,1,2.65854,-2.49540,0.02724,0.47508,-0.08204,0.09637,0.06936
57.64,2,1.50255,-2.49556,0.00250,0.60890,-0.00806,0.15599,0.06281
57.66,0,3.76467,-2.49916,-0.00115,0.45846,-0.00036,0.00000,
57.66,1,2.67146,-2.49514,0.02467,0.64399,-0.20420,0.09322,0.02958
57.66,2,1.51319,-2.49553,0.00235,0.46906,-0.00641,0.15827,0.02568
57.68,0,3.77395,-2.49917,-0.00115,0.46931,0.00006,0.00000,
57.68,1,2.68395,-2.49488,0.02051,0.62486,-0.20934,0.09001,0.03886
57.68,2,1.52108,-2.49550,0.00226,0.29572,-0.00252,0.16288,0.03818
57.7,0,3.78341,-2.49918,-0.00115,0.47460,0.00010,0.00000,
57.7,1,2.69547,-2.49442,0.01605,0.44731,-0.16543,0.08796,0.04832
57.7,2,1.52694,-2.49547,0.00220,0.26982,-0.00202,0.16853,0.04970
57.72,0,3.79266,-2.49919,-0.00115,0.46808,0.00012,0.00000,
57.72,1,2.70443,-2.49419,0.01406,0.54626,-0.07445,0.08825,0.00925
57.72,2,1.53263,-2.49544,0.00214,0.30644,-0.00546,0.17180,0.05867
57.74,0,3.80259,-2.49920,-0.00115,0.51131,-0.00012,0.00000,
57.74,1,2.71489,-2.49408,0.00993,0.46832,-0.29516,0.08770,0.01917
57.74,2,1.53995,-2.49548,-0.00175,0.39479,-0.31263,0.17495,0.01531
57.76,0,3.81282,-2.49921,-0.00115,0.50767,-0.00002,0.00000,
57.76,1,2.72448,-2.49384,0.00665,0.49182,-0.04217,0.08835,0.02941
57.76,2,1.54787,-2.49552,-0.00763,0.40281,-0.21601,0.17661,0.02490
57.78,0,3.82281,-2.49922,-0.00115,0.49398,0.00003,0.00000,
57.78,1,2.73284,-2.49373,0.00681,0.41466,0.00628,0.08999,0.03940
57.78,2,1.55655,-2.49519,-0.00703,0.46254,0.15481,0.17629,0.03326
57.8,0,3.83265,-2.49923,-0.00115,0.49124,0.00001,0.00000,
57.8,1,2.74143,-2.49372,0.00654,0.43596,-0.02460,0.09123,0.04923
57.8,2,1.56623,-2.49524,-0.00438,0.49148,0.08246,0.17521,0.04185
57.82,0,3.84250,-2.49925,-0.00115,0.49448,-0.00000,0.00000,
57.82,1,2.75004,-2.49369,0.00599,0.42274,-0.02740,0.09248,0.05909
57.82,2,1.57594,-2.49535,-0.00386,0.55804,-0.00450,0.17410,0.00427
57.84,0,3.85242,-2.49926,-0.00115,0.49619,0.00000,0.00000,
57.84,1,2.75814,-2.49364,0.00548,0.41495,-0.02273,0.09429,0.06901
57.84,2,1.58340,-2.49545,-0.00197,0.34279,0.15021,0.17474,0.01237
57.86,0,3.86234,-2.49927,-0.00115,0.49571,0.00001,0.00000,
57.86,1,2.76579,-2.49359,0.00494,0.29728,-0.03313,0.09656,0.02969
57.86,2,1.58959,-2.49536,0.00388,0.24214,0.47079,0.17620,0.02002
57.88,0,3.87224,-2.49928,-0.00115,0.49508,0.00000,0.00000,
57.88,1,2.77168,-2.49357,0.00418,0.26895,-0.06201,0.10057,0.03960
57.88,2,1.59536,-2.49530,0.00411,0.34473,-0.33462,0.17632,0.02591
57.9,0,3.88214,-2.49929,-0.00115,0.49504,0.00000,0.00000,
57.9,1,2.77688,-2.49361,0.00334,0.32840,-0.00423,0.10528,0.04950
57.9,2,1.60203,-2.49528,0.00103,0.31975,0.11941,0.17485,0.03111
57.92,0,3.89205,-2.49930,-0.00115,0.49522,0.00000,0.00000,
57.92,1,2.78351,-2.49356,0.00512,0.30188,0.23479,0.10856,0.05940
57.92,2,1.60890,-2.49547,-0.00163,0.37625,-0.42242,0.17461,0.03773
57.94,0,3.90195,-2.49931,-0.00115,0.49528,0.00000,0.00000,
57.94,1,2.78969,-2.49361,0.00815,0.33107,-0.07876,0.11228,0.01981
57.94,2,1.61401,-2.49564,-0.00918,0.12628,-0.23121,0.17568,0.00936
57.96,0,3.91186,-2.49933,-0.00115,0.49524,0.00000,0.00000,
57.96,1,2.79770,-2.49379,0.00233,0.46297,-0.27935,0.11417,0.02971
57.96,2,1.61630,-2.49572,-0.00537,0.13088,0.27044,0.18140,0.01737
57.98,0,3.92176,-2.49934,-0.00115,0.49521,0.00000,0.00000,
57.98,1,2.80743,-2.49375,-0.00016,0.49028,-0.01974,0.11435,0.03962
57.98,2,1.62017,-2.49597,-0.01096,0.25409,-0.54627,0.18726,0.02710
58.0,0,3.93167,-2.49935,-0.00115,0.49522,0.00000,0.00000,
58.0,1,2.81791,-2.49370,0.00037,0.53487,0.03397,0.11377,0.04952
58.0,2,1.62548,-2.49617,-0.01477,0.29197,0.23704,0.19244,0.03758
58.02,0,3.94157,-2.49936,-0.00115,0.49523,0.00000,0.00000,
58.02,1,2.82830,-2.49368,0.00055,0.50190,-0.01132,0.11329,0.05943
58.02,2,1.63179,-2.49652,-0.01532,0.34242,-0.29354,0.19650,0.04797
58.04,0,3.95148,-2.49937,-0.00115,0.49523,0.00000,0.00000,
58.04,1,2.83748,-2.49367,0.00014,0.40610,-0.02041,0.11401,0.06933
58.04,2,1.63944,-2.49684,-0.02067,0.41223,-0.13363,0.19805,0.05715
58.06,0,3.96138,-2.49938,-0.00115,0.49523,0.00000,0.00000,
58.06,1,2.84769,-2.49367,-0.00131,0.61187,-0.20574,0.11370,0.02971
58.06,2,1.64846,-2.49698,-0.02007,0.55381,0.13404,0.19923,0.02449
58.08,0,3.97128,-2.49939,-0.00115,0.49522,0.00000,0.00000,
58.08,1,2.85875,-2.49354,-0.00724,0.48628,-0.26389,0.11254,0.03962
58.08,2,1.65824,-2.49707,-0.01943,0.44989,-0.05357,0.20052,0.03556
58.1,0,3.98119,-2.49941,-0.00115,0.49522,0.00000,0.00000,
58.1,1,2.86892,-2.49360,-0.01206,0.52596,-0.12173,0.11228,0.04952
58.1,2,1.66812,-2.49730,-0.02304,0.54386,-0.15265,0.20080,0.04572
58.12,0,3.99109,-2.49942,-0.00115,0.49523,0.00000,0.00000,
58.12,1,2.88181,-2.49373,-0.01501,0.68009,-0.20630,0.10930,0.00990
58.12,2,1.67972,-2.49757,-0.02336,0.61179,0.07398,0.20209,0.05861
58.14,0,4.00100,-2.49943,-0.00115,0.49523,0.00000,0.00000,
58.14,1,2.89502,-2.49374,-0.02009,0.61877,-0.24536,0.10599,0.01981
58.14,2,1.69189,-2.49786,-0.02129,0.61157,0.09684,0.20314,0.07183
58.16,0,4.01090,-2.49944,-0.00115,0.49523,0.00000,0.00000,
58.16,1,2.90586,-2.49391,-0.02168,0.49027,0.04297,0.10505,0.02971
58.16,2,1.70485,-2.49813,-0.01960,0.63929,0.06996,0.20102,0.03086
58.18,0,4.02081,-2.49945,-0.00115,0.49523,0.00000,0.00000,
58.18,1,2.91506,-2.49413,-0.01988,0.39844,0.08605,0.10576,0.03962
58.18,2,1.71851,-2.49839,-0.01858,0.72541,0.04069,0.19656,0.04005
58.2,0,4.03071,-2.49946,-0.00115,0.49523,0.00000,0.00000,
58.2,1,2.92309,-2.49432,-0.01874,0.43084,0.03516,0.10764,0.04952
58.2,2,1.73337,-2.49867,-0.01767,0.78279,0.04678,0.18972,0.04808
58.22,0,4.04062,-2.49947,-0.00115,0.49523,0.00000,0.00000,
58.22,1,2.93314,-2.49451,-0.01824,0.62104,0.03226,0.10748,0.00990
58.22,2,1.74942,-2.49897,-0.01664,0.83475,0.07223,0.18373,0.00561
58.24,0,4.05052,-2.49948,-0.00115,0.49523,0.00000,0.00000,
58.24,1,2.94418,-2.49469,-0.01735,0.54643,0.04521,0.10635,0.01981
58.24,2,1.76588,-2.49927,-0.01586,0.75230,0.03781,0.17831,0.01665
58.26,0,4.06042,-2.49950,-0.00115,0.49523,0.00000,0.00000,
58.26,1,2.95509,-2.49483,-0.01652,0.54176,0.02996,0.10534,0.02971
58.26,2,1.77902,-2.49949,-0.01508,0.59070,0.03783,0.17609,0.02756
58.28,0,4.07033,-2.49951,-0.00115,0.49523,0.00000,0.00000,
58.28,1,2.96560,-2.49498,-0.01613,0.51099,0.01872,0.10474,0.03962
58.28,2,1.78694,-2.49967,-0.01481,0.34890,0.00691,0.17867,0.03807
58.3,0,4.08023,-2.49952,-0.00115,0.49523,0.00000,0.00000,
58.3,1,2.97436,-2.49516,-0.01588,0.44262,0.02072,0.10588,0.04952
58.3,2,1.79392,-2.49986,-0.01469,0.35014,-0.00487,0.18045,0.04683
58.32,0,4.09014,-2.49953,-0.00115,0.49523,0.00000,0.00000,
58.32,1,2.98653,-2.49533,-0.01594,0.70393,-0.07142,0.10361,0.00990
58.32,2,1.80174,-2.50006,-0.01497,0.43362,0.00236,0.18481,0.05901
58.34,0,4.10004,-2.49954,-0.00115,0.49523,0.00000,0.00000,
58.34,1,2.99845,-2.49550,-0.01704,0.57515,-0.05446,0.10160,0.01981
58.34,2,1.81129,-2.50020,-0.01421,0.54898,0.07709,0.18718,0.01886
58.36,0,4.10995,-2.49955,-0.00115,0.49523,0.00000,0.00000,
58.36,1,3.00989,-2.49544,-0.01836,0.56397,-0.06660,0.10007,0.02971
58.36,2,1.82189,-2.50035,-0.01324,0.52966,0.04416,0.18801,0.03030
58.38,0,4.11985,-2.49956,-0.00115,0.49523,0.00000,0.00000,
58.38,1,3.01835,-2.49550,-0.01985,0.41423,-0.04058,0.10151,0.03962
58.38,2,1.83299,-2.50047,-0.01095,0.66211,0.10731,0.18538,0.03876
58.4,0,4.12976,-2.49958,-0.00115,0.49523,0.00000,0.00000,
58.4,1,3.02695,-2.49579,-0.01938,0.42133,0.06625,0.10282,0.04952
58.4,2,1.84802,-2.50064,-0.00985,0.75079,0.02380,0.17893,0.04736
58.42,0,4.13966,-2.49959,-0.00115,0.49523,0.00000,0.00000,
58.42,1,3.03556,-2.49605,-0.01795,0.47508,0.05237,0.10410,0.05943
58.42,2,1.86265,-2.50079,-0.00951,0.70229,0.02002,0.17292,0.05598
58.44,0,4.14956,-2.49960,-0.00115,0.49523,0.00000,0.00000,
58.44,1,3.04788,-2.49626,-0.01676,0.67763,0.14722,0.10169,0.01981
58.44,2,1.87652,-2.50093,-0.00864,0.73150,0.05563,0.17136,0.01687
58.46,0,4.15947,-2.49961,-0.00115,0.49523,0.00000,0.00000,
58.46,1,3.06127,-2.49648,-0.01379,0.62770,0.15511,0.09820,0.02971
58.46,2,1.88995,-2.50106,-0.00774,0.60592,0.03544,0.17133,0.03027
58.48,0,4.16937,-2.49962,-0.00115,0.49523,0.00000,0.00000,
58.48,1,3.07350,-2.49676,-0.01078,0.58289,0.10702,0.09588,0.03962
58.48,2,1.89882,-2.50116,-0.00727,0.42013,0.02161,0.17469,0.04250
58.5,0,4.17928,-2.49963,-0.00115,0.49523,0.00000,0.00000,
58.5,1,3.08236,-2.49692,-0.00981,0.37538,0.04339,0.09692,0.04952
58.5,2,1.90730,-2.50130,-0.00699,0.43375,0.00770,0.17506,0.05136
58.52,0,4.18918,-2.49964,-0.00115,0.49523,0.00000,0.00000,
58.52,1,3.09005,-2.49701,-0.00899,0.40398,0.00657,0.09914,0.00990
58.52,2,1.91624,-2.50136,-0.00674,0.45335,0.01821,0.17382,0.05905
58.54,0,4.19909,-2.49966,-0.00115,0.49523,0.00000,0.00000,
58.54,1,3.09854,-2.49710,-0.00910,0.41052,-0.00147,0.10055,0.01981
58.54,2,1.92504,-2.50140,-0.00627,0.44233,0.02638,0.17351,0.06754
58.56,0,4.20458,-2.49994,0.00786,0.15807,0.49553,0.00000,
58.56,1,3.10826,-2.49719,-0.00895,0.52836,0.01439,0.09632,0.02530
58.56,2,1.93559,-2.50146,-0.00597,0.55908,0.01100,0.17268,0.02213
58.58,0,4.20666,-2.50061,0.01655,0.07039,0.38874,0.00000,
58.58,1,3.11884,-2.49728,-0.00861,0.51494,0.01685,0.08783,0.02740
58.58,2,1.94683,-2.50152,-0.00568,0.54064,0.01818,0.17202,0.03271
58.6,0,4.20806,-2.50134,0.02435,0.05737,0.42031,0.00000,
58.6,1,3.12854,-2.49736,-0.00831,0.47801,0.01293,0.07953,0.02883
58.6,2,1.95682,-2.50158,-0.00526,0.47075,0.02173,0.17173,0.04241
58.62,0,4.20871,-2.50132,0.04220,-0.04229,2.10644,0.00000,
58.62,1,3.13755,-2.49744,-0.00807,0.30190,0.01245,0.07116,0.00064
58.62,2,1.96624,-2.50162,-0.00484,0.52174,0.02462,0.17132,0.00424
58.64,0,4.20865,-2.50116,0.09030,0.07027,2.03467,0.00000,
58.64,1,3.14026,-2.49751,-0.00764,0.07151,0.02203,0.06839,0.00061
58.64,2,1.97667,-2.50167,-0.00436,0.52192,0.02120,0.16360,0.00695
58.66,0,4.21080,-2.50031,0.12478,0.12382,1.61780,0.00000,
58.66,1,3.14086,-2.49756,-0.00720,0.00165,0.02199,0.06995,0.00293
58.66,2,1.98661,-2.50172,-0.00400,0.51023,0.01628,0.15425,0.00755
58.68,0,4.21362,-2.49931,0.15724,0.18049,1.69115,0.00000,
58.68,1,3.14032,-2.49761,-0.00676,-0.04894,0.02176,0.07330,0.00592
58.68,2,1.99794,-2.50177,-0.00371,0.59212,0.01394,0.14239,0.00701
58.7,0,4.21809,-2.49845,0.19470,0.25748,1.97716,0.00000,
58.7,1,3.13893,-2.49765,-0.00633,-0.06942,0.01742,0.07916,0.01044
58.7,2,2.00958,-2.50181,-0.00341,0.56458,0.01590,0.12936,0.00563
58.72,0,4.22348,-2.49742,0.23482,0.28220,1.99984,0.00000,
58.72,1,3.13833,-2.49766,-0.00617,-0.00244,0.00307,0.08516,0.01591
58.72,2,2.02040,-2.50185,-0.00309,0.52641,0.01570,0.11793,0.00502
58.74,0,4.22890,-2.49614,0.27388,0.27946,1.91957,0.00000,
58.74,1,3.13989,-2.49767,-0.00600,0.19535,0.02575,0.08902,0.01106
58.74,2,2.02951,-2.50188,-0.00281,0.46367,0.01477,0.11039,0.00658
58.76,0,4.23464,-2.49454,0.31220,0.30925,1.91359,0.00000,
58.76,1,3.14370,-2.49768,-0.00548,0.19057,0.02604,0.09094,0.01701
58.76,2,2.03524,-2.50191,-0.00251,0.18550,0.01432,0.10847,0.00523
58.78,0,4.24062,-2.49262,0.35038,0.30902,1.89103,0.00000,
58.78,1,3.14753,-2.49769,-0.00497,0.19612,0.02325,0.09310,0.02327
58.78,2,2.03691,-2.50194,-0.00227,0.02455,0.01043,0.11062,0.00906
58.8,0,4.24673,-2.49040,0.38865,0.33650,1.92651,0.00000,
58.8,1,3.15203,-2.49771,-0.00470,0.26442,0.00659,0.09472,0.02975
58.8,2,2.03657,-2.50196,-0.00204,-0.04481,0.01202,0.11547,0.01356
58.82,0,4.25313,-2.48781,0.42725,0.35044,1.92931,0.00000,
58.82,1,3.15816,-2.49775,-0.00383,0.26656,0.11656,0.09501,0.00690
58.82,2,2.03588,-2.50198,-0.00181,-0.01169,0.00961,0.12229,0.01969
58.84,0,4.25954,-2.48491,0.46559,0.34572,1.88211,0.00000,
58.84,1,3.16316,-2.49777,-0.00174,0.27180,0.06637,0.09646,0.01394
58.84,2,2.03594,-2.50199,-0.00167,0.01551,0.00892,0.12723,0.02469
58.86,0,4.26605,-2.48166,0.50383,0.37639,1.92861,0.00000,
58.86,1,3.16962,-2.49776,-0.00131,0.35738,-0.00222,0.09655,0.02121
58.86,2,2.03857,-2.50200,-0.00144,0.19232,0.01187,0.13106,0.01452
58.88,0,4.27282,-2.47796,0.54249,0.39103,1.93217,0.00000,
58.88,1,3.17697,-2.49776,-0.00134,0.36448,0.00608,0.09603,0.02891
58.88,2,2.04241,-2.50200,-0.00120,0.19232,0.01184,0.13457,0.02187
58.9,0,4.27951,-2.47394,0.58061,0.39038,1.88311,0.00000,
58.9,1,3.18379,-2.49777,-0.00102,0.35449,0.02072,0.09598,0.03668
58.9,2,2.04609,-2.50200,-0.00096,0.11035,0.01061,0.13770,0.02868
58.92,0,4.28632,-2.46949,0.61894,0.41694,1.93415,0.00000,
58.92,1,3.19106,-2.49778,-0.00062,0.36459,0.01839,0.09562,0.04477
58.92,2,2.05044,-2.50200,-0.00009,0.31239,0.04483,0.14063,0.03596
58.94,0,4.29324,-2.46460,0.65767,0.42770,1.93372,0.00000,
58.94,1,3.19745,-2.49778,0.00049,0.24535,-0.04219,0.09629,0.01661
58.94,2,2.05737,-2.50200,0.00047,0.40085,0.01996,0.14009,0.01005
58.96,0,4.30007,-2.45937,0.69623,0.43184,1.92362,0.00000,
58.96,1,3.20193,-2.49779,-0.00028,0.17326,-0.02962,0.09882,0.02520
58.96,2,2.06539,-2.50200,0.00086,0.40085,0.01990,0.13655,0.01452
58.98,0,4.30668,-2.45385,0.73385,0.43914,1.89497,0.00000,
58.98,1,3.20641,-2.49779,-0.00050,0.29576,0.00637,0.10114,0.03379
58.98,2,2.07298,-2.50196,0.00158,0.41360,0.03305,0.13343,0.01901
59.0,0,4.31342,-2.44780,0.77243,0.46089,1.94304,0.00000,
59.0,1,3.21165,-2.49782,-0.00292,0.22519,-0.26625,0.10290,0.04281
59.0,2,2.08202,-2.50194,0.00188,0.42322,0.00390,0.12964,0.02425
59.02,0,4.32011,-2.44133,0.81122,0.46754,1.93329,0.00000,
59.02,1,3.21652,-2.49763,-0.00222,0.28024,0.37725,0.10502,0.05207
59.02,2,2.09050,-2.50193,0.00186,0.41713,-0.00133,0.12603,0.02912
59.04,0,4.32660,-2.43456,0.84974,0.46961,1.92113,0.00000,
59.04,1,3.22355,-2.49755,0.00513,0.46600,0.25345,0.10485,0.01868
59.04,2,2.09824,-2.50192,0.00188,0.39620,0.00129,0.12531,0.00965
59.06,0,4.33286,-2.42751,0.88754,0.47320,1.77290,0.00000,
59.06,1,3.23116,-2.49758,0.01003,0.35442,0.17223,0.10393,0.02810
59.06,2,2.10617,-2.50190,0.00190,0.39620,0.00128,0.12500,0.01726
59.08,0,4.33880,-2.42020,0.91520,0.47616,1.18837,0.00000,
59.08,1,3.23885,-2.49757,0.01164,0.40122,0.03244,0.10267,0.03750
59.08,2,2.11523,-2.50196,-0.00949,0.49308,-1.00629,0.12363,0.02495
59.1,0,4.34461,-2.41267,0.93783,0.47247,1.13558,0.00000,
59.1,1,3.24770,-2.49750,0.01242,0.47880,0.05503,0.10018,0.04698
59.1,2,2.12373,-2.50207,-0.02095,0.35447,-0.14249,0.12399,0.03380
59.12,0,4.35017,-2.40511,0.96127,0.46794,1.18970,0.00000,
59.12,1,3.25976,-2.49731,0.01694,0.63394,0.13923,0.09430,0.00939
59.12,2,2.13070,-2.50213,-0.01810,0.53204,0.22800,0.12907,0.00641
59.14,0,4.35556,-2.39742,0.98465,0.47152,1.14017,0.00000,
59.14,1,3.27182,-2.49717,0.01984,0.58250,0.18354,0.08832,0.01878
59.14,2,2.14228,-2.50217,-0.00892,0.58049,0.47340,0.12955,0.01847
59.16,0,4.36082,-2.38954,1.00664,0.47521,1.07050,0.00000,
59.16,1,3.28293,-2.49704,0.02360,0.52987,0.15333,0.08323,0.02825
59.16,2,2.15254,-2.50222,-0.00830,0.52167,-0.37895,0.13041,0.02959
59.18,0,4.36592,-2.38150,1.02760,0.47613,1.03315,0.00000,
59.18,1,3.29056,-2.49677,0.02735,0.35942,0.24362,0.08152,0.03776
59.18,2,2.16341,-2.50212,-0.01171,0.53991,0.02784,0.12716,0.03721
59.2,0,4.37085,-2.37335,1.04792,0.47674,1.00053,0.00000,
59.2,1,3.29812,-2.49641,0.03274,0.39714,0.21131,0.07977,0.04728
59.2,2,2.17397,-2.50212,-0.00981,0.56828,0.10561,0.12416,0.04478
59.22,0,4.37559,-2.36531,1.06677,0.45101,0.89773,0.00000,
59.22,1,3.30664,-2.49613,0.03727,0.55233,0.44561,0.07692,0.00933
59.22,2,2.18489,-2.50220,-0.00882,0.52730,-0.04881,0.12177,0.05331
59.24,0,4.38005,-2.35739,1.08578,0.45745,0.96499,0.00000,
59.24,1,3.31758,-2.49573,0.03896,0.54086,0.01245,0.07144,0.01842
59.24,2,2.19568,-2.50220,-0.00839,0.56261,0.09137,0.12192,0.06425
59.26,0,4.38436,-2.34926,1.10440,0.46170,0.89551,0.00000,
59.26,1,3.32798,-2.49519,0.03932,0.50947,0.06530,0.06641,0.02762
59.26,2,2.20354,-2.50226,-0.00574,0.26823,0.15535,0.12446,0.02602
59.28,0,4.38852,-2.34101,1.12166,0.46145,0.84445,0.00000,
59.28,1,3.33757,-2.49475,0.04219,0.40488,0.20810,0.06213,0.03685
59.28,2,2.20890,-2.50232,-0.00263,0.26822,0.15521,0.12870,0.03562
59.3,0,4.39249,-2.33280,1.13845,0.44456,0.84973,0.00000,
59.3,1,3.34530,-2.49438,0.04589,0.40163,0.15460,0.05958,0.04596
59.3,2,2.21308,-2.50233,0.00031,0.24507,0.09708,0.13225,0.04336
59.32,0,4.39645,-2.32425,1.15492,0.48872,0.80000,0.00000,
59.32,1,3.35355,-2.49399,0.05156,0.41448,0.65574,0.05662,0.00942
59.32,2,2.21836,-2.50232,0.00098,0.28587,0.01018,0.13523,0.05162
59.34,0,4.40047,-2.31519,1.17040,0.49630,0.75559,0.00000,
59.34,1,3.36173,-2.49355,0.06487,0.40545,0.47796,0.05393,0.01934
59.34,2,2.22429,-2.50232,0.00345,0.29778,0.11068,0.13748,0.05981
59.36,0,4.40430,-2.30614,1.18523,0.48702,0.73209,0.00000,
59.36,1,3.36957,-2.49305,0.06908,0.40398,0.07497,0.05148,0.02916
59.36,2,2.23130,-2.50236,0.00427,0.36330,-0.00284,0.13830,0.02020
59.38,0,4.40794,-2.29717,1.19964,0.48300,0.70929,0.00000,
59.38,1,3.37791,-2.49248,0.07068,0.42208,0.11926,0.04838,0.03884
59.38,2,2.23885,-2.50234,0.00390,0.38727,-0.01708,0.13910,0.02856
59.4,0,4.41145,-2.28815,1.21352,0.48501,0.68167,0.00000,
59.4,1,3.38617,-2.49189,0.07410,0.40567,0.19766,0.04533,0.04851
59.4,2,2.24740,-2.50230,0.00385,0.46160,0.00795,0.13882,0.03684
59.42,0,4.41485,-2.27904,1.22686,0.48728,0.65507,0.00000,
59.42,1,3.39408,-2.49131,0.07797,0.39103,0.18206,0.04261,0.05823
59.42,2,2.25686,-2.50226,0.00411,0.51032,0.02102,0.13728,0.00393
59.44,0,4.41814,-2.26985,1.23969,0.48795,0.63057,0.00000,
59.44,1,3.40182,-2.49070,0.08131,0.38672,0.15738,0.04004,0.01948
59.44,2,2.26848,-2.50221,0.00482,0.59080,0.03191,0.13340,0.01169
59.46,0,4.42131,-2.26062,1.25204,0.48804,0.60772,0.00000,
59.46,1,3.41084,-2.49002,0.06042,0.44846,-1.36702,0.03619,0.02924
59.46,2,2.27964,-2.50216,0.00517,0.51856,0.00717,0.13126,0.02074
59.48,0,4.42437,-2.25135,1.26395,0.48835,0.58542,0.00000,
59.48,1,3.41949,-2.48952,0.04442,0.43427,-0.21570,0.03272,0.03900
59.48,2,2.28912,-2.50211,0.00525,0.41467,0.00651,0.13044,0.02940
59.5,0,4.42733,-2.24203,1.27542,0.48885,0.56378,0.00000,
59.5,1,3.42801,-2.48905,0.05164,0.41873,0.61615,0.02940,0.04877
59.5,2,2.29598,-2.50206,0.00550,0.34700,0.02370,0.13210,0.03793
59.52,0,4.43017,-2.23267,1.28647,0.48930,0.54302,0.00000,
59.52,1,3.43622,-2.48858,0.06220,0.40702,0.39524,0.02637,0.05855
59.52,2,2.30333,-2.50201,0.00610,0.38553,0.02362,0.13297,0.04616
59.54,0,4.43292,-2.22328,1.29711,0.48966,0.52306,0.00000,
59.54,1,3.44428,-2.48807,0.06771,0.40142,0.22237,0.02349,0.06833
59.54,2,2.31172,-2.50198,0.00638,0.52878,0.01796,0.13264,0.01216
59.56,0,4.43557,-2.21385,1.30736,0.48998,0.50383,0.00000,
59.56,1,3.45311,-2.48742,0.07687,0.52568,0.89571,0.01984,0.02937
59.56,2,2.32230,-2.50194,0.00675,0.52878,0.01799,0.13090,0.02101
59.58,0,4.43812,-2.20438,1.31723,0.49029,0.48531,0.00000,
59.58,1,3.46374,-2.48658,0.09377,0.50177,0.62079,0.01442,0.03917
59.58,2,2.33177,-2.50194,0.00699,0.47012,0.00627,0.13207,0.03168
59.6,0,4.44058,-2.19488,1.32674,0.49058,0.46750,0.00000,
59.6,1,3.47246,-2.48583,0.10073,0.39288,0.20500,0.01089,0.04898
59.6,2,2.34104,-2.50190,0.00709,0.40286,0.00993,0.13153,0.04043
59.62,0,4.44295,-2.18536,1.33590,0.49086,0.45070,0.00000,
59.62,1,3.48120,-2.48494,0.11226,0.50533,0.96178,0.00734,0.00981
59.62,2,2.34883,-2.50182,0.00732,0.40455,0.01048,0.13249,0.04921
59.64,0,4.44524,-2.17581,1.34473,0.49112,0.43420,0.00000,
59.64,1,3.49089,-2.48384,0.12779,0.47301,0.52472,0.00283,0.01963
59.64,2,2.35710,-2.50174,0.00750,0.41582,0.00815,0.13393,0.05896
59.66,0,4.44744,-2.16624,1.35324,0.49135,0.41781,0.00000,
59.66,1,3.49987,-2.48272,0.13399,0.43290,0.21971,0.00097,0.02946
59.66,2,2.36731,-2.50166,0.00790,0.60109,0.03033,0.13271,0.02362
59.68,0,4.44956,-2.15664,1.36142,0.49156,0.40206,0.00000,
59.68,1,3.50775,-2.48163,0.13952,0.32149,0.41262,0.00369,0.03929
59.68,2,2.37889,-2.50159,0.00848,0.57883,0.02897,0.12904,0.03158
59.7,0,4.45160,-2.14702,1.36929,0.49175,0.38700,0.00000,
59.7,1,3.51447,-2.48058,0.14675,0.35692,0.32062,0.00528,0.04912
59.7,2,2.38942,-2.50159,0.00876,0.50393,-0.01119,0.12525,0.03838
59.72,0,4.45357,-2.13738,1.37687,0.49193,0.37249,0.00000,
59.72,1,3.52172,-2.47947,0.15270,0.36886,0.28992,0.00734,0.05895
59.72,2,2.39804,-2.50161,0.00874,0.32050,0.02959,0.12390,0.04572
59.74,0,4.45547,-2.12772,1.38417,0.49210,0.35852,0.00000,
59.74,1,3.52887,-2.47836,0.15854,0.35427,0.29448,0.00928,0.06879
59.74,2,2.40488,-2.50147,0.01214,0.35838,0.24967,0.12423,0.05295
59.76,0,4.45730,-2.11805,1.39119,0.49226,0.34507,0.00000,
59.76,1,3.53638,-2.47712,0.16884,0.46906,0.95328,0.01156,0.02952
59.76,2,2.41216,-2.50137,0.01496,0.34179,0.03316,0.12448,0.01853
59.78,0,4.45905,-2.10836,1.39795,0.49240,0.33213,0.00000,
59.78,1,3.54557,-2.47562,0.18394,0.47514,0.58616,0.01546,0.03937
59.78,2,2.41929,-2.50130,0.01560,0.39375,0.02316,0.12658,0.02785
59.8,0,4.46075,-2.09866,1.40446,0.49253,0.31967,0.00000,
59.8,1,3.55431,-2.47408,0.19158,0.42225,0.26755,0.01889,0.04922
59.8,2,2.42781,-2.50119,0.01579,0.43963,0.00258,0.12683,0.03672
59.82,0,4.46238,-2.08894,1.41072,0.49266,0.30768,0.00000,
59.82,1,3.56206,-2.47252,0.19670,0.35246,0.33054,0.02138,0.05907
59.82,2,2.43663,-2.50105,0.01587,0.43395,0.02106,0.12579,0.00383
59.84,0,4.46395,-2.07922,1.41674,0.49277,0.29615,0.00000,
59.84,1,3.56790,-2.47111,0.20449,0.31214,0.31570,0.02200,0.06892
59.84,2,2.44275,-2.50092,0.01354,0.26660,-0.15044,0.12555,0.00983
59.86,0,4.46546,-2.06948,1.42254,0.49288,0.28505,0.00000,
59.86,1,3.57487,-2.46957,0.21317,0.43867,0.85170,0.02367,0.02956
59.86,2,2.44612,-2.50078,0.00817,0.13849,-0.31909,0.12918,0.01698
59.88,0,4.46692,-2.05973,1.42813,0.49298,0.27436,0.00000,
59.88,1,3.58302,-2.46756,0.22867,0.37860,0.53115,0.02655,0.03942
59.88,2,2.44960,-2.50084,0.00071,0.23841,-0.29882,0.13391,0.02536
59.9,0,4.46830,-2.05044,1.43311,0.46226,0.25207,0.00000,
59.9,1,3.59041,-2.46557,0.23809,0.38744,0.37984,0.02890,0.04881
59.9,2,2.45534,-2.50083,-0.00103,0.33936,0.02883,0.13562,0.03301
59.92,0,4.46961,-2.04118,1.43842,0.47135,0.26767,0.00000,
59.92,1,3.59708,-2.46377,0.24605,0.30041,0.42596,0.03052,0.00936
59.92,2,2.46235,-2.50085,-0.00286,0.35186,-0.10537,0.13534,0.03993
59.94,0,4.47086,-2.03185,1.44359,0.45332,0.27183,0.00000,
59.94,1,3.60312,-2.46212,0.26438,0.32379,0.92390,0.03144,0.01877
59.94,2,2.46972,-2.50103,-0.00492,0.37695,-0.03861,0.13407,0.04618
59.96,0,4.47207,-2.02255,1.44864,0.49429,0.22413,0.00000,
59.96,1,3.60947,-2.46038,0.27576,0.32923,0.31155,0.03265,0.02814
59.96,2,2.47801,-2.50104,-0.00393,0.43952,0.12257,0.13220,0.01592
59.98,0,4.47331,-2.01248,1.45294,0.51090,0.21451,0.00000,
59.98,1,3.61541,-2.45869,0.27940,0.31123,0.18844,0.03300,0.03829
59.98,2,2.48695,-2.50103,-0.00011,0.44955,0.17721,0.12925,0.02209
