t,id,x,y,theta,v,omega,gap_err,belief_err
0.0,0,3.00000,-2.50000,0.00000,0.00000,0.00000,0.00000,
0.0,1,2.00000,-2.50000,0.00000,0.00000,0.00000,0.00000,
0.0,2,1.00000,-2.50000,0.00000,0.00000,0.00000,0.00000,
0.02,0,3.00253,-2.50003,-0.00728,0.12497,-1.18294,0.00000,
0.02,1,2.00000,-2.50000,0.00000,0.00000,-0.00000,0.00253,
0.02,2,1.00000,-2.50000,0.00000,0.00000,0.00000,0.00000,0.00000
0.04,0,3.00505,-2.50074,-0.02857,0.14771,-1.15619,0.00000,
0.04,1,2.00000,-2.50000,0.00000,0.00000,-0.00000,0.00505,
0.04,2,1.00000,-2.50000,0.00000,-0.00000,-0.00001,0.00000,0.00000
0.06,0,3.00956,-2.50137,-0.03977,0.32252,0.04178,0.00000,
0.06,1,2.00000,-2.50000,0.00000,0.00000,-0.00000,0.00956,
0.06,2,1.00000,-2.50000,-0.00000,-0.00000,-0.00002,0.00000,0.00000
0.08,0,3.01768,-2.50174,-0.03347,0.45142,0.34436,0.00000,
0.08,1,2.00000,-2.50000,-0.00000,-0.00000,-0.00000,0.01768,
0.08,2,1.00000,-2.50000,-0.00000,-0.00000,-0.00001,0.00000,0.00000
0.1,0,3.02741,-2.50212,-0.03382,0.48811,-0.15035,0.00000,
0.1,1,2.00000,-2.50000,-0.00000,-0.00000,-0.00000,0.02741,
0.1,2,1.00000,-2.50000,-0.00000,0.00000,0.00000,0.00000,0.00000
0.12,0,3.03751,-2.50246,-0.03514,0.52835,0.02697,0.00000,
0.12,1,2.00454,-2.50000,-0.00011,0.25323,-0.00896,0.03298,0.01011
0.12,2,1.00000,-2.50000,-0.00000,0.00000,0.00000,0.00454,0.00454
0.14,0,3.04817,-2.50280,-0.03323,0.53033,0.11916,0.00000,
0.14,1,2.00865,-2.50000,-0.00029,0.19364,-0.00907,0.03953,0.02078
0.14,2,1.00000,-2.50000,-0.00000,-0.00000,-0.00000,0.00865,0.00865
0.16,0,3.05858,-2.50313,-0.03123,0.51280,0.07916,0.00000,
0.16,1,2.01223,-2.50000,-0.00046,0.17192,-0.00784,0.04635,0.03118
0.16,2,1.00000,-2.50000,-0.00000,-0.00000,-0.00000,0.01223,0.01223
0.18,0,3.06874,-2.50344,-0.02995,0.50712,0.05794,0.00000,
0.18,1,2.01791,-2.49999,-0.00053,0.38989,-0.00278,0.05083,0.04135
0.18,2,1.00000,-2.50000,-0.00000,0.00000,-0.00000,0.01791,0.01791
0.2,0,3.07775,-2.50374,-0.02893,0.45035,0.06131,0.00000,
0.2,1,2.02690,-2.49998,-0.00060,0.44016,-0.00405,0.05085,0.05037
0.2,2,1.00000,-2.50000,-0.00000,0.00000,-0.00000,0.02690,0.02690
0.22,0,3.08700,-2.50402,-0.02753,0.47018,0.07170,0.00000,
0.22,1,2.03726,-2.49999,-0.00103,0.52879,-0.02679,0.04975,0.00926
0.22,2,1.00000,-2.50000,-0.00000,0.00000,-0.00000,0.03726,0.03726
0.24,0,3.09612,-2.50428,-0.02611,0.44772,0.07019,0.00000,
0.24,1,2.04762,-2.49999,-0.00136,0.49110,-0.00730,0.04851,0.01838
0.24,2,1.00000,-2.50000,-0.00000,0.00000,-0.00000,0.04762,0.04762
0.26,0,3.10598,-2.50454,-0.02495,0.52014,0.05259,0.00000,
0.26,1,2.05627,-2.50000,-0.00140,0.33415,-0.00173,0.04972,0.02824
0.26,2,1.00000,-2.50000,-0.00000,0.00000,-0.00000,0.05627,0.05627
0.28,0,3.11648,-2.50480,-0.02388,0.52140,0.05519,0.00000,
0.28,1,2.06273,-2.50001,-0.00146,0.33342,-0.00339,0.05376,0.03875
0.28,2,1.00000,-2.50000,-0.00000,0.00000,-0.00000,0.06273,0.06273
0.3,0,3.12667,-2.50504,-0.02275,0.50053,0.05695,0.00000,
0.3,1,2.06972,-2.50003,-0.00154,0.36133,-0.00442,0.05696,0.04894
0.3,2,1.00000,-2.50000,-0.00000,0.00000,-0.00000,0.06972,0.06972
0.32,0,3.13658,-2.50527,-0.02163,0.49436,0.05422,0.00000,
0.32,1,2.07679,-2.50004,-0.00163,0.32580,-0.00408,0.05981,0.05885
0.32,2,1.00150,-2.50000,-0.00000,0.24058,-0.00012,0.07529,0.00342
0.34,0,3.14651,-2.50548,-0.02058,0.49876,0.05160,0.00000,
0.34,1,2.08426,-2.50005,-0.00171,0.40193,-0.00435,0.06226,0.06878
0.34,2,1.00531,-2.50000,-0.00000,0.14513,-0.00011,0.07895,0.01089
0.36,0,3.15652,-2.50569,-0.01957,0.50179,0.05006,0.00000,
0.36,1,2.09235,-2.50006,-0.00180,0.39687,-0.00415,0.06419,0.07880
0.36,2,1.00797,-2.50000,-0.00001,0.14593,-0.00010,0.08438,0.01898
0.38,0,3.16656,-2.50589,-0.01858,0.50134,0.04857,0.00000,
0.38,1,2.09994,-2.50008,-0.00188,0.36700,-0.00392,0.06663,0.08883
0.38,2,1.01300,-2.50000,-0.00001,0.31258,-0.00005,0.08694,0.02657
0.4,0,3.17657,-2.50607,-0.01763,0.50034,0.04690,0.00000,
0.4,1,2.10714,-2.50009,-0.00195,0.35719,-0.00379,0.06945,0.09885
0.4,2,1.02073,-2.50000,-0.00001,0.39333,-0.00002,0.08641,0.03377
0.42,0,3.18657,-2.50625,-0.01671,0.50019,0.04529,0.00000,
0.42,1,2.11744,-2.50011,-0.00233,0.58415,-0.02714,0.06914,0.01000
0.42,2,1.03028,-2.50000,-0.00001,0.65463,-0.00066,0.08716,0.00569
0.44,0,3.19658,-2.50642,-0.01582,0.50045,0.04378,0.00000,
0.44,1,2.12811,-2.50013,-0.00271,0.46155,-0.01038,0.06849,0.02001
0.44,2,1.04263,-2.50000,-0.00003,0.60203,-0.00075,0.08548,0.01636
0.46,0,3.20590,-2.50657,-0.01500,0.47159,0.04288,0.00000,
0.46,1,2.13787,-2.50015,-0.00281,0.50497,-0.00319,0.06806,0.02934
0.46,2,1.05462,-2.50000,-0.00004,0.57766,-0.00069,0.08325,0.02612
0.48,0,3.21543,-2.50672,-0.01414,0.47894,0.04209,0.00000,
0.48,1,2.14713,-2.50017,-0.00292,0.39952,-0.00806,0.06832,0.03887
0.48,2,1.06551,-2.50000,-0.00005,0.47186,-0.00025,0.08162,0.03538
0.5,0,3.22501,-2.50685,-0.01334,0.47789,0.03889,0.00000,
0.5,1,2.15536,-2.50019,-0.00306,0.42067,-0.00605,0.06967,0.04844
0.5,2,1.07362,-2.50000,0.00000,0.41607,0.02622,0.08174,0.04361
0.52,0,3.23433,-2.50698,-0.01254,0.48369,0.03829,0.00000,
0.52,1,2.16383,-2.50022,-0.00316,0.42213,-0.00500,0.07052,0.05777
0.52,2,1.08117,-2.50003,-0.00006,0.26514,-0.02568,0.08266,0.00424
0.54,0,3.24446,-2.50710,-0.01181,0.51669,0.03560,0.00000,
0.54,1,2.17188,-2.50025,-0.00326,0.39106,-0.00458,0.07260,0.06790
0.54,2,1.08580,-2.50003,-0.00055,0.26540,-0.01283,0.08608,0.01229
0.56,0,3.25474,-2.50723,-0.01110,0.50847,0.03569,0.00000,
0.56,1,2.18039,-2.50027,-0.00336,0.44453,-0.00560,0.07437,0.07818
0.56,2,1.09285,-2.50001,-0.00051,0.41296,0.00912,0.08754,0.02080
0.58,0,3.26476,-2.50734,-0.01039,0.49651,0.03486,0.00000,
0.58,1,2.18926,-2.50030,-0.00347,0.43521,-0.00522,0.07553,0.08820
0.58,2,1.10109,-2.50001,-0.00037,0.43518,0.00259,0.08817,0.02966
0.6,0,3.27466,-2.50744,-0.00971,0.49559,0.03344,0.00000,
0.6,1,2.19767,-2.50033,-0.00357,0.41056,-0.00480,0.07701,0.09810
0.6,2,1.11030,-2.50001,-0.00039,0.46300,-0.00177,0.08738,0.03808
0.62,0,3.28461,-2.50754,-0.00905,0.49883,0.03226,0.00000,
0.62,1,2.20570,-2.50036,-0.00367,0.36849,-0.00589,0.07894,0.10805
0.62,2,1.11914,-2.50001,-0.00040,0.42361,0.00017,0.08655,0.04610
0.64,0,3.29460,-2.50763,-0.00842,0.50000,0.03127,0.00000,
0.64,1,2.21269,-2.50039,-0.00378,0.36056,-0.00463,0.08193,0.11805
0.64,2,1.12725,-2.50002,-0.00039,0.36664,0.00086,0.08545,0.05310
0.66,0,3.30460,-2.50771,-0.00780,0.49938,0.03027,0.00000,
0.66,1,2.22005,-2.50042,-0.00386,0.36940,-0.00375,0.08458,0.12804
0.66,2,1.13380,-2.50002,-0.00038,0.34177,0.00050,0.08625,0.06045
0.68,0,3.31458,-2.50779,-0.00721,0.49886,0.02926,0.00000,
0.68,1,2.22733,-2.50045,-0.00394,0.35831,-0.00407,0.08728,0.13802
0.68,2,1.14092,-2.50002,-0.00037,0.36237,0.00034,0.08641,0.06773
0.7,0,3.32456,-2.50786,-0.00664,0.49891,0.02830,0.00000,
0.7,1,2.23423,-2.50047,-0.00402,0.35461,-0.00408,0.09035,0.14800
0.7,2,1.14775,-2.50002,-0.00036,0.34610,0.00041,0.08648,0.07463
0.72,0,3.33454,-2.50793,-0.00608,0.49907,0.02737,0.00000,
0.72,1,2.24426,-2.50050,-0.00416,0.51964,-0.00740,0.09031,0.00998
0.72,2,1.15608,-2.50003,-0.00036,0.42457,-0.00073,0.08818,0.00530
0.74,0,3.34452,-2.50799,-0.00554,0.49910,0.02648,0.00000,
0.74,1,2.25465,-2.50053,-0.00430,0.51964,-0.00745,0.08989,0.01996
0.74,2,1.16457,-2.50003,-0.00037,0.42457,-0.00073,0.09008,0.01569
0.76,0,3.35420,-2.50804,-0.00503,0.46324,0.02472,0.00000,
0.76,1,2.26492,-2.50051,-0.00450,0.50503,-0.00789,0.08931,0.02965
0.76,2,1.17294,-2.50003,-0.00038,0.46666,-0.00033,0.09198,0.02596
0.78,0,3.36359,-2.50809,-0.00453,0.47434,0.02541,0.00000,
0.78,1,2.27479,-2.50057,-0.00458,0.48554,-0.00069,0.08883,0.03904
0.78,2,1.18401,-2.50004,-0.00038,0.59566,0.00008,0.09078,0.03583
0.8,0,3.37313,-2.50814,-0.00403,0.47786,0.02387,0.00000,
0.8,1,2.28380,-2.50063,-0.00461,0.45132,-0.00175,0.08936,0.04858
0.8,2,1.19569,-2.50004,-0.00038,0.55980,0.00007,0.08811,0.04484
0.82,0,3.38248,-2.50817,-0.00356,0.45696,0.02382,0.00000,
0.82,1,2.29541,-2.50069,-0.00469,0.64179,-0.00529,0.08709,0.00934
0.82,2,1.20651,-2.50005,-0.00039,0.49313,-0.00120,0.08890,0.00632
0.84,0,3.39226,-2.50821,-0.00311,0.50916,0.02192,0.00000,
0.84,1,2.30681,-2.50075,-0.00478,0.49253,-0.00334,0.08548,0.01913
0.84,2,1.21427,-2.50005,-0.00042,0.33317,-0.00191,0.09254,0.01771
0.86,0,3.40255,-2.50824,-0.00268,0.51310,0.02155,0.00000,
0.86,1,2.31657,-2.50080,-0.00487,0.48899,-0.00492,0.08601,0.02942
0.86,2,1.22018,-2.50006,-0.00046,0.29923,-0.00175,0.09639,0.02748
0.88,0,3.41266,-2.50827,-0.00225,0.49889,0.02113,0.00000,
0.88,1,2.32496,-2.50085,-0.00502,0.40261,-0.00666,0.08772,0.03952
0.88,2,1.22803,-2.50006,-0.00048,0.44354,-0.00023,0.09694,0.03587
0.9,0,3.42256,-2.50829,-0.00183,0.49378,0.02038,0.00000,
0.9,1,2.33328,-2.50091,-0.00624,0.42497,-0.06419,0.08931,0.04942
0.9,2,1.23721,-2.50007,-0.00047,0.48046,0.00030,0.09606,0.04419
0.92,0,3.43246,-2.50831,-0.00143,0.49652,0.01966,0.00000,
0.92,1,2.34181,-2.50095,-0.00679,0.42472,0.00067,0.09067,0.05933
0.92,2,1.24633,-2.50007,-0.00047,0.37020,-0.00114,0.09549,0.00427
0.94,0,3.44242,-2.50832,-0.00105,0.49878,0.01906,0.00000,
0.94,1,2.35003,-2.50100,-0.00655,0.38919,0.01342,0.09242,0.06929
0.94,2,1.25216,-2.50008,-0.00051,0.24153,-0.00223,0.09786,0.01248
0.96,0,3.45240,-2.50833,-0.00067,0.49860,0.01847,0.00000,
0.96,1,2.35829,-2.50105,-0.00645,0.42891,-0.00162,0.09413,0.07926
0.96,2,1.25625,-2.50009,-0.00056,0.20096,-0.00264,0.10204,0.02074
0.98,0,3.46236,-2.50834,-0.00031,0.49789,0.01788,0.00000,
0.98,1,2.36691,-2.50111,-0.00653,0.42693,-0.00413,0.09547,0.08923
0.98,2,1.26150,-2.50009,-0.00059,0.30385,-0.00079,0.10541,0.02936
1.0,0,3.47231,-2.50834,0.00004,0.49775,0.01730,0.00000,
1.0,1,2.37524,-2.50116,-0.00658,0.40769,-0.00079,0.09710,0.09918
1.0,2,1.26808,-2.50010,-0.00060,0.35844,-0.00005,0.10716,0.03769
1.02,0,3.48227,-2.50834,0.00038,0.49792,0.01676,0.00000,
1.02,1,2.38482,-2.50122,-0.00637,0.48496,0.01642,0.09748,0.00996
1.02,2,1.27538,-2.50011,-0.00060,0.36766,-0.00013,0.10944,0.04727
1.04,0,3.49223,-2.50834,0.00071,0.49801,0.01623,0.00000,
1.04,1,2.39428,-2.50128,-0.00618,0.47142,0.00268,0.09797,0.01992
1.04,2,1.28348,-2.50011,-0.00060,0.42828,-0.00041,0.11080,0.05673
1.06,0,3.50219,-2.50833,0.00103,0.49798,0.01572,0.00000,
1.06,1,2.40427,-2.50134,-0.00624,0.51325,-0.00493,0.09794,0.02988
1.06,2,1.29204,-2.50012,-0.00061,0.43338,-0.00045,0.11223,0.06672
1.08,0,3.51215,-2.50832,0.00134,0.49795,0.01522,0.00000,
1.08,1,2.41444,-2.50140,-0.00631,0.49934,-0.00132,0.09773,0.03984
1.08,2,1.30057,-2.50012,-0.00062,0.41774,-0.00037,0.11387,0.07689
1.1,0,3.52211,-2.50831,0.00164,0.49795,0.01474,0.00000,
1.1,1,2.42415,-2.50146,-0.00631,0.47613,0.00039,0.09798,0.04979
1.1,2,1.30871,-2.50013,-0.00063,0.40035,-0.00031,0.11544,0.08660
1.12,0,3.53207,-2.50829,0.00193,0.49796,0.01428,0.00000,
1.12,1,2.43740,-2.50153,-0.00620,0.74415,0.00717,0.09469,0.00996
1.12,2,1.31825,-2.50013,-0.00064,0.70256,-0.00263,0.11915,0.00735
1.14,0,3.54195,-2.50827,0.00221,0.45995,0.01483,0.00000,
1.14,1,2.45039,-2.50159,-0.00595,0.63545,0.01359,0.09159,0.01984
1.14,2,1.33191,-2.50014,-0.00069,0.60870,-0.00214,0.11848,0.02034
1.16,0,3.55126,-2.50825,0.00249,0.47046,0.01353,0.00000,
1.16,1,2.46200,-2.50166,-0.00583,0.45270,-0.00401,0.08928,0.02915
1.16,2,1.34336,-2.50014,-0.00073,0.57074,-0.00196,0.11864,0.03195
1.18,0,3.56075,-2.50823,0.00275,0.47680,0.01261,0.00000,
1.18,1,2.47048,-2.50173,-0.00603,0.43073,-0.02862,0.09029,0.03864
1.18,2,1.35467,-2.50014,-0.00077,0.51658,-0.00227,0.11581,0.04043
1.2,0,3.57018,-2.50820,0.00300,0.44277,0.01176,0.00000,
1.2,1,2.47927,-2.50179,-0.00670,0.44483,-0.02293,0.09092,0.04807
1.2,2,1.36615,-2.50015,-0.00079,0.60914,-0.00084,0.11313,0.04923
1.22,0,3.57973,-2.50817,0.00324,0.50197,0.01233,0.00000,
1.22,1,2.48813,-2.50184,-0.00668,0.41221,0.01611,0.09162,0.00955
1.22,2,1.37788,-2.50016,-0.00081,0.60702,-0.00087,0.11025,0.05808
1.24,0,3.58998,-2.50814,0.00348,0.51447,0.01197,0.00000,
1.24,1,2.49718,-2.50189,-0.00643,0.47602,0.00615,0.09282,0.01981
1.24,2,1.39009,-2.50017,-0.00083,0.60029,-0.00083,0.10709,0.06713
1.26,0,3.60013,-2.50810,0.00372,0.50060,0.01141,0.00000,
1.26,1,2.50672,-2.50195,-0.00642,0.46915,-0.00205,0.09343,0.02995
1.26,2,1.40248,-2.50018,-0.00085,0.62958,-0.00099,0.10424,0.07667
1.28,0,3.61004,-2.50807,0.00394,0.49307,0.01105,0.00000,
1.28,1,2.51578,-2.50201,-0.00645,0.44131,0.00011,0.09428,0.03986
1.28,2,1.41499,-2.50019,-0.00086,0.61757,-0.00092,0.10079,0.08573
1.3,0,3.61991,-2.50803,0.00416,0.49504,0.01075,0.00000,
1.3,1,2.52413,-2.50207,-0.00644,0.36652,-0.00162,0.09580,0.04974
1.3,2,1.42709,-2.50020,-0.00088,0.59624,-0.00088,0.09703,0.09408
1.32,0,3.62985,-2.50799,0.00437,0.49779,0.01044,0.00000,
1.32,1,2.53193,-2.50212,-0.00628,0.37767,0.02158,0.09794,0.00993
1.32,2,1.43822,-2.50021,-0.00090,0.55000,-0.00096,0.09371,0.10188
1.34,0,3.63981,-2.50794,0.00458,0.49797,0.01012,0.00000,
1.34,1,2.54009,-2.50216,-0.00562,0.44014,0.02509,0.09973,0.01990
1.34,2,1.44935,-2.50022,-0.00092,0.55962,-0.00072,0.09075,0.11005
1.36,0,3.64976,-2.50790,0.00477,0.49722,0.00981,0.00000,
1.36,1,2.54891,-2.50222,-0.00542,0.47519,-0.00063,0.10086,0.02985
1.36,2,1.46047,-2.50023,-0.00093,0.55155,-0.00076,0.08844,0.11887
1.38,0,3.65970,-2.50785,0.00497,0.49696,0.00952,0.00000,
1.38,1,2.55928,-2.50229,-0.00552,0.53214,-0.00504,0.10044,0.03979
1.38,2,1.47063,-2.50024,-0.00095,0.50943,-0.00081,0.08865,0.12923
1.4,0,3.66964,-2.50780,0.00515,0.49711,0.00923,0.00000,
1.4,1,2.56954,-2.50234,-0.00556,0.49240,0.00020,0.10011,0.04973
1.4,2,1.48085,-2.50025,-0.00097,0.51053,-0.00065,0.08869,0.13950
1.42,0,3.67958,-2.50775,0.00534,0.49723,0.00896,0.00000,
1.42,1,2.58262,-2.50239,-0.00540,0.68324,0.01260,0.09697,0.00994
1.42,2,1.49201,-2.50026,-0.00100,0.65306,-0.00545,0.09061,0.00708
1.44,0,3.68953,-2.50770,0.00551,0.49721,0.00869,0.00000,
1.44,1,2.59603,-2.50245,-0.00514,0.63346,0.01440,0.09351,0.01989
1.44,2,1.50507,-2.50027,-0.00111,0.65306,-0.00548,0.09096,0.02049
1.46,0,3.69947,-2.50764,0.00568,0.49718,0.00844,0.00000,
1.46,1,2.60809,-2.50251,-0.00501,0.52813,-0.00076,0.09140,0.02983
1.46,2,1.51725,-2.50024,-0.00078,0.60731,0.05499,0.09084,0.03254
1.48,0,3.70942,-2.50759,0.00585,0.49717,0.00819,0.00000,
1.48,1,2.61654,-2.50257,-0.00510,0.41371,-0.00417,0.09289,0.03978
1.48,2,1.52914,-2.50025,0.00012,0.54681,0.02535,0.08740,0.04099
1.5,0,3.71936,-2.50753,0.00601,0.49718,0.00795,0.00000,
1.5,1,2.62505,-2.50262,-0.00513,0.43839,0.00019,0.09432,0.04972
1.5,2,1.54060,-2.50030,-0.00097,0.58513,-0.11734,0.08445,0.04950
1.52,0,3.72930,-2.50747,0.00617,0.49718,0.00772,0.00000,
1.52,1,2.63758,-2.50267,-0.00499,0.65181,0.01250,0.09173,0.00994
1.52,2,1.55254,-2.50032,-0.00257,0.69429,-0.01790,0.08504,0.00692
1.54,0,3.73925,-2.50741,0.00632,0.49718,0.00749,0.00000,
1.54,1,2.64972,-2.50272,-0.00470,0.60486,0.01478,0.08954,0.01989
1.54,2,1.56604,-2.50044,-0.00104,0.66298,0.00801,0.08368,0.01906
1.56,0,3.74919,-2.50734,0.00647,0.49718,0.00728,0.00000,
1.56,1,2.66152,-2.50282,-0.00414,0.56231,0.02853,0.08768,0.02983
1.56,2,1.57922,-2.50053,-0.00163,0.65079,-0.03910,0.08230,0.03086
1.58,0,3.75913,-2.50728,0.00661,0.49718,0.00707,0.00000,
1.58,1,2.67113,-2.50285,-0.00391,0.40336,0.00181,0.08801,0.03977
1.58,2,1.59115,-2.50052,-0.00213,0.54128,-0.01408,0.07999,0.04047
1.6,0,3.76908,-2.50721,0.00675,0.49718,0.00687,0.00000,
1.6,1,2.67954,-2.50286,-0.00394,0.43626,-0.00315,0.08954,0.04972
1.6,2,1.60224,-2.50053,-0.00216,0.56655,0.00498,0.07730,0.04888
1.62,0,3.77902,-2.50715,0.00688,0.49718,0.00667,0.00000,
1.62,1,2.69161,-2.50287,-0.00244,0.60466,0.14287,0.08742,0.00994
1.62,2,1.61483,-2.50055,-0.00207,0.78215,0.00248,0.07678,0.00649
1.64,0,3.78841,-2.50708,0.00704,0.46629,0.00709,0.00000,
1.64,1,2.70259,-2.50295,0.00032,0.54466,0.12692,0.08583,0.01933
1.64,2,1.62988,-2.50057,-0.00201,0.72495,0.00375,0.07271,0.01747
1.66,0,3.79784,-2.50701,0.00716,0.47525,0.00552,0.00000,
1.66,1,2.71331,-2.50319,0.00192,0.48591,0.02577,0.08454,0.02877
1.66,2,1.64412,-2.50059,-0.00194,0.67699,0.00266,0.06919,0.02820
1.68,0,3.80736,-2.50694,0.00727,0.47544,0.00580,0.00000,
1.68,1,2.72123,-2.50314,0.00269,0.39614,0.08237,0.08614,0.03829
1.68,2,1.65637,-2.50061,-0.00196,0.52261,-0.00338,0.06487,0.03611
1.7,0,3.81671,-2.50687,0.00738,0.49267,0.00619,0.00000,
1.7,1,2.72951,-2.50303,0.00386,0.42638,0.01849,0.08720,0.04763
1.7,2,1.66709,-2.50063,-0.00200,0.54953,-0.00082,0.06242,0.04439
1.72,0,3.82689,-2.50680,0.00751,0.51494,0.00635,0.00000,
1.72,1,2.74004,-2.50296,0.00359,0.54315,-0.02121,0.08685,0.01019
1.72,2,1.67811,-2.50065,-0.00200,0.53509,-0.00007,0.06193,0.00557
1.74,0,3.83708,-2.50672,0.00762,0.50284,0.00556,0.00000,
1.74,1,2.75078,-2.50289,0.00316,0.50470,-0.02152,0.08630,0.02037
1.74,2,1.68854,-2.50067,-0.00201,0.51780,-0.00052,0.06225,0.01631
1.76,0,3.84701,-2.50665,0.00773,0.49294,0.00532,0.00000,
1.76,1,2.76110,-2.50286,0.00282,0.54066,-0.01241,0.08592,0.03030
1.76,2,1.69899,-2.50069,-0.00202,0.52629,-0.00052,0.06211,0.02662
1.78,0,3.85686,-2.50657,0.00784,0.49374,0.00531,0.00000,
1.78,1,2.76961,-2.50283,0.00263,0.41838,-0.01050,0.08726,0.04016
1.78,2,1.70951,-2.50071,-0.00203,0.52364,-0.00041,0.06010,0.03513
1.8,0,3.86677,-2.50649,0.00794,0.49685,0.00519,0.00000,
1.8,1,2.77804,-2.50280,0.00241,0.42506,-0.01194,0.08874,0.05007
1.8,2,1.71986,-2.50073,-0.00204,0.51180,-0.00039,0.05819,0.04356
1.82,0,3.87672,-2.50641,0.00805,0.49748,0.00503,0.00000,
1.82,1,2.78920,-2.50278,0.00040,0.56920,-0.19225,0.08753,0.00995
1.82,2,1.72999,-2.50076,-0.00202,0.43080,0.00435,0.05921,0.00574
1.84,0,3.88666,-2.50633,0.00814,0.49675,0.00489,0.00000,
1.84,1,2.80058,-2.50274,-0.00347,0.56802,-0.20049,0.08609,0.01989
1.84,2,1.73793,-2.50078,-0.00192,0.39716,0.00505,0.06265,0.01712
1.86,0,3.89659,-2.50625,0.00824,0.49636,0.00477,0.00000,
1.86,1,2.81124,-2.50243,-0.00685,0.53064,-0.07453,0.08536,0.02982
1.86,2,1.74530,-2.50079,-0.00186,0.39626,0.00254,0.06594,0.02778
1.88,0,3.90652,-2.50617,0.00833,0.49647,0.00465,0.00000,
1.88,1,2.82007,-2.50243,-0.00705,0.40664,0.00981,0.08645,0.03975
1.88,2,1.75402,-2.50081,-0.00162,0.41561,0.10326,0.06605,0.03661
1.9,0,3.91645,-2.50609,0.00843,0.49661,0.00453,0.00000,
1.9,1,2.82843,-2.50263,-0.00815,0.42679,-0.06537,0.08803,0.04968
1.9,2,1.76209,-2.50087,0.00011,0.41080,0.01078,0.06633,0.04497
1.92,0,3.92638,-2.50601,0.00852,0.49662,0.00441,0.00000,
1.92,1,2.83959,-2.50278,-0.00850,0.57354,0.00202,0.08679,0.00993
1.92,2,1.77133,-2.50099,-0.00162,0.50886,-0.09902,0.06826,0.05613
1.94,0,3.93631,-2.50592,0.00860,0.49658,0.00430,0.00000,
1.94,1,2.85106,-2.50293,-0.00846,0.57354,0.00194,0.08526,0.01986
1.94,2,1.78212,-2.50099,-0.00259,0.54869,-0.00762,0.06894,0.06760
1.96,0,3.94624,-2.50584,0.00869,0.49656,0.00420,0.00000,
1.96,1,2.86190,-2.50299,-0.00868,0.53114,-0.01615,0.08435,0.02980
1.96,2,1.79279,-2.50099,-0.00233,0.51683,0.01820,0.06911,0.07844
1.98,0,3.95618,-2.50575,0.00877,0.49657,0.00409,0.00000,
1.98,1,2.87063,-2.50307,-0.00901,0.38834,-0.01252,0.08555,0.03973
1.98,2,1.80280,-2.50100,-0.00214,0.49161,0.00181,0.06783,0.08717
2.0,0,3.96611,-2.50566,0.00885,0.49658,0.00399,0.00000,
2.0,1,2.87874,-2.50323,-0.01028,0.41472,-0.09189,0.08737,0.04966
2.0,2,1.81258,-2.50102,-0.00218,0.48870,-0.00333,0.06616,0.09528
2.02,0,3.97604,-2.50557,0.00893,0.49658,0.00390,0.00000,
2.02,1,2.88912,-2.50336,-0.00774,0.54385,0.24551,0.08692,0.00993
2.02,2,1.82213,-2.50104,-0.00222,0.45053,-0.00025,0.06699,0.10566
2.04,0,3.98597,-2.50549,0.00901,0.49658,0.00381,0.00000,
2.04,1,2.89931,-2.50357,-0.00487,0.50658,-0.01399,0.08666,0.01986
2.04,2,1.83122,-2.50106,-0.00219,0.45789,0.00183,0.06809,0.11585
2.06,0,3.99590,-2.50540,0.00908,0.49658,0.00372,0.00000,
2.06,1,2.90962,-2.50399,-0.00664,0.51767,-0.08503,0.08628,0.02979
2.06,2,1.84036,-2.50108,-0.00216,0.45414,0.00102,0.06926,0.12617
2.08,0,4.00583,-2.50531,0.00916,0.49658,0.00364,0.00000,
2.08,1,2.91897,-2.50406,-0.00737,0.40265,-0.00628,0.08687,0.03973
2.08,2,1.84933,-2.50110,-0.00215,0.44338,0.00050,0.06964,0.13551
2.1,0,4.01576,-2.50521,0.00923,0.49658,0.00356,0.00000,
2.1,1,2.92731,-2.50405,-0.00708,0.42952,0.02380,0.08845,0.04966
2.1,2,1.85810,-2.50112,-0.00214,0.43497,0.00064,0.06922,0.14386
2.12,0,4.02569,-2.50512,0.00930,0.49658,0.00348,0.00000,
2.12,1,2.93854,-2.50405,-0.00487,0.54815,0.19137,0.08716,0.00993
2.12,2,1.86750,-2.50114,-0.00213,0.46602,-0.00249,0.07104,0.00574
2.14,0,4.03562,-2.50503,0.00937,0.49658,0.00340,0.00000,
2.14,1,2.94950,-2.50407,-0.00107,0.54783,0.19127,0.08612,0.01986
2.14,2,1.87682,-2.50116,-0.00218,0.46602,-0.00247,0.07268,0.01670
2.16,0,4.04556,-2.50494,0.00943,0.49658,0.00333,0.00000,
2.16,1,2.96031,-2.50445,0.00240,0.52715,0.11226,0.08525,0.02979
2.16,2,1.88599,-2.50118,-0.00222,0.49501,-0.00142,0.07433,0.02751
2.18,0,4.05549,-2.50484,0.00950,0.49658,0.00326,0.00000,
2.18,1,2.96996,-2.50447,0.00275,0.38706,-0.02198,0.08553,0.03973
2.18,2,1.89798,-2.50121,-0.00225,0.65385,-0.00134,0.07199,0.03716
2.2,0,4.06542,-2.50475,0.00956,0.49658,0.00320,0.00000,
2.2,1,2.97799,-2.50440,0.00231,0.41772,-0.01623,0.08743,0.04966
2.2,2,1.91092,-2.50124,-0.00227,0.62325,-0.00064,0.06707,0.04519
2.22,0,4.07535,-2.50465,0.00963,0.49658,0.00313,0.00000,
2.22,1,2.98660,-2.50432,0.00210,0.43519,-0.00612,0.08875,0.05959
2.22,2,1.92221,-2.50127,-0.00228,0.51027,-0.00124,0.06440,0.00435
2.24,0,4.08485,-2.50456,0.00972,0.46339,0.00457,0.00000,
2.24,1,2.99499,-2.50428,0.00199,0.44730,-0.00481,0.08986,0.06909
2.24,2,1.93266,-2.50129,-0.00231,0.48735,-0.00183,0.06234,0.01273
2.26,0,4.09424,-2.50447,0.00978,0.47365,0.00194,0.00000,
2.26,1,3.00423,-2.50426,0.00189,0.46307,-0.00576,0.09001,0.07848
2.26,2,1.94161,-2.50132,-0.00233,0.38735,-0.00160,0.06263,0.02198
2.28,0,4.10375,-2.50437,0.00982,0.47534,0.00241,0.00000,
2.28,1,3.01320,-2.50424,0.00177,0.43526,-0.00592,0.09054,0.08799
2.28,2,1.94912,-2.50134,-0.00235,0.37322,-0.00079,0.06408,0.03095
2.3,0,4.11305,-2.50428,0.00985,0.48717,0.00299,0.00000,
2.3,1,3.02169,-2.50423,0.00165,0.41849,-0.00559,0.09136,0.09729
2.3,2,1.95669,-2.50135,-0.00237,0.38206,-0.00105,0.06501,0.03943
2.32,0,4.12318,-2.50418,0.00992,0.51452,0.00371,0.00000,
2.32,1,3.03003,-2.50421,0.00154,0.41667,-0.00540,0.09315,0.10743
2.32,2,1.96509,-2.50137,-0.00238,0.51939,0.00195,0.06494,0.00417
2.34,0,4.13338,-2.50408,0.00999,0.50385,0.00276,0.00000,
2.34,1,3.03729,-2.50420,0.00145,0.36990,-0.00526,0.09609,0.11763
2.34,2,1.97573,-2.50140,-0.00233,0.46582,0.00283,0.06157,0.01143
2.36,0,4.14332,-2.50398,0.01004,0.49286,0.00252,0.00000,
2.36,1,3.04483,-2.50419,0.00134,0.37914,-0.00528,0.09849,0.12756
2.36,2,1.98487,-2.50142,-0.00232,0.45477,-0.00131,0.05997,0.01897
2.38,0,4.15316,-2.50388,0.01009,0.49293,0.00267,0.00000,
2.38,1,3.05232,-2.50418,0.00124,0.36887,-0.00481,0.10084,0.13741
2.38,2,1.99258,-2.50144,-0.00238,0.31735,-0.00348,0.05974,0.02646
2.4,0,4.16306,-2.50378,0.01014,0.49616,0.00268,0.00000,
2.4,1,3.05945,-2.50417,0.00114,0.36976,-0.00464,0.10361,0.14730
2.4,2,1.99914,-2.50146,-0.00248,0.33861,0.00528,0.06031,0.03359
2.42,0,4.17300,-2.50368,0.01020,0.49704,0.00261,0.00000,
2.42,1,3.06707,-2.50416,0.00105,0.38343,-0.00451,0.10593,0.15724
2.42,2,2.00615,-2.50148,-0.00233,0.35632,0.00498,0.06092,0.04120
2.44,0,4.18293,-2.50358,0.01025,0.49633,0.00257,0.00000,
2.44,1,3.07458,-2.50415,0.00096,0.36800,-0.00444,0.10835,0.16718
2.44,2,2.01303,-2.50150,-0.00232,0.32462,-0.00145,0.06156,0.04872
2.46,0,4.19285,-2.50348,0.01030,0.49588,0.00255,0.00000,
2.46,1,3.08178,-2.50415,0.00087,0.35513,-0.00428,0.11107,0.17710
2.46,2,2.02016,-2.50151,-0.00236,0.37494,-0.00217,0.06163,0.05592
2.48,0,4.20230,-2.50339,0.01090,0.34968,0.27794,0.00000,
2.48,1,3.08884,-2.50414,0.00079,0.35144,-0.00411,0.11346,0.18654
2.48,2,2.02767,-2.50153,-0.00239,0.36972,-0.00052,0.06117,0.06297
2.5,0,4.20657,-2.50371,0.02423,0.14903,0.60275,0.00000,
2.5,1,3.09584,-2.50413,0.00071,0.34859,-0.00397,0.11073,0.19082
2.5,2,2.03481,-2.50155,-0.00239,0.34781,-0.00031,0.06103,0.06998
2.52,0,4.20840,-2.50436,0.03457,0.06256,0.47889,0.00000,
2.52,1,3.10362,-2.50413,0.00083,0.43723,0.01062,0.10479,0.00195
2.52,2,2.04165,-2.50156,-0.00240,0.33973,-0.00064,0.06197,0.07776
2.54,0,4.20957,-2.50509,0.04410,0.03858,0.49513,0.00000,
2.54,1,3.11192,-2.50416,0.00171,0.36542,0.06727,0.09765,0.00330
2.54,2,2.04844,-2.50158,-0.00242,0.33900,-0.00067,0.06348,0.08605
2.56,0,4.21060,-2.50519,0.05658,0.02265,1.29726,0.00000,
2.56,1,3.11700,-2.50415,0.00244,0.14503,0.01181,0.09360,0.00430
2.56,2,2.05513,-2.50160,-0.00243,0.30668,-0.00124,0.06187,0.09114
2.58,0,4.21108,-2.50432,0.09079,0.03980,1.83203,0.00000,
2.58,1,3.11944,-2.50414,0.00230,0.14297,-0.01528,0.09163,0.00455
2.58,2,2.06090,-2.50161,-0.00245,0.29569,-0.00055,0.05854,0.09358
2.6,0,4.21190,-2.50322,0.12776,0.06841,1.86962,0.00000,
2.6,1,3.12285,-2.50413,0.00206,0.17293,-0.00762,0.08905,0.00535
2.6,2,2.06690,-2.50163,-0.00246,0.30043,-0.00020,0.05595,0.09699
2.62,0,4.21448,-2.50252,0.16348,0.18597,1.80264,0.00000,
2.62,1,3.12207,-2.50412,0.00205,-0.10888,0.00113,0.09241,0.00267
2.62,2,2.07133,-2.50164,-0.00244,0.02650,0.00620,0.05074,0.00109
2.64,0,4.21905,-2.50165,0.20143,0.26477,1.96085,0.00000,
2.64,1,3.12036,-2.50409,0.00243,-0.04068,0.04112,0.09869,0.00732
2.64,2,2.07176,-2.50166,-0.00232,0.00404,0.00568,0.04860,0.00280
2.66,0,4.22460,-2.50049,0.24103,0.27927,1.95652,0.00000,
2.66,1,3.12107,-2.50409,0.00353,0.09766,0.03470,0.10354,0.01299
2.66,2,2.07135,-2.50167,-0.00223,-0.02749,0.00276,0.04972,0.00209
2.68,0,4.23043,-2.49905,0.27993,0.31177,1.93057,0.00000,
2.68,1,3.12349,-2.50410,0.00353,0.10012,-0.02107,0.10695,0.01899
2.68,2,2.07071,-2.50167,-0.00222,-0.03474,-0.00105,0.05279,0.00034
2.7,0,4.23651,-2.49732,0.31826,0.31704,1.90924,0.00000,
2.7,1,3.12570,-2.50411,0.00309,0.13514,-0.01635,0.11083,0.02530
2.7,2,2.07002,-2.50166,-0.00225,-0.03318,-0.00088,0.05568,0.00254
2.72,0,4.24256,-2.49535,0.35646,0.32007,1.91350,0.00000,
2.72,1,3.12936,-2.50410,0.00296,0.21131,-0.00098,0.11323,0.03165
2.72,2,2.07031,-2.50166,-0.00224,0.04896,0.00337,0.05906,0.00203
2.74,0,4.24866,-2.49310,0.39486,0.32985,1.92391,0.00000,
2.74,1,3.13342,-2.50409,0.00295,0.18667,-0.00163,0.11529,0.03813
2.74,2,2.07064,-2.50166,-0.00216,0.01875,0.00408,0.06278,0.00609
2.76,0,4.25489,-2.49054,0.43338,0.34222,1.92678,0.00000,
2.76,1,3.13654,-2.50408,0.00288,0.10644,-0.00402,0.11844,0.04482
2.76,2,2.07149,-2.50166,-0.00209,0.07477,0.00269,0.06505,0.00921
2.78,0,4.26114,-2.48766,0.47150,0.35692,1.91855,0.00000,
2.78,1,3.13813,-2.50407,0.00279,0.08636,-0.00483,0.12313,0.05164
2.78,2,2.07462,-2.50166,-0.00204,0.23411,0.00126,0.06352,0.01080
2.8,0,4.26776,-2.48431,0.51011,0.37871,1.93370,0.00000,
2.8,1,3.14021,-2.50407,0.00270,0.11174,-0.00427,0.12772,0.05897
2.8,2,2.08003,-2.50167,-0.00205,0.27262,-0.00109,0.06019,0.01288
2.82,0,4.27440,-2.48059,0.54818,0.39410,1.92611,0.00000,
2.82,1,3.14520,-2.50406,0.00258,0.27567,-0.00639,0.12944,0.00761
2.82,2,2.08485,-2.50167,-0.00207,0.21399,-0.00106,0.06036,0.01788
2.84,0,4.28130,-2.47641,0.58686,0.40828,1.93420,0.00000,
2.84,1,3.15031,-2.50405,0.00245,0.21469,-0.00777,0.13132,0.01568
2.84,2,2.08877,-2.50168,-0.00208,0.18929,-0.00040,0.06155,0.02299
2.86,0,4.28817,-2.47189,0.62544,0.41282,1.92481,0.00000,
2.86,1,3.15434,-2.50405,0.00230,0.22241,-0.00177,0.13429,0.02389
2.86,2,2.09264,-2.50169,-0.00209,0.19907,-0.00037,0.06170,0.02701
2.88,0,4.29486,-2.46705,0.66317,0.42650,1.91974,0.00000,
2.88,1,3.16087,-2.50404,0.00267,0.41092,0.03312,0.13459,0.03213
2.88,2,2.09667,-2.50170,-0.00210,0.18442,-0.00086,0.06421,0.03354
2.9,0,4.30177,-2.46169,0.70188,0.44331,1.93977,0.00000,
2.9,1,3.16982,-2.50401,0.00342,0.43864,0.03783,0.13274,0.04085
2.9,2,2.09991,-2.50171,-0.00212,0.16797,-0.00036,0.06991,0.04250
2.92,0,4.30862,-2.45595,0.74056,0.44843,1.92782,0.00000,
2.92,1,3.17841,-2.50405,0.00762,0.37259,0.28354,0.13123,0.00893
2.92,2,2.10333,-2.50171,-0.00212,0.17039,-0.00021,0.07509,0.05108
2.94,0,4.31529,-2.44990,0.77902,0.45190,1.92120,0.00000,
2.94,1,3.18623,-2.50390,0.01233,0.42697,0.15838,0.13035,0.01794
2.94,2,2.10666,-2.50172,-0.00213,0.16297,-0.00044,0.07958,0.05890
2.96,0,4.32180,-2.44354,0.81746,0.45740,1.92257,0.00000,
2.96,1,3.19571,-2.50379,0.01348,0.50068,0.00615,0.12770,0.02703
2.96,2,2.10975,-2.50173,-0.00213,0.14170,-0.00015,0.08596,0.06839
2.98,0,4.32807,-2.43682,0.85491,0.47259,1.92039,0.00000,
2.98,1,3.20571,-2.50367,0.01371,0.49004,0.02982,0.12435,0.03619
2.98,2,2.11305,-2.50173,-0.00214,0.17949,-0.00050,0.09266,0.07839
3.0,0,4.33442,-2.42956,0.89253,0.48710,1.71105,0.00000,
3.0,1,3.21514,-2.50355,0.01473,0.45831,0.06119,0.12172,0.04580
3.0,2,2.11670,-2.50174,-0.00215,0.17966,-0.00043,0.09844,0.08781
3.02,0,4.34053,-2.42205,0.91969,0.47816,1.13750,0.00000,
3.02,1,3.22416,-2.50342,0.01591,0.44845,0.05383,0.11933,0.05544
3.02,2,2.12013,-2.50175,-0.00216,0.16558,-0.00034,0.10403,0.09684
3.04,0,4.34622,-2.41462,0.94152,0.46021,1.11538,0.00000,
3.04,1,3.23313,-2.50327,0.01686,0.44848,0.04452,0.11661,0.06473
3.04,2,2.12337,-2.50176,-0.00217,0.16034,-0.00034,0.10977,0.10581
3.06,0,4.35162,-2.40722,0.96495,0.45914,1.19716,0.00000,
3.06,1,3.24206,-2.50312,0.01774,0.44372,0.04404,0.11370,0.07383
3.06,2,2.12658,-2.50176,-0.00217,0.16085,-0.00034,0.11548,0.11473
3.08,0,4.35691,-2.39960,0.98837,0.46812,1.13486,0.00000,
3.08,1,3.25024,-2.50297,0.01870,0.41184,0.04483,0.11149,0.08304
3.08,2,2.12979,-2.50177,-0.00218,0.15973,-0.00033,0.12045,0.12292
3.1,0,4.36211,-2.39174,1.01015,0.47224,1.05941,0.00000,
3.1,1,3.25850,-2.50281,0.01954,0.41270,0.04054,0.10918,0.09238
3.1,2,2.13295,-2.50178,-0.00219,0.15666,-0.00031,0.12556,0.13118
3.12,0,4.36714,-2.38375,1.03095,0.47173,1.02675,0.00000,
3.12,1,3.26670,-2.50276,0.02878,0.38037,0.54696,0.10686,0.00944
3.12,2,2.13770,-2.50178,-0.00214,0.47262,0.01419,0.12900,0.00384
3.14,0,4.37200,-2.37567,1.05116,0.47189,0.99562,0.00000,
3.14,1,3.27457,-2.50241,0.03757,0.42089,0.27474,0.10473,0.01887
3.14,2,2.14624,-2.50179,-0.00184,0.35816,0.01670,0.12834,0.01172
3.16,0,4.37671,-2.36747,1.07064,0.47343,0.95656,0.00000,
3.16,1,3.28358,-2.50210,0.03980,0.44065,0.03240,0.10138,0.02833
3.16,2,2.15340,-2.50180,-0.00151,0.35816,0.01676,0.13019,0.02074
3.18,0,4.38126,-2.35915,1.08936,0.47494,0.91940,0.00000,
3.18,1,3.29310,-2.50176,0.04103,0.50737,0.10439,0.09747,0.03781
3.18,2,2.16070,-2.50187,-0.00171,0.40745,-0.02233,0.13240,0.03025
3.2,0,4.38567,-2.35072,1.10737,0.47597,0.88581,0.00000,
3.2,1,3.30327,-2.50135,0.04381,0.49937,0.15128,0.09284,0.04731
3.2,2,2.16914,-2.50188,-0.00201,0.43191,-0.00657,0.13413,0.04043
3.22,0,4.38994,-2.34220,1.12473,0.47682,0.85287,0.00000,
3.22,1,3.31284,-2.50093,0.04661,0.46470,0.12783,0.08873,0.05682
3.22,2,2.17787,-2.50188,-0.00200,0.42887,0.00421,0.13498,0.05002
3.24,0,4.39406,-2.33359,1.14143,0.47768,0.82078,0.00000,
3.24,1,3.32196,-2.50051,0.04895,0.45319,0.11173,0.08502,0.06635
3.24,2,2.18595,-2.50187,-0.00193,0.37727,0.00275,0.13601,0.05915
3.26,0,4.39804,-2.32489,1.15750,0.47854,0.78961,0.00000,
3.26,1,3.32988,-2.50008,0.05157,0.40551,0.11706,0.08243,0.07589
3.26,2,2.19387,-2.50188,-0.00189,0.40982,0.00147,0.13601,0.06708
3.28,0,4.40189,-2.31612,1.17296,0.47932,0.75950,0.00000,
3.28,1,3.33818,-2.49964,0.05369,0.41905,0.10070,0.07943,0.08545
3.28,2,2.20216,-2.50190,-0.00186,0.41296,0.00200,0.13602,0.07539
3.3,0,4.40561,-2.30728,1.18783,0.48002,0.73057,0.00000,
3.3,1,3.34645,-2.49919,0.05570,0.40775,0.10183,0.07641,0.09501
3.3,2,2.21025,-2.50191,-0.00181,0.39689,0.00227,0.13620,0.08367
3.32,0,4.40921,-2.29837,1.20214,0.48067,0.70277,0.00000,
3.32,1,3.35430,-2.49875,0.05765,0.40760,0.10267,0.07377,0.10458
3.32,2,2.21823,-2.50193,-0.00161,0.35143,0.03736,0.13608,0.00399
3.34,0,4.41267,-2.28939,1.21590,0.48129,0.67629,0.00000,
3.34,1,3.36268,-2.49827,0.05974,0.42232,0.10277,0.07057,0.11416
3.34,2,2.22368,-2.50194,-0.00187,0.18831,-0.02806,0.13901,0.01238
3.36,0,4.41602,-2.28036,1.22914,0.48190,0.65108,0.00000,
3.36,1,3.37095,-2.49777,0.06171,0.40573,0.09502,0.06745,0.12374
3.36,2,2.22666,-2.50199,-0.00367,0.18567,-0.17530,0.14430,0.02067
3.38,0,4.41926,-2.27127,1.24190,0.48248,0.62683,0.00000,
3.38,1,3.37887,-2.49728,0.06355,0.39171,0.09088,0.06465,0.13334
3.38,2,2.23203,-2.50202,-0.00591,0.29139,-0.03452,0.14685,0.02861
3.4,0,4.42237,-2.26214,1.25418,0.48299,0.60386,0.00000,
3.4,1,3.38664,-2.49679,0.06535,0.38755,0.08867,0.06199,0.14293
3.4,2,2.23792,-2.50204,-0.00619,0.29252,-0.01197,0.14873,0.03639
3.42,0,4.42538,-2.25295,1.26601,0.48344,0.58168,0.00000,
3.42,1,3.39704,-2.49623,0.06095,0.57205,-0.39667,0.05672,0.00966
3.42,2,2.24423,-2.50223,-0.00812,0.35440,-0.12683,0.15283,0.04681
3.44,0,4.42829,-2.24372,1.27741,0.48385,0.56021,0.00000,
3.44,1,3.40731,-2.49561,0.05994,0.45332,0.26065,0.05159,0.01934
3.44,2,2.25235,-2.50231,-0.00917,0.43567,0.00984,0.15498,0.05709
3.46,0,4.43109,-2.23446,1.28838,0.48424,0.53957,0.00000,
3.46,1,3.41652,-2.49500,0.06896,0.46887,0.49113,0.04749,0.02902
3.46,2,2.26095,-2.50236,-0.00827,0.44630,0.05130,0.15559,0.06632
3.48,0,4.43379,-2.22515,1.29895,0.48460,0.51972,0.00000,
3.48,1,3.42530,-2.49433,0.07762,0.40515,0.38077,0.04379,0.03871
3.48,2,2.26980,-2.50241,-0.00753,0.43218,0.02416,0.15553,0.07513
3.5,0,4.43639,-2.21581,1.30914,0.48494,0.50060,0.00000,
3.5,1,3.43356,-2.49365,0.08365,0.41996,0.26549,0.04060,0.04840
3.5,2,2.27814,-2.50247,-0.00719,0.40708,0.01537,0.15546,0.08342
3.52,0,4.43890,-2.20644,1.31895,0.48525,0.48220,0.00000,
3.52,1,3.44191,-2.49293,0.08907,0.41486,0.28253,0.03734,0.05810
3.52,2,2.28618,-2.50252,-0.00682,0.40020,0.02086,0.15576,0.09179
3.54,0,4.44132,-2.19704,1.32840,0.48553,0.46450,0.00000,
3.54,1,3.45003,-2.49220,0.09491,0.40248,0.29513,0.03430,0.06780
3.54,2,2.29316,-2.50257,-0.00642,0.35661,0.02181,0.15692,0.09994
3.56,0,4.44364,-2.18770,1.33785,0.48551,0.46269,0.00000,
3.56,1,3.45795,-2.49145,0.10071,0.39506,0.28366,0.03143,0.07741
3.56,2,2.30045,-2.50262,-0.00598,0.36725,0.02092,0.15755,0.10790
3.58,0,4.44595,-2.17801,1.34651,0.50460,0.41662,0.00000,
3.58,1,3.46577,-2.49066,0.10623,0.39077,0.27076,0.02883,0.08736
3.58,2,2.30770,-2.50267,-0.00559,0.35699,0.01865,0.15813,0.11575
3.6,0,4.44819,-2.16818,1.35475,0.50236,0.41033,0.00000,
3.6,1,3.47348,-2.48983,0.11154,0.38566,0.26196,0.02641,0.09744
3.6,2,2.31456,-2.50271,-0.00522,0.34335,0.01852,0.15900,0.12350
3.62,0,4.45033,-2.15843,1.36288,0.49642,0.40191,0.00000,
3.62,1,3.48213,-2.48885,0.10397,0.43188,-0.81665,0.02302,0.00998
3.62,2,2.32285,-2.50274,-0.00859,0.51347,-1.21764,0.15937,0.00437
3.64,0,4.45237,-2.14873,1.37074,0.49568,0.38537,0.00000,
3.64,1,3.49042,-2.48803,0.09935,0.40725,0.34616,0.02004,0.01989
3.64,2,2.33283,-2.50278,-0.03662,0.48791,-1.39984,0.15769,0.01270
3.66,0,4.45435,-2.13900,1.37827,0.49739,0.36954,0.00000,
3.66,1,3.49854,-2.48722,0.11262,0.41180,0.72138,0.01726,0.02982
3.66,2,2.34167,-2.50289,-0.06360,0.42340,-1.16477,0.15698,0.02086
3.68,0,4.45625,-2.12922,1.38551,0.49824,0.35601,0.00000,
3.68,1,3.50681,-2.48629,0.12385,0.41675,0.43136,0.01437,0.03978
3.68,2,2.35040,-2.50337,-0.07095,0.40895,0.14581,0.15654,0.02918
3.7,0,4.45809,-2.11943,1.39249,0.49814,0.34296,0.00000,
3.7,1,3.51499,-2.48528,0.13118,0.40698,0.35271,0.01158,0.04974
3.7,2,2.35921,-2.50403,-0.06625,0.45408,0.14838,0.15593,0.03742
3.72,0,4.45985,-2.10963,1.39920,0.49802,0.33002,0.00000,
3.72,1,3.52293,-2.48423,0.13877,0.39649,0.40143,0.00903,0.05970
3.72,2,2.36843,-2.50472,-0.06377,0.45041,0.17971,0.15468,0.00398
3.74,0,4.46151,-2.10047,1.40520,0.47018,0.32176,0.00000,
3.74,1,3.53073,-2.48314,0.14692,0.39154,0.40323,0.00638,0.06901
3.74,2,2.37821,-2.50539,-0.05973,0.52159,0.19004,0.15273,0.01185
3.76,0,4.46309,-2.09111,1.41171,0.47721,0.31878,0.00000,
3.76,1,3.53843,-2.48200,0.15469,0.38743,0.37667,0.00389,0.07850
3.76,2,2.38856,-2.50601,-0.05639,0.50471,0.15235,0.15013,0.01964
3.78,0,4.46461,-2.08168,1.41775,0.47639,0.29015,0.00000,
3.78,1,3.54603,-2.48082,0.16202,0.38167,0.36020,0.00155,0.08804
3.78,2,2.39818,-2.50656,-0.05344,0.46645,0.14769,0.14814,0.02733
3.8,0,4.46605,-2.07250,1.42386,0.47617,0.29223,0.00000,
3.8,1,3.55349,-2.47960,0.16912,0.37552,0.35070,0.00076,0.09733
3.8,2,2.40735,-2.50705,-0.05044,0.45675,0.15029,0.14648,0.03489
3.82,0,4.46752,-2.06259,1.42919,0.51319,0.25591,0.00000,
3.82,1,3.56083,-2.47834,0.17601,0.36994,0.33960,0.00254,0.10734
3.82,2,2.41642,-2.50751,-0.04750,0.42119,0.13184,0.14479,0.04234
3.84,0,4.46897,-2.05245,1.43433,0.50765,0.25949,0.00000,
3.84,1,3.56806,-2.47706,0.18267,0.36463,0.32742,0.00405,0.11757
3.84,2,2.42438,-2.50793,-0.04488,0.40827,0.14174,0.14410,0.04967
3.86,0,4.47033,-2.04254,1.43951,0.49540,0.25589,0.00000,
3.86,1,3.57441,-2.47580,0.19009,0.32263,0.32548,0.00482,0.12757
3.86,2,2.43265,-2.50831,-0.04201,0.41497,0.14075,0.14222,0.05614
3.88,0,4.47162,-2.03275,1.44450,0.49373,0.24389,0.00000,
3.88,1,3.58085,-2.47454,0.19580,0.33004,0.27107,0.00569,0.13744
3.88,2,2.44080,-2.50866,-0.03934,0.38754,0.13204,0.14056,0.06270
3.9,0,4.47287,-2.02292,1.44925,0.49691,0.23349,0.00000,
3.9,1,3.58725,-2.47327,0.20136,0.32182,0.28549,0.00645,0.14734
3.9,2,2.44870,-2.50897,-0.03679,0.41356,0.12153,0.13911,0.06922
3.92,0,4.47407,-2.01304,1.45383,0.49834,0.22529,0.00000,
3.92,1,3.59333,-2.47202,0.20685,0.31947,0.28431,0.00683,0.15728
3.92,2,2.45679,-2.50927,-0.03365,0.36190,0.25386,0.13715,0.00312
3.94,0,4.47524,-2.00314,1.45825,0.49787,0.21713,0.00000,
3.94,1,3.59982,-2.47066,0.21264,0.33588,0.28588,0.00757,0.16724
3.94,2,2.46354,-2.50950,-0.02859,0.34113,0.20421,0.13694,0.00975
3.96,0,4.47635,-1.99325,1.46250,0.49739,0.20888,0.00000,
3.96,1,3.60627,-2.46926,0.21811,0.32336,0.26381,0.00822,0.17718
3.96,2,2.47039,-2.50971,-0.02592,0.33468,0.09630,0.13661,0.01636
3.98,0,4.47743,-1.98336,1.46659,0.49744,0.20099,0.00000,
3.98,1,3.61244,-2.46790,0.22323,0.31094,0.25188,0.00855,0.18711
3.98,2,2.47748,-2.50990,-0.02393,0.36339,0.10943,0.13573,0.02267
4.0,0,4.47846,-1.97347,1.47053,0.49765,0.19348,0.00000,
4.0,1,3.61845,-2.46653,0.22820,0.30726,0.24568,0.00867,0.19705
4.0,2,2.48464,-2.51007,-0.02157,0.34997,0.12042,0.13465,0.02884
4.02,0,4.47946,-1.96356,1.47432,0.49774,0.18626,0.00000,
4.02,1,3.62706,-2.46460,0.23752,0.46067,0.37187,0.01125,0.00995
4.02,2,2.49132,-2.51021,-0.01920,0.34463,0.11256,0.13666,0.03766
4.04,0,4.48042,-1.95365,1.47796,0.49775,0.17928,0.00000,
4.04,1,3.63566,-2.46246,0.24392,0.43552,0.37999,0.01385,0.01991
4.04,2,2.49841,-2.51035,-0.01705,0.35802,0.10520,0.13825,0.04652
4.06,0,4.48134,-1.94389,1.48137,0.46073,0.14652,0.00000,
4.06,1,3.64373,-2.46041,0.25428,0.40214,0.60401,0.01594,0.02971
4.06,2,2.50545,-2.51047,-0.01496,0.34513,0.10385,0.13938,0.05484
4.08,0,4.48220,-1.93460,1.48461,0.47155,0.17195,0.00000,
4.08,1,3.65136,-2.45840,0.26657,0.39204,0.59443,0.01782,0.03904
4.08,2,2.51221,-2.51057,-0.01291,0.33317,0.10106,0.14035,0.06273
4.1,0,4.48303,-1.92513,1.48802,0.47685,0.16521,0.00000,
4.1,1,3.65798,-2.45647,0.27948,0.33375,0.59272,0.01866,0.04855
4.1,2,2.51882,-2.51065,-0.01094,0.32927,0.09697,0.14045,0.06962
4.12,0,4.48382,-1.91574,1.49124,0.44291,0.17872,0.00000,
4.12,1,3.66461,-2.45452,0.28938,0.35071,0.45355,0.01950,0.05797
4.12,2,2.52538,-2.51073,-0.00904,0.32652,0.09337,0.14062,0.07652
4.14,0,4.48458,-1.90622,1.49433,0.50156,0.14048,0.00000,
4.14,1,3.67127,-2.45253,0.29863,0.34246,0.47711,0.02024,0.06752
4.14,2,2.53185,-2.51078,-0.00721,0.32163,0.09021,0.14090,0.08346
4.16,0,4.48536,-1.89601,1.49707,0.51409,0.13692,0.00000,
4.16,1,3.67748,-2.45059,0.30781,0.33752,0.48320,0.02009,0.07776
4.16,2,2.53823,-2.51083,-0.00544,0.31615,0.08707,0.14085,0.08996
4.18,0,4.48611,-1.88590,1.49984,0.50042,0.13869,0.00000,
4.18,1,3.68431,-2.44841,0.31776,0.36689,0.48941,0.02056,0.08790
4.18,2,2.54444,-2.51086,-0.00373,0.28421,0.08446,0.14158,0.09711
4.2,0,4.48681,-1.87601,1.50256,0.49298,0.13345,0.00000,
4.2,1,3.69116,-2.44615,0.32707,0.35217,0.44844,0.02117,0.09781
4.2,2,2.55019,-2.51089,-0.00208,0.29042,0.08100,0.14281,0.10431
4.22,0,4.48749,-1.86616,1.50516,0.49494,0.12703,0.00000,
4.22,1,3.69764,-2.44396,0.33580,0.33515,0.42925,0.02137,0.10768
4.22,2,2.55601,-2.51090,-0.00050,0.29043,0.07764,0.14358,0.11113
4.24,0,4.48814,-1.85625,1.50764,0.49767,0.12230,0.00000,
4.24,1,3.70391,-2.44177,0.34428,0.33095,0.41995,0.02130,0.11761
4.24,2,2.56175,-2.51090,0.00102,0.28361,0.07471,0.14425,0.11776
4.26,0,4.48877,-1.84631,1.51004,0.49788,0.11804,0.00000,
4.26,1,3.70985,-2.43960,0.35316,0.29120,0.47667,0.02087,0.12757
4.26,2,2.56726,-2.51090,0.00250,0.25460,0.07384,0.14481,0.12406
4.28,0,4.48937,-1.83638,1.51235,0.49715,0.11363,0.00000,
4.28,1,3.71540,-2.43752,0.36124,0.29964,0.36274,0.02001,0.13752
4.28,2,2.57242,-2.51088,0.00392,0.26062,0.06955,0.14534,0.12997
4.3,0,4.48995,-1.82646,1.51458,0.49691,0.10930,0.00000,
4.3,1,3.72099,-2.43540,0.36831,0.29587,0.35600,0.01913,0.14745
4.3,2,2.57764,-2.51086,0.00528,0.25980,0.06677,0.14584,0.13592
4.32,0,4.49051,-1.81654,1.51672,0.49707,0.10522,0.00000,
4.32,1,3.72825,-2.43273,0.36795,0.38853,-0.34008,0.01983,0.00994
4.32,2,2.58277,-2.51084,0.00659,0.25344,0.06466,0.14814,0.14364
4.34,0,4.49105,-1.80661,1.51878,0.49720,0.10130,0.00000,
4.34,1,3.73503,-2.43001,0.36347,0.35733,-0.06167,0.02011,0.01988
4.34,2,2.58777,-2.51080,0.00786,0.24827,0.06251,0.15010,0.15091
4.36,0,4.49156,-1.79668,1.52076,0.49720,0.09751,0.00000,
4.36,1,3.74184,-2.42742,0.37127,0.37520,0.70191,0.02024,0.02983
4.36,2,2.59270,-2.51077,0.00909,0.24503,0.06026,0.15215,0.15817
4.38,0,4.49206,-1.78675,1.52267,0.49718,0.09387,0.00000,
4.38,1,3.74878,-2.42467,0.38760,0.35282,0.82614,0.02050,0.03977
4.38,2,2.59757,-2.51072,0.01027,0.24183,0.05806,0.15442,0.16561
4.4,0,4.49254,-1.77681,1.52451,0.49718,0.09036,0.00000,
4.4,1,3.75539,-2.42195,0.40084,0.35832,0.55404,0.02041,0.04971
4.4,2,2.60236,-2.51067,0.01141,0.23812,0.05597,0.15643,0.17273
4.42,0,4.49300,-1.76688,1.52628,0.49720,0.08698,0.00000,
4.42,1,3.76189,-2.41920,0.41124,0.34756,0.52127,0.02018,0.05966
4.42,2,2.60799,-2.51064,0.01349,0.33203,0.37594,0.15752,0.00350
4.44,0,4.49344,-1.75695,1.52799,0.49721,0.08373,0.00000,
4.44,1,3.76816,-2.41647,0.42211,0.33823,0.55618,0.01969,0.06960
4.44,2,2.61416,-2.51067,0.02019,0.29971,0.39459,0.15784,0.01034
4.46,0,4.49387,-1.74701,1.52963,0.49722,0.08060,0.00000,
4.46,1,3.77429,-2.41372,0.43314,0.33473,0.54166,0.01904,0.07955
4.46,2,2.62055,-2.51044,0.03101,0.37991,0.46535,0.15779,0.01706
4.48,0,4.49428,-1.73707,1.53120,0.49722,0.07759,0.00000,
4.48,1,3.78034,-2.41092,0.44365,0.33148,0.51352,0.01828,0.08949
4.48,2,2.62939,-2.51021,0.03497,0.47245,0.02826,0.15522,0.02372
4.5,0,4.49467,-1.72714,1.53272,0.49723,0.07469,0.00000,
4.5,1,3.78628,-2.40810,0.45372,0.32650,0.49631,0.01739,0.09943
4.5,2,2.63857,-2.50994,0.03484,0.43949,0.01302,0.15222,0.03029
4.52,0,4.49505,-1.71749,1.53411,0.46177,0.06397,0.00000,
4.52,1,3.79293,-2.40474,0.44871,0.37885,-0.61606,0.01752,0.00965
4.52,2,2.64816,-2.50965,0.03692,0.60421,0.22082,0.14958,0.00379
4.54,0,4.49540,-1.70814,1.53551,0.47277,0.07282,0.00000,
4.54,1,3.79898,-2.40190,0.44242,0.32741,0.10511,0.01699,0.01901
4.54,2,2.66043,-2.50926,0.03993,0.60722,0.10003,0.14360,0.01047
4.56,0,4.49574,-1.69864,1.53692,0.47623,0.06789,0.00000,
4.56,1,3.80530,-2.39880,0.45519,0.37463,0.90422,0.01667,0.02852
4.56,2,2.67168,-2.50887,0.04256,0.52610,0.12874,0.13895,0.01750
4.58,0,4.49605,-1.68937,1.53831,0.46921,0.06706,0.00000,
4.58,1,3.81229,-2.39529,0.47234,0.39720,0.74360,0.01722,0.03780
4.58,2,2.68064,-2.50843,0.04501,0.33367,0.15060,0.13729,0.02533
4.6,0,4.49638,-1.67943,1.53952,0.51228,0.05767,0.00000,
4.6,1,3.81923,-2.39173,0.48472,0.38094,0.55911,0.01720,0.04774
4.6,2,2.68764,-2.50800,0.04837,0.36709,0.19407,0.13755,0.03313
4.62,0,4.49670,-1.66917,1.54067,0.50898,0.05863,0.00000,
4.62,1,3.82833,-2.38698,0.50051,0.55847,0.75618,0.01920,0.01026
4.62,2,2.69538,-2.50761,0.05126,0.39842,0.09738,0.13936,0.04339
4.64,0,4.49700,-1.65916,1.54185,0.49543,0.05808,0.00000,
4.64,1,3.83727,-2.38233,0.51560,0.45409,0.67295,0.02111,0.02028
4.64,2,2.70330,-2.50722,0.05264,0.39075,0.06000,0.14082,0.05347
4.66,0,4.49729,-1.64930,1.54298,0.49264,0.05532,0.00000,
4.66,1,3.84490,-2.37794,0.52910,0.42919,0.64165,0.02198,0.03014
4.66,2,2.71070,-2.50683,0.05390,0.38830,0.07794,0.14150,0.06226
4.68,0,4.49756,-1.63942,1.54406,0.49583,0.05291,0.00000,
4.68,1,3.85107,-2.37428,0.54166,0.32066,0.59295,0.02124,0.04003
4.68,2,2.71883,-2.50639,0.05565,0.41302,0.08905,0.13992,0.06942
4.7,0,4.49783,-1.62948,1.54510,0.49753,0.05106,0.00000,
4.7,1,3.85672,-2.37087,0.55264,0.33762,0.53727,0.01986,0.04997
4.7,2,2.72690,-2.50595,0.05730,0.39362,0.07699,0.13787,0.07601
4.72,0,4.49808,-1.61954,1.54610,0.49708,0.04924,0.00000,
4.72,1,3.86334,-2.36655,0.56754,0.37743,0.50030,0.01973,0.00995
4.72,2,2.73538,-2.50549,0.05997,0.49771,0.36075,0.13649,0.00402
4.74,0,4.49833,-1.60961,1.54706,0.49645,0.04737,0.00000,
4.74,1,3.86951,-2.36213,0.57710,0.39888,0.62009,0.01934,0.01988
4.74,2,2.74566,-2.50488,0.06901,0.51090,0.36071,0.13288,0.01161
4.76,0,4.49856,-1.59968,1.54799,0.49642,0.04559,0.00000,
4.76,1,3.87640,-2.35752,0.59023,0.41960,0.63692,0.01949,0.02981
4.76,2,2.75510,-2.50424,0.07216,0.48345,0.05033,0.13086,0.01990
4.78,0,4.49879,-1.58976,1.54888,0.49659,0.04389,0.00000,
4.78,1,3.88258,-2.35343,0.60197,0.34812,0.53594,0.01872,0.03974
4.78,2,2.76504,-2.50354,0.07294,0.50201,0.05812,0.12758,0.02731
4.8,0,4.49901,-1.57983,1.54974,0.49665,0.04226,0.00000,
4.8,1,3.88827,-2.34955,0.61229,0.34196,0.51458,0.01742,0.04967
4.8,2,2.77487,-2.50282,0.07480,0.48297,0.11365,0.12390,0.03420
4.82,0,4.49922,-1.56989,1.55057,0.49662,0.04068,0.00000,
4.82,1,3.89384,-2.34565,0.62265,0.33846,0.51726,0.01599,0.05961
4.82,2,2.78332,-2.50213,0.07765,0.41062,0.12353,0.12149,0.04100
4.84,0,4.49942,-1.55996,1.55137,0.49660,0.03916,0.00000,
4.84,1,3.89929,-2.34174,0.63273,0.32361,0.44595,0.01444,0.06954
4.84,2,2.79172,-2.50146,0.07945,0.42788,0.07450,0.11902,0.04770
4.86,0,4.49961,-1.55003,1.55213,0.49660,0.03770,0.00000,
4.86,1,3.90463,-2.33780,0.64195,0.34571,0.50549,0.01280,0.07947
4.86,2,2.80024,-2.50077,0.08099,0.42348,0.08260,0.11635,0.05433
4.88,0,4.49980,-1.54010,1.55287,0.49661,0.03630,0.00000,
4.88,1,3.91024,-2.33360,0.65211,0.34910,0.49484,0.01146,0.08940
4.88,2,2.80853,-2.50009,0.08275,0.41020,0.09039,0.11422,0.06134
4.9,0,4.49997,-1.53017,1.55358,0.49662,0.03495,0.00000,
4.9,1,3.91566,-2.32945,0.66149,0.33446,0.45041,0.00991,0.09933
4.9,2,2.81653,-2.49943,0.08445,0.40750,0.08589,0.11219,0.06816
4.92,0,4.50015,-1.52024,1.55427,0.49662,0.03364,0.00000,
4.92,1,3.92196,-2.32453,0.65197,0.41068,-0.88871,0.00946,0.00993
4.92,2,2.82562,-2.49864,0.08832,0.54987,0.44573,0.11008,0.00411
4.94,0,4.50031,-1.51031,1.55493,0.49662,0.03239,0.00000,
4.94,1,3.92827,-2.31973,0.63656,0.36318,-0.45619,0.00884,0.01986
4.94,2,2.83697,-2.49766,0.09286,0.57513,0.16419,0.10570,0.01203
4.96,0,4.50047,-1.50038,1.55556,0.49662,0.03118,0.00000,
4.96,1,3.93434,-2.31519,0.64304,0.40399,0.86712,0.00782,0.02980
4.96,2,2.84763,-2.49679,0.09701,0.51141,0.20590,0.10178,0.01961
4.98,0,4.50062,-1.49045,1.55617,0.49662,0.03002,0.00000,
4.98,1,3.94073,-2.31042,0.66148,0.38637,0.81085,0.00711,0.03973
4.98,2,2.85657,-2.49584,0.10086,0.33949,0.25386,0.09991,0.02759
5.0,0,4.50076,-1.48052,1.55676,0.49662,0.02890,0.00000,
5.0,1,3.94679,-2.30576,0.67433,0.37625,0.53964,0.00606,0.04966
5.0,2,2.86303,-2.49488,0.10657,0.33513,0.31168,0.10014,0.03523
5.02,0,4.50090,-1.47059,1.55733,0.49662,0.02783,0.00000,
5.02,1,3.95433,-2.29973,0.68633,0.51577,0.51021,0.00691,0.00993
5.02,2,2.87008,-2.49405,0.11072,0.36984,0.11296,0.10152,0.04488
5.04,0,4.50104,-1.46065,1.55787,0.49662,0.02679,0.00000,
5.04,1,3.96150,-2.29396,0.69567,0.40493,0.41161,0.00728,0.01986
5.04,2,2.87721,-2.49329,0.11152,0.38923,0.04236,0.10246,0.05409
5.06,0,4.50116,-1.45072,1.55840,0.49662,0.02579,0.00000,
5.06,1,3.96759,-2.28881,0.70735,0.39838,0.66699,0.00647,0.02980
5.06,2,2.88552,-2.49238,0.11318,0.42524,0.10800,0.10105,0.06205
5.08,0,4.50129,-1.44079,1.55890,0.49662,0.02483,0.00000,
5.08,1,3.97344,-2.28381,0.71984,0.34772,0.53831,0.00536,0.03973
5.08,2,2.89365,-2.49147,0.11540,0.39268,0.10571,0.09957,0.06974
5.1,0,4.50141,-1.43108,1.55937,0.46026,0.02099,0.00000,
5.1,1,3.97874,-2.27923,0.73054,0.35212,0.54145,0.00374,0.04944
5.1,2,2.90116,-2.49060,0.11728,0.37000,0.08618,0.09811,0.07674
5.12,0,4.50152,-1.42176,1.55983,0.47133,0.02402,0.00000,
5.12,1,3.98452,-2.27407,0.74815,0.40482,0.98254,0.00315,0.00933
5.12,2,2.90848,-2.48974,0.11894,0.36938,0.08247,0.09743,0.08448
5.14,0,4.50162,-1.41227,1.56030,0.47570,0.02267,0.00000,
5.14,1,3.99004,-2.26888,0.76124,0.37063,0.47395,0.00225,0.01882
5.14,2,2.91566,-2.48886,0.12081,0.31401,0.14742,0.09667,0.09203
5.16,0,4.50172,-1.40300,1.56076,0.46890,0.02224,0.00000,
5.16,1,3.99558,-2.26358,0.77130,0.38788,0.52744,0.00161,0.02809
5.16,2,2.92206,-2.48802,0.12291,0.32961,0.07437,0.09673,0.09968
5.18,0,4.50182,-1.39306,1.56116,0.51198,0.01924,0.00000,
5.18,1,4.00106,-2.25825,0.78197,0.37585,0.52846,0.00035,0.03803
5.18,2,2.92865,-2.48719,0.12413,0.33148,0.05997,0.09658,0.10730
5.2,0,4.50192,-1.38281,1.56155,0.50851,0.01952,0.00000,
5.2,1,4.00622,-2.25316,0.79199,0.32582,0.42789,0.00161,0.04828
5.2,2,2.93512,-2.48638,0.12548,0.32146,0.07290,0.09619,0.11453
5.22,0,4.50201,-1.37280,1.56194,0.49491,0.01931,0.00000,
5.22,1,4.01116,-2.24863,0.79189,0.33203,-0.18631,0.00400,0.01001
5.22,2,2.94150,-2.48550,0.12336,0.31756,-0.92327,0.09557,0.00333
5.24,0,4.50210,-1.36295,1.56231,0.49214,0.01841,0.00000,
5.24,1,4.01605,-2.24408,0.78847,0.34127,-0.08210,0.00630,0.01986
5.24,2,2.94806,-2.48472,0.10336,0.32135,-0.75380,0.09477,0.01000
5.26,0,4.50218,-1.35307,1.56267,0.49536,0.01761,0.00000,
5.26,1,4.02047,-2.23906,0.79435,0.32872,0.39106,0.00847,0.02974
5.26,2,2.95454,-2.48406,0.10202,0.33594,0.38423,0.09373,0.01667
5.28,0,4.50226,-1.34314,1.56302,0.49706,0.01700,0.00000,
5.28,1,4.02590,-2.23325,0.80464,0.44735,0.64051,0.00956,0.03967
5.28,2,2.96140,-2.48328,0.11158,0.35054,0.42090,0.09347,0.02462
5.3,0,4.50234,-1.33321,1.56335,0.49659,0.01639,0.00000,
5.3,1,4.03230,-2.22670,0.81723,0.45065,0.58715,0.00959,0.04960
5.3,2,2.96857,-2.48245,0.11711,0.36340,0.18322,0.09404,0.03378
5.32,0,4.50241,-1.32328,1.56367,0.49596,0.01577,0.00000,
5.32,1,4.03806,-2.22079,0.82729,0.36997,0.43517,0.01052,0.05953
5.32,2,2.97564,-2.48161,0.12028,0.34857,0.16474,0.09397,0.04203
5.34,0,4.50248,-1.31336,1.56398,0.49593,0.01518,0.00000,
5.34,1,4.04305,-2.21551,0.83686,0.36117,0.50385,0.01240,0.06945
5.34,2,2.98241,-2.48079,0.12410,0.33642,0.20779,0.09331,0.04929
5.36,0,4.50255,-1.30344,1.56428,0.49610,0.01462,0.00000,
5.36,1,4.04792,-2.21013,0.84678,0.36474,0.47847,0.01428,0.07937
5.36,2,2.98905,-2.47996,0.12828,0.33321,0.20382,0.09272,0.05655
5.38,0,4.50262,-1.29352,1.56456,0.49616,0.01408,0.00000,
5.38,1,4.05274,-2.20468,0.85590,0.36160,0.44266,0.01617,0.08929
5.38,2,2.99563,-2.47911,0.13214,0.33060,0.18592,0.09215,0.06382
5.4,0,4.50268,-1.28360,1.56484,0.49612,0.01355,0.00000,
5.4,1,4.05743,-2.19928,0.86464,0.35381,0.43416,0.01819,0.09921
5.4,2,3.00188,-2.47826,0.13606,0.30237,0.19792,0.09179,0.07096
5.42,0,4.50274,-1.27368,1.56511,0.49610,0.01305,0.00000,
5.42,1,4.06291,-2.19280,0.85411,0.43226,-0.91276,0.01894,0.00992
5.42,2,3.00890,-2.47733,0.14131,0.46409,0.57321,0.09173,0.00432
5.44,0,4.50279,-1.26375,1.56536,0.49610,0.01256,0.00000,
5.44,1,4.06845,-2.18629,0.83722,0.40325,-0.52938,0.01967,0.01984
5.44,2,3.01829,-2.47613,0.15175,0.42506,0.35635,0.08943,0.01287
5.46,0,4.50285,-1.25383,1.56561,0.49611,0.01210,0.00000,
5.46,1,4.07381,-2.18023,0.83998,0.43151,0.68389,0.02093,0.02977
5.46,2,3.02703,-2.47483,0.15661,0.47341,0.19706,0.08744,0.02096
5.48,0,4.50290,-1.24391,1.56584,0.49611,0.01165,0.00000,
5.48,1,4.07967,-2.17383,0.85651,0.41803,0.76357,0.02170,0.03969
5.48,2,3.03650,-2.47329,0.16043,0.47338,0.19674,0.08530,0.02964
5.5,0,4.50295,-1.23399,1.56607,0.49611,0.01122,0.00000,
5.5,1,4.08516,-2.16765,0.86976,0.40665,0.57241,0.02287,0.04961
5.5,2,3.04528,-2.47182,0.16494,0.37662,0.31869,0.08346,0.03791
5.52,0,4.50300,-1.22407,1.56629,0.49611,0.01080,0.00000,
5.52,1,4.09025,-2.16175,0.87964,0.37066,0.45528,0.02451,0.05953
5.52,2,3.05293,-2.47044,0.17139,0.41447,0.49401,0.08227,0.00377
5.54,0,4.50304,-1.21414,1.56650,0.49611,0.01040,0.00000,
5.54,1,4.09497,-2.15611,0.88961,0.36730,0.52345,0.02655,0.06945
5.54,2,3.06135,-2.46895,0.18116,0.42572,0.38131,0.07992,0.01113
5.56,0,4.50308,-1.20422,1.56671,0.49611,0.01001,0.00000,
5.56,1,4.09960,-2.15041,0.90000,0.36623,0.50738,0.02863,0.07938
5.56,2,3.06937,-2.46748,0.18585,0.39205,0.15594,0.07792,0.01847
5.58,0,4.50312,-1.19430,1.56690,0.49611,0.00964,0.00000,
5.58,1,4.10412,-2.14472,0.90977,0.36096,0.47574,0.03077,0.08930
5.58,2,3.07685,-2.46608,0.18895,0.37515,0.17562,0.07636,0.02574
5.6,0,4.50316,-1.18438,1.56709,0.49611,0.00928,0.00000,
5.6,1,4.10851,-2.13908,0.91911,0.35433,0.46139,0.03305,0.09922
5.6,2,3.08422,-2.46467,0.19303,0.37583,0.21782,0.07479,0.03289
5.62,0,4.50320,-1.17446,1.56727,0.49611,0.00894,0.00000,
5.62,1,4.11277,-2.13349,0.92821,0.34898,0.44920,0.03546,0.10914
5.62,2,3.09138,-2.46327,0.19884,0.33402,0.48218,0.07331,0.00350
5.64,0,4.50323,-1.16453,1.56745,0.49611,0.00861,0.00000,
5.64,1,4.11692,-2.12794,0.93703,0.34433,0.43331,0.03798,0.11907
5.64,2,3.09768,-2.46200,0.20841,0.32722,0.37443,0.07259,0.01043
5.66,0,4.50327,-1.15461,1.56762,0.49611,0.00829,0.00000,
5.66,1,4.12097,-2.12244,0.94552,0.33945,0.41752,0.04059,0.12899
5.66,2,3.10447,-2.46057,0.21302,0.36086,0.15109,0.07126,0.01726
5.68,0,4.50330,-1.14469,1.56778,0.49611,0.00798,0.00000,
5.68,1,4.12491,-2.11698,0.95371,0.33438,0.40320,0.04332,0.13891
5.68,2,3.11159,-2.45903,0.21597,0.36150,0.16586,0.06950,0.02399
5.7,0,4.50333,-1.13477,1.56794,0.49611,0.00768,0.00000,
5.7,1,4.12875,-2.11157,0.96162,0.32943,0.38949,0.04616,0.14883
5.7,2,3.11848,-2.45752,0.21983,0.34569,0.20740,0.06786,0.03063
5.72,0,4.50336,-1.12484,1.56809,0.49611,0.00740,0.00000,
5.72,1,4.13332,-2.10514,0.98383,0.40923,1.49074,0.04781,0.00992
5.72,2,3.12512,-2.45603,0.22391,0.33718,0.19652,0.06752,0.03851
5.74,0,4.50338,-1.11492,1.56823,0.49611,0.00712,0.00000,
5.74,1,4.13775,-2.09839,1.00933,0.40144,0.85967,0.04924,0.01984
5.74,2,3.13152,-2.45455,0.22794,0.31059,0.22218,0.06741,0.04658
5.76,0,4.50341,-1.10500,1.56837,0.49611,0.00686,0.00000,
5.76,1,4.14213,-2.09159,1.01818,0.43414,0.18275,0.05066,0.02977
5.76,2,3.13764,-2.45311,0.23156,0.31694,0.15822,0.06757,0.05466
5.78,0,4.50343,-1.09508,1.56851,0.49611,0.00661,0.00000,
5.78,1,4.14697,-2.08388,1.02187,0.45939,0.26568,0.05109,0.03969
5.78,2,3.14379,-2.45165,0.23466,0.31357,0.15794,0.06848,0.06375
5.8,0,4.50346,-1.08516,1.56863,0.49611,0.00636,0.00000,
5.8,1,4.15164,-2.07629,1.02951,0.43248,0.44344,0.05172,0.04961
5.8,2,3.14980,-2.45021,0.23792,0.30577,0.16498,0.06935,0.07265
5.82,0,4.50348,-1.07523,1.56876,0.49611,0.00613,0.00000,
5.82,1,4.15734,-2.06633,1.04142,0.59610,0.62924,0.04980,0.00992
5.82,2,3.15568,-2.44879,0.24117,0.30024,0.15876,0.07219,0.08409
5.84,0,4.50350,-1.06531,1.56888,0.49611,0.00590,0.00000,
5.84,1,4.16321,-2.05629,1.05444,0.58125,0.65121,0.04778,0.01984
5.84,2,3.16147,-2.44736,0.24425,0.29650,0.15061,0.07536,0.09570
5.86,0,4.50352,-1.05606,1.56899,0.46774,0.00576,0.00000,
5.86,1,4.16869,-2.04687,1.06570,0.52856,0.38608,0.04585,0.02910
5.86,2,3.16718,-2.44594,0.24720,0.29245,0.14537,0.07809,0.10659
5.88,0,4.50353,-1.04661,1.56911,0.47494,0.00561,0.00000,
5.88,1,4.17312,-2.03969,1.06934,0.40271,0.27431,0.04660,0.03855
5.88,2,3.17253,-2.44456,0.25049,0.27125,0.14988,0.07939,0.11503
5.9,0,4.50355,-1.03727,1.56921,0.44799,0.00566,0.00000,
5.9,1,4.17709,-2.03262,1.07713,0.40856,0.42893,0.04752,0.04789
5.9,2,3.17782,-2.44320,0.25302,0.27299,0.11788,0.08033,0.12312
5.92,0,4.50356,-1.02763,1.56932,0.50449,0.00488,0.00000,
5.92,1,4.18115,-2.02510,1.08852,0.43544,0.58676,0.04829,0.00964
5.92,2,3.18422,-2.44162,0.25895,0.47103,0.93714,0.08044,0.00434
5.94,0,4.50358,-1.01738,1.56941,0.51223,0.00479,0.00000,
5.94,1,4.18509,-2.01759,1.09738,0.41117,0.33268,0.04969,0.01989
5.94,2,3.19295,-2.43930,0.27227,0.39166,0.40999,0.07805,0.01283
5.96,0,4.50359,-1.00729,1.56951,0.49782,0.00474,0.00000,
5.96,1,4.18872,-2.01052,1.10303,0.38862,0.27399,0.05149,0.02998
5.96,2,3.20021,-2.43692,0.27999,0.38590,0.39449,0.07655,0.02077
5.98,0,4.50361,-0.99742,1.56960,0.49154,0.00455,0.00000,
5.98,1,4.19220,-2.00364,1.10899,0.38500,0.31657,0.05330,0.03985
5.98,2,3.20800,-2.43450,0.28619,0.40010,0.31419,0.07438,0.02848
6.0,0,4.50362,-0.98757,1.56969,0.49401,0.00436,0.00000,
6.0,1,4.19563,-1.99674,1.11542,0.38490,0.31766,0.05512,0.04970
6.0,2,3.21552,-2.43217,0.29132,0.40541,0.17641,0.07248,0.03619
6.02,0,4.50363,-0.97766,1.56978,0.49653,0.00420,0.00000,
6.02,1,4.19899,-1.98987,1.12153,0.37960,0.29564,0.05706,0.05961
6.02,2,3.22326,-2.42984,0.29469,0.39816,0.18306,0.07035,0.04383
6.04,0,4.50364,-0.96773,1.56986,0.49651,0.00405,0.00000,
6.04,1,4.20226,-1.98311,1.12728,0.37230,0.28256,0.05917,0.06954
6.04,2,3.23069,-2.42759,0.29884,0.38110,0.22021,0.06842,0.05134
6.06,0,4.50365,-0.95780,1.56994,0.49576,0.00390,0.00000,
6.06,1,4.20542,-1.97644,1.13285,0.36636,0.27518,0.06140,0.07947
6.06,2,3.23788,-2.42537,0.30317,0.37413,0.20848,0.06662,0.05872
6.08,0,4.50366,-0.94789,1.57001,0.49557,0.00375,0.00000,
6.08,1,4.20851,-1.96986,1.13826,0.36135,0.26641,0.06373,0.08938
6.08,2,3.24500,-2.42315,0.30713,0.37156,0.19153,0.06481,0.06599
6.1,0,4.50366,-0.93798,1.57009,0.49573,0.00361,0.00000,
6.1,1,4.21151,-1.96335,1.14348,0.35617,0.25676,0.06618,0.09929
6.1,2,3.25204,-2.42092,0.31089,0.36682,0.18600,0.06300,0.07315
6.12,0,4.50367,-0.92806,1.57016,0.49583,0.00348,0.00000,
6.12,1,4.21444,-1.95692,1.14851,0.35077,0.24776,0.06874,0.10921
6.12,2,3.25883,-2.41874,0.31834,0.33576,0.86371,0.06135,0.00352
6.14,0,4.50368,-0.91815,1.57023,0.49581,0.00335,0.00000,
6.14,1,4.21727,-1.95071,1.15295,0.32331,0.18028,0.07155,0.11912
6.14,2,3.26507,-2.41667,0.33598,0.33336,0.63200,0.06009,0.01034
6.16,0,4.50368,-0.90823,1.57029,0.49578,0.00323,0.00000,
6.16,1,4.21994,-1.94479,1.15758,0.32616,0.25722,0.07469,0.12904
6.16,2,3.27159,-2.41439,0.34145,0.35246,0.08051,0.05825,0.01684
6.18,0,4.50369,-0.89832,1.57036,0.49577,0.00311,0.00000,
6.18,1,4.22256,-1.93883,1.16258,0.32346,0.23542,0.07783,0.13895
6.18,2,3.27822,-2.41204,0.34307,0.34815,0.13404,0.05627,0.02334
6.2,0,4.50369,-0.88840,1.57042,0.49578,0.00299,0.00000,
6.2,1,4.22506,-1.93316,1.16643,0.29810,0.17897,0.08128,0.14887
6.2,2,3.28464,-2.40974,0.34724,0.33608,0.24773,0.05428,0.02954
6.22,0,4.50370,-0.87848,1.57048,0.49579,0.00288,0.00000,
6.22,1,4.22801,-1.92544,1.16360,0.43439,-0.35838,0.08264,0.00992
6.22,2,3.29094,-2.40747,0.35297,0.26820,0.43008,0.05378,0.00435
6.24,0,4.50370,-0.86857,1.57053,0.49578,0.00278,0.00000,
6.24,1,4.23105,-1.91820,1.15898,0.35512,-0.17324,0.08447,0.01983
6.24,2,3.29562,-2.40550,0.35893,0.23137,0.30602,0.05475,0.01219
6.26,0,4.50370,-0.85865,1.57059,0.49578,0.00267,0.00000,
6.26,1,4.23460,-1.91035,1.15762,0.48837,0.13605,0.08558,0.02975
6.26,2,3.29904,-2.40397,0.36904,0.21477,0.54697,0.05780,0.02081
6.28,0,4.50370,-0.84874,1.57064,0.49578,0.00258,0.00000,
6.28,1,4.23873,-1.90090,1.16432,0.51939,0.42282,0.08502,0.03966
6.28,2,3.30394,-2.40198,0.37446,0.27314,-0.00733,0.06062,0.03112
6.3,0,4.50371,-0.83882,1.57069,0.49578,0.00248,0.00000,
6.3,1,4.24267,-1.89174,1.17224,0.47952,0.35082,0.08479,0.04958
6.3,2,3.30923,-2.39989,0.37160,0.28487,-0.16682,0.06279,0.04109
6.32,0,4.50371,-0.82891,1.57074,0.49578,0.00239,0.00000,
6.32,1,4.24728,-1.87990,1.18146,0.69681,0.50328,0.08182,0.00992
6.32,2,3.31605,-2.39737,0.37186,0.49682,0.52382,0.06535,0.00694
6.34,0,4.50371,-0.81899,1.57078,0.49578,0.00230,0.00000,
6.34,1,4.25218,-1.86760,1.19339,0.58210,0.71623,0.07836,0.01983
6.34,2,3.32494,-2.39386,0.38572,0.45874,0.58888,0.06617,0.02017
6.36,0,4.50371,-0.80907,1.57083,0.49578,0.00222,0.00000,
6.36,1,4.25626,-1.85742,1.20135,0.49744,0.10087,0.07715,0.02975
6.36,2,3.33348,-2.39034,0.39446,0.49937,0.26052,0.06561,0.03114
6.38,0,4.50371,-0.79916,1.57087,0.49578,0.00213,0.00000,
6.38,1,4.25976,-1.85027,1.19886,0.38066,-0.13862,0.07905,0.03966
6.38,2,3.34425,-2.38580,0.39845,0.63207,0.17589,0.06063,0.03908
6.4,0,4.50371,-0.78924,1.57092,0.49578,0.00206,0.00000,
6.4,1,4.26300,-1.84331,1.19771,0.39310,0.08419,0.08120,0.04958
6.4,2,3.35587,-2.38086,0.40231,0.61418,0.21263,0.05444,0.04676
6.42,0,4.50371,-0.77933,1.57096,0.49578,0.00198,0.00000,
6.42,1,4.26601,-1.83564,1.20291,0.42372,0.35155,0.08273,0.05949
6.42,2,3.36590,-2.37649,0.40815,0.46298,0.54393,0.05011,0.00420
6.44,0,4.50370,-0.76941,1.57099,0.49578,0.00191,0.00000,
6.44,1,4.26900,-1.82784,1.21032,0.38990,0.44004,0.08414,0.06941
6.44,2,3.37300,-2.37324,0.42172,0.32013,0.71839,0.04894,0.01255
6.46,0,4.50370,-0.75950,1.57103,0.49578,0.00184,0.00000,
6.46,1,4.27198,-1.81992,1.21629,0.44350,0.21575,0.08545,0.07933
6.46,2,3.37875,-2.37043,0.43571,0.32039,0.61351,0.04925,0.02101
6.48,0,4.50370,-0.74958,1.57107,0.49578,0.00177,0.00000,
6.48,1,4.27507,-1.81156,1.22037,0.44003,0.21719,0.08631,0.08924
6.48,2,3.38478,-2.36757,0.44229,0.34486,0.14436,0.04965,0.02992
6.5,0,4.50370,-0.73966,1.57110,0.49578,0.00170,0.00000,
6.5,1,4.27800,-1.80355,1.22521,0.41643,0.25514,0.08756,0.09916
6.5,2,3.39110,-2.36461,0.44419,0.33736,0.06839,0.04947,0.03846
6.52,0,4.50369,-0.72975,1.57114,0.49578,0.00164,0.00000,
6.52,1,4.28081,-1.79594,1.23423,0.37200,0.42997,0.08923,0.00992
6.52,2,3.39759,-2.36150,0.44881,0.40327,0.48620,0.04878,0.00376
6.54,0,4.50369,-0.71983,1.57117,0.49578,0.00158,0.00000,
6.54,1,4.28345,-1.78850,1.24160,0.43110,0.28239,0.09113,0.01983
6.54,2,3.40539,-2.35767,0.45949,0.43828,0.45966,0.04639,0.01165
6.56,0,4.50369,-0.70992,1.57120,0.49578,0.00152,0.00000,
6.56,1,4.28644,-1.78007,1.24523,0.47451,0.20603,0.09198,0.02975
6.56,2,3.41284,-2.35403,0.46537,0.39031,0.18637,0.04528,0.02059
6.58,0,4.50368,-0.70000,1.57123,0.49578,0.00147,0.00000,
6.58,1,4.28952,-1.77110,1.25024,0.45078,0.32160,0.09230,0.03966
6.58,2,3.41942,-2.35075,0.46849,0.35562,0.16155,0.04550,0.03008
6.6,0,4.50368,-0.69009,1.57126,0.49578,0.00141,0.00000,
6.6,1,4.29239,-1.76263,1.25647,0.46931,0.23104,0.09315,0.04958
6.6,2,3.42575,-2.34755,0.47232,0.35693,0.21107,0.04556,0.03903
6.62,0,4.50367,-0.68017,1.57129,0.49578,0.00136,0.00000,
6.62,1,4.29537,-1.75352,1.26035,0.47869,0.18875,0.09337,0.05949
6.62,2,3.43154,-2.34452,0.47746,0.32578,0.22041,0.04665,0.04861
6.64,0,4.50367,-0.67026,1.57131,0.49578,0.00131,0.00000,
6.64,1,4.29822,-1.74463,1.26451,0.45619,0.22242,0.09384,0.06941
6.64,2,3.43737,-2.34148,0.48107,0.32854,0.16406,0.04752,0.05794
6.66,0,4.50366,-0.66034,1.57134,0.49578,0.00126,0.00000,
6.66,1,4.30091,-1.73610,1.26903,0.44206,0.22357,0.09470,0.07933
6.66,2,3.44311,-2.33848,0.48445,0.32007,0.17622,0.04818,0.06688
6.68,0,4.50366,-0.65042,1.57136,0.49578,0.00122,0.00000,
6.68,1,4.30352,-1.72789,1.27288,0.38055,0.06652,0.09589,0.08924
6.68,2,3.44870,-2.33554,0.48807,0.31232,0.18218,0.04879,0.07550
6.7,0,4.50365,-0.64051,1.57139,0.49578,0.00117,0.00000,
6.7,1,4.30592,-1.72048,1.27618,0.39713,0.22930,0.09792,0.09916
6.7,2,3.45417,-2.33263,0.49163,0.30819,0.17303,0.04891,0.08328
6.72,0,4.50365,-0.63059,1.57141,0.49578,0.00113,0.00000,
6.72,1,4.30827,-1.71281,1.28096,0.40063,0.22608,0.09972,0.10907
6.72,2,3.46024,-2.32948,0.48902,0.39884,-1.22247,0.04855,0.00401
6.74,0,4.50364,-0.62068,1.57143,0.49578,0.00109,0.00000,
6.74,1,4.31054,-1.70525,1.28491,0.38943,0.17845,0.10163,0.11899
6.74,2,3.46713,-2.32595,0.46221,0.38716,-1.34012,0.04720,0.01191
6.76,0,4.50364,-0.61076,1.57145,0.49578,0.00105,0.00000,
6.76,1,4.31269,-1.69800,1.28887,0.39135,0.17271,0.10388,0.12890
6.76,2,3.47356,-2.32271,0.44738,0.36662,-0.03311,0.04614,0.01947
6.78,0,4.50363,-0.60085,1.57147,0.49578,0.00101,0.00000,
6.78,1,4.31493,-1.69027,1.29206,0.40458,0.15848,0.10565,0.13882
6.78,2,3.48074,-2.31922,0.45878,0.39440,0.80832,0.04472,0.02752
6.8,0,4.50362,-0.59154,1.57150,0.46629,0.00102,0.00000,
6.8,1,4.31711,-1.68264,1.29538,0.38891,0.17100,0.10693,0.14812
6.8,2,3.48741,-2.31594,0.47128,0.36657,0.40991,0.04377,0.03545
6.82,0,4.50362,-0.58211,1.57151,0.47436,0.00086,0.00000,
6.82,1,4.31941,-1.67410,1.30678,0.43789,0.79787,0.10741,0.00943
6.82,2,3.49441,-2.31246,0.46977,0.44607,-1.24206,0.04314,0.00440
6.84,0,4.50361,-0.57272,1.57153,0.44091,0.00069,0.00000,
6.84,1,4.32171,-1.66554,1.31736,0.42822,0.32351,0.10785,0.01882
6.84,2,3.50245,-2.30859,0.44498,0.44791,-1.21225,0.04148,0.01326
6.86,0,4.50360,-0.56325,1.57155,0.50981,0.00093,0.00000,
6.86,1,4.32408,-1.65648,1.31961,0.49265,0.03455,0.10787,0.02829
6.86,2,3.51015,-2.30479,0.43418,0.38487,0.09841,0.04057,0.02263
6.88,0,4.50359,-0.55271,1.57157,0.53100,0.00090,0.00000,
6.88,1,4.32653,-1.64690,1.32132,0.48753,0.14376,0.10842,0.03884
6.88,2,3.51744,-2.30134,0.44751,0.41734,0.85760,0.04063,0.03252
6.9,0,4.50359,-0.54228,1.57158,0.51150,0.00079,0.00000,
6.9,1,4.32885,-1.63775,1.32504,0.45989,0.20081,0.10932,0.04926
6.9,2,3.52494,-2.29773,0.46136,0.37639,0.60237,0.04012,0.04195
6.92,0,4.50358,-0.53221,1.57160,0.49985,0.00076,0.00000,
6.92,1,4.33108,-1.62939,1.33147,0.38970,0.34476,0.11066,0.01007
6.92,2,3.53161,-2.29437,0.46988,0.37067,0.33475,0.03988,0.05060
6.94,0,4.50357,-0.52220,1.57161,0.50232,0.00075,0.00000,
6.94,1,4.33323,-1.62142,1.33664,0.45354,0.15937,0.11234,0.02008
6.94,2,3.53814,-2.29104,0.47657,0.36368,0.35586,0.03950,0.05886
6.96,0,4.50356,-0.51268,1.57163,0.47425,0.00080,0.00000,
6.96,1,4.33560,-1.61160,1.33891,0.53390,0.10820,0.11168,0.02960
6.96,2,3.54454,-2.28772,0.48421,0.35797,0.39429,0.04063,0.06896
6.98,0,4.50355,-0.50307,1.57164,0.48407,0.00061,0.00000,
6.98,1,4.33804,-1.60123,1.34162,0.52079,0.15725,0.11057,0.03921
6.98,2,3.55083,-2.28441,0.49197,0.35329,0.37821,0.04232,0.07961
7.0,0,4.50355,-0.49338,1.57166,0.48333,0.00063,0.00000,
7.0,1,4.34031,-1.59149,1.34495,0.48650,0.16608,0.11017,0.04890
7.0,2,3.55701,-2.28110,0.49928,0.34826,0.35670,0.04361,0.08961
7.02,0,4.50354,-0.48376,1.57167,0.48004,0.00065,0.00000,
7.02,1,4.34288,-1.58019,1.34978,0.62560,0.25777,0.10814,0.00963
7.02,2,3.56308,-2.27780,0.50628,0.34294,0.34517,0.04630,0.10120
7.04,0,4.50353,-0.47428,1.57168,0.47869,0.00059,0.00000,
7.04,1,4.34547,-1.56910,1.35509,0.55675,0.17550,0.10616,0.01910
7.04,2,3.56903,-2.27450,0.51307,0.33782,0.33496,0.04903,0.11259
7.06,0,4.50352,-0.46442,1.57169,0.50103,0.00063,0.00000,
7.06,1,4.34782,-1.55853,1.35722,0.52683,0.08835,0.10513,0.02897
7.06,2,3.57487,-2.27121,0.51964,0.33288,0.32308,0.05137,0.12341
7.08,0,4.50351,-0.45450,1.57170,0.50157,0.00056,0.00000,
7.08,1,4.34994,-1.55017,1.35647,0.38730,-0.07740,0.10638,0.03888
7.08,2,3.58056,-2.26794,0.52604,0.30924,0.34322,0.05220,0.13203
7.1,0,4.50350,-0.44430,1.57172,0.51307,0.00058,0.00000,
7.1,1,4.35186,-1.54245,1.35591,0.41297,0.06324,0.10857,0.04908
7.1,2,3.58589,-2.26483,0.53233,0.30826,0.29543,0.05287,0.13999
7.12,0,4.50349,-0.43409,1.57173,0.50772,0.00053,0.00000,
7.12,1,4.35363,-1.53483,1.35809,0.35476,-0.02759,0.11090,0.01021
7.12,2,3.59118,-2.26172,0.53804,0.30553,0.28154,0.05341,0.14781
7.14,0,4.50348,-0.42400,1.57174,0.50284,0.00050,0.00000,
7.14,1,4.35541,-1.52773,1.35665,0.42566,-0.04687,0.11362,0.02031
7.14,2,3.59638,-2.25861,0.54365,0.30015,0.27897,0.05371,0.15513
7.16,0,4.50347,-0.41394,1.57175,0.50305,0.00049,0.00000,
7.16,1,4.35764,-1.51794,1.35845,0.52359,0.22254,0.11359,0.03036
7.16,2,3.60147,-2.25554,0.54915,0.29500,0.27083,0.05634,0.16517
7.18,0,4.50346,-0.40386,1.57176,0.50453,0.00048,0.00000,
7.18,1,4.36004,-1.50705,1.36253,0.56422,0.17737,0.11247,0.04044
7.18,2,3.60646,-2.25248,0.55444,0.29074,0.26014,0.05998,0.17632
7.2,0,4.50345,-0.39434,1.57177,0.47293,0.00054,0.00000,
7.2,1,4.36230,-1.49645,1.36559,0.52035,0.14135,0.11111,0.04996
7.2,2,3.61137,-2.24945,0.55954,0.28664,0.25072,0.06344,0.18715
7.22,0,4.50345,-0.38477,1.57178,0.48192,0.00034,0.00000,
7.22,1,4.36461,-1.48534,1.36992,0.59013,0.24197,0.10929,0.00957
7.22,2,3.61713,-2.24597,0.56645,0.42373,0.78819,0.06643,0.00588
7.24,0,4.50344,-0.37512,1.57179,0.48200,0.00039,0.00000,
7.24,1,4.36685,-1.47437,1.37394,0.52703,0.16284,0.10770,0.01922
7.24,2,3.62448,-2.24173,0.58215,0.42338,0.78767,0.06769,0.01708
7.26,0,4.50343,-0.36551,1.57179,0.47918,0.00042,0.00000,
7.26,1,4.36879,-1.46464,1.37670,0.47962,0.12944,0.10734,0.02883
7.26,2,3.63065,-2.23740,0.59588,0.39452,0.82956,0.06865,0.02700
7.28,0,4.50342,-0.35602,1.57180,0.48720,0.00041,0.00000,
7.28,1,4.37058,-1.45621,1.37825,0.42649,0.11168,0.10818,0.03832
7.28,2,3.63757,-2.23269,0.61469,0.43215,0.64883,0.06781,0.03561
7.3,0,4.50341,-0.34618,1.57181,0.49325,0.00033,0.00000,
7.3,1,4.37233,-1.44749,1.38149,0.45450,0.17813,0.10908,0.04816
7.3,2,3.64427,-2.22811,0.62811,0.41169,0.74628,0.06744,0.04450
7.32,0,4.50340,-0.33603,1.57182,0.51441,0.00041,0.00000,
7.32,1,4.37405,-1.43860,1.38468,0.44729,0.13957,0.11013,0.05831
7.32,2,3.65022,-2.22371,0.64155,0.21952,0.73012,0.06786,0.00450
7.34,0,4.50339,-0.32577,1.57182,0.50968,0.00036,0.00000,
7.34,1,4.37568,-1.43001,1.38718,0.42985,0.11906,0.11160,0.06857
7.34,2,3.65359,-2.22115,0.65949,0.22501,1.01862,0.07113,0.01325
7.36,0,4.50338,-0.31567,1.57183,0.50214,0.00033,0.00000,
7.36,1,4.37722,-1.42175,1.38975,0.41853,0.13237,0.11325,0.07867
7.36,2,3.65722,-2.21813,0.67836,0.26299,0.66459,0.07359,0.02165
7.38,0,4.50337,-0.30564,1.57184,0.50142,0.00032,0.00000,
7.38,1,4.37876,-1.41331,1.39218,0.43442,0.11571,0.11465,0.08870
7.38,2,3.66234,-2.21418,0.68555,0.33427,0.07373,0.07455,0.03024
7.4,0,4.50335,-0.29559,1.57184,0.50343,0.00032,0.00000,
7.4,1,4.38029,-1.40482,1.39448,0.42610,0.11504,0.11603,0.09875
7.4,2,3.66787,-2.20990,0.68319,0.36126,-0.11247,0.07504,0.03886
7.42,0,4.50334,-0.28551,1.57185,0.50419,0.00030,0.00000,
7.42,1,4.38176,-1.39658,1.39677,0.41281,0.11387,0.11770,0.10883
7.42,2,3.67398,-2.20486,0.68789,0.43715,0.63314,0.07437,0.00415
7.44,0,4.50333,-0.27601,1.57186,0.47197,0.00038,0.00000,
7.44,1,4.38318,-1.38853,1.39900,0.40600,0.10931,0.11900,0.11834
7.44,2,3.68093,-2.19908,0.70112,0.45463,0.54962,0.07244,0.01232
7.46,0,4.50332,-0.26645,1.57186,0.48093,0.00017,0.00000,
7.46,1,4.38456,-1.38058,1.40114,0.40183,0.10500,0.12043,0.12789
7.46,2,3.68769,-2.19338,0.70868,0.42714,0.26805,0.07064,0.02040
7.48,0,4.50331,-0.25682,1.57187,0.48121,0.00024,0.00000,
7.48,1,4.38590,-1.37271,1.40320,0.39629,0.10161,0.12205,0.13752
7.48,2,3.69395,-2.18803,0.71345,0.40203,0.24503,0.06937,0.02838
7.5,0,4.50330,-0.24727,1.57187,0.45989,0.00012,0.00000,
7.5,1,4.38719,-1.36541,1.40478,0.36643,0.09185,0.12416,0.14708
7.5,2,3.69998,-2.18281,0.71894,0.39894,0.29278,0.06789,0.03579
7.52,0,4.50329,-0.23770,1.57188,0.49152,0.00029,0.00000,
7.52,1,4.38865,-1.35579,1.41204,0.52890,0.51456,0.12395,0.00956
7.52,2,3.70596,-2.17757,0.72479,0.37814,0.28187,0.06836,0.04552
7.54,0,4.50328,-0.22785,1.57188,0.50263,0.00024,0.00000,
7.54,1,4.39026,-1.34612,1.41975,0.45688,0.26257,0.12397,0.01942
7.54,2,3.71134,-2.17284,0.73008,0.35772,0.25886,0.06976,0.05532
7.56,0,4.50327,-0.21761,1.57189,0.51470,0.00027,0.00000,
7.56,1,4.39185,-1.33616,1.42136,0.53016,0.00010,0.12409,0.02966
7.56,2,3.71667,-2.16808,0.73523,0.35673,0.25515,0.07142,0.06540
7.58,0,4.50326,-0.20739,1.57189,0.50629,0.00022,0.00000,
7.58,1,4.39343,-1.32571,1.42188,0.51831,0.06622,0.12369,0.03987
7.58,2,3.72193,-2.16333,0.74024,0.35112,0.24618,0.07356,0.07598
7.6,0,4.50325,-0.19735,1.57190,0.50039,0.00020,0.00000,
7.6,1,4.39489,-1.31646,1.42303,0.42236,0.03199,0.12434,0.04992
7.6,2,3.72706,-2.15865,0.74507,0.34440,0.23820,0.07484,0.08534
7.62,0,4.50324,-0.18734,1.57190,0.50121,0.00021,0.00000,
7.62,1,4.39624,-1.30793,1.42641,0.41998,0.22620,0.12569,0.01001
7.62,2,3.73256,-2.15358,0.74355,0.42212,-1.20610,0.07498,0.00418
7.64,0,4.50323,-0.17729,1.57190,0.50316,0.00020,0.00000,
7.64,1,4.39745,-1.29912,1.43142,0.47377,0.19730,0.12681,0.02006
7.64,2,3.73870,-2.14811,0.72097,0.39765,-1.03659,0.07459,0.01308
7.66,0,4.50322,-0.16722,1.57191,0.50346,0.00019,0.00000,
7.66,1,4.39887,-1.28945,1.43386,0.46351,0.11950,0.12707,0.03013
7.66,2,3.74457,-2.14358,0.70446,0.35133,-0.54300,0.07594,0.02285
7.68,0,4.50320,-0.15753,1.57192,0.46762,0.00042,0.00000,
7.68,1,4.40035,-1.27927,1.43524,0.54202,0.05169,0.12645,0.03982
7.68,2,3.75037,-2.13886,0.70678,0.39946,0.55241,0.07766,0.03313
7.7,0,4.50319,-0.14805,1.57192,0.47844,0.00008,0.00000,
7.7,1,4.40182,-1.26856,1.43655,0.53015,0.07939,0.12508,0.04930
7.7,2,3.75624,-2.13385,0.71854,0.39589,0.56906,0.07959,0.04395
7.72,0,4.50318,-0.13844,1.57192,0.48121,0.00011,0.00000,
7.72,1,4.40348,-1.25614,1.43955,0.63264,0.21396,0.12214,0.00961
7.72,2,3.76220,-2.12864,0.72772,0.39160,0.38080,0.08282,0.05648
7.74,0,4.50317,-0.12884,1.57192,0.47858,0.00018,0.00000,
7.74,1,4.40518,-1.24388,1.44238,0.60445,0.07207,0.11934,0.01921
7.74,2,3.76791,-2.12356,0.73464,0.37429,0.33890,0.08626,0.06885
7.76,0,4.50316,-0.11946,1.57192,0.49105,0.00017,0.00000,
7.76,1,4.40668,-1.23336,1.44244,0.40577,-0.11822,0.11807,0.02859
7.76,2,3.77338,-2.11862,0.74167,0.36600,0.36109,0.08846,0.07948
7.78,0,4.50315,-0.10924,1.57193,0.51899,0.00024,0.00000,
7.78,1,4.40810,-1.22534,1.44013,0.41063,-0.10714,0.12014,0.03881
7.78,2,3.77876,-2.11369,0.74889,0.36372,0.35633,0.08868,0.08762
7.8,0,4.50314,-0.09894,1.57193,0.50883,0.00014,0.00000,
7.8,1,4.40932,-1.21683,1.44008,0.44529,0.08270,0.12182,0.04911
7.8,2,3.78406,-2.10877,0.75581,0.35974,0.33760,0.08926,0.09622
7.82,0,4.50313,-0.08890,1.57194,0.49780,0.00012,0.00000,
7.82,1,4.41045,-1.20816,1.44292,0.43101,0.16394,0.12308,0.05915
7.82,2,3.78954,-2.10372,0.76488,0.35749,0.88645,0.08975,0.00424
7.84,0,4.50312,-0.07896,1.57194,0.49771,0.00013,0.00000,
7.84,1,4.41164,-1.19884,1.44501,0.48877,0.06745,0.12361,0.06909
7.84,2,3.79477,-2.09889,0.78145,0.35950,0.84165,0.09116,0.01363
7.86,0,4.50310,-0.06897,1.57194,0.50091,0.00013,0.00000,
7.86,1,4.41285,-1.18925,1.44620,0.47165,0.06357,0.12391,0.07908
7.86,2,3.79999,-2.09343,0.79652,0.40292,0.54567,0.09231,0.02330
7.88,0,4.50309,-0.05894,1.57194,0.50182,0.00013,0.00000,
7.88,1,4.41398,-1.18022,1.44769,0.44387,0.08159,0.12482,0.08911
7.88,2,3.80606,-2.08732,0.80318,0.44390,0.23455,0.09197,0.03240
7.9,0,4.50308,-0.04891,1.57195,0.50114,0.00012,0.00000,
7.9,1,4.41505,-1.17152,1.44933,0.43667,0.07946,0.12605,0.09914
7.9,2,3.81208,-2.08117,0.80774,0.42739,0.26200,0.09135,0.04117
7.92,0,4.50307,-0.03889,1.57195,0.50068,0.00012,0.00000,
7.92,1,4.41621,-1.16120,1.45496,0.53312,0.39271,0.12566,0.01002
7.92,2,3.81840,-2.07472,0.81577,0.41467,0.64333,0.09174,0.00532
7.94,0,4.50306,-0.02956,1.57196,0.47172,0.00013,0.00000,
7.94,1,4.41741,-1.15068,1.45993,0.52374,0.10965,0.12438,0.01935
7.94,2,3.82406,-2.06908,0.82515,0.40061,0.48376,0.09340,0.01591
7.96,0,4.50305,-0.02003,1.57196,0.47929,-0.00000,0.00000,
7.96,1,4.41854,-1.14052,1.46046,0.49249,0.01231,0.12367,0.02888
7.96,2,3.82957,-2.06289,0.83588,0.39958,0.33875,0.09437,0.02613
7.98,0,4.50304,-0.01045,1.57196,0.47829,0.00009,0.00000,
7.98,1,4.41966,-1.13047,1.46112,0.51386,0.05640,0.12313,0.03846
7.98,2,3.83548,-2.05639,0.84213,0.44771,0.28463,0.09480,0.03623
8.0,0,4.50302,-0.00113,1.57196,0.47781,0.00005,0.00000,
8.0,1,4.42078,-1.12025,1.46259,0.51129,0.08004,0.12214,0.04778
8.0,2,3.84145,-2.04977,0.84603,0.46770,0.04903,0.09528,0.04652
8.02,0,4.50301,0.00894,1.57196,0.51616,0.00020,0.00000,
8.02,1,4.42187,-1.11025,1.46408,0.49591,0.06818,0.12212,0.05785
8.02,2,3.84834,-2.04199,0.84881,0.60756,0.40122,0.09411,0.00499
8.04,0,4.50300,0.01924,1.57196,0.51038,0.00010,0.00000,
8.04,1,4.42291,-1.10051,1.46534,0.48563,0.06005,0.12261,0.06815
8.04,2,3.85654,-2.03267,0.85796,0.57759,0.41613,0.09073,0.01478
8.06,0,4.50299,0.02930,1.57196,0.49753,0.00006,0.00000,
8.06,1,4.42393,-1.09091,1.46653,0.48013,0.05995,0.12300,0.07821
8.06,2,3.86373,-2.02438,0.86527,0.53442,0.33524,0.08865,0.02443
8.08,0,4.50298,0.03921,1.57197,0.49565,0.00008,0.00000,
8.08,1,4.42491,-1.08191,1.46739,0.44381,0.04818,0.12383,0.08812
8.08,2,3.87009,-2.01706,0.87051,0.44314,0.21588,0.08735,0.03349
8.1,0,4.50297,0.04916,1.57197,0.49888,0.00009,0.00000,
8.1,1,4.42585,-1.07301,1.46865,0.44891,0.06780,0.12481,0.09807
8.1,2,3.87592,-2.01024,0.87608,0.45401,0.32339,0.08666,0.04244
8.12,0,4.50295,0.05916,1.57197,0.50033,0.00008,0.00000,
8.12,1,4.42676,-1.06414,1.46990,0.44182,0.05737,0.12588,0.10807
8.12,2,3.88178,-2.00324,0.88275,0.45639,0.32491,0.08577,0.05136
8.14,0,4.50294,0.06916,1.57197,0.49978,0.00007,0.00000,
8.14,1,4.42764,-1.05547,1.47096,0.43139,0.05062,0.12714,0.11807
8.14,2,3.88752,-1.99628,0.88876,0.44550,0.28353,0.08483,0.06007
8.16,0,4.50293,0.07915,1.57197,0.49921,0.00007,0.00000,
8.16,1,4.42849,-1.04696,1.47197,0.42428,0.05083,0.12857,0.12806
8.16,2,3.89306,-1.98946,0.89429,0.43488,0.27503,0.08397,0.06862
8.18,0,4.50292,0.08913,1.57197,0.49921,0.00007,0.00000,
8.18,1,4.42932,-1.03877,1.47283,0.38773,0.02667,0.13030,0.13804
8.18,2,3.89843,-1.98278,0.89979,0.42574,0.27421,0.08305,0.07685
8.2,0,4.50291,0.09912,1.57197,0.49938,0.00007,0.00000,
8.2,1,4.43011,-1.03098,1.47370,0.39464,0.05411,0.13244,0.14803
8.2,2,3.90383,-1.97598,0.90521,0.43782,0.26686,0.08167,0.08469
8.22,0,4.50290,0.10910,1.57198,0.49943,0.00006,0.00000,
8.22,1,4.43102,-1.02009,1.47799,0.56022,0.23335,0.13148,0.00999
8.22,2,3.90920,-1.96914,0.91042,0.43030,0.25539,0.08305,0.09561
8.24,0,4.50288,0.11841,1.57198,0.47058,0.00008,0.00000,
8.24,1,4.43202,-1.00965,1.48210,0.52226,0.20442,0.13029,0.01930
8.24,2,3.91439,-1.96245,0.91542,0.41822,0.24621,0.08433,0.10609
8.26,0,4.50287,0.12792,1.57198,0.47789,-0.00005,0.00000,
8.26,1,4.43291,-0.99912,1.48460,0.53457,0.05661,0.12921,0.02881
8.26,2,3.91944,-1.95589,0.92026,0.41133,0.23843,0.08584,0.11666
8.28,0,4.50286,0.13748,1.57198,0.47688,0.00005,0.00000,
8.28,1,4.43384,-0.98843,1.48505,0.53479,0.01607,0.12802,0.03836
8.28,2,3.92439,-1.94938,0.92494,0.40677,0.23058,0.08764,0.12739
8.3,0,4.50285,0.14684,1.57198,0.47478,-0.00003,0.00000,
8.3,1,4.43474,-0.97844,1.48538,0.48895,0.03544,0.12733,0.04772
8.3,2,3.92904,-1.94333,0.92870,0.36259,0.18158,0.08938,0.13743
8.32,0,4.50284,0.15684,1.57198,0.51374,0.00015,0.00000,
8.32,1,4.43575,-0.96650,1.48711,0.65227,0.09980,0.12534,0.01000
8.32,2,3.93404,-1.93661,0.93143,0.52114,-0.23484,0.09216,0.00644
8.34,0,4.50283,0.16712,1.57198,0.51045,0.00007,0.00000,
8.34,1,4.43676,-0.95475,1.48890,0.52772,0.08144,0.12382,0.02029
8.34,2,3.94000,-1.92851,0.92768,0.45324,-0.06353,0.09315,0.01822
8.36,0,4.50281,0.17719,1.57198,0.49810,0.00003,0.00000,
8.36,1,4.43765,-0.94439,1.48979,0.51739,0.02732,0.12347,0.03035
8.36,2,3.94544,-1.92181,0.92701,0.43837,-0.08857,0.09436,0.02863
8.38,0,4.50280,0.18711,1.57199,0.49563,0.00004,0.00000,
8.38,1,4.43848,-0.93491,1.48988,0.44726,0.00544,0.12386,0.04027
8.38,2,3.95146,-1.91411,0.92738,0.50692,0.08025,0.09362,0.03814
8.4,0,4.50279,0.19705,1.57199,0.49855,0.00005,0.00000,
8.4,1,4.43926,-0.92571,1.49077,0.47034,0.06385,0.12456,0.05021
8.4,2,3.95803,-1.90539,0.93399,0.56255,0.45914,0.09149,0.04737
8.42,0,4.50278,0.20704,1.57199,0.50008,0.00004,0.00000,
8.42,1,4.44004,-0.91730,1.49356,0.38102,0.16768,0.12609,0.00999
8.42,2,3.96434,-1.89682,0.94425,0.54133,0.56972,0.08892,0.00381
8.44,0,4.50277,0.21704,1.57199,0.49965,0.00004,0.00000,
8.44,1,4.44067,-0.90966,1.49717,0.37313,0.13638,0.12841,0.01999
8.44,2,3.97060,-1.88799,0.95566,0.54056,0.57941,0.08540,0.01148
8.46,0,4.50275,0.22703,1.57199,0.49909,0.00004,0.00000,
8.46,1,4.44135,-0.90094,1.49855,0.45642,0.03566,0.12963,0.02998
8.46,2,3.97659,-1.87974,0.96632,0.46801,0.41323,0.08354,0.02022
8.48,0,4.50274,0.23701,1.57199,0.49906,0.00004,0.00000,
8.48,1,4.44210,-0.89171,1.49964,0.50094,0.09733,0.13035,0.03996
8.48,2,3.98109,-1.87344,0.97076,0.32769,0.12904,0.08458,0.02948
8.5,0,4.50273,0.24699,1.57199,0.49921,0.00004,0.00000,
8.5,1,4.44286,-0.88167,1.50091,0.50632,0.03361,0.13024,0.04994
8.5,2,3.98491,-1.86794,0.97613,0.34408,0.35385,0.08741,0.03956
8.52,0,4.50272,0.25697,1.57199,0.49927,0.00004,0.00000,
8.52,1,4.44360,-0.86817,1.50308,0.68079,0.22960,0.12670,0.00999
8.52,2,3.98883,-1.86209,0.98331,0.35529,0.33613,0.09301,0.05306
8.54,0,4.50271,0.26696,1.57199,0.49923,0.00003,0.00000,
8.54,1,4.44437,-0.85458,1.50768,0.67988,0.23582,0.12306,0.01997
8.54,2,3.99270,-1.85628,0.98929,0.32995,0.29586,0.09882,0.06668
8.56,0,4.50270,0.27651,1.57200,0.46561,0.00022,0.00000,
8.56,1,4.44524,-0.84174,1.51150,0.59863,0.09601,0.11972,0.02952
8.56,2,3.99649,-1.85051,0.99468,0.35516,0.25846,0.10409,0.07955
8.58,0,4.50268,0.28595,1.57200,0.47601,-0.00009,0.00000,
8.58,1,4.44591,-0.83221,1.51155,0.45771,-0.00407,0.11959,0.03896
8.58,2,4.00038,-1.84453,0.99988,0.35456,0.26326,0.10602,0.08910
8.6,0,4.50267,0.29550,1.57200,0.47776,-0.00002,0.00000,
8.6,1,4.44649,-0.82277,1.51178,0.48299,0.02024,0.11968,0.04851
8.6,2,4.00413,-1.83869,1.00515,0.34116,0.26057,0.10805,0.09856
8.62,0,4.50266,0.30480,1.57199,0.47052,-0.00007,0.00000,
8.62,1,4.44716,-0.81085,1.51284,0.60604,0.08039,0.11704,0.00930
8.62,2,4.00830,-1.83185,1.01196,0.53889,0.79541,0.11132,0.00636
8.64,0,4.50265,0.31477,1.57200,0.51361,0.00015,0.00000,
8.64,1,4.44791,-0.79918,1.51423,0.58114,0.06334,0.11529,0.01927
8.64,2,4.01325,-1.82292,1.02780,0.49165,0.78759,0.11219,0.01806
8.66,0,4.50264,0.32506,1.57200,0.51051,0.00005,0.00000,
8.66,1,4.44855,-0.78830,1.51481,0.45536,-0.02748,0.11467,0.02956
8.66,2,4.01828,-1.81453,1.03987,0.51082,0.25146,0.11278,0.02896
8.68,0,4.50262,0.33511,1.57200,0.49701,-0.00000,0.00000,
8.68,1,4.44910,-0.77972,1.51445,0.44351,0.00877,0.11611,0.03961
8.68,2,4.02416,-1.80504,1.03990,0.59350,-0.01868,0.10990,0.03756
8.7,0,4.50261,0.34500,1.57200,0.49416,0.00002,0.00000,
8.7,1,4.44963,-0.77059,1.51494,0.46286,0.02775,0.11685,0.04950
8.7,2,4.03023,-1.79445,1.04233,0.61213,0.23245,0.10643,0.04670
8.72,0,4.50260,0.35492,1.57200,0.49732,0.00003,0.00000,
8.72,1,4.45016,-0.76268,1.51650,0.34759,0.09727,0.11883,0.00992
8.72,2,4.03581,-1.78487,1.04950,0.45479,0.62507,0.10297,0.00348
8.74,0,4.50259,0.36489,1.57200,0.49903,0.00002,0.00000,
8.74,1,4.45061,-0.75551,1.51866,0.39197,0.10724,0.12160,0.01989
8.74,2,4.03997,-1.77876,1.05926,0.31336,0.32456,0.10257,0.01067
8.76,0,4.50258,0.37487,1.57200,0.49858,0.00002,0.00000,
8.76,1,4.45109,-0.74638,1.51967,0.49978,0.00799,0.12243,0.02986
8.76,2,4.04379,-1.77386,1.06522,0.27124,0.14819,0.10526,0.01981
8.78,0,4.50257,0.38483,1.57200,0.49795,0.00002,0.00000,
8.78,1,4.45163,-0.73640,1.51963,0.52105,-0.01042,0.12239,0.03983
8.78,2,4.04685,-1.76967,1.06601,0.27899,0.10976,0.10972,0.02980
8.8,0,4.50255,0.39479,1.57200,0.49791,0.00002,0.00000,
8.8,1,4.45216,-0.72609,1.51960,0.50927,0.00703,0.12201,0.04979
8.8,2,4.04960,-1.76482,1.07228,0.30846,0.43864,0.11402,0.04013
8.82,0,4.50254,0.40475,1.57200,0.49808,0.00002,0.00000,
8.82,1,4.45268,-0.71598,1.51979,0.50041,0.01046,0.12184,0.05975
8.82,2,4.05329,-1.75772,1.08267,0.47427,0.71051,0.11568,0.00503
8.84,0,4.50253,0.41471,1.57200,0.49814,0.00002,0.00000,
8.84,1,4.45318,-0.70616,1.51998,0.48514,0.00856,0.12196,0.06971
8.84,2,4.05753,-1.74972,1.09416,0.45656,0.47083,0.11604,0.01487
8.86,0,4.50252,0.42467,1.57200,0.49811,0.00002,0.00000,
8.86,1,4.45367,-0.69679,1.52004,0.40516,-0.02575,0.12253,0.07967
8.86,2,4.06192,-1.74109,1.10156,0.51088,0.25469,0.11536,0.02425
8.88,0,4.50251,0.43464,1.57200,0.49808,0.00002,0.00000,
8.88,1,4.45413,-0.68849,1.51993,0.42664,0.01023,0.12416,0.08963
8.88,2,4.06669,-1.73165,1.10513,0.53408,0.15440,0.11279,0.03256
8.9,0,4.50249,0.44460,1.57200,0.49809,0.00002,0.00000,
8.9,1,4.45458,-0.67984,1.52026,0.43421,0.01615,0.12545,0.09959
8.9,2,4.07138,-1.72229,1.10870,0.51235,0.20231,0.11065,0.04123
8.92,0,4.50248,0.45456,1.57200,0.49809,0.00002,0.00000,
8.92,1,4.45500,-0.67087,1.52223,0.39877,0.14642,0.12643,0.00996
8.92,2,4.07586,-1.71330,1.11399,0.49899,0.39357,0.10924,0.00423
8.94,0,4.50247,0.46390,1.57201,0.46827,0.00007,0.00000,
8.94,1,4.45541,-0.66230,1.52388,0.47777,0.01981,0.12719,0.01931
8.94,2,4.08025,-1.70436,1.12188,0.49571,0.32785,0.10754,0.01280
8.96,0,4.50246,0.47337,1.57201,0.47645,-0.00011,0.00000,
8.96,1,4.45589,-0.65218,1.52384,0.55032,-0.01488,0.12652,0.02878
8.96,2,4.08443,-1.69590,1.12559,0.46185,0.15350,0.10785,0.02294
8.98,0,4.50245,0.48291,1.57200,0.47600,-0.00001,0.00000,
8.98,1,4.45640,-0.64104,1.52372,0.54778,0.00393,0.12489,0.03831
8.98,2,4.08843,-1.68758,1.12935,0.46062,0.20907,0.10935,0.03409
9.0,0,4.50243,0.49226,1.57200,0.49320,0.00007,0.00000,
9.0,1,4.45689,-0.63066,1.52400,0.51456,0.01342,0.12384,0.04767
9.0,2,4.09235,-1.67932,1.13354,0.45404,0.20313,0.11021,0.04448
9.02,0,4.50242,0.50246,1.57200,0.51555,0.00011,0.00000,
9.02,1,4.45736,-0.62047,1.52421,0.50680,0.00858,0.12383,0.05786
9.02,2,4.09624,-1.67106,1.13867,0.40598,0.48006,0.11093,0.00508
9.04,0,4.50241,0.51266,1.57201,0.50355,-0.00000,0.00000,
9.04,1,4.45782,-0.61121,1.52408,0.43416,-0.00962,0.12475,0.06806
9.04,2,4.09985,-1.66398,1.14633,0.39787,0.38755,0.11197,0.01435
9.06,0,4.50240,0.52260,1.57200,0.49366,-0.00001,0.00000,
9.06,1,4.45826,-0.60228,1.52425,0.45492,0.01762,0.12575,0.07801
9.06,2,4.10322,-1.65729,1.14999,0.42054,0.22484,0.11314,0.02329
9.08,0,4.50239,0.53247,1.57200,0.49442,0.00001,0.00000,
9.08,1,4.45869,-0.59319,1.52459,0.45201,0.01325,0.12651,0.08788
9.08,2,4.10698,-1.64941,1.15683,0.42817,0.48868,0.11324,0.03239
9.1,0,4.50237,0.54240,1.57201,0.49753,0.00001,0.00000,
9.1,1,4.45911,-0.58432,1.52476,0.43735,0.00648,0.12755,0.09780
9.1,2,4.11081,-1.64090,1.16941,0.48351,0.65235,0.11251,0.04127
9.12,0,4.50236,0.55236,1.57201,0.49816,0.00001,0.00000,
9.12,1,4.45951,-0.57343,1.52566,0.55563,0.06538,0.12661,0.00996
9.12,2,4.11483,-1.63140,1.17724,0.50805,0.26488,0.11270,0.00575
9.14,0,4.50235,0.56232,1.57201,0.49743,0.00001,0.00000,
9.14,1,4.45992,-0.56274,1.52705,0.53582,0.05293,0.12586,0.01992
9.14,2,4.11864,-1.62240,1.18415,0.50595,0.31164,0.11326,0.01645
9.16,0,4.50234,0.57226,1.57201,0.49704,0.00001,0.00000,
9.16,1,4.46037,-0.55203,1.52744,0.53493,-0.00045,0.12507,0.02986
9.16,2,4.12276,-1.61227,1.18797,0.57343,0.11419,0.11270,0.02718
9.18,0,4.50233,0.58220,1.57201,0.49715,0.00001,0.00000,
9.18,1,4.46083,-0.54143,1.52738,0.52540,0.00095,0.12440,0.03980
9.18,2,4.12704,-1.60162,1.19026,0.54288,0.22160,0.11149,0.03778
9.2,0,4.50231,0.59215,1.57201,0.49729,0.00001,0.00000,
9.2,1,4.46127,-0.53185,1.52728,0.44835,-0.00435,0.12475,0.04975
9.2,2,4.13125,-1.59117,1.19338,0.57522,0.11733,0.10953,0.04737
9.22,0,4.50230,0.60209,1.57201,0.49730,0.00001,0.00000,
9.22,1,4.46169,-0.52264,1.52753,0.46966,0.02079,0.12547,0.05969
9.22,2,4.13549,-1.58049,1.19561,0.56848,0.11722,0.10700,0.05659
9.24,0,4.50229,0.61204,1.57201,0.49726,0.00001,0.00000,
9.24,1,4.46211,-0.51324,1.52790,0.46787,0.01406,0.12599,0.06964
9.24,2,4.13957,-1.57013,1.19818,0.54816,0.13456,0.10501,0.06600
9.26,0,4.50228,0.62198,1.57201,0.49725,0.00001,0.00000,
9.26,1,4.46250,-0.50422,1.52816,0.43667,0.01434,0.12691,0.07958
9.26,2,4.14334,-1.56107,1.19888,0.48650,0.11843,0.10398,0.07503
9.28,0,4.50227,0.63193,1.57201,0.49726,0.00001,0.00000,
9.28,1,4.46289,-0.49500,1.52832,0.47589,0.00542,0.12762,0.08953
9.28,2,4.14699,-1.55186,1.20247,0.49947,0.18826,0.10306,0.08426
9.3,0,4.50225,0.64187,1.57201,0.49726,0.00001,0.00000,
9.3,1,4.46330,-0.48550,1.52845,0.46938,0.00816,0.12805,0.09947
9.3,2,4.15059,-1.54260,1.20548,0.49190,0.11925,0.10238,0.09376
9.32,0,4.50224,0.65182,1.57201,0.49726,0.00001,0.00000,
9.32,1,4.46368,-0.47597,1.53014,0.43468,0.12402,0.12845,0.00995
9.32,2,4.15404,-1.53364,1.20781,0.46857,0.13606,0.10206,0.10330
9.34,0,4.50223,0.66176,1.57201,0.49726,0.00001,0.00000,
9.34,1,4.46403,-0.46693,1.53155,0.48227,0.02106,0.12934,0.01989
9.34,2,4.15745,-1.52469,1.20998,0.48528,0.09608,0.10129,0.11235
9.36,0,4.50222,0.67171,1.57201,0.49726,0.00001,0.00000,
9.36,1,4.46442,-0.45664,1.53140,0.53136,-0.01454,0.12898,0.02984
9.36,2,4.16087,-1.51563,1.21195,0.48011,0.10284,0.10164,0.12265
9.38,0,4.50221,0.68165,1.57201,0.49726,0.00001,0.00000,
9.38,1,4.46483,-0.44611,1.53135,0.51675,0.00791,0.12838,0.03978
9.38,2,4.16418,-1.50678,1.21408,0.46619,0.10748,0.10246,0.13319
9.4,0,4.50219,0.69137,1.57201,0.46078,0.00035,0.00000,
9.4,1,4.46523,-0.43609,1.53163,0.49102,0.01584,0.12807,0.04950
9.4,2,4.16740,-1.49815,1.21618,0.45745,0.10188,0.10303,0.14322
9.42,0,4.50218,0.70071,1.57201,0.47188,-0.00007,0.00000,
9.42,1,4.46567,-0.42509,1.53237,0.57247,0.04581,0.12639,0.00934
9.42,2,4.17073,-1.48881,1.22043,0.57100,0.62417,0.10386,0.00567
9.44,0,4.50217,0.71021,1.57201,0.47628,-0.00008,0.00000,
9.44,1,4.46612,-0.41348,1.53282,0.56723,0.00712,0.12427,0.01884
9.44,2,4.17464,-1.47794,1.23597,0.54066,0.72736,0.10365,0.01729
9.46,0,4.50216,0.71950,1.57201,0.46252,-0.00016,0.00000,
9.46,1,4.46653,-0.40282,1.53288,0.50805,0.00426,0.12289,0.02813
9.46,2,4.17851,-1.46713,1.24143,0.59205,-0.00752,0.10259,0.02796
9.48,0,4.50215,0.72936,1.57201,0.51053,0.00013,0.00000,
9.48,1,4.46691,-0.39380,1.53278,0.38995,-0.01680,0.12372,0.03799
9.48,2,4.18231,-1.45598,1.24040,0.57925,-0.00581,0.09965,0.03699
9.5,0,4.50213,0.73963,1.57201,0.51050,0.00004,0.00000,
9.5,1,4.46725,-0.38549,1.53291,0.43631,0.01982,0.12567,0.04826
9.5,2,4.18594,-1.44531,1.24227,0.55204,0.15406,0.09652,0.04530
9.52,0,4.50212,0.74968,1.57201,0.49641,-0.00003,0.00000,
9.52,1,4.46759,-0.37674,1.53403,0.41821,0.07857,0.12695,0.01005
9.52,2,4.18926,-1.43637,1.24509,0.43303,0.47333,0.09557,0.00416
9.54,0,4.50211,0.75955,1.57201,0.49250,-0.00001,0.00000,
9.54,1,4.46789,-0.36819,1.53544,0.48102,0.04083,0.12825,0.01991
9.54,2,4.19234,-1.42829,1.25424,0.42841,0.40329,0.09533,0.01272
9.56,0,4.50210,0.76943,1.57201,0.49554,0.00001,0.00000,
9.56,1,4.46829,-0.35720,1.53555,0.57924,-0.00947,0.12714,0.02979
9.56,2,4.19460,-1.42156,1.26263,0.26803,0.65017,0.09898,0.02371
9.58,0,4.50209,0.77936,1.57201,0.49752,0.00000,0.00000,
9.58,1,4.46869,-0.34611,1.53556,0.55950,0.00313,0.12597,0.03973
9.58,2,4.19639,-1.41674,1.27991,0.26714,0.80325,0.10472,0.03481
9.6,0,4.50207,0.78931,1.57201,0.49718,-0.00000,0.00000,
9.6,1,4.46908,-0.33504,1.53570,0.54425,0.00996,0.12484,0.04968
9.6,2,4.19818,-1.41104,1.28805,0.30411,0.18698,0.10957,0.04588
9.62,0,4.50206,0.79925,1.57201,0.49651,0.00000,0.00000,
9.62,1,4.46945,-0.32514,1.53570,0.44825,-0.00858,0.12486,0.05962
9.62,2,4.20038,-1.40390,1.29518,0.39380,1.06087,0.11182,0.00455
9.64,0,4.50205,0.80918,1.57201,0.49642,0.00000,0.00000,
9.64,1,4.46979,-0.31594,1.53582,0.47063,0.01430,0.12558,0.06954
9.64,2,4.20241,-1.39685,1.32073,0.39778,0.84776,0.11349,0.01375
9.66,0,4.50204,0.81911,1.57201,0.49659,0.00000,0.00000,
9.66,1,4.47013,-0.30644,1.53612,0.47457,0.01312,0.12600,0.07947
9.66,2,4.20476,-1.38801,1.32419,0.46742,-0.11515,0.11365,0.02326
9.68,0,4.50203,0.82904,1.57201,0.49667,0.00000,0.00000,
9.68,1,4.47046,-0.29710,1.53631,0.46024,0.00732,0.12658,0.08941
9.68,2,4.20746,-1.37757,1.32062,0.57540,-0.12393,0.11202,0.03260
9.7,0,4.50201,0.83897,1.57201,0.49664,0.00000,0.00000,
9.7,1,4.47077,-0.28804,1.53645,0.44852,0.00715,0.12745,0.09934
9.7,2,4.21024,-1.36651,1.32018,0.55373,0.03813,0.10949,0.04166
9.72,0,4.50200,0.84891,1.57201,0.49661,0.00000,0.00000,
9.72,1,4.47108,-0.27915,1.53660,0.44307,0.00811,0.12847,0.10927
9.72,2,4.21283,-1.35628,1.32110,0.50956,0.03648,0.10766,0.05057
9.74,0,4.50199,0.85884,1.57201,0.49661,0.00000,0.00000,
9.74,1,4.47138,-0.27034,1.53677,0.43805,0.00786,0.12959,0.11920
9.74,2,4.21530,-1.34657,1.32143,0.49915,0.00416,0.10627,0.05938
9.76,0,4.50198,0.86877,1.57201,0.49662,0.00000,0.00000,
9.76,1,4.47167,-0.26166,1.53692,0.43136,0.00734,0.13083,0.12914
9.76,2,4.21777,-1.33686,1.32147,0.50171,0.00417,0.10478,0.06807
9.78,0,4.50197,0.87870,1.57201,0.49662,0.00000,0.00000,
9.78,1,4.47196,-0.25311,1.53706,0.42435,0.00708,0.13221,0.13907
9.78,2,4.22018,-1.32789,1.32038,0.43812,-0.05945,0.10387,0.07662
9.8,0,4.50195,0.88863,1.57201,0.49662,0.00000,0.00000,
9.8,1,4.47225,-0.24470,1.53720,0.41791,0.00690,0.13373,0.14900
9.8,2,4.22246,-1.31925,1.32079,0.45178,0.05677,0.10320,0.08503
9.82,0,4.50194,0.89857,1.57201,0.49662,0.00000,0.00000,
9.82,1,4.47255,-0.23384,1.53855,0.57917,0.05173,0.13279,0.00993
9.82,2,4.22471,-1.31052,1.32171,0.44694,0.02719,0.10484,0.09590
9.84,0,4.50193,0.90850,1.57201,0.49662,0.00000,0.00000,
9.84,1,4.47286,-0.22263,1.53957,0.54548,0.04128,0.13150,0.01986
9.84,2,4.22685,-1.30218,1.32234,0.43136,0.02145,0.10723,0.10711
9.86,0,4.50192,0.91843,1.57201,0.49662,0.00000,0.00000,
9.86,1,4.47321,-0.21117,1.53982,0.58421,-0.00253,0.12997,0.02980
9.86,2,4.22908,-1.29344,1.32221,0.46013,-0.01442,0.10946,0.11858
9.88,0,4.50191,0.92836,1.57201,0.49662,0.00000,0.00000,
9.88,1,4.47354,-0.20115,1.53952,0.49979,0.00121,0.12987,0.03973
9.88,2,4.23132,-1.28461,1.32214,0.44746,0.00627,0.11021,0.12861
9.9,0,4.50189,0.93830,1.57201,0.49662,0.00000,0.00000,
9.9,1,4.47386,-0.19113,1.53983,0.49996,0.02045,0.12978,0.04966
9.9,2,4.23347,-1.27615,1.32238,0.42928,0.01420,0.11132,0.13862
9.92,0,4.50188,0.94823,1.57201,0.49662,0.00000,0.00000,
9.92,1,4.47418,-0.17749,1.54094,0.75820,0.10399,0.12606,0.00993
9.92,2,4.23568,-1.26663,1.32368,0.62240,0.33856,0.11495,0.00752
9.94,0,4.50187,0.95816,1.57201,0.49662,0.00000,0.00000,
9.94,1,4.47452,-0.16462,1.54367,0.62098,0.14501,0.12311,0.01986
9.94,2,4.23829,-1.25454,1.33196,0.56691,0.33183,0.11523,0.02040
9.96,0,4.50186,0.96809,1.57201,0.49662,0.00000,0.00000,
9.96,1,4.47496,-0.15337,1.54575,0.42558,0.05076,0.12179,0.02980
9.96,2,4.24090,-1.24308,1.33674,0.61671,0.30689,0.11456,0.03165
9.98,0,4.50185,0.97803,1.57201,0.49662,0.00000,0.00000,
9.98,1,4.47520,-0.14530,1.54769,0.40821,0.12909,0.12364,0.03973
9.98,2,4.24404,-1.22959,1.34061,0.73709,0.07830,0.10866,0.03973
10.0,0,4.50183,0.98747,1.57201,0.46460,0.00014,0.00000,
10.0,1,4.47539,-0.13687,1.54901,0.40773,0.01269,0.12465,0.04917
10.0,2,4.24734,-1.21550,1.34063,0.69573,-0.02555,0.10248,0.04816
10.02,0,4.50182,0.99688,1.57201,0.47426,-0.00012,0.00000,
10.02,1,4.47563,-0.12783,1.54859,0.50624,-0.03412,0.12501,0.05858
10.02,2,4.25028,-1.20346,1.34143,0.52538,0.22663,0.09898,0.00485
10.04,0,4.50181,1.00638,1.57201,0.47516,-0.00004,0.00000,
10.04,1,4.47588,-0.11736,1.54816,0.51917,-0.00885,0.12405,0.06809
10.04,2,4.25267,-1.19553,1.34442,0.33470,0.00000,0.10103,0.01532
10.06,0,4.50180,1.01572,1.57201,0.49241,0.00005,0.00000,
10.06,1,4.47611,-0.10750,1.54815,0.47224,0.00203,0.12352,0.07743
10.06,2,4.25502,-1.18923,1.34397,0.31072,-0.14979,0.10409,0.02519
10.08,0,4.50179,1.02590,1.57201,0.51450,0.00010,0.00000,
10.08,1,4.47631,-0.09834,1.54813,0.45241,-0.00336,0.12453,0.08760
10.08,2,4.25686,-1.18324,1.34065,0.35520,-0.03979,0.10688,0.03435
10.1,0,4.50177,1.03608,1.57201,0.50233,-0.00001,0.00000,
10.1,1,4.47652,-0.08927,1.54803,0.45506,-0.00553,0.12563,0.09778
10.1,2,4.25861,-1.17651,1.34442,0.39184,0.31451,0.10886,0.04342
10.12,0,4.50176,1.04600,1.57201,0.49246,-0.00003,0.00000,
10.12,1,4.47672,-0.07946,1.54882,0.46824,0.06412,0.12574,0.00992
10.12,2,4.26045,-1.16836,1.35230,0.39480,0.26815,0.11017,0.00476
10.14,0,4.50175,1.05584,1.57201,0.49328,-0.00000,0.00000,
10.14,1,4.47693,-0.06986,1.54952,0.49931,0.00608,0.12597,0.01976
10.14,2,4.26201,-1.16130,1.35420,0.38562,-0.02643,0.11240,0.01437
10.16,0,4.50174,1.06574,1.57201,0.49640,0.00000,0.00000,
10.16,1,4.47715,-0.05949,1.54928,0.52690,-0.01670,0.12551,0.02967
10.16,2,4.26399,-1.15243,1.35338,0.50294,-0.01583,0.11353,0.02474
10.18,0,4.50173,1.07568,1.57201,0.49702,-0.00000,0.00000,
10.18,1,4.47737,-0.04906,1.54908,0.51336,-0.00371,0.12501,0.03961
10.18,2,4.26622,-1.14239,1.35424,0.48360,0.12920,0.11352,0.03517
10.2,0,4.50171,1.08562,1.57201,0.49628,-0.00000,0.00000,
10.2,1,4.47759,-0.03903,1.54909,0.49416,0.00154,0.12490,0.04954
10.2,2,4.26840,-1.13266,1.35601,0.51833,0.03480,0.11346,0.04521
10.22,0,4.50170,1.09554,1.57201,0.49589,-0.00000,0.00000,
10.22,1,4.47780,-0.02925,1.54909,0.48651,-0.00116,0.12504,0.05946
10.22,2,4.27072,-1.12151,1.35692,0.69434,0.12669,0.11172,0.00487
10.24,0,4.50169,1.10545,1.57201,0.49600,-0.00000,0.00000,
10.24,1,4.47801,-0.01956,1.54905,0.48257,-0.00233,0.12526,0.06938
10.24,2,4.27366,-1.10754,1.36104,0.64328,0.30716,0.10700,0.01456
10.26,0,4.50168,1.11538,1.57201,0.49614,-0.00000,0.00000,
10.26,1,4.47822,-0.00998,1.54901,0.47593,-0.00169,0.12560,0.07930
10.26,2,4.27640,-1.09535,1.36595,0.59537,0.16052,0.10398,0.02415
10.28,0,4.50167,1.12530,1.57201,0.49615,-0.00000,0.00000,
10.28,1,4.47842,-0.00055,1.54898,0.46786,-0.00136,0.12609,0.08922
10.28,2,4.27868,-1.08551,1.36521,0.40175,-0.20395,0.10319,0.03358
10.3,0,4.50165,1.13522,1.57201,0.49611,-0.00000,0.00000,
10.3,1,4.47863,0.00872,1.54895,0.46047,-0.00143,0.12674,0.09914
10.3,2,4.28068,-1.07766,1.36150,0.41209,-0.13098,0.10427,0.04285
10.32,0,4.50164,1.14514,1.57201,0.49610,-0.00000,0.00000,
10.32,1,4.47882,0.01801,1.54967,0.42053,0.05499,0.12736,0.00992
10.32,2,4.28262,-1.06847,1.36212,0.58251,0.19694,0.10406,0.00434
10.34,0,4.50163,1.15507,1.57201,0.49611,-0.00000,0.00000,
10.34,1,4.47898,0.02604,1.55051,0.41169,0.10624,0.12925,0.01984
10.34,2,4.28508,-1.05708,1.36788,0.55934,0.29981,0.10034,0.01237
10.36,0,4.50162,1.16499,1.57201,0.49611,-0.00000,0.00000,
10.36,1,4.47915,0.03509,1.55366,0.48127,0.11766,0.13012,0.02977
10.36,2,4.28746,-1.04631,1.37269,0.53554,0.13741,0.09825,0.02142
10.38,0,4.50161,1.17491,1.57201,0.49611,-0.00000,0.00000,
10.38,1,4.47933,0.04432,1.55441,0.46641,-0.00415,0.13081,0.03969
10.38,2,4.28949,-1.03653,1.37291,0.42127,-0.14482,0.09740,0.03065
10.4,0,4.50159,1.18483,1.57201,0.49611,-0.00000,0.00000,
10.4,1,4.47951,0.05486,1.55400,0.55620,-0.02374,0.13019,0.04961
10.4,2,4.29125,-1.02866,1.37158,0.41886,0.04524,0.09975,0.04119
10.42,0,4.50158,1.19476,1.57201,0.49611,-0.00000,0.00000,
10.42,1,4.47968,0.06582,1.55367,0.53047,-0.01074,0.12915,0.05953
10.42,2,4.29304,-1.01969,1.37390,0.48004,0.19717,0.10144,0.00540
10.44,0,4.50157,1.20468,1.57201,0.49611,-0.00000,0.00000,
10.44,1,4.47984,0.07594,1.55353,0.49061,-0.00510,0.12895,0.06946
10.44,2,4.29477,-1.01092,1.37815,0.43088,0.20122,0.10251,0.01552
10.46,0,4.50156,1.21460,1.57201,0.49611,-0.00000,0.00000,
10.46,1,4.48000,0.08450,1.55329,0.42751,-0.00910,0.13031,0.07938
10.46,2,4.29672,-1.00112,1.37967,0.52687,0.03635,0.10097,0.02408
10.48,0,4.50155,1.22452,1.57201,0.49611,-0.00000,0.00000,
10.48,1,4.48016,0.09335,1.55319,0.45128,-0.00351,0.13137,0.08930
10.48,2,4.29889,-0.99018,1.38010,0.58262,0.00511,0.09859,0.03294
10.5,0,4.50153,1.23444,1.57201,0.49611,-0.00000,0.00000,
10.5,1,4.48032,0.10234,1.55310,0.44422,-0.00539,0.13230,0.09922
10.5,2,4.30106,-0.97890,1.38051,0.55889,0.03608,0.09599,0.04193
10.52,0,4.50152,1.24437,1.57201,0.49611,-0.00000,0.00000,
10.52,1,4.48047,0.11130,1.55361,0.41418,0.04082,0.13326,0.00992
10.52,2,4.30302,-0.96928,1.38198,0.35484,0.14761,0.09506,0.00417
10.54,0,4.50151,1.25429,1.57201,0.49611,-0.00000,0.00000,
10.54,1,4.48062,0.12032,1.55399,0.48900,-0.00056,0.13416,0.01984
10.54,2,4.30446,-0.96522,1.38357,0.13591,-0.00475,0.09975,0.01319
10.56,0,4.50150,1.26421,1.57201,0.49611,-0.00000,0.00000,
10.56,1,4.48079,0.13051,1.55385,0.54943,-0.01176,0.13389,0.02977
10.56,2,4.30574,-0.96311,1.38324,0.10028,-0.01067,0.10753,0.02338
10.58,0,4.50149,1.27413,1.57201,0.49611,-0.00000,0.00000,
10.58,1,4.48098,0.14165,1.55367,0.54975,-0.00580,0.13266,0.03969
10.58,2,4.30681,-0.96182,1.37757,0.11078,-0.61822,0.11714,0.03452
10.6,0,4.50147,1.28406,1.57201,0.49611,-0.00000,0.00000,
10.6,1,4.48115,0.15213,1.55362,0.52028,-0.00223,0.13210,0.04961
10.6,2,4.30785,-0.95797,1.37043,0.24992,0.00411,0.12355,0.04501
10.62,0,4.50146,1.29398,1.57201,0.49611,-0.00000,0.00000,
10.62,1,4.48134,0.16626,1.55383,0.78713,0.01594,0.12790,0.00992
10.62,2,4.30881,-0.95308,1.37772,0.24670,0.38948,0.13255,0.05913
10.64,0,4.50145,1.30390,1.57201,0.49611,-0.00000,0.00000,
10.64,1,4.48152,0.18035,1.55434,0.69216,0.00500,0.12373,0.01984
10.64,2,4.31018,-0.94777,1.37945,0.30976,-0.27896,0.14105,0.07322
10.66,0,4.50144,1.31382,1.57201,0.49611,-0.00000,0.00000,
10.66,1,4.48171,0.19310,1.55385,0.54578,-0.03206,0.12089,0.02977
10.66,2,4.31189,-0.94104,1.37293,0.40208,-0.19270,0.14678,0.08598
10.68,0,4.50143,1.32374,1.57201,0.49611,-0.00000,0.00000,
10.68,1,4.48192,0.20143,1.55286,0.39923,-0.05643,0.12248,0.03969
10.68,2,4.31370,-0.93178,1.37295,0.49884,0.11459,0.14563,0.09431
10.7,0,4.50141,1.33367,1.57201,0.49611,-0.00000,0.00000,
10.7,1,4.48216,0.20955,1.55175,0.42083,-0.04187,0.12428,0.04961
10.7,2,4.31549,-0.92237,1.37563,0.45321,0.11932,0.14412,0.10243
10.72,0,4.50140,1.34359,1.57201,0.49611,-0.00000,0.00000,
10.72,1,4.48233,0.21798,1.55164,0.44802,0.01447,0.12577,0.05953
10.72,2,4.31712,-0.91398,1.37861,0.33956,0.34915,0.14396,0.00420
10.74,0,4.50139,1.35329,1.57201,0.45984,0.00034,0.00000,
10.74,1,4.48252,0.22806,1.55189,0.52700,0.00768,0.12539,0.06923
10.74,2,4.31873,-0.90801,1.38033,0.25957,-0.07291,0.14781,0.01428
10.76,0,4.50138,1.36261,1.57201,0.47088,-0.00008,0.00000,
10.76,1,4.48270,0.23830,1.55193,0.49214,-0.00146,0.12446,0.07855
10.76,2,4.32026,-0.90402,1.36948,0.21122,-0.76132,0.15382,0.02452
10.78,0,4.50137,1.37209,1.57201,0.47524,-0.00009,0.00000,
10.78,1,4.48288,0.24768,1.55191,0.45489,0.00054,0.12456,0.08803
10.78,2,4.32155,-0.89913,1.36137,0.29351,0.03520,0.15810,0.03390
10.8,0,4.50135,1.38135,1.57201,0.46842,-0.00012,0.00000,
10.8,1,4.48305,0.25669,1.55195,0.45105,0.00271,0.12480,0.09729
10.8,2,4.32281,-0.89252,1.36715,0.39249,0.23923,0.16033,0.04292
10.82,0,4.50134,1.39128,1.57201,0.51175,0.00013,0.00000,
10.82,1,4.48322,0.26547,1.55196,0.41976,-0.00211,0.12596,0.10722
10.82,2,4.32409,-0.88475,1.37195,0.39805,0.23490,0.16117,0.05169
10.84,0,4.50133,1.40153,1.57201,0.50826,0.00002,0.00000,
10.84,1,4.48338,0.27397,1.55198,0.42781,0.00316,0.12770,0.11747
10.84,2,4.32564,-0.87660,1.37534,0.42913,0.11982,0.16133,0.06020
10.86,0,4.50132,1.41153,1.57201,0.49458,-0.00003,0.00000,
10.86,1,4.48355,0.28248,1.55205,0.42211,0.00281,0.12919,0.12748
10.86,2,4.32740,-0.86776,1.37701,0.45839,0.07571,0.16079,0.06871
10.88,0,4.50131,1.42137,1.57201,0.49180,-0.00001,0.00000,
10.88,1,4.48370,0.29080,1.55209,0.41140,0.00149,0.13071,0.13732
10.88,2,4.32915,-0.85894,1.37885,0.43911,0.10634,0.16008,0.07703
10.9,0,4.50129,1.43124,1.57201,0.49503,0.00000,0.00000,
10.9,1,4.48385,0.29894,1.55211,0.40414,0.00146,0.13244,0.14719
10.9,2,4.33078,-0.85055,1.38110,0.42029,0.11178,0.15964,0.08517
10.92,0,4.50128,1.44117,1.57201,0.49674,-0.00000,0.00000,
10.92,1,4.48400,0.30661,1.55210,0.37251,-0.00079,0.13469,0.15711
10.92,2,4.33241,-0.84104,1.38401,0.65332,0.24794,0.15762,0.00371
10.94,0,4.50127,1.45110,1.57201,0.49627,-0.00001,0.00000,
10.94,1,4.48415,0.31414,1.55214,0.37828,0.00322,0.13709,0.16704
10.94,2,4.33424,-0.82842,1.39099,0.58508,0.44255,0.15235,0.01124
10.96,0,4.50126,1.46102,1.57201,0.49564,-0.00000,0.00000,
10.96,1,4.48429,0.32166,1.55219,0.37287,0.00221,0.13948,0.17696
10.96,2,4.33619,-0.81690,1.39982,0.57938,0.43748,0.14815,0.01876
10.98,0,4.50125,1.47093,1.57201,0.49560,-0.00000,0.00000,
10.98,1,4.48442,0.32901,1.55222,0.36379,0.00120,0.14204,0.18687
10.98,2,4.33811,-0.80697,1.40408,0.37976,-0.03447,0.14536,0.02612
11.0,0,4.50123,1.48084,1.57201,0.49578,-0.00000,0.00000,
11.0,1,4.48456,0.33621,1.55225,0.35759,0.00133,0.14475,0.19679
11.0,2,4.33955,-0.79942,1.40446,0.39156,0.06817,0.14485,0.03332
11.02,0,4.50122,1.49076,1.57201,0.49584,-0.00000,0.00000,
11.02,1,4.48469,0.34331,1.55228,0.35311,0.00150,0.14756,0.20670
11.02,2,4.34087,-0.79155,1.40634,0.40185,0.09829,0.14394,0.04042
11.04,0,4.50121,1.50067,1.57201,0.49580,-0.00000,0.00000,
11.04,1,4.48482,0.35025,1.55232,0.34321,0.00237,0.15054,0.21662
11.04,2,4.34214,-0.78395,1.40846,0.39352,0.08713,0.14314,0.04736
11.06,0,4.50120,1.51059,1.57201,0.49577,-0.00000,0.00000,
11.06,1,4.48495,0.35728,1.55234,0.35543,0.00078,0.15342,0.22654
11.06,2,4.34350,-0.77567,1.40952,0.43035,0.04197,0.14174,0.05439
11.08,0,4.50119,1.52051,1.57201,0.49578,-0.00000,0.00000,
11.08,1,4.48508,0.36434,1.55236,0.34884,0.00106,0.15628,0.23645
11.08,2,4.34486,-0.76733,1.41055,0.41190,0.06095,0.14032,0.06145
11.1,0,4.50117,1.53042,1.57201,0.49578,-0.00000,0.00000,
11.1,1,4.48521,0.37119,1.55239,0.33820,0.00136,0.15934,0.24637
11.1,2,4.34613,-0.75945,1.41189,0.39099,0.06850,0.13916,0.06830
11.12,0,4.50116,1.54034,1.57201,0.49579,-0.00000,0.00000,
11.12,1,4.48535,0.38121,1.55362,0.52289,0.09835,0.15923,0.00992
11.12,2,4.34736,-0.75180,1.41319,0.38622,0.06180,0.14138,0.07833
11.14,0,4.50115,1.55025,1.57201,0.49578,-0.00000,0.00000,
11.14,1,4.48549,0.39066,1.55606,0.48109,0.14221,0.15970,0.01983
11.14,2,4.34851,-0.74513,1.41359,0.34499,0.05568,0.14402,0.08778
11.16,0,4.50114,1.56017,1.57201,0.49578,-0.00000,0.00000,
11.16,1,4.48565,0.40114,1.55757,0.55549,0.01447,0.15913,0.02975
11.16,2,4.34964,-0.73818,1.41511,0.35352,0.07900,0.14741,0.09825
11.18,0,4.50113,1.57008,1.57201,0.49578,-0.00000,0.00000,
11.18,1,4.48583,0.41248,1.55717,0.56590,-0.02871,0.15770,0.03966
11.18,2,4.35073,-0.73129,1.41644,0.34369,0.05573,0.15173,0.10960
11.2,0,4.50111,1.58000,1.57201,0.49578,-0.00000,0.00000,
11.2,1,4.48599,0.42348,1.55687,0.53606,-0.00257,0.15662,0.04958
11.2,2,4.35175,-0.72475,1.41759,0.32166,0.06572,0.15605,0.12060
11.22,0,4.50110,1.58992,1.57201,0.49578,-0.00000,0.00000,
11.22,1,4.48615,0.43780,1.55715,0.79541,0.01996,0.15221,0.00992
11.22,2,4.35283,-0.71663,1.41912,0.54570,0.26063,0.16211,0.00787
11.24,0,4.50109,1.59983,1.57201,0.49578,-0.00000,0.00000,
11.24,1,4.48631,0.45169,1.55781,0.67976,0.03504,0.14824,0.01983
11.24,2,4.35402,-0.70679,1.42349,0.46395,0.26313,0.16601,0.02176
11.26,0,4.50108,1.60975,1.57201,0.49578,-0.00000,0.00000,
11.26,1,4.48648,0.46422,1.55813,0.49174,-0.00742,0.14562,0.02975
11.26,2,4.35515,-0.69778,1.43053,0.45563,0.59625,0.16940,0.03428
11.28,0,4.50107,1.61966,1.57201,0.49578,-0.00000,0.00000,
11.28,1,4.48665,0.47338,1.55783,0.46052,-0.01506,0.14638,0.03966
11.28,2,4.35643,-0.68687,1.44341,0.65907,0.41553,0.16753,0.04345
11.3,0,4.50105,1.62958,1.57201,0.49578,-0.00000,0.00000,
11.3,1,4.48678,0.48286,1.55771,0.48585,0.00085,0.14680,0.04958
11.3,2,4.35844,-0.67212,1.44583,0.80142,-0.03131,0.16210,0.05293
11.32,0,4.50104,1.63949,1.57201,0.49578,-0.00000,0.00000,
11.32,1,4.48690,0.49519,1.55810,0.62954,0.02910,0.14439,0.00992
11.32,2,4.36063,-0.65536,1.44448,0.85603,-0.04852,0.15746,0.06526
11.34,0,4.50103,1.64941,1.57201,0.49578,-0.00000,0.00000,
11.34,1,4.48703,0.50778,1.55868,0.62954,0.02914,0.14171,0.01983
11.34,2,4.36272,-0.63893,1.44469,0.79700,0.05753,0.15343,0.07785
11.36,0,4.50102,1.65932,1.57201,0.49578,-0.00000,0.00000,
11.36,1,4.48716,0.51994,1.55915,0.58520,0.01155,0.13947,0.02975
11.36,2,4.36474,-0.62298,1.44560,0.81040,0.03068,0.14946,0.09002
11.38,0,4.50101,1.66924,1.57201,0.49578,-0.00000,0.00000,
11.38,1,4.48730,0.53013,1.55898,0.43005,-0.01848,0.13919,0.03966
11.38,2,4.36677,-0.60689,1.44599,0.79603,0.01499,0.14339,0.10020
11.4,0,4.50099,1.67916,1.57201,0.49578,-0.00000,0.00000,
11.4,1,4.48742,0.53920,1.55882,0.47217,-0.00025,0.14004,0.04958
11.4,2,4.36862,-0.59322,1.44550,0.63757,0.00271,0.13863,0.10927
11.42,0,4.50098,1.68907,1.57201,0.49578,-0.00000,0.00000,
11.42,1,4.48754,0.54837,1.55893,0.45651,0.00667,0.14078,0.05949
11.42,2,4.37029,-0.58070,1.44666,0.62806,0.07009,0.13514,0.11844
11.44,0,4.50097,1.69899,1.57201,0.49578,-0.00000,0.00000,
11.44,1,4.48767,0.55855,1.55893,0.53538,-0.00352,0.14051,0.06941
11.44,2,4.37184,-0.56829,1.44753,0.62276,0.02075,0.13278,0.12863
11.46,0,4.50096,1.70890,1.57201,0.49578,-0.00000,0.00000,
11.46,1,4.48779,0.56913,1.55885,0.51454,-0.00285,0.13985,0.07933
11.46,2,4.37335,-0.55603,1.44771,0.61287,0.00725,0.13097,0.13921
11.48,0,4.50095,1.71882,1.57201,0.49578,-0.00000,0.00000,
11.48,1,4.48791,0.57899,1.55883,0.47897,-0.00067,0.13990,0.08924
11.48,2,4.37483,-0.54399,1.44799,0.60190,0.01905,0.12866,0.14907
11.5,0,4.50093,1.72873,1.57201,0.49578,-0.00000,0.00000,
11.5,1,4.48802,0.58809,1.55878,0.40122,-0.00780,0.14072,0.09916
11.5,2,4.37629,-0.53214,1.44842,0.59269,0.02206,0.12579,0.15816
11.52,0,4.50092,1.73865,1.57201,0.49578,-0.00000,0.00000,
11.52,1,4.48813,0.59689,1.55847,0.43465,-0.04303,0.14183,0.00992
11.52,2,4.37773,-0.52047,1.44883,0.58430,0.01882,0.12280,0.16697
11.54,0,4.50091,1.74857,1.57201,0.49578,-0.00000,0.00000,
11.54,1,4.48826,0.60612,1.55777,0.46726,-0.01372,0.14251,0.01983
11.54,2,4.37912,-0.50952,1.44872,0.54033,0.00150,0.12097,0.17620
11.56,0,4.50090,1.75848,1.57201,0.49578,-0.00000,0.00000,
11.56,1,4.48839,0.61608,1.55786,0.54629,0.01041,0.14247,0.02975
11.56,2,4.38047,-0.49872,1.44918,0.54643,0.03239,0.12000,0.18616
11.58,0,4.50089,1.76840,1.57201,0.49578,-0.00000,0.00000,
11.58,1,4.48854,0.62716,1.55805,0.55551,0.00611,0.14130,0.03966
11.58,2,4.38180,-0.48794,1.44974,0.53854,0.02170,0.12020,0.19724
11.6,0,4.50087,1.77831,1.57201,0.49578,-0.00000,0.00000,
11.6,1,4.48868,0.63811,1.55810,0.53585,0.00093,0.14026,0.04958
11.6,2,4.38308,-0.47738,1.45006,0.52591,0.01368,0.12048,0.20820
11.62,0,4.50086,1.78823,1.57201,0.49578,-0.00000,0.00000,
11.62,1,4.48881,0.64852,1.55813,0.51066,0.00250,0.13977,0.05949
11.62,2,4.38434,-0.46705,1.45035,0.51701,0.01523,0.12045,0.21861
11.64,0,4.50085,1.79814,1.57201,0.49578,-0.00000,0.00000,
11.64,1,4.48894,0.65863,1.55819,0.50334,0.00346,0.13957,0.06941
11.64,2,4.38557,-0.45685,1.45067,0.51040,0.01645,0.12027,0.22872
11.66,0,4.50084,1.80806,1.57201,0.49578,-0.00000,0.00000,
11.66,1,4.48906,0.66752,1.55817,0.44410,0.00137,0.14060,0.07933
11.66,2,4.38678,-0.44680,1.45099,0.50321,0.01555,0.11901,0.23761
11.68,0,4.50083,1.81775,1.57201,0.45956,0.00034,0.00000,
11.68,1,4.48918,0.67663,1.55825,0.46011,0.00530,0.14118,0.08902
11.68,2,4.38798,-0.43689,1.45129,0.49537,0.01468,0.11811,0.24671
11.7,0,4.50081,1.82707,1.57201,0.47059,-0.00008,0.00000,
11.7,1,4.48930,0.68575,1.55834,0.45015,0.00320,0.14138,0.09833
11.7,2,4.38915,-0.42714,1.45158,0.48772,0.01429,0.11738,0.25583
11.72,0,4.50080,1.83654,1.57201,0.47494,-0.00009,0.00000,
11.72,1,4.48941,0.69381,1.55878,0.34370,0.03087,0.14279,0.00948
11.72,2,4.39025,-0.41815,1.45360,0.36712,0.32498,0.11637,0.00348
11.74,0,4.50079,1.84580,1.57201,0.47490,-0.00007,0.00000,
11.74,1,4.48945,0.70113,1.56062,0.41018,0.12135,0.14472,0.01873
11.74,2,4.39108,-0.41278,1.45994,0.21921,0.32787,0.11825,0.01081
11.76,0,4.50078,1.85580,1.57201,0.51281,0.00013,0.00000,
11.76,1,4.48957,0.71039,1.56185,0.52477,0.00617,0.14547,0.02874
11.76,2,4.39193,-0.40824,1.46469,0.26039,0.05319,0.12289,0.02007
11.78,0,4.50077,1.86603,1.57201,0.50633,0.00001,0.00000,
11.78,1,4.48969,0.72111,1.56145,0.54809,-0.02523,0.14497,0.03897
11.78,2,4.39271,-0.40179,1.46362,0.34079,-0.04074,0.12708,0.03079
11.8,0,4.50075,1.87600,1.57201,0.49341,-0.00003,0.00000,
11.8,1,4.48980,0.73209,1.56118,0.53886,-0.00299,0.14396,0.04894
11.8,2,4.39353,-0.39429,1.46450,0.42787,0.16900,0.13049,0.04177
11.82,0,4.50074,1.88584,1.57201,0.49171,-0.00001,0.00000,
11.82,1,4.48990,0.74245,1.56123,0.50321,0.00381,0.14343,0.05877
11.82,2,4.39444,-0.38550,1.46936,0.44308,0.19563,0.13198,0.05213
11.84,0,4.50073,1.89571,1.57201,0.49503,0.00000,0.00000,
11.84,1,4.48999,0.75130,1.56119,0.43072,-0.00271,0.14446,0.06864
11.84,2,4.39533,-0.37695,1.47081,0.41713,-0.00392,0.13221,0.06097
11.86,0,4.50072,1.90563,1.57201,0.49644,-0.00000,0.00000,
11.86,1,4.49008,0.76022,1.56117,0.45548,-0.00015,0.14546,0.07856
11.86,2,4.39617,-0.36887,1.47044,0.40020,-0.00860,0.13299,0.06990
11.88,0,4.50071,1.91555,1.57201,0.49586,-0.00001,0.00000,
11.88,1,4.49017,0.76932,1.56117,0.45104,-0.00043,0.14628,0.08848
11.88,2,4.39697,-0.36095,1.47077,0.39774,0.03228,0.13410,0.07900
11.9,0,4.50069,1.92546,1.57201,0.49529,-0.00000,0.00000,
11.9,1,4.49026,0.77816,1.56115,0.43502,-0.00102,0.14734,0.09839
11.9,2,4.39776,-0.35305,1.47147,0.39551,0.03275,0.13499,0.08784
11.92,0,4.50068,1.93537,1.57201,0.49530,-0.00000,0.00000,
11.92,1,4.49035,0.78831,1.56153,0.53091,0.02869,0.14710,0.00991
11.92,2,4.39853,-0.34586,1.47153,0.33824,-0.00601,0.13789,0.09799
11.94,0,4.50067,1.94527,1.57201,0.49547,-0.00000,0.00000,
11.94,1,4.49045,0.79918,1.56186,0.56468,0.00375,0.14613,0.01981
11.94,2,4.39925,-0.33896,1.47197,0.35253,0.03623,0.14179,0.10886
11.96,0,4.50066,1.95518,1.57201,0.49551,-0.00000,0.00000,
11.96,1,4.49056,0.81080,1.56176,0.58033,-0.00715,0.14443,0.02972
11.96,2,4.39996,-0.33195,1.47267,0.34904,0.03013,0.14634,0.12048
11.98,0,4.50065,1.96509,1.57201,0.49548,-0.00000,0.00000,
11.98,1,4.49066,0.82204,1.56168,0.54593,-0.00071,0.14310,0.03963
11.98,2,4.40062,-0.32525,1.47324,0.31018,0.04173,0.15082,0.13172
12.0,0,4.50063,1.97500,1.57201,0.49545,-0.00000,0.00000,
12.0,1,4.49075,0.83260,1.56170,0.48240,-0.00208,0.14244,0.04954
12.0,2,4.40129,-0.31844,1.47369,0.36300,0.01303,0.15452,0.14229
12.02,0,4.50062,1.98491,1.57201,0.49546,-0.00000,0.00000,
12.02,1,4.49085,0.84436,1.56171,0.62048,0.00163,0.14060,0.00991
12.02,2,4.40200,-0.31112,1.47396,0.36433,0.01614,0.15889,0.15404
12.04,0,4.50061,1.99482,1.57201,0.49547,-0.00000,0.00000,
12.04,1,4.49095,0.85562,1.56183,0.52822,0.00777,0.13924,0.01982
12.04,2,4.40269,-0.30411,1.47436,0.34289,0.02166,0.16309,0.16531
12.06,0,4.50060,2.00473,1.57201,0.49547,-0.00000,0.00000,
12.06,1,4.49105,0.86729,1.56184,0.61072,-0.00234,0.13748,0.02973
12.06,2,4.40333,-0.29742,1.47478,0.33305,0.02022,0.16800,0.17697
12.08,0,4.50059,2.01464,1.57201,0.49546,-0.00000,0.00000,
12.08,1,4.49117,0.87724,1.56162,0.48757,-0.01241,0.13744,0.03964
12.08,2,4.40396,-0.29135,1.47476,0.28741,-0.00540,0.17183,0.18692
12.1,0,4.50057,2.02455,1.57201,0.49546,-0.00000,0.00000,
12.1,1,4.49125,0.88700,1.56155,0.48846,0.00241,0.13758,0.04955
12.1,2,4.40455,-0.28543,1.47513,0.30307,0.03045,0.17563,0.19669
12.12,0,4.50056,2.03446,1.57201,0.49546,-0.00000,0.00000,
12.12,1,4.49134,0.89981,1.56174,0.67517,0.01389,0.13469,0.00991
12.12,2,4.40514,-0.27941,1.47570,0.29878,0.02352,0.18237,0.20949
12.14,0,4.50055,2.04437,1.57201,0.49546,-0.00000,0.00000,
12.14,1,4.49144,0.91275,1.56207,0.62480,0.01813,0.13165,0.01982
12.14,2,4.40570,-0.27358,1.47606,0.28827,0.01452,0.18943,0.22244
12.16,0,4.50054,2.05428,1.57201,0.49546,-0.00000,0.00000,
12.16,1,4.49153,0.92501,1.56231,0.59177,0.00389,0.12931,0.02973
12.16,2,4.40623,-0.26797,1.47639,0.27841,0.01949,0.19603,0.23469
12.18,0,4.50053,2.06419,1.57201,0.49546,-0.00000,0.00000,
12.18,1,4.49162,0.93514,1.56220,0.44357,-0.00877,0.12908,0.03964
12.18,2,4.40677,-0.26230,1.47674,0.28286,0.02055,0.20044,0.24482
12.2,0,4.50051,2.07410,1.57201,0.49546,-0.00000,0.00000,
12.2,1,4.49171,0.94439,1.56216,0.47787,0.00252,0.12974,0.04955
12.2,2,4.40732,-0.25648,1.47705,0.29599,0.01277,0.20383,0.25407
12.22,0,4.50050,2.08400,1.57201,0.49546,-0.00000,0.00000,
12.22,1,4.49179,0.95709,1.56236,0.62649,0.01607,0.12695,0.00991
12.22,2,4.40787,-0.24906,1.47784,0.57234,0.24480,0.20907,0.00673
12.24,0,4.50049,2.09391,1.57201,0.49546,-0.00000,0.00000,
12.24,1,4.49187,0.96847,1.56277,0.56359,0.02007,0.12548,0.01982
12.24,2,4.40842,-0.23872,1.48854,0.51086,0.54077,0.21007,0.01811
12.26,0,4.50048,2.10382,1.57201,0.49546,-0.00000,0.00000,
12.26,1,4.49196,0.97898,1.56291,0.44213,-0.00590,0.12488,0.02973
12.26,2,4.40901,-0.22884,1.49684,0.48302,0.02057,0.21067,0.02862
12.28,0,4.50047,2.11373,1.57201,0.49546,-0.00000,0.00000,
12.28,1,4.49204,0.98825,1.56282,0.48111,-0.00200,0.12551,0.03964
12.28,2,4.40989,-0.21788,1.48763,0.59362,-0.30513,0.20893,0.03789
12.3,0,4.50045,2.12364,1.57201,0.49546,-0.00000,0.00000,
12.3,1,4.49212,0.99803,1.56283,0.48919,0.00189,0.12564,0.04955
12.3,2,4.41083,-0.20428,1.48859,0.74940,0.20195,0.20506,0.04767
12.32,0,4.50044,2.13355,1.57201,0.49546,-0.00000,0.00000,
12.32,1,4.49220,1.01022,1.56304,0.62094,0.01566,0.12336,0.00991
12.32,2,4.41199,-0.18892,1.49218,0.81647,0.11463,0.20182,0.00626
12.34,0,4.50043,2.14346,1.57201,0.49546,-0.00000,0.00000,
12.34,1,4.49228,1.02264,1.56336,0.62094,0.01565,0.12085,0.01982
12.34,2,4.41324,-0.17222,1.49282,0.83832,-0.01389,0.19747,0.01868
12.36,0,4.50042,2.15337,1.57201,0.49546,-0.00000,0.00000,
12.36,1,4.49236,1.03473,1.56357,0.57645,0.00333,0.11867,0.02973
12.36,2,4.41449,-0.15587,1.49253,0.80422,-0.00066,0.19314,0.03078
12.38,0,4.50041,2.16328,1.57201,0.49546,-0.00000,0.00000,
12.38,1,4.49244,1.04486,1.56349,0.45190,-0.00617,0.11845,0.03964
12.38,2,4.41572,-0.14005,1.49294,0.78840,0.03205,0.18739,0.04091
12.4,0,4.50039,2.17319,1.57201,0.49546,-0.00000,0.00000,
12.4,1,4.49251,1.05414,1.56345,0.47511,0.00065,0.11908,0.04955
12.4,2,4.41695,-0.12429,1.49359,0.79387,0.02957,0.18085,0.05018
12.42,0,4.50038,2.18310,1.57201,0.49546,-0.00000,0.00000,
12.42,1,4.49258,1.06729,1.56359,0.71999,0.00868,0.11584,0.00991
12.42,2,4.41818,-0.10839,1.49429,0.79911,0.05989,0.17803,0.00720
12.44,0,4.50037,2.19301,1.57201,0.49546,-0.00000,0.00000,
12.44,1,4.49265,1.07947,1.56391,0.58790,0.01774,0.11356,0.01982
12.44,2,4.41940,-0.09243,1.49554,0.80040,0.05058,0.17420,0.01939
12.46,0,4.50036,2.20243,1.57237,0.33947,0.18333,0.00000,
12.46,1,4.49272,1.09053,1.56409,0.43820,-0.00456,0.11192,0.02924
12.46,2,4.42060,-0.07672,1.49600,0.74166,-0.01666,0.16948,0.03045
12.48,0,4.50060,2.20577,1.57999,0.10843,0.28641,0.00000,
12.48,1,4.49279,1.09843,1.56394,0.39964,-0.00700,0.10737,0.03258
12.48,2,4.42176,-0.06179,1.49614,0.75656,0.02566,0.16239,0.03834
12.5,0,4.50101,2.20730,1.58494,0.06412,0.23529,0.00000,
12.5,1,4.49286,1.10664,1.56388,0.39517,0.00175,0.10068,0.03412
12.5,2,4.42291,-0.04656,1.49682,0.76683,0.03493,0.15532,0.04656
12.52,0,4.50147,2.20828,1.58952,0.01706,0.22909,0.00000,
12.52,1,4.49292,1.11177,1.56377,0.23789,-0.02044,0.09655,0.00108
12.52,2,4.42406,-0.03310,1.49844,0.53832,0.28341,0.14693,0.00238
12.54,0,4.50133,2.20788,1.60514,-0.11393,2.19392,0.00000,
12.54,1,4.49294,1.11453,1.56319,0.07887,-0.02967,0.09338,0.00067
12.54,2,4.42521,-0.02462,1.50263,0.29693,0.12255,0.14116,0.00515
12.56,0,4.50079,2.20658,1.65543,0.02294,2.44599,0.00000,
12.56,1,4.49298,1.11622,1.56276,0.10256,-0.00258,0.09039,0.00075
12.56,2,4.42637,-0.01875,1.50507,0.29683,0.12240,0.13692,0.00684
12.58,0,4.49977,2.20768,1.69293,0.08603,1.57012,0.00000,
12.58,1,4.49302,1.11833,1.56296,0.08553,0.01354,0.08937,0.00131
12.58,2,4.42723,-0.01366,1.50740,0.18444,0.12396,0.13390,0.00895
12.6,0,4.49838,2.20994,1.72839,0.13907,1.63576,0.00000,
12.6,1,4.49304,1.12018,1.56312,0.11654,0.00282,0.08978,0.00373
12.6,2,4.42753,-0.00981,1.50955,0.18433,0.08682,0.13189,0.01080
12.62,0,4.49752,2.21347,1.76139,0.21497,1.72670,0.00000,
12.62,1,4.49306,1.12282,1.56294,0.11876,-0.04313,0.09066,0.00363
12.62,2,4.42782,-0.00570,1.50989,0.21210,-0.16847,0.13041,0.00118
12.64,0,4.49659,2.21824,1.79850,0.25985,1.94292,0.00000,
12.64,1,4.49311,1.12557,1.56202,0.12774,-0.03120,0.09268,0.00849
12.64,2,4.42811,-0.00147,1.50648,0.21211,-0.16790,0.12891,0.00393
12.66,0,4.49539,2.22350,1.83806,0.27484,1.98088,0.00000,
12.66,1,4.49313,1.12869,1.56201,0.18462,0.01892,0.09481,0.01388
12.66,2,4.42860,0.00191,1.50271,0.11636,-0.17427,0.12862,0.00705
12.68,0,4.49396,2.22871,1.87686,0.28142,1.92487,0.00000,
12.68,1,4.49316,1.13220,1.56244,0.15089,0.01848,0.09652,0.01928
12.68,2,4.42883,0.00468,1.50192,0.16991,0.05734,0.12935,0.01056
12.7,0,4.49215,2.23448,1.91533,0.31460,1.92107,0.00000,
12.7,1,4.49319,1.13574,1.56264,0.21378,0.00368,0.09874,0.02532
12.7,2,4.42902,0.00774,1.50419,0.17333,0.11665,0.12982,0.01410
12.72,0,4.49003,2.24044,1.95346,0.32214,1.90769,0.00000,
12.72,1,4.49323,1.14356,1.56385,0.41694,0.08849,0.09688,0.00632
12.72,2,4.42931,0.01252,1.50549,0.27647,0.01865,0.13284,0.02192
12.74,0,4.48754,2.24665,1.99190,0.34223,1.92882,0.00000,
12.74,1,4.49327,1.15186,1.56562,0.39729,0.09047,0.09480,0.01301
12.74,2,4.42963,0.01791,1.50539,0.25223,-0.00926,0.13574,0.03022
12.76,0,4.48475,2.25292,2.03015,0.34774,1.90639,0.00000,
12.76,1,4.49348,1.15935,1.56493,0.38562,-0.09665,0.09361,0.01987
12.76,2,4.42990,0.02244,1.50545,0.21150,0.01389,0.13868,0.03771
12.78,0,4.48154,2.25944,2.06865,0.37285,1.93287,0.00000,
12.78,1,4.49356,1.16582,1.56366,0.27184,-0.02229,0.09368,0.02711
12.78,2,4.43017,0.02657,1.50585,0.20767,0.02090,0.14101,0.04418
12.8,0,4.47795,2.26612,2.10728,0.38301,1.92823,0.00000,
12.8,1,4.49359,1.17169,1.56409,0.30706,0.04152,0.09453,0.03468
12.8,2,4.43043,0.03033,1.50599,0.15413,-0.00752,0.14311,0.05006
12.82,0,4.47405,2.27270,2.14543,0.37956,1.87372,0.00000,
12.82,1,4.49360,1.17735,1.56469,0.24323,-0.05736,0.09553,0.00765
12.82,2,4.43066,0.03373,1.50626,0.17941,0.02403,0.14535,0.05571
12.84,0,4.46974,2.27937,2.18366,0.40906,1.93263,0.00000,
12.84,1,4.49369,1.18224,1.56207,0.30107,-0.13678,0.09740,0.01559
12.84,2,4.43089,0.03731,1.50672,0.17627,0.01905,0.14664,0.06060
12.86,0,4.46497,2.28622,2.22241,0.42214,1.93540,0.00000,
12.86,1,4.49378,1.18998,1.56144,0.40716,0.04943,0.09662,0.02393
12.86,2,4.43110,0.04048,1.50715,0.17039,0.01539,0.15121,0.06835
12.88,0,4.45984,2.29301,2.26099,0.42675,1.92431,0.00000,
12.88,1,4.49388,1.19880,1.56301,0.44806,0.08186,0.09473,0.03242
12.88,2,4.43135,0.04440,1.50730,0.20782,0.00545,0.15609,0.07717
12.9,0,4.45439,2.29959,2.29858,0.44035,1.91806,0.00000,
12.9,1,4.49396,1.20734,1.56427,0.40662,0.04773,0.09296,0.04093
12.9,2,4.43160,0.04844,1.50748,0.19419,0.01192,0.16057,0.08571
12.92,0,4.44842,2.30634,2.33732,0.45675,1.94189,0.00000,
12.92,1,4.49404,1.21459,1.56723,0.30368,0.06264,0.09270,0.00902
12.92,2,4.43184,0.05358,1.50822,0.43245,0.15416,0.16268,0.00312
12.94,0,4.44206,2.31299,2.37602,0.46151,1.92842,0.00000,
12.94,1,4.49392,1.22027,1.56959,0.22836,-0.03708,0.09395,0.01821
12.94,2,4.43207,0.06159,1.51282,0.37318,0.24648,0.16032,0.00880
12.96,0,4.43542,2.31944,2.41448,0.46442,1.92051,0.00000,
12.96,1,4.49393,1.22590,1.56362,0.33403,-0.28995,0.09511,0.02747
12.96,2,4.43240,0.06871,1.51702,0.35031,0.06477,0.15882,0.01443
12.98,0,4.42849,2.32561,2.45217,0.46480,1.85165,0.00000,
12.98,1,4.49393,1.23272,1.56195,0.36404,-0.05326,0.09484,0.03672
12.98,2,4.43298,0.07673,1.51486,0.44474,-0.14563,0.15760,0.02125
13.0,0,4.42110,2.33171,2.48700,0.48747,1.50260,0.00000,
13.0,1,4.49396,1.24043,1.55762,0.39565,-0.12743,0.09371,0.04627
13.0,2,4.43349,0.08606,1.51330,0.47107,-0.01773,0.15595,0.02896
13.02,0,4.41341,2.33765,2.51155,0.47993,1.08950,0.00000,
13.02,1,4.49412,1.24789,1.56479,0.32862,0.49875,0.09275,0.00971
13.02,2,4.43398,0.09612,1.51390,0.61762,0.06887,0.15334,0.00331
13.04,0,4.40582,2.34320,2.53352,0.46429,1.13768,0.00000,
13.04,1,4.49401,1.25509,1.57445,0.40769,0.35445,0.09168,0.01912
13.04,2,4.43460,0.10903,1.51506,0.60406,0.03193,0.14760,0.01051
13.06,0,4.39821,2.34851,2.55695,0.46534,1.17637,0.00000,
13.06,1,4.49398,1.26438,1.57760,0.49553,0.05135,0.08835,0.02839
13.06,2,4.43516,0.11904,1.51545,0.45536,0.00106,0.14685,0.01981
13.08,0,4.39039,2.35371,2.57971,0.47329,1.09948,0.00000,
13.08,1,4.49395,1.27401,1.57865,0.47585,0.08098,0.08466,0.03778
13.08,2,4.43565,0.12767,1.51534,0.39337,-0.02191,0.14782,0.02943
13.1,0,4.38235,2.35879,2.60093,0.47613,1.03766,0.00000,
13.1,1,4.49389,1.28370,1.58109,0.48492,0.14425,0.08086,0.04727
13.1,2,4.43615,0.13394,1.51323,0.30706,-0.15802,0.15121,0.03912
13.12,0,4.37419,2.36370,2.62134,0.47572,1.00762,0.00000,
13.12,1,4.49374,1.29480,1.59231,0.58595,0.69534,0.07556,0.00952
13.12,2,4.43661,0.14148,1.51228,0.47658,0.21237,0.15474,0.00583
13.14,0,4.36594,2.36844,2.64114,0.47629,0.97371,0.00000,
13.14,1,4.49353,1.30553,1.60101,0.51772,0.20354,0.07054,0.01904
13.14,2,4.43710,0.14925,1.52168,0.36283,0.51879,0.15765,0.01656
13.16,0,4.35757,2.37302,2.66018,0.47783,0.93443,0.00000,
13.16,1,4.49326,1.31546,1.60250,0.48152,0.04380,0.06623,0.02858
13.16,2,4.43761,0.15690,1.52982,0.43564,0.18134,0.15990,0.02649
13.18,0,4.34948,2.37738,2.67760,0.45297,0.88572,0.00000,
13.18,1,4.49297,1.32306,1.60475,0.35907,0.15931,0.06403,0.03776
13.18,2,4.43810,0.16763,1.52891,0.60313,-0.14270,0.15674,0.03410
13.2,0,4.34133,2.38151,2.69575,0.45958,0.89895,0.00000,
13.2,1,4.49272,1.33049,1.60739,0.38659,0.12373,0.06187,0.04689
13.2,2,4.43861,0.17970,1.52680,0.61284,-0.05995,0.15207,0.04153
13.22,0,4.33301,2.38551,2.71290,0.46205,0.82523,0.00000,
13.22,1,4.49243,1.33808,1.60994,0.38374,0.13467,0.05949,0.05610
13.22,2,4.43915,0.19189,1.52676,0.65620,0.07002,0.14743,0.00368
13.24,0,4.32465,2.38934,2.72899,0.44756,0.81290,0.00000,
13.24,1,4.49208,1.34678,1.61283,0.46010,0.14599,0.05592,0.06529
13.24,2,4.43971,0.20558,1.52714,0.67024,0.05352,0.14240,0.01239
13.26,0,4.31620,2.39306,2.74506,0.48218,0.77414,0.00000,
13.26,1,4.49170,1.35582,1.61565,0.43756,0.13664,0.05198,0.07450
13.26,2,4.44020,0.21708,1.52829,0.50339,0.02790,0.13991,0.02144
13.28,0,4.30710,2.39688,2.76000,0.49687,0.72849,0.00000,
13.28,1,4.49133,1.36415,1.61829,0.40396,0.12926,0.04903,0.08434
13.28,2,4.44058,0.22525,1.52774,0.29426,-0.07954,0.14004,0.02978
13.3,0,4.29796,2.40055,2.77431,0.48827,0.70701,0.00000,
13.3,1,4.49095,1.37212,1.62084,0.39800,0.12575,0.04638,0.09416
13.3,2,4.44096,0.23089,1.52552,0.28385,-0.12072,0.14233,0.03776
13.32,0,4.28891,2.40403,2.78822,0.48249,0.68505,0.00000,
13.32,1,4.49055,1.38010,1.62332,0.40007,0.12223,0.04359,0.10381
13.32,2,4.44135,0.23722,1.52382,0.35226,-0.03148,0.14394,0.04575
13.34,0,4.27985,2.40737,2.80163,0.48380,0.65808,0.00000,
13.34,1,4.49014,1.38732,1.62605,0.34576,0.13278,0.04150,0.11343
13.34,2,4.44171,0.24430,1.52425,0.38714,0.03495,0.14405,0.05298
13.36,0,4.27070,2.41061,2.81450,0.48633,0.63208,0.00000,
13.36,1,4.48974,1.39439,1.62833,0.35825,0.10382,0.03956,0.12309
13.36,2,4.44213,0.25308,1.52452,0.45829,-0.00295,0.14231,0.06006
13.38,0,4.26148,2.41374,2.82688,0.48722,0.60835,0.00000,
13.38,1,4.48932,1.40150,1.63037,0.35250,0.10327,0.03756,0.13278
13.38,2,4.44253,0.26188,1.52434,0.41908,-0.00836,0.14058,0.06718
13.4,0,4.25221,2.41676,2.83879,0.48725,0.58590,0.00000,
13.4,1,4.48891,1.40827,1.63240,0.33410,0.10026,0.03590,0.14246
13.4,2,4.44290,0.26981,1.52428,0.38442,0.00027,0.13939,0.07396
13.42,0,4.24291,2.41966,2.85027,0.48745,0.56392,0.00000,
13.42,1,4.48848,1.41748,1.63031,0.50023,-0.09341,0.03183,0.00975
13.42,2,4.44326,0.27857,1.52082,0.54141,-1.15920,0.13981,0.00490
13.44,0,4.23357,2.42247,2.86131,0.48790,0.54272,0.00000,
13.44,1,4.48797,1.42713,1.62943,0.47417,0.09912,0.02733,0.01950
13.44,2,4.44361,0.28963,1.49398,0.51243,-1.26882,0.13837,0.01457
13.46,0,4.22419,2.42517,2.87194,0.48835,0.52241,0.00000,
13.46,1,4.48743,1.43653,1.63593,0.46330,0.44602,0.02308,0.02926
13.46,2,4.44409,0.29986,1.47840,0.51847,-0.52585,0.13750,0.02398
13.48,0,4.21477,2.42777,2.88218,0.48869,0.50288,0.00000,
13.48,1,4.48687,1.44461,1.64555,0.35876,0.45998,0.02012,0.03903
13.48,2,4.44505,0.31038,1.47622,0.53819,0.17815,0.13501,0.03208
13.5,0,4.20532,2.43028,2.89203,0.48899,0.48407,0.00000,
13.5,1,4.48628,1.45208,1.65257,0.38613,0.28941,0.01775,0.04881
13.5,2,4.44607,0.32049,1.48099,0.51742,0.23962,0.13230,0.03957
13.52,0,4.19584,2.43269,2.90151,0.48927,0.46598,0.00000,
13.52,1,4.48543,1.46159,1.66830,0.49636,0.96097,0.01336,0.00978
13.52,2,4.44705,0.33037,1.48408,0.48139,0.09894,0.13187,0.04912
13.54,0,4.18633,2.43502,2.91064,0.48955,0.44897,0.00000,
13.54,1,4.48451,1.47070,1.68148,0.46593,0.38962,0.00937,0.01957
13.54,2,4.44792,0.33995,1.48576,0.47953,0.08341,0.13134,0.05826
13.56,0,4.17680,2.43726,2.91943,0.48981,0.43217,0.00000,
13.56,1,4.48347,1.47991,1.68644,0.45521,0.21622,0.00527,0.02936
13.56,2,4.44873,0.34942,1.48760,0.47068,0.09740,0.13103,0.06753
13.58,0,4.16724,2.43942,2.92789,0.49004,0.41555,0.00000,
13.58,1,4.48244,1.48716,1.69346,0.32915,0.42050,0.00307,0.03916
13.58,2,4.44951,0.35869,1.48956,0.46143,0.09656,0.12895,0.07484
13.6,0,4.15766,2.44150,2.93603,0.49025,0.39961,0.00000,
13.6,1,4.48148,1.49396,1.70142,0.35568,0.35528,0.00134,0.04896
13.6,2,4.45024,0.36772,1.49151,0.45749,0.09218,0.12668,0.08170
13.62,0,4.14806,2.44350,2.94385,0.49044,0.38436,0.00000,
13.62,1,4.48055,1.50104,1.70759,0.33299,0.26411,0.00061,0.05877
13.62,2,4.45098,0.37699,1.49323,0.46714,0.08372,0.12444,0.08883
13.64,0,4.13844,2.44543,2.95138,0.49062,0.36969,0.00000,
13.64,1,4.47958,1.50805,1.71321,0.38829,0.30940,0.00248,0.06858
13.64,2,4.45170,0.38619,1.49491,0.45450,0.08447,0.12221,0.09590
13.66,0,4.12880,2.44729,2.95861,0.49079,0.35556,0.00000,
13.66,1,4.47845,1.51599,1.71953,0.39938,0.31278,0.00523,0.07839
13.66,2,4.45237,0.39510,1.49659,0.44182,0.08286,0.12120,0.10391
13.68,0,4.11915,2.44907,2.96557,0.49095,0.34197,0.00000,
13.68,1,4.47731,1.52357,1.72553,0.36957,0.28912,0.00761,0.08820
13.68,2,4.45302,0.40384,1.49821,0.43586,0.07930,0.12000,0.11157
13.7,0,4.10948,2.45079,2.97227,0.49109,0.32891,0.00000,
13.7,1,4.47620,1.53068,1.73114,0.35498,0.27579,0.00950,0.09801
13.7,2,4.45365,0.41248,1.49976,0.43115,0.07638,0.11842,0.11875
13.72,0,4.09979,2.45245,2.97871,0.49122,0.31634,0.00000,
13.72,1,4.47507,1.53768,1.73658,0.35524,0.26921,0.01125,0.10783
13.72,2,4.45425,0.42032,1.50210,0.38712,0.27850,0.11755,0.00355
13.74,0,4.09010,2.45404,2.98490,0.49134,0.30425,0.00000,
13.74,1,4.47395,1.54390,1.74279,0.31622,0.27123,0.01222,0.11764
13.74,2,4.45482,0.42832,1.50823,0.40336,0.23720,0.11575,0.00987
13.76,0,4.08039,2.45557,2.99086,0.49146,0.29263,0.00000,
13.76,1,4.47283,1.55024,1.74749,0.32325,0.22152,0.01327,0.12746
13.76,2,4.45532,0.43602,1.51063,0.35049,0.06318,0.11436,0.01631
13.78,0,4.07067,2.45705,2.99659,0.49156,0.28145,0.00000,
13.78,1,4.47170,1.55652,1.75203,0.31419,0.23402,0.01421,0.13728
13.78,2,4.45579,0.44366,1.51148,0.40471,0.04864,0.11297,0.02268
13.8,0,4.06094,2.45847,3.00210,0.49166,0.27070,0.00000,
13.8,1,4.47059,1.56259,1.75678,0.30525,0.23659,0.01491,0.14710
13.8,2,4.45628,0.45185,1.51294,0.40742,0.08886,0.11083,0.02886
13.82,0,4.05120,2.45984,3.00740,0.49175,0.26036,0.00000,
13.82,1,4.46928,1.56976,1.75870,0.39701,0.03036,0.01662,0.00983
13.82,2,4.45673,0.45974,1.51478,0.38513,0.08925,0.11008,0.03614
13.84,0,4.04146,2.46115,3.01249,0.49183,0.25041,0.00000,
13.84,1,4.46772,1.57770,1.76510,0.38208,0.50375,0.01909,0.01967
13.84,2,4.45716,0.46729,1.51642,0.37403,0.07700,0.11047,0.04424
13.86,0,4.03170,2.46242,3.01740,0.49191,0.24084,0.00000,
13.86,1,4.46620,1.58546,1.77684,0.40276,0.58183,0.02131,0.02951
13.86,2,4.45756,0.47449,1.51781,0.34384,0.06352,0.11100,0.05215
13.88,0,4.02194,2.46364,3.02211,0.49198,0.23164,0.00000,
13.88,1,4.46457,1.59332,1.78702,0.39604,0.45652,0.02358,0.03935
13.88,2,4.45794,0.48147,1.51925,0.35250,0.07664,0.11187,0.06016
13.9,0,4.01217,2.46481,3.02665,0.49204,0.22280,0.00000,
13.9,1,4.46294,1.60051,1.79652,0.33123,0.52321,0.02521,0.04919
13.9,2,4.45831,0.48849,1.52076,0.34877,0.07255,0.11203,0.06754
13.92,0,4.00239,2.46594,3.03101,0.49210,0.21428,0.00000,
13.92,1,4.46095,1.60882,1.81520,0.47019,1.01705,0.02792,0.00984
13.92,2,4.45866,0.49634,1.52314,0.49654,0.29785,0.11249,0.00465
13.94,0,3.99261,2.46703,3.03520,0.49216,0.20610,0.00000,
13.94,1,4.45895,1.61713,1.82883,0.36328,0.38778,0.03057,0.01968
13.94,2,4.45910,0.50683,1.53022,0.48162,0.29364,0.11030,0.01319
13.96,0,3.98282,2.46807,3.03924,0.49221,0.19823,0.00000,
13.96,1,4.45705,1.62428,1.83573,0.38467,0.37975,0.03207,0.02953
13.96,2,4.45955,0.51615,1.53318,0.49107,0.04209,0.10813,0.02059
13.98,0,3.97303,2.46908,3.04312,0.49226,0.19065,0.00000,
13.98,1,4.45500,1.63169,1.84495,0.34149,0.60057,0.03382,0.03937
13.98,2,4.45995,0.52617,1.53350,0.49931,0.02582,0.10554,0.02828
14.0,0,3.96333,2.47004,3.04697,0.48848,0.19026,0.00000,
14.0,1,4.45309,1.63796,1.85572,0.33308,0.43193,0.03448,0.04911
14.0,2,4.46031,0.53521,1.53433,0.40628,0.04109,0.10277,0.03482
14.02,0,3.95332,2.47099,3.05053,0.51116,0.17129,0.00000,
14.02,1,4.45119,1.64436,1.86328,0.33260,0.36461,0.03502,0.05917
14.02,2,4.46063,0.54346,1.53559,0.41850,0.07752,0.10095,0.04150
14.04,0,3.94312,2.47192,3.05391,0.51026,0.16774,0.00000,
14.04,1,4.44930,1.65063,1.87092,0.32253,0.39656,0.03525,0.06941
14.04,2,4.46093,0.55187,1.53718,0.41996,0.07556,0.09882,0.04805
14.06,0,3.93303,2.47281,3.05723,0.50340,0.16403,0.00000,
14.06,1,4.44744,1.65659,1.87854,0.32224,0.39555,0.03521,0.07954
14.06,2,4.46121,0.56015,1.53855,0.40915,0.06427,0.09653,0.05429
14.08,0,3.92303,2.47365,3.06044,0.50180,0.15729,0.00000,
14.08,1,4.44541,1.66297,1.88655,0.33921,0.39392,0.03559,0.08958
14.08,2,4.46147,0.56822,1.53980,0.39972,0.06260,0.09487,0.06098
14.1,0,3.91301,2.47447,3.06351,0.50339,0.15073,0.00000,
14.1,1,4.44334,1.66931,1.89409,0.32666,0.36418,0.03588,0.09963
14.1,2,4.46172,0.57615,1.54106,0.39448,0.06268,0.09332,0.06765
14.12,0,3.90353,2.47524,3.06622,0.47262,0.14150,0.00000,
14.12,1,4.44095,1.67629,1.88827,0.37046,-0.66050,0.03712,0.00951
14.12,2,4.46195,0.58398,1.54229,0.38966,0.06051,0.09251,0.07501
14.14,0,3.89399,2.47597,3.06918,0.48161,0.14762,0.00000,
14.14,1,4.43884,1.68291,1.88561,0.34318,0.40615,0.03781,0.01908
14.14,2,4.46217,0.59171,1.54347,0.38376,0.05793,0.09145,0.08196
14.16,0,3.88437,2.47668,3.07198,0.48160,0.13368,0.00000,
14.16,1,4.43654,1.68979,1.90045,0.37636,0.81935,0.03871,0.02872
14.16,2,4.46238,0.59931,1.54461,0.37764,0.05592,0.09078,0.08921
14.18,0,3.87480,2.47735,3.07456,0.47875,0.12668,0.00000,
14.18,1,4.43405,1.69697,1.91380,0.37803,0.53505,0.03992,0.03832
14.18,2,4.46257,0.60680,1.54571,0.37191,0.05410,0.09055,0.09680
14.2,0,3.86534,2.47798,3.07717,0.48670,0.12397,0.00000,
14.2,1,4.43157,1.70392,1.92304,0.36063,0.44326,0.04094,0.04780
14.2,2,4.46276,0.61418,1.54677,0.36640,0.05225,0.09019,0.10417
14.22,0,3.85553,2.47862,3.07962,0.49274,0.12337,0.00000,
14.22,1,4.42877,1.71150,1.94239,0.42698,1.16215,0.04236,0.00983
14.22,2,4.46293,0.62102,1.54774,0.33860,0.04938,0.09102,0.11224
14.24,0,3.84541,2.47925,3.08194,0.51383,0.11166,0.00000,
14.24,1,4.42582,1.71913,1.95942,0.38592,0.57220,0.04363,0.01997
14.24,2,4.46309,0.62784,1.54875,0.34189,0.05039,0.09193,0.12040
14.26,0,3.83518,2.47986,3.08414,0.50917,0.10955,0.00000,
14.26,1,4.42312,1.72579,1.96762,0.34317,0.36656,0.04381,0.03022
14.26,2,4.46324,0.63462,1.54972,0.33560,0.04689,0.09191,0.12757
14.28,0,3.82510,2.48044,3.08631,0.50170,0.10702,0.00000,
14.28,1,4.42050,1.73204,1.97612,0.33954,0.47851,0.04365,0.04031
14.28,2,4.46338,0.64124,1.55063,0.32777,0.04476,0.09164,0.13432
14.3,0,3.81510,2.48099,3.08840,0.50099,0.10260,0.00000,
14.3,1,4.41798,1.73783,1.98687,0.31273,0.51386,0.04305,0.05033
14.3,2,4.46351,0.64773,1.55151,0.32268,0.04370,0.09105,0.14061
14.32,0,3.80507,2.48152,3.09040,0.50300,0.09835,0.00000,
14.32,1,4.41439,1.74613,2.00208,0.50072,0.70809,0.04498,0.01004
14.32,2,4.46363,0.65518,1.54991,0.45547,-0.87138,0.09206,0.00498
14.34,0,3.79501,2.48204,3.09233,0.50377,0.09467,0.00000,
14.34,1,4.41067,1.75378,2.01099,0.39773,0.38331,0.04638,0.02011
14.34,2,4.46370,0.66457,1.52677,0.41842,-1.16200,0.09051,0.01348
14.36,0,3.78546,2.48253,3.09404,0.47047,0.08693,0.00000,
14.36,1,4.40690,1.76109,2.02083,0.41434,0.52222,0.04781,0.02968
14.36,2,4.46391,0.67249,1.50713,0.41199,-0.55063,0.09009,0.02169
14.38,0,3.77595,2.48299,3.09588,0.48010,0.09289,0.00000,
14.38,1,4.40386,1.76706,2.03230,0.30699,0.52214,0.04772,0.03921
14.38,2,4.46443,0.68160,1.50940,0.48821,0.47588,0.08714,0.02839
14.4,0,3.76633,2.48343,3.09765,0.48113,0.08434,0.00000,
14.4,1,4.40108,1.77262,2.04121,0.31340,0.41518,0.04702,0.04883
14.4,2,4.46499,0.69098,1.51869,0.47163,0.36493,0.08352,0.03461
14.42,0,3.75675,2.48386,3.09927,0.47837,0.07940,0.00000,
14.42,1,4.39833,1.77803,2.04892,0.28066,0.30471,0.04615,0.05842
14.42,2,4.46549,0.70024,1.52324,0.45434,0.15140,0.07987,0.04067
14.44,0,3.74733,2.48426,3.10096,0.49649,0.07695,0.00000,
14.44,1,4.39535,1.78372,2.05744,0.34623,0.48508,0.04570,0.06785
14.44,2,4.46592,0.70910,1.52616,0.43629,0.16153,0.07693,0.04710
14.46,0,3.73707,2.48467,3.10242,0.51925,0.07162,0.00000,
14.46,1,4.39207,1.78991,2.06688,0.34564,0.44570,0.04516,0.07811
14.46,2,4.46630,0.71774,1.52989,0.43072,0.19998,0.07474,0.05411
14.48,0,3.72680,2.48508,3.10386,0.50755,0.07221,0.00000,
14.48,1,4.38891,1.79574,2.07515,0.32074,0.39439,0.04419,0.08839
14.48,2,4.46665,0.72632,1.53384,0.42788,0.19122,0.07224,0.06073
14.5,0,3.71679,2.48545,3.10529,0.49762,0.07013,0.00000,
14.5,1,4.38588,1.80124,2.08290,0.31109,0.38566,0.04301,0.09841
14.5,2,4.46697,0.73481,1.53748,0.42178,0.17544,0.06951,0.06701
14.52,0,3.70685,2.48581,3.10665,0.49830,0.06681,0.00000,
14.52,1,4.38226,1.80733,2.07517,0.35966,-0.76309,0.04265,0.00995
14.52,2,4.46725,0.74143,1.54272,0.18071,0.49246,0.06928,0.00360
14.54,0,3.69685,2.48616,3.10796,0.50139,0.06412,0.00000,
14.54,1,4.37919,1.81317,2.06844,0.31137,0.14924,0.04161,0.01995
14.54,2,4.46748,0.74327,1.54846,0.04332,0.24033,0.07354,0.01019
14.56,0,3.68682,2.48650,3.10921,0.50205,0.06181,0.00000,
14.56,1,4.37606,1.81878,2.08074,0.33606,0.81735,0.04036,0.02999
14.56,2,4.46778,0.74332,1.55259,-0.02262,0.20898,0.07937,0.01661
14.58,0,3.67679,2.48683,3.11042,0.50134,0.05949,0.00000,
14.58,1,4.37255,1.82488,2.09538,0.35898,0.61060,0.03965,0.04002
14.58,2,4.46781,0.74429,1.56084,0.14817,0.42965,0.08478,0.02364
14.6,0,3.66721,2.48713,3.11150,0.46708,0.05323,0.00000,
14.6,1,4.36896,1.83101,2.10550,0.34905,0.46276,0.03929,0.04961
14.6,2,4.46787,0.74782,1.56633,0.18969,0.12074,0.08770,0.03075
14.62,0,3.65775,2.48743,3.11265,0.47766,0.05832,0.00000,
14.62,1,4.36515,1.83742,2.12418,0.38456,1.10967,0.03931,0.00947
14.62,2,4.46790,0.75167,1.56952,0.20593,0.31357,0.09060,0.00383
14.64,0,3.64816,2.48771,3.11376,0.47958,0.05327,0.00000,
14.64,1,4.36125,1.84375,2.14069,0.35588,0.57339,0.03917,0.01906
14.64,2,4.46749,0.75645,1.58225,0.26416,0.68354,0.09247,0.01126
14.66,0,3.63875,2.48797,3.11483,0.45173,0.05707,0.00000,
14.66,1,4.35762,1.84945,2.14928,0.32694,0.39106,0.03850,0.02847
14.66,2,4.46736,0.76397,1.58977,0.45130,0.14499,0.09101,0.01802
14.68,0,3.62905,2.48823,3.11583,0.50749,0.04655,0.00000,
14.68,1,4.35409,1.85486,2.15813,0.32299,0.48874,0.03727,0.03817
14.68,2,4.46726,0.77320,1.59089,0.44519,0.05183,0.08756,0.02448
14.7,0,3.61874,2.48850,3.11674,0.51580,0.04565,0.00000,
14.7,1,4.35049,1.86027,2.16834,0.32638,0.51125,0.03557,0.04849
14.7,2,4.46714,0.78132,1.59316,0.37824,0.15999,0.08524,0.03098
14.72,0,3.60858,2.48875,3.11766,0.50177,0.04574,0.00000,
14.72,1,4.34607,1.86693,2.15610,0.40744,-1.05257,0.03535,0.01016
14.72,2,4.46701,0.78921,1.59034,0.42971,-1.34907,0.08449,0.00407
14.74,0,3.59864,2.48899,3.11856,0.49543,0.04390,0.00000,
14.74,1,4.34158,1.87372,2.13558,0.40343,-0.86278,0.03537,0.02011
14.74,2,4.46686,0.79833,1.55871,0.45995,-1.47397,0.08266,0.01221
14.76,0,3.58871,2.48921,3.11941,0.49778,0.04185,0.00000,
14.76,1,4.33759,1.87992,2.13472,0.35735,0.63064,0.03457,0.03004
14.76,2,4.46690,0.80718,1.54890,0.42132,0.29437,0.08050,0.01958
14.78,0,3.57873,2.48944,3.12023,0.50028,0.04028,0.00000,
14.78,1,4.33350,1.88630,2.15427,0.39435,0.99925,0.03385,0.04002
14.78,2,4.46704,0.81523,1.56125,0.39343,0.62890,0.07937,0.02717
14.8,0,3.56872,2.48965,3.12102,0.50029,0.03882,0.00000,
14.8,1,4.32938,1.89262,2.16962,0.35814,0.60615,0.03302,0.05003
14.8,2,4.46712,0.82310,1.56926,0.39534,0.23218,0.07836,0.03471
14.82,0,3.55873,2.48986,3.12178,0.49956,0.03734,0.00000,
14.82,1,4.32450,1.89975,2.18656,0.45819,0.87786,0.03324,0.01000
14.82,2,4.46714,0.83172,1.56616,0.48756,-1.33395,0.07751,0.00458
14.84,0,3.54874,2.49005,3.12251,0.49936,0.03589,0.00000,
14.84,1,4.31978,1.90648,2.19892,0.36519,0.41095,0.03302,0.01999
14.84,2,4.46716,0.84128,1.53249,0.47521,-1.60459,0.07535,0.01281
14.86,0,3.53875,2.49024,3.12322,0.49952,0.03452,0.00000,
14.86,1,4.31540,1.91246,2.20909,0.37687,0.57974,0.03201,0.02997
14.86,2,4.46742,0.85030,1.52154,0.42792,0.33613,0.07299,0.02022
14.88,0,3.52899,2.49043,3.12386,0.46280,0.02859,0.00000,
14.88,1,4.31084,1.91857,2.22109,0.38210,0.59269,0.03134,0.03974
14.88,2,4.46778,0.85855,1.53638,0.40867,0.78638,0.07158,0.02784
14.9,0,3.51961,2.49060,3.12449,0.47397,0.03350,0.00000,
14.9,1,4.30663,1.92416,2.23207,0.33735,0.52574,0.03033,0.04912
14.9,2,4.46807,0.86680,1.54699,0.41609,0.33357,0.06961,0.03483
14.92,0,3.51007,2.49076,3.12515,0.47841,0.03159,0.00000,
14.92,1,4.30179,1.93034,2.24968,0.42018,0.99568,0.03000,0.00954
14.92,2,4.46827,0.87496,1.55330,0.38555,0.48242,0.06843,0.00415
14.94,0,3.50062,2.49092,3.12577,0.44397,0.03402,0.00000,
14.94,1,4.29682,1.93656,2.26495,0.36992,0.56626,0.02982,0.01899
14.94,2,4.46839,0.88245,1.56404,0.37649,0.48381,0.06799,0.01211
14.96,0,3.49105,2.49107,3.12636,0.50293,0.02709,0.00000,
14.96,1,4.29251,1.94177,2.27324,0.33484,0.44001,0.02837,0.02856
14.96,2,4.46845,0.88997,1.57149,0.36744,0.30565,0.06641,0.01887
14.98,0,3.48077,2.49123,3.12689,0.51563,0.02633,0.00000,
14.98,1,4.28812,1.94696,2.28318,0.34428,0.52818,0.02633,0.03884
14.98,2,4.46844,0.89748,1.57724,0.37811,0.29079,0.06486,0.02567
15.0,0,3.47061,2.49138,3.12742,0.50189,0.02655,0.00000,
15.0,1,4.28360,1.95220,2.29366,0.34499,0.50995,0.02446,0.04901
15.0,2,4.46839,0.90495,1.58332,0.36825,0.31062,0.06342,0.03258
15.02,0,3.46067,2.49152,3.12794,0.49433,0.02554,0.00000,
15.02,1,4.27748,1.95896,2.29296,0.49014,-0.24278,0.02491,0.00993
15.02,2,4.46830,0.91219,1.58946,0.35733,0.30133,0.06402,0.04170
15.04,0,3.45077,2.49165,3.12844,0.49626,0.02431,0.00000,
15.04,1,4.27119,1.96601,2.28870,0.42481,-0.13389,0.02564,0.01983
15.04,2,4.46817,0.91927,1.59531,0.35231,0.28587,0.06511,0.05115
15.06,0,3.44082,2.49178,3.12891,0.49900,0.02339,0.00000,
15.06,1,4.26609,1.97213,2.29073,0.39498,0.37534,0.02475,0.02979
15.06,2,4.46800,0.92628,1.60092,0.34872,0.27619,0.06517,0.05911
15.08,0,3.43083,2.49191,3.12937,0.49920,0.02255,0.00000,
15.08,1,4.26192,1.97704,2.29962,0.30977,0.56100,0.02235,0.03978
15.08,2,4.46779,0.93320,1.60635,0.34372,0.26783,0.06395,0.06555
15.1,0,3.42086,2.49203,3.12981,0.49845,0.02169,0.00000,
15.1,1,4.25762,1.98189,2.31212,0.33389,0.61995,0.01999,0.04975
15.1,2,4.46755,0.94001,1.61160,0.33816,0.25843,0.06282,0.07203
15.12,0,3.41089,2.49215,3.13024,0.49819,0.02085,0.00000,
15.12,1,4.25214,1.98795,2.32206,0.39273,0.24408,0.01922,0.00997
15.12,2,4.46730,0.94715,1.61872,0.36167,0.73528,0.06281,0.00412
15.14,0,3.40093,2.49226,3.13064,0.49834,0.02006,0.00000,
15.14,1,4.24651,1.99375,2.32960,0.41866,0.50622,0.01841,0.01993
15.14,2,4.46699,0.95395,1.63547,0.35320,0.63995,0.06292,0.01220
15.16,0,3.39096,2.49237,3.13104,0.49845,0.01929,0.00000,
15.16,1,4.24070,1.99978,2.34076,0.41264,0.57590,0.01781,0.02990
15.16,2,4.46649,0.96169,1.64189,0.41111,0.14738,0.06236,0.02058
15.18,0,3.38099,2.49248,3.13142,0.49844,0.01856,0.00000,
15.18,1,4.23544,2.00537,2.35146,0.33765,0.46788,0.01646,0.03987
15.18,2,4.46590,0.97000,1.64484,0.41262,0.19451,0.06071,0.02825
15.2,0,3.37102,2.49258,3.13178,0.49841,0.01785,0.00000,
15.2,1,4.23079,2.01024,2.36174,0.33821,0.53868,0.01418,0.04984
15.2,2,4.46532,0.97780,1.64993,0.41130,0.29716,0.05874,0.03499
15.22,0,3.36106,2.49268,3.13213,0.49840,0.01717,0.00000,
15.22,1,4.22597,2.01506,2.37230,0.34181,0.50765,0.01198,0.05980
15.22,2,4.46465,0.98627,1.65583,0.42691,0.28049,0.05612,0.04180
15.24,0,3.35152,2.49277,3.13244,0.46494,0.01531,0.00000,
15.24,1,4.22110,2.01979,2.38191,0.33636,0.46417,0.01011,0.06934
15.24,2,4.46394,0.99457,1.66099,0.40648,0.24341,0.05359,0.04859
15.26,0,3.34210,2.49286,3.13277,0.47530,0.01688,0.00000,
15.26,1,4.21634,2.02430,2.39036,0.32923,0.42222,0.00811,0.07876
15.26,2,4.46323,1.00229,1.66595,0.33161,0.30196,0.05140,0.05513
15.28,0,3.33256,2.49294,3.13309,0.47702,0.01541,0.00000,
15.28,1,4.21135,2.02895,2.39968,0.34647,0.48030,0.00624,0.08830
15.28,2,4.46254,1.00869,1.67144,0.33586,0.23030,0.05073,0.06195
15.3,0,3.32327,2.49302,3.13341,0.47644,0.01504,0.00000,
15.3,1,4.20628,2.03358,2.40890,0.33837,0.43991,0.00461,0.09759
15.3,2,4.46182,1.01556,1.67556,0.34829,0.19918,0.04961,0.06881
15.32,0,3.31323,2.49311,3.13368,0.51444,0.01323,0.00000,
15.32,1,4.20136,2.03802,2.41730,0.32620,0.40828,0.00206,0.10763
15.32,2,4.46124,1.02132,1.68216,0.20852,0.71163,0.04939,0.00328
15.34,0,3.30297,2.49319,3.13395,0.50838,0.01349,0.00000,
15.34,1,4.19652,2.04229,2.42535,0.32099,0.39908,0.00087,0.11790
15.34,2,4.46089,1.02476,1.69795,0.13884,0.79719,0.05132,0.00974
15.36,0,3.29295,2.49326,3.13422,0.49555,0.01328,0.00000,
15.36,1,4.19170,2.04649,2.43323,0.31839,0.38915,0.00367,0.12791
15.36,2,4.46082,1.02701,1.71312,0.12927,0.44837,0.05440,0.01613
15.38,0,3.28308,2.49334,3.13448,0.49376,0.01262,0.00000,
15.38,1,4.18690,2.05061,2.44086,0.31422,0.37482,0.00643,0.13778
15.38,2,4.46036,1.03092,1.71534,0.22901,-0.02872,0.05572,0.02246
15.4,0,3.27317,2.49341,3.13472,0.49702,0.01208,0.00000,
15.4,1,4.18241,2.05444,2.44783,0.29420,0.36825,0.00966,0.14769
15.4,2,4.45966,1.03552,1.71466,0.26089,-0.12630,0.05597,0.02836
15.42,0,3.26321,2.49347,3.13496,0.49844,0.01165,0.00000,
15.42,1,4.17799,2.05815,2.45492,0.27689,0.32276,0.01308,0.15765
15.42,2,4.45892,1.04098,1.71121,0.28643,-0.01769,0.05525,0.03413
15.44,0,3.25324,2.49354,3.13519,0.49788,0.01122,0.00000,
15.44,1,4.17374,2.06167,2.46179,0.27544,0.35019,0.01677,0.16762
15.44,2,4.45805,1.04701,1.71517,0.31593,0.30836,0.05374,0.03965
15.46,0,3.24329,2.49360,3.13541,0.49731,0.01079,0.00000,
15.46,1,4.16948,2.06512,2.46858,0.27165,0.32796,0.02050,0.17757
15.46,2,4.45712,1.05329,1.72118,0.31394,0.26393,0.05192,0.04512
15.48,0,3.23335,2.49367,3.13562,0.49732,0.01037,0.00000,
15.48,1,4.16528,2.06847,2.47490,0.26679,0.30809,0.02434,0.18751
15.48,2,4.45620,1.05933,1.72549,0.29955,0.18835,0.05023,0.05050
15.5,0,3.22340,2.49373,3.13582,0.49749,0.00998,0.00000,
15.5,1,4.16112,2.07174,2.48096,0.26255,0.30008,0.02830,0.19746
15.5,2,4.45533,1.06455,1.72984,0.25872,0.19886,0.04928,0.05578
15.52,0,3.21345,2.49378,3.13602,0.49753,0.00960,0.00000,
15.52,1,4.15588,2.07545,2.49152,0.31419,0.58611,0.03111,0.00995
15.52,2,4.45433,1.07071,1.73576,0.43652,0.59130,0.04813,0.00315
15.54,0,3.20350,2.49384,3.13621,0.49750,0.00923,0.00000,
15.54,1,4.15104,2.07923,2.49959,0.28591,0.28784,0.03428,0.01990
15.54,2,4.45290,1.07911,1.74429,0.36524,0.24420,0.04468,0.00929
15.56,0,3.19355,2.49389,3.13639,0.49747,0.00888,0.00000,
15.56,1,4.14664,2.08244,2.50013,0.28919,-0.09514,0.03811,0.02985
15.56,2,4.45149,1.08620,1.74870,0.35440,0.19931,0.04185,0.01474
15.58,0,3.18360,2.49394,3.13656,0.49748,0.00854,0.00000,
15.58,1,4.14140,2.08646,2.50048,0.35690,0.18242,0.04087,0.03980
15.58,2,4.45026,1.09220,1.75394,0.22630,0.37177,0.04112,0.02134
15.6,0,3.17365,2.49399,3.13673,0.49748,0.00822,0.00000,
15.6,1,4.13517,2.09119,2.51002,0.40561,0.60927,0.04248,0.04975
15.6,2,4.44923,1.09678,1.75913,0.25406,0.16918,0.04283,0.02917
15.62,0,3.16370,2.49404,3.13689,0.49749,0.00790,0.00000,
15.62,1,4.12765,2.09662,2.52161,0.47728,0.51308,0.04266,0.00995
15.62,2,4.44811,1.10280,1.76299,0.37687,0.33658,0.04421,0.00477
15.64,0,3.15375,2.49409,3.13704,0.49748,0.00760,0.00000,
15.64,1,4.11984,2.10200,2.53100,0.46871,0.40061,0.04262,0.01990
15.64,2,4.44682,1.10970,1.76659,0.34922,0.17718,0.04478,0.01425
15.66,0,3.14380,2.49413,3.13719,0.49748,0.00731,0.00000,
15.66,1,4.11232,2.10679,2.53908,0.46337,0.42394,0.04310,0.02985
15.66,2,4.44572,1.11640,1.76665,0.36703,-0.06600,0.04501,0.02317
15.68,0,3.13441,2.49418,3.13732,0.46654,0.00682,0.00000,
15.68,1,4.10536,2.11179,2.54560,0.41485,0.38573,0.04353,0.03924
15.68,2,4.44407,1.12479,1.76840,0.46168,0.21492,0.04351,0.03173
15.7,0,3.12497,2.49422,3.13747,0.47552,0.00720,0.00000,
15.7,1,4.09855,2.11660,2.55539,0.41533,0.51223,0.04425,0.04869
15.7,2,4.44222,1.13385,1.77397,0.45141,0.29115,0.04111,0.04007
15.72,0,3.11544,2.49426,3.13760,0.47571,0.00649,0.00000,
15.72,1,4.09008,2.12222,2.56842,0.55126,0.65880,0.04323,0.00952
15.72,2,4.44040,1.14300,1.77306,0.51195,-1.21387,0.04000,0.00545
15.74,0,3.10609,2.49430,3.13774,0.49288,0.00605,0.00000,
15.74,1,4.08170,2.12770,2.57945,0.49216,0.43446,0.04221,0.01887
15.74,2,4.43855,1.15283,1.74182,0.49025,-1.46176,0.03813,0.01547
15.76,0,3.09591,2.49433,3.13785,0.51508,0.00569,0.00000,
15.76,1,4.07370,2.13280,2.58675,0.45815,0.34745,0.04249,0.02906
15.76,2,4.43710,1.16174,1.73125,0.42981,0.29505,0.03683,0.02495
15.78,0,3.08572,2.49437,3.13797,0.50302,0.00583,0.00000,
15.78,1,4.06728,2.13713,2.59152,0.35669,0.29010,0.04455,0.03925
15.78,2,4.43570,1.16937,1.74561,0.40421,0.72520,0.03552,0.03270
15.8,0,3.07578,2.49441,3.13808,0.49315,0.00565,0.00000,
15.8,1,4.06125,2.14100,2.59852,0.36430,0.39179,0.04693,0.04918
15.8,2,4.43418,1.17765,1.75537,0.42769,0.31629,0.03301,0.03986
15.82,0,3.06592,2.49444,3.13819,0.49394,0.00536,0.00000,
15.82,1,4.05489,2.14487,2.60648,0.37649,0.38665,0.04893,0.05904
15.82,2,4.43266,1.18566,1.75991,0.41298,0.23395,0.03092,0.04730
15.84,0,3.05601,2.49448,3.13830,0.49704,0.00515,0.00000,
15.84,1,4.04860,2.14861,2.61419,0.37341,0.36661,0.05112,0.06896
15.84,2,4.43100,1.19426,1.76607,0.44872,0.34964,0.02810,0.05461
15.86,0,3.04606,2.49451,3.13840,0.49767,0.00497,0.00000,
15.86,1,4.04180,2.15257,2.62089,0.40079,0.32358,0.05282,0.07891
15.86,2,4.42929,1.20292,1.77306,0.43107,0.33575,0.02565,0.06247
15.88,0,3.03611,2.49454,3.13850,0.49694,0.00478,0.00000,
15.88,1,4.03498,2.15648,2.62746,0.38463,0.33308,0.05452,0.08886
15.88,2,4.42761,1.21112,1.77932,0.41038,0.29863,0.02366,0.07034
15.9,0,3.02618,2.49457,3.13859,0.49655,0.00459,0.00000,
15.9,1,4.02846,2.16016,2.63411,0.36757,0.32881,0.05660,0.09879
15.9,2,4.42592,1.21907,1.78515,0.40498,0.28876,0.02158,0.07782
15.92,0,3.01625,2.49460,3.13868,0.49666,0.00442,0.00000,
15.92,1,4.02194,2.16393,2.64752,0.35574,0.74939,0.05866,0.00993
15.92,2,4.42439,1.22537,1.78944,0.21137,-0.20356,0.02121,0.00357
15.94,0,3.00631,2.49463,3.13877,0.49680,0.00425,0.00000,
15.94,1,4.01539,2.16730,2.66214,0.39144,0.61345,0.06084,0.01987
15.94,2,4.42326,1.22881,1.78314,0.13053,-0.27100,0.02329,0.01093
15.96,0,2.99637,2.49466,3.13885,0.49681,0.00409,0.00000,
15.96,1,4.00777,2.17129,2.66972,0.45388,0.24490,0.06183,0.02980
15.96,2,4.42229,1.23069,1.77961,0.12230,0.07136,0.02789,0.01954
15.98,0,2.98644,2.49469,3.13893,0.49677,0.00393,0.00000,
15.98,1,3.99968,2.17549,2.67439,0.44862,0.25935,0.06233,0.03974
15.98,2,4.42144,1.23335,1.79571,0.22687,0.55903,0.03223,0.02865
16.0,0,2.97650,2.49471,3.13901,0.49676,0.00378,0.00000,
16.0,1,3.99199,2.17940,2.68068,0.41295,0.37303,0.06331,0.04967
16.0,2,4.42034,1.23810,1.80073,0.27414,0.16599,0.03418,0.03728
16.02,0,2.96657,2.49474,3.13908,0.49677,0.00364,0.00000,
16.02,1,3.98449,2.18314,2.68738,0.42454,0.30291,0.06455,0.05961
16.02,2,4.41920,1.24348,1.80411,0.27823,0.18675,0.03535,0.04566
16.04,0,2.95663,2.49476,3.13915,0.49677,0.00350,0.00000,
16.04,1,3.97683,2.18689,2.69303,0.42544,0.27452,0.06564,0.06954
16.04,2,4.41787,1.24918,1.80957,0.30406,0.33597,0.03625,0.05418
16.06,0,2.94670,2.49479,3.13922,0.49677,0.00337,0.00000,
16.06,1,3.96926,2.19053,2.69854,0.41493,0.27677,0.06687,0.07948
16.06,2,4.41640,1.25518,1.81684,0.30853,0.36707,0.03673,0.06258
16.08,0,2.93676,2.49481,3.13929,0.49677,0.00324,0.00000,
16.08,1,3.96186,2.19404,2.70404,0.40597,0.27168,0.06831,0.08942
16.08,2,4.41492,1.26105,1.82381,0.29681,0.33148,0.03719,0.07077
16.1,0,2.92683,2.49483,3.13935,0.49677,0.00312,0.00000,
16.1,1,3.95456,2.19746,2.70934,0.40073,0.26014,0.06989,0.09935
16.1,2,4.41346,1.26669,1.83015,0.28861,0.30879,0.03775,0.07882
16.12,0,2.91689,2.49486,3.13941,0.49677,0.00300,0.00000,
16.12,1,3.94776,2.20082,2.71967,0.34260,0.53939,0.07198,0.00994
16.12,2,4.41202,1.27204,1.83675,0.24713,0.39155,0.03835,0.08641
16.14,0,2.90696,2.49488,3.13947,0.49677,0.00288,0.00000,
16.14,1,3.94181,2.20365,2.72954,0.28842,0.27941,0.07505,0.01987
16.14,2,4.41064,1.27695,1.84295,0.26028,0.26215,0.03855,0.09300
16.16,0,2.89702,2.49490,3.13953,0.49677,0.00277,0.00000,
16.16,1,3.93534,2.20666,2.73532,0.40524,0.27678,0.07759,0.02981
16.16,2,4.40923,1.28197,1.84799,0.25882,0.25659,0.03905,0.10013
16.18,0,2.88709,2.49492,3.13958,0.49677,0.00267,0.00000,
16.18,1,3.92834,2.20999,2.74514,0.41300,0.63615,0.07954,0.03974
16.18,2,4.40784,1.28686,1.85334,0.25034,0.27283,0.04024,0.10788
16.2,0,2.87715,2.49494,3.13963,0.49677,0.00257,0.00000,
16.2,1,3.92043,2.21332,2.75985,0.44130,0.58921,0.08062,0.04968
16.2,2,4.40646,1.29160,1.85873,0.24517,0.26371,0.04202,0.11645
16.22,0,2.86736,2.49496,3.13968,0.45958,0.00189,0.00000,
16.22,1,3.90903,2.21765,2.76749,0.63988,0.28082,0.07794,0.00979
16.22,2,4.40509,1.29623,1.86372,0.22757,0.21347,0.04647,0.12860
16.24,0,2.85806,2.49498,3.13972,0.47048,0.00249,0.00000,
16.24,1,3.89821,2.22210,2.77590,0.57515,0.38675,0.07536,0.01909
16.24,2,4.40368,1.30089,1.86845,0.25419,0.24969,0.05077,0.14027
16.26,0,2.84857,2.49500,3.13977,0.47582,0.00241,0.00000,
16.26,1,3.88804,2.22604,2.78038,0.48737,0.04806,0.07370,0.02858
16.26,2,4.40217,1.30579,1.87341,0.25411,0.24129,0.05413,0.15116
16.28,0,2.83925,2.49501,3.13982,0.45524,0.00253,0.00000,
16.28,1,3.88058,2.22935,2.77982,0.40129,0.09094,0.07468,0.03790
16.28,2,4.40070,1.31052,1.87802,0.24201,0.22291,0.05583,0.15932
16.3,0,2.82950,2.49503,3.13987,0.50779,0.00193,0.00000,
16.3,1,3.87294,2.23239,2.78368,0.42118,0.25040,0.07599,0.04765
16.3,2,4.39926,1.31505,1.88237,0.23588,0.21453,0.05760,0.16753
16.32,0,2.81923,2.49505,3.13990,0.51186,0.00196,0.00000,
16.32,1,3.86190,2.23618,2.79261,0.57480,0.68528,0.07432,0.01027
16.32,2,4.39760,1.32095,1.88734,0.44513,0.62784,0.06048,0.00618
16.34,0,2.80916,2.49507,3.13994,0.49759,0.00200,0.00000,
16.34,1,3.85174,2.24016,2.80810,0.54366,0.78128,0.07329,0.02034
16.34,2,4.39553,1.32940,1.89909,0.39228,0.45184,0.06074,0.01709
16.36,0,2.79928,2.49508,3.13998,0.49242,0.00190,0.00000,
16.36,1,3.84158,2.24430,2.82086,0.54519,0.43979,0.07205,0.03022
16.36,2,4.39320,1.33639,1.90944,0.39511,0.83799,0.06235,0.02806
16.38,0,2.78941,2.49510,3.14002,0.49517,0.00181,0.00000,
16.38,1,3.83229,2.24766,2.82324,0.41567,-0.12009,0.07183,0.04009
16.38,2,4.38985,1.34466,1.93134,0.51091,0.59812,0.06127,0.03794
16.4,0,2.77947,2.49511,3.14006,0.49744,0.00174,0.00000,
16.4,1,3.82435,2.25038,2.82433,0.42580,0.17869,0.07315,0.05003
16.4,2,4.38571,1.35595,1.93267,0.64927,-0.03342,0.05600,0.04633
16.42,0,2.76952,2.49513,3.14009,0.49726,0.00168,0.00000,
16.42,1,3.81358,2.25360,2.83325,0.56496,0.72665,0.07163,0.00995
16.42,2,4.38138,1.36758,1.93810,0.57921,0.77572,0.05235,0.00603
16.44,0,2.75959,2.49514,3.14012,0.49655,0.00162,0.00000,
16.44,1,3.80316,2.25711,2.84845,0.55226,0.70933,0.07038,0.01989
16.44,2,4.37743,1.37788,1.95610,0.54374,0.75007,0.05016,0.01702
16.46,0,2.74966,2.49516,3.14015,0.49641,0.00155,0.00000,
16.46,1,3.79275,2.26073,2.85928,0.53581,0.31269,0.06911,0.02981
16.46,2,4.37362,1.38676,1.96952,0.45600,0.63791,0.04940,0.02804
16.48,0,2.73973,2.49517,3.14018,0.49657,0.00149,0.00000,
16.48,1,3.78313,2.26356,2.86103,0.47652,-0.01942,0.06880,0.03974
16.48,2,4.36984,1.39529,1.97938,0.48094,0.35430,0.04791,0.03807
16.5,0,2.72980,2.49519,3.14021,0.49666,0.00144,0.00000,
16.5,1,3.77590,2.26589,2.85854,0.37967,0.04140,0.07094,0.04968
16.5,2,4.36595,1.40436,1.98504,0.49730,0.26768,0.04422,0.04566
16.52,0,2.71986,2.49520,3.14024,0.49664,0.00138,0.00000,
16.52,1,3.76589,2.26843,2.86415,0.50407,0.44215,0.07033,0.00993
16.52,2,4.36202,1.41316,1.99228,0.50993,0.77078,0.04253,0.00540
16.54,0,2.70993,2.49521,3.14027,0.49661,0.00133,0.00000,
16.54,1,3.75716,2.27113,2.87428,0.46435,0.35082,0.07094,0.01987
16.54,2,4.35763,1.42288,2.00905,0.53914,0.67673,0.03927,0.01454
16.56,0,2.70000,2.49523,3.14029,0.49660,0.00128,0.00000,
16.56,1,3.74784,2.27397,2.87659,0.49926,-0.00536,0.07095,0.02980
16.56,2,4.35320,1.43237,2.01717,0.50718,0.25156,0.03670,0.02428
16.58,0,2.69007,2.49524,3.14032,0.49661,0.00123,0.00000,
16.58,1,3.73907,2.27648,2.87530,0.43454,-0.00348,0.07157,0.03973
16.58,2,4.34898,1.44123,2.02191,0.48083,0.26786,0.03423,0.03341
16.6,0,2.68013,2.49525,3.14034,0.49662,0.00118,0.00000,
16.6,1,3.73065,2.27878,2.87773,0.43680,0.17786,0.07258,0.04966
16.6,2,4.34489,1.44957,2.02889,0.42632,0.45277,0.03193,0.04213
16.62,0,2.67020,2.49526,3.14037,0.49661,0.00114,0.00000,
16.62,1,3.72227,2.28103,2.88090,0.42991,0.12798,0.07366,0.05959
16.62,2,4.34125,1.45663,2.03119,0.32525,-0.77310,0.03090,0.00432
16.64,0,2.66027,2.49528,3.14039,0.49661,0.00110,0.00000,
16.64,1,3.71407,2.28322,2.88285,0.42053,0.08314,0.07492,0.06953
16.64,2,4.33823,1.46173,2.02169,0.24498,-0.19741,0.03171,0.01281
16.66,0,2.65034,2.49529,3.14041,0.49661,0.00105,0.00000,
16.66,1,3.70601,2.28535,2.88456,0.41361,0.09006,0.07635,0.07946
16.66,2,4.33548,1.46640,2.02098,0.39905,-0.59566,0.03291,0.02114
16.68,0,2.64041,2.49530,3.14043,0.49661,0.00101,0.00000,
16.68,1,3.69807,2.28744,2.88645,0.40815,0.09631,0.07790,0.08939
16.68,2,4.33234,1.47334,2.02218,0.35549,0.11701,0.03201,0.02935
16.7,0,2.63047,2.49531,3.14045,0.49661,0.00097,0.00000,
16.7,1,3.69023,2.28949,2.88833,0.40233,0.09112,0.07956,0.09932
16.7,2,4.32910,1.47905,2.02570,0.31999,0.20996,0.03196,0.03745
16.72,0,2.62054,2.49532,3.14047,0.49661,0.00094,0.00000,
16.72,1,3.68251,2.29144,2.89400,0.36216,0.28952,0.08136,0.00993
16.72,2,4.32554,1.48577,2.01977,0.51136,-1.31091,0.03083,0.04542
16.74,0,2.61061,2.49533,3.14049,0.49661,0.00090,0.00000,
16.74,1,3.67494,2.29326,2.89817,0.42699,0.12368,0.08334,0.01986
16.74,2,4.32095,1.49565,1.99933,0.50888,-0.31968,0.02641,0.05321
16.76,0,2.60068,2.49535,3.14051,0.49661,0.00087,0.00000,
16.76,1,3.66592,2.29552,2.89967,0.48278,0.06343,0.08383,0.02980
16.76,2,4.31714,1.50383,2.00232,0.43117,0.16490,0.02511,0.06250
16.78,0,2.59074,2.49536,3.14052,0.49661,0.00083,0.00000,
16.78,1,3.65686,2.29779,2.90186,0.45536,0.13883,0.08427,0.03973
16.78,2,4.31375,1.51095,2.00762,0.36358,0.38253,0.02500,0.07184
16.8,0,2.58081,2.49537,3.14054,0.49661,0.00080,0.00000,
16.8,1,3.64777,2.30003,2.90402,0.47356,0.09057,0.08469,0.04966
16.8,2,4.31098,1.51684,2.01737,0.26588,0.56943,0.02628,0.08121
16.82,0,2.57088,2.49538,3.14056,0.49661,0.00077,0.00000,
16.82,1,3.63866,2.30224,2.90580,0.46153,0.09190,0.08511,0.05959
16.82,2,4.30851,1.52222,2.02581,0.32025,-0.01942,0.02816,0.00465
16.84,0,2.56162,2.49539,3.14057,0.46817,0.00074,0.00000,
16.84,1,3.62986,2.30435,2.90772,0.44630,0.09825,0.08519,0.06886
16.84,2,4.30589,1.52815,2.02619,0.33508,0.14114,0.02932,0.01370
16.86,0,2.55216,2.49540,3.14058,0.47539,0.00081,0.00000,
16.86,1,3.62126,2.30640,2.90965,0.43967,0.09422,0.08568,0.07831
16.86,2,4.30267,1.53391,2.03066,0.35063,0.31838,0.03007,0.02254
16.88,0,2.54281,2.49541,3.14060,0.44857,0.00092,0.00000,
16.88,1,3.61376,2.30831,2.91033,0.39225,0.09054,0.08718,0.08766
16.88,2,4.29909,1.54113,2.03760,0.41827,0.29042,0.02871,0.03028
16.9,0,2.53316,2.49542,3.14061,0.50478,0.00056,0.00000,
16.9,1,3.60600,2.31017,2.91271,0.40113,0.12114,0.08872,0.09732
16.9,2,4.29539,1.54864,2.04526,0.39560,0.50774,0.02722,0.03826
16.92,0,2.52290,2.49543,3.14062,0.51247,0.00058,0.00000,
16.92,1,3.59828,2.31198,2.91472,0.39139,0.08338,0.09091,0.10757
16.92,2,4.29198,1.55529,2.05598,0.37295,0.51192,0.02654,0.04619
16.94,0,2.51281,2.49544,3.14064,0.49813,0.00063,0.00000,
16.94,1,3.59092,2.31369,2.91661,0.38779,0.07816,0.09332,0.11766
16.94,2,4.28852,1.56185,2.06559,0.36854,0.45947,0.02562,0.05374
16.96,0,2.50294,2.49545,3.14065,0.49189,0.00060,0.00000,
16.96,1,3.58310,2.31549,2.91791,0.40566,0.06351,0.09505,0.12754
16.96,2,4.28505,1.56827,2.07454,0.36182,0.44249,0.02521,0.06177
16.98,0,2.49308,2.49545,3.14066,0.49435,0.00056,0.00000,
16.98,1,3.57532,2.31726,2.91933,0.39102,0.07655,0.09682,0.13739
16.98,2,4.28159,1.57455,2.08335,0.35586,0.43816,0.02490,0.06975
17.0,0,2.48316,2.49546,3.14067,0.49686,0.00054,0.00000,
17.0,1,3.56786,2.31894,2.92089,0.37669,0.07686,0.09897,0.14731
17.0,2,4.27812,1.58071,2.09200,0.35103,0.42599,0.02443,0.07739
17.02,0,2.47322,2.49547,3.14068,0.49683,0.00053,0.00000,
17.02,1,3.55758,2.32099,2.92808,0.57801,0.44220,0.09831,0.00994
17.02,2,4.27465,1.58675,2.10033,0.34620,0.40960,0.02630,0.08787
17.04,0,2.46329,2.49548,3.14069,0.49609,0.00051,0.00000,
17.04,1,3.54752,2.32332,2.93607,0.50923,0.30862,0.09781,0.01987
17.04,2,4.27118,1.59268,2.10836,0.34108,0.39476,0.02836,0.09820
17.06,0,2.45337,2.49549,3.14070,0.49590,0.00049,0.00000,
17.06,1,3.53748,2.32542,2.93922,0.51598,0.05684,0.09736,0.02979
17.06,2,4.26772,1.59849,2.11611,0.33598,0.38139,0.03038,0.10846
17.08,0,2.44345,2.49550,3.14071,0.49606,0.00047,0.00000,
17.08,1,3.52829,2.32744,2.93862,0.45062,-0.00741,0.09778,0.03971
17.08,2,4.26426,1.60419,2.12359,0.33105,0.36833,0.03187,0.11786
17.1,0,2.43353,2.49551,3.14072,0.49616,0.00045,0.00000,
17.1,1,3.51930,2.32935,2.94041,0.46442,0.13785,0.09841,0.04963
17.1,2,4.26082,1.60978,2.13082,0.32621,0.35552,0.03327,0.12705
17.12,0,2.42361,2.49552,3.14073,0.49614,0.00043,0.00000,
17.12,1,3.51025,2.33122,2.94299,0.45757,0.10772,0.09899,0.05955
17.12,2,4.25722,1.61575,2.13759,0.38415,0.12103,0.03435,0.00460
17.14,0,2.41369,2.49553,3.14074,0.49611,0.00042,0.00000,
17.14,1,3.50143,2.33301,2.94466,0.44415,0.07106,0.09981,0.06947
17.14,2,4.25327,1.62228,2.13949,0.39030,0.18631,0.03460,0.01360
17.16,0,2.40376,2.49553,3.14075,0.49610,0.00040,0.00000,
17.16,1,3.49281,2.33473,2.94608,0.43605,0.07451,0.10086,0.07940
17.16,2,4.24870,1.62912,2.14476,0.45797,-0.03627,0.03405,0.02238
17.18,0,2.39384,2.49554,3.14075,0.49611,0.00039,0.00000,
17.18,1,3.48431,2.33641,2.94765,0.43119,0.07971,0.10202,0.08932
17.18,2,4.24384,1.63657,2.14376,0.45835,0.23516,0.03279,0.03105
17.2,0,2.38392,2.49555,3.14076,0.49611,0.00037,0.00000,
17.2,1,3.47591,2.33806,2.94921,0.42543,0.07598,0.10329,0.09924
17.2,2,4.23899,1.64412,2.15457,0.43377,0.66635,0.03143,0.03961
17.22,0,2.37400,2.49556,3.14077,0.49611,0.00036,0.00000,
17.22,1,3.46763,2.33967,2.95068,0.41866,0.07168,0.10469,0.10916
17.22,2,4.23470,1.65069,2.16688,0.34881,0.55455,0.03107,0.04805
17.24,0,2.36407,2.49557,3.14078,0.49611,0.00034,0.00000,
17.24,1,3.45948,2.34125,2.95208,0.41207,0.06944,0.10622,0.11909
17.24,2,4.23079,1.65650,2.17614,0.35301,0.41097,0.03140,0.05635
17.26,0,2.35415,2.49558,3.14078,0.49611,0.00033,0.00000,
17.26,1,3.45145,2.34279,2.95345,0.40594,0.06747,0.10789,0.12901
17.26,2,4.22676,1.66233,2.18414,0.35348,0.40282,0.03156,0.06452
17.28,0,2.34423,2.49558,3.14079,0.49611,0.00032,0.00000,
17.28,1,3.44361,2.34429,2.95467,0.36887,0.01393,0.10974,0.13893
17.28,2,4.22273,1.66805,2.19235,0.34620,0.41405,0.03167,0.07251
17.3,0,2.33431,2.49559,3.14080,0.49611,0.00031,0.00000,
17.3,1,3.43676,2.34568,2.95519,0.35651,0.07116,0.11260,0.14885
17.3,2,4.21880,1.67352,2.19985,0.33447,0.35424,0.03121,0.07949
17.32,0,2.32439,2.49560,3.14080,0.49611,0.00029,0.00000,
17.32,1,3.42709,2.34735,2.96086,0.49290,0.33367,0.11263,0.00992
17.32,2,4.21467,1.67918,2.20792,0.35842,0.42166,0.03283,0.08930
17.34,0,2.31446,2.49561,3.14081,0.49611,0.00028,0.00000,
17.34,1,3.41849,2.34919,2.96832,0.43315,0.39644,0.11369,0.01984
17.34,2,4.21043,1.68490,2.21602,0.35126,0.38538,0.03366,0.09810
17.36,0,2.30454,2.49561,3.14081,0.49611,0.00027,0.00000,
17.36,1,3.40928,2.35084,2.97356,0.50247,0.12283,0.11419,0.02977
17.36,2,4.20631,1.69038,2.22333,0.33706,0.35395,0.03511,0.10745
17.38,0,2.29462,2.49562,3.14082,0.49611,0.00026,0.00000,
17.38,1,3.40010,2.35255,2.97326,0.48436,0.00456,0.11470,0.03969
17.38,2,4.20226,1.69568,2.23030,0.33101,0.34603,0.03680,0.11679
17.4,0,2.28470,2.49563,3.14082,0.49611,0.00025,0.00000,
17.4,1,3.39052,2.35422,2.97445,0.48035,0.09193,0.11483,0.04961
17.4,2,4.19822,1.70089,2.23715,0.32865,0.33825,0.03886,0.12652
17.42,0,2.27477,2.49564,3.14083,0.49611,0.00024,0.00000,
17.42,1,3.37891,2.35588,2.97908,0.61790,0.27082,0.11295,0.00992
17.42,2,4.19367,1.70680,2.24454,0.42871,0.48053,0.04170,0.00618
17.44,0,2.26485,2.49565,3.14083,0.49611,0.00023,0.00000,
17.44,1,3.36711,2.35753,2.98524,0.53799,0.41551,0.11087,0.01984
17.44,2,4.18851,1.71366,2.25410,0.42857,0.47969,0.04369,0.01810
17.46,0,2.25493,2.49565,3.14084,0.49611,0.00022,0.00000,
17.46,1,3.35650,2.35911,2.99112,0.47068,0.04118,0.11000,0.02977
17.46,2,4.18327,1.71984,2.27043,0.33046,1.49006,0.04510,0.02882
17.48,0,2.24501,2.49566,3.14084,0.49611,0.00022,0.00000,
17.48,1,3.34811,2.36070,2.98868,0.43578,-0.18051,0.11133,0.03969
17.48,2,4.17847,1.72543,2.29870,0.43773,0.99868,0.04550,0.03736
17.5,0,2.23509,2.49567,3.14085,0.49611,0.00021,0.00000,
17.5,1,3.33919,2.36218,2.98711,0.46218,0.02508,0.11215,0.04961
17.5,2,4.17193,1.73294,2.30982,0.51517,0.42730,0.04374,0.04639
17.52,0,2.22516,2.49568,3.14085,0.49611,0.00020,0.00000,
17.52,1,3.32723,2.36371,2.99268,0.61325,0.47574,0.10994,0.00992
17.52,2,4.16499,1.74055,2.31840,0.50953,0.68519,0.04410,0.00628
17.54,0,2.21524,2.49568,3.14085,0.49611,0.00019,0.00000,
17.54,1,3.31507,2.36530,3.00220,0.61265,0.47449,0.10753,0.01984
17.54,2,4.15808,1.74812,2.33268,0.51599,0.73034,0.04478,0.01854
17.56,0,2.20532,2.49569,3.14086,0.49611,0.00018,0.00000,
17.56,1,3.30377,2.36717,3.00948,0.57259,0.13231,0.10594,0.02977
17.56,2,4.15055,1.75575,2.34525,0.56012,0.45070,0.04444,0.02999
17.58,0,2.19582,2.49570,3.14086,0.46299,0.00007,0.00000,
17.58,1,3.29445,2.36872,3.00730,0.43045,-0.12676,0.10594,0.03926
17.58,2,4.14248,1.76408,2.35137,0.58709,0.24857,0.04151,0.03944
17.6,0,2.18644,2.49570,3.14086,0.47323,0.00024,0.00000,
17.6,1,3.28561,2.36991,3.00757,0.45591,0.09224,0.10634,0.04864
17.6,2,4.13439,1.77234,2.35684,0.56698,0.30620,0.03804,0.04836
17.62,0,2.17695,2.49571,3.14087,0.47491,0.00019,0.00000,
17.62,1,3.27665,2.37112,3.00945,0.42234,0.09963,0.10674,0.05814
17.62,2,4.12665,1.78003,2.36447,0.56516,0.47670,0.03532,0.00446
17.64,0,2.16765,2.49572,3.14087,0.48681,0.00015,0.00000,
17.64,1,3.26774,2.37232,3.01023,0.46716,0.00485,0.10698,0.06743
17.64,2,4.11843,1.78809,2.37174,0.57590,0.35866,0.03199,0.01345
17.66,0,2.15752,2.49573,3.14087,0.51430,0.00008,0.00000,
17.66,1,3.25843,2.37356,3.01029,0.46511,0.01097,0.10766,0.07756
17.66,2,4.11082,1.79564,2.37962,0.46419,0.33169,0.02984,0.02285
17.68,0,2.14733,2.49573,3.14088,0.50358,0.00015,0.00000,
17.68,1,3.24944,2.37475,3.01076,0.44368,0.03056,0.10874,0.08776
17.68,2,4.10516,1.80110,2.38538,0.35216,0.27383,0.03021,0.03191
17.7,0,2.13739,2.49574,3.14088,0.49254,0.00016,0.00000,
17.7,1,3.24078,2.37589,3.01137,0.43314,0.02840,0.10988,0.09769
17.7,2,4.10004,1.80591,2.39148,0.35739,0.32275,0.03112,0.04064
17.72,0,2.12756,2.49575,3.14088,0.49260,0.00014,0.00000,
17.72,1,3.23215,2.37696,3.01552,0.39404,0.26741,0.11096,0.00984
17.72,2,4.09464,1.81089,2.39784,0.37295,0.30705,0.03166,0.04934
17.74,0,2.11767,2.49575,3.14089,0.49585,0.00013,0.00000,
17.74,1,3.22371,2.37797,3.01792,0.46375,0.01191,0.11229,0.01973
17.74,2,4.08917,1.81592,2.40368,0.36776,0.28239,0.03195,0.05784
17.76,0,2.10774,2.49576,3.14089,0.49673,0.00013,0.00000,
17.76,1,3.21380,2.37919,3.01747,0.51486,-0.01808,0.11219,0.02966
17.76,2,4.08382,1.82078,2.40923,0.35604,0.27518,0.03381,0.06782
17.78,0,2.09781,2.49577,3.14089,0.49603,0.00012,0.00000,
17.78,1,3.20374,2.38045,3.01778,0.49438,0.03902,0.11193,0.03959
17.78,2,4.07859,1.82548,2.41468,0.34959,0.26939,0.03602,0.07796
17.8,0,2.08789,2.49577,3.14089,0.49557,0.00012,0.00000,
17.8,1,3.19435,2.38162,3.01883,0.46755,0.04925,0.11233,0.04950
17.8,2,4.07339,1.83011,2.41996,0.34608,0.25969,0.03773,0.08743
17.82,0,2.07798,2.49578,3.14090,0.49566,0.00011,0.00000,
17.82,1,3.18163,2.38282,3.02247,0.66841,0.31974,0.10942,0.00991
17.82,2,4.06823,1.83465,2.42505,0.34155,0.24992,0.04238,0.10020
17.84,0,2.06807,2.49579,3.14090,0.49581,0.00011,0.00000,
17.84,1,3.16846,2.38405,3.02899,0.62086,0.35480,0.10606,0.01983
17.84,2,4.06319,1.83906,2.42982,0.31846,0.21039,0.04764,0.11341
17.86,0,2.05815,2.49580,3.14090,0.49583,0.00010,0.00000,
17.86,1,3.15623,2.38554,3.03333,0.59636,0.08263,0.10360,0.02974
17.86,2,4.05840,1.84321,2.43442,0.31616,0.24135,0.05263,0.12574
17.88,0,2.04823,2.49580,3.14090,0.49579,0.00010,0.00000,
17.88,1,3.14711,2.38681,3.03161,0.39483,-0.11023,0.10427,0.03966
17.88,2,4.05362,1.84731,2.43919,0.31324,0.23133,0.05490,0.13494
17.9,0,2.03832,2.49581,3.14090,0.49577,0.00010,0.00000,
17.9,1,3.13913,2.38789,3.02986,0.41056,-0.05742,0.10609,0.04958
17.9,2,4.04888,1.85132,2.44361,0.30806,0.21422,0.05619,0.14299
17.92,0,2.02840,2.49582,3.14091,0.49578,0.00009,0.00000,
17.92,1,3.13103,2.38885,3.03031,0.40065,0.08355,0.10781,0.05949
17.92,2,4.04389,1.85564,2.44778,0.36610,0.01640,0.05718,0.00396
17.94,0,2.01849,2.49582,3.14091,0.49579,0.00009,0.00000,
17.94,1,3.12181,2.38989,3.03127,0.49805,0.01811,0.10840,0.06941
17.94,2,4.03840,1.86042,2.44763,0.37186,0.08322,0.05852,0.01324
17.96,0,2.00857,2.49583,3.14091,0.49579,0.00009,0.00000,
17.96,1,3.11196,2.39098,3.03136,0.48181,0.00262,0.10836,0.07932
17.96,2,4.03255,1.86505,2.45386,0.38520,0.29631,0.06023,0.02315
17.98,0,1.99866,2.49584,3.14091,0.49579,0.00008,0.00000,
17.98,1,3.10285,2.39199,3.03157,0.44240,0.01688,0.10907,0.08924
17.98,2,4.02577,1.87081,2.45525,0.45985,0.10680,0.05991,0.03232
18.0,0,1.98874,2.49584,3.14091,0.49579,0.00008,0.00000,
18.0,1,3.09420,2.39295,3.03196,0.43292,0.01992,0.11024,0.09915
18.0,2,4.01888,1.87635,2.45946,0.41871,0.30285,0.05920,0.04102
18.02,0,1.97882,2.49585,3.14091,0.49579,0.00008,0.00000,
18.02,1,3.08557,2.39390,3.03232,0.43548,0.01615,0.11143,0.10907
18.02,2,4.01278,1.88132,2.46657,0.37970,0.36862,0.05946,0.04971
18.04,0,1.96891,2.49586,3.14092,0.49579,0.00007,0.00000,
18.04,1,3.07792,2.39481,3.03193,0.38362,0.00225,0.11360,0.11899
18.04,2,4.00731,1.88584,2.47254,0.32426,0.23257,0.05963,0.05741
18.06,0,1.95899,2.49586,3.14092,0.49579,0.00007,0.00000,
18.06,1,3.07015,2.39570,3.03246,0.39321,0.03446,0.11567,0.12890
18.06,2,4.00213,1.89005,2.47841,0.34015,0.32604,0.06031,0.06522
18.08,0,1.94908,2.49587,3.14092,0.49579,0.00007,0.00000,
18.08,1,3.06242,2.39656,3.03300,0.38407,0.01885,0.11776,0.13882
18.08,2,3.99676,1.89428,2.48478,0.34046,0.30087,0.06079,0.07300
18.1,0,1.93916,2.49588,3.14092,0.49579,0.00007,0.00000,
18.1,1,3.05504,2.39737,3.03344,0.38524,0.01041,0.12022,0.14873
18.1,2,3.99153,1.89832,2.49032,0.31156,0.25836,0.06116,0.08043
18.12,0,1.92925,2.49588,3.14092,0.49579,0.00006,0.00000,
18.12,1,3.04715,2.39823,3.03355,0.39898,0.00651,0.12217,0.15865
18.12,2,3.98558,1.90268,2.49278,0.46697,-0.27647,0.06123,0.00399
18.14,0,1.91933,2.49589,3.14092,0.49579,0.00006,0.00000,
18.14,1,3.03938,2.39907,3.03378,0.38281,0.01451,0.12423,0.16856
18.14,2,3.97781,1.90823,2.48454,0.44972,-0.30627,0.05904,0.01181
18.16,0,1.90941,2.49590,3.14092,0.49579,0.00006,0.00000,
18.16,1,3.03193,2.39987,3.03409,0.36954,0.01496,0.12662,0.17848
18.16,2,3.97138,1.91355,2.48239,0.40672,0.02306,0.05786,0.01930
18.18,0,1.89950,2.49590,3.14092,0.49579,0.00006,0.00000,
18.18,1,3.02463,2.40066,3.03436,0.36575,0.01265,0.12916,0.18840
18.18,2,3.96547,1.91838,2.48628,0.32299,0.19016,0.05725,0.02664
18.2,0,1.88958,2.49591,3.14093,0.49579,0.00005,0.00000,
18.2,1,3.01739,2.40144,3.03460,0.36276,0.01198,0.13176,0.19831
18.2,2,3.96049,1.92241,2.49332,0.33018,0.46583,0.05779,0.03393
18.22,0,1.87967,2.49592,3.14093,0.49579,0.00005,0.00000,
18.22,1,3.01041,2.40221,3.03468,0.32922,-0.01128,0.13462,0.20823
18.22,2,3.95507,1.92653,2.50312,0.35183,0.56661,0.05767,0.00341
18.24,0,1.86975,2.49592,3.14093,0.49579,0.00005,0.00000,
18.24,1,3.00380,2.40294,3.03481,0.33472,0.01746,0.13785,0.21814
18.24,2,3.94952,1.93061,2.51261,0.36272,0.41344,0.05711,0.01006
18.26,0,1.85984,2.49593,3.14093,0.49579,0.00005,0.00000,
18.26,1,2.99715,2.40366,3.03519,0.33253,0.01715,0.14105,0.22806
18.26,2,3.94343,1.93504,2.51960,0.37751,0.30972,0.05596,0.01675
18.28,0,1.84992,2.49594,3.14093,0.49579,0.00005,0.00000,
18.28,1,2.99062,2.40436,3.03545,0.32478,0.00997,0.14437,0.23797
18.28,2,3.93751,1.93929,2.52558,0.35271,0.30018,0.05493,0.02331
18.3,0,1.84000,2.49594,3.14093,0.49579,0.00004,0.00000,
18.3,1,2.98429,2.40504,3.03558,0.29251,-0.01541,0.14789,0.24789
18.3,2,3.93191,1.94325,2.53172,0.33818,0.31050,0.05415,0.02968
18.32,0,1.83009,2.49595,3.14093,0.49579,0.00004,0.00000,
18.32,1,2.97534,2.40572,3.04181,0.48187,0.50770,0.14880,0.00992
18.32,2,3.92659,1.94704,2.53720,0.28615,0.14667,0.05605,0.03865
18.34,0,1.82017,2.49596,3.14093,0.49579,0.00004,0.00000,
18.34,1,2.96698,2.40642,3.04892,0.40487,0.34921,0.15030,0.01983
18.34,2,3.92185,1.95045,2.54246,0.29623,0.33158,0.05815,0.04704
18.36,0,1.81026,2.49596,3.14093,0.49579,0.00004,0.00000,
18.36,1,2.95772,2.40716,3.05727,0.52260,0.27860,0.15089,0.02975
18.36,2,3.91695,1.95382,2.54907,0.29699,0.30725,0.06096,0.05634
18.38,0,1.80034,2.49597,3.14093,0.49579,0.00004,0.00000,
18.38,1,2.94647,2.40811,3.05826,0.57954,-0.07651,0.14949,0.03966
18.38,2,3.91218,1.95704,2.55462,0.27648,0.26742,0.06587,0.06762
18.4,0,1.79043,2.49598,3.14093,0.49579,0.00004,0.00000,
18.4,1,2.93523,2.40906,3.05665,0.54490,-0.04817,0.14810,0.04958
18.4,2,3.90722,1.96035,2.55961,0.31116,0.24287,0.07056,0.07890
18.42,0,1.78051,2.49598,3.14094,0.49579,0.00004,0.00000,
18.42,1,2.92092,2.41003,3.05757,0.79591,0.08629,0.14364,0.00992
18.42,2,3.90201,1.96378,2.56451,0.30763,0.24727,0.07781,0.09324
18.44,0,1.77059,2.49599,3.14094,0.49579,0.00003,0.00000,
18.44,1,2.90657,2.41114,3.05972,0.66319,0.11332,0.13913,0.01983
18.44,2,3.89700,1.96704,2.56942,0.29174,0.24224,0.08545,0.10764
18.46,0,1.76068,2.49600,3.14094,0.49579,0.00003,0.00000,
18.46,1,2.89413,2.41222,3.06123,0.51834,-0.02010,0.13655,0.02975
18.46,2,3.89217,1.97015,2.57414,0.28519,0.23080,0.09157,0.12011
18.48,0,1.75076,2.49600,3.14094,0.49579,0.00003,0.00000,
18.48,1,2.88524,2.41326,3.05981,0.44423,-0.07513,0.13749,0.03966
18.48,2,3.88738,1.97320,2.57865,0.28391,0.22180,0.09450,0.12906
18.5,0,1.74085,2.49601,3.14094,0.49579,0.00003,0.00000,
18.5,1,2.87619,2.41427,3.05838,0.46982,-0.03616,0.13828,0.04958
18.5,2,3.88260,1.97622,2.58301,0.28081,0.21466,0.09761,0.13817
18.52,0,1.73136,2.49601,3.14094,0.46271,-0.00007,0.00000,
18.52,1,2.86315,2.41512,3.06049,0.66816,0.30484,0.13468,0.00949
18.52,2,3.87654,1.97984,2.58742,0.52910,0.28729,0.10292,0.00711
18.54,0,1.72198,2.49602,3.14094,0.47293,0.00009,0.00000,
18.54,1,2.85025,2.41599,3.06692,0.64638,0.32258,0.13110,0.01887
18.54,2,3.86742,1.98497,2.59338,0.48677,0.36008,0.10472,0.02004
18.56,0,1.71249,2.49603,3.14094,0.47461,0.00005,0.00000,
18.56,1,2.83746,2.41711,3.07341,0.62796,0.29446,0.12774,0.02836
18.56,2,3.85980,1.98949,2.60192,0.43662,0.43682,0.10816,0.03287
18.58,0,1.70330,2.49603,3.14094,0.48846,0.00003,0.00000,
18.58,1,2.82669,2.41802,3.07549,0.45236,-0.01258,0.12610,0.03755
18.58,2,3.85152,1.99454,2.60793,0.55669,0.19873,0.10888,0.04368
18.6,0,1.69292,2.49604,3.14094,0.53176,-0.00006,0.00000,
18.6,1,2.81752,2.41866,3.07499,0.46812,-0.02635,0.12726,0.04793
18.6,2,3.84078,2.00094,2.61251,0.64424,0.33981,0.10524,0.05288
18.62,0,1.68239,2.49605,3.14094,0.51798,0.00002,0.00000,
18.62,1,2.80810,2.41926,3.07462,0.45618,-0.00254,0.12832,0.05845
18.62,2,3.82935,2.00764,2.61953,0.69635,0.59176,0.10109,0.00472
18.64,0,1.67224,2.49605,3.14094,0.50144,0.00004,0.00000,
18.64,1,2.79881,2.41987,3.07464,0.49733,-0.01069,0.12914,0.06861
18.64,2,3.81710,2.01454,2.62970,0.69674,0.56981,0.09599,0.01402
18.66,0,1.66224,2.49606,3.14094,0.50087,0.00002,0.00000,
18.66,1,2.78864,2.42055,3.07432,0.50823,-0.01624,0.12893,0.07861
18.66,2,3.80602,2.02093,2.64187,0.54703,0.37843,0.09305,0.02422
18.68,0,1.65254,2.49607,3.14094,0.46977,-0.00012,0.00000,
18.68,1,2.77883,2.42122,3.07408,0.47780,-0.00926,0.12877,0.08830
18.68,2,3.79807,2.02549,2.64546,0.43710,0.21260,0.09337,0.03405
18.7,0,1.64300,2.49607,3.14094,0.48238,0.00008,0.00000,
18.7,1,2.76999,2.42184,3.07364,0.39534,-0.04235,0.12944,0.09785
18.7,2,3.79039,2.02963,2.65046,0.44049,0.26258,0.09318,0.04291
18.72,0,1.63331,2.49608,3.14094,0.48425,0.00006,0.00000,
18.72,1,2.76196,2.42243,3.07457,0.38429,0.08694,0.13105,0.00968
18.72,2,3.78332,2.03352,2.65585,0.29089,0.30352,0.09290,0.00383
18.74,0,1.62366,2.49609,3.14094,0.48084,0.00001,0.00000,
18.74,1,2.75371,2.42291,3.07730,0.44941,0.10703,0.13241,0.01933
18.74,2,3.77934,2.03619,2.65959,0.20694,0.12186,0.09612,0.01210
18.76,0,1.61416,2.49609,3.14094,0.46791,0.00008,0.00000,
18.76,1,2.74444,2.42355,3.07812,0.48416,-0.00211,0.13261,0.02884
18.76,2,3.77564,2.03853,2.66277,0.26554,0.22235,0.10073,0.02139
18.78,0,1.60444,2.49610,3.14094,0.49739,-0.00000,0.00000,
18.78,1,2.73391,2.42424,3.07753,0.54337,-0.03282,0.13175,0.03856
18.78,2,3.77011,2.04150,2.66868,0.31721,0.42861,0.10463,0.03194
18.8,0,1.59452,2.49610,3.14094,0.49333,0.00006,0.00000,
18.8,1,2.72349,2.42491,3.07727,0.50857,-0.00135,0.13121,0.04848
18.8,2,3.76382,2.04478,2.67912,0.37951,0.62385,0.10761,0.04239
18.82,0,1.58441,2.49611,3.14094,0.51222,-0.00001,0.00000,
18.82,1,2.71346,2.42555,3.07728,0.49702,0.00002,0.13126,0.05859
18.82,2,3.75608,2.04852,2.68916,0.51194,0.42076,0.10869,0.00499
18.84,0,1.57416,2.49612,3.14094,0.50990,0.00001,0.00000,
18.84,1,2.70365,2.42619,3.07724,0.48827,-0.00348,0.13164,0.06883
18.84,2,3.74687,2.05311,2.69665,0.51410,0.30864,0.10793,0.01483
18.86,0,1.56404,2.49612,3.14095,0.50370,0.00002,0.00000,
18.86,1,2.69486,2.42680,3.07674,0.42110,-0.02227,0.13294,0.07896
18.86,2,3.73754,2.05758,2.70176,0.51933,0.20701,0.10612,0.02364
18.88,0,1.55399,2.49613,3.14095,0.50265,0.00002,0.00000,
18.88,1,2.68622,2.42738,3.07673,0.43987,0.01000,0.13432,0.08901
18.88,2,3.72820,2.06199,2.70530,0.51252,0.16779,0.10418,0.03230
18.9,0,1.54392,2.49614,3.14095,0.50417,0.00001,0.00000,
18.9,1,2.67746,2.42796,3.07688,0.43481,0.00299,0.13559,0.09908
18.9,2,3.71903,2.06627,2.70884,0.50049,0.18581,0.10258,0.04107
18.92,0,1.53420,2.49614,3.14094,0.46931,-0.00012,0.00000,
18.92,1,2.66776,2.42855,3.07936,0.49300,0.18218,0.13558,0.00972
18.92,2,3.70928,2.07069,2.71351,0.63617,0.34509,0.10128,0.00477
18.94,0,1.52469,2.49615,3.14094,0.48018,0.00007,0.00000,
18.94,1,2.65705,2.42922,3.08104,0.56019,0.00356,0.13434,0.01923
18.94,2,3.69709,2.07614,2.72094,0.64553,0.39270,0.09834,0.01551
18.96,0,1.51504,2.49616,3.14095,0.48265,0.00005,0.00000,
18.96,1,2.64599,2.42991,3.08050,0.55973,-0.03635,0.13289,0.02888
18.96,2,3.68688,2.08075,2.72788,0.50474,0.25977,0.09789,0.02659
18.98,0,1.50541,2.49616,3.14095,0.47991,0.00000,0.00000,
18.98,1,2.63502,2.43059,3.08017,0.53840,0.00046,0.13151,0.03850
18.98,2,3.67796,2.08469,2.73080,0.48447,0.10076,0.09881,0.03758
19.0,0,1.49595,2.49617,3.14095,0.47774,0.00003,0.00000,
19.0,1,2.62452,2.43123,3.08036,0.51794,0.01118,0.13044,0.04796
19.0,2,3.67058,2.08832,2.72896,0.38926,-0.11129,0.10083,0.04810
19.02,0,1.48615,2.49618,3.14095,0.48135,0.00009,0.00000,
19.02,1,2.61427,2.43186,3.08049,0.51181,0.00312,0.12995,0.05777
19.02,2,3.66327,2.09177,2.72849,0.38400,-0.12750,0.10276,0.00512
19.04,0,1.47614,2.49618,3.14095,0.51159,-0.00001,0.00000,
19.04,1,2.60488,2.43247,3.08014,0.44196,-0.02259,0.13054,0.06778
19.04,2,3.65588,2.09511,2.71707,0.42885,-0.77201,0.10382,0.01453
19.06,0,1.46586,2.49619,3.14095,0.51238,-0.00000,0.00000,
19.06,1,2.59580,2.43306,3.08016,0.46248,0.01389,0.13171,0.07806
19.06,2,3.64715,2.09894,2.71021,0.53623,-0.35944,0.10316,0.02362
19.08,0,1.45571,2.49619,3.14095,0.50372,0.00002,0.00000,
19.08,1,2.58658,2.43364,3.08043,0.45871,0.00917,0.13259,0.08821
19.08,2,3.63671,2.10345,2.69867,0.55394,-0.24836,0.10082,0.03287
19.1,0,1.44568,2.49620,3.14095,0.50107,0.00002,0.00000,
19.1,1,2.57786,2.43418,3.08068,0.44403,0.00694,0.13388,0.09824
19.1,2,3.62669,2.10805,2.70146,0.54037,0.37596,0.09836,0.04160
19.12,0,1.43564,2.49621,3.14095,0.50286,0.00001,0.00000,
19.12,1,2.56813,2.43473,3.08292,0.46786,0.16942,0.13416,0.01004
19.12,2,3.61716,2.11254,2.70894,0.56587,0.38770,0.09739,0.00474
19.14,0,1.42557,2.49621,3.14095,0.50414,0.00001,0.00000,
19.14,1,2.55842,2.43528,3.08481,0.50954,0.02345,0.13449,0.02011
19.14,2,3.60672,2.11740,2.71406,0.56767,0.23481,0.09543,0.01446
19.16,0,1.41586,2.49622,3.14095,0.46849,-0.00012,0.00000,
19.16,1,2.54784,2.43587,3.08442,0.53835,-0.03111,0.13359,0.02982
19.16,2,3.59733,2.12169,2.71954,0.47996,0.29755,0.09551,0.02506
19.18,0,1.40636,2.49623,3.14095,0.47915,0.00007,0.00000,
19.18,1,2.53723,2.43648,3.08413,0.52175,0.00130,0.13244,0.03932
19.18,2,3.58858,2.12560,2.72452,0.48235,0.22761,0.09635,0.03569
19.2,0,1.39674,2.49623,3.14095,0.48180,0.00004,0.00000,
19.2,1,2.52706,2.43706,3.08435,0.50154,0.01357,0.13187,0.04894
19.2,2,3.57968,2.12953,2.72921,0.48733,0.24436,0.09663,0.04588
19.22,0,1.38713,2.49624,3.14095,0.47918,-0.00000,0.00000,
19.22,1,2.51493,2.43770,3.08536,0.63195,0.07524,0.12933,0.00961
19.22,2,3.56998,2.13365,2.73422,0.65142,0.30264,0.09798,0.00637
19.24,0,1.37766,2.49625,3.14095,0.48356,0.00001,0.00000,
19.24,1,2.50231,2.43841,3.08773,0.61856,0.10378,0.12613,0.01907
19.24,2,3.55790,2.13838,2.74043,0.62208,0.39243,0.09740,0.01901
19.26,0,1.36787,2.49625,3.14095,0.49219,0.00004,0.00000,
19.26,1,2.49100,2.43904,3.08840,0.46524,-0.04241,0.12459,0.02887
19.26,2,3.54726,2.14293,2.75285,0.61399,0.51448,0.09698,0.03034
19.28,0,1.35772,2.49626,3.14095,0.51448,-0.00002,0.00000,
19.28,1,2.48286,2.43962,3.08690,0.40845,-0.08165,0.12657,0.03902
19.28,2,3.53571,2.14797,2.75567,0.57543,-0.19200,0.09249,0.03850
19.3,0,1.34746,2.49626,3.14095,0.50929,0.00000,0.00000,
19.3,1,2.47435,2.44013,3.08622,0.44302,0.00563,0.12829,0.04927
19.3,2,3.52543,2.15267,2.75444,0.55522,0.08996,0.08967,0.04702
19.32,0,1.33738,2.49627,3.14095,0.50130,0.00002,0.00000,
19.32,1,2.46648,2.44061,3.08754,0.32298,0.03111,0.13048,0.01009
19.32,2,3.51580,2.15674,2.75948,0.48871,0.40108,0.08703,0.00334
19.34,0,1.32737,2.49628,3.14095,0.50058,0.00001,0.00000,
19.34,1,2.45966,2.44106,3.08808,0.38796,0.01819,0.13364,0.02010
19.34,2,3.50677,2.16040,2.76803,0.46908,0.36386,0.08407,0.01018
19.36,0,1.31733,2.49628,3.14095,0.50272,0.00001,0.00000,
19.36,1,2.45053,2.44158,3.08838,0.51341,0.01057,0.13451,0.03013
19.36,2,3.49909,2.16354,2.77170,0.34473,0.00188,0.08480,0.01933
19.38,0,1.30727,2.49629,3.14095,0.50352,0.00001,0.00000,
19.38,1,2.43941,2.44220,3.08849,0.57690,0.00269,0.13343,0.04020
19.38,2,3.49259,2.16622,2.77499,0.36040,0.26667,0.08875,0.03047
19.4,0,1.29735,2.49630,3.14095,0.46491,-0.00020,0.00000,
19.4,1,2.42803,2.44281,3.08853,0.55256,0.00432,0.13194,0.05011
19.4,2,3.48573,2.16888,2.78058,0.37093,0.25757,0.09260,0.04186
19.42,0,1.28794,2.49630,3.14095,0.47572,0.00004,0.00000,
19.42,1,2.41641,2.44343,3.08920,0.59219,0.04413,0.12970,0.00941
19.42,2,3.47800,2.17172,2.78450,0.45875,-0.18547,0.09581,0.00594
19.44,0,1.27835,2.49631,3.14095,0.48130,0.00006,0.00000,
19.44,1,2.40521,2.44402,3.08977,0.53085,0.01448,0.12807,0.01900
19.44,2,3.46958,2.17490,2.78136,0.42395,-0.06328,0.09787,0.01716
19.46,0,1.26874,2.49632,3.14095,0.47947,0.00000,0.00000,
19.46,1,2.39510,2.44454,3.08988,0.49384,0.00259,0.12755,0.02862
19.46,2,3.46175,2.17791,2.78460,0.43732,0.48554,0.09947,0.02728
19.48,0,1.25940,2.49632,3.14095,0.47282,0.00006,0.00000,
19.48,1,2.38561,2.44505,3.08982,0.42398,-0.02328,0.12738,0.03796
19.48,2,3.45281,2.18088,2.79872,0.52991,0.63235,0.09941,0.03678
19.5,0,1.24938,2.49633,3.14095,0.51623,-0.00005,0.00000,
19.5,1,2.37679,2.44554,3.08983,0.45519,0.01599,0.12856,0.04798
19.5,2,3.44191,2.18483,2.80541,0.59914,0.14315,0.09657,0.04562
19.52,0,1.23903,2.49634,3.14095,0.51340,-0.00000,0.00000,
19.52,1,2.36790,2.44601,3.09036,0.40793,-0.00940,0.12999,0.01035
19.52,2,3.43092,2.18877,2.80729,0.56415,0.10789,0.09370,0.05451
19.54,0,1.22892,2.49634,3.14095,0.49989,0.00002,0.00000,
19.54,1,2.35905,2.44649,3.09037,0.48311,0.00961,0.13122,0.02045
19.54,2,3.42070,2.19237,2.81053,0.52895,0.19847,0.09164,0.06338
19.56,0,1.21898,2.49635,3.14095,0.49695,0.00001,0.00000,
19.56,1,2.34914,2.44703,3.09089,0.53507,0.02132,0.13125,0.03040
19.56,2,3.41170,2.19568,2.81296,0.47156,0.16727,0.09187,0.07330
19.58,0,1.20900,2.49635,3.14095,0.50009,0.00000,0.00000,
19.58,1,2.33781,2.44762,3.09108,0.57367,0.00500,0.12986,0.04037
19.58,2,3.40253,2.19888,2.81738,0.49308,0.22877,0.09339,0.08465
19.6,0,1.19898,2.49636,3.14095,0.50182,0.00001,0.00000,
19.6,1,2.32679,2.44818,3.09123,0.53015,0.01041,0.12884,0.05040
19.6,2,3.39322,2.20204,2.82128,0.48638,0.16579,0.09447,0.09568
19.62,0,1.18894,2.49637,3.14095,0.50138,0.00001,0.00000,
19.62,1,2.31657,2.44870,3.09148,0.50218,0.01328,0.12863,0.06043
19.62,2,3.38434,2.20501,2.82499,0.47362,0.16532,0.09523,0.10591
19.64,0,1.17892,2.49637,3.14095,0.50075,0.00001,0.00000,
19.64,1,2.30657,2.44920,3.09173,0.50150,0.01173,0.12863,0.07045
19.64,2,3.37502,2.20808,2.82765,0.49734,0.12502,0.09532,0.11593
19.66,0,1.16941,2.49638,3.14095,0.46803,-0.00007,0.00000,
19.66,1,2.29654,2.44970,3.09195,0.50101,0.01067,0.12810,0.07996
19.66,2,3.36569,2.21111,2.83040,0.48225,0.14814,0.09544,0.12597
19.68,0,1.15993,2.49639,3.14095,0.47808,0.00007,0.00000,
19.68,1,2.28739,2.45018,3.09187,0.42879,-0.00751,0.12840,0.08945
19.68,2,3.35671,2.21400,2.83344,0.46464,0.15152,0.09509,0.13514
19.7,0,1.15034,2.49639,3.14095,0.47911,0.00003,0.00000,
19.7,1,2.27861,2.45064,3.09208,0.44619,0.01958,0.12919,0.09903
19.7,2,3.34793,2.21679,2.83636,0.45824,0.14069,0.09459,0.14392
19.72,0,1.14098,2.49640,3.14095,0.45802,0.00011,0.00000,
19.72,1,2.27071,2.45109,3.09366,0.35343,0.10116,0.13063,0.00936
19.72,2,3.33996,2.21944,2.83774,0.40431,0.08907,0.09406,0.15184
19.74,0,1.13117,2.49640,3.14095,0.51039,-0.00005,0.00000,
19.74,1,2.26326,2.45144,3.09651,0.41084,0.14311,0.13298,0.01917
19.74,2,3.33210,2.22197,2.84091,0.41728,0.18281,0.09319,0.15930
19.76,0,1.12085,2.49641,3.14095,0.51458,-0.00002,0.00000,
19.76,1,2.25420,2.45186,3.09790,0.50105,0.01082,0.13422,0.02949
19.76,2,3.32417,2.22445,2.84413,0.41133,0.13651,0.09388,0.16837
19.78,0,1.11072,2.49642,3.14095,0.50040,0.00002,0.00000,
19.78,1,2.24381,2.45234,3.09765,0.53874,-0.01841,0.13394,0.03962
19.78,2,3.31659,2.22679,2.84694,0.39138,0.14337,0.09624,0.17877
19.8,0,1.10079,2.49642,3.14095,0.49522,0.00001,0.00000,
19.8,1,2.23294,2.45283,3.09750,0.53544,0.00342,0.13299,0.04955
19.8,2,3.30873,2.22918,2.84911,0.42142,0.09499,0.09879,0.18965
19.82,0,1.09086,2.49643,3.14095,0.49793,0.00000,0.00000,
19.82,1,2.22086,2.45330,3.07171,0.61563,-1.84829,0.13082,0.00993
19.82,2,3.29946,2.23178,2.84813,0.60273,-0.86597,0.10111,0.00616
19.84,0,1.08087,2.49644,3.14095,0.50020,0.00000,0.00000,
19.84,1,2.20874,2.45393,3.04106,0.58468,-0.83029,0.12867,0.01992
19.84,2,3.28868,2.23473,2.82997,0.54227,-0.85861,0.10196,0.01830
19.86,0,1.07087,2.49644,3.14095,0.50003,0.00001,0.00000,
19.86,1,2.19795,2.45493,3.04270,0.52618,0.53049,0.12785,0.02992
19.86,2,3.27894,2.23773,2.81530,0.50697,-0.59894,0.10259,0.02912
19.88,0,1.06088,2.49645,3.14095,0.49932,0.00001,0.00000,
19.88,1,2.18754,2.45593,3.05204,0.52333,0.30207,0.12739,0.03991
19.88,2,3.26871,2.24117,2.81383,0.56894,0.30820,0.10229,0.03958
19.9,0,1.05089,2.49646,3.14095,0.49917,0.00000,0.00000,
19.9,1,2.17838,2.45683,3.05424,0.46932,0.04443,0.12819,0.04990
19.9,2,3.25757,2.24494,2.82276,0.59403,0.43800,0.09979,0.04878
19.92,0,1.04091,2.49646,3.14095,0.49934,0.00000,0.00000,
19.92,1,2.16885,2.45767,3.05534,0.48147,0.07971,0.12860,0.05988
19.92,2,3.24705,2.24853,2.82841,0.54179,0.23765,0.09830,0.05835
19.94,0,1.03092,2.49647,3.14095,0.49943,0.00000,0.00000,
19.94,1,2.15937,2.45849,3.05742,0.46826,0.11487,0.12909,0.06987
19.94,2,3.23686,2.25187,2.83316,0.53255,0.23939,0.09711,0.06786
19.96,0,1.02143,2.49648,3.14095,0.46698,-0.00007,0.00000,
19.96,1,2.15029,2.45925,3.05968,0.44402,0.11131,0.12947,0.07936
19.96,2,3.22678,2.25509,2.83791,0.52603,0.23440,0.09568,0.07697
19.98,0,1.01197,2.49648,3.14095,0.47674,0.00007,0.00000,
19.98,1,2.14120,2.46000,3.06163,0.46382,0.08987,0.12981,0.08882
19.98,2,3.21682,2.25822,2.84248,0.51851,0.22401,0.09439,0.08610
20.0,0,1.00241,2.49649,3.14095,0.47768,0.00003,0.00000,
20.0,1,2.13196,2.46074,3.06341,0.45946,0.09010,0.13011,0.09838
20.0,2,3.20700,2.26125,2.84689,0.51026,0.21728,0.09339,0.09537
20.02,0,0.99300,2.49649,3.14095,0.47774,0.00001,0.00000,
20.02,1,2.12296,2.46145,3.06523,0.44512,0.09105,0.13050,0.10779
20.02,2,3.19787,2.26411,2.85041,0.47682,0.21271,0.09288,0.10439
20.04,0,0.98326,2.49650,3.14095,0.50726,-0.00004,0.00000,
20.04,1,2.11419,2.46212,3.06702,0.43642,0.08729,0.13145,0.11753
20.04,2,3.18870,2.26688,2.85504,0.47868,0.22998,0.09211,0.11319
20.06,0,0.97297,2.49651,3.14095,0.51405,-0.00002,0.00000,
20.06,1,2.10554,2.46276,3.06872,0.43173,0.08345,0.13307,0.12782
20.06,2,3.17960,2.26957,2.85925,0.47030,0.19542,0.09130,0.12186
20.08,0,0.96283,2.49651,3.14095,0.50101,0.00001,0.00000,
20.08,1,2.09698,2.46339,3.07036,0.42613,0.08081,0.13463,0.13796
20.08,2,3.17068,2.27216,2.86299,0.46005,0.18438,0.09059,0.13044
20.1,0,0.95289,2.49652,3.14095,0.49538,0.00001,0.00000,
20.1,1,2.08899,2.46399,3.07170,0.35991,0.04782,0.13657,0.14790
20.1,2,3.16191,2.27467,2.86669,0.45290,0.18501,0.08949,0.13845
20.12,0,0.94297,2.49653,3.14095,0.49763,0.00000,0.00000,
20.12,1,2.07873,2.46456,3.07350,0.55631,0.06999,0.13621,0.00993
20.12,2,3.15326,2.27711,2.87035,0.44707,0.18032,0.09075,0.14873
20.14,0,0.93299,2.49653,3.14095,0.49990,0.00000,0.00000,
20.14,1,2.06947,2.46514,3.07790,0.47010,0.31705,0.13691,0.01991
20.14,2,3.14471,2.27949,2.87387,0.44062,0.17294,0.09115,0.15801
20.16,0,0.92299,2.49654,3.14095,0.49987,0.00000,0.00000,
20.16,1,2.05879,2.46583,3.08219,0.57449,0.10559,0.13622,0.02991
20.16,2,3.13628,2.28180,2.87726,0.43378,0.16687,0.09310,0.16871
20.18,0,0.91300,2.49654,3.14095,0.49920,0.00000,0.00000,
20.18,1,2.04779,2.46655,3.08258,0.49176,-0.02230,0.13520,0.03990
20.18,2,3.12798,2.28405,2.88054,0.42716,0.16165,0.09550,0.17973
20.2,0,0.90301,2.49655,3.14095,0.49902,0.00000,0.00000,
20.2,1,2.03808,2.46717,3.08318,0.48362,0.07048,0.13545,0.04988
20.2,2,3.11980,2.28623,2.88372,0.42081,0.15638,0.09674,0.18946
20.22,0,0.89303,2.49656,3.14095,0.49917,0.00000,0.00000,
20.22,1,2.02847,2.46774,3.08489,0.47919,0.08412,0.13581,0.05986
20.22,2,3.11150,2.28840,2.88820,0.39488,0.47641,0.09777,0.00480
20.24,0,0.88305,2.49656,3.14095,0.49926,0.00000,0.00000,
20.24,1,2.01898,2.46828,3.08629,0.47199,0.05930,0.13629,0.06985
20.24,2,3.10445,2.29020,2.89634,0.37234,0.38332,0.09998,0.01431
20.26,0,0.87306,2.49657,3.14095,0.49925,0.00000,0.00000,
20.26,1,2.00976,2.46880,3.08751,0.48315,0.05337,0.13703,0.07983
20.26,2,3.09710,2.29212,2.90023,0.42189,0.12121,0.10161,0.02355
20.28,0,0.86330,2.49658,3.14095,0.46243,-0.00018,0.00000,
20.28,1,1.99990,2.46933,3.08856,0.49332,0.05408,0.13693,0.08959
20.28,2,3.08840,2.29438,2.90312,0.42878,0.23258,0.10246,0.03342
20.3,0,0.85393,2.49658,3.14095,0.47361,0.00004,0.00000,
20.3,1,1.99028,2.46984,3.08969,0.47131,0.05718,0.13667,0.09896
20.3,2,3.07978,2.29666,2.90781,0.49001,0.16062,0.10317,0.04305
20.32,0,0.84439,2.49659,3.14095,0.47808,0.00005,0.00000,
20.32,1,1.98106,2.47032,3.09081,0.45660,0.05477,0.13697,0.10850
20.32,2,3.06919,2.29917,2.91055,0.63942,0.18035,0.10151,0.00458
20.34,0,0.83501,2.49660,3.14095,0.45044,0.00014,0.00000,
20.34,1,1.97302,2.47077,3.09155,0.40196,0.04668,0.13831,0.11789
20.34,2,3.05698,2.30214,2.91564,0.60259,0.22717,0.09700,0.01263
20.36,0,0.82532,2.49660,3.14095,0.50630,-0.00005,0.00000,
20.36,1,1.96478,2.47120,3.09269,0.41783,0.05930,0.13974,0.12757
20.36,2,3.04595,2.30474,2.91835,0.53258,0.09682,0.09391,0.02089
20.38,0,0.81504,2.49661,3.14095,0.51435,-0.00003,0.00000,
20.38,1,1.95650,2.47161,3.09378,0.40912,0.04953,0.14174,0.13786
20.38,2,3.03802,2.30696,2.91663,0.34867,-0.18708,0.09398,0.02917
20.4,0,0.80490,2.49661,3.14095,0.50022,0.00002,0.00000,
20.4,1,1.94858,2.47199,3.09479,0.41359,0.04383,0.14394,0.14799
20.4,2,3.03126,2.30904,2.91320,0.36294,-0.10446,0.09488,0.03710
20.42,0,0.79499,2.49662,3.14095,0.49393,0.00001,0.00000,
20.42,1,1.93730,2.47239,3.09656,0.57816,0.07102,0.14257,0.00991
20.42,2,3.02261,2.31095,2.91152,0.54398,-0.77342,0.09725,0.00591
20.44,0,0.78509,2.49663,3.14095,0.49631,0.00000,0.00000,
20.44,1,1.92575,2.47278,3.09799,0.57817,0.07068,0.14091,0.01981
20.44,2,3.01304,2.31302,2.89435,0.48719,-0.86163,0.09897,0.01747
20.46,0,0.77513,2.49663,3.14095,0.49882,0.00000,0.00000,
20.46,1,1.91432,2.47311,3.09890,0.56183,0.03027,0.13943,0.02977
20.46,2,3.00434,2.31516,2.87909,0.43349,-0.71720,0.10140,0.02890
20.48,0,0.76515,2.49664,3.14095,0.49881,0.00000,0.00000,
20.48,1,1.90346,2.47358,3.09954,0.49576,0.02509,0.13854,0.03975
20.48,2,2.99498,2.31784,2.87328,0.54469,0.12834,0.10258,0.03978
20.5,0,0.75518,2.49665,3.14095,0.49808,0.00000,0.00000,
20.5,1,1.89413,2.47403,3.10019,0.47839,0.04913,0.13917,0.04972
20.5,2,2.98353,2.32098,2.88098,0.61512,0.45305,0.10010,0.04911
20.52,0,0.74522,2.49665,3.14095,0.49788,0.00000,0.00000,
20.52,1,1.88435,2.47447,3.10129,0.49435,0.05337,0.13934,0.05968
20.52,2,2.97185,2.32408,2.88804,0.58722,0.26485,0.09785,0.05890
20.54,0,0.73527,2.49666,3.14095,0.49804,0.00000,0.00000,
20.54,1,1.87460,2.47487,3.10222,0.46495,0.04578,0.13954,0.06964
20.54,2,2.96090,2.32691,2.89226,0.55222,0.19309,0.09633,0.06866
20.56,0,0.72530,2.49667,3.14095,0.49814,0.00000,0.00000,
20.56,1,1.86515,2.47525,3.10304,0.49289,0.03500,0.14004,0.07960
20.56,2,2.95030,2.32961,2.89640,0.54544,0.22069,0.09488,0.07812
20.58,0,0.71534,2.49667,3.14095,0.49812,0.00000,0.00000,
20.58,1,1.85516,2.47564,3.10373,0.49807,0.03547,0.14001,0.08956
20.58,2,2.93971,2.33226,2.90095,0.54568,0.22723,0.09398,0.08812
20.6,0,0.70538,2.49668,3.14095,0.49809,0.00000,0.00000,
20.6,1,1.84543,2.47600,3.10447,0.47676,0.03779,0.14024,0.09952
20.6,2,2.92948,2.33482,2.90481,0.50251,0.16201,0.09320,0.09785
20.62,0,0.69542,2.49668,3.14095,0.49808,0.00000,0.00000,
20.62,1,1.83607,2.47635,3.10522,0.46352,0.03629,0.14084,0.10948
20.62,2,2.91967,2.33724,2.90891,0.50660,0.22691,0.09249,0.10722
20.64,0,0.68546,2.49669,3.14095,0.49809,0.00000,0.00000,
20.64,1,1.82780,2.47668,3.10569,0.40518,0.02804,0.14252,0.11945
20.64,2,2.90984,2.33958,2.91332,0.50214,0.20804,0.09069,0.11549
20.66,0,0.67593,2.49670,3.14095,0.46465,-0.00010,0.00000,
20.66,1,1.81947,2.47699,3.10643,0.42288,0.03996,0.14372,0.12898
20.66,2,2.90018,2.34183,2.91718,0.49134,0.18498,0.08912,0.12383
20.68,0,0.66651,2.49670,3.14095,0.47500,0.00006,0.00000,
20.68,1,1.81107,2.47729,3.10717,0.41564,0.03350,0.14473,0.13839
20.68,2,2.89070,2.34400,2.92084,0.48227,0.18254,0.08783,0.13224
20.7,0,0.65698,2.49671,3.14095,0.47672,0.00003,0.00000,
20.7,1,1.80302,2.47757,3.10785,0.42010,0.02876,0.14621,0.14793
20.7,2,2.88136,2.34609,2.92448,0.47574,0.18083,0.08632,0.14029
20.72,0,0.64769,2.49672,3.14095,0.47615,0.00003,0.00000,
20.72,1,1.79445,2.47786,3.10840,0.42920,0.02771,0.14691,0.15721
20.72,2,2.87263,2.34803,2.92903,0.37727,0.35411,0.08597,0.00430
20.74,0,0.63766,2.49672,3.14095,0.51427,-0.00006,0.00000,
20.74,1,1.78606,2.47814,3.10898,0.41080,0.02974,0.14855,0.16724
20.74,2,2.86702,2.34950,2.93462,0.29951,0.25931,0.08859,0.01270
20.76,0,0.62740,2.49673,3.14095,0.50820,-0.00000,0.00000,
20.76,1,1.77801,2.47840,3.10957,0.39805,0.02881,0.15076,0.17751
20.76,2,2.85994,2.35106,2.93906,0.40370,0.18262,0.08940,0.02075
20.78,0,0.61739,2.49673,3.14095,0.49532,0.00002,0.00000,
20.78,1,1.77010,2.47865,3.11012,0.39451,0.02717,0.15285,0.18751
20.78,2,2.85240,2.35273,2.94353,0.37995,0.25436,0.08961,0.02867
20.8,0,0.60752,2.49674,3.14095,0.49352,0.00000,0.00000,
20.8,1,1.76225,2.47890,3.11065,0.39092,0.02623,0.15487,0.19738
20.8,2,2.84377,2.35453,2.94695,0.47109,0.12583,0.08865,0.03652
20.82,0,0.59761,2.49675,3.14095,0.49679,-0.00000,0.00000,
20.82,1,1.75474,2.47914,3.11111,0.35543,0.01949,0.15727,0.20729
20.82,2,2.83466,2.35632,2.94947,0.44856,0.13699,0.08687,0.04403
20.84,0,0.58766,2.49675,3.14095,0.49822,0.00000,0.00000,
20.84,1,1.74757,2.47937,3.11160,0.36130,0.02682,0.16004,0.21725
20.84,2,2.82630,2.35793,2.95251,0.41045,0.15915,0.08555,0.05121
20.86,0,0.57770,2.49676,3.14095,0.49766,0.00000,0.00000,
20.86,1,1.74036,2.47958,3.11212,0.35827,0.02513,0.16279,0.22721
20.86,2,2.81933,2.35939,2.95446,0.33137,0.09883,0.08564,0.05842
20.88,0,0.56775,2.49677,3.14095,0.49709,0.00000,0.00000,
20.88,1,1.73329,2.47979,3.11259,0.34982,0.02241,0.16567,0.23715
20.88,2,2.81245,2.36076,2.95767,0.36336,0.18457,0.08570,0.06549
20.9,0,0.55781,2.49677,3.14095,0.49709,0.00000,0.00000,
20.9,1,1.72638,2.47999,3.11303,0.34325,0.02185,0.16869,0.24709
20.9,2,2.80535,2.36211,2.96119,0.33596,0.19130,0.08540,0.07241
20.92,0,0.54786,2.49678,3.14095,0.49726,0.00000,0.00000,
20.92,1,1.71996,2.48018,3.11340,0.31830,0.02005,0.17221,0.25704
20.92,2,2.79891,2.36331,2.96480,0.28844,0.19652,0.08527,0.00317
20.94,0,0.53792,2.49679,3.14095,0.49731,0.00000,0.00000,
20.94,1,1.71354,2.48037,3.11384,0.32161,0.02286,0.17574,0.26698
20.94,2,2.79364,2.36428,2.96826,0.24314,0.08602,0.08632,0.00959
20.96,0,0.52797,2.49679,3.14095,0.49727,0.00000,0.00000,
20.96,1,1.70717,2.48055,3.11427,0.31544,0.02031,0.17931,0.27693
20.96,2,2.78889,2.36530,2.96832,0.26617,-0.08481,0.08784,0.01596
20.98,0,0.51803,2.49680,3.14095,0.49725,0.00000,0.00000,
20.98,1,1.70095,2.48072,3.11466,0.30799,0.01881,0.18303,0.28687
20.98,2,2.78329,2.36635,2.96764,0.28075,0.08136,0.08837,0.02218
21.0,0,0.50808,2.49680,3.14095,0.49725,0.00000,0.00000,
21.0,1,1.69485,2.48088,3.11503,0.30327,0.01856,0.18687,0.29682
21.0,2,2.77779,2.36734,2.97170,0.32455,0.20159,0.08888,0.02829
21.02,0,0.49814,2.49681,3.14095,0.49726,0.00000,0.00000,
21.02,1,1.68502,2.48104,3.11676,0.52850,0.12403,0.18699,0.00995
21.02,2,2.76963,2.36863,2.97534,0.48510,0.34945,0.09041,0.00529
21.04,0,0.48819,2.49682,3.14095,0.49726,0.00000,0.00000,
21.04,1,1.67459,2.48121,3.11929,0.48396,0.13514,0.18650,0.01989
21.04,2,2.76095,2.37003,2.98028,0.40222,0.28888,0.09203,0.01572
21.06,0,0.47825,2.49682,3.14095,0.49726,0.00000,0.00000,
21.06,1,1.66548,2.48144,3.12174,0.46327,0.05122,0.18733,0.02984
21.06,2,2.75228,2.37149,2.98454,0.49005,0.13119,0.09235,0.02483
21.08,0,0.46830,2.49683,3.14095,0.49726,0.00000,0.00000,
21.08,1,1.65548,2.48177,3.12099,0.49080,-0.06568,0.18727,0.03978
21.08,2,2.74162,2.37321,2.98620,0.56399,0.07104,0.09156,0.03484
21.1,0,0.45836,2.49684,3.14095,0.49726,0.00000,0.00000,
21.1,1,1.64476,2.48199,3.12047,0.55736,0.00804,0.18650,0.04973
21.1,2,2.73064,2.37495,2.98803,0.54032,0.10949,0.09114,0.04556
21.12,0,0.44841,2.49684,3.14095,0.49726,0.00000,0.00000,
21.12,1,1.63410,2.48220,3.12104,0.55515,0.02914,0.18578,0.05967
21.12,2,2.72013,2.37658,2.99068,0.55200,0.16965,0.09115,0.00540
21.14,0,0.43914,2.49685,3.14095,0.46872,-0.00001,0.00000,
21.14,1,1.62266,2.48241,3.12145,0.57396,0.01381,0.18360,0.06894
21.14,2,2.70909,2.37826,2.99399,0.54744,0.14310,0.09142,0.01685
21.16,0,0.42967,2.49686,3.14095,0.47597,0.00006,0.00000,
21.16,1,1.61150,2.48264,3.12168,0.54315,0.01204,0.18191,0.07841
21.16,2,2.69886,2.37979,2.99642,0.51014,0.09366,0.09221,0.02801
21.18,0,0.42026,2.49686,3.14095,0.44233,0.00018,0.00000,
21.18,1,1.60090,2.48285,3.12196,0.52284,0.01513,0.18073,0.08783
21.18,2,2.68882,2.38126,2.99814,0.50536,0.08804,0.09265,0.03861
21.2,0,0.41071,2.49687,3.14095,0.50156,-0.00005,0.00000,
21.2,1,1.59156,2.48305,3.12213,0.45764,0.01101,0.18093,0.09737
21.2,2,2.67924,2.38269,2.99960,0.42929,0.01789,0.09229,0.04795
21.22,0,0.40046,2.49687,3.14095,0.51392,-0.00004,0.00000,
21.22,1,1.58212,2.48324,3.12245,0.47980,0.01780,0.18174,0.10762
21.22,2,2.67014,2.38408,3.00141,0.52294,0.16396,0.09253,0.00477
21.24,0,0.39033,2.49688,3.14095,0.49999,0.00001,0.00000,
21.24,1,1.57257,2.48342,3.12277,0.47226,0.01405,0.18232,0.11775
21.24,2,2.65957,2.38562,3.00507,0.48319,0.21291,0.09138,0.01433
21.26,0,0.38043,2.49689,3.14095,0.49249,0.00001,0.00000,
21.26,1,1.56351,2.48360,3.12308,0.48165,0.01160,0.18315,0.12765
21.26,2,2.64982,2.38703,3.00764,0.50697,0.06399,0.09059,0.02340
21.28,0,0.37057,2.49689,3.14095,0.49449,0.00000,0.00000,
21.28,1,1.55351,2.48378,3.12328,0.50311,0.01015,0.18301,0.13751
21.28,2,2.63982,2.38839,3.00870,0.49688,0.06189,0.09049,0.03339
21.3,0,0.36065,2.49690,3.14095,0.49723,0.00000,0.00000,
21.3,1,1.54372,2.48396,3.12351,0.47649,0.01234,0.18314,0.14744
21.3,2,2.63155,2.38964,3.00888,0.39347,0.03260,0.09191,0.04319
21.32,0,0.35070,2.49691,3.14095,0.49741,0.00000,0.00000,
21.32,1,1.53071,2.48416,3.12422,0.72642,0.00520,0.18008,0.00995
21.32,2,2.62254,2.39082,3.01112,0.52924,0.21262,0.09582,0.00714
21.34,0,0.34076,2.49691,3.14095,0.49666,0.00000,0.00000,
21.34,1,1.51774,2.48440,3.12357,0.61523,-0.03413,0.17705,0.01989
21.34,2,2.61303,2.39204,3.01883,0.43086,0.59721,0.09918,0.02012
21.36,0,0.33083,2.49692,3.14095,0.49640,0.00000,0.00000,
21.36,1,1.50543,2.48464,3.12343,0.61395,0.01375,0.17467,0.02982
21.36,2,2.60409,2.39324,3.02894,0.50100,0.30615,0.10245,0.03242
21.38,0,0.32090,2.49692,3.14095,0.49655,0.00000,0.00000,
21.38,1,1.49554,2.48485,3.12353,0.48503,0.00654,0.17471,0.03975
21.38,2,2.59240,2.39461,3.03023,0.64393,-0.05216,0.10056,0.04231
21.4,0,0.31097,2.49693,3.14095,0.49666,0.00000,0.00000,
21.4,1,1.48554,2.48504,3.12375,0.51425,0.01487,0.17464,0.04968
21.4,2,2.57940,2.39609,3.02951,0.64375,0.00626,0.09747,0.05232
21.42,0,0.30103,2.49694,3.14095,0.49665,0.00000,0.00000,
21.42,1,1.47212,2.48524,3.12435,0.65639,0.04855,0.17114,0.00993
21.42,2,2.56720,2.39747,3.03065,0.59111,0.08284,0.09860,0.06574
21.44,0,0.29110,2.49694,3.14095,0.49661,0.00000,0.00000,
21.44,1,1.45899,2.48544,3.12532,0.65640,0.04848,0.16795,0.01987
21.44,2,2.55571,2.39875,3.03224,0.57304,0.06946,0.10014,0.07887
21.46,0,0.28117,2.49695,3.14095,0.49661,0.00000,0.00000,
21.46,1,1.44599,2.48563,3.12615,0.63361,0.02497,0.16488,0.02980
21.46,2,2.54429,2.40001,3.03337,0.57581,0.04907,0.10163,0.09187
21.48,0,0.27124,2.49696,3.14095,0.49662,0.00000,0.00000,
21.48,1,1.43552,2.48580,3.12623,0.48602,0.00197,0.16434,0.03973
21.48,2,2.53287,2.40125,3.03433,0.57173,0.04943,0.10060,0.10234
21.5,0,0.26130,2.49696,3.14095,0.49662,0.00000,0.00000,
21.5,1,1.42557,2.48595,3.12642,0.50600,0.01392,0.16432,0.04966
21.5,2,2.52162,2.40246,3.03536,0.56048,0.05198,0.09923,0.11229
21.52,0,0.25137,2.49697,3.14095,0.49662,0.00000,0.00000,
21.52,1,1.41345,2.48611,3.12693,0.62367,0.02891,0.16213,0.00993
21.52,2,2.51077,2.40362,3.03683,0.56342,0.24702,0.10042,0.00624
21.54,0,0.24144,2.49698,3.14095,0.49662,0.00000,0.00000,
21.54,1,1.40172,2.48626,3.12761,0.56021,0.03566,0.16033,0.01986
21.54,2,2.49984,2.40474,3.04285,0.55684,0.22788,0.10114,0.01796
21.56,0,0.23151,2.49698,3.14095,0.49662,0.00000,0.00000,
21.56,1,1.39015,2.48642,3.12800,0.59119,0.00746,0.15869,0.02980
21.56,2,2.48843,2.40587,3.04465,0.55332,0.03666,0.10123,0.02954
21.58,0,0.22157,2.49699,3.14095,0.49662,0.00000,0.00000,
21.58,1,1.38013,2.48657,3.12791,0.49049,-0.00038,0.15861,0.03973
21.58,2,2.47646,2.40706,3.04473,0.62932,0.00510,0.09920,0.03955
21.6,0,0.21164,2.49699,3.14095,0.49662,0.00000,0.00000,
21.6,1,1.37003,2.48671,3.12809,0.51188,0.01382,0.15844,0.04966
21.6,2,2.46404,2.40827,3.04549,0.62738,0.04957,0.09682,0.04966
21.62,0,0.20171,2.49700,3.14095,0.49662,0.00000,0.00000,
21.62,1,1.36012,2.48685,3.12839,0.50444,0.01194,0.15845,0.05959
21.62,2,2.45168,2.40947,3.04650,0.61127,0.04936,0.09430,0.05957
21.64,0,0.19178,2.49701,3.14095,0.49662,0.00000,0.00000,
21.64,1,1.34969,2.48699,3.12854,0.51056,0.00747,0.15796,0.06953
21.64,2,2.43977,2.41060,3.04742,0.58906,0.04368,0.09276,0.07000
21.66,0,0.18184,2.49701,3.14095,0.49662,0.00000,0.00000,
21.66,1,1.33929,2.48713,3.12868,0.52270,0.00694,0.15749,0.07946
21.66,2,2.42883,2.41168,3.04789,0.54450,0.03430,0.09215,0.08040
21.68,0,0.17191,2.49702,3.14095,0.49662,0.00000,0.00000,
21.68,1,1.32897,2.48726,3.12883,0.50862,0.00802,0.15710,0.08939
21.68,2,2.41851,2.41271,3.04849,0.52403,0.04899,0.09209,0.09072
21.7,0,0.16198,2.49703,3.14095,0.49662,0.00000,0.00000,
21.7,1,1.31897,2.48739,3.12899,0.49400,0.00785,0.15703,0.09932
21.7,2,2.40799,2.41371,3.04961,0.52786,0.05328,0.09150,0.10072
21.72,0,0.15234,2.49703,3.14095,0.46121,-0.00015,0.00000,
21.72,1,1.30979,2.48751,3.12939,0.44775,0.02742,0.15749,0.00964
21.72,2,2.39773,2.41467,3.05058,0.48016,0.06481,0.09038,0.10991
21.74,0,0.14299,2.49704,3.14095,0.47221,0.00005,0.00000,
21.74,1,1.30058,2.48759,3.13017,0.48357,0.03890,0.15762,0.01899
21.74,2,2.38756,2.41560,3.05141,0.53112,0.02886,0.08937,0.11912
21.76,0,0.13349,2.49704,3.14095,0.47565,0.00004,0.00000,
21.76,1,1.29073,2.48771,3.13062,0.52373,0.00794,0.15728,0.02849
21.76,2,2.37689,2.41657,3.05197,0.53261,0.03126,0.08848,0.12896
21.78,0,0.12423,2.49705,3.14096,0.47536,0.00003,0.00000,
21.78,1,1.27938,2.48785,3.13060,0.58278,-0.00234,0.15519,0.03775
21.78,2,2.36654,2.41750,3.05269,0.50884,0.03783,0.08943,0.14032
21.8,0,0.11421,2.49706,3.14095,0.51332,-0.00007,0.00000,
21.8,1,1.26808,2.48798,3.13065,0.54453,0.00584,0.15390,0.04777
21.8,2,2.35657,2.41839,3.05343,0.49574,0.03602,0.09071,0.15162
21.82,0,0.10397,2.49706,3.14095,0.50699,-0.00001,0.00000,
21.82,1,1.25761,2.48809,3.13079,0.51154,0.00749,0.15367,0.05801
21.82,2,2.34622,2.41926,3.05393,0.61760,-0.09024,0.09079,0.00516
21.84,0,0.09399,2.49707,3.14095,0.49410,0.00002,0.00000,
21.84,1,1.24744,2.48820,3.13092,0.50837,0.00543,0.15349,0.06799
21.84,2,2.33409,2.42013,3.05228,0.55611,-0.02202,0.08878,0.01532
21.86,0,0.08414,2.49708,3.14095,0.49237,0.00000,0.00000,
21.86,1,1.23726,2.48831,3.13102,0.50880,0.00485,0.15315,0.07784
21.86,2,2.32398,2.42092,3.05790,0.51677,0.45567,0.08881,0.02551
21.88,0,0.07426,2.49708,3.14095,0.49566,-0.00000,0.00000,
21.88,1,1.22716,2.48842,3.13112,0.50111,0.00510,0.15293,0.08772
21.88,2,2.31465,2.42178,3.06280,0.38649,0.00699,0.08953,0.03561
21.9,0,0.06432,2.49709,3.14095,0.49708,0.00000,0.00000,
21.9,1,1.21837,2.48852,3.13115,0.43617,0.00373,0.15407,0.09765
21.9,2,2.30681,2.42262,3.06165,0.39853,-0.03704,0.09043,0.04440
21.92,0,0.05439,2.49710,3.14095,0.49651,0.00000,0.00000,
21.92,1,1.20936,2.48860,3.13114,0.42161,-0.06612,0.15500,0.00994
21.92,2,2.29894,2.42328,3.06235,0.35135,0.10737,0.09154,0.00426
21.94,0,0.04447,2.49710,3.14095,0.49594,0.00000,0.00000,
21.94,1,1.20049,2.48868,3.12922,0.43916,-0.07208,0.15605,0.01986
21.94,2,2.29105,2.42390,3.06435,0.45403,0.06452,0.09249,0.01313
21.96,0,0.03455,2.49711,3.14095,0.49595,0.00000,0.00000,
21.96,1,1.19005,2.48882,3.12877,0.57113,0.01405,0.15553,0.02978
21.96,2,2.28129,2.42465,3.06497,0.49929,0.01636,0.09312,0.02356
21.98,0,0.02463,2.49711,3.14095,0.49612,0.00000,0.00000,
21.98,1,1.17866,2.48898,3.12935,0.56342,0.02956,0.15406,0.03970
21.98,2,2.27171,2.42538,3.06539,0.46054,0.02868,0.09490,0.03495
22.0,0,0.01470,2.49712,3.14095,0.49616,0.00000,0.00000,
22.0,1,1.16734,2.48913,3.12970,0.56142,0.00929,0.15267,0.04962
22.0,2,2.26288,2.42606,3.06610,0.43304,0.03820,0.09736,0.04627
22.02,0,0.00478,2.49713,3.14095,0.49612,0.00000,0.00000,
22.02,1,1.15637,2.48927,3.12982,0.53816,0.00603,0.15162,0.05954
22.02,2,2.25332,2.42673,3.06736,0.58347,0.15261,0.09873,0.00543
22.04,0,-0.00514,2.49713,3.14095,0.49610,0.00000,0.00000,
22.04,1,1.14688,2.48939,3.12989,0.46148,0.00712,0.15205,0.06947
22.04,2,2.24095,2.42759,3.07075,0.61179,0.12076,0.09582,0.01492
22.06,0,-0.01506,2.49714,3.14095,0.49610,0.00000,0.00000,
22.06,1,1.13737,2.48951,3.13012,0.48373,0.01274,0.15246,0.07939
22.06,2,2.23000,2.42840,3.07205,0.54508,0.01065,0.09434,0.02443
22.08,0,-0.02499,2.49715,3.14095,0.49611,0.00000,0.00000,
22.08,1,1.12771,2.48962,3.13035,0.47859,0.00953,0.15272,0.08931
22.08,2,2.21897,2.42918,3.07192,0.55524,-0.00101,0.09293,0.03408
22.1,0,-0.03491,2.49715,3.14095,0.49611,0.00000,0.00000,
22.1,1,1.11832,2.48973,3.13051,0.46262,0.00788,0.15325,0.09923
22.1,2,2.20843,2.42995,3.07204,0.46320,-0.01476,0.09174,0.04348
22.12,0,-0.04483,2.49716,3.14095,0.49611,0.00000,0.00000,
22.12,1,1.10875,2.48983,3.13106,0.45042,0.03721,0.15360,0.00992
22.12,2,2.19903,2.43066,3.07244,0.47929,0.04007,0.09189,0.05305
22.14,0,-0.05475,2.49717,3.14095,0.49611,0.00000,0.00000,
22.14,1,1.09929,2.48992,3.13154,0.49579,0.01247,0.15407,0.01984
22.14,2,2.18937,2.43135,3.07327,0.48496,0.03646,0.09165,0.06251
22.16,0,-0.06467,2.49717,3.14095,0.49611,0.00000,0.00000,
22.16,1,1.08862,2.49003,3.13164,0.56132,0.00213,0.15332,0.02977
22.16,2,2.17982,2.43201,3.07382,0.47257,0.02211,0.09273,0.07318
22.18,0,-0.07460,2.49718,3.14095,0.49611,0.00000,0.00000,
22.18,1,1.07722,2.49014,3.13172,0.54890,0.00747,0.15184,0.03969
22.18,2,2.17063,2.43263,3.07431,0.46029,0.02414,0.09493,0.08458
22.2,0,-0.08452,2.49718,3.14095,0.49611,0.00000,0.00000,
22.2,1,1.06626,2.49025,3.13188,0.54532,0.00826,0.15080,0.04961
22.2,2,2.16126,2.43327,3.07474,0.47323,0.02110,0.09649,0.09555
22.22,0,-0.09444,2.49719,3.14095,0.49611,0.00000,0.00000,
22.22,1,1.05548,2.49035,3.13204,0.53351,0.00715,0.14994,0.05953
22.22,2,2.15191,2.43389,3.07518,0.46299,0.02260,0.09788,0.10633
22.24,0,-0.10436,2.49720,3.14095,0.49611,0.00000,0.00000,
22.24,1,1.04602,2.49045,3.13210,0.46041,0.00476,0.15040,0.06946
22.24,2,2.14283,2.43450,3.07564,0.44960,0.02239,0.09824,0.11579
22.26,0,-0.11429,2.49720,3.14095,0.49611,0.00000,0.00000,
22.26,1,1.03656,2.49055,3.13226,0.47949,0.00877,0.15087,0.07938
22.26,2,2.13394,2.43508,3.07607,0.44268,0.02117,0.09877,0.12524
22.28,0,-0.12421,2.49721,3.14095,0.49611,0.00000,0.00000,
22.28,1,1.02701,2.49064,3.13242,0.47319,0.00697,0.15124,0.08930
22.28,2,2.12515,2.43566,3.07648,0.43790,0.02034,0.09952,0.13480
22.3,0,-0.13413,2.49722,3.14095,0.49611,0.00000,0.00000,
22.3,1,1.01781,2.49072,3.13255,0.42945,0.00779,0.15196,0.09922
22.3,2,2.11648,2.43623,3.07688,0.43165,0.01977,0.10002,0.14400
22.32,0,-0.14405,2.49722,3.14095,0.49611,0.00000,0.00000,
22.32,1,1.00867,2.49081,3.13267,0.47598,0.00545,0.15274,0.10914
22.32,2,2.10872,2.43677,3.07691,0.37191,0.00318,0.10138,0.15314
22.34,0,-0.15397,2.49723,3.14095,0.49611,0.00000,0.00000,
22.34,1,0.99905,2.49089,3.13278,0.47809,0.00553,0.15304,0.11907
22.34,2,2.10110,2.43728,3.07734,0.38728,0.02959,0.10336,0.16276
22.36,0,-0.16390,2.49723,3.14095,0.49611,0.00000,0.00000,
22.36,1,0.98972,2.49097,3.13289,0.45667,0.00581,0.15364,0.12899
22.36,2,2.09340,2.43779,3.07787,0.38236,0.02214,0.10496,0.17208
22.38,0,-0.17382,2.49724,3.14095,0.49611,0.00000,0.00000,
22.38,1,0.98082,2.49105,3.13300,0.40822,0.00273,0.15465,0.13891
22.38,2,2.08610,2.43826,3.07838,0.38507,0.01610,0.10654,0.18099
22.4,0,-0.18374,2.49725,3.14095,0.49611,0.00000,0.00000,
22.4,1,0.97256,2.49113,3.13309,0.41833,0.00552,0.15632,0.14883
22.4,2,2.07803,2.43877,3.07859,0.40951,0.01010,0.10672,0.18925
22.42,0,-0.19366,2.49725,3.14095,0.49611,0.00000,0.00000,
22.42,1,0.96413,2.49120,3.13321,0.42114,0.00581,0.15781,0.15876
22.42,2,2.07006,2.43927,3.07887,0.38878,0.01672,0.10715,0.19767
22.44,0,-0.20359,2.49726,3.14095,0.49611,0.00000,0.00000,
22.44,1,0.95581,2.49127,3.13331,0.41133,0.00491,0.15941,0.16868
22.44,2,2.06252,2.43975,3.07922,0.37150,0.01748,0.10791,0.20600
22.46,0,-0.21351,2.49727,3.14095,0.49611,0.00000,0.00000,
22.46,1,0.94800,2.49133,3.13339,0.37368,0.00329,0.16152,0.17860
22.46,2,2.05533,2.44021,3.07945,0.31119,-0.01701,0.10851,0.21381
22.48,0,-0.22276,2.49727,3.14095,0.46774,-0.00001,0.00000,
22.48,1,0.94045,2.49140,3.13348,0.38004,0.00531,0.16322,0.18785
22.48,2,2.04890,2.44064,3.07950,0.33155,0.01722,0.10961,0.22136
22.5,0,-0.23221,2.49728,3.14095,0.47494,0.00006,0.00000,
22.5,1,0.93287,2.49146,3.13358,0.37680,0.00485,0.16509,0.19730
22.5,2,2.04219,2.44107,3.07995,0.33575,0.02261,0.11047,0.22894
22.52,0,-0.24155,2.49728,3.14095,0.44799,0.00015,0.00000,
22.52,1,0.92543,2.49152,3.13367,0.36785,0.00419,0.16699,0.20664
22.52,2,2.03544,2.44148,3.08100,0.28811,0.16845,0.11114,0.00370
22.54,0,-0.25119,2.49729,3.14096,0.50449,-0.00006,0.00000,
22.54,1,0.91815,2.49158,3.13375,0.36097,0.00411,0.16936,0.21629
22.54,2,2.03051,2.44178,3.08124,0.25734,-0.02318,0.11347,0.01097
22.56,0,-0.26144,2.49730,3.14095,0.51223,-0.00003,0.00000,
22.56,1,0.91102,2.49163,3.13384,0.36492,0.00399,0.17248,0.22653
22.56,2,2.02411,2.44218,3.08143,0.35522,0.03948,0.11419,0.01810
22.58,0,-0.27153,2.49730,3.14095,0.49782,0.00002,0.00000,
22.58,1,0.90367,2.49169,3.13392,0.36598,0.00374,0.17522,0.23662
22.58,2,2.01633,2.44270,3.08239,0.44076,0.03236,0.11374,0.02545
22.6,0,-0.28140,2.49731,3.14095,0.49154,0.00001,0.00000,
22.6,1,0.89648,2.49175,3.13399,0.35423,0.00380,0.17789,0.24649
22.6,2,2.00728,2.44326,3.08284,0.44507,0.02080,0.11186,0.03265
22.62,0,-0.29125,2.49732,3.14095,0.49401,-0.00000,0.00000,
22.62,1,0.88950,2.49180,3.13407,0.34590,0.00369,0.18076,0.25634
22.62,2,1.99853,2.44378,3.08344,0.47311,0.04557,0.11008,0.00347
22.64,0,-0.30116,2.49732,3.14095,0.49654,-0.00000,0.00000,
22.64,1,0.88262,2.49185,3.13414,0.34205,0.00353,0.18380,0.26625
22.64,2,1.98900,2.44433,3.08441,0.44830,0.04798,0.10739,0.01034
22.66,0,-0.31109,2.49733,3.14095,0.49651,0.00000,0.00000,
22.66,1,0.87583,2.49190,3.13421,0.33801,0.00340,0.18693,0.27619
22.66,2,1.98059,2.44481,3.08506,0.40146,0.02357,0.10577,0.01714
22.68,0,-0.32102,2.49734,3.14095,0.49576,0.00000,0.00000,
22.68,1,0.86912,2.49195,3.13428,0.33270,0.00329,0.19015,0.28611
22.68,2,1.97277,2.44526,3.08550,0.38852,0.02325,0.10464,0.02385
22.7,0,-0.33093,2.49734,3.14095,0.49557,0.00000,0.00000,
22.7,1,0.86297,2.49200,3.13432,0.30780,0.00298,0.19391,0.29602
22.7,2,1.96624,2.44568,3.08553,0.32653,0.01448,0.10424,0.03000
22.72,0,-0.34084,2.49735,3.14095,0.49573,0.00000,0.00000,
22.72,1,0.85219,2.49204,3.13469,0.60991,0.02593,0.19305,0.00991
22.72,2,1.95823,2.44609,3.08648,0.52215,0.13118,0.10699,0.00610
22.74,0,-0.35076,2.49735,3.14095,0.49583,0.00000,0.00000,
22.74,1,0.84220,2.49209,3.13536,0.47267,0.03541,0.19297,0.01983
22.74,2,1.94933,2.44655,3.08990,0.38762,0.20059,0.10807,0.01609
22.76,0,-0.36067,2.49736,3.14095,0.49581,0.00000,0.00000,
22.76,1,0.83267,2.49218,3.13580,0.49108,-0.01079,0.19336,0.02975
22.76,2,1.94076,2.44702,3.09279,0.49848,0.06534,0.10900,0.02562
22.78,0,-0.37059,2.49737,3.14095,0.49578,0.00000,0.00000,
22.78,1,0.82267,2.49227,3.13527,0.51101,-0.02193,0.19327,0.03966
22.78,2,1.92915,2.44760,3.09282,0.62578,-0.02341,0.10739,0.03563
22.8,0,-0.38051,2.49737,3.14095,0.49577,0.00000,0.00000,
22.8,1,0.81202,2.49232,3.13516,0.53159,0.00591,0.19254,0.04958
22.8,2,1.91671,2.44821,3.09259,0.60523,0.00428,0.10557,0.04627
22.82,0,-0.39042,2.49738,3.14095,0.49578,0.00000,0.00000,
22.82,1,0.80092,2.49237,3.13534,0.56268,0.00840,0.19135,0.05949
22.82,2,1.90523,2.44877,3.09296,0.55428,0.02415,0.10517,0.05738
22.84,0,-0.40034,2.49739,3.14095,0.49579,0.00000,0.00000,
22.84,1,0.78950,2.49243,3.13543,0.56821,0.00236,0.18985,0.06941
22.84,2,1.89434,2.44930,3.09339,0.54265,0.01804,0.10568,0.06879
22.86,0,-0.41025,2.49739,3.14095,0.49579,0.00000,0.00000,
22.86,1,0.77843,2.49250,3.13547,0.54142,0.00277,0.18869,0.07932
22.86,2,1.88345,2.44982,3.09368,0.54644,0.01284,0.10585,0.07987
22.88,0,-0.42017,2.49740,3.14095,0.49578,0.00000,0.00000,
22.88,1,0.76780,2.49257,3.13555,0.52571,0.00404,0.18798,0.08924
22.88,2,1.87258,2.45034,3.09394,0.54115,0.01351,0.10558,0.09049
22.9,0,-0.43008,2.49741,3.14095,0.49578,0.00000,0.00000,
22.9,1,0.75734,2.49263,3.13563,0.52184,0.00377,0.18743,0.09916
22.9,2,1.86189,2.45085,3.09422,0.52992,0.01413,0.10534,0.10096
22.92,0,-0.44000,2.49741,3.14095,0.49578,0.00000,0.00000,
22.92,1,0.74630,2.49269,3.13590,0.52600,0.01871,0.18630,0.00992
22.92,2,1.85200,2.45134,3.09432,0.48896,0.00978,0.10648,0.11200
22.94,0,-0.44991,2.49742,3.14095,0.49578,0.00000,0.00000,
22.94,1,0.73625,2.49275,3.13611,0.52965,0.00484,0.18618,0.01983
22.94,2,1.84215,2.45181,3.09464,0.49479,0.01824,0.10666,0.12204
22.96,0,-0.45983,2.49742,3.14095,0.49578,0.00000,0.00000,
22.96,1,0.72511,2.49281,3.13614,0.57040,0.00019,0.18494,0.02975
22.96,2,1.83233,2.45228,3.09496,0.48709,0.01351,0.10797,0.13319
22.98,0,-0.46975,2.49743,3.14095,0.49578,0.00000,0.00000,
22.98,1,0.71386,2.49287,3.13617,0.53285,0.00387,0.18361,0.03966
22.98,2,1.82273,2.45273,3.09520,0.47553,0.01102,0.10960,0.14444
23.0,0,-0.47966,2.49744,3.14095,0.49578,0.00000,0.00000,
23.0,1,0.70309,2.49293,3.13625,0.55904,0.00345,0.18276,0.04958
23.0,2,1.81333,2.45316,3.09542,0.46766,0.01156,0.11095,0.15520
23.02,0,-0.48958,2.49744,3.14095,0.49578,0.00000,0.00000,
23.02,1,0.68857,2.49299,3.13640,0.75328,0.01061,0.17816,0.00992
23.02,2,1.80405,2.45359,3.09566,0.46175,0.01168,0.11617,0.16972
23.04,0,-0.49949,2.49745,3.14095,0.49578,0.00000,0.00000,
23.04,1,0.67351,2.49305,3.13661,0.75328,0.01059,0.17301,0.01983
23.04,2,1.79489,2.45401,3.09588,0.45521,0.01111,0.12207,0.18479
23.06,0,-0.50941,2.49746,3.14095,0.49578,0.00000,0.00000,
23.06,1,0.65955,2.49311,3.13677,0.67734,0.00286,0.16897,0.02975
23.06,2,1.78588,2.45443,3.09610,0.44808,0.01063,0.12699,0.19874
23.08,0,-0.51932,2.49746,3.14095,0.49578,0.00000,0.00000,
23.08,1,0.64883,2.49317,3.13673,0.52453,-0.00024,0.16816,0.03966
23.08,2,1.77745,2.45482,3.09617,0.41302,0.00556,0.12927,0.20947
23.1,0,-0.52924,2.49747,3.14095,0.49578,0.00000,0.00000,
23.1,1,0.63820,2.49322,3.13678,0.53571,0.00376,0.16745,0.04958
23.1,2,1.76913,2.45521,3.09641,0.41816,0.01446,0.13157,0.22010
23.12,0,-0.53916,2.49747,3.14095,0.49578,0.00000,0.00000,
23.12,1,0.62752,2.49328,3.13685,0.52999,0.00272,0.16668,0.05949
23.12,2,1.75948,2.45559,3.09721,0.65486,0.13350,0.13258,0.00532
23.14,0,-0.54907,2.49748,3.14095,0.49578,0.00000,0.00000,
23.14,1,0.61708,2.49333,3.13689,0.51595,0.00170,0.16615,0.06941
23.14,2,1.74693,2.45597,3.09849,0.56848,0.07526,0.13048,0.01577
23.16,0,-0.55899,2.49749,3.14095,0.49578,0.00000,0.00000,
23.16,1,0.60687,2.49337,3.13692,0.50607,0.00184,0.16587,0.07933
23.16,2,1.73557,2.45634,3.10001,0.56855,0.07629,0.12930,0.02597
23.18,0,-0.56890,2.49749,3.14095,0.49578,0.00000,0.00000,
23.18,1,0.59690,2.49342,3.13696,0.46101,0.00035,0.16581,0.08924
23.18,2,1.72491,2.45664,3.10074,0.45454,-0.02299,0.12861,0.03594
23.2,0,-0.57882,2.49750,3.14095,0.49578,0.00000,0.00000,
23.2,1,0.58761,2.49347,3.13698,0.46854,0.00202,0.16644,0.09916
23.2,2,1.71532,2.45708,3.10059,0.49856,0.00812,0.12830,0.04523
23.22,0,-0.58873,2.49751,3.14095,0.49578,0.00000,0.00000,
23.22,1,0.57789,2.49351,3.13716,0.45130,0.01219,0.16663,0.00992
23.22,2,1.70519,2.45757,3.10117,0.59053,0.02906,0.12788,0.00462
23.24,0,-0.59865,2.49751,3.14095,0.49578,0.00000,0.00000,
23.24,1,0.56846,2.49355,3.13730,0.50095,0.00272,0.16712,0.01983
23.24,2,1.69306,2.45812,3.10177,0.61062,0.02277,0.12516,0.01405
23.26,0,-0.60857,2.49752,3.14095,0.49578,0.00000,0.00000,
23.26,1,0.55812,2.49359,3.13732,0.55269,-0.00002,0.16669,0.02975
23.26,2,1.68123,2.45861,3.10204,0.56800,0.01102,0.12366,0.02439
23.28,0,-0.61848,2.49753,3.14095,0.49578,0.00000,0.00000,
23.28,1,0.54675,2.49364,3.13734,0.58241,0.00114,0.16524,0.03966
23.28,2,1.67043,2.45904,3.10231,0.52413,0.01533,0.12421,0.03576
23.3,0,-0.62840,2.49753,3.14095,0.49578,0.00000,0.00000,
23.3,1,0.53525,2.49369,3.13737,0.56207,0.00187,0.16365,0.04958
23.3,2,1.66188,2.45944,3.10217,0.43570,0.00570,0.12716,0.04726
23.32,0,-0.63831,2.49754,3.14095,0.49578,0.00000,0.00000,
23.32,1,0.52100,2.49374,3.13747,0.74627,0.00765,0.15932,0.00992
23.32,2,1.65272,2.45982,3.10255,0.47061,0.02653,0.13223,0.06151
23.34,0,-0.64823,2.49754,3.14095,0.49578,0.00000,0.00000,
23.34,1,0.50608,2.49379,3.13762,0.74277,0.00724,0.15432,0.01983
23.34,2,1.64366,2.46019,3.10312,0.44055,0.02862,0.13807,0.07643
23.36,0,-0.65814,2.49755,3.14095,0.49578,0.00000,0.00000,
23.36,1,0.49270,2.49383,3.13770,0.59176,-0.00096,0.15085,0.02975
23.36,2,1.63412,2.46056,3.10340,0.49655,0.00707,0.14190,0.08980
23.38,0,-0.66806,2.49756,3.14095,0.49578,0.00000,0.00000,
23.38,1,0.48313,2.49388,3.13763,0.47011,-0.00306,0.15120,0.03966
23.38,2,1.62427,2.46093,3.10357,0.48282,0.01127,0.14161,0.09938
23.4,0,-0.67798,2.49756,3.14095,0.49578,0.00000,0.00000,
23.4,1,0.47356,2.49392,3.13760,0.48953,0.00071,0.15154,0.04958
23.4,2,1.61494,2.46129,3.10386,0.45584,0.01557,0.14184,0.10895
23.42,0,-0.68722,2.49757,3.14095,0.46746,-0.00001,0.00000,
23.42,1,0.46360,2.49396,3.13764,0.50071,0.00256,0.15083,0.05883
23.42,2,1.60595,2.46163,3.10416,0.44756,0.01418,0.14281,0.11891
23.44,0,-0.69667,2.49758,3.14095,0.47464,0.00006,0.00000,
23.44,1,0.45392,2.49400,3.13769,0.48440,0.00203,0.15060,0.06827
23.44,2,1.59748,2.46195,3.10431,0.41728,0.00875,0.14400,0.12859
23.46,0,-0.70596,2.49758,3.14096,0.45484,0.00012,0.00000,
23.46,1,0.44381,2.49404,3.13772,0.51445,0.00073,0.14978,0.07757
23.46,2,1.58904,2.46228,3.10459,0.42411,0.01615,0.14566,0.13870
23.48,0,-0.71571,2.49759,3.14096,0.50729,-0.00007,0.00000,
23.48,1,0.43365,2.49408,3.13773,0.49873,0.00113,0.14937,0.08731
23.48,2,1.58063,2.46259,3.10488,0.41633,0.01326,0.14741,0.14885
23.5,0,-0.72596,2.49759,3.14095,0.51068,-0.00003,0.00000,
23.5,1,0.42392,2.49412,3.13776,0.47879,0.00138,0.14988,0.09756
23.5,2,1.57243,2.46289,3.10512,0.40575,0.01104,0.14893,0.15859
23.52,0,-0.73601,2.49760,3.14095,0.49624,0.00002,0.00000,
23.52,1,0.41309,2.49415,3.13791,0.54046,0.01140,0.14911,0.01005
23.52,2,1.56397,2.46318,3.10550,0.48286,0.09422,0.15129,0.00543
23.54,0,-0.74586,2.49761,3.14095,0.49123,0.00001,0.00000,
23.54,1,0.40225,2.49419,3.13805,0.54552,0.00255,0.14811,0.01990
23.54,2,1.55460,2.46344,3.10564,0.43778,0.03391,0.15277,0.01627
23.56,0,-0.75571,2.49761,3.14095,0.49406,-0.00000,0.00000,
23.56,1,0.39131,2.49423,3.13805,0.54599,-0.00114,0.14703,0.02975
23.56,2,1.54484,2.46373,3.10623,0.58033,0.00598,0.15394,0.02721
23.58,0,-0.76562,2.49762,3.14095,0.49632,0.00000,0.00000,
23.58,1,0.38050,2.49427,3.13805,0.53492,0.00081,0.14613,0.03966
23.58,2,1.53207,2.46420,3.10621,0.65499,0.00412,0.15196,0.03802
23.6,0,-0.77555,2.49763,3.14095,0.49611,0.00000,0.00000,
23.6,1,0.36993,2.49431,3.13807,0.52369,0.00161,0.14549,0.04959
23.6,2,1.51957,2.46466,3.10655,0.59449,0.02439,0.15002,0.04859
23.62,0,-0.78546,2.49763,3.14095,0.49539,0.00000,0.00000,
23.62,1,0.35727,2.49434,3.13816,0.66845,0.00533,0.14273,0.00991
23.62,2,1.50743,2.46508,3.10728,0.67091,0.07756,0.15053,0.00664
23.64,0,-0.79537,2.49764,3.14095,0.49526,0.00000,0.00000,
23.64,1,0.34398,2.49438,3.13825,0.64897,0.00369,0.13935,0.01982
23.64,2,1.49320,2.46555,3.10905,0.69959,0.08081,0.14958,0.01992
23.66,0,-0.80528,2.49764,3.14095,0.49543,0.00000,0.00000,
23.66,1,0.33201,2.49442,3.13828,0.55838,-0.00025,0.13729,0.02973
23.66,2,1.47816,2.46605,3.10971,0.76326,0.00193,0.14650,0.03189
23.68,0,-0.81519,2.49765,3.14095,0.49552,0.00000,0.00000,
23.68,1,0.32223,2.49445,3.13824,0.42026,-0.00294,0.13742,0.03964
23.68,2,1.46366,2.46651,3.10961,0.68916,-0.00134,0.14177,0.04167
23.7,0,-0.82510,2.49766,3.14095,0.49549,0.00000,0.00000,
23.7,1,0.31321,2.49448,3.13824,0.47661,0.00169,0.13831,0.04955
23.7,2,1.45050,2.46693,3.10980,0.64312,0.01620,0.13762,0.05069
23.72,0,-0.83500,2.49766,3.14095,0.49546,0.00000,0.00000,
23.72,1,0.30340,2.49452,3.13828,0.49247,0.00187,0.13841,0.05946
23.72,2,1.44020,2.46733,3.10970,0.42783,-0.01097,0.13712,0.00493
23.74,0,-0.84491,2.49767,3.14095,0.49545,0.00000,0.00000,
23.74,1,0.29408,2.49455,3.13832,0.48014,0.00098,0.13900,0.06936
23.74,2,1.43199,2.46770,3.10881,0.37199,-0.98095,0.13823,0.01426
23.76,0,-0.85482,2.49768,3.14095,0.49546,0.00000,0.00000,
23.76,1,0.28397,2.49458,3.13832,0.51409,0.00017,0.13880,0.07927
23.76,2,1.42627,2.46795,3.09953,0.20434,-0.30282,0.14261,0.02436
23.78,0,-0.86473,2.49768,3.14095,0.49547,0.00000,0.00000,
23.78,1,0.27391,2.49462,3.13833,0.49079,0.00079,0.13864,0.08918
23.78,2,1.42248,2.46833,3.09147,0.24552,-0.45262,0.14887,0.03443
23.8,0,-0.87464,2.49769,3.14095,0.49547,0.00000,0.00000,
23.8,1,0.26437,2.49465,3.13835,0.46852,0.00095,0.13901,0.09909
23.8,2,1.41529,2.46871,3.08794,0.39907,0.06426,0.15121,0.04397
23.82,0,-0.88455,2.49770,3.14095,0.49546,0.00000,0.00000,
23.82,1,0.25581,2.49468,3.13835,0.40222,-0.00034,0.14036,0.10900
23.82,2,1.40740,2.46911,3.09085,0.39190,0.15827,0.15188,0.00398
23.84,0,-0.89446,2.49770,3.14095,0.49546,0.00000,0.00000,
23.84,1,0.24747,2.49471,3.13837,0.42595,0.00129,0.14194,0.11891
23.84,2,1.39941,2.46974,3.09210,0.41974,-0.10085,0.15220,0.01231
23.86,0,-0.90437,2.49771,3.14095,0.49546,0.00000,0.00000,
23.86,1,0.23894,2.49473,3.13839,0.42334,0.00102,0.14331,0.12882
23.86,2,1.39129,2.47038,3.08955,0.41310,-0.05158,0.15260,0.02084
23.88,0,-0.91428,2.49771,3.14095,0.49546,0.00000,0.00000,
23.88,1,0.23082,2.49476,3.13841,0.39943,0.00096,0.14510,0.13873
23.88,2,1.38283,2.47082,3.09085,0.43188,0.12515,0.15227,0.02897
23.9,0,-0.92419,2.49772,3.14095,0.49546,0.00000,0.00000,
23.9,1,0.22240,2.49479,3.13842,0.43188,0.00039,0.14659,0.14864
23.9,2,1.37311,2.47127,3.09293,0.51121,0.07370,0.15095,0.03738
23.92,0,-0.93410,2.49773,3.14095,0.49546,0.00000,0.00000,
23.92,1,0.21381,2.49481,3.13843,0.42310,0.00061,0.14791,0.15855
23.92,2,1.36325,2.47174,3.09407,0.50401,0.03962,0.14967,0.04597
23.94,0,-0.94401,2.49773,3.14095,0.49546,0.00000,0.00000,
23.94,1,0.20556,2.49484,3.13845,0.40491,0.00071,0.14957,0.16846
23.94,2,1.35330,2.47221,3.09489,0.48809,0.04715,0.14796,0.05422
23.96,0,-0.95392,2.49774,3.14095,0.49546,0.00000,0.00000,
23.96,1,0.19756,2.49487,3.13846,0.39752,0.00064,0.15148,0.17837
23.96,2,1.34390,2.47265,3.09594,0.42618,0.04137,0.14655,0.06222
23.98,0,-0.96383,2.49775,3.14095,0.49546,0.00000,0.00000,
23.98,1,0.18964,2.49489,3.13847,0.39483,0.00059,0.15347,0.18828
23.98,2,1.33637,2.47305,3.09663,0.38939,0.05089,0.14694,0.07014
24.0,0,-0.97373,2.49775,3.14095,0.49546,0.00000,0.00000,
24.0,1,0.18216,2.49491,3.13848,0.36278,0.00017,0.15589,0.19819
24.0,2,1.32829,2.47344,3.09783,0.41141,0.06084,0.14633,0.07763
24.02,0,-0.98364,2.49776,3.14095,0.49546,0.00000,0.00000,
24.02,1,0.17483,2.49494,3.13849,0.36753,0.00084,0.15848,0.20809
24.02,2,1.31988,2.47379,3.09925,0.51659,0.08671,0.14524,0.00367
24.04,0,-0.99355,2.49777,3.14095,0.49546,0.00000,0.00000,
24.04,1,0.16753,2.49496,3.13850,0.36215,0.00066,0.16109,0.21800
24.04,2,1.30925,2.47410,3.10085,0.48761,0.05783,0.14192,0.01098
24.06,0,-1.00346,2.49777,3.14095,0.49546,0.00000,0.00000,
24.06,1,0.16038,2.49498,3.13851,0.35355,0.00048,0.16385,0.22791
24.06,2,1.29934,2.47446,3.10127,0.49409,0.01284,0.13914,0.01812
24.08,0,-1.01337,2.49778,3.14095,0.49546,0.00000,0.00000,
24.08,1,0.15338,2.49500,3.13852,0.34760,0.00049,0.16676,0.23782
24.08,2,1.29095,2.47484,3.10134,0.37905,0.01052,0.13775,0.02512
24.1,0,-1.02328,2.49778,3.14095,0.49546,0.00000,0.00000,
24.1,1,0.14692,2.49502,3.13853,0.32365,0.00042,0.17020,0.24773
24.1,2,1.28311,2.47519,3.10221,0.40255,0.06104,0.13637,0.03159
24.12,0,-1.03319,2.49779,3.14096,0.49546,0.00000,0.00000,
24.12,1,0.14040,2.49505,3.13854,0.32586,0.00072,0.17359,0.25764
24.12,2,1.27497,2.47552,3.10342,0.41015,0.05778,0.13474,0.00326
24.14,0,-1.04310,2.49780,3.14096,0.49546,0.00000,0.00000,
24.14,1,0.13395,2.49506,3.13855,0.31905,0.00050,0.17705,0.26755
24.14,2,1.26689,2.47584,3.10441,0.39652,0.04216,0.13311,0.00971
24.16,0,-1.05301,2.49780,3.14096,0.49546,0.00000,0.00000,
24.16,1,0.12765,2.49508,3.13856,0.31175,0.00041,0.18066,0.27746
24.16,2,1.25916,2.47613,3.10518,0.38025,0.03758,0.13167,0.01601
24.18,0,-1.06292,2.49781,3.14096,0.49546,0.00000,0.00000,
24.18,1,0.12147,2.49510,3.13857,0.30718,0.00044,0.18439,0.28737
24.18,2,1.25171,2.47640,3.10597,0.36957,0.04150,0.13039,0.02219
24.2,0,-1.07283,2.49782,3.14096,0.49546,0.00000,0.00000,
24.2,1,0.11537,2.49512,3.13858,0.30332,0.00044,0.18820,0.29728
24.2,2,1.24410,2.47667,3.10676,0.38648,0.03779,0.12888,0.02829
24.22,0,-1.08274,2.49782,3.14096,0.49546,0.00000,0.00000,
24.22,1,0.10558,2.49514,3.13874,0.53781,0.01172,0.18832,0.00991
24.22,2,1.23545,2.47694,3.10774,0.47754,0.10934,0.13002,0.00538
24.24,0,-1.09265,2.49783,3.14096,0.49546,0.00000,0.00000,
24.24,1,0.09483,2.49516,3.13897,0.53781,0.01174,0.18748,0.01982
24.24,2,1.22683,2.47721,3.10800,0.38922,0.01578,0.13214,0.01613
24.26,0,-1.10256,2.49783,3.14096,0.49546,0.00000,0.00000,
24.26,1,0.08546,2.49519,3.13920,0.45967,-0.00449,0.18801,0.02973
24.26,2,1.21842,2.47754,3.10722,0.48480,-0.04860,0.13310,0.02550
24.28,0,-1.11246,2.49784,3.14096,0.49546,0.00000,0.00000,
24.28,1,0.07578,2.49527,3.13849,0.44394,-0.03789,0.18825,0.03964
24.28,2,1.20735,2.47791,3.10724,0.58872,0.03885,0.13171,0.03518
24.3,0,-1.12237,2.49785,3.14096,0.49546,0.00000,0.00000,
24.3,1,0.06586,2.49528,3.13817,0.49370,0.00201,0.18824,0.04955
24.3,2,1.19571,2.47831,3.10834,0.56463,0.05698,0.12998,0.04510
24.32,0,-1.13228,2.49785,3.14096,0.49546,0.00000,0.00000,
24.32,1,0.05301,2.49529,3.13915,0.63569,0.06685,0.18529,0.00991
24.32,2,1.18398,2.47866,3.10956,0.69258,0.09762,0.13109,0.00673
24.34,0,-1.14219,2.49786,3.14096,0.49546,0.00000,0.00000,
24.34,1,0.04034,2.49530,3.14047,0.61101,0.06061,0.18254,0.01982
24.34,2,1.17001,2.47902,3.11178,0.66573,0.12115,0.12979,0.01939
24.36,0,-1.15210,2.49787,3.14096,0.49546,0.00000,0.00000,
24.36,1,0.02840,2.49546,3.13854,0.61824,-0.14662,0.18050,0.02973
24.36,2,1.15653,2.47940,3.11377,0.71156,0.05963,0.12825,0.03134
24.38,0,-1.16201,2.49787,3.14096,0.49546,0.00000,0.00000,
24.38,1,0.01850,2.49554,3.13698,0.49387,0.02607,0.18051,0.03964
24.38,2,1.14119,2.47984,3.11421,0.78172,0.00665,0.12281,0.04124
24.4,0,-1.17192,2.49788,3.14096,0.49546,0.00000,0.00000,
24.4,1,0.00847,2.49554,3.13791,0.50685,0.02502,0.18040,0.04955
24.4,2,1.12642,2.48025,3.11447,0.69709,0.02208,0.11805,0.05126
24.42,0,-1.18183,2.49789,3.14096,0.49546,0.00000,0.00000,
24.42,1,-0.00367,2.49560,3.13408,0.64089,-0.31705,0.17816,0.00991
24.42,2,1.11429,2.48061,3.11491,0.57848,0.02842,0.11806,0.06341
24.44,0,-1.19174,2.49789,3.14096,0.49546,0.00000,0.00000,
24.44,1,-0.01598,2.49556,3.12865,0.58659,-0.12701,0.17576,0.01982
24.44,2,1.10239,2.48094,3.11560,0.60804,0.03456,0.11846,0.07571
24.46,0,-1.20165,2.49790,3.14096,0.49546,0.00000,0.00000,
24.46,1,-0.02812,2.49530,3.12997,0.61640,0.13925,0.17353,0.02973
24.46,2,1.09016,2.48126,3.11619,0.60944,0.02556,0.11837,0.08786
24.48,0,-1.21156,2.49790,3.14096,0.49546,0.00000,0.00000,
24.48,1,-0.03885,2.49541,3.13191,0.49074,0.04780,0.17271,0.03964
24.48,2,1.07818,2.48157,3.11666,0.58992,0.02277,0.11712,0.09858
24.5,0,-1.22147,2.49791,3.14096,0.49546,0.00000,0.00000,
24.5,1,-0.04897,2.49562,3.13211,0.51634,-0.00404,0.17250,0.04955
24.5,2,1.06663,2.48186,3.11715,0.55926,0.02773,0.11569,0.10870
24.52,0,-1.23138,2.49792,3.14096,0.49546,0.00000,0.00000,
24.52,1,-0.06165,2.49581,3.13049,0.63860,-0.16020,0.16972,0.00991
24.52,2,1.05469,2.48214,3.11785,0.61703,0.07086,0.11642,0.00644
24.54,0,-1.24129,2.49792,3.14096,0.49546,0.00000,0.00000,
24.54,1,-0.07442,2.49596,3.12727,0.63722,-0.17162,0.16687,0.01982
24.54,2,1.04222,2.48242,3.11941,0.65928,0.05982,0.11672,0.01920
24.56,0,-1.25119,2.49793,3.14096,0.49546,0.00000,0.00000,
24.56,1,-0.08684,2.49573,3.12371,0.60034,-0.11883,0.16436,0.02973
24.56,2,1.02859,2.48273,3.12012,0.71317,0.01635,0.11551,0.03162
24.58,0,-1.26110,2.49794,3.14096,0.49546,0.00000,0.00000,
24.58,1,-0.09788,2.49589,3.12342,0.46379,0.02517,0.16323,0.03964
24.58,2,1.01425,2.48304,3.12030,0.70427,0.00948,0.11220,0.04266
24.6,0,-1.27072,2.49794,3.14095,0.46024,-0.00015,0.00000,
24.6,1,-0.10750,2.49616,3.12429,0.49767,0.04644,0.16322,0.04925
24.6,2,1.00076,2.48332,3.12061,0.65318,0.02027,0.10833,0.05229
24.62,0,-1.28005,2.49795,3.14095,0.47118,0.00005,0.00000,
24.62,1,-0.11880,2.49645,3.12517,0.55396,0.04813,0.16125,0.00933
24.62,2,0.98860,2.48359,3.12094,0.54606,0.00823,0.10747,0.06358
24.64,0,-1.28953,2.49795,3.14095,0.47459,0.00004,0.00000,
24.64,1,-0.13013,2.49668,3.12607,0.56556,0.03722,0.15939,0.01881
24.64,2,0.97729,2.48383,3.12128,0.58279,0.02268,0.10750,0.07492
24.66,0,-1.29879,2.49796,3.14096,0.48076,0.00001,0.00000,
24.66,1,-0.14123,2.49686,3.12662,0.50739,0.01865,0.15756,0.02807
24.66,2,0.96547,2.48408,3.12174,0.59118,0.02132,0.10678,0.08602
24.68,0,-1.30886,2.49797,3.14095,0.51345,-0.00006,0.00000,
24.68,1,-0.15018,2.49702,3.12698,0.45913,0.02704,0.15868,0.03813
24.68,2,0.95411,2.48431,3.12217,0.56697,0.01964,0.10436,0.09497
24.7,0,-1.31906,2.49797,3.14095,0.50457,-0.00000,0.00000,
24.7,1,-0.15967,2.49717,3.12764,0.48167,0.03420,0.15939,0.04834
24.7,2,0.94229,2.48454,3.12248,0.60168,0.01402,0.10203,0.10446
24.72,0,-1.32900,2.49798,3.14095,0.49250,0.00002,0.00000,
24.72,1,-0.16889,2.49730,3.12832,0.47976,0.02866,0.16011,0.05828
24.72,2,0.93039,2.48477,3.12278,0.58480,0.01623,0.09936,0.11369
24.74,0,-1.33883,2.49799,3.14095,0.49175,0.00000,0.00000,
24.74,1,-0.17903,2.49744,3.12879,0.51579,0.02219,0.15980,0.06811
24.74,2,0.91898,2.48499,3.12312,0.56179,0.01689,0.09808,0.12383
24.76,0,-1.34870,2.49799,3.14095,0.49508,-0.00000,0.00000,
24.76,1,-0.18909,2.49757,3.12927,0.48903,0.02497,0.15961,0.07798
24.76,2,0.90826,2.48519,3.12338,0.47417,0.00415,0.09743,0.13389
24.78,0,-1.35862,2.49800,3.14095,0.49621,0.00000,0.00000,
24.78,1,-0.19858,2.49769,3.12978,0.46556,0.02551,0.16004,0.08790
24.78,2,0.89850,2.48538,3.12362,0.50074,0.01730,0.09715,0.14338
24.8,0,-1.36854,2.49800,3.14095,0.49556,0.00000,0.00000,
24.8,1,-0.20783,2.49780,3.13027,0.46152,0.02394,0.16071,0.09782
24.8,2,0.88836,2.48557,3.12399,0.50720,0.01763,0.09625,0.15262
24.82,0,-1.37844,2.49801,3.14095,0.49504,0.00000,0.00000,
24.82,1,-0.21644,2.49790,3.13069,0.39705,0.01874,0.16200,0.10772
24.82,2,0.87939,2.48573,3.12434,0.37134,0.01015,0.09590,0.00400
24.84,0,-1.38835,2.49802,3.14095,0.49509,0.00000,0.00000,
24.84,1,-0.22462,2.49800,3.13113,0.41650,0.02406,0.16373,0.11762
24.84,2,0.87294,2.48585,3.12433,0.27001,-0.01189,0.09762,0.01218
24.86,0,-1.39825,2.49802,3.14095,0.49526,0.00000,0.00000,
24.86,1,-0.23296,2.49809,3.13160,0.41430,0.02222,0.16529,0.12753
24.86,2,0.86750,2.48599,3.12392,0.28317,-0.04853,0.10052,0.02052
24.88,0,-1.40815,2.49803,3.14095,0.49529,0.00000,0.00000,
24.88,1,-0.24092,2.49817,3.13204,0.40369,0.02053,0.16724,0.13743
24.88,2,0.86058,2.48613,3.12314,0.39934,-0.01253,0.10156,0.02848
24.9,0,-1.41806,2.49804,3.14095,0.49525,0.00000,0.00000,
24.9,1,-0.24932,2.49825,3.13242,0.42678,0.01907,0.16874,0.14734
24.9,2,0.85260,2.48628,3.12351,0.42898,0.02885,0.10199,0.03689
24.92,0,-1.42796,2.49804,3.14095,0.49523,0.00000,0.00000,
24.92,1,-0.25773,2.49832,3.13281,0.41247,0.01941,0.17023,0.15724
24.92,2,0.84279,2.48646,3.12394,0.53627,0.01512,0.10059,0.00416
24.94,0,-1.43787,2.49805,3.14095,0.49524,0.00000,0.00000,
24.94,1,-0.26579,2.49839,3.13319,0.39627,0.01895,0.17208,0.16715
24.94,2,0.83246,2.48665,3.12422,0.50928,0.01190,0.09831,0.01222
24.96,0,-1.44777,2.49806,3.14095,0.49524,0.00000,0.00000,
24.96,1,-0.27364,2.49846,3.13356,0.39099,0.01808,0.17413,0.17705
24.96,2,0.82265,2.48682,3.12445,0.47216,0.01197,0.09636,0.02007
24.98,0,-1.45768,2.49806,3.14095,0.49524,0.00000,0.00000,
24.98,1,-0.28143,2.49852,3.13392,0.38818,0.01742,0.17625,0.18696
24.98,2,0.81421,2.48698,3.12461,0.32503,-0.00422,0.09570,0.02786
25.0,0,-1.46758,2.49807,3.14096,0.49524,0.00000,0.00000,
25.0,1,-0.28914,2.49858,3.13426,0.38264,0.01688,0.17845,0.19686
25.0,2,0.80730,2.48713,3.12415,0.36136,-0.06919,0.09650,0.03557
25.02,0,-1.47749,2.49807,3.14096,0.49524,0.00000,0.00000,
25.02,1,-0.29824,2.49864,3.13384,0.46945,-0.04639,0.17925,0.00990
25.02,2,0.79981,2.48727,3.12313,0.36500,-0.01322,0.09811,0.04467
25.04,0,-1.48739,2.49808,3.14096,0.49524,0.00000,0.00000,
25.04,1,-0.30678,2.49873,3.13055,0.40293,-0.34103,0.18062,0.01981
25.04,2,0.79244,2.48740,3.12361,0.41363,0.03446,0.09928,0.05321
25.06,0,-1.49730,2.49809,3.14096,0.49524,0.00000,0.00000,
25.06,1,-0.31724,2.49886,3.12602,0.60264,-0.06479,0.18006,0.02971
25.06,2,0.78363,2.48755,3.12414,0.44504,0.01791,0.10092,0.06367
25.08,0,-1.50720,2.49809,3.14096,0.49524,0.00000,0.00000,
25.08,1,-0.32979,2.49902,3.12733,0.62238,0.11479,0.17741,0.03962
25.08,2,0.77513,2.48770,3.12438,0.40629,0.01041,0.10498,0.07623
25.1,0,-1.51711,2.49810,3.14096,0.49524,0.00000,0.00000,
25.1,1,-0.34153,2.49917,3.12903,0.55850,0.04977,0.17558,0.04952
25.1,2,0.76731,2.48784,3.12462,0.38357,0.01354,0.10890,0.08797
25.12,0,-1.52701,2.49811,3.14096,0.49524,0.00000,0.00000,
25.12,1,-0.35610,2.49931,3.12978,0.77620,0.06439,0.17091,0.00990
25.12,2,0.75903,2.48796,3.12481,0.57510,0.01010,0.11519,0.00795
25.14,0,-1.53692,2.49811,3.14096,0.49524,0.00000,0.00000,
25.14,1,-0.37084,2.49944,3.13111,0.71343,0.05922,0.16608,0.01981
25.14,2,0.74811,2.48809,3.12510,0.46811,0.02667,0.11901,0.02269
25.16,0,-1.54682,2.49812,3.14096,0.49524,0.00000,0.00000,
25.16,1,-0.38426,2.49959,3.13182,0.62985,0.02154,0.16256,0.02971
25.16,2,0.73948,2.48820,3.12582,0.43100,0.06715,0.12380,0.03611
25.18,0,-1.55673,2.49812,3.14096,0.49524,0.00000,0.00000,
25.18,1,-0.39427,2.49973,3.13199,0.49370,-0.00329,0.16246,0.03962
25.18,2,0.72930,2.48830,3.12799,0.57056,0.08641,0.12363,0.04612
25.2,0,-1.56663,2.49813,3.14096,0.49524,0.00000,0.00000,
25.2,1,-0.40433,2.49982,3.13232,0.51314,0.02839,0.16231,0.04952
25.2,2,0.71621,2.48847,3.12866,0.65165,-0.00311,0.12059,0.05617
25.22,0,-1.57654,2.49814,3.14096,0.49524,0.00000,0.00000,
25.22,1,-0.41473,2.49992,3.13292,0.52139,0.02756,0.16181,0.05943
25.22,2,0.70311,2.48865,3.12933,0.68640,0.36430,0.11789,0.00522
25.24,0,-1.58644,2.49814,3.14096,0.49524,0.00000,0.00000,
25.24,1,-0.42502,2.50001,3.13338,0.50775,0.02022,0.16142,0.06933
25.24,2,0.69010,2.48872,-3.12110,0.58459,1.93119,0.11518,0.01551
25.26,0,-1.59635,2.49815,3.14096,0.49524,0.00000,0.00000,
25.26,1,-0.43502,2.50010,3.13377,0.49435,0.01952,0.16133,0.07924
25.26,2,0.67820,2.48864,-3.09476,0.59221,0.46292,0.11327,0.02551
25.28,0,-1.60625,2.49816,3.14096,0.49524,0.00000,0.00000,
25.28,1,-0.44482,2.50017,3.13417,0.48775,0.02024,0.16143,0.08914
25.28,2,0.66751,2.48811,-3.10002,0.48250,-0.51657,0.11239,0.03531
25.3,0,-1.61616,2.49816,3.14096,0.49524,0.00000,0.00000,
25.3,1,-0.45452,2.50025,3.13457,0.48229,0.01957,0.16164,0.09905
25.3,2,0.65770,2.48760,-3.10754,0.49813,-0.19588,0.11229,0.04501
25.32,0,-1.62606,2.49817,3.14096,0.49524,0.00000,0.00000,
25.32,1,-0.46462,2.50031,3.13517,0.47380,0.03530,0.16144,0.00990
25.32,2,0.64671,2.48721,-3.10872,0.67979,-0.02014,0.11141,0.00484
25.34,0,-1.63597,2.49818,3.14096,0.49524,0.00000,0.00000,
25.34,1,-0.47441,2.50037,3.13570,0.51408,0.01790,0.16156,0.01981
25.34,2,0.63316,2.48678,-3.11022,0.62558,-0.12034,0.10765,0.01463
25.36,0,-1.64587,2.49818,3.14096,0.49524,0.00000,0.00000,
25.36,1,-0.48520,2.50043,3.13596,0.55169,0.01203,0.16067,0.02971
25.36,2,0.62078,2.48636,-3.11247,0.60316,-0.09691,0.10608,0.02542
25.38,0,-1.65578,2.49819,3.14096,0.49524,0.00000,0.00000,
25.38,1,-0.49589,2.50049,3.13625,0.53283,0.01620,0.15989,0.03962
25.38,2,0.61071,2.48601,-3.11382,0.41507,-0.04931,0.10669,0.03611
25.4,0,-1.66568,2.49819,3.14096,0.49524,0.00000,0.00000,
25.4,1,-0.50691,2.50055,3.13657,0.55749,0.01565,0.15878,0.04952
25.4,2,0.60222,2.48569,-3.11435,0.43468,-0.04538,0.10922,0.04713
25.42,0,-1.67559,2.49820,3.14096,0.49524,0.00000,0.00000,
25.42,1,-0.51789,2.50061,3.13688,0.53947,0.01483,0.15769,0.05943
25.42,2,0.59306,2.48545,-3.11631,0.42223,-0.17432,0.11106,0.00544
25.44,0,-1.68549,2.49821,3.14096,0.49524,0.00000,0.00000,
25.44,1,-0.52845,2.50066,3.13717,0.51999,0.01433,0.15704,0.06933
25.44,2,0.58537,2.48534,-3.12026,0.40716,-0.25801,0.11392,0.01600
25.46,0,-1.69540,2.49821,3.14096,0.49524,0.00000,0.00000,
25.46,1,-0.53747,2.50070,3.13742,0.45835,0.01395,0.15793,0.07924
25.46,2,0.57610,2.48516,-3.12419,0.51958,-0.11475,0.11368,0.02502
25.48,0,-1.70530,2.49822,3.14096,0.49524,0.00000,0.00000,
25.48,1,-0.54687,2.50074,3.13771,0.47496,0.01424,0.15844,0.08914
25.48,2,0.56481,2.48491,-3.12514,0.58385,-0.02332,0.11179,0.03442
25.5,0,-1.71520,2.49823,3.14096,0.49524,0.00000,0.00000,
25.5,1,-0.55618,2.50078,3.13798,0.43367,0.01362,0.15902,0.09905
25.5,2,0.55329,2.48470,-3.12593,0.56857,-0.05728,0.10959,0.04373
25.52,0,-1.72511,2.49823,3.14096,0.49524,0.00000,0.00000,
25.52,1,-0.56620,2.50081,3.13833,0.48795,0.02051,0.15892,0.00990
25.52,2,0.54178,2.48452,-3.12727,0.60858,-0.06598,0.10809,0.00502
25.54,0,-1.73501,2.49824,3.14096,0.49524,0.00000,0.00000,
25.54,1,-0.57666,2.50085,3.13865,0.55023,0.01189,0.15836,0.01981
25.54,2,0.52952,2.48435,-3.12848,0.59394,-0.05770,0.10630,0.01548
25.56,0,-1.74492,2.49824,3.14096,0.49524,0.00000,0.00000,
25.56,1,-0.58780,2.50088,3.13885,0.57175,0.00888,0.15712,0.02971
25.56,2,0.51866,2.48420,-3.12961,0.45168,-0.05089,0.10658,0.02662
25.58,0,-1.75482,2.49825,3.14096,0.49524,0.00000,0.00000,
25.58,1,-0.59917,2.50091,3.13904,0.55954,0.01019,0.15565,0.03962
25.58,2,0.50948,2.48408,-3.13065,0.46996,-0.05454,0.10879,0.03799
25.6,0,-1.76473,2.49826,3.14096,0.49524,0.00000,0.00000,
25.6,1,-0.61006,2.50094,3.13925,0.53333,0.01068,0.15467,0.04952
25.6,2,0.49987,2.48398,-3.13178,0.48537,-0.05645,0.11005,0.04888
25.62,0,-1.77463,2.49826,3.14096,0.49524,0.00000,0.00000,
25.62,1,-0.62440,2.50097,3.13946,0.79776,0.01080,0.15024,0.00990
25.62,2,0.49026,2.48388,-3.13286,0.47413,-0.05226,0.11479,0.06322
25.64,0,-1.78454,2.49827,3.14096,0.49524,0.00000,0.00000,
25.64,1,-0.63837,2.50099,3.13972,0.68405,0.01299,0.14617,0.01981
25.64,2,0.48095,2.48380,-3.13388,0.45925,-0.05024,0.11945,0.07719
25.66,0,-1.79444,2.49828,3.14096,0.49524,0.00000,0.00000,
25.66,1,-0.65062,2.50102,3.13991,0.46400,0.00635,0.14382,0.02971
25.66,2,0.47188,2.48373,-3.13488,0.43606,-0.05040,0.12264,0.08944
25.68,0,-1.80435,2.49828,3.14096,0.49524,0.00000,0.00000,
25.68,1,-0.65994,2.50104,3.14004,0.46873,0.00645,0.14442,0.03962
25.68,2,0.46288,2.48367,-3.13586,0.46016,-0.04803,0.12295,0.09875
25.7,0,-1.81425,2.49829,3.14096,0.49524,0.00000,0.00000,
25.7,1,-0.66954,2.50105,3.14019,0.48845,0.00807,0.14472,0.04952
25.7,2,0.45365,2.48361,-3.13680,0.45856,-0.04615,0.12332,0.10836
25.72,0,-1.82416,2.49830,3.14096,0.49524,0.00000,0.00000,
25.72,1,-0.68207,2.50107,3.14035,0.66865,0.00834,0.14209,0.00990
25.72,2,0.44357,2.48357,-3.13776,0.57593,-0.06147,0.12577,0.00669
25.74,0,-1.83406,2.49830,3.14096,0.49524,0.00000,0.00000,
25.74,1,-0.69497,2.50108,3.14052,0.61690,0.00884,0.13910,0.01981
25.74,2,0.43292,2.48353,-3.13808,0.51257,0.02032,0.12803,0.01959
25.76,0,-1.84397,2.49831,3.14096,0.49524,0.00000,0.00000,
25.76,1,-0.70696,2.50109,3.14069,0.59709,0.00674,0.13701,0.02971
25.76,2,0.42107,2.48348,-3.13793,0.64588,-0.01823,0.12816,0.03158
25.78,0,-1.85387,2.49831,3.14096,0.49524,0.00000,0.00000,
25.78,1,-0.71680,2.50110,3.14080,0.44903,0.00565,0.13707,0.03962
25.78,2,0.40801,2.48343,-3.13881,0.64896,-0.05477,0.12495,0.04142
25.8,0,-1.86378,2.49832,3.14096,0.49524,0.00000,0.00000,
25.8,1,-0.72623,2.50111,3.14093,0.48528,0.00738,0.13756,0.04952
25.8,2,0.39515,2.48339,-3.13982,0.63239,-0.04469,0.12152,0.05085
25.82,0,-1.87368,2.49833,3.14096,0.49524,0.00000,0.00000,
25.82,1,-0.73832,2.50112,3.14107,0.58030,0.00680,0.13537,0.00990
25.82,2,0.38255,2.48336,-3.14063,0.59196,-0.04364,0.12101,0.00607
25.84,0,-1.88359,2.49833,3.14096,0.49524,0.00000,0.00000,
25.84,1,-0.74992,2.50112,3.14120,0.58030,0.00679,0.13367,0.01981
25.84,2,0.37160,2.48337,3.14126,0.49944,-0.04073,0.12167,0.01768
25.86,0,-1.89349,2.49834,3.14096,0.49524,0.00000,0.00000,
25.86,1,-0.76134,2.50113,3.14132,0.55935,0.00501,0.13215,0.02971
25.86,2,0.36146,2.48339,3.14047,0.53568,-0.03551,0.12295,0.02910
25.88,0,-1.90340,2.49835,3.14096,0.49524,0.00000,0.00000,
25.88,1,-0.77139,2.50113,3.14141,0.46496,0.00454,0.13201,0.03962
25.88,2,0.34896,2.48342,3.13984,0.68729,-0.02923,0.12049,0.03915
25.9,0,-1.91330,2.49835,3.14096,0.49524,0.00000,0.00000,
25.9,1,-0.78096,2.50113,3.14152,0.48896,0.00570,0.13234,0.04952
25.9,2,0.33590,2.48346,3.13926,0.69131,-0.03071,0.11700,0.04872
25.92,0,-1.92321,2.49836,3.14096,0.49524,0.00000,0.00000,
25.92,1,-0.79413,2.50113,-3.14157,0.66394,0.00454,0.12908,0.00990
25.92,2,0.32174,2.48349,3.13864,0.70298,-0.03051,0.11602,0.06189
25.94,0,-1.93311,2.49836,3.14096,0.49524,0.00000,0.00000,
25.94,1,-0.80654,2.50113,-3.14148,0.61815,0.00451,0.12658,0.01981
25.94,2,0.30821,2.48353,3.13805,0.65504,-0.02920,0.11488,0.07429
25.96,0,-1.94302,2.49837,3.14096,0.49524,0.00000,0.00000,
25.96,1,-0.81851,2.50113,-3.14140,0.57572,0.00408,0.12451,0.02971
25.96,2,0.29658,2.48358,3.13746,0.55228,-0.02796,0.11523,0.08627
25.98,0,-1.95292,2.49838,3.14096,0.49524,0.00000,0.00000,
25.98,1,-0.82772,2.50113,-3.14131,0.45765,0.00428,0.12521,0.03962
25.98,2,0.28516,2.48362,3.13693,0.58394,-0.02577,0.11301,0.09547
26.0,0,-1.96283,2.49838,3.14096,0.49524,0.00000,0.00000,
26.0,1,-0.83716,2.50112,-3.14122,0.48090,0.00476,0.12566,0.04952
26.0,2,0.27343,2.48368,3.13641,0.58304,-0.02593,0.11073,0.10492
26.02,0,-1.97273,2.49839,3.14096,0.49524,0.00000,0.00000,
26.02,1,-0.84676,2.50112,-3.14113,0.47488,0.00456,0.12598,0.05943
26.02,2,0.26221,2.48374,3.13591,0.57429,-0.02501,0.10911,0.11451
26.04,0,-1.98263,2.49840,3.14096,0.49524,0.00000,0.00000,
26.04,1,-0.85588,2.50111,-3.14104,0.48399,0.00432,0.12676,0.06933
26.04,2,0.25037,2.48381,3.13541,0.59759,-0.02501,0.10638,0.12364
26.06,0,-1.99254,2.49840,3.14096,0.49524,0.00000,0.00000,
26.06,1,-0.86592,2.50111,-3.14095,0.50472,0.00426,0.12663,0.07924
26.06,2,0.23862,2.48388,3.13492,0.57562,-0.02418,0.10468,0.13367
26.08,0,-2.00244,2.49841,3.14096,0.49524,0.00000,0.00000,
26.08,1,-0.87574,2.50110,-3.14087,0.47816,0.00413,0.12671,0.08914
26.08,2,0.22736,2.48396,3.13444,0.55526,-0.02328,0.10324,0.14350
26.1,0,-2.01235,2.49841,3.14096,0.49524,0.00000,0.00000,
26.1,1,-0.88433,2.50110,-3.14078,0.39813,0.00435,0.12803,0.09905
26.1,2,0.21676,2.48403,3.13396,0.50993,-0.02462,0.10122,0.15208
26.12,0,-2.02225,2.49842,3.14096,0.49524,0.00000,0.00000,
26.12,1,-0.89281,2.50110,-3.14079,0.40750,-0.01377,0.12945,0.00990
26.12,2,0.20641,2.48411,3.13351,0.52208,-0.02123,0.09935,0.16057
26.14,0,-2.03173,2.49843,3.14095,0.46225,-0.00010,0.00000,
26.14,1,-0.90167,2.50110,-3.14122,0.47612,-0.01441,0.13006,0.01938
26.14,2,0.19599,2.48420,3.13310,0.51740,-0.02023,0.09780,0.16943
26.16,0,-2.04110,2.49843,3.14095,0.47245,0.00006,0.00000,
26.16,1,-0.91131,2.50109,-3.14123,0.52934,0.00853,0.12979,0.02875
26.16,2,0.18579,2.48429,3.13269,0.50393,-0.02025,0.09724,0.17907
26.18,0,-2.05058,2.49844,3.14095,0.47411,0.00003,0.00000,
26.18,1,-0.92206,2.50107,-3.14104,0.53450,0.00752,0.12853,0.03823
26.18,2,0.17583,2.48437,3.13229,0.49430,-0.01986,0.09801,0.18981
26.2,0,-2.05990,2.49845,3.14096,0.49157,-0.00003,0.00000,
26.2,1,-0.93296,2.50107,-3.14095,0.54419,0.00272,0.12694,0.04755
26.2,2,0.16644,2.48446,3.13187,0.45598,-0.02092,0.09953,0.20072
26.22,0,-2.07006,2.49845,3.14095,0.51367,-0.00005,0.00000,
26.22,1,-0.94705,2.50106,-3.14093,0.77384,0.00124,0.12302,0.01016
26.22,2,0.15636,2.48456,3.13160,0.53618,0.01429,0.10353,0.00767
26.24,0,-2.08022,2.49846,3.14095,0.50131,0.00001,0.00000,
26.24,1,-0.96066,2.50105,-3.14088,0.63148,0.00256,0.11957,0.02032
26.24,2,0.14577,2.48464,3.13211,0.49150,0.10565,0.10655,0.02128
26.26,0,-2.09006,2.49846,3.14096,0.50210,0.00000,0.00000,
26.26,1,-0.97275,2.50104,-3.14083,0.57689,0.00303,0.11732,0.03017
26.26,2,0.13445,2.48471,3.13559,0.68422,0.12162,0.10732,0.03337
26.28,0,-2.10025,2.49847,3.14096,0.51267,-0.00002,0.00000,
26.28,1,-0.98101,2.50103,-3.14074,0.38140,0.00434,0.11925,0.04036
26.28,2,0.11920,2.48483,3.13584,0.74420,-0.04462,0.10033,0.04163
26.3,0,-2.11048,2.49848,3.14096,0.50945,0.00000,0.00000,
26.3,1,-0.98876,2.50102,-3.14066,0.40313,0.00334,0.12172,0.05058
26.3,2,0.10403,2.48492,3.13472,0.74657,-0.05473,0.09292,0.04938
26.32,0,-2.12062,2.49848,3.14096,0.50545,0.00001,0.00000,
26.32,1,-0.99692,2.50101,-3.14061,0.42190,0.00237,0.12371,0.06072
26.32,2,0.09186,2.48501,3.13500,0.45826,0.15000,0.08890,0.00401
26.34,0,-2.13049,2.49849,3.14095,0.46731,-0.00019,0.00000,
26.34,1,-1.00663,2.50100,-3.14056,0.51529,0.00297,0.12387,0.07059
26.34,2,0.08315,2.48509,3.13799,0.34970,0.14759,0.08990,0.01372
26.36,0,-2.13998,2.49850,3.14095,0.47992,0.00004,0.00000,
26.36,1,-1.01673,2.50099,-3.14050,0.48637,0.00303,0.12325,0.08008
26.36,2,0.07615,2.48490,3.14081,0.35102,0.14381,0.09300,0.02382
26.38,0,-2.14965,2.49850,3.14095,0.48500,0.00005,0.00000,
26.38,1,-1.02596,2.50098,-3.14044,0.44597,0.00277,0.12369,0.08975
26.38,2,0.06897,2.48469,-3.14102,0.36717,-0.00750,0.09505,0.03305
26.4,0,-2.15933,2.49851,3.14095,0.48249,-0.00000,0.00000,
26.4,1,-1.03477,2.50097,-3.14038,0.43996,0.00263,0.12456,0.09943
26.4,2,0.06181,2.48474,3.14114,0.37208,-0.06478,0.09670,0.04186
26.42,0,-2.16895,2.49852,3.14095,0.48016,-0.00001,0.00000,
26.42,1,-1.04367,2.50096,-3.14039,0.40202,-0.00147,0.12528,0.00962
26.42,2,0.05366,2.48481,3.14011,0.36721,-0.04740,0.09745,0.00414
26.44,0,-2.17845,2.49852,3.14096,0.48615,0.00001,0.00000,
26.44,1,-1.05225,2.50095,-3.14038,0.46697,0.00162,0.12620,0.01912
26.44,2,0.04738,2.48482,-3.14159,0.31817,0.19619,0.09976,0.01272
26.46,0,-2.18841,2.49853,3.14095,0.50281,-0.00002,0.00000,
26.46,1,-1.06236,2.50094,-3.14033,0.52335,0.00279,0.12605,0.02908
26.46,2,0.03994,2.48474,-3.13786,0.42200,0.09209,0.10242,0.02282
26.48,0,-2.19833,2.49853,3.14096,0.50362,0.00000,0.00000,
26.48,1,-1.07270,2.50093,-3.14028,0.50523,0.00206,0.12563,0.03900
26.48,2,0.03087,2.48473,-3.13839,0.44691,-0.09052,0.10368,0.03317
26.5,0,-2.20854,2.49854,3.14095,0.51308,-0.00002,0.00000,
26.5,1,-1.08246,2.50091,-3.14025,0.47696,0.00173,0.12608,0.04922
26.5,2,0.02192,2.48472,-3.14015,0.47008,-0.06495,0.10450,0.04293
26.52,0,-2.21876,2.49855,3.14095,0.50769,0.00000,0.00000,
26.52,1,-1.09115,2.50090,-3.14024,0.37777,-0.00048,0.12761,0.01021
26.52,2,0.01175,2.48471,-3.14085,0.59549,-0.01631,0.10302,0.00382
26.54,0,-2.22885,2.49855,3.14095,0.50340,0.00001,0.00000,
26.54,1,-1.09894,2.50089,-3.14024,0.37772,0.00130,0.12991,0.02031
26.54,2,-0.00028,2.48471,-3.14117,0.55549,-0.02182,0.09879,0.01162
26.56,0,-2.23892,2.49856,3.14095,0.50378,0.00000,0.00000,
26.56,1,-1.10799,2.50088,-3.14021,0.50110,0.00155,0.13094,0.03038
26.56,2,-0.01054,2.48471,3.14141,0.47964,-0.03430,0.09756,0.02066
26.58,0,-2.24886,2.49857,3.14095,0.46656,-0.00021,0.00000,
26.58,1,-1.11761,2.50086,-3.14019,0.48160,0.00118,0.13125,0.04031
26.58,2,-0.01871,2.48471,3.14073,0.30319,-0.03338,0.09902,0.03028
26.6,0,-2.25831,2.49857,3.14095,0.47805,0.00003,0.00000,
26.6,1,-1.12840,2.50085,-3.14016,0.56708,0.00179,0.12991,0.04977
26.6,2,-0.02492,2.48471,3.14009,0.32119,-0.02955,0.10360,0.04108
26.62,0,-2.26795,2.49858,3.14095,0.48340,0.00006,0.00000,
26.62,1,-1.13957,2.50083,-3.14012,0.54136,0.00150,0.12838,0.05940
26.62,2,-0.03194,2.48473,3.13955,0.35583,-0.02527,0.10775,0.05224
26.64,0,-2.27760,2.49859,3.14095,0.48129,-0.00000,0.00000,
26.64,1,-1.14992,2.50082,-3.14010,0.50229,0.00130,0.12768,0.06905
26.64,2,-0.03933,2.48474,3.13903,0.42137,-0.02675,0.11071,0.06260
26.66,0,-2.28716,2.49859,3.14095,0.46052,0.00008,0.00000,
26.66,1,-1.15946,2.50080,-3.14006,0.42122,0.00229,0.12770,0.07861
26.66,2,-0.04831,2.48476,3.13850,0.45107,-0.02630,0.11127,0.07213
26.68,0,-2.29669,2.49860,3.14096,0.50281,-0.00002,0.00000,
26.68,1,-1.16821,2.50079,-3.14003,0.45103,0.00120,0.12849,0.08815
26.68,2,-0.05685,2.48479,3.13799,0.40633,-0.02546,0.11147,0.08088
26.7,0,-2.30703,2.49860,3.14095,0.52054,-0.00004,0.00000,
26.7,1,-1.17736,2.50077,-3.14001,0.45763,0.00100,0.12967,0.09848
26.7,2,-0.06466,2.48482,3.13749,0.38298,-0.02443,0.11281,0.09003
26.72,0,-2.31731,2.49861,3.14095,0.50750,0.00001,0.00000,
26.72,1,-1.18678,2.50076,-3.14006,0.42480,-0.00447,0.13053,0.01028
26.72,2,-0.07347,2.48485,3.13706,0.57885,-0.01359,0.11343,0.00441
26.74,0,-2.32734,2.49862,3.14095,0.49867,0.00001,0.00000,
26.74,1,-1.19637,2.50075,-3.14010,0.52619,0.00058,0.13098,0.02031
26.74,2,-0.08560,2.48489,3.13582,0.54304,-0.12221,0.11088,0.01399
26.76,0,-2.33732,2.49862,3.14095,0.50003,0.00000,0.00000,
26.76,1,-1.20720,2.50073,-3.14006,0.54785,0.00179,0.13012,0.03029
26.76,2,-0.09662,2.48497,3.13268,0.55119,-0.11607,0.11069,0.02483
26.78,0,-2.34736,2.49863,3.14095,0.50299,0.00000,0.00000,
26.78,1,-1.21857,2.50071,-3.14003,0.57247,0.00101,0.12878,0.04033
26.78,2,-0.10696,2.48505,3.13190,0.41795,-0.00840,0.11172,0.03620
26.8,0,-2.35742,2.49864,3.14095,0.50341,0.00000,0.00000,
26.8,1,-1.22972,2.50069,-3.14002,0.54245,0.00058,0.12771,0.05040
26.8,2,-0.11555,2.48515,3.13164,0.44027,-0.04776,0.11428,0.04734
26.82,0,-2.36680,2.49864,3.14095,0.47338,-0.00000,0.00000,
26.82,1,-1.24319,2.50068,-3.14003,0.73519,-0.00103,0.12361,0.00937
26.82,2,-0.12456,2.48525,3.13057,0.45503,-0.03811,0.11874,0.06081
26.84,0,-2.37636,2.49865,3.14095,0.48055,0.00006,0.00000,
26.84,1,-1.25642,2.50065,-3.14004,0.58202,-0.00004,0.11994,0.01893
26.84,2,-0.13342,2.48533,3.13032,0.40857,0.00450,0.12311,0.07405
26.86,0,-2.38597,2.49865,3.14095,0.47966,0.00001,0.00000,
26.86,1,-1.26733,2.50064,-3.14003,0.52843,0.00081,0.11864,0.02854
26.86,2,-0.14241,2.48543,3.13038,0.47571,-0.00184,0.12502,0.08495
26.88,0,-2.39542,2.49866,3.14095,0.47297,0.00003,0.00000,
26.88,1,-1.27572,2.50062,-3.13999,0.39007,0.00259,0.11969,0.03799
26.88,2,-0.15202,2.48553,3.13023,0.47521,-0.00989,0.12381,0.09335
26.9,0,-2.40509,2.49867,3.14096,0.48563,0.00004,0.00000,
26.9,1,-1.28381,2.50060,-3.13995,0.42779,0.00092,0.12128,0.04767
26.9,2,-0.16121,2.48564,3.13005,0.44737,-0.00823,0.12270,0.10143
26.92,0,-2.41519,2.49867,3.14096,0.51440,-0.00003,0.00000,
26.92,1,-1.29261,2.50059,-3.13995,0.43179,-0.00070,0.12258,0.05776
26.92,2,-0.17014,2.48574,3.13002,0.39532,0.01790,0.12257,0.00435
26.94,0,-2.42546,2.49868,3.14095,0.51030,-0.00001,0.00000,
26.94,1,-1.30229,2.50057,-3.13995,0.51023,0.00049,0.12318,0.06804
26.94,2,-0.17590,2.48584,3.12937,0.26126,-0.04669,0.12648,0.01403
26.96,0,-2.43555,2.49869,3.14095,0.50071,0.00001,0.00000,
26.96,1,-1.31228,2.50055,-3.13994,0.49508,0.00059,0.12327,0.07813
26.96,2,-0.17968,2.48597,3.12769,0.16303,-0.21779,0.13270,0.02403
26.98,0,-2.44554,2.49869,3.14095,0.49923,0.00001,0.00000,
26.98,1,-1.32203,2.50054,-3.13993,0.47865,0.00043,0.12351,0.08811
26.98,2,-0.18477,2.48613,3.12231,0.31915,-0.18227,0.13734,0.03377
27.0,0,-2.45555,2.49870,3.14095,0.50163,0.00000,0.00000,
27.0,1,-1.33142,2.50052,-3.13992,0.46361,0.00031,0.12414,0.09812
27.0,2,-0.19149,2.48627,3.12096,0.34906,-0.03610,0.14001,0.04316
27.02,0,-2.46560,2.49871,3.14096,0.50272,0.00000,0.00000,
27.02,1,-1.34040,2.50051,-3.13991,0.38874,0.00141,0.12520,0.10817
27.02,2,-0.19889,2.48641,3.11483,0.40809,-0.79463,0.14159,0.00437
27.04,0,-2.47565,2.49871,3.14096,0.50232,0.00000,0.00000,
27.04,1,-1.34840,2.50049,-3.13990,0.41017,0.00027,0.12725,0.11822
27.04,2,-0.20736,2.48646,3.10675,0.46069,-0.03934,0.14112,0.01237
27.06,0,-2.48554,2.49872,3.14095,0.46382,-0.00021,0.00000,
27.06,1,-1.35672,2.50048,-3.13989,0.41676,0.00004,0.12882,0.12811
27.06,2,-0.21791,2.48671,3.10990,0.55858,0.19923,0.13889,0.02069
27.08,0,-2.49493,2.49872,3.14095,0.47493,0.00003,0.00000,
27.08,1,-1.36493,2.50046,-3.13989,0.40433,0.00029,0.13000,0.13750
27.08,2,-0.22886,2.48700,3.11227,0.52758,0.04880,0.13615,0.02890
27.1,0,-2.50451,2.49873,3.14095,0.48059,0.00006,0.00000,
27.1,1,-1.37275,2.50045,-3.13989,0.40580,0.00035,0.13176,0.14708
27.1,2,-0.23889,2.48727,3.11245,0.48565,-0.00104,0.13394,0.03672
27.12,0,-2.51410,2.49874,3.14095,0.47869,0.00000,0.00000,
27.12,1,-1.38111,2.50044,-3.13988,0.42076,0.00039,0.13299,0.15668
27.12,2,-0.24849,2.48754,3.11277,0.48018,0.03123,0.13269,0.04508
27.14,0,-2.52344,2.49874,3.14096,0.47854,0.00003,0.00000,
27.14,1,-1.38936,2.50042,-3.13987,0.40399,0.00026,0.13407,0.16601
27.14,2,-0.25716,2.48781,3.11338,0.42683,0.03654,0.13228,0.05333
27.16,0,-2.53352,2.49875,3.14096,0.51703,-0.00005,0.00000,
27.16,1,-1.39727,2.50041,-3.13987,0.38990,0.00023,0.13625,0.17609
27.16,2,-0.26593,2.48806,3.11419,0.44426,0.03976,0.13141,0.06124
27.18,0,-2.54384,2.49876,3.14095,0.51130,-0.00000,0.00000,
27.18,1,-1.40501,2.50040,-3.13986,0.38580,0.00025,0.13883,0.18641
27.18,2,-0.27459,2.48831,3.11493,0.41110,0.03724,0.13048,0.06898
27.2,0,-2.55391,2.49876,3.14095,0.49842,0.00002,0.00000,
27.2,1,-1.41229,2.50038,-3.13985,0.32739,0.00100,0.14162,0.19649
27.2,2,-0.28331,2.48854,3.11554,0.45148,0.02756,0.12904,0.07626
27.22,0,-2.56384,2.49877,3.14096,0.49651,0.00001,0.00000,
27.22,1,-1.42083,2.50037,-3.13988,0.43298,-0.00249,0.14302,0.00993
27.22,2,-0.29235,2.48878,3.11610,0.44711,0.02897,0.12853,0.08480
27.24,0,-2.57381,2.49878,3.14096,0.49975,0.00000,0.00000,
27.24,1,-1.42874,2.50036,-3.13994,0.38078,-0.00349,0.14507,0.01990
27.24,2,-0.30106,2.48900,3.11670,0.42691,0.02997,0.12773,0.09271
27.26,0,-2.58382,2.49878,3.14096,0.50120,0.00000,0.00000,
27.26,1,-1.43878,2.50034,-3.14001,0.57918,-0.00237,0.14504,0.02991
27.26,2,-0.30948,2.48921,3.11728,0.41752,0.02849,0.12936,0.10276
27.28,0,-2.59384,2.49879,3.14096,0.50066,0.00000,0.00000,
27.28,1,-1.45075,2.50033,-3.14002,0.58855,0.00026,0.14309,0.03993
27.28,2,-0.31779,2.48941,3.11783,0.41475,0.02708,0.13301,0.11472
27.3,0,-2.60385,2.49879,3.14096,0.50008,0.00000,0.00000,
27.3,1,-1.46178,2.50031,-3.14001,0.52341,0.00022,0.14207,0.04994
27.3,2,-0.32604,2.48961,3.11837,0.40996,0.02627,0.13580,0.12575
27.32,0,-2.61385,2.49880,3.14096,0.50008,0.00000,0.00000,
27.32,1,-1.47192,2.50030,-3.14002,0.50075,-0.00047,0.14193,0.05994
27.32,2,-0.33561,2.48980,3.11911,0.66886,0.07646,0.13636,0.00502
27.34,0,-2.62335,2.49881,3.14095,0.46768,-0.00007,0.00000,
27.34,1,-1.48148,2.50028,-3.14002,0.43636,0.00036,0.14187,0.06944
27.34,2,-0.34934,2.48999,3.12090,0.61319,0.10482,0.13218,0.01458
27.36,0,-2.63283,2.49881,3.14095,0.47757,0.00007,0.00000,
27.36,1,-1.49054,2.50026,-3.14002,0.46431,-0.00051,0.14229,0.07892
27.36,2,-0.36088,2.49020,3.12310,0.57588,0.10287,0.12970,0.02364
27.38,0,-2.64240,2.49882,3.14095,0.47850,0.00002,0.00000,
27.38,1,-1.49987,2.50025,-3.14003,0.46379,-0.00049,0.14253,0.08849
27.38,2,-0.37124,2.49047,3.12407,0.42244,0.01186,0.12867,0.03297
27.4,0,-2.65173,2.49883,3.14096,0.46434,0.00008,0.00000,
27.4,1,-1.50878,2.50024,-3.14005,0.45665,-0.00030,0.14295,0.09782
27.4,2,-0.38027,2.49065,3.12426,0.47407,0.01249,0.12855,0.04188
27.42,0,-2.66162,2.49883,3.14096,0.51243,-0.00006,0.00000,
27.42,1,-1.51713,2.50022,-3.14010,0.36908,-0.00402,0.14449,0.00989
27.42,2,-0.38884,2.49081,3.12463,0.30175,0.02548,0.12834,0.00369
27.44,0,-2.67193,2.49884,3.14095,0.51282,-0.00001,0.00000,
27.44,1,-1.52493,2.50021,-3.14017,0.43202,-0.00184,0.14700,0.02021
27.44,2,-0.39423,2.49092,3.12513,0.30607,0.02176,0.13074,0.01149
27.46,0,-2.68203,2.49884,3.14096,0.49883,0.00002,0.00000,
27.46,1,-1.53477,2.50020,-3.14018,0.52700,0.00031,0.14726,0.03030
27.46,2,-0.40213,2.49105,3.12548,0.45590,0.01454,0.13268,0.02133
27.48,0,-2.69194,2.49885,3.14096,0.49482,0.00001,0.00000,
27.48,1,-1.54535,2.50018,-3.14017,0.51813,0.00004,0.14659,0.04022
27.48,2,-0.41167,2.49121,3.12576,0.47504,0.01460,0.13371,0.03191
27.5,0,-2.70187,2.49886,3.14096,0.49780,0.00000,0.00000,
27.5,1,-1.55527,2.50017,-3.14018,0.48002,-0.00052,0.14660,0.05014
27.5,2,-0.42065,2.49135,3.12607,0.42707,0.01604,0.13465,0.04182
27.52,0,-2.71185,2.49886,3.14096,0.49980,0.00000,0.00000,
27.52,1,-1.56416,2.50016,-3.14022,0.39280,-0.00325,0.14769,0.00998
27.52,2,-0.42889,2.49148,3.12639,0.40605,0.01543,0.13530,0.05072
27.54,0,-2.72185,2.49887,3.14096,0.49948,0.00000,0.00000,
27.54,1,-1.57259,2.50014,-3.14027,0.46838,-0.00121,0.14926,0.01998
27.54,2,-0.43704,2.49160,3.12668,0.40969,0.01448,0.13558,0.05914
27.56,0,-2.73183,2.49888,3.14096,0.49881,0.00000,0.00000,
27.56,1,-1.58307,2.50013,-3.14028,0.55368,0.00020,0.14876,0.02996
27.56,2,-0.44525,2.49173,3.12697,0.40948,0.01400,0.13785,0.06962
27.58,0,-2.74180,2.49888,3.14096,0.49871,0.00000,0.00000,
27.58,1,-1.59397,2.50012,-3.14028,0.50335,-0.00054,0.14784,0.03993
27.58,2,-0.45336,2.49184,3.12724,0.40140,0.01362,0.14064,0.08052
27.6,0,-2.75178,2.49889,3.14096,0.49888,0.00000,0.00000,
27.6,1,-1.60438,2.50010,-3.14029,0.53253,-0.00043,0.14740,0.04991
27.6,2,-0.46129,2.49196,3.12751,0.39327,0.01314,0.14312,0.09094
27.62,0,-2.76176,2.49890,3.14096,0.49896,0.00000,0.00000,
27.62,1,-1.61867,2.50009,-3.14032,0.73312,-0.00273,0.14309,0.00998
27.62,2,-0.47069,2.49207,3.12789,0.69178,0.04934,0.14801,0.00775
27.64,0,-2.77173,2.49890,3.14096,0.49893,0.00000,0.00000,
27.64,1,-1.63284,2.50008,-3.14038,0.70840,-0.00304,0.13890,0.01996
27.64,2,-0.48327,2.49218,3.12904,0.58272,0.06359,0.14959,0.02192
27.66,0,-2.78135,2.49891,3.14095,0.46419,-0.00012,0.00000,
27.66,1,-1.64634,2.50006,-3.14042,0.62832,-0.00064,0.13501,0.02957
27.66,2,-0.49492,2.49229,3.13031,0.58272,0.06373,0.15144,0.03542
27.68,0,-2.79076,2.49891,3.14095,0.47503,0.00006,0.00000,
27.68,1,-1.65595,2.50005,-3.14040,0.44769,0.00059,0.13481,0.03898
27.68,2,-0.50720,2.49243,3.13114,0.69302,0.01768,0.14878,0.04503
27.7,0,-2.80030,2.49892,3.14096,0.47764,0.00004,0.00000,
27.7,1,-1.66531,2.50004,-3.14041,0.48181,-0.00068,0.13500,0.04852
27.7,2,-0.52287,2.49261,3.13122,0.83119,-0.00007,0.14246,0.05439
27.72,0,-2.80961,2.49893,3.14096,0.46357,0.00008,0.00000,
27.72,1,-1.67641,2.50002,-3.14045,0.55010,-0.00276,0.13320,0.00931
27.72,2,-0.53844,2.49280,3.13134,0.62129,0.01640,0.13799,0.00560
27.74,0,-2.81949,2.49893,3.14096,0.51156,-0.00006,0.00000,
27.74,1,-1.68741,2.50001,-3.14050,0.54982,-0.00244,0.13208,0.01919
27.74,2,-0.54888,2.49298,3.13290,0.43008,0.09516,0.13855,0.01660
27.76,0,-2.82978,2.49894,3.14096,0.51177,-0.00001,0.00000,
27.76,1,-1.69761,2.50000,-3.14052,0.42884,0.00073,0.13217,0.02948
27.76,2,-0.55536,2.49316,3.13463,0.30827,0.08588,0.14228,0.02680
27.78,0,-2.83986,2.49895,3.14096,0.49775,0.00002,0.00000,
27.78,1,-1.70655,2.49999,-3.14051,0.46208,0.00000,0.13331,0.03956
27.78,2,-0.56175,2.49313,3.13807,0.35095,0.33669,0.14483,0.03574
27.8,0,-2.84975,2.49895,3.14096,0.49379,0.00001,0.00000,
27.8,1,-1.71574,2.49998,-3.14052,0.42559,-0.00087,0.13401,0.04945
27.8,2,-0.56971,2.49305,-3.13999,0.42155,0.12622,0.14605,0.04493
27.82,0,-2.85966,2.49896,3.14096,0.49679,0.00000,0.00000,
27.82,1,-1.72514,2.49996,-3.14053,0.51005,-0.00011,0.13451,0.05936
27.82,2,-0.57983,2.49300,-3.14141,0.53181,-0.15845,0.14533,0.05433
27.84,0,-2.86962,2.49896,3.14096,0.49878,0.00000,0.00000,
27.84,1,-1.73553,2.49995,-3.14053,0.51336,-0.00003,0.13409,0.06932
27.84,2,-0.59020,2.49275,3.14116,0.50179,0.09162,0.14535,0.06472
27.86,0,-2.87959,2.49897,3.14096,0.49846,0.00000,0.00000,
27.86,1,-1.74537,2.49994,-3.14053,0.47557,-0.00022,0.13422,0.07929
27.86,2,-0.60163,2.49270,-3.14027,0.61395,0.04690,0.14376,0.07456
27.88,0,-2.88955,2.49898,3.14096,0.49778,0.00000,0.00000,
27.88,1,-1.75405,2.49993,-3.14053,0.39569,0.00023,0.13551,0.08925
27.88,2,-0.61374,2.49274,-3.14034,0.56466,-0.01904,0.14033,0.08324
27.9,0,-2.89951,2.49898,3.14096,0.49769,0.00000,0.00000,
27.9,1,-1.76227,2.49992,-3.14053,0.42323,-0.00035,0.13723,0.09921
27.9,2,-0.62475,2.49275,-3.14064,0.53994,-0.01355,0.13755,0.09146
27.92,0,-2.90946,2.49899,3.14096,0.49787,0.00000,0.00000,
27.92,1,-1.77203,2.49991,-3.14059,0.48634,-0.00400,0.13744,0.00996
27.92,2,-0.63543,2.49275,-3.14087,0.59749,-0.00603,0.13662,0.00489
27.94,0,-2.91942,2.49900,3.14096,0.49794,0.00000,0.00000,
27.94,1,-1.78135,2.49990,-3.14064,0.50583,-0.00145,0.13807,0.01991
27.94,2,-0.64786,2.49275,-3.14101,0.56988,-0.01042,0.13351,0.01421
27.96,0,-2.92938,2.49900,3.14096,0.49791,0.00000,0.00000,
27.96,1,-1.79242,2.49989,-3.14064,0.57247,0.00060,0.13696,0.02987
27.96,2,-0.65892,2.49274,-3.14129,0.56722,-0.01586,0.13352,0.02528
27.98,0,-2.93934,2.49901,3.14096,0.49788,0.00000,0.00000,
27.98,1,-1.80359,2.49988,-3.14064,0.53972,0.00002,0.13575,0.03983
27.98,2,-0.67021,2.49273,3.14158,0.51730,-0.01499,0.13341,0.03645
28.0,0,-2.94930,2.49902,3.14096,0.49788,0.00000,0.00000,
28.0,1,-1.81395,2.49987,-3.14064,0.50512,-0.00044,0.13535,0.04979
28.0,2,-0.67978,2.49273,3.14130,0.48389,-0.01345,0.13420,0.04681
28.02,0,-2.95925,2.49902,3.14096,0.49789,0.00000,0.00000,
28.02,1,-1.82745,2.49986,-3.14067,0.70764,-0.00220,0.13180,0.00996
28.02,2,-0.69104,2.49274,3.14104,0.76627,-0.01343,0.13643,0.00732
28.04,0,-2.96921,2.49903,3.14096,0.49789,0.00000,0.00000,
28.04,1,-1.84155,2.49986,-3.14072,0.67914,-0.00244,0.12766,0.01992
28.04,2,-0.70512,2.49274,3.14078,0.62352,-0.01251,0.13646,0.02141
28.06,0,-2.97874,2.49903,3.14095,0.46447,-0.00010,0.00000,
28.06,1,-1.85452,2.49984,-3.14074,0.62547,-0.00033,0.12422,0.02944
28.06,2,-0.71759,2.49274,3.14053,0.62352,-0.01251,0.13696,0.03438
28.08,0,-2.98815,2.49904,3.14095,0.47481,0.00007,0.00000,
28.08,1,-1.86392,2.49984,-3.14073,0.44953,0.00062,0.12423,0.03886
28.08,2,-0.72964,2.49275,3.14029,0.59832,-0.01185,0.13430,0.04378
28.1,0,-2.99768,2.49905,3.14096,0.47653,0.00003,0.00000,
28.1,1,-1.87302,2.49983,-3.14072,0.46405,-0.00002,0.12466,0.04838
28.1,2,-0.74244,2.49277,3.14007,0.62533,-0.01037,0.13060,0.05289
28.12,0,-3.00696,2.49905,3.14096,0.47597,0.00003,0.00000,
28.12,1,-1.88247,2.49982,-3.14073,0.47560,-0.00046,0.12449,0.05767
28.12,2,-0.75495,2.49278,3.13986,0.62533,-0.01036,0.12755,0.06234
28.14,0,-3.01699,2.49906,3.14096,0.51417,-0.00006,0.00000,
28.14,1,-1.89169,2.49981,-3.14074,0.45473,-0.00041,0.12530,0.06769
28.14,2,-0.76776,2.49280,3.13968,0.65657,-0.00894,0.12395,0.07155
28.16,0,-3.02725,2.49907,3.14096,0.50808,-0.00000,0.00000,
28.16,1,-1.90124,2.49980,-3.14074,0.48883,-0.00009,0.12601,0.07795
28.16,2,-0.78029,2.49283,3.13948,0.63149,-0.01007,0.12098,0.08110
28.18,0,-3.03726,2.49907,3.14096,0.49518,0.00002,0.00000,
28.18,1,-1.91093,2.49979,-3.14075,0.47663,-0.00016,0.12632,0.08796
28.18,2,-0.79293,2.49286,3.13927,0.62829,-0.01012,0.11803,0.09080
28.2,0,-3.04712,2.49908,3.14096,0.49338,0.00001,0.00000,
28.2,1,-1.92023,2.49979,-3.14075,0.45648,-0.00023,0.12690,0.09783
28.2,2,-0.80530,2.49288,3.13908,0.60995,-0.00956,0.11496,0.10009
28.22,0,-3.05703,2.49908,3.14096,0.49665,0.00000,0.00000,
28.22,1,-1.92947,2.49978,-3.14079,0.41954,-0.00301,0.12756,0.00990
28.22,2,-0.81739,2.49291,3.13892,0.68424,-0.00228,0.11210,0.00432
28.24,0,-3.06698,2.49909,3.14096,0.49809,0.00000,0.00000,
28.24,1,-1.93835,2.49977,-3.14083,0.47978,-0.00057,0.12863,0.01986
28.24,2,-0.83170,2.49294,3.13890,0.68701,-0.00028,0.10667,0.01320
28.26,0,-3.07694,2.49910,3.14096,0.49753,0.00000,0.00000,
28.26,1,-1.94867,2.49976,-3.14082,0.53365,0.00029,0.12827,0.02981
28.26,2,-0.84424,2.49298,3.13889,0.59751,-0.00249,0.10446,0.02352
28.28,0,-3.08688,2.49910,3.14096,0.49695,0.00000,0.00000,
28.28,1,-1.95923,2.49976,-3.14082,0.51623,-0.00023,0.12765,0.03976
28.28,2,-0.85357,2.49302,3.13875,0.37229,-0.00917,0.10568,0.03408
28.3,0,-3.09682,2.49911,3.14096,0.49696,0.00000,0.00000,
28.3,1,-1.96922,2.49975,-3.14083,0.48863,-0.00043,0.12760,0.04970
28.3,2,-0.86104,2.49306,3.13857,0.37889,-0.00820,0.10820,0.04407
28.32,0,-3.10676,2.49912,3.14096,0.49713,0.00000,0.00000,
28.32,1,-1.97888,2.49974,-3.14084,0.48080,-0.00031,0.12788,0.05964
28.32,2,-0.86905,2.49309,3.13846,0.33948,-0.00260,0.10985,0.00481
28.34,0,-3.11670,2.49912,3.14096,0.49717,0.00000,0.00000,
28.34,1,-1.98848,2.49973,-3.14084,0.47940,-0.00025,0.12822,0.06958
28.34,2,-0.87437,2.49311,3.13842,0.26896,-0.00210,0.11413,0.01442
28.36,0,-3.12665,2.49913,3.14096,0.49713,0.00000,0.00000,
28.36,1,-1.99801,2.49973,-3.14085,0.47329,-0.00026,0.12863,0.07952
28.36,2,-0.88153,2.49314,3.13834,0.43602,-0.00500,0.11651,0.02395
28.38,0,-3.13659,2.49913,3.14096,0.49711,0.00000,0.00000,
28.38,1,-2.00680,2.49972,-3.14085,0.43819,-0.00024,0.12979,0.08947
28.38,2,-0.89074,2.49317,3.13824,0.47219,-0.00508,0.11608,0.03274
28.4,0,-3.14653,2.49914,3.14096,0.49712,0.00000,0.00000,
28.4,1,-2.01561,2.49971,-3.14086,0.44078,-0.00032,0.13092,0.09941
28.4,2,-0.90114,2.49320,3.13812,0.53698,-0.00630,0.11449,0.04155
28.42,0,-3.15647,2.49915,3.14096,0.49712,0.00000,0.00000,
28.42,1,-2.02435,2.49971,-3.14086,0.43280,-0.00025,0.13212,0.10935
28.42,2,-0.91154,2.49324,3.13800,0.49939,-0.00553,0.11283,0.05029
28.44,0,-3.16642,2.49915,3.14096,0.49712,0.00000,0.00000,
28.44,1,-2.03290,2.49970,-3.14087,0.42315,-0.00022,0.13352,0.11929
28.44,2,-0.92109,2.49327,3.13790,0.46507,-0.00499,0.11183,0.05883
28.46,0,-3.17636,2.49916,3.14096,0.49712,0.00000,0.00000,
28.46,1,-2.04129,2.49969,-3.14087,0.41660,-0.00023,0.13507,0.12923
28.46,2,-0.93033,2.49331,3.13780,0.46182,-0.00499,0.11098,0.06722
28.48,0,-3.18630,2.49917,3.14096,0.49712,0.00000,0.00000,
28.48,1,-2.04956,2.49969,-3.14088,0.41123,-0.00022,0.13674,0.13918
28.48,2,-0.93852,2.49334,3.13767,0.41083,-0.00554,0.11106,0.07549
28.5,0,-3.19624,2.49917,3.14096,0.49712,0.00000,0.00000,
28.5,1,-2.05772,2.49968,-3.14088,0.40524,-0.00021,0.13852,0.14912
28.5,2,-0.94694,2.49337,3.13758,0.42506,-0.00397,0.11079,0.08365
28.52,0,-3.20619,2.49918,3.14096,0.49712,0.00000,0.00000,
28.52,1,-2.06898,2.49968,-3.14093,0.57406,-0.00382,0.13720,0.00994
28.52,2,-0.95535,2.49341,3.13750,0.41446,-0.00424,0.11365,0.09491
28.54,0,-3.21613,2.49919,3.14096,0.49712,0.00000,0.00000,
28.54,1,-2.08046,2.49967,-3.14101,0.57406,-0.00383,0.13567,0.01988
28.54,2,-0.96331,2.49344,3.13742,0.40385,-0.00427,0.11717,0.10640
28.56,0,-3.22552,2.49919,3.14096,0.46624,-0.00005,0.00000,
28.56,1,-2.09158,2.49966,-3.14106,0.55713,-0.00111,0.13393,0.02927
28.56,2,-0.97173,2.49348,3.13733,0.42837,-0.00458,0.11987,0.11752
28.58,0,-3.23495,2.49920,3.14096,0.47520,0.00007,0.00000,
28.58,1,-2.10173,2.49966,-3.14105,0.45880,0.00056,0.13322,0.03871
28.58,2,-0.98019,2.49351,3.13724,0.41477,-0.00411,0.12156,0.12767
28.6,0,-3.24447,2.49920,3.14096,0.47538,0.00002,0.00000,
28.6,1,-2.11123,2.49965,-3.14105,0.48527,-0.00029,0.13324,0.04823
28.6,2,-0.98828,2.49355,3.13717,0.39824,-0.00387,0.12297,0.13717
28.62,0,-3.25381,2.49921,3.14096,0.49263,-0.00003,0.00000,
28.62,1,-2.12258,2.49964,-3.14107,0.55833,-0.00158,0.13123,0.00934
28.62,2,-0.99617,2.49358,3.13709,0.39265,-0.00380,0.12643,0.14851
28.64,0,-3.26400,2.49922,3.14096,0.51492,-0.00005,0.00000,
28.64,1,-2.13375,2.49963,-3.14111,0.55745,-0.00139,0.13025,0.01953
28.64,2,-1.00400,2.49362,3.13701,0.38986,-0.00370,0.12976,0.15968
28.66,0,-3.27418,2.49922,3.14096,0.50281,0.00001,0.00000,
28.66,1,-2.14401,2.49963,-3.14112,0.42741,0.00025,0.13017,0.02971
28.66,2,-1.01076,2.49365,3.13691,0.34322,-0.00385,0.13327,0.16995
28.68,0,-3.28411,2.49923,3.14096,0.49291,0.00001,0.00000,
28.68,1,-2.15288,2.49962,-3.14111,0.45826,-0.00006,0.13123,0.03964
28.68,2,-1.01775,2.49368,3.13685,0.35129,-0.00264,0.13515,0.17881
28.7,0,-3.29397,2.49924,3.14096,0.49370,0.00000,0.00000,
28.7,1,-2.16218,2.49962,-3.14112,0.44801,-0.00037,0.13179,0.04950
28.7,2,-1.02469,2.49372,3.13680,0.34230,-0.00310,0.13751,0.18811
28.72,0,-3.30388,2.49924,3.14096,0.49682,0.00000,0.00000,
28.72,1,-2.17129,2.49962,-3.14112,0.48767,-0.00019,0.13259,0.05941
28.72,2,-1.03262,2.49375,3.13681,0.56282,0.01453,0.13868,0.00474
28.74,0,-3.31382,2.49925,3.14096,0.49745,0.00000,0.00000,
28.74,1,-2.18129,2.49961,-3.14113,0.49834,-0.00010,0.13254,0.06935
28.74,2,-1.04326,2.49378,3.13714,0.53182,0.01601,0.13804,0.01474
28.76,0,-3.32377,2.49925,3.14096,0.49671,0.00000,0.00000,
28.76,1,-2.19093,2.49961,-3.14113,0.46787,-0.00017,0.13284,0.07930
28.76,2,-1.05334,2.49383,3.13736,0.46194,-0.01816,0.13760,0.02438
28.78,0,-3.33369,2.49926,3.14096,0.49632,0.00000,0.00000,
28.78,1,-2.20007,2.49960,-3.14113,0.45159,-0.00018,0.13363,0.08922
28.78,2,-1.06284,2.49390,3.13639,0.41334,-0.05003,0.13724,0.03352
28.8,0,-3.34362,2.49927,3.14096,0.49643,0.00000,0.00000,
28.8,1,-2.20900,2.49960,-3.14114,0.41317,-0.00001,0.13462,0.09915
28.8,2,-1.07130,2.49394,3.13597,0.44863,0.00231,0.13772,0.04246
28.82,0,-3.35355,2.49927,3.14096,0.49657,0.00000,0.00000,
28.82,1,-2.21683,2.49959,-3.14114,0.40194,-0.00015,0.13672,0.10908
28.82,2,-1.08015,2.49398,3.13622,0.39610,0.01638,0.13670,0.00397
28.84,0,-3.36348,2.49928,3.14096,0.49658,0.00000,0.00000,
28.84,1,-2.22500,2.49959,-3.14114,0.40969,-0.00023,0.13848,0.11901
28.84,2,-1.08865,2.49403,3.13639,0.45968,0.00128,0.13637,0.01214
28.86,0,-3.37342,2.49929,3.14096,0.49654,0.00000,0.00000,
28.86,1,-2.23300,2.49959,-3.14115,0.37128,-0.00024,0.14042,0.12895
28.86,2,-1.09819,2.49407,3.13634,0.47922,-0.00306,0.13482,0.02014
28.88,0,-3.38335,2.49929,3.14096,0.49653,0.00000,0.00000,
28.88,1,-2.24090,2.49958,-3.14115,0.41135,-0.00010,0.14245,0.13888
28.88,2,-1.10748,2.49412,3.13632,0.45139,0.00048,0.13343,0.02804
28.9,0,-3.39328,2.49930,3.14096,0.49654,0.00000,0.00000,
28.9,1,-2.24920,2.49958,-3.14115,0.41259,-0.00012,0.14407,0.14881
28.9,2,-1.11627,2.49417,3.13635,0.43322,0.00146,0.13294,0.03634
28.92,0,-3.40321,2.49930,3.14096,0.49654,0.00000,0.00000,
28.92,1,-2.25725,2.49958,-3.14115,0.39403,-0.00014,0.14596,0.15874
28.92,2,-1.12445,2.49421,3.13635,0.36906,-0.00176,0.13282,0.04439
28.94,0,-3.41314,2.49931,3.14096,0.49654,0.00000,0.00000,
28.94,1,-2.26500,2.49957,-3.14116,0.38383,-0.00013,0.14814,0.16867
28.94,2,-1.13210,2.49426,3.13634,0.39212,0.00105,0.13292,0.05214
28.96,0,-3.42307,2.49932,3.14096,0.49654,0.00000,0.00000,
28.96,1,-2.27264,2.49957,-3.14116,0.38101,-0.00012,0.15043,0.17860
28.96,2,-1.13999,2.49430,3.13637,0.39287,0.00118,0.13266,0.05978
28.98,0,-3.43300,2.49932,3.14096,0.49654,0.00000,0.00000,
28.98,1,-2.28022,2.49957,-3.14116,0.37703,-0.00012,0.15278,0.18853
28.98,2,-1.14756,2.49434,3.13639,0.34774,0.00184,0.13268,0.06736
29.0,0,-3.44293,2.49933,3.14096,0.49654,0.00000,0.00000,
29.0,1,-2.28710,2.49956,-3.14116,0.32143,0.00001,0.15583,0.19846
29.0,2,-1.15521,2.49438,3.13641,0.40573,0.00002,0.13190,0.07424
29.02,0,-3.45286,2.49934,3.14096,0.49654,0.00000,0.00000,
29.02,1,-2.29371,2.49956,-3.14116,0.33604,-0.00017,0.15915,0.20839
29.02,2,-1.16410,2.49442,3.13643,0.53071,0.00532,0.12962,0.00334
29.04,0,-3.46279,2.49934,3.14096,0.49654,0.00000,0.00000,
29.04,1,-2.30042,2.49956,-3.14117,0.33275,-0.00014,0.16237,0.21832
29.04,2,-1.17469,2.49448,3.13657,0.50098,0.00559,0.12574,0.01005
29.06,0,-3.47272,2.49935,3.14096,0.49654,0.00000,0.00000,
29.06,1,-2.30681,2.49955,-3.14117,0.31480,-0.00013,0.16591,0.22825
29.06,2,-1.18417,2.49453,3.13660,0.44615,-0.00070,0.12265,0.01645
29.08,0,-3.48265,2.49936,3.14096,0.49654,0.00000,0.00000,
29.08,1,-2.31346,2.49955,-3.14117,0.34176,-0.00007,0.16919,0.23818
29.08,2,-1.19115,2.49457,3.13653,0.31394,-0.00320,0.12232,0.02310
29.1,0,-3.49258,2.49936,3.14096,0.49654,0.00000,0.00000,
29.1,1,-2.32026,2.49955,-3.14117,0.33453,-0.00009,0.17233,0.24811
29.1,2,-1.19789,2.49462,3.13650,0.35312,0.00182,0.12238,0.02989
29.12,0,-3.50252,2.49937,3.14096,0.49654,0.00000,0.00000,
29.12,1,-2.32678,2.49955,-3.14117,0.31972,-0.00010,0.17574,0.25805
29.12,2,-1.20505,2.49465,3.13656,0.35596,0.00265,0.12174,0.03641
29.14,0,-3.51245,2.49937,3.14096,0.49654,0.00000,0.00000,
29.14,1,-2.33309,2.49954,-3.14118,0.31390,-0.00009,0.17935,0.26798
29.14,2,-1.21170,2.49468,3.13660,0.32500,0.00161,0.12141,0.04273
29.16,0,-3.52238,2.49938,3.14096,0.49654,0.00000,0.00000,
29.16,1,-2.33935,2.49954,-3.14118,0.31191,-0.00009,0.18303,0.27791
29.16,2,-1.21892,2.49472,3.13661,0.38105,0.00004,0.12043,0.04898
29.18,0,-3.53164,2.49939,3.14096,0.46811,-0.00000,0.00000,
29.18,1,-2.34555,2.49954,-3.14118,0.30796,-0.00009,0.18609,0.28717
29.18,2,-1.22651,2.49476,3.13661,0.37089,0.00082,0.11905,0.05518
29.2,0,-3.54110,2.49939,3.14096,0.47532,0.00006,0.00000,
29.2,1,-2.35165,2.49953,-3.14118,0.30263,-0.00008,0.18945,0.29663
29.2,2,-1.23364,2.49479,3.13664,0.34646,0.00114,0.11802,0.06128
29.22,0,-3.55044,2.49940,3.14096,0.44849,0.00015,0.00000,
29.22,1,-2.35731,2.49953,-3.14118,0.25295,0.00006,0.19313,0.30597
29.22,2,-1.24139,2.49483,3.13668,0.50877,0.00533,0.11593,0.00265
29.24,0,-3.56009,2.49940,3.14096,0.50474,-0.00006,0.00000,
29.24,1,-2.36255,2.49953,-3.14118,0.26773,-0.00011,0.19755,0.31562
29.24,2,-1.25234,2.49487,3.13679,0.51306,0.00367,0.11022,0.00789
29.26,0,-3.57035,2.49941,3.14096,0.51243,-0.00003,0.00000,
29.26,1,-2.36792,2.49953,-3.14119,0.26714,-0.00011,0.20242,0.32588
29.26,2,-1.26055,2.49491,3.13683,0.35154,0.00109,0.10739,0.01326
29.28,0,-3.58044,2.49942,3.14096,0.49808,0.00002,0.00000,
29.28,1,-2.37317,2.49953,-3.14119,0.25810,-0.00007,0.20727,0.33597
29.28,2,-1.26734,2.49494,3.13684,0.34277,0.00034,0.10584,0.01851
29.3,0,-3.59031,2.49942,3.14096,0.49183,0.00001,0.00000,
29.3,1,-2.37815,2.49952,-3.14119,0.24667,-0.00009,0.21217,0.34584
29.3,2,-1.27283,2.49497,3.13679,0.26720,-0.00147,0.10532,0.02349
29.32,0,-3.60017,2.49943,3.14096,0.49430,0.00000,0.00000,
29.32,1,-2.38643,2.49952,-3.14122,0.42243,-0.00227,0.21374,0.00986
29.32,2,-1.27872,2.49501,3.13682,0.30786,0.00270,0.10772,0.03177
29.34,0,-3.61009,2.49944,3.14096,0.49681,0.00000,0.00000,
29.34,1,-2.39488,2.49952,-3.14126,0.42243,-0.00227,0.21521,0.01978
29.34,2,-1.28436,2.49504,3.13689,0.29120,0.00282,0.11053,0.04022
29.36,0,-3.62003,2.49944,3.14096,0.49678,0.00000,0.00000,
29.36,1,-2.40344,2.49952,-3.14129,0.50810,-0.00072,0.21658,0.02971
29.36,2,-1.29117,2.49507,3.13690,0.36311,-0.00034,0.11228,0.04879
29.38,0,-3.62995,2.49945,3.14096,0.49604,0.00000,0.00000,
29.38,1,-2.41573,2.49951,-3.14130,0.66595,-0.00022,0.21423,0.03964
29.38,2,-1.29827,2.49510,3.13691,0.34017,0.00064,0.11746,0.06107
29.4,0,-3.63987,2.49946,3.14096,0.49585,0.00000,0.00000,
29.4,1,-2.42879,2.49951,-3.14131,0.62536,-0.00058,0.21108,0.04956
29.4,2,-1.30469,2.49513,3.13693,0.30945,0.00128,0.12411,0.07413
29.42,0,-3.64979,2.49946,3.14096,0.49601,0.00000,0.00000,
29.42,1,-2.44430,2.49950,-3.14133,0.79477,-0.00121,0.20549,0.00992
29.42,2,-1.31236,2.49516,3.13697,0.57793,0.01011,0.13195,0.00824
29.44,0,-3.65971,2.49947,3.14096,0.49611,0.00000,0.00000,
29.44,1,-2.46014,2.49950,-3.14135,0.76382,-0.00121,0.19957,0.01984
29.44,2,-1.32337,2.49519,3.13720,0.47803,0.01443,0.13677,0.02407
29.46,0,-3.66963,2.49947,3.14096,0.49609,0.00000,0.00000,
29.46,1,-2.47466,2.49950,-3.14137,0.69965,-0.00032,0.19498,0.02976
29.46,2,-1.33252,2.49522,3.13750,0.48386,0.01213,0.14214,0.03859
29.48,0,-3.67955,2.49948,3.14096,0.49606,0.00000,0.00000,
29.48,1,-2.48475,2.49949,-3.14136,0.46675,0.00016,0.19481,0.03968
29.48,2,-1.34476,2.49527,3.13757,0.71945,-0.00143,0.13999,0.04868
29.5,0,-3.68947,2.49949,3.14096,0.49605,0.00000,0.00000,
29.5,1,-2.49409,2.49949,-3.14136,0.47023,0.00009,0.19538,0.04960
29.5,2,-1.36054,2.49534,3.13753,0.78618,-0.00044,0.13356,0.05803
29.52,0,-3.69940,2.49949,3.14096,0.49606,0.00000,0.00000,
29.52,1,-2.50347,2.49949,-3.14137,0.50256,-0.00052,0.19593,0.05953
29.52,2,-1.37626,2.49541,3.13754,0.82429,0.00029,0.12722,0.06740
29.54,0,-3.70932,2.49950,3.14096,0.49606,0.00000,0.00000,
29.54,1,-2.51492,2.49948,-3.14138,0.60383,-0.00050,0.19439,0.06945
29.54,2,-1.39308,2.49548,3.13755,0.84309,0.00027,0.12185,0.07886
29.56,0,-3.71924,2.49951,3.14096,0.49606,0.00000,0.00000,
29.56,1,-2.52671,2.49948,-3.14139,0.56601,-0.00041,0.19253,0.07937
29.56,2,-1.40968,2.49554,3.13755,0.81845,0.00047,0.11703,0.09064
29.58,0,-3.72916,2.49951,3.14096,0.49606,0.00000,0.00000,
29.58,1,-2.53746,2.49948,-3.14139,0.52097,-0.00038,0.19170,0.08929
29.58,2,-1.42528,2.49561,3.13755,0.74858,-0.00085,0.11219,0.10140
29.6,0,-3.73908,2.49952,3.14096,0.49606,0.00000,0.00000,
29.6,1,-2.54778,2.49948,-3.14140,0.51603,-0.00037,0.19130,0.09921
29.6,2,-1.44047,2.49567,3.13755,0.76954,0.00099,0.10732,0.11172
29.62,0,-3.74900,2.49952,3.14096,0.49606,0.00000,0.00000,
29.62,1,-2.55745,2.49947,-3.14141,0.49139,-0.00036,0.19156,0.10913
29.62,2,-1.45597,2.49573,3.13757,0.76910,0.00072,0.10148,0.12138
29.64,0,-3.75892,2.49953,3.14096,0.49606,0.00000,0.00000,
29.64,1,-2.56735,2.49947,-3.14142,0.49504,-0.00036,0.19157,0.11905
29.64,2,-1.47038,2.49579,3.13758,0.67698,0.00027,0.09698,0.13129
29.66,0,-3.76884,2.49954,3.14096,0.49606,0.00000,0.00000,
29.66,1,-2.57712,2.49947,-3.14142,0.48209,-0.00033,0.19172,0.12897
29.66,2,-1.48328,2.49584,3.13759,0.63162,0.00029,0.09384,0.14106
29.68,0,-3.77877,2.49954,3.14096,0.49606,0.00000,0.00000,
29.68,1,-2.58662,2.49947,-3.14143,0.47039,-0.00032,0.19214,0.13890
29.68,2,-1.49533,2.49589,3.13757,0.59920,-0.00022,0.09130,0.15056
29.7,0,-3.78869,2.49955,3.14096,0.49606,0.00000,0.00000,
29.7,1,-2.59596,2.49947,-3.14144,0.46414,-0.00031,0.19273,0.14882
29.7,2,-1.50761,2.49594,3.13759,0.62058,0.00092,0.08836,0.15989
29.72,0,-3.79861,2.49956,3.14096,0.49606,0.00000,0.00000,
29.72,1,-2.60490,2.49947,-3.14144,0.42539,-0.00027,0.19370,0.15874
29.72,2,-1.51993,2.49599,3.13760,0.60935,0.00051,0.08498,0.16884
29.74,0,-3.80853,2.49956,3.14096,0.49606,0.00000,0.00000,
29.74,1,-2.61350,2.49946,-3.14145,0.43253,-0.00030,0.19503,0.16866
29.74,2,-1.53190,2.49604,3.13761,0.59039,0.00023,0.08160,0.17743
29.76,0,-3.81845,2.49957,3.14096,0.49606,0.00000,0.00000,
29.76,1,-2.62213,2.49946,-3.14145,0.42878,-0.00028,0.19632,0.17858
29.76,2,-1.54358,2.49609,3.13761,0.58025,0.00029,0.07855,0.18606
29.78,0,-3.82837,2.49957,3.14096,0.49606,0.00000,0.00000,
29.78,1,-2.63059,2.49946,-3.14146,0.41856,-0.00027,0.19778,0.18850
29.78,2,-1.55449,2.49613,3.13760,0.54035,0.00001,0.07611,0.19452
29.8,0,-3.83829,2.49958,3.14096,0.49606,0.00000,0.00000,
29.8,1,-2.63887,2.49946,-3.14146,0.41070,-0.00026,0.19942,0.19842
29.8,2,-1.56539,2.49618,3.13762,0.54664,0.00082,0.07348,0.20280
29.82,0,-3.84821,2.49959,3.14096,0.49606,0.00000,0.00000,
29.82,1,-2.64702,2.49946,-3.14147,0.40536,-0.00025,0.20119,0.20834
29.82,2,-1.57576,2.49622,3.13769,0.50198,0.01451,0.07127,0.00406
29.84,0,-3.85814,2.49959,3.14096,0.49606,0.00000,0.00000,
29.84,1,-2.65507,2.49946,-3.14147,0.39986,-0.00024,0.20306,0.21827
29.84,2,-1.58602,2.49626,3.13804,0.49170,0.01264,0.06906,0.01211
29.86,0,-3.86806,2.49960,3.14096,0.49606,0.00000,0.00000,
29.86,1,-2.66300,2.49946,-3.14148,0.39369,-0.00024,0.20505,0.22819
29.86,2,-1.59489,2.49629,3.13811,0.40948,-0.00179,0.06812,0.02004
29.88,0,-3.87798,2.49961,3.14096,0.49606,0.00000,0.00000,
29.88,1,-2.67081,2.49946,-3.14148,0.38756,-0.00023,0.20717,0.23811
29.88,2,-1.60196,2.49632,3.13803,0.28517,-0.00479,0.06886,0.02785
29.9,0,-3.88790,2.49961,3.14096,0.49606,0.00000,0.00000,
29.9,1,-2.67849,2.49946,-3.14149,0.38173,-0.00022,0.20940,0.24803
29.9,2,-1.60828,2.49635,3.13802,0.34111,0.00215,0.07022,0.03553
29.92,0,-3.89782,2.49962,3.14096,0.49606,0.00000,0.00000,
29.92,1,-2.68897,2.49946,-3.14151,0.54412,-0.00191,0.20885,0.00992
29.92,2,-1.61518,2.49638,3.13808,0.31651,0.00373,0.07379,0.04601
29.94,0,-3.90745,2.49963,3.14096,0.46075,-0.00015,0.00000,
29.94,1,-2.69927,2.49945,-3.14155,0.49357,-0.00177,0.20818,0.01955
29.94,2,-1.62218,2.49640,3.13812,0.39082,0.00036,0.07709,0.05631
29.96,0,-3.91679,2.49963,3.14096,0.47172,0.00006,0.00000,
29.96,1,-2.71026,2.49945,-3.14157,0.59859,-0.00018,0.20653,0.02889
29.96,2,-1.63024,2.49643,3.13812,0.39853,0.00021,0.08003,0.06730
29.98,0,-3.92628,2.49964,3.14096,0.47514,0.00004,0.00000,
29.98,1,-2.72281,2.49945,-3.14157,0.63415,-0.00014,0.20347,0.03838
29.98,2,-1.63781,2.49646,3.13814,0.36252,0.00111,0.08501,0.07985
30.0,0,-3.93553,2.49964,3.14096,0.47487,0.00004,0.00000,
30.0,1,-2.73465,2.49945,-3.14157,0.56366,-0.00029,0.20088,0.04763
30.0,2,-1.64485,2.49648,3.13816,0.34797,0.00111,0.08981,0.09169
30.02,0,-3.94554,2.49965,3.14096,0.51306,-0.00006,0.00000,
30.02,1,-2.74816,2.49945,-3.14158,0.72826,-0.00062,0.19738,0.01001
30.02,2,-1.65285,2.49650,3.13817,0.54753,0.00011,0.09531,0.00721
30.04,0,-3.95578,2.49966,3.14096,0.50670,-0.00000,0.00000,
30.04,1,-2.76129,2.49945,3.14159,0.63050,-0.00045,0.19449,0.02024
30.04,2,-1.66345,2.49653,3.13818,0.46390,0.00278,0.09784,0.02033
30.06,0,-3.96575,2.49966,3.14096,0.49373,0.00002,0.00000,
30.06,1,-2.77365,2.49945,3.14158,0.60630,-0.00030,0.19210,0.03022
30.06,2,-1.67160,2.49655,3.13828,0.39680,0.00489,0.10205,0.03270
30.08,0,-3.97559,2.49967,3.14096,0.49199,0.00001,0.00000,
30.08,1,-2.78429,2.49945,3.14158,0.47118,-0.00033,0.19131,0.04006
30.08,2,-1.68009,2.49658,3.13833,0.41329,-0.00126,0.10420,0.04333
30.1,0,-3.98547,2.49967,3.14096,0.49530,0.00000,0.00000,
30.1,1,-2.79383,2.49945,3.14157,0.48983,-0.00029,0.19163,0.04993
30.1,2,-1.69012,2.49660,3.13832,0.50148,0.00100,0.10371,0.05288
30.12,0,-3.99539,2.49968,3.14096,0.49673,0.00000,0.00000,
30.12,1,-2.80281,2.49945,3.14156,0.39972,-0.00061,0.19258,0.00993
30.12,2,-1.69891,2.49664,3.13747,0.47503,-0.10044,0.10391,0.06186
30.14,0,-4.00532,2.49969,3.14096,0.49615,0.00000,0.00000,
30.14,1,-2.81162,2.49945,3.14155,0.49554,-0.00036,0.19371,0.01986
30.14,2,-1.71037,2.49669,3.13612,0.63580,-0.02243,0.10125,0.07066
30.16,0,-4.01524,2.49969,3.14096,0.49558,0.00000,0.00000,
30.16,1,-2.82215,2.49945,3.14155,0.57855,-0.00031,0.19309,0.02977
30.16,2,-1.72339,2.49675,3.13641,0.64268,0.02874,0.09876,0.08120
30.18,0,-4.02515,2.49970,3.14096,0.49559,0.00000,0.00000,
30.18,1,-2.83444,2.49945,3.14154,0.60057,-0.00029,0.19071,0.03968
30.18,2,-1.73562,2.49681,3.13682,0.58668,0.01046,0.09883,0.09349
30.2,0,-4.03506,2.49971,3.14096,0.49576,0.00000,0.00000,
30.2,1,-2.84634,2.49945,3.14153,0.60211,-0.00029,0.18872,0.04960
30.2,2,-1.74704,2.49686,3.13687,0.56503,-0.00043,0.09930,0.10539
30.22,0,-4.04498,2.49971,3.14096,0.49580,0.00000,0.00000,
30.22,1,-2.85824,2.49945,3.14153,0.58576,-0.00028,0.18674,0.05951
30.22,2,-1.75837,2.49692,3.13689,0.56819,0.00324,0.09988,0.11729
30.24,0,-4.05490,2.49972,3.14096,0.49576,0.00000,0.00000,
30.24,1,-2.86825,2.49945,3.14152,0.50317,-0.00027,0.18664,0.06943
30.24,2,-1.76972,2.49697,3.13699,0.56539,0.00555,0.09853,0.12730
30.26,0,-4.06481,2.49973,3.14096,0.49574,0.00000,0.00000,
30.26,1,-2.87852,2.49945,3.14152,0.51891,-0.00025,0.18629,0.07934
30.26,2,-1.78065,2.49702,3.13709,0.51265,0.00323,0.09787,0.13757
30.28,0,-4.07472,2.49973,3.14096,0.49575,0.00000,0.00000,
30.28,1,-2.88884,2.49946,3.14151,0.51073,-0.00025,0.18588,0.08926
30.28,2,-1.79097,2.49707,3.13716,0.51917,0.00432,0.09787,0.14789
30.3,0,-4.08464,2.49974,3.14096,0.49575,0.00000,0.00000,
30.3,1,-2.89888,2.49946,3.14151,0.49550,-0.00025,0.18576,0.09917
30.3,2,-1.80136,2.49712,3.13725,0.51771,0.00425,0.09752,0.15793
30.32,0,-4.09456,2.49974,3.14096,0.49575,0.00000,0.00000,
30.32,1,-2.90868,2.49946,3.14150,0.48669,-0.00024,0.18587,0.10909
30.32,2,-1.81157,2.49716,3.13736,0.50127,0.00870,0.09712,0.00488
30.34,0,-4.10447,2.49975,3.14096,0.49575,0.00000,0.00000,
30.34,1,-2.91836,2.49946,3.14150,0.48138,-0.00023,0.18611,0.11900
30.34,2,-1.82145,2.49720,3.13754,0.49072,0.00739,0.09691,0.01455
30.36,0,-4.11439,2.49976,3.14096,0.49575,0.00000,0.00000,
30.36,1,-2.92792,2.49946,3.14149,0.47489,-0.00022,0.18647,0.12892
30.36,2,-1.83125,2.49724,3.13763,0.48902,0.00319,0.09668,0.02411
30.38,0,-4.12430,2.49976,3.14096,0.49575,0.00000,0.00000,
30.38,1,-2.93733,2.49946,3.14149,0.46727,-0.00022,0.18697,0.13883
30.38,2,-1.84097,2.49728,3.13769,0.48350,0.00323,0.09636,0.03353
30.4,0,-4.13422,2.49977,3.14096,0.49575,0.00000,0.00000,
30.4,1,-2.94660,2.49946,3.14148,0.45993,-0.00021,0.18762,0.14875
30.4,2,-1.84996,2.49732,3.13775,0.44797,0.00388,0.09664,0.04279
30.42,0,-4.14413,2.49978,3.14096,0.49575,0.00000,0.00000,
30.42,1,-2.95887,2.49946,3.14147,0.62087,-0.00069,0.18527,0.00992
30.42,2,-1.85981,2.49735,3.13786,0.51525,0.01165,0.09905,0.00649
30.44,0,-4.15405,2.49978,3.14096,0.49575,0.00000,0.00000,
30.44,1,-2.97128,2.49946,3.14146,0.62087,-0.00069,0.18276,0.01983
30.44,2,-1.86997,2.49739,3.13810,0.46739,0.01309,0.10131,0.01891
30.46,0,-4.16396,2.49979,3.14096,0.49575,0.00000,0.00000,
30.46,1,-2.98356,2.49946,3.14145,0.60334,-0.00042,0.18040,0.02975
30.46,2,-1.88016,2.49742,3.13831,0.59445,0.00749,0.10340,0.03119
30.48,0,-4.17388,2.49979,3.14096,0.49575,0.00000,0.00000,
30.48,1,-2.99474,2.49946,3.14144,0.49804,-0.00037,0.17913,0.03966
30.48,2,-1.89332,2.49746,3.13839,0.68101,0.00182,0.10142,0.04237
30.5,0,-4.18379,2.49980,3.14096,0.49575,0.00000,0.00000,
30.5,1,-3.00496,2.49947,3.14144,0.52309,-0.00023,0.17883,0.04958
30.5,2,-1.90649,2.49749,3.13842,0.63125,0.00132,0.09847,0.05258
30.52,0,-4.19371,2.49981,3.14096,0.49575,0.00000,0.00000,
30.52,1,-3.01556,2.49947,3.14143,0.53133,-0.00022,0.17814,0.05949
30.52,2,-1.91733,2.49753,3.13847,0.36532,0.00531,0.09823,0.00532
30.54,0,-4.20273,2.49985,-3.14068,0.28943,0.51740,0.00000,
30.54,1,-3.02582,2.49947,3.14143,0.50518,-0.00020,0.17691,0.06852
30.54,2,-1.92252,2.49757,3.14051,0.15399,0.10991,0.10330,0.01558
30.56,0,-4.20606,2.50035,-3.12918,0.10688,0.45223,0.00000,
30.56,1,-3.03642,2.49947,3.14142,0.54181,-0.00023,0.16964,0.07184
30.56,2,-1.92420,2.49761,-3.14048,0.04228,0.11116,0.11222,0.02617
30.58,0,-4.20777,2.50111,-3.12075,0.08051,0.41444,0.00000,
30.58,1,-3.04717,2.49947,3.14142,0.52944,-0.00022,0.16060,0.07357
30.58,2,-1.92482,2.49758,-3.13682,0.01948,0.46505,0.12235,0.03693
30.6,0,-4.20899,2.50154,-3.11129,0.07210,0.65569,0.00000,
30.6,1,-3.05750,2.49947,3.14141,0.50757,-0.00020,0.15149,0.07480
30.6,2,-1.92733,2.49735,-3.12173,0.21089,0.58049,0.13017,0.04726
30.62,0,-4.20915,2.50122,-3.07506,-0.04995,2.89893,0.00000,
30.62,1,-3.06689,2.49948,3.14141,0.43082,-0.00028,0.14226,0.07495
30.62,2,-1.93216,2.49721,-3.12078,0.23330,-0.14759,0.13473,0.00435
30.64,0,-4.20974,2.50099,-3.01948,0.10033,2.32371,0.00000,
30.64,1,-3.07579,2.49948,3.14141,0.45577,-0.00016,0.13395,0.07554
30.64,2,-1.93730,2.49703,-3.11750,0.29323,0.62585,0.13849,0.01325
30.66,0,-4.21193,2.50020,-2.97837,0.12668,1.93329,0.00000,
30.66,1,-3.08496,2.49948,3.14140,0.45637,-0.00016,0.12697,0.07771
30.66,2,-1.94371,2.49654,-3.09765,0.31978,1.05206,0.14126,0.02242
30.68,0,-4.21488,2.49889,-2.93858,0.17507,1.89920,0.00000,
30.68,1,-3.09374,2.49948,3.14140,0.45030,-0.00017,0.12114,0.08067
30.68,2,-1.95120,2.49618,-3.08963,0.48443,-0.10181,0.14255,0.03120
30.7,0,-4.21916,2.49790,-2.90259,0.25370,1.78782,0.00000,
30.7,1,-3.10304,2.49948,3.14140,0.46919,-0.00019,0.11612,0.08497
30.7,2,-1.96282,2.49574,-3.09574,0.61782,-0.30412,0.14023,0.04050
30.72,0,-4.22449,2.49665,-2.86553,0.27982,1.90757,0.00000,
30.72,1,-3.11226,2.49948,3.14139,0.45127,-0.00017,0.11224,0.09033
30.72,2,-1.97489,2.49529,-3.09909,0.60806,-0.07443,0.13738,0.00456
30.74,0,-4.23013,2.49508,-2.82651,0.29733,1.95526,0.00000,
30.74,1,-3.12108,2.49949,3.14139,0.43502,-0.00015,0.10906,0.09603
30.74,2,-1.98657,2.49483,-3.09995,0.55293,-0.04603,0.13452,0.01338
30.76,0,-4.23614,2.49314,-2.78746,0.32642,1.94069,0.00000,
30.76,1,-3.12972,2.49949,3.14139,0.43013,-0.00015,0.10644,0.10214
30.76,2,-1.99692,2.49442,-3.10147,0.49824,-0.09762,0.13280,0.02202
30.78,0,-4.24230,2.49086,-2.74924,0.34026,1.91437,0.00000,
30.78,1,-3.13828,2.49949,3.14138,0.42674,-0.00015,0.10405,0.10845
30.78,2,-2.00644,2.49403,-3.10346,0.42473,-0.08277,0.13186,0.03059
30.8,0,-4.24877,2.48821,-2.71085,0.35456,1.92200,0.00000,
30.8,1,-3.14637,2.49949,3.14138,0.39134,-0.00018,0.10246,0.11514
30.8,2,-2.01532,2.49367,-3.10525,0.46011,-0.09320,0.13106,0.03867
30.82,0,-4.25521,2.48527,-2.67269,0.35433,1.89583,0.00000,
30.82,1,-3.15426,2.49949,3.14138,0.39642,-0.00012,0.10103,0.12186
30.82,2,-2.02464,2.49332,-3.10707,0.46575,-0.08749,0.12964,0.04657
30.84,0,-4.26182,2.48193,-2.63427,0.38145,1.93342,0.00000,
30.84,1,-3.16215,2.49950,3.14137,0.39106,-0.00012,0.09982,0.12885
30.84,2,-2.03351,2.49301,-3.10882,0.42960,-0.08875,0.12866,0.05445
30.86,0,-4.26864,2.47817,-2.59559,0.39338,1.93088,0.00000,
30.86,1,-3.16987,2.49950,3.14137,0.38185,-0.00013,0.09898,0.13615
30.86,2,-2.04280,2.49270,-3.11040,0.48502,-0.07450,0.12708,0.06217
30.88,0,-4.27544,2.47409,-2.55707,0.39874,1.92305,0.00000,
30.88,1,-3.17743,2.49950,3.14137,0.37530,-0.00013,0.09830,0.14354
30.88,2,-2.05248,2.49240,-3.11190,0.47554,-0.07590,0.12497,0.06973
30.9,0,-4.28207,2.46970,-2.51926,0.40703,1.90246,0.00000,
30.9,1,-3.18450,2.49950,3.14137,0.34692,-0.00014,0.09798,0.15088
30.9,2,-2.06168,2.49213,-3.11343,0.44961,-0.07601,0.12284,0.07680
30.92,0,-4.28893,2.46481,-2.48067,0.43018,1.93995,0.00000,
30.92,1,-3.19057,2.49954,-3.14046,0.25240,-0.03510,0.09892,0.00843
30.92,2,-2.06939,2.49188,-3.11496,0.31233,-0.10509,0.12120,0.00257
30.94,0,-4.29583,2.45949,-2.44194,0.43779,1.93133,0.00000,
30.94,1,-3.19577,2.49959,-3.14092,0.25610,0.00132,0.10079,0.01713
30.94,2,-2.07556,2.49164,-3.11705,0.27822,-0.09695,0.12024,0.00777
30.96,0,-4.30253,2.45388,-2.40379,0.42985,1.83753,0.00000,
30.96,1,-3.20246,2.49961,-3.14019,0.38684,0.05645,0.10102,0.02586
30.96,2,-2.07929,2.49147,-3.11884,0.17789,-0.12811,0.12320,0.01446
30.98,0,-4.30914,2.44787,-2.36590,0.45826,1.92926,0.00000,
30.98,1,-3.20983,2.49964,-3.13890,0.39857,0.06422,0.10052,0.03477
30.98,2,-2.08361,2.49135,-3.12133,0.22061,-0.10398,0.12625,0.02183
31.0,0,-4.31583,2.44136,-2.32708,0.47106,1.94154,0.00000,
31.0,1,-3.21876,2.49963,-3.13777,0.46343,0.05036,0.09861,0.04408
31.0,2,-2.08904,2.49121,-3.12291,0.34119,-0.06322,0.12976,0.03076
31.02,0,-4.32235,2.43450,-2.28842,0.47407,1.92572,0.00000,
31.02,1,-3.22759,2.49964,-3.13592,0.41539,0.06933,0.09669,0.00946
31.02,2,-2.09691,2.49110,-3.12641,0.43938,0.03160,0.13071,0.00415
31.04,0,-4.32864,2.42737,-2.25109,0.47610,1.69884,0.00000,
31.04,1,-3.23625,2.49958,-3.13405,0.45409,0.10316,0.09477,0.01897
31.04,2,-2.10547,2.49111,-3.12711,0.43895,-0.11863,0.13082,0.01281
31.06,0,-4.33460,2.42006,-2.22425,0.46154,1.07447,0.00000,
31.06,1,-3.24569,2.49952,-3.13201,0.47863,0.09892,0.09181,0.02840
31.06,2,-2.11463,2.49104,-3.12947,0.47036,-0.08843,0.13109,0.02225
31.08,0,-4.34026,2.41267,-2.20251,0.46729,1.14166,0.00000,
31.08,1,-3.25503,2.49945,-3.13012,0.46611,0.09269,0.08870,0.03768
31.08,2,-2.12406,2.49090,-3.13046,0.46714,-0.02843,0.13100,0.03159
31.1,0,-4.34582,2.40510,-2.17861,0.47176,1.20940,0.00000,
31.1,1,-3.26437,2.49934,-3.12829,0.46492,0.08984,0.08555,0.04706
31.1,2,-2.13320,2.49077,-3.13100,0.44934,-0.03181,0.13120,0.04093
31.12,0,-4.35125,2.39732,-2.15521,0.47594,1.12863,0.00000,
31.12,1,-3.27354,2.49922,-3.12654,0.45291,0.08623,0.08252,0.05652
31.12,2,-2.14227,2.49067,-3.13184,0.41378,-0.05719,0.13130,0.00455
31.14,0,-4.35652,2.38938,-2.13349,0.47676,1.06010,0.00000,
31.14,1,-3.28248,2.49909,-3.12485,0.44356,0.08286,0.07963,0.06602
31.14,2,-2.14932,2.49060,-3.13242,0.30610,-0.01182,0.13320,0.01350
31.16,0,-4.36162,2.38132,-2.11263,0.47664,1.03087,0.00000,
31.16,1,-3.29096,2.49894,-3.12316,0.37352,0.09217,0.07711,0.07551
31.16,2,-2.15535,2.49054,-3.13101,0.32921,0.03013,0.13563,0.02197
31.18,0,-4.36653,2.37327,-2.09282,0.45052,0.89211,0.00000,
31.18,1,-3.29864,2.49879,-3.12149,0.39350,0.07674,0.07524,0.08490
31.18,2,-2.16292,2.49048,-3.13208,0.37756,-0.09249,0.13575,0.02966
31.2,0,-4.37115,2.36546,-2.07359,0.45658,0.99294,0.00000,
31.2,1,-3.30659,2.49863,-3.12004,0.39686,0.07067,0.07286,0.09393
31.2,2,-2.17102,2.49040,-3.13491,0.41905,-0.14857,0.13560,0.03761
31.22,0,-4.37561,2.35741,-2.05422,0.46187,0.93508,0.00000,
31.22,1,-3.31424,2.49846,-3.11866,0.37007,0.06743,0.07070,0.10306
31.22,2,-2.17990,2.49025,-3.13554,0.46849,0.02473,0.13438,0.04527
31.24,0,-4.37993,2.34923,-2.03628,0.46231,0.87335,0.00000,
31.24,1,-3.32208,2.49828,-3.11725,0.40413,0.07150,0.06830,0.11223
31.24,2,-2.18960,2.49020,-3.13520,0.49055,-0.00345,0.13250,0.05310
31.26,0,-4.38408,2.34098,-2.01908,0.46144,0.85175,0.00000,
31.26,1,-3.33014,2.49809,-3.11585,0.39823,0.06816,0.06558,0.12138
31.26,2,-2.19923,2.49016,-3.13575,0.47117,-0.03985,0.13094,0.06117
31.28,0,-4.38803,2.33278,-2.00208,0.46176,0.84243,0.00000,
31.28,1,-3.33790,2.49789,-3.11453,0.38047,0.06448,0.06303,0.13039
31.28,2,-2.20844,2.49011,-3.13654,0.45366,-0.03527,0.12949,0.06893
31.3,0,-4.39209,2.32400,-1.98582,0.49591,0.78922,0.00000,
31.3,1,-3.34541,2.49768,-3.11327,0.37274,0.06241,0.06100,0.13996
31.3,2,-2.21704,2.49007,-3.13712,0.41822,-0.02607,0.12839,0.07644
31.32,0,-4.39611,2.31490,-1.97049,0.49487,0.75232,0.00000,
31.32,1,-3.35390,2.49756,-3.09102,0.43012,1.67253,0.05809,0.00995
31.32,2,-2.22667,2.49003,-3.13752,0.63574,-0.00586,0.12726,0.00425
31.34,0,-4.39992,2.30588,-1.95567,0.48592,0.73138,0.00000,
31.34,1,-3.36241,2.49716,-3.06407,0.43566,0.85929,0.05499,0.01974
31.34,2,-2.23949,2.48999,-3.13940,0.56008,-0.08726,0.12295,0.01277
31.36,0,-4.40355,2.29690,-1.94131,0.48435,0.70628,0.00000,
31.36,1,-3.37116,2.49658,-3.05961,0.45451,-0.09241,0.05153,0.02942
31.36,2,-2.25030,2.48989,-3.13865,0.54210,0.08179,0.12087,0.02153
31.38,0,-4.40707,2.28784,-1.92750,0.48696,0.67817,0.00000,
31.38,1,-3.38055,2.49586,-3.06080,0.47399,0.04652,0.04738,0.03914
31.38,2,-2.25871,2.48984,-3.13768,0.35139,0.02982,0.12186,0.03095
31.4,0,-4.41048,2.27870,-1.91422,0.48873,0.65207,0.00000,
31.4,1,-3.38975,2.49512,-3.05731,0.44929,0.23935,0.04342,0.04889
31.4,2,-2.26579,2.48976,-3.13703,0.36389,0.03042,0.12397,0.04018
31.42,0,-4.41378,2.26949,-1.90145,0.48909,0.62796,0.00000,
31.42,1,-3.40000,2.49422,-3.04277,0.54653,0.87172,0.03838,0.00978
31.42,2,-2.27449,2.48972,-3.13700,0.55434,-0.02167,0.12552,0.00542
31.44,0,-4.41695,2.26023,-1.88914,0.48921,0.60515,0.00000,
31.44,1,-3.41024,2.49322,-3.03211,0.47610,0.24900,0.03332,0.01956
31.44,2,-2.28502,2.48968,-3.13880,0.52696,-0.13005,0.12522,0.01570
31.46,0,-4.42002,2.25094,-1.87729,0.48961,0.58288,0.00000,
31.46,1,-3.41894,2.49229,-3.03007,0.41704,0.07224,0.02975,0.02935
31.46,2,-2.29561,2.48950,-3.14082,0.53391,-0.04958,0.12334,0.02446
31.48,0,-4.42297,2.24160,-1.86587,0.49013,0.56134,0.00000,
31.48,1,-3.42719,2.49137,-3.02725,0.41896,0.19927,0.02663,0.03915
31.48,2,-2.30628,2.48944,-3.14084,0.54513,0.02198,0.12091,0.03275
31.5,0,-4.42582,2.23221,-1.85487,0.49055,0.54068,0.00000,
31.5,1,-3.43522,2.49041,-3.02218,0.37061,0.29273,0.02370,0.04895
31.5,2,-2.31729,2.48947,-3.14052,0.54818,0.00629,0.11793,0.04084
31.52,0,-4.42857,2.22279,-1.84427,0.49090,0.52080,0.00000,
31.52,1,-3.44281,2.48945,-3.01764,0.38921,0.18155,0.02120,0.05876
31.52,2,-2.32723,2.48950,-3.14062,0.46072,-0.01051,0.11558,0.04849
31.54,0,-4.43118,2.21373,-1.83464,0.46072,0.48020,0.00000,
31.54,1,-3.45051,2.48847,-3.01436,0.38465,0.16217,0.01843,0.06819
31.54,2,-2.33663,2.48951,-3.14088,0.47749,-0.01378,0.11388,0.05625
31.56,0,-4.43365,2.20474,-1.82454,0.46958,0.50782,0.00000,
31.56,1,-3.45797,2.48752,-3.01096,0.35743,0.16447,0.01583,0.07750
31.56,2,-2.34621,2.48950,-3.14113,0.47731,-0.01146,0.11176,0.06377
31.58,0,-4.43603,2.19562,-1.81482,0.47167,0.46589,0.00000,
31.58,1,-3.46523,2.48656,-3.00752,0.38376,0.18287,0.01346,0.08692
31.58,2,-2.35541,2.48950,-3.14135,0.46703,-0.01063,0.10982,0.07109
31.6,0,-4.43828,2.18669,-1.80512,0.46577,0.47921,0.00000,
31.6,1,-3.47297,2.48551,-3.00391,0.38999,0.17475,0.01050,0.09612
31.6,2,-2.36513,2.48950,-3.14156,0.49258,-0.01078,0.10785,0.07890
31.62,0,-4.44058,2.17713,-1.79657,0.50556,0.40195,0.00000,
31.62,1,-3.48242,2.48412,-2.98189,0.48848,1.33445,0.00614,0.00983
31.62,2,-2.37550,2.48950,3.13446,0.55911,-1.64386,0.10693,0.00506
31.64,0,-4.44285,2.16726,-1.78854,0.50273,0.40582,0.00000,
31.64,1,-3.49183,2.48270,-2.96318,0.46303,0.50748,0.00197,0.01996
31.64,2,-2.38675,2.48953,3.09430,0.55323,-1.89549,0.10510,0.01458
31.66,0,-4.44499,2.15758,-1.78038,0.49065,0.40546,0.00000,
31.66,1,-3.50050,2.48112,-2.95986,0.41919,0.02949,0.00163,0.02987
31.66,2,-2.39667,2.48992,3.07652,0.50229,0.02760,0.10386,0.02339
31.68,0,-4.44702,2.14802,-1.77246,0.48845,0.38730,0.00000,
31.68,1,-3.50756,2.47962,-2.95663,0.27384,0.34900,0.00374,0.03964
31.68,2,-2.40679,2.49049,3.08629,0.44985,0.54979,0.10083,0.03061
31.7,0,-4.44898,2.13842,-1.76492,0.49153,0.36982,0.00000,
31.7,1,-3.51326,2.47828,-2.94946,0.30855,0.34821,0.00447,0.04944
31.7,2,-2.41603,2.49102,3.09283,0.47119,0.13732,0.09731,0.03645
31.72,0,-4.45089,2.12875,-1.75767,0.49318,0.35662,0.00000,
31.72,1,-3.52041,2.47681,-2.95690,0.31801,-1.21724,0.00656,0.00985
31.72,2,-2.42413,2.49149,3.09414,0.22723,0.11231,0.09639,0.00372
31.74,0,-4.45272,2.11906,-1.75068,0.49290,0.34389,0.00000,
31.74,1,-3.52579,2.47582,-2.97657,0.25894,-0.70037,0.00679,0.01972
31.74,2,-2.42761,2.49196,3.09592,0.09080,0.05156,0.09831,0.00919
31.76,0,-4.45448,2.10937,-1.74394,0.49250,0.33084,0.00000,
31.76,1,-3.53187,2.47478,-2.97626,0.35749,0.50911,0.00766,0.02957
31.76,2,-2.42817,2.49241,3.09653,-0.00566,0.00040,0.10385,0.01536
31.78,0,-4.45618,2.09966,-1.73746,0.49261,0.31828,0.00000,
31.78,1,-3.53968,2.47340,-2.96347,0.41310,0.59012,0.01023,0.03942
31.78,2,-2.43014,2.49268,3.09604,0.21266,0.02560,0.10971,0.02329
31.8,0,-4.45781,2.08994,-1.73123,0.49288,0.30638,0.00000,
31.8,1,-3.54762,2.47195,-2.95496,0.38932,0.31942,0.01290,0.04927
31.8,2,-2.43447,2.49293,3.09846,0.20694,0.15361,0.11334,0.03136
31.82,0,-4.45939,2.08021,-1.72523,0.49305,0.29493,0.00000,
31.82,1,-3.55660,2.47019,-2.93888,0.47182,0.95789,0.01658,0.00986
31.82,2,-2.43861,2.49317,3.10152,0.20692,0.15385,0.11823,0.04051
31.84,0,-4.46090,2.07047,-1.71945,0.49312,0.28387,0.00000,
31.84,1,-3.56586,2.46829,-2.92471,0.45485,0.46297,0.02053,0.01972
31.84,2,-2.44321,2.49353,3.10254,0.27441,0.00236,0.12294,0.04996
31.86,0,-4.46236,2.06071,-1.71389,0.49320,0.27322,0.00000,
31.86,1,-3.57406,2.46653,-2.91863,0.39415,0.25565,0.02339,0.02958
31.86,2,-2.45076,2.49384,3.10335,0.43621,0.08041,0.12363,0.05835
31.88,0,-4.46377,2.05095,-1.70854,0.49329,0.26298,0.00000,
31.88,1,-3.58145,2.46486,-2.91243,0.34817,0.41896,0.02542,0.03945
31.88,2,-2.45943,2.49414,3.10560,0.41043,0.12895,0.12240,0.06592
31.9,0,-4.46513,2.04117,-1.70339,0.49338,0.25312,0.00000,
31.9,1,-3.58733,2.46328,-2.90268,0.31906,0.38824,0.02599,0.04932
31.9,2,-2.46726,2.49441,3.10800,0.37796,0.11033,0.12050,0.07200
31.92,0,-4.46643,2.03139,-1.69843,0.49346,0.24364,0.00000,
31.92,1,-3.59383,2.46164,-2.89656,0.34053,0.27778,0.02709,0.05918
31.92,2,-2.47467,2.49464,3.11004,0.36804,0.09748,0.11964,0.07869
31.94,0,-4.46769,2.02160,-1.69366,0.49353,0.23451,0.00000,
31.94,1,-3.60001,2.46006,-2.89137,0.32214,0.28473,0.02783,0.06905
31.94,2,-2.48205,2.49487,3.11197,0.36982,0.09634,0.11850,0.08506
31.96,0,-4.46890,2.01181,-1.68907,0.49360,0.22572,0.00000,
31.96,1,-3.60687,2.45829,-2.88455,0.36999,0.35660,0.02921,0.07892
31.96,2,-2.48863,2.49509,3.11375,0.32221,0.09142,0.11885,0.09214
31.98,0,-4.47006,2.00200,-1.68465,0.49366,0.21727,0.00000,
31.98,1,-3.61392,2.45643,-2.87783,0.35437,0.31531,0.03073,0.08879
31.98,2,-2.49522,2.49528,3.11566,0.33278,0.09494,0.11937,0.09943
32.0,0,-4.47118,1.99219,-1.68039,0.49372,0.20913,0.00000,
32.0,1,-3.62050,2.45466,-2.87187,0.33163,0.28892,0.03173,0.09866
32.0,2,-2.50182,2.49545,3.11747,0.32560,0.08688,0.11943,0.10623
32.02,0,-4.47226,1.98238,-1.67630,0.49377,0.20129,0.00000,
32.02,1,-3.62708,2.45270,-2.87674,0.33210,-0.56797,0.03276,0.00988
32.02,2,-2.50822,2.49561,3.12021,0.24204,0.32364,0.11968,0.00332
32.04,0,-4.47330,1.97255,-1.67235,0.49382,0.19376,0.00000,
32.04,1,-3.63333,2.45114,-2.88091,0.32543,0.22532,0.03325,0.01975
32.04,2,-2.51248,2.49578,3.12057,0.21250,-0.02285,0.12174,0.00976
32.06,0,-4.47430,1.96273,-1.66856,0.49387,0.18650,0.00000,
32.06,1,-3.64002,2.44933,-2.86938,0.36292,0.70678,0.03418,0.02963
32.06,2,-2.51787,2.49597,3.12055,0.33005,0.05505,0.12311,0.01669
32.08,0,-4.47527,1.95290,-1.66491,0.49391,0.17952,0.00000,
32.08,1,-3.64715,2.44729,-2.85708,0.37125,0.50951,0.03553,0.03951
32.08,2,-2.52516,2.49613,3.12297,0.37816,0.15417,0.12305,0.02411
32.1,0,-4.47620,1.94306,-1.66139,0.49395,0.17279,0.00000,
32.1,1,-3.65411,2.44524,-2.84846,0.35498,0.39995,0.03667,0.04938
32.1,2,-2.53341,2.49630,3.12577,0.42210,0.12521,0.12186,0.03136
32.12,0,-4.47709,1.93322,-1.65801,0.49399,0.16632,0.00000,
32.12,1,-3.66264,2.44264,-2.83013,0.48986,1.10938,0.03936,0.00988
32.12,2,-2.54231,2.49644,3.12866,0.48701,0.25685,0.12162,0.00483
32.14,0,-4.47795,1.92338,-1.65475,0.49402,0.16010,0.00000,
32.14,1,-3.67129,2.43994,-2.81343,0.40723,0.55037,0.04212,0.01976
32.14,2,-2.55246,2.49657,3.13429,0.52638,0.22489,0.12026,0.01389
32.16,0,-4.47878,1.91354,-1.65161,0.49405,0.15411,0.00000,
32.16,1,-3.67810,2.43769,-2.80600,0.33138,0.31669,0.04301,0.02964
32.16,2,-2.56271,2.49667,3.13695,0.50978,0.07981,0.11694,0.02106
32.18,0,-4.47958,1.90369,-1.64860,0.49408,0.14834,0.00000,
32.18,1,-3.68429,2.43554,-2.79857,0.33255,0.42565,0.04326,0.03952
32.18,2,-2.57275,2.49673,3.13845,0.49339,0.08554,0.11323,0.02761
32.2,0,-4.48035,1.89383,-1.64569,0.49411,0.14279,0.00000,
32.2,1,-3.69075,2.43323,-2.78943,0.34996,0.46202,0.04376,0.04940
32.2,2,-2.58243,2.49676,3.14051,0.47837,0.11238,0.11014,0.03447
32.22,0,-4.48109,1.88398,-1.64289,0.49413,0.13744,0.00000,
32.22,1,-3.69733,2.43081,-2.78060,0.34736,0.42326,0.04433,0.05929
32.22,2,-2.59031,2.49682,-3.14009,0.22323,0.15212,0.10899,0.00349
32.24,0,-4.48180,1.87412,-1.64020,0.49415,0.13230,0.00000,
32.24,1,-3.70371,2.42841,-2.77245,0.33599,0.39867,0.04467,0.06917
32.24,2,-2.59380,2.49705,-3.13705,0.12972,0.15326,0.11203,0.01031
32.26,0,-4.48248,1.86426,-1.63761,0.49418,0.12735,0.00000,
32.26,1,-3.70985,2.42602,-2.76448,0.30764,0.43965,0.04474,0.07905
32.26,2,-2.59544,2.49727,-3.13388,0.03812,0.19493,0.11669,0.01690
32.28,0,-4.48314,1.85440,-1.63512,0.49419,0.12259,0.00000,
32.28,1,-3.71559,2.42372,-2.75652,0.31082,0.37013,0.04436,0.08893
32.28,2,-2.59725,2.49709,-3.12423,0.17214,0.53609,0.12075,0.02309
32.3,0,-4.48378,1.84454,-1.63271,0.49421,0.11800,0.00000,
32.3,1,-3.72135,2.42138,-2.74940,0.30936,0.35025,0.04394,0.09882
32.3,2,-2.60156,2.49697,-3.11807,0.24426,0.16640,0.12234,0.02930
32.32,0,-4.48439,1.83467,-1.63040,0.49423,0.11359,0.00000,
32.32,1,-3.72757,2.41866,-2.75524,0.33929,-0.61119,0.04407,0.00988
32.32,2,-2.60644,2.49684,-3.11469,0.24546,0.18159,0.12385,0.03609
32.34,0,-4.48498,1.82481,-1.62818,0.49425,0.10934,0.00000,
32.34,1,-3.73352,2.41637,-2.75875,0.30977,0.30663,0.04363,0.01977
32.34,2,-2.61185,2.49636,-3.10833,0.30552,0.33236,0.12452,0.04246
32.36,0,-4.48554,1.81494,-1.62604,0.49426,0.10525,0.00000,
32.36,1,-3.73945,2.41394,-2.74550,0.33214,0.78279,0.04320,0.02965
32.36,2,-2.61882,2.49608,-3.10491,0.36972,0.04929,0.12364,0.04886
32.38,0,-4.48609,1.80507,-1.62398,0.49427,0.10131,0.00000,
32.38,1,-3.74573,2.41126,-2.73209,0.34480,0.55362,0.04313,0.03954
32.38,2,-2.62649,2.49585,-3.10493,0.39640,-0.00283,0.12243,0.05569
32.4,0,-4.48662,1.79519,-1.62199,0.49429,0.09753,0.00000,
32.4,1,-3.75196,2.40854,-2.72262,0.33373,0.44472,0.04296,0.04943
32.4,2,-2.63426,2.49561,-3.10436,0.37692,0.05184,0.12108,0.06249
32.42,0,-4.48712,1.78532,-1.62008,0.49430,0.09388,0.00000,
32.42,1,-3.75944,2.40513,-2.70787,0.43861,0.66247,0.04414,0.00989
32.42,2,-2.64231,2.49535,-3.10238,0.46464,0.24502,0.12077,0.00432
32.44,0,-4.48761,1.77545,-1.61824,0.49431,0.09037,0.00000,
32.44,1,-3.76724,2.40171,-2.69628,0.40811,0.52729,0.04546,0.01977
32.44,2,-2.65154,2.49500,-3.09642,0.44008,0.23663,0.11959,0.01283
32.46,0,-4.48808,1.76557,-1.61647,0.49432,0.08699,0.00000,
32.46,1,-3.77442,2.39826,-2.68586,0.38791,0.51209,0.04627,0.02966
32.46,2,-2.66102,2.49458,-3.09414,0.49148,0.03708,0.11756,0.02079
32.48,0,-4.48853,1.75570,-1.61477,0.49433,0.08374,0.00000,
32.48,1,-3.78065,2.39512,-2.67518,0.29563,0.56376,0.04608,0.03954
32.48,2,-2.67076,2.49412,-3.09370,0.47799,0.03143,0.11430,0.02777
32.5,0,-4.48896,1.74582,-1.61313,0.49434,0.08061,0.00000,
32.5,1,-3.78603,2.39234,-2.66544,0.30942,0.44876,0.04496,0.04943
32.5,2,-2.68000,2.49367,-3.09257,0.45229,0.07270,0.11066,0.03382
32.52,0,-4.48938,1.73594,-1.61155,0.49434,0.07760,0.00000,
32.52,1,-3.79158,2.38945,-2.65655,0.31280,0.44806,0.04396,0.05932
32.52,2,-2.68723,2.49328,-3.09080,0.19878,0.02112,0.10922,0.00313
32.54,0,-4.48978,1.72606,-1.61003,0.49435,0.07470,0.00000,
32.54,1,-3.79682,2.38666,-2.64859,0.29395,0.37813,0.04262,0.06920
32.54,2,-2.69045,2.49283,-3.09001,0.11185,0.06463,0.11145,0.00908
32.56,0,-4.49017,1.71618,-1.60857,0.49436,0.07191,0.00000,
32.56,1,-3.80256,2.38355,-2.63941,0.34308,0.48724,0.04177,0.07909
32.56,2,-2.69176,2.49240,-3.08843,0.02720,0.07509,0.11612,0.01560
32.58,0,-4.49055,1.70630,-1.60716,0.49436,0.06922,0.00000,
32.58,1,-3.80854,2.38026,-2.63015,0.33389,0.43536,0.04117,0.08898
32.58,2,-2.69282,2.49199,-3.08361,0.12951,0.31788,0.12130,0.02242
32.6,0,-4.49091,1.69642,-1.60580,0.49437,0.06664,0.00000,
32.6,1,-3.81414,2.37712,-2.62196,0.31231,0.39623,0.04012,0.09887
32.6,2,-2.69644,2.49171,-3.08030,0.22619,-0.07375,0.12356,0.02885
32.62,0,-4.49125,1.68654,-1.60450,0.49438,0.06415,0.00000,
32.62,1,-3.81948,2.37407,-2.61412,0.30597,0.38970,0.03877,0.10875
32.62,2,-2.70105,2.49142,-3.08444,0.23286,-0.18594,0.12457,0.00306
32.64,0,-4.49158,1.67666,-1.60324,0.49438,0.06175,0.00000,
32.64,1,-3.82445,2.37117,-2.60608,0.27392,0.39463,0.03698,0.11864
32.64,2,-2.70631,2.49072,-3.08198,0.29861,0.34162,0.12452,0.00881
32.66,0,-4.49191,1.66678,-1.60203,0.49439,0.05945,0.00000,
32.66,1,-3.82921,2.36835,-2.59877,0.27755,0.35058,0.03492,0.12853
32.66,2,-2.71285,2.49020,-3.07639,0.38230,0.18336,0.12298,0.01434
32.68,0,-4.49221,1.65689,-1.60087,0.49439,0.05723,0.00000,
32.68,1,-3.83393,2.36551,-2.59184,0.27328,0.34563,0.03280,0.13841
32.68,2,-2.72118,2.48971,-3.07470,0.42222,0.03847,0.11966,0.01986
32.7,0,-4.49251,1.64701,-1.59974,0.49439,0.05509,0.00000,
32.7,1,-3.83853,2.36269,-2.58496,0.26689,0.34089,0.03052,0.14830
32.7,2,-2.72911,2.48923,-3.07380,0.37411,0.06124,0.11662,0.02525
32.72,0,-4.49280,1.63713,-1.59867,0.49440,0.05304,0.00000,
32.72,1,-3.84531,2.35884,-2.58755,0.39475,-0.32916,0.03040,0.00989
32.72,2,-2.73706,2.48876,-3.07201,0.46894,0.14805,0.11584,0.00414
32.74,0,-4.49307,1.62724,-1.59763,0.49440,0.05106,0.00000,
32.74,1,-3.85192,2.35473,-2.59361,0.38478,-0.25735,0.03030,0.01978
32.74,2,-2.74681,2.48812,-3.06852,0.48747,0.15569,0.11313,0.01193
32.76,0,-4.49334,1.61736,-1.59663,0.49440,0.04915,0.00000,
32.76,1,-3.85853,2.35038,-2.59140,0.41286,0.53260,0.03031,0.02966
32.76,2,-2.75609,2.48746,-3.06639,0.44629,0.07508,0.11093,0.01983
32.78,0,-4.49359,1.60747,-1.59566,0.49441,0.04732,0.00000,
32.78,1,-3.86544,2.34617,-2.57626,0.36251,0.79025,0.03034,0.03955
32.78,2,-2.76467,2.48681,-3.06512,0.43563,0.07014,0.10972,0.02793
32.8,0,-4.49384,1.59759,-1.59474,0.49441,0.04555,0.00000,
32.8,1,-3.87123,2.34264,-2.56291,0.33459,0.56159,0.02904,0.04944
32.8,2,-2.77347,2.48614,-3.06351,0.44352,0.08597,0.10709,0.03470
32.82,0,-4.49408,1.58770,-1.59384,0.49441,0.04385,0.00000,
32.82,1,-3.87857,2.33792,-2.54984,0.46941,0.55915,0.02960,0.00989
32.82,2,-2.78283,2.48544,-3.06849,0.50330,-1.50744,0.10563,0.00467
32.84,0,-4.49430,1.57782,-1.59299,0.49441,0.04222,0.00000,
32.84,1,-3.88544,2.33336,-2.54191,0.38803,0.41909,0.02966,0.01978
32.84,2,-2.79321,2.48476,-3.10311,0.48014,-1.68685,0.10268,0.01292
32.86,0,-4.49452,1.56793,-1.59216,0.49442,0.04064,0.00000,
32.86,1,-3.89204,2.32876,-2.52967,0.40847,0.68314,0.02951,0.02966
32.86,2,-2.80258,2.48432,-3.11743,0.48529,0.14408,0.10051,0.02096
32.88,0,-4.49473,1.55804,-1.59136,0.49442,0.03913,0.00000,
32.88,1,-3.89798,2.32462,-2.51709,0.32544,0.56361,0.02853,0.03955
32.88,2,-2.81191,2.48399,-3.10583,0.40188,0.67267,0.09770,0.02820
32.9,0,-4.49494,1.54816,-1.59060,0.49442,0.03767,0.00000,
32.9,1,-3.90326,2.32085,-2.50677,0.32421,0.49816,0.02679,0.04944
32.9,2,-2.82027,2.48366,-3.09787,0.42937,0.18256,0.09516,0.03468
32.92,0,-4.49513,1.53827,-1.58986,0.49442,0.03626,0.00000,
32.92,1,-3.91000,2.31578,-2.49545,0.41854,0.31639,0.02691,0.00989
32.92,2,-2.82960,2.48324,-3.09482,0.56074,0.30138,0.09330,0.00443
32.94,0,-4.49532,1.52838,-1.58915,0.49442,0.03491,0.00000,
32.94,1,-3.91619,2.31079,-2.49085,0.40002,0.30020,0.02657,0.01978
32.94,2,-2.83992,2.48270,-3.09169,0.51131,0.08680,0.08990,0.01238
32.96,0,-4.49550,1.51850,-1.58846,0.49442,0.03361,0.00000,
32.96,1,-3.92252,2.30584,-2.48152,0.40071,0.57378,0.02623,0.02967
32.96,2,-2.85001,2.48208,-3.08955,0.49452,0.14928,0.08690,0.02042
32.98,0,-4.49568,1.50861,-1.58781,0.49443,0.03236,0.00000,
32.98,1,-3.92795,2.30171,-2.47046,0.32304,0.54561,0.02465,0.03955
32.98,2,-2.85860,2.48157,-3.08516,0.38111,0.24306,0.08437,0.02725
33.0,0,-4.49585,1.49872,-1.58717,0.49443,0.03115,0.00000,
33.0,1,-3.93308,2.29769,-2.45965,0.32786,0.52832,0.02273,0.04944
33.0,2,-2.86655,2.48110,-3.08093,0.41111,0.19234,0.08218,0.03376
33.02,0,-4.49601,1.48884,-1.58656,0.49443,0.02999,0.00000,
33.02,1,-3.93817,2.29359,-2.44966,0.31567,0.42222,0.02081,0.05933
33.02,2,-2.87484,2.48059,-3.07722,0.41381,0.18387,0.07964,0.04029
33.04,0,-4.49616,1.47895,-1.58597,0.49443,0.02887,0.00000,
33.04,1,-3.94308,2.28947,-2.44166,0.34582,0.49862,0.01876,0.06922
33.04,2,-2.88272,2.48008,-3.07367,0.41456,0.18544,0.07736,0.04670
33.06,0,-4.49631,1.46906,-1.58541,0.49443,0.02780,0.00000,
33.06,1,-3.94857,2.28483,-2.43101,0.36124,0.52326,0.01740,0.07911
33.06,2,-2.89138,2.47949,-3.06988,0.43938,0.18813,0.07497,0.05389
33.08,0,-4.49646,1.45917,-1.58486,0.49443,0.02676,0.00000,
33.08,1,-3.95388,2.28026,-2.42141,0.33980,0.44803,0.01584,0.08900
33.08,2,-2.89993,2.47888,-3.06626,0.41697,0.17556,0.07251,0.06089
33.1,0,-4.49660,1.44929,-1.58434,0.49443,0.02577,0.00000,
33.1,1,-3.95885,2.27590,-2.41281,0.32557,0.42331,0.01387,0.09889
33.1,2,-2.90801,2.47827,-3.06284,0.39882,0.16774,0.07015,0.06750
33.12,0,-4.49673,1.43940,-1.58384,0.49443,0.02481,0.00000,
33.12,1,-3.96488,2.27062,-2.42219,0.41062,-0.82869,0.01319,0.00989
33.12,2,-2.91579,2.47765,-3.05943,0.36376,0.18943,0.06932,0.07550
33.14,0,-4.49686,1.42951,-1.58335,0.49443,0.02388,0.00000,
33.14,1,-3.97105,2.26514,-2.43700,0.41477,-0.44038,0.01271,0.01978
33.14,2,-2.92316,2.47702,-3.05604,0.37453,0.15504,0.06910,0.08375
33.16,0,-4.49699,1.41962,-1.58288,0.49443,0.02299,0.00000,
33.16,1,-3.97702,2.25999,-2.43103,0.37501,0.78730,0.01178,0.02967
33.16,2,-2.93063,2.47637,-3.05309,0.37341,0.14467,0.06853,0.09163
33.18,0,-4.49710,1.40974,-1.58243,0.49444,0.02214,0.00000,
33.18,1,-3.98255,2.25525,-2.41321,0.36090,0.81273,0.01022,0.03955
33.18,2,-2.93774,2.47572,-3.04999,0.33754,0.16473,0.06781,0.09891
33.2,0,-4.49722,1.39985,-1.58200,0.49444,0.02131,0.00000,
33.2,1,-3.98799,2.25043,-2.40079,0.36539,0.50648,0.00863,0.04944
33.2,2,-2.94451,2.47509,-3.04706,0.34115,0.13550,0.06739,0.10618
33.22,0,-4.49733,1.38996,-1.58158,0.49444,0.02052,0.00000,
33.22,1,-3.99515,2.24372,-2.38846,0.51788,0.50567,0.00950,0.00989
33.22,2,-2.95128,2.47444,-3.04443,0.33847,0.13066,0.06907,0.11598
33.24,0,-4.49744,1.38007,-1.58118,0.49444,0.01976,0.00000,
33.24,1,-4.00202,2.23701,-2.38022,0.47125,0.41612,0.01016,0.01978
33.24,2,-2.95794,2.47379,-3.04180,0.33112,0.13171,0.07059,0.12555
33.26,0,-4.49754,1.37018,-1.58079,0.49444,0.01902,0.00000,
33.26,1,-4.00842,2.23081,-2.37064,0.42314,0.53013,0.01009,0.02967
33.26,2,-2.96446,2.47314,-3.03920,0.32502,0.12776,0.07171,0.13445
33.28,0,-4.49764,1.36029,-1.58042,0.49444,0.01831,0.00000,
33.28,1,-4.01357,2.22599,-2.36120,0.31665,0.47695,0.00815,0.03955
33.28,2,-2.97081,2.47249,-3.03678,0.32278,0.12099,0.07150,0.14150
33.3,0,-4.49773,1.35041,-1.58006,0.49444,0.01763,0.00000,
33.3,1,-4.01825,2.22145,-2.35013,0.33428,0.58186,0.00570,0.04944
33.3,2,-2.97734,2.47180,-3.03434,0.32974,0.12108,0.07058,0.14800
33.32,0,-4.49783,1.34052,-1.57971,0.49444,0.01698,0.00000,
33.32,1,-4.02297,2.21667,-2.33939,0.32114,0.41653,0.00344,0.05933
33.32,2,-2.98381,2.47110,-3.03199,0.32062,0.11452,0.06985,0.15471
33.34,0,-4.49791,1.33063,-1.57938,0.49444,0.01635,0.00000,
33.34,1,-4.02763,2.21177,-2.33126,0.36828,0.50667,0.00121,0.06922
33.34,2,-2.99008,2.47041,-3.02976,0.31159,0.10951,0.06931,0.16144
33.36,0,-4.49800,1.32074,-1.57906,0.49444,0.01574,0.00000,
33.36,1,-4.03289,2.20623,-2.32043,0.38182,0.53352,0.00021,0.07911
33.36,2,-2.99622,2.46972,-3.02760,0.30744,0.10617,0.06963,0.16905
33.38,0,-4.49808,1.31085,-1.57875,0.49444,0.01515,0.00000,
33.38,1,-4.03790,2.20085,-2.31062,0.35591,0.45908,0.00192,0.08900
33.38,2,-3.00230,2.46903,-3.02552,0.30415,0.10273,0.06977,0.17638
33.4,0,-4.49816,1.30096,-1.57846,0.49444,0.01459,0.00000,
33.4,1,-4.04257,2.19573,-2.30179,0.34115,0.43439,0.00408,0.09889
33.4,2,-3.00829,2.46833,-3.02350,0.29964,0.09906,0.06960,0.18326
33.42,0,-4.49823,1.29108,-1.57817,0.49444,0.01405,0.00000,
33.42,1,-4.04755,2.19048,-2.30191,0.35303,-0.25615,0.00601,0.00989
33.42,2,-3.01419,2.46763,-3.02156,0.29475,0.09554,0.06989,0.19048
33.44,0,-4.49831,1.28119,-1.57790,0.49444,0.01353,0.00000,
33.44,1,-4.05226,2.18547,-2.30645,0.30960,-0.12619,0.00831,0.01978
33.44,2,-3.01937,2.46696,-3.01919,0.25573,0.10214,0.07056,0.19734
33.46,0,-4.49838,1.27130,-1.57763,0.49444,0.01302,0.00000,
33.46,1,-4.05579,2.18139,-2.29367,0.23369,1.40595,0.01200,0.02967
33.46,2,-3.02457,2.46630,-3.01760,0.26461,0.07132,0.06985,0.20269
33.48,0,-4.49845,1.26141,-1.57738,0.49444,0.01254,0.00000,
33.48,1,-4.05917,2.17758,-2.27022,0.27075,0.72197,0.01604,0.03956
33.48,2,-3.02977,2.46565,-3.01608,0.25859,0.08143,0.06894,0.20776
33.5,0,-4.49851,1.25152,-1.57713,0.49444,0.01207,0.00000,
33.5,1,-4.06315,2.17279,-2.25405,0.32660,0.85190,0.01896,0.04944
33.5,2,-3.03481,2.46502,-3.01439,0.25051,0.08515,0.06906,0.21394
33.52,0,-4.49857,1.24163,-1.57689,0.49444,0.01162,0.00000,
33.52,1,-4.06847,2.16590,-2.24265,0.46312,0.45208,0.01944,0.00989
33.52,2,-3.03962,2.46440,-3.01287,0.24489,0.07383,0.07128,0.22253
33.54,0,-4.49863,1.23174,-1.57667,0.49444,0.01119,0.00000,
33.54,1,-4.07380,2.15881,-2.23452,0.43960,0.40883,0.01978,0.01978
33.54,2,-3.04474,2.46373,-3.01127,0.26434,0.08159,0.07328,0.23127
33.56,0,-4.49869,1.22186,-1.57645,0.49444,0.01078,0.00000,
33.56,1,-4.07933,2.15164,-2.22563,0.43526,0.40545,0.01998,0.02967
33.56,2,-3.04992,2.46306,-3.00970,0.25631,0.07500,0.07548,0.24023
33.58,0,-4.49875,1.21197,-1.57624,0.49444,0.01038,0.00000,
33.58,1,-4.08427,2.14553,-2.21769,0.38790,0.48145,0.02144,0.03956
33.58,2,-3.05487,2.46240,-3.00827,0.24490,0.06995,0.07706,0.24802
33.6,0,-4.49880,1.20208,-1.57603,0.49444,0.00999,0.00000,
33.6,1,-4.08898,2.13940,-2.20766,0.38543,0.48522,0.02300,0.04944
33.6,2,-3.05967,2.46176,-3.00689,0.24116,0.06820,0.07860,0.25568
33.62,0,-4.49885,1.19219,-1.57584,0.49444,0.00962,0.00000,
33.62,1,-4.09356,2.13326,-2.19889,0.38059,0.40513,0.02464,0.05933
33.62,2,-3.06513,2.46103,-3.00414,0.29587,0.09373,0.07940,0.00382
33.64,0,-4.49890,1.18230,-1.57565,0.49444,0.00926,0.00000,
33.64,1,-4.09799,2.12717,-2.19108,0.37324,0.38734,0.02641,0.06922
33.64,2,-3.07084,2.46033,-3.00081,0.29050,0.13062,0.07983,0.01135
33.66,0,-4.49895,1.17241,-1.57547,0.49444,0.00892,0.00000,
33.66,1,-4.10229,2.12116,-2.18327,0.36707,0.39202,0.02833,0.07911
33.66,2,-3.07684,2.45960,-2.99779,0.33820,0.24376,0.07985,0.01874
33.68,0,-4.49900,1.16252,-1.57529,0.49444,0.00859,0.00000,
33.68,1,-4.10648,2.11519,-2.17553,0.36223,0.38115,0.03036,0.08900
33.68,2,-3.08471,2.45841,-2.99069,0.42485,0.39235,0.07787,0.02603
33.7,0,-4.49904,1.15263,-1.57512,0.49444,0.00827,0.00000,
33.7,1,-4.11057,2.10928,-2.16809,0.35726,0.36425,0.03251,0.09889
33.7,2,-3.09285,2.45712,-2.98347,0.38612,0.32316,0.07552,0.03322
33.72,0,-4.49908,1.14275,-1.57496,0.49444,0.00796,0.00000,
33.72,1,-4.11502,2.10302,-2.16852,0.37457,-0.28454,0.03423,0.00989
33.72,2,-3.10103,2.45581,-2.97568,0.51014,0.58934,0.07361,0.00376
33.74,0,-4.49913,1.13286,-1.57481,0.49444,0.00767,0.00000,
33.74,1,-4.11939,2.09678,-2.17436,0.42330,-0.50040,0.03603,0.01978
33.74,2,-3.11133,2.45403,-2.96423,0.50041,0.48297,0.06949,0.01137
33.76,0,-4.49916,1.12297,-1.57466,0.49444,0.00738,0.00000,
33.76,1,-4.12542,2.08870,-2.18757,0.50872,-0.21202,0.03553,0.02967
33.76,2,-3.12067,2.45236,-2.95682,0.44531,0.29355,0.06854,0.02146
33.78,0,-4.49920,1.11308,-1.57451,0.49444,0.00711,0.00000,
33.78,1,-4.13139,2.08011,-2.18741,0.50505,0.17078,0.03462,0.03956
33.78,2,-3.12799,2.45086,-2.94989,0.27478,0.47845,0.06970,0.03192
33.8,0,-4.49924,1.10319,-1.57437,0.49444,0.00685,0.00000,
33.8,1,-4.13703,2.07213,-2.18029,0.47420,0.49721,0.03443,0.04944
33.8,2,-3.13321,2.44948,-2.93929,0.28141,0.52749,0.07241,0.04169
33.82,0,-4.49928,1.09330,-1.57424,0.49444,0.00659,0.00000,
33.82,1,-4.14389,2.06219,-2.16805,0.64805,0.55844,0.03201,0.00989
33.82,2,-3.13920,2.44820,-2.93190,0.32385,0.24797,0.07629,0.05376
33.84,0,-4.49931,1.08341,-1.57411,0.49444,0.00635,0.00000,
33.84,1,-4.15060,2.05260,-2.15671,0.48018,0.36425,0.03002,0.01978
33.84,2,-3.14522,2.44693,-2.92892,0.34771,0.18633,0.07994,0.06546
33.86,0,-4.49934,1.07352,-1.57398,0.49444,0.00611,0.00000,
33.86,1,-4.15554,2.04539,-2.15038,0.38512,0.15407,0.03089,0.02967
33.86,2,-3.15280,2.44530,-2.92377,0.39971,0.28966,0.07955,0.07421
33.88,0,-4.49937,1.06364,-1.57386,0.49444,0.00589,0.00000,
33.88,1,-4.15980,2.03910,-2.14368,0.37952,0.47799,0.03288,0.03956
33.88,2,-3.16026,2.44366,-2.91816,0.36270,0.26302,0.07831,0.08180
33.9,0,-4.49940,1.05375,-1.57375,0.49444,0.00567,0.00000,
33.9,1,-4.16398,2.03268,-2.13306,0.38522,0.52451,0.03480,0.04944
33.9,2,-3.16698,2.44214,-2.91333,0.33499,0.22938,0.07780,0.08946
33.92,0,-4.49943,1.04386,-1.57364,0.49444,0.00546,0.00000,
33.92,1,-4.16934,2.02378,-2.11984,0.53421,0.71123,0.03402,0.00989
33.92,2,-3.17448,2.44059,-2.90752,0.43973,0.66275,0.07865,0.00554
33.94,0,-4.49946,1.03397,-1.57353,0.49444,0.00526,0.00000,
33.94,1,-4.17476,2.01477,-2.10568,0.49238,0.69283,0.03315,0.01978
33.94,2,-3.18305,2.43887,-2.89505,0.43944,0.64291,0.07858,0.01605
33.96,0,-4.49949,1.02408,-1.57343,0.49444,0.00506,0.00000,
33.96,1,-4.17985,2.00637,-2.09347,0.48607,0.47513,0.03299,0.02967
33.96,2,-3.19187,2.43658,-2.88405,0.45881,0.35618,0.07758,0.02587
33.98,0,-4.49951,1.01419,-1.57333,0.49444,0.00487,0.00000,
33.98,1,-4.18428,1.99939,-2.08859,0.35464,0.17641,0.03440,0.03956
33.98,2,-3.20145,2.43409,-2.87934,0.51396,0.18309,0.07467,0.03414
34.0,0,-4.49954,1.00430,-1.57323,0.49444,0.00469,0.00000,
34.0,1,-4.18803,1.99315,-2.08063,0.37297,0.50863,0.03675,0.04944
34.0,2,-3.21190,2.43132,-2.87445,0.54779,0.29022,0.06997,0.04142
34.02,0,-4.49956,0.99441,-1.57314,0.49444,0.00452,0.00000,
34.02,1,-4.19169,1.98666,-2.07074,0.35325,0.48706,0.03891,0.05933
34.02,2,-3.22219,2.42853,-2.86830,0.51799,0.30514,0.06545,0.04887
34.04,0,-4.49959,0.98452,-1.57305,0.49444,0.00435,0.00000,
34.04,1,-4.19541,1.97990,-2.06280,0.41287,0.32522,0.04082,0.06922
34.04,2,-3.23188,2.42582,-2.86264,0.49482,0.26556,0.06171,0.05658
34.06,0,-4.49961,0.97464,-1.57297,0.49444,0.00419,0.00000,
34.06,1,-4.19936,1.97254,-2.05650,0.41241,0.32592,0.04209,0.07911
34.06,2,-3.24134,2.42311,-2.85756,0.49114,0.24830,0.05869,0.06493
34.08,0,-4.49963,0.96475,-1.57288,0.49444,0.00404,0.00000,
34.08,1,-4.20307,1.96552,-2.04957,0.38488,0.35628,0.04379,0.08900
34.08,2,-3.25056,2.42037,-2.85207,0.42679,0.42210,0.05554,0.07286
34.1,0,-4.49965,0.95486,-1.57281,0.49444,0.00389,0.00000,
34.1,1,-4.20654,1.95882,-2.04254,0.37416,0.34330,0.04588,0.09889
34.1,2,-3.25886,2.41776,-2.84612,0.44243,0.21309,0.05296,0.08040
34.12,0,-4.49967,0.94497,-1.57273,0.49444,0.00374,0.00000,
34.12,1,-4.20992,1.95274,-2.03050,0.30951,0.62170,0.04859,0.00989
34.12,2,-3.26701,2.41516,-2.84019,0.43659,0.71250,0.05020,0.00312
34.14,0,-4.49969,0.93508,-1.57266,0.49444,0.00361,0.00000,
34.14,1,-4.21289,1.94843,-2.02026,0.20570,0.39739,0.05315,0.01978
34.14,2,-3.27527,2.41262,-2.82661,0.41545,0.64420,0.04623,0.00835
34.16,0,-4.49971,0.92519,-1.57259,0.49444,0.00347,0.00000,
34.16,1,-4.21564,1.94460,-2.01569,0.27773,0.09501,0.05824,0.02967
34.16,2,-3.28223,2.41038,-2.81827,0.32576,0.24636,0.04318,0.01306
34.18,0,-4.49973,0.91530,-1.57252,0.49444,0.00334,0.00000,
34.18,1,-4.21848,1.93899,-2.00971,0.33661,0.54542,0.06162,0.03956
34.18,2,-3.28795,2.40842,-2.81462,0.29528,0.18139,0.04223,0.01932
34.2,0,-4.49974,0.90541,-1.57245,0.49444,0.00322,0.00000,
34.2,1,-4.22161,1.93199,-1.99400,0.39733,0.84902,0.06358,0.04944
34.2,2,-3.29266,2.40665,-2.80835,0.25215,0.29688,0.04319,0.02694
34.22,0,-4.49976,0.89552,-1.57239,0.49444,0.00310,0.00000,
34.22,1,-4.22499,1.92452,-1.98367,0.41204,0.29495,0.06505,0.05933
34.22,2,-3.29782,2.40484,-2.80276,0.22610,0.39577,0.04420,0.00414
34.24,0,-4.49977,0.88564,-1.57233,0.49444,0.00299,0.00000,
34.24,1,-4.22845,1.91670,-1.98035,0.43329,0.14703,0.06617,0.06922
34.24,2,-3.30207,2.40319,-2.79452,0.23483,0.47573,0.04635,0.01269
34.26,0,-4.49979,0.87575,-1.57227,0.49444,0.00288,0.00000,
34.26,1,-4.23185,1.90887,-1.97598,0.41932,0.27569,0.06730,0.07911
34.26,2,-3.30685,2.40125,-2.78766,0.32230,0.26920,0.04789,0.02123
34.28,0,-4.49980,0.86586,-1.57221,0.49444,0.00277,0.00000,
34.28,1,-4.23509,1.90132,-1.96997,0.40464,0.30138,0.06877,0.08900
34.28,2,-3.31434,2.39847,-2.78261,0.43216,0.23694,0.04639,0.02944
34.3,0,-4.49982,0.85597,-1.57216,0.49444,0.00267,0.00000,
34.3,1,-4.23821,1.89392,-1.96438,0.39979,0.26094,0.07042,0.09889
34.3,2,-3.32202,2.39560,-2.77855,0.40756,0.24770,0.04454,0.03747
34.32,0,-4.49983,0.84608,-1.57211,0.49444,0.00257,0.00000,
34.32,1,-4.24128,1.88690,-1.95464,0.34704,0.48482,0.07246,0.00989
34.32,2,-3.32935,2.39283,-2.77324,0.37837,0.26256,0.04287,0.04513
34.34,0,-4.49985,0.83619,-1.57206,0.49444,0.00247,0.00000,
34.34,1,-4.24382,1.88096,-1.94673,0.27954,0.16820,0.07568,0.01978
34.34,2,-3.33608,2.39021,-2.76807,0.31615,0.33865,0.04083,0.05160
34.36,0,-4.49986,0.82630,-1.57201,0.49444,0.00238,0.00000,
34.36,1,-4.24637,1.87518,-1.94693,0.33493,0.04127,0.07908,0.02967
34.36,2,-3.34175,2.38785,-2.76256,0.31674,0.18888,0.03979,0.05791
34.38,0,-4.49987,0.81641,-1.57196,0.49444,0.00230,0.00000,
34.38,1,-4.24910,1.86876,-1.94006,0.37608,0.47849,0.08181,0.03956
34.38,2,-3.34774,2.38543,-2.75932,0.32473,0.16454,0.03894,0.06489
34.4,0,-4.49988,0.80653,-1.57192,0.49444,0.00221,0.00000,
34.4,1,-4.25189,1.86159,-1.93131,0.40382,0.34868,0.08382,0.04944
34.4,2,-3.35367,2.38304,-2.75558,0.31466,0.20189,0.03860,0.07258
34.42,0,-4.49989,0.79664,-1.57187,0.49444,0.00213,0.00000,
34.42,1,-4.25576,1.85053,-1.92236,0.60485,0.67083,0.08180,0.00989
34.42,2,-3.35923,2.38076,-2.75221,0.30629,0.17611,0.04159,0.08427
34.44,0,-4.49990,0.78675,-1.57183,0.49444,0.00205,0.00000,
34.44,1,-4.26003,1.83921,-1.90894,0.60438,0.67401,0.07945,0.01978
34.44,2,-3.36529,2.37827,-2.74802,0.33713,0.21749,0.04458,0.09636
34.46,0,-4.49991,0.77686,-1.57179,0.49444,0.00197,0.00000,
34.46,1,-4.26420,1.82865,-1.89639,0.56257,0.37278,0.07788,0.02967
34.46,2,-3.37143,2.37572,-2.74400,0.32512,0.18505,0.04705,0.10771
34.48,0,-4.49992,0.76697,-1.57175,0.49444,0.00190,0.00000,
34.48,1,-4.26772,1.81991,-1.89661,0.39567,-0.12410,0.07824,0.03956
34.48,2,-3.37724,2.37328,-2.74054,0.30848,0.16758,0.04841,0.11713
34.5,0,-4.49993,0.75708,-1.57172,0.49444,0.00183,0.00000,
34.5,1,-4.27061,1.81219,-1.89442,0.42478,0.24224,0.07975,0.04944
34.5,2,-3.38286,2.37090,-2.73720,0.30393,0.16689,0.04893,0.12537
34.52,0,-4.49994,0.74719,-1.57168,0.49444,0.00176,0.00000,
34.52,1,-4.27393,1.80223,-1.89050,0.48939,0.30090,0.07898,0.00989
34.52,2,-3.38937,2.36827,-2.73208,0.40043,0.76547,0.05016,0.00529
34.54,0,-4.49995,0.73730,-1.57164,0.49444,0.00170,0.00000,
34.54,1,-4.27717,1.79331,-1.88099,0.47699,0.46275,0.07925,0.01978
34.54,2,-3.39683,2.36537,-2.71695,0.40075,0.77252,0.04988,0.01478
34.56,0,-4.49996,0.72741,-1.57161,0.49444,0.00164,0.00000,
34.56,1,-4.28022,1.78424,-1.87582,0.43044,-0.00547,0.07942,0.02967
34.56,2,-3.40409,2.36183,-2.70245,0.39233,0.50613,0.04939,0.02435
34.58,0,-4.49997,0.71753,-1.57158,0.49444,0.00158,0.00000,
34.58,1,-4.28304,1.77629,-1.87476,0.43489,0.17989,0.08076,0.03956
34.58,2,-3.41223,2.35791,-2.69740,0.52613,0.20731,0.04719,0.03278
34.6,0,-4.49997,0.70764,-1.57155,0.49444,0.00152,0.00000,
34.6,1,-4.28575,1.76791,-1.86975,0.43987,0.26292,0.08170,0.04944
34.6,2,-3.42236,2.35317,-2.69283,0.56086,0.25527,0.04306,0.04159
34.62,0,-4.49998,0.69775,-1.57152,0.49444,0.00146,0.00000,
34.62,1,-4.28884,1.75721,-1.86064,0.57111,0.58480,0.08029,0.00989
34.62,2,-3.43194,2.34862,-2.68734,0.50355,0.27892,0.04118,0.05272
34.64,0,-4.49999,0.68786,-1.57149,0.49444,0.00141,0.00000,
34.64,1,-4.29204,1.74624,-1.84894,0.57111,0.58473,0.07862,0.01978
34.64,2,-3.44065,2.34439,-2.68204,0.47605,0.25189,0.04050,0.06414
34.66,0,-4.50000,0.67797,-1.57146,0.49444,0.00136,0.00000,
34.66,1,-4.29503,1.73588,-1.83913,0.53591,0.26769,0.07758,0.02967
34.66,2,-3.44868,2.34034,-2.67611,0.43178,0.30005,0.04004,0.07491
34.68,0,-4.50000,0.66808,-1.57144,0.49444,0.00131,0.00000,
34.68,1,-4.29782,1.72743,-1.84090,0.39598,-0.12856,0.07847,0.03956
34.68,2,-3.45654,2.33633,-2.67156,0.44646,0.19032,0.03851,0.08381
34.7,0,-4.50001,0.65819,-1.57141,0.49444,0.00126,0.00000,
34.7,1,-4.30022,1.71983,-1.84122,0.40137,0.07272,0.08027,0.04944
34.7,2,-3.46446,2.33229,-2.66776,0.44044,0.19952,0.03615,0.09178
34.72,0,-4.50001,0.64830,-1.57139,0.49444,0.00121,0.00000,
34.72,1,-4.30289,1.70954,-1.83283,0.52432,0.69022,0.07939,0.00989
34.72,2,-3.47238,2.32831,-2.66103,0.40221,0.78731,0.03568,0.00547
34.74,0,-4.50002,0.63841,-1.57136,0.49444,0.00117,0.00000,
34.74,1,-4.30572,1.69942,-1.81934,0.52866,0.61949,0.07865,0.01978
34.74,2,-3.47937,2.32473,-2.64782,0.39684,0.69414,0.03628,0.01598
34.76,0,-4.50003,0.62853,-1.57134,0.49444,0.00113,0.00000,
34.76,1,-4.30873,1.68954,-1.80964,0.52067,0.26844,0.07812,0.02967
34.76,2,-3.48642,2.32063,-2.63600,0.45317,0.42883,0.03657,0.02630
34.78,0,-4.50003,0.61864,-1.57132,0.49444,0.00108,0.00000,
34.78,1,-4.31125,1.68047,-1.81029,0.43818,-0.09549,0.07849,0.03956
34.78,2,-3.49576,2.31549,-2.62976,0.57286,0.23982,0.03357,0.03572
34.8,0,-4.50004,0.60875,-1.57130,0.49444,0.00104,0.00000,
34.8,1,-4.31339,1.67186,-1.80923,0.44521,0.14981,0.07937,0.04944
34.8,2,-3.50563,2.31003,-2.62512,0.54283,0.24481,0.02944,0.04459
34.82,0,-4.50004,0.59886,-1.57128,0.49444,0.00101,0.00000,
34.82,1,-4.31543,1.66330,-1.80581,0.43435,0.15888,0.08033,0.05933
34.82,2,-3.51437,2.30506,-2.62268,0.49883,-0.56615,0.02643,0.00437
34.84,0,-4.50005,0.58897,-1.57126,0.49444,0.00097,0.00000,
34.84,1,-4.31741,1.65498,-1.80334,0.42281,0.10046,0.08154,0.06922
34.84,2,-3.52305,2.30013,-2.63401,0.49881,-0.56616,0.02335,0.01292
34.86,0,-4.50005,0.57908,-1.57124,0.49444,0.00093,0.00000,
34.86,1,-4.31935,1.64682,-1.80146,0.41652,0.09525,0.08292,0.07911
34.86,2,-3.53031,2.29572,-2.64813,0.29181,-0.60537,0.02160,0.02130
34.88,0,-4.50006,0.56919,-1.57122,0.49444,0.00090,0.00000,
34.88,1,-4.32124,1.63876,-1.79944,0.41169,0.10425,0.08442,0.08900
34.88,2,-3.53445,2.29300,-2.65368,0.23666,-0.16302,0.02326,0.02958
34.9,0,-4.50006,0.55930,-1.57120,0.49444,0.00087,0.00000,
34.9,1,-4.32309,1.63081,-1.79737,0.40575,0.10143,0.08602,0.09889
34.9,2,-3.53838,2.29104,-2.65295,0.23071,0.23127,0.02551,0.03775
34.92,0,-4.50006,0.54941,-1.57118,0.49444,0.00083,0.00000,
34.92,1,-4.32490,1.62297,-1.79541,0.39928,0.09526,0.08775,0.10878
34.92,2,-3.54307,2.28837,-2.64719,0.26968,0.19951,0.02665,0.04579
34.94,0,-4.50007,0.53953,-1.57117,0.49444,0.00080,0.00000,
34.94,1,-4.32666,1.61525,-1.79355,0.39313,0.09178,0.08961,0.11867
34.94,2,-3.54845,2.28519,-2.64384,0.34145,0.08595,0.02686,0.05371
34.96,0,-4.50007,0.52964,-1.57115,0.49444,0.00077,0.00000,
34.96,1,-4.32839,1.60764,-1.79174,0.38731,0.08926,0.09159,0.12856
34.96,2,-3.55460,2.28196,-2.64163,0.34943,0.21885,0.02638,0.06151
34.98,0,-4.50007,0.51975,-1.57114,0.49444,0.00075,0.00000,
34.98,1,-4.33007,1.60015,-1.78999,0.38154,0.08630,0.09369,0.13844
34.98,2,-3.56069,2.27862,-2.63463,0.34483,0.41676,0.02580,0.06919
35.0,0,-4.50008,0.50986,-1.57112,0.49444,0.00072,0.00000,
35.0,1,-4.33172,1.59276,-1.78830,0.37578,0.08323,0.09591,0.14833
35.0,2,-3.56663,2.27529,-2.62643,0.33720,0.38579,0.02528,0.07676
35.02,0,-4.50008,0.49997,-1.57111,0.49444,0.00069,0.00000,
35.02,1,-4.33373,1.58248,-1.78098,0.57768,0.45138,0.09521,0.00989
35.02,2,-3.57244,2.27199,-2.61939,0.33170,0.33071,0.02712,0.08723
35.04,0,-4.50008,0.49008,-1.57109,0.49444,0.00067,0.00000,
35.04,1,-4.33605,1.57209,-1.77300,0.48857,0.30066,0.09437,0.01978
35.04,2,-3.57815,2.26870,-2.61293,0.32734,0.32104,0.02941,0.09788
35.06,0,-4.50009,0.48019,-1.57108,0.49444,0.00064,0.00000,
35.06,1,-4.33817,1.56189,-1.77134,0.53731,-0.01745,0.09375,0.02967
35.06,2,-3.58376,2.26542,-2.60653,0.32278,0.31837,0.03156,0.10830
35.08,0,-4.50009,0.47030,-1.57107,0.49444,0.00062,0.00000,
35.08,1,-4.34023,1.55224,-1.77244,0.45708,-0.02517,0.09368,0.03956
35.08,2,-3.58927,2.26216,-2.60028,0.31794,0.30678,0.03341,0.11816
35.1,0,-4.50009,0.46041,-1.57106,0.49444,0.00060,0.00000,
35.1,1,-4.34212,1.54327,-1.77044,0.45879,0.16326,0.09432,0.04944
35.1,2,-3.59464,2.25892,-2.59423,0.29469,0.31998,0.03484,0.12732
35.12,0,-4.50010,0.45053,-1.57104,0.49444,0.00057,0.00000,
35.12,1,-4.34395,1.53432,-1.76739,0.45390,0.12543,0.09499,0.05933
35.12,2,-3.59975,2.25588,-2.58476,0.30591,0.94987,0.03657,0.00455
35.14,0,-4.50010,0.44064,-1.57103,0.49444,0.00055,0.00000,
35.14,1,-4.34572,1.52553,-1.76550,0.44421,0.07870,0.09582,0.06922
35.14,2,-3.60503,2.25262,-2.56507,0.30967,0.96710,0.03792,0.01353
35.16,0,-4.50010,0.43075,-1.57102,0.49444,0.00053,0.00000,
35.16,1,-4.34742,1.51690,-1.76392,0.43607,0.08369,0.09683,0.07911
35.16,2,-3.61010,2.24912,-2.55318,0.31595,0.20496,0.03912,0.02232
35.18,0,-4.50010,0.42086,-1.57101,0.49444,0.00051,0.00000,
35.18,1,-4.34908,1.50854,-1.76235,0.39862,0.04261,0.09811,0.08900
35.18,2,-3.61675,2.24470,-2.54814,0.44483,0.31700,0.03839,0.03084
35.2,0,-4.50010,0.41097,-1.57100,0.49444,0.00049,0.00000,
35.2,1,-4.35065,1.50065,-1.76082,0.40497,0.09684,0.09988,0.09889
35.2,2,-3.62418,2.23976,-2.54060,0.43190,0.40444,0.03636,0.03888
35.22,0,-4.50011,0.40108,-1.57099,0.49444,0.00048,0.00000,
35.22,1,-4.35213,1.49273,-1.75550,0.36334,0.28737,0.10163,0.00989
35.22,2,-3.63068,2.23536,-2.53094,0.34191,0.70407,0.03537,0.00370
35.24,0,-4.50011,0.39119,-1.57098,0.49444,0.00046,0.00000,
35.24,1,-4.35348,1.48502,-1.75158,0.42971,0.10681,0.10362,0.01978
35.24,2,-3.63592,2.23173,-2.51720,0.29553,0.55755,0.03559,0.01152
35.26,0,-4.50011,0.38130,-1.57097,0.49444,0.00044,0.00000,
35.26,1,-4.35517,1.47614,-1.74986,0.46245,0.09834,0.10439,0.02967
35.26,2,-3.64078,2.22831,-2.50865,0.31827,0.34727,0.03736,0.02056
35.28,0,-4.50011,0.37141,-1.57097,0.49444,0.00043,0.00000,
35.28,1,-4.35703,1.46616,-1.74847,0.52596,0.06397,0.10406,0.03956
35.28,2,-3.64613,2.22437,-2.50262,0.33633,0.29265,0.03935,0.03072
35.3,0,-4.50011,0.36153,-1.57096,0.49444,0.00041,0.00000,
35.3,1,-4.35885,1.45606,-1.74692,0.49555,0.08819,0.10362,0.04944
35.3,2,-3.65115,2.22051,-2.49908,0.34287,0.28682,0.04173,0.04098
35.32,0,-4.50012,0.35164,-1.57095,0.49444,0.00040,0.00000,
35.32,1,-4.36052,1.44670,-1.74508,0.46335,0.09139,0.10393,0.05933
35.32,2,-3.65713,2.21603,-2.49069,0.33269,0.42036,0.04241,0.00468
35.34,0,-4.50012,0.34175,-1.57094,0.49444,0.00038,0.00000,
35.34,1,-4.36211,1.43766,-1.74335,0.45881,0.08296,0.10456,0.06922
35.34,2,-3.66242,2.21199,-2.48227,0.33268,0.42013,0.04363,0.01386
35.36,0,-4.50012,0.33186,-1.57093,0.49444,0.00037,0.00000,
35.36,1,-4.36369,1.42860,-1.74174,0.45962,0.07905,0.10519,0.07911
35.36,2,-3.66766,2.20775,-2.47357,0.33063,0.38757,0.04477,0.02306
35.38,0,-4.50012,0.32197,-1.57093,0.49444,0.00035,0.00000,
35.38,1,-4.36521,1.42011,-1.74069,0.42637,0.06864,0.10639,0.08900
35.38,2,-3.67330,2.20328,-2.46761,0.35507,0.14384,0.04504,0.03168
35.4,0,-4.50012,0.31208,-1.57092,0.49444,0.00034,0.00000,
35.4,1,-4.36668,1.41167,-1.73895,0.42795,0.09189,0.10766,0.09889
35.4,2,-3.67940,2.19833,-2.46387,0.42995,0.31867,0.04459,0.04025
35.42,0,-4.50012,0.30219,-1.57091,0.49444,0.00033,0.00000,
35.42,1,-4.36810,1.40331,-1.73729,0.42010,0.07473,0.10900,0.10878
35.42,2,-3.68626,2.19287,-2.45623,0.43208,0.39056,0.04323,0.04873
35.44,0,-4.50012,0.29230,-1.57091,0.49444,0.00032,0.00000,
35.44,1,-4.36948,1.39525,-1.73608,0.38035,0.02564,0.11066,0.11867
35.44,2,-3.69268,2.18768,-2.44929,0.39789,0.30852,0.04211,0.05690
35.46,0,-4.50012,0.28241,-1.57090,0.49444,0.00030,0.00000,
35.46,1,-4.37077,1.38770,-1.73496,0.38614,0.07604,0.11283,0.12856
35.46,2,-3.69866,2.18273,-2.44363,0.38399,0.27293,0.04107,0.06457
35.48,0,-4.50013,0.27253,-1.57089,0.49444,0.00029,0.00000,
35.48,1,-4.37205,1.38007,-1.73337,0.38553,0.07636,0.11492,0.13844
35.48,2,-3.70455,2.17780,-2.43812,0.38488,0.27940,0.04016,0.07230
35.5,0,-4.50013,0.26264,-1.57089,0.49444,0.00028,0.00000,
35.5,1,-4.37329,1.37255,-1.73201,0.37705,0.06185,0.11713,0.14833
35.5,2,-3.71041,2.17282,-2.43253,0.38270,0.27676,0.03916,0.07992
35.52,0,-4.50013,0.25275,-1.57088,0.49444,0.00027,0.00000,
35.52,1,-4.37448,1.36519,-1.73082,0.36928,0.05908,0.11952,0.15822
35.52,2,-3.71591,2.16816,-2.42397,0.30957,0.82906,0.03849,0.00371
35.54,0,-4.50013,0.24286,-1.57088,0.49444,0.00026,0.00000,
35.54,1,-4.37565,1.35798,-1.72960,0.35138,0.07549,0.12205,0.16811
35.54,2,-3.71994,2.16505,-2.40766,0.22255,0.73781,0.03986,0.01101
35.56,0,-4.50013,0.23297,-1.57087,0.49444,0.00025,0.00000,
35.56,1,-4.37679,1.35083,-1.72834,0.36948,0.05490,0.12464,0.17800
35.56,2,-3.72368,2.16208,-2.39587,0.26464,0.37549,0.04148,0.01825
35.58,0,-4.50013,0.22308,-1.57087,0.49444,0.00024,0.00000,
35.58,1,-4.37796,1.34352,-1.72730,0.36779,0.05191,0.12708,0.18789
35.58,2,-3.72806,2.15813,-2.39159,0.29983,0.13515,0.04209,0.02566
35.6,0,-4.50013,0.21319,-1.57086,0.49444,0.00024,0.00000,
35.6,1,-4.37908,1.33638,-1.72623,0.35593,0.05408,0.12969,0.19778
35.6,2,-3.73251,2.15395,-2.38901,0.33869,0.23278,0.04234,0.03288
35.62,0,-4.50013,0.20330,-1.57086,0.49444,0.00023,0.00000,
35.62,1,-4.38017,1.32944,-1.72516,0.34837,0.05253,0.13251,0.20767
35.62,2,-3.73797,2.14882,-2.38125,0.41855,0.58954,0.04106,0.00349
35.64,0,-4.50013,0.19341,-1.57085,0.49444,0.00022,0.00000,
35.64,1,-4.38123,1.32260,-1.72414,0.34464,0.04986,0.13543,0.21756
35.64,2,-3.74394,2.14311,-2.37072,0.38479,0.37093,0.03893,0.01042
35.66,0,-4.50013,0.18353,-1.57085,0.49444,0.00021,0.00000,
35.66,1,-4.38228,1.31583,-1.72316,0.34035,0.04808,0.13842,0.22744
35.66,2,-3.74911,2.13811,-2.36496,0.34150,0.24153,0.03781,0.01727
35.68,0,-4.50013,0.17364,-1.57085,0.49444,0.00020,0.00000,
35.68,1,-4.38326,1.30986,-1.72284,0.29563,0.03327,0.14221,0.23733
35.68,2,-3.75382,2.13349,-2.36029,0.30852,0.22480,0.03661,0.02332
35.7,0,-4.50013,0.16375,-1.57084,0.49444,0.00020,0.00000,
35.7,1,-4.38420,1.30388,-1.72167,0.30548,0.06618,0.14601,0.24722
35.7,2,-3.75772,2.12970,-2.35607,0.27383,0.24212,0.03656,0.02937
35.72,0,-4.50013,0.15386,-1.57084,0.49444,0.00019,0.00000,
35.72,1,-4.38529,1.29532,-1.71381,0.40712,0.67145,0.14723,0.00989
35.72,2,-3.76170,2.12575,-2.35079,0.28337,0.26666,0.03850,0.03799
35.74,0,-4.50013,0.14397,-1.57083,0.49444,0.00018,0.00000,
35.74,1,-4.38649,1.28792,-1.70005,0.38372,0.54910,0.14958,0.01978
35.74,2,-3.76560,2.12182,-2.34608,0.26010,0.16889,0.03966,0.04549
35.76,0,-4.50013,0.13408,-1.57083,0.49444,0.00017,0.00000,
35.76,1,-4.38780,1.27895,-1.69721,0.51327,-0.08793,0.15037,0.02967
35.76,2,-3.76955,2.11778,-2.34197,0.30192,0.24592,0.04205,0.05455
35.78,0,-4.50013,0.12419,-1.57083,0.49444,0.00017,0.00000,
35.78,1,-4.38917,1.26817,-1.69917,0.52244,-0.01722,0.14935,0.03956
35.78,2,-3.77383,2.11338,-2.33695,0.30433,0.24236,0.04548,0.06542
35.8,0,-4.50013,0.11430,-1.57082,0.49444,0.00016,0.00000,
35.8,1,-4.39055,1.25739,-1.69842,0.55147,0.07169,0.14833,0.04944
35.8,2,-3.77790,2.10915,-2.33249,0.28526,0.20980,0.04921,0.07629
35.82,0,-4.50014,0.10442,-1.57082,0.49444,0.00016,0.00000,
35.82,1,-4.39202,1.24286,-1.69506,0.80192,0.23135,0.14357,0.00989
35.82,2,-3.78276,2.10402,-2.32845,0.52196,0.19677,0.05489,0.00797
35.84,0,-4.50014,0.09453,-1.57082,0.49444,0.00015,0.00000,
35.84,1,-4.39359,1.22887,-1.68809,0.68850,0.36967,0.13934,0.01978
35.84,2,-3.78958,2.09676,-2.32473,0.45090,0.16516,0.05738,0.02204
35.86,0,-4.50014,0.08464,-1.57081,0.49444,0.00015,0.00000,
35.86,1,-4.39534,1.21658,-1.68258,0.47124,0.08229,0.13679,0.02967
35.86,2,-3.79572,2.09015,-2.32141,0.45090,0.16482,0.05956,0.03445
35.88,0,-4.50014,0.07475,-1.57081,0.49444,0.00014,0.00000,
35.88,1,-4.39660,1.20722,-1.68115,0.47618,0.07022,0.13720,0.03956
35.88,2,-3.80194,2.08323,-2.31734,0.53537,0.31510,0.05878,0.04390
35.9,0,-4.50014,0.06486,-1.57081,0.49444,0.00013,0.00000,
35.9,1,-4.39769,1.19764,-1.68015,0.48541,0.03373,0.13740,0.04944
35.9,2,-3.81009,2.07428,-2.31139,0.64985,0.30961,0.05536,0.05355
35.92,0,-4.50014,0.05497,-1.57081,0.49444,0.00013,0.00000,
35.92,1,-4.39874,1.18836,-1.67928,0.46783,0.04429,0.13791,0.05933
35.92,2,-3.81880,2.06477,-2.30537,0.62931,0.27515,0.05092,0.06288
35.94,0,-4.50014,0.04508,-1.57080,0.49444,0.00013,0.00000,
35.94,1,-4.39985,1.17832,-1.67884,0.52240,0.01428,0.13767,0.06922
35.94,2,-3.82750,2.05518,-2.30002,0.65368,0.26361,0.04712,0.07298
35.96,0,-4.50014,0.03519,-1.57080,0.49444,0.00012,0.00000,
35.96,1,-4.40097,1.16807,-1.67844,0.50394,0.02637,0.13720,0.07911
35.96,2,-3.83611,2.04558,-2.29489,0.63358,0.25015,0.04360,0.08330
35.98,0,-4.50014,0.02530,-1.57080,0.49444,0.00012,0.00000,
35.98,1,-4.40201,1.15838,-1.67783,0.47625,0.03181,0.13731,0.08900
35.98,2,-3.84416,2.03654,-2.29043,0.58225,0.19955,0.04037,0.09304
36.0,0,-4.50014,0.01542,-1.57080,0.49444,0.00011,0.00000,
36.0,1,-4.40301,1.14962,-1.67776,0.40548,-0.01715,0.13836,0.09889
36.0,2,-3.85160,2.02815,-2.28645,0.55243,0.21793,0.03723,0.10185
36.02,0,-4.50014,0.00553,-1.57079,0.49444,0.00011,0.00000,
36.02,1,-4.40395,1.14127,-1.67734,0.43071,0.04252,0.13981,0.10878
36.02,2,-3.85841,2.02045,-2.27901,0.44769,0.78232,0.03468,0.00427
36.04,0,-4.50014,-0.00436,-1.57079,0.49444,0.00010,0.00000,
36.04,1,-4.40489,1.13266,-1.67647,0.43085,0.03736,0.14101,0.11867
36.04,2,-3.86414,2.01381,-2.26466,0.38804,0.45612,0.03385,0.01293
36.06,0,-4.50014,-0.01425,-1.57079,0.49444,0.00010,0.00000,
36.06,1,-4.40578,1.12441,-1.67577,0.40069,0.03774,0.14257,0.12856
36.06,2,-3.86884,2.00840,-2.25854,0.35004,0.25014,0.03428,0.02122
36.08,0,-4.50014,-0.02414,-1.57079,0.49444,0.00010,0.00000,
36.08,1,-4.40667,1.11599,-1.67534,0.43685,0.01467,0.14395,0.13844
36.08,2,-3.87327,2.00314,-2.25373,0.34065,0.24677,0.03515,0.02970
36.1,0,-4.50014,-0.03403,-1.57079,0.49444,0.00009,0.00000,
36.1,1,-4.40758,1.10731,-1.67500,0.43111,0.02094,0.14508,0.14833
36.1,2,-3.87758,1.99790,-2.24851,0.33831,0.26811,0.03636,0.03843
36.12,0,-4.50014,-0.04392,-1.57078,0.49444,0.00009,0.00000,
36.12,1,-4.40857,1.09590,-1.67079,0.59994,0.23258,0.14349,0.00989
36.12,2,-3.88236,1.99186,-2.24612,0.49199,-0.59452,0.03906,0.00607
36.14,0,-4.50014,-0.05381,-1.57078,0.49444,0.00009,0.00000,
36.14,1,-4.40966,1.08431,-1.66635,0.56587,0.14842,0.14171,0.01978
36.14,2,-3.88834,1.98447,-2.25630,0.46220,-0.43803,0.04022,0.01772
36.16,0,-4.50014,-0.06370,-1.57078,0.49444,0.00008,0.00000,
36.16,1,-4.41078,1.07289,-1.66603,0.57468,-0.04266,0.14009,0.02967
36.16,2,-3.89405,1.97786,-2.26253,0.42554,-0.17938,0.04210,0.02919
36.18,0,-4.50014,-0.07358,-1.57078,0.49444,0.00008,0.00000,
36.18,1,-4.41183,1.06277,-1.66749,0.45237,-0.06950,0.13978,0.03956
36.18,2,-3.89999,1.97041,-2.25777,0.52911,0.47905,0.04202,0.03937
36.2,0,-4.50014,-0.08347,-1.57078,0.49444,0.00008,0.00000,
36.2,1,-4.41282,1.05354,-1.66796,0.47177,-0.01087,0.14036,0.04944
36.2,2,-3.90676,1.96229,-2.24934,0.52091,0.37963,0.04016,0.04865
36.22,0,-4.50014,-0.09336,-1.57078,0.49444,0.00007,0.00000,
36.22,1,-4.41379,1.04131,-1.66459,0.58678,0.34137,0.13795,0.00989
36.22,2,-3.91347,1.95425,-2.24088,0.48946,0.62493,0.04104,0.00637
36.24,0,-4.50014,-0.10325,-1.57077,0.49444,0.00007,0.00000,
36.24,1,-4.41480,1.02994,-1.65757,0.57193,0.33514,0.13640,0.01978
36.24,2,-3.91980,1.94670,-2.22787,0.49808,0.69907,0.04186,0.01778
36.26,0,-4.50013,-0.11314,-1.57077,0.49444,0.00007,0.00000,
36.26,1,-4.41610,1.01902,-1.65377,0.45146,0.01914,0.13527,0.02967
36.26,2,-3.92589,1.93855,-2.21584,0.54805,0.42887,0.04205,0.02878
36.28,0,-4.50013,-0.12303,-1.57077,0.49444,0.00007,0.00000,
36.28,1,-4.41701,1.00972,-1.65393,0.47976,-0.01193,0.13579,0.03956
36.28,2,-3.93317,1.92895,-2.21020,0.62582,0.22074,0.03879,0.03812
36.3,0,-4.50013,-0.13292,-1.57077,0.49444,0.00006,0.00000,
36.3,1,-4.41774,1.00031,-1.65379,0.45131,0.03399,0.13622,0.04944
36.3,2,-3.94052,1.91916,-2.20530,0.59268,0.27839,0.03539,0.04756
36.32,0,-4.50013,-0.14281,-1.57077,0.49444,0.00006,0.00000,
36.32,1,-4.41848,0.98751,-1.65023,0.68323,0.29454,0.13326,0.00989
36.32,2,-3.94729,1.91000,-2.19920,0.55527,0.31336,0.03586,0.06038
36.34,0,-4.50013,-0.15270,-1.57077,0.49444,0.00006,0.00000,
36.34,1,-4.41926,0.97468,-1.64408,0.61855,0.26047,0.13028,0.01978
36.34,2,-3.95377,1.90110,-2.19320,0.55017,0.28629,0.03679,0.07322
36.36,0,-4.50013,-0.16258,-1.57077,0.49444,0.00006,0.00000,
36.36,1,-4.42039,0.96239,-1.64121,0.60421,0.03805,0.12779,0.02967
36.36,2,-3.96019,1.89214,-2.18774,0.55099,0.26504,0.03741,0.08557
36.38,0,-4.50013,-0.17247,-1.57077,0.49444,0.00006,0.00000,
36.38,1,-4.42124,0.95302,-1.64230,0.43909,-0.03717,0.12826,0.03956
36.38,2,-3.96619,1.88392,-2.18376,0.49463,0.23018,0.03616,0.09497
36.4,0,-4.50013,-0.18236,-1.57077,0.49444,0.00005,0.00000,
36.4,1,-4.42187,0.94396,-1.64152,0.46602,0.05760,0.12904,0.04944
36.4,2,-3.97194,1.87584,-2.17813,0.49600,0.29617,0.03481,0.10405
36.42,0,-4.50013,-0.19225,-1.57076,0.49444,0.00005,0.00000,
36.42,1,-4.42253,0.93238,-1.63929,0.58052,0.14815,0.12730,0.00989
36.42,2,-3.97759,1.86775,-2.17267,0.49020,0.24900,0.03580,0.11565
36.44,0,-4.50013,-0.20214,-1.57076,0.49444,0.00005,0.00000,
36.44,1,-4.42318,0.92078,-1.63633,0.58054,0.14812,0.12556,0.01978
36.44,2,-3.98305,1.85983,-2.16752,0.49527,0.22572,0.03707,0.12726
36.46,0,-4.50013,-0.21203,-1.57076,0.49444,0.00005,0.00000,
36.46,1,-4.42386,0.90989,-1.63471,0.52530,-0.02548,0.12450,0.02967
36.46,2,-3.98873,1.85148,-2.16331,0.50612,0.21040,0.03727,0.13818
36.48,0,-4.50013,-0.22192,-1.57076,0.49444,0.00005,0.00000,
36.48,1,-4.42454,0.90080,-1.63639,0.46865,-0.05678,0.12525,0.03956
36.48,2,-3.99428,1.84324,-2.15892,0.48736,0.22511,0.03602,0.14730
36.5,0,-4.50013,-0.23181,-1.57076,0.49444,0.00004,0.00000,
36.5,1,-4.42519,0.89120,-1.63661,0.48314,0.01290,0.12550,0.04944
36.5,2,-3.99959,1.83528,-2.15444,0.47288,0.22014,0.03558,0.15691
36.52,0,-4.50013,-0.24170,-1.57076,0.49444,0.00004,0.00000,
36.52,1,-4.42584,0.88016,-1.63873,0.56268,-0.16769,0.12431,0.00989
36.52,2,-4.00477,1.82718,-2.15352,0.48474,-0.62022,0.03641,0.00563
36.54,0,-4.50013,-0.25158,-1.57076,0.49444,0.00004,0.00000,
36.54,1,-4.42630,0.86940,-1.63991,0.53799,0.03319,0.12341,0.01978
36.54,2,-4.01013,1.81904,-2.16570,0.46964,-0.39816,0.03683,0.01640
36.56,0,-4.50013,-0.26147,-1.57076,0.49444,0.00004,0.00000,
36.56,1,-4.42699,0.85850,-1.63870,0.54781,0.05634,0.12236,0.02967
36.56,2,-4.01503,1.81238,-2.16728,0.40523,0.29313,0.03904,0.02732
36.58,0,-4.50013,-0.27136,-1.57076,0.49444,0.00004,0.00000,
36.58,1,-4.42777,0.84834,-1.63851,0.45927,-0.02760,0.12204,0.03956
36.58,2,-4.01977,1.80530,-2.15646,0.42696,0.58100,0.04030,0.03750
36.6,0,-4.50013,-0.28125,-1.57076,0.49444,0.00004,0.00000,
36.6,1,-4.42847,0.83901,-1.63869,0.47590,0.00516,0.12255,0.04944
36.6,2,-4.02460,1.79790,-2.14679,0.47908,0.37433,0.04047,0.04687
36.62,0,-4.50013,-0.29114,-1.57076,0.49444,0.00004,0.00000,
36.62,1,-4.42916,0.82603,-1.63759,0.67810,0.09270,0.11942,0.00989
36.62,2,-4.03030,1.78892,-2.13883,0.58839,0.69835,0.04223,0.00707
36.64,0,-4.50013,-0.30103,-1.57075,0.49444,0.00003,0.00000,
36.64,1,-4.42985,0.81415,-1.63468,0.58261,0.14778,0.11739,0.01978
36.64,2,-4.03641,1.77895,-2.12522,0.57579,0.62080,0.04194,0.01897
36.66,0,-4.50013,-0.31092,-1.57075,0.49444,0.00003,0.00000,
36.66,1,-4.43048,0.80352,-1.63378,0.41126,-0.07749,0.11662,0.02967
36.66,2,-4.04274,1.76890,-2.11725,0.61701,0.23100,0.04033,0.02961
36.68,0,-4.50013,-0.32081,-1.57075,0.49444,0.00003,0.00000,
36.68,1,-4.43116,0.79497,-1.63549,0.44295,-0.10851,0.11790,0.03956
36.68,2,-4.04918,1.75824,-2.11306,0.61846,0.23823,0.03624,0.03820
36.7,0,-4.50013,-0.33070,-1.57075,0.49444,0.00003,0.00000,
36.7,1,-4.43181,0.78598,-1.63660,0.42724,0.01012,0.11877,0.04944
36.7,2,-4.05529,1.74813,-2.10780,0.55951,0.26542,0.03320,0.04720
36.72,0,-4.50013,-0.34058,-1.57075,0.49444,0.00003,0.00000,
36.72,1,-4.43242,0.77404,-1.63309,0.64389,0.29160,0.11668,0.00989
36.72,2,-4.06111,1.73848,-2.10123,0.63199,0.40680,0.03344,0.00644
36.74,0,-4.50013,-0.35047,-1.57075,0.49444,0.00003,0.00000,
36.74,1,-4.43308,0.76182,-1.62694,0.59574,0.30750,0.11431,0.01978
36.74,2,-4.06762,1.72752,-2.09624,0.61718,0.22522,0.03254,0.01868
36.76,0,-4.50013,-0.36036,-1.57075,0.49444,0.00003,0.00000,
36.76,1,-4.43396,0.75016,-1.62272,0.56562,0.07238,0.11249,0.02967
36.76,2,-4.07333,1.71782,-2.08877,0.57121,0.32400,0.03267,0.03037
36.78,0,-4.50013,-0.37025,-1.57075,0.49444,0.00003,0.00000,
36.78,1,-4.43453,0.74027,-1.62381,0.42073,-0.09990,0.11246,0.03956
36.78,2,-4.07911,1.70763,-2.08311,0.59040,0.27537,0.03059,0.04028
36.8,0,-4.50013,-0.38014,-1.57075,0.49444,0.00003,0.00000,
36.8,1,-4.43499,0.73149,-1.62472,0.45675,-0.00839,0.11353,0.04944
36.8,2,-4.08459,1.69824,-2.07899,0.51709,0.24988,0.02830,0.04907
36.82,0,-4.50012,-0.39003,-1.57075,0.49444,0.00003,0.00000,
36.82,1,-4.43546,0.71905,-1.62236,0.62087,0.23168,0.11096,0.00989
36.82,2,-4.08968,1.68926,-2.07199,0.51663,0.38197,0.02998,0.06152
36.84,0,-4.50012,-0.39992,-1.57075,0.49444,0.00002,0.00000,
36.84,1,-4.43601,0.70777,-1.61750,0.56255,0.20673,0.10954,0.01978
36.84,2,-4.09466,1.68023,-2.06512,0.51327,0.30360,0.03063,0.07281
36.86,0,-4.50012,-0.40981,-1.57075,0.49444,0.00002,0.00000,
36.86,1,-4.43682,0.69679,-1.61535,0.47018,-0.00523,0.10840,0.02967
36.86,2,-4.09949,1.67129,-2.05965,0.50309,0.26184,0.03124,0.08382
36.88,0,-4.50012,-0.41970,-1.57075,0.49444,0.00002,0.00000,
36.88,1,-4.43726,0.68792,-1.61605,0.45486,-0.03892,0.10940,0.03956
36.88,2,-4.10417,1.66251,-2.05433,0.49338,0.27092,0.02994,0.09270
36.9,0,-4.50012,-0.42958,-1.57075,0.49444,0.00002,0.00000,
36.9,1,-4.43759,0.67866,-1.61689,0.46556,-0.03895,0.11001,0.04944
36.9,2,-4.10872,1.65384,-2.04888,0.48654,0.27090,0.02914,0.10196
36.92,0,-4.50012,-0.43947,-1.57075,0.49444,0.00002,0.00000,
36.92,1,-4.43794,0.66688,-1.61471,0.62114,0.21976,0.10810,0.00989
36.92,2,-4.11325,1.64487,-2.04900,0.51166,-1.09555,0.03048,0.00621
36.94,0,-4.50012,-0.44936,-1.57075,0.49444,0.00002,0.00000,
36.94,1,-4.43835,0.65486,-1.61035,0.56053,0.17392,0.10595,0.01978
36.94,2,-4.11791,1.63561,-2.07148,0.50599,-0.96341,0.03177,0.01824
36.96,0,-4.50012,-0.45925,-1.57075,0.49444,0.00002,0.00000,
36.96,1,-4.43913,0.64349,-1.60963,0.56802,-0.04355,0.10443,0.02967
36.96,2,-4.12263,1.62718,-2.08216,0.46903,0.00211,0.03335,0.02963
36.98,0,-4.50012,-0.46914,-1.57075,0.49444,0.00002,0.00000,
36.98,1,-4.43963,0.63437,-1.61134,0.41120,-0.06555,0.10516,0.03956
36.98,2,-4.12719,1.61884,-2.07252,0.49373,0.66235,0.03286,0.03877
37.0,0,-4.50012,-0.47903,-1.57075,0.49444,0.00002,0.00000,
37.0,1,-4.43989,0.62585,-1.61101,0.43860,0.03862,0.10652,0.04944
37.0,2,-4.13200,1.60989,-2.06129,0.51291,0.43715,0.03108,0.04728
37.02,0,-4.50012,-0.48892,-1.57075,0.49444,0.00002,0.00000,
37.02,1,-4.44020,0.61448,-1.60981,0.58264,0.07676,0.10502,0.00989
37.02,2,-4.13673,1.60096,-2.05449,0.49661,0.30214,0.03211,0.05867
37.04,0,-4.50012,-0.49881,-1.57074,0.49444,0.00002,0.00000,
37.04,1,-4.44051,0.60283,-1.60827,0.58265,0.07680,0.10324,0.01978
37.04,2,-4.14123,1.59234,-2.04809,0.47951,0.34155,0.03378,0.07032
37.06,0,-4.50012,-0.50870,-1.57074,0.49444,0.00002,0.00000,
37.06,1,-4.44086,0.59187,-1.60704,0.55134,0.01382,0.10216,0.02967
37.06,2,-4.14556,1.58411,-2.04169,0.44728,0.29278,0.03525,0.08128
37.08,0,-4.50012,-0.51858,-1.57074,0.49444,0.00002,0.00000,
37.08,1,-4.44125,0.58254,-1.60833,0.43192,-0.08439,0.10270,0.03956
37.08,2,-4.14969,1.57610,-2.03468,0.45272,0.37280,0.03546,0.09062
37.1,0,-4.50012,-0.52847,-1.57074,0.49444,0.00002,0.00000,
37.1,1,-4.44162,0.57354,-1.60942,0.45953,-0.03266,0.10357,0.04944
37.1,2,-4.15374,1.56803,-2.02763,0.44886,0.32916,0.03532,0.09962
37.12,0,-4.50012,-0.53836,-1.57074,0.49444,0.00001,0.00000,
37.12,1,-4.44198,0.56446,-1.60990,0.43156,-0.01823,0.10435,0.05933
37.12,2,-4.15766,1.56008,-2.02146,0.43867,0.29818,0.03542,0.10871
37.14,0,-4.50012,-0.54825,-1.57074,0.49444,0.00001,0.00000,
37.14,1,-4.44232,0.55576,-1.61039,0.46401,-0.03627,0.10552,0.06922
37.14,2,-4.16143,1.55232,-2.01572,0.40431,0.19641,0.03539,0.11742
37.16,0,-4.50012,-0.55814,-1.57074,0.49444,0.00001,0.00000,
37.16,1,-4.44270,0.54622,-1.61119,0.47765,-0.03891,0.10585,0.07911
37.16,2,-4.16499,1.54504,-2.01034,0.40696,0.31473,0.03670,0.12696
37.18,0,-4.50012,-0.56803,-1.57074,0.49444,0.00001,0.00000,
37.18,1,-4.44308,0.53696,-1.61188,0.45117,-0.03157,0.10645,0.08900
37.18,2,-4.16847,1.53767,-2.00400,0.40602,0.30297,0.03771,0.13624
37.2,0,-4.50012,-0.57792,-1.57074,0.49444,0.00001,0.00000,
37.2,1,-4.44344,0.52815,-1.61248,0.43501,-0.02966,0.10752,0.09889
37.2,2,-4.17185,1.53038,-1.99843,0.39814,0.26318,0.03838,0.14505
37.22,0,-4.50011,-0.58781,-1.57074,0.49444,0.00001,0.00000,
37.22,1,-4.44379,0.51901,-1.61148,0.42720,0.09230,0.10824,0.00989
37.22,2,-4.17529,1.52263,-1.99055,0.50159,0.74314,0.03892,0.00437
37.24,0,-4.50011,-0.59770,-1.57074,0.49444,0.00001,0.00000,
37.24,1,-4.44413,0.51118,-1.61088,0.42703,-0.00951,0.11029,0.01978
37.24,2,-4.17943,1.51334,-1.97437,0.50473,0.69356,0.03652,0.01219
37.26,0,-4.50011,-0.60758,-1.57074,0.49444,0.00001,0.00000,
37.26,1,-4.44450,0.50188,-1.61159,0.48457,-0.04315,0.11085,0.02967
37.26,2,-4.18339,1.50437,-1.96617,0.46509,0.21974,0.03594,0.02151
37.28,0,-4.50011,-0.61747,-1.57074,0.49444,0.00001,0.00000,
37.28,1,-4.44490,0.49284,-1.61205,0.48089,-0.02217,0.11168,0.03956
37.28,2,-4.18670,1.49638,-1.96279,0.41264,0.18293,0.03622,0.03056
37.3,0,-4.50011,-0.62736,-1.57074,0.49444,0.00001,0.00000,
37.3,1,-4.44534,0.48237,-1.61255,0.53906,-0.02454,0.11108,0.04944
37.3,2,-4.18960,1.48989,-1.96042,0.32235,0.15702,0.03947,0.04103
37.32,0,-4.50011,-0.63725,-1.57074,0.49444,0.00001,0.00000,
37.32,1,-4.44581,0.46817,-1.61230,0.75120,0.04703,0.10675,0.00989
37.32,2,-4.19260,1.48263,-1.95529,0.50114,0.26366,0.04559,0.00773
37.34,0,-4.50011,-0.64714,-1.57074,0.49444,0.00001,0.00000,
37.34,1,-4.44635,0.45424,-1.61073,0.68666,0.12164,0.10269,0.01978
37.34,2,-4.19595,1.47390,-1.94666,0.42784,0.75177,0.04996,0.02167
37.36,0,-4.50011,-0.65703,-1.57074,0.49444,0.00001,0.00000,
37.36,1,-4.44689,0.44180,-1.60883,0.52528,0.02354,0.10012,0.02967
37.36,2,-4.19931,1.46543,-1.93830,0.52356,0.07770,0.05315,0.03412
37.38,0,-4.50011,-0.66692,-1.57074,0.49444,0.00001,0.00000,
37.38,1,-4.44734,0.43382,-1.60935,0.38253,-0.02829,0.10200,0.03956
37.38,2,-4.20373,1.45402,-1.93750,0.66298,0.10842,0.04888,0.04211
37.4,0,-4.50011,-0.67681,-1.57074,0.49444,0.00001,0.00000,
37.4,1,-4.44778,0.42599,-1.61012,0.40933,-0.04101,0.10404,0.04944
37.4,2,-4.20847,1.44157,-1.93291,0.65133,0.30081,0.04339,0.04995
37.42,0,-4.50011,-0.68669,-1.57074,0.49444,0.00001,0.00000,
37.42,1,-4.44816,0.41464,-1.60972,0.60519,0.05354,0.10256,0.00989
37.42,2,-4.21269,1.43083,-1.93030,0.42758,-0.21442,0.04312,0.00605
37.44,0,-4.50011,-0.69658,-1.57074,0.49444,0.00001,0.00000,
37.44,1,-4.44855,0.40254,-1.60865,0.60519,0.05347,0.10034,0.01978
37.44,2,-4.21618,1.42349,-1.93801,0.35336,-0.40494,0.04705,0.01815
37.46,0,-4.50011,-0.70647,-1.57074,0.49444,0.00001,0.00000,
37.46,1,-4.44889,0.39136,-1.60709,0.53482,0.08937,0.09903,0.02967
37.46,2,-4.21891,1.41845,-1.94681,0.27429,-0.44696,0.05252,0.02934
37.48,0,-4.50011,-0.71636,-1.57074,0.49444,0.00001,0.00000,
37.48,1,-4.44926,0.38211,-1.60706,0.39687,-0.05643,0.09965,0.03956
37.48,2,-4.22157,1.41368,-1.95646,0.28287,-0.39570,0.05640,0.03859
37.5,0,-4.50011,-0.72625,-1.57074,0.49444,0.00001,0.00000,
37.5,1,-4.44963,0.37399,-1.60865,0.41182,-0.06553,0.10139,0.04944
37.5,2,-4.22422,1.40750,-1.95335,0.36364,0.58796,0.05781,0.04673
37.52,0,-4.50011,-0.73614,-1.57074,0.49444,0.00001,0.00000,
37.52,1,-4.44997,0.36252,-1.60853,0.56479,0.05857,0.09980,0.00989
37.52,2,-4.22704,1.39968,-1.94093,0.42286,0.61779,0.06084,0.05820
37.54,0,-4.50011,-0.74603,-1.57074,0.49444,0.00001,0.00000,
37.54,1,-4.45031,0.35155,-1.60725,0.54895,0.06454,0.09870,0.01978
37.54,2,-4.22996,1.39160,-1.92984,0.44595,0.41329,0.06313,0.06918
37.56,0,-4.50011,-0.75592,-1.57074,0.49444,0.00001,0.00000,
37.56,1,-4.45073,0.34063,-1.60621,0.53885,0.02379,0.09766,0.02967
37.56,2,-4.23324,1.38281,-1.92388,0.50802,0.18674,0.06463,0.08010
37.58,0,-4.50010,-0.76581,-1.57074,0.49444,0.00001,0.00000,
37.58,1,-4.45111,0.33240,-1.60674,0.40672,-0.02784,0.09930,0.03956
37.58,2,-4.23684,1.37303,-1.92006,0.51724,0.22604,0.06246,0.08834
37.6,0,-4.50010,-0.77569,-1.57074,0.49444,0.00001,0.00000,
37.6,1,-4.45141,0.32428,-1.60708,0.39740,-0.00736,0.10106,0.04944
37.6,2,-4.24024,1.36368,-1.91459,0.48148,0.29779,0.06063,0.09646
37.62,0,-4.50010,-0.78558,-1.57074,0.49444,0.00001,0.00000,
37.62,1,-4.45172,0.31302,-1.60679,0.56425,0.03199,0.09967,0.00989
37.62,2,-4.24353,1.35436,-1.90717,0.50366,0.64524,0.06195,0.00589
37.64,0,-4.50010,-0.79547,-1.57074,0.49444,0.00001,0.00000,
37.64,1,-4.45203,0.30206,-1.60606,0.52840,0.03640,0.09859,0.01978
37.64,2,-4.24673,1.34502,-1.89416,0.50948,0.46778,0.06297,0.01685
37.66,0,-4.50010,-0.80536,-1.57074,0.49444,0.00001,0.00000,
37.66,1,-4.45239,0.29137,-1.60602,0.53550,-0.02248,0.09777,0.02967
37.66,2,-4.25014,1.33481,-1.88905,0.55511,0.15383,0.06286,0.02755
37.68,0,-4.50010,-0.81525,-1.57074,0.49444,0.00001,0.00000,
37.68,1,-4.45274,0.28251,-1.60706,0.43154,-0.04145,0.09878,0.03956
37.68,2,-4.25362,1.32428,-1.88562,0.54799,0.21181,0.06063,0.03642
37.7,0,-4.50010,-0.82514,-1.57074,0.49444,0.00001,0.00000,
37.7,1,-4.45308,0.27358,-1.60743,0.45531,-0.00675,0.09972,0.04944
37.7,2,-4.25693,1.31411,-1.88053,0.52437,0.27378,0.05886,0.04536
37.72,0,-4.50010,-0.83503,-1.57074,0.49444,0.00000,0.00000,
37.72,1,-4.45342,0.26161,-1.60680,0.57789,0.06854,0.09763,0.00989
37.72,2,-4.26009,1.30426,-1.87521,0.51412,0.25350,0.06042,0.05733
37.74,0,-4.50010,-0.84492,-1.57074,0.49444,0.00000,0.00000,
37.74,1,-4.45377,0.25005,-1.60543,0.57789,0.06855,0.09595,0.01978
37.74,2,-4.26316,1.29448,-1.87044,0.51063,0.22980,0.06168,0.06889
37.76,0,-4.50010,-0.85481,-1.57074,0.49444,0.00000,0.00000,
37.76,1,-4.45412,0.23881,-1.60472,0.54031,-0.00267,0.09458,0.02967
37.76,2,-4.26615,1.28479,-1.86592,0.50435,0.22447,0.06273,0.08014
37.78,0,-4.50010,-0.86469,-1.57074,0.49444,0.00000,0.00000,
37.78,1,-4.45447,0.22942,-1.60545,0.44057,-0.03727,0.09507,0.03956
37.78,2,-4.26906,1.27522,-1.86146,0.49581,0.22061,0.06211,0.08953
37.8,0,-4.50010,-0.87458,-1.57074,0.49444,0.00000,0.00000,
37.8,1,-4.45479,0.22040,-1.60586,0.45988,-0.01116,0.09592,0.04944
37.8,2,-4.27188,1.26581,-1.85713,0.48787,0.21301,0.06129,0.09856
37.82,0,-4.50010,-0.88447,-1.57074,0.49444,0.00000,0.00000,
37.82,1,-4.45512,0.20748,-1.60553,0.71901,0.02761,0.09288,0.00989
37.82,2,-4.27477,1.25543,-1.85160,0.66363,0.51850,0.06336,0.00715
37.84,0,-4.50010,-0.89436,-1.57074,0.49444,0.00000,0.00000,
37.84,1,-4.45545,0.19507,-1.60432,0.60600,0.06487,0.09035,0.01978
37.84,2,-4.27833,1.24232,-1.84199,0.62430,0.54623,0.06212,0.01956
37.86,0,-4.50010,-0.90425,-1.57074,0.49444,0.00000,0.00000,
37.86,1,-4.45580,0.18346,-1.60381,0.55142,-0.01126,0.08861,0.02967
37.86,2,-4.28170,1.23045,-1.83098,0.63194,0.44888,0.06137,0.03118
37.88,0,-4.50010,-0.91414,-1.57074,0.49444,0.00000,0.00000,
37.88,1,-4.45613,0.17498,-1.60479,0.39824,-0.04043,0.09001,0.03956
37.88,2,-4.28497,1.21953,-1.82889,0.52841,-0.06775,0.05848,0.03966
37.9,0,-4.50010,-0.92403,-1.57074,0.49444,0.00000,0.00000,
37.9,1,-4.45648,0.16674,-1.60668,0.42541,-0.08971,0.09164,0.04944
37.9,2,-4.28798,1.20931,-1.82934,0.53954,0.07829,0.05609,0.04791
37.92,0,-4.50010,-0.93392,-1.57074,0.49444,0.00000,0.00000,
37.92,1,-4.45678,0.15812,-1.60748,0.41570,0.00027,0.09290,0.05933
37.92,2,-4.29071,1.19931,-1.82517,0.49208,0.35286,0.05435,0.00431
37.94,0,-4.50009,-0.94381,-1.57074,0.49444,0.00000,0.00000,
37.94,1,-4.45707,0.14974,-1.60719,0.45798,0.00418,0.09439,0.06922
37.94,2,-4.29324,1.18977,-1.81751,0.47378,0.32223,0.05286,0.01271
37.96,0,-4.50009,-0.95369,-1.57074,0.49444,0.00000,0.00000,
37.96,1,-4.45741,0.14019,-1.60740,0.47872,-0.01803,0.09472,0.07911
37.96,2,-4.29538,1.18130,-1.81330,0.41145,0.14453,0.05364,0.02225
37.98,0,-4.50009,-0.96358,-1.57074,0.49444,0.00000,0.00000,
37.98,1,-4.45775,0.13098,-1.60775,0.44466,-0.01458,0.09539,0.08900
37.98,2,-4.29722,1.17466,-1.81239,0.30789,0.05154,0.05595,0.03147
38.0,0,-4.50009,-0.97347,-1.57074,0.49444,0.00000,0.00000,
38.0,1,-4.45807,0.12281,-1.60812,0.36315,-0.02744,0.09709,0.09889
38.0,2,-4.29891,1.16820,-1.80871,0.35161,0.24401,0.05744,0.03965
38.02,0,-4.50009,-0.98336,-1.57074,0.49444,0.00000,0.00000,
38.02,1,-4.45837,0.11528,-1.60839,0.38822,-0.00512,0.09944,0.10878
38.02,2,-4.30057,1.16164,-1.80323,0.32936,0.28031,0.05819,0.04718
38.04,0,-4.50009,-0.99325,-1.57074,0.49444,0.00000,0.00000,
38.04,1,-4.45867,0.10741,-1.60847,0.39397,-0.00516,0.10144,0.11867
38.04,2,-4.30237,1.15422,-1.80006,0.40919,0.09777,0.05841,0.05506
38.06,0,-4.50009,-1.00314,-1.57074,0.49444,0.00000,0.00000,
38.06,1,-4.45896,0.09967,-1.60863,0.38075,-0.00990,0.10358,0.12856
38.06,2,-4.30421,1.14632,-1.79795,0.39294,0.12718,0.05802,0.06280
38.08,0,-4.50009,-1.01303,-1.57074,0.49444,0.00000,0.00000,
38.08,1,-4.45925,0.09228,-1.60880,0.36735,-0.00813,0.10606,0.13844
38.08,2,-4.30589,1.13905,-1.79493,0.36025,0.16178,0.05794,0.07020
38.1,0,-4.50009,-1.02292,-1.57074,0.49444,0.00000,0.00000,
38.1,1,-4.45953,0.08475,-1.60899,0.38113,-0.00976,0.10841,0.14833
38.1,2,-4.30747,1.13213,-1.79179,0.35345,0.15011,0.05836,0.07773
38.12,0,-4.50009,-1.03281,-1.57074,0.49444,0.00000,0.00000,
38.12,1,-4.45982,0.07719,-1.60917,0.37439,-0.00849,0.11072,0.15822
38.12,2,-4.30907,1.12459,-1.78856,0.47895,0.23500,0.05820,0.00377
38.14,0,-4.50009,-1.04269,-1.57074,0.49444,0.00000,0.00000,
38.14,1,-4.46010,0.06984,-1.60933,0.36284,-0.00775,0.11325,0.16811
38.14,2,-4.31105,1.11457,-1.78372,0.49320,0.24794,0.05531,0.01112
38.16,0,-4.50009,-1.05258,-1.57074,0.49444,0.00000,0.00000,
38.16,1,-4.46038,0.06266,-1.60949,0.35669,-0.00768,0.11595,0.17800
38.16,2,-4.31273,1.10670,-1.77866,0.38334,0.15697,0.05443,0.01830
38.18,0,-4.50009,-1.06247,-1.57074,0.49444,0.00000,0.00000,
38.18,1,-4.46065,0.05557,-1.60964,0.35296,-0.00752,0.11874,0.18789
38.18,2,-4.31430,1.09946,-1.77757,0.30634,-0.07628,0.05409,0.02540
38.2,0,-4.50009,-1.07236,-1.57074,0.49444,0.00000,0.00000,
38.2,1,-4.46093,0.04857,-1.60979,0.34812,-0.00722,0.12161,0.19778
38.2,2,-4.31573,1.09364,-1.77766,0.30702,0.04378,0.05511,0.03240
38.22,0,-4.50009,-1.08225,-1.57074,0.49444,0.00000,0.00000,
38.22,1,-4.46120,0.04167,-1.60993,0.34246,-0.00695,0.12460,0.20767
38.22,2,-4.31711,1.08731,-1.77528,0.35273,0.19500,0.05551,0.00344
38.24,0,-4.50009,-1.09214,-1.57074,0.49444,0.00000,0.00000,
38.24,1,-4.46146,0.03489,-1.61006,0.33710,-0.00672,0.12769,0.21756
38.24,2,-4.31856,1.08033,-1.77106,0.32648,0.22435,0.05516,0.01023
38.26,0,-4.50009,-1.10203,-1.57074,0.49444,0.00000,0.00000,
38.26,1,-4.46172,0.02857,-1.61030,0.30995,-0.00997,0.13125,0.22744
38.26,2,-4.31987,1.07395,-1.76765,0.34873,0.10297,0.05496,0.01655
38.28,0,-4.50008,-1.11192,-1.57074,0.49444,0.00000,0.00000,
38.28,1,-4.46197,0.02231,-1.61040,0.31404,-0.00312,0.13487,0.23733
38.28,2,-4.32129,1.06688,-1.76597,0.36076,0.08952,0.05400,0.02281
38.3,0,-4.50008,-1.12181,-1.57074,0.49444,0.00000,0.00000,
38.3,1,-4.46222,0.01608,-1.61048,0.30872,-0.00490,0.13852,0.24722
38.3,2,-4.32264,1.06003,-1.76375,0.33868,0.12487,0.05324,0.02905
38.32,0,-4.50008,-1.13169,-1.57074,0.49444,0.00000,0.00000,
38.32,1,-4.46250,0.00673,-1.60764,0.50968,0.27334,0.13905,0.00989
38.32,2,-4.32387,1.05361,-1.76179,0.45412,0.25456,0.05602,0.00505
38.34,0,-4.50008,-1.14158,-1.57074,0.49444,0.00000,0.00000,
38.34,1,-4.46284,-0.00245,-1.60213,0.46226,0.42863,0.13974,0.01978
38.34,2,-4.32520,1.04522,-1.75655,0.37047,0.20269,0.05667,0.01424
38.36,0,-4.50008,-1.15147,-1.57074,0.49444,0.00000,0.00000,
38.36,1,-4.46312,-0.01262,-1.59426,0.54420,0.20580,0.13945,0.02967
38.36,2,-4.32650,1.03779,-1.75338,0.40642,0.21800,0.05926,0.02442
38.38,0,-4.50008,-1.16136,-1.57074,0.49444,0.00000,0.00000,
38.38,1,-4.46342,-0.02381,-1.59457,0.55982,-0.12276,0.13814,0.03956
38.38,2,-4.32808,1.02891,-1.74982,0.47749,0.12852,0.06138,0.03561
38.4,0,-4.50008,-1.17125,-1.57074,0.49444,0.00000,0.00000,
38.4,1,-4.46370,-0.03423,-1.59691,0.49637,-0.08123,0.13760,0.04944
38.4,2,-4.32973,1.02009,-1.74857,0.44700,0.07644,0.06280,0.04603
38.42,0,-4.50008,-1.18114,-1.57074,0.49444,0.00000,0.00000,
38.42,1,-4.46396,-0.04408,-1.59739,0.49134,0.00800,0.13763,0.05933
38.42,2,-4.33129,1.01152,-1.74663,0.42602,0.10701,0.06391,0.05589
38.44,0,-4.50008,-1.19103,-1.57074,0.49444,0.00000,0.00000,
38.44,1,-4.46422,-0.05387,-1.59722,0.48718,-0.00050,0.13772,0.06922
38.44,2,-4.33276,1.00329,-1.74455,0.41339,0.09819,0.06530,0.06568
38.46,0,-4.50008,-1.20092,-1.57074,0.49444,0.00000,0.00000,
38.46,1,-4.46448,-0.06345,-1.59750,0.44222,-0.02915,0.13802,0.07911
38.46,2,-4.33415,0.99564,-1.74317,0.38648,0.08054,0.06708,0.07526
38.48,0,-4.50008,-1.21081,-1.57074,0.49444,0.00000,0.00000,
38.48,1,-4.46473,-0.07234,-1.59797,0.44759,-0.01692,0.13902,0.08900
38.48,2,-4.33551,0.98795,-1.74125,0.39174,0.10014,0.06813,0.08415
38.5,0,-4.50008,-1.22069,-1.57074,0.49444,0.00000,0.00000,
38.5,1,-4.46497,-0.08131,-1.59821,0.44799,-0.01004,0.13992,0.09889
38.5,2,-4.33683,0.98029,-1.73939,0.38434,0.08595,0.06931,0.09313
38.52,0,-4.50008,-1.23058,-1.57074,0.49444,0.00000,0.00000,
38.52,1,-4.46521,-0.09053,-1.59746,0.42289,0.06161,0.14058,0.00989
38.52,2,-4.33813,0.97277,-1.73681,0.31313,0.29625,0.07087,0.00435
38.54,0,-4.50008,-1.24047,-1.57074,0.49444,0.00000,0.00000,
38.54,1,-4.46543,-0.09915,-1.59681,0.45865,0.00629,0.14185,0.01978
38.54,2,-4.33940,0.96743,-1.73239,0.27454,0.22366,0.07400,0.01297
38.56,0,-4.50008,-1.25036,-1.57074,0.49444,0.00000,0.00000,
38.56,1,-4.46570,-0.10937,-1.59707,0.52195,-0.01602,0.14151,0.02967
38.56,2,-4.34057,0.96090,-1.72865,0.39142,0.12483,0.07756,0.02319
38.58,0,-4.50008,-1.26025,-1.57074,0.49444,0.00000,0.00000,
38.58,1,-4.46599,-0.12054,-1.59741,0.57159,-0.01469,0.14022,0.03956
38.58,2,-4.34199,0.95222,-1.72721,0.45957,0.04996,0.07991,0.03437
38.6,0,-4.50007,-1.27014,-1.57074,0.49444,0.00000,0.00000,
38.6,1,-4.46628,-0.13166,-1.59762,0.53842,-0.00781,0.13898,0.04944
38.6,2,-4.34337,0.94366,-1.72564,0.41051,0.10551,0.08233,0.04549
38.62,0,-4.50007,-1.28003,-1.57074,0.49444,0.00000,0.00000,
38.62,1,-4.46658,-0.14591,-1.59739,0.79135,0.01206,0.13462,0.00989
38.62,2,-4.34475,0.93391,-1.72326,0.62886,0.30023,0.08667,0.00781
38.64,0,-4.50007,-1.28992,-1.57074,0.49444,0.00000,0.00000,
38.64,1,-4.46693,-0.16007,-1.59655,0.69401,0.08337,0.13033,0.01978
38.64,2,-4.34633,0.92225,-1.71428,0.54832,0.50806,0.08902,0.02198
38.66,0,-4.50007,-1.29981,-1.57074,0.49444,0.00000,0.00000,
38.66,1,-4.46730,-0.17267,-1.59501,0.50963,0.02645,0.12761,0.02967
38.66,2,-4.34821,0.91053,-1.71156,0.65474,-0.14346,0.08972,0.03459
38.68,0,-4.50007,-1.30969,-1.57074,0.49444,0.00000,0.00000,
38.68,1,-4.46758,-0.18149,-1.59479,0.43924,0.00878,0.12867,0.03956
38.68,2,-4.35021,0.89653,-1.71449,0.72094,-0.07391,0.08439,0.04342
38.7,0,-4.50007,-1.31958,-1.57074,0.49444,0.00000,0.00000,
38.7,1,-4.46784,-0.19054,-1.59501,0.46609,-0.02056,0.12950,0.04944
38.7,2,-4.35213,0.88281,-1.71383,0.66380,0.09439,0.07957,0.05247
38.72,0,-4.50007,-1.32947,-1.57074,0.49444,0.00000,0.00000,
38.72,1,-4.46806,-0.19999,-1.59540,0.45627,-0.01254,0.12994,0.05933
38.72,2,-4.35387,0.87088,-1.71116,0.53181,0.23322,0.07694,0.00472
38.74,0,-4.50007,-1.33936,-1.57074,0.49444,0.00000,0.00000,
38.74,1,-4.46829,-0.20933,-1.59559,0.48788,-0.01069,0.13048,0.06922
38.74,2,-4.35538,0.86199,-1.70774,0.37284,0.04537,0.07726,0.01407
38.76,0,-4.50007,-1.34925,-1.57074,0.49444,0.00000,0.00000,
38.76,1,-4.46853,-0.21917,-1.59582,0.48831,-0.01144,0.13052,0.07911
38.76,2,-4.35688,0.85461,-1.70731,0.38401,-0.02522,0.07958,0.02391
38.78,0,-4.50007,-1.35914,-1.57074,0.49444,0.00000,0.00000,
38.78,1,-4.46876,-0.22868,-1.59603,0.46498,-0.01041,0.13089,0.08900
38.78,2,-4.35811,0.84655,-1.70750,0.42507,0.02510,0.08091,0.03342
38.8,0,-4.50007,-1.36903,-1.57074,0.49444,0.00000,0.00000,
38.8,1,-4.46900,-0.23782,-1.59623,0.45301,-0.00973,0.13164,0.09889
38.8,2,-4.35925,0.83801,-1.70632,0.42926,0.07704,0.08141,0.04256
38.82,0,-4.50007,-1.37892,-1.57074,0.49444,0.00000,0.00000,
38.82,1,-4.46922,-0.24684,-1.59643,0.45009,-0.00955,0.13250,0.10878
38.82,2,-4.36036,0.82923,-1.70401,0.55091,0.13188,0.08156,0.00451
38.84,0,-4.50007,-1.38881,-1.57074,0.49444,0.00000,0.00000,
38.84,1,-4.46945,-0.25579,-1.59661,0.44542,-0.00932,0.13343,0.11867
38.84,2,-4.36182,0.81784,-1.70130,0.56809,0.09535,0.07901,0.01346
38.86,0,-4.50007,-1.39869,-1.57074,0.49444,0.00000,0.00000,
38.86,1,-4.46968,-0.26416,-1.59688,0.40936,-0.01193,0.13494,0.12856
38.86,2,-4.36319,0.80737,-1.70038,0.48873,0.02803,0.07681,0.02183
38.88,0,-4.50007,-1.40858,-1.57074,0.49444,0.00000,0.00000,
38.88,1,-4.46990,-0.27241,-1.59704,0.41392,-0.00607,0.13657,0.13844
38.88,2,-4.36437,0.79832,-1.69958,0.44102,0.05350,0.07592,0.03009
38.9,0,-4.50007,-1.41847,-1.57074,0.49444,0.00000,0.00000,
38.9,1,-4.47012,-0.28063,-1.59717,0.40772,-0.00734,0.13823,0.14833
38.9,2,-4.36548,0.79158,-1.70077,0.33739,-0.11564,0.07730,0.03831
38.92,0,-4.50007,-1.42836,-1.57074,0.49444,0.00000,0.00000,
38.92,1,-4.47033,-0.28868,-1.59733,0.39822,-0.00843,0.14007,0.15822
38.92,2,-4.36652,0.78439,-1.70193,0.38721,0.04734,0.07808,0.00400
38.94,0,-4.50006,-1.43825,-1.57074,0.49444,0.00000,0.00000,
38.94,1,-4.47054,-0.29656,-1.59750,0.39159,-0.00790,0.14207,0.16811
38.94,2,-4.36752,0.77684,-1.69912,0.36526,0.18325,0.07833,0.01189
38.96,0,-4.50006,-1.44814,-1.57074,0.49444,0.00000,0.00000,
38.96,1,-4.47074,-0.30410,-1.59770,0.35822,-0.01278,0.14442,0.17800
38.96,2,-4.36857,0.76869,-1.69708,0.43408,0.04760,0.07764,0.01942
38.98,0,-4.50006,-1.45803,-1.57074,0.49444,0.00000,0.00000,
38.98,1,-4.47094,-0.31134,-1.59786,0.36479,-0.00535,0.14706,0.18789
38.98,2,-4.36965,0.76016,-1.69643,0.41812,0.03639,0.07628,0.02667
39.0,0,-4.50006,-1.46792,-1.57074,0.49444,0.00000,0.00000,
39.0,1,-4.47114,-0.31861,-1.59796,0.36139,-0.00542,0.14967,0.19778
39.0,2,-4.37065,0.75222,-1.69537,0.38816,0.06390,0.07554,0.03394
39.02,0,-4.50006,-1.47780,-1.57074,0.49444,0.00000,0.00000,
39.02,1,-4.47134,-0.32719,-1.59875,0.41176,-0.09901,0.15097,0.00989
39.02,2,-4.37160,0.74463,-1.69405,0.38119,0.06431,0.07645,0.04253
39.04,0,-4.50006,-1.48769,-1.57074,0.49444,0.00000,0.00000,
39.04,1,-4.47159,-0.33479,-1.60298,0.37236,-0.46924,0.15325,0.01978
39.04,2,-4.37253,0.73755,-1.69334,0.33020,0.01541,0.07691,0.05013
39.06,0,-4.50006,-1.49758,-1.57074,0.49444,0.00000,0.00000,
39.06,1,-4.47194,-0.34404,-1.61102,0.53326,-0.19435,0.15389,0.02967
39.06,2,-4.37340,0.73079,-1.69234,0.34762,0.06975,0.07933,0.05938
39.08,0,-4.50006,-1.50747,-1.57074,0.49444,0.00000,0.00000,
39.08,1,-4.47235,-0.35537,-1.61033,0.55349,0.15389,0.15244,0.03956
39.08,2,-4.37426,0.72389,-1.69095,0.34427,0.06259,0.08371,0.07072
39.1,0,-4.50006,-1.51736,-1.57074,0.49444,0.00000,0.00000,
39.1,1,-4.47276,-0.36632,-1.60776,0.55426,0.07286,0.15137,0.04944
39.1,2,-4.37508,0.71719,-1.68989,0.33256,0.04773,0.08790,0.08168
39.12,0,-4.50006,-1.52725,-1.57074,0.49444,0.00000,0.00000,
39.12,1,-4.47317,-0.38104,-1.60627,0.81194,0.12828,0.14652,0.00989
39.12,2,-4.37585,0.71077,-1.68878,0.33622,0.04710,0.09614,0.09641
39.14,0,-4.50006,-1.53714,-1.57074,0.49444,0.00000,0.00000,
39.14,1,-4.47361,-0.39548,-1.60304,0.69190,0.18268,0.14197,0.01978
39.14,2,-4.37667,0.70388,-1.68793,0.34928,0.04233,0.10362,0.11085
39.16,0,-4.50006,-1.54703,-1.57074,0.49444,0.00000,0.00000,
39.16,1,-4.47408,-0.40739,-1.60073,0.46712,0.05711,0.13993,0.02967
39.16,2,-4.37747,0.69709,-1.68703,0.33490,0.04662,0.10869,0.12277
39.18,0,-4.50006,-1.55692,-1.57074,0.49444,0.00000,0.00000,
39.18,1,-4.47451,-0.41673,-1.59960,0.46908,0.05119,0.14047,0.03956
39.18,2,-4.37823,0.69058,-1.68610,0.32296,0.04577,0.11149,0.13212
39.2,0,-4.50006,-1.56680,-1.57074,0.49444,0.00000,0.00000,
39.2,1,-4.47484,-0.42634,-1.59907,0.48986,0.00916,0.14075,0.04944
39.2,2,-4.37896,0.68421,-1.68522,0.31966,0.04290,0.11468,0.14173
39.22,0,-4.50006,-1.57669,-1.57074,0.49444,0.00000,0.00000,
39.22,1,-4.47514,-0.43964,-1.59852,0.67720,0.05612,0.13733,0.00989
39.22,2,-4.37969,0.67788,-1.68438,0.31715,0.04122,0.12159,0.15504
39.24,0,-4.50006,-1.58658,-1.57074,0.49444,0.00000,0.00000,
39.24,1,-4.47544,-0.45277,-1.59728,0.65647,0.06150,0.13408,0.01978
39.24,2,-4.38039,0.67197,-1.68387,0.26669,0.00515,0.12874,0.16817
39.26,0,-4.50006,-1.59647,-1.57074,0.49444,0.00000,0.00000,
39.26,1,-4.47569,-0.46579,-1.59638,0.63455,0.00990,0.13094,0.02967
39.26,2,-4.38104,0.66651,-1.68318,0.28050,0.05092,0.13625,0.18120
39.28,0,-4.50005,-1.60636,-1.57074,0.49444,0.00000,0.00000,
39.28,1,-4.47596,-0.47626,-1.59677,0.46425,-0.01971,0.13036,0.03956
39.28,2,-4.38169,0.66092,-1.68216,0.27973,0.04559,0.14108,0.19166
39.3,0,-4.50005,-1.61625,-1.57074,0.49444,0.00000,0.00000,
39.3,1,-4.47625,-0.48564,-1.59667,0.47411,0.01871,0.13086,0.04944
39.3,2,-4.38230,0.65546,-1.68140,0.27071,0.03351,0.14495,0.20105
39.32,0,-4.50005,-1.62614,-1.57074,0.49444,0.00000,0.00000,
39.32,1,-4.47653,-0.49791,-1.59591,0.64467,0.04783,0.12847,0.00989
39.32,2,-4.38288,0.65026,-1.68064,0.25896,0.04095,0.15198,0.21332
39.34,0,-4.50005,-1.63603,-1.57074,0.49444,0.00000,0.00000,
39.34,1,-4.47682,-0.51045,-1.59487,0.59465,0.05869,0.12582,0.01978
39.34,2,-4.38348,0.64480,-1.67999,0.28271,0.02907,0.15901,0.22586
39.36,0,-4.50005,-1.64592,-1.57074,0.49444,0.00000,0.00000,
39.36,1,-4.47702,-0.52210,-1.59411,0.57737,0.00768,0.12405,0.02967
39.36,2,-4.38409,0.63922,-1.67939,0.27640,0.03116,0.16503,0.23752
39.38,0,-4.50005,-1.65580,-1.57074,0.49444,0.00000,0.00000,
39.38,1,-4.47726,-0.53177,-1.59463,0.42145,-0.03451,0.12427,0.03956
39.38,2,-4.38468,0.63387,-1.67875,0.26368,0.03241,0.16931,0.24719
39.4,0,-4.50005,-1.66569,-1.57074,0.49444,0.00000,0.00000,
39.4,1,-4.47750,-0.54067,-1.59474,0.46320,0.01314,0.12525,0.04944
39.4,2,-4.38524,0.62869,-1.67812,0.25890,0.03059,0.17300,0.25610
39.42,0,-4.50005,-1.67558,-1.57074,0.49444,0.00000,0.00000,
39.42,1,-4.47773,-0.54976,-1.59430,0.41977,0.02869,0.12604,0.05933
39.42,2,-4.38579,0.62202,-1.67847,0.51728,-0.50074,0.17539,0.00440
39.44,0,-4.50005,-1.68547,-1.57074,0.49444,0.00000,0.00000,
39.44,1,-4.47797,-0.55932,-1.59408,0.51255,0.00049,0.12637,0.06922
39.44,2,-4.38637,0.61284,-1.69132,0.43401,-0.61381,0.17573,0.01396
39.46,0,-4.50005,-1.69536,-1.57074,0.49444,0.00000,0.00000,
39.46,1,-4.47822,-0.56963,-1.59411,0.50669,0.00017,0.12594,0.07911
39.46,2,-4.38694,0.60477,-1.70287,0.38450,-0.55368,0.17795,0.02428
39.48,0,-4.50005,-1.70525,-1.57074,0.49444,0.00000,0.00000,
39.48,1,-4.47844,-0.57934,-1.59403,0.46993,0.00596,0.12612,0.08900
39.48,2,-4.38797,0.59625,-1.70919,0.48752,-0.02549,0.17907,0.03399
39.5,0,-4.50005,-1.71514,-1.57074,0.49444,0.00000,0.00000,
39.5,1,-4.47865,-0.58782,-1.59404,0.39609,-0.00219,0.12752,0.09889
39.5,2,-4.38943,0.58548,-1.70547,0.56983,0.25920,0.17669,0.04247
39.52,0,-4.50005,-1.72503,-1.57074,0.49444,0.00000,0.00000,
39.52,1,-4.47883,-0.59632,-1.59385,0.41051,-0.03108,0.12890,0.00989
39.52,2,-4.39096,0.57416,-1.70118,0.58146,0.17642,0.17378,0.00410
39.54,0,-4.50005,-1.73492,-1.57074,0.49444,0.00000,0.00000,
39.54,1,-4.47904,-0.60522,-1.59452,0.47675,-0.01810,0.12989,0.01978
39.54,2,-4.39243,0.56289,-1.69850,0.54666,0.10695,0.17132,0.01299
39.56,0,-4.50005,-1.74480,-1.57074,0.49444,0.00000,0.00000,
39.56,1,-4.47928,-0.61469,-1.59435,0.51658,0.01483,0.13031,0.02967
39.56,2,-4.39375,0.55259,-1.69653,0.50216,0.09877,0.17041,0.02246
39.58,0,-4.50005,-1.75469,-1.57074,0.49444,0.00000,0.00000,
39.58,1,-4.47955,-0.62576,-1.59411,0.56291,0.00986,0.12912,0.03956
39.58,2,-4.39500,0.54274,-1.69444,0.49666,0.10791,0.17155,0.03354
39.6,0,-4.50004,-1.76458,-1.57074,0.49444,0.00000,0.00000,
39.6,1,-4.47981,-0.63659,-1.59393,0.51996,0.00884,0.12818,0.04944
39.6,2,-4.39623,0.53283,-1.69230,0.50036,0.10522,0.17240,0.04437
39.62,0,-4.50004,-1.77447,-1.57074,0.49444,0.00000,0.00000,
39.62,1,-4.48006,-0.65025,-1.59342,0.70810,0.04390,0.12440,0.00989
39.62,2,-4.39745,0.52206,-1.68951,0.56599,0.32240,0.17522,0.00742
39.64,0,-4.50004,-1.78436,-1.57074,0.49444,0.00000,0.00000,
39.64,1,-4.48033,-0.66415,-1.59253,0.65893,0.04153,0.12038,0.01978
39.64,2,-4.39868,0.51122,-1.68748,0.54465,0.09242,0.17821,0.02133
39.66,0,-4.50004,-1.79425,-1.57074,0.49444,0.00000,0.00000,
39.66,1,-4.48059,-0.67651,-1.59226,0.51058,-0.01563,0.11791,0.02967
39.66,2,-4.39992,0.49952,-1.68395,0.64814,0.18430,0.17879,0.03369
39.68,0,-4.50004,-1.80414,-1.57074,0.49444,0.00000,0.00000,
39.68,1,-4.48084,-0.68533,-1.59276,0.43825,-0.02668,0.11897,0.03956
39.68,2,-4.40149,0.48591,-1.68044,0.76013,0.11733,0.17393,0.04251
39.7,0,-4.50004,-1.81403,-1.57074,0.49444,0.00000,0.00000,
39.7,1,-4.48108,-0.69433,-1.59313,0.46255,-0.00328,0.11985,0.04944
39.7,2,-4.40330,0.46971,-1.67903,0.83526,0.05430,0.16664,0.05152
39.72,0,-4.50004,-1.82392,-1.57074,0.49444,0.00000,0.00000,
39.72,1,-4.48129,-0.70713,-1.59224,0.65043,0.11912,0.11694,0.00989
39.72,2,-4.40512,0.45371,-1.67713,0.82705,0.10446,0.16333,0.00696
39.74,0,-4.50004,-1.83380,-1.57074,0.49444,0.00000,0.00000,
39.74,1,-4.48149,-0.71973,-1.58978,0.62990,0.12385,0.11423,0.01978
39.74,2,-4.40691,0.43708,-1.67499,0.83586,0.09984,0.15921,0.01956
39.76,0,-4.50004,-1.84369,-1.57074,0.49444,0.00000,0.00000,
39.76,1,-4.48183,-0.73215,-1.58716,0.59951,0.11829,0.11169,0.02967
39.76,2,-4.40863,0.42063,-1.67326,0.81921,0.07853,0.15510,0.03198
39.78,0,-4.50004,-1.85358,-1.57074,0.49444,0.00000,0.00000,
39.78,1,-4.48207,-0.74221,-1.58623,0.43486,0.00943,0.11151,0.03956
39.78,2,-4.41026,0.40545,-1.67227,0.76243,0.07403,0.14990,0.04205
39.8,0,-4.50004,-1.86347,-1.57074,0.49444,0.00000,0.00000,
39.8,1,-4.48221,-0.75114,-1.58632,0.45670,-0.01076,0.11247,0.04944
39.8,2,-4.41185,0.39010,-1.67040,0.77259,0.09773,0.14340,0.05097
39.82,0,-4.50004,-1.87336,-1.57074,0.49444,0.00000,0.00000,
39.82,1,-4.48234,-0.76330,-1.58616,0.60731,0.02247,0.11020,0.00989
39.82,2,-4.41335,0.37518,-1.66848,0.76355,0.10831,0.14057,0.00641
39.84,0,-4.50004,-1.88325,-1.57074,0.49444,0.00000,0.00000,
39.84,1,-4.48246,-0.77540,-1.58570,0.58221,0.02641,0.10799,0.01978
39.84,2,-4.41489,0.35941,-1.66639,0.80392,0.09262,0.13682,0.01850
39.86,0,-4.50004,-1.89314,-1.57074,0.49444,0.00000,0.00000,
39.86,1,-4.48264,-0.78651,-1.58598,0.56200,-0.03548,0.10677,0.02967
39.86,2,-4.41642,0.34365,-1.66474,0.76043,0.09233,0.13210,0.02962
39.88,0,-4.50004,-1.90303,-1.57074,0.49444,0.00000,0.00000,
39.88,1,-4.48281,-0.79523,-1.58673,0.43336,-0.01622,0.10793,0.03956
39.88,2,-4.41781,0.32906,-1.66319,0.70402,0.06887,0.12616,0.03834
39.9,0,-4.50004,-1.91292,-1.57074,0.49444,0.00000,0.00000,
39.9,1,-4.48299,-0.80419,-1.58761,0.45519,-0.06233,0.10885,0.04944
39.9,2,-4.41907,0.31608,-1.66229,0.56674,-0.01359,0.12209,0.04731
39.92,0,-4.50004,-1.92280,-1.57074,0.49444,0.00000,0.00000,
39.92,1,-4.48314,-0.81592,-1.58779,0.57495,0.02681,0.10702,0.00989
39.92,2,-4.42025,0.30367,-1.66191,0.72921,0.03393,0.12135,0.00602
39.94,0,-4.50003,-1.93269,-1.57074,0.49444,0.00000,0.00000,
39.94,1,-4.48329,-0.82742,-1.58726,0.57495,0.02711,0.10540,0.01978
39.94,2,-4.42142,0.28948,-1.66038,0.64737,0.12596,0.11861,0.01752
39.96,0,-4.50003,-1.94258,-1.57074,0.49444,0.00000,0.00000,
39.96,1,-4.48354,-0.83869,-1.58665,0.54584,0.02374,0.10402,0.02967
39.96,2,-4.42262,0.27651,-1.65835,0.67192,0.06959,0.11686,0.02879
39.98,0,-4.50003,-1.95247,-1.57074,0.49444,0.00000,0.00000,
39.98,1,-4.48372,-0.84791,-1.58657,0.41881,-0.00288,0.10468,0.03956
39.98,2,-4.42384,0.26300,-1.65723,0.67537,0.05544,0.11252,0.03802
40.0,0,-4.50003,-1.96236,-1.57074,0.49444,0.00000,0.00000,
40.0,1,-4.48386,-0.85663,-1.58657,0.44888,0.00168,0.10585,0.04944
40.0,2,-4.42499,0.25064,-1.65662,0.56465,0.00778,0.10883,0.04674
40.02,0,-4.50003,-1.97225,-1.57074,0.49444,0.00000,0.00000,
40.02,1,-4.48400,-0.86544,-1.58650,0.41998,0.00643,0.10693,0.05933
40.02,2,-4.42604,0.23970,-1.65770,0.53510,-0.32156,0.10665,0.00428
40.04,0,-4.50003,-1.98214,-1.57074,0.49444,0.00000,0.00000,
40.04,1,-4.48414,-0.87466,-1.58647,0.48422,-0.00120,0.10759,0.06922
40.04,2,-4.42690,0.22900,-1.66209,0.52690,-0.09700,0.10514,0.01350
40.06,0,-4.50003,-1.99203,-1.57074,0.49444,0.00000,0.00000,
40.06,1,-4.48430,-0.88433,-1.58650,0.47447,-0.00039,0.10781,0.07911
40.06,2,-4.42780,0.21910,-1.66078,0.47461,0.15177,0.10487,0.02317
40.08,0,-4.50003,-2.00192,-1.57074,0.49444,0.00000,0.00000,
40.08,1,-4.48444,-0.89348,-1.58648,0.44590,0.00127,0.10854,0.08900
40.08,2,-4.42866,0.21013,-1.65798,0.38832,0.07301,0.10501,0.03233
40.1,0,-4.50003,-2.01180,-1.57074,0.49444,0.00000,0.00000,
40.1,1,-4.48458,-0.90226,-1.58646,0.43631,0.00107,0.10965,0.09889
40.1,2,-4.42944,0.20209,-1.65662,0.41805,0.06802,0.10573,0.04111
40.12,0,-4.50003,-2.02169,-1.57074,0.49444,0.00000,0.00000,
40.12,1,-4.48471,-0.91018,-1.58653,0.38093,-0.00335,0.11162,0.10878
40.12,2,-4.43019,0.19358,-1.65520,0.42930,0.07250,0.10511,0.04903
40.14,0,-4.50003,-2.03158,-1.57074,0.49444,0.00000,0.00000,
40.14,1,-4.48484,-0.91803,-1.58651,0.39908,0.00345,0.11365,0.11867
40.14,2,-4.43089,0.18542,-1.65358,0.39749,0.08666,0.10477,0.05688
40.16,0,-4.50003,-2.04147,-1.57074,0.49444,0.00000,0.00000,
40.16,1,-4.48497,-0.92598,-1.58645,0.39287,0.00189,0.11560,0.12856
40.16,2,-4.43161,0.17683,-1.65227,0.44918,0.05574,0.10409,0.06483
40.18,0,-4.50003,-2.05136,-1.57074,0.49444,0.00000,0.00000,
40.18,1,-4.48509,-0.93351,-1.58641,0.38217,0.00098,0.11795,0.13844
40.18,2,-4.43233,0.16791,-1.65113,0.43945,0.05977,0.10268,0.07236
40.2,0,-4.50003,-2.06125,-1.57074,0.49444,0.00000,0.00000,
40.2,1,-4.48521,-0.94148,-1.58641,0.40468,-0.00058,0.11987,0.14833
40.2,2,-4.43302,0.15943,-1.64987,0.41519,0.06411,0.10214,0.08033
40.22,0,-4.50003,-2.07114,-1.57074,0.49444,0.00000,0.00000,
40.22,1,-4.48534,-0.94946,-1.58641,0.39166,0.00068,0.12178,0.15822
40.22,2,-4.43366,0.15133,-1.64867,0.37308,0.03700,0.10200,0.08831
40.24,0,-4.50003,-2.08103,-1.57074,0.49444,0.00000,0.00000,
40.24,1,-4.48545,-0.95710,-1.58639,0.37620,0.00101,0.12402,0.16811
40.24,2,-4.43427,0.14428,-1.64791,0.36488,0.05788,0.10257,0.09596
40.26,0,-4.50003,-2.09092,-1.57074,0.49444,0.00000,0.00000,
40.26,1,-4.48557,-0.96456,-1.58637,0.37100,0.00071,0.12645,0.17800
40.26,2,-4.43486,0.13686,-1.64657,0.37359,0.06702,0.10258,0.10341
40.28,0,-4.50002,-2.10080,-1.57074,0.49444,0.00000,0.00000,
40.28,1,-4.48569,-0.97195,-1.58636,0.36833,0.00061,0.12895,0.18789
40.28,2,-4.43542,0.12952,-1.64538,0.36247,0.05372,0.10261,0.11080
40.3,0,-4.50002,-2.11069,-1.57074,0.49444,0.00000,0.00000,
40.3,1,-4.48580,-0.97909,-1.58637,0.30686,-0.00747,0.13170,0.19778
40.3,2,-4.43595,0.12257,-1.64426,0.35408,0.05272,0.10278,0.11794
40.32,0,-4.50002,-2.12058,-1.57074,0.49444,0.00000,0.00000,
40.32,1,-4.48591,-0.98708,-1.58867,0.40042,-0.19321,0.13359,0.00989
40.32,2,-4.43649,0.11516,-1.64273,0.31260,0.17506,0.10335,0.00400
40.34,0,-4.50002,-2.13047,-1.57074,0.49444,0.00000,0.00000,
40.34,1,-4.48619,-0.99465,-1.59400,0.34087,-0.44019,0.13591,0.01978
40.34,2,-4.43704,0.10984,-1.64220,0.26638,-0.01645,0.10558,0.01157
40.36,0,-4.50002,-2.14036,-1.57074,0.49444,0.00000,0.00000,
40.36,1,-4.48648,-1.00331,-1.60075,0.52571,-0.13381,0.13713,0.02967
40.36,2,-4.43761,0.10403,-1.64303,0.30931,-0.03364,0.10842,0.02024
40.38,0,-4.50002,-2.15025,-1.57074,0.49444,0.00000,0.00000,
40.38,1,-4.48676,-1.01478,-1.59955,0.58246,0.14162,0.13555,0.03956
40.38,2,-4.43820,0.09675,-1.64222,0.36285,0.10176,0.11258,0.03171
40.4,0,-4.50002,-2.16014,-1.57074,0.49444,0.00000,0.00000,
40.4,1,-4.48704,-1.02579,-1.59734,0.52103,0.06569,0.13442,0.04944
40.4,2,-4.43883,0.08921,-1.64042,0.41925,-0.02097,0.11604,0.04273
40.42,0,-4.50002,-2.17003,-1.57074,0.49444,0.00000,0.00000,
40.42,1,-4.48731,-1.03907,-1.59580,0.69363,0.14215,0.13103,0.00989
40.42,2,-4.43947,0.07929,-1.64145,0.63613,0.25673,0.11938,0.00707
40.44,0,-4.50002,-2.17992,-1.57074,0.49444,0.00000,0.00000,
40.44,1,-4.48761,-1.05287,-1.59275,0.66247,0.19191,0.12712,0.01978
40.44,2,-4.44010,0.06782,-1.63918,0.55723,0.04776,0.12170,0.02087
40.46,0,-4.50002,-2.18980,-1.57074,0.49444,0.00000,0.00000,
40.46,1,-4.48792,-1.06528,-1.58992,0.55291,0.06254,0.12459,0.02967
40.46,2,-4.44108,0.05600,-1.64269,0.64672,-0.27341,0.12225,0.03328
40.48,0,-4.50002,-2.19969,-1.57074,0.49444,0.00000,0.00000,
40.48,1,-4.48810,-1.07425,-1.58905,0.44550,0.07451,0.12550,0.03956
40.48,2,-4.44212,0.04149,-1.64513,0.77929,0.01702,0.11669,0.04226
40.5,0,-4.50017,-2.20501,-1.56508,0.16407,0.22974,0.00000,
40.5,1,-4.48824,-1.08345,-1.58734,0.47108,0.06288,0.12162,0.04487
40.5,2,-4.44320,0.02636,-1.64311,0.74186,0.11561,0.11072,0.05145
40.52,0,-4.50048,-2.20698,-1.56088,0.06110,0.19070,0.00000,
40.52,1,-4.48843,-1.09291,-1.58687,0.45434,0.00240,0.11414,0.04684
40.52,2,-4.44417,0.01295,-1.64090,0.62366,0.15695,0.10674,0.00471
40.54,0,-4.50084,-2.20791,-1.55722,0.04259,0.18412,0.00000,
40.54,1,-4.48860,-1.10218,-1.58691,0.48391,0.00004,0.10579,0.04778
40.54,2,-4.44507,0.00139,-1.63803,0.48101,0.08396,0.10443,0.01399
40.56,0,-4.50102,-2.20793,-1.54850,-0.09292,1.45267,0.00000,
40.56,1,-4.48876,-1.11196,-1.58675,0.48583,0.01251,0.09603,0.04780
40.56,2,-4.44595,-0.00819,-1.63636,0.47938,0.07849,0.10460,0.02377
40.58,0,-4.50111,-2.20571,-1.49703,-0.04743,2.89550,0.00000,
40.58,1,-4.48891,-1.12143,-1.58648,0.46344,0.01310,0.08435,0.04559
40.58,2,-4.44663,-0.01763,-1.63516,0.46693,0.04692,0.10461,0.03324
40.6,0,-4.50027,-2.20642,-1.44899,0.06529,1.99841,0.00000,
40.6,1,-4.48905,-1.13054,-1.58626,0.45123,0.00993,0.07593,0.04628
40.6,2,-4.44721,-0.02681,-1.63430,0.45524,0.04406,0.10452,0.04235
40.62,0,-4.49857,-2.20766,-1.40943,0.09517,1.82259,0.00000,
40.62,1,-4.48919,-1.13522,-1.58556,0.11709,0.04540,0.07247,0.00211
40.62,2,-4.44777,-0.03582,-1.63333,0.44933,0.05145,0.10018,0.04704
40.64,0,-4.49677,-2.21017,-1.37162,0.17080,1.83657,0.00000,
40.64,1,-4.48931,-1.13622,-1.58472,0.01053,0.04047,0.07397,0.00513
40.64,2,-4.44832,-0.04474,-1.63230,0.44438,0.05120,0.09225,0.04804
40.66,0,-4.49578,-2.21439,-1.33606,0.24956,1.79326,0.00000,
40.66,1,-4.48941,-1.13579,-1.58392,-0.04554,0.04028,0.07863,0.00915
40.66,2,-4.44886,-0.05354,-1.63131,0.43782,0.04761,0.08300,0.04760
40.68,0,-4.49459,-2.21966,-1.29859,0.27935,1.93696,0.00000,
40.68,1,-4.48941,-1.13484,-1.58287,-0.02039,0.05317,0.08483,0.01441
40.68,2,-4.44939,-0.06220,-1.63039,0.43072,0.04556,0.07338,0.04666
40.7,0,-4.49313,-2.22504,-1.25934,0.28422,1.96941,0.00000,
40.7,1,-4.48942,-1.13504,-1.58237,0.02970,0.00668,0.09001,0.01994
40.7,2,-4.44989,-0.07073,-1.62949,0.42411,0.04440,0.06504,0.04686
40.72,0,-4.49133,-2.23064,-1.22046,0.31126,1.93685,0.00000,
40.72,1,-4.48943,-1.13876,-1.58152,0.22574,0.06087,0.09188,0.00588
40.72,2,-4.45038,-0.07837,-1.62821,0.31563,0.13556,0.06111,0.00226
40.74,0,-4.48915,-2.23664,-1.18220,0.32614,1.90205,0.00000,
40.74,1,-4.48945,-1.14328,-1.58031,0.22574,0.06091,0.09336,0.01226
40.74,2,-4.45080,-0.08267,-1.62601,0.19660,0.09383,0.06131,0.00677
40.76,0,-4.48658,-2.24294,-1.14388,0.34797,1.92317,0.00000,
40.76,1,-4.48946,-1.14779,-1.57909,0.22574,0.06094,0.09515,0.01906
40.76,2,-4.45111,-0.08666,-1.62478,0.21007,0.03688,0.06182,0.01129
40.78,0,-4.48370,-2.24927,-1.10574,0.35675,1.91543,0.00000,
40.78,1,-4.48950,-1.15244,-1.57821,0.24341,0.02263,0.09685,0.02601
40.78,2,-4.45136,-0.09117,-1.62425,0.23236,0.02465,0.06195,0.01593
40.8,0,-4.48041,-2.25589,-1.06715,0.37726,1.93436,0.00000,
40.8,1,-4.48956,-1.15733,-1.57811,0.27621,0.00187,0.09860,0.03337
40.8,2,-4.45159,-0.09545,-1.62353,0.21423,0.04138,0.06255,0.02082
40.82,0,-4.47674,-2.26260,-1.02853,0.38553,1.92709,0.00000,
40.82,1,-4.48962,-1.16302,-1.57794,0.32171,0.00958,0.09966,0.04098
40.82,2,-4.45185,-0.10150,-1.62270,0.44569,0.06941,0.06219,0.00305
40.84,0,-4.47276,-2.26928,-0.99005,0.39150,1.92228,0.00000,
40.84,1,-4.48967,-1.16949,-1.57775,0.32236,0.00877,0.09992,0.04871
40.84,2,-4.45211,-0.11053,-1.62103,0.45176,0.08388,0.05963,0.00953
40.86,0,-4.46847,-2.27583,-0.95214,0.39603,1.88695,0.00000,
40.86,1,-4.48971,-1.17591,-1.57761,0.31423,0.00658,0.10012,0.05646
40.86,2,-4.45232,-0.11856,-1.61917,0.38889,0.04683,0.05801,0.01594
40.88,0,-4.46370,-2.28257,-0.91370,0.42367,1.93866,0.00000,
40.88,1,-4.48975,-1.18197,-1.57747,0.29492,0.00680,0.10091,0.06462
40.88,2,-4.45258,-0.12546,-1.61927,0.26581,-0.03250,0.05717,0.02200
40.9,0,-4.45847,-2.28940,-0.87493,0.43369,1.93416,0.00000,
40.9,1,-4.48979,-1.18778,-1.57733,0.28885,0.00704,0.10207,0.07310
40.9,2,-4.45285,-0.12922,-1.62000,0.18821,-0.00526,0.05920,0.02781
40.92,0,-4.45294,-2.29602,-0.83716,0.43673,1.88582,0.00000,
40.92,1,-4.48983,-1.19639,-1.59242,0.45186,-1.19672,0.10025,0.00863
40.92,2,-4.45313,-0.13427,-1.61875,0.28001,0.35746,0.06276,0.00452
40.94,0,-4.44692,-2.30272,-0.79871,0.45834,1.93981,0.00000,
40.94,1,-4.48995,-1.20516,-1.61386,0.39539,-0.69567,0.09841,0.01763
40.94,2,-4.45341,-0.13880,-1.61102,0.21462,0.43983,0.06698,0.01328
40.96,0,-4.44048,-2.30939,-0.75992,0.46595,1.93429,0.00000,
40.96,1,-4.49027,-1.21363,-1.61428,0.47356,0.36484,0.09689,0.02689
40.96,2,-4.45327,-0.14330,-1.59694,0.23306,0.94975,0.07097,0.02176
40.98,0,-4.43373,-2.31586,-0.72139,0.46869,1.92206,0.00000,
40.98,1,-4.49067,-1.22350,-1.60635,0.46053,0.31735,0.09384,0.03622
40.98,2,-4.45311,-0.14953,-1.58067,0.38802,0.38013,0.07463,0.03163
41.0,0,-4.42669,-2.32211,-0.68297,0.47258,1.92069,0.00000,
41.0,1,-4.49101,-1.23191,-1.60220,0.41585,0.12886,0.09210,0.04560
41.0,2,-4.45330,-0.15820,-1.58213,0.45427,-0.27229,0.07437,0.04005
41.02,0,-4.41938,-2.32807,-0.65067,0.47275,1.31764,0.00000,
41.02,1,-4.49130,-1.24161,-1.62109,0.49238,-1.37533,0.08884,0.00943
41.02,2,-4.45349,-0.16745,-1.58636,0.35806,-0.10639,0.07482,0.00492
41.04,0,-4.41181,-2.33386,-0.62745,0.47614,1.10632,0.00000,
41.04,1,-4.49175,-1.25063,-1.63821,0.42854,-0.15292,0.08617,0.01896
41.04,2,-4.45368,-0.17375,-1.58805,0.31508,-0.08681,0.07755,0.01396
41.06,0,-4.40417,-2.33940,-0.60468,0.46906,1.16982,0.00000,
41.06,1,-4.49231,-1.25997,-1.63010,0.49231,0.61134,0.08303,0.02839
41.06,2,-4.45381,-0.17844,-1.58499,0.16787,0.40437,0.08221,0.02331
41.08,0,-4.39646,-2.34475,-0.58121,0.47026,1.15856,0.00000,
41.08,1,-4.49287,-1.26988,-1.62066,0.49145,0.31731,0.07918,0.03777
41.08,2,-4.45412,-0.18267,-1.58464,0.26928,-0.30541,0.08790,0.03324
41.1,0,-4.38856,-2.34995,-0.55886,0.47484,1.08297,0.00000,
41.1,1,-4.49334,-1.27891,-1.61670,0.39909,0.15134,0.07616,0.04721
41.1,2,-4.45441,-0.18833,-1.58823,0.31622,0.12266,0.09127,0.04228
41.12,0,-4.38050,-2.35502,-0.53779,0.47659,1.03462,0.00000,
41.12,1,-4.49374,-1.28703,-1.61290,0.41352,0.22351,0.07398,0.05671
41.12,2,-4.45475,-0.19471,-1.58644,0.32994,-0.02646,0.09301,0.05041
41.14,0,-4.37232,-2.35991,-0.51745,0.47701,1.00324,0.00000,
41.14,1,-4.49410,-1.29537,-1.60817,0.41804,0.23426,0.07148,0.06622
41.14,2,-4.45514,-0.20225,-1.58989,0.42117,-0.18425,0.09382,0.05876
41.16,0,-4.36402,-2.36464,-0.49777,0.47806,0.96657,0.00000,
41.16,1,-4.49442,-1.30362,-1.60380,0.40735,0.20724,0.06900,0.07574
41.16,2,-4.45531,-0.21122,-1.59195,0.44125,-0.03638,0.09310,0.06702
41.18,0,-4.35604,-2.36912,-0.47977,0.45394,0.92870,0.00000,
41.18,1,-4.49468,-1.31149,-1.59969,0.40478,0.19992,0.06668,0.08486
41.18,2,-4.45547,-0.22011,-1.59206,0.45573,-0.00198,0.09208,0.07489
41.2,0,-4.34794,-2.37339,-0.46096,0.46042,0.92450,0.00000,
41.2,1,-4.49492,-1.31987,-1.59577,0.42417,0.19455,0.06372,0.09397
41.2,2,-4.45564,-0.22916,-1.59241,0.44520,-0.02983,0.09143,0.08328
41.22,0,-4.33968,-2.37751,-0.44332,0.46255,0.85021,0.00000,
41.22,1,-4.49502,-1.32858,-1.60312,0.42575,-0.64048,0.06037,0.00924
41.22,2,-4.45582,-0.23852,-1.59316,0.55251,-0.04430,0.09076,0.00427
41.24,0,-4.33133,-2.38148,-0.42674,0.46152,0.81765,0.00000,
41.24,1,-4.49543,-1.33673,-1.60811,0.40176,0.17090,0.05757,0.01848
41.24,2,-4.45608,-0.25009,-1.59394,0.55084,-0.03235,0.08734,0.01243
41.26,0,-4.32304,-2.38527,-0.41020,0.47054,0.81209,0.00000,
41.26,1,-4.49570,-1.34497,-1.59867,0.42256,0.56799,0.05453,0.02759
41.26,2,-4.45630,-0.25955,-1.59445,0.42837,-0.02316,0.08613,0.02067
41.28,0,-4.31408,-2.38918,-0.39459,0.49715,0.75671,0.00000,
41.28,1,-4.49590,-1.35355,-1.58924,0.43017,0.37626,0.05147,0.03736
41.28,2,-4.45649,-0.26779,-1.59493,0.41025,-0.02529,0.08647,0.02925
41.3,0,-4.30493,-2.39300,-0.37983,0.49220,0.72683,0.00000,
41.3,1,-4.49604,-1.36202,-1.58299,0.41755,0.28939,0.04854,0.04727
41.3,2,-4.45669,-0.27499,-1.59567,0.35361,-0.03440,0.08775,0.03773
41.32,0,-4.29588,-2.39661,-0.36551,0.48420,0.70688,0.00000,
41.32,1,-4.49604,-1.37113,-1.59480,0.45713,-0.99713,0.04483,0.00974
41.32,2,-4.45688,-0.28233,-1.59608,0.30760,-0.00497,0.08950,0.00458
41.34,0,-4.28685,-2.40006,-0.35165,0.48392,0.68055,0.00000,
41.34,1,-4.49633,-1.37965,-1.60328,0.40924,0.18993,0.04169,0.01941
41.34,2,-4.45708,-0.28850,-1.59618,0.31453,-0.00621,0.09186,0.01311
41.36,0,-4.27774,-2.40341,-0.33834,0.48662,0.65320,0.00000,
41.36,1,-4.49652,-1.38793,-1.59103,0.42354,0.74167,0.03878,0.02912
41.36,2,-4.45727,-0.29540,-1.59639,0.37791,-0.01381,0.09323,0.02139
41.38,0,-4.26854,-2.40665,-0.32556,0.48804,0.62794,0.00000,
41.38,1,-4.49664,-1.39660,-1.57909,0.43824,0.45496,0.03548,0.03887
41.38,2,-4.45750,-0.30425,-1.59682,0.44702,-0.01931,0.09306,0.03006
41.4,0,-4.25929,-2.40977,-0.31326,0.48821,0.60479,0.00000,
41.4,1,-4.49670,-1.40528,-1.57175,0.42753,0.33970,0.03217,0.04863
41.4,2,-4.45775,-0.31372,-1.59728,0.47984,-0.02470,0.09225,0.03874
41.42,0,-4.25000,-2.41278,-0.30141,0.48833,0.58230,0.00000,
41.42,1,-4.49671,-1.41366,-1.56446,0.41354,0.38889,0.02913,0.05839
41.42,2,-4.45799,-0.32298,-1.59774,0.44635,-0.02106,0.09137,0.04712
41.44,0,-4.24067,-2.41568,-0.29001,0.48876,0.56039,0.00000,
41.44,1,-4.49666,-1.42186,-1.55647,0.40800,0.39811,0.02626,0.06815
41.44,2,-4.45822,-0.33153,-1.59815,0.38747,-0.02813,0.09101,0.05532
41.46,0,-4.23129,-2.41848,-0.27903,0.48924,0.53937,0.00000,
41.46,1,-4.49655,-1.42948,-1.54864,0.38186,0.37376,0.02395,0.07792
41.46,2,-4.45844,-0.33886,-1.59869,0.37849,-0.01901,0.09129,0.06293
41.48,0,-4.22188,-2.42117,-0.26847,0.48963,0.51920,0.00000,
41.48,1,-4.49638,-1.43717,-1.54148,0.38441,0.34817,0.02157,0.08770
41.48,2,-4.45867,-0.34663,-1.59898,0.39226,-0.01343,0.09119,0.07062
41.5,0,-4.21244,-2.42377,-0.25830,0.48994,0.49978,0.00000,
41.5,1,-4.49616,-1.44477,-1.53463,0.37603,0.33975,0.01929,0.09748
41.5,2,-4.45889,-0.35437,-1.59929,0.38136,-0.01665,0.09104,0.07822
41.52,0,-4.20296,-2.42628,-0.24851,0.49024,0.48108,0.00000,
41.52,1,-4.49575,-1.45219,-1.53704,0.35267,-0.40852,0.01713,0.00980
41.52,2,-4.45911,-0.36225,-1.59942,0.44449,0.02139,0.09056,0.00354
41.54,0,-4.19345,-2.42869,-0.23909,0.49052,0.46315,0.00000,
41.54,1,-4.49567,-1.45912,-1.53903,0.35397,0.27517,0.01557,0.01961
41.54,2,-4.45938,-0.37110,-1.59884,0.45062,0.01273,0.08862,0.01047
41.56,0,-4.18392,-2.43101,-0.23001,0.49080,0.44626,0.00000,
41.56,1,-4.49541,-1.46670,-1.52725,0.39748,0.70895,0.01337,0.02942
41.56,2,-4.45963,-0.37997,-1.59908,0.42705,-0.02361,0.08732,0.01805
41.58,0,-4.17436,-2.43325,-0.22127,0.49106,0.42944,0.00000,
41.58,1,-4.49502,-1.47479,-1.51468,0.40458,0.53386,0.01068,0.03924
41.58,2,-4.45986,-0.38805,-1.59950,0.38952,-0.01644,0.08731,0.02614
41.6,0,-4.16477,-2.43541,-0.21286,0.49128,0.41290,0.00000,
41.6,1,-4.49458,-1.48254,-1.50542,0.39842,0.43572,0.00832,0.04906
41.6,2,-4.46008,-0.39419,-1.60008,0.29718,-0.02113,0.08890,0.03391
41.62,0,-4.15517,-2.43748,-0.20478,0.49149,0.39709,0.00000,
41.62,1,-4.49387,-1.49234,-1.48616,0.51416,1.15591,0.00400,0.00983
41.62,2,-4.46028,-0.40163,-1.60003,0.50806,0.04114,0.09122,0.00526
41.64,0,-4.14554,-2.43948,-0.19701,0.49168,0.38194,0.00000,
41.64,1,-4.49303,-1.50220,-1.46930,0.47930,0.56024,0.00038,0.01966
41.64,2,-4.46049,-0.41013,-1.60087,0.38057,-0.03039,0.09255,0.01515
41.66,0,-4.13590,-2.44141,-0.18953,0.49186,0.36736,0.00000,
41.66,1,-4.49217,-1.51107,-1.46137,0.42080,0.35249,0.00378,0.02949
41.66,2,-4.46055,-0.41804,-1.59948,0.42518,0.16354,0.09348,0.02406
41.68,0,-4.12623,-2.44326,-0.18234,0.49202,0.35332,0.00000,
41.68,1,-4.49131,-1.51837,-1.45229,0.29945,0.56266,0.00566,0.03933
41.68,2,-4.46079,-0.42696,-1.59736,0.44517,0.03618,0.09183,0.03141
41.7,0,-4.11655,-2.44504,-0.17542,0.49217,0.33982,0.00000,
41.7,1,-4.49044,-1.52485,-1.44219,0.34810,0.45521,0.00675,0.04917
41.7,2,-4.46110,-0.43629,-1.59762,0.47214,-0.03597,0.08895,0.03795
41.72,0,-4.10686,-2.44676,-0.16877,0.49231,0.32684,0.00000,
41.72,1,-4.48922,-1.53337,-1.42406,0.42037,0.94236,0.00980,0.00985
41.72,2,-4.46138,-0.44512,-1.59809,0.46468,-0.01719,0.08860,0.04654
41.74,0,-4.09715,-2.44842,-0.16237,0.49244,0.31435,0.00000,
41.74,1,-4.48782,-1.54134,-1.40996,0.40465,0.61871,0.01237,0.01969
41.74,2,-4.46167,-0.45499,-1.59832,0.50274,-0.00699,0.08666,0.05463
41.76,0,-4.08743,-2.45001,-0.15621,0.49256,0.30234,0.00000,
41.76,1,-4.48644,-1.54936,-1.40033,0.40855,0.40271,0.01493,0.02954
41.76,2,-4.46194,-0.46477,-1.59844,0.47419,-0.00663,0.08487,0.06276
41.78,0,-4.07770,-2.45154,-0.15029,0.49267,0.29079,0.00000,
41.78,1,-4.48512,-1.55643,-1.39075,0.33496,0.49673,0.01653,0.03939
41.78,2,-4.46219,-0.47346,-1.59872,0.38463,-0.02308,0.08321,0.06994
41.8,0,-4.06796,-2.45302,-0.14460,0.49278,0.27968,0.00000,
41.8,1,-4.48383,-1.56327,-1.38205,0.35463,0.40391,0.01786,0.04925
41.8,2,-4.46243,-0.48140,-1.59895,0.40818,-0.00466,0.08208,0.07688
41.82,0,-4.05820,-2.45444,-0.13912,0.49287,0.26900,0.00000,
41.82,1,-4.48211,-1.57173,-1.36407,0.43045,1.00774,0.02078,0.00986
41.82,2,-4.46266,-0.48968,-1.59901,0.41503,-0.00356,0.08223,0.08551
41.84,0,-4.04844,-2.45580,-0.13386,0.49296,0.25873,0.00000,
41.84,1,-4.48028,-1.58019,-1.35002,0.43228,0.54422,0.02368,0.01971
41.84,2,-4.46290,-0.49785,-1.59913,0.40204,-0.00747,0.08248,0.09413
41.86,0,-4.03867,-2.45712,-0.12879,0.49304,0.24884,0.00000,
41.86,1,-4.47844,-1.58826,-1.34149,0.39915,0.37240,0.02618,0.02957
41.86,2,-4.46312,-0.50558,-1.59924,0.38807,-0.00561,0.08278,0.10239
41.88,0,-4.02889,-2.45839,-0.12392,0.49312,0.23934,0.00000,
41.88,1,-4.47667,-1.59530,-1.33265,0.29085,0.60719,0.02767,0.03944
41.88,2,-4.46335,-0.51373,-1.59940,0.41672,-0.00854,0.08165,0.10963
41.9,0,-4.01910,-2.45961,-0.11924,0.49318,0.23020,0.00000,
41.9,1,-4.47505,-1.60132,-1.32316,0.32790,0.38517,0.02812,0.04930
41.9,2,-4.46358,-0.52198,-1.59955,0.40563,-0.00673,0.07940,0.11583
41.92,0,-4.00931,-2.46078,-0.11473,0.49325,0.22141,0.00000,
41.92,1,-4.47287,-1.60928,-1.30719,0.40368,0.75852,0.03050,0.00986
41.92,2,-4.46381,-0.53057,-1.60590,0.47712,-1.48450,0.07875,0.00436
41.94,0,-3.99950,-2.46191,-0.11039,0.49331,0.21295,0.00000,
41.94,1,-4.47050,-1.61659,-1.29552,0.38410,0.52210,0.03233,0.01973
41.94,2,-4.46402,-0.54030,-1.64219,0.49692,-1.68704,0.07631,0.01204
41.96,0,-3.98970,-2.46299,-0.10622,0.49336,0.20482,0.00000,
41.96,1,-4.46830,-1.62402,-1.28688,0.38859,0.38554,0.03411,0.02960
41.96,2,-4.46449,-0.54964,-1.65586,0.45261,0.12169,0.07439,0.01978
41.98,0,-3.97989,-2.46404,-0.10221,0.49341,0.19699,0.00000,
41.98,1,-4.46620,-1.63087,-1.27774,0.31781,0.53316,0.03528,0.03946
41.98,2,-4.46527,-0.55881,-1.64639,0.42802,0.50085,0.07205,0.02695
42.0,0,-3.97007,-2.46505,-0.09836,0.49346,0.18947,0.00000,
42.0,1,-4.46424,-1.63712,-1.26911,0.33427,0.37401,0.03581,0.04933
42.0,2,-4.46599,-0.56676,-1.64036,0.40387,0.14915,0.07036,0.03350
42.02,0,-3.96025,-2.46602,-0.09465,0.49350,0.18224,0.00000,
42.02,1,-4.46224,-1.64350,-1.26185,0.33176,0.36816,0.03640,0.05920
42.02,2,-4.46660,-0.57369,-1.63821,0.19778,0.17833,0.06982,0.00333
42.04,0,-3.95042,-2.46695,-0.09108,0.49355,0.17528,0.00000,
42.04,1,-4.46028,-1.64961,-1.25451,0.30465,0.34186,0.03667,0.06907
42.04,2,-4.46707,-0.57624,-1.63645,0.08707,0.06126,0.07339,0.00975
42.06,0,-3.94059,-2.46785,-0.08765,0.49358,0.16858,0.00000,
42.06,1,-4.45826,-1.65577,-1.24699,0.33686,0.38943,0.03696,0.07894
42.06,2,-4.46752,-0.57713,-1.63599,0.01587,-0.10682,0.07868,0.01624
42.08,0,-3.93076,-2.46871,-0.08435,0.49362,0.16215,0.00000,
42.08,1,-4.45610,-1.66220,-1.23940,0.33588,0.36624,0.03748,0.08881
42.08,2,-4.46791,-0.57905,-1.64033,0.16372,-0.11220,0.08321,0.02301
42.1,0,-3.92092,-2.46954,-0.08117,0.49365,0.15595,0.00000,
42.1,1,-4.45397,-1.66839,-1.23238,0.32067,0.34137,0.03772,0.09868
42.1,2,-4.46822,-0.58290,-1.63878,0.20482,0.14897,0.08558,0.02956
42.12,0,-3.91108,-2.47034,-0.07812,0.49368,0.15000,0.00000,
42.12,1,-4.45187,-1.67435,-1.22568,0.31295,0.33128,0.03767,0.10856
42.12,2,-4.46860,-0.58701,-1.63617,0.21342,0.05287,0.08746,0.00314
42.14,0,-3.90123,-2.47111,-0.07518,0.49371,0.14427,0.00000,
42.14,1,-4.44976,-1.68021,-1.21914,0.31088,0.32253,0.03750,0.11843
42.14,2,-4.46917,-0.59217,-1.63694,0.30533,-0.00239,0.08822,0.00937
42.16,0,-3.89139,-2.47186,-0.07236,0.49373,0.13876,0.00000,
42.16,1,-4.44763,-1.68602,-1.21281,0.30761,0.31117,0.03722,0.12830
42.16,2,-4.46961,-0.59879,-1.63458,0.35703,0.18707,0.08745,0.01556
42.18,0,-3.88154,-2.47257,-0.06964,0.49375,0.13347,0.00000,
42.18,1,-4.44550,-1.69173,-1.20672,0.30251,0.29981,0.03680,0.13817
42.18,2,-4.47004,-0.60613,-1.63069,0.36323,0.18528,0.08588,0.02166
42.2,0,-3.87169,-2.47326,-0.06703,0.49378,0.12837,0.00000,
42.2,1,-4.44341,-1.69715,-1.20038,0.26106,0.37066,0.03604,0.14804
42.2,2,-4.47043,-0.61301,-1.62741,0.32985,0.14982,0.08447,0.02746
42.22,0,-3.86183,-2.47392,-0.06452,0.49380,0.12347,0.00000,
42.22,1,-4.44093,-1.70395,-1.20119,0.39170,-0.26904,0.03657,0.00988
42.22,2,-4.47078,-0.61951,-1.62363,0.26294,0.34556,0.08485,0.00389
42.24,0,-3.85198,-2.47456,-0.06210,0.49381,0.11876,0.00000,
42.24,1,-4.43826,-1.71056,-1.20185,0.33378,0.27246,0.03698,0.01975
42.24,2,-4.47105,-0.62386,-1.61995,0.21885,0.19007,0.08720,0.01102
42.26,0,-3.84212,-2.47517,-0.05977,0.49383,0.11422,0.00000,
42.26,1,-4.43555,-1.71745,-1.18945,0.39093,0.76540,0.03756,0.02963
42.26,2,-4.47117,-0.62799,-1.61643,0.23870,0.03883,0.09004,0.01842
42.28,0,-3.83226,-2.47576,-0.05754,0.49385,0.10986,0.00000,
42.28,1,-4.43264,-1.72475,-1.17587,0.38760,0.57431,0.03851,0.03951
42.28,2,-4.47153,-0.63338,-1.61900,0.26064,-0.08920,0.09207,0.02628
42.3,0,-3.82240,-2.47633,-0.05539,0.49386,0.10567,0.00000,
42.3,1,-4.42980,-1.73161,-1.16602,0.33959,0.49161,0.03900,0.04938
42.3,2,-4.47189,-0.63878,-1.62154,0.27336,-0.16083,0.09365,0.03371
42.32,0,-3.81254,-2.47687,-0.05332,0.49388,0.10163,0.00000,
42.32,1,-4.42660,-1.73903,-1.14925,0.43953,0.79638,0.04006,0.00988
42.32,2,-4.47213,-0.64496,-1.62038,0.34890,0.20188,0.09501,0.04178
42.34,0,-3.80267,-2.47740,-0.05133,0.49389,0.09775,0.00000,
42.34,1,-4.42345,-1.74635,-1.13705,0.35115,0.40543,0.04094,0.01976
42.34,2,-4.47251,-0.65261,-1.61571,0.39808,0.22022,0.09484,0.04975
42.36,0,-3.79281,-2.47791,-0.04941,0.49390,0.09402,0.00000,
42.36,1,-4.42020,-1.75323,-1.12730,0.39699,0.53557,0.04147,0.02963
42.36,2,-4.47288,-0.66040,-1.61218,0.37756,0.14664,0.09410,0.05735
42.38,0,-3.78294,-2.47839,-0.04757,0.49391,0.09043,0.00000,
42.38,1,-4.41685,-1.76013,-1.11620,0.32857,0.60429,0.04201,0.03951
42.38,2,-4.47319,-0.66718,-1.60967,0.30543,0.11295,0.09440,0.06501
42.4,0,-3.77308,-2.47886,-0.04580,0.49392,0.08698,0.00000,
42.4,1,-4.41394,-1.76594,-1.10600,0.32301,0.45494,0.04137,0.04939
42.4,2,-4.47345,-0.67346,-1.60711,0.32200,0.13970,0.09410,0.07150
42.42,0,-3.76321,-2.47932,-0.04410,0.49393,0.08366,0.00000,
42.42,1,-4.41105,-1.77168,-1.09720,0.31982,0.44017,0.04060,0.05927
42.42,2,-4.47369,-0.68056,-1.60231,0.43561,0.49144,0.09292,0.00321
42.44,0,-3.75334,-2.47975,-0.04246,0.49394,0.08047,0.00000,
42.44,1,-4.40816,-1.77733,-1.08828,0.31535,0.44908,0.03970,0.06915
42.44,2,-4.47396,-0.68897,-1.59266,0.42112,0.34155,0.09035,0.00955
42.46,0,-3.74347,-2.48017,-0.04089,0.49395,0.07740,0.00000,
42.46,1,-4.40526,-1.78287,-1.07938,0.31039,0.43856,0.03865,0.07902
42.46,2,-4.47412,-0.69716,-1.58788,0.39502,0.14990,0.08789,0.01581
42.48,0,-3.73360,-2.48058,-0.03937,0.49395,0.07444,0.00000,
42.48,1,-4.40239,-1.78821,-1.07124,0.29664,0.37360,0.03737,0.08890
42.48,2,-4.47425,-0.70389,-1.58577,0.24527,0.09148,0.08670,0.02186
42.5,0,-3.72373,-2.48096,-0.03791,0.49396,0.07160,0.00000,
42.5,1,-4.39938,-1.79370,-1.06298,0.32232,0.42972,0.03624,0.09878
42.5,2,-4.47435,-0.70928,-1.58333,0.29071,0.14714,0.08701,0.02812
42.52,0,-3.71385,-2.48134,-0.03651,0.49397,0.06887,0.00000,
42.52,1,-4.39565,-1.80010,-1.07090,0.37571,-0.77995,0.03619,0.00988
42.52,2,-4.47451,-0.71588,-1.58660,0.36825,-1.24058,0.08709,0.00377
42.54,0,-3.70398,-2.48170,-0.03516,0.49397,0.06624,0.00000,
42.54,1,-4.39236,-1.80628,-1.07973,0.33318,-0.20972,0.03560,0.01976
42.54,2,-4.47486,-0.72287,-1.61136,0.35019,-1.23791,0.08654,0.01076
42.56,0,-3.69411,-2.48205,-0.03387,0.49398,0.06371,0.00000,
42.56,1,-4.38889,-1.81254,-1.07256,0.38041,0.74543,0.03514,0.02964
42.56,2,-4.47508,-0.72934,-1.63011,0.35348,-0.38564,0.08662,0.01792
42.58,0,-3.68423,-2.48238,-0.03262,0.49398,0.06128,0.00000,
42.58,1,-4.38513,-1.81929,-1.05634,0.38400,0.74323,0.03514,0.03952
42.58,2,-4.47551,-0.73718,-1.62487,0.41196,0.57977,0.08588,0.02565
42.6,0,-3.67436,-2.48270,-0.03142,0.49399,0.05894,0.00000,
42.6,1,-4.38145,-1.82577,-1.04436,0.36292,0.51055,0.03484,0.04940
42.6,2,-4.47597,-0.74521,-1.61445,0.36865,0.39809,0.08468,0.03310
42.62,0,-3.66448,-2.48301,-0.03027,0.49399,0.05669,0.00000,
42.62,1,-4.37819,-1.83137,-1.03435,0.31777,0.48864,0.03356,0.05928
42.62,2,-4.47634,-0.75216,-1.60805,0.30980,0.38449,0.08367,0.00318
42.64,0,-3.65461,-2.48331,-0.02916,0.49399,0.05453,0.00000,
42.64,1,-4.37492,-1.83687,-1.02435,0.32109,0.50858,0.03215,0.06916
42.64,2,-4.47659,-0.75832,-1.60032,0.31616,0.33505,0.08333,0.00957
42.66,0,-3.64473,-2.48360,-0.02809,0.49400,0.05245,0.00000,
42.66,1,-4.37159,-1.84234,-1.01424,0.31836,0.49842,0.03071,0.07904
42.66,2,-4.47678,-0.76490,-1.59520,0.33602,0.21031,0.08257,0.01597
42.68,0,-3.63486,-2.48388,-0.02706,0.49400,0.05045,0.00000,
42.68,1,-4.36826,-1.84769,-1.00452,0.31171,0.47672,0.02911,0.08892
42.68,2,-4.47694,-0.77160,-1.59111,0.33130,0.21204,0.08156,0.02227
42.7,0,-3.62498,-2.48415,-0.02607,0.49400,0.04852,0.00000,
42.7,1,-4.36495,-1.85290,-0.99516,0.30623,0.46102,0.02736,0.09880
42.7,2,-4.47707,-0.77808,-1.58661,0.31907,0.23157,0.08065,0.02844
42.72,0,-3.61510,-2.48440,-0.02512,0.49401,0.04667,0.00000,
42.72,1,-4.36092,-1.85901,-1.00375,0.37895,-0.87806,0.02668,0.00988
42.72,2,-4.47717,-0.78508,-1.58873,0.40158,-1.34392,0.08020,0.00377
42.74,0,-3.60523,-2.48465,-0.02421,0.49401,0.04489,0.00000,
42.74,1,-4.35724,-1.86488,-1.01608,0.31000,-0.20154,0.02550,0.01976
42.74,2,-4.47730,-0.79288,-1.62337,0.38037,-1.63128,0.07870,0.01069
42.76,0,-3.59535,-2.48489,-0.02333,0.49401,0.04318,0.00000,
42.76,1,-4.35355,-1.87072,-1.00530,0.37560,0.93324,0.02425,0.02964
42.76,2,-4.47768,-0.79947,-1.63595,0.32600,0.25703,0.07841,0.01760
42.78,0,-3.58547,-2.48512,-0.02249,0.49401,0.04153,0.00000,
42.78,1,-4.34925,-1.87735,-0.98715,0.40154,0.77119,0.02391,0.03952
42.78,2,-4.47808,-0.80672,-1.62209,0.38733,0.76007,0.07835,0.02551
42.8,0,-3.57559,-2.48534,-0.02167,0.49402,0.03995,0.00000,
42.8,1,-4.34516,-1.88355,-0.97472,0.34558,0.54749,0.02307,0.04940
42.8,2,-4.47844,-0.81458,-1.61175,0.38906,0.32236,0.07725,0.03293
42.82,0,-3.56572,-2.48556,-0.02089,0.49402,0.03842,0.00000,
42.82,1,-4.34138,-1.88914,-0.96407,0.33225,0.53879,0.02155,0.05928
42.82,2,-4.47873,-0.82165,-1.60692,0.34281,0.23580,0.07629,0.03968
42.84,0,-3.55584,-2.48576,-0.02014,0.49402,0.03696,0.00000,
42.84,1,-4.33763,-1.89456,-0.95307,0.32893,0.55294,0.01984,0.06916
42.84,2,-4.47898,-0.82810,-1.60150,0.31765,0.29625,0.07579,0.04627
42.86,0,-3.54596,-2.48596,-0.01941,0.49402,0.03555,0.00000,
42.86,1,-4.33383,-1.89991,-0.94220,0.32707,0.53330,0.01807,0.07904
42.86,2,-4.47919,-0.83454,-1.59540,0.32364,0.30183,0.07525,0.05283
42.88,0,-3.53608,-2.48615,-0.01872,0.49402,0.03419,0.00000,
42.88,1,-4.33001,-1.90517,-0.93178,0.32239,0.51186,0.01620,0.08892
42.88,2,-4.47936,-0.84096,-1.58966,0.31802,0.27567,0.07463,0.05932
42.9,0,-3.52620,-2.48634,-0.01805,0.49403,0.03289,0.00000,
42.9,1,-4.32620,-1.91029,-0.92173,0.31689,0.49553,0.01419,0.09880
42.9,2,-4.47948,-0.84723,-1.58430,0.30978,0.26407,0.07406,0.06570
42.92,0,-3.51632,-2.48652,-0.01741,0.49403,0.03163,0.00000,
42.92,1,-4.32156,-1.91644,-0.93042,0.39650,-0.84829,0.01339,0.00988
42.92,2,-4.47956,-0.85336,-1.57907,0.30479,0.25916,0.07475,0.07339
42.94,0,-3.50644,-2.48669,-0.01679,0.49403,0.03043,0.00000,
42.94,1,-4.31719,-1.92248,-0.94499,0.34204,-0.48604,0.01226,0.01976
42.94,2,-4.47961,-0.85935,-1.57396,0.29899,0.25122,0.07547,0.08085
42.96,0,-3.49657,-2.48686,-0.01619,0.49403,0.02927,0.00000,
42.96,1,-4.31292,-1.92847,-0.94048,0.38999,0.74906,0.01094,0.02964
42.96,2,-4.47963,-0.86547,-1.56905,0.30917,0.24084,0.07599,0.08820
42.98,0,-3.48669,-2.48702,-0.01562,0.49403,0.02815,0.00000,
42.98,1,-4.30849,-1.93463,-0.92296,0.35920,0.82354,0.00980,0.03952
42.98,2,-4.47962,-0.87160,-1.56433,0.30220,0.23235,0.07672,0.09579
43.0,0,-3.47681,-2.48717,-0.01507,0.49403,0.02708,0.00000,
43.0,1,-4.30422,-1.94038,-0.90884,0.35546,0.61873,0.00824,0.04940
43.0,2,-4.47958,-0.87753,-1.55977,0.29294,0.22443,0.07722,0.10295
43.02,0,-3.46693,-2.48732,-0.01454,0.49403,0.02604,0.00000,
43.02,1,-4.29995,-1.94592,-0.89731,0.34500,0.56388,0.00650,0.05928
43.02,2,-4.47958,-0.88348,-1.55291,0.24669,0.78854,0.07752,0.00347
43.04,0,-3.45705,-2.48746,-0.01403,0.49403,0.02505,0.00000,
43.04,1,-4.29571,-1.95126,-0.88590,0.33771,0.57610,0.00457,0.06916
43.04,2,-4.47951,-0.88810,-1.54115,0.23753,0.58645,0.07893,0.01028
43.06,0,-3.44717,-2.48760,-0.01354,0.49403,0.02410,0.00000,
43.06,1,-4.29150,-1.95641,-0.87481,0.33299,0.54715,0.00248,0.07904
43.06,2,-4.47929,-0.89390,-1.53213,0.33643,0.30834,0.07898,0.01694
43.08,0,-3.43729,-2.48773,-0.01306,0.49403,0.02318,0.00000,
43.08,1,-4.28713,-1.96162,-0.86350,0.34305,0.56695,0.00049,0.08893
43.08,2,-4.47905,-0.90120,-1.52783,0.37325,0.18682,0.07765,0.02374
43.1,0,-3.42741,-2.48786,-0.01261,0.49403,0.02229,0.00000,
43.1,1,-4.28271,-1.96680,-0.85251,0.33632,0.53241,0.00152,0.09881
43.1,2,-4.47878,-0.90837,-1.52346,0.34350,0.24814,0.07644,0.03054
43.12,0,-3.41753,-2.48799,-0.01217,0.49404,0.02144,0.00000,
43.12,1,-4.27835,-1.97178,-0.84219,0.32668,0.50527,0.00374,0.10869
43.12,2,-4.47848,-0.91495,-1.51818,0.32241,0.26486,0.07560,0.03716
43.14,0,-3.40765,-2.48811,-0.01175,0.49404,0.02062,0.00000,
43.14,1,-4.27405,-1.97661,-0.83226,0.32162,0.49079,0.00612,0.11857
43.14,2,-4.47814,-0.92132,-1.51318,0.31529,0.23574,0.07484,0.04362
43.16,0,-3.39777,-2.48822,-0.01135,0.49404,0.01984,0.00000,
43.16,1,-4.26974,-1.98134,-0.82260,0.31837,0.47592,0.00860,0.12845
43.16,2,-4.47776,-0.92786,-1.50860,0.33444,0.22553,0.07382,0.05002
43.18,0,-3.38789,-2.48834,-0.01096,0.49404,0.01908,0.00000,
43.18,1,-4.26544,-1.98597,-0.81327,0.31412,0.45897,0.01117,0.13833
43.18,2,-4.47735,-0.93451,-1.50415,0.32926,0.22050,0.07260,0.05633
43.2,0,-3.37801,-2.48844,-0.01059,0.49404,0.01835,0.00000,
43.2,1,-4.26116,-1.99049,-0.80427,0.30921,0.44262,0.01386,0.14821
43.2,2,-4.47692,-0.94094,-1.49981,0.31723,0.21324,0.07150,0.06255
43.22,0,-3.36813,-2.48855,-0.01023,0.49404,0.01765,0.00000,
43.22,1,-4.25690,-1.99491,-0.79558,0.30453,0.42733,0.01666,0.15809
43.22,2,-4.47648,-0.94720,-1.49564,0.31135,0.20506,0.07047,0.06868
43.24,0,-3.35825,-2.48865,-0.00988,0.49404,0.01698,0.00000,
43.24,1,-4.25275,-1.99917,-0.78740,0.26989,0.34774,0.01967,0.16797
43.24,2,-4.47601,-0.95338,-1.49162,0.30862,0.19775,0.06936,0.07462
43.26,0,-3.34837,-2.48875,-0.00955,0.49404,0.01633,0.00000,
43.26,1,-4.24898,-2.00302,-0.77961,0.26986,0.41433,0.02324,0.17785
43.26,2,-4.47553,-0.95949,-1.48774,0.30465,0.19099,0.06784,0.08000
43.28,0,-3.33849,-2.48884,-0.00923,0.49404,0.01571,0.00000,
43.28,1,-4.24515,-2.00682,-0.77142,0.26881,0.39602,0.02683,0.18773
43.28,2,-4.47503,-0.96527,-1.48376,0.25400,0.22494,0.06662,0.08539
43.3,0,-3.32861,-2.48893,-0.00892,0.49404,0.01511,0.00000,
43.3,1,-4.24133,-2.01054,-0.76390,0.26407,0.36299,0.03050,0.19761
43.3,2,-4.47454,-0.97049,-1.47996,0.26858,0.16812,0.06587,0.09070
43.32,0,-3.31873,-2.48902,-0.00863,0.49404,0.01454,0.00000,
43.32,1,-4.23756,-2.01415,-0.75678,0.25902,0.35252,0.03429,0.20749
43.32,2,-4.47403,-0.97599,-1.47300,0.29037,0.83597,0.06475,0.00260
43.34,0,-3.30885,-2.48911,-0.00834,0.49404,0.01398,0.00000,
43.34,1,-4.23383,-2.01768,-0.74980,0.25525,0.34518,0.03819,0.21737
43.34,2,-4.47345,-0.98181,-1.45580,0.28562,0.61678,0.06322,0.00774
43.36,0,-3.29897,-2.48919,-0.00807,0.49404,0.01345,0.00000,
43.36,1,-4.23016,-2.02109,-0.74354,0.25250,0.30953,0.04223,0.22725
43.36,2,-4.47285,-0.98701,-1.45075,0.27567,0.07437,0.06217,0.01274
43.38,0,-3.28908,-2.48927,-0.00781,0.49404,0.01294,0.00000,
43.38,1,-4.22630,-2.02462,-0.73681,0.26514,0.34356,0.04608,0.23714
43.38,2,-4.47217,-0.99274,-1.44913,0.29210,0.13325,0.06076,0.01797
43.4,0,-3.27920,-2.48935,-0.00755,0.49404,0.01244,0.00000,
43.4,1,-4.22242,-2.02814,-0.73022,0.25802,0.31492,0.04994,0.24702
43.4,2,-4.47147,-0.99840,-1.44511,0.27778,0.23558,0.05943,0.02321
43.42,0,-3.26932,-2.48942,-0.00731,0.49404,0.01197,0.00000,
43.42,1,-4.21689,-2.03279,-0.72505,0.38235,0.11006,0.05185,0.00988
43.42,2,-4.47080,-1.00429,-1.43997,0.31215,0.34988,0.05938,0.00379
43.44,0,-3.25944,-2.48949,-0.00707,0.49404,0.01151,0.00000,
43.44,1,-4.21170,-2.03757,-0.72348,0.34166,-0.01743,0.05405,0.01976
43.44,2,-4.47009,-1.01011,-1.43247,0.30036,0.32213,0.05945,0.01084
43.46,0,-3.24956,-2.48956,-0.00685,0.49404,0.01107,0.00000,
43.46,1,-4.20595,-2.04280,-0.72116,0.43101,0.35267,0.05559,0.02964
43.46,2,-4.46920,-1.01663,-1.42791,0.34981,0.17206,0.05940,0.01862
43.48,0,-3.23968,-2.48963,-0.00663,0.49404,0.01065,0.00000,
43.48,1,-4.19900,-2.04881,-0.70954,0.46933,0.67517,0.05575,0.03952
43.48,2,-4.46818,-1.02369,-1.42463,0.35514,0.17325,0.05987,0.02780
43.5,0,-3.22980,-2.48970,-0.00642,0.49404,0.01025,0.00000,
43.5,1,-4.19200,-2.05475,-0.69690,0.44679,0.57346,0.05593,0.04940
43.5,2,-4.46718,-1.03051,-1.42081,0.33553,0.20023,0.06056,0.03698
43.52,0,-3.21992,-2.48976,-0.00622,0.49404,0.00986,0.00000,
43.52,1,-4.18297,-2.06206,-0.68331,0.63148,0.64579,0.05375,0.00988
43.52,2,-4.46620,-1.03701,-1.41685,0.32510,0.19300,0.06346,0.04859
43.54,0,-3.21004,-2.48982,-0.00603,0.49404,0.00948,0.00000,
43.54,1,-4.17393,-2.06948,-0.66963,0.54132,0.56889,0.05155,0.01976
43.54,2,-4.46521,-1.04341,-1.41315,0.32361,0.17892,0.06661,0.06028
43.56,0,-3.20016,-2.48988,-0.00584,0.49404,0.00912,0.00000,
43.56,1,-4.16561,-2.07596,-0.65939,0.48368,0.41513,0.05044,0.02964
43.56,2,-4.46419,-1.04978,-1.40966,0.32091,0.17252,0.06873,0.07082
43.58,0,-3.19028,-2.48994,-0.00567,0.49404,0.00877,0.00000,
43.58,1,-4.15954,-2.08117,-0.65371,0.38609,0.28746,0.05193,0.03952
43.58,2,-4.46317,-1.05606,-1.40625,0.31545,0.16807,0.06913,0.07882
43.6,0,-3.18040,-2.48999,-0.00549,0.49404,0.00844,0.00000,
43.6,1,-4.15351,-2.08605,-0.64677,0.39158,0.42545,0.05362,0.04940
43.6,2,-4.46215,-1.06222,-1.40295,0.30998,0.16219,0.06934,0.08658
43.62,0,-3.17052,-2.49005,-0.00533,0.49404,0.00812,0.00000,
43.62,1,-4.14495,-2.09217,-0.63389,0.54349,0.66418,0.05254,0.00988
43.62,2,-4.46112,-1.06829,-1.39978,0.30540,0.15611,0.07159,0.09707
43.64,0,-3.16064,-2.49010,-0.00517,0.49404,0.00781,0.00000,
43.64,1,-4.13621,-2.09834,-0.62080,0.50346,0.61440,0.05129,0.01976
43.64,2,-4.46009,-1.07426,-1.39672,0.30105,0.15060,0.07408,0.10774
43.66,0,-3.15076,-2.49015,-0.00502,0.49404,0.00751,0.00000,
43.66,1,-4.12805,-2.10433,-0.61059,0.50263,0.43098,0.05069,0.02964
43.66,2,-4.45906,-1.08014,-1.39376,0.29655,0.14538,0.07636,0.11786
43.68,0,-3.14088,-2.49020,-0.00487,0.49404,0.00722,0.00000,
43.68,1,-4.12086,-2.10963,-0.60441,0.38907,0.25287,0.05129,0.03952
43.68,2,-4.45802,-1.08593,-1.39091,0.29203,0.14025,0.07779,0.12677
43.7,0,-3.13099,-2.49025,-0.00473,0.49404,0.00695,0.00000,
43.7,1,-4.11447,-2.11417,-0.59580,0.39692,0.52715,0.05293,0.04940
43.7,2,-4.45698,-1.09163,-1.38816,0.28763,0.13527,0.07839,0.13460
43.72,0,-3.12111,-2.49030,-0.00459,0.49404,0.00668,0.00000,
43.72,1,-4.10571,-2.11988,-0.58365,0.53526,0.58894,0.05197,0.00988
43.72,2,-4.45595,-1.09724,-1.38551,0.28333,0.13048,0.08096,0.14502
43.74,0,-3.11123,-2.49034,-0.00446,0.49404,0.00643,0.00000,
43.74,1,-4.09770,-2.12502,-0.57188,0.46476,0.56952,0.05194,0.01976
43.74,2,-4.45495,-1.10232,-1.38234,0.24350,0.15537,0.08330,0.15449
43.76,0,-3.10135,-2.49039,-0.00434,0.49404,0.00618,0.00000,
43.76,1,-4.08995,-2.13007,-0.56336,0.40860,0.18864,0.05221,0.02964
43.76,2,-4.45399,-1.10723,-1.38008,0.25385,0.09488,0.08569,0.16371
43.78,0,-3.09147,-2.49043,-0.00422,0.49404,0.00595,0.00000,
43.78,1,-4.08392,-2.13448,-0.56040,0.36695,0.21375,0.05435,0.03952
43.78,2,-4.45303,-1.11219,-1.37808,0.24965,0.10810,0.08689,0.17118
43.8,0,-3.08159,-2.49047,-0.00410,0.49404,0.00572,0.00000,
43.8,1,-4.07761,-2.13858,-0.55353,0.38640,0.43010,0.05635,0.04940
43.8,2,-4.45209,-1.11700,-1.37578,0.24163,0.11687,0.08806,0.17869
43.82,0,-3.07171,-2.49051,-0.00399,0.49404,0.00550,0.00000,
43.82,1,-4.06886,-2.14354,-0.53926,0.52811,0.80918,0.05579,0.00988
43.82,2,-4.45109,-1.12293,-1.37351,0.44564,0.06660,0.08983,0.00528
43.84,0,-3.06183,-2.49055,-0.00388,0.49404,0.00529,0.00000,
43.84,1,-4.06012,-2.14833,-0.52322,0.48600,0.80000,0.05532,0.01976
43.84,2,-4.44989,-1.13118,-1.37330,0.39191,-0.03621,0.08928,0.01525
43.86,0,-3.05195,-2.49059,-0.00378,0.49404,0.00509,0.00000,
43.86,1,-4.05170,-2.15329,-0.51075,0.48685,0.42264,0.05512,0.02964
43.86,2,-4.44869,-1.13842,-1.37499,0.34587,-0.12102,0.08976,0.02502
43.88,0,-3.04207,-2.49063,-0.00368,0.49404,0.00490,0.00000,
43.88,1,-4.04357,-2.15792,-0.50533,0.41343,0.10406,0.05532,0.03952
43.88,2,-4.44713,-1.14666,-1.37291,0.48720,0.30338,0.08881,0.03437
43.9,0,-3.03219,-2.49066,-0.00358,0.49404,0.00471,0.00000,
43.9,1,-4.03642,-2.16199,-0.50017,0.41320,0.37316,0.05665,0.04940
43.9,2,-4.44502,-1.15711,-1.36478,0.54862,0.42122,0.08477,0.04260
43.92,0,-3.02231,-2.49070,-0.00349,0.49404,0.00453,0.00000,
43.92,1,-4.02637,-2.16709,-0.48962,0.60976,0.52804,0.05493,0.00988
43.92,2,-4.44284,-1.16750,-1.35740,0.51025,0.32779,0.08288,0.05386
43.94,0,-3.01243,-2.49073,-0.00340,0.49404,0.00436,0.00000,
43.94,1,-4.01636,-2.17227,-0.47771,0.52464,0.60087,0.05324,0.01976
43.94,2,-4.44077,-1.17707,-1.35134,0.47775,0.29450,0.08192,0.06513
43.96,0,-3.00254,-2.49077,-0.00331,0.49404,0.00419,0.00000,
43.96,1,-4.00702,-2.17716,-0.47084,0.49015,0.14501,0.05229,0.02964
43.96,2,-4.43879,-1.18528,-1.34389,0.43139,0.30471,0.08178,0.07567
43.98,0,-2.99266,-2.49080,-0.00323,0.49404,0.00403,0.00000,
43.98,1,-3.99995,-2.18128,-0.46969,0.39257,0.15895,0.05376,0.03952
43.98,2,-4.43677,-1.19390,-1.33867,0.44763,0.24755,0.07969,0.08386
44.0,0,-2.98278,-2.49083,-0.00315,0.49404,0.00388,0.00000,
44.0,1,-3.99296,-2.18496,-0.46399,0.40083,0.35870,0.05547,0.04940
44.0,2,-4.43473,-1.20243,-1.33367,0.40837,0.21680,0.07727,0.09175
44.02,0,-2.97290,-2.49086,-0.00308,0.49404,0.00373,0.00000,
44.02,1,-3.98565,-2.18859,-0.45673,0.41093,0.34549,0.05690,0.05929
44.02,2,-4.43269,-1.21085,-1.32842,0.44969,0.28650,0.07508,0.09990
44.04,0,-2.96302,-2.49089,-0.00300,0.49404,0.00359,0.00000,
44.04,1,-3.97833,-2.19216,-0.45043,0.40302,0.29682,0.05834,0.06917
44.04,2,-4.43051,-1.21966,-1.32276,0.45050,0.27234,0.07249,0.10805
44.06,0,-2.95314,-2.49092,-0.00293,0.49404,0.00345,0.00000,
44.06,1,-3.97119,-2.19561,-0.44460,0.39176,0.29074,0.06001,0.07905
44.06,2,-4.42835,-1.22818,-1.31763,0.43093,0.24679,0.07001,0.11597
44.08,0,-2.94326,-2.49095,-0.00287,0.49404,0.00332,0.00000,
44.08,1,-3.96418,-2.19895,-0.43878,0.38571,0.28940,0.06186,0.08893
44.08,2,-4.42623,-1.23639,-1.31279,0.42003,0.23918,0.06771,0.12372
44.1,0,-2.93338,-2.49098,-0.00280,0.49404,0.00320,0.00000,
44.1,1,-3.95724,-2.20221,-0.43311,0.38159,0.27841,0.06380,0.09881
44.1,2,-4.42409,-1.24447,-1.30805,0.41684,0.23479,0.06546,0.13139
44.12,0,-2.92350,-2.49101,-0.00274,0.49404,0.00307,0.00000,
44.12,1,-3.95086,-2.20541,-0.42254,0.31826,0.54777,0.06632,0.00988
44.12,2,-4.42194,-1.25242,-1.30328,0.38273,0.30877,0.06306,0.13852
44.14,0,-2.91362,-2.49103,-0.00268,0.49404,0.00296,0.00000,
44.14,1,-3.94495,-2.20820,-0.41083,0.34925,0.59796,0.06941,0.01976
44.14,2,-4.41985,-1.25984,-1.29831,0.38727,0.20737,0.06062,0.14505
44.16,0,-2.90374,-2.49106,-0.00262,0.49404,0.00284,0.00000,
44.16,1,-3.93751,-2.21147,-0.40251,0.44677,0.27577,0.07092,0.02964
44.16,2,-4.41776,-1.26729,-1.29448,0.38531,0.18997,0.05930,0.15315
44.18,0,-2.89386,-2.49109,-0.00256,0.49404,0.00274,0.00000,
44.18,1,-3.92924,-2.21510,-0.39726,0.45676,0.25095,0.07154,0.03952
44.18,2,-4.41568,-1.27462,-1.29052,0.37697,0.20310,0.05883,0.16217
44.2,0,-2.88398,-2.49111,-0.00251,0.49404,0.00263,0.00000,
44.2,1,-3.92070,-2.21875,-0.39275,0.46202,0.22938,0.07190,0.04940
44.2,2,-4.41365,-1.28149,-1.28588,0.34868,0.22301,0.05898,0.17144
44.22,0,-2.87409,-2.49114,-0.00246,0.49404,0.00253,0.00000,
44.22,1,-3.90965,-2.22306,-0.38394,0.62065,0.54018,0.06969,0.00988
44.22,2,-4.41147,-1.28960,-1.28349,0.58783,-0.24273,0.05980,0.00624
44.24,0,-2.86421,-2.49116,-0.00241,0.49404,0.00244,0.00000,
44.24,1,-3.89822,-2.22758,-0.37282,0.57995,0.64204,0.06707,0.01976
44.24,2,-4.40878,-1.30016,-1.28976,0.47191,-0.52211,0.05866,0.01853
44.26,0,-2.85433,-2.49119,-0.00236,0.49404,0.00234,0.00000,
44.26,1,-3.88786,-2.23171,-0.36290,0.54390,0.28735,0.06560,0.02964
44.26,2,-4.40581,-1.30980,-1.29166,0.53405,0.28342,0.05744,0.02969
44.28,0,-2.84445,-2.49121,-0.00232,0.49404,0.00225,0.00000,
44.28,1,-3.88040,-2.23519,-0.36334,0.38134,0.00196,0.06711,0.03952
44.28,2,-4.40275,-1.32020,-1.28567,0.55390,0.35531,0.05359,0.03790
44.3,0,-2.83457,-2.49123,-0.00227,0.49404,0.00217,0.00000,
44.3,1,-3.87332,-2.23821,-0.36152,0.39487,0.18503,0.06912,0.04940
44.3,2,-4.39965,-1.33108,-1.27695,0.57067,0.48391,0.04877,0.04560
44.32,0,-2.82469,-2.49125,-0.00223,0.49404,0.00208,0.00000,
44.32,1,-3.86270,-2.24178,-0.35090,0.57451,0.82573,0.06757,0.00988
44.32,2,-4.39643,-1.34199,-1.26483,0.56832,0.91811,0.04617,0.00609
44.34,0,-2.81481,-2.49128,-0.00219,0.49404,0.00201,0.00000,
44.34,1,-3.85262,-2.24545,-0.33577,0.54725,0.53786,0.06653,0.01976
44.34,2,-4.39312,-1.35246,-1.24586,0.53082,0.78559,0.04382,0.01682
44.36,0,-2.80493,-2.49130,-0.00215,0.49404,0.00193,0.00000,
44.36,1,-3.84229,-2.24942,-0.32811,0.54428,0.26456,0.06518,0.02964
44.36,2,-4.38974,-1.36249,-1.23631,0.52610,0.30923,0.04228,0.02789
44.38,0,-2.79505,-2.49132,-0.00211,0.49404,0.00186,0.00000,
44.38,1,-3.83362,-2.25265,-0.32749,0.38932,-0.08231,0.06565,0.03952
44.38,2,-4.38633,-1.37230,-1.23023,0.51337,0.34470,0.03947,0.03713
44.4,0,-2.78517,-2.49134,-0.00208,0.49404,0.00179,0.00000,
44.4,1,-3.82611,-2.25529,-0.32479,0.40654,0.26420,0.06737,0.04940
44.4,2,-4.38293,-1.38187,-1.22217,0.50404,0.43244,0.03582,0.04510
44.42,0,-2.77529,-2.49136,-0.00204,0.49404,0.00172,0.00000,
44.42,1,-3.81834,-2.25787,-0.31923,0.39469,0.29131,0.06887,0.05929
44.42,2,-4.37951,-1.39111,-1.21210,0.53283,0.77447,0.03257,0.00408
44.44,0,-2.76541,-2.49138,-0.00201,0.49404,0.00165,0.00000,
44.44,1,-3.81078,-2.26040,-0.31423,0.43227,0.14617,0.07059,0.06917
44.44,2,-4.37579,-1.40138,-1.19980,0.54109,0.65869,0.02818,0.01205
44.46,0,-2.75558,-2.49140,-0.00197,0.50485,0.00156,0.00000,
44.46,1,-3.80224,-2.26319,-0.31203,0.45069,0.11465,0.07125,0.07899
44.46,2,-4.37243,-1.41036,-1.18773,0.39786,0.52656,0.02588,0.02104
44.48,0,-2.74533,-2.49142,-0.00194,0.51464,0.00146,0.00000,
44.48,1,-3.79396,-2.26586,-0.30906,0.42052,0.17147,0.07262,0.08924
44.48,2,-4.36991,-1.41614,-1.17868,0.30211,0.33244,0.02651,0.02974
44.5,0,-2.73510,-2.49144,-0.00191,0.50823,0.00147,0.00000,
44.5,1,-3.78617,-2.26834,-0.30553,0.40305,0.17257,0.07449,0.09947
44.5,2,-4.36749,-1.42186,-1.17264,0.31876,0.31494,0.02687,0.03792
44.52,0,-2.72500,-2.49146,-0.00188,0.50357,0.00143,0.00000,
44.52,1,-3.77975,-2.27058,-0.30408,0.34530,0.15466,0.07763,0.10958
44.52,2,-4.36527,-1.42707,-1.16385,0.17586,0.67904,0.02682,0.00339
44.54,0,-2.71492,-2.49148,-0.00186,0.50415,0.00136,0.00000,
44.54,1,-3.77294,-2.27277,-0.30004,0.36276,0.20490,0.08039,0.11965
44.54,2,-4.36393,-1.42983,-1.15232,0.17644,0.50588,0.02948,0.01054
44.56,0,-2.70540,-2.49150,-0.00184,0.47352,0.00118,0.00000,
44.56,1,-3.76636,-2.27485,-0.29575,0.34008,0.20569,0.08286,0.12917
44.56,2,-4.36220,-1.43359,-1.14281,0.24880,0.37745,0.03090,0.01744
44.58,0,-2.69581,-2.49151,-0.00181,0.48316,0.00145,0.00000,
44.58,1,-3.75917,-2.27706,-0.29335,0.39496,0.08552,0.08477,0.13876
44.58,2,-4.35992,-1.43857,-1.13716,0.25911,0.18325,0.03149,0.02497
44.6,0,-2.68613,-2.49153,-0.00178,0.48309,0.00123,0.00000,
44.6,1,-3.75167,-2.27933,-0.29133,0.38163,0.12097,0.08647,0.14844
44.6,2,-4.35767,-1.44324,-1.13304,0.29343,0.33597,0.03261,0.03279
44.62,0,-2.67651,-2.49155,-0.00176,0.48004,0.00112,0.00000,
44.62,1,-3.74465,-2.28143,-0.28859,0.35691,0.14248,0.08861,0.15807
44.62,2,-4.35491,-1.44908,-1.12469,0.33088,0.42445,0.03211,0.04013
44.64,0,-2.66703,-2.49157,-0.00173,0.47856,0.00119,0.00000,
44.64,1,-3.73789,-2.28344,-0.28587,0.35064,0.12962,0.09090,0.16754
44.64,2,-4.35220,-1.45478,-1.11730,0.30027,0.32574,0.03152,0.04717
44.66,0,-2.65717,-2.49158,-0.00171,0.50084,0.00101,0.00000,
44.66,1,-3.73168,-2.28535,-0.28434,0.30817,0.07276,0.09412,0.17740
44.66,2,-4.34977,-1.45973,-1.11097,0.22952,0.36716,0.03135,0.05367
44.68,0,-2.64725,-2.49160,-0.00169,0.50453,0.00104,0.00000,
44.68,1,-3.72562,-2.28717,-0.28168,0.32084,0.15681,0.09758,0.18732
44.68,2,-4.34775,-1.46375,-1.10448,0.23312,0.27705,0.03202,0.06000
44.7,0,-2.63702,-2.49162,-0.00167,0.51332,0.00094,0.00000,
44.7,1,-3.71949,-2.28896,-0.27884,0.31597,0.12406,0.10128,0.19755
44.7,2,-4.34559,-1.46801,-1.09917,0.23993,0.26779,0.03246,0.06639
44.72,0,-2.62682,-2.49163,-0.00165,0.50680,0.00096,0.00000,
44.72,1,-3.71135,-2.29110,-0.28138,0.43045,-0.34889,0.10291,0.01020
44.72,2,-4.34324,-1.47261,-1.09636,0.30698,-0.28077,0.03403,0.00431
44.74,0,-2.61674,-2.49165,-0.00163,0.50239,0.00094,0.00000,
44.74,1,-3.70413,-2.29334,-0.28537,0.35189,-0.08860,0.10532,0.02028
44.74,2,-4.34032,-1.47826,-1.10450,0.31597,-0.38432,0.03397,0.01186
44.76,0,-2.60669,-2.49167,-0.00161,0.50307,0.00089,0.00000,
44.76,1,-3.69664,-2.29538,-0.27894,0.44109,0.50757,0.10748,0.03033
44.76,2,-4.33810,-1.48337,-1.11251,0.24589,-0.44953,0.03481,0.01962
44.78,0,-2.59661,-2.49168,-0.00160,0.50455,0.00085,0.00000,
44.78,1,-3.68713,-2.29812,-0.27078,0.52394,0.29284,0.10756,0.04041
44.78,2,-4.33527,-1.48910,-1.10979,0.37809,0.52704,0.03663,0.02952
44.8,0,-2.58709,-2.49170,-0.00159,0.47283,0.00071,0.00000,
44.8,1,-3.67679,-2.30107,-0.26741,0.53316,0.11774,0.10625,0.04993
44.8,2,-4.33153,-1.49642,-1.09752,0.41926,0.56336,0.03738,0.04027
44.82,0,-2.57752,-2.49172,-0.00157,0.48177,0.00096,0.00000,
44.82,1,-3.66574,-2.30415,-0.26275,0.58679,0.29138,0.10426,0.00957
44.82,2,-4.32750,-1.50434,-1.08711,0.50957,0.75246,0.03809,0.00589
44.84,0,-2.56787,-2.49173,-0.00155,0.48188,0.00079,0.00000,
44.84,1,-3.65517,-2.30702,-0.25754,0.51041,0.21873,0.10287,0.01922
44.84,2,-4.32274,-1.51309,-1.07241,0.48126,0.62893,0.03730,0.01684
44.86,0,-2.55827,-2.49175,-0.00154,0.47908,0.00070,0.00000,
44.86,1,-3.64588,-2.30948,-0.25397,0.46644,0.15898,0.10278,0.02882
44.86,2,-4.31786,-1.52177,-1.06156,0.51069,0.43758,0.03540,0.02645
44.88,0,-2.54886,-2.49176,-0.00152,0.49222,0.00071,0.00000,
44.88,1,-3.63681,-2.31184,-0.25078,0.47331,0.16445,0.10273,0.03822
44.88,2,-4.31285,-1.53075,-1.05450,0.51123,0.31973,0.03302,0.03582
44.9,0,-2.53862,-2.49178,-0.00151,0.52027,0.00056,0.00000,
44.9,1,-3.62811,-2.31414,-0.24809,0.45332,0.16940,0.10388,0.04847
44.9,2,-4.30790,-1.53947,-1.04779,0.49279,0.35585,0.03065,0.04482
44.92,0,-2.52830,-2.49179,-0.00149,0.51002,0.00065,0.00000,
44.92,1,-3.61954,-2.31638,-0.24480,0.42402,0.14296,0.10525,0.05879
44.92,2,-4.30346,-1.54713,-1.04412,0.33139,-0.33734,0.02932,0.00430
44.94,0,-2.51824,-2.49181,-0.00148,0.49894,0.00066,0.00000,
44.94,1,-3.61132,-2.31848,-0.24145,0.42380,0.17530,0.10674,0.06885
44.94,2,-4.30019,-1.55188,-1.05207,0.22482,-0.25266,0.03064,0.01279
44.96,0,-2.50828,-2.49182,-0.00147,0.49886,0.00061,0.00000,
44.96,1,-3.60316,-2.32051,-0.23815,0.41680,0.15402,0.10821,0.07881
44.96,2,-4.29763,-1.55471,-1.05669,0.18244,-0.22732,0.03379,0.02120
44.98,0,-2.49826,-2.49184,-0.00146,0.50208,0.00058,0.00000,
44.98,1,-3.59515,-2.32245,-0.23525,0.40829,0.14066,0.10989,0.08883
44.98,2,-4.29541,-1.55698,-1.05437,0.08866,1.12173,0.03745,0.02944
45.0,0,-2.48820,-2.49185,-0.00145,0.50299,0.00056,0.00000,
45.0,1,-3.58744,-2.32431,-0.23205,0.39940,0.15855,0.11193,0.09888
45.0,2,-4.29324,-1.56035,-1.04261,0.23213,0.26056,0.04009,0.03737
45.02,0,-2.47838,-2.49186,-0.00144,0.46502,0.00014,0.00000,
45.02,1,-3.57930,-2.32624,-0.22942,0.42657,0.12025,0.11331,0.10871
45.02,2,-4.29072,-1.56429,-1.03779,0.23180,0.23841,0.04244,0.04573
45.04,0,-2.46896,-2.49188,-0.00143,0.47589,0.00062,0.00000,
45.04,1,-3.57109,-2.32816,-0.22696,0.41402,0.12771,0.11422,0.11813
45.04,2,-4.28842,-1.56863,-1.03666,0.25560,-0.11322,0.04472,0.05416
45.06,0,-2.45938,-2.49189,-0.00142,0.48051,0.00060,0.00000,
45.06,1,-3.56322,-2.32997,-0.22434,0.39693,0.13080,0.11566,0.12771
45.06,2,-4.28510,-1.57428,-1.03463,0.39766,0.36991,0.04507,0.06224
45.08,0,-2.44979,-2.49191,-0.00141,0.47839,0.00046,0.00000,
45.08,1,-3.55562,-2.33172,-0.22192,0.36054,0.06560,0.11738,0.13730
45.08,2,-4.28067,-1.58158,-1.02471,0.42767,0.50901,0.04326,0.07004
45.1,0,-2.44044,-2.49192,-0.00139,0.48471,0.00049,0.00000,
45.1,1,-3.54851,-2.33337,-0.21988,0.36902,0.12715,0.11936,0.14665
45.1,2,-4.27646,-1.58840,-1.01598,0.37718,0.37660,0.04158,0.07733
45.12,0,-2.43029,-2.49193,-0.00139,0.51797,0.00033,0.00000,
45.12,1,-3.53804,-2.33540,-0.21325,0.59248,0.32264,0.11875,0.01015
45.12,2,-4.27222,-1.59524,-1.00654,0.47657,0.93501,0.04253,0.00587
45.14,0,-2.41999,-2.49195,-0.00138,0.50977,0.00042,0.00000,
45.14,1,-3.52773,-2.33770,-0.20481,0.49472,0.55017,0.11843,0.02046
45.14,2,-4.26724,-1.60339,-0.98889,0.48495,0.72523,0.04216,0.01643
45.16,0,-2.40994,-2.49196,-0.00137,0.49773,0.00044,0.00000,
45.16,1,-3.51754,-2.33980,-0.19647,0.53904,0.23521,0.11801,0.03050
45.16,2,-4.26204,-1.61136,-0.98100,0.45693,0.14858,0.04159,0.02683
45.18,0,-2.40001,-2.49198,-0.00136,0.49678,0.00040,0.00000,
45.18,1,-3.50872,-2.34186,-0.19700,0.45217,-0.06248,0.11882,0.04043
45.18,2,-4.25656,-1.61939,-0.97540,0.50209,0.38698,0.03983,0.03589
45.2,0,-2.39004,-2.49199,-0.00135,0.50004,0.00038,0.00000,
45.2,1,-3.49973,-2.34374,-0.19656,0.46256,0.10183,0.11955,0.05040
45.2,2,-4.25090,-1.62766,-0.96669,0.49427,0.44119,0.03781,0.04507
45.22,0,-2.38002,-2.49200,-0.00135,0.50122,0.00037,0.00000,
45.22,1,-3.48942,-2.34565,-0.21905,0.51952,-1.63218,0.11901,0.01002
45.22,2,-4.24504,-1.63606,-0.95668,0.58363,0.70345,0.03658,0.00523
45.24,0,-2.37000,-2.49202,-0.00134,0.50059,0.00036,0.00000,
45.24,1,-3.48085,-2.34769,-0.24238,0.41651,-0.77068,0.12018,0.02004
45.24,2,-4.23805,-1.64598,-0.94218,0.58794,0.64829,0.03236,0.01403
45.26,0,-2.36000,-2.49203,-0.00133,0.50008,0.00034,0.00000,
45.26,1,-3.47216,-2.34986,-0.24313,0.48496,0.42310,0.12122,0.03004
45.26,2,-4.23193,-1.65453,-0.93285,0.47802,0.34655,0.02992,0.02298
45.28,0,-2.34999,-2.49204,-0.00133,0.50012,0.00033,0.00000,
45.28,1,-3.46207,-2.35229,-0.23313,0.53440,0.42380,0.12082,0.04004
45.28,2,-4.22658,-1.66178,-0.92664,0.44199,0.31534,0.03018,0.03336
45.3,0,-2.34061,-2.49206,-0.00132,0.47017,0.00026,0.00000,
45.3,1,-3.45181,-2.35469,-0.22784,0.51457,0.16792,0.11966,0.04942
45.3,2,-4.22165,-1.66836,-0.91937,0.39440,0.37495,0.03136,0.04390
45.32,0,-2.33110,-2.49207,-0.00132,0.47848,0.00044,0.00000,
45.32,1,-3.44211,-2.35694,-0.22484,0.48724,0.16247,0.11919,0.05893
45.32,2,-4.21662,-1.67496,-0.91033,0.44513,0.68501,0.03196,0.00491
45.34,0,-2.32153,-2.49208,-0.00131,0.47801,0.00031,0.00000,
45.34,1,-3.43327,-2.35903,-0.22168,0.45491,0.20483,0.11967,0.06851
45.34,2,-4.21111,-1.68182,-0.89877,0.43417,0.41080,0.03134,0.01400
45.36,0,-2.31222,-2.49209,-0.00130,0.47745,0.00034,0.00000,
45.36,1,-3.42429,-2.36107,-0.21717,0.46303,0.22373,0.11976,0.07782
45.36,2,-4.20533,-1.68896,-0.89059,0.46800,0.38816,0.03042,0.02321
45.38,0,-2.30216,-2.49211,-0.00130,0.51578,0.00015,0.00000,
45.38,1,-3.41531,-2.36306,-0.21313,0.45529,0.18514,0.12060,0.08788
45.38,2,-4.19957,-1.69607,-0.88349,0.44509,0.33470,0.02954,0.03240
45.4,0,-2.29186,-2.49212,-0.00129,0.50996,0.00025,0.00000,
45.4,1,-3.40654,-2.36496,-0.20960,0.44357,0.17398,0.12191,0.09818
45.4,2,-4.19410,-1.70274,-0.87693,0.42324,0.32692,0.02897,0.04138
45.42,0,-2.28182,-2.49213,-0.00129,0.49709,0.00028,0.00000,
45.42,1,-3.39736,-2.36683,-0.20130,0.44153,0.55000,0.12255,0.01004
45.42,2,-4.18865,-1.70923,-0.86921,0.45834,0.54282,0.02887,0.00450
45.44,0,-2.27191,-2.49215,-0.00128,0.49522,0.00025,0.00000,
45.44,1,-3.38832,-2.36864,-0.19375,0.48719,0.21377,0.12321,0.01995
45.44,2,-4.18265,-1.71643,-0.85952,0.45520,0.40696,0.02778,0.01372
45.46,0,-2.26197,-2.49216,-0.00128,0.49846,0.00023,0.00000,
45.46,1,-3.37828,-2.37059,-0.19148,0.52173,0.08592,0.12290,0.02989
45.46,2,-4.17725,-1.72274,-0.85347,0.37380,0.16494,0.02863,0.02394
45.48,0,-2.25198,-2.49217,-0.00127,0.49991,0.00022,0.00000,
45.48,1,-3.36830,-2.37255,-0.18850,0.52748,0.14999,0.12271,0.03988
45.48,2,-4.17214,-1.72855,-0.84794,0.40075,0.35005,0.03000,0.03411
45.5,0,-2.24199,-2.49218,-0.00127,0.49936,0.00022,0.00000,
45.5,1,-3.35786,-2.37454,-0.18536,0.52693,0.16210,0.12205,0.04987
45.5,2,-4.16670,-1.73471,-0.84060,0.41384,0.35762,0.03132,0.04474
45.52,0,-2.23201,-2.49220,-0.00126,0.49879,0.00021,0.00000,
45.52,1,-3.34502,-2.37676,-0.18037,0.68190,0.27810,0.11898,0.00998
45.52,2,-4.16125,-1.74078,-0.83406,0.40141,0.30500,0.03475,0.05776
45.54,0,-2.22204,-2.49221,-0.00126,0.49879,0.00020,0.00000,
45.54,1,-3.33173,-2.37904,-0.17555,0.63731,0.17131,0.11545,0.01995
45.54,2,-4.15631,-1.74627,-0.82847,0.35225,0.26821,0.03939,0.07125
45.56,0,-2.21206,-2.49222,-0.00125,0.49896,0.00019,0.00000,
45.56,1,-3.32002,-2.38109,-0.17366,0.55908,0.08044,0.11352,0.02993
45.56,2,-4.15156,-1.75147,-0.82287,0.35333,0.28800,0.04301,0.08313
45.58,0,-2.20208,-2.49223,-0.00125,0.49900,0.00019,0.00000,
45.58,1,-3.31146,-2.38293,-0.17455,0.40783,-0.07191,0.11475,0.03991
45.58,2,-4.14676,-1.75665,-0.81715,0.35118,0.28024,0.04401,0.09189
45.6,0,-2.19210,-2.49225,-0.00125,0.49897,0.00018,0.00000,
45.6,1,-3.30323,-2.38464,-0.17588,0.43729,0.01146,0.11633,0.04989
45.6,2,-4.14201,-1.76172,-0.81172,0.34444,0.26542,0.04479,0.10030
45.62,0,-2.18268,-2.49226,-0.00125,0.46780,0.00008,0.00000,
45.62,1,-3.29425,-2.38622,-0.17329,0.46487,0.19486,0.11662,0.05931
45.62,2,-4.13732,-1.76667,-0.80651,0.33805,0.25740,0.04624,0.10941
45.64,0,-2.17321,-2.49227,-0.00124,0.47685,0.00029,0.00000,
45.64,1,-3.28544,-2.38774,-0.16866,0.46378,0.19378,0.11713,0.06878
45.64,2,-4.13268,-1.77149,-0.80172,0.33940,0.25261,0.04766,0.11835
45.66,0,-2.16366,-2.49228,-0.00124,0.47706,0.00019,0.00000,
45.66,1,-3.27583,-2.38937,-0.16598,0.49433,0.10799,0.11692,0.07833
45.66,2,-4.12793,-1.77640,-0.79660,0.34073,0.25212,0.04967,0.12810
45.68,0,-2.15435,-2.49229,-0.00123,0.48280,0.00017,0.00000,
45.68,1,-3.26632,-2.39096,-0.16367,0.46884,0.12813,0.11658,0.08764
45.68,2,-4.12323,-1.78120,-0.79178,0.33149,0.23257,0.05172,0.13774
45.7,0,-2.14424,-2.49231,-0.00123,0.51572,0.00003,0.00000,
45.7,1,-3.25733,-2.39245,-0.16090,0.44770,0.14166,0.11756,0.09775
45.7,2,-4.11864,-1.78586,-0.78725,0.32389,0.22246,0.05347,0.14685
45.72,0,-2.13398,-2.49232,-0.00123,0.50733,0.00014,0.00000,
45.72,1,-3.24741,-2.39394,-0.15379,0.49590,0.47157,0.11776,0.01026
45.72,2,-4.11338,-1.79101,-0.77928,0.46578,1.03788,0.05520,0.00499
45.74,0,-2.12399,-2.49233,-0.00123,0.49534,0.00016,0.00000,
45.74,1,-3.23743,-2.39546,-0.14751,0.51578,0.16458,0.11765,0.02026
45.74,2,-4.10669,-1.79734,-0.76059,0.43761,0.67203,0.05517,0.01509
45.76,0,-2.11410,-2.49234,-0.00122,0.49446,0.00014,0.00000,
45.76,1,-3.22707,-2.39700,-0.14605,0.52483,0.04712,0.11705,0.03014
45.76,2,-4.10039,-1.80314,-0.74832,0.43331,0.53391,0.05610,0.02555
45.78,0,-2.10418,-2.49236,-0.00122,0.49773,0.00012,0.00000,
45.78,1,-3.21682,-2.39850,-0.14444,0.51096,0.11193,0.11659,0.04006
45.78,2,-4.09369,-1.80926,-0.74158,0.46842,0.21765,0.05647,0.03591
45.8,0,-2.09421,-2.49237,-0.00122,0.49889,0.00012,0.00000,
45.8,1,-3.20687,-2.39995,-0.14183,0.49738,0.13475,0.11649,0.05004
45.8,2,-4.08670,-1.81562,-0.73757,0.47025,0.21923,0.05620,0.04597
45.82,0,-2.08423,-2.49238,-0.00122,0.49825,0.00012,0.00000,
45.82,1,-3.19456,-2.40159,-0.13792,0.65217,0.24353,0.11403,0.00997
45.82,2,-4.08005,-1.82166,-0.73270,0.43077,0.25686,0.05849,0.05838
45.84,0,-2.07428,-2.49239,-0.00121,0.49774,0.00011,0.00000,
45.84,1,-3.18186,-2.40339,-0.13319,0.61733,0.21750,0.11115,0.01993
45.84,2,-4.07382,-1.82731,-0.72729,0.40390,0.25686,0.06182,0.07122
45.86,0,-2.06432,-2.49240,-0.00121,0.49778,0.00011,0.00000,
45.86,1,-3.17038,-2.40493,-0.13054,0.54821,0.07807,0.10951,0.02988
45.86,2,-4.06780,-1.83270,-0.72201,0.40499,0.26383,0.06433,0.08280
45.88,0,-2.05436,-2.49242,-0.00121,0.49794,0.00011,0.00000,
45.88,1,-3.16163,-2.40630,-0.13135,0.36496,-0.14046,0.11061,0.03984
45.88,2,-4.06174,-1.83805,-0.71694,0.40154,0.24458,0.06448,0.09166
45.9,0,-2.04440,-2.49243,-0.00121,0.49797,0.00010,0.00000,
45.9,1,-3.15432,-2.40760,-0.13479,0.37964,-0.14567,0.11316,0.04980
45.9,2,-4.05576,-1.84327,-0.71219,0.39359,0.23311,0.06351,0.09907
45.92,0,-2.03445,-2.49244,-0.00121,0.49794,0.00010,0.00000,
45.92,1,-3.14653,-2.40874,-0.13418,0.38054,0.19311,0.11523,0.05976
45.92,2,-4.04986,-1.84836,-0.70758,0.38651,0.22887,0.06303,0.10695
45.94,0,-2.02449,-2.49245,-0.00120,0.49792,0.00009,0.00000,
45.94,1,-3.13753,-2.40997,-0.13030,0.50828,0.15250,0.11610,0.06972
45.94,2,-4.04403,-1.85335,-0.70307,0.38113,0.22239,0.06375,0.11603
45.96,0,-2.01453,-2.49246,-0.00120,0.49792,0.00009,0.00000,
45.96,1,-3.12729,-2.41130,-0.12821,0.50549,0.08139,0.11571,0.07968
45.96,2,-4.03826,-1.85824,-0.69871,0.37588,0.21409,0.06572,0.12636
45.98,0,-2.00457,-2.49248,-0.00120,0.49793,0.00009,0.00000,
45.98,1,-3.11784,-2.41252,-0.12651,0.45499,0.09315,0.11613,0.08964
45.98,2,-4.03255,-1.86304,-0.69451,0.37022,0.20646,0.06707,0.13589
46.0,0,-1.99469,-2.49249,-0.00120,0.45991,-0.00034,0.00000,
46.0,1,-3.10904,-2.41364,-0.12448,0.43926,0.10506,0.11714,0.09952
46.0,2,-4.02691,-1.86774,-0.69046,0.36455,0.19954,0.06794,0.14475
46.02,0,-1.98538,-2.49250,-0.00120,0.47043,0.00010,0.00000,
46.02,1,-3.10135,-2.41475,-0.12182,0.33704,0.04872,0.11868,0.00931
46.02,2,-4.02134,-1.87234,-0.68654,0.35909,0.19280,0.06798,0.15252
46.04,0,-1.97589,-2.49251,-0.00120,0.47677,0.00018,0.00000,
46.04,1,-3.09676,-2.41585,-0.12530,0.18479,-0.33029,0.12349,0.01880
46.04,2,-4.01583,-1.87686,-0.68276,0.35375,0.18619,0.06545,0.15722
46.06,0,-1.96647,-2.49252,-0.00119,0.44274,0.00040,0.00000,
46.06,1,-3.09268,-2.41696,-0.13434,0.25771,-0.46304,0.12875,0.02822
46.06,2,-4.01038,-1.88128,-0.67911,0.34846,0.17980,0.06260,0.16142
46.08,0,-1.95691,-2.49253,-0.00119,0.50194,-0.00002,0.00000,
46.08,1,-3.08626,-2.41795,-0.13626,0.34407,0.19607,0.13181,0.03778
46.08,2,-4.00501,-1.88562,-0.67558,0.34323,0.17365,0.06182,0.16791
46.1,0,-1.94666,-2.49255,-0.00119,0.51444,-0.00000,0.00000,
46.1,1,-3.07866,-2.41894,-0.13122,0.38934,0.25551,0.13440,0.04803
46.1,2,-3.99969,-1.88988,-0.67217,0.33808,0.16769,0.06217,0.17557
46.12,0,-1.93651,-2.49256,-0.00119,0.50057,0.00009,0.00000,
46.12,1,-3.07135,-2.41989,-0.13567,0.38079,-0.18123,0.13716,0.01014
46.12,2,-3.99408,-1.89410,-0.66920,0.39119,0.10835,0.06203,0.00340
46.14,0,-1.92661,-2.49257,-0.00119,0.49304,0.00008,0.00000,
46.14,1,-3.06326,-2.42120,-0.14355,0.44051,-0.46020,0.13889,0.02005
46.14,2,-3.98778,-1.89884,-0.66775,0.38434,0.17381,0.06188,0.01160
46.16,0,-1.91673,-2.49258,-0.00119,0.49501,0.00006,0.00000,
46.16,1,-3.05350,-2.42274,-0.14622,0.52998,0.13758,0.13891,0.02993
46.16,2,-3.98229,-1.90364,-0.66088,0.34863,0.40364,0.06401,0.02148
46.18,0,-1.90680,-2.49259,-0.00119,0.49776,0.00006,0.00000,
46.18,1,-3.04291,-2.42430,-0.14056,0.50251,0.36570,0.13816,0.03986
46.18,2,-3.97698,-1.90779,-0.65388,0.33147,0.29765,0.06736,0.03218
46.2,0,-1.89684,-2.49261,-0.00119,0.49794,0.00006,0.00000,
46.2,1,-3.03251,-2.42578,-0.13558,0.53798,0.16062,0.13764,0.04982
46.2,2,-3.97169,-1.91176,-0.64866,0.33139,0.24756,0.07064,0.04268
46.22,0,-1.88689,-2.49262,-0.00118,0.49719,0.00006,0.00000,
46.22,1,-3.02188,-2.42723,-0.13318,0.52999,0.11289,0.13688,0.05977
46.22,2,-3.96637,-1.91573,-0.64356,0.33115,0.26308,0.07410,0.05341
46.24,0,-1.87695,-2.49263,-0.00118,0.49693,0.00005,0.00000,
46.24,1,-3.01161,-2.42860,-0.13051,0.50914,0.14978,0.13647,0.06971
46.24,2,-3.96109,-1.91965,-0.63819,0.32608,0.26922,0.07729,0.06377
46.26,0,-1.86701,-2.49264,-0.00118,0.49707,0.00005,0.00000,
46.26,1,-3.00164,-2.42991,-0.12740,0.49942,0.15481,0.13637,0.07965
46.26,2,-3.95590,-1.92349,-0.63295,0.32010,0.25498,0.08032,0.07383
46.28,0,-1.85706,-2.49265,-0.00118,0.49719,0.00005,0.00000,
46.28,1,-2.99200,-2.43118,-0.12470,0.42425,0.06342,0.13660,0.08959
46.28,2,-3.95079,-1.92724,-0.62801,0.31523,0.24134,0.08315,0.08355
46.3,0,-1.84712,-2.49266,-0.00118,0.49718,0.00005,0.00000,
46.3,1,-2.98339,-2.43234,-0.12253,0.44412,0.14290,0.13787,0.09954
46.3,2,-3.94572,-1.93092,-0.62328,0.31083,0.23345,0.08513,0.09224
46.32,0,-1.83718,-2.49268,-0.00118,0.49714,0.00005,0.00000,
46.32,1,-2.97447,-2.43347,-0.11944,0.44981,0.15069,0.13884,0.10948
46.32,2,-3.94072,-1.93452,-0.61868,0.30626,0.22627,0.08747,0.10123
46.34,0,-1.82723,-2.49269,-0.00118,0.49714,0.00005,0.00000,
46.34,1,-2.96595,-2.43451,-0.11637,0.42805,0.14566,0.14020,0.11942
46.34,2,-3.93577,-1.93804,-0.61425,0.30161,0.21822,0.08951,0.10981
46.36,0,-1.81729,-2.49270,-0.00118,0.49715,0.00004,0.00000,
46.36,1,-2.95679,-2.43559,-0.11408,0.47700,0.10228,0.14093,0.12937
46.36,2,-3.93139,-1.94123,-0.61074,0.27061,0.22216,0.09281,0.11903
46.38,0,-1.80735,-2.49271,-0.00118,0.49715,0.00004,0.00000,
46.38,1,-2.94741,-2.43667,-0.11192,0.46177,0.11498,0.14144,0.13931
46.38,2,-3.92695,-1.94435,-0.60601,0.27107,0.23015,0.09630,0.12847
46.4,0,-1.79740,-2.49272,-0.00118,0.49715,0.00004,0.00000,
46.4,1,-2.93853,-2.43767,-0.10954,0.43704,0.12005,0.14245,0.14925
46.4,2,-3.92254,-1.94741,-0.60187,0.26599,0.19132,0.09937,0.13741
46.42,0,-1.78746,-2.49273,-0.00117,0.49715,0.00004,0.00000,
46.42,1,-2.92712,-2.43878,-0.10305,0.62743,0.43153,0.14094,0.00994
46.42,2,-3.91702,-1.95104,-0.59694,0.47452,0.46545,0.10354,0.00616
46.44,0,-1.77752,-2.49275,-0.00117,0.49715,0.00004,0.00000,
46.44,1,-2.91544,-2.43999,-0.09698,0.54545,0.18858,0.13915,0.01989
46.44,2,-3.90978,-1.95549,-0.58698,0.41743,0.50167,0.10610,0.01790
46.46,0,-1.76758,-2.49276,-0.00117,0.49715,0.00004,0.00000,
46.46,1,-2.90436,-2.44111,-0.09555,0.56184,0.02857,0.13796,0.02983
46.46,2,-3.90302,-1.95975,-0.57779,0.38955,0.30015,0.10861,0.02904
46.48,0,-1.75763,-2.49277,-0.00117,0.49715,0.00003,0.00000,
46.48,1,-2.89327,-2.44219,-0.09443,0.55050,0.08748,0.13677,0.03977
46.48,2,-3.89562,-1.96504,-0.58055,0.51443,-0.23620,0.11013,0.04018
46.5,0,-1.74805,-2.49278,-0.00118,0.46271,-0.00020,0.00000,
46.5,1,-2.88385,-2.44319,-0.09315,0.47722,0.10188,0.13688,0.04935
46.5,2,-3.88610,-1.97123,-0.58043,0.59203,0.20876,0.10782,0.04966
46.52,0,-1.73867,-2.49279,-0.00117,0.47346,0.00014,0.00000,
46.52,1,-2.87418,-2.44412,-0.09074,0.48956,0.12062,0.13655,0.05873
46.52,2,-3.87696,-1.97720,-0.57298,0.43497,0.53734,0.10616,0.00489
46.54,0,-1.72916,-2.49280,-0.00117,0.47602,0.00009,0.00000,
46.54,1,-2.86450,-2.44502,-0.08864,0.48039,0.09273,0.13635,0.06824
46.54,2,-3.87100,-1.98131,-0.56510,0.29448,0.23411,0.10818,0.01460
46.56,0,-1.71989,-2.49281,-0.00117,0.47557,0.00009,0.00000,
46.56,1,-2.85509,-2.44586,-0.08691,0.46653,0.08468,0.13618,0.07752
46.56,2,-3.86613,-1.98501,-0.56257,0.32459,-0.08077,0.11112,0.02405
46.58,0,-1.70987,-2.49283,-0.00117,0.51368,-0.00009,0.00000,
46.58,1,-2.84599,-2.44666,-0.08510,0.45544,0.09258,0.13706,0.08754
46.58,2,-3.85986,-1.98929,-0.56414,0.42615,0.05911,0.11226,0.03319
46.6,0,-1.69962,-2.49284,-0.00117,0.50748,0.00002,0.00000,
46.6,1,-2.83669,-2.44745,-0.08337,0.47170,0.08270,0.13798,0.09779
46.6,2,-3.85253,-1.99388,-0.55820,0.46118,0.38716,0.11249,0.04252
46.62,0,-1.68963,-2.49285,-0.00117,0.49457,0.00006,0.00000,
46.62,1,-2.82737,-2.44823,-0.08174,0.46202,0.08113,0.13862,0.10778
46.62,2,-3.84395,-1.99919,-0.55206,0.51920,0.24753,0.11134,0.05188
46.64,0,-1.67977,-2.49286,-0.00117,0.49280,0.00003,0.00000,
46.64,1,-2.81832,-2.44897,-0.08013,0.44776,0.07991,0.13940,0.11763
46.64,2,-3.83539,-2.00446,-0.54758,0.48328,0.22112,0.10996,0.06095
46.66,0,-1.66988,-2.49287,-0.00117,0.49609,0.00002,0.00000,
46.66,1,-2.80949,-2.44968,-0.07856,0.44058,0.07697,0.14043,0.12753
46.66,2,-3.82748,-2.00929,-0.54293,0.45166,0.24043,0.10917,0.06982
46.68,0,-1.65994,-2.49288,-0.00117,0.49751,0.00002,0.00000,
46.68,1,-2.80075,-2.45037,-0.07706,0.43604,0.07407,0.14161,0.13747
46.68,2,-3.81980,-2.01392,-0.53811,0.44898,0.23800,0.10858,0.07858
46.7,0,-1.64999,-2.49290,-0.00117,0.49695,0.00003,0.00000,
46.7,1,-2.79301,-2.45102,-0.07605,0.37935,0.05891,0.14378,0.14741
46.7,2,-3.81207,-2.01854,-0.53349,0.45019,0.22567,0.10704,0.08635
46.72,0,-1.64006,-2.49291,-0.00117,0.49637,0.00002,0.00000,
46.72,1,-2.78526,-2.45163,-0.07452,0.39283,0.08262,0.14595,0.15734
46.72,2,-3.80455,-2.02304,-0.52747,0.43205,0.57741,0.10573,0.00392
46.74,0,-1.63013,-2.49292,-0.00117,0.49638,0.00002,0.00000,
46.74,1,-2.77748,-2.45222,-0.07299,0.38597,0.06945,0.14807,0.16727
46.74,2,-3.79704,-2.02745,-0.51492,0.43331,0.50189,0.10451,0.01172
46.76,0,-1.62020,-2.49293,-0.00117,0.49655,0.00002,0.00000,
46.76,1,-2.77007,-2.45277,-0.07152,0.39543,0.06037,0.15057,0.17720
46.76,2,-3.78967,-2.03164,-0.50918,0.41604,0.16308,0.10314,0.01915
46.78,0,-1.61027,-2.49294,-0.00117,0.49660,0.00002,0.00000,
46.78,1,-2.76187,-2.45336,-0.07042,0.41376,0.05541,0.15228,0.18713
46.78,2,-3.78254,-2.03563,-0.50619,0.40368,0.17266,0.10284,0.02737
46.8,0,-1.60034,-2.49295,-0.00117,0.49656,0.00002,0.00000,
46.8,1,-2.75385,-2.45393,-0.06923,0.39130,0.06158,0.15417,0.19706
46.8,2,-3.77574,-2.03946,-0.50253,0.37863,0.20038,0.10275,0.03542
46.82,0,-1.59041,-2.49297,-0.00116,0.49654,0.00002,0.00000,
46.82,1,-2.74481,-2.45447,-0.06820,0.42847,-0.04581,0.15504,0.00993
46.82,2,-3.76905,-2.04322,-0.49650,0.32513,0.49306,0.10372,0.00431
46.84,0,-1.58048,-2.49298,-0.00116,0.49654,0.00002,0.00000,
46.84,1,-2.73619,-2.45509,-0.06939,0.44569,-0.07748,0.15633,0.01986
46.84,2,-3.76349,-2.04662,-0.48657,0.32756,0.51451,0.10553,0.01295
46.86,0,-1.57055,-2.49299,-0.00116,0.49655,0.00002,0.00000,
46.86,1,-2.72670,-2.45579,-0.06935,0.52225,0.06154,0.15675,0.02979
46.86,2,-3.75713,-2.04987,-0.47609,0.39666,0.40307,0.10750,0.02247
46.88,0,-1.56062,-2.49300,-0.00116,0.49655,0.00002,0.00000,
46.88,1,-2.71559,-2.45656,-0.06750,0.56544,0.10305,0.15555,0.03972
46.88,2,-3.74933,-2.05391,-0.47159,0.46029,0.12787,0.10939,0.03360
46.9,0,-1.55069,-2.49301,-0.00116,0.49655,0.00002,0.00000,
46.9,1,-2.70430,-2.45732,-0.06579,0.55598,0.07220,0.15417,0.04965
46.9,2,-3.74148,-2.05804,-0.46755,0.45337,0.17729,0.11137,0.04492
46.92,0,-1.54075,-2.49302,-0.00116,0.49655,0.00002,0.00000,
46.92,1,-2.69359,-2.45802,-0.06448,0.52333,0.06399,0.15336,0.05959
46.92,2,-3.73279,-2.06247,-0.46344,0.49600,0.43475,0.11194,0.00529
46.94,0,-1.53082,-2.49304,-0.00116,0.49655,0.00002,0.00000,
46.94,1,-2.68330,-2.45869,-0.06316,0.51179,0.06730,0.15299,0.06952
46.94,2,-3.72416,-2.06674,-0.45526,0.48769,0.32474,0.11221,0.01559
46.96,0,-1.52089,-2.49305,-0.00116,0.49655,0.00001,0.00000,
46.96,1,-2.67349,-2.45933,-0.06200,0.47434,0.05408,0.15309,0.07945
46.96,2,-3.71515,-2.07119,-0.45008,0.53585,0.15180,0.11163,0.02543
46.98,0,-1.51096,-2.49306,-0.00116,0.49655,0.00001,0.00000,
46.98,1,-2.66389,-2.45993,-0.06070,0.48427,0.06983,0.15341,0.08938
46.98,2,-3.70508,-2.07610,-0.44798,0.56542,0.11182,0.10968,0.03504
47.0,0,-1.50103,-2.49307,-0.00116,0.49655,0.00001,0.00000,
47.0,1,-2.65427,-2.46053,-0.05935,0.47816,0.06321,0.15370,0.09931
47.0,2,-3.69519,-2.08087,-0.44485,0.53281,0.18628,0.10799,0.04469
47.02,0,-1.49110,-2.49308,-0.00116,0.49655,0.00001,0.00000,
47.02,1,-2.64500,-2.46109,-0.05824,0.43037,0.03993,0.15435,0.10924
47.02,2,-3.68583,-2.08533,-0.44099,0.51000,0.18845,0.10658,0.05397
47.04,0,-1.48117,-2.49309,-0.00116,0.49655,0.00001,0.00000,
47.04,1,-2.63636,-2.46161,-0.05721,0.43603,0.05955,0.15562,0.11917
47.04,2,-3.67665,-2.08966,-0.43750,0.50716,0.16484,0.10479,0.06262
47.06,0,-1.47124,-2.49310,-0.00116,0.49655,0.00001,0.00000,
47.06,1,-2.62763,-2.46211,-0.05599,0.43632,0.05950,0.15681,0.12910
47.06,2,-3.66748,-2.09395,-0.43431,0.50469,0.15726,0.10310,0.07137
47.08,0,-1.46131,-2.49312,-0.00116,0.49655,0.00001,0.00000,
47.08,1,-2.61901,-2.46260,-0.05488,0.42712,0.05246,0.15811,0.13903
47.08,2,-3.65928,-2.09797,-0.43300,0.45167,0.14866,0.10232,0.08000
47.1,0,-1.45138,-2.49313,-0.00116,0.49655,0.00001,0.00000,
47.1,1,-2.61066,-2.46306,-0.05383,0.40874,0.05491,0.15967,0.14896
47.1,2,-3.65103,-2.10184,-0.42883,0.45741,0.21558,0.10129,0.08836
47.12,0,-1.44200,-2.49314,-0.00116,0.46574,-0.00008,0.00000,
47.12,1,-2.59922,-2.46351,-0.05101,0.60245,0.18389,0.15760,0.00938
47.12,2,-3.64203,-2.10588,-0.42345,0.56012,0.56857,0.10243,0.00623
47.14,0,-1.43257,-2.49315,-0.00116,0.47467,0.00013,0.00000,
47.14,1,-2.58762,-2.46395,-0.04711,0.58046,0.19514,0.15542,0.01880
47.14,2,-3.63229,-2.11020,-0.41036,0.53337,0.61475,0.10294,0.01784
47.16,0,-1.42310,-2.49316,-0.00116,0.45551,0.00021,0.00000,
47.16,1,-2.57646,-2.46452,-0.04550,0.58700,-0.00763,0.15371,0.02827
47.16,2,-3.62233,-2.11456,-0.40219,0.56688,0.18979,0.10287,0.02902
47.18,0,-1.41369,-2.49317,-0.00116,0.49704,-0.00007,0.00000,
47.18,1,-2.56646,-2.46505,-0.04629,0.51137,0.00054,0.15312,0.03769
47.18,2,-3.61151,-2.11916,-0.40100,0.59442,0.02960,0.10080,0.03903
47.2,0,-1.40347,-2.49318,-0.00116,0.51407,-0.00008,0.00000,
47.2,1,-2.55605,-2.46554,-0.04534,0.52134,0.06884,0.15291,0.04790
47.2,2,-3.60077,-2.12371,-0.39925,0.57082,0.13927,0.09922,0.04946
47.22,0,-1.39332,-2.49320,-0.00116,0.50079,0.00003,0.00000,
47.22,1,-2.54704,-2.46602,-0.04355,0.40151,0.09026,0.15404,0.01015
47.22,2,-3.59049,-2.12804,-0.39588,0.54991,0.17468,0.09682,0.05847
47.24,0,-1.38342,-2.49321,-0.00116,0.49210,0.00003,0.00000,
47.24,1,-2.53887,-2.46651,-0.04221,0.43384,0.01946,0.15576,0.02005
47.24,2,-3.58041,-2.13225,-0.39269,0.54437,0.14502,0.09386,0.06666
47.26,0,-1.37358,-2.49322,-0.00116,0.49357,0.00001,0.00000,
47.26,1,-2.52921,-2.46695,-0.04202,0.53540,0.01621,0.15593,0.02990
47.26,2,-3.57094,-2.13629,-0.39103,0.51435,0.13229,0.09295,0.07633
47.28,0,-1.36367,-2.49323,-0.00116,0.49653,0.00001,0.00000,
47.28,1,-2.51754,-2.46743,-0.04149,0.59865,0.03569,0.15416,0.03980
47.28,2,-3.56141,-2.14025,-0.38777,0.51494,0.16689,0.09395,0.08801
47.3,0,-1.35373,-2.49324,-0.00116,0.49691,0.00001,0.00000,
47.3,1,-2.50608,-2.46790,-0.04060,0.56619,0.04084,0.15263,0.04974
47.3,2,-3.55197,-2.14412,-0.38485,0.50487,0.12849,0.09486,0.09948
47.32,0,-1.34380,-2.49325,-0.00116,0.49615,0.00001,0.00000,
47.32,1,-2.49250,-2.46840,-0.03942,0.70422,0.07347,0.14897,0.00993
47.32,2,-3.54224,-2.14800,-0.38530,0.61430,-0.51924,0.09755,0.00717
47.34,0,-1.33388,-2.49326,-0.00116,0.49583,0.00001,0.00000,
47.34,1,-2.47870,-2.46893,-0.03848,0.65344,0.03047,0.14508,0.01985
47.34,2,-3.53090,-2.15226,-0.39498,0.55930,-0.29798,0.09882,0.02098
47.36,0,-1.32396,-2.49328,-0.00116,0.49597,0.00001,0.00000,
47.36,1,-2.46681,-2.46939,-0.03798,0.51804,0.01126,0.14309,0.02977
47.36,2,-3.52110,-2.15666,-0.40308,0.57096,-0.53655,0.09970,0.03288
47.38,0,-1.31404,-2.49329,-0.00116,0.49610,0.00001,0.00000,
47.38,1,-2.45845,-2.46983,-0.03846,0.40929,-0.03002,0.14465,0.03969
47.38,2,-3.50959,-2.16166,-0.40717,0.64509,0.04963,0.09538,0.04125
47.4,0,-1.30412,-2.49330,-0.00116,0.49609,0.00001,0.00000,
47.4,1,-2.44985,-2.47026,-0.03896,0.45689,0.00237,0.14596,0.04961
47.4,2,-3.49739,-2.16691,-0.40061,0.66586,0.42486,0.09058,0.04986
47.42,0,-1.29420,-2.49331,-0.00116,0.49605,0.00001,0.00000,
47.42,1,-2.43753,-2.47064,-0.03754,0.61893,0.11768,0.14356,0.00992
47.42,2,-3.48457,-2.17224,-0.39264,0.79854,0.44744,0.08873,0.00645
47.44,0,-1.28428,-2.49332,-0.00116,0.49604,0.00001,0.00000,
47.44,1,-2.42516,-2.47102,-0.03519,0.61894,0.11777,0.14110,0.01984
47.44,2,-3.46973,-2.17845,-0.38251,0.72868,0.72125,0.08477,0.01882
47.46,0,-1.27436,-2.49333,-0.00116,0.49605,0.00001,0.00000,
47.46,1,-2.41281,-2.47140,-0.03292,0.61129,0.09539,0.13867,0.02976
47.46,2,-3.45639,-2.18431,-0.36995,0.72199,0.44673,0.08235,0.03118
47.48,0,-1.26444,-2.49335,-0.00116,0.49606,0.00001,0.00000,
47.48,1,-2.40162,-2.47179,-0.03207,0.47760,0.00384,0.13739,0.03968
47.48,2,-3.44480,-2.18940,-0.36892,0.54338,-0.17564,0.08072,0.04237
47.5,0,-1.25452,-2.49336,-0.00116,0.49606,0.00001,0.00000,
47.5,1,-2.39203,-2.47212,-0.03179,0.48528,0.02385,0.13771,0.04961
47.5,2,-3.43496,-2.19409,-0.37219,0.54389,-0.11458,0.07936,0.05197
47.52,0,-1.24459,-2.49337,-0.00116,0.49606,0.00001,0.00000,
47.52,1,-2.37891,-2.47245,-0.03076,0.65890,0.08135,0.13450,0.00992
47.52,2,-3.42416,-2.19851,-0.37610,0.61696,-0.99548,0.08055,0.00707
47.54,0,-1.23467,-2.49338,-0.00116,0.49606,0.00001,0.00000,
47.54,1,-2.36573,-2.47278,-0.02914,0.65891,0.08128,0.13125,0.01984
47.54,2,-3.41276,-2.20310,-0.39589,0.62139,-0.89323,0.08120,0.02025
47.56,0,-1.22475,-2.49339,-0.00116,0.49606,0.00001,0.00000,
47.56,1,-2.35321,-2.47309,-0.02772,0.61119,0.04097,0.12864,0.02976
47.56,2,-3.40131,-2.20772,-0.40462,0.63941,-0.01156,0.08117,0.03278
47.58,0,-1.21483,-2.49340,-0.00116,0.49606,0.00001,0.00000,
47.58,1,-2.34328,-2.47340,-0.02787,0.44681,-0.01551,0.12863,0.03968
47.58,2,-3.38892,-2.21309,-0.39795,0.68827,0.49989,0.07755,0.04271
47.6,0,-1.20491,-2.49341,-0.00116,0.49606,0.00001,0.00000,
47.6,1,-2.33397,-2.47368,-0.02767,0.47910,0.02657,0.12923,0.04961
47.6,2,-3.37747,-2.21827,-0.39091,0.59327,0.31623,0.07431,0.05203
47.62,0,-1.19499,-2.49343,-0.00116,0.49606,0.00001,0.00000,
47.62,1,-2.32211,-2.47395,-0.02671,0.54948,0.07099,0.12729,0.00992
47.62,2,-3.36662,-2.22291,-0.38389,0.58882,0.34746,0.07425,0.06389
47.64,0,-1.18507,-2.49344,-0.00116,0.49606,0.00001,0.00000,
47.64,1,-2.31112,-2.47422,-0.02542,0.55011,0.04691,0.12622,0.01984
47.64,2,-3.35576,-2.22734,-0.37769,0.58375,0.27975,0.07341,0.07488
47.66,0,-1.17515,-2.49345,-0.00116,0.49606,0.00000,0.00000,
47.66,1,-2.30015,-2.47450,-0.02502,0.54601,0.00551,0.12516,0.02976
47.66,2,-3.34501,-2.23162,-0.37243,0.57305,0.25795,0.07272,0.08586
47.68,0,-1.16523,-2.49346,-0.00116,0.49606,0.00000,0.00000,
47.68,1,-2.29084,-2.47476,-0.02518,0.44192,-0.00074,0.12577,0.03968
47.68,2,-3.33445,-2.23575,-0.36719,0.56261,0.26530,0.07063,0.09517
47.7,0,-1.15530,-2.49347,-0.00116,0.49606,0.00000,0.00000,
47.7,1,-2.28164,-2.47501,-0.02482,0.47159,0.02640,0.12649,0.04961
47.7,2,-3.32403,-2.23975,-0.36190,0.55460,0.26186,0.06861,0.10437
47.72,0,-1.14538,-2.49348,-0.00116,0.49606,0.00000,0.00000,
47.72,1,-2.27254,-2.47525,-0.02425,0.45613,0.02513,0.12731,0.05953
47.72,2,-3.31373,-2.24365,-0.35679,0.54705,0.25057,0.06664,0.11348
47.74,0,-1.13546,-2.49349,-0.00116,0.49606,0.00000,0.00000,
47.74,1,-2.26269,-2.47549,-0.02397,0.50936,0.00868,0.12737,0.06945
47.74,2,-3.30357,-2.24744,-0.35188,0.53891,0.24142,0.06556,0.12333
47.76,0,-1.12554,-2.49351,-0.00116,0.49606,0.00000,0.00000,
47.76,1,-2.25266,-2.47573,-0.02377,0.48911,0.01244,0.12726,0.07937
47.76,2,-3.29353,-2.25113,-0.34713,0.53067,0.23436,0.06483,0.13336
47.78,0,-1.11562,-2.49352,-0.00116,0.49606,0.00000,0.00000,
47.78,1,-2.24321,-2.47596,-0.02348,0.46169,0.01552,0.12773,0.08929
47.78,2,-3.28364,-2.25471,-0.34252,0.52272,0.22722,0.06369,0.14281
47.8,0,-1.10570,-2.49353,-0.00116,0.49606,0.00000,0.00000,
47.8,1,-2.23408,-2.47617,-0.02318,0.45513,0.01421,0.12852,0.09921
47.8,2,-3.27387,-2.25819,-0.33806,0.51497,0.21992,0.06239,0.15195
47.82,0,-1.09578,-2.49354,-0.00116,0.49606,0.00000,0.00000,
47.82,1,-2.22445,-2.47637,-0.02208,0.45364,0.07595,0.12880,0.00992
47.82,2,-3.26490,-2.26144,-0.33161,0.36696,0.54079,0.06242,0.00463
47.84,0,-1.08586,-2.49355,-0.00116,0.49606,0.00000,0.00000,
47.84,1,-2.21504,-2.47658,-0.02115,0.49540,0.01891,0.12931,0.01984
47.84,2,-3.25993,-2.26410,-0.32260,0.26745,0.43863,0.06628,0.01404
47.86,0,-1.07594,-2.49356,-0.00116,0.49606,0.00000,0.00000,
47.86,1,-2.20464,-2.47679,-0.02110,0.53139,-0.00159,0.12883,0.02976
47.86,2,-3.25522,-2.26632,-0.31480,0.27655,0.32914,0.07146,0.02444
47.88,0,-1.06609,-2.49357,-0.00116,0.45836,-0.00040,0.00000,
47.88,1,-2.19413,-2.47701,-0.02100,0.51614,0.01075,0.12816,0.03961
47.88,2,-3.24906,-2.26857,-0.30761,0.33435,0.45616,0.07533,0.03495
47.9,0,-1.05682,-2.49359,-0.00116,0.46881,0.00002,0.00000,
47.9,1,-2.18407,-2.47722,-0.02072,0.49416,0.01506,0.12737,0.04888
47.9,2,-3.24224,-2.27089,-0.29555,0.36494,0.64093,0.07810,0.04501
47.92,0,-1.04736,-2.49360,-0.00116,0.47507,0.00010,0.00000,
47.92,1,-2.17216,-2.47747,-0.02029,0.64563,0.02190,0.12492,0.00946
47.92,2,-3.23498,-2.27300,-0.28489,0.40032,0.34176,0.08231,0.05693
47.94,0,-1.03806,-2.49361,-0.00116,0.45477,0.00022,0.00000,
47.94,1,-2.16052,-2.47771,-0.01987,0.53344,0.01939,0.12257,0.01876
47.94,2,-3.22678,-2.27543,-0.28174,0.44173,0.07660,0.08528,0.06857
47.96,0,-1.02831,-2.49362,-0.00116,0.50745,-0.00012,0.00000,
47.96,1,-2.15002,-2.47793,-0.01964,0.52015,0.00787,0.12182,0.02851
47.96,2,-3.21837,-2.27791,-0.27973,0.43051,0.13956,0.08691,0.07907
47.98,0,-1.01805,-2.49363,-0.00116,0.51102,-0.00004,0.00000,
47.98,1,-2.14118,-2.47814,-0.01972,0.41908,-0.02039,0.12323,0.03876
47.98,2,-3.21034,-2.28024,-0.27619,0.40981,0.19311,0.08732,0.08791
48.0,0,-1.00800,-2.49364,-0.00116,0.49657,0.00003,0.00000,
48.0,1,-2.13249,-2.47834,-0.02071,0.44668,-0.03876,0.12460,0.04882
48.0,2,-3.20254,-2.28246,-0.27251,0.40330,0.17186,0.08783,0.09661
48.02,0,-0.99814,-2.49365,-0.00116,0.49150,0.00002,0.00000,
48.02,1,-2.12348,-2.47852,-0.02076,0.44930,0.02131,0.12544,0.05868
48.02,2,-3.19463,-2.28469,-0.27086,0.36846,-0.20602,0.08855,0.00451
48.04,0,-0.98828,-2.49367,-0.00116,0.49433,-0.00000,0.00000,
48.04,1,-2.11490,-2.47869,-0.02015,0.45122,0.02454,0.12671,0.06853
48.04,2,-3.18791,-2.28694,-0.27806,0.35373,-0.36153,0.09001,0.01309
48.06,0,-0.97837,-2.49368,-0.00116,0.49659,0.00000,0.00000,
48.06,1,-2.10545,-2.47888,-0.01987,0.47829,0.00816,0.12718,0.07845
48.06,2,-3.18116,-2.28882,-0.28212,0.32705,-0.05001,0.09237,0.02254
48.08,0,-0.96844,-2.49369,-0.00116,0.49639,0.00001,0.00000,
48.08,1,-2.09613,-2.47906,-0.01971,0.45350,0.00956,0.12779,0.08838
48.08,2,-3.17413,-2.29088,-0.27665,0.36104,0.49596,0.09430,0.03186
48.1,0,-0.95852,-2.49370,-0.00116,0.49567,0.00000,0.00000,
48.1,1,-2.08731,-2.47923,-0.01948,0.43367,0.01273,0.12889,0.09830
48.1,2,-3.16626,-2.29326,-0.26891,0.46080,0.22252,0.09486,0.04068
48.12,0,-0.94861,-2.49371,-0.00116,0.49553,0.00000,0.00000,
48.12,1,-2.07897,-2.47940,-0.01927,0.39763,0.00779,0.13045,0.10821
48.12,2,-3.15685,-2.29589,-0.26509,0.55653,0.26275,0.09339,0.00403
48.14,0,-0.93869,-2.49372,-0.00116,0.49571,0.00000,0.00000,
48.14,1,-2.07087,-2.47956,-0.01906,0.40924,0.01232,0.13227,0.11812
48.14,2,-3.14590,-2.29882,-0.25932,0.54173,0.27150,0.09012,0.01212
48.16,0,-0.92878,-2.49373,-0.00116,0.49579,0.00000,0.00000,
48.16,1,-2.06270,-2.47972,-0.01881,0.40602,0.01148,0.13401,0.12804
48.16,2,-3.13597,-2.30145,-0.25572,0.48704,0.13638,0.08798,0.02030
48.18,0,-0.91886,-2.49375,-0.00116,0.49577,0.00000,0.00000,
48.18,1,-2.05494,-2.47987,-0.01864,0.36625,0.00630,0.13617,0.13795
48.18,2,-3.12818,-2.30374,-0.25535,0.32341,-0.08077,0.08759,0.02806
48.2,0,-0.90895,-2.49376,-0.00116,0.49574,0.00000,0.00000,
48.2,1,-2.04757,-2.48001,-0.01845,0.37077,0.01104,0.13871,0.14787
48.2,2,-3.12194,-2.30574,-0.25684,0.33706,-0.03334,0.08841,0.03543
48.22,0,-0.89903,-2.49377,-0.00116,0.49573,0.00000,0.00000,
48.22,1,-2.03612,-2.48015,-0.01781,0.57973,0.04467,0.13717,0.00991
48.22,2,-3.11496,-2.30760,-0.25464,0.37817,0.20852,0.09255,0.04688
48.24,0,-0.88912,-2.49378,-0.00116,0.49574,0.00000,0.00000,
48.24,1,-2.02493,-2.48029,-0.01685,0.55957,0.04809,0.13589,0.01983
48.24,2,-3.10792,-2.30943,-0.24840,0.39463,0.27006,0.09638,0.05808
48.26,0,-0.87920,-2.49379,-0.00116,0.49575,0.00000,0.00000,
48.26,1,-2.01431,-2.48043,-0.01586,0.51592,0.04127,0.13518,0.02974
48.26,2,-3.09954,-2.31155,-0.24510,0.44421,0.11643,0.09829,0.06870
48.28,0,-0.86929,-2.49380,-0.00116,0.49574,0.00000,0.00000,
48.28,1,-2.00424,-2.48059,-0.01570,0.43558,-0.01619,0.13503,0.03966
48.28,2,-3.09123,-2.31362,-0.24257,0.40977,0.14672,0.09974,0.07876
48.3,0,-0.85937,-2.49381,-0.00116,0.49574,0.00000,0.00000,
48.3,1,-1.99492,-2.48075,-0.01581,0.48433,0.00513,0.13562,0.04957
48.3,2,-3.08362,-2.31550,-0.23924,0.38256,0.17423,0.10117,0.08808
48.32,0,-0.84946,-2.49383,-0.00116,0.49574,0.00000,0.00000,
48.32,1,-1.98553,-2.48091,-0.01553,0.42929,0.02169,0.13614,0.05949
48.32,2,-3.07670,-2.31728,-0.23672,0.30756,0.04283,0.10337,0.09748
48.34,0,-0.83954,-2.49384,-0.00116,0.49574,0.00000,0.00000,
48.34,1,-1.97581,-2.48107,-0.01529,0.52081,0.00531,0.13633,0.06940
48.34,2,-3.07041,-2.31890,-0.23401,0.33745,0.18831,0.10655,0.10720
48.36,0,-0.82963,-2.49385,-0.00116,0.49574,0.00000,0.00000,
48.36,1,-1.96530,-2.48123,-0.01522,0.51728,0.00403,0.13574,0.07932
48.36,2,-3.06376,-2.32052,-0.23024,0.34112,0.17166,0.11016,0.11771
48.38,0,-0.81971,-2.49386,-0.00116,0.49574,0.00000,0.00000,
48.38,1,-1.95537,-2.48138,-0.01510,0.48107,0.00732,0.13572,0.08923
48.38,2,-3.05747,-2.32202,-0.22653,0.34963,0.13112,0.11356,0.12764
48.4,0,-0.80980,-2.49387,-0.00116,0.49574,0.00000,0.00000,
48.4,1,-1.94650,-2.48152,-0.01501,0.40145,0.00047,0.13677,0.09915
48.4,2,-3.05027,-2.32369,-0.22446,0.37439,0.10191,0.11499,0.13651
48.42,0,-0.79988,-2.49388,-0.00116,0.49574,0.00000,0.00000,
48.42,1,-1.93778,-2.48164,-0.01449,0.42688,0.04785,0.13796,0.00991
48.42,2,-3.04320,-2.32530,-0.22205,0.35004,0.13373,0.11643,0.14523
48.44,0,-0.78997,-2.49389,-0.00116,0.49574,0.00000,0.00000,
48.44,1,-1.92861,-2.48176,-0.01363,0.48760,0.02548,0.13870,0.01983
48.44,2,-3.03659,-2.32679,-0.21931,0.33281,0.13519,0.11877,0.15441
48.46,0,-0.78005,-2.49391,-0.00116,0.49574,0.00000,0.00000,
48.46,1,-1.91880,-2.48191,-0.01341,0.53695,-0.00176,0.13881,0.02974
48.46,2,-3.03012,-2.32823,-0.21675,0.33140,0.12282,0.12190,0.16422
48.48,0,-0.77014,-2.49392,-0.00116,0.49574,0.00000,0.00000,
48.48,1,-1.90778,-2.48206,-0.01346,0.54674,0.00116,0.13770,0.03966
48.48,2,-3.02390,-2.32964,-0.21472,0.30743,0.09471,0.12648,0.17523
48.5,0,-0.76022,-2.49393,-0.00116,0.49574,0.00000,0.00000,
48.5,1,-1.89693,-2.48221,-0.01337,0.53378,0.00646,0.13676,0.04957
48.5,2,-3.01798,-2.33097,-0.21255,0.28895,0.09884,0.13121,0.18609
48.52,0,-0.75031,-2.49394,-0.00116,0.49574,0.00000,0.00000,
48.52,1,-1.88290,-2.48236,-0.01293,0.72447,0.05476,0.13265,0.00991
48.52,2,-3.01082,-2.33233,-0.20968,0.51970,0.35002,0.13786,0.00761
48.54,0,-0.74039,-2.49395,-0.00116,0.49574,0.00000,0.00000,
48.54,1,-1.86889,-2.48252,-0.01176,0.69934,0.06954,0.12855,0.01983
48.54,2,-3.00151,-2.33397,-0.20086,0.40242,0.58060,0.14232,0.02162
48.56,0,-0.73048,-2.49396,-0.00115,0.49574,0.00000,0.00000,
48.56,1,-1.85589,-2.48271,-0.01047,0.55757,0.03253,0.12547,0.02974
48.56,2,-2.99360,-2.33557,-0.18902,0.40967,0.64201,0.14719,0.03462
48.58,0,-0.72056,-2.49397,-0.00115,0.49574,0.00000,0.00000,
48.58,1,-1.84691,-2.48283,-0.01015,0.44442,0.02406,0.12640,0.03966
48.58,2,-2.98389,-2.33719,-0.17644,0.58663,0.44247,0.14628,0.04360
48.6,0,-0.71065,-2.49399,-0.00115,0.49574,0.00000,0.00000,
48.6,1,-1.83785,-2.48293,-0.01006,0.46220,-0.00673,0.12726,0.04957
48.6,2,-2.96970,-2.33972,-0.17316,0.75071,0.08671,0.14087,0.05266
48.62,0,-0.70074,-2.49400,-0.00115,0.49574,0.00000,0.00000,
48.62,1,-1.82867,-2.48303,-0.01020,0.42758,-0.00172,0.12799,0.05949
48.62,2,-2.95392,-2.34253,-0.17747,0.83620,-0.95337,0.13398,0.00451
48.64,0,-0.69082,-2.49401,-0.00115,0.49574,0.00000,0.00000,
48.64,1,-1.81917,-2.48312,-0.01021,0.50448,0.00039,0.12840,0.06940
48.64,2,-2.93903,-2.34522,-0.18593,0.66699,-0.01203,0.12832,0.01402
48.66,0,-0.68091,-2.49402,-0.00115,0.49574,0.00000,0.00000,
48.66,1,-1.80901,-2.48322,-0.01020,0.50020,0.00032,0.12816,0.07932
48.66,2,-2.92727,-2.34739,-0.19047,0.46713,-0.36210,0.12648,0.02417
48.68,0,-0.67099,-2.49403,-0.00115,0.49574,0.00000,0.00000,
48.68,1,-1.79937,-2.48332,-0.01020,0.46845,-0.00009,0.12843,0.08923
48.68,2,-2.91893,-2.34937,-0.19535,0.42350,-0.16044,0.12755,0.03381
48.7,0,-0.66108,-2.49404,-0.00115,0.49574,0.00000,0.00000,
48.7,1,-1.79017,-2.48342,-0.01020,0.45637,-0.00008,0.12915,0.09915
48.7,2,-2.91031,-2.35117,-0.19531,0.45671,0.13760,0.12792,0.04301
48.72,0,-0.65116,-2.49405,-0.00115,0.49574,0.00000,0.00000,
48.72,1,-1.78049,-2.48351,-0.00984,0.45737,0.02755,0.12938,0.00991
48.72,2,-2.90126,-2.35298,-0.19043,0.36965,0.41192,0.12835,0.00466
48.74,0,-0.64125,-2.49407,-0.00115,0.49574,0.00000,0.00000,
48.74,1,-1.77164,-2.48359,-0.00956,0.47323,0.00350,0.13045,0.01983
48.74,2,-2.89505,-2.35479,-0.18466,0.32070,0.27534,0.13077,0.01350
48.76,0,-0.63133,-2.49408,-0.00115,0.49574,0.00000,0.00000,
48.76,1,-1.76158,-2.48369,-0.00962,0.51735,-0.00483,0.13029,0.02974
48.76,2,-2.88902,-2.35658,-0.18482,0.32138,-0.13089,0.13459,0.02357
48.78,0,-0.62142,-2.49409,-0.00115,0.49574,0.00000,0.00000,
48.78,1,-1.75139,-2.48379,-0.00967,0.48094,0.00142,0.13003,0.03966
48.78,2,-2.88153,-2.35819,-0.18286,0.38951,0.32035,0.13710,0.03376
48.8,0,-0.61150,-2.49410,-0.00115,0.49574,0.00000,0.00000,
48.8,1,-1.74171,-2.48388,-0.00962,0.50266,0.00120,0.13025,0.04957
48.8,2,-2.87379,-2.35984,-0.17237,0.40404,0.43944,0.13886,0.04344
48.82,0,-0.60159,-2.49411,-0.00115,0.49574,0.00000,0.00000,
48.82,1,-1.72840,-2.48398,-0.00944,0.67601,0.01742,0.12686,0.00991
48.82,2,-2.86439,-2.36177,-0.16794,0.53102,0.37951,0.14255,0.00706
48.84,0,-0.59167,-2.49412,-0.00115,0.49574,0.00000,0.00000,
48.84,1,-1.71488,-2.48408,-0.00909,0.67601,0.01741,0.12325,0.01983
48.84,2,-2.85460,-2.36340,-0.15713,0.51858,0.76101,0.14609,0.02058
48.86,0,-0.58218,-2.49413,-0.00116,0.46267,-0.00018,0.00000,
48.86,1,-1.70183,-2.48418,-0.00886,0.61253,0.00322,0.11969,0.02932
48.86,2,-2.84301,-2.36506,-0.14412,0.68076,0.34707,0.14738,0.03364
48.88,0,-0.57281,-2.49415,-0.00116,0.47290,0.00011,0.00000,
48.88,1,-1.69199,-2.48427,-0.00897,0.45328,-0.00583,0.11922,0.03869
48.88,2,-2.82823,-2.36731,-0.14230,0.78821,-0.01442,0.14225,0.04347
48.9,0,-0.56332,-2.49416,-0.00116,0.47457,0.00005,0.00000,
48.9,1,-1.68267,-2.48436,-0.00899,0.47538,0.00174,0.11940,0.04818
48.9,2,-2.81243,-2.36957,-0.13870,0.80563,0.22366,0.13558,0.05279
48.92,0,-0.55399,-2.49417,-0.00115,0.49194,-0.00005,0.00000,
48.92,1,-1.67311,-2.48445,-0.00896,0.47591,0.00105,0.11917,0.05751
48.92,2,-2.79686,-2.37185,-0.13472,0.73886,0.33623,0.12937,0.00478
48.94,0,-0.54382,-2.49418,-0.00116,0.51392,-0.00010,0.00000,
48.94,1,-1.66375,-2.48453,-0.00896,0.46116,-0.00067,0.11997,0.06768
48.94,2,-2.78380,-2.37380,-0.12808,0.50992,0.15484,0.12551,0.01414
48.96,0,-0.53366,-2.49419,-0.00116,0.50161,0.00001,0.00000,
48.96,1,-1.65476,-2.48461,-0.00896,0.45337,-0.00039,0.12114,0.07784
48.96,2,-2.77446,-2.37564,-0.12583,0.47533,0.11042,0.12499,0.02314
48.98,0,-0.52376,-2.49420,-0.00116,0.49174,0.00003,0.00000,
48.98,1,-1.64553,-2.48469,-0.00898,0.46390,-0.00054,0.12181,0.08775
48.98,2,-2.76504,-2.37737,-0.12424,0.48043,0.05063,0.12464,0.03236
49.0,0,-0.51392,-2.49421,-0.00116,0.49260,0.00000,0.00000,
49.0,1,-1.63635,-2.48478,-0.00898,0.45262,-0.00023,0.12247,0.09758
49.0,2,-2.75553,-2.37861,-0.12352,0.47638,0.03384,0.12420,0.04154
49.02,0,-0.50403,-2.49423,-0.00116,0.49573,-0.00000,0.00000,
49.02,1,-1.62745,-2.48486,-0.00899,0.43993,-0.00018,0.12346,0.10747
49.02,2,-2.74619,-2.37973,-0.12272,0.46584,0.04637,0.12366,0.05044
49.04,0,-0.49411,-2.49424,-0.00116,0.49634,0.00000,0.00000,
49.04,1,-1.61873,-2.48493,-0.00899,0.43360,-0.00024,0.12466,0.11739
49.04,2,-2.73703,-2.38083,-0.12171,0.45808,0.05227,0.12313,0.05916
49.06,0,-0.48419,-2.49425,-0.00116,0.49560,0.00000,0.00000,
49.06,1,-1.61011,-2.48501,-0.00899,0.42886,-0.00024,0.12596,0.12731
49.06,2,-2.72799,-2.38191,-0.12068,0.45260,0.05046,0.12263,0.06778
49.08,0,-0.47428,-2.49426,-0.00116,0.49521,0.00000,0.00000,
49.08,1,-1.60204,-2.48509,-0.00903,0.39498,-0.00117,0.12780,0.13722
49.08,2,-2.71913,-2.38298,-0.11965,0.43405,0.06003,0.12174,0.07585
49.1,0,-0.46438,-2.49427,-0.00116,0.49532,0.00000,0.00000,
49.1,1,-1.59408,-2.48516,-0.00902,0.39963,0.00066,0.12973,0.14712
49.1,2,-2.71027,-2.38405,-0.11867,0.45317,0.04278,0.12077,0.08382
49.12,0,-0.45447,-2.49428,-0.00116,0.49547,0.00000,0.00000,
49.12,1,-1.58614,-2.48523,-0.00902,0.39333,0.00010,0.13171,0.15703
49.12,2,-2.70081,-2.38518,-0.11729,0.53636,0.14127,0.11916,0.00395
49.14,0,-0.44456,-2.49429,-0.00116,0.49548,0.00000,0.00000,
49.14,1,-1.57838,-2.48530,-0.00902,0.38405,-0.00033,0.13385,0.16694
49.14,2,-2.69007,-2.38646,-0.11420,0.50890,0.13676,0.11608,0.01171
49.16,0,-0.43465,-2.49431,-0.00116,0.49544,0.00000,0.00000,
49.16,1,-1.57077,-2.48537,-0.00903,0.37773,-0.00022,0.13616,0.17685
49.16,2,-2.68038,-2.38758,-0.11293,0.46864,0.02322,0.11391,0.01932
49.18,0,-0.42474,-2.49432,-0.00116,0.49542,0.00000,0.00000,
49.18,1,-1.56345,-2.48544,-0.00904,0.34433,-0.00217,0.13874,0.18676
49.18,2,-2.67198,-2.38861,-0.11312,0.35072,-0.06084,0.11275,0.02664
49.2,0,-0.41483,-2.49433,-0.00115,0.49543,0.00000,0.00000,
49.2,1,-1.55648,-2.48550,-0.00906,0.35099,0.00035,0.14168,0.19667
49.2,2,-2.66463,-2.38954,-0.11278,0.38810,0.06874,0.11229,0.03361
49.22,0,-0.40492,-2.49434,-0.00115,0.49544,0.00000,0.00000,
49.22,1,-1.54801,-2.48557,-0.00874,0.41182,0.02359,0.14312,0.00991
49.22,2,-2.65671,-2.39047,-0.11116,0.40072,0.07445,0.11277,0.04208
49.24,0,-0.39502,-2.49435,-0.00115,0.49544,0.00000,0.00000,
49.24,1,-1.54023,-2.48560,-0.00710,0.37580,0.16604,0.14525,0.01982
49.24,2,-2.64893,-2.39136,-0.11003,0.36992,0.05458,0.11270,0.04986
49.26,0,-0.38511,-2.49436,-0.00115,0.49543,0.00000,0.00000,
49.26,1,-1.53032,-2.48566,-0.00493,0.57233,0.03484,0.14525,0.02973
49.26,2,-2.64151,-2.39219,-0.10904,0.39840,0.03356,0.11512,0.05977
49.28,0,-0.37520,-2.49437,-0.00115,0.49543,0.00000,0.00000,
49.28,1,-1.51848,-2.48573,-0.00537,0.58271,-0.04312,0.14331,0.03963
49.28,2,-2.63334,-2.39309,-0.10841,0.41195,0.03498,0.11871,0.07161
49.3,0,-0.36529,-2.49439,-0.00115,0.49543,0.00000,0.00000,
49.3,1,-1.50756,-2.48579,-0.00596,0.51773,-0.01338,0.14230,0.04954
49.3,2,-2.62538,-2.39395,-0.10760,0.38974,0.04364,0.12159,0.08253
49.32,0,-0.35538,-2.49440,-0.00115,0.49543,0.00000,0.00000,
49.32,1,-1.49754,-2.48585,-0.00597,0.49510,0.00425,0.14219,0.05945
49.32,2,-2.61782,-2.39477,-0.10673,0.37541,0.04175,0.12397,0.09255
49.34,0,-0.34547,-2.49441,-0.00115,0.49543,0.00000,0.00000,
49.34,1,-1.48757,-2.48591,-0.00594,0.50192,-0.00183,0.14213,0.06936
49.34,2,-2.61098,-2.39555,-0.10642,0.32393,0.00898,0.12704,0.10252
49.36,0,-0.33556,-2.49442,-0.00115,0.49543,0.00000,0.00000,
49.36,1,-1.47783,-2.48597,-0.00605,0.46413,-0.00725,0.14230,0.07927
49.36,2,-2.60432,-2.39630,-0.10567,0.34188,0.05220,0.13006,0.11226
49.38,0,-0.32566,-2.49443,-0.00115,0.49543,0.00000,0.00000,
49.38,1,-1.46848,-2.48603,-0.00616,0.46905,-0.00375,0.14286,0.08918
49.38,2,-2.59753,-2.39703,-0.10467,0.33802,0.04344,0.13256,0.12161
49.4,0,-0.31575,-2.49444,-0.00115,0.49543,0.00000,0.00000,
49.4,1,-1.45914,-2.48608,-0.00621,0.46340,-0.00275,0.14343,0.09909
49.4,2,-2.59094,-2.39773,-0.10395,0.32619,0.03194,0.13524,0.13095
49.42,0,-0.30584,-2.49445,-0.00115,0.49543,0.00000,0.00000,
49.42,1,-1.44955,-2.48614,-0.00607,0.44358,0.01203,0.14375,0.00991
49.42,2,-2.58464,-2.39839,-0.10317,0.32997,0.03223,0.13847,0.14054
49.44,0,-0.29593,-2.49447,-0.00115,0.49543,0.00000,0.00000,
49.44,1,-1.44033,-2.48619,-0.00597,0.48900,-0.00139,0.14443,0.01982
49.44,2,-2.57786,-2.39909,-0.10261,0.34303,0.02816,0.14086,0.14976
49.46,0,-0.28602,-2.49448,-0.00115,0.49543,0.00000,0.00000,
49.46,1,-1.42996,-2.48625,-0.00607,0.53252,-0.00595,0.14397,0.02973
49.46,2,-2.57118,-2.39978,-0.10200,0.32883,0.03202,0.14449,0.16013
49.48,0,-0.27611,-2.49449,-0.00115,0.49543,0.00000,0.00000,
49.48,1,-1.41972,-2.48632,-0.00614,0.49596,-0.00148,0.14364,0.03963
49.48,2,-2.56478,-2.40043,-0.10135,0.31702,0.03163,0.14827,0.17037
49.5,0,-0.26620,-2.49450,-0.00115,0.49543,0.00000,0.00000,
49.5,1,-1.40909,-2.48638,-0.00619,0.55028,-0.00264,0.14292,0.04954
49.5,2,-2.55852,-2.40107,-0.10075,0.31379,0.02946,0.15259,0.18100
49.52,0,-0.25629,-2.49451,-0.00115,0.49543,0.00000,0.00000,
49.52,1,-1.39438,-2.48645,-0.00580,0.80939,0.06202,0.13812,0.00991
49.52,2,-2.55230,-2.40170,-0.10017,0.31136,0.02825,0.16101,0.19571
49.54,0,-0.24639,-2.49452,-0.00115,0.49543,0.00000,0.00000,
49.54,1,-1.37996,-2.48658,-0.00408,0.70336,0.15073,0.13360,0.01982
49.54,2,-2.54630,-2.40231,-0.09975,0.25823,-0.01388,0.16938,0.21014
49.56,0,-0.23648,-2.49453,-0.00115,0.49543,0.00000,0.00000,
49.56,1,-1.36708,-2.48669,-0.00155,0.54961,0.05721,0.13063,0.02973
49.56,2,-2.54101,-2.40288,-0.09947,0.27244,0.03266,0.17692,0.22301
49.58,0,-0.22657,-2.49455,-0.00115,0.49543,0.00000,0.00000,
49.58,1,-1.35871,-2.48671,-0.00067,0.40072,0.04969,0.13217,0.03963
49.58,2,-2.53554,-2.40344,-0.09872,0.27494,0.03558,0.17977,0.23139
49.6,0,-0.21666,-2.49456,-0.00115,0.49543,0.00000,0.00000,
49.6,1,-1.35057,-2.48674,0.00012,0.42265,0.01697,0.13393,0.04954
49.6,2,-2.53015,-2.40397,-0.09815,0.26646,0.02373,0.18248,0.23953
49.62,0,-0.20675,-2.49457,-0.00115,0.49543,0.00000,0.00000,
49.62,1,-1.34194,-2.48676,-0.00009,0.45201,-0.02419,0.13522,0.05945
49.62,2,-2.52498,-2.40448,-0.09766,0.24254,0.03510,0.18590,0.24815
49.64,0,-0.19684,-2.49458,-0.00115,0.49543,0.00000,0.00000,
49.64,1,-1.33192,-2.48676,-0.00056,0.52134,-0.01965,0.13511,0.06936
49.64,2,-2.51980,-2.40499,-0.09715,0.27264,0.02023,0.19069,0.25817
49.66,0,-0.18693,-2.49459,-0.00115,0.49543,0.00000,0.00000,
49.66,1,-1.32181,-2.48677,-0.00086,0.50294,-0.01226,0.13490,0.07927
49.66,2,-2.51431,-2.40553,-0.09676,0.27381,0.01995,0.19526,0.26828
49.68,0,-0.17703,-2.49460,-0.00115,0.49543,0.00000,0.00000,
49.68,1,-1.31202,-2.48678,-0.00109,0.47821,-0.01228,0.13502,0.08918
49.68,2,-2.50901,-2.40604,-0.09634,0.26053,0.02226,0.19970,0.27807
49.7,0,-0.16712,-2.49461,-0.00115,0.49543,0.00000,0.00000,
49.7,1,-1.30264,-2.48679,-0.00135,0.46443,-0.01331,0.13555,0.09909
49.7,2,-2.50391,-2.40654,-0.09590,0.25352,0.02141,0.20395,0.28746
49.72,0,-0.15721,-2.49463,-0.00115,0.49543,0.00000,0.00000,
49.72,1,-1.29283,-2.48680,-0.00157,0.46245,-0.00879,0.13564,0.00991
49.72,2,-2.49735,-2.40702,-0.09489,0.51061,0.27745,0.20716,0.00471
49.74,0,-0.14730,-2.49464,-0.00115,0.49543,0.00000,0.00000,
49.74,1,-1.28339,-2.48682,-0.00176,0.46572,-0.01092,0.13612,0.01982
49.74,2,-2.48817,-2.40750,-0.08564,0.42274,0.49525,0.20739,0.01415
49.76,0,-0.13739,-2.49465,-0.00115,0.49543,0.00000,0.00000,
49.76,1,-1.27344,-2.48683,-0.00198,0.51574,-0.01124,0.13608,0.02973
49.76,2,-2.47969,-2.40807,-0.07631,0.43587,0.34220,0.20882,0.02410
49.78,0,-0.12748,-2.49466,-0.00115,0.49543,0.00000,0.00000,
49.78,1,-1.26313,-2.48685,-0.00220,0.50828,-0.01033,0.13568,0.03963
49.78,2,-2.47005,-2.40900,-0.07572,0.56883,-0.14049,0.20942,0.03441
49.8,0,-0.11757,-2.49467,-0.00115,0.49543,0.00000,0.00000,
49.8,1,-1.25354,-2.48688,-0.00239,0.49326,-0.00978,0.13600,0.04954
49.8,2,-2.45743,-2.40995,-0.07822,0.65273,-0.06684,0.20635,0.04400
49.82,0,-0.10766,-2.49468,-0.00115,0.49543,0.00000,0.00000,
49.82,1,-1.24313,-2.48690,-0.00259,0.53183,-0.01002,0.13549,0.05945
49.82,2,-2.44490,-2.41088,-0.07772,0.52854,0.13798,0.20418,0.00530
49.84,0,-0.09776,-2.49469,-0.00115,0.49543,0.00000,0.00000,
49.84,1,-1.23267,-2.48693,-0.00279,0.51060,-0.00953,0.13494,0.06936
49.84,2,-2.43555,-2.41180,-0.07867,0.46672,-0.07998,0.20522,0.01575
49.86,0,-0.08785,-2.49471,-0.00115,0.49543,0.00000,0.00000,
49.86,1,-1.22312,-2.48696,-0.00298,0.41556,-0.01113,0.13530,0.07927
49.86,2,-2.42813,-2.41276,-0.08642,0.33521,-0.72759,0.20729,0.02530
49.88,0,-0.07794,-2.49472,-0.00115,0.49543,0.00000,0.00000,
49.88,1,-1.21459,-2.48698,-0.00318,0.43775,-0.00867,0.13668,0.08918
49.88,2,-2.42096,-2.41360,-0.09713,0.41430,-0.19361,0.20860,0.03383
49.9,0,-0.06803,-2.49473,-0.00115,0.49543,0.00000,0.00000,
49.9,1,-1.20568,-2.48701,-0.00334,0.44694,-0.00789,0.13768,0.09909
49.9,2,-2.41229,-2.41435,-0.09634,0.48360,-0.10377,0.20880,0.04274
49.92,0,-0.05812,-2.49474,-0.00115,0.49543,0.00000,0.00000,
49.92,1,-1.19673,-2.48704,-0.00340,0.39929,0.00001,0.13863,0.00991
49.92,2,-2.40262,-2.41508,-0.09817,0.49103,-0.03862,0.20804,0.00412
49.94,0,-0.04821,-2.49475,-0.00115,0.49543,0.00000,0.00000,
49.94,1,-1.18793,-2.48707,-0.00346,0.46546,-0.00593,0.13974,0.01982
49.94,2,-2.39207,-2.41601,-0.09688,0.56233,0.11744,0.20624,0.01292
49.96,0,-0.03830,-2.49476,-0.00115,0.49543,0.00000,0.00000,
49.96,1,-1.17760,-2.48710,-0.00361,0.55959,-0.00815,0.13932,0.02973
49.96,2,-2.38065,-2.41713,-0.09438,0.57390,0.11597,0.20509,0.02325
49.98,0,-0.02840,-2.49477,-0.00115,0.49543,0.00000,0.00000,
49.98,1,-1.16645,-2.48714,-0.00376,0.55242,-0.00682,0.13808,0.03963
49.98,2,-2.36910,-2.41825,-0.09275,0.57857,0.06302,0.20462,0.03440
50.0,0,-0.01849,-2.49479,-0.00115,0.49543,0.00000,0.00000,
50.0,1,-1.15559,-2.48718,-0.00389,0.53186,-0.00639,0.13713,0.04954
50.0,2,-2.35781,-2.41931,-0.09153,0.55695,0.06400,0.20413,0.04525
50.02,0,-0.00858,-2.49480,-0.00115,0.49543,0.00000,0.00000,
50.02,1,-1.14521,-2.48722,-0.00402,0.51146,-0.00626,0.13665,0.05945
50.02,2,-2.34689,-2.42032,-0.09015,0.54275,0.07111,0.20355,0.05564
50.04,0,0.00133,-2.49481,-0.00115,0.49543,0.00000,0.00000,
50.04,1,-1.13586,-2.48726,-0.00417,0.43832,-0.00786,0.13722,0.06936
50.04,2,-2.33614,-2.42129,-0.08876,0.53750,0.06766,0.20210,0.06499
50.06,0,0.01124,-2.49482,-0.00115,0.49543,0.00000,0.00000,
50.06,1,-1.12680,-2.48730,-0.00429,0.46298,-0.00515,0.13806,0.07927
50.06,2,-2.32573,-2.42224,-0.08764,0.45524,0.00368,0.20070,0.07405
50.08,0,0.02100,-2.49483,-0.00116,0.45846,-0.00037,0.00000,
50.08,1,-1.11752,-2.48734,-0.00439,0.46068,-0.00508,0.13854,0.08903
50.08,2,-2.31648,-2.42311,-0.08684,0.47467,0.06742,0.20068,0.08333
50.1,0,0.03028,-2.49484,-0.00116,0.46932,0.00005,0.00000,
50.1,1,-1.10854,-2.48738,-0.00450,0.43135,-0.00498,0.13885,0.09831
50.1,2,-2.30690,-2.42397,-0.08530,0.48149,0.07517,0.20004,0.09231
50.12,0,0.03974,-2.49485,-0.00116,0.47460,0.00009,0.00000,
50.12,1,-1.10043,-2.48742,-0.00448,0.34994,0.00379,0.14020,0.00946
50.12,2,-2.29773,-2.42477,-0.08370,0.47795,0.06294,0.19894,0.10042
50.14,0,0.04899,-2.49486,-0.00115,0.46808,0.00011,0.00000,
50.14,1,-1.09271,-2.48743,-0.00361,0.43955,0.05017,0.14173,0.01871
50.14,2,-2.28766,-2.42562,-0.08280,0.51466,0.04033,0.19655,0.10813
50.16,0,0.05892,-2.49488,-0.00115,0.51132,-0.00013,0.00000,
50.16,1,-1.08275,-2.48748,-0.00327,0.52861,-0.00818,0.14169,0.02864
50.16,2,-2.27763,-2.42645,-0.08185,0.49009,0.05310,0.19644,0.11810
50.18,0,0.06916,-2.49489,-0.00116,0.50768,-0.00002,0.00000,
50.18,1,-1.07251,-2.48753,-0.00362,0.50513,-0.01787,0.14169,0.03887
50.18,2,-2.26815,-2.42723,-0.08073,0.46683,0.05616,0.19715,0.12833
50.2,0,0.07915,-2.49490,-0.00116,0.49398,0.00003,0.00000,
50.2,1,-1.06223,-2.48757,-0.00385,0.51464,-0.00593,0.14140,0.04886
50.2,2,-2.25975,-2.42796,-0.08014,0.40469,0.03073,0.19900,0.13861
50.22,0,0.08898,-2.49491,-0.00115,0.49124,0.00001,0.00000,
50.22,1,-1.05315,-2.48761,-0.00386,0.39790,0.00094,0.14215,0.00983
50.22,2,-2.25076,-2.42867,-0.07840,0.50809,0.22112,0.19906,0.00398
50.24,0,0.09884,-2.49492,-0.00115,0.49449,-0.00000,0.00000,
50.24,1,-1.04600,-2.48765,-0.00388,0.28893,-0.00410,0.14486,0.01969
50.24,2,-2.24103,-2.42945,-0.07280,0.45332,0.26384,0.19644,0.01112
50.26,0,0.10875,-2.49493,-0.00115,0.49619,0.00000,0.00000,
50.26,1,-1.03835,-2.48768,-0.00395,0.45050,-0.00371,0.14712,0.02960
50.26,2,-2.23108,-2.43015,-0.06465,0.53030,0.39170,0.19411,0.01878
50.28,0,0.11867,-2.49495,-0.00115,0.49571,0.00000,0.00000,
50.28,1,-1.03073,-2.48772,-0.00264,0.35605,0.09578,0.14942,0.03952
50.28,2,-2.21997,-2.43089,-0.06147,0.56701,-0.00244,0.19060,0.02640
50.3,0,0.12858,-2.49496,-0.00115,0.49508,0.00000,0.00000,
50.3,1,-1.02300,-2.48787,-0.00368,0.43603,-0.14766,0.15160,0.04943
50.3,2,-2.20884,-2.43161,-0.06253,0.54601,-0.04653,0.18717,0.03413
50.32,0,0.13848,-2.49497,-0.00115,0.49505,0.00000,0.00000,
50.32,1,-1.00932,-2.48796,-0.00485,0.75512,0.08658,0.14782,0.00990
50.32,2,-2.19745,-2.43228,-0.06267,0.73678,0.10020,0.18943,0.00774
50.34,0,0.14838,-2.49498,-0.00115,0.49522,0.00000,0.00000,
50.34,1,-0.99568,-2.48804,-0.00307,0.67506,0.09211,0.14409,0.01980
50.34,2,-2.18336,-2.43294,-0.06027,0.62110,0.17058,0.18896,0.02138
50.36,0,0.15829,-2.49499,-0.00115,0.49528,0.00000,0.00000,
50.36,1,-0.98239,-2.48840,0.00027,0.64564,0.22672,0.14070,0.02971
50.36,2,-2.17077,-2.43374,-0.05836,0.65798,-0.04154,0.18964,0.03468
50.38,0,0.16819,-2.49500,-0.00115,0.49524,0.00000,0.00000,
50.38,1,-0.97224,-2.48858,0.00327,0.44906,0.08464,0.14045,0.03961
50.38,2,-2.15625,-2.43465,-0.05999,0.77985,-0.06222,0.18523,0.04483
50.4,0,0.17810,-2.49501,-0.00115,0.49522,0.00000,0.00000,
50.4,1,-0.96301,-2.48846,0.00327,0.47166,-0.05010,0.14112,0.04952
50.4,2,-2.14011,-2.43559,-0.06009,0.81629,0.03309,0.17829,0.05406
50.42,0,0.18800,-2.49503,-0.00115,0.49522,0.00000,0.00000,
50.42,1,-0.95140,-2.48832,0.00544,0.60396,0.21179,0.13942,0.00990
50.42,2,-2.12422,-2.43653,-0.05896,0.77968,0.07476,0.17396,0.00614
50.44,0,0.19790,-2.49504,-0.00115,0.49523,0.00000,0.00000,
50.44,1,-0.93975,-2.48834,0.00849,0.56712,0.09467,0.13767,0.01981
50.44,2,-2.10837,-2.43747,-0.05783,0.80321,0.03811,0.16973,0.01780
50.46,0,0.20781,-2.49505,-0.00115,0.49523,0.00000,0.00000,
50.46,1,-0.92841,-2.48861,0.00875,0.57237,-0.04072,0.13624,0.02971
50.46,2,-2.09229,-2.43840,-0.05733,0.79674,0.01998,0.16496,0.02914
50.48,0,0.21771,-2.49506,-0.00115,0.49523,0.00000,0.00000,
50.48,1,-0.91794,-2.48851,0.00759,0.45329,-0.05438,0.13567,0.03962
50.48,2,-2.07742,-2.43925,-0.05687,0.69986,0.02681,0.16053,0.03961
50.5,0,0.22762,-2.49507,-0.00115,0.49523,0.00000,0.00000,
50.5,1,-0.90858,-2.48834,0.00681,0.47983,-0.02735,0.13622,0.04952
50.5,2,-2.06541,-2.44000,-0.05694,0.59445,0.00711,0.15784,0.04897
50.52,0,0.23752,-2.49508,-0.00115,0.49523,0.00000,0.00000,
50.52,1,-0.89615,-2.48819,0.00769,0.59459,0.10985,0.13369,0.00990
50.52,2,-2.05320,-2.44073,-0.05638,0.62219,0.03988,0.15802,0.06140
50.54,0,0.24743,-2.49509,-0.00115,0.49523,0.00000,0.00000,
50.54,1,-0.88426,-2.48811,0.00987,0.59324,0.11749,0.13171,0.01981
50.54,2,-2.04079,-2.44143,-0.05563,0.61590,0.03146,0.15747,0.07328
50.56,0,0.25733,-2.49511,-0.00115,0.49523,0.00000,0.00000,
50.56,1,-0.87258,-2.48833,0.01204,0.56947,0.05140,0.12994,0.02971
50.56,2,-2.02872,-2.44210,-0.05513,0.59538,0.02241,0.15706,0.08496
50.58,0,0.26724,-2.49512,-0.00115,0.49523,0.00000,0.00000,
50.58,1,-0.86258,-2.48821,0.01195,0.47094,-0.02925,0.12983,0.03962
50.58,2,-2.01698,-2.44275,-0.05467,0.58319,0.02382,0.15530,0.09497
50.6,0,0.27714,-2.49513,-0.00115,0.49523,0.00000,0.00000,
50.6,1,-0.85294,-2.48802,0.01097,0.48962,-0.05622,0.13011,0.04952
50.6,2,-2.00540,-2.44338,-0.05418,0.57721,0.02509,0.15333,0.10460
50.62,0,0.28705,-2.49514,-0.00115,0.49523,0.00000,0.00000,
50.62,1,-0.83962,-2.48783,0.01000,0.68204,-0.05169,0.12669,0.00990
50.62,2,-1.99341,-2.44401,-0.05315,0.62506,0.14496,0.15462,0.00725
50.64,0,0.29695,-2.49515,-0.00115,0.49523,0.00000,0.00000,
50.64,1,-0.82649,-2.48766,0.00895,0.65545,-0.04180,0.12347,0.01981
50.64,2,-1.98084,-2.44465,-0.04961,0.66224,0.14006,0.15515,0.02038
50.66,0,0.30685,-2.49516,-0.00115,0.49523,0.00000,0.00000,
50.66,1,-0.81435,-2.48765,0.00846,0.59533,-0.01915,0.12123,0.02971
50.66,2,-1.96658,-2.44538,-0.04830,0.75143,0.02071,0.15301,0.03252
50.68,0,0.31676,-2.49517,-0.00115,0.49523,0.00000,0.00000,
50.68,1,-0.80509,-2.48757,0.00829,0.43160,0.00754,0.12188,0.03962
50.68,2,-1.95062,-2.44617,-0.04825,0.81170,0.00587,0.14628,0.04178
50.7,0,0.32666,-2.49519,-0.00115,0.49523,0.00000,0.00000,
50.7,1,-0.79618,-2.48742,0.00945,0.45922,0.04812,0.12287,0.04952
50.7,2,-1.93397,-2.44697,-0.04801,0.83943,0.01819,0.13851,0.05070
50.72,0,0.33657,-2.49520,-0.00115,0.49523,0.00000,0.00000,
50.72,1,-0.78683,-2.48736,0.00934,0.46927,-0.04234,0.12342,0.05943
50.72,2,-1.91755,-2.44776,-0.04755,0.78872,0.02452,0.13142,0.06005
50.74,0,0.34647,-2.49521,-0.00115,0.49523,0.00000,0.00000,
50.74,1,-0.77771,-2.48730,0.00826,0.47614,-0.04991,0.12421,0.06933
50.74,2,-1.90316,-2.44845,-0.04713,0.62936,0.00159,0.12612,0.06917
50.76,0,0.35638,-2.49522,-0.00115,0.49523,0.00000,0.00000,
50.76,1,-0.76803,-2.48723,0.00751,0.48215,-0.02927,0.12444,0.07924
50.76,2,-1.89226,-2.44907,-0.04788,0.54295,-0.04276,0.12488,0.07885
50.78,0,0.36628,-2.49523,-0.00115,0.49523,0.00000,0.00000,
50.78,1,-0.75863,-2.48716,0.00697,0.45956,-0.02758,0.12494,0.08914
50.78,2,-1.88103,-2.44966,-0.04813,0.58376,0.01641,0.12302,0.08825
50.8,0,0.37619,-2.49524,-0.00115,0.49523,0.00000,0.00000,
50.8,1,-0.74961,-2.48709,0.00638,0.44618,-0.03088,0.12583,0.09905
50.8,2,-1.86910,-2.45024,-0.04745,0.57967,0.04734,0.12010,0.09726
50.82,0,0.38609,-2.49525,-0.00115,0.49523,0.00000,0.00000,
50.82,1,-0.74021,-2.48704,0.00555,0.44059,-0.04512,0.12633,0.00990
50.82,2,-1.85737,-2.45083,-0.04666,0.62424,0.02060,0.11775,0.10667
50.84,0,0.39600,-2.49527,-0.00115,0.49523,0.00000,0.00000,
50.84,1,-0.73103,-2.48699,0.00485,0.48496,-0.02689,0.12706,0.01981
50.84,2,-1.84462,-2.45143,-0.04641,0.63592,0.01218,0.11416,0.11584
50.86,0,0.40590,-2.49528,-0.00115,0.49523,0.00000,0.00000,
50.86,1,-0.72081,-2.48694,0.00440,0.52320,-0.02104,0.12674,0.02971
50.86,2,-1.83231,-2.45201,-0.04606,0.59990,0.02114,0.11204,0.12606
50.88,0,0.41580,-2.49529,-0.00115,0.49523,0.00000,0.00000,
50.88,1,-0.71058,-2.48690,0.00394,0.50761,-0.02459,0.12642,0.03962
50.88,2,-1.82176,-2.45254,-0.04606,0.51250,0.00552,0.11171,0.13629
50.9,0,0.42571,-2.49530,-0.00115,0.49523,0.00000,0.00000,
50.9,1,-0.70040,-2.48686,0.00344,0.50696,-0.02482,0.12614,0.04952
50.9,2,-1.81121,-2.45304,-0.04561,0.53761,0.03025,0.11132,0.14647
50.92,0,0.43561,-2.49531,-0.00115,0.49523,0.00000,0.00000,
50.92,1,-0.68724,-2.48682,0.00295,0.66726,-0.02630,0.12288,0.00990
50.92,2,-1.79983,-2.45354,-0.04450,0.59785,0.15443,0.11309,0.00697
50.94,0,0.44552,-2.49532,-0.00115,0.49523,0.00000,0.00000,
50.94,1,-0.67389,-2.48678,0.00242,0.66726,-0.02627,0.11944,0.01981
50.94,2,-1.78762,-2.45408,-0.04128,0.61711,0.11254,0.11421,0.02031
50.96,0,0.45542,-2.49533,-0.00115,0.49523,0.00000,0.00000,
50.96,1,-0.66113,-2.48676,0.00198,0.59701,-0.01775,0.11659,0.02971
50.96,2,-1.77451,-2.45469,-0.04119,0.67915,-0.02550,0.11384,0.03308
50.98,0,0.46533,-2.49535,-0.00115,0.49523,0.00000,0.00000,
50.98,1,-0.65217,-2.48674,0.00167,0.43377,-0.01663,0.11753,0.03962
50.98,2,-1.75917,-2.45532,-0.04134,0.80839,0.01419,0.10745,0.04204
51.0,0,0.47523,-2.49536,-0.00115,0.49523,0.00000,0.00000,
51.0,1,-0.64318,-2.48672,0.00128,0.45970,-0.02078,0.11844,0.04952
51.0,2,-1.74380,-2.45593,-0.04079,0.72022,0.03141,0.10106,0.05103
51.02,0,0.48514,-2.49537,-0.00115,0.49523,0.00000,0.00000,
51.02,1,-0.63257,-2.48671,0.00089,0.53422,-0.01963,0.11774,0.00990
51.02,2,-1.73042,-2.45647,-0.04023,0.64208,0.02481,0.09827,0.06164
51.04,0,0.49504,-2.49538,-0.00115,0.49523,0.00000,0.00000,
51.04,1,-0.62189,-2.48671,0.00049,0.53418,-0.01971,0.11696,0.01981
51.04,2,-1.72002,-2.45698,-0.04080,0.51255,-0.04865,0.09854,0.07232
51.06,0,0.50495,-2.49539,-0.00115,0.49523,0.00000,0.00000,
51.06,1,-0.61126,-2.48673,0.00015,0.52687,-0.01774,0.11624,0.02971
51.06,2,-1.70928,-2.45746,-0.04141,0.56297,0.00083,0.09841,0.08295
51.08,0,0.51485,-2.49540,-0.00115,0.49523,0.00000,0.00000,
51.08,1,-0.60203,-2.48670,-0.00021,0.45745,-0.01878,0.11691,0.03962
51.08,2,-1.69809,-2.45793,-0.04068,0.57009,0.04994,0.09644,0.09218
51.1,0,0.52475,-2.49541,-0.00115,0.49523,0.00000,0.00000,
51.1,1,-0.59269,-2.48668,-0.00060,0.47184,-0.01884,0.11748,0.04952
51.1,2,-1.68578,-2.45844,-0.04002,0.63541,0.02161,0.09346,0.10152
51.12,0,0.53466,-2.49543,-0.00115,0.49523,0.00000,0.00000,
51.12,1,-0.58091,-2.48666,-0.00087,0.61255,-0.01167,0.11560,0.00990
51.12,2,-1.67332,-2.45894,-0.03965,0.60601,0.01920,0.09277,0.11330
51.14,0,0.54456,-2.49544,-0.00115,0.49523,0.00000,0.00000,
51.14,1,-0.56894,-2.48665,-0.00113,0.54650,-0.02914,0.11354,0.01981
51.14,2,-1.66164,-2.45940,-0.03920,0.57140,0.02434,0.09304,0.12527
51.16,0,0.55447,-2.49545,-0.00115,0.49523,0.00000,0.00000,
51.16,1,-0.55782,-2.48671,-0.00269,0.56053,-0.07410,0.11232,0.02971
51.16,2,-1.65033,-2.45985,-0.03871,0.56424,0.02394,0.09284,0.13639
51.18,0,0.56437,-2.49546,-0.00115,0.49523,0.00000,0.00000,
51.18,1,-0.54912,-2.48673,-0.00354,0.43248,-0.01095,0.11352,0.03962
51.18,2,-1.63948,-2.46028,-0.03838,0.52391,0.01351,0.09068,0.14509
51.2,0,0.57428,-2.49547,-0.00115,0.49523,0.00000,0.00000,
51.2,1,-0.54018,-2.48672,-0.00234,0.45671,0.06509,0.11449,0.04952
51.2,2,-1.62889,-2.46070,-0.03795,0.53325,0.02567,0.08902,0.15403
51.22,0,0.58418,-2.49548,-0.00115,0.49523,0.00000,0.00000,
51.22,1,-0.52878,-2.48675,-0.00358,0.56270,-0.16817,0.11300,0.00990
51.22,2,-1.61828,-2.46110,-0.03745,0.52635,0.02284,0.08980,0.16542
51.24,0,0.59409,-2.49549,-0.00115,0.49523,0.00000,0.00000,
51.24,1,-0.51753,-2.48674,-0.00689,0.56261,-0.16649,0.11165,0.01981
51.24,2,-1.60791,-2.46149,-0.03704,0.51314,0.01915,0.09067,0.17668
51.26,0,0.60399,-2.49551,-0.00115,0.49523,0.00000,0.00000,
51.26,1,-0.50635,-2.48634,-0.00995,0.54996,-0.10712,0.11038,0.02971
51.26,2,-1.59776,-2.46187,-0.03666,0.50402,0.01905,0.09168,0.18785
51.28,0,0.61390,-2.49552,-0.00115,0.49523,0.00000,0.00000,
51.28,1,-0.49737,-2.48633,-0.01117,0.43297,-0.01923,0.11130,0.03962
51.28,2,-1.58783,-2.46223,-0.03630,0.45911,0.00635,0.09073,0.19684
51.3,0,0.62380,-2.49553,-0.00115,0.49523,0.00000,0.00000,
51.3,1,-0.48877,-2.48653,-0.01067,0.43017,0.03853,0.11260,0.04952
51.3,2,-1.57859,-2.46258,-0.03603,0.46637,0.01956,0.09009,0.20544
51.32,0,0.63370,-2.49554,-0.00115,0.49523,0.00000,0.00000,
51.32,1,-0.47633,-2.48674,-0.01339,0.62556,-0.30830,0.11007,0.00990
51.32,2,-1.56843,-2.46293,-0.03527,0.51660,0.12063,0.09237,0.00671
51.34,0,0.64361,-2.49555,-0.00115,0.49523,0.00000,0.00000,
51.34,1,-0.46386,-2.48688,-0.01999,0.61861,-0.37459,0.10750,0.01981
51.34,2,-1.55846,-2.46327,-0.03736,0.49880,-0.10492,0.09486,0.01917
51.36,0,0.65351,-2.49556,-0.00115,0.49523,0.00000,0.00000,
51.36,1,-0.45173,-2.48661,-0.02822,0.58778,-0.33979,0.10528,0.02971
51.36,2,-1.54899,-2.46375,-0.04463,0.52981,-0.48556,0.09750,0.03130
51.38,0,0.66342,-2.49557,-0.00115,0.49523,0.00000,0.00000,
51.38,1,-0.44124,-2.48685,-0.02998,0.41140,0.03692,0.10469,0.03962
51.38,2,-1.53671,-2.46433,-0.04899,0.66303,0.01590,0.09570,0.04179
51.4,0,0.67332,-2.49559,-0.00115,0.49523,0.00000,0.00000,
51.4,1,-0.43278,-2.48720,-0.02860,0.43873,0.07682,0.10614,0.04952
51.4,2,-1.52357,-2.46495,-0.04610,0.63981,0.17675,0.09101,0.05025
51.42,0,0.68323,-2.49560,-0.00115,0.49523,0.00000,0.00000,
51.42,1,-0.42373,-2.48755,-0.02732,0.45842,0.05047,0.10699,0.05943
51.42,2,-1.51143,-2.46552,-0.04361,0.58592,0.10545,0.08792,0.00457
51.44,0,0.69313,-2.49561,-0.00115,0.49523,0.00000,0.00000,
51.44,1,-0.41485,-2.48783,-0.02647,0.42940,0.04063,0.10801,0.06933
51.44,2,-1.49960,-2.46606,-0.04208,0.56901,0.05245,0.08497,0.01346
51.46,0,0.70304,-2.49562,-0.00115,0.49523,0.00000,0.00000,
51.46,1,-0.40582,-2.48808,-0.02574,0.46405,0.03545,0.10888,0.07924
51.46,2,-1.49057,-2.46654,-0.04166,0.42712,0.01961,0.08496,0.02250
51.48,0,0.71294,-2.49563,-0.00115,0.49523,0.00000,0.00000,
51.48,1,-0.39658,-2.48831,-0.02500,0.45602,0.03779,0.10954,0.08914
51.48,2,-1.48203,-2.46694,-0.04103,0.42639,0.04239,0.08567,0.03174
51.5,0,0.72284,-2.49564,-0.00115,0.49523,0.00000,0.00000,
51.5,1,-0.38768,-2.48854,-0.02424,0.43672,0.03756,0.11055,0.09905
51.5,2,-1.47358,-2.46729,-0.04008,0.41937,0.04818,0.08611,0.04064
51.52,0,0.73275,-2.49565,-0.00115,0.49523,0.00000,0.00000,
51.52,1,-0.37906,-2.48874,-0.02351,0.42837,0.03567,0.11183,0.10895
51.52,2,-1.46530,-2.46762,-0.03917,0.41084,0.04271,0.08644,0.04926
51.54,0,0.74265,-2.49567,-0.00115,0.49523,0.00000,0.00000,
51.54,1,-0.37053,-2.48894,-0.02281,0.42532,0.03426,0.11320,0.11885
51.54,2,-1.45716,-2.46793,-0.03835,0.40447,0.04032,0.08683,0.05780
51.56,0,0.75256,-2.49568,-0.00115,0.49523,0.00000,0.00000,
51.56,1,-0.36314,-2.48913,-0.02227,0.37529,0.03254,0.11572,0.12876
51.56,2,-1.44913,-2.46824,-0.03755,0.39906,0.03983,0.08620,0.06519
51.58,0,0.76246,-2.49569,-0.00115,0.49523,0.00000,0.00000,
51.58,1,-0.35549,-2.48931,-0.02156,0.38447,0.03568,0.11798,0.13866
51.58,2,-1.44122,-2.46854,-0.03677,0.39325,0.03864,0.08593,0.07283
51.6,0,0.77237,-2.49570,-0.00115,0.49523,0.00000,0.00000,
51.6,1,-0.34793,-2.48947,-0.02090,0.35988,0.03320,0.12031,0.14857
51.6,2,-1.43343,-2.46883,-0.03601,0.38716,0.03709,0.08570,0.08041
51.62,0,0.78227,-2.49571,-0.00115,0.49523,0.00000,0.00000,
51.62,1,-0.33779,-2.48962,-0.01959,0.54866,0.07722,0.12008,0.00990
51.62,2,-1.42576,-2.46910,-0.03528,0.38124,0.03577,0.08816,0.09054
51.64,0,0.79218,-2.49572,-0.00115,0.49523,0.00000,0.00000,
51.64,1,-0.32771,-2.48979,-0.01795,0.49079,0.06442,0.11990,0.01981
51.64,2,-1.41820,-2.46937,-0.03458,0.37553,0.03460,0.09068,0.10062
51.66,0,0.80153,-2.49573,-0.00116,0.46462,-0.00009,0.00000,
51.66,1,-0.31741,-2.48998,-0.01755,0.53215,0.00059,0.11896,0.02916
51.66,2,-1.41075,-2.46963,-0.03390,0.36991,0.03343,0.09353,0.11092
51.68,0,0.81093,-2.49574,-0.00116,0.47349,0.00012,0.00000,
51.68,1,-0.30668,-2.49017,-0.01742,0.53440,0.01546,0.11762,0.03857
51.68,2,-1.40342,-2.46988,-0.03325,0.36433,0.03227,0.09693,0.12166
51.7,0,0.82031,-2.49576,-0.00115,0.44064,0.00034,0.00000,
51.7,1,-0.29740,-2.49034,-0.01707,0.45575,0.02594,0.11772,0.04794
51.7,2,-1.39620,-2.47012,-0.03261,0.35883,0.03116,0.09899,0.13094
51.72,0,0.82983,-2.49577,-0.00115,0.50043,-0.00010,0.00000,
51.72,1,-0.28794,-2.49050,-0.01642,0.48186,0.03311,0.11778,0.00952
51.72,2,-1.38789,-2.47035,-0.03181,0.56009,0.07266,0.10014,0.00480
51.74,0,0.84005,-2.49578,-0.00115,0.51254,-0.00007,0.00000,
51.74,1,-0.27843,-2.49066,-0.01586,0.46627,0.02379,0.11849,0.01974
51.74,2,-1.37595,-2.47060,-0.02999,0.53844,0.10829,0.09770,0.01431
51.76,0,0.85009,-2.49579,-0.00115,0.48447,0.00015,0.00000,
51.76,1,-0.26943,-2.49081,-0.01542,0.45258,0.02114,0.11953,0.02978
51.76,2,-1.36533,-2.47088,-0.02863,0.55389,0.02395,0.09608,0.02331
51.78,0,0.86002,-2.49580,-0.00115,0.50572,-0.00002,0.00000,
51.78,1,-0.26027,-2.49095,-0.01499,0.45935,0.02168,0.12030,0.03971
51.78,2,-1.35538,-2.47120,-0.02886,0.39664,-0.03676,0.09529,0.03247
51.8,0,0.87024,-2.49581,-0.00115,0.51270,-0.00003,0.00000,
51.8,1,-0.25118,-2.49108,-0.01455,0.44943,0.02204,0.12143,0.04993
51.8,2,-1.34742,-2.47154,-0.02956,0.40321,-0.02616,0.09642,0.04156
51.82,0,0.88046,-2.49583,-0.00115,0.50839,0.00001,0.00000,
51.82,1,-0.24232,-2.49121,-0.01412,0.43812,0.02106,0.12279,0.06015
51.82,2,-1.33862,-2.47181,-0.02941,0.51531,0.03455,0.09647,0.00440
51.84,0,0.89058,-2.49584,-0.00115,0.50514,0.00001,0.00000,
51.84,1,-0.23364,-2.49133,-0.01371,0.43167,0.02009,0.12423,0.07027
51.84,2,-1.32847,-2.47212,-0.02842,0.52859,0.04030,0.09500,0.01309
51.86,0,0.90031,-2.49585,-0.00116,0.46960,-0.00024,0.00000,
51.86,1,-0.22506,-2.49145,-0.01332,0.42654,0.01946,0.12537,0.08000
51.86,2,-1.31794,-2.47242,-0.02797,0.50925,0.01327,0.09305,0.02166
51.88,0,0.90984,-2.49586,-0.00116,0.48184,0.00011,0.00000,
51.88,1,-0.21660,-2.49157,-0.01293,0.42030,0.01886,0.12645,0.08953
51.88,2,-1.30836,-2.47269,-0.02768,0.45903,0.01790,0.09193,0.03013
51.9,0,0.91953,-2.49587,-0.00116,0.48482,0.00006,0.00000,
51.9,1,-0.20846,-2.49167,-0.01258,0.38129,0.01522,0.12800,0.09922
51.9,2,-1.30070,-2.47293,-0.02754,0.36490,0.01137,0.09240,0.03826
51.92,0,0.92919,-2.49588,-0.00116,0.48183,-0.00002,0.00000,
51.92,1,-0.20076,-2.49177,-0.01224,0.38830,0.01843,0.12996,0.10888
51.92,2,-1.29294,-2.47316,-0.02707,0.40288,0.02844,0.09234,0.04596
51.94,0,0.93881,-2.49589,-0.00116,0.48002,-0.00001,0.00000,
51.94,1,-0.19300,-2.49187,-0.01187,0.38648,0.01759,0.13181,0.11849
51.94,2,-1.28484,-2.47339,-0.02655,0.40105,0.02230,0.09201,0.05373
51.96,0,0.94835,-2.49590,-0.00115,0.49185,-0.00001,0.00000,
51.96,1,-0.18536,-2.49196,-0.01154,0.37738,0.01610,0.13372,0.12804
51.96,2,-1.27720,-2.47359,-0.02609,0.40582,0.01691,0.09199,0.06136
51.98,0,0.95836,-2.49592,-0.00116,0.50287,-0.00003,0.00000,
51.98,1,-0.17791,-2.49205,-0.01122,0.36987,0.01565,0.13627,0.13805
51.98,2,-1.26879,-2.47381,-0.02579,0.42353,0.01545,0.09103,0.06882
52.0,0,0.96830,-2.49593,-0.00115,0.50744,-0.00001,0.00000,
52.0,1,-0.17062,-2.49213,-0.01092,0.33523,0.01253,0.13893,0.14798
52.0,2,-1.26055,-2.47403,-0.02545,0.40075,0.01853,0.09008,0.07610
52.02,0,0.97854,-2.49594,-0.00115,0.51259,-0.00003,0.00000,
52.02,1,-0.16211,-2.49221,-0.01032,0.42313,0.03916,0.14065,0.01024
52.02,2,-1.25274,-2.47422,-0.02508,0.38490,0.01816,0.09078,0.08462
52.04,0,0.98872,-2.49595,-0.00116,0.50643,0.00001,0.00000,
52.04,1,-0.15397,-2.49224,-0.00934,0.38897,0.05658,0.14270,0.02043
52.04,2,-1.24508,-2.47442,-0.02473,0.38235,0.01675,0.09126,0.09276
52.06,0,0.99881,-2.49596,-0.00115,0.50320,0.00001,0.00000,
52.06,1,-0.14393,-2.49232,-0.00884,0.58504,0.00204,0.14275,0.03051
52.06,2,-1.23781,-2.47460,-0.02446,0.35359,0.01305,0.09402,0.10279
52.08,0,1.00888,-2.49597,-0.00115,0.50410,0.00000,0.00000,
52.08,1,-0.13181,-2.49244,-0.00888,0.59658,0.00233,0.14069,0.04058
52.08,2,-1.23067,-2.47478,-0.02414,0.35866,0.01780,0.09900,0.11492
52.1,0,1.01867,-2.49599,-0.00116,0.46849,-0.00029,0.00000,
52.1,1,-0.12066,-2.49254,-0.00867,0.52709,0.01527,0.13933,0.05037
52.1,2,-1.22355,-2.47496,-0.02380,0.35270,0.01592,0.10303,0.12607
52.12,0,1.02817,-2.49600,-0.00116,0.47996,0.00010,0.00000,
52.12,1,-0.10899,-2.49264,-0.00833,0.61425,0.01515,0.13716,0.00950
52.12,2,-1.21528,-2.47512,-0.02333,0.55497,0.06574,0.10643,0.00609
52.14,0,1.03782,-2.49601,-0.00116,0.48334,0.00008,0.00000,
52.14,1,-0.09728,-2.49274,-0.00809,0.55075,0.01029,0.13511,0.01915
52.14,2,-1.20415,-2.47534,-0.02142,0.49925,0.09984,0.10700,0.01780
52.16,0,1.04746,-2.49602,-0.00116,0.48068,-0.00001,0.00000,
52.16,1,-0.08696,-2.49283,-0.00790,0.49707,0.00993,0.13443,0.02879
52.16,2,-1.19414,-2.47559,-0.01724,0.52241,0.15612,0.10731,0.02812
52.18,0,1.05690,-2.49603,-0.00115,0.45422,0.00024,0.00000,
52.18,1,-0.07706,-2.49290,-0.00769,0.49818,0.01054,0.13397,0.03823
52.18,2,-1.18337,-2.47582,-0.01676,0.51702,-0.04917,0.10643,0.03802
52.2,0,1.06667,-2.49604,-0.00115,0.51065,-0.00008,0.00000,
52.2,1,-0.06803,-2.49298,-0.00753,0.44575,0.00891,0.13470,0.04800
52.2,2,-1.17253,-2.47603,-0.01761,0.55254,-0.02098,0.10463,0.04705
52.22,0,1.07705,-2.49605,-0.00116,0.51900,-0.00005,0.00000,
52.22,1,-0.05887,-2.49304,-0.00719,0.44550,0.02626,0.13592,0.01038
52.22,2,-1.16219,-2.47622,-0.01748,0.40660,0.03561,0.10345,0.00445
52.24,0,1.08727,-2.49607,-0.00116,0.50478,0.00002,0.00000,
52.24,1,-0.04959,-2.49309,-0.00648,0.45637,0.03070,0.13687,0.02060
52.24,2,-1.15406,-2.47642,-0.01677,0.40660,0.03554,0.10459,0.01373
52.26,0,1.09728,-2.49608,-0.00116,0.49837,0.00002,0.00000,
52.26,1,-0.03933,-2.49317,-0.00623,0.56273,0.00069,0.13661,0.03061
52.26,2,-1.14568,-2.47653,-0.01599,0.43787,0.02824,0.10648,0.02400
52.28,0,1.10726,-2.49609,-0.00116,0.50075,0.00000,0.00000,
52.28,1,-0.02799,-2.49326,-0.00622,0.55553,0.00350,0.13526,0.04060
52.28,2,-1.13655,-2.47669,-0.01580,0.46469,-0.00150,0.10868,0.03533
52.3,0,1.11731,-2.49610,-0.00116,0.50328,0.00000,0.00000,
52.3,1,-0.01702,-2.49333,-0.00608,0.53923,0.00903,0.13434,0.05064
52.3,2,-1.12736,-2.47686,-0.01587,0.45192,-0.00186,0.11046,0.04630
52.32,0,1.12723,-2.49611,-0.00116,0.46510,-0.00037,0.00000,
52.32,1,-0.00647,-2.49339,-0.00590,0.52000,0.00826,0.13370,0.06056
52.32,2,-1.11773,-2.47701,-0.01578,0.54747,0.01761,0.11138,0.00523
52.34,0,1.13664,-2.49612,-0.00116,0.47551,0.00005,0.00000,
52.34,1,0.00330,-2.49345,-0.00578,0.43965,0.00377,0.13334,0.06997
52.34,2,-1.10657,-2.47718,-0.01535,0.55247,0.01566,0.10999,0.01500
52.36,0,1.14622,-2.49613,-0.00116,0.48087,0.00010,0.00000,
52.36,1,0.01238,-2.49351,-0.00566,0.46500,0.00760,0.13385,0.07955
52.36,2,-1.09617,-2.47734,-0.01524,0.50300,-0.00038,0.10866,0.02408
52.38,0,1.15583,-2.49615,-0.00116,0.47908,-0.00000,0.00000,
52.38,1,0.02176,-2.49356,-0.00550,0.46797,0.00744,0.13407,0.08916
52.38,2,-1.08569,-2.47750,-0.01531,0.53623,-0.00343,0.10757,0.03346
52.4,0,1.16527,-2.49616,-0.00115,0.47968,0.00001,0.00000,
52.4,1,0.03087,-2.49361,-0.00537,0.42362,0.00744,0.13441,0.09860
52.4,2,-1.07498,-2.47767,-0.01532,0.52995,0.00146,0.10596,0.04257
52.42,0,1.17500,-2.49617,-0.00115,0.49444,0.00003,0.00000,
52.42,1,0.03903,-2.49365,-0.00522,0.35631,-0.01316,0.13597,0.00973
52.42,2,-1.06585,-2.47783,-0.01523,0.28442,0.01216,0.10500,0.00366
52.44,0,1.18519,-2.49618,-0.00116,0.51546,-0.00005,0.00000,
52.44,1,0.04712,-2.49371,-0.00631,0.46341,-0.04888,0.13807,0.01992
52.44,2,-1.06276,-2.47809,-0.01433,0.08319,0.03994,0.10999,0.01174
52.46,0,1.19544,-2.49619,-0.00116,0.50801,-0.00000,0.00000,
52.46,1,0.05749,-2.49377,-0.00652,0.54421,0.01578,0.13795,0.03017
52.46,2,-1.06209,-2.47834,-0.01349,0.00017,0.05218,0.11968,0.02211
52.48,0,1.20550,-2.49620,-0.00116,0.49976,0.00002,0.00000,
52.48,1,0.06818,-2.49383,-0.00606,0.51775,0.02075,0.13732,0.04023
52.48,2,-1.06272,-2.47855,-0.01238,-0.05512,0.06102,0.13100,0.03281
52.5,0,1.21548,-2.49621,-0.00116,0.49964,0.00001,0.00000,
52.5,1,0.07808,-2.49389,-0.00581,0.48078,0.00674,0.13740,0.05021
52.5,2,-1.06224,-2.47846,-0.00758,0.10914,0.25085,0.14043,0.04271
52.52,0,1.22550,-2.49623,-0.00116,0.50202,0.00000,0.00000,
52.52,1,0.08663,-2.49395,-0.00555,0.37466,0.01623,0.13887,0.01002
52.52,2,-1.05849,-2.47839,-0.00482,0.20802,0.10043,0.14523,0.05125
52.54,0,1.23555,-2.49624,-0.00115,0.50271,0.00000,0.00000,
52.54,1,0.09417,-2.49396,-0.00478,0.35419,0.05904,0.14138,0.02007
52.54,2,-1.05433,-2.47833,-0.00281,0.20803,0.09999,0.14861,0.05880
52.56,0,1.24560,-2.49625,-0.00115,0.50221,0.00001,0.00000,
52.56,1,0.10242,-2.49400,-0.00423,0.47442,-0.00103,0.14318,0.03012
52.56,2,-1.05024,-2.47815,-0.00012,0.19690,0.24631,0.15276,0.06704
52.58,0,1.25534,-2.49626,-0.00116,0.46555,-0.00028,0.00000,
52.58,1,0.11138,-2.49408,-0.00512,0.44347,-0.10039,0.14397,0.03986
52.58,2,-1.04450,-2.47798,0.00440,0.40061,0.11638,0.15599,0.07600
52.6,0,1.26478,-2.49627,-0.00116,0.47687,0.00010,0.00000,
52.6,1,0.12057,-2.49406,-0.00562,0.48486,0.03466,0.14421,0.04930
52.6,2,-1.03531,-2.47794,0.00408,0.48900,-0.08351,0.15599,0.08519
52.62,0,1.27437,-2.49628,-0.00116,0.48059,0.00008,0.00000,
52.62,1,0.13082,-2.49410,-0.00476,0.52619,0.03358,0.14355,0.05889
52.62,2,-1.02492,-2.47792,0.00223,0.63962,-0.12554,0.15585,0.00522
52.64,0,1.28396,-2.49629,-0.00116,0.47808,-0.00001,0.00000,
52.64,1,0.14125,-2.49415,-0.00449,0.51231,0.00139,0.14271,0.06848
52.64,2,-1.01213,-2.47791,-0.00029,0.63962,-0.12577,0.15349,0.01565
52.66,0,1.29333,-2.49631,-0.00115,0.49037,-0.00001,0.00000,
52.66,1,0.15122,-2.49420,-0.00451,0.48928,-0.00004,0.14211,0.07785
52.66,2,-1.00020,-2.47789,-0.00279,0.54829,-0.12684,0.15154,0.02563
52.68,0,1.30353,-2.49632,-0.00116,0.51838,-0.00008,0.00000,
52.68,1,0.16090,-2.49425,-0.00443,0.48137,0.00638,0.14263,0.08805
52.68,2,-0.98922,-2.47776,-0.00379,0.48515,-0.01206,0.15024,0.03530
52.7,0,1.31382,-2.49633,-0.00116,0.50820,0.00001,0.00000,
52.7,1,0.17050,-2.49429,-0.00430,0.47864,0.00652,0.14332,0.09834
52.7,2,-0.98061,-2.47775,-0.00554,0.44304,-0.22918,0.15123,0.04490
52.72,0,1.32384,-2.49634,-0.00116,0.49715,0.00003,0.00000,
52.72,1,0.17972,-2.49433,-0.00411,0.45437,0.01148,0.14413,0.01002
52.72,2,-0.97170,-2.47791,-0.01025,0.42074,-0.14452,0.15154,0.00454
52.74,0,1.33377,-2.49635,-0.00115,0.49706,0.00001,0.00000,
52.74,1,0.18895,-2.49437,-0.00394,0.44343,0.00734,0.14482,0.01995
52.74,2,-0.96181,-2.47800,-0.01011,0.55119,0.06763,0.15088,0.01378
52.76,0,1.34375,-2.49636,-0.00115,0.50026,0.00000,0.00000,
52.76,1,0.19929,-2.49441,-0.00383,0.54211,0.00475,0.14446,0.02993
52.76,2,-0.95050,-2.47810,-0.00935,0.55905,0.00462,0.14991,0.02412
52.78,0,1.35377,-2.49638,-0.00115,0.50118,0.00001,0.00000,
52.78,1,0.21071,-2.49445,-0.00376,0.57737,0.00358,0.14306,0.03995
52.78,2,-0.93987,-2.47821,-0.00971,0.51009,-0.02535,0.15069,0.03554
52.8,0,1.36378,-2.49639,-0.00115,0.50049,0.00001,0.00000,
52.8,1,0.22189,-2.49449,-0.00368,0.54009,0.00416,0.14190,0.04997
52.8,2,-0.92995,-2.47831,-0.01009,0.49001,-0.01210,0.15195,0.04671
52.82,0,1.37379,-2.49640,-0.00115,0.50004,0.00001,0.00000,
52.82,1,0.23541,-2.49453,-0.00356,0.70810,0.00818,0.13838,0.01000
52.82,2,-0.91922,-2.47841,-0.01019,0.57687,0.00760,0.15475,0.00720
52.84,0,1.38379,-2.49641,-0.00115,0.50011,0.00000,0.00000,
52.84,1,0.24934,-2.49457,-0.00340,0.67299,0.00671,0.13446,0.02000
52.84,2,-0.90823,-2.47851,-0.00993,0.55115,0.03307,0.15768,0.02113
52.86,0,1.39317,-2.49642,-0.00116,0.47013,-0.00004,0.00000,
52.86,1,0.26194,-2.49461,-0.00332,0.59167,0.00189,0.13124,0.02939
52.86,2,-0.89603,-2.47860,-0.00890,0.67332,0.03495,0.15808,0.03373
52.88,0,1.40268,-2.49643,-0.00116,0.47844,0.00012,0.00000,
52.88,1,0.27080,-2.49465,-0.00336,0.42347,-0.00180,0.13188,0.03889
52.88,2,-0.88199,-2.47872,-0.00870,0.77938,-0.00794,0.15290,0.04259
52.9,0,1.41225,-2.49644,-0.00116,0.47796,0.00002,0.00000,
52.9,1,0.27950,-2.49468,-0.00336,0.45296,0.00200,0.13276,0.04847
52.9,2,-0.86558,-2.47886,-0.00892,0.80454,-0.01142,0.14519,0.05129
52.92,0,1.42156,-2.49645,-0.00115,0.47740,0.00006,0.00000,
52.92,1,0.29089,-2.49472,-0.00327,0.59797,0.00671,0.13068,0.00931
52.92,2,-0.84993,-2.47900,-0.00917,0.72623,-0.00861,0.14093,0.00602
52.94,0,1.43162,-2.49647,-0.00115,0.51572,-0.00010,0.00000,
52.94,1,0.30308,-2.49476,-0.00314,0.57236,0.00637,0.12854,0.01937
52.94,2,-0.83809,-2.47912,-0.00940,0.43103,-0.02384,0.14128,0.01821
52.96,0,1.44192,-2.49648,-0.00116,0.50990,-0.00001,0.00000,
52.96,1,0.31449,-2.49480,-0.00306,0.56165,0.00243,0.12743,0.02966
52.96,2,-0.82947,-2.47923,-0.00988,0.43103,-0.02378,0.14406,0.02962
52.98,0,1.45196,-2.49649,-0.00116,0.49704,0.00003,0.00000,
52.98,1,0.32381,-2.49483,-0.00306,0.40530,-0.00040,0.12815,0.03971
52.98,2,-0.82052,-2.47940,-0.01078,0.48333,-0.05854,0.14444,0.03894
53.0,0,1.46186,-2.49650,-0.00115,0.49517,0.00001,0.00000,
53.0,1,0.33201,-2.49486,-0.00306,0.42080,0.00137,0.12985,0.04961
53.0,2,-0.81033,-2.47952,-0.01146,0.55526,-0.01336,0.14244,0.04714
53.02,0,1.47180,-2.49651,-0.00115,0.49841,0.00000,0.00000,
53.02,1,0.33928,-2.49489,-0.00298,0.29627,0.00543,0.13253,0.00994
53.02,2,-0.79779,-2.47965,-0.01147,0.65522,0.00344,0.13717,0.05441
53.04,0,1.48179,-2.49652,-0.00115,0.49986,0.00000,0.00000,
53.04,1,0.34577,-2.49491,-0.00288,0.38244,0.00384,0.13602,0.01993
53.04,2,-0.78509,-2.47978,-0.01151,0.60795,-0.00595,0.13097,0.06090
53.06,0,1.49178,-2.49654,-0.00115,0.49931,0.00001,0.00000,
53.06,1,0.35468,-2.49494,-0.00281,0.49244,0.00381,0.13710,0.02992
53.06,2,-0.77354,-2.47990,-0.01166,0.56053,-0.00746,0.12832,0.06981
53.08,0,1.50176,-2.49655,-0.00115,0.49874,0.00001,0.00000,
53.08,1,0.36551,-2.49497,-0.00274,0.56079,0.00277,0.13625,0.03990
53.08,2,-0.76242,-2.48003,-0.01177,0.55640,-0.00456,0.12803,0.08064
53.1,0,1.51174,-2.49656,-0.00115,0.49874,0.00000,0.00000,
53.1,1,0.37655,-2.49500,-0.00269,0.54876,0.00239,0.13519,0.04987
53.1,2,-0.75124,-2.48017,-0.01186,0.55997,-0.00405,0.12788,0.09168
53.12,0,1.52171,-2.49657,-0.00115,0.49891,0.00000,0.00000,
53.12,1,0.39103,-2.49503,-0.00262,0.74154,0.00565,0.13068,0.00998
53.12,2,-0.73908,-2.48030,-0.01185,0.72272,0.01559,0.13021,0.00783
53.14,0,1.53169,-2.49658,-0.00115,0.49895,0.00000,0.00000,
53.14,1,0.40537,-2.49506,-0.00249,0.71414,0.00596,0.12632,0.01996
53.14,2,-0.72348,-2.48047,-0.01144,0.74211,0.01971,0.12894,0.02217
53.16,0,1.54167,-2.49659,-0.00115,0.49892,0.00000,0.00000,
53.16,1,0.41833,-2.49509,-0.00243,0.51985,0.00020,0.12334,0.02993
53.16,2,-0.70859,-2.48065,-0.01108,0.75298,0.01248,0.12701,0.03513
53.18,0,1.55115,-2.49660,-0.00116,0.46654,-0.00013,0.00000,
53.18,1,0.42732,-2.49511,-0.00243,0.44849,-0.00003,0.12383,0.03941
53.18,2,-0.69300,-2.48082,-0.01108,0.80056,-0.00765,0.12041,0.04412
53.2,0,1.56060,-2.49662,-0.00116,0.47632,0.00012,0.00000,
53.2,1,0.43652,-2.49514,-0.00241,0.46962,0.00219,0.12409,0.04886
53.2,2,-0.67675,-2.48101,-0.01126,0.81615,-0.00814,0.11335,0.05331
53.22,0,1.57015,-2.49663,-0.00115,0.47726,0.00004,0.00000,
53.22,1,0.44597,-2.49516,-0.00236,0.45495,0.00309,0.12418,0.05841
53.22,2,-0.66189,-2.48119,-0.01131,0.54281,0.00736,0.10794,0.00471
53.24,0,1.57945,-2.49664,-0.00115,0.47665,0.00006,0.00000,
53.24,1,0.45528,-2.49518,-0.00230,0.48642,0.00206,0.12417,0.06771
53.24,2,-0.65220,-2.48137,-0.01116,0.44070,0.00299,0.10756,0.01403
53.26,0,1.58949,-2.49665,-0.00115,0.51482,-0.00011,0.00000,
53.26,1,0.46511,-2.49521,-0.00227,0.48809,0.00180,0.12438,0.07775
53.26,2,-0.64428,-2.48155,-0.01119,0.36627,-0.00501,0.10948,0.02386
53.28,0,1.59976,-2.49666,-0.00115,0.50885,-0.00001,0.00000,
53.28,1,0.47462,-2.49523,-0.00223,0.46505,0.00203,0.12515,0.08803
53.28,2,-0.63807,-2.48171,-0.01140,0.32887,-0.00712,0.11277,0.03337
53.3,0,1.60978,-2.49667,-0.00115,0.49599,0.00003,0.00000,
53.3,1,0.48376,-2.49525,-0.00219,0.45277,0.00201,0.12603,0.09805
53.3,2,-0.63122,-2.48182,-0.01137,0.36851,0.00609,0.11506,0.04251
53.32,0,1.61967,-2.49668,-0.00115,0.49416,0.00001,0.00000,
53.32,1,0.49309,-2.49527,-0.00209,0.42967,0.00584,0.12658,0.00988
53.32,2,-0.62098,-2.48194,-0.01127,0.65883,0.00836,0.11415,0.00441
53.34,0,1.62959,-2.49670,-0.00115,0.49742,0.00000,0.00000,
53.34,1,0.50212,-2.49529,-0.00202,0.48337,0.00192,0.12746,0.01980
53.34,2,-0.60924,-2.48205,-0.01095,0.58006,0.01666,0.11145,0.01344
53.36,0,1.63955,-2.49671,-0.00115,0.49885,0.00000,0.00000,
53.36,1,0.51243,-2.49531,-0.00200,0.53070,0.00067,0.12712,0.02977
53.36,2,-0.59808,-2.48216,-0.01065,0.54659,0.00758,0.11059,0.02375
53.38,0,1.64953,-2.49672,-0.00115,0.49830,0.00001,0.00000,
53.38,1,0.52293,-2.49533,-0.00198,0.51403,0.00149,0.12660,0.03974
53.38,2,-0.58840,-2.48227,-0.01083,0.40965,-0.01882,0.11140,0.03424
53.4,0,1.65949,-2.49673,-0.00115,0.49772,0.00001,0.00000,
53.4,1,0.53290,-2.49535,-0.00195,0.48852,0.00173,0.12658,0.04970
53.4,2,-0.57982,-2.48237,-0.01102,0.44324,-0.00202,0.11279,0.04422
53.42,0,1.66944,-2.49674,-0.00115,0.49773,0.00000,0.00000,
53.42,1,0.54602,-2.49537,-0.00189,0.65909,0.00441,0.12342,0.00995
53.42,2,-0.57086,-2.48246,-0.01100,0.44604,0.00134,0.11695,0.05733
53.44,0,1.67940,-2.49675,-0.00115,0.49790,0.00000,0.00000,
53.44,1,0.55920,-2.49538,-0.00180,0.65909,0.00440,0.12020,0.01991
53.44,2,-0.56232,-2.48256,-0.01098,0.45428,-0.00253,0.12159,0.07051
53.46,0,1.68935,-2.49676,-0.00115,0.49794,0.00000,0.00000,
53.46,1,0.57181,-2.49540,-0.00174,0.59018,0.00116,0.11755,0.02987
53.46,2,-0.55291,-2.48266,-0.01106,0.47315,-0.00417,0.12479,0.08313
53.48,0,1.69931,-2.49678,-0.00115,0.49791,0.00000,0.00000,
53.48,1,0.58184,-2.49542,-0.00175,0.42177,-0.00118,0.11747,0.03983
53.48,2,-0.54371,-2.48277,-0.01112,0.44675,-0.00205,0.12563,0.09316
53.5,0,1.70927,-2.49679,-0.00115,0.49788,0.00000,0.00000,
53.5,1,0.59072,-2.49544,-0.00174,0.46389,0.00137,0.11855,0.04979
53.5,2,-0.53501,-2.48286,-0.01115,0.42913,-0.00159,0.12580,0.10204
53.52,0,1.71923,-2.49680,-0.00115,0.49789,0.00000,0.00000,
53.52,1,0.60023,-2.49545,-0.00171,0.47829,0.00161,0.11899,0.05974
53.52,2,-0.52666,-2.48296,-0.01121,0.36193,-0.00867,0.12697,0.11155
53.54,0,1.72919,-2.49681,-0.00115,0.49789,0.00000,0.00000,
53.54,1,0.60962,-2.49547,-0.00169,0.46026,0.00097,0.11956,0.06970
53.54,2,-0.51919,-2.48305,-0.01130,0.38376,-0.00150,0.12889,0.12094
53.56,0,1.73914,-2.49682,-0.00115,0.49790,0.00000,0.00000,
53.56,1,0.61853,-2.49549,-0.00167,0.46370,0.00084,0.12061,0.07966
53.56,2,-0.51142,-2.48314,-0.01131,0.38899,-0.00007,0.13002,0.12985
53.58,0,1.74854,-2.49683,-0.00116,0.46689,-0.00009,0.00000,
53.58,1,0.62802,-2.49550,-0.00165,0.47555,0.00088,0.12053,0.08906
53.58,2,-0.50379,-2.48323,-0.01132,0.36201,-0.00037,0.13188,0.13933
53.6,0,1.75799,-2.49684,-0.00116,0.47589,0.00012,0.00000,
53.6,1,0.63734,-2.49552,-0.00163,0.45672,0.00098,0.12066,0.09851
53.6,2,-0.49640,-2.48331,-0.01135,0.38645,-0.00238,0.13381,0.14865
53.62,0,1.76753,-2.49685,-0.00115,0.47608,0.00003,0.00000,
53.62,1,0.64629,-2.49553,-0.00161,0.44230,0.00093,0.12124,0.10804
53.62,2,-0.48767,-2.48340,-0.01127,0.52566,0.02705,0.13402,0.00444
53.64,0,1.77684,-2.49687,-0.00115,0.48782,-0.00002,0.00000,
53.64,1,0.65450,-2.49555,-0.00160,0.37750,0.00024,0.12234,0.11736
53.64,2,-0.47745,-2.48351,-0.01048,0.51673,0.03748,0.13202,0.01265
53.66,0,1.78699,-2.49688,-0.00115,0.51545,-0.00010,0.00000,
53.66,1,0.66230,-2.49556,-0.00158,0.39886,0.00109,0.12469,0.12751
53.66,2,-0.46721,-2.48362,-0.01014,0.50667,0.00020,0.12958,0.02045
53.68,0,1.79722,-2.49689,-0.00115,0.50497,0.00001,0.00000,
53.68,1,0.67031,-2.49557,-0.00156,0.39776,0.00098,0.12691,0.13773
53.68,2,-0.45723,-2.48373,-0.01030,0.49317,-0.00882,0.12760,0.02846
53.7,0,1.80717,-2.49690,-0.00115,0.49395,0.00003,0.00000,
53.7,1,0.67794,-2.49558,-0.00154,0.38142,0.00086,0.12924,0.14769
53.7,2,-0.44769,-2.48383,-0.01041,0.41278,-0.00824,0.12569,0.03609
53.72,0,1.81704,-2.49691,-0.00115,0.49395,0.00000,0.00000,
53.72,1,0.68593,-2.49560,-0.00153,0.40789,0.00063,0.13111,0.15756
53.72,2,-0.43922,-2.48393,-0.01043,0.43498,0.00586,0.12521,0.00406
53.74,0,1.82696,-2.49692,-0.00115,0.49718,-0.00000,0.00000,
53.74,1,0.69400,-2.49561,-0.00152,0.39660,0.00073,0.13296,0.16747
53.74,2,-0.43038,-2.48402,-0.01030,0.44269,0.00449,0.12444,0.01213
53.76,0,1.83691,-2.49694,-0.00115,0.49807,0.00000,0.00000,
53.76,1,0.70174,-2.49562,-0.00150,0.38019,0.00076,0.13518,0.17743
53.76,2,-0.42170,-2.48411,-0.01028,0.41257,-0.00018,0.12350,0.01987
53.78,0,1.84687,-2.49695,-0.00115,0.49737,0.00001,0.00000,
53.78,1,0.70926,-2.49563,-0.00149,0.37426,0.00070,0.13761,0.18738
53.78,2,-0.41329,-2.48420,-0.01030,0.43930,-0.00165,0.12261,0.02739
53.8,0,1.85681,-2.49696,-0.00115,0.49692,0.00000,0.00000,
53.8,1,0.71672,-2.49564,-0.00147,0.37169,0.00067,0.14009,0.19732
53.8,2,-0.40436,-2.48429,-0.01032,0.44536,-0.00050,0.12114,0.03485
53.82,0,1.86675,-2.49697,-0.00115,0.49700,0.00000,0.00000,
53.82,1,0.72538,-2.49565,-0.00142,0.40657,0.00397,0.14137,0.00994
53.82,2,-0.39559,-2.48438,-0.01026,0.36655,0.01358,0.12102,0.00407
53.84,0,1.87669,-2.49698,-0.00115,0.49715,0.00000,0.00000,
53.84,1,0.73355,-2.49566,-0.00134,0.41908,0.00314,0.14314,0.01988
53.84,2,-0.38890,-2.48447,-0.00995,0.33739,0.01477,0.12251,0.01224
53.86,0,1.88663,-2.49699,-0.00115,0.49717,0.00000,0.00000,
53.86,1,0.74266,-2.49567,-0.00132,0.47020,0.00009,0.14398,0.02982
53.86,2,-0.38263,-2.48455,-0.00985,0.35560,0.00347,0.12535,0.02135
53.88,0,1.89658,-2.49700,-0.00115,0.49713,0.00000,0.00000,
53.88,1,0.75318,-2.49569,-0.00133,0.53445,-0.00037,0.14340,0.03977
53.88,2,-0.37486,-2.48463,-0.00976,0.37494,0.00716,0.12809,0.03187
53.9,0,1.90652,-2.49702,-0.00115,0.49711,0.00000,0.00000,
53.9,1,0.76414,-2.49570,-0.00133,0.54731,0.00020,0.14238,0.04971
53.9,2,-0.36726,-2.48471,-0.00962,0.38849,0.00544,0.13145,0.04283
53.92,0,1.91646,-2.49703,-0.00115,0.49712,0.00000,0.00000,
53.92,1,0.77809,-2.49571,-0.00131,0.72631,0.00175,0.13837,0.00994
53.92,2,-0.35874,-2.48479,-0.00959,0.45595,-0.00165,0.13688,0.05678
53.94,0,1.92640,-2.49704,-0.00115,0.49713,0.00000,0.00000,
53.94,1,0.79235,-2.49573,-0.00127,0.67360,0.00238,0.13406,0.01988
53.94,2,-0.34934,-2.48488,-0.00964,0.47105,-0.00236,0.14174,0.07104
53.96,0,1.93635,-2.49705,-0.00115,0.49713,0.00000,0.00000,
53.96,1,0.80520,-2.49574,-0.00125,0.56544,-0.00022,0.13115,0.02983
53.96,2,-0.34018,-2.48497,-0.00967,0.44564,-0.00077,0.14543,0.08389
53.98,0,1.94629,-2.49706,-0.00115,0.49713,0.00000,0.00000,
53.98,1,0.81427,-2.49575,-0.00127,0.44455,-0.00111,0.13202,0.03977
53.98,2,-0.33148,-2.48505,-0.00968,0.42958,-0.00049,0.14580,0.09296
54.0,0,1.95623,-2.49707,-0.00115,0.49713,0.00000,0.00000,
54.0,1,0.82343,-2.49577,-0.00128,0.47228,0.00018,0.13280,0.04971
54.0,2,-0.32337,-2.48513,-0.00973,0.39940,-0.00182,0.14685,0.10212
54.02,0,1.96617,-2.49708,-0.00115,0.49713,0.00000,0.00000,
54.02,1,0.83643,-2.49578,-0.00126,0.65594,0.00221,0.12974,0.00994
54.02,2,-0.31392,-2.48521,-0.00967,0.63333,0.02051,0.15040,0.00705
54.04,0,1.97612,-2.49710,-0.00115,0.49713,0.00000,0.00000,
54.04,1,0.84913,-2.49579,-0.00121,0.63503,0.00245,0.12699,0.01989
54.04,2,-0.30164,-2.48529,-0.00905,0.52707,0.03892,0.15082,0.01975
54.06,0,1.98606,-2.49711,-0.00115,0.49713,0.00000,0.00000,
54.06,1,0.86167,-2.49581,-0.00117,0.60594,0.00090,0.12439,0.02983
54.06,2,-0.29123,-2.48541,-0.00873,0.55000,-0.04542,0.15294,0.03228
54.08,0,1.99533,-2.49712,-0.00116,0.46861,-0.00001,0.00000,
54.08,1,0.87192,-2.49582,-0.00118,0.44533,-0.00105,0.12341,0.03910
54.08,2,-0.27920,-2.48554,-0.00999,0.66231,-0.04075,0.15116,0.04253
54.1,0,2.00480,-2.49713,-0.00115,0.47585,0.00011,0.00000,
54.1,1,0.88108,-2.49583,-0.00119,0.46922,0.00018,0.12372,0.04857
54.1,2,-0.26520,-2.48568,-0.00971,0.64674,0.09996,0.14632,0.05169
54.12,0,2.01421,-2.49714,-0.00115,0.44216,0.00032,0.00000,
54.12,1,0.89053,-2.49584,-0.00118,0.45541,0.00047,0.12368,0.05798
54.12,2,-0.25224,-2.48589,-0.00805,0.65374,0.03156,0.14281,0.06115
54.14,0,2.02375,-2.49715,-0.00115,0.50148,-0.00009,0.00000,
54.14,1,0.89985,-2.49585,-0.00118,0.48632,-0.00004,0.12390,0.06752
54.14,2,-0.23966,-2.48609,-0.00859,0.54998,-0.04464,0.13955,0.07047
54.16,0,2.03400,-2.49716,-0.00115,0.51386,-0.00007,0.00000,
54.16,1,0.90967,-2.49586,-0.00118,0.48767,-0.00009,0.12432,0.07776
54.16,2,-0.22816,-2.48615,-0.00815,0.58923,0.09525,0.13787,0.08029
54.18,0,2.04413,-2.49717,-0.00115,0.49992,0.00003,0.00000,
54.18,1,0.91917,-2.49587,-0.00118,0.46469,0.00006,0.12495,0.08790
54.18,2,-0.21682,-2.48621,-0.00663,0.59610,0.03384,0.13604,0.08979
54.2,0,2.05402,-2.49719,-0.00115,0.49240,0.00002,0.00000,
54.2,1,0.92831,-2.49588,-0.00118,0.45248,0.00007,0.12571,0.09779
54.2,2,-0.20382,-2.48631,-0.00679,0.67303,-0.02624,0.13217,0.09892
54.22,0,2.06388,-2.49720,-0.00115,0.49440,0.00000,0.00000,
54.22,1,0.93732,-2.49590,-0.00118,0.44944,0.00004,0.12656,0.10765
54.22,2,-0.19059,-2.48641,-0.00707,0.72158,0.01686,0.12795,0.00450
54.24,0,2.07381,-2.49721,-0.00115,0.49715,0.00000,0.00000,
54.24,1,0.94605,-2.49591,-0.00118,0.41035,-0.00028,0.12775,0.11758
54.24,2,-0.17562,-2.48652,-0.00705,0.73615,0.00388,0.12171,0.01323
54.26,0,2.08376,-2.49722,-0.00115,0.49733,0.00001,0.00000,
54.26,1,0.95434,-2.49592,-0.00118,0.41707,0.00012,0.12942,0.12752
54.26,2,-0.16303,-2.48662,-0.00699,0.56621,-0.00070,0.11740,0.02152
54.28,0,2.09369,-2.49723,-0.00115,0.49657,0.00000,0.00000,
54.28,1,0.96267,-2.49593,-0.00117,0.41446,0.00012,0.13102,0.13746
54.28,2,-0.15457,-2.48670,-0.00717,0.35368,-0.01205,0.11728,0.02985
54.3,0,2.10362,-2.49724,-0.00115,0.49631,0.00000,0.00000,
54.3,1,0.97086,-2.49594,-0.00117,0.40480,0.00003,0.13277,0.14739
54.3,2,-0.14746,-2.48681,-0.00753,0.36533,-0.03244,0.11835,0.03803
54.32,0,2.11355,-2.49725,-0.00115,0.49646,0.00000,0.00000,
54.32,1,0.98244,-2.49595,-0.00115,0.65859,0.00171,0.13111,0.00993
54.32,2,-0.13803,-2.48688,-0.00789,0.69616,0.02583,0.12051,0.00642
54.34,0,2.12348,-2.49727,-0.00115,0.49658,0.00000,0.00000,
54.34,1,0.99378,-2.49596,-0.00110,0.53447,0.00299,0.12970,0.01986
54.34,2,-0.12473,-2.48694,-0.00693,0.63940,0.05108,0.11855,0.01777
54.36,0,2.13341,-2.49728,-0.00115,0.49657,0.00000,0.00000,
54.36,1,1.00455,-2.49597,-0.00107,0.50556,-0.00025,0.12886,0.02979
54.36,2,-0.11194,-2.48700,-0.00590,0.63940,0.05142,0.11653,0.02854
54.38,0,2.14334,-2.49729,-0.00115,0.49653,0.00000,0.00000,
54.38,1,1.01367,-2.49598,-0.00109,0.47268,-0.00074,0.12967,0.03972
54.38,2,-0.09982,-2.48711,-0.00525,0.55075,-0.04136,0.11353,0.03766
54.4,0,2.15327,-2.49730,-0.00115,0.49652,0.00000,0.00000,
54.4,1,1.02340,-2.49599,-0.00109,0.49041,0.00011,0.12987,0.04965
54.4,2,-0.08951,-2.48732,-0.00729,0.44292,-0.08576,0.11294,0.04738
54.42,0,2.16320,-2.49731,-0.00115,0.49653,0.00000,0.00000,
54.42,1,1.03543,-2.49600,-0.00108,0.62344,0.00102,0.12777,0.00993
54.42,2,-0.07997,-2.48750,-0.00700,0.48333,0.04893,0.11544,0.05942
54.44,0,2.17313,-2.49732,-0.00115,0.49654,0.00000,0.00000,
54.44,1,1.04737,-2.49602,-0.00105,0.57532,0.00139,0.12576,0.01986
54.44,2,-0.07063,-2.48765,-0.00658,0.48965,0.00145,0.11803,0.07136
54.46,0,2.18306,-2.49733,-0.00115,0.49654,0.00000,0.00000,
54.46,1,1.05873,-2.49603,-0.00104,0.55911,-0.00037,0.12434,0.02979
54.46,2,-0.05953,-2.48774,-0.00675,0.58567,-0.01045,0.11829,0.08271
54.48,0,2.19300,-2.49735,-0.00115,0.49653,0.00000,0.00000,
54.48,1,1.06834,-2.49604,-0.00107,0.43932,-0.00132,0.12466,0.03972
54.48,2,-0.04803,-2.48781,-0.00689,0.55555,-0.00393,0.11639,0.09232
54.5,0,2.20293,-2.49736,-0.00115,0.49653,0.00000,0.00000,
54.5,1,1.07754,-2.49605,-0.00108,0.47522,0.00008,0.12538,0.04965
54.5,2,-0.03744,-2.48788,-0.00692,0.51294,-0.00085,0.11501,0.10153
54.52,0,2.21286,-2.49737,-0.00115,0.49653,0.00000,0.00000,
54.52,1,1.08713,-2.49606,-0.00107,0.47706,0.00007,0.12573,0.05958
54.52,2,-0.02730,-2.48795,-0.00695,0.50590,-0.00181,0.11446,0.11111
54.54,0,2.22279,-2.49738,-0.00115,0.49653,0.00000,0.00000,
54.54,1,1.09631,-2.49607,-0.00107,0.47399,-0.00025,0.12648,0.06951
54.54,2,-0.01715,-2.48802,-0.00699,0.50857,-0.00239,0.11349,0.12029
54.56,0,2.23272,-2.49739,-0.00115,0.49653,0.00000,0.00000,
54.56,1,1.10602,-2.49608,-0.00108,0.48694,-0.00033,0.12670,0.07945
54.56,2,-0.00741,-2.48809,-0.00706,0.46671,-0.00363,0.11346,0.13000
54.58,0,2.24265,-2.49740,-0.00115,0.49653,0.00000,0.00000,
54.58,1,1.11556,-2.49609,-0.00109,0.46719,-0.00017,0.12709,0.08938
54.58,2,0.00199,-2.48816,-0.00710,0.47164,-0.00121,0.11360,0.13954
54.6,0,2.25258,-2.49741,-0.00115,0.49653,0.00000,0.00000,
54.6,1,1.12471,-2.49610,-0.00109,0.45211,-0.00014,0.12787,0.09931
54.6,2,0.01138,-2.48823,-0.00712,0.46621,-0.00143,0.11336,0.14870
54.62,0,2.26251,-2.49743,-0.00115,0.49653,0.00000,0.00000,
54.62,1,1.13369,-2.49611,-0.00109,0.44766,-0.00017,0.12882,0.10924
54.62,2,0.02137,-2.48829,-0.00709,0.59995,0.00995,0.11235,0.00448
54.64,0,2.27244,-2.49744,-0.00115,0.49653,0.00000,0.00000,
54.64,1,1.14261,-2.49612,-0.00110,0.44370,-0.00017,0.12983,0.11917
54.64,2,0.03375,-2.48838,-0.00687,0.55047,0.01139,0.10889,0.01340
54.66,0,2.28237,-2.49745,-0.00115,0.49653,0.00000,0.00000,
54.66,1,1.15080,-2.49613,-0.00110,0.41270,-0.00016,0.13157,0.12910
54.66,2,0.04434,-2.48846,-0.00679,0.50955,-0.00127,0.10648,0.02159
54.68,0,2.29223,-2.49746,-0.00115,0.45875,-0.00040,0.00000,
54.68,1,1.15909,-2.49614,-0.00110,0.41380,-0.00004,0.13314,0.13895
54.68,2,0.05393,-2.48853,-0.00686,0.40352,-0.00739,0.10518,0.02987
54.7,0,2.30151,-2.49747,-0.00116,0.46922,0.00002,0.00000,
54.7,1,1.16727,-2.49614,-0.00111,0.40519,-0.00013,0.13423,0.14824
54.7,2,0.06110,-2.48859,-0.00722,0.36268,-0.01157,0.10620,0.03806
54.72,0,2.31098,-2.49748,-0.00115,0.47550,0.00010,0.00000,
54.72,1,1.17528,-2.49615,-0.00111,0.39637,-0.00016,0.13570,0.15771
54.72,2,0.06882,-2.48865,-0.00705,0.40797,0.01710,0.10648,0.00398
54.74,0,2.32028,-2.49749,-0.00115,0.45529,0.00022,0.00000,
54.74,1,1.18314,-2.49616,-0.00111,0.39061,-0.00013,0.13715,0.16701
54.74,2,0.07676,-2.48871,-0.00676,0.42208,0.00695,0.10640,0.01184
54.76,0,2.33004,-2.49750,-0.00115,0.50769,-0.00012,0.00000,
54.76,1,1.19037,-2.49617,-0.00112,0.36495,-0.00013,0.13967,0.17677
54.76,2,0.08593,-2.48878,-0.00679,0.46990,-0.00470,0.10446,0.01907
54.78,0,2.34030,-2.49752,-0.00115,0.51125,-0.00004,0.00000,
54.78,1,1.19770,-2.49618,-0.00112,0.36624,-0.00003,0.14260,0.18703
54.78,2,0.09501,-2.48884,-0.00686,0.43577,-0.00152,0.10272,0.02640
54.8,0,2.35036,-2.49753,-0.00115,0.49687,0.00003,0.00000,
54.8,1,1.20495,-2.49619,-0.00112,0.35829,-0.00011,0.14542,0.19709
54.8,2,0.10337,-2.48890,-0.00685,0.40854,0.00109,0.10160,0.03365
54.82,0,2.36022,-2.49754,-0.00115,0.49183,0.00002,0.00000,
54.82,1,1.21331,-2.49620,-0.00109,0.39161,0.00201,0.14692,0.00986
54.82,2,0.11290,-2.48895,-0.00681,0.66230,0.00547,0.10043,0.00392
54.84,0,2.37009,-2.49755,-0.00115,0.49464,-0.00000,0.00000,
54.84,1,1.22044,-2.49620,-0.00105,0.33392,0.00245,0.14965,0.01972
54.84,2,0.12624,-2.48901,-0.00665,0.59007,0.01294,0.09422,0.01105
54.86,0,2.38001,-2.49756,-0.00115,0.49689,0.00000,0.00000,
54.86,1,1.22868,-2.49621,-0.00102,0.48928,-0.00004,0.15133,0.02965
54.86,2,0.13800,-2.48907,-0.00640,0.57817,0.00962,0.09070,0.01929
54.88,0,2.38995,-2.49757,-0.00115,0.49669,0.00000,0.00000,
54.88,1,1.23941,-2.49622,-0.00104,0.53932,-0.00083,0.15054,0.03958
54.88,2,0.14767,-2.48912,-0.00640,0.37062,-0.00669,0.09176,0.03002
54.9,0,2.39987,-2.49759,-0.00115,0.49598,0.00000,0.00000,
54.9,1,1.25064,-2.49623,-0.00105,0.56439,-0.00054,0.14924,0.04951
54.9,2,0.15525,-2.48918,-0.00645,0.38915,-0.00000,0.09541,0.04125
54.92,0,2.40979,-2.49760,-0.00115,0.49584,0.00000,0.00000,
54.92,1,1.26157,-2.49624,-0.00106,0.52979,-0.00018,0.14822,0.05943
54.92,2,0.16319,-2.48923,-0.00643,0.39897,0.00101,0.09840,0.05218
54.94,0,2.41971,-2.49761,-0.00115,0.49601,0.00000,0.00000,
54.94,1,1.27187,-2.49625,-0.00106,0.50760,-0.00019,0.14784,0.06935
54.94,2,0.17107,-2.48928,-0.00643,0.38825,-0.00049,0.10083,0.06248
54.96,0,2.42963,-2.49762,-0.00115,0.49610,0.00000,0.00000,
54.96,1,1.28119,-2.49626,-0.00107,0.43881,-0.00067,0.14844,0.07927
54.96,2,0.17855,-2.48933,-0.00643,0.38412,-0.00063,0.10267,0.07180
54.98,0,2.43955,-2.49763,-0.00115,0.49607,0.00000,0.00000,
54.98,1,1.29028,-2.49627,-0.00108,0.46433,-0.00005,0.14927,0.08919
54.98,2,0.18651,-2.48938,-0.00645,0.40261,-0.00086,0.10379,0.08089
55.0,0,2.44947,-2.49764,-0.00115,0.49604,0.00000,0.00000,
55.0,1,1.29957,-2.49628,-0.00108,0.46108,-0.00011,0.14990,0.09911
55.0,2,0.19442,-2.48943,-0.00646,0.38801,-0.00039,0.10517,0.09018
55.02,0,2.45939,-2.49765,-0.00115,0.49604,0.00000,0.00000,
55.02,1,1.30842,-2.49629,-0.00108,0.44158,-0.00015,0.15098,0.10903
55.02,2,0.20200,-2.48948,-0.00647,0.37354,-0.00031,0.10643,0.09903
55.04,0,2.46931,-2.49767,-0.00115,0.49605,0.00000,0.00000,
55.04,1,1.31766,-2.49630,-0.00109,0.47164,-0.00032,0.15166,0.11895
55.04,2,0.20942,-2.48953,-0.00648,0.36901,-0.00040,0.10826,0.10827
55.06,0,2.47924,-2.49768,-0.00115,0.49605,0.00000,0.00000,
55.06,1,1.32700,-2.49631,-0.00109,0.45904,-0.00022,0.15224,0.12887
55.06,2,0.21659,-2.48958,-0.00649,0.30949,-0.00382,0.11042,0.11761
55.08,0,2.48916,-2.49769,-0.00115,0.49605,0.00000,0.00000,
55.08,1,1.33595,-2.49632,-0.00110,0.44029,-0.00017,0.15320,0.13879
55.08,2,0.22296,-2.48962,-0.00653,0.32623,-0.00011,0.11301,0.12656
55.1,0,2.49908,-2.49770,-0.00115,0.49605,0.00000,0.00000,
55.1,1,1.34467,-2.49633,-0.00110,0.43332,-0.00018,0.15441,0.14871
55.1,2,0.22956,-2.48967,-0.00652,0.32964,0.00054,0.11513,0.13528
55.12,0,2.50900,-2.49771,-0.00115,0.49605,0.00000,0.00000,
55.12,1,1.35699,-2.49634,-0.00108,0.69170,0.00146,0.15201,0.00992
55.12,2,0.23736,-2.48971,-0.00648,0.51193,0.01194,0.11965,0.00682
55.14,0,2.51892,-2.49772,-0.00115,0.49605,0.00000,0.00000,
55.14,1,1.36947,-2.49635,-0.00105,0.60558,0.00071,0.14945,0.01984
55.14,2,0.24747,-2.48975,-0.00623,0.46979,0.01448,0.12202,0.01930
55.16,0,2.52884,-2.49773,-0.00115,0.49605,0.00000,0.00000,
55.16,1,1.38181,-2.49637,-0.00106,0.56998,-0.00152,0.14703,0.02976
55.16,2,0.25654,-2.48979,-0.00593,0.45361,0.01546,0.12529,0.03165
55.18,0,2.53876,-2.49775,-0.00115,0.49605,0.00000,0.00000,
55.18,1,1.39157,-2.49638,-0.00110,0.48435,-0.00181,0.14719,0.03968
55.18,2,0.26650,-2.48985,-0.00576,0.58417,0.00081,0.12509,0.04141
55.2,0,2.54868,-2.49776,-0.00115,0.49605,0.00000,0.00000,
55.2,1,1.40141,-2.49639,-0.00112,0.49859,-0.00011,0.14727,0.04960
55.2,2,0.27871,-2.48992,-0.00584,0.64233,-0.00369,0.12272,0.05125
55.22,0,2.55860,-2.49777,-0.00115,0.49605,0.00000,0.00000,
55.22,1,1.41142,-2.49640,-0.00112,0.49878,0.00025,0.14718,0.05953
55.22,2,0.29103,-2.49000,-0.00586,0.59372,0.00102,0.12041,0.06126
55.24,0,2.56852,-2.49778,-0.00115,0.49605,0.00000,0.00000,
55.24,1,1.42126,-2.49641,-0.00112,0.48603,-0.00015,0.14726,0.06945
55.24,2,0.30310,-2.49007,-0.00585,0.60687,-0.00016,0.11818,0.07110
55.26,0,2.57844,-2.49779,-0.00115,0.49605,0.00000,0.00000,
55.26,1,1.43082,-2.49642,-0.00112,0.45874,-0.00010,0.14762,0.07937
55.26,2,0.31512,-2.49014,-0.00586,0.59341,-0.00052,0.11573,0.08066
55.28,0,2.58837,-2.49780,-0.00115,0.49605,0.00000,0.00000,
55.28,1,1.44029,-2.49644,-0.00112,0.48318,-0.00019,0.14808,0.08929
55.28,2,0.32627,-2.49021,-0.00589,0.53758,-0.00142,0.11403,0.09012
55.3,0,2.59829,-2.49781,-0.00115,0.49605,0.00000,0.00000,
55.3,1,1.44999,-2.49645,-0.00113,0.48217,-0.00016,0.14830,0.09921
55.3,2,0.33712,-2.49027,-0.00589,0.54584,0.00052,0.11288,0.09982
55.32,0,2.60821,-2.49783,-0.00115,0.49605,0.00000,0.00000,
55.32,1,1.45990,-2.49646,-0.00111,0.45730,0.00130,0.14831,0.00992
55.32,2,0.34762,-2.49034,-0.00590,0.50492,-0.00117,0.11229,0.10974
55.34,0,2.61813,-2.49784,-0.00115,0.49605,0.00000,0.00000,
55.34,1,1.46937,-2.49647,-0.00110,0.50058,-0.00008,0.14876,0.01984
55.34,2,0.35777,-2.49040,-0.00590,0.50800,0.00024,0.11162,0.11920
55.36,0,2.62805,-2.49785,-0.00115,0.49605,0.00000,0.00000,
55.36,1,1.47997,-2.49648,-0.00111,0.54501,-0.00051,0.14808,0.02976
55.36,2,0.36787,-2.49046,-0.00590,0.50095,0.00008,0.11212,0.12981
55.38,0,2.63797,-2.49786,-0.00115,0.49605,0.00000,0.00000,
55.38,1,1.49055,-2.49649,-0.00111,0.53406,-0.00013,0.14742,0.03968
55.38,2,0.37757,-2.49051,-0.00589,0.49973,-0.00009,0.11300,0.14039
55.4,0,2.64789,-2.49787,-0.00115,0.49605,0.00000,0.00000,
55.4,1,1.50150,-2.49650,-0.00112,0.54967,-0.00021,0.14640,0.04960
55.4,2,0.38792,-2.49058,-0.00590,0.52258,-0.00076,0.11359,0.15133
55.42,0,2.65781,-2.49788,-0.00115,0.49605,0.00000,0.00000,
55.42,1,1.51228,-2.49651,-0.00112,0.52850,-0.00018,0.14553,0.05953
55.42,2,0.39818,-2.49064,-0.00591,0.50220,-0.00020,0.11412,0.16211
55.44,0,2.66773,-2.49789,-0.00115,0.49605,0.00000,0.00000,
55.44,1,1.52217,-2.49653,-0.00113,0.47591,-0.00035,0.14557,0.06945
55.44,2,0.40799,-2.49069,-0.00591,0.48351,-0.00004,0.11419,0.17200
55.46,0,2.67750,-2.49790,-0.00115,0.45898,-0.00036,0.00000,
55.46,1,1.53121,-2.49654,-0.00113,0.45881,-0.00009,0.14629,0.07922
55.46,2,0.41743,-2.49075,-0.00592,0.44025,-0.00208,0.11379,0.18105
55.48,0,2.68680,-2.49792,-0.00115,0.46985,0.00005,0.00000,
55.48,1,1.54052,-2.49655,-0.00113,0.46654,0.00002,0.14628,0.08851
55.48,2,0.42636,-2.49081,-0.00594,0.45138,0.00010,0.11418,0.19036
55.5,0,2.69627,-2.49793,-0.00115,0.47516,0.00009,0.00000,
55.5,1,1.54973,-2.49656,-0.00113,0.45381,-0.00014,0.14655,0.09798
55.5,2,0.43541,-2.49086,-0.00593,0.45098,0.00036,0.11433,0.19956
55.52,0,2.70554,-2.49794,-0.00115,0.46162,0.00016,0.00000,
55.52,1,1.56038,-2.49657,-0.00114,0.54051,0.00001,0.14517,0.00927
55.52,2,0.44521,-2.49092,-0.00585,0.57652,0.01714,0.11518,0.00558
55.54,0,2.71539,-2.49795,-0.00115,0.50986,-0.00012,0.00000,
55.54,1,1.57094,-2.49656,-0.00056,0.53773,0.03660,0.14444,0.01912
55.54,2,0.45695,-2.49098,-0.00542,0.53597,0.01875,0.11401,0.01615
55.56,0,2.72564,-2.49796,-0.00115,0.50969,-0.00003,0.00000,
55.56,1,1.58180,-2.49658,-0.00022,0.54263,0.00147,0.14384,0.02937
55.56,2,0.46822,-2.49105,-0.00532,0.57695,-0.00302,0.11360,0.02700
55.58,0,2.73567,-2.49797,-0.00115,0.49549,0.00003,0.00000,
55.58,1,1.59250,-2.49659,-0.00036,0.52817,-0.00873,0.14317,0.03940
55.58,2,0.47966,-2.49111,-0.00541,0.56284,-0.00318,0.11286,0.03771
55.6,0,2.74552,-2.49798,-0.00115,0.49159,0.00001,0.00000,
55.6,1,1.60197,-2.49660,-0.00047,0.45024,-0.00253,0.14355,0.04925
55.6,2,0.49063,-2.49117,-0.00541,0.53837,0.00154,0.11135,0.04717
55.62,0,2.75538,-2.49800,-0.00115,0.49466,-0.00000,0.00000,
55.62,1,1.61054,-2.49661,-0.00049,0.40497,-0.00066,0.14484,0.00986
55.62,2,0.50028,-2.49123,-0.00538,0.40451,0.00463,0.11027,0.00405
55.64,0,2.76530,-2.49801,-0.00115,0.49666,0.00000,0.00000,
55.64,1,1.61896,-2.49661,-0.00050,0.45236,-0.00100,0.14635,0.01978
55.64,2,0.50837,-2.49128,-0.00528,0.40451,0.00462,0.11059,0.01246
55.66,0,2.77523,-2.49802,-0.00115,0.49631,0.00000,0.00000,
55.66,1,1.62884,-2.49661,-0.00053,0.49883,-0.00154,0.14639,0.02971
55.66,2,0.51463,-2.49133,-0.00528,0.28065,-0.00059,0.11422,0.02235
55.68,0,2.78515,-2.49803,-0.00115,0.49563,0.00000,0.00000,
55.68,1,1.63913,-2.49662,-0.00056,0.54965,-0.00164,0.14603,0.03963
55.68,2,0.52070,-2.49137,-0.00523,0.29460,0.00520,0.11844,0.03263
55.7,0,2.79506,-2.49804,-0.00115,0.49554,0.00000,0.00000,
55.7,1,1.65025,-2.49663,-0.00059,0.54886,-0.00144,0.14481,0.04954
55.7,2,0.52699,-2.49141,-0.00512,0.31700,0.00552,0.12328,0.04376
55.72,0,2.80497,-2.49805,-0.00115,0.49572,0.00000,0.00000,
55.72,1,1.66441,-2.49663,-0.00062,0.70598,-0.00057,0.14056,0.00991
55.72,2,0.53400,-2.49144,-0.00505,0.38875,0.00105,0.13042,0.05792
55.74,0,2.81489,-2.49806,-0.00115,0.49579,0.00000,0.00000,
55.74,1,1.67853,-2.49664,-0.00063,0.70598,-0.00057,0.13636,0.01983
55.74,2,0.54242,-2.49148,-0.00506,0.43397,-0.00062,0.13613,0.07204
55.76,0,2.82480,-2.49808,-0.00115,0.49576,0.00000,0.00000,
55.76,1,1.69181,-2.49664,-0.00064,0.61419,-0.00122,0.13300,0.02974
55.76,2,0.55092,-2.49152,-0.00506,0.41286,0.00030,0.14090,0.08532
55.78,0,2.83472,-2.49809,-0.00115,0.49573,0.00000,0.00000,
55.78,1,1.70116,-2.49665,-0.00068,0.43728,-0.00166,0.13356,0.03966
55.78,2,0.55888,-2.49156,-0.00505,0.38920,0.00074,0.14229,0.09467
55.8,0,2.84463,-2.49810,-0.00115,0.49573,0.00000,0.00000,
55.8,1,1.71006,-2.49666,-0.00071,0.45724,-0.00121,0.13457,0.04957
55.8,2,0.56660,-2.49160,-0.00503,0.38496,0.00054,0.14347,0.10357
55.82,0,2.85455,-2.49811,-0.00115,0.49574,0.00000,0.00000,
55.82,1,1.72211,-2.49666,-0.00072,0.60851,-0.00021,0.13244,0.00991
55.82,2,0.57385,-2.49164,-0.00504,0.36106,0.00010,0.14827,0.11562
55.84,0,2.86446,-2.49812,-0.00115,0.49574,0.00000,0.00000,
55.84,1,1.73428,-2.49667,-0.00073,0.60851,-0.00021,0.13018,0.01983
55.84,2,0.58114,-2.49168,-0.00503,0.36504,0.00087,0.15315,0.12779
55.86,0,2.87438,-2.49813,-0.00115,0.49574,0.00000,0.00000,
55.86,1,1.74575,-2.49668,-0.00073,0.58692,-0.00088,0.12863,0.02974
55.86,2,0.58837,-2.49172,-0.00501,0.35698,0.00055,0.15739,0.13925
55.88,0,2.88429,-2.49814,-0.00115,0.49574,0.00000,0.00000,
55.88,1,1.75548,-2.49669,-0.00077,0.44371,-0.00203,0.12881,0.03966
55.88,2,0.59540,-2.49175,-0.00500,0.34826,0.00034,0.16009,0.14899
55.9,0,2.89421,-2.49815,-0.00115,0.49574,0.00000,0.00000,
55.9,1,1.76453,-2.49669,-0.00080,0.45700,-0.00130,0.12968,0.04957
55.9,2,0.60231,-2.49179,-0.00500,0.34318,0.00039,0.16223,0.15804
55.92,0,2.90412,-2.49817,-0.00115,0.49574,0.00000,0.00000,
55.92,1,1.77349,-2.49670,-0.00082,0.41728,-0.00048,0.13064,0.05949
55.92,2,0.60913,-2.49182,-0.00499,0.33903,0.00042,0.16437,0.16700
55.94,0,2.91404,-2.49818,-0.00115,0.49574,0.00000,0.00000,
55.94,1,1.78311,-2.49671,-0.00084,0.51957,-0.00104,0.13093,0.06940
55.94,2,0.61585,-2.49185,-0.00498,0.33405,0.00039,0.16727,0.17662
55.96,0,2.92395,-2.49819,-0.00115,0.49574,0.00000,0.00000,
55.96,1,1.79359,-2.49672,-0.00086,0.51427,-0.00108,0.13036,0.07932
55.96,2,0.62248,-2.49189,-0.00497,0.32874,0.00037,0.17112,0.18710
55.98,0,2.93387,-2.49820,-0.00115,0.49574,0.00000,0.00000,
55.98,1,1.80342,-2.49673,-0.00088,0.47471,-0.00093,0.13045,0.08923
55.98,2,0.62900,-2.49192,-0.00497,0.32370,0.00036,0.17443,0.19693
56.0,0,2.94378,-2.49821,-0.00115,0.49574,0.00000,0.00000,
56.0,1,1.81197,-2.49673,-0.00090,0.39945,-0.00122,0.13181,0.09915
56.0,2,0.63531,-2.49195,-0.00496,0.29262,-0.00079,0.17667,0.20548
56.02,0,2.95370,-2.49822,-0.00115,0.49574,0.00000,0.00000,
56.02,1,1.82029,-2.49674,-0.00092,0.42709,-0.00072,0.13341,0.10906
56.02,2,0.64221,-2.49198,-0.00492,0.40646,0.01300,0.17808,0.00423
56.04,0,2.96361,-2.49823,-0.00115,0.49574,0.00000,0.00000,
56.04,1,1.82888,-2.49675,-0.00093,0.42740,-0.00074,0.13473,0.11898
56.04,2,0.64990,-2.49201,-0.00459,0.37012,0.01678,0.17900,0.01282
56.06,0,2.97353,-2.49825,-0.00115,0.49574,0.00000,0.00000,
56.06,1,1.83726,-2.49676,-0.00095,0.41183,-0.00082,0.13627,0.12889
56.06,2,0.65798,-2.49203,-0.00436,0.48512,0.00657,0.17929,0.02120
56.08,0,2.98344,-2.49826,-0.00115,0.49574,0.00000,0.00000,
56.08,1,1.84528,-2.49677,-0.00097,0.41908,-0.00082,0.13816,0.13881
56.08,2,0.66856,-2.49207,-0.00433,0.53389,-0.00093,0.17673,0.02922
56.1,0,2.99336,-2.49827,-0.00115,0.49574,0.00000,0.00000,
56.1,1,1.85386,-2.49677,-0.00098,0.43036,-0.00081,0.13949,0.14872
56.1,2,0.67949,-2.49211,-0.00436,0.54221,-0.00133,0.17438,0.03780
56.12,0,3.00327,-2.49828,-0.00115,0.49574,0.00000,0.00000,
56.12,1,1.86228,-2.49678,-0.00100,0.41221,-0.00072,0.14099,0.15864
56.12,2,0.68991,-2.49215,-0.00436,0.50369,0.00094,0.17238,0.04622
56.14,0,3.01319,-2.49829,-0.00115,0.49574,0.00000,0.00000,
56.14,1,1.87036,-2.49679,-0.00101,0.39882,-0.00069,0.14283,0.16855
56.14,2,0.69882,-2.49220,-0.00437,0.42289,-0.00027,0.17155,0.05430
56.16,0,3.02310,-2.49830,-0.00115,0.49574,0.00000,0.00000,
56.16,1,1.87829,-2.49680,-0.00102,0.39509,-0.00068,0.14481,0.17847
56.16,2,0.70759,-2.49224,-0.00435,0.44922,0.00137,0.17071,0.06223
56.18,0,3.03302,-2.49831,-0.00115,0.49574,0.00000,0.00000,
56.18,1,1.88525,-2.49681,-0.00104,0.34734,-0.00078,0.14777,0.18838
56.18,2,0.71661,-2.49228,-0.00433,0.44836,0.00081,0.16864,0.06919
56.2,0,3.04293,-2.49833,-0.00115,0.49574,0.00000,0.00000,
56.2,1,1.89235,-2.49681,-0.00106,0.35823,-0.00045,0.15058,0.19830
56.2,2,0.72541,-2.49232,-0.00432,0.43256,0.00040,0.16695,0.07629
56.22,0,3.05285,-2.49834,-0.00115,0.49574,0.00000,0.00000,
56.22,1,1.89944,-2.49682,-0.00107,0.34977,-0.00055,0.15341,0.20821
56.22,2,0.73466,-2.49235,-0.00429,0.55681,0.00353,0.16479,0.00352
56.24,0,3.06276,-2.49835,-0.00115,0.49574,0.00000,0.00000,
56.24,1,1.90611,-2.49683,-0.00107,0.34597,-0.00057,0.15666,0.21813
56.24,2,0.74600,-2.49240,-0.00420,0.55718,0.00333,0.16011,0.01019
56.26,0,3.07267,-2.49836,-0.00115,0.49574,0.00000,0.00000,
56.26,1,1.91345,-2.49684,-0.00109,0.37534,-0.00067,0.15923,0.22804
56.26,2,0.75655,-2.49244,-0.00418,0.49602,-0.00026,0.15691,0.01753
56.28,0,3.08259,-2.49837,-0.00115,0.49574,0.00000,0.00000,
56.28,1,1.92081,-2.49684,-0.00110,0.35868,-0.00055,0.16178,0.23796
56.28,2,0.76589,-2.49248,-0.00418,0.45121,0.00027,0.15493,0.02489
56.3,0,3.09250,-2.49838,-0.00115,0.49574,0.00000,0.00000,
56.3,1,1.92777,-2.49685,-0.00111,0.34116,-0.00050,0.16474,0.24787
56.3,2,0.77305,-2.49252,-0.00429,0.34574,-0.03209,0.15472,0.03185
56.32,0,3.10242,-2.49839,-0.00115,0.49574,0.00000,0.00000,
56.32,1,1.93808,-2.49686,-0.00108,0.56915,0.00265,0.16434,0.00991
56.32,2,0.78108,-2.49255,-0.00445,0.46577,0.00206,0.15701,0.00564
56.34,0,3.11233,-2.49841,-0.00115,0.49574,0.00000,0.00000,
56.34,1,1.94856,-2.49687,-0.00104,0.55106,0.00054,0.16378,0.01983
56.34,2,0.78950,-2.49258,-0.00437,0.35486,0.00689,0.15906,0.01612
56.36,0,3.12225,-2.49842,-0.00115,0.49574,0.00000,0.00000,
56.36,1,1.96053,-2.49688,-0.00106,0.61618,-0.00142,0.16172,0.02974
56.36,2,0.79792,-2.49264,-0.00609,0.50885,-0.09147,0.16262,0.02809
56.38,0,3.13216,-2.49843,-0.00115,0.49574,0.00000,0.00000,
56.38,1,1.97253,-2.49690,-0.00108,0.57989,-0.00077,0.15964,0.03966
56.38,2,0.80969,-2.49270,-0.00670,0.62569,0.01346,0.16285,0.04009
56.4,0,3.14208,-2.49844,-0.00115,0.49574,0.00000,0.00000,
56.4,1,1.98298,-2.49691,-0.00110,0.47210,-0.00104,0.15910,0.04957
56.4,2,0.82169,-2.49277,-0.00612,0.58567,0.02722,0.16130,0.05054
56.42,0,3.15199,-2.49845,-0.00115,0.49574,0.00000,0.00000,
56.42,1,1.99270,-2.49692,-0.00111,0.49787,-0.00029,0.15930,0.05949
56.42,2,0.83372,-2.49284,-0.00586,0.63229,0.00400,0.15899,0.00493
56.44,0,3.16148,-2.49846,-0.00115,0.46268,-0.00018,0.00000,
56.44,1,2.00276,-2.49693,-0.00112,0.50287,-0.00031,0.15872,0.06898
56.44,2,0.84640,-2.49292,-0.00584,0.61645,0.00133,0.15637,0.01499
56.46,0,3.17086,-2.49847,-0.00115,0.47290,0.00011,0.00000,
56.46,1,2.01266,-2.49694,-0.00113,0.48724,-0.00047,0.15820,0.07835
56.46,2,0.85779,-2.49298,-0.00578,0.47793,-0.00014,0.15488,0.02489
56.48,0,3.18035,-2.49848,-0.00115,0.47457,0.00005,0.00000,
56.48,1,2.02210,-2.49695,-0.00113,0.48926,-0.00046,0.15825,0.08784
56.48,2,0.86750,-2.49305,-0.00573,0.49743,0.00468,0.15460,0.03433
56.5,0,3.18967,-2.49850,-0.00115,0.49194,-0.00005,0.00000,
56.5,1,2.03217,-2.49696,-0.00114,0.50680,-0.00050,0.15751,0.09717
56.5,2,0.87766,-2.49310,-0.00562,0.51206,0.00591,0.15451,0.04440
56.52,0,3.19984,-2.49851,-0.00115,0.51392,-0.00010,0.00000,
56.52,1,2.04215,-2.49697,-0.00113,0.44407,0.00095,0.15769,0.01017
56.52,2,0.88777,-2.49316,-0.00548,0.41910,0.01256,0.15439,0.00461
56.54,0,3.21001,-2.49852,-0.00115,0.50162,0.00001,0.00000,
56.54,1,2.05145,-2.49699,-0.00113,0.50095,-0.00033,0.15856,0.02033
56.54,2,0.89542,-2.49322,-0.00520,0.38258,0.01372,0.15603,0.01391
56.56,0,3.21991,-2.49853,-0.00115,0.49174,0.00003,0.00000,
56.56,1,2.06228,-2.49700,-0.00114,0.56244,-0.00070,0.15763,0.03024
56.56,2,0.90412,-2.49327,-0.00503,0.49324,0.00459,0.15817,0.02474
56.58,0,3.22974,-2.49854,-0.00115,0.49260,0.00000,0.00000,
56.58,1,2.07344,-2.49701,-0.00115,0.54688,-0.00041,0.15630,0.04007
56.58,2,0.91478,-2.49332,-0.00498,0.53094,0.00254,0.15867,0.03590
56.6,0,3.23963,-2.49855,-0.00115,0.49573,-0.00000,0.00000,
56.6,1,2.08402,-2.49702,-0.00116,0.51680,-0.00031,0.15561,0.04996
56.6,2,0.92603,-2.49338,-0.00493,0.57316,0.00276,0.15800,0.04648
56.62,0,3.24956,-2.49856,-0.00115,0.49634,0.00000,0.00000,
56.62,1,2.09821,-2.49703,-0.00116,0.78651,0.00036,0.15135,0.00993
56.62,2,0.93825,-2.49343,-0.00483,0.69374,0.01234,0.15996,0.00782
56.64,0,3.25948,-2.49858,-0.00115,0.49560,0.00000,0.00000,
56.64,1,2.11187,-2.49705,-0.00113,0.66784,0.00164,0.14761,0.01984
56.64,2,0.95204,-2.49349,-0.00454,0.68914,0.01455,0.15983,0.02148
56.66,0,3.26938,-2.49859,-0.00115,0.49522,0.00000,0.00000,
56.66,1,2.12483,-2.49706,-0.00111,0.57588,-0.00049,0.14456,0.02975
56.66,2,0.96609,-2.49355,-0.00434,0.72021,0.00546,0.15874,0.03444
56.68,0,3.27929,-2.49860,-0.00115,0.49533,0.00000,0.00000,
56.68,1,2.13414,-2.49707,-0.00113,0.46467,-0.00084,0.14514,0.03966
56.68,2,0.98163,-2.49362,-0.00430,0.81109,0.00014,0.15252,0.04376
56.7,0,3.28920,-2.49861,-0.00115,0.49547,0.00000,0.00000,
56.7,1,2.14375,-2.49708,-0.00114,0.48963,-0.00011,0.14544,0.04956
56.7,2,0.99801,-2.49369,-0.00428,0.81507,0.00221,0.14575,0.05337
56.72,0,3.29911,-2.49862,-0.00115,0.49548,0.00000,0.00000,
56.72,1,2.15490,-2.49709,-0.00113,0.56015,0.00104,0.14421,0.00991
56.72,2,1.01393,-2.49376,-0.00421,0.80488,0.00336,0.14097,0.06451
56.74,0,3.30901,-2.49863,-0.00115,0.49544,0.00000,0.00000,
56.74,1,2.16610,-2.49710,-0.00110,0.56013,0.00096,0.14292,0.01982
56.74,2,1.03019,-2.49383,-0.00416,0.81605,0.00239,0.13592,0.07571
56.76,0,3.31892,-2.49864,-0.00115,0.49542,0.00000,0.00000,
56.76,1,2.17726,-2.49711,-0.00110,0.55423,-0.00054,0.14167,0.02973
56.76,2,1.04635,-2.49390,-0.00411,0.78678,0.00230,0.13091,0.08687
56.78,0,3.32883,-2.49866,-0.00115,0.49543,0.00000,0.00000,
56.78,1,2.18686,-2.49713,-0.00113,0.48534,-0.00091,0.14197,0.03964
56.78,2,1.05994,-2.49396,-0.00408,0.62828,0.00227,0.12693,0.09648
56.8,0,3.33874,-2.49867,-0.00115,0.49544,0.00000,0.00000,
56.8,1,2.19675,-2.49714,-0.00114,0.49773,-0.00028,0.14200,0.04954
56.8,2,1.07250,-2.49403,-0.00405,0.62813,0.00092,0.12425,0.10636
56.82,0,3.34865,-2.49868,-0.00115,0.49544,0.00000,0.00000,
56.82,1,2.20899,-2.49715,-0.00113,0.63508,0.00075,0.13966,0.00991
56.82,2,1.08499,-2.49407,-0.00406,0.62012,-0.00071,0.12400,0.11861
56.84,0,3.35856,-2.49869,-0.00115,0.49544,0.00000,0.00000,
56.84,1,2.22140,-2.49716,-0.00111,0.56552,0.00147,0.13716,0.01982
56.84,2,1.09726,-2.49411,-0.00405,0.60722,0.00107,0.12415,0.13101
56.86,0,3.36847,-2.49870,-0.00115,0.49544,0.00000,0.00000,
56.86,1,2.23283,-2.49717,-0.00110,0.53331,-0.00089,0.13564,0.02973
56.86,2,1.10928,-2.49415,-0.00401,0.59674,0.00273,0.12356,0.14245
56.88,0,3.37838,-2.49871,-0.00115,0.49544,0.00000,0.00000,
56.88,1,2.24230,-2.49718,-0.00113,0.48699,-0.00107,0.13608,0.03963
56.88,2,1.12112,-2.49420,-0.00396,0.58861,0.00263,0.12118,0.15191
56.9,0,3.38828,-2.49872,-0.00115,0.49544,0.00000,0.00000,
56.9,1,2.25231,-2.49719,-0.00114,0.50527,-0.00017,0.13598,0.04954
56.9,2,1.13280,-2.49425,-0.00391,0.58033,0.00217,0.11951,0.16192
56.92,0,3.39819,-2.49874,-0.00115,0.49544,0.00000,0.00000,
56.92,1,2.26557,-2.49720,-0.00113,0.65723,0.00144,0.13262,0.00991
56.92,2,1.14490,-2.49429,-0.00383,0.63692,0.01030,0.12068,0.00709
56.94,0,3.40810,-2.49875,-0.00115,0.49544,0.00000,0.00000,
56.94,1,2.27830,-2.49722,-0.00110,0.63638,0.00166,0.12980,0.01982
56.94,2,1.15801,-2.49434,-0.00358,0.68797,0.00945,0.12030,0.01982
56.96,0,3.41801,-2.49876,-0.00115,0.49544,0.00000,0.00000,
56.96,1,2.29065,-2.49723,-0.00108,0.58999,-0.00030,0.12736,0.02973
56.96,2,1.17225,-2.49439,-0.00348,0.77294,0.00133,0.11840,0.03216
56.98,0,3.42792,-2.49877,-0.00115,0.49544,0.00000,0.00000,
56.98,1,2.30003,-2.49724,-0.00111,0.46343,-0.00086,0.12789,0.03963
56.98,2,1.18796,-2.49445,-0.00346,0.80698,0.00064,0.11207,0.04154
57.0,0,3.43783,-2.49878,-0.00115,0.49544,0.00000,0.00000,
57.0,1,2.30953,-2.49725,-0.00112,0.48235,-0.00027,0.12830,0.04954
57.0,2,1.20374,-2.49450,-0.00344,0.75356,0.00151,0.10579,0.05105
57.02,0,3.44774,-2.49879,-0.00115,0.49544,0.00000,0.00000,
57.02,1,2.32189,-2.49726,-0.00111,0.62181,0.00112,0.12585,0.00991
57.02,2,1.21654,-2.49455,-0.00345,0.55685,-0.00226,0.10535,0.06340
57.04,0,3.45765,-2.49880,-0.00115,0.49544,0.00000,0.00000,
57.04,1,2.33433,-2.49727,-0.00109,0.62181,0.00111,0.12332,0.01982
57.04,2,1.22773,-2.49460,-0.00349,0.56856,-0.00048,0.10660,0.07584
57.06,0,3.46755,-2.49881,-0.00115,0.49544,0.00000,0.00000,
57.06,1,2.34605,-2.49728,-0.00107,0.57941,-0.00033,0.12151,0.02973
57.06,2,1.23946,-2.49464,-0.00345,0.59710,0.00287,0.10659,0.08756
57.08,0,3.47746,-2.49883,-0.00115,0.49544,0.00000,0.00000,
57.08,1,2.35531,-2.49729,-0.00111,0.44029,-0.00171,0.12216,0.03963
57.08,2,1.25111,-2.49468,-0.00338,0.59370,0.00288,0.10420,0.09682
57.1,0,3.48737,-2.49884,-0.00115,0.49544,0.00000,0.00000,
57.1,1,2.36454,-2.49730,-0.00112,0.47377,-0.00021,0.12284,0.04954
57.1,2,1.26341,-2.49473,-0.00335,0.62125,0.00135,0.10113,0.10605
57.12,0,3.49728,-2.49885,-0.00115,0.49544,0.00000,0.00000,
57.12,1,2.37623,-2.49731,-0.00111,0.58450,0.00124,0.12105,0.00991
57.12,2,1.27560,-2.49477,-0.00332,0.59680,0.00164,0.10063,0.11775
57.14,0,3.50719,-2.49886,-0.00115,0.49544,0.00000,0.00000,
57.14,1,2.38792,-2.49733,-0.00109,0.58450,0.00124,0.11927,0.01982
57.14,2,1.28726,-2.49481,-0.00328,0.57440,0.00189,0.10066,0.12944
57.16,0,3.51710,-2.49887,-0.00115,0.49544,0.00000,0.00000,
57.16,1,2.39904,-2.49734,-0.00108,0.57058,-0.00049,0.11806,0.02973
57.16,2,1.29866,-2.49484,-0.00324,0.56794,0.00176,0.10038,0.14056
57.18,0,3.52701,-2.49888,-0.00115,0.49544,0.00000,0.00000,
57.18,1,2.40803,-2.49735,-0.00111,0.44573,-0.00146,0.11897,0.03963
57.18,2,1.30898,-2.49488,-0.00323,0.49469,0.00066,0.09906,0.14955
57.2,0,3.53691,-2.49889,-0.00115,0.49544,0.00000,0.00000,
57.2,1,2.41726,-2.49736,-0.00113,0.46826,-0.00019,0.11966,0.04954
57.2,2,1.31914,-2.49491,-0.00320,0.51570,0.00234,0.09812,0.15878
57.22,0,3.54682,-2.49891,-0.00115,0.49544,0.00000,0.00000,
57.22,1,2.42755,-2.49737,-0.00111,0.52274,0.00063,0.11927,0.00991
57.22,2,1.32930,-2.49495,-0.00313,0.50342,0.00564,0.09826,0.00523
57.24,0,3.55673,-2.49892,-0.00115,0.49544,0.00000,0.00000,
57.24,1,2.43779,-2.49738,-0.00110,0.51748,0.00016,0.11895,0.01982
57.24,2,1.34053,-2.49498,-0.00305,0.58504,0.00261,0.09726,0.01546
57.26,0,3.56664,-2.49893,-0.00115,0.49544,0.00000,0.00000,
57.26,1,2.44861,-2.49739,-0.00111,0.55052,-0.00090,0.11803,0.02973
57.26,2,1.35192,-2.49502,-0.00302,0.54857,0.00101,0.09669,0.02628
57.28,0,3.57655,-2.49894,-0.00115,0.49544,0.00000,0.00000,
57.28,1,2.45912,-2.49740,-0.00114,0.49242,-0.00112,0.11743,0.03963
57.28,2,1.36240,-2.49505,-0.00299,0.50881,0.00159,0.09673,0.03680
57.3,0,3.58646,-2.49895,-0.00115,0.49544,0.00000,0.00000,
57.3,1,2.46854,-2.49741,-0.00115,0.45400,-0.00064,0.11792,0.04954
57.3,2,1.37209,-2.49508,-0.00297,0.42964,0.00004,0.09645,0.04622
57.32,0,3.59637,-2.49896,-0.00115,0.49544,0.00000,0.00000,
57.32,1,2.48094,-2.49742,-0.00116,0.66761,-0.00000,0.11543,0.00991
57.32,2,1.38234,-2.49511,-0.00293,0.67081,0.00462,0.09861,0.00668
57.34,0,3.60628,-2.49897,-0.00115,0.49544,0.00000,0.00000,
57.34,1,2.49220,-2.49744,-0.00113,0.54396,0.00097,0.11408,0.01982
57.34,2,1.39464,-2.49514,-0.00280,0.54304,0.00817,0.09756,0.01794
57.36,0,3.61618,-2.49899,-0.00115,0.49544,0.00000,0.00000,
57.36,1,2.50266,-2.49745,-0.00114,0.43064,-0.00196,0.11352,0.02973
57.36,2,1.40558,-2.49517,-0.00265,0.56259,0.00582,0.09709,0.02840
57.38,0,3.62609,-2.49900,-0.00115,0.49544,0.00000,0.00000,
57.38,1,2.51087,-2.49746,-0.00118,0.41415,-0.00182,0.11522,0.03963
57.38,2,1.41728,-2.49520,-0.00262,0.59723,-0.00037,0.09360,0.03661
57.4,0,3.63600,-2.49901,-0.00115,0.49544,0.00000,0.00000,
57.4,1,2.51952,-2.49747,-0.00120,0.44764,-0.00026,0.11648,0.04954
57.4,2,1.42965,-2.49523,-0.00262,0.62373,0.00050,0.08987,0.04526
57.42,0,3.64591,-2.49902,-0.00115,0.49544,0.00000,0.00000,
57.42,1,2.53095,-2.49748,-0.00119,0.61674,0.00079,0.11496,0.00991
57.42,2,1.44205,-2.49527,-0.00259,0.63300,0.00209,0.08890,0.00617
57.44,0,3.65582,-2.49903,-0.00115,0.49544,0.00000,0.00000,
57.44,1,2.54258,-2.49749,-0.00116,0.54780,0.00153,0.11324,0.01982
57.44,2,1.45458,-2.49530,-0.00255,0.59164,0.00225,0.08800,0.01780
57.46,0,3.66573,-2.49904,-0.00115,0.49544,0.00000,0.00000,
57.46,1,2.55352,-2.49750,-0.00114,0.54475,0.00032,0.11221,0.02973
57.46,2,1.46634,-2.49533,-0.00252,0.58646,0.00092,0.08718,0.02874
57.48,0,3.67564,-2.49905,-0.00115,0.49544,0.00000,0.00000,
57.48,1,2.56314,-2.49751,-0.00116,0.42765,-0.00180,0.11250,0.03963
57.48,2,1.47802,-2.49536,-0.00250,0.58127,0.00081,0.08512,0.03836
57.5,0,3.68555,-2.49907,-0.00115,0.49544,0.00000,0.00000,
57.5,1,2.57207,-2.49752,-0.00118,0.46084,-0.00045,0.11347,0.04954
57.5,2,1.48955,-2.49539,-0.00249,0.57191,0.00105,0.08253,0.04729
57.52,0,3.69545,-2.49908,-0.00115,0.49544,0.00000,0.00000,
57.52,1,2.58409,-2.49753,-0.00117,0.60643,0.00138,0.11136,0.00991
57.52,2,1.50065,-2.49542,-0.00246,0.52439,0.00375,0.08344,0.00622
57.54,0,3.70536,-2.49909,-0.00115,0.49544,0.00000,0.00000,
57.54,1,2.59622,-2.49755,-0.00114,0.60643,0.00137,0.10914,0.01982
57.54,2,1.51115,-2.49544,-0.00239,0.52851,0.00331,0.08507,0.01835
57.56,0,3.71527,-2.49910,-0.00115,0.49544,0.00000,0.00000,
57.56,1,2.60763,-2.49756,-0.00112,0.57388,0.00008,0.10764,0.02973
57.56,2,1.52182,-2.49547,-0.00234,0.57395,0.00158,0.08581,0.02976
57.58,0,3.72518,-2.49911,-0.00115,0.49544,0.00000,0.00000,
57.58,1,2.61704,-2.49757,-0.00115,0.42589,-0.00184,0.10814,0.03963
57.58,2,1.53453,-2.49550,-0.00233,0.66091,0.00002,0.08251,0.03917
57.6,0,3.73509,-2.49912,-0.00115,0.49544,0.00000,0.00000,
57.6,1,2.62592,-2.49758,-0.00117,0.45637,-0.00022,0.10917,0.04954
57.6,2,1.54731,-2.49553,-0.00232,0.63304,0.00042,0.07861,0.04805
57.62,0,3.74500,-2.49913,-0.00115,0.49544,0.00000,0.00000,
57.62,1,2.63712,-2.49759,-0.00116,0.52790,0.00139,0.10788,0.00991
57.62,2,1.56007,-2.49556,-0.00231,0.67851,0.00146,0.07705,0.00554
57.64,0,3.75491,-2.49914,-0.00115,0.49544,0.00000,0.00000,
57.64,1,2.64767,-2.49760,-0.00113,0.52762,0.00079,0.10723,0.01982
57.64,2,1.57381,-2.49559,-0.00227,0.66620,0.00131,0.07387,0.01610
57.66,0,3.76467,-2.49916,-0.00115,0.45846,-0.00036,0.00000,
57.66,1,2.65817,-2.49761,-0.00114,0.52087,-0.00084,0.10650,0.02958
57.66,2,1.58621,-2.49562,-0.00226,0.58791,0.00071,0.07195,0.02659
57.68,0,3.77395,-2.49917,-0.00115,0.46931,0.00006,0.00000,
57.68,1,2.66793,-2.49762,-0.00116,0.43722,-0.00153,0.10602,0.03886
57.68,2,1.59740,-2.49564,-0.00225,0.48389,-0.00103,0.07053,0.03635
57.7,0,3.78341,-2.49918,-0.00115,0.47460,0.00010,0.00000,
57.7,1,2.67691,-2.49764,-0.00118,0.45904,-0.00033,0.10650,0.04832
57.7,2,1.60748,-2.49567,-0.00225,0.52383,0.00093,0.06943,0.04533
57.72,0,3.79266,-2.49919,-0.00115,0.46808,0.00012,0.00000,
57.72,1,2.68855,-2.49765,-0.00118,0.61163,0.00033,0.10411,0.00925
57.72,2,1.61821,-2.49569,-0.00222,0.53960,0.00122,0.07034,0.05698
57.74,0,3.80259,-2.49920,-0.00115,0.51131,-0.00012,0.00000,
57.74,1,2.69985,-2.49766,-0.00117,0.56431,-0.00055,0.10273,0.01917
57.74,2,1.62866,-2.49571,-0.00220,0.49471,0.00124,0.07119,0.06828
57.76,0,3.81282,-2.49921,-0.00115,0.50767,-0.00002,0.00000,
57.76,1,2.71075,-2.49768,-0.00119,0.52562,-0.00083,0.10207,0.02941
57.76,2,1.63911,-2.49574,-0.00219,0.53932,0.00042,0.07165,0.07917
57.78,0,3.82281,-2.49922,-0.00115,0.49398,0.00003,0.00000,
57.78,1,2.71913,-2.49769,-0.00123,0.37141,-0.00206,0.10368,0.03940
57.78,2,1.64993,-2.49576,-0.00218,0.53599,0.00057,0.06921,0.08756
57.8,0,3.83265,-2.49923,-0.00115,0.49123,0.00001,0.00000,
57.8,1,2.72683,-2.49770,-0.00125,0.40346,-0.00056,0.10581,0.04923
57.8,2,1.66039,-2.49578,-0.00216,0.51320,0.00072,0.06644,0.09526
57.82,0,3.84250,-2.49925,-0.00115,0.49448,-0.00000,0.00000,
57.82,1,2.73374,-2.49771,-0.00125,0.28776,0.00006,0.10876,0.00986
57.82,2,1.66962,-2.49581,-0.00213,0.35192,0.00354,0.06413,0.00288
57.84,0,3.85242,-2.49926,-0.00115,0.49618,0.00000,0.00000,
57.84,1,2.73986,-2.49772,-0.00125,0.34984,-0.00008,0.11256,0.01977
57.84,2,1.67480,-2.49583,-0.00207,0.24517,0.00324,0.06506,0.00899
57.86,0,3.86234,-2.49927,-0.00115,0.49570,0.00001,0.00000,
57.86,1,2.74807,-2.49773,-0.00125,0.48972,-0.00015,0.11427,0.02969
57.86,2,1.67901,-2.49584,-0.00203,0.21831,0.00097,0.06906,0.01720
57.88,0,3.87224,-2.49928,-0.00115,0.49507,0.00000,0.00000,
57.88,1,2.75844,-2.49775,-0.00126,0.53864,-0.00029,0.11381,0.03960
57.88,2,1.68377,-2.49585,-0.00201,0.22835,0.00141,0.07467,0.02757
57.9,0,3.88214,-2.49929,-0.00115,0.49504,0.00000,0.00000,
57.9,1,2.76921,-2.49776,-0.00126,0.52485,-0.00044,0.11294,0.04950
57.9,2,1.68954,-2.49586,-0.00199,0.34649,0.00073,0.07967,0.03834
57.92,0,3.89205,-2.49930,-0.00115,0.49522,0.00000,0.00000,
57.92,1,2.78271,-2.49777,-0.00126,0.70055,0.00113,0.10934,0.00990
57.92,2,1.69807,-2.49588,-0.00197,0.53787,0.00196,0.08465,0.00717
57.94,0,3.90195,-2.49931,-0.00115,0.49527,0.00000,0.00000,
57.94,1,2.79665,-2.49778,-0.00123,0.66841,0.00114,0.10530,0.01981
57.94,2,1.70882,-2.49589,-0.00193,0.53787,0.00195,0.08783,0.02111
57.96,0,3.91186,-2.49933,-0.00115,0.49524,0.00000,0.00000,
57.96,1,2.80896,-2.49780,-0.00123,0.53842,-0.00110,0.10290,0.02971
57.96,2,1.71840,-2.49591,-0.00187,0.46561,0.00313,0.09056,0.03342
57.98,0,3.92176,-2.49934,-0.00115,0.49521,0.00000,0.00000,
57.98,1,2.81717,-2.49781,-0.00128,0.39345,-0.00240,0.10459,0.03962
57.98,2,1.72873,-2.49592,-0.00185,0.54236,-0.00086,0.08844,0.04163
58.0,0,3.93167,-2.49935,-0.00115,0.49521,0.00000,0.00000,
58.0,1,2.82518,-2.49782,-0.00131,0.41537,-0.00091,0.10648,0.04952
58.0,2,1.74088,-2.49595,-0.00186,0.59984,0.00049,0.08431,0.04964
58.02,0,3.94157,-2.49936,-0.00115,0.49522,0.00000,0.00000,
58.02,1,2.83368,-2.49784,-0.00131,0.40229,0.00095,0.10789,0.05943
58.02,2,1.75358,-2.49597,-0.00185,0.66831,0.00011,0.08011,0.05814
58.04,0,3.95147,-2.49937,-0.00115,0.49523,0.00000,0.00000,
58.04,1,2.84277,-2.49785,-0.00130,0.48406,-0.00010,0.10871,0.06933
58.04,2,1.76693,-2.49600,-0.00185,0.65488,0.00009,0.07584,0.06723
58.06,0,3.96138,-2.49938,-0.00115,0.49522,0.00000,0.00000,
58.06,1,2.85246,-2.49786,-0.00131,0.47482,-0.00039,0.10892,0.07924
58.06,2,1.77955,-2.49602,-0.00185,0.61405,0.00025,0.07291,0.07692
58.08,0,3.97128,-2.49939,-0.00115,0.49522,0.00000,0.00000,
58.08,1,2.86157,-2.49788,-0.00132,0.44131,-0.00017,0.10972,0.08914
58.08,2,1.79163,-2.49604,-0.00184,0.59931,0.00023,0.06994,0.08603
58.1,0,3.98119,-2.49941,-0.00115,0.49522,0.00000,0.00000,
58.1,1,2.87024,-2.49789,-0.00132,0.43087,-0.00010,0.11095,0.09904
58.1,2,1.80360,-2.49606,-0.00184,0.59822,0.00018,0.06664,0.09470
58.12,0,3.99109,-2.49942,-0.00115,0.49522,0.00000,0.00000,
58.12,1,2.87938,-2.49790,-0.00129,0.42898,0.00196,0.11171,0.00990
58.12,2,1.81498,-2.49608,-0.00184,0.55222,-0.00017,0.06440,0.10384
58.14,0,4.00100,-2.49943,-0.00115,0.49522,0.00000,0.00000,
58.14,1,2.88833,-2.49791,-0.00127,0.47367,-0.00001,0.11267,0.01981
58.14,2,1.82612,-2.49611,-0.00184,0.55878,0.00042,0.06222,0.11279
58.16,0,4.01090,-2.49944,-0.00115,0.49522,0.00000,0.00000,
58.16,1,2.89832,-2.49792,-0.00128,0.51103,-0.00065,0.11258,0.02971
58.16,2,1.83723,-2.49613,-0.00183,0.55126,0.00028,0.06109,0.12278
58.18,0,4.02081,-2.49945,-0.00115,0.49522,0.00000,0.00000,
58.18,1,2.90842,-2.49793,-0.00129,0.49555,-0.00021,0.11239,0.03962
58.18,2,1.84811,-2.49615,-0.00183,0.53829,0.00013,0.06031,0.13288
58.2,0,4.03071,-2.49946,-0.00115,0.49522,0.00000,0.00000,
58.2,1,2.91807,-2.49795,-0.00130,0.47347,-0.00006,0.11264,0.04952
58.2,2,1.85877,-2.49617,-0.00182,0.52897,0.00015,0.05930,0.14253
58.22,0,4.04061,-2.49947,-0.00115,0.49522,0.00000,0.00000,
58.22,1,2.92744,-2.49796,-0.00130,0.46626,-0.00015,0.11318,0.05943
58.22,2,1.86825,-2.49618,-0.00182,0.42735,0.00170,0.05919,0.00467
58.24,0,4.05052,-2.49948,-0.00115,0.49522,0.00000,0.00000,
58.24,1,2.93674,-2.49797,-0.00130,0.46359,-0.00018,0.11378,0.06933
58.24,2,1.87680,-2.49620,-0.00179,0.42768,0.00160,0.05994,0.01397
58.26,0,4.06042,-2.49950,-0.00115,0.49522,0.00000,0.00000,
58.26,1,2.94595,-2.49798,-0.00130,0.45735,-0.00015,0.11448,0.07924
58.26,2,1.88405,-2.49622,-0.00178,0.36510,0.00005,0.06189,0.02318
58.28,0,4.07033,-2.49951,-0.00115,0.49522,0.00000,0.00000,
58.28,1,2.95500,-2.49800,-0.00131,0.44929,-0.00014,0.11532,0.08914
58.28,2,1.89123,-2.49623,-0.00177,0.35441,0.00102,0.06378,0.03224
58.3,0,4.08023,-2.49952,-0.00115,0.49522,0.00000,0.00000,
58.3,1,2.96391,-2.49801,-0.00131,0.44211,-0.00014,0.11632,0.09904
58.3,2,1.89966,-2.49625,-0.00177,0.45628,-0.00005,0.06425,0.04114
58.32,0,4.09014,-2.49953,-0.00115,0.49522,0.00000,0.00000,
58.32,1,2.97313,-2.49802,-0.00129,0.42769,0.00179,0.11700,0.00990
58.32,2,1.90861,-2.49626,-0.00176,0.43759,0.00011,0.06453,0.05037
58.34,0,4.10004,-2.49954,-0.00115,0.49522,0.00000,0.00000,
58.34,1,2.98206,-2.49803,-0.00127,0.47376,0.00000,0.11799,0.01981
58.34,2,1.91713,-2.49628,-0.00176,0.41653,0.00019,0.06492,0.05929
58.36,0,4.10995,-2.49955,-0.00115,0.49522,0.00000,0.00000,
58.36,1,2.99210,-2.49804,-0.00128,0.51592,-0.00060,0.11785,0.02971
58.36,2,1.92529,-2.49629,-0.00176,0.40323,0.00022,0.06681,0.06933
58.38,0,4.11985,-2.49956,-0.00115,0.49522,0.00000,0.00000,
58.38,1,3.00231,-2.49805,-0.00129,0.50079,-0.00020,0.11754,0.03962
58.38,2,1.93332,-2.49631,-0.00175,0.40021,0.00020,0.06900,0.07954
58.4,0,4.12975,-2.49958,-0.00115,0.49522,0.00000,0.00000,
58.4,1,3.01205,-2.49807,-0.00129,0.47728,-0.00006,0.11771,0.04952
58.4,2,1.94039,-2.49632,-0.00176,0.34973,-0.00007,0.07165,0.08928
58.42,0,4.13966,-2.49959,-0.00115,0.49522,0.00000,0.00000,
58.42,1,3.02149,-2.49808,-0.00129,0.46966,-0.00014,0.11817,0.05943
58.42,2,1.94784,-2.49633,-0.00175,0.35702,0.00215,0.07364,0.00470
58.44,0,4.14956,-2.49960,-0.00115,0.49522,0.00000,0.00000,
58.44,1,3.03086,-2.49809,-0.00129,0.46728,-0.00016,0.11871,0.06933
58.44,2,1.95412,-2.49635,-0.00170,0.32413,0.00140,0.07674,0.01407
58.46,0,4.15947,-2.49961,-0.00115,0.49522,0.00000,0.00000,
58.46,1,3.04014,-2.49810,-0.00130,0.46115,-0.00014,0.11933,0.07924
58.46,2,1.96172,-2.49636,-0.00170,0.42152,-0.00032,0.07843,0.02336
58.48,0,4.16937,-2.49962,-0.00115,0.49522,0.00000,0.00000,
58.48,1,3.04927,-2.49811,-0.00130,0.45296,-0.00013,0.12010,0.08914
58.48,2,1.97023,-2.49637,-0.00169,0.46546,-0.00010,0.07904,0.03249
58.5,0,4.17928,-2.49963,-0.00115,0.49522,0.00000,0.00000,
58.5,1,3.05825,-2.49813,-0.00130,0.44566,-0.00013,0.12103,0.09904
58.5,2,1.97966,-2.49639,-0.00169,0.47383,0.00009,0.07859,0.04147
58.52,0,4.18918,-2.49964,-0.00115,0.49522,0.00000,0.00000,
58.52,1,3.06709,-2.49814,-0.00130,0.43924,-0.00013,0.12209,0.10895
58.52,2,1.98893,-2.49640,-0.00169,0.45078,0.00012,0.07817,0.05031
58.54,0,4.19909,-2.49966,-0.00115,0.49522,0.00000,0.00000,
58.54,1,3.07581,-2.49815,-0.00131,0.43281,-0.00012,0.12328,0.11885
58.54,2,1.99766,-2.49642,-0.00169,0.42824,0.00015,0.07815,0.05902
58.56,0,4.20458,-2.49994,0.00786,0.15810,0.49552,0.00000,
58.56,1,3.08400,-2.49816,-0.00131,0.39696,-0.00031,0.12058,0.12435
58.56,2,2.00609,-2.49643,-0.00169,0.38815,-0.00042,0.07791,0.06722
58.58,0,4.20666,-2.50061,0.01655,0.07042,0.38874,0.00000,
58.58,1,3.09202,-2.49817,-0.00131,0.40292,0.00001,0.11464,0.12643
58.58,2,2.01345,-2.49645,-0.00169,0.37908,0.00013,0.07857,0.07524
58.6,0,4.20806,-2.50134,0.02435,0.05740,0.42030,0.00000,
58.6,1,3.10004,-2.49818,-0.00132,0.39767,-0.00005,0.10803,0.12784
58.6,2,2.02117,-2.49646,-0.00169,0.38764,0.00041,0.07886,0.08325
58.62,0,4.20871,-2.50132,0.04220,-0.04227,2.10637,0.00000,
58.62,1,3.10788,-2.49819,-0.00132,0.38810,-0.00012,0.10083,0.12849
58.62,2,2.02933,-2.49647,-0.00168,0.47164,0.00050,0.07855,0.00390
58.64,0,4.20864,-2.50116,0.09032,0.07020,2.03620,0.00000,
58.64,1,3.11557,-2.49820,-0.00132,0.38135,-0.00011,0.09308,0.12842
58.64,2,2.03871,-2.49649,-0.00166,0.48088,0.00037,0.07686,0.01158
58.66,0,4.21065,-2.50037,0.12378,0.11959,1.59262,0.00000,
58.66,1,3.12314,-2.49821,-0.00132,0.37651,-0.00009,0.08752,0.13042
58.66,2,2.04794,-2.49651,-0.00166,0.43582,-0.00018,0.07521,0.01915
58.68,0,4.21354,-2.49940,0.15649,0.18788,1.75804,0.00000,
58.68,1,3.13049,-2.49822,-0.00132,0.34177,-0.00043,0.08304,0.13330
58.68,2,2.05610,-2.49652,-0.00166,0.39237,0.00011,0.07440,0.02651
58.7,0,4.21810,-2.49856,0.19488,0.25965,1.99837,0.00000,
58.7,1,3.13740,-2.49823,-0.00133,0.34793,-0.00004,0.08071,0.13787
58.7,2,2.06269,-2.49653,-0.00168,0.29425,-0.00084,0.07471,0.03341
58.72,0,4.22334,-2.49754,0.23465,0.27154,1.96462,0.00000,
58.72,1,3.14436,-2.49824,-0.00133,0.34670,0.00001,0.07898,0.14312
58.72,2,2.06912,-2.49654,-0.00168,0.33948,0.00057,0.07524,0.04037
58.74,0,4.22901,-2.49619,0.27363,0.30218,1.93181,0.00000,
58.74,1,3.15121,-2.49825,-0.00133,0.33868,-0.00008,0.07780,0.14881
58.74,2,2.07566,-2.49656,-0.00166,0.30062,0.00109,0.07555,0.04722
58.76,0,4.23491,-2.49455,0.31197,0.30746,1.90955,0.00000,
58.76,1,3.15790,-2.49826,-0.00133,0.33185,-0.00009,0.07701,0.15475
58.76,2,2.08278,-2.49657,-0.00165,0.38772,-0.00020,0.07512,0.05392
58.78,0,4.24072,-2.49269,0.34999,0.31424,1.91259,0.00000,
58.78,1,3.16449,-2.49827,-0.00133,0.32738,-0.00007,0.07625,0.16063
58.78,2,2.09057,-2.49658,-0.00166,0.37996,-0.00005,0.07392,0.06050
58.8,0,4.24687,-2.49047,0.38848,0.33519,1.92964,0.00000,
58.8,1,3.17099,-2.49828,-0.00133,0.32305,-0.00006,0.07591,0.16688
58.8,2,2.09778,-2.49659,-0.00166,0.34674,0.00022,0.07321,0.06700
58.82,0,4.25320,-2.48790,0.42705,0.34562,1.92630,0.00000,
58.82,1,3.17965,-2.49826,0.00038,0.44911,0.10047,0.07360,0.00683
58.82,2,2.10550,-2.49661,-0.00164,0.48108,0.00232,0.07415,0.00465
58.84,0,4.25952,-2.48503,0.46516,0.36077,1.92387,0.00000,
58.84,1,3.18877,-2.49827,0.00062,0.44851,0.00837,0.07083,0.01377
58.84,2,2.11578,-2.49662,-0.00159,0.50861,0.00171,0.07299,0.01377
58.86,0,4.26618,-2.48172,0.50378,0.37803,1.93184,0.00000,
58.86,1,3.19695,-2.49825,0.00081,0.34798,0.01031,0.06935,0.02120
58.86,2,2.12485,-2.49664,-0.00157,0.46284,-0.00032,0.07211,0.02195
58.88,0,4.27279,-2.47809,0.54190,0.38102,1.89622,0.00000,
58.88,1,3.20226,-2.49823,0.00106,0.26835,0.01347,0.07072,0.02873
58.88,2,2.13435,-2.49665,-0.00159,0.47764,-0.00054,0.06791,0.02726
58.9,0,4.27959,-2.47402,0.58035,0.40568,1.93457,0.00000,
58.9,1,3.20806,-2.49821,0.00133,0.30227,0.01290,0.07180,0.03662
58.9,2,2.14284,-2.49667,-0.00160,0.39937,-0.00034,0.06522,0.03306
58.92,0,4.28650,-2.46953,0.61904,0.41519,1.93102,0.00000,
58.92,1,3.21345,-2.49823,0.00278,0.20640,0.01339,0.07342,0.00824
58.92,2,2.15095,-2.49668,-0.00159,0.40927,0.00051,0.06251,0.03846
58.94,0,4.29332,-2.46471,0.65756,0.41966,1.92297,0.00000,
58.94,1,3.21797,-2.49817,0.00389,0.27841,0.07998,0.07588,0.01659
58.94,2,2.15912,-2.49669,-0.00159,0.40615,0.00018,0.05885,0.04297
58.96,0,4.29998,-2.45957,0.69521,0.43429,1.91930,0.00000,
58.96,1,3.22512,-2.49817,0.00497,0.40623,0.03199,0.07555,0.02499
58.96,2,2.16713,-2.49671,-0.00159,0.39547,-0.00002,0.05799,0.05012
58.98,0,4.30683,-2.45388,0.73395,0.45117,1.94140,0.00000,
58.98,1,3.23372,-2.49816,0.00545,0.43284,0.02526,0.07403,0.03387
58.98,2,2.17494,-2.49672,-0.00159,0.38769,0.00004,0.05877,0.05872
59.0,0,4.31360,-2.44783,0.77264,0.45584,1.92817,0.00000,
59.0,1,3.24242,-2.49812,0.00611,0.42673,0.03830,0.07237,0.04293
59.0,2,2.18264,-2.49673,-0.00159,0.38290,0.00008,0.05977,0.06742
59.02,0,4.32019,-2.44147,0.81111,0.45876,1.92073,0.00000,
59.02,1,3.25059,-2.49807,0.00689,0.39548,0.03716,0.07109,0.05203
59.02,2,2.19084,-2.49674,-0.00156,0.48608,0.00386,0.05976,0.00401
59.04,0,4.32649,-2.43483,0.84863,0.46409,1.87963,0.00000,
59.04,1,3.25707,-2.49802,0.00767,0.31819,0.03546,0.07128,0.06112
59.04,2,2.20058,-2.49676,-0.00148,0.46295,0.00323,0.05649,0.01048
59.06,0,4.33281,-2.42767,0.88663,0.48597,1.81498,0.00000,
59.06,1,3.26377,-2.49797,0.00829,0.34501,0.02954,0.07135,0.07058
59.06,2,2.20982,-2.49677,-0.00146,0.45042,-0.00063,0.05395,0.01719
59.08,0,4.33900,-2.42015,0.91580,0.48352,1.19885,0.00000,
59.08,1,3.27066,-2.49791,0.00888,0.34001,0.02985,0.07117,0.08020
59.08,2,2.21714,-2.49679,-0.00149,0.31290,-0.00117,0.05353,0.02408
59.1,0,4.34479,-2.41266,0.93780,0.46470,1.09638,0.00000,
59.1,1,3.27711,-2.49785,0.00947,0.33884,0.03005,0.07107,0.08953
59.1,2,2.22375,-2.49680,-0.00148,0.34412,0.00107,0.05336,0.03053
59.12,0,4.35024,-2.40524,0.96092,0.45967,1.19285,0.00000,
59.12,1,3.28548,-2.49777,0.02234,0.40479,1.02580,0.06877,0.00921
59.12,2,2.23073,-2.49681,-0.00146,0.34850,0.00079,0.05475,0.03890
59.14,0,4.35557,-2.39764,0.98452,0.46804,1.15039,0.00000,
59.14,1,3.29424,-2.49759,0.03468,0.45815,0.21127,0.06602,0.01848
59.14,2,2.23726,-2.49682,-0.00145,0.33922,0.00037,0.05698,0.04766
59.16,0,4.36080,-2.38980,1.00657,0.47349,1.06860,0.00000,
59.16,1,3.30335,-2.49729,0.03385,0.45989,-0.10642,0.06290,0.02791
59.16,2,2.24464,-2.49683,-0.00145,0.38121,0.00010,0.05871,0.05677
59.18,0,4.36588,-2.38180,1.02747,0.47343,1.03095,0.00000,
59.18,1,3.31246,-2.49699,0.03368,0.44869,0.07991,0.05970,0.03738
59.18,2,2.25210,-2.49684,-0.00144,0.36165,0.00036,0.06036,0.06588
59.2,0,4.37078,-2.37370,1.04778,0.47329,1.00146,0.00000,
59.2,1,3.32122,-2.49669,0.03627,0.43147,0.14169,0.05674,0.04683
59.2,2,2.25906,-2.49685,-0.00143,0.33990,0.00041,0.06216,0.07465
59.22,0,4.37553,-2.36549,1.06740,0.47466,0.96306,0.00000,
59.22,1,3.33257,-2.49618,0.04630,0.63060,0.59464,0.05111,0.00948
59.22,2,2.26689,-2.49686,-0.00138,0.47533,0.01524,0.06568,0.00622
59.24,0,4.38012,-2.35717,1.08624,0.47623,0.92521,0.00000,
59.24,1,3.34374,-2.49574,0.05493,0.50770,0.23800,0.04560,0.01899
59.24,2,2.27605,-2.49685,-0.00137,0.46662,-0.00274,0.06770,0.01741
59.26,0,4.38457,-2.34873,1.10436,0.47733,0.89123,0.00000,
59.26,1,3.35327,-2.49523,0.05697,0.39469,0.09078,0.04166,0.02853
59.26,2,2.28540,-2.49687,-0.00133,0.46222,0.00409,0.06787,0.02694
59.28,0,4.38887,-2.34020,1.12183,0.47819,0.85825,0.00000,
59.28,1,3.35971,-2.49471,0.06022,0.31776,0.18767,0.04070,0.03808
59.28,2,2.29604,-2.49689,-0.00127,0.56930,0.00245,0.06367,0.03340
59.3,0,4.39303,-2.33157,1.13864,0.47905,0.82600,0.00000,
59.3,1,3.36642,-2.49419,0.06379,0.35845,0.14374,0.03941,0.04764
59.3,2,2.30738,-2.49691,-0.00121,0.55246,0.00392,0.05904,0.04013
59.32,0,4.39705,-2.32287,1.15481,0.47990,0.79466,0.00000,
59.32,1,3.37564,-2.49347,0.07268,0.45910,0.31643,0.03557,0.00959
59.32,2,2.31761,-2.49693,-0.00094,0.45234,0.03777,0.05803,0.00479
59.34,0,4.40094,-2.31408,1.17037,0.48069,0.76437,0.00000,
59.34,1,3.38492,-2.49269,0.07750,0.46594,0.24128,0.03159,0.01920
59.34,2,2.32507,-2.49693,-0.00015,0.32408,0.03080,0.05986,0.01411
59.36,0,4.40469,-2.30522,1.18534,0.48141,0.73525,0.00000,
59.36,1,3.39408,-2.49182,0.08122,0.45159,0.14052,0.02769,0.02882
59.36,2,2.33209,-2.49691,0.00055,0.37011,0.04504,0.06200,0.02331
59.38,0,4.40831,-2.29629,1.19973,0.48206,0.70727,0.00000,
59.38,1,3.40147,-2.49111,0.08472,0.36125,0.15349,0.02552,0.03845
59.38,2,2.33998,-2.49692,0.00109,0.38043,0.01010,0.06150,0.03073
59.4,0,4.41181,-2.28730,1.21358,0.48267,0.68054,0.00000,
59.4,1,3.40894,-2.49045,0.08748,0.38276,0.13673,0.02324,0.04809
59.4,2,2.34874,-2.49692,0.00111,0.48387,-0.00222,0.06021,0.03823
59.42,0,4.41519,-2.27825,1.22691,0.48328,0.65516,0.00000,
59.42,1,3.41787,-2.48954,0.09679,0.45817,0.33491,0.01946,0.00966
59.42,2,2.35844,-2.49691,0.00111,0.48039,0.00282,0.05946,0.04721
59.44,0,4.41845,-2.26915,1.23975,0.48387,0.63073,0.00000,
59.44,1,3.42708,-2.48860,0.10217,0.46057,0.25664,0.01538,0.01933
59.44,2,2.36783,-2.49690,0.00121,0.45788,0.00507,0.05928,0.05646
59.46,0,4.42160,-2.25999,1.25210,0.48439,0.60760,0.00000,
59.46,1,3.43595,-2.48767,0.10633,0.43266,0.17639,0.01160,0.02901
59.46,2,2.37674,-2.49689,0.00130,0.43831,0.00389,0.05925,0.06539
59.48,0,4.42464,-2.25078,1.26401,0.48484,0.58531,0.00000,
59.48,1,3.44330,-2.48676,0.11074,0.34035,0.22229,0.00931,0.03870
59.48,2,2.38545,-2.49688,0.00136,0.43404,0.00332,0.05790,0.07279
59.5,0,4.42757,-2.24153,1.27548,0.48526,0.56372,0.00000,
59.5,1,3.45041,-2.48588,0.11438,0.36948,0.16547,0.00725,0.04840
59.5,2,2.39300,-2.49686,0.00144,0.38492,0.00358,0.05746,0.07995
59.52,0,4.43040,-2.23225,1.28652,0.48565,0.54295,0.00000,
59.52,1,3.45776,-2.48501,0.11772,0.35352,0.15981,0.00495,0.05811
59.52,2,2.40006,-2.49686,0.00204,0.24780,0.09565,0.05777,0.00368
59.54,0,4.43312,-2.22292,1.29716,0.48601,0.52298,0.00000,
59.54,1,3.46485,-2.48415,0.12104,0.38146,0.18470,0.00289,0.06782
59.54,2,2.40365,-2.49686,0.00403,0.14597,0.08169,0.06127,0.01083
59.56,0,4.43575,-2.21356,1.30741,0.48635,0.50376,0.00000,
59.56,1,3.47263,-2.48320,0.12477,0.39130,0.18112,0.00016,0.07753
59.56,2,2.40676,-2.49691,0.00812,0.18507,0.04466,0.06596,0.01866
59.58,0,4.43828,-2.20416,1.31728,0.48666,0.48524,0.00000,
59.58,1,3.48015,-2.48226,0.12818,0.36878,0.16341,0.00233,0.08725
59.58,2,2.41147,-2.49692,0.00650,0.24583,-0.10691,0.06878,0.02625
59.6,0,4.44073,-2.19474,1.32679,0.48695,0.46743,0.00000,
59.6,1,3.48730,-2.48134,0.13137,0.35579,0.15709,0.00443,0.09698
59.6,2,2.41757,-2.49690,0.00542,0.33950,-0.02505,0.06984,0.03345
59.62,0,4.44308,-2.18528,1.33595,0.48722,0.45065,0.00000,
59.62,1,3.49433,-2.48041,0.13448,0.35416,0.15423,0.00641,0.10670
59.62,2,2.42440,-2.49689,0.00524,0.34269,0.00692,0.07006,0.04054
59.64,0,4.44535,-2.17580,1.34478,0.48748,0.43413,0.00000,
59.64,1,3.50078,-2.47949,0.13813,0.30664,0.18442,0.00781,0.11643
59.64,2,2.43117,-2.49685,0.00557,0.34394,0.01935,0.06975,0.04705
59.66,0,4.44753,-2.16630,1.35328,0.48771,0.41774,0.00000,
59.66,1,3.50701,-2.47859,0.14099,0.31946,0.12172,0.00899,0.12616
59.66,2,2.43811,-2.49681,0.00588,0.34584,0.01217,0.06906,0.05335
59.68,0,4.44964,-2.15677,1.36146,0.48792,0.40199,0.00000,
59.68,1,3.51331,-2.47768,0.14342,0.31458,0.12657,0.01020,0.13590
59.68,2,2.44490,-2.49677,0.00608,0.33472,0.00904,0.06857,0.05971
59.7,0,4.45167,-2.14722,1.36934,0.48811,0.38693,0.00000,
59.7,1,3.51942,-2.47680,0.14608,0.30454,0.13537,0.01121,0.14564
59.7,2,2.45150,-2.49673,0.00627,0.32662,0.01019,0.06811,0.06589
59.72,0,4.45362,-2.13766,1.37692,0.48830,0.37243,0.00000,
59.72,1,3.52748,-2.47571,0.15032,0.42630,0.02715,0.01409,0.00976
59.72,2,2.45876,-2.49668,0.00686,0.43077,0.09915,0.06892,0.00440
59.74,0,4.45550,-2.12807,1.38421,0.48847,0.35845,0.00000,
59.74,1,3.53560,-2.47450,0.15079,0.40119,0.08057,0.01702,0.01953
59.74,2,2.46762,-2.49662,0.00941,0.43982,0.10084,0.06820,0.01260
59.76,0,4.45732,-2.11847,1.39123,0.48862,0.34499,0.00000,
59.76,1,3.54364,-2.47323,0.15640,0.40919,0.41787,0.01987,0.02930
59.76,2,2.47597,-2.49655,0.01019,0.38113,0.00001,0.06793,0.02075
59.78,0,4.45906,-2.10885,1.39799,0.48877,0.33205,0.00000,
59.78,1,3.55099,-2.47198,0.16681,0.32523,0.56882,0.02201,0.03908
59.78,2,2.48396,-2.49647,0.01010,0.41439,0.00220,0.06731,0.02820
59.8,0,4.46074,-2.09922,1.40449,0.48890,0.31960,0.00000,
59.8,1,3.55765,-2.47079,0.17515,0.34727,0.32249,0.02345,0.04885
59.8,2,2.49238,-2.49638,0.01041,0.42065,0.02322,0.06558,0.03496
59.82,0,4.46236,-2.08958,1.41075,0.48903,0.30761,0.00000,
59.82,1,3.56627,-2.46919,0.19151,0.47999,0.99785,0.02682,0.00978
59.82,2,2.50169,-2.49630,0.01121,0.60033,0.07579,0.06492,0.00474
59.84,0,4.46392,-2.07992,1.41677,0.48914,0.29607,0.00000,
59.84,1,3.57442,-2.46754,0.20487,0.41641,0.41862,0.02971,0.01956
59.84,2,2.51378,-2.49619,0.01176,0.57904,-0.00476,0.06103,0.01306
59.86,0,4.46542,-2.07025,1.42257,0.48925,0.28496,0.00000,
59.86,1,3.58261,-2.46585,0.21071,0.41219,0.26659,0.03260,0.02934
59.86,2,2.52501,-2.49607,0.01179,0.52636,0.01301,0.05803,0.02141
59.88,0,4.46687,-2.06057,1.42815,0.48935,0.27427,0.00000,
59.88,1,3.58948,-2.46421,0.21881,0.29886,0.49094,0.03422,0.03913
59.88,2,2.53403,-2.49596,0.01234,0.34112,0.04272,0.05593,0.02848
59.9,0,4.46826,-2.05089,1.43353,0.48944,0.26398,0.00000,
59.9,1,3.59561,-2.46273,0.22635,0.32658,0.31489,0.03505,0.04892
59.9,2,2.54028,-2.49583,0.01371,0.32792,0.13396,0.05585,0.03478
59.92,0,4.46959,-2.04129,1.43888,0.48903,0.26123,0.00000,
59.92,1,3.60203,-2.46121,0.23252,0.32843,0.31862,0.03616,0.05860
59.92,2,2.54591,-2.49571,0.01685,0.11509,0.20904,0.05668,0.00330
59.94,0,4.47091,-2.03134,1.44379,0.50914,0.23693,0.00000,
59.94,1,3.60808,-2.45976,0.23869,0.32226,0.33281,0.03666,0.06865
59.94,2,2.54823,-2.49553,0.02187,0.10779,0.34353,0.06045,0.00952
59.96,0,4.47220,-2.02124,1.44848,0.50672,0.23329,0.00000,
59.96,1,3.61473,-2.45813,0.24571,0.34976,0.35010,0.03764,0.07882
59.96,2,2.55135,-2.49538,0.02656,0.23190,0.07787,0.06403,0.01636
59.98,0,4.47343,-2.01126,1.45309,0.50023,0.22798,0.00000,
59.98,1,3.62138,-2.45647,0.25235,0.33408,0.31699,0.03864,0.08888
59.98,2,2.55633,-2.49526,0.02586,0.24633,-0.06509,0.06575,0.02322
